source_image,spot_id,Epithelial,Dead Cells,Connective/Soft tissue cells,Inflammatory,Neoplastic cells
batch_00000_patch.tiff,patch_0,18.140697,10.153384,24.815327,8.225823,-4.319584
batch_00000_patch.tiff,patch_1,14.834793,9.998136,27.76283,7.671786,-3.4925373
batch_00000_patch.tiff,patch_2,8.174993,9.998927,9.847786,7.4328327,-7.2857485
batch_00000_patch.tiff,patch_3,8.157354,10.355969,11.249154,7.980623,-5.683885
batch_00000_patch.tiff,patch_4,1.5427847,11.133228,0.67984307,1.880958,-14.778283
batch_00000_patch.tiff,patch_5,9.173253,10.901625,5.888374,4.5182543,-12.653089
batch_00000_patch.tiff,patch_6,1.9850556,14.203786,5.2082267,3.7587037,-11.478707
batch_00000_patch.tiff,patch_7,4.9224133,19.264795,11.637933,4.997262,-9.227218
batch_00000_patch.tiff,patch_8,6.5697823,8.329088,2.2501013,4.729563,-11.184791
batch_00000_patch.tiff,patch_9,0.92183715,9.326184,2.5301578,5.928861,-12.287827
batch_00000_patch.tiff,patch_10,5.796604,7.91236,7.508918,3.1466591,-9.325582
batch_00000_patch.tiff,patch_11,2.4181232,5.7458124,5.142077,4.3659525,-10.819873
batch_00000_patch.tiff,patch_12,13.436873,13.379458,17.11402,8.114404,-4.9269648
batch_00000_patch.tiff,patch_13,20.111319,8.259635,27.281675,5.469155,-6.169673
batch_00000_patch.tiff,patch_14,6.5529137,9.040113,10.160985,8.220984,-1.5217192
batch_00000_patch.tiff,patch_15,10.145802,13.32323,6.4869595,3.2979763,-14.699991
batch_00000_patch.tiff,patch_16,8.459545,10.011151,3.0316048,1.2214583,-13.926997
batch_00000_patch.tiff,patch_17,5.513626,10.506688,2.7853017,3.9102318,-12.591331
batch_00000_patch.tiff,patch_18,8.734387,13.77121,7.206951,12.106889,-8.583255
batch_00000_patch.tiff,patch_19,6.534029,14.711815,6.3303256,5.0255833,-10.97649
batch_00000_patch.tiff,patch_20,10.065239,14.566009,8.476692,3.2106638,-11.696946
batch_00000_patch.tiff,patch_21,8.294076,10.516903,7.3318467,3.9473982,-10.398459
batch_00000_patch.tiff,patch_22,3.7873378,8.152431,3.4075212,3.6320343,-13.176754
batch_00000_patch.tiff,patch_23,14.628155,9.640332,16.08176,6.214185,-5.564588
batch_00000_patch.tiff,patch_24,21.556103,12.610876,21.201275,12.579833,-3.6716359
batch_00000_patch.tiff,patch_25,7.0886984,11.108531,9.533981,7.891874,-6.5301914
batch_00000_patch.tiff,patch_26,10.183218,8.098412,7.3841414,9.502791,-8.805328
batch_00000_patch.tiff,patch_27,5.9191937,9.26429,4.396913,0.88796353,-11.719654
batch_00000_patch.tiff,patch_28,6.6695404,11.318461,5.590382,2.1816218,-12.511922
batch_00000_patch.tiff,patch_29,15.297344,14.0067835,17.072147,7.1242375,-9.620799
batch_00000_patch.tiff,patch_30,10.347626,8.42113,13.457689,8.052574,-9.816607
batch_00000_patch.tiff,patch_31,5.8975368,18.991531,7.108818,6.1546636,-11.338774
batch_00000_patch.tiff,patch_32,6.5848217,13.821072,9.164039,8.378821,-10.218072
batch_00000_patch.tiff,patch_33,5.1789227,9.523439,5.3022165,5.952114,-12.661422
batch_00000_patch.tiff,patch_34,5.592532,9.013906,1.0400764,3.9079735,-13.201785
batch_00000_patch.tiff,patch_35,14.69896,7.0575085,23.23168,5.4616694,-8.117111
batch_00000_patch.tiff,patch_36,14.261679,10.427331,15.965133,15.767126,-10.826545
batch_00000_patch.tiff,patch_37,4.9485464,8.29151,9.274844,2.5262563,-9.348229
batch_00000_patch.tiff,patch_38,6.384318,13.754142,11.797429,6.4648185,-10.028056
batch_00000_patch.tiff,patch_39,4.8701906,12.322731,3.6395316,2.3226223,-13.360638
batch_00000_patch.tiff,patch_40,6.011322,10.674641,4.9142337,2.7169623,-11.149367
batch_00000_patch.tiff,patch_41,8.838632,9.853067,11.841903,9.008007,-7.9755125
batch_00000_patch.tiff,patch_42,15.0538435,8.375685,22.942886,7.808722,-8.2406435
batch_00000_patch.tiff,patch_43,5.613255,8.158859,5.6771827,7.346977,-7.830028
batch_00000_patch.tiff,patch_44,5.3302455,8.784839,3.1928787,2.6599936,-13.495342
batch_00000_patch.tiff,patch_45,5.878774,9.516858,3.086934,3.08171,-10.138266
batch_00000_patch.tiff,patch_46,15.539696,8.260042,24.315178,7.7968326,-6.277011
batch_00000_patch.tiff,patch_47,9.62484,10.119173,22.270985,8.94609,-10.12679
batch_00000_patch.tiff,patch_48,2.5753918,12.120349,7.297273,9.910524,-8.082901
batch_00000_patch.tiff,patch_49,1.9061496,10.694316,8.452211,5.4621587,-8.165343
batch_00000_patch.tiff,patch_50,6.6498094,9.755731,-0.2058662,1.331755,-17.42356
batch_00000_patch.tiff,patch_51,4.8980417,14.137179,3.4258046,0.6608223,-14.2603035
batch_00000_patch.tiff,patch_52,12.851065,20.841808,8.187719,16.622612,-6.3499837
batch_00000_patch.tiff,patch_53,4.9119277,5.6344023,6.1665874,7.3018813,-8.405356
batch_00000_patch.tiff,patch_54,1.9198407,7.267571,3.706857,7.405137,-10.373245
batch_00000_patch.tiff,patch_55,5.162929,7.511267,2.6311789,4.9975414,-8.508332
batch_00000_patch.tiff,patch_56,17.24347,10.112608,21.306837,8.926925,-5.1316752
batch_00000_patch.tiff,patch_57,16.95407,7.56263,26.44173,6.9269695,-6.7246413
batch_00000_patch.tiff,patch_58,6.503248,10.029551,10.046773,9.804786,-5.691955
batch_00000_patch.tiff,patch_59,4.3289623,7.8150864,9.45973,4.861833,-4.7759533
batch_00000_patch.tiff,patch_60,10.111181,8.387824,-0.024359811,3.5096972,-12.663783
batch_00000_patch.tiff,patch_61,8.776463,11.858115,0.53551966,0.66348034,-15.172667
batch_00000_patch.tiff,patch_62,5.1092787,9.74453,12.378252,7.143694,-3.2565293
batch_00000_patch.tiff,patch_63,6.728338,7.769702,9.379367,10.653625,-6.259805
batch_00000_patch.tiff,patch_64,6.019804,4.5872736,10.168842,6.348305,-6.6847324
batch_00000_patch.tiff,patch_65,5.984223,7.663218,7.418561,3.8450387,-6.8176727
batch_00000_patch.tiff,patch_66,19.034847,10.767401,17.772934,11.850856,-5.1877213
batch_00000_patch.tiff,patch_67,10.290603,11.882935,11.636457,10.084205,-10.862839
batch_00000_patch.tiff,patch_68,6.365414,10.873995,10.070186,5.6792808,-11.230541
batch_00000_patch.tiff,patch_69,6.6181498,9.53404,6.9552593,4.109045,-12.338233
batch_00000_patch.tiff,patch_70,4.908649,11.429874,5.0786996,1.2508359,-13.105935
batch_00000_patch.tiff,patch_71,7.6558075,12.666859,2.3679981,3.8554633,-11.590039
batch_00000_patch.tiff,patch_72,7.4094567,10.793969,13.255643,10.2988405,-2.5220397
batch_00000_patch.tiff,patch_73,9.745351,12.320691,1.1430246,13.718919,-11.857506
batch_00000_patch.tiff,patch_74,6.690677,10.323566,4.956569,3.1834362,-13.050255
batch_00000_patch.tiff,patch_75,8.556629,7.7739387,4.7798605,3.629481,-12.54633
batch_00000_patch.tiff,patch_76,12.275548,15.306167,13.485451,7.8677316,-8.445225
batch_00000_patch.tiff,patch_77,15.892288,9.537712,22.34603,10.121827,-9.783335
batch_00000_patch.tiff,patch_78,5.7791767,12.281888,3.8329759,1.4042065,-12.248251
batch_00000_patch.tiff,patch_79,7.749643,14.81532,2.651607,2.968983,-9.107597
batch_00000_patch.tiff,patch_80,7.5706763,12.162595,9.339341,5.3520236,-8.446267
batch_00000_patch.tiff,patch_81,7.2786217,5.1562724,6.581402,6.989072,-7.0681853
batch_00000_patch.tiff,patch_82,6.122789,8.521773,7.1416903,9.670416,-4.761216
batch_00000_patch.tiff,patch_83,7.3160586,8.393773,5.490008,7.494659,-6.627528
batch_00000_patch.tiff,patch_84,6.2766485,10.961183,3.9811196,5.269461,-12.788548
batch_00000_patch.tiff,patch_85,7.295161,9.475689,4.993155,3.9489853,-11.670942
batch_00000_patch.tiff,patch_86,12.324501,3.3986752,8.606631,11.40976,-6.0725026
batch_00000_patch.tiff,patch_87,5.174617,9.625407,5.4267116,8.951835,-10.7477
batch_00000_patch.tiff,patch_88,4.8266206,11.110228,1.4708568,3.9125655,-14.494632
batch_00000_patch.tiff,patch_89,9.066492,10.35613,3.2932472,3.8692586,-6.329226
batch_00000_patch.tiff,patch_90,3.442027,10.724055,0.28851992,3.1383939,-12.543549
batch_00000_patch.tiff,patch_91,7.120097,7.375621,12.127514,8.43373,-4.712443
batch_00000_patch.tiff,patch_92,6.9876294,7.7930818,7.9327426,10.561302,-6.490506
batch_00000_patch.tiff,patch_93,6.966766,6.8316174,11.434846,9.177283,-2.2810364
batch_00000_patch.tiff,patch_94,17.065771,10.469454,20.957413,7.0568776,-6.9817553
batch_00000_patch.tiff,patch_95,12.832007,7.949255,16.974266,7.391905,-8.428037
batch_00000_patch.tiff,patch_96,2.80869,6.8595643,4.172599,5.985966,-11.132248
batch_00000_patch.tiff,patch_97,4.6922965,9.251499,2.8164535,2.4320064,-12.5293045
batch_00000_patch.tiff,patch_98,11.596696,7.654213,8.900959,10.1094,-5.9995036
batch_00000_patch.tiff,patch_99,6.605841,9.060371,11.756884,7.123439,-8.097615
batch_00000_patch.tiff,patch_100,4.874064,8.759757,1.6329519,1.3128036,-11.8454685
batch_00000_patch.tiff,patch_101,3.0713818,10.661877,1.7641963,2.3851748,-10.888725
batch_00000_patch.tiff,patch_102,7.439914,11.583027,8.114243,1.7235055,-8.302738
batch_00000_patch.tiff,patch_103,6.408937,6.059614,12.309858,7.3525624,-5.7757893
batch_00000_patch.tiff,patch_104,6.1361647,7.2430673,12.605459,7.017844,-6.278067
batch_00000_patch.tiff,patch_105,8.838108,3.270861,9.236463,6.5304337,-6.739335
batch_00000_patch.tiff,patch_106,14.843707,9.4012165,18.182781,7.2847524,-8.64729
batch_00000_patch.tiff,patch_107,14.549153,8.613657,13.387426,6.294229,-8.43693
batch_00000_patch.tiff,patch_108,4.7431,11.449061,1.9344615,3.335598,-13.722384
batch_00000_patch.tiff,patch_109,2.6639729,6.1005106,2.8033118,4.203097,-13.528055
batch_00000_patch.tiff,patch_110,9.014576,13.798599,14.321833,8.583889,-2.7826872
batch_00000_patch.tiff,patch_111,11.310704,12.985451,13.111164,9.635203,-2.2100463
batch_00000_patch.tiff,patch_112,4.816286,11.725152,3.529305,0.85533905,-12.781519
batch_00000_patch.tiff,patch_113,7.9613066,11.935472,5.6914554,2.1515124,-13.257355
batch_00000_patch.tiff,patch_114,8.666506,6.611877,7.3238945,5.241008,-9.785583
batch_00000_patch.tiff,patch_115,5.6675663,9.63953,5.042948,2.4561813,-11.65732
batch_00000_patch.tiff,patch_116,5.5077443,13.525764,0.84588814,6.510365,-12.840148
batch_00000_patch.tiff,patch_117,3.6415472,11.871576,0.458026,1.1872028,-12.081089
batch_00000_patch.tiff,patch_118,10.502414,20.092411,9.753641,9.301734,-8.678746
batch_00000_patch.tiff,patch_119,6.08721,8.204127,3.538466,3.9630027,-8.217113
batch_00000_patch.tiff,patch_120,5.5582523,6.954522,2.761322,3.852915,-9.348992
batch_00000_patch.tiff,patch_121,7.372318,9.245512,13.763166,0.37231955,-0.6173509
batch_00000_patch.tiff,patch_122,9.88488,9.086239,11.286545,9.1052065,-4.8689337
batch_00000_patch.tiff,patch_123,8.603372,12.48874,3.5473425,7.3479996,-11.575185
batch_00000_patch.tiff,patch_124,6.7279067,11.534573,4.3652825,6.8574924,-13.464471
batch_00000_patch.tiff,patch_125,5.925709,13.609372,4.471866,0.8194994,-12.487119
batch_00000_patch.tiff,patch_126,5.2600937,10.256215,3.6957757,2.149045,-12.938884
batch_00000_patch.tiff,patch_127,5.429322,16.092817,2.7432783,5.369429,-12.800829
batch_00000_patch.tiff,patch_128,13.361752,20.193302,6.7748966,8.080556,-10.562514
batch_00000_patch.tiff,patch_129,4.966962,8.367141,2.5199516,1.8175979,-14.707193
batch_00000_patch.tiff,patch_130,6.831668,8.567589,5.0602293,2.2499025,-9.0375805
batch_00000_patch.tiff,patch_131,8.535438,15.597903,19.75763,7.254314,-7.0548515
batch_00000_patch.tiff,patch_132,12.019898,10.452873,11.864701,13.490577,-11.535363
batch_00000_patch.tiff,patch_133,17.719313,9.794981,21.903399,9.013186,-10.776943
batch_00000_patch.tiff,patch_134,5.724159,7.189639,10.202575,8.646006,-3.895876
batch_00000_patch.tiff,patch_135,6.3826604,6.660238,13.044704,8.623991,-5.952801
batch_00000_patch.tiff,patch_136,9.708521,9.391311,3.352252,3.7230537,-14.663371
batch_00000_patch.tiff,patch_137,10.080148,9.053112,5.642686,4.118289,-12.5099325
batch_00000_patch.tiff,patch_138,3.7407484,7.792649,2.4612675,4.0765305,-12.644172
batch_00000_patch.tiff,patch_139,7.8862944,5.2148485,2.5161917,3.466778,-10.651844
batch_00000_patch.tiff,patch_140,5.970764,9.430245,8.975823,5.737859,-11.6162405
batch_00000_patch.tiff,patch_141,8.680523,15.249135,14.715694,5.206934,-11.014994
batch_00000_patch.tiff,patch_142,16.123825,8.289775,17.439932,10.213374,-6.4098015
batch_00000_patch.tiff,patch_143,17.637249,10.496745,23.388355,7.0423846,-8.42579
batch_00000_patch.tiff,patch_144,5.7560325,9.668084,14.439359,10.338869,-1.2658572
batch_00000_patch.tiff,patch_145,5.937923,6.2300477,12.399235,8.932542,-3.5838537
batch_00000_patch.tiff,patch_146,6.1909046,13.407275,0.9514453,6.9881625,-11.600137
batch_00000_patch.tiff,patch_147,1.5548065,9.075092,1.6388782,6.7376766,-12.190041
batch_00000_patch.tiff,patch_148,8.646054,10.200921,6.7998385,8.242259,-11.886165
batch_00000_patch.tiff,patch_149,10.287345,6.6604505,6.8439837,5.519941,-9.735856
batch_00000_patch.tiff,patch_150,15.891103,8.444059,19.607193,4.1740365,-5.1210885
batch_00000_patch.tiff,patch_151,9.529911,13.350172,20.38496,2.9829879,-10.770392
batch_00000_patch.tiff,patch_152,6.0813684,10.41969,6.2624893,4.1806335,-9.995259
batch_00000_patch.tiff,patch_153,5.818137,10.288638,3.6507056,0.9111818,-15.203436
batch_00000_patch.tiff,patch_154,6.576664,9.177621,3.3037608,1.3132824,-9.913196
batch_00000_patch.tiff,patch_155,4.4961987,4.37123,7.202515,6.023357,-6.980783
batch_00000_patch.tiff,patch_156,10.76768,6.745465,1.6844902,6.682917,-7.3314404
batch_00000_patch.tiff,patch_157,7.330259,12.547441,8.06093,3.0748315,-12.251958
batch_00000_patch.tiff,patch_158,9.723748,9.00303,8.026295,8.097657,-11.149384
batch_00000_patch.tiff,patch_159,21.569326,10.867202,17.853539,11.81896,-5.6426644
batch_00000_patch.tiff,patch_160,18.820917,9.296273,21.968163,7.7471156,-8.260248
batch_00050_patch.tiff,patch_0,5.019956,8.887742,1.8484132,4.158575,-11.7459345
batch_00050_patch.tiff,patch_1,6.747668,7.702155,4.340924,4.372364,-10.118548
batch_00050_patch.tiff,patch_2,15.540623,14.541921,16.331404,10.171155,-7.950261
batch_00050_patch.tiff,patch_3,11.415013,14.029265,18.022781,8.254345,-10.989089
batch_00050_patch.tiff,patch_4,4.8682547,5.892902,2.866,5.2920814,-6.5758305
batch_00050_patch.tiff,patch_5,6.6503863,9.973697,2.732559,6.3813634,-12.916817
batch_00050_patch.tiff,patch_6,8.447668,14.2810545,9.548888,1.0086786,-14.212824
batch_00050_patch.tiff,patch_7,8.11802,17.913279,11.929649,3.657584,-12.483433
batch_00050_patch.tiff,patch_8,8.797496,12.069663,8.3984995,3.0111668,-13.874057
batch_00050_patch.tiff,patch_9,8.221436,10.218199,7.550373,3.3728302,-11.686949
batch_00050_patch.tiff,patch_10,7.214301,11.165531,12.973239,4.3849635,-9.384332
batch_00050_patch.tiff,patch_11,11.752922,12.79899,13.685825,3.5314796,-13.103656
batch_00050_patch.tiff,patch_12,9.122111,8.457519,6.613431,4.4628396,-11.094328
batch_00050_patch.tiff,patch_13,5.672926,9.135581,1.2266207,2.887421,-13.38757
batch_00050_patch.tiff,patch_14,4.3253975,10.20632,3.9917161,3.7590728,-14.300338
batch_00050_patch.tiff,patch_15,13.331742,10.885914,24.475212,13.7219715,-6.7965493
batch_00050_patch.tiff,patch_16,12.548325,12.209233,14.174653,6.2371616,-7.6810226
batch_00050_patch.tiff,patch_17,4.7263265,6.047011,1.4635057,5.3012776,-14.690757
batch_00050_patch.tiff,patch_18,4.5035577,9.861417,2.369408,5.4654627,-13.0772505
batch_00050_patch.tiff,patch_19,9.453717,18.179155,16.112577,5.2974343,-9.900563
batch_00050_patch.tiff,patch_20,7.363821,16.80686,10.946266,2.76277,-13.099132
batch_00050_patch.tiff,patch_21,7.0969844,14.830247,6.7871823,6.97489,-14.171095
batch_00050_patch.tiff,patch_22,6.540343,13.057428,10.728128,6.509156,-11.289449
batch_00050_patch.tiff,patch_23,12.692003,12.069571,13.830074,5.134844,-12.733056
batch_00050_patch.tiff,patch_24,7.869927,11.752601,9.772037,5.168679,-12.502909
batch_00050_patch.tiff,patch_25,11.0873785,8.152544,13.422175,6.2740955,-8.392384
batch_00050_patch.tiff,patch_26,5.370943,11.241044,5.5242734,3.2645464,-12.630332
batch_00050_patch.tiff,patch_27,3.4678252,8.650558,2.0910091,2.3418865,-13.0367775
batch_00050_patch.tiff,patch_28,6.8754025,6.4206038,9.214957,8.058715,-7.0085263
batch_00050_patch.tiff,patch_29,3.7382925,7.1358104,3.8547559,6.04858,-9.405322
batch_00050_patch.tiff,patch_30,3.2040677,7.5281744,6.4289517,7.295615,-8.474124
batch_00050_patch.tiff,patch_31,7.715217,9.044919,5.2702394,7.886292,-11.855807
batch_00050_patch.tiff,patch_32,9.171749,11.596976,15.714944,5.384097,-8.601571
batch_00050_patch.tiff,patch_33,7.9051123,15.500065,12.721071,6.831406,-8.019622
batch_00050_patch.tiff,patch_34,9.039894,12.340328,11.763959,5.8857985,-11.431132
batch_00050_patch.tiff,patch_35,8.183043,10.381053,8.951345,3.7067041,-12.984933
batch_00050_patch.tiff,patch_36,10.42123,12.278222,12.179409,4.064046,-6.062725
batch_00050_patch.tiff,patch_37,13.80216,11.019237,16.296638,6.7532763,-5.136167
batch_00050_patch.tiff,patch_38,12.432685,11.045257,15.001355,3.7959888,-10.412872
batch_00050_patch.tiff,patch_39,1.582307,11.3229265,0.24860777,4.526133,-11.660114
batch_00050_patch.tiff,patch_40,4.818994,9.646545,-0.3964562,2.6503491,-12.667728
batch_00050_patch.tiff,patch_41,3.73864,9.01665,9.494019,8.896139,-8.607453
batch_00050_patch.tiff,patch_42,7.1844516,7.7897887,5.0316315,8.0798435,-8.253058
batch_00050_patch.tiff,patch_43,4.513075,6.15973,3.6764634,7.0462,-10.483178
batch_00050_patch.tiff,patch_44,2.8887372,11.46794,10.487796,6.036593,-10.707485
batch_00050_patch.tiff,patch_45,8.173463,17.11817,11.507083,10.73187,-9.960792
batch_00050_patch.tiff,patch_46,9.277661,12.701434,10.314937,7.0635056,-12.295608
batch_00050_patch.tiff,patch_47,7.4840627,12.031987,10.95079,3.247762,-11.164838
batch_00050_patch.tiff,patch_48,6.10696,15.168367,14.523207,4.2655587,-9.807904
batch_00050_patch.tiff,patch_49,12.824472,14.561525,17.887775,8.303145,-8.716899
batch_00050_patch.tiff,patch_50,10.45237,8.165315,14.033897,11.762718,-8.728021
batch_00050_patch.tiff,patch_51,8.075606,6.440209,13.352613,5.902209,-11.332698
batch_00050_patch.tiff,patch_52,5.995288,8.868735,5.305816,7.717103,-7.567526
batch_00050_patch.tiff,patch_53,8.840811,7.752916,3.6149647,3.3851566,-10.694213
batch_00050_patch.tiff,patch_54,5.9815664,10.883524,6.902488,4.6985993,-11.591604
batch_00050_patch.tiff,patch_55,4.71537,10.488416,3.2461703,5.117712,-12.238285
batch_00050_patch.tiff,patch_56,6.016049,16.340227,7.3150673,5.0791125,-11.901656
batch_00050_patch.tiff,patch_57,12.944068,18.36966,18.522974,5.4204845,-12.640416
batch_00050_patch.tiff,patch_58,3.3402157,13.575466,13.310454,10.163983,-8.4364805
batch_00050_patch.tiff,patch_59,5.857066,11.024501,14.707765,2.839219,-6.5986214
batch_00050_patch.tiff,patch_60,4.4956675,13.492848,12.213413,5.93225,-10.1744
batch_00050_patch.tiff,patch_61,6.372163,11.38989,8.824943,6.559602,-10.902271
batch_00050_patch.tiff,patch_62,12.145878,9.629336,18.358831,6.161248,-9.81545
batch_00050_patch.tiff,patch_63,8.281032,9.361572,12.422521,7.1089525,-12.041321
batch_00050_patch.tiff,patch_64,4.6781754,7.920777,5.923039,4.6066675,-9.484217
batch_00050_patch.tiff,patch_65,6.6915746,8.009196,4.5066495,4.722212,-9.3515415
batch_00050_patch.tiff,patch_66,6.92186,9.582844,5.857065,5.208034,-12.260341
batch_00050_patch.tiff,patch_67,6.505531,6.0911403,5.219648,4.90304,-11.028891
batch_00050_patch.tiff,patch_68,7.382845,14.260272,13.395775,2.2888858,-11.795459
batch_00050_patch.tiff,patch_69,13.417245,15.462533,12.411305,8.074838,-11.810484
batch_00050_patch.tiff,patch_70,7.0469446,11.97473,14.285463,4.808475,-9.050476
batch_00050_patch.tiff,patch_71,4.1762657,15.433702,15.455369,9.306108,-6.2805142
batch_00050_patch.tiff,patch_72,8.4278555,17.344767,19.829794,11.293056,-5.1810875
batch_00050_patch.tiff,patch_73,9.699093,18.450813,17.886301,3.2092304,-10.4432
batch_00050_patch.tiff,patch_74,7.5610414,10.233961,12.453813,9.645318,-11.95841
batch_00050_patch.tiff,patch_75,8.177024,8.540442,9.050221,8.649639,-10.937933
batch_00050_patch.tiff,patch_76,10.183107,8.295119,3.5633392,6.934954,-8.535705
batch_00050_patch.tiff,patch_77,9.012642,6.92685,8.602898,8.748397,-3.3103344
batch_00050_patch.tiff,patch_78,3.049726,6.6151834,6.656966,7.0915046,-9.985476
batch_00050_patch.tiff,patch_79,4.4460473,9.941253,4.596397,3.4030871,-10.920326
batch_00050_patch.tiff,patch_80,13.803996,12.668864,22.720083,10.134552,-4.872911
batch_00050_patch.tiff,patch_81,12.371028,13.871136,13.923561,6.9769692,-5.9475155
batch_00050_patch.tiff,patch_82,1.1991192,12.771047,7.7902136,9.277388,-9.112585
batch_00050_patch.tiff,patch_83,5.151663,11.28491,10.603956,6.285245,-8.702135
batch_00050_patch.tiff,patch_84,3.9623873,12.734354,7.665178,3.6919167,-14.204956
batch_00050_patch.tiff,patch_85,10.899251,12.396407,10.368816,6.4979024,-11.634761
batch_00050_patch.tiff,patch_86,14.404485,12.875589,20.43976,11.09227,-10.354346
batch_00050_patch.tiff,patch_87,11.014624,9.690795,7.7209506,3.1183627,-12.803848
batch_00050_patch.tiff,patch_88,7.6940355,4.484075,10.233253,5.2808957,-0.0032351564
batch_00050_patch.tiff,patch_89,12.3402405,9.550387,14.6499815,9.830343,-2.796087
batch_00050_patch.tiff,patch_90,6.481201,6.726325,4.1694098,6.4231567,-8.876526
batch_00050_patch.tiff,patch_91,5.8233175,9.36283,4.428762,5.0128846,-12.313572
batch_00050_patch.tiff,patch_92,15.131734,6.631588,27.705229,7.530821,-4.4750514
batch_00050_patch.tiff,patch_93,11.575942,10.357032,16.024834,14.602117,-9.576935
batch_00050_patch.tiff,patch_94,11.774863,18.593555,13.430466,8.043797,-9.836784
batch_00050_patch.tiff,patch_95,8.353236,15.57963,18.227215,10.421471,-6.7190847
batch_00050_patch.tiff,patch_96,0.6616412,11.1383095,7.953911,3.6032825,-11.909041
batch_00050_patch.tiff,patch_97,5.3372316,8.280328,5.7128973,3.0379033,-14.821095
batch_00050_patch.tiff,patch_98,7.912708,9.934394,12.472795,6.3105626,-11.401655
batch_00050_patch.tiff,patch_99,6.850025,9.489369,7.518066,2.9467547,-12.30222
batch_00050_patch.tiff,patch_100,7.6790857,5.6878114,14.451384,7.261038,-3.809455
batch_00050_patch.tiff,patch_101,13.521623,5.544227,19.181843,5.7958326,-2.925352
batch_00050_patch.tiff,patch_102,6.5985537,8.280288,-0.3648261,5.924108,-10.258078
batch_00050_patch.tiff,patch_103,5.4125986,7.1398363,2.793459,4.2166986,-7.1365685
batch_00050_patch.tiff,patch_104,13.424989,17.881489,12.67342,7.2460027,-11.825298
batch_00050_patch.tiff,patch_105,10.963618,14.225828,12.323324,6.629216,-12.325845
batch_00050_patch.tiff,patch_106,11.899865,17.177662,7.8011904,2.951772,-16.044296
batch_00050_patch.tiff,patch_107,5.919058,15.899986,8.391236,2.0120182,-16.149864
batch_00050_patch.tiff,patch_108,10.466254,10.722769,12.223567,5.4035296,-15.453876
batch_00050_patch.tiff,patch_109,12.420098,8.144516,15.037584,3.8795629,-11.896741
batch_00050_patch.tiff,patch_110,11.971049,9.488203,12.80578,4.224434,-12.671187
batch_00050_patch.tiff,patch_111,7.184363,9.935124,8.331195,1.964852,-15.519538
batch_00050_patch.tiff,patch_112,17.125996,6.448248,24.37096,6.429381,-5.7742186
batch_00050_patch.tiff,patch_113,7.0532556,5.1966534,0.65493256,5.806742,-9.68874
batch_00050_patch.tiff,patch_114,7.3285084,6.4679384,5.2910194,4.416957,-6.6952906
batch_00050_patch.tiff,patch_115,4.8680887,12.040377,14.208384,3.9090176,-8.5465145
batch_00050_patch.tiff,patch_116,7.377026,14.573011,10.696319,3.3625724,-12.954942
batch_00050_patch.tiff,patch_117,8.30506,10.373043,9.643387,4.27496,-11.968208
batch_00050_patch.tiff,patch_118,6.284086,15.363008,9.983393,7.6292744,-14.213878
batch_00050_patch.tiff,patch_119,10.647132,11.529839,11.145787,4.7765903,-13.703649
batch_00050_patch.tiff,patch_120,11.155158,12.860461,14.584521,-0.006541263,-14.549784
batch_00050_patch.tiff,patch_121,9.770474,11.900817,11.41905,6.5447674,-15.896492
batch_00050_patch.tiff,patch_122,9.920402,11.056475,9.730125,2.674646,-12.1630335
batch_00050_patch.tiff,patch_123,8.499971,6.144641,5.1290627,10.302975,-5.2887955
batch_00050_patch.tiff,patch_124,7.126118,10.037044,5.763039,3.5461223,-6.665426
batch_00050_patch.tiff,patch_125,6.295985,8.020275,6.1220546,7.194351,-14.76531
batch_00050_patch.tiff,patch_126,4.8626256,9.146592,7.3103905,5.937629,-11.305773
batch_00050_patch.tiff,patch_127,9.458087,15.5689745,14.430984,7.0402613,-9.814128
batch_00050_patch.tiff,patch_128,5.3364687,10.790998,12.067965,6.048215,-11.581828
batch_00050_patch.tiff,patch_129,12.232422,19.13278,13.584314,5.8308096,-11.334183
batch_00050_patch.tiff,patch_130,2.8447993,9.997698,9.711425,5.334525,-11.989557
batch_00050_patch.tiff,patch_131,10.45693,12.297093,11.241791,5.2116632,-12.416028
batch_00050_patch.tiff,patch_132,10.909789,12.018185,16.648945,5.225975,-10.105129
batch_00050_patch.tiff,patch_133,9.632309,9.797385,9.718994,4.1319175,-15.259279
batch_00050_patch.tiff,patch_134,10.84105,9.161843,11.014973,2.2137053,-13.64243
batch_00050_patch.tiff,patch_135,6.359539,6.0728335,3.432643,6.534177,-7.6479154
batch_00050_patch.tiff,patch_136,5.3162727,8.727241,3.257384,4.6888757,-10.977011
batch_00050_patch.tiff,patch_137,5.968613,9.1799,5.0302753,5.976903,-10.748695
batch_00050_patch.tiff,patch_138,0.71378714,8.198332,1.7354833,6.705637,-10.479685
batch_00050_patch.tiff,patch_139,9.380261,19.010874,18.755152,5.5979247,-7.6607337
batch_00050_patch.tiff,patch_140,6.089618,13.401539,12.459862,4.3120074,-12.285871
batch_00050_patch.tiff,patch_141,7.3514423,11.095066,6.670147,5.503927,-13.941452
batch_00050_patch.tiff,patch_142,7.5410485,15.385802,12.753758,-0.71740156,-12.774501
batch_00050_patch.tiff,patch_143,11.645759,10.548981,12.303703,5.784588,-14.39965
batch_00050_patch.tiff,patch_144,12.061771,7.4459543,10.615509,4.098854,-12.76061
batch_00050_patch.tiff,patch_145,9.399919,8.145836,8.912372,3.3467374,-14.67346
batch_00050_patch.tiff,patch_146,7.4606633,8.698737,11.195722,4.618668,-9.616607
batch_00050_patch.tiff,patch_147,5.874601,6.726452,4.647716,5.3143826,-8.412197
batch_00050_patch.tiff,patch_148,6.938377,11.8833685,7.6400423,4.3450637,-12.976124
batch_00050_patch.tiff,patch_149,6.291416,9.370944,4.294737,6.868322,-9.283199
batch_00050_patch.tiff,patch_150,2.840327,9.742484,2.9591649,6.4413776,-8.453586
batch_00050_patch.tiff,patch_151,10.238851,13.746103,14.772308,4.357431,-9.208967
batch_00050_patch.tiff,patch_152,14.043952,16.149662,17.460478,9.986999,-9.484827
batch_00050_patch.tiff,patch_153,11.138329,15.951418,15.494659,6.9978266,-10.383888
batch_00050_patch.tiff,patch_154,7.5234237,13.921745,10.593772,4.709883,-10.097129
batch_00050_patch.tiff,patch_155,10.995597,9.208585,8.033176,2.4958699,-11.316597
batch_00050_patch.tiff,patch_156,9.229816,9.483448,8.401514,4.110683,-11.554332
batch_00050_patch.tiff,patch_157,9.354146,9.047585,9.346502,3.5205889,-12.489583
batch_00050_patch.tiff,patch_158,5.2011805,8.455973,7.9649415,7.3723865,-12.879705
batch_00050_patch.tiff,patch_159,5.456561,7.2478466,4.632961,5.442516,-13.270753
batch_00050_patch.tiff,patch_160,9.780666,16.845095,13.577457,3.7993069,-10.928952
batch_00050_patch.tiff,patch_161,7.13733,7.817622,2.2929833,6.820496,-8.891374
batch_00050_patch.tiff,patch_162,7.747554,6.3495135,2.061849,7.8923154,-10.260773
batch_00050_patch.tiff,patch_163,10.1142645,13.665485,11.420517,5.8157597,-11.470793
batch_00050_patch.tiff,patch_164,5.153583,14.613281,10.167981,4.971875,-9.918551
batch_00050_patch.tiff,patch_165,13.44274,14.049153,22.299507,3.331547,-7.476647
batch_00050_patch.tiff,patch_166,12.975591,14.144063,15.621309,8.418921,-8.272751
batch_00050_patch.tiff,patch_167,10.046633,6.626364,9.739997,3.5333998,-12.227136
batch_00050_patch.tiff,patch_168,11.761412,12.131463,16.781881,3.103659,-12.155866
batch_00050_patch.tiff,patch_169,9.3284235,10.856856,10.486003,2.7497118,-11.064762
batch_00050_patch.tiff,patch_170,7.0330143,7.67121,11.016222,6.0435977,-10.344673
batch_00050_patch.tiff,patch_171,6.4283037,5.6089277,4.829314,5.3411245,-5.4856887
batch_00050_patch.tiff,patch_172,4.0803385,6.5598984,2.3420734,4.4232054,-7.91533
batch_00050_patch.tiff,patch_173,8.418639,7.4881225,5.095521,6.880688,-10.623717
batch_00050_patch.tiff,patch_174,6.5223203,7.5711207,2.006142,7.493945,-9.876328
batch_00050_patch.tiff,patch_175,9.86556,16.285109,13.835426,2.6805584,-13.012783
batch_00050_patch.tiff,patch_176,9.8906355,16.63549,15.710352,6.5219893,-10.113314
batch_00050_patch.tiff,patch_177,10.195823,16.94651,10.248005,5.288878,-13.306571
batch_00050_patch.tiff,patch_178,7.3389015,10.303553,7.253438,5.5233183,-10.915524
batch_00050_patch.tiff,patch_179,10.686938,8.351403,8.4677515,2.7925038,-12.45906
batch_00050_patch.tiff,patch_180,6.04473,8.333029,5.401514,3.4180264,-14.437167
batch_00050_patch.tiff,patch_181,8.787268,12.931986,12.980889,1.25718,-12.477209
batch_00050_patch.tiff,patch_182,9.045936,10.570687,7.945136,5.50933,-12.762204
batch_00100_patch.tiff,patch_0,12.312382,9.792689,14.361394,9.123716,-11.40792
batch_00100_patch.tiff,patch_1,12.412408,2.1748354,9.35385,11.65391,-10.719559
batch_00100_patch.tiff,patch_2,10.2240305,7.5138507,22.052874,3.693344,-0.2594784
batch_00100_patch.tiff,patch_3,10.816313,8.584588,20.210258,1.7280867,-3.1579285
batch_00100_patch.tiff,patch_4,11.871663,4.3485713,20.949528,5.2154646,-1.5871232
batch_00100_patch.tiff,patch_5,7.4289584,8.747843,19.51136,4.044961,-2.1253717
batch_00100_patch.tiff,patch_6,4.99823,5.4879375,4.4281464,7.138691,-7.782824
batch_00100_patch.tiff,patch_7,4.8359075,3.7014375,2.6637268,8.711556,-9.445981
batch_00100_patch.tiff,patch_8,6.2659554,1.8258513,1.9813851,7.0097866,-9.207946
batch_00100_patch.tiff,patch_9,5.5223417,4.0609245,0.6394961,6.7890005,-9.166188
batch_00100_patch.tiff,patch_10,11.619567,1.7409302,5.9076247,10.718674,-5.496523
batch_00100_patch.tiff,patch_11,14.168577,5.321626,4.9436083,8.8433485,-7.556012
batch_00100_patch.tiff,patch_12,5.278134,11.779945,7.92941,5.9498463,-4.1798496
batch_00100_patch.tiff,patch_13,12.960855,5.5436144,12.919647,11.350484,-10.856672
batch_00100_patch.tiff,patch_14,10.917996,2.879339,13.449523,12.709869,-11.4324
batch_00100_patch.tiff,patch_15,11.059753,8.3441725,15.695818,0.56119716,-11.207354
batch_00100_patch.tiff,patch_16,12.046718,8.32629,20.781645,6.915565,-6.8136096
batch_00100_patch.tiff,patch_17,8.274523,8.371575,13.105453,3.5196214,-8.627858
batch_00100_patch.tiff,patch_18,8.679689,9.348611,20.674791,3.4398668,-4.84505
batch_00100_patch.tiff,patch_19,3.854299,2.1514678,5.024668,9.726603,-4.2617297
batch_00100_patch.tiff,patch_20,3.804895,3.0500495,4.5240417,9.423285,-7.355407
batch_00100_patch.tiff,patch_21,7.9094477,4.935475,1.2785765,8.244607,-8.441414
batch_00100_patch.tiff,patch_22,6.0757966,5.7790127,0.77858007,6.828221,-8.1952715
batch_00100_patch.tiff,patch_23,8.470454,6.255784,3.659492,3.1570282,-7.4991975
batch_00100_patch.tiff,patch_24,11.462516,6.6551676,8.453738,5.3830986,-7.321477
batch_00100_patch.tiff,patch_25,5.308338,9.002219,8.159254,7.684932,-5.517702
batch_00100_patch.tiff,patch_26,13.133435,6.759902,13.398383,4.9471035,-10.825539
batch_00100_patch.tiff,patch_27,15.167032,12.531452,16.067144,1.7142469,-12.14864
batch_00100_patch.tiff,patch_28,9.679677,12.409247,13.320108,5.141945,-5.0019717
batch_00100_patch.tiff,patch_29,7.211825,8.018792,13.58496,1.0475833,-6.838134
batch_00100_patch.tiff,patch_30,8.809305,7.7308617,18.406157,3.6243222,-1.3964661
batch_00100_patch.tiff,patch_31,8.034877,9.543234,20.380974,4.3562737,-3.1333222
batch_00100_patch.tiff,patch_32,9.026092,5.462816,15.266981,12.686774,-10.859899
batch_00100_patch.tiff,patch_33,14.667304,5.5214243,21.386795,10.061884,-10.506557
batch_00100_patch.tiff,patch_34,10.438477,5.095373,3.8352711,6.8957453,-7.4697385
batch_00100_patch.tiff,patch_35,6.944213,1.9893745,2.6500156,8.469826,-4.920558
batch_00100_patch.tiff,patch_36,3.1681728,3.739961,4.0040674,13.560961,-6.666692
batch_00100_patch.tiff,patch_37,4.492095,7.3374596,3.6846902,10.109012,-7.618638
batch_00100_patch.tiff,patch_38,5.33716,6.206288,10.847124,4.0352616,-2.2637484
batch_00100_patch.tiff,patch_39,15.847645,10.521891,17.210215,-0.0021847591,-10.329123
batch_00100_patch.tiff,patch_40,12.276786,7.8271027,22.504454,4.4413447,-5.7993445
batch_00100_patch.tiff,patch_41,8.75581,6.8845873,16.39634,5.210322,-7.382346
batch_00100_patch.tiff,patch_42,9.513464,7.354967,21.827595,2.722474,-1.722909
batch_00100_patch.tiff,patch_43,13.896791,5.5464373,21.767607,6.2753596,-6.51471
batch_00100_patch.tiff,patch_44,14.254902,9.152166,22.055788,14.188661,-9.685886
batch_00100_patch.tiff,patch_45,11.243972,7.560772,17.806683,12.117925,-10.11735
batch_00100_patch.tiff,patch_46,6.2921715,3.4027822,3.3207762,8.751648,-3.891559
batch_00100_patch.tiff,patch_47,6.617239,3.9499357,9.383643,9.491464,-4.7667336
batch_00100_patch.tiff,patch_48,7.198322,3.987733,1.9369203,5.673567,-7.7204843
batch_00100_patch.tiff,patch_49,11.851804,6.3147554,3.7185163,7.225452,-4.5469956
batch_00100_patch.tiff,patch_50,9.774102,7.8478446,11.58624,4.2434354,-0.8888027
batch_00100_patch.tiff,patch_51,11.706962,11.48196,19.032328,11.489792,-11.783839
batch_00100_patch.tiff,patch_52,13.047198,5.9218636,16.727674,10.384791,-10.891525
batch_00100_patch.tiff,patch_53,10.487469,7.6989107,16.33357,5.0420256,-7.2678638
batch_00100_patch.tiff,patch_54,8.526732,10.855083,11.910861,2.6670787,-6.828631
batch_00100_patch.tiff,patch_55,8.862984,9.371993,20.443491,5.4859314,-7.983575
batch_00100_patch.tiff,patch_56,10.692006,11.063667,14.215215,5.7334123,-7.2355814
batch_00100_patch.tiff,patch_57,7.3794293,3.831808,5.653942,6.3499093,-4.233417
batch_00100_patch.tiff,patch_58,4.905158,2.5644507,3.61998,9.982141,-7.862022
batch_00100_patch.tiff,patch_59,8.580296,3.8806436,5.227635,6.878327,-2.645138
batch_00100_patch.tiff,patch_60,7.359154,0.07891949,4.807368,7.966163,-3.5068605
batch_00100_patch.tiff,patch_61,4.136117,3.4940748,6.4219265,11.533613,-7.894282
batch_00100_patch.tiff,patch_62,7.0664186,7.0631967,9.732257,6.952852,-3.8185337
batch_00100_patch.tiff,patch_63,11.229271,13.384676,15.996464,7.964467,-8.625887
batch_00100_patch.tiff,patch_64,11.88224,9.448565,17.937607,8.8799715,-9.356616
batch_00100_patch.tiff,patch_65,9.626005,9.795505,12.789092,4.2694592,-9.072372
batch_00100_patch.tiff,patch_66,8.424307,9.323218,7.157731,0.103374496,-6.0562778
batch_00100_patch.tiff,patch_67,8.8501,8.584634,15.867227,1.9574342,-7.558983
batch_00100_patch.tiff,patch_68,10.979315,8.578055,19.424618,5.120741,-7.0048923
batch_00100_patch.tiff,patch_69,4.2403674,3.3160179,4.544427,10.365111,-5.887356
batch_00100_patch.tiff,patch_70,6.786084,3.8765733,3.457693,7.1644926,-6.1408873
batch_00100_patch.tiff,patch_71,4.4896126,3.8593516,4.365003,7.4038086,-5.990365
batch_00100_patch.tiff,patch_72,4.970364,5.3266697,-0.08866935,7.430495,-6.342978
batch_00100_patch.tiff,patch_73,1.6467514,5.7938433,4.7519016,2.6885,-6.908974
batch_00100_patch.tiff,patch_74,4.371464,8.196969,7.4797072,2.9927835,-0.9245599
batch_00100_patch.tiff,patch_75,11.093296,5.734127,8.782072,6.2762237,-10.163409
batch_00100_patch.tiff,patch_76,13.222584,8.766382,12.789356,2.8058932,-11.299174
batch_00100_patch.tiff,patch_77,10.120627,7.177977,18.255571,2.7499468,-4.999912
batch_00100_patch.tiff,patch_78,12.19792,6.037901,21.250809,5.3966794,-3.5596244
batch_00100_patch.tiff,patch_79,7.4209466,7.9731874,15.599049,7.2828608,-7.29898
batch_00100_patch.tiff,patch_80,7.1357365,4.184591,3.336825,7.5817137,-8.352933
batch_00100_patch.tiff,patch_81,6.2371564,4.2017937,3.5883367,7.3491015,-7.4223723
batch_00100_patch.tiff,patch_82,7.2530947,5.023713,2.6114314,9.1697035,-6.591847
batch_00100_patch.tiff,patch_83,6.5476356,3.1687796,5.421046,9.422171,-3.6780639
batch_00100_patch.tiff,patch_84,6.2869053,-0.330269,4.9453673,7.374737,-4.7540083
batch_00100_patch.tiff,patch_85,4.973524,4.5232916,-0.5583856,12.020281,-10.140149
batch_00100_patch.tiff,patch_86,8.203794,10.884224,7.4409227,7.3784337,-9.687965
batch_00100_patch.tiff,patch_87,11.309237,6.223473,14.095179,7.237151,-9.056389
batch_00100_patch.tiff,patch_88,10.244938,9.971409,14.829964,2.4167104,-7.4712515
batch_00100_patch.tiff,patch_89,10.107211,5.547878,17.63338,0.1151753,-6.6105437
batch_00100_patch.tiff,patch_90,3.828082,6.4647765,16.245619,6.0986624,-5.2196426
batch_00100_patch.tiff,patch_91,6.06348,3.4811268,3.4418473,9.048223,-6.6953897
batch_00100_patch.tiff,patch_92,2.226904,4.706027,2.8874805,7.097613,-9.103042
batch_00100_patch.tiff,patch_93,5.3822265,2.267983,4.7733974,9.949063,-6.926317
batch_00100_patch.tiff,patch_94,6.1318884,1.9659301,5.2040324,10.568173,-2.8419254
batch_00100_patch.tiff,patch_95,4.7638893,1.8632752,-0.017632987,8.78737,-9.742343
batch_00100_patch.tiff,patch_96,6.6547594,5.502166,9.461525,12.340681,-9.094094
batch_00100_patch.tiff,patch_97,12.217769,5.4376926,13.945971,3.5663476,-9.627788
batch_00100_patch.tiff,patch_98,15.079848,0.09794933,11.274141,4.568507,-4.3860183
batch_00100_patch.tiff,patch_99,9.427203,10.328237,12.326117,0.42619595,-9.300372
batch_00100_patch.tiff,patch_100,12.695652,10.123892,11.212448,-0.5362811,-10.386459
batch_00100_patch.tiff,patch_101,11.025261,9.938983,8.154157,2.891112,-9.859863
batch_00100_patch.tiff,patch_102,10.449808,10.661634,9.386314,2.486815,-9.238394
batch_00100_patch.tiff,patch_103,4.955204,5.304968,4.326077,6.3121657,-6.437008
batch_00100_patch.tiff,patch_104,5.757056,4.6264615,2.558155,7.944826,-5.552767
batch_00100_patch.tiff,patch_105,12.797066,12.356388,17.104631,13.564547,-9.921541
batch_00100_patch.tiff,patch_106,11.775172,7.792572,20.420149,10.852252,-11.190837
batch_00100_patch.tiff,patch_107,6.3859396,12.24319,9.693858,4.261795,-0.2902652
batch_00100_patch.tiff,patch_108,4.972166,8.634842,11.323859,0.93705565,0.24854101
batch_00100_patch.tiff,patch_109,13.111562,3.2171657,9.903549,10.873443,-10.683386
batch_00100_patch.tiff,patch_110,11.181273,2.0987234,9.999593,9.472834,-9.849363
batch_00100_patch.tiff,patch_111,13.757295,9.328124,21.966417,7.9708877,-4.006993
batch_00100_patch.tiff,patch_112,7.81712,6.4083586,20.179207,4.9516916,-3.5126328
batch_00100_patch.tiff,patch_113,5.9919815,7.017365,8.27509,1.8669623,-8.972067
batch_00100_patch.tiff,patch_114,11.041834,7.8279014,10.291273,4.280701,-11.630576
batch_00100_patch.tiff,patch_115,7.4245453,2.93039,4.1284237,8.556339,-3.1279333
batch_00100_patch.tiff,patch_116,9.445795,1.509377,3.5828671,9.1759,-4.671789
batch_00100_patch.tiff,patch_117,6.7814865,7.4151363,13.392071,11.696581,-13.5058775
batch_00100_patch.tiff,patch_118,13.075346,6.7072253,14.896225,12.918242,-13.44682
batch_00100_patch.tiff,patch_119,4.8837705,9.521603,9.148279,2.7207997,-4.0337296
batch_00100_patch.tiff,patch_120,5.9155617,10.216118,10.15004,5.126626,-5.499017
batch_00100_patch.tiff,patch_121,14.133469,3.8539164,9.90774,10.206875,-9.206699
batch_00100_patch.tiff,patch_122,14.078833,9.973914,13.059738,2.9789376,-13.601379
batch_00100_patch.tiff,patch_123,16.169603,11.098682,23.009392,7.439439,-7.39615
batch_00100_patch.tiff,patch_124,16.863977,8.642436,22.21421,5.0739117,-5.3799634
batch_00100_patch.tiff,patch_125,7.931396,7.6228437,24.158468,1.5790497,-2.6791575
batch_00100_patch.tiff,patch_126,8.264408,6.646237,24.09426,-0.43268767,-4.206776
batch_00100_patch.tiff,patch_127,6.5764303,5.57071,4.565479,9.38365,-6.942999
batch_00100_patch.tiff,patch_128,8.443504,5.6503077,6.168469,9.642059,-7.915281
batch_00100_patch.tiff,patch_129,9.469985,4.069739,1.3572071,6.798125,-8.422988
batch_00100_patch.tiff,patch_130,10.371918,6.4523063,5.9884315,7.900089,-7.36034
batch_00100_patch.tiff,patch_131,4.609562,11.468486,6.4023323,5.509598,-5.193481
batch_00100_patch.tiff,patch_132,7.367944,11.923319,6.59959,6.926541,-11.370302
batch_00100_patch.tiff,patch_133,11.756217,4.4047136,7.3336787,5.0448313,-11.399611
batch_00100_patch.tiff,patch_134,13.310396,11.87876,18.05682,10.617024,-6.7660284
batch_00100_patch.tiff,patch_135,16.382057,9.882681,26.259209,6.417237,-5.8351555
batch_00100_patch.tiff,patch_136,13.148965,8.332332,24.873314,5.9767227,-4.7356467
batch_00100_patch.tiff,patch_137,5.256486,7.434658,18.374744,2.3678255,-6.1434035
batch_00100_patch.tiff,patch_138,5.655522,7.125548,3.3401608,7.110111,-7.4095583
batch_00100_patch.tiff,patch_139,7.717592,5.698626,3.4922516,6.613482,-7.2586956
batch_00100_patch.tiff,patch_140,8.277936,2.7503397,7.6268587,5.328616,-6.7861533
batch_00100_patch.tiff,patch_141,3.1462831,5.344508,5.6333065,5.5313363,-10.268831
batch_00100_patch.tiff,patch_142,4.1322703,10.983495,9.20109,5.361131,-2.919432
batch_00100_patch.tiff,patch_143,5.2168236,10.269747,9.134501,4.3440213,-4.220131
batch_00100_patch.tiff,patch_144,11.127872,7.7933345,10.383008,1.1445597,-8.101101
batch_00100_patch.tiff,patch_145,11.832275,8.954921,11.117997,2.8760774,-9.2437935
batch_00100_patch.tiff,patch_146,13.079572,9.586847,17.299877,8.617798,-14.073285
batch_00100_patch.tiff,patch_147,11.794594,9.212901,19.625,11.108788,-10.305081
batch_00100_patch.tiff,patch_148,9.945532,9.898302,17.639944,3.0828636,-11.645412
batch_00100_patch.tiff,patch_149,10.030674,8.112816,19.907822,7.428808,-7.4884186
batch_00100_patch.tiff,patch_150,8.236341,2.9194584,4.6499863,7.5486465,-4.003321
batch_00100_patch.tiff,patch_151,2.4751828,1.3659378,5.96429,10.803607,-3.7791224
batch_00100_patch.tiff,patch_152,5.6559935,1.5376021,7.6929736,8.202407,-1.9726598
batch_00100_patch.tiff,patch_153,5.1477113,0.26738158,4.5381465,10.911223,-3.4533465
batch_00100_patch.tiff,patch_154,4.189491,11.737136,5.8290744,6.258095,-10.209787
batch_00100_patch.tiff,patch_155,4.046089,10.944562,4.9112597,4.904432,-5.9156456
batch_00100_patch.tiff,patch_156,8.095562,7.0926642,12.779443,3.9127464,-6.0550995
batch_00100_patch.tiff,patch_157,10.3699,9.464675,11.268869,2.7050056,-7.68413
batch_00100_patch.tiff,patch_158,8.547102,13.1109495,12.903803,13.898586,-14.40615
batch_00100_patch.tiff,patch_159,12.219893,7.0850797,19.818048,12.0588255,-11.676178
batch_00100_patch.tiff,patch_160,12.313309,8.602784,19.953682,5.7641807,-5.40944
batch_00100_patch.tiff,patch_161,4.624814,8.306493,13.727325,1.7506434,-7.6424527
batch_00100_patch.tiff,patch_162,8.340851,2.524904,3.493944,9.031683,-3.9386237
batch_00100_patch.tiff,patch_163,6.223418,4.5423703,2.8649607,10.915632,-3.132826
batch_00100_patch.tiff,patch_164,8.748391,5.0956845,9.566328,11.562388,-3.3666244
batch_00100_patch.tiff,patch_165,8.886435,6.3926845,10.012357,11.967485,-6.574371
batch_00100_patch.tiff,patch_166,7.7572155,8.849305,13.009871,6.5579743,-1.4772291
batch_00100_patch.tiff,patch_167,6.1301746,8.394932,8.400903,3.8855176,-6.0199566
batch_00100_patch.tiff,patch_168,10.951115,9.422021,10.337427,2.1712592,-8.600421
batch_00100_patch.tiff,patch_169,8.946992,8.298427,10.913987,3.6702366,-7.002993
batch_00100_patch.tiff,patch_170,6.0802073,9.715728,10.047336,0.42192593,-9.747872
batch_00100_patch.tiff,patch_171,10.306996,9.982328,9.250484,2.632635,-7.865327
batch_00100_patch.tiff,patch_172,8.793731,4.265342,5.148554,10.110748,-3.5745249
batch_00100_patch.tiff,patch_173,7.6056223,3.3003726,2.9854567,7.047962,-2.8773155
batch_00100_patch.tiff,patch_174,7.943218,2.3135393,5.34479,8.667723,-3.6761675
batch_00100_patch.tiff,patch_175,9.646697,1.8404719,7.8685603,10.393758,-0.7233383
batch_00100_patch.tiff,patch_176,7.670466,3.3427122,8.688273,5.178366,-6.1651196
batch_00100_patch.tiff,patch_177,5.9785647,5.130426,6.4587646,8.614426,-7.4911604
batch_00100_patch.tiff,patch_178,18.011713,11.002072,13.38311,12.289414,-9.769316
batch_00100_patch.tiff,patch_179,18.129362,7.6251435,10.570086,12.11231,-9.515224
batch_00150_patch.tiff,patch_0,6.9474516,14.076184,12.025529,8.726094,-4.1307273
batch_00150_patch.tiff,patch_1,2.1722996,8.850276,7.163679,3.8543537,-6.613724
batch_00150_patch.tiff,patch_2,14.319243,9.637713,14.438873,10.490271,-4.1791325
batch_00150_patch.tiff,patch_3,17.248034,9.495924,15.222649,10.854106,-7.1197166
batch_00150_patch.tiff,patch_4,8.341912,7.296153,18.414125,5.882323,-0.27757865
batch_00150_patch.tiff,patch_5,5.548795,5.762083,18.12752,2.592381,0.42110518
batch_00150_patch.tiff,patch_6,11.8043,15.350365,0.8879123,5.569708,-9.413371
batch_00150_patch.tiff,patch_7,12.84346,18.989483,5.2164226,7.386998,-11.136258
batch_00150_patch.tiff,patch_8,9.960518,11.578295,3.1684873,4.97337,-12.856259
batch_00150_patch.tiff,patch_9,6.0398993,10.232875,-0.19475812,3.755207,-12.528934
batch_00150_patch.tiff,patch_10,7.496635,9.079216,6.158532,3.7177572,-9.70005
batch_00150_patch.tiff,patch_11,7.5841374,9.645165,3.3970358,2.6188345,-11.864885
batch_00150_patch.tiff,patch_12,10.620968,9.014905,6.717414,-0.45044494,-14.590463
batch_00150_patch.tiff,patch_13,4.3255444,9.371904,8.189495,2.790705,-6.480581
batch_00150_patch.tiff,patch_14,7.6983604,7.6537232,7.948184,4.309052,-7.474683
batch_00150_patch.tiff,patch_15,12.384802,11.149622,15.108052,11.96969,-8.062497
batch_00150_patch.tiff,patch_16,11.5717,3.6176915,13.307645,8.294108,-7.0029564
batch_00150_patch.tiff,patch_17,9.353137,5.908989,10.905462,4.562259,-1.3999121
batch_00150_patch.tiff,patch_18,8.3214,7.769289,14.317539,5.239498,0.23140095
batch_00150_patch.tiff,patch_19,6.702736,15.726786,2.2866702,12.120557,-10.651392
batch_00150_patch.tiff,patch_20,5.629062,8.378616,7.156183,2.8290894,-8.856963
batch_00150_patch.tiff,patch_21,5.407425,10.855614,6.899856,5.952043,-11.964473
batch_00150_patch.tiff,patch_22,9.64285,12.486986,11.570837,10.8918,-7.577495
batch_00150_patch.tiff,patch_23,10.936117,13.343062,9.991986,6.4839573,-7.426406
batch_00150_patch.tiff,patch_24,7.2925787,9.679721,5.4531612,4.0059185,-10.734184
batch_00150_patch.tiff,patch_25,10.689987,4.4404902,9.006573,6.3793077,-12.987071
batch_00150_patch.tiff,patch_26,7.40977,8.367112,9.469797,3.3365765,-6.06326
batch_00150_patch.tiff,patch_27,5.059291,10.4642935,7.1597223,5.5002403,-5.344124
batch_00150_patch.tiff,patch_28,6.8528275,8.277604,12.27197,5.888197,-1.699277
batch_00150_patch.tiff,patch_29,6.498387,8.801909,8.939811,4.436695,-7.034737
batch_00150_patch.tiff,patch_30,4.0943065,10.910688,8.406331,3.5194976,-1.5590917
batch_00150_patch.tiff,patch_31,4.667242,5.459714,5.9844236,2.6028206,-3.1804392
batch_00150_patch.tiff,patch_32,9.814073,17.737335,5.370168,6.257403,-10.161902
batch_00150_patch.tiff,patch_33,7.0656486,8.776664,3.9048724,3.4028962,-10.549777
batch_00150_patch.tiff,patch_34,6.5024147,9.71762,8.662445,7.55429,-9.689854
batch_00150_patch.tiff,patch_35,7.011344,11.961728,7.5636797,0.5467435,-11.231434
batch_00150_patch.tiff,patch_36,17.237581,7.694191,20.419271,7.777681,-10.775419
batch_00150_patch.tiff,patch_37,14.054249,15.593823,7.753843,5.3035,-7.389816
batch_00150_patch.tiff,patch_38,8.366301,9.371735,7.0008507,1.5952308,-13.595124
batch_00150_patch.tiff,patch_39,3.869446,7.998849,10.112729,4.7672105,-1.9921626
batch_00150_patch.tiff,patch_40,1.295466,11.095105,7.312031,4.1620398,-4.6259003
batch_00150_patch.tiff,patch_41,11.920196,7.379863,15.350195,8.154279,-0.42932165
batch_00150_patch.tiff,patch_42,7.9091816,5.3970065,11.184234,3.5020425,-2.9495654
batch_00150_patch.tiff,patch_43,9.734835,10.9277725,13.219983,8.349827,-1.074431
batch_00150_patch.tiff,patch_44,9.069406,10.65792,12.693522,5.5006247,1.992261
batch_00150_patch.tiff,patch_45,7.237159,17.22451,8.680556,6.456798,-6.7383666
batch_00150_patch.tiff,patch_46,9.828657,16.631788,7.589136,10.267359,-9.795266
batch_00150_patch.tiff,patch_47,7.8119955,13.068168,4.3462586,2.2305694,-11.858914
batch_00150_patch.tiff,patch_48,9.951022,11.702891,5.7603,2.156344,-9.7585335
batch_00150_patch.tiff,patch_49,13.861446,8.309395,16.962477,8.927134,-9.256688
batch_00150_patch.tiff,patch_50,16.34903,10.260667,20.806463,9.996303,-9.044333
batch_00150_patch.tiff,patch_51,8.093607,7.114296,6.6959896,-0.67127144,-14.149854
batch_00150_patch.tiff,patch_52,6.311631,11.283797,6.5485125,6.537699,-6.768126
batch_00150_patch.tiff,patch_53,5.5439763,5.2580566,8.639369,6.917963,-2.1904817
batch_00150_patch.tiff,patch_54,7.1361027,7.7467155,5.243402,4.408669,-9.317792
batch_00150_patch.tiff,patch_55,8.0346365,7.7387633,7.9974356,5.771718,-3.9868252
batch_00150_patch.tiff,patch_56,7.17198,4.659392,16.38427,4.8478456,-2.370102
batch_00150_patch.tiff,patch_57,8.11879,7.9485164,14.251904,3.8643925,-2.0337038
batch_00150_patch.tiff,patch_58,8.607737,13.576509,7.40428,3.8208876,-9.420209
batch_00150_patch.tiff,patch_59,8.26988,12.118556,7.754865,9.8841305,-10.074907
batch_00150_patch.tiff,patch_60,7.3450847,12.86859,6.948449,5.6063547,-11.682644
batch_00150_patch.tiff,patch_61,6.6517515,10.216202,4.103062,6.785279,-9.194141
batch_00150_patch.tiff,patch_62,6.6346145,11.620852,10.361537,2.5605056,-10.871603
batch_00150_patch.tiff,patch_63,9.496179,10.3644905,10.689947,2.9982998,-9.979794
batch_00150_patch.tiff,patch_64,4.1446543,3.9685318,12.767077,4.2372074,-2.703091
batch_00150_patch.tiff,patch_65,8.510392,8.355687,13.390112,2.9508438,-2.8407545
batch_00150_patch.tiff,patch_66,3.2702894,5.2425237,6.863344,4.946793,-6.2838745
batch_00150_patch.tiff,patch_67,7.5756865,6.8447065,9.139361,5.089634,-8.767
batch_00150_patch.tiff,patch_68,5.1956425,4.475861,11.819485,4.577554,-2.9568279
batch_00150_patch.tiff,patch_69,11.492313,13.622982,4.8489017,3.5530925,-10.876088
batch_00150_patch.tiff,patch_70,6.672998,7.5889444,5.1602807,9.115256,-11.003031
batch_00150_patch.tiff,patch_71,7.819878,14.624743,2.3123565,8.937005,-9.228504
batch_00150_patch.tiff,patch_72,5.6538353,10.364616,9.950096,4.6755404,-11.981802
batch_00150_patch.tiff,patch_73,7.203768,7.497667,6.9375477,6.4215875,-9.767744
batch_00150_patch.tiff,patch_74,7.76102,10.847584,11.272195,7.076612,-5.2041917
batch_00150_patch.tiff,patch_75,4.7642713,6.825077,7.6243367,4.937253,-3.3812814
batch_00150_patch.tiff,patch_76,6.7281265,3.9636958,14.464004,2.1106448,-0.7209005
batch_00150_patch.tiff,patch_77,5.274179,6.8158917,11.823833,1.6019579,-2.503578
batch_00150_patch.tiff,patch_78,17.587646,4.685238,17.932062,7.777027,-7.634256
batch_00150_patch.tiff,patch_79,19.34756,3.64529,15.316705,8.256517,-7.9347644
batch_00150_patch.tiff,patch_80,13.84525,18.44164,6.091663,6.518859,-9.985908
batch_00150_patch.tiff,patch_81,9.961664,15.473915,7.121475,3.0943782,-9.768499
batch_00150_patch.tiff,patch_82,11.766238,16.697302,14.776932,9.171265,-6.8845954
batch_00150_patch.tiff,patch_83,9.925226,13.929383,4.806203,2.6834912,-9.929587
batch_00150_patch.tiff,patch_84,10.840982,9.941645,2.183464,1.3990365,-14.067753
batch_00150_patch.tiff,patch_85,10.1288595,11.375469,5.111091,1.1559656,-14.63006
batch_00150_patch.tiff,patch_86,4.6558547,8.478434,8.402434,3.5725634,-2.0571635
batch_00150_patch.tiff,patch_87,6.8133354,7.9013667,7.491794,6.3266435,-4.643055
batch_00150_patch.tiff,patch_88,7.730248,6.3823624,13.194785,0.94809026,-0.53921837
batch_00150_patch.tiff,patch_89,10.807738,5.61445,9.665227,6.6663356,-4.5797505
batch_00150_patch.tiff,patch_90,18.651896,8.613628,20.074978,8.790242,-8.077566
batch_00150_patch.tiff,patch_91,17.608755,7.9283667,11.409113,8.236654,-12.528192
batch_00150_patch.tiff,patch_92,9.043363,11.627258,3.0769541,5.565976,-11.556524
batch_00150_patch.tiff,patch_93,9.422742,18.286938,6.557972,7.384553,-9.344206
batch_00150_patch.tiff,patch_94,10.124603,12.841362,9.944697,4.0121555,-11.2663765
batch_00150_patch.tiff,patch_95,8.893934,13.227738,7.5254874,4.0639706,-10.556219
batch_00150_patch.tiff,patch_96,9.702426,9.086092,3.2677228,-0.31453437,-14.888292
batch_00150_patch.tiff,patch_97,11.426557,9.551292,2.8514438,2.791071,-14.006061
batch_00150_patch.tiff,patch_98,10.497996,11.14631,6.0054526,6.193459,-1.9271812
batch_00150_patch.tiff,patch_99,10.486489,9.708121,7.7474966,7.0112658,-5.279426
batch_00150_patch.tiff,patch_100,7.184127,5.3917637,6.492935,1.3659825,-6.771112
batch_00150_patch.tiff,patch_101,5.57807,2.9956717,7.4134445,3.6750965,-0.41150603
batch_00150_patch.tiff,patch_102,8.031406,12.943056,5.090182,6.855029,-8.632488
batch_00150_patch.tiff,patch_103,9.349434,12.530544,7.7302384,9.9051695,-11.179795
batch_00150_patch.tiff,patch_104,7.2854166,11.343616,4.177015,3.30835,-9.111189
batch_00150_patch.tiff,patch_105,12.235972,16.005285,2.7646585,7.2218294,-12.225643
batch_00150_patch.tiff,patch_106,6.1205554,10.848392,4.944272,-1.1409339,-7.6240225
batch_00150_patch.tiff,patch_107,10.7182,16.092007,3.7283037,7.182808,-10.705528
batch_00150_patch.tiff,patch_108,10.336293,12.117279,4.913106,0.49760386,-13.177859
batch_00150_patch.tiff,patch_109,10.177709,14.958092,7.67391,-0.33510318,-17.134436
batch_00150_patch.tiff,patch_110,3.1197486,9.382684,7.0223384,4.277409,-7.5987625
batch_00150_patch.tiff,patch_111,3.5719333,7.020357,8.800066,6.170176,-6.48446
batch_00150_patch.tiff,patch_112,8.674773,11.31183,2.7446887,2.6895745,-7.048006
batch_00150_patch.tiff,patch_113,7.8211775,8.721342,-1.7669735,5.3089776,-9.433727
batch_00150_patch.tiff,patch_114,8.585237,13.408677,4.5225277,5.0622954,-11.568467
batch_00150_patch.tiff,patch_115,9.512329,10.513415,2.9001226,6.1561832,-13.320709
batch_00150_patch.tiff,patch_116,8.485914,12.090415,6.292604,4.792094,-10.583248
batch_00150_patch.tiff,patch_117,11.157382,12.347043,6.9729767,5.9813523,-9.359741
batch_00150_patch.tiff,patch_118,8.5351515,14.188134,3.9721658,5.8694286,-11.898188
batch_00150_patch.tiff,patch_119,10.6949835,12.393331,4.2635694,7.2599597,-10.429431
batch_00150_patch.tiff,patch_120,10.994001,12.498226,3.3342464,5.8424344,-14.241677
batch_00150_patch.tiff,patch_121,12.641555,14.874317,3.2551432,2.1203012,-16.174076
batch_00150_patch.tiff,patch_122,7.1219797,10.203431,10.74979,5.592253,-5.1893697
batch_00150_patch.tiff,patch_123,6.543656,4.7411723,14.00965,5.530714,1.40839
batch_00150_patch.tiff,patch_124,8.249656,2.2830396,16.851656,7.0342574,-0.7742535
batch_00150_patch.tiff,patch_125,8.029906,5.6478195,22.529089,6.773155,1.4083654
batch_00150_patch.tiff,patch_126,7.7212343,12.010457,4.9838586,4.9591026,-9.530776
batch_00150_patch.tiff,patch_127,10.172554,15.188134,7.7458444,7.9799004,-6.6299233
batch_00150_patch.tiff,patch_128,10.585072,12.029955,8.119885,8.161722,-8.931011
batch_00150_patch.tiff,patch_129,10.424035,11.701164,8.814147,4.9289565,-7.86111
batch_00150_patch.tiff,patch_130,9.476313,11.565414,4.6896377,8.400415,-9.252044
batch_00150_patch.tiff,patch_131,8.688011,13.203367,10.776808,9.09838,-9.300306
batch_00150_patch.tiff,patch_132,9.425651,11.8703985,4.092079,1.1674808,-14.107164
batch_00150_patch.tiff,patch_133,11.200838,9.946023,4.831157,1.1337202,-11.172502
batch_00150_patch.tiff,patch_134,6.8065443,6.6938996,9.75894,6.962059,-2.0356627
batch_00150_patch.tiff,patch_135,9.166774,6.4973493,12.253245,6.061745,-2.4724147
batch_00150_patch.tiff,patch_136,10.209101,4.472088,13.914232,8.449324,-0.55710536
batch_00150_patch.tiff,patch_137,10.103338,6.138032,18.250036,6.188293,-0.034746524
batch_00150_patch.tiff,patch_138,10.602549,9.636914,8.847084,5.6277146,-10.2039995
batch_00150_patch.tiff,patch_139,9.924746,10.609242,8.354065,5.942567,-7.8382187
batch_00150_patch.tiff,patch_140,5.2760468,11.241342,6.533744,10.118083,-7.422559
batch_00150_patch.tiff,patch_141,0.45067006,4.36598,5.778037,9.005564,-10.8706455
batch_00150_patch.tiff,patch_142,12.172528,13.226416,8.103374,10.3070755,-8.8606825
batch_00150_patch.tiff,patch_143,10.6304035,9.408846,7.388234,5.655329,-9.76032
batch_00150_patch.tiff,patch_144,9.304652,10.592506,3.3802233,1.4244517,-16.097675
batch_00150_patch.tiff,patch_145,10.163931,14.240953,3.1879048,1.6665332,-12.172918
batch_00150_patch.tiff,patch_146,10.615539,13.177211,4.237394,5.3562675,-10.52525
batch_00150_patch.tiff,patch_147,6.1205583,4.6322923,13.249425,3.303787,-0.77965075
batch_00150_patch.tiff,patch_148,8.461655,7.9876227,11.280864,5.3250837,-1.5059
batch_00150_patch.tiff,patch_149,8.203568,8.791126,9.366418,7.6580524,-4.1463833
batch_00150_patch.tiff,patch_150,9.97471,10.762858,6.8321924,4.3789606,-8.714931
batch_00150_patch.tiff,patch_151,7.3308325,10.276574,12.873561,6.639334,-7.0630465
batch_00150_patch.tiff,patch_152,17.23363,7.913179,15.212129,7.079456,-8.597739
batch_00150_patch.tiff,patch_153,19.796688,10.656519,16.920094,12.035018,-8.153601
batch_00150_patch.tiff,patch_154,11.312705,12.568617,6.9284716,6.329634,-10.539755
batch_00150_patch.tiff,patch_155,12.232152,16.169107,3.0513687,8.97116,-11.317827
batch_00150_patch.tiff,patch_156,12.523223,10.766005,4.3770976,1.1316397,-14.069994
batch_00150_patch.tiff,patch_157,8.61916,9.679974,5.129272,-0.6399713,-16.506613
batch_00150_patch.tiff,patch_158,4.958857,10.677128,7.330893,5.8945084,-6.0404468
batch_00150_patch.tiff,patch_159,3.2615304,8.342226,7.6386137,6.2661905,-4.3310275
batch_00150_patch.tiff,patch_160,4.4350214,10.760723,8.09296,4.4515867,-3.1517231
batch_00150_patch.tiff,patch_161,8.295776,7.2014647,9.465216,4.8796887,-3.7795048
batch_00150_patch.tiff,patch_162,8.099025,8.81917,8.066477,7.7955866,-8.442551
batch_00150_patch.tiff,patch_163,10.968642,15.091288,8.5389185,6.6149335,-8.819832
batch_00150_patch.tiff,patch_164,17.482307,6.5003576,13.472055,7.4462786,-9.173832
batch_00150_patch.tiff,patch_165,13.841631,4.9939847,16.57015,6.782843,-10.600591
batch_00150_patch.tiff,patch_166,9.456251,11.901677,5.376545,8.0378895,-10.834277
batch_00150_patch.tiff,patch_167,13.23782,11.337976,1.0776663,5.973752,-10.400216
batch_00150_patch.tiff,patch_168,8.167461,9.982752,3.9610748,1.1854081,-13.429273
batch_00150_patch.tiff,patch_169,7.725053,11.840337,7.9580984,3.7753468,-15.675737
batch_00150_patch.tiff,patch_170,7.3816376,8.211048,1.0577744,3.4816482,-9.053958
batch_00150_patch.tiff,patch_171,6.0350156,3.8253813,4.85369,1.8246244,-3.4363058
batch_00150_patch.tiff,patch_172,6.765683,10.829132,1.5627115,0.93469,-9.093209
batch_00150_patch.tiff,patch_173,6.7102523,9.013816,5.9895315,0.5412993,-4.184595
batch_00150_patch.tiff,patch_174,4.4971704,7.281767,3.3845303,6.553461,-12.634574
batch_00150_patch.tiff,patch_175,7.4088235,16.83314,7.64443,7.9819965,-9.251111
batch_00150_patch.tiff,patch_176,9.102533,9.362543,9.593005,7.821372,-8.582626
batch_00150_patch.tiff,patch_177,9.76279,12.320442,5.4903007,6.0113916,-9.464373
batch_00150_patch.tiff,patch_178,9.878021,12.754365,3.6936586,3.4328053,-12.426807
batch_00150_patch.tiff,patch_179,13.391327,13.022805,4.450137,5.408898,-11.806205
batch_00150_patch.tiff,patch_180,7.509934,9.5723505,2.7120907,3.6087124,-14.217188
batch_00150_patch.tiff,patch_181,7.0287185,10.243143,3.7045815,1.8933386,-14.650164
batch_00200_patch.tiff,patch_0,7.359765,11.824424,3.2332125,5.3770533,-13.65147
batch_00200_patch.tiff,patch_1,9.1740885,13.763478,6.8531704,3.9855473,-12.953869
batch_00200_patch.tiff,patch_2,8.75808,3.6494029,3.9506557,6.4008436,-11.667361
batch_00200_patch.tiff,patch_3,9.007908,7.670913,1.9695787,0.36177233,-10.332326
batch_00200_patch.tiff,patch_4,0.5059829,4.891511,7.284293,6.447492,-10.274442
batch_00200_patch.tiff,patch_5,5.415154,7.354366,9.600949,9.568118,-6.01454
batch_00200_patch.tiff,patch_6,17.53947,11.325208,26.3675,6.1121135,-5.7255273
batch_00200_patch.tiff,patch_7,15.577853,14.556625,18.915144,8.976476,-6.4397564
batch_00200_patch.tiff,patch_8,5.719254,6.684977,0.6769492,3.0656335,-7.554786
batch_00200_patch.tiff,patch_9,4.627293,7.3462195,0.29600632,1.191117,-12.985117
batch_00200_patch.tiff,patch_10,8.419223,5.881318,12.207649,6.218271,-8.411931
batch_00200_patch.tiff,patch_11,9.434239,9.851353,10.803729,6.721846,-5.5709486
batch_00200_patch.tiff,patch_12,11.668519,9.07754,7.479196,6.4988203,-9.244851
batch_00200_patch.tiff,patch_13,9.438298,11.97824,4.685366,2.5829995,-13.789654
batch_00200_patch.tiff,patch_14,12.590085,11.58126,3.162439,1.396279,-13.505252
batch_00200_patch.tiff,patch_15,7.3048453,10.095019,0.71594137,6.787441,-8.07357
batch_00200_patch.tiff,patch_16,11.406345,6.3586793,3.5979686,3.024239,-13.172977
batch_00200_patch.tiff,patch_17,6.0235763,10.137272,5.074582,12.770423,-4.49285
batch_00200_patch.tiff,patch_18,6.0003943,7.0047736,12.902704,7.8586683,-4.73222
batch_00200_patch.tiff,patch_19,13.254872,9.795543,16.581606,13.099226,-3.377122
batch_00200_patch.tiff,patch_20,15.76154,9.295381,17.688385,7.4914365,-7.2096562
batch_00200_patch.tiff,patch_21,7.461364,4.523707,0.9482623,7.2184925,-9.574386
batch_00200_patch.tiff,patch_22,6.534915,7.0946097,2.928382,1.3750407,-10.850751
batch_00200_patch.tiff,patch_23,5.6090097,5.326578,9.946639,6.944525,-7.070439
batch_00200_patch.tiff,patch_24,7.9158354,10.0140915,6.014971,5.0397277,-4.8924685
batch_00200_patch.tiff,patch_25,5.800928,7.676671,3.5536475,6.397854,-7.5706043
batch_00200_patch.tiff,patch_26,9.417024,10.477909,3.1126928,0.9570009,-16.88795
batch_00200_patch.tiff,patch_27,9.444976,10.192758,6.5001183,-0.49408218,-15.348042
batch_00200_patch.tiff,patch_28,11.978816,11.504422,5.343563,10.155345,-9.175577
batch_00200_patch.tiff,patch_29,16.446154,8.381118,2.990776,7.374793,-8.476352
batch_00200_patch.tiff,patch_30,4.7252517,7.343584,5.7953305,7.9747233,-10.673156
batch_00200_patch.tiff,patch_31,7.8710866,4.4723973,9.2547035,7.487256,-8.471337
batch_00200_patch.tiff,patch_32,17.620476,6.0247226,23.623339,6.6006155,-11.380873
batch_00200_patch.tiff,patch_33,17.86393,8.954686,11.273681,10.417427,-11.534922
batch_00200_patch.tiff,patch_34,8.589547,5.763958,1.7356956,5.0235705,-11.673692
batch_00200_patch.tiff,patch_35,6.446909,3.051875,0.9155228,4.533043,-9.271331
batch_00200_patch.tiff,patch_36,6.150251,9.196616,10.910368,4.6505632,-3.0805235
batch_00200_patch.tiff,patch_37,6.239721,7.2714024,9.709711,9.656807,-6.7332354
batch_00200_patch.tiff,patch_38,11.872253,10.68028,8.264052,7.7078686,-5.809626
batch_00200_patch.tiff,patch_39,7.413739,11.018059,11.792172,-0.8436029,-9.881279
batch_00200_patch.tiff,patch_40,7.778761,10.957021,7.562242,1.5649546,-14.908882
batch_00200_patch.tiff,patch_41,16.286703,7.0959,4.672701,4.9639354,-10.174543
batch_00200_patch.tiff,patch_42,10.0507965,6.637181,1.791345,4.5141244,-11.209423
batch_00200_patch.tiff,patch_43,1.2709874,8.900068,-0.7479841,7.1797047,-14.71573
batch_00200_patch.tiff,patch_44,9.559209,8.900161,10.523416,9.903315,-7.2725625
batch_00200_patch.tiff,patch_45,17.084984,6.1903596,17.902155,8.955229,-13.906289
batch_00200_patch.tiff,patch_46,16.125708,11.677786,8.692052,9.323968,-10.675581
batch_00200_patch.tiff,patch_47,6.671701,5.7586575,1.573859,5.257434,-9.581421
batch_00200_patch.tiff,patch_48,8.936891,2.2626908,0.9731985,4.945695,-10.0539055
batch_00200_patch.tiff,patch_49,5.149855,7.892804,8.984458,8.048927,-6.8769155
batch_00200_patch.tiff,patch_50,5.807392,5.265906,8.687012,9.623113,-6.2894387
batch_00200_patch.tiff,patch_51,7.215935,5.9694376,4.1948166,6.9207478,-6.9806204
batch_00200_patch.tiff,patch_52,9.369999,6.557253,5.5773077,10.300427,-6.0081563
batch_00200_patch.tiff,patch_53,13.460538,10.016892,12.648865,8.240248,-8.191572
batch_00200_patch.tiff,patch_54,13.265929,10.6013155,5.80714,4.4796586,-10.718133
batch_00200_patch.tiff,patch_55,13.614406,10.061986,4.8282013,5.834212,-8.644682
batch_00200_patch.tiff,patch_56,4.3090672,6.44732,10.098771,1.3899281,-3.116871
batch_00200_patch.tiff,patch_57,6.505871,9.492724,8.002378,-1.3721937,-10.91437
batch_00200_patch.tiff,patch_58,10.990145,6.65455,5.9794793,5.4542785,-3.9669943
batch_00200_patch.tiff,patch_59,9.314466,5.935593,11.947977,2.1927373,-2.6871684
batch_00200_patch.tiff,patch_60,6.863432,3.8512933,4.281259,9.911087,-7.843519
batch_00200_patch.tiff,patch_61,5.8133225,6.4916825,2.6390626,4.9315434,-12.068232
batch_00200_patch.tiff,patch_62,8.277221,8.88637,8.131399,5.228818,-7.466937
batch_00200_patch.tiff,patch_63,9.248599,8.470579,8.328026,8.335383,-5.1468616
batch_00200_patch.tiff,patch_64,17.182001,9.388089,18.535067,9.16908,-6.8781543
batch_00200_patch.tiff,patch_65,16.854431,11.207139,19.045807,7.005711,-6.97634
batch_00200_patch.tiff,patch_66,7.949005,6.6800623,1.6953752,1.2116464,-12.095818
batch_00200_patch.tiff,patch_67,12.047366,9.915602,4.395917,5.21349,-10.0894
batch_00200_patch.tiff,patch_68,8.167017,4.481177,12.625831,4.8702984,-3.3898335
batch_00200_patch.tiff,patch_69,6.132743,6.320986,14.250206,1.2704809,0.17925447
batch_00200_patch.tiff,patch_70,12.596832,12.01417,4.5793333,9.41529,-8.0224
batch_00200_patch.tiff,patch_71,5.679832,11.06186,11.156054,8.0263405,-4.096382
batch_00200_patch.tiff,patch_72,4.148421,5.7583404,1.9701487,6.057186,-10.38729
batch_00200_patch.tiff,patch_73,3.370844,2.0211868,2.680383,5.833314,-9.798299
batch_00200_patch.tiff,patch_74,4.4749174,6.8471055,7.3155375,7.7799497,-7.7219024
batch_00200_patch.tiff,patch_75,5.262571,7.992302,5.89428,5.565311,-8.001568
batch_00200_patch.tiff,patch_76,13.40427,10.2971525,9.662615,1.420261,-14.488087
batch_00200_patch.tiff,patch_77,9.984383,12.387648,3.7046504,2.1789196,-16.378695
batch_00200_patch.tiff,patch_78,12.4524,7.4837856,5.8793373,8.265105,-8.786582
batch_00200_patch.tiff,patch_79,5.7380934,4.479952,8.954068,8.925972,-9.863931
batch_00200_patch.tiff,patch_80,5.247824,6.186047,5.1687126,4.8885064,-9.047962
batch_00200_patch.tiff,patch_81,6.492892,13.349977,12.748266,3.9758132,-11.547471
batch_00200_patch.tiff,patch_82,6.458998,8.425101,6.750164,3.4457572,-2.6266472
batch_00200_patch.tiff,patch_83,5.901998,10.071642,6.4849715,3.9908776,-8.814841
batch_00200_patch.tiff,patch_84,9.681109,6.716869,3.0882833,6.10492,-9.197915
batch_00200_patch.tiff,patch_85,3.6837595,3.0105696,0.6410016,5.4437127,-11.049504
batch_00200_patch.tiff,patch_86,5.904706,10.166875,3.7112415,5.8146467,-9.548857
batch_00200_patch.tiff,patch_87,5.4344583,9.007228,2.8275948,7.4184084,-7.7388678
batch_00200_patch.tiff,patch_88,6.7804685,10.889714,4.866716,1.7879866,-14.815918
batch_00200_patch.tiff,patch_89,9.082082,8.923893,7.232804,6.0309176,-13.905471
batch_00200_patch.tiff,patch_90,14.012988,9.050923,4.916709,2.3851907,-12.880874
batch_00200_patch.tiff,patch_91,11.387139,6.9225335,3.1213038,11.307064,-8.792929
batch_00200_patch.tiff,patch_92,9.950041,9.450369,9.584912,3.6617873,-10.660241
batch_00200_patch.tiff,patch_93,3.5013309,12.735366,7.711316,5.8502645,-7.421918
batch_00200_patch.tiff,patch_94,7.263561,9.05235,13.04897,3.018504,-1.0656337
batch_00200_patch.tiff,patch_95,7.821311,8.13191,6.540844,5.138408,-11.970468
batch_00200_patch.tiff,patch_96,6.1602182,5.4602304,-0.8571945,6.0709443,-10.949338
batch_00200_patch.tiff,patch_97,3.5796425,8.479415,3.3601656,1.2205302,-10.215859
batch_00200_patch.tiff,patch_98,3.4719546,10.886832,4.9048967,4.2716727,-9.176982
batch_00200_patch.tiff,patch_99,6.328948,8.351916,2.1182244,2.113704,-6.2693205
batch_00200_patch.tiff,patch_100,12.630208,7.8826437,7.401233,1.685034,-13.844877
batch_00200_patch.tiff,patch_101,9.115616,9.084508,5.4227624,4.753875,-11.997523
batch_00200_patch.tiff,patch_102,14.256321,7.4616914,4.5194087,7.927271,-11.589576
batch_00200_patch.tiff,patch_103,12.581259,5.7465186,3.3708596,7.098726,-8.097849
batch_00200_patch.tiff,patch_104,1.9493744,6.8447304,6.692763,2.247924,-9.817801
batch_00200_patch.tiff,patch_105,5.29253,11.218637,12.55714,2.7647464,-7.6236277
batch_00200_patch.tiff,patch_106,6.7347746,7.7300134,4.1867995,4.889506,-13.683559
batch_00200_patch.tiff,patch_107,10.471342,12.621542,4.391838,10.498339,-9.07062
batch_00200_patch.tiff,patch_108,13.138549,2.8218057,21.29669,6.049582,-8.509527
batch_00200_patch.tiff,patch_109,20.173283,9.1406975,16.427525,6.2760696,-9.819763
batch_00200_patch.tiff,patch_110,4.4336343,7.9922132,7.1526957,5.790886,-10.146466
batch_00200_patch.tiff,patch_111,3.315094,8.655527,5.0881324,2.0875044,-7.703954
batch_00200_patch.tiff,patch_112,8.874916,11.624858,8.024172,3.6101604,-14.197501
batch_00200_patch.tiff,patch_113,13.25802,13.412582,7.050669,3.460389,-15.737268
batch_00200_patch.tiff,patch_114,12.141068,6.341614,5.7189293,3.1961043,-11.718041
batch_00200_patch.tiff,patch_115,17.584044,5.5320253,6.8167253,7.300637,-9.999632
batch_00200_patch.tiff,patch_116,8.007743,4.9332795,7.819387,5.665365,-2.2348936
batch_00200_patch.tiff,patch_117,7.0381203,9.601529,12.923988,4.2819963,-8.238532
batch_00200_patch.tiff,patch_118,4.832039,4.9353127,0.91985875,3.8588052,-10.323153
batch_00200_patch.tiff,patch_119,11.1301985,6.440209,3.162425,7.1787705,-9.678624
batch_00200_patch.tiff,patch_120,17.452518,4.7808967,16.694468,6.959472,-12.624218
batch_00200_patch.tiff,patch_121,13.135064,14.098677,19.949404,9.199712,-10.028637
batch_00200_patch.tiff,patch_122,5.463345,8.274556,6.003981,3.3172817,-5.718159
batch_00200_patch.tiff,patch_123,5.6517134,8.786481,4.2584987,5.78678,-5.623043
batch_00200_patch.tiff,patch_124,7.80349,13.015802,5.0497146,-1.6427993,-15.007831
batch_00200_patch.tiff,patch_125,8.411057,10.275294,5.417755,-0.018086396,-14.530574
batch_00200_patch.tiff,patch_126,17.004179,5.3888764,16.511318,7.6361303,-9.032199
batch_00200_patch.tiff,patch_127,13.821357,5.3849273,19.855108,11.178268,-13.07081
batch_00200_patch.tiff,patch_128,5.8089542,8.998312,14.836678,-1.1250883,-3.3383706
batch_00200_patch.tiff,patch_129,4.20897,8.322832,12.129364,1.62943,-3.9334884
batch_00200_patch.tiff,patch_130,7.931843,7.780626,2.8029487,7.884104,-12.804994
batch_00200_patch.tiff,patch_131,8.241611,7.3383,0.643485,6.0347767,-10.535997
batch_00200_patch.tiff,patch_132,3.7389054,6.5365987,1.3476987,1.7254417,-13.621482
batch_00200_patch.tiff,patch_133,4.6047854,5.315862,1.3507955,5.2841473,-10.226368
batch_00200_patch.tiff,patch_134,7.9957094,10.115312,9.439936,4.3169026,-9.95343
batch_00200_patch.tiff,patch_135,10.052763,6.476758,12.833745,7.436797,-4.843279
batch_00200_patch.tiff,patch_136,7.4228206,12.094203,5.6569133,-0.29062292,-17.16346
batch_00200_patch.tiff,patch_137,8.624864,11.493302,5.971222,3.1007743,-14.605277
batch_00200_patch.tiff,patch_138,17.824404,8.522963,23.507456,8.024174,-8.140861
batch_00200_patch.tiff,patch_139,11.929884,10.806732,19.234451,10.456049,-9.200764
batch_00200_patch.tiff,patch_140,3.476346,8.855343,12.023741,5.309541,-4.239379
batch_00200_patch.tiff,patch_141,11.696779,8.716776,18.242342,6.0604134,-6.41671
batch_00200_patch.tiff,patch_142,4.1872525,9.544616,2.553882,5.6155167,-9.979205
batch_00200_patch.tiff,patch_143,4.472233,8.345221,0.8808828,7.0858655,-11.6541195
batch_00200_patch.tiff,patch_144,7.550211,8.972725,3.698346,6.412474,-11.697829
batch_00200_patch.tiff,patch_145,7.2568593,6.8418865,2.3422942,4.543702,-9.902814
batch_00200_patch.tiff,patch_146,6.98598,7.664345,11.255493,6.3499947,-5.0929723
batch_00200_patch.tiff,patch_147,8.922833,9.12106,6.3267283,5.6941366,-6.3344426
batch_00200_patch.tiff,patch_148,14.01287,9.228866,10.800861,12.043707,-5.9958553
batch_00200_patch.tiff,patch_149,9.233341,7.7667327,4.6581635,10.695008,-6.0650373
batch_00200_patch.tiff,patch_150,3.264069,6.489279,9.381379,9.6649685,-4.626763
batch_00200_patch.tiff,patch_151,2.8020258,4.882755,10.386546,10.138457,-4.3533735
batch_00200_patch.tiff,patch_152,4.512143,7.0169744,7.136467,3.2911098,-6.1209464
batch_00200_patch.tiff,patch_153,7.331336,13.527781,13.671936,2.794557,-6.341341
batch_00200_patch.tiff,patch_154,6.7787223,6.9058547,3.3705738,5.3343744,-12.503096
batch_00200_patch.tiff,patch_155,8.150817,7.909718,3.4761782,4.3919334,-11.325351
batch_00200_patch.tiff,patch_156,5.541409,3.0840154,2.1345472,3.0874422,-11.386241
batch_00200_patch.tiff,patch_157,8.362791,5.0999126,-0.9808827,3.694567,-11.079072
batch_00200_patch.tiff,patch_158,8.660425,8.880047,9.786257,8.037717,-4.2214046
batch_00200_patch.tiff,patch_159,10.236831,6.9776587,4.742985,7.5607433,-7.7686357
batch_00200_patch.tiff,patch_160,14.166666,12.173765,4.2536645,3.529502,-7.058279
batch_00200_patch.tiff,patch_161,14.197488,7.7435923,15.0107155,9.100641,-4.3518653
batch_00200_patch.tiff,patch_162,1.9262192,7.4810114,5.7037807,7.7867217,-6.4452057
batch_00200_patch.tiff,patch_163,5.0694456,7.591205,10.026222,8.161336,-9.218941
batch_00200_patch.tiff,patch_164,6.2693357,10.078331,7.4416313,4.1513686,-8.479105
batch_00200_patch.tiff,patch_165,3.7811933,9.486632,8.382161,5.699847,-7.7068663
batch_00200_patch.tiff,patch_166,5.006322,7.365998,1.4710569,2.5782356,-12.289354
batch_00200_patch.tiff,patch_167,8.430816,7.3609934,3.0913913,2.239688,-7.9600616
batch_00200_patch.tiff,patch_168,6.9214473,7.509185,4.009556,7.096488,-10.256156
batch_00200_patch.tiff,patch_169,8.03814,6.070043,2.942946,8.457923,-9.332352
batch_00200_patch.tiff,patch_170,8.229662,8.713562,10.565295,5.8220067,-7.023042
batch_00200_patch.tiff,patch_171,10.610133,12.088299,9.388249,8.741496,-7.144832
batch_00200_patch.tiff,patch_172,6.4272575,8.337683,-0.06372174,5.9844055,-6.945248
batch_00200_patch.tiff,patch_173,9.267228,11.082366,1.9642284,1.8143929,-11.328272
batch_00200_patch.tiff,patch_174,9.747752,8.625957,13.532028,8.184137,-8.219422
batch_00200_patch.tiff,patch_175,8.498145,10.695525,7.0393023,7.754768,-12.981942
batch_00200_patch.tiff,patch_176,5.1547422,8.043957,2.0828717,3.9553754,-8.84151
batch_00200_patch.tiff,patch_177,10.956132,7.713459,7.8580723,2.114775,-11.258399
batch_00200_patch.tiff,patch_178,13.821099,8.862481,2.389157,6.3777614,-12.53623
batch_00200_patch.tiff,patch_179,9.109025,6.2874236,0.8815931,4.997761,-9.457455
batch_00200_patch.tiff,patch_180,8.669693,5.1640563,1.0591816,6.8790894,-8.993072
batch_00200_patch.tiff,patch_181,6.3569665,6.404291,0.9140319,2.0475507,-8.181427
batch_00200_patch.tiff,patch_182,15.686708,8.154958,16.086952,7.3746862,-10.652242
batch_00200_patch.tiff,patch_183,16.322828,7.6433787,21.9529,8.448879,-8.882672
batch_00250_patch.tiff,patch_0,6.922335,6.628124,5.6065855,2.353202,-8.69011
batch_00250_patch.tiff,patch_1,6.585807,4.1336775,6.5434055,5.174602,-3.7332945
batch_00250_patch.tiff,patch_2,13.2309065,8.294634,16.030693,15.465705,-12.688959
batch_00250_patch.tiff,patch_3,17.199745,7.4878488,9.789409,11.123647,-7.0976634
batch_00250_patch.tiff,patch_4,16.28527,3.3166804,7.526952,5.4224606,-4.4905114
batch_00250_patch.tiff,patch_5,10.105278,4.1640196,9.466181,5.5678697,-2.9630919
batch_00250_patch.tiff,patch_6,13.647069,3.6323416,4.8928022,11.849626,-9.706857
batch_00250_patch.tiff,patch_7,13.514976,5.3244886,5.7910237,8.541021,-8.143464
batch_00250_patch.tiff,patch_8,13.287437,3.9218087,12.486004,7.7923665,-0.5476658
batch_00250_patch.tiff,patch_9,12.451801,6.009526,14.508443,9.450319,-4.2620487
batch_00250_patch.tiff,patch_10,13.866108,6.7920976,7.9736505,5.483526,-7.594279
batch_00250_patch.tiff,patch_11,4.3925934,6.5158925,5.2072845,2.2206469,-9.120717
batch_00250_patch.tiff,patch_12,7.19674,5.3793077,4.4720116,6.1730413,-7.711182
batch_00250_patch.tiff,patch_13,18.539776,7.2553496,14.725693,10.18088,-7.841386
batch_00250_patch.tiff,patch_14,17.532782,6.9328575,17.997156,9.138077,-14.625444
batch_00250_patch.tiff,patch_15,9.888454,12.292926,4.623209,7.389229,-10.510608
batch_00250_patch.tiff,patch_16,16.22713,6.4853096,3.9418445,4.1797833,-5.598468
batch_00250_patch.tiff,patch_17,10.955398,11.831103,1.1870973,10.02541,-4.713433
batch_00250_patch.tiff,patch_18,8.756826,8.278178,3.6158738,5.647294,-7.0091553
batch_00250_patch.tiff,patch_19,11.774798,4.1952,12.228351,6.6227093,-6.903218
batch_00250_patch.tiff,patch_20,15.074176,3.47086,11.424384,3.2312133,-10.325591
batch_00250_patch.tiff,patch_21,14.826881,4.0251594,12.101273,7.6699333,-2.7663665
batch_00250_patch.tiff,patch_22,14.769539,5.6164136,15.408948,5.2156816,-3.5100572
batch_00250_patch.tiff,patch_23,11.9179735,8.711069,15.631927,5.2370577,-8.713561
batch_00250_patch.tiff,patch_24,6.272131,5.1679425,5.737496,6.038835,-2.8825064
batch_00250_patch.tiff,patch_25,4.0246196,5.224524,6.839789,10.303114,-7.628219
batch_00250_patch.tiff,patch_26,7.3270407,9.472002,8.825534,3.584518,-9.990126
batch_00250_patch.tiff,patch_27,1.954709,2.124206,5.925479,6.7256193,-12.196673
batch_00250_patch.tiff,patch_28,14.709981,4.2622066,0.9713157,6.7090974,-2.3881633
batch_00250_patch.tiff,patch_29,14.951689,10.182583,6.275939,4.4396,-8.382636
batch_00250_patch.tiff,patch_30,11.305295,6.0274267,14.133366,9.505408,-9.119553
batch_00250_patch.tiff,patch_31,13.0909815,1.4065764,8.418951,9.349121,-5.9202623
batch_00250_patch.tiff,patch_32,12.731668,9.038612,14.715187,2.7516074,-10.486381
batch_00250_patch.tiff,patch_33,11.5849495,6.8722076,15.255968,2.6328397,-6.937491
batch_00250_patch.tiff,patch_34,12.586606,10.853911,13.029532,2.872655,-8.589974
batch_00250_patch.tiff,patch_35,9.995767,5.229363,3.2278934,7.8358936,-7.423518
batch_00250_patch.tiff,patch_36,2.865851,3.7811506,8.109765,8.30254,-6.8706465
batch_00250_patch.tiff,patch_37,5.6313486,9.684292,6.986003,2.4037025,-4.2784996
batch_00250_patch.tiff,patch_38,5.3213167,5.5382915,8.2399235,8.7907,-7.5286536
batch_00250_patch.tiff,patch_39,17.514355,4.523611,7.845586,6.245002,-8.8299885
batch_00250_patch.tiff,patch_40,18.01817,3.7328675,3.2261324,5.563055,-4.6718225
batch_00250_patch.tiff,patch_41,12.761426,11.56958,10.057586,4.9645076,-10.164228
batch_00250_patch.tiff,patch_42,9.962617,12.692975,5.665564,5.9608827,-7.4016247
batch_00250_patch.tiff,patch_43,12.776641,4.4523325,17.636341,4.259984,-6.084539
batch_00250_patch.tiff,patch_44,16.53545,3.7527957,5.16507,4.9038496,-5.312328
batch_00250_patch.tiff,patch_45,16.572428,8.616562,12.718652,3.8706348,-10.809025
batch_00250_patch.tiff,patch_46,7.181804,6.4887156,14.562984,5.3222017,-5.9279084
batch_00250_patch.tiff,patch_47,15.888121,9.220571,18.789042,4.8810873,-8.752312
batch_00250_patch.tiff,patch_48,11.871115,4.4780607,6.5800414,9.40793,-8.190816
batch_00250_patch.tiff,patch_49,7.2051826,4.8403277,7.8344655,6.91219,-7.3566246
batch_00250_patch.tiff,patch_50,6.2497497,6.782784,10.337293,2.9834158,-5.8683467
batch_00250_patch.tiff,patch_51,9.671006,12.333113,11.694292,5.781244,-6.355181
batch_00250_patch.tiff,patch_52,14.773405,5.6433487,18.33605,2.709733,-5.8933835
batch_00250_patch.tiff,patch_53,22.297218,5.4700923,11.3717375,4.1545506,-3.6799984
batch_00250_patch.tiff,patch_54,17.009953,12.208821,3.7897208,9.113566,-5.467657
batch_00250_patch.tiff,patch_55,19.274078,5.874233,4.553826,9.713743,-4.852432
batch_00250_patch.tiff,patch_56,15.130204,7.179995,17.011927,10.2468,-7.1442275
batch_00250_patch.tiff,patch_57,12.971427,3.680282,17.183626,4.748311,-6.303763
batch_00250_patch.tiff,patch_58,12.518,5.0546584,8.300269,3.0665793,-6.006511
batch_00250_patch.tiff,patch_59,14.339756,2.277833,9.726905,6.7126155,-5.383903
batch_00250_patch.tiff,patch_60,7.4342623,3.635006,8.759783,11.507989,-7.3859167
batch_00250_patch.tiff,patch_61,7.532104,7.5936804,7.422871,7.6591296,-6.00543
batch_00250_patch.tiff,patch_62,10.001573,6.840471,11.987959,3.9212523,-6.1530056
batch_00250_patch.tiff,patch_63,10.258407,11.277241,15.088652,5.4273133,-8.226133
batch_00250_patch.tiff,patch_64,13.403536,5.652618,16.820623,3.5900295,-10.237246
batch_00250_patch.tiff,patch_65,15.62317,7.44863,0.02387943,4.0671234,-2.0572844
batch_00250_patch.tiff,patch_66,6.4808884,16.939796,5.604996,5.5094404,-10.684396
batch_00250_patch.tiff,patch_67,13.481353,4.7821403,19.249107,6.6449456,-2.5969243
batch_00250_patch.tiff,patch_68,13.914583,4.7533574,15.624076,4.7629137,-6.3816643
batch_00250_patch.tiff,patch_69,11.0835,8.945415,11.451957,9.625662,-6.6879306
batch_00250_patch.tiff,patch_70,12.05087,3.4596167,13.877823,6.505786,-5.583923
batch_00250_patch.tiff,patch_71,4.4106812,4.7488847,7.0160666,8.74473,-9.050478
batch_00250_patch.tiff,patch_72,8.094686,4.9202733,6.527844,6.32497,-7.5711107
batch_00250_patch.tiff,patch_73,10.893557,10.002098,8.779072,12.614519,-6.432709
batch_00250_patch.tiff,patch_74,4.346505,7.001431,2.633833,10.814848,-7.002667
batch_00250_patch.tiff,patch_75,14.428129,9.901711,21.378458,7.952582,-6.698802
batch_00250_patch.tiff,patch_76,15.657335,7.832914,18.46085,6.0813584,-7.5767
batch_00250_patch.tiff,patch_77,19.864313,6.97361,3.117558,10.677391,-4.8942056
batch_00250_patch.tiff,patch_78,16.224318,6.5332294,2.4190528,8.455589,-6.33933
batch_00250_patch.tiff,patch_79,14.044646,4.7833295,16.94981,5.8742557,-8.401927
batch_00250_patch.tiff,patch_80,18.90186,4.5503345,5.29653,5.322121,-1.3695884
batch_00250_patch.tiff,patch_81,13.396654,3.3678293,11.750473,6.8092012,-8.256712
batch_00250_patch.tiff,patch_82,12.926638,3.561858,8.352667,3.533036,-10.575682
batch_00250_patch.tiff,patch_83,5.4038076,4.2556286,7.261894,4.2975287,-7.782618
batch_00250_patch.tiff,patch_84,4.4552884,6.7274146,4.735494,3.990947,-8.193381
batch_00250_patch.tiff,patch_85,7.2537293,7.3314757,7.9827337,5.4189024,-2.0039234
batch_00250_patch.tiff,patch_86,5.469581,6.01099,7.801768,10.610367,-7.673341
batch_00250_patch.tiff,patch_87,15.048395,7.653238,18.615675,5.131734,-9.033438
batch_00250_patch.tiff,patch_88,17.065578,8.682972,20.854425,6.0831447,-8.707389
batch_00250_patch.tiff,patch_89,13.496179,5.8422313,15.921087,4.72424,-9.933166
batch_00250_patch.tiff,patch_90,18.071209,5.67537,10.360884,4.67514,-3.2342472
batch_00250_patch.tiff,patch_91,14.672904,3.7148864,17.500818,4.3440795,-5.5376387
batch_00250_patch.tiff,patch_92,14.81892,2.2054605,1.6793025,5.7593207,-5.190267
batch_00250_patch.tiff,patch_93,7.7910843,8.656358,0.4509423,5.4914184,-2.4104586
batch_00250_patch.tiff,patch_94,8.04773,6.898643,5.6364284,11.643375,-8.144905
batch_00250_patch.tiff,patch_95,7.981212,7.701473,4.331749,7.182246,-3.7993503
batch_00250_patch.tiff,patch_96,8.043667,5.957194,5.515184,5.7996993,-10.066219
batch_00250_patch.tiff,patch_97,11.693788,7.4206457,13.677034,1.5673275,-4.308878
batch_00250_patch.tiff,patch_98,7.1549788,9.045024,12.16931,8.889844,-3.517714
batch_00250_patch.tiff,patch_99,15.568998,7.7419667,19.10072,8.905102,-9.265894
batch_00250_patch.tiff,patch_100,20.664875,5.09085,7.223863,6.3338895,-2.498577
batch_00250_patch.tiff,patch_101,9.368624,5.010558,17.984715,6.740657,-6.6565604
batch_00250_patch.tiff,patch_102,13.431064,5.3938293,20.708776,2.7592912,-5.9513793
batch_00250_patch.tiff,patch_103,9.538373,11.010219,8.493058,7.3762674,-5.826786
batch_00250_patch.tiff,patch_104,6.9364033,7.1283817,10.396036,9.936895,-9.554756
batch_00250_patch.tiff,patch_105,9.675866,8.8213215,13.453662,7.3999505,-8.230093
batch_00250_patch.tiff,patch_106,9.585045,5.443779,9.496143,7.32246,-6.3988986
batch_00250_patch.tiff,patch_107,15.68341,5.2438426,13.456445,8.126441,-8.265183
batch_00250_patch.tiff,patch_108,15.693681,4.8299227,-2.1659157,8.332052,-5.0024147
batch_00250_patch.tiff,patch_109,12.495213,15.42805,12.905398,3.5115902,-10.406484
batch_00250_patch.tiff,patch_110,14.311784,0.24100614,16.104034,5.5066943,-5.180828
batch_00250_patch.tiff,patch_111,2.8168821,5.2522597,7.28829,6.4323497,-9.548705
batch_00250_patch.tiff,patch_112,5.817305,4.7627473,9.557037,5.5152664,-9.69181
batch_00250_patch.tiff,patch_113,8.939559,9.565746,7.0059714,7.6993513,-4.2809453
batch_00250_patch.tiff,patch_114,8.980674,6.247413,10.066746,6.435863,-6.797159
batch_00250_patch.tiff,patch_115,11.90601,6.8465137,1.7212167,8.210216,-8.7415
batch_00250_patch.tiff,patch_116,16.600767,3.574558,11.308317,6.6936684,-5.0943604
batch_00250_patch.tiff,patch_117,10.606715,4.188296,11.188344,4.488296,-4.8279433
batch_00250_patch.tiff,patch_118,3.9849062,7.7484436,8.549483,12.016586,-4.013315
batch_00250_patch.tiff,patch_119,10.56017,9.535259,10.374753,6.027894,-3.7239056
batch_00250_patch.tiff,patch_120,1.3130189,5.773529,5.2331986,8.0965395,-7.5523477
batch_00250_patch.tiff,patch_121,10.388766,5.481917,9.845998,9.004114,-7.4910803
batch_00250_patch.tiff,patch_122,14.294815,9.880594,10.281923,6.8927717,-11.312324
batch_00250_patch.tiff,patch_123,13.958491,4.2065787,10.625798,8.891176,-4.7166486
batch_00250_patch.tiff,patch_124,11.663125,11.0277,5.1129894,6.290844,-11.941325
batch_00250_patch.tiff,patch_125,12.472136,3.3354614,4.7757926,8.176385,-9.181216
batch_00250_patch.tiff,patch_126,7.0457315,6.5638266,9.948525,7.02107,-5.5188174
batch_00250_patch.tiff,patch_127,9.345726,5.5039864,9.1016245,5.1049743,-6.0036526
batch_00250_patch.tiff,patch_128,7.0732384,6.1120367,9.806308,5.850663,-3.6340957
batch_00250_patch.tiff,patch_129,3.122624,4.626936,8.921301,6.5256147,-4.7734995
batch_00250_patch.tiff,patch_130,15.042862,10.205035,4.6782613,7.5250053,-7.9816637
batch_00250_patch.tiff,patch_131,17.679651,6.074261,6.3887763,6.348765,-3.57902
batch_00250_patch.tiff,patch_132,14.001298,9.428036,14.508891,7.6063094,-12.00923
batch_00250_patch.tiff,patch_133,13.2342615,9.880268,12.984937,3.6732576,-8.449746
batch_00250_patch.tiff,patch_134,13.798767,6.1974015,7.676839,0.37089226,-4.333137
batch_00250_patch.tiff,patch_135,10.2801,15.600909,6.366767,7.6869397,-10.383708
batch_00250_patch.tiff,patch_136,12.000744,9.550902,14.385136,5.0127583,-6.8924046
batch_00250_patch.tiff,patch_137,10.339313,6.3362036,15.263254,2.0553606,-4.537344
batch_00250_patch.tiff,patch_138,8.093161,6.782173,9.177995,5.1106334,-6.5588317
batch_00250_patch.tiff,patch_139,7.7353435,2.8593538,4.8900733,9.274691,-7.898302
batch_00250_patch.tiff,patch_140,6.6944494,6.40006,9.585241,3.9465556,-5.6168294
batch_00250_patch.tiff,patch_141,9.591934,6.7636495,8.547078,6.302042,-7.530932
batch_00250_patch.tiff,patch_142,15.369982,7.290102,0.18637446,7.334598,-4.0016255
batch_00250_patch.tiff,patch_143,14.862051,7.567851,22.206125,4.9848514,-3.3397522
batch_00250_patch.tiff,patch_144,8.093327,5.109386,13.996835,4.3873076,-7.172427
batch_00250_patch.tiff,patch_145,13.4974785,11.028783,12.127179,5.2848296,-5.431879
batch_00250_patch.tiff,patch_146,14.493234,1.5445632,14.191634,5.3443537,-8.044071
batch_00250_patch.tiff,patch_147,17.288914,4.6706295,3.2600133,10.219425,-4.762392
batch_00250_patch.tiff,patch_148,14.747174,6.3399773,15.89851,5.265007,-4.757169
batch_00250_patch.tiff,patch_149,15.5156355,7.0110617,4.94457,11.452814,-6.920879
batch_00250_patch.tiff,patch_150,10.664904,3.9253042,7.9089203,4.45717,-5.4321527
batch_00250_patch.tiff,patch_151,12.0261135,10.605199,3.4084945,9.013544,-9.29814
batch_00250_patch.tiff,patch_152,8.186328,7.992051,10.074158,6.0889387,-5.9642277
batch_00250_patch.tiff,patch_153,9.934464,12.298069,13.317148,5.263216,-6.9136934
batch_00250_patch.tiff,patch_154,14.621491,13.790225,11.276898,4.8097744,-7.209079
batch_00250_patch.tiff,patch_155,9.596064,4.8897552,9.187867,7.6658497,-6.374912
batch_00250_patch.tiff,patch_156,9.694442,5.139484,15.352885,8.5000515,-6.172266
batch_00250_patch.tiff,patch_157,10.025101,10.63867,5.3621964,3.3219762,-4.7206197
batch_00250_patch.tiff,patch_158,9.310363,8.1238985,4.2914934,2.876436,-12.376079
batch_00300_patch.tiff,patch_0,9.5957985,6.783469,13.834963,0.27383798,-7.7027216
batch_00300_patch.tiff,patch_1,12.904751,6.426362,4.3358383,3.1471918,-11.66408
batch_00300_patch.tiff,patch_2,6.5954714,9.66106,14.134918,2.5415003,-7.6604404
batch_00300_patch.tiff,patch_3,13.923658,10.440601,18.600695,3.2150946,-9.736623
batch_00300_patch.tiff,patch_4,3.8310494,9.583961,2.9266975,1.4155011,-7.3840795
batch_00300_patch.tiff,patch_5,5.6683702,4.38416,3.2663224,5.351536,-7.545602
batch_00300_patch.tiff,patch_6,15.241104,7.0018935,21.303453,5.69151,-7.591511
batch_00300_patch.tiff,patch_7,13.326672,7.9700413,9.485075,12.730091,-12.821029
batch_00300_patch.tiff,patch_8,13.742868,12.686065,16.444878,7.8722024,-8.264585
batch_00300_patch.tiff,patch_9,16.878962,11.899114,20.080261,6.1028695,-8.893572
batch_00300_patch.tiff,patch_10,15.970206,9.06387,18.833971,9.571089,-9.256866
batch_00300_patch.tiff,patch_11,13.218001,8.665722,10.753083,3.6949334,-9.966608
batch_00300_patch.tiff,patch_12,10.216687,7.5665445,9.039515,3.3385506,-9.052888
batch_00300_patch.tiff,patch_13,9.1533785,8.283778,15.412073,1.1396075,-6.716242
batch_00300_patch.tiff,patch_14,8.305543,10.376485,16.792023,1.5561744,-6.547947
batch_00300_patch.tiff,patch_15,6.2004313,5.908767,8.102887,9.58519,-7.101735
batch_00300_patch.tiff,patch_16,8.657545,8.812893,6.7771645,8.711105,-7.392577
batch_00300_patch.tiff,patch_17,19.906223,10.218434,14.129275,7.188095,-9.219404
batch_00300_patch.tiff,patch_18,17.243343,11.9117565,11.030948,5.851876,-8.141865
batch_00300_patch.tiff,patch_19,9.693297,7.0734186,18.892782,8.916407,-7.786138
batch_00300_patch.tiff,patch_20,11.290585,10.780918,10.940638,5.7489276,-7.715293
batch_00300_patch.tiff,patch_21,10.416938,13.920697,17.13667,12.7878,-7.809114
batch_00300_patch.tiff,patch_22,12.353068,6.4938545,16.756107,6.911462,-12.709846
batch_00300_patch.tiff,patch_23,12.542143,6.634885,4.795622,4.79193,-9.005896
batch_00300_patch.tiff,patch_24,10.33854,7.0913334,9.692715,7.1647167,-12.182001
batch_00300_patch.tiff,patch_25,10.169328,6.550219,4.932113,8.996663,-5.1713986
batch_00300_patch.tiff,patch_26,10.825272,11.923362,17.592537,5.870972,-3.79511
batch_00300_patch.tiff,patch_27,7.306266,5.4074154,12.636952,4.4001956,-7.8123507
batch_00300_patch.tiff,patch_28,6.9401894,6.177256,7.5577154,2.4924948,-6.57777
batch_00300_patch.tiff,patch_29,5.861069,7.1077805,1.9871396,8.724369,-11.475813
batch_00300_patch.tiff,patch_30,8.148172,7.6924176,8.003413,2.743732,-9.081922
batch_00300_patch.tiff,patch_31,10.774174,11.248938,19.800226,4.271716,-7.299855
batch_00300_patch.tiff,patch_32,15.582447,12.545044,15.792823,5.41809,-8.032871
batch_00300_patch.tiff,patch_33,10.684639,4.0864816,18.006998,9.317095,-12.249758
batch_00300_patch.tiff,patch_34,7.979303,3.6519003,17.375599,9.957491,-13.823527
batch_00300_patch.tiff,patch_35,13.971368,10.81622,19.349525,3.880417,-9.903475
batch_00300_patch.tiff,patch_36,11.870464,7.8805337,4.2297783,3.466046,-9.320632
batch_00300_patch.tiff,patch_37,11.435415,3.9668264,8.214486,1.6507353,-9.654042
batch_00300_patch.tiff,patch_38,9.150081,8.089267,2.2430537,10.68911,-10.127627
batch_00300_patch.tiff,patch_39,13.049939,12.275604,11.929561,5.397732,-9.149337
batch_00300_patch.tiff,patch_40,10.022494,3.411954,5.944975,4.3928475,-9.544766
batch_00300_patch.tiff,patch_41,10.995376,9.494278,7.4716797,3.4335377,-7.4263935
batch_00300_patch.tiff,patch_42,6.7757835,11.903113,0.773807,-0.7535114,-11.851701
batch_00300_patch.tiff,patch_43,10.105957,6.204779,3.1330414,-3.1107316,-12.065466
batch_00300_patch.tiff,patch_44,9.258325,13.031371,14.156755,9.362689,-10.800116
batch_00300_patch.tiff,patch_45,15.232201,11.110249,14.757329,6.870513,-5.9496574
batch_00300_patch.tiff,patch_46,9.274417,3.4319437,14.688762,10.323328,-12.522373
batch_00300_patch.tiff,patch_47,10.053966,3.518319,22.316921,8.329992,-10.735282
batch_00300_patch.tiff,patch_48,9.97226,10.676093,17.371101,15.506002,-12.249057
batch_00300_patch.tiff,patch_49,7.9102216,8.661774,9.734756,6.876204,-11.598753
batch_00300_patch.tiff,patch_50,10.068795,7.7539015,2.7368188,6.3704143,-10.822921
batch_00300_patch.tiff,patch_51,12.978713,8.687971,17.493027,2.6853263,-8.34717
batch_00300_patch.tiff,patch_52,12.425169,6.6482177,10.130849,2.701304,-10.380621
batch_00300_patch.tiff,patch_53,10.1764,6.1994295,4.7880836,5.587602,-10.647639
batch_00300_patch.tiff,patch_54,7.9264393,9.635564,0.74097455,0.9091499,-11.067508
batch_00300_patch.tiff,patch_55,7.2133484,11.186633,0.8814865,3.6956582,-14.300902
batch_00300_patch.tiff,patch_56,12.931346,7.5753064,24.415155,13.589483,-5.285808
batch_00300_patch.tiff,patch_57,14.296654,8.215719,17.389473,9.486619,-7.6494446
batch_00300_patch.tiff,patch_58,13.839848,9.404907,9.980075,10.803497,-12.303533
batch_00300_patch.tiff,patch_59,11.094788,5.7768607,18.643574,6.164121,-3.6566586
batch_00300_patch.tiff,patch_60,13.208134,10.805165,18.544367,7.822105,-5.822862
batch_00300_patch.tiff,patch_61,9.396884,11.383798,14.394456,1.401589,-8.153602
batch_00300_patch.tiff,patch_62,10.684615,6.8539286,14.800608,3.3290837,-7.561332
batch_00300_patch.tiff,patch_63,10.64279,4.7831545,9.372618,7.0614967,-9.461271
batch_00300_patch.tiff,patch_64,12.21812,7.2056136,10.970734,6.0652018,-9.525016
batch_00300_patch.tiff,patch_65,9.413517,7.8331017,7.2296047,8.185,-11.512932
batch_00300_patch.tiff,patch_66,18.051174,7.4727073,17.588755,11.380083,-7.466427
batch_00300_patch.tiff,patch_67,16.72552,10.245694,18.525864,6.980386,-8.617581
batch_00300_patch.tiff,patch_68,9.274764,11.933393,16.127857,11.7402,-9.804207
batch_00300_patch.tiff,patch_69,7.5159492,11.150672,11.133774,17.449373,-8.583132
batch_00300_patch.tiff,patch_70,11.395849,10.885461,15.979714,7.115248,-3.804345
batch_00300_patch.tiff,patch_71,13.371437,10.873083,15.083295,6.3344064,-5.3980126
batch_00300_patch.tiff,patch_72,13.539387,14.755947,17.667799,4.7803817,-9.4331045
batch_00300_patch.tiff,patch_73,10.607955,12.801166,14.502316,6.4662933,-7.2777534
batch_00300_patch.tiff,patch_74,9.25205,5.6986604,7.4870024,6.8066816,-11.376665
batch_00300_patch.tiff,patch_75,12.852671,5.8572803,12.549122,6.9698424,-10.819364
batch_00300_patch.tiff,patch_76,8.667111,5.1681,9.544579,7.7850423,-11.724499
batch_00300_patch.tiff,patch_77,10.030155,3.52316,12.736264,7.024034,-9.515985
batch_00300_patch.tiff,patch_78,10.027495,9.544213,16.384361,12.426357,-8.035293
batch_00300_patch.tiff,patch_79,14.319405,10.712081,26.647078,8.537701,-4.0777974
batch_00300_patch.tiff,patch_80,8.570666,5.615385,10.037138,3.7275689,-10.678319
batch_00300_patch.tiff,patch_81,10.514795,4.881342,10.1673,8.730286,-10.475152
batch_00300_patch.tiff,patch_82,14.128083,10.622425,21.00976,6.5032005,-9.263631
batch_00300_patch.tiff,patch_83,12.417368,8.863559,16.589005,6.0244656,-7.4030128
batch_00300_patch.tiff,patch_84,11.873004,10.125768,14.767199,3.6562717,-8.735938
batch_00300_patch.tiff,patch_85,13.122706,7.0802503,11.116495,7.6743274,-8.115918
batch_00300_patch.tiff,patch_86,13.349023,5.6624503,5.9439225,8.922484,-8.811193
batch_00300_patch.tiff,patch_87,10.530695,5.5746017,10.722917,8.363933,-8.326924
batch_00300_patch.tiff,patch_88,8.879999,5.8864083,10.911075,3.9936976,-9.155198
batch_00300_patch.tiff,patch_89,15.091993,9.681756,20.488667,9.191177,-8.288785
batch_00300_patch.tiff,patch_90,13.901723,10.703554,15.792389,11.237645,-9.064292
batch_00300_patch.tiff,patch_91,9.579892,6.1413116,14.52228,6.250833,-9.894806
batch_00300_patch.tiff,patch_92,11.455248,4.108284,11.28753,5.286727,-10.37186
batch_00300_patch.tiff,patch_93,10.217119,10.703051,14.643626,2.521262,-1.4707507
batch_00300_patch.tiff,patch_94,8.663962,10.895534,13.710542,4.6232753,-8.52629
batch_00300_patch.tiff,patch_95,11.731904,9.753374,17.031347,4.536159,-8.488734
batch_00300_patch.tiff,patch_96,9.878942,8.749799,-0.85856265,1.4648618,-11.770267
batch_00300_patch.tiff,patch_97,9.38099,12.807242,-0.21580867,0.86916196,-10.287847
batch_00300_patch.tiff,patch_98,8.499784,8.0512,11.087398,8.258282,-7.882285
batch_00300_patch.tiff,patch_99,12.416459,5.3688316,12.431782,6.327221,-8.93601
batch_00300_patch.tiff,patch_100,15.287894,10.0907,12.030294,8.535387,-15.719478
batch_00300_patch.tiff,patch_101,13.656479,6.733763,14.2080765,6.257142,-10.653544
batch_00300_patch.tiff,patch_102,15.908183,8.657332,21.167295,7.05928,-6.5045457
batch_00300_patch.tiff,patch_103,13.606366,4.808555,12.702748,12.133026,-6.843664
batch_00300_patch.tiff,patch_104,10.112665,9.244289,17.577065,-0.13896835,-5.8373146
batch_00300_patch.tiff,patch_105,8.764711,8.464087,12.869367,4.2433023,-7.6658177
batch_00300_patch.tiff,patch_106,12.520596,12.494774,17.45908,3.347975,-4.5640717
batch_00300_patch.tiff,patch_107,8.5327635,12.002975,-1.4750005,-2.5666683,-13.435426
batch_00300_patch.tiff,patch_108,11.97842,9.129781,1.1626115,-0.94033635,-10.696438
batch_00300_patch.tiff,patch_109,11.796019,5.7630887,14.050192,8.865565,-7.632683
batch_00300_patch.tiff,patch_110,6.4062285,5.5218124,9.668611,9.973334,-9.604208
batch_00300_patch.tiff,patch_111,19.163479,11.379349,19.23016,9.61839,-9.138293
batch_00300_patch.tiff,patch_112,14.186831,10.305098,11.518044,10.194062,-11.295396
batch_00300_patch.tiff,patch_113,9.087102,4.8797436,21.332577,9.896156,-6.022971
batch_00300_patch.tiff,patch_114,7.2125516,5.0486927,12.822526,11.710572,-6.0123553
batch_00300_patch.tiff,patch_115,10.9991255,9.152302,15.450371,0.8692849,-5.6995783
batch_00300_patch.tiff,patch_116,11.143022,10.961793,16.420912,5.9743032,-6.247756
batch_00300_patch.tiff,patch_117,11.1428795,7.8329735,18.902178,3.828683,-6.813014
batch_00300_patch.tiff,patch_118,11.053169,6.384485,18.002056,5.115106,-5.796462
batch_00300_patch.tiff,patch_119,9.126707,6.7048864,9.587369,6.156671,-8.909724
batch_00300_patch.tiff,patch_120,11.567911,6.7348876,10.596774,5.3087826,-8.714018
batch_00300_patch.tiff,patch_121,8.947326,6.1314883,8.7338705,9.651631,-4.273803
batch_00300_patch.tiff,patch_122,13.007213,12.1623125,14.775078,12.233075,-7.7926598
batch_00300_patch.tiff,patch_123,14.09062,9.661153,17.505224,9.860575,-10.963142
batch_00300_patch.tiff,patch_124,12.416984,7.3138313,20.1575,6.3134713,-7.605071
batch_00300_patch.tiff,patch_125,14.206589,4.660612,14.681573,9.877287,-5.7408586
batch_00300_patch.tiff,patch_126,10.204219,12.447477,18.77676,3.3806813,-6.101851
batch_00300_patch.tiff,patch_127,13.781139,15.810866,17.233511,5.651131,-8.904486
batch_00300_patch.tiff,patch_128,14.646212,8.649611,18.654463,5.3027315,-5.066742
batch_00300_patch.tiff,patch_129,9.45511,4.925934,13.890526,3.6548917,-9.40891
batch_00300_patch.tiff,patch_130,12.369463,9.071762,12.116861,6.7230096,-8.315154
batch_00300_patch.tiff,patch_131,9.854065,4.53153,9.619225,2.478852,-7.505792
batch_00300_patch.tiff,patch_132,6.0517616,7.5270963,6.37028,4.8303595,-9.782717
batch_00300_patch.tiff,patch_133,7.4256535,7.963489,11.955545,8.452935,-7.6879606
batch_00300_patch.tiff,patch_134,19.134157,8.615417,15.385279,9.040923,-7.500073
batch_00300_patch.tiff,patch_135,11.770965,3.9744341,19.048725,10.1508875,-9.094723
batch_00300_patch.tiff,patch_136,8.225782,6.6660004,21.999277,12.8364105,-5.7101693
batch_00300_patch.tiff,patch_137,11.188359,8.776648,13.848029,3.185018,-5.104531
batch_00300_patch.tiff,patch_138,9.254417,10.390334,12.571001,5.6925163,-2.249744
batch_00300_patch.tiff,patch_139,12.396199,6.9764457,8.816439,1.567297,-10.7826805
batch_00300_patch.tiff,patch_140,7.889657,7.7242193,7.33262,5.5056586,-7.104121
batch_00300_patch.tiff,patch_141,12.779239,7.4407363,8.429578,5.6918426,-6.4351315
batch_00300_patch.tiff,patch_142,11.997016,5.947298,15.579354,4.8689904,-8.173424
batch_00300_patch.tiff,patch_143,9.70916,4.751583,11.812004,11.240815,-10.270025
batch_00300_patch.tiff,patch_144,13.958003,5.1941648,15.438529,10.405181,-5.540168
batch_00300_patch.tiff,patch_145,12.677972,5.6554036,17.68538,6.536468,-8.341154
batch_00300_patch.tiff,patch_146,15.808692,2.673496,22.61854,10.532325,-0.65344787
batch_00300_patch.tiff,patch_147,12.336007,5.014239,19.825956,7.0525494,-4.041399
batch_00300_patch.tiff,patch_148,12.006093,14.7150345,20.817707,3.5604243,-7.021799
batch_00300_patch.tiff,patch_149,13.013111,4.1709223,9.076519,7.679386,-5.2473445
batch_00300_patch.tiff,patch_150,9.448838,8.26361,9.435803,2.1778688,-6.7448115
batch_00300_patch.tiff,patch_151,10.427623,7.327509,10.7037945,2.062271,-8.338858
batch_00300_patch.tiff,patch_152,11.529197,7.289427,7.630894,3.1844532,-6.2838917
batch_00300_patch.tiff,patch_153,10.041561,10.744753,3.3984962,4.926227,-10.141678
batch_00300_patch.tiff,patch_154,16.840645,6.41757,11.29849,10.476238,-3.9312317
batch_00300_patch.tiff,patch_155,18.00842,2.5975413,13.545587,11.196074,-4.5348186
batch_00300_patch.tiff,patch_156,12.836852,7.1724935,13.974475,14.6918335,-8.777804
batch_00300_patch.tiff,patch_157,12.810847,10.92152,17.569307,6.204383,-7.221356
batch_00300_patch.tiff,patch_158,12.239769,5.5728436,19.127071,4.1158376,-4.42386
batch_00300_patch.tiff,patch_159,13.524239,4.1439753,25.738832,7.0229664,-1.6613132
batch_00300_patch.tiff,patch_160,10.31705,7.602939,17.469196,5.2640166,-4.739158
batch_00300_patch.tiff,patch_161,8.685151,9.833527,11.192573,3.3304913,-7.3793254
batch_00300_patch.tiff,patch_162,13.081092,7.039649,11.817981,3.9069953,-9.542772
batch_00300_patch.tiff,patch_163,7.8040233,8.834291,10.708608,7.7657924,-8.153588
batch_00300_patch.tiff,patch_164,12.0570755,11.75789,4.593997,0.5642699,-8.005875
batch_00300_patch.tiff,patch_165,11.081667,8.276665,5.171702,4.25446,-8.513375
batch_00300_patch.tiff,patch_166,7.5501823,4.970339,13.611896,14.180709,-13.622964
batch_00300_patch.tiff,patch_167,9.968701,8.473465,14.282767,12.876629,-8.551137
batch_00300_patch.tiff,patch_168,12.647196,2.5321221,18.072895,6.5106173,-6.901721
batch_00300_patch.tiff,patch_169,9.713461,4.865187,19.259789,10.74927,-13.0682125
batch_00300_patch.tiff,patch_170,17.436342,6.9184713,24.511082,6.58025,-10.242962
batch_00300_patch.tiff,patch_171,15.979324,9.970851,15.947277,6.6420693,-8.740102
batch_00350_patch.tiff,patch_0,14.058784,13.242314,18.74298,10.460775,-6.322103
batch_00350_patch.tiff,patch_1,12.278709,9.763749,10.71268,6.070289,-8.0655775
batch_00350_patch.tiff,patch_2,17.95573,13.911911,16.09215,7.7970424,-8.23654
batch_00350_patch.tiff,patch_3,16.18788,8.131892,11.814051,8.009174,-9.562378
batch_00350_patch.tiff,patch_4,20.507545,4.7191486,23.444664,10.265479,-0.72211945
batch_00350_patch.tiff,patch_5,14.281292,5.9334903,14.497304,9.9407835,-6.0185237
batch_00350_patch.tiff,patch_6,6.275455,4.850494,5.795639,4.7986383,-10.53114
batch_00350_patch.tiff,patch_7,5.4137235,5.7311645,3.5468988,5.406327,-11.821307
batch_00350_patch.tiff,patch_8,12.726329,13.120605,12.132817,12.210504,-7.1022806
batch_00350_patch.tiff,patch_9,2.073376,9.029387,0.16197613,5.004249,-11.583771
batch_00350_patch.tiff,patch_10,5.709778,8.781658,1.9531665,6.5554442,-10.183492
batch_00350_patch.tiff,patch_11,7.0721307,7.0331926,16.843243,-2.2480168,-3.6708817
batch_00350_patch.tiff,patch_12,11.584976,9.95643,14.840093,9.276435,-7.2201166
batch_00350_patch.tiff,patch_13,9.681761,9.199481,13.995553,2.8500223,-9.727081
batch_00350_patch.tiff,patch_14,18.71165,10.285473,18.12439,8.927982,-9.996231
batch_00350_patch.tiff,patch_15,16.639086,7.170317,10.751414,7.412446,-11.470521
batch_00350_patch.tiff,patch_16,11.898694,6.765176,16.722904,6.25089,-8.146153
batch_00350_patch.tiff,patch_17,12.508523,5.15818,15.464667,7.157145,-4.374288
batch_00350_patch.tiff,patch_18,6.7063756,5.089418,3.320491,5.769397,-9.836519
batch_00350_patch.tiff,patch_19,4.8638244,7.165607,4.187235,4.058449,-9.74337
batch_00350_patch.tiff,patch_20,9.1657715,10.156604,14.244105,10.173571,-3.991978
batch_00350_patch.tiff,patch_21,6.159924,7.6768994,-1.9899715,3.0482523,-10.673611
batch_00350_patch.tiff,patch_22,5.677613,9.267509,0.6897457,2.2890317,-9.853746
batch_00350_patch.tiff,patch_23,7.5790634,7.547377,11.03796,5.826437,-4.540484
batch_00350_patch.tiff,patch_24,10.77213,7.697186,12.715205,5.9908276,-8.159263
batch_00350_patch.tiff,patch_25,14.327703,6.133844,11.949751,12.570805,-7.700562
batch_00350_patch.tiff,patch_26,6.356532,9.034159,16.215069,10.888105,-10.135942
batch_00350_patch.tiff,patch_27,6.174518,9.467776,18.346903,4.0237126,-4.9796243
batch_00350_patch.tiff,patch_28,17.228264,8.188042,20.91043,9.5785,-5.8309712
batch_00350_patch.tiff,patch_29,4.480616,6.4649315,2.5142434,4.4711785,-7.774698
batch_00350_patch.tiff,patch_30,7.472951,7.742583,2.8273416,4.399861,-11.47315
batch_00350_patch.tiff,patch_31,10.794491,9.747738,5.8305645,6.84557,-9.823634
batch_00350_patch.tiff,patch_32,4.59684,6.35015,3.6563408,7.3769255,-11.721668
batch_00350_patch.tiff,patch_33,15.273817,8.53808,21.855476,6.277967,-10.257999
batch_00350_patch.tiff,patch_34,19.440033,9.6620455,16.937298,10.93188,-16.69004
batch_00350_patch.tiff,patch_35,11.102261,5.917742,15.521553,4.8031716,-4.054568
batch_00350_patch.tiff,patch_36,11.872196,4.8791575,19.345358,9.893994,-2.3913987
batch_00350_patch.tiff,patch_37,8.940484,9.922736,21.007183,9.314433,-7.07381
batch_00350_patch.tiff,patch_38,6.686849,6.2869306,20.280777,12.8512,-7.5147114
batch_00350_patch.tiff,patch_39,14.090925,5.5771847,18.865835,10.245302,-4.4312444
batch_00350_patch.tiff,patch_40,13.500871,7.513348,16.838331,8.067707,-10.852251
batch_00350_patch.tiff,patch_41,4.347143,4.0516515,3.833339,6.8361135,-10.306046
batch_00350_patch.tiff,patch_42,6.3632364,5.4213195,2.653354,4.1927085,-10.9426775
batch_00350_patch.tiff,patch_43,6.3969135,5.4692903,1.6434344,8.299979,-13.109697
batch_00350_patch.tiff,patch_44,4.448308,7.6549373,3.2708228,5.5067534,-10.002574
batch_00350_patch.tiff,patch_45,15.9759865,5.4049277,22.373415,8.669545,-13.816545
batch_00350_patch.tiff,patch_46,11.321456,10.622719,12.363452,5.450775,-11.6328535
batch_00350_patch.tiff,patch_47,9.282016,6.5699344,9.857878,6.924458,-4.1641436
batch_00350_patch.tiff,patch_48,13.682126,6.755359,16.28059,6.9547734,-9.093686
batch_00350_patch.tiff,patch_49,17.220892,8.176853,17.32635,9.011541,-6.6430073
batch_00350_patch.tiff,patch_50,10.518302,5.802593,12.35447,4.4503994,-11.353124
batch_00350_patch.tiff,patch_51,7.0755076,14.0353,9.3224745,14.673833,-6.3247795
batch_00350_patch.tiff,patch_52,1.5926131,8.196429,11.125653,9.6480255,-10.047497
batch_00350_patch.tiff,patch_53,12.501935,5.661224,18.175266,10.22696,-7.4773297
batch_00350_patch.tiff,patch_54,3.410469,6.232791,5.157528,3.4577072,-11.508317
batch_00350_patch.tiff,patch_55,1.8554436,6.1264453,3.9023676,4.2507176,-11.617614
batch_00350_patch.tiff,patch_56,6.763115,9.906067,1.8128717,6.7382956,-12.238259
batch_00350_patch.tiff,patch_57,1.0239415,7.386991,1.3446455,3.248168,-11.146005
batch_00350_patch.tiff,patch_58,6.495054,6.5019155,2.7063372,4.2974677,-12.30559
batch_00350_patch.tiff,patch_59,7.162824,6.2649093,3.6699717,7.4618707,-10.837527
batch_00350_patch.tiff,patch_60,7.395658,6.5822,10.133511,6.7615643,-9.615038
batch_00350_patch.tiff,patch_61,11.873274,6.950183,14.679759,3.0008855,-7.162398
batch_00350_patch.tiff,patch_62,14.236767,6.9383435,19.173744,8.481049,-4.8889947
batch_00350_patch.tiff,patch_63,7.817353,8.33178,21.008406,7.676169,-2.8915665
batch_00350_patch.tiff,patch_64,0.98035574,10.533299,10.920542,9.552063,-10.028564
batch_00350_patch.tiff,patch_65,13.290583,7.3734326,18.491425,12.896591,-6.614741
batch_00350_patch.tiff,patch_66,5.039251,5.687547,4.789293,7.3415914,-10.6663685
batch_00350_patch.tiff,patch_67,9.485122,6.9391904,0.9255805,7.2195306,-10.903497
batch_00350_patch.tiff,patch_68,5.8038955,7.2023163,3.7913492,6.0738177,-10.516023
batch_00350_patch.tiff,patch_69,3.8695257,8.497292,-0.057982493,3.8137946,-15.649354
batch_00350_patch.tiff,patch_70,5.6546626,10.195973,3.1579506,8.355035,-12.188813
batch_00350_patch.tiff,patch_71,6.537911,9.606306,1.1644906,6.0071554,-11.3737755
batch_00350_patch.tiff,patch_72,9.3260145,10.098659,14.74816,3.810521,-10.306204
batch_00350_patch.tiff,patch_73,14.619689,8.075424,18.445932,6.5002594,-4.5154033
batch_00350_patch.tiff,patch_74,8.121455,8.347639,20.224545,9.792916,-0.4263219
batch_00350_patch.tiff,patch_75,5.700182,4.411991,17.980387,7.053835,-7.3951945
batch_00350_patch.tiff,patch_76,15.964274,7.385755,21.21992,7.9156466,-5.8998513
batch_00350_patch.tiff,patch_77,11.496355,9.476316,15.421128,6.9034567,-6.907638
batch_00350_patch.tiff,patch_78,7.8036613,4.1096354,11.873605,7.3053136,-2.5617316
batch_00350_patch.tiff,patch_79,8.592072,10.409386,12.809064,11.373347,-6.3047237
batch_00350_patch.tiff,patch_80,12.9997635,13.181786,7.9578714,7.277948,-4.568923
batch_00350_patch.tiff,patch_81,10.648246,13.126506,7.42741,6.6133924,-7.0598364
batch_00350_patch.tiff,patch_82,6.899722,6.3173,5.4929423,7.4747143,-12.570256
batch_00350_patch.tiff,patch_83,3.0921466,10.33097,0.38278908,2.5148594,-12.981571
batch_00350_patch.tiff,patch_84,12.498902,9.587821,18.570755,3.9670537,-8.825038
batch_00350_patch.tiff,patch_85,11.718562,8.552753,18.605194,4.969895,-6.6014166
batch_00350_patch.tiff,patch_86,3.1663313,8.857449,17.020966,6.23366,-7.9886665
batch_00350_patch.tiff,patch_87,5.022331,9.553355,20.103397,9.055274,-3.914986
batch_00350_patch.tiff,patch_88,10.277751,9.730069,12.329859,4.372019,-9.043975
batch_00350_patch.tiff,patch_89,11.430608,12.0590515,13.250771,17.650229,-8.585409
batch_00350_patch.tiff,patch_90,3.4939282,6.889354,9.686394,9.666033,-4.4319167
batch_00350_patch.tiff,patch_91,6.7544436,11.633792,14.612125,9.058584,-6.3601832
batch_00350_patch.tiff,patch_92,4.8409014,3.6529994,3.3775556,4.343,-7.660516
batch_00350_patch.tiff,patch_93,7.868644,17.76311,2.632687,6.9007754,-7.217418
batch_00350_patch.tiff,patch_94,1.3128761,11.850259,1.8458111,3.6515079,-14.202842
batch_00350_patch.tiff,patch_95,2.1466079,8.204232,4.5862093,4.721826,-13.544271
batch_00350_patch.tiff,patch_96,13.293868,5.5657244,15.573154,5.8548417,-6.21835
batch_00350_patch.tiff,patch_97,10.018831,7.5131917,14.034061,6.9743843,-7.409601
batch_00350_patch.tiff,patch_98,13.753862,6.660502,21.753931,8.23851,-5.079763
batch_00350_patch.tiff,patch_99,13.110651,9.532948,21.753698,10.292603,-4.306057
batch_00350_patch.tiff,patch_100,7.3651805,8.643401,13.471198,8.758841,-8.48061
batch_00350_patch.tiff,patch_101,5.7264767,10.588081,19.004868,8.643691,-6.762219
batch_00350_patch.tiff,patch_102,4.4114823,17.878685,4.936221,8.4897375,-6.3339405
batch_00350_patch.tiff,patch_103,8.867299,17.36308,10.563574,9.368265,-4.6239014
batch_00350_patch.tiff,patch_104,-0.18420865,9.894267,1.3913878,7.52383,-13.516689
batch_00350_patch.tiff,patch_105,3.8858123,11.72623,2.5220695,4.8462315,-11.353501
batch_00350_patch.tiff,patch_106,5.847685,4.9638987,2.1557071,3.7139764,-7.7338357
batch_00350_patch.tiff,patch_107,13.1329775,9.760833,5.547686,4.1432796,-10.67749
batch_00350_patch.tiff,patch_108,13.392878,5.2525887,12.003002,11.557718,-8.2561865
batch_00350_patch.tiff,patch_109,16.123697,7.5805197,16.002169,12.18648,-5.2227554
batch_00350_patch.tiff,patch_110,16.356195,5.1277947,25.24399,7.9210954,-4.374772
batch_00350_patch.tiff,patch_111,13.578229,7.645037,9.90515,12.263252,-10.0083885
batch_00350_patch.tiff,patch_112,2.8975034,11.559945,18.327589,8.509238,-6.2243004
batch_00350_patch.tiff,patch_113,5.8762994,6.8157134,19.027342,8.9283085,-6.7529583
batch_00350_patch.tiff,patch_114,9.132717,10.344863,7.3522654,10.502518,-6.820545
batch_00350_patch.tiff,patch_115,4.243056,10.980131,4.951433,10.327136,-8.6041
batch_00350_patch.tiff,patch_116,6.2703342,10.013147,3.3842452,5.949366,-13.769166
batch_00350_patch.tiff,patch_117,8.4894905,8.592852,7.9795394,9.227904,-11.520189
batch_00350_patch.tiff,patch_118,4.9970384,1.9378318,2.848524,6.3706746,-7.179525
batch_00350_patch.tiff,patch_119,8.983875,5.1714883,4.221409,7.4965734,-7.1350403
batch_00350_patch.tiff,patch_120,12.364936,6.700725,14.196726,10.8797245,-5.8098884
batch_00350_patch.tiff,patch_121,12.683619,9.192022,15.278341,3.1247678,-9.012005
batch_00350_patch.tiff,patch_122,8.735036,8.774761,10.378658,12.753427,-7.673598
batch_00350_patch.tiff,patch_123,13.783094,17.831793,14.492736,9.568153,-7.7966084
batch_00350_patch.tiff,patch_124,4.36058,9.445693,14.014496,5.0566306,-11.609461
batch_00350_patch.tiff,patch_125,9.362065,10.71614,19.656727,9.526213,-5.4472766
batch_00350_patch.tiff,patch_126,4.0716095,7.245136,9.80011,8.832294,-8.374184
batch_00350_patch.tiff,patch_127,10.409915,4.671005,9.958023,11.280827,-5.409464
batch_00350_patch.tiff,patch_128,8.274586,9.722751,2.7711222,4.73926,-12.22869
batch_00350_patch.tiff,patch_129,6.515369,7.397281,1.6001759,3.0386271,-14.578959
batch_00350_patch.tiff,patch_130,7.5778275,4.5207176,5.5221786,6.2843623,-6.670014
batch_00350_patch.tiff,patch_131,9.397292,3.01749,4.2228746,6.1720867,-7.7502255
batch_00350_patch.tiff,patch_132,11.966953,6.454705,11.84514,7.165443,-6.153149
batch_00350_patch.tiff,patch_133,13.082858,7.5452714,12.368302,5.873557,-9.876977
batch_00350_patch.tiff,patch_134,4.933725,8.403734,17.900063,4.214213,-9.249974
batch_00350_patch.tiff,patch_135,7.975249,4.7388897,19.899494,8.793583,-6.2959566
batch_00350_patch.tiff,patch_136,6.04064,10.462287,8.999521,10.546859,-9.10338
batch_00350_patch.tiff,patch_137,3.9723983,5.4783206,6.9200788,11.265871,-5.5974326
batch_00350_patch.tiff,patch_138,6.3441067,7.323398,5.201725,5.328198,-12.34625
batch_00350_patch.tiff,patch_139,2.0475159,10.199722,0.16048302,1.5301929,-13.596281
batch_00350_patch.tiff,patch_140,7.880119,3.1752055,2.8368115,7.337464,-8.298693
batch_00350_patch.tiff,patch_141,11.859106,6.832223,16.30157,5.3243814,-6.7638087
batch_00350_patch.tiff,patch_142,10.198956,4.975251,21.020782,8.339591,-4.434476
batch_00350_patch.tiff,patch_143,12.183124,12.858434,17.601332,5.9430914,-8.687598
batch_00350_patch.tiff,patch_144,10.414785,12.591271,11.709978,8.915692,-11.026436
batch_00350_patch.tiff,patch_145,7.06815,4.704862,2.2480273,6.144519,-9.665878
batch_00350_patch.tiff,patch_146,3.4475965,6.1368656,3.0055118,4.573361,-12.012072
batch_00350_patch.tiff,patch_147,15.379671,13.595278,21.330063,11.018796,-6.1437783
batch_00350_patch.tiff,patch_148,12.543319,10.815887,11.233393,8.280281,-6.6179276
batch_00350_patch.tiff,patch_149,1.7434028,6.395459,-0.8871142,4.037493,-15.3926115
batch_00350_patch.tiff,patch_150,8.102222,8.259923,0.8586309,3.630305,-13.07434
batch_00350_patch.tiff,patch_151,7.891468,4.613211,2.6817753,5.328898,-8.5982065
batch_00350_patch.tiff,patch_152,8.814283,3.253198,3.3561115,8.9418125,-6.8852835
batch_00350_patch.tiff,patch_153,14.210684,3.8657348,14.771141,10.807336,-6.5733676
batch_00350_patch.tiff,patch_154,10.945334,7.63377,14.271811,2.3256907,-5.1248074
batch_00350_patch.tiff,patch_155,12.985377,17.536474,12.161077,7.951399,-10.083144
batch_00350_patch.tiff,patch_156,6.368734,5.4150424,3.8916621,6.566182,-11.629719
batch_00350_patch.tiff,patch_157,6.51612,5.948103,2.005552,6.0259624,-11.374911
batch_00350_patch.tiff,patch_158,13.767203,10.382688,13.943949,5.224622,-7.741948
batch_00350_patch.tiff,patch_159,17.45149,8.86703,19.578638,9.506687,-7.04267
batch_00350_patch.tiff,patch_160,6.868361,7.271801,-5.433136,3.5077384,-14.580706
batch_00350_patch.tiff,patch_161,5.5981574,6.724339,-0.81011885,5.050239,-13.351222
batch_00350_patch.tiff,patch_162,6.398469,3.517265,3.0432582,6.5361447,-6.0737214
batch_00350_patch.tiff,patch_163,8.956883,3.1146483,4.4764185,8.514616,-7.82553
batch_00350_patch.tiff,patch_164,12.205667,10.3838625,22.740463,5.998028,-6.1745524
batch_00350_patch.tiff,patch_165,12.090204,5.452896,25.66083,12.579488,-4.9443917
batch_00350_patch.tiff,patch_166,12.595608,8.366529,14.747121,5.3372035,-6.2927155
batch_00350_patch.tiff,patch_167,12.649334,5.7011433,17.465487,4.2359967,-3.2246368
batch_00350_patch.tiff,patch_168,6.15918,7.1835914,2.309872,4.282396,-10.875493
batch_00350_patch.tiff,patch_169,6.725339,7.009297,3.8144329,8.591582,-8.616791
batch_00350_patch.tiff,patch_170,9.931905,17.718084,5.169404,4.2799687,-3.7527344
batch_00350_patch.tiff,patch_171,7.755359,10.4741335,-0.3839179,4.3438525,-12.682907
batch_00350_patch.tiff,patch_172,4.5319166,6.322131,0.5761504,0.3225937,-12.184515
batch_00350_patch.tiff,patch_173,3.610539,5.1999903,-0.70844066,7.736587,-4.8072314
batch_00350_patch.tiff,patch_174,10.458009,6.071077,2.1156683,7.7980266,-9.029974
batch_00400_patch.tiff,patch_0,6.333242,4.131183,13.167729,1.0211707,-4.101574
batch_00400_patch.tiff,patch_1,7.3244963,9.522003,4.4847727,5.8555794,-8.987603
batch_00400_patch.tiff,patch_2,5.891306,9.525884,3.1691906,3.8271601,-13.666694
batch_00400_patch.tiff,patch_3,9.733018,8.652901,9.615083,2.4293067,-10.303767
batch_00400_patch.tiff,patch_4,16.481688,10.10356,22.942825,8.347963,-7.7597203
batch_00400_patch.tiff,patch_5,17.438814,9.15905,25.277143,8.309226,-7.9385004
batch_00400_patch.tiff,patch_6,16.482447,12.262213,8.642026,6.4837766,-5.2782702
batch_00400_patch.tiff,patch_7,7.3562064,14.153741,6.132151,8.255401,-5.81416
batch_00400_patch.tiff,patch_8,11.084533,11.84413,6.1726027,5.1320753,-9.307421
batch_00400_patch.tiff,patch_9,12.74255,11.232174,19.115427,4.0008264,-2.3377695
batch_00400_patch.tiff,patch_10,13.951529,15.443102,14.643552,4.35506,-1.9216133
batch_00400_patch.tiff,patch_11,6.453707,8.334122,10.699335,8.327152,-4.264867
batch_00400_patch.tiff,patch_12,7.774116,12.727477,12.591139,8.934372,-6.897068
batch_00400_patch.tiff,patch_13,8.692498,6.9980035,3.5354624,4.3150253,-13.807552
batch_00400_patch.tiff,patch_14,6.7431884,8.558343,7.2919297,2.7378573,-14.561258
batch_00400_patch.tiff,patch_15,16.387053,11.394785,24.072687,7.8069115,-6.7195606
batch_00400_patch.tiff,patch_16,15.570116,7.4525895,22.380238,9.313781,-12.401781
batch_00400_patch.tiff,patch_17,9.675243,8.548892,6.5269117,6.9533167,-6.190377
batch_00400_patch.tiff,patch_18,9.667803,16.962267,3.090405,9.220108,-7.683509
batch_00400_patch.tiff,patch_19,13.313074,8.924183,4.4863405,6.9902363,-7.2804537
batch_00400_patch.tiff,patch_20,17.504568,17.506275,16.934677,4.199308,-7.2858443
batch_00400_patch.tiff,patch_21,5.696638,8.974261,12.220313,3.1150823,-0.68059635
batch_00400_patch.tiff,patch_22,8.800391,7.5053,20.078403,-2.6025414,-0.8485498
batch_00400_patch.tiff,patch_23,10.745675,6.121867,12.979615,7.548603,-1.3321872
batch_00400_patch.tiff,patch_24,6.8076406,4.888411,4.9242806,7.1696286,-8.501653
batch_00400_patch.tiff,patch_25,6.0156417,9.39706,6.7390323,3.0042117,-10.464953
batch_00400_patch.tiff,patch_26,3.2264144,5.5525265,6.5661073,6.771064,-12.045847
batch_00400_patch.tiff,patch_27,7.612911,7.3410215,1.9695671,4.29485,-8.33632
batch_00400_patch.tiff,patch_28,3.4747372,12.583728,0.96886027,6.925196,-11.334501
batch_00400_patch.tiff,patch_29,8.818211,16.642145,6.349072,1.1268361,-10.957729
batch_00400_patch.tiff,patch_30,5.285039,17.609402,12.718208,-1.1312793,-11.73046
batch_00400_patch.tiff,patch_31,13.737887,8.166146,18.64577,2.6713428,-4.9540195
batch_00400_patch.tiff,patch_32,10.585431,12.104682,11.422002,7.782101,-7.9735126
batch_00400_patch.tiff,patch_33,12.532139,14.098549,15.927171,5.66981,-7.958901
batch_00400_patch.tiff,patch_34,8.322377,6.6680074,16.055529,6.462884,-2.2431757
batch_00400_patch.tiff,patch_35,8.968094,6.959168,11.019559,1.9510298,0.7775099
batch_00400_patch.tiff,patch_36,7.2929106,7.506855,8.452661,4.4302607,-3.4675803
batch_00400_patch.tiff,patch_37,9.399843,12.060675,8.851379,9.830603,-6.40513
batch_00400_patch.tiff,patch_38,5.8241405,5.4797754,12.419258,1.8310695,-5.0894384
batch_00400_patch.tiff,patch_39,4.609208,5.2806325,5.5716248,5.880288,-11.271138
batch_00400_patch.tiff,patch_40,8.228555,11.037086,0.34541896,3.854235,-11.752837
batch_00400_patch.tiff,patch_41,7.0805616,7.871061,1.7953073,3.5152788,-7.4913206
batch_00400_patch.tiff,patch_42,2.5372417,15.397336,7.9863625,4.7639523,-8.002574
batch_00400_patch.tiff,patch_43,9.597727,8.407292,9.131346,9.242333,-4.581543
batch_00400_patch.tiff,patch_44,11.635399,8.488159,14.837325,2.2114995,-5.819838
batch_00400_patch.tiff,patch_45,10.194054,11.982138,17.126286,3.830179,-6.5890584
batch_00400_patch.tiff,patch_46,16.749506,6.9179807,23.942371,6.455063,-8.485763
batch_00400_patch.tiff,patch_47,6.2167983,8.328644,7.130734,5.493357,-7.767472
batch_00400_patch.tiff,patch_48,2.3311481,7.9762044,6.357876,8.919124,-8.926806
batch_00400_patch.tiff,patch_49,9.863898,14.159786,1.3001705,8.9367075,-10.183596
batch_00400_patch.tiff,patch_50,8.971096,11.113561,7.8563876,7.173884,-6.495688
batch_00400_patch.tiff,patch_51,5.334971,4.462228,3.6206403,4.8203797,-8.018429
batch_00400_patch.tiff,patch_52,6.737907,11.250219,4.909364,6.8822837,-11.901028
batch_00400_patch.tiff,patch_53,9.245068,16.216412,7.82376,11.620508,-9.4880705
batch_00400_patch.tiff,patch_54,17.019468,8.045359,19.43249,7.3268523,-12.807382
batch_00400_patch.tiff,patch_55,7.551765,4.7306886,2.2640967,8.868808,-10.043714
batch_00400_patch.tiff,patch_56,6.0873356,9.962208,5.92257,4.72205,-9.579643
batch_00400_patch.tiff,patch_57,5.3126726,7.671204,-0.38594142,3.265673,-6.0506496
batch_00400_patch.tiff,patch_58,8.479036,6.640502,4.8742204,6.5173483,-5.6705556
batch_00400_patch.tiff,patch_59,6.9170575,10.776846,3.0743608,6.999918,-9.227376
batch_00400_patch.tiff,patch_60,8.319265,6.007718,1.5093875,7.228785,-7.123633
batch_00400_patch.tiff,patch_61,1.0986923,14.321479,7.813325,6.2248974,-8.371017
batch_00400_patch.tiff,patch_62,6.6138744,15.242101,13.334759,10.722784,-7.25602
batch_00400_patch.tiff,patch_63,16.010576,13.2966385,20.456894,4.663929,-4.5490127
batch_00400_patch.tiff,patch_64,6.766358,7.051483,11.798774,4.0004787,-2.8234777
batch_00400_patch.tiff,patch_65,8.043945,6.6758423,15.946276,-0.29017445,-4.444978
batch_00400_patch.tiff,patch_66,4.7295732,11.60809,3.7174864,8.531622,-6.1463857
batch_00400_patch.tiff,patch_67,5.571985,7.6873736,4.924484,7.36544,-9.380277
batch_00400_patch.tiff,patch_68,7.704276,12.2511,1.3378311,6.404132,-8.209822
batch_00400_patch.tiff,patch_69,9.924268,5.434887,3.857685,4.648256,-6.419856
batch_00400_patch.tiff,patch_70,6.199118,5.736363,5.1332207,4.4770317,-6.5898204
batch_00400_patch.tiff,patch_71,9.230466,7.6970086,2.3409247,4.463502,-5.2974873
batch_00400_patch.tiff,patch_72,16.86779,8.382262,24.107944,7.621511,-9.26031
batch_00400_patch.tiff,patch_73,17.62646,6.8918605,16.829556,13.705644,-10.38131
batch_00400_patch.tiff,patch_74,9.638165,9.717634,10.504079,7.8332176,-6.0669293
batch_00400_patch.tiff,patch_75,14.443299,12.305437,3.819331,11.018438,-9.228729
batch_00400_patch.tiff,patch_76,12.1315155,8.925217,24.145584,1.4157327,-5.2868166
batch_00400_patch.tiff,patch_77,9.844522,8.307707,20.191946,-0.3471767,-5.8663282
batch_00400_patch.tiff,patch_78,10.351607,10.327732,6.402767,7.041048,-7.8951645
batch_00400_patch.tiff,patch_79,9.089823,7.5579333,4.5709815,7.127434,-7.6441226
batch_00400_patch.tiff,patch_80,9.467048,1.3576087,2.298429,6.7064953,-6.2905903
batch_00400_patch.tiff,patch_81,8.581189,6.4734893,4.72252,2.0562992,-7.2083616
batch_00400_patch.tiff,patch_82,6.050377,11.580846,4.448753,7.987807,-10.546942
batch_00400_patch.tiff,patch_83,7.1114664,9.80247,1.6516995,5.0336266,-8.979518
batch_00400_patch.tiff,patch_84,14.766053,7.1962986,17.4176,11.4053545,-14.404165
batch_00400_patch.tiff,patch_85,15.207677,13.918414,21.713459,10.861647,-9.157417
batch_00400_patch.tiff,patch_86,10.337745,8.164739,20.872637,2.053554,-2.0439987
batch_00400_patch.tiff,patch_87,9.862446,8.338172,18.565727,-0.075448915,-2.4483974
batch_00400_patch.tiff,patch_88,2.7925332,7.453362,11.10427,3.081135,-2.0632565
batch_00400_patch.tiff,patch_89,10.569641,5.4341373,2.670444,5.355554,-6.8512526
batch_00400_patch.tiff,patch_90,9.305749,10.328788,6.6414924,4.875159,-7.5677857
batch_00400_patch.tiff,patch_91,10.988939,12.409266,11.349779,4.930565,-6.1447945
batch_00400_patch.tiff,patch_92,13.439575,12.848589,10.240379,7.016661,-6.453744
batch_00400_patch.tiff,patch_93,6.608562,14.037228,3.5090704,9.809975,-4.126296
batch_00400_patch.tiff,patch_94,11.911552,10.721738,4.4093738,10.613306,-8.910695
batch_00400_patch.tiff,patch_95,8.64261,9.24019,10.9988785,6.2252107,-4.903768
batch_00400_patch.tiff,patch_96,7.397013,9.1334,15.095965,4.83591,-1.0968213
batch_00400_patch.tiff,patch_97,7.7344837,7.8935237,3.741484,3.394681,-6.8950953
batch_00400_patch.tiff,patch_98,6.4321647,4.1631107,1.9754341,4.0844903,-6.3676414
batch_00400_patch.tiff,patch_99,10.459126,7.8545656,7.4419847,5.81736,-3.5167866
batch_00400_patch.tiff,patch_100,9.688889,9.314083,8.510933,7.904497,-5.8503885
batch_00400_patch.tiff,patch_101,6.6899166,17.483322,3.6032214,11.738262,-8.575861
batch_00400_patch.tiff,patch_102,9.312115,8.54018,4.294389,10.653638,-8.467044
batch_00400_patch.tiff,patch_103,13.568557,16.05992,19.616476,5.2215543,-6.9571905
batch_00400_patch.tiff,patch_104,1.0864797,10.643077,7.118259,3.3909469,-6.7050138
batch_00400_patch.tiff,patch_105,10.11953,5.9300256,14.38269,3.7357895,-3.6231909
batch_00400_patch.tiff,patch_106,17.742561,10.79382,25.877176,9.720903,-9.849662
batch_00400_patch.tiff,patch_107,16.719574,7.2958126,23.182497,6.194107,-11.266946
batch_00400_patch.tiff,patch_108,7.1488976,8.273624,2.4072843,5.020095,-5.752937
batch_00400_patch.tiff,patch_109,6.7237687,11.763368,2.1149502,7.495494,-8.63136
batch_00400_patch.tiff,patch_110,14.434512,12.949131,9.290181,8.556822,-7.37021
batch_00400_patch.tiff,patch_111,16.272081,17.37491,6.8549175,6.814753,-7.4392643
batch_00400_patch.tiff,patch_112,7.586427,17.70171,4.804343,11.536543,-8.373171
batch_00400_patch.tiff,patch_113,10.205287,8.190823,2.925211,10.78511,-2.7883358
batch_00400_patch.tiff,patch_114,17.127855,9.201532,23.539728,5.8492265,-13.829951
batch_00400_patch.tiff,patch_115,11.419842,8.378172,1.3221351,7.8550873,-4.446086
batch_00400_patch.tiff,patch_116,10.901508,12.402106,2.6530526,4.1766934,-9.022384
batch_00400_patch.tiff,patch_117,13.919289,15.311631,11.625259,7.9989243,-4.784802
batch_00400_patch.tiff,patch_118,13.475099,14.435729,12.239454,4.8901258,-6.129709
batch_00400_patch.tiff,patch_119,8.135544,10.252023,8.882935,5.286699,-8.987988
batch_00400_patch.tiff,patch_120,12.276756,12.198457,3.239253,11.726137,-5.6660533
batch_00400_patch.tiff,patch_121,17.50903,14.6898365,17.34013,11.494576,-6.968742
batch_00400_patch.tiff,patch_122,13.230715,13.895466,14.010474,6.3642135,-3.6288853
batch_00400_patch.tiff,patch_123,5.1883125,6.038326,13.184355,-1.728568,-0.24912755
batch_00400_patch.tiff,patch_124,2.838045,8.41939,14.311274,5.9348197,-2.556949
batch_00400_patch.tiff,patch_125,6.6503725,8.924666,5.4327517,4.472024,-12.955758
batch_00400_patch.tiff,patch_126,8.716648,5.120767,-0.059342615,6.9661355,-13.568382
batch_00400_patch.tiff,patch_127,7.084282,5.976721,0.74111485,5.1397204,-5.035704
batch_00400_patch.tiff,patch_128,6.2162385,6.8267365,3.2920032,4.8377304,-6.2965784
batch_00400_patch.tiff,patch_129,14.323569,11.768989,12.088044,7.3809104,-4.7959433
batch_00400_patch.tiff,patch_130,10.707316,15.618477,9.476507,9.072132,-6.385585
batch_00400_patch.tiff,patch_131,5.8513136,12.986408,10.201714,9.5029335,-6.6624765
batch_00400_patch.tiff,patch_132,6.1195765,11.955106,0.13972403,9.4374275,-5.6854587
batch_00400_patch.tiff,patch_133,16.717346,12.631948,19.422787,8.668696,-8.809768
batch_00400_patch.tiff,patch_134,14.778557,12.849715,19.58545,11.157212,-8.376778
batch_00400_patch.tiff,patch_135,5.626093,8.114475,11.543754,2.8635037,-2.9436195
batch_00400_patch.tiff,patch_136,7.5195293,8.859922,5.7279654,4.76476,-8.7453985
batch_00400_patch.tiff,patch_137,6.1687074,8.124404,6.023108,2.8256001,-13.778539
batch_00400_patch.tiff,patch_138,7.956077,14.61798,1.9832532,10.112652,-7.9683623
batch_00400_patch.tiff,patch_139,8.3811455,12.104244,7.1051455,5.5684314,-8.77552
batch_00400_patch.tiff,patch_140,13.136606,12.772687,10.731351,9.116823,-6.6789002
batch_00400_patch.tiff,patch_141,10.479712,15.971341,6.4151993,5.5183845,-8.081915
batch_00400_patch.tiff,patch_142,4.475624,13.5698,5.4707994,9.644709,-8.544576
batch_00400_patch.tiff,patch_143,10.040348,12.774011,2.212196,12.82449,-4.7765536
batch_00400_patch.tiff,patch_144,12.400293,7.3933396,22.320799,12.9014225,-5.342948
batch_00400_patch.tiff,patch_145,11.0383415,12.308612,17.3927,9.923868,-8.946165
batch_00400_patch.tiff,patch_146,9.331241,9.692748,3.8179417,8.766813,-10.033651
batch_00400_patch.tiff,patch_147,6.748231,7.5280643,5.0153003,7.9676375,-6.5186186
batch_00400_patch.tiff,patch_148,6.216799,6.1618257,1.814782,6.395742,-12.815415
batch_00400_patch.tiff,patch_149,5.933252,6.236984,5.3684297,3.1015224,-12.944169
batch_00400_patch.tiff,patch_150,7.100081,9.917465,2.72028,2.270063,-9.463699
batch_00400_patch.tiff,patch_151,7.8698783,8.425427,7.356042,2.6290894,-7.3041215
batch_00400_patch.tiff,patch_152,12.393124,13.3884325,10.046152,4.66439,-6.1259084
batch_00400_patch.tiff,patch_153,10.711103,10.670121,4.938954,8.783033,-9.116411
batch_00400_patch.tiff,patch_154,13.783324,9.158884,17.07109,5.307045,-8.115031
batch_00400_patch.tiff,patch_155,13.680773,10.479103,19.117807,9.741782,-6.6485925
batch_00450_patch.tiff,patch_0,14.764387,13.141022,15.445968,5.8519125,-4.594644
batch_00450_patch.tiff,patch_1,13.091983,10.155509,10.824927,7.113317,-7.3518186
batch_00450_patch.tiff,patch_2,18.743658,9.602062,24.975142,8.252292,-6.8253646
batch_00450_patch.tiff,patch_3,18.356531,10.802775,27.373413,8.670019,-6.6898503
batch_00450_patch.tiff,patch_4,11.124321,4.4500966,12.681692,2.4525735,-6.307314
batch_00450_patch.tiff,patch_5,11.341021,6.7423925,9.560464,7.288698,-7.2482357
batch_00450_patch.tiff,patch_6,9.254245,8.30217,18.391212,6.4995356,-4.1626463
batch_00450_patch.tiff,patch_7,12.385838,6.89823,17.202515,6.6855135,-6.1099725
batch_00450_patch.tiff,patch_8,8.262865,7.237843,7.5426416,3.575406,-5.657311
batch_00450_patch.tiff,patch_9,8.167049,6.376073,0.3532326,3.7113574,-10.065795
batch_00450_patch.tiff,patch_10,4.937608,7.40425,5.8754687,-0.58827484,-9.097441
batch_00450_patch.tiff,patch_11,5.7778573,9.514044,0.10489987,-1.9156365,-11.97707
batch_00450_patch.tiff,patch_12,7.773849,4.4114165,5.1448293,7.0607004,-12.669677
batch_00450_patch.tiff,patch_13,16.778942,5.64961,21.271278,7.254619,-12.489494
batch_00450_patch.tiff,patch_14,12.807408,7.598256,19.783592,4.15392,-9.28523
batch_00450_patch.tiff,patch_15,11.850405,8.303067,12.55322,4.194158,-7.075522
batch_00450_patch.tiff,patch_16,12.819038,9.385943,11.384365,7.772889,-7.9376817
batch_00450_patch.tiff,patch_17,11.123133,8.585424,18.067123,7.0531507,-6.209444
batch_00450_patch.tiff,patch_18,10.639239,8.0481,20.480022,5.565414,-5.273943
batch_00450_patch.tiff,patch_19,7.356256,7.1116056,6.018285,7.228147,-5.7957797
batch_00450_patch.tiff,patch_20,6.525353,5.7148285,5.0300307,4.9533105,-7.1982555
batch_00450_patch.tiff,patch_21,2.9843256,9.856882,1.7295111,-0.09720394,-10.680295
batch_00450_patch.tiff,patch_22,5.297894,8.336544,4.4873505,-1.4927211,-10.061997
batch_00450_patch.tiff,patch_23,7.547802,0.755957,6.6822577,8.303145,-12.014166
batch_00450_patch.tiff,patch_24,10.087061,3.7494445,14.78139,6.4483027,-6.659901
batch_00450_patch.tiff,patch_25,9.469228,5.2325606,16.4652,5.3619914,-1.4492646
batch_00450_patch.tiff,patch_26,9.533178,2.1874382,11.517738,3.8900387,-6.820475
batch_00450_patch.tiff,patch_27,8.996517,6.4940367,11.852669,3.2610614,-5.266122
batch_00450_patch.tiff,patch_28,11.097875,6.807335,7.5789285,9.92383,-3.6415467
batch_00450_patch.tiff,patch_29,11.453146,7.590708,10.473421,6.1476297,-3.4623568
batch_00450_patch.tiff,patch_30,6.6688104,4.8880234,8.84219,6.409288,-4.9553328
batch_00450_patch.tiff,patch_31,11.118778,7.5422525,3.5027163,4.8776965,-8.243856
batch_00450_patch.tiff,patch_32,18.875275,8.407784,27.561533,6.977347,-9.493552
batch_00450_patch.tiff,patch_33,15.733863,7.375377,23.512522,8.722353,-6.6990857
batch_00450_patch.tiff,patch_34,6.1470633,7.473321,6.201491,4.731723,-8.418788
batch_00450_patch.tiff,patch_35,11.148064,3.7728868,14.174315,8.487505,-9.38755
batch_00450_patch.tiff,patch_36,11.66943,3.2839198,15.06235,6.0287676,-4.005937
batch_00450_patch.tiff,patch_37,11.587526,8.496567,15.168155,5.3023143,-5.607649
batch_00450_patch.tiff,patch_38,10.9666395,5.063935,12.017255,9.417619,-7.840842
batch_00450_patch.tiff,patch_39,12.117636,8.433698,19.26282,6.704943,-6.0280967
batch_00450_patch.tiff,patch_40,11.623366,9.189033,15.390783,7.7531633,-5.6642203
batch_00450_patch.tiff,patch_41,9.375566,6.657164,5.489387,2.4742594,-5.1797624
batch_00450_patch.tiff,patch_42,10.950605,6.6548147,3.0399122,5.5022054,-10.6377325
batch_00450_patch.tiff,patch_43,18.0571,11.069904,22.736523,6.8190093,-10.799261
batch_00450_patch.tiff,patch_44,18.114086,10.972537,22.147167,7.3942533,-11.034155
batch_00450_patch.tiff,patch_45,9.647795,9.625425,12.835496,7.1495585,-3.1932976
batch_00450_patch.tiff,patch_46,8.13642,6.046079,13.497602,2.306367,-6.0433826
batch_00450_patch.tiff,patch_47,5.471366,3.1155896,7.8986306,4.700028,-6.737156
batch_00450_patch.tiff,patch_48,7.4029913,11.138209,7.614811,5.3316145,-10.462415
batch_00450_patch.tiff,patch_49,14.25341,8.707242,17.409023,3.8272262,-11.56454
batch_00450_patch.tiff,patch_50,8.887274,9.929041,15.042162,9.049702,-3.7055743
batch_00450_patch.tiff,patch_51,7.929992,8.402175,15.090843,5.430158,-5.8049135
batch_00450_patch.tiff,patch_52,7.3157945,7.9717293,3.0463185,2.4176452,-5.1890025
batch_00450_patch.tiff,patch_53,8.370746,6.940444,4.428622,3.1953776,-5.3885922
batch_00450_patch.tiff,patch_54,7.391769,5.8886695,4.357762,7.6219735,-9.637772
batch_00450_patch.tiff,patch_55,13.441812,6.587889,7.425881,8.709824,-5.2555017
batch_00450_patch.tiff,patch_56,11.455933,10.676483,11.762582,6.6233363,-8.461051
batch_00450_patch.tiff,patch_57,11.66728,9.378175,11.4812765,9.476266,-6.712139
batch_00450_patch.tiff,patch_58,7.2948117,10.061365,18.27622,7.093085,-5.0908785
batch_00450_patch.tiff,patch_59,6.731481,7.7260027,13.511505,8.820233,-5.840014
batch_00450_patch.tiff,patch_60,10.4672365,6.1179357,4.3345666,5.4561033,-5.3046618
batch_00450_patch.tiff,patch_61,9.428819,6.7397685,0.98536307,4.1873717,-8.524719
batch_00450_patch.tiff,patch_62,10.088381,4.217179,10.848723,1.4729784,-7.094398
batch_00450_patch.tiff,patch_63,6.682036,2.4234293,12.19932,5.1238027,-5.9456825
batch_00450_patch.tiff,patch_64,11.142081,7.8163753,15.728324,10.769742,-7.209581
batch_00450_patch.tiff,patch_65,4.655799,10.314495,8.818622,10.5038185,-8.750222
batch_00450_patch.tiff,patch_66,16.737455,8.608357,22.86411,7.834363,-6.3213
batch_00450_patch.tiff,patch_67,15.607539,9.684261,18.980417,7.1690745,-9.03324
batch_00450_patch.tiff,patch_68,12.726272,8.7670355,18.141209,8.006148,-3.685834
batch_00450_patch.tiff,patch_69,5.78263,5.0888724,13.677267,7.185174,-6.6984353
batch_00450_patch.tiff,patch_70,10.816992,10.493671,12.253214,6.760245,-7.831326
batch_00450_patch.tiff,patch_71,10.076918,10.639341,8.224408,8.186585,-8.120135
batch_00450_patch.tiff,patch_72,13.328946,8.686678,22.424902,4.1295733,-8.971959
batch_00450_patch.tiff,patch_73,9.6285305,6.763439,13.405212,3.613746,-7.4683204
batch_00450_patch.tiff,patch_74,11.500259,4.2333937,14.893753,8.121225,-7.0128016
batch_00450_patch.tiff,patch_75,9.250672,7.0215783,5.3333497,10.65579,-9.752725
batch_00450_patch.tiff,patch_76,19.203266,12.333822,25.433098,9.080402,-5.7180276
batch_00450_patch.tiff,patch_77,15.017776,9.302098,20.913296,9.598285,-11.736905
batch_00450_patch.tiff,patch_78,8.771977,5.7559752,14.089667,7.5856357,-7.3676896
batch_00450_patch.tiff,patch_79,7.221393,3.0381775,10.482501,8.049807,-8.524271
batch_00450_patch.tiff,patch_80,7.997414,8.379511,11.945511,8.051075,-5.2443657
batch_00450_patch.tiff,patch_81,12.486655,11.333744,15.208046,9.49087,-8.377056
batch_00450_patch.tiff,patch_82,12.045571,7.19046,16.861525,3.3837123,-7.634119
batch_00450_patch.tiff,patch_83,8.560998,4.1777816,19.74055,6.621329,-2.1028342
batch_00450_patch.tiff,patch_84,11.243965,6.1446123,12.571423,10.985643,-2.8579724
batch_00450_patch.tiff,patch_85,12.093528,6.1864924,14.946293,4.314026,-7.4214897
batch_00450_patch.tiff,patch_86,5.533763,8.696421,10.621917,3.1603458,-11.903053
batch_00450_patch.tiff,patch_87,7.3120117,6.225265,10.807514,10.066684,-6.343789
batch_00450_patch.tiff,patch_88,10.224406,10.41603,14.152136,8.277821,-7.8337097
batch_00450_patch.tiff,patch_89,15.13591,22.675482,15.795787,1.9160147,-7.7227345
batch_00450_patch.tiff,patch_90,18.210886,20.043127,8.578763,0.7776592,-11.695815
batch_00450_patch.tiff,patch_91,11.679412,8.391464,12.485093,2.5415604,-10.114203
batch_00450_patch.tiff,patch_92,11.266591,6.1455774,5.0781426,3.489253,-11.661365
batch_00450_patch.tiff,patch_93,8.984176,7.1750393,16.463411,8.884665,-0.6309526
batch_00450_patch.tiff,patch_94,10.474783,6.868681,10.369212,7.8976,-2.9491944
batch_00450_patch.tiff,patch_95,9.196355,10.60308,10.56851,2.9053564,-9.559846
batch_00450_patch.tiff,patch_96,12.275415,7.9157777,13.132384,3.4927564,-10.531362
batch_00450_patch.tiff,patch_97,8.698713,5.901637,15.085449,5.183854,-6.8263726
batch_00450_patch.tiff,patch_98,11.965953,4.048902,7.32441,10.264954,-10.959007
batch_00450_patch.tiff,patch_99,9.498342,4.765219,11.156793,5.034171,-9.084717
batch_00450_patch.tiff,patch_100,13.450984,4.063196,5.5848403,3.0802932,-11.286918
batch_00450_patch.tiff,patch_101,12.859997,7.2070837,14.39057,8.367549,-0.6513181
batch_00450_patch.tiff,patch_102,13.692587,5.6962414,7.4531803,8.864761,-7.2766166
batch_00450_patch.tiff,patch_103,8.029773,10.244937,6.2838492,6.8845577,-11.72619
batch_00450_patch.tiff,patch_104,11.211415,7.674858,6.6717534,8.662943,-10.697257
batch_00450_patch.tiff,patch_105,11.26511,5.014813,16.876865,5.573428,-8.369396
batch_00450_patch.tiff,patch_106,8.334964,10.031055,8.528702,7.5792685,-12.281446
batch_00450_patch.tiff,patch_107,15.741107,15.523255,16.564678,9.491929,-5.855765
batch_00450_patch.tiff,patch_108,8.84746,7.625752,12.375354,5.978398,-9.752372
batch_00450_patch.tiff,patch_109,6.570906,5.4750013,10.725071,7.224738,-11.290033
batch_00450_patch.tiff,patch_110,5.1202893,9.378534,9.600411,13.102458,-4.5155854
batch_00450_patch.tiff,patch_111,8.478514,5.9681706,6.35141,5.0852075,-12.056473
batch_00450_patch.tiff,patch_112,8.367003,7.881395,7.5069227,5.9329314,-11.360921
batch_00450_patch.tiff,patch_113,11.258148,4.956581,17.669798,7.5007505,-7.7152247
batch_00450_patch.tiff,patch_114,11.029411,6.560867,1.7565496,9.928565,-12.81274
batch_00450_patch.tiff,patch_115,16.932882,11.350695,8.557889,6.660117,-4.621165
batch_00450_patch.tiff,patch_116,15.802016,17.09632,10.857633,6.5332465,-7.396775
batch_00450_patch.tiff,patch_117,8.477361,4.519687,11.975524,8.851712,-9.490765
batch_00450_patch.tiff,patch_118,13.058978,-0.24654378,1.3303571,8.458298,-9.83858
batch_00450_patch.tiff,patch_119,8.0704365,11.274872,19.542576,10.38141,-0.73919195
batch_00450_patch.tiff,patch_120,7.4369016,5.618175,17.881588,8.799271,-1.6420295
batch_00450_patch.tiff,patch_121,7.2934513,14.355024,10.890045,8.795203,-10.202321
batch_00450_patch.tiff,patch_122,8.312584,8.259231,5.6688614,4.8810353,-13.553979
batch_00450_patch.tiff,patch_123,16.045559,10.512932,21.464077,8.787198,-10.081654
batch_00450_patch.tiff,patch_124,18.253502,7.965808,23.234491,7.1808734,-9.376161
batch_00450_patch.tiff,patch_125,7.029748,5.0110564,7.617154,1.8208162,-9.845495
batch_00450_patch.tiff,patch_126,6.0062337,4.7111807,8.650086,0.18987085,-7.6558223
batch_00450_patch.tiff,patch_127,9.123517,7.1676645,13.585226,5.269683,-4.46445
batch_00450_patch.tiff,patch_128,9.449738,1.7742244,6.6663103,4.7082295,-8.808796
batch_00450_patch.tiff,patch_129,13.306657,8.799228,7.8360677,11.410874,-6.6460304
batch_00450_patch.tiff,patch_130,14.085648,8.407705,9.041045,11.415593,-6.6507683
batch_00450_patch.tiff,patch_131,3.940698,12.836379,1.186158,3.96685,-13.542207
batch_00450_patch.tiff,patch_132,8.83298,9.304648,7.112546,6.2321286,-13.07917
batch_00450_patch.tiff,patch_133,17.74231,11.76633,25.692541,8.517161,-7.1780295
batch_00450_patch.tiff,patch_134,7.9545264,6.9803987,4.2261333,9.730351,-5.0579185
batch_00450_patch.tiff,patch_135,6.358591,7.3705645,9.640291,2.5046618,-4.9163194
batch_00450_patch.tiff,patch_136,6.6733704,16.777105,8.361937,7.2086964,-6.60306
batch_00450_patch.tiff,patch_137,10.907322,1.4619955,9.808731,6.0823636,-9.048346
batch_00450_patch.tiff,patch_138,6.817809,3.9807587,9.18852,5.9680686,-8.836508
batch_00450_patch.tiff,patch_139,11.533323,10.781457,12.404072,11.606567,-4.618893
batch_00450_patch.tiff,patch_140,11.032905,8.298196,9.433068,8.614571,-9.963364
batch_00450_patch.tiff,patch_141,7.9930677,5.358839,6.521971,6.302781,-13.614967
batch_00450_patch.tiff,patch_142,6.364366,9.357194,6.9401393,6.4522743,-14.637812
batch_00450_patch.tiff,patch_143,7.460874,5.5101504,7.8750305,4.216955,-3.8451076
batch_00450_patch.tiff,patch_144,10.228171,5.319959,5.411046,3.3684018,-8.7433
batch_00450_patch.tiff,patch_145,5.9025984,8.198838,10.333507,1.0344063,-7.8661184
batch_00450_patch.tiff,patch_146,4.8576126,8.602109,0.2877184,-1.6125174,-8.877804
batch_00450_patch.tiff,patch_147,4.8835287,6.899752,3.5081177,6.1885543,-10.701357
batch_00450_patch.tiff,patch_148,4.523038,4.8390894,4.117563,6.165118,-12.540182
batch_00500_patch.tiff,patch_0,11.886375,2.5317776,6.121233,6.8950367,-12.387001
batch_00500_patch.tiff,patch_1,6.95027,9.554297,9.73795,7.597448,-11.697288
batch_00500_patch.tiff,patch_2,11.472715,6.076697,1.2134526,7.455793,-9.354855
batch_00500_patch.tiff,patch_3,11.881727,8.966266,8.233519,4.6145363,-8.93865
batch_00500_patch.tiff,patch_4,7.2209253,11.32759,11.926941,3.5915303,-6.4650955
batch_00500_patch.tiff,patch_5,6.062487,5.843351,6.6773367,5.756844,-8.9148445
batch_00500_patch.tiff,patch_6,13.808236,8.62604,18.463394,5.3170166,-8.5748825
batch_00500_patch.tiff,patch_7,16.439257,9.394459,15.637045,8.539183,-8.109145
batch_00500_patch.tiff,patch_8,8.816289,8.241469,13.165836,5.4668818,-6.2252836
batch_00500_patch.tiff,patch_9,6.9293256,9.012383,11.777577,5.225076,-8.695246
batch_00500_patch.tiff,patch_10,5.7502394,6.072177,6.2786307,4.485452,-10.136016
batch_00500_patch.tiff,patch_11,6.687282,4.3292933,6.5023313,8.716297,-9.231381
batch_00500_patch.tiff,patch_12,8.262849,6.3480797,6.054984,2.3524692,-10.258462
batch_00500_patch.tiff,patch_13,9.173666,8.210638,3.577558,3.5365129,-10.465454
batch_00500_patch.tiff,patch_14,9.826661,7.0655093,10.182139,12.19127,-7.956909
batch_00500_patch.tiff,patch_15,8.274152,4.993121,4.3532906,0.5638127,-7.941527
batch_00500_patch.tiff,patch_16,10.411487,7.708932,3.121204,4.984578,-9.137512
batch_00500_patch.tiff,patch_17,14.614364,9.189023,18.778458,11.232908,-9.122532
batch_00500_patch.tiff,patch_18,13.681608,10.676169,9.642768,7.7867937,-12.018857
batch_00500_patch.tiff,patch_19,8.68519,11.049714,13.902793,6.4044375,-9.393053
batch_00500_patch.tiff,patch_20,9.45209,11.3496275,14.532218,6.567942,-9.871204
batch_00500_patch.tiff,patch_21,6.9493914,5.223863,11.277349,8.389338,-7.5594544
batch_00500_patch.tiff,patch_22,9.314649,7.4963517,15.413954,7.041824,-3.5906382
batch_00500_patch.tiff,patch_23,11.684244,6.0852714,13.709493,5.079426,-9.761252
batch_00500_patch.tiff,patch_24,9.0184555,10.786016,9.20679,3.6254153,-12.974766
batch_00500_patch.tiff,patch_25,11.453992,8.378282,2.6526287,2.2394223,-10.467241
batch_00500_patch.tiff,patch_26,5.438268,9.965279,12.516106,5.8038735,-7.2996135
batch_00500_patch.tiff,patch_27,5.5824018,6.069841,13.174138,1.9298707,-10.744149
batch_00500_patch.tiff,patch_28,9.124328,11.519507,11.714995,6.4533443,-9.620723
batch_00500_patch.tiff,patch_29,11.458156,13.078027,17.182302,3.659114,-8.420784
batch_00500_patch.tiff,patch_30,3.5036938,4.541076,6.630079,4.866865,-12.041377
batch_00500_patch.tiff,patch_31,6.7686625,5.11889,10.380278,8.970521,-9.117906
batch_00500_patch.tiff,patch_32,9.738744,5.379897,13.081138,4.40977,-8.038732
batch_00500_patch.tiff,patch_33,9.884662,7.309763,4.869365,3.6463213,-13.5466175
batch_00500_patch.tiff,patch_34,8.819081,5.767846,6.233299,3.2022889,-8.859844
batch_00500_patch.tiff,patch_35,4.2637477,5.017604,10.816717,-2.8516607,-7.4230657
batch_00500_patch.tiff,patch_36,4.9046907,3.3855505,10.570973,2.5296583,-8.96221
batch_00500_patch.tiff,patch_37,8.329434,12.0289,16.230875,5.279124,-6.110143
batch_00500_patch.tiff,patch_38,8.934646,10.875324,13.754508,6.0048614,-7.7537417
batch_00500_patch.tiff,patch_39,5.372718,5.3981476,9.284981,8.557051,-6.7811623
batch_00500_patch.tiff,patch_40,14.0604105,7.7531204,23.059013,10.252,-10.849772
batch_00500_patch.tiff,patch_41,6.627609,7.0741568,4.896795,5.9001856,-9.03857
batch_00500_patch.tiff,patch_42,6.9064255,9.490869,5.532463,7.0629635,-12.176844
batch_00500_patch.tiff,patch_43,10.157126,6.8058014,9.374788,4.331522,-15.178114
batch_00500_patch.tiff,patch_44,13.898902,5.599595,6.0933046,6.026585,-11.732968
batch_00500_patch.tiff,patch_45,9.017771,12.442959,14.292032,6.483612,-10.072232
batch_00500_patch.tiff,patch_46,8.345817,13.588346,12.10791,6.041139,-6.900813
batch_00500_patch.tiff,patch_47,6.4740276,7.5053144,9.020047,4.656491,-8.672402
batch_00500_patch.tiff,patch_48,8.090672,10.578694,13.222381,7.5556383,-6.7624254
batch_00500_patch.tiff,patch_49,15.375926,10.047946,22.849407,5.1709185,-8.19016
batch_00500_patch.tiff,patch_50,18.606356,8.243224,23.018965,7.017867,-7.3631706
batch_00500_patch.tiff,patch_51,7.960598,10.774671,4.2517786,5.4787126,-13.762656
batch_00500_patch.tiff,patch_52,5.356492,11.57462,6.0213113,5.6583676,-12.955195
batch_00500_patch.tiff,patch_53,4.263272,6.876728,7.5591908,3.340195,-12.892223
batch_00500_patch.tiff,patch_54,8.699764,7.5700617,8.031668,3.5027616,-10.828823
batch_00500_patch.tiff,patch_55,6.8010535,9.6772375,12.632564,8.060108,-7.69429
batch_00500_patch.tiff,patch_56,8.249437,5.1046185,8.146109,10.317964,-5.9084888
batch_00500_patch.tiff,patch_57,7.6193466,8.858658,12.778994,7.090127,-8.787963
batch_00500_patch.tiff,patch_58,7.7240806,9.112681,12.079861,6.894381,-6.315593
batch_00500_patch.tiff,patch_59,10.674302,6.823664,13.583628,8.334781,-9.712007
batch_00500_patch.tiff,patch_60,10.659799,8.929872,11.327061,5.4090166,-7.8955584
batch_00500_patch.tiff,patch_61,12.3748045,6.674746,10.051899,6.5162015,-8.055851
batch_00500_patch.tiff,patch_62,11.014639,5.253501,15.362401,6.706379,-7.2918525
batch_00500_patch.tiff,patch_63,8.485825,8.37448,13.663638,-0.062072095,-5.6143312
batch_00500_patch.tiff,patch_64,7.8209944,6.32642,8.873911,4.8053284,-6.510317
batch_00500_patch.tiff,patch_65,15.713553,8.611786,20.65533,6.821027,-9.513224
batch_00500_patch.tiff,patch_66,11.961566,10.507828,21.390553,6.840286,-8.508167
batch_00500_patch.tiff,patch_67,4.63879,8.588485,8.86341,6.611788,-9.986406
batch_00500_patch.tiff,patch_68,7.596886,10.663494,17.155724,7.5763354,-4.5290184
batch_00500_patch.tiff,patch_69,10.982512,6.427889,15.122634,4.0309,-9.618675
batch_00500_patch.tiff,patch_70,16.230644,3.8469057,1.6327798,4.4392138,-10.895955
batch_00500_patch.tiff,patch_71,7.326584,7.5394793,4.2044897,5.134948,-10.572422
batch_00500_patch.tiff,patch_72,11.036932,9.045484,6.5136504,7.775658,-9.311067
batch_00500_patch.tiff,patch_73,9.076491,7.301574,12.383553,6.5721827,-7.173256
batch_00500_patch.tiff,patch_74,8.870386,8.640356,11.527468,3.1402001,-10.299315
batch_00500_patch.tiff,patch_75,14.543375,5.453177,22.729939,6.3106556,-9.123488
batch_00500_patch.tiff,patch_76,12.635097,6.664189,19.306963,6.06606,-7.113149
batch_00500_patch.tiff,patch_77,5.9437633,9.747218,10.740458,9.009891,-7.9842753
batch_00500_patch.tiff,patch_78,7.724324,9.074775,10.182745,8.756759,-8.909231
batch_00500_patch.tiff,patch_79,6.7670836,8.152532,10.357799,3.8211617,-6.8109126
batch_00500_patch.tiff,patch_80,6.071457,6.081634,10.114914,4.8908625,-7.5151877
batch_00500_patch.tiff,patch_81,9.444191,12.305253,6.205038,2.8628683,-11.293055
batch_00500_patch.tiff,patch_82,8.343016,6.390152,7.4634495,4.2328405,-9.750562
batch_00500_patch.tiff,patch_83,4.3001943,9.13966,12.245045,6.3388176,-11.151001
batch_00500_patch.tiff,patch_84,8.256055,11.942753,13.245461,4.3004894,-11.589918
batch_00500_patch.tiff,patch_85,6.5749087,8.556782,9.639177,7.8888645,-8.36983
batch_00500_patch.tiff,patch_86,11.358215,9.172682,13.364833,5.6335287,-10.103392
batch_00500_patch.tiff,patch_87,7.788342,7.4986644,2.9366324,-1.2649152,-13.516048
batch_00500_patch.tiff,patch_88,8.049106,8.791593,-0.074626274,0.098990075,-15.761302
batch_00500_patch.tiff,patch_89,5.0855727,8.803036,12.727183,6.103736,-8.152776
batch_00500_patch.tiff,patch_90,9.594641,6.0682144,11.795728,3.0932798,-7.36852
batch_00500_patch.tiff,patch_91,7.617141,3.9336991,8.972802,8.170791,-8.639877
batch_00500_patch.tiff,patch_92,7.528745,8.0067625,5.266516,4.3176837,-9.729189
batch_00500_patch.tiff,patch_93,6.8627567,17.303091,16.607138,-0.5058525,-12.016041
batch_00500_patch.tiff,patch_94,7.4154906,10.891272,15.244523,1.4330559,-11.927354
batch_00500_patch.tiff,patch_95,10.615694,10.470095,15.27625,6.17264,-5.8320045
batch_00500_patch.tiff,patch_96,13.008763,13.133219,13.34668,9.242262,-3.4269402
batch_00500_patch.tiff,patch_97,7.1624193,11.488672,11.538621,2.2075553,-9.265951
batch_00500_patch.tiff,patch_98,7.3064322,8.302844,1.3112137,2.0886254,-15.624023
batch_00500_patch.tiff,patch_99,13.652272,7.638985,10.614706,8.878961,-7.514614
batch_00500_patch.tiff,patch_100,14.252508,2.6597915,-0.30109078,5.0493174,-11.452161
batch_00500_patch.tiff,patch_101,9.808384,6.8167286,9.6263485,3.2230186,-13.061796
batch_00500_patch.tiff,patch_102,9.995934,7.4218717,16.521618,2.1510978,-10.2919655
batch_00500_patch.tiff,patch_103,7.392323,12.74106,14.989201,4.3015347,-6.7012157
batch_00500_patch.tiff,patch_104,8.756342,10.048774,13.415877,7.6911683,-8.569571
batch_00500_patch.tiff,patch_105,11.4797735,9.399325,6.025484,7.998168,-8.621825
batch_00500_patch.tiff,patch_106,7.0507684,9.331254,-1.2753451,-0.24903,-16.372715
batch_00500_patch.tiff,patch_107,10.029065,5.5104585,10.934657,4.0750446,-10.820311
batch_00500_patch.tiff,patch_108,11.801088,6.0838294,10.358533,4.453586,-7.4398923
batch_00500_patch.tiff,patch_109,18.80227,8.867586,24.93332,5.535284,-6.4966264
batch_00500_patch.tiff,patch_110,14.496573,4.0370164,22.865856,6.966203,-11.77165
batch_00500_patch.tiff,patch_111,9.006435,2.9306622,13.288038,2.8720534,-9.816369
batch_00500_patch.tiff,patch_112,8.561908,9.710506,15.366698,3.7128386,-9.641823
batch_00500_patch.tiff,patch_113,5.1449046,8.334484,9.081382,5.016536,-8.283146
batch_00500_patch.tiff,patch_114,7.2536125,11.470526,12.546368,6.6413116,-7.3266325
batch_00500_patch.tiff,patch_115,6.6472106,6.4904976,4.3895645,0.36459762,-12.538424
batch_00500_patch.tiff,patch_116,7.8448496,8.72799,0.8253404,8.717447,-14.198302
batch_00500_patch.tiff,patch_117,12.879873,8.2273655,4.806429,5.0657606,-8.639319
batch_00500_patch.tiff,patch_118,15.200862,6.3288736,8.829121,11.941405,-7.5025687
batch_00500_patch.tiff,patch_119,11.338438,7.193745,17.078247,3.2750883,-2.6679974
batch_00500_patch.tiff,patch_120,8.076122,8.406085,12.963618,5.1783776,-7.7171335
batch_00500_patch.tiff,patch_121,7.1385837,10.1647415,8.718782,1.4633877,-5.0099063
batch_00500_patch.tiff,patch_122,11.590396,6.2919354,12.344987,4.3086867,-7.0916333
batch_00500_patch.tiff,patch_123,6.9525123,11.387776,14.9796505,2.7372265,-9.288485
batch_00500_patch.tiff,patch_124,7.3846107,11.8514595,14.17166,5.333137,-6.7548213
batch_00500_patch.tiff,patch_125,15.240396,7.8398676,23.309002,7.611261,-12.055327
batch_00500_patch.tiff,patch_126,13.543908,10.945767,20.031479,9.6454525,-9.564883
batch_00500_patch.tiff,patch_127,14.028564,8.8054695,13.314589,5.7219353,-6.423669
batch_00500_patch.tiff,patch_128,11.144836,7.415405,3.3878934,5.3280225,-10.518238
batch_00500_patch.tiff,patch_129,10.37934,10.23024,15.475955,3.0896978,-8.750211
batch_00500_patch.tiff,patch_130,4.9739933,5.409323,7.4712076,2.523367,-9.827956
batch_00500_patch.tiff,patch_131,4.557937,2.6681094,8.8105135,5.701015,-11.932568
batch_00500_patch.tiff,patch_132,7.801481,7.1931033,11.005647,4.0298977,-11.785748
batch_00500_patch.tiff,patch_133,11.563044,12.468791,14.757583,-0.060112048,-7.8479123
batch_00500_patch.tiff,patch_134,9.207616,13.577427,16.478504,3.141668,-8.882764
batch_00500_patch.tiff,patch_135,13.701207,5.2288647,21.66605,5.0843544,-7.7444267
batch_00500_patch.tiff,patch_136,15.818079,9.460164,18.390715,7.242768,-7.0215898
batch_00500_patch.tiff,patch_137,8.343641,8.307548,1.5148718,4.277188,-13.439099
batch_00500_patch.tiff,patch_138,10.76083,9.554485,3.2664113,4.5324554,-12.73857
batch_00500_patch.tiff,patch_139,6.570162,4.6157284,11.084667,2.382638,-7.308679
batch_00500_patch.tiff,patch_140,10.242859,4.9157557,6.8736057,3.357751,-9.700505
batch_00500_patch.tiff,patch_141,4.7031956,9.840088,9.738802,4.3956547,-13.052127
batch_00500_patch.tiff,patch_142,6.5525727,8.208832,9.041394,4.4630036,-9.613629
batch_00500_patch.tiff,patch_143,7.478887,8.376792,8.499974,9.495002,-4.607404
batch_00500_patch.tiff,patch_144,8.860403,10.205713,12.521303,10.926513,-7.362158
batch_00500_patch.tiff,patch_145,4.078722,6.539141,5.1274347,3.5772908,-13.522926
batch_00500_patch.tiff,patch_146,9.362801,7.7908006,6.970459,7.016409,-12.250445
batch_00550_patch.tiff,patch_0,8.765776,7.966012,0.92009836,1.6683844,-14.192853
batch_00550_patch.tiff,patch_1,8.710296,10.430637,0.8338137,0.5064968,-12.444401
batch_00550_patch.tiff,patch_2,14.940293,6.018785,18.395775,7.594678,-9.955715
batch_00550_patch.tiff,patch_3,13.643267,12.4470415,16.344658,13.627917,-7.8296895
batch_00550_patch.tiff,patch_4,10.987412,10.333638,12.851459,12.159975,-10.714049
batch_00550_patch.tiff,patch_5,8.871087,9.914123,13.708334,8.580512,-8.995488
batch_00550_patch.tiff,patch_6,13.734183,7.1187596,15.185894,5.831237,-5.439518
batch_00550_patch.tiff,patch_7,17.09266,7.63324,5.561432,7.9060354,-5.411042
batch_00550_patch.tiff,patch_8,7.522819,6.6186304,3.340611,3.7760787,-9.4931755
batch_00550_patch.tiff,patch_9,7.681059,6.7677913,6.5789666,0.9755869,-5.731731
batch_00550_patch.tiff,patch_10,10.857804,7.643588,13.332658,1.4394672,-8.138562
batch_00550_patch.tiff,patch_11,9.478698,9.864819,1.656086,1.6369879,-13.17772
batch_00550_patch.tiff,patch_12,6.456533,10.418832,2.020375,1.3928282,-15.107668
batch_00550_patch.tiff,patch_13,13.86132,9.100093,23.909098,8.381287,-11.920523
batch_00550_patch.tiff,patch_14,16.487654,12.467972,12.302036,10.345062,-7.6443644
batch_00550_patch.tiff,patch_15,4.3923945,4.7189865,10.506864,8.220848,-13.78098
batch_00550_patch.tiff,patch_16,5.8927293,3.937708,9.445729,3.8819966,-12.941805
batch_00550_patch.tiff,patch_17,14.67926,8.85028,19.256523,3.836128,-4.8097763
batch_00550_patch.tiff,patch_18,11.972285,5.653104,12.359291,5.9444585,-4.4399533
batch_00550_patch.tiff,patch_19,6.387416,7.3312798,7.887781,6.1454544,-6.2939157
batch_00550_patch.tiff,patch_20,6.259391,7.01734,4.197094,2.9133565,-8.960446
batch_00550_patch.tiff,patch_21,7.7472043,11.908929,11.002444,3.7522976,-10.0865345
batch_00550_patch.tiff,patch_22,8.866138,9.283318,2.7644365,7.1654105,-8.223746
batch_00550_patch.tiff,patch_23,6.846791,7.995323,0.0378418,5.891036,-11.773317
batch_00550_patch.tiff,patch_24,8.4196,8.7725525,4.3520417,5.7847195,-9.103899
batch_00550_patch.tiff,patch_25,11.242614,5.454755,-2.7426636,7.945324,-11.672425
batch_00550_patch.tiff,patch_26,12.636891,14.546032,17.453875,8.255017,-9.258395
batch_00550_patch.tiff,patch_27,10.470749,13.203109,15.553627,9.26289,-9.363832
batch_00550_patch.tiff,patch_28,14.0612135,6.9174232,8.790507,3.232443,-6.168842
batch_00550_patch.tiff,patch_29,11.995517,5.393154,1.0909055,1.3140159,-9.530829
batch_00550_patch.tiff,patch_30,11.743304,9.001868,16.061975,2.012249,-11.973979
batch_00550_patch.tiff,patch_31,10.977674,9.2247715,16.2473,8.635256,-10.561673
batch_00550_patch.tiff,patch_32,9.172382,8.6506195,12.828906,4.8131022,-8.542353
batch_00550_patch.tiff,patch_33,8.373502,6.0572333,8.750357,5.9154124,-10.544151
batch_00550_patch.tiff,patch_34,9.303167,6.1693482,2.3449917,8.229765,-11.435403
batch_00550_patch.tiff,patch_35,10.388278,7.6567082,3.058333,5.4875383,-8.584795
batch_00550_patch.tiff,patch_36,13.984959,2.0173023,1.3449272,7.627746,-8.409928
batch_00550_patch.tiff,patch_37,8.33136,12.496515,12.661029,5.517015,-6.9788284
batch_00550_patch.tiff,patch_38,9.503377,9.485287,10.068498,9.798549,-17.117437
batch_00550_patch.tiff,patch_39,7.399473,7.8435597,1.8516195,4.2520638,-13.376492
batch_00550_patch.tiff,patch_40,5.950076,6.6580276,2.0471878,4.4233737,-12.432756
batch_00550_patch.tiff,patch_41,10.871305,9.5769615,9.684127,3.9701443,-1.1159137
batch_00550_patch.tiff,patch_42,9.780465,9.58254,14.947077,7.485396,-11.794877
batch_00550_patch.tiff,patch_43,17.200079,8.172574,14.394056,13.680802,-8.759503
batch_00550_patch.tiff,patch_44,9.682419,8.195923,7.259255,4.280585,-10.956521
batch_00550_patch.tiff,patch_45,6.3379836,8.32303,1.0983696,1.2113901,-13.645174
batch_00550_patch.tiff,patch_46,9.632102,7.584253,-0.07926427,1.3506272,-13.840982
batch_00550_patch.tiff,patch_47,10.472795,4.633391,10.830793,8.082148,-4.623314
batch_00550_patch.tiff,patch_48,3.3324049,11.473962,7.222293,3.973604,-10.4831085
batch_00550_patch.tiff,patch_49,7.1132274,12.582047,9.370997,2.9549506,-12.587373
batch_00550_patch.tiff,patch_50,7.807273,10.514702,9.571835,3.9276319,-8.52151
batch_00550_patch.tiff,patch_51,5.3547645,8.398143,0.415695,3.3887746,-14.839503
batch_00550_patch.tiff,patch_52,10.270253,11.848357,5.162874,4.848824,-8.82604
batch_00550_patch.tiff,patch_53,14.851651,14.273795,11.666734,7.3370566,-6.3365912
batch_00550_patch.tiff,patch_54,6.263708,12.212219,8.408992,6.8405447,-9.192279
batch_00550_patch.tiff,patch_55,4.165258,5.884276,7.502696,2.367963,-7.318098
batch_00550_patch.tiff,patch_56,7.14684,6.5312166,0.21451005,1.2031859,-13.393598
batch_00550_patch.tiff,patch_57,8.757258,7.9249372,-2.1875396,0.66586787,-14.555571
batch_00550_patch.tiff,patch_58,7.888966,8.012686,2.1148694,4.184318,-13.325138
batch_00550_patch.tiff,patch_59,10.002279,10.908029,5.12645,6.369132,-10.852454
batch_00550_patch.tiff,patch_60,7.8294077,10.160013,10.380702,6.1799564,-11.717916
batch_00550_patch.tiff,patch_61,8.939544,11.331421,9.174005,3.116883,-10.511581
batch_00550_patch.tiff,patch_62,7.3789525,12.159243,6.9772787,0.26648897,-12.490407
batch_00550_patch.tiff,patch_63,13.52742,6.5560756,5.979601,3.1051953,-8.715635
batch_00550_patch.tiff,patch_64,9.608229,12.832892,4.880552,3.4286609,-8.562991
batch_00550_patch.tiff,patch_65,16.449873,19.011599,12.556807,8.570573,-6.038261
batch_00550_patch.tiff,patch_66,2.192602,8.819731,6.453084,0.7094443,-6.653806
batch_00550_patch.tiff,patch_67,4.9570823,9.658745,5.109382,7.1755557,-8.381757
batch_00550_patch.tiff,patch_68,5.1508775,10.76146,5.5024056,0.5733859,-10.837287
batch_00550_patch.tiff,patch_69,7.646558,11.118533,1.4363654,1.8461124,-15.941486
batch_00550_patch.tiff,patch_70,13.340376,3.4487803,0.85975635,6.003402,-8.356124
batch_00550_patch.tiff,patch_71,12.47191,5.581928,3.1421597,5.443658,-8.016737
batch_00550_patch.tiff,patch_72,17.930487,7.2579513,18.31993,5.6593714,-9.931601
batch_00550_patch.tiff,patch_73,11.74416,11.815927,13.907001,5.216234,-12.282674
batch_00550_patch.tiff,patch_74,7.6028943,6.57822,11.1389265,6.288324,-6.3190145
batch_00550_patch.tiff,patch_75,7.6164575,5.102616,13.662537,6.5641503,-3.445323
batch_00550_patch.tiff,patch_76,8.634067,4.331325,3.2405348,2.5153136,-8.746282
batch_00550_patch.tiff,patch_77,6.624071,7.169057,5.7440047,0.5561555,-6.6221046
batch_00550_patch.tiff,patch_78,4.8560295,8.130926,0.19843775,1.6137177,-12.922165
batch_00550_patch.tiff,patch_79,6.0710015,12.369349,2.383721,1.0097443,-14.452645
batch_00550_patch.tiff,patch_80,10.632102,6.383546,2.012587,7.942946,-9.162249
batch_00550_patch.tiff,patch_81,6.2994304,8.732352,0.99370223,6.4585743,-10.92825
batch_00550_patch.tiff,patch_82,18.532524,9.337244,23.186241,6.1113772,-9.998464
batch_00550_patch.tiff,patch_83,13.014599,7.8045774,11.462141,3.5310822,-9.371476
batch_00550_patch.tiff,patch_84,12.625393,6.6778727,14.43259,6.5197144,-5.831912
batch_00550_patch.tiff,patch_85,8.942316,5.1556244,9.965752,5.5941443,-4.2269893
batch_00550_patch.tiff,patch_86,6.9202504,8.097661,3.191763,5.9518347,-10.160515
batch_00550_patch.tiff,patch_87,4.8133507,7.4596157,3.4748049,0.9160648,-8.01959
batch_00550_patch.tiff,patch_88,9.939409,4.9985147,2.5931387,8.899916,-10.819308
batch_00550_patch.tiff,patch_89,10.197242,4.387342,1.2495339,7.235828,-8.604345
batch_00550_patch.tiff,patch_90,8.495938,7.203893,1.6269356,5.790736,-11.195293
batch_00550_patch.tiff,patch_91,13.333215,10.291732,2.34547,3.8139453,-13.166929
batch_00550_patch.tiff,patch_92,3.570116,11.546036,12.439635,2.8272424,-8.967783
batch_00550_patch.tiff,patch_93,7.688767,11.464687,9.270372,6.0432,-10.801614
batch_00550_patch.tiff,patch_94,5.2476864,8.301882,0.1346318,-0.5003855,-12.201092
batch_00550_patch.tiff,patch_95,2.9318297,8.466777,3.6556787,-2.223718,-11.362879
batch_00550_patch.tiff,patch_96,8.26659,12.511312,10.677505,8.216559,-10.21213
batch_00550_patch.tiff,patch_97,5.6259384,5.2462177,6.2021394,7.3077884,-10.174005
batch_00550_patch.tiff,patch_98,10.859444,5.1695952,1.2821532,4.897917,-9.4204445
batch_00550_patch.tiff,patch_99,10.980863,5.2989063,0.6368367,8.2853985,-8.700493
batch_00550_patch.tiff,patch_100,12.593922,6.424992,2.3735337,4.9980497,-11.340467
batch_00550_patch.tiff,patch_101,11.5346365,9.342611,3.8729544,4.534353,-9.914742
batch_00550_patch.tiff,patch_102,14.167508,9.089492,12.263223,8.188842,-10.140744
batch_00550_patch.tiff,patch_103,9.070369,11.854879,15.454422,7.2251587,-8.318014
batch_00550_patch.tiff,patch_104,4.242976,10.46874,4.89726,1.0912536,-10.974499
batch_00550_patch.tiff,patch_105,7.6756625,13.18823,3.4976687,1.5206428,-14.9731
batch_00550_patch.tiff,patch_106,14.123025,14.535749,9.179199,2.0560186,-3.524603
batch_00550_patch.tiff,patch_107,10.78311,14.576646,7.09247,4.8282537,-4.4250116
batch_00550_patch.tiff,patch_108,6.8525414,4.869772,7.645035,2.8874958,-7.0855765
batch_00550_patch.tiff,patch_109,11.4176855,10.650185,17.140554,3.2450817,-7.5249796
batch_00550_patch.tiff,patch_110,8.661475,8.184247,4.086531,4.3428035,-10.6759405
batch_00550_patch.tiff,patch_111,13.602784,3.1077247,3.7620556,7.446915,-10.546387
batch_00550_patch.tiff,patch_112,15.399868,9.160991,17.396004,3.0389001,-16.062943
batch_00550_patch.tiff,patch_113,13.552159,11.490676,11.531803,6.572994,-11.600354
batch_00550_patch.tiff,patch_114,12.399366,4.3796268,15.605113,8.887932,-6.3368692
batch_00550_patch.tiff,patch_115,11.243158,7.093439,14.3417845,8.068558,-1.2217765
batch_00550_patch.tiff,patch_116,8.630456,9.116208,11.691959,6.695311,-6.561061
batch_00550_patch.tiff,patch_117,8.544801,10.110074,1.9822252,4.82928,-13.04975
batch_00550_patch.tiff,patch_118,11.937224,7.5295362,7.0085196,6.2279935,-4.613873
batch_00550_patch.tiff,patch_119,12.487646,6.543975,17.497782,7.9527416,-10.904928
batch_00550_patch.tiff,patch_120,9.396747,2.1076417,14.974641,4.654729,-6.5841684
batch_00550_patch.tiff,patch_121,13.744329,7.0696125,7.5064626,3.517793,-11.764186
batch_00550_patch.tiff,patch_122,15.779299,13.128128,11.572895,7.1638317,-6.816112
batch_00550_patch.tiff,patch_123,9.636288,8.810935,14.110259,1.0847483,-8.979518
batch_00550_patch.tiff,patch_124,10.893278,4.306691,14.061607,0.85392845,-5.374782
batch_00550_patch.tiff,patch_125,7.827842,3.6690133,4.2384143,8.385553,-7.214184
batch_00550_patch.tiff,patch_126,8.960098,5.633694,0.4770274,7.5970125,-9.562031
batch_00550_patch.tiff,patch_127,17.602682,7.7892656,24.616125,2.8568928,-12.286181
batch_00550_patch.tiff,patch_128,14.8457365,5.909877,21.008936,8.537215,-7.064183
batch_00550_patch.tiff,patch_129,9.492617,9.818847,3.7926843,1.802942,-13.138859
batch_00550_patch.tiff,patch_130,18.560614,5.7415366,15.3453665,14.163794,-10.149722
batch_00550_patch.tiff,patch_131,13.178288,10.41527,12.515731,8.569835,-8.319395
batch_00550_patch.tiff,patch_132,4.814036,9.424382,6.2452903,4.423692,-6.731454
batch_00550_patch.tiff,patch_133,6.518299,8.306672,4.355519,2.9234028,-7.8851314
batch_00550_patch.tiff,patch_134,10.259139,6.4514775,15.461834,4.711739,-7.3561344
batch_00550_patch.tiff,patch_135,10.745051,6.347389,14.163105,1.0024151,-7.023534
batch_00550_patch.tiff,patch_136,6.9139757,7.7181664,1.5889364,7.4435782,-9.289857
batch_00550_patch.tiff,patch_137,9.691982,8.104969,1.4487858,4.412866,-10.73693
batch_00550_patch.tiff,patch_138,16.994272,11.268151,21.858791,3.7767825,-12.205115
batch_00550_patch.tiff,patch_139,12.01403,6.2023873,15.4866705,5.5532923,-5.864728
batch_00550_patch.tiff,patch_140,11.257715,9.229949,6.2425585,2.116566,-9.400951
batch_00550_patch.tiff,patch_141,16.444828,4.1618786,10.369499,13.549272,-12.841417
batch_00550_patch.tiff,patch_142,16.900656,7.742448,18.500278,11.287596,-8.635268
batch_00550_patch.tiff,patch_143,9.542071,7.6134915,7.412678,3.2293932,-7.8851833
batch_00550_patch.tiff,patch_144,6.087975,8.03931,0.6025162,6.124852,-7.8088346
batch_00550_patch.tiff,patch_145,11.267995,10.179283,16.516924,5.970014,-7.9650273
batch_00550_patch.tiff,patch_146,9.320574,7.2472715,13.908573,-0.89567167,-8.172893
batch_00550_patch.tiff,patch_147,13.1975355,10.46617,21.292686,8.964537,-6.2014294
batch_00550_patch.tiff,patch_148,8.466936,10.504462,16.28806,10.777216,-11.177759
batch_00550_patch.tiff,patch_149,10.900143,9.303293,18.403957,7.909304,-9.260318
batch_00550_patch.tiff,patch_150,15.316213,7.5142765,21.000021,6.990095,-12.584049
batch_00550_patch.tiff,patch_151,12.483775,4.033583,18.993425,4.996321,-6.9700665
batch_00550_patch.tiff,patch_152,10.53685,10.898339,8.134588,4.7896214,-7.1279016
batch_00550_patch.tiff,patch_153,17.566061,9.342636,6.3319426,9.928822,-9.597753
batch_00550_patch.tiff,patch_154,6.231727,7.060388,4.214883,3.9142962,-8.650775
batch_00550_patch.tiff,patch_155,6.5597367,9.279754,5.968416,2.3260753,-8.311687
batch_00600_patch.tiff,patch_0,11.645494,2.8724966,9.508591,2.1641138,-10.714714
batch_00600_patch.tiff,patch_1,11.190741,1.1290923,6.372209,-1.050013,-11.237795
batch_00600_patch.tiff,patch_2,18.016228,9.629182,24.863,7.640046,-8.120457
batch_00600_patch.tiff,patch_3,12.273664,8.546668,18.250933,10.654857,-8.37051
batch_00600_patch.tiff,patch_4,8.558019,10.8522625,12.304315,5.668317,-6.559706
batch_00600_patch.tiff,patch_5,8.823279,11.06314,9.878364,4.420616,-7.9492164
batch_00600_patch.tiff,patch_6,11.298404,15.344519,11.641468,-4.3718853,-20.6695
batch_00600_patch.tiff,patch_7,9.26686,15.842526,12.894395,-4.5783825,-18.03911
batch_00600_patch.tiff,patch_8,15.660783,7.5190635,8.008129,5.3823905,-6.969382
batch_00600_patch.tiff,patch_9,14.077005,2.958641,3.871986,1.2810782,-12.599244
batch_00600_patch.tiff,patch_10,12.037599,2.789121,5.343308,4.975047,-7.9345293
batch_00600_patch.tiff,patch_11,15.908318,9.284736,22.540625,8.941904,-7.6055555
batch_00600_patch.tiff,patch_12,15.504716,8.446486,24.345688,8.868505,-4.8582587
batch_00600_patch.tiff,patch_13,9.304775,10.667501,4.2582774,9.109927,-7.6213
batch_00600_patch.tiff,patch_14,11.033289,6.542772,8.8226795,7.2232013,-6.1604095
batch_00600_patch.tiff,patch_15,8.015854,11.854821,5.489198,-4.459019,-19.172674
batch_00600_patch.tiff,patch_16,12.368032,16.798483,9.761582,-2.211103,-17.70002
batch_00600_patch.tiff,patch_17,14.81095,9.026977,5.100637,2.1819484,-8.357229
batch_00600_patch.tiff,patch_18,12.3215275,-0.39477754,10.278841,1.865991,-9.454129
batch_00600_patch.tiff,patch_19,11.373433,0.55557144,5.1966634,1.1055452,-12.808421
batch_00600_patch.tiff,patch_20,8.353338,5.30512,12.235108,3.652513,-6.191214
batch_00600_patch.tiff,patch_21,9.279992,7.2105103,3.7881908,1.8714244,-7.2645597
batch_00600_patch.tiff,patch_22,11.481896,10.714504,7.652593,2.3425765,-11.244298
batch_00600_patch.tiff,patch_23,12.24985,11.427677,14.399932,3.5099657,-9.640835
batch_00600_patch.tiff,patch_24,11.987448,11.185128,11.916393,6.106694,-9.58055
batch_00600_patch.tiff,patch_25,11.001268,1.2016344,6.7599554,2.9511197,-14.277609
batch_00600_patch.tiff,patch_26,13.3261,3.047028,13.180704,0.5358125,-7.221176
batch_00600_patch.tiff,patch_27,8.275105,6.6940475,9.590983,2.9170473,-7.1915584
batch_00600_patch.tiff,patch_28,6.38627,6.4275403,7.750956,6.4767036,-7.539882
batch_00600_patch.tiff,patch_29,13.044077,10.251486,13.250766,4.631383,-9.169704
batch_00600_patch.tiff,patch_30,13.024704,9.959233,13.515273,8.670911,-8.8878565
batch_00600_patch.tiff,patch_31,14.467469,13.108455,9.379668,8.049846,-8.021515
batch_00600_patch.tiff,patch_32,14.012215,5.599188,17.829502,8.220159,-8.997635
batch_00600_patch.tiff,patch_33,12.730261,8.032365,22.531721,7.925881,-8.713043
batch_00600_patch.tiff,patch_34,11.742456,7.12306,7.782398,3.5584378,-12.117596
batch_00600_patch.tiff,patch_35,12.212442,9.208621,12.6777115,2.8505325,-9.934377
batch_00600_patch.tiff,patch_36,12.313797,6.676411,-0.3372889,2.2752645,-11.746017
batch_00600_patch.tiff,patch_37,10.690285,2.930218,3.9793465,3.076865,-7.9492416
batch_00600_patch.tiff,patch_38,9.212157,10.979939,8.999779,10.342843,-9.301144
batch_00600_patch.tiff,patch_39,10.052846,7.7003245,7.4040294,9.675287,-9.067875
batch_00600_patch.tiff,patch_40,8.077919,10.225804,1.0128995,0.3594038,-9.569955
batch_00600_patch.tiff,patch_41,6.1008325,7.64596,9.667996,0.841543,-8.639846
batch_00600_patch.tiff,patch_42,10.718658,9.200851,10.175465,5.4018908,-6.801993
batch_00600_patch.tiff,patch_43,10.351495,8.816358,6.3657413,6.012719,-7.9646225
batch_00600_patch.tiff,patch_44,18.247688,11.819015,27.94456,4.6343327,-8.627118
batch_00600_patch.tiff,patch_45,15.866661,7.2386794,23.374044,5.7413235,-9.995649
batch_00600_patch.tiff,patch_46,12.6357765,1.1542838,3.9169807,3.525339,-12.786403
batch_00600_patch.tiff,patch_47,9.489919,3.8071253,8.009559,-0.8724206,-12.522204
batch_00600_patch.tiff,patch_48,8.885467,7.746659,1.378808,4.2140803,-11.877257
batch_00600_patch.tiff,patch_49,7.7403026,7.432631,1.6165981,2.5866976,-11.477752
batch_00600_patch.tiff,patch_50,7.028053,11.442575,10.6947565,9.399038,-6.6147857
batch_00600_patch.tiff,patch_51,10.236112,11.279872,11.144696,9.196146,-7.3637943
batch_00600_patch.tiff,patch_52,9.378426,10.413545,1.2759813,3.8979163,-10.14794
batch_00600_patch.tiff,patch_53,5.6708536,9.535714,4.654315,7.208564,-10.239592
batch_00600_patch.tiff,patch_54,11.252803,10.9591055,8.502901,6.5553904,-8.70654
batch_00600_patch.tiff,patch_55,11.81806,6.9500847,6.6094284,7.2012396,-9.420433
batch_00600_patch.tiff,patch_56,13.165086,3.9210787,11.897715,-0.019126927,-12.063608
batch_00600_patch.tiff,patch_57,11.249894,3.1922538,7.6436367,6.5423574,-7.818629
batch_00600_patch.tiff,patch_58,6.702938,5.9310107,10.204994,4.997157,-4.019682
batch_00600_patch.tiff,patch_59,6.7037325,6.493132,12.880951,1.1715231,-4.2062426
batch_00600_patch.tiff,patch_60,13.612232,14.22634,11.027348,6.7966547,-5.921194
batch_00600_patch.tiff,patch_61,10.373941,10.809624,9.6223955,5.97538,-8.795217
batch_00600_patch.tiff,patch_62,17.118597,8.862036,24.781036,7.8043656,-10.529158
batch_00600_patch.tiff,patch_63,18.820684,10.148048,24.339775,8.965045,-7.8171225
batch_00600_patch.tiff,patch_64,15.3744755,9.108485,12.943551,8.070288,-7.0364475
batch_00600_patch.tiff,patch_65,12.721607,11.014366,3.3907285,2.8529758,-8.808915
batch_00600_patch.tiff,patch_66,12.383275,1.3622342,9.05965,3.6402688,-14.332077
batch_00600_patch.tiff,patch_67,11.918046,4.1440735,8.514322,1.8550763,-6.684713
batch_00600_patch.tiff,patch_68,7.4609337,9.239538,9.463157,0.80434775,-5.2932396
batch_00600_patch.tiff,patch_69,5.787232,7.091989,8.629795,0.5576904,-1.0020823
batch_00600_patch.tiff,patch_70,4.9082475,11.342418,8.136751,2.0739589,-9.584518
batch_00600_patch.tiff,patch_71,8.3463125,12.419171,10.850188,5.7603135,-6.265802
batch_00600_patch.tiff,patch_72,12.7338,10.28452,17.540226,10.743989,-8.371028
batch_00600_patch.tiff,patch_73,14.089427,6.887156,14.700424,11.689505,-11.86762
batch_00600_patch.tiff,patch_74,9.593483,15.910532,11.009802,-0.55129164,-11.581229
batch_00600_patch.tiff,patch_75,14.270124,5.9104643,9.463721,3.6485803,-11.938965
batch_00600_patch.tiff,patch_76,12.149307,2.3213537,2.6882195,4.0634503,-12.829915
batch_00600_patch.tiff,patch_77,9.1449585,8.6116905,6.42212,2.395687,-5.361043
batch_00600_patch.tiff,patch_78,10.523487,10.435346,8.749322,2.334242,-1.528685
batch_00600_patch.tiff,patch_79,8.921053,9.699429,10.469196,4.797665,-7.756135
batch_00600_patch.tiff,patch_80,9.426802,10.060909,9.220607,4.8640018,-10.5395975
batch_00600_patch.tiff,patch_81,9.026372,9.404236,10.549489,5.0780654,-8.660718
batch_00600_patch.tiff,patch_82,8.130718,6.1090918,10.082319,7.3439617,-9.590612
batch_00600_patch.tiff,patch_83,12.915487,12.199502,16.406544,2.601255,-9.180767
batch_00600_patch.tiff,patch_84,10.704695,11.11238,15.9131775,4.8492174,-12.033904
batch_00600_patch.tiff,patch_85,12.489431,0.5484723,4.76894,3.6922596,-12.517514
batch_00600_patch.tiff,patch_86,12.303331,1.0532473,3.952924,3.0402787,-7.1447434
batch_00600_patch.tiff,patch_87,9.45059,7.8038774,11.940135,3.9199138,-0.6509991
batch_00600_patch.tiff,patch_88,5.842798,7.587256,5.2402673,2.9764972,-5.6470404
batch_00600_patch.tiff,patch_89,9.06957,12.381931,6.5666747,6.609978,-8.69175
batch_00600_patch.tiff,patch_90,12.703011,10.88621,9.027355,2.7004137,-3.6251183
batch_00600_patch.tiff,patch_91,7.2473764,10.119804,12.744264,3.4940023,-4.443656
batch_00600_patch.tiff,patch_92,6.2870264,7.0193872,13.293945,1.866974,-8.324475
batch_00600_patch.tiff,patch_93,14.264307,11.006109,8.327819,7.221475,-9.971589
batch_00600_patch.tiff,patch_94,11.314695,6.4481773,13.662908,10.314206,-13.265681
batch_00600_patch.tiff,patch_95,15.480115,9.981778,13.801248,12.271019,-6.199729
batch_00600_patch.tiff,patch_96,13.348576,7.5579987,15.959274,12.574231,-5.565389
batch_00600_patch.tiff,patch_97,6.1987734,5.6608043,1.5049052,5.368755,-5.0584426
batch_00600_patch.tiff,patch_98,9.524143,6.3786445,0.04101713,0.18954423,-8.0228195
batch_00600_patch.tiff,patch_99,8.175395,4.995759,12.316657,9.084328,-0.9283915
batch_00600_patch.tiff,patch_100,13.550769,3.7392707,16.111551,7.589702,-2.6161265
batch_00600_patch.tiff,patch_101,5.337346,3.629548,7.332446,11.16605,-11.6064
batch_00600_patch.tiff,patch_102,6.5202785,7.0829816,5.3620863,6.569777,-10.089152
batch_00600_patch.tiff,patch_103,11.834134,10.01256,10.480348,2.926101,-11.049029
batch_00600_patch.tiff,patch_104,12.049005,7.856822,4.0781503,3.9444768,-5.2228675
batch_00600_patch.tiff,patch_105,18.021408,6.6665597,20.887804,6.5963006,-7.0585823
batch_00600_patch.tiff,patch_106,16.207516,5.048755,21.646788,8.803369,-8.844747
batch_00600_patch.tiff,patch_107,2.8626113,9.900174,5.936748,-0.64520884,-4.600826
batch_00600_patch.tiff,patch_108,6.9407864,7.1175237,0.9370022,2.5947807,-6.713512
batch_00600_patch.tiff,patch_109,13.23229,7.7634783,16.22731,12.454613,-2.2479627
batch_00600_patch.tiff,patch_110,12.215834,2.0571861,15.052114,4.4288197,-4.149445
batch_00600_patch.tiff,patch_111,5.917455,2.4179606,9.700328,6.2105117,-10.64128
batch_00600_patch.tiff,patch_112,7.125348,7.4473357,9.594431,6.947755,-11.51065
batch_00600_patch.tiff,patch_113,8.446564,13.473761,9.551535,4.246625,-10.07054
batch_00600_patch.tiff,patch_114,10.573144,2.9194167,1.9888937,1.8675519,-10.373369
batch_00600_patch.tiff,patch_115,11.212412,5.291596,9.676055,1.7821103,-9.131328
batch_00600_patch.tiff,patch_116,12.013617,7.0810847,10.211162,10.570754,-3.8589714
batch_00600_patch.tiff,patch_117,13.862618,6.0661035,16.890167,9.192202,1.6533695
batch_00600_patch.tiff,patch_118,15.055417,14.966933,14.111654,-3.7421708,-14.580646
batch_00600_patch.tiff,patch_119,7.834207,11.912636,4.2300444,-1.484848,-17.317827
batch_00600_patch.tiff,patch_120,16.62632,4.311246,20.24322,7.678711,-7.4587574
batch_00600_patch.tiff,patch_121,13.638083,8.765566,18.990763,9.41465,-5.249485
batch_00600_patch.tiff,patch_122,12.35575,1.5283488,6.1246195,3.8680718,-9.059251
batch_00600_patch.tiff,patch_123,9.541004,4.515502,13.845362,-0.46247697,-7.116761
batch_00600_patch.tiff,patch_124,9.791212,4.121728,12.02326,6.510978,-0.24055986
batch_00600_patch.tiff,patch_125,14.554254,7.3825974,17.196638,11.515763,-4.9105964
batch_00600_patch.tiff,patch_126,10.382019,14.065892,7.170796,-2.093372,-19.440596
batch_00600_patch.tiff,patch_127,9.012953,12.558803,5.5733747,-4.1374855,-18.69497
batch_00600_patch.tiff,patch_128,14.554257,6.204677,16.174019,9.442678,-5.116591
batch_00600_patch.tiff,patch_129,13.230762,4.391222,16.216633,6.7996626,-9.589525
batch_00600_patch.tiff,patch_130,6.4263377,6.517214,8.925102,-1.0038943,-12.466099
batch_00600_patch.tiff,patch_131,13.606555,3.8013344,9.005039,1.3265575,-10.555602
batch_00600_patch.tiff,patch_132,7.5371013,12.0485735,7.4178734,1.1495961,-11.450553
batch_00600_patch.tiff,patch_133,8.889175,9.393453,7.4495883,9.974235,-5.781524
batch_00600_patch.tiff,patch_134,12.257114,11.046931,8.701992,0.5410499,-17.25888
batch_00600_patch.tiff,patch_135,9.855772,11.176195,7.2537737,-0.39260235,-15.368088
batch_00600_patch.tiff,patch_136,13.526956,10.59717,8.434283,5.027555,-6.659911
batch_00600_patch.tiff,patch_137,10.540101,12.691442,11.98163,4.040787,-12.212402
batch_00650_patch.tiff,patch_0,13.21145,9.130775,9.963439,8.3607855,-6.7238564
batch_00650_patch.tiff,patch_1,13.40161,8.053571,13.661798,7.7514944,-6.710574
batch_00650_patch.tiff,patch_2,8.981851,8.528539,14.63023,6.4711833,-14.671652
batch_00650_patch.tiff,patch_3,11.642986,14.384946,9.71694,3.9582503,-8.777084
batch_00650_patch.tiff,patch_4,10.591279,10.163454,8.538969,4.6202736,-11.928311
batch_00650_patch.tiff,patch_5,10.306369,8.417674,14.790866,3.491499,-7.2745585
batch_00650_patch.tiff,patch_6,10.80428,8.910035,16.414026,2.2359364,-4.6450596
batch_00650_patch.tiff,patch_7,8.809816,10.488898,14.450121,4.1017804,-9.1737995
batch_00650_patch.tiff,patch_8,12.069293,14.140594,9.2892065,4.7375474,-10.206387
batch_00650_patch.tiff,patch_9,14.417984,8.803441,14.797564,7.807452,-8.8039665
batch_00650_patch.tiff,patch_10,14.761269,11.294074,10.643243,8.007933,-9.465387
batch_00650_patch.tiff,patch_11,9.849901,13.949905,8.330203,4.4029408,-11.049428
batch_00650_patch.tiff,patch_12,11.275415,7.246297,15.580879,11.898056,-10.340505
batch_00650_patch.tiff,patch_13,14.101883,8.849816,9.356851,7.577901,-5.6172857
batch_00650_patch.tiff,patch_14,17.083134,8.674296,7.745516,6.773139,-9.383303
batch_00650_patch.tiff,patch_15,9.814164,4.3214335,14.474632,5.2967563,-13.3949995
batch_00650_patch.tiff,patch_16,13.645894,7.5858974,13.298735,3.1664913,-12.309502
batch_00650_patch.tiff,patch_17,9.894071,8.267772,13.450943,3.0129397,-8.5036545
batch_00650_patch.tiff,patch_18,12.965036,8.338909,15.670425,2.660612,-7.998697
batch_00650_patch.tiff,patch_19,12.632214,8.278239,16.058655,4.7008944,-3.96625
batch_00650_patch.tiff,patch_20,10.670942,6.9412174,14.273751,5.409104,-8.732482
batch_00650_patch.tiff,patch_21,12.2329445,14.092503,6.9981413,5.953162,-8.5397415
batch_00650_patch.tiff,patch_22,17.740332,6.3800497,18.94731,9.926446,-9.535357
batch_00650_patch.tiff,patch_23,13.764553,6.162151,19.623903,9.169917,-8.2783165
batch_00650_patch.tiff,patch_24,5.6436887,14.677799,3.7639604,-0.84898883,-11.912378
batch_00650_patch.tiff,patch_25,11.672741,4.8532887,14.532546,10.066995,-10.565666
batch_00650_patch.tiff,patch_26,14.978017,9.982226,8.2477,5.5307465,-7.9612536
batch_00650_patch.tiff,patch_27,13.976467,7.691506,10.704439,9.225971,-7.2774596
batch_00650_patch.tiff,patch_28,5.46587,7.6933966,14.000589,4.656611,-12.5038805
batch_00650_patch.tiff,patch_29,7.2041426,2.8770604,12.372886,6.6213036,-13.798288
batch_00650_patch.tiff,patch_30,10.978712,12.660535,13.361363,2.5050654,-6.013824
batch_00650_patch.tiff,patch_31,13.019162,9.136991,13.933188,7.7270074,-7.770404
batch_00650_patch.tiff,patch_32,8.558746,5.1964192,16.007565,8.555446,-10.703585
batch_00650_patch.tiff,patch_33,16.889921,8.516628,14.550697,6.897652,-9.987226
batch_00650_patch.tiff,patch_34,18.738012,7.242248,17.726263,10.23667,-10.500053
batch_00650_patch.tiff,patch_35,17.97043,6.930625,25.003738,5.9459333,-9.462632
batch_00650_patch.tiff,patch_36,13.178866,10.946028,11.834508,5.373521,-10.041408
batch_00650_patch.tiff,patch_37,11.99198,6.457052,7.5645094,0.5728777,-5.745778
batch_00650_patch.tiff,patch_38,12.890898,9.09621,7.4754143,-1.2835867,-9.640104
batch_00650_patch.tiff,patch_39,12.785465,9.565167,13.25211,5.9436464,-8.743786
batch_00650_patch.tiff,patch_40,13.58795,12.099582,13.420361,5.57502,-9.660981
batch_00650_patch.tiff,patch_41,9.772816,12.650324,11.626871,3.3146636,-7.6078205
batch_00650_patch.tiff,patch_42,12.755072,10.566513,18.736444,5.273591,-7.8712993
batch_00650_patch.tiff,patch_43,6.2427945,5.858266,11.205163,12.104165,-8.709274
batch_00650_patch.tiff,patch_44,9.55908,7.704993,12.194618,2.5061164,-6.753797
batch_00650_patch.tiff,patch_45,13.428351,8.429556,13.142469,6.4240313,-6.539408
batch_00650_patch.tiff,patch_46,18.8323,6.5233808,19.020193,7.7495613,-10.425342
batch_00650_patch.tiff,patch_47,15.889714,6.4929614,19.710144,8.562969,-12.443501
batch_00650_patch.tiff,patch_48,12.327427,11.040566,15.379967,5.805567,-9.547985
batch_00650_patch.tiff,patch_49,7.6287036,4.671532,16.460989,8.099756,-12.71884
batch_00650_patch.tiff,patch_50,15.975462,6.7607937,16.474195,5.7395806,-8.890279
batch_00650_patch.tiff,patch_51,11.0350065,11.595784,11.312135,6.8964744,-5.80237
batch_00650_patch.tiff,patch_52,11.756532,11.843152,9.694557,5.0404406,-6.5140657
batch_00650_patch.tiff,patch_53,10.912363,12.110683,20.268501,10.059946,-6.6228557
batch_00650_patch.tiff,patch_54,11.987778,6.033433,22.8147,7.953289,-3.0713868
batch_00650_patch.tiff,patch_55,12.946558,8.017696,13.366051,10.8866,-10.823982
batch_00650_patch.tiff,patch_56,13.327918,4.186988,12.801992,7.5682254,-7.8455486
batch_00650_patch.tiff,patch_57,10.6785755,13.108518,8.131636,4.3271756,-9.440446
batch_00650_patch.tiff,patch_58,7.255385,11.275777,7.5447607,5.853198,-8.75655
batch_00650_patch.tiff,patch_59,13.008957,7.97798,16.548857,8.606889,-8.925379
batch_00650_patch.tiff,patch_60,15.060362,12.437561,14.795951,10.421971,-8.965622
batch_00650_patch.tiff,patch_61,9.01152,11.904764,12.193612,4.304364,-8.58703
batch_00650_patch.tiff,patch_62,13.849861,10.3691435,19.832062,8.267889,-7.117696
batch_00650_patch.tiff,patch_63,8.584785,8.340725,18.331383,9.343721,-11.300595
batch_00650_patch.tiff,patch_64,13.827329,10.46455,9.943287,6.098937,-9.195676
batch_00650_patch.tiff,patch_65,14.405173,9.024659,15.788301,9.076811,-9.510019
batch_00650_patch.tiff,patch_66,14.188443,6.7462797,9.482909,9.025116,-6.988983
batch_00650_patch.tiff,patch_67,13.489162,6.408195,16.569847,9.115558,-11.297955
batch_00650_patch.tiff,patch_68,15.347209,9.055173,14.608485,5.7420354,-9.751953
batch_00650_patch.tiff,patch_69,11.623847,9.212062,13.327683,7.858708,-7.2052345
batch_00650_patch.tiff,patch_70,10.8907,6.7512226,14.433005,4.7028346,-8.063249
batch_00650_patch.tiff,patch_71,14.651444,6.4570436,15.635421,12.693416,-9.331923
batch_00650_patch.tiff,patch_72,8.171586,7.6039014,11.652212,8.355519,-13.211817
batch_00650_patch.tiff,patch_73,14.788219,8.549504,11.061384,4.9890895,-11.448403
batch_00650_patch.tiff,patch_74,9.820831,11.843173,9.188397,5.199288,-5.972945
batch_00650_patch.tiff,patch_75,12.996167,11.436985,10.534346,5.9371624,-10.294775
batch_00650_patch.tiff,patch_76,9.259396,8.578573,8.758796,8.649121,-9.605558
batch_00650_patch.tiff,patch_77,12.635382,6.5693884,17.32114,8.996008,-11.935436
batch_00650_patch.tiff,patch_78,9.734662,13.620322,14.457144,4.456337,-7.517002
batch_00650_patch.tiff,patch_79,16.016623,7.824572,16.623959,12.257845,-11.852794
batch_00650_patch.tiff,patch_80,9.343897,12.199751,10.168253,7.16356,-10.428589
batch_00650_patch.tiff,patch_81,14.504014,7.4492645,11.903389,8.280205,-10.74389
batch_00650_patch.tiff,patch_82,7.3102517,14.586755,5.7569165,4.394356,-7.716176
batch_00650_patch.tiff,patch_83,7.9820013,12.186509,5.5007358,4.956122,-8.213697
batch_00650_patch.tiff,patch_84,14.591211,16.82543,11.747576,-0.29059866,-12.559435
batch_00650_patch.tiff,patch_85,12.408858,14.789506,10.858954,0.44713736,-9.920142
batch_00650_patch.tiff,patch_86,6.773838,6.285064,15.190356,9.218712,-10.919541
batch_00650_patch.tiff,patch_87,9.356378,10.562841,10.544253,6.1868567,-12.260663
batch_00650_patch.tiff,patch_88,10.797524,8.966501,14.341321,3.6298745,-8.328684
batch_00650_patch.tiff,patch_89,12.013307,10.389057,13.80187,5.65283,-10.134248
batch_00650_patch.tiff,patch_90,12.915338,11.502035,8.325286,8.399321,-7.735404
batch_00650_patch.tiff,patch_91,12.944741,11.531781,12.399455,5.854983,-10.038346
batch_00650_patch.tiff,patch_92,13.7821,7.9753885,13.52103,5.4372067,-7.57057
batch_00650_patch.tiff,patch_93,8.030035,12.442289,10.600372,0.7693005,-8.166782
batch_00650_patch.tiff,patch_94,11.515233,13.63879,12.296722,0.077382416,-11.537321
batch_00650_patch.tiff,patch_95,10.206853,13.996883,5.7221055,3.4289775,-10.298567
batch_00650_patch.tiff,patch_96,13.695399,5.06856,18.746801,7.6918693,-13.794527
batch_00650_patch.tiff,patch_97,12.087846,14.838793,9.654385,4.458645,-9.99412
batch_00650_patch.tiff,patch_98,12.465194,12.653993,13.239239,4.772025,-11.144692
batch_00650_patch.tiff,patch_99,11.314586,8.6592045,10.584755,8.252106,-10.847029
batch_00650_patch.tiff,patch_100,17.53032,8.010246,18.756008,5.816858,-7.7474732
batch_00650_patch.tiff,patch_101,10.748803,14.419458,7.399198,-0.290633,-10.322325
batch_00650_patch.tiff,patch_102,10.552853,10.285137,12.630495,8.523694,-10.005708
batch_00650_patch.tiff,patch_103,13.610317,10.945725,16.4454,3.7284324,-6.0929155
batch_00650_patch.tiff,patch_104,8.922319,6.6013203,7.0015154,9.247844,-9.141604
batch_00650_patch.tiff,patch_105,15.6927805,9.982971,18.679777,8.731167,-5.68838
batch_00650_patch.tiff,patch_106,10.351042,6.8949647,13.088957,5.150823,-9.081192
batch_00650_patch.tiff,patch_107,12.320173,9.432102,13.477706,8.348209,-9.77564
batch_00650_patch.tiff,patch_108,9.130743,10.5316,9.371413,6.7761207,-11.70887
batch_00650_patch.tiff,patch_109,13.78842,14.101261,13.939481,4.877297,-10.437611
batch_00650_patch.tiff,patch_110,11.555083,5.5635386,12.958582,6.5944076,-7.639652
batch_00650_patch.tiff,patch_111,10.657284,11.100294,12.059654,6.721421,-7.325294
batch_00650_patch.tiff,patch_112,13.188831,9.593206,14.830068,7.1484427,-11.410067
batch_00650_patch.tiff,patch_113,8.99759,11.39405,7.281363,2.4618733,-10.291521
batch_00650_patch.tiff,patch_114,13.25402,5.5357285,13.053234,9.917022,-10.559881
batch_00650_patch.tiff,patch_115,13.741523,6.6625233,12.106466,8.357688,-9.059084
batch_00650_patch.tiff,patch_116,12.747005,11.188153,13.638736,7.6079893,-7.3535094
batch_00650_patch.tiff,patch_117,9.409758,12.67429,9.433151,5.713942,-12.724307
batch_00650_patch.tiff,patch_118,12.824574,11.663616,14.507029,3.425438,-8.400862
batch_00650_patch.tiff,patch_119,13.660504,9.381607,16.995571,4.4598403,-9.139002
batch_00650_patch.tiff,patch_120,11.802986,11.855521,15.288876,2.2515845,-9.059884
batch_00650_patch.tiff,patch_121,11.729028,12.801483,9.976754,5.3309674,-7.3112125
batch_00650_patch.tiff,patch_122,12.098473,11.213873,15.76167,2.0495236,-9.300219
batch_00650_patch.tiff,patch_123,9.889842,8.684231,12.424325,2.9313967,-10.699694
batch_00650_patch.tiff,patch_124,13.047212,7.896717,17.158201,15.35272,-10.986249
batch_00650_patch.tiff,patch_125,12.82427,5.3606963,18.511557,4.9322977,-8.480436
batch_00650_patch.tiff,patch_126,10.404262,9.115115,10.774405,7.265857,-10.681107
batch_00650_patch.tiff,patch_127,10.691796,15.960911,9.256429,0.18968172,-11.426752
batch_00650_patch.tiff,patch_128,9.799173,14.086333,10.962683,1.6872874,-8.721832
batch_00650_patch.tiff,patch_129,8.818117,8.726779,7.1872334,3.9404128,-10.98071
batch_00650_patch.tiff,patch_130,12.947815,8.858385,15.254569,6.53794,-8.944244
batch_00650_patch.tiff,patch_131,11.745527,3.5723438,18.67596,4.041214,-12.616888
batch_00650_patch.tiff,patch_132,13.457094,4.038378,15.663674,8.321228,-7.826096
batch_00650_patch.tiff,patch_133,12.496439,4.5469546,14.674251,7.009298,-7.526255
batch_00650_patch.tiff,patch_134,14.103132,5.7542505,8.690987,9.485828,-4.961598
batch_00650_patch.tiff,patch_135,11.851889,6.817087,11.705635,8.263625,-6.910708
batch_00650_patch.tiff,patch_136,2.4112222,1.2352468,-1.83698,4.134217,-7.4750853
batch_00650_patch.tiff,patch_137,16.473948,6.39216,21.128843,11.923745,-7.003612
batch_00650_patch.tiff,patch_138,15.765403,10.540798,19.344687,13.173913,-11.690699
batch_00650_patch.tiff,patch_139,10.167023,-0.20116608,19.51681,3.997689,-13.166523
batch_00650_patch.tiff,patch_140,11.783301,11.027376,14.933454,3.0139139,-11.625277
batch_00650_patch.tiff,patch_141,9.428072,10.038034,13.499329,5.0638638,-8.871503
batch_00650_patch.tiff,patch_142,11.527771,10.073294,12.094516,6.5889435,-6.971678
batch_00650_patch.tiff,patch_143,10.36707,9.352351,9.372303,7.40611,-11.404216
batch_00650_patch.tiff,patch_144,11.455308,11.184808,11.761289,8.23682,-9.354925
batch_00650_patch.tiff,patch_145,12.155006,9.744342,20.646152,4.81181,-7.375263
batch_00650_patch.tiff,patch_146,6.1548285,10.592837,7.6030793,6.598528,-9.880835
batch_00650_patch.tiff,patch_147,12.223295,9.448785,14.786957,5.377584,-7.8213496
batch_00650_patch.tiff,patch_148,12.324009,9.126465,15.202607,6.6238,-11.381129
batch_00700_patch.tiff,patch_0,12.010601,6.989221,13.499879,10.004594,-9.257105
batch_00700_patch.tiff,patch_1,6.1940103,11.210764,8.769819,3.1846185,-15.868036
batch_00700_patch.tiff,patch_2,12.425477,9.841638,12.519174,6.103698,-7.6438794
batch_00700_patch.tiff,patch_3,12.444143,8.575663,11.195704,4.3498073,-4.829862
batch_00700_patch.tiff,patch_4,10.85991,14.148261,7.2020087,4.647839,-7.910644
batch_00700_patch.tiff,patch_5,9.042674,12.9176,10.613992,3.6503062,-12.034989
batch_00700_patch.tiff,patch_6,15.151531,8.174076,19.03837,10.24992,-9.831939
batch_00700_patch.tiff,patch_7,17.878183,9.511126,16.289192,11.297552,-11.56973
batch_00700_patch.tiff,patch_8,9.877248,7.0231934,14.620816,11.913519,-11.778606
batch_00700_patch.tiff,patch_9,13.681094,10.446115,9.285986,4.8196955,-8.867759
batch_00700_patch.tiff,patch_10,12.142821,11.410871,18.309729,6.617914,-11.504298
batch_00700_patch.tiff,patch_11,9.65674,12.671933,11.788292,4.03509,-10.991815
batch_00700_patch.tiff,patch_12,11.534391,9.993063,11.875027,2.4627423,-10.176807
batch_00700_patch.tiff,patch_13,10.072327,10.878004,12.253666,7.983013,-7.951649
batch_00700_patch.tiff,patch_14,10.781,7.225718,14.953994,1.6593558,-8.208287
batch_00700_patch.tiff,patch_15,12.770066,11.5192175,11.289368,3.758537,-8.35088
batch_00700_patch.tiff,patch_16,10.170711,18.053394,10.734961,1.2566326,-9.814914
batch_00700_patch.tiff,patch_17,15.469715,10.289242,22.387325,11.267114,-6.0138116
batch_00700_patch.tiff,patch_18,16.851522,6.6794033,23.002974,11.088747,-9.672644
batch_00700_patch.tiff,patch_19,12.245492,9.970742,16.717001,3.968409,-10.585497
batch_00700_patch.tiff,patch_20,10.800198,3.2500439,20.49898,11.195238,-9.622032
batch_00700_patch.tiff,patch_21,13.581257,8.756093,13.395147,10.53091,-6.311554
batch_00700_patch.tiff,patch_22,13.088947,6.771219,9.315266,6.4202747,-8.172452
batch_00700_patch.tiff,patch_23,10.665385,11.571606,8.253301,3.6621974,-11.181296
batch_00700_patch.tiff,patch_24,12.754993,10.760947,12.319923,8.404783,-9.56219
batch_00700_patch.tiff,patch_25,10.430174,11.683094,11.7543125,6.6009626,-8.4719
batch_00700_patch.tiff,patch_26,11.95777,7.4887195,7.2175446,6.6870255,-11.649756
batch_00700_patch.tiff,patch_27,11.948939,10.87792,13.103948,6.500659,-8.142603
batch_00700_patch.tiff,patch_28,10.064391,8.852876,17.601416,5.087116,-8.094905
batch_00700_patch.tiff,patch_29,13.788986,13.014997,16.8065,7.1045547,-10.055821
batch_00700_patch.tiff,patch_30,11.907104,10.094057,13.0652485,1.4355891,-11.037002
batch_00700_patch.tiff,patch_31,12.080475,10.031042,11.613302,1.8350087,-7.6340723
batch_00700_patch.tiff,patch_32,11.373117,9.687408,13.950137,4.536315,-8.039537
batch_00700_patch.tiff,patch_33,6.494464,3.2595263,8.204537,6.6332483,-11.03986
batch_00700_patch.tiff,patch_34,13.771982,7.0377226,6.863966,7.5564914,-7.722987
batch_00700_patch.tiff,patch_35,15.2396755,10.097321,13.386937,5.3358955,-8.560855
batch_00700_patch.tiff,patch_36,15.0612955,11.02522,12.46617,8.084055,-9.240995
batch_00700_patch.tiff,patch_37,14.250766,6.5195,9.672177,9.347372,-9.178168
batch_00700_patch.tiff,patch_38,17.890291,8.35774,16.23633,6.0393224,-7.78439
batch_00700_patch.tiff,patch_39,12.617443,6.498422,17.588799,10.563861,-12.07229
batch_00700_patch.tiff,patch_40,11.118008,4.5773478,14.779042,7.0784583,-11.914581
batch_00700_patch.tiff,patch_41,15.0255165,11.633698,16.181047,6.790744,-9.709095
batch_00700_patch.tiff,patch_42,12.027504,8.986615,15.218387,7.4804974,-8.191664
batch_00700_patch.tiff,patch_43,15.978883,10.566632,16.187244,5.9706216,-10.295332
batch_00700_patch.tiff,patch_44,12.660906,7.6959996,14.260394,4.8524065,-9.928755
batch_00700_patch.tiff,patch_45,12.875884,11.777852,17.48572,8.23203,-10.141073
batch_00700_patch.tiff,patch_46,11.279783,8.120298,17.91307,10.667956,-12.578255
batch_00700_patch.tiff,patch_47,15.365294,7.2783923,19.068615,9.1848545,-5.596205
batch_00700_patch.tiff,patch_48,13.374525,4.8734784,19.481428,7.1259623,-10.315754
batch_00700_patch.tiff,patch_49,10.554523,6.9814267,16.008162,8.359165,-10.185799
batch_00700_patch.tiff,patch_50,10.698668,5.591711,14.689682,6.8623867,-8.28068
batch_00700_patch.tiff,patch_51,10.760867,6.4144154,11.191355,5.8667207,-7.2355494
batch_00700_patch.tiff,patch_52,12.867986,8.415899,13.551897,6.6724577,-8.124896
batch_00700_patch.tiff,patch_53,15.747174,10.839339,17.447737,0.69968694,-11.193906
batch_00700_patch.tiff,patch_54,12.165509,9.605794,10.903802,9.485621,-10.199878
batch_00700_patch.tiff,patch_55,13.231019,16.260273,13.99045,2.7762542,-9.599502
batch_00700_patch.tiff,patch_56,12.953938,12.20741,18.662222,5.6281023,-11.3689
batch_00700_patch.tiff,patch_57,10.924981,8.455237,13.996056,4.0615683,-10.77956
batch_00700_patch.tiff,patch_58,13.434859,10.828918,17.820583,6.621082,-9.713027
batch_00700_patch.tiff,patch_59,13.411993,9.240309,9.983289,7.048387,-6.705718
batch_00700_patch.tiff,patch_60,12.420251,9.100442,10.259341,8.274666,-10.084932
batch_00700_patch.tiff,patch_61,11.318714,8.943124,12.498434,3.84492,-10.197234
batch_00700_patch.tiff,patch_62,11.71913,4.740608,12.609471,5.4406056,-12.207168
batch_00700_patch.tiff,patch_63,11.380968,11.317427,12.867505,4.6673875,-8.733568
batch_00700_patch.tiff,patch_64,11.162675,7.6231318,8.757634,5.255416,-8.5150385
batch_00700_patch.tiff,patch_65,14.531298,10.5772295,9.64509,9.178447,-6.3596387
batch_00700_patch.tiff,patch_66,14.068362,11.923301,13.401052,4.296716,-7.155897
batch_00700_patch.tiff,patch_67,11.998489,8.885265,13.578182,8.325293,-10.761286
batch_00700_patch.tiff,patch_68,12.862913,8.491928,14.670395,6.9487433,-8.191047
batch_00700_patch.tiff,patch_69,16.324104,8.323599,15.830037,7.647273,-11.319087
batch_00700_patch.tiff,patch_70,17.436035,2.5845208,18.466269,8.37487,-11.552965
batch_00700_patch.tiff,patch_71,13.356899,7.166118,8.684383,7.036409,-6.4860573
batch_00700_patch.tiff,patch_72,12.712045,10.96497,6.971544,4.003969,-11.882409
batch_00700_patch.tiff,patch_73,11.218076,8.323496,11.45869,2.5468905,-8.190652
batch_00700_patch.tiff,patch_74,10.90511,6.3219953,14.446824,6.605865,-9.155056
batch_00700_patch.tiff,patch_75,13.931305,8.929051,13.59942,7.9674983,-7.803221
batch_00700_patch.tiff,patch_76,8.162845,6.1323996,14.269076,10.861952,-14.091684
batch_00700_patch.tiff,patch_77,7.8975563,6.98036,9.69689,9.003031,-13.198372
batch_00700_patch.tiff,patch_78,17.874025,10.61902,15.122019,8.908846,-8.235556
batch_00700_patch.tiff,patch_79,11.473536,11.6219635,10.025048,7.604895,-5.653187
batch_00700_patch.tiff,patch_80,11.4112835,8.676738,13.63232,7.9348083,-7.8886595
batch_00700_patch.tiff,patch_81,9.550635,10.797514,15.860969,5.0732174,-6.80277
batch_00700_patch.tiff,patch_82,11.471606,11.660187,10.507361,11.977224,-9.2094145
batch_00700_patch.tiff,patch_83,12.474546,3.3736455,10.945687,6.3084497,-9.977252
batch_00700_patch.tiff,patch_84,13.119515,4.690723,12.2471285,5.379844,-12.002399
batch_00700_patch.tiff,patch_85,17.326523,9.990089,18.67191,6.8162136,-8.353124
batch_00700_patch.tiff,patch_86,12.5229,9.382625,15.2242,6.8300314,-6.2844906
batch_00700_patch.tiff,patch_87,16.88121,10.368538,8.527906,7.157385,-10.380858
batch_00700_patch.tiff,patch_88,5.8910046,10.243675,10.45416,7.8951483,-4.8633013
batch_00700_patch.tiff,patch_89,13.982056,10.5763855,10.707682,2.9150643,-9.3460245
batch_00700_patch.tiff,patch_90,8.700325,4.1321836,3.5532465,6.8781757,-9.850592
batch_00700_patch.tiff,patch_91,11.38822,7.782043,9.850598,6.532875,-9.633021
batch_00700_patch.tiff,patch_92,14.672988,8.711517,15.528808,7.94823,-9.590629
batch_00700_patch.tiff,patch_93,13.97425,12.578323,11.5242195,6.1461873,-10.056744
batch_00700_patch.tiff,patch_94,15.678929,11.817748,8.545557,8.57812,-8.363345
batch_00700_patch.tiff,patch_95,6.2073216,6.5971255,11.139883,8.609542,-4.883021
batch_00700_patch.tiff,patch_96,12.549329,9.714699,12.004064,4.503061,-11.389388
batch_00700_patch.tiff,patch_97,19.157694,5.0848603,18.06375,8.409054,-14.497081
batch_00700_patch.tiff,patch_98,19.92463,5.213919,18.543825,8.355686,-11.096814
batch_00700_patch.tiff,patch_99,12.95647,10.150265,12.826169,3.4720213,-7.576409
batch_00700_patch.tiff,patch_100,13.345558,9.544205,17.259638,2.384754,-10.236893
batch_00700_patch.tiff,patch_101,12.6974,6.3730683,12.479309,9.127502,-3.4692185
batch_00700_patch.tiff,patch_102,9.2518,2.0755522,15.364601,10.147458,-10.508275
batch_00700_patch.tiff,patch_103,11.610691,8.432,9.00586,6.2135262,-8.118175
batch_00700_patch.tiff,patch_104,13.174949,9.61388,6.859827,7.80497,-9.740558
batch_00700_patch.tiff,patch_105,13.198718,10.582782,10.468337,5.6916857,-7.92764
batch_00700_patch.tiff,patch_106,13.265743,10.040222,13.312452,5.803475,-9.351103
batch_00700_patch.tiff,patch_107,17.212008,8.335119,19.372137,10.333627,-11.421558
batch_00700_patch.tiff,patch_108,17.54375,7.718287,14.046436,11.194376,-9.746887
batch_00700_patch.tiff,patch_109,12.139952,5.3378844,9.596806,7.0501723,-9.537473
batch_00700_patch.tiff,patch_110,11.532572,12.596253,11.8196945,2.8221307,-9.317846
batch_00700_patch.tiff,patch_111,13.086946,7.117473,17.073034,6.778274,-5.8919125
batch_00700_patch.tiff,patch_112,10.386241,10.937456,14.19635,6.0489144,-4.437776
batch_00700_patch.tiff,patch_113,11.659138,4.8515806,8.813862,8.177003,-10.783308
batch_00700_patch.tiff,patch_114,15.397984,11.082171,10.468036,7.5171967,-6.2649727
batch_00700_patch.tiff,patch_115,17.91747,6.616729,15.232451,11.151845,-7.216244
batch_00700_patch.tiff,patch_116,13.0381775,8.218557,14.761794,7.1645675,-7.2979956
batch_00700_patch.tiff,patch_117,13.921646,11.080416,17.267363,2.3094888,-8.715242
batch_00700_patch.tiff,patch_118,13.46783,5.3199697,12.358422,4.39857,-10.880449
batch_00700_patch.tiff,patch_119,14.6760025,8.767237,14.33808,7.2327056,-7.6149735
batch_00700_patch.tiff,patch_120,12.214533,8.252227,12.010349,3.093086,-12.379498
batch_00700_patch.tiff,patch_121,6.4791718,9.596883,7.105431,12.445946,-8.476121
batch_00700_patch.tiff,patch_122,7.262581,5.3832974,16.78174,9.112398,-12.099449
batch_00700_patch.tiff,patch_123,12.747051,7.8394513,12.68331,5.203987,-7.628461
batch_00700_patch.tiff,patch_124,7.323364,8.122169,13.44156,5.1393924,-10.632847
batch_00700_patch.tiff,patch_125,12.082875,6.9673514,13.91296,4.932215,-6.7386813
batch_00700_patch.tiff,patch_126,17.65328,5.4047704,7.5149565,7.24459,-8.47416
batch_00700_patch.tiff,patch_127,12.004129,7.8312883,17.1969,4.1493187,-10.448329
batch_00700_patch.tiff,patch_128,13.10895,9.673801,13.171518,5.5078683,-10.661289
batch_00700_patch.tiff,patch_129,13.169685,10.2785015,16.621046,3.8163257,-11.774048
batch_00700_patch.tiff,patch_130,10.077438,15.483018,11.465834,2.5911503,-12.190845
batch_00700_patch.tiff,patch_131,12.633085,8.808559,17.08826,11.39002,-12.789285
batch_00700_patch.tiff,patch_132,9.428582,6.6831985,14.061804,6.10815,-14.706297
batch_00700_patch.tiff,patch_133,11.381414,12.598068,10.87027,9.769614,-7.744835
batch_00700_patch.tiff,patch_134,15.911494,8.782578,11.620232,6.7473125,-9.333035
batch_00700_patch.tiff,patch_135,7.9030075,8.27632,9.313872,7.2026157,-10.400572
batch_00700_patch.tiff,patch_136,11.739524,9.160835,14.28421,7.2971616,-7.8411903
batch_00700_patch.tiff,patch_137,10.56928,12.728538,12.452679,5.0496325,-11.103914
batch_00700_patch.tiff,patch_138,9.98217,11.985976,14.792685,4.0109973,-12.730352
batch_00700_patch.tiff,patch_139,10.758683,10.007363,6.4960184,7.911911,-11.711702
batch_00700_patch.tiff,patch_140,6.214609,-2.259978,1.5966917,3.0077205,-5.666635
batch_00700_patch.tiff,patch_141,14.085186,13.0379305,19.352753,5.9574714,-9.362124
batch_00700_patch.tiff,patch_142,9.997338,4.272258,18.825226,14.557755,-11.531765
batch_00750_patch.tiff,patch_0,15.139541,9.44405,9.510996,8.388541,-7.8536882
batch_00750_patch.tiff,patch_1,12.8795805,6.9762893,13.338063,3.4071898,-10.213162
batch_00750_patch.tiff,patch_2,13.552161,11.678732,14.755809,8.260592,-10.91969
batch_00750_patch.tiff,patch_3,13.421656,11.079738,11.649018,6.7995415,-7.383436
batch_00750_patch.tiff,patch_4,10.802709,8.958658,7.8397813,0.013520821,-8.093807
batch_00750_patch.tiff,patch_5,11.38711,9.122338,17.208937,5.79728,-8.58928
batch_00750_patch.tiff,patch_6,9.636222,7.38796,11.171472,7.4145713,-9.980432
batch_00750_patch.tiff,patch_7,12.523855,10.353096,13.003492,8.361233,-6.556141
batch_00750_patch.tiff,patch_8,14.881887,7.2640276,13.208308,9.73952,-12.114145
batch_00750_patch.tiff,patch_9,11.868834,9.988274,14.881477,6.3336024,-6.2100267
batch_00750_patch.tiff,patch_10,11.242866,9.165446,6.627718,5.4640684,-8.818545
batch_00750_patch.tiff,patch_11,13.692458,7.7241426,16.668215,6.090904,-11.097152
batch_00750_patch.tiff,patch_12,12.764326,9.332245,13.078429,8.98338,-7.523501
batch_00750_patch.tiff,patch_13,15.146926,10.097105,14.786549,7.401517,-7.77044
batch_00750_patch.tiff,patch_14,14.080772,12.900109,18.960089,7.870796,-7.7011995
batch_00750_patch.tiff,patch_15,13.15299,10.238726,16.147696,12.329012,-9.337941
batch_00750_patch.tiff,patch_16,11.813684,9.047502,15.19486,5.710553,-7.97495
batch_00750_patch.tiff,patch_17,10.783115,5.4454064,17.48685,4.823577,-8.003162
batch_00750_patch.tiff,patch_18,10.290178,7.232251,15.010435,5.2146316,-11.898798
batch_00750_patch.tiff,patch_19,12.125,8.934094,8.658527,7.916911,-9.21381
batch_00750_patch.tiff,patch_20,12.582984,8.464765,12.739879,5.636986,-4.916306
batch_00750_patch.tiff,patch_21,12.570361,9.241638,12.1197405,7.8517227,-9.36204
batch_00750_patch.tiff,patch_22,9.166925,9.93855,14.709724,8.227424,-6.403632
batch_00750_patch.tiff,patch_23,11.645481,7.7876015,11.307311,7.8143315,-5.770618
batch_00750_patch.tiff,patch_24,12.343641,7.768229,12.623514,8.193815,-6.5643024
batch_00750_patch.tiff,patch_25,12.014687,9.394925,12.117374,7.1235237,-10.35986
batch_00750_patch.tiff,patch_26,13.986606,11.763198,16.752834,7.6782527,-7.9537177
batch_00750_patch.tiff,patch_27,14.198865,11.723324,14.881204,7.489361,-9.1728735
batch_00750_patch.tiff,patch_28,7.83899,7.5018983,9.791547,12.790861,-6.7816544
batch_00750_patch.tiff,patch_29,14.4895525,8.102337,16.846909,8.302794,-6.681491
batch_00750_patch.tiff,patch_30,11.880129,6.606833,10.357275,13.60568,-13.14475
batch_00750_patch.tiff,patch_31,16.22804,4.353619,20.13265,12.755996,-10.135486
batch_00750_patch.tiff,patch_32,12.88612,11.564982,13.09051,4.143299,-12.577145
batch_00750_patch.tiff,patch_33,13.351308,7.761281,14.623922,5.8507924,-12.015537
batch_00750_patch.tiff,patch_34,15.133731,7.987092,9.984001,4.3695197,-8.215358
batch_00750_patch.tiff,patch_35,13.7431,11.121794,11.669957,10.0590925,-9.160787
batch_00750_patch.tiff,patch_36,13.667419,9.824967,15.961603,12.508001,-8.624622
batch_00750_patch.tiff,patch_37,13.217985,11.374372,12.040105,7.2963657,-8.620827
batch_00750_patch.tiff,patch_38,13.435634,8.993183,17.406038,6.273021,-6.777344
batch_00750_patch.tiff,patch_39,14.12461,5.2849545,18.459372,11.132848,-10.359376
batch_00750_patch.tiff,patch_40,17.646341,5.6477423,21.602734,12.044572,-9.424128
batch_00750_patch.tiff,patch_41,11.048154,4.0130615,15.117354,7.354423,-13.95053
batch_00750_patch.tiff,patch_42,13.385246,6.280861,10.507897,9.415532,-12.304434
batch_00750_patch.tiff,patch_43,11.263196,10.088568,11.388075,2.1313555,-8.811777
batch_00750_patch.tiff,patch_44,11.035648,10.974011,14.680679,4.59769,-8.165946
batch_00750_patch.tiff,patch_45,13.935762,10.856582,12.831052,10.89136,-10.133778
batch_00750_patch.tiff,patch_46,13.893405,8.818013,14.385144,7.0237937,-8.096546
batch_00750_patch.tiff,patch_47,11.499213,5.375437,19.191353,9.056799,-9.016966
batch_00750_patch.tiff,patch_48,12.469481,7.9417377,11.298342,8.70169,-5.9420376
batch_00750_patch.tiff,patch_49,13.10752,4.262137,14.96694,5.8306937,-8.2796
batch_00750_patch.tiff,patch_50,12.223619,8.318658,15.399369,2.4249516,-13.3842325
batch_00750_patch.tiff,patch_51,13.227956,8.131975,12.685116,3.8251567,-7.7934318
batch_00750_patch.tiff,patch_52,12.74511,11.835151,13.576834,2.4642465,-8.681932
batch_00750_patch.tiff,patch_53,7.314903,7.9704976,10.760289,9.170209,-9.400283
batch_00750_patch.tiff,patch_54,13.543362,7.235028,15.733031,5.6604037,-8.539327
batch_00750_patch.tiff,patch_55,10.511338,14.9828,10.985882,5.551847,-11.863533
batch_00750_patch.tiff,patch_56,12.465023,14.768817,15.531622,4.3088984,-10.44601
batch_00750_patch.tiff,patch_57,13.741071,8.847277,12.243536,3.4074862,-10.783423
batch_00750_patch.tiff,patch_58,12.183066,10.693752,15.732415,6.4293256,-10.224503
batch_00750_patch.tiff,patch_59,14.227247,8.980538,15.086723,7.65841,-6.7654757
batch_00750_patch.tiff,patch_60,10.638286,10.530722,14.975797,6.2177095,-9.474977
batch_00750_patch.tiff,patch_61,14.07507,10.942638,11.989452,9.954692,-8.73163
batch_00750_patch.tiff,patch_62,10.106968,6.5978312,12.309306,8.055345,-8.260996
batch_00750_patch.tiff,patch_63,9.510937,5.505148,12.001163,4.2185845,-9.832951
batch_00750_patch.tiff,patch_64,12.99158,11.652951,12.4428,1.9694319,-9.2506895
batch_00750_patch.tiff,patch_65,11.885294,7.805534,6.8111606,4.0476527,-9.418553
batch_00750_patch.tiff,patch_66,11.362685,11.928857,7.7876987,5.3697863,-10.958923
batch_00750_patch.tiff,patch_67,12.296415,8.954932,8.104075,9.969939,-8.736662
batch_00750_patch.tiff,patch_68,9.238286,3.1656246,15.228449,6.8835435,-12.896059
batch_00750_patch.tiff,patch_69,11.452514,9.245895,13.622327,6.950425,-7.5730805
batch_00750_patch.tiff,patch_70,13.495534,12.128003,11.496613,4.233493,-11.153234
batch_00750_patch.tiff,patch_71,12.751425,7.6409774,10.911719,1.2321242,-7.9897447
batch_00750_patch.tiff,patch_72,14.2795925,10.215387,13.812399,5.713695,-9.212175
batch_00750_patch.tiff,patch_73,13.033324,12.490066,19.972326,6.4104214,-6.3256974
batch_00750_patch.tiff,patch_74,12.272877,6.7454066,20.771622,6.556757,-4.9844294
batch_00750_patch.tiff,patch_75,14.52761,6.116521,15.895108,4.4523306,-8.105623
batch_00750_patch.tiff,patch_76,10.805025,6.1669407,11.0026245,5.0251107,-9.000628
batch_00750_patch.tiff,patch_77,14.020727,11.282436,12.513675,3.8350189,-9.963939
batch_00750_patch.tiff,patch_78,13.027333,8.06367,16.743147,7.792448,-12.192617
batch_00750_patch.tiff,patch_79,10.379757,10.988578,11.790876,6.698173,-8.632371
batch_00750_patch.tiff,patch_80,16.721323,11.339561,21.044933,7.223214,-10.18345
batch_00750_patch.tiff,patch_81,17.426048,11.404476,13.963832,7.719813,-4.46154
batch_00750_patch.tiff,patch_82,15.99247,12.37318,14.428505,7.6642694,-8.097881
batch_00750_patch.tiff,patch_83,14.93921,6.0447164,16.710163,8.812934,-12.093338
batch_00750_patch.tiff,patch_84,10.675305,5.8781114,15.050988,7.0513906,-10.051853
batch_00750_patch.tiff,patch_85,12.762054,13.366244,12.195135,4.5948358,-9.09204
batch_00750_patch.tiff,patch_86,13.164088,9.415886,13.290374,7.473248,-11.626316
batch_00750_patch.tiff,patch_87,18.937153,6.433366,23.67412,10.445356,-8.729644
batch_00750_patch.tiff,patch_88,14.419785,9.580572,10.115273,6.229926,-10.483435
batch_00750_patch.tiff,patch_89,11.485495,11.055541,5.140022,1.882184,-8.519218
batch_00750_patch.tiff,patch_90,9.07001,8.404041,11.232731,7.5741644,-13.816021
batch_00750_patch.tiff,patch_91,11.578844,4.725509,13.517145,5.7283654,-15.315962
batch_00750_patch.tiff,patch_92,11.902002,10.395199,8.738034,5.7754793,-8.793857
batch_00750_patch.tiff,patch_93,13.067468,10.600023,13.708896,4.5386186,-8.9405
batch_00750_patch.tiff,patch_94,13.0008745,8.727758,16.840895,12.419747,-11.929096
batch_00750_patch.tiff,patch_95,16.519043,8.267872,20.120815,10.583719,-11.675504
batch_00750_patch.tiff,patch_96,9.469885,7.6751328,16.140251,9.333216,-6.9079313
batch_00750_patch.tiff,patch_97,17.402645,10.838417,12.075001,8.632653,-7.362079
batch_00750_patch.tiff,patch_98,15.455874,10.58336,12.991174,10.850941,-9.953721
batch_00750_patch.tiff,patch_99,16.632555,8.861524,16.976254,10.253384,-11.355518
batch_00750_patch.tiff,patch_100,14.5139475,8.982304,8.010185,14.469177,-10.6264105
batch_00750_patch.tiff,patch_101,8.274628,7.046132,10.967129,10.406708,-12.281348
batch_00750_patch.tiff,patch_102,10.829072,9.171847,12.027866,2.2537112,-8.917013
batch_00750_patch.tiff,patch_103,11.221284,11.86821,10.472902,8.9544,-10.429974
batch_00800_patch.tiff,patch_0,15.104101,8.880769,11.732586,6.865195,-11.809815
batch_00800_patch.tiff,patch_1,10.446948,8.162565,11.56159,7.8039613,-6.9405212
batch_00800_patch.tiff,patch_2,9.377373,10.838179,9.833056,8.84928,-9.897274
batch_00800_patch.tiff,patch_3,16.437975,12.568788,14.635803,4.9304256,-8.637997
batch_00800_patch.tiff,patch_4,14.146312,9.363011,6.537449,4.5647035,-11.421003
batch_00800_patch.tiff,patch_5,14.526762,7.335101,11.4360485,6.8589964,-9.178742
batch_00800_patch.tiff,patch_6,15.514085,9.30019,17.526096,6.360849,-8.268665
batch_00800_patch.tiff,patch_7,10.946116,6.058065,12.277095,4.471735,-7.5198374
batch_00800_patch.tiff,patch_8,12.359505,10.214382,11.921802,3.142815,-8.875342
batch_00800_patch.tiff,patch_9,12.741025,9.853527,9.038413,6.1606417,-6.0909095
batch_00800_patch.tiff,patch_10,12.064403,13.986142,9.207671,4.0423436,-8.858264
batch_00800_patch.tiff,patch_11,7.5264516,15.575086,2.421455,2.649194,-11.83433
batch_00800_patch.tiff,patch_12,6.127717,7.8936925,8.964512,8.652247,-6.1718726
batch_00800_patch.tiff,patch_13,10.235819,8.319979,12.333529,11.647565,-13.5402355
batch_00800_patch.tiff,patch_14,11.582849,9.366603,12.46577,4.6857615,-8.60279
batch_00800_patch.tiff,patch_15,13.453981,10.819303,14.547891,6.144152,-9.824121
batch_00800_patch.tiff,patch_16,12.374528,10.6587105,12.659861,6.3862243,-11.9429865
batch_00800_patch.tiff,patch_17,16.461546,10.243128,14.266294,5.6953096,-7.5150003
batch_00800_patch.tiff,patch_18,11.597212,11.190421,9.633712,6.484723,-8.463776
batch_00800_patch.tiff,patch_19,7.4194655,7.875131,10.49039,5.463728,-10.133009
batch_00800_patch.tiff,patch_20,10.932115,6.0220003,18.006165,5.847051,-4.883915
batch_00800_patch.tiff,patch_21,10.636639,11.22083,12.273413,6.0218515,-7.6436944
batch_00800_patch.tiff,patch_22,11.424017,6.7089424,18.024757,3.026333,-12.365612
batch_00800_patch.tiff,patch_23,12.378252,9.877158,13.782268,4.44109,-9.524131
batch_00800_patch.tiff,patch_24,11.118509,7.7103944,14.638983,1.9020891,-8.047422
batch_00800_patch.tiff,patch_25,9.538002,6.064415,10.63357,4.783671,-8.350388
batch_00800_patch.tiff,patch_26,15.381525,6.810779,20.931322,4.6103764,-7.3982005
batch_00800_patch.tiff,patch_27,7.45041,17.308252,14.93966,7.1351233,-5.809895
batch_00800_patch.tiff,patch_28,12.821741,10.0161495,10.676998,4.371893,-8.371
batch_00800_patch.tiff,patch_29,11.731997,12.045727,15.2146435,8.503269,-5.6750097
batch_00800_patch.tiff,patch_30,7.253227,6.1651726,10.488481,9.583827,-8.719256
batch_00800_patch.tiff,patch_31,15.768058,9.391395,12.836098,6.0729785,-6.7306576
batch_00800_patch.tiff,patch_32,11.91533,17.551744,12.205233,6.499466,-9.870107
batch_00800_patch.tiff,patch_33,14.916067,9.867215,13.66417,5.1646028,-8.758796
batch_00800_patch.tiff,patch_34,15.454388,13.150183,12.575639,7.442982,-9.30628
batch_00800_patch.tiff,patch_35,10.039027,13.079421,11.803399,6.253169,-9.545994
batch_00800_patch.tiff,patch_36,7.8489194,10.0293455,11.21104,3.1379921,-9.078366
batch_00800_patch.tiff,patch_37,7.319774,9.215581,9.465087,-3.0428514,-10.897357
batch_00800_patch.tiff,patch_38,11.169441,7.0999045,11.406333,1.9109001,-5.948722
batch_00800_patch.tiff,patch_39,12.95511,9.3127165,15.348235,10.044557,-5.101104
batch_00800_patch.tiff,patch_40,13.001214,6.9311204,18.354761,9.25073,-10.98474
batch_00800_patch.tiff,patch_41,14.853265,8.371083,14.374573,4.1748853,-10.824326
batch_00800_patch.tiff,patch_42,11.586782,11.713486,11.482404,3.2519898,-12.511752
batch_00800_patch.tiff,patch_43,13.34445,12.790957,9.598514,6.1248283,-7.8962793
batch_00800_patch.tiff,patch_44,12.705712,10.0125065,7.651633,9.542816,-6.3919835
batch_00800_patch.tiff,patch_45,12.341736,10.898723,11.803561,1.5579251,-7.964462
batch_00800_patch.tiff,patch_46,13.002521,9.073976,10.989636,8.393393,-4.512787
batch_00800_patch.tiff,patch_47,15.06469,15.722035,13.072119,6.1244526,-10.840613
batch_00800_patch.tiff,patch_48,18.269772,13.603483,11.188766,7.4783583,-11.010236
batch_00800_patch.tiff,patch_49,10.707659,10.184262,13.971564,2.700498,-9.718968
batch_00800_patch.tiff,patch_50,9.148816,5.554264,12.269434,6.9557576,-10.237359
batch_00800_patch.tiff,patch_51,12.714062,12.097847,11.578554,4.3409915,-7.1648417
batch_00800_patch.tiff,patch_52,12.382576,8.972308,14.605126,8.085024,-4.487336
batch_00800_patch.tiff,patch_53,8.839673,5.268422,14.897344,4.9824185,-7.997555
batch_00800_patch.tiff,patch_54,11.230436,8.778809,10.020553,-1.3612192,-8.288197
batch_00800_patch.tiff,patch_55,11.41536,8.379528,7.0276546,5.978122,-8.123937
batch_00800_patch.tiff,patch_56,9.854449,6.7126865,11.031673,3.7517872,-7.413
batch_00800_patch.tiff,patch_57,11.492099,5.504518,17.10082,6.9945426,-4.029117
batch_00800_patch.tiff,patch_58,12.291931,11.271041,17.119436,4.9751854,-11.04668
batch_00800_patch.tiff,patch_59,14.887768,12.797451,10.78859,8.403812,-7.249892
batch_00800_patch.tiff,patch_60,10.51589,10.67237,12.753003,9.001797,-5.398985
batch_00800_patch.tiff,patch_61,13.205921,11.218586,11.065617,4.289722,-8.162087
batch_00800_patch.tiff,patch_62,5.9449844,8.209123,6.8972225,8.437553,-4.967982
batch_00800_patch.tiff,patch_63,17.0473,8.543339,10.002771,4.5266466,-9.409228
batch_00800_patch.tiff,patch_64,15.033067,8.1575985,15.334424,10.322013,-8.980418
batch_00800_patch.tiff,patch_65,13.250689,9.436638,12.00155,13.079541,-7.723886
batch_00800_patch.tiff,patch_66,9.989503,8.080964,13.670622,7.1138525,-4.3997035
batch_00800_patch.tiff,patch_67,9.848422,11.340828,13.698361,3.8140981,-9.431902
batch_00800_patch.tiff,patch_68,14.619817,15.818156,8.937522,6.120518,-9.853299
batch_00800_patch.tiff,patch_69,11.9067,5.775413,14.182671,10.822189,-12.935472
batch_00800_patch.tiff,patch_70,10.558242,7.7898483,16.628105,5.3650365,-8.770144
batch_00800_patch.tiff,patch_71,9.527095,7.9089217,13.059776,3.302132,-4.269565
batch_00800_patch.tiff,patch_72,13.207024,12.911417,16.004196,7.3360534,-9.331945
batch_00800_patch.tiff,patch_73,10.501766,9.911638,9.921573,5.4073596,-8.261475
batch_00800_patch.tiff,patch_74,15.2734,8.935335,18.077251,6.117567,-9.267353
batch_00800_patch.tiff,patch_75,14.083475,10.319941,16.002592,7.0011387,-8.565941
batch_00800_patch.tiff,patch_76,10.672448,9.646425,12.140606,5.792583,-7.322417
batch_00800_patch.tiff,patch_77,12.809377,12.874139,7.1691895,7.4768224,-5.3659086
batch_00800_patch.tiff,patch_78,18.366219,12.181531,13.6982975,8.259389,-12.58601
batch_00800_patch.tiff,patch_79,18.041147,8.105763,8.561436,13.556463,-7.366713
batch_00800_patch.tiff,patch_80,8.507515,12.591052,11.125459,9.64635,-3.904644
batch_00800_patch.tiff,patch_81,12.665527,8.585353,18.104156,3.3232327,-6.27277
batch_00800_patch.tiff,patch_82,14.67851,8.003549,17.77725,12.836652,-11.745086
batch_00800_patch.tiff,patch_83,12.031586,9.889874,14.642479,6.794947,-12.527382
batch_00800_patch.tiff,patch_84,12.5026,6.6735272,17.889297,7.9551816,-10.542492
batch_00800_patch.tiff,patch_85,10.881472,16.193155,10.515544,5.7895308,-9.288728
batch_00800_patch.tiff,patch_86,13.350334,10.689752,11.111244,5.687998,-6.179709
batch_00800_patch.tiff,patch_87,8.539624,8.973058,8.497137,6.004806,-10.512729
batch_00800_patch.tiff,patch_88,12.626875,10.060348,8.5452795,6.1149745,-8.004949
batch_00800_patch.tiff,patch_89,13.991522,9.117478,12.247742,4.286911,-6.5242195
batch_00800_patch.tiff,patch_90,8.80967,8.568153,10.672791,1.6587785,-8.249234
batch_00800_patch.tiff,patch_91,16.370604,7.676955,16.02652,10.535465,-10.143546
batch_00800_patch.tiff,patch_92,13.4223,11.2271,7.9562216,8.50631,-8.370055
batch_00800_patch.tiff,patch_93,16.288633,6.1712456,12.298261,9.366113,-7.694722
batch_00800_patch.tiff,patch_94,12.433989,8.949664,10.180648,5.417872,-9.571023
batch_00800_patch.tiff,patch_95,13.299296,10.182936,15.158957,6.019279,-6.2128124
batch_00800_patch.tiff,patch_96,13.3124895,8.789124,15.138141,4.4959607,-7.7769423
batch_00800_patch.tiff,patch_97,14.26566,12.208026,12.115297,4.7696767,-8.975528
batch_00800_patch.tiff,patch_98,11.109309,13.038613,8.428553,3.897774,-9.795269
batch_00800_patch.tiff,patch_99,11.215199,8.670959,9.01914,4.9512606,-6.572164
batch_00800_patch.tiff,patch_100,13.244782,11.675236,19.021084,2.9309597,-8.093251
batch_00800_patch.tiff,patch_101,11.327265,15.46239,9.816986,5.38319,-12.578662
batch_00800_patch.tiff,patch_102,8.203515,7.468964,9.464968,3.2908893,-11.05496
batch_00800_patch.tiff,patch_103,16.083649,8.004647,17.714138,6.8250723,-8.698207
batch_00800_patch.tiff,patch_104,12.014368,11.364729,13.950908,4.9126005,-9.763346
batch_00800_patch.tiff,patch_105,7.7854443,11.340583,11.542029,13.491665,-7.70098
batch_00800_patch.tiff,patch_106,8.985399,7.591811,10.908454,6.040992,-9.050385
batch_00800_patch.tiff,patch_107,13.863276,11.953425,11.582398,4.2721453,-9.603052
batch_00800_patch.tiff,patch_108,15.356772,13.215321,6.489693,4.820719,-11.790871
batch_00800_patch.tiff,patch_109,11.997921,11.454349,14.256871,5.32836,-9.01825
batch_00800_patch.tiff,patch_110,12.408888,12.741504,14.806481,0.3161234,-8.865818
batch_00800_patch.tiff,patch_111,11.4622755,7.3494473,16.499418,2.4576955,-3.7306843
batch_00800_patch.tiff,patch_112,14.826051,14.450814,16.148798,-0.003785964,-12.422928
batch_00800_patch.tiff,patch_113,14.425452,11.998895,15.084052,5.0777845,-10.359511
batch_00800_patch.tiff,patch_114,11.899244,7.2321706,4.4221725,9.661196,-10.142158
batch_00800_patch.tiff,patch_115,14.454457,6.988977,13.183157,3.436184,-9.287746
batch_00800_patch.tiff,patch_116,14.207944,13.295977,14.885276,7.595422,-7.920756
batch_00800_patch.tiff,patch_117,14.146619,10.919693,19.446535,5.1277933,-7.4257326
batch_00800_patch.tiff,patch_118,16.540527,9.118617,16.718489,9.746236,-7.3365808
batch_00800_patch.tiff,patch_119,10.730443,13.645456,11.936669,5.146162,-8.368403
batch_00800_patch.tiff,patch_120,13.465357,9.638549,13.808173,10.142657,-7.488148
batch_00800_patch.tiff,patch_121,13.317475,9.286681,9.862253,5.7116537,-6.238425
batch_00800_patch.tiff,patch_122,10.76677,10.367676,14.227353,-1.0738882,-6.470187
batch_00800_patch.tiff,patch_123,9.61456,10.416431,10.896021,2.0124602,-5.9821224
batch_00800_patch.tiff,patch_124,13.970831,10.110621,14.65044,5.440123,-10.765072
batch_00800_patch.tiff,patch_125,11.094451,8.921188,12.209909,7.396234,-12.555538
batch_00800_patch.tiff,patch_126,13.855111,12.067042,15.925668,9.341045,-9.662712
batch_00800_patch.tiff,patch_127,13.244743,10.639453,12.4290285,6.1629386,-11.195429
batch_00800_patch.tiff,patch_128,10.990112,9.73584,14.596577,5.130955,-8.321011
batch_00800_patch.tiff,patch_129,10.723187,8.52113,14.320671,7.325071,-10.188624
batch_00800_patch.tiff,patch_130,9.569201,15.632397,9.850161,7.5577617,-9.94856
batch_00800_patch.tiff,patch_131,14.161132,13.032485,10.232958,7.216878,-10.117381
batch_00800_patch.tiff,patch_132,15.962053,7.396312,18.348383,10.009524,-6.801717
batch_00800_patch.tiff,patch_133,10.187158,10.839762,18.840456,9.983973,-10.793583
batch_00800_patch.tiff,patch_134,14.608572,9.935132,12.588297,3.8766847,-10.759896
batch_00800_patch.tiff,patch_135,14.103775,6.9687104,15.750363,7.797112,-12.055395
batch_00800_patch.tiff,patch_136,11.040595,7.4878883,14.061215,8.284572,-8.801239
batch_00800_patch.tiff,patch_137,14.806754,7.8845344,12.23028,8.30481,-6.806112
batch_00800_patch.tiff,patch_138,9.456875,11.553492,11.952126,3.936339,-13.613811
batch_00800_patch.tiff,patch_139,9.738205,12.843542,14.345666,4.6823463,-9.007527
batch_00800_patch.tiff,patch_140,17.818308,13.020993,21.239202,10.360426,-9.289073
batch_00800_patch.tiff,patch_141,14.284541,10.340446,10.530843,8.518333,-9.88899
batch_00800_patch.tiff,patch_142,14.108668,11.077067,19.915327,5.3848166,-12.459685
batch_00800_patch.tiff,patch_143,13.66769,14.089647,10.234235,4.378915,-7.869969
batch_00800_patch.tiff,patch_144,10.936597,12.424017,13.888482,6.5177197,-9.911153
batch_00800_patch.tiff,patch_145,10.805177,9.364371,8.887672,6.499728,-8.503333
batch_00800_patch.tiff,patch_146,13.525504,10.712411,11.506666,4.3961577,-8.503418
batch_00800_patch.tiff,patch_147,8.960778,15.10354,8.353375,2.2227135,-8.837148
batch_00800_patch.tiff,patch_148,10.433131,10.259385,10.729928,7.6715465,-3.0946782
batch_00800_patch.tiff,patch_149,13.436131,8.286588,17.128208,4.2459483,-5.5634346
batch_00800_patch.tiff,patch_150,7.080146,9.355929,9.915784,3.0745568,-8.193276
batch_00850_patch.tiff,patch_0,7.5762424,10.502195,13.377748,10.970923,-6.115762
batch_00850_patch.tiff,patch_1,10.26157,11.625714,10.952697,0.32399213,-11.512159
batch_00850_patch.tiff,patch_2,9.925572,13.010735,11.893342,6.3060226,-4.814261
batch_00850_patch.tiff,patch_3,8.9938135,12.258231,10.126348,3.5733066,-11.600463
batch_00850_patch.tiff,patch_4,9.463639,9.209723,14.16822,6.072655,-8.516287
batch_00850_patch.tiff,patch_5,8.509084,11.79955,8.452478,3.0664303,-12.024713
batch_00850_patch.tiff,patch_6,11.227764,8.038311,13.475453,13.055102,-9.572117
batch_00850_patch.tiff,patch_7,11.229892,12.756016,12.73045,5.5820513,-10.550825
batch_00850_patch.tiff,patch_8,11.019024,14.691052,7.8199835,3.5996404,-10.375632
batch_00850_patch.tiff,patch_9,9.673867,13.70499,11.274781,3.966357,-9.138543
batch_00850_patch.tiff,patch_10,15.894729,13.115624,19.106956,10.030992,-8.372162
batch_00850_patch.tiff,patch_11,15.502605,7.854873,19.554142,14.79986,-6.7827945
batch_00850_patch.tiff,patch_12,3.4516788,8.808461,3.8957605,-1.353742,-13.561106
batch_00850_patch.tiff,patch_13,5.649332,9.809785,6.428108,0.82084453,-10.7721405
batch_00850_patch.tiff,patch_14,9.512378,6.823857,11.333177,6.9423695,-6.874814
batch_00850_patch.tiff,patch_15,10.337562,9.407131,17.338772,3.8482509,-5.0185013
batch_00850_patch.tiff,patch_16,8.295872,12.1876135,10.821427,4.5180683,-7.835814
batch_00850_patch.tiff,patch_17,8.3436,14.072794,4.7745543,5.153704,-11.1952095
batch_00850_patch.tiff,patch_18,9.934239,12.165874,10.358756,7.448041,-8.133837
batch_00850_patch.tiff,patch_19,11.457888,11.56713,8.710413,6.973805,-10.29132
batch_00850_patch.tiff,patch_20,11.741428,7.7639294,18.826288,7.7417502,-11.175726
batch_00850_patch.tiff,patch_21,6.0795517,10.195905,11.963677,6.156956,-9.8409395
batch_00850_patch.tiff,patch_22,10.952453,13.01099,11.325472,5.769865,-8.442679
batch_00850_patch.tiff,patch_23,15.30482,8.1632185,17.187202,9.0426855,-6.005682
batch_00850_patch.tiff,patch_24,15.452487,8.338634,21.11803,11.125283,-3.8574038
batch_00850_patch.tiff,patch_25,6.042946,10.0631485,5.1587324,-1.0144793,-12.098834
batch_00850_patch.tiff,patch_26,11.60522,5.6052456,17.920078,5.8203206,-7.645144
batch_00850_patch.tiff,patch_27,12.097093,14.268272,15.697684,6.913065,-6.5823216
batch_00850_patch.tiff,patch_28,11.842518,4.92188,18.23895,4.204653,-5.0149155
batch_00850_patch.tiff,patch_29,12.77356,9.523828,12.781477,6.9488726,-11.69591
batch_00850_patch.tiff,patch_30,11.565037,11.394798,13.193369,7.111549,-6.208254
batch_00850_patch.tiff,patch_31,8.610646,7.079083,11.952835,5.6507525,-8.547308
batch_00850_patch.tiff,patch_32,11.802774,12.248357,7.9059033,5.317654,-10.279291
batch_00850_patch.tiff,patch_33,10.444948,14.000773,10.245741,4.2266665,-9.0292225
batch_00850_patch.tiff,patch_34,11.727646,14.59696,13.387108,4.223834,-10.412349
batch_00850_patch.tiff,patch_35,16.286055,8.884584,23.597275,5.766095,-8.830299
batch_00850_patch.tiff,patch_36,19.46994,10.139132,27.604143,7.2541776,-9.622139
batch_00850_patch.tiff,patch_37,4.2132325,10.005151,0.45165077,-2.0671632,-13.988669
batch_00850_patch.tiff,patch_38,11.342307,8.273753,18.230635,7.20472,-6.968017
batch_00850_patch.tiff,patch_39,9.52203,16.119196,12.949643,5.227744,-7.5117273
batch_00850_patch.tiff,patch_40,12.43259,12.199449,17.459621,4.0309696,-8.854909
batch_00850_patch.tiff,patch_41,10.978562,7.422588,19.149117,5.8900304,-5.149279
batch_00850_patch.tiff,patch_42,9.992937,7.6405005,15.400852,7.727681,-8.415024
batch_00850_patch.tiff,patch_43,9.018272,14.0745,6.2123475,6.6592145,-8.318214
batch_00850_patch.tiff,patch_44,14.182543,7.4016027,15.015549,9.12828,-6.954504
batch_00850_patch.tiff,patch_45,8.943958,6.8020444,13.057201,5.4184403,-9.25163
batch_00850_patch.tiff,patch_46,10.007725,18.03597,14.783998,3.0941553,-10.72806
batch_00850_patch.tiff,patch_47,12.511919,10.366826,12.006809,5.276864,-7.113658
batch_00850_patch.tiff,patch_48,16.415071,10.555805,14.840664,9.680961,-6.5995774
batch_00850_patch.tiff,patch_49,15.191195,11.744614,20.249355,7.924446,-8.711879
batch_00850_patch.tiff,patch_50,8.189303,11.757186,4.874329,1.0836155,-11.058395
batch_00850_patch.tiff,patch_51,11.604013,12.364268,16.081224,4.5534487,-8.288077
batch_00850_patch.tiff,patch_52,11.301371,10.78266,14.827488,5.500644,-4.3264627
batch_00850_patch.tiff,patch_53,10.228404,7.659902,15.264154,7.276078,-5.7137766
batch_00850_patch.tiff,patch_54,8.041542,8.81161,13.942478,8.201176,-6.810147
batch_00850_patch.tiff,patch_55,7.1205993,7.8708425,15.025856,12.647453,-11.986744
batch_00850_patch.tiff,patch_56,16.839617,7.6679244,15.1046095,8.269323,-14.60119
batch_00850_patch.tiff,patch_57,9.689354,10.814526,5.117139,2.69038,-7.2384443
batch_00850_patch.tiff,patch_58,11.27632,14.16514,10.089027,2.528188,-10.845456
batch_00850_patch.tiff,patch_59,8.662122,5.872828,7.652133,4.6630673,-17.134346
batch_00850_patch.tiff,patch_60,12.506008,10.62314,11.995892,6.033596,-11.460104
batch_00850_patch.tiff,patch_61,11.999353,8.584424,18.535433,4.3374133,-6.083614
batch_00850_patch.tiff,patch_62,8.692741,9.135034,12.453582,6.1707354,-5.1673126
batch_00850_patch.tiff,patch_63,11.895481,5.2060165,19.022127,5.691486,-4.4600716
batch_00850_patch.tiff,patch_64,8.898912,6.138516,12.4899845,8.291411,-4.647368
batch_00850_patch.tiff,patch_65,17.945164,7.150431,12.995751,11.360187,-11.534202
batch_00850_patch.tiff,patch_66,16.042793,8.161031,13.180579,12.107138,-10.038585
batch_00850_patch.tiff,patch_67,7.2856913,10.7406,4.9938993,2.7205873,-9.538144
batch_00850_patch.tiff,patch_68,8.526643,13.380481,3.603718,4.1009736,-11.100962
batch_00850_patch.tiff,patch_69,10.916508,8.8402,8.663272,6.1457725,-10.279719
batch_00850_patch.tiff,patch_70,11.479084,9.843702,7.4792256,5.7620463,-10.737689
batch_00850_patch.tiff,patch_71,8.457921,13.481444,11.554891,1.3766096,-7.2177725
batch_00850_patch.tiff,patch_72,3.725812,11.867487,8.872623,5.4102073,-7.990143
batch_00850_patch.tiff,patch_73,12.699536,9.105825,17.744915,4.5509186,-6.0519843
batch_00850_patch.tiff,patch_74,11.488477,10.285405,19.387432,4.0622053,-5.2512903
batch_00850_patch.tiff,patch_75,9.209593,8.1227255,14.788235,4.827575,-5.3358316
batch_00850_patch.tiff,patch_76,10.8937025,13.049915,7.222675,2.6687598,-8.785152
batch_00850_patch.tiff,patch_77,8.840274,11.928001,9.544854,-2.234223,-6.6849017
batch_00850_patch.tiff,patch_78,12.865632,7.8288946,7.8682904,9.050331,-7.9603896
batch_00850_patch.tiff,patch_79,9.614361,11.918954,13.2368145,3.8448968,-7.7865577
batch_00850_patch.tiff,patch_80,6.140818,10.157583,10.96853,8.220131,-7.5360756
batch_00850_patch.tiff,patch_81,5.6297517,12.586243,2.888653,3.3018162,-7.8825502
batch_00850_patch.tiff,patch_82,7.838971,8.320746,14.112924,7.678407,-5.863546
batch_00850_patch.tiff,patch_83,11.888869,7.089593,17.41753,4.188729,-5.968269
batch_00850_patch.tiff,patch_84,8.45695,6.194086,15.062757,6.6238847,-7.898177
batch_00850_patch.tiff,patch_85,6.0644097,14.261347,8.799472,4.718479,-6.4840264
batch_00850_patch.tiff,patch_86,11.033821,12.024459,11.679112,4.3503675,-9.402221
batch_00850_patch.tiff,patch_87,13.884097,9.485114,15.6212225,6.607765,-8.613117
batch_00850_patch.tiff,patch_88,9.851862,11.338446,11.541464,1.5952345,-7.436208
batch_00850_patch.tiff,patch_89,9.539694,8.145199,2.6522596,4.3443274,-8.4526005
batch_00850_patch.tiff,patch_90,13.842275,14.601787,16.612488,5.2366934,-10.362193
batch_00850_patch.tiff,patch_91,7.0513234,13.888404,9.37593,5.557692,-10.547511
batch_00850_patch.tiff,patch_92,9.455847,13.024911,13.302754,2.947214,-8.976627
batch_00850_patch.tiff,patch_93,8.097854,15.512817,8.042307,1.7677789,-12.004556
batch_00850_patch.tiff,patch_94,11.3648815,7.4443493,13.032217,0.8274962,-8.4162245
batch_00850_patch.tiff,patch_95,9.614417,8.287174,12.675711,4.6904025,-4.07163
batch_00850_patch.tiff,patch_96,9.677956,11.67286,12.833033,-0.57976174,-12.864327
batch_00850_patch.tiff,patch_97,11.849704,4.5312223,21.033337,3.5336342,-4.8980684
batch_00850_patch.tiff,patch_98,10.860182,10.959754,13.022311,2.5070622,-7.7124615
batch_00850_patch.tiff,patch_99,9.292061,12.47795,7.3001366,3.8891752,-12.132354
batch_00850_patch.tiff,patch_100,12.38992,10.630722,13.318646,6.6619997,-7.0601206
batch_00850_patch.tiff,patch_101,12.244348,10.60534,11.056162,8.795212,-8.469579
batch_00850_patch.tiff,patch_102,10.135347,11.827711,16.473255,-0.4195042,-5.680348
batch_00850_patch.tiff,patch_103,10.085355,12.393783,13.74329,8.710724,-6.317216
batch_00850_patch.tiff,patch_104,9.067444,12.318208,13.103866,4.1418977,-5.7883873
batch_00850_patch.tiff,patch_105,6.566632,13.661235,7.6543674,1.6929561,-10.282831
batch_00850_patch.tiff,patch_106,10.811167,10.613133,16.334146,5.718528,-9.326319
batch_00850_patch.tiff,patch_107,9.530359,9.398013,12.016502,2.5424798,-5.316267
batch_00850_patch.tiff,patch_108,8.640348,14.143043,10.631281,6.9654207,-7.2634254
batch_00850_patch.tiff,patch_109,10.516543,7.109877,14.3248825,4.0612326,-5.029991
batch_00850_patch.tiff,patch_110,8.639601,13.652855,11.527734,2.673704,-10.085147
batch_00850_patch.tiff,patch_111,9.682887,11.80532,16.246943,6.1780453,-7.7099957
batch_00850_patch.tiff,patch_112,11.690375,7.964542,14.260136,7.698773,-7.078371
batch_00850_patch.tiff,patch_113,10.216883,12.613579,7.9043107,6.5386724,-6.344369
batch_00850_patch.tiff,patch_114,12.332071,12.992605,7.506631,6.0786943,-8.635179
batch_00850_patch.tiff,patch_115,7.247065,11.547647,10.934926,1.8604118,-12.013214
batch_00850_patch.tiff,patch_116,11.197041,12.643441,10.76173,2.2401783,-7.7196507
batch_00850_patch.tiff,patch_117,7.509368,14.364705,7.7561946,4.313079,-9.844626
batch_00850_patch.tiff,patch_118,13.598697,10.746348,14.877944,6.8566437,-8.594883
batch_00850_patch.tiff,patch_119,11.138238,13.184452,13.396411,2.863678,-5.5445905
batch_00850_patch.tiff,patch_120,11.5580845,9.6582575,15.05116,6.2167544,-7.792955
batch_00850_patch.tiff,patch_121,8.215381,11.733724,7.855275,2.6117234,-9.460039
batch_00850_patch.tiff,patch_122,20.912903,8.348085,15.115671,10.505832,-14.32757
batch_00850_patch.tiff,patch_123,15.055951,3.8597362,8.444544,9.479866,-8.09339
batch_00850_patch.tiff,patch_124,16.100946,11.648056,13.581522,9.322154,-11.1006975
batch_00850_patch.tiff,patch_125,13.049028,6.410877,21.944395,2.9732165,-9.704758
batch_00850_patch.tiff,patch_126,8.58744,14.756951,11.108722,2.0973797,-11.284161
batch_00850_patch.tiff,patch_127,3.3437822,15.345073,1.455405,3.228783,-7.5331745
batch_00850_patch.tiff,patch_128,3.7679977,9.752017,6.2544885,5.4653697,-6.03814
batch_00850_patch.tiff,patch_129,9.810655,12.041526,15.707696,4.1472445,-5.7085433
batch_00850_patch.tiff,patch_130,7.5487337,8.406269,12.836025,5.825251,-5.259815
batch_00850_patch.tiff,patch_131,11.842267,9.878774,15.719233,8.138625,-7.2824874
batch_00850_patch.tiff,patch_132,13.879135,15.01196,15.056108,3.7066596,-8.646041
batch_00850_patch.tiff,patch_133,11.664748,6.9914327,12.729956,5.1863513,-5.8049283
batch_00850_patch.tiff,patch_134,22.201056,8.926377,12.246735,11.836748,-10.675628
batch_00850_patch.tiff,patch_135,13.460412,11.90582,21.093761,6.971217,-8.7235565
batch_00850_patch.tiff,patch_136,11.900483,10.02457,9.354485,4.16428,-8.555432
batch_00850_patch.tiff,patch_137,9.662862,12.50315,12.424658,4.008127,-8.01535
batch_00850_patch.tiff,patch_138,9.795736,14.125845,13.415316,3.1833556,-12.500427
batch_00850_patch.tiff,patch_139,9.278528,12.113819,14.78467,1.0766951,-8.475855
batch_00850_patch.tiff,patch_140,12.079059,9.327522,17.5642,4.5708303,-5.849252
batch_00850_patch.tiff,patch_141,12.193112,7.994405,15.629276,6.1081786,-3.8592937
batch_00850_patch.tiff,patch_142,11.868742,8.681291,15.427055,1.7993569,-10.13772
batch_00850_patch.tiff,patch_143,10.282767,6.726189,13.250567,4.8946924,-3.9903512
batch_00850_patch.tiff,patch_144,12.201537,13.6834345,11.882018,3.8027883,-11.042913
batch_00850_patch.tiff,patch_145,11.068228,10.430475,12.688869,4.9830713,-11.457323
batch_00850_patch.tiff,patch_146,13.829256,11.179293,16.496456,7.656976,-10.877976
batch_00850_patch.tiff,patch_147,11.83271,14.466185,9.994992,3.5231116,-8.157687
batch_00850_patch.tiff,patch_148,11.322629,10.433372,13.778557,6.5827007,-9.217751
batch_00850_patch.tiff,patch_149,10.522593,14.107794,12.608751,3.9383209,-9.868446
batch_00850_patch.tiff,patch_150,12.429776,12.733751,12.939647,5.6141443,-9.167674
batch_00850_patch.tiff,patch_151,12.399164,9.961662,14.0253935,1.8682839,-10.797633
batch_00850_patch.tiff,patch_152,8.33296,7.8787937,11.034978,7.3456974,-7.2395916
batch_00850_patch.tiff,patch_153,9.60313,13.6961975,14.145101,3.8798215,-7.423799
batch_00850_patch.tiff,patch_154,13.681544,11.034117,15.763134,0.033672955,-12.300008
batch_00850_patch.tiff,patch_155,12.410674,9.537978,15.098094,1.8804132,-9.529228
batch_00850_patch.tiff,patch_156,10.53876,14.405911,15.176902,4.4341984,-9.415267
batch_00850_patch.tiff,patch_157,9.880199,11.054075,11.77123,5.1484666,-9.384345
batch_00850_patch.tiff,patch_158,13.1185465,11.742082,10.710264,7.847646,-9.2851
batch_00850_patch.tiff,patch_159,11.129156,13.3333845,7.4996467,5.9510703,-8.519048
batch_00850_patch.tiff,patch_160,13.04339,13.111745,15.801166,5.423543,-7.2997437
batch_00850_patch.tiff,patch_161,9.547674,10.705986,13.523895,3.4821854,-6.2985396
batch_00850_patch.tiff,patch_162,10.35118,14.148036,12.18308,5.0954895,-9.821152
batch_00850_patch.tiff,patch_163,8.800602,15.908796,9.183967,3.101124,-12.019568
batch_00850_patch.tiff,patch_164,15.54885,6.3397093,21.642735,8.019284,-11.554765
batch_00850_patch.tiff,patch_165,14.908924,6.7604775,20.04559,5.085977,-11.023935
batch_00850_patch.tiff,patch_166,13.090651,13.737525,14.15342,5.110996,-9.826751
batch_00850_patch.tiff,patch_167,10.248054,11.973345,6.9969177,4.8308287,-9.113713
batch_00850_patch.tiff,patch_168,11.998636,9.926789,11.484424,6.2413054,-9.497677
batch_00850_patch.tiff,patch_169,11.291376,8.24454,8.152137,7.8151336,-8.011591
batch_00850_patch.tiff,patch_170,10.9232645,11.70716,8.003691,5.9742956,-7.1563597
batch_00850_patch.tiff,patch_171,10.576665,13.47002,14.768788,7.3896327,-9.838053
batch_00850_patch.tiff,patch_172,10.679514,8.329106,16.846807,5.568751,-12.951806
batch_00850_patch.tiff,patch_173,5.300229,11.498989,4.4133515,5.9100666,-7.89
batch_00850_patch.tiff,patch_174,7.0597425,15.093945,4.169494,2.3676147,-9.054469
batch_00900_patch.tiff,patch_0,0.5766139,6.760695,8.085373,3.0691059,-13.194707
batch_00900_patch.tiff,patch_1,4.4532166,10.959496,7.0621037,-1.0300257,-8.336624
batch_00900_patch.tiff,patch_2,6.2874455,12.815906,8.557579,3.3930242,-11.319094
batch_00900_patch.tiff,patch_3,7.9285083,11.731632,13.177576,7.0691214,-8.861232
batch_00900_patch.tiff,patch_4,8.19015,9.474076,9.066481,3.9524965,-8.105189
batch_00900_patch.tiff,patch_5,12.024756,10.94553,11.897834,5.485406,-5.6527386
batch_00900_patch.tiff,patch_6,16.401772,9.177853,20.135096,9.892001,-10.530913
batch_00900_patch.tiff,patch_7,16.377068,6.428495,22.802462,7.3376083,-10.103135
batch_00900_patch.tiff,patch_8,5.032252,3.4286327,8.875701,8.238302,-3.001158
batch_00900_patch.tiff,patch_9,5.5087204,4.6855745,12.357329,7.681744,-3.5085776
batch_00900_patch.tiff,patch_10,9.92267,8.021818,22.139814,1.5678779,-11.762408
batch_00900_patch.tiff,patch_11,10.125029,8.7305975,11.788108,9.72867,-13.53301
batch_00900_patch.tiff,patch_12,4.4444027,6.6039863,7.7320604,4.8681283,-12.897996
batch_00900_patch.tiff,patch_13,8.140486,12.247162,9.766454,0.975624,-9.603763
batch_00900_patch.tiff,patch_14,9.66958,11.289465,11.352268,-0.8481606,-9.085283
batch_00900_patch.tiff,patch_15,9.363071,10.186309,5.929033,6.266642,-5.7871428
batch_00900_patch.tiff,patch_16,10.396017,9.738505,8.503384,1.950094,-7.3757987
batch_00900_patch.tiff,patch_17,18.901148,9.35242,16.427986,12.905187,-14.381705
batch_00900_patch.tiff,patch_18,17.94827,11.967801,14.219084,16.494272,-11.000124
batch_00900_patch.tiff,patch_19,6.583489,7.030118,1.4160684,4.688935,-7.973461
batch_00900_patch.tiff,patch_20,8.128295,5.0622544,11.070298,3.5344608,-5.8938417
batch_00900_patch.tiff,patch_21,9.074264,5.0448666,20.970858,3.6025577,-9.071871
batch_00900_patch.tiff,patch_22,5.0518203,11.134012,5.785234,0.5080289,-13.747562
batch_00900_patch.tiff,patch_23,1.3420177,11.056181,3.748222,-0.44959983,-14.240696
batch_00900_patch.tiff,patch_24,7.9352517,9.73442,16.354797,2.2413201,-0.70964336
batch_00900_patch.tiff,patch_25,8.762087,10.288239,17.308098,5.335493,-1.50971
batch_00900_patch.tiff,patch_26,11.0849085,9.190297,9.319592,4.717921,-6.886504
batch_00900_patch.tiff,patch_27,10.473127,7.2784886,9.300358,4.8313537,-8.154759
batch_00900_patch.tiff,patch_28,7.4062047,11.944216,13.125874,-0.71883446,-14.78953
batch_00900_patch.tiff,patch_29,9.707995,10.076168,18.198002,1.9333833,-5.7449517
batch_00900_patch.tiff,patch_30,7.1564403,5.984768,5.8522544,4.1859818,-7.266769
batch_00900_patch.tiff,patch_31,6.4809394,5.7571664,13.266114,2.4581685,-1.5688875
batch_00900_patch.tiff,patch_32,0.4048561,10.22019,4.6320343,-2.2114904,-13.36334
batch_00900_patch.tiff,patch_33,5.3433113,10.336693,4.403662,-5.7171345,-12.129405
batch_00900_patch.tiff,patch_34,7.666541,9.03174,14.303902,-0.48335886,-3.776758
batch_00900_patch.tiff,patch_35,9.496296,6.994471,15.722715,8.2009535,-4.339344
batch_00900_patch.tiff,patch_36,10.331193,8.151405,6.067079,2.4986134,-6.8118796
batch_00900_patch.tiff,patch_37,7.3860393,9.636658,7.9792013,6.9506664,-5.6582265
batch_00900_patch.tiff,patch_38,2.4052432,8.669166,10.54996,-0.41534185,-11.043248
batch_00900_patch.tiff,patch_39,7.564212,7.8005238,14.853171,1.3619466,-8.396048
batch_00900_patch.tiff,patch_40,6.1829486,5.930788,5.4621353,5.1136017,-3.777854
batch_00900_patch.tiff,patch_41,9.718179,4.402754,15.277801,1.6671591,-2.7795453
batch_00900_patch.tiff,patch_42,14.146428,4.711075,11.75262,9.057924,-12.472387
batch_00900_patch.tiff,patch_43,17.445522,8.654852,23.781742,7.702962,-9.87456
batch_00900_patch.tiff,patch_44,9.6834755,15.664696,10.9206,9.75759,-4.234484
batch_00900_patch.tiff,patch_45,8.179795,11.830105,11.589807,7.5092435,-7.621961
batch_00900_patch.tiff,patch_46,7.7017503,7.6115637,8.962053,12.578401,-3.942366
batch_00900_patch.tiff,patch_47,12.604994,12.512182,14.513754,9.049371,-4.113537
batch_00900_patch.tiff,patch_48,9.813535,10.330329,15.46307,6.1501026,-7.0622563
batch_00900_patch.tiff,patch_49,11.76875,10.463928,17.361929,3.0862672,-9.731524
batch_00900_patch.tiff,patch_50,7.8502994,2.375822,12.580857,6.712344,-2.4022837
batch_00900_patch.tiff,patch_51,9.566638,6.988538,9.206304,5.4293613,-2.47968
batch_00900_patch.tiff,patch_52,16.086004,10.999527,18.401407,10.956049,-10.763737
batch_00900_patch.tiff,patch_53,18.462776,7.437868,18.596207,11.274577,-14.159835
batch_00900_patch.tiff,patch_54,4.8687515,16.054947,10.840644,11.7380705,-3.151536
batch_00900_patch.tiff,patch_55,6.9060197,13.453266,8.385615,9.611203,-8.364164
batch_00900_patch.tiff,patch_56,8.765776,9.539121,10.13622,7.6914635,-3.46024
batch_00900_patch.tiff,patch_57,8.493369,5.544384,13.303173,9.619363,-2.2695382
batch_00900_patch.tiff,patch_58,7.36102,5.5482388,17.17564,4.0900135,-5.9385324
batch_00900_patch.tiff,patch_59,6.707808,5.827247,12.924278,3.0219548,-10.287031
batch_00900_patch.tiff,patch_60,8.321502,5.2204056,12.205959,7.171977,-0.9920745
batch_00900_patch.tiff,patch_61,8.331714,4.478023,5.3102946,1.552951,-2.4913476
batch_00900_patch.tiff,patch_62,2.5707772,9.192604,4.0293746,0.8795677,-10.567338
batch_00900_patch.tiff,patch_63,8.020061,12.371804,8.536518,-5.085397,-11.213484
batch_00900_patch.tiff,patch_64,10.655914,10.358644,9.541789,8.441578,-7.044636
batch_00900_patch.tiff,patch_65,10.190094,10.304559,8.559941,5.552631,-8.487275
batch_00900_patch.tiff,patch_66,5.499393,6.7191267,13.4072485,8.246843,-3.8575125
batch_00900_patch.tiff,patch_67,7.0701413,6.284562,8.487573,7.6626654,-3.2917244
batch_00900_patch.tiff,patch_68,8.850468,6.0720086,9.698643,4.745634,-7.4334264
batch_00900_patch.tiff,patch_69,5.267989,6.846337,10.545908,3.9656496,-7.954258
batch_00900_patch.tiff,patch_70,18.760136,7.3756795,20.921312,10.634774,-9.366958
batch_00900_patch.tiff,patch_71,1.2232755,8.054617,3.2789326,0.86357766,-14.548844
batch_00900_patch.tiff,patch_72,8.870961,12.758931,8.487124,-2.4621038,-11.949047
batch_00900_patch.tiff,patch_73,8.027898,10.307796,8.838461,4.196155,-7.7793345
batch_00900_patch.tiff,patch_74,7.071133,8.180588,6.283387,5.731254,-7.929669
batch_00900_patch.tiff,patch_75,6.216349,8.222604,9.33165,8.882618,-2.2908835
batch_00900_patch.tiff,patch_76,7.130288,9.225008,7.12457,4.6857758,-2.9630044
batch_00900_patch.tiff,patch_77,10.957105,8.817079,18.020718,5.6784863,-7.8317533
batch_00900_patch.tiff,patch_78,9.19246,6.5006895,15.2545805,1.9415592,-3.9619129
batch_00900_patch.tiff,patch_79,21.899544,12.616419,22.531075,8.834578,-6.2821193
batch_00900_patch.tiff,patch_80,16.880445,10.353996,21.182262,8.069492,-4.5393853
batch_00900_patch.tiff,patch_81,10.241506,9.215657,4.785655,8.511569,-7.327225
batch_00900_patch.tiff,patch_82,7.479514,7.109386,6.748837,8.445362,-8.708403
batch_00900_patch.tiff,patch_83,6.9455323,10.773566,8.875931,8.379157,-4.097051
batch_00900_patch.tiff,patch_84,9.866621,10.0207205,7.092147,9.247542,-4.9936914
batch_00900_patch.tiff,patch_85,9.903585,7.4385724,9.789135,3.4805052,-6.430752
batch_00900_patch.tiff,patch_86,12.080558,11.483932,7.80871,4.971631,-8.596906
batch_00900_patch.tiff,patch_87,11.149756,8.335651,19.26482,4.63901,-3.1477022
batch_00900_patch.tiff,patch_88,8.7607565,8.336416,16.799623,2.0282345,-2.18036
batch_00900_patch.tiff,patch_89,4.4525223,4.530324,8.884241,10.858572,-7.178834
batch_00900_patch.tiff,patch_90,6.5072055,8.2046585,0.26795992,2.558912,-9.37813
batch_00900_patch.tiff,patch_91,6.2771435,11.948283,4.6709905,9.621951,-9.681561
batch_00900_patch.tiff,patch_92,7.988209,7.822063,9.993545,8.791272,-8.978551
batch_00900_patch.tiff,patch_93,13.3291025,10.864335,5.071007,12.38786,-3.9919126
batch_00900_patch.tiff,patch_94,8.893602,11.061876,7.9218173,11.498529,-7.0185385
batch_00900_patch.tiff,patch_95,12.535874,11.3533945,10.643926,8.297203,-7.184237
batch_00900_patch.tiff,patch_96,9.236441,5.9403934,15.837245,6.2110386,-3.3506274
batch_00900_patch.tiff,patch_97,9.176128,10.986565,19.152729,2.8512163,-5.453518
batch_00900_patch.tiff,patch_98,5.8848677,10.240979,12.876001,1.5697647,-9.011278
batch_00900_patch.tiff,patch_99,5.1906943,4.260135,7.5804224,4.4934597,-5.074416
batch_00900_patch.tiff,patch_100,3.6567645,6.928848,6.111916,4.5059333,-7.1210265
batch_00900_patch.tiff,patch_101,11.562636,15.818851,16.880342,4.77398,-6.829376
batch_00900_patch.tiff,patch_102,10.867736,12.535073,8.938641,12.319007,-8.846524
batch_00900_patch.tiff,patch_103,16.996836,2.4243894,17.956861,5.640502,-7.527233
batch_00900_patch.tiff,patch_104,16.192753,8.311865,20.313688,10.301044,-7.369571
batch_00900_patch.tiff,patch_105,11.142853,7.7316165,7.4351835,2.1831336,-5.2691493
batch_00900_patch.tiff,patch_106,10.711936,10.2119,5.8960123,3.860604,-10.439051
batch_00900_patch.tiff,patch_107,9.315334,5.215214,12.973212,4.360895,-6.642459
batch_00900_patch.tiff,patch_108,5.3892083,6.0743055,11.609055,4.673002,-6.6057115
batch_00900_patch.tiff,patch_109,5.3918605,6.4301395,6.841451,2.6637802,-7.233903
batch_00900_patch.tiff,patch_110,5.882595,3.9169967,10.497331,6.4491253,-7.303171
batch_00900_patch.tiff,patch_111,9.036781,13.944704,11.3533125,6.9025254,-7.153552
batch_00900_patch.tiff,patch_112,11.9154215,10.6434145,8.418923,2.7147663,-7.284934
batch_00900_patch.tiff,patch_113,21.575653,8.070553,19.545237,7.817021,-6.80606
batch_00900_patch.tiff,patch_114,20.327555,11.4113865,19.462421,14.629007,-11.63533
batch_00900_patch.tiff,patch_115,13.009357,4.387509,12.2462015,7.7831388,-0.92219776
batch_00900_patch.tiff,patch_116,12.607694,8.583327,9.156032,11.161518,-1.3256345
batch_00900_patch.tiff,patch_117,6.9888334,7.7865486,11.449666,6.5956564,-8.542553
batch_00900_patch.tiff,patch_118,8.623169,7.9226804,15.835738,1.5281786,-9.209525
batch_00900_patch.tiff,patch_119,3.6823568,6.8788767,7.949853,3.1869016,-5.894554
batch_00900_patch.tiff,patch_120,5.5915756,4.9236054,10.7727165,6.1900363,-4.814477
batch_00900_patch.tiff,patch_121,6.958341,10.163582,11.782872,7.9838085,-10.880049
batch_00900_patch.tiff,patch_122,8.386434,11.111086,12.807483,5.713641,-8.212842
batch_00900_patch.tiff,patch_123,12.261651,8.749643,9.505249,9.240556,-5.000053
batch_00900_patch.tiff,patch_124,10.29962,9.868552,10.113382,6.48107,-4.6116295
batch_00900_patch.tiff,patch_125,10.00895,7.904376,10.723308,15.769636,-5.950488
batch_00900_patch.tiff,patch_126,11.7057085,9.627369,5.7048936,2.8505673,-5.0205684
batch_00900_patch.tiff,patch_127,6.8207664,5.4542837,2.5547404,2.6893976,-6.730017
batch_00900_patch.tiff,patch_128,4.7881255,5.4032407,10.3184,2.8121119,-2.9038384
batch_00900_patch.tiff,patch_129,11.054181,12.779427,10.728467,6.086356,-11.594292
batch_00900_patch.tiff,patch_130,16.051931,9.841615,18.56463,9.675958,-8.801875
batch_00900_patch.tiff,patch_131,16.153444,5.837543,24.123234,4.862957,-9.769318
batch_00900_patch.tiff,patch_132,11.344037,12.124797,11.54047,4.822114,-8.292544
batch_00900_patch.tiff,patch_133,9.114714,10.220288,8.437231,5.6460905,-7.6685348
batch_00900_patch.tiff,patch_134,13.521338,10.737007,8.767529,9.993721,-7.5925784
batch_00900_patch.tiff,patch_135,9.325467,6.7687306,8.118172,2.8385224,-9.431044
batch_00900_patch.tiff,patch_136,11.461042,9.848543,6.7646093,4.9824095,-3.0244803
batch_00900_patch.tiff,patch_137,13.238256,7.9031434,6.869981,6.7846174,-1.8848522
batch_00900_patch.tiff,patch_138,6.3654466,7.4957047,5.169272,2.3341749,-5.759556
batch_00900_patch.tiff,patch_139,3.279825,4.9325633,3.0071256,3.3546245,-7.9153857
batch_00900_patch.tiff,patch_140,5.6138334,7.813335,13.461776,4.826569,-9.683751
batch_00900_patch.tiff,patch_141,5.5583,8.246561,11.438314,4.9539366,-14.826494
batch_00900_patch.tiff,patch_142,13.639434,7.4904656,17.390316,7.724662,-6.455939
batch_00900_patch.tiff,patch_143,8.873292,10.207212,7.3920174,6.964197,-7.61207
batch_00900_patch.tiff,patch_144,10.346727,12.57637,6.2257843,4.8761187,-9.684908
batch_00900_patch.tiff,patch_145,7.930415,13.887083,9.2255335,9.358447,-7.5592985
batch_00900_patch.tiff,patch_146,10.507707,10.201464,5.013225,7.910806,-4.8424244
batch_00900_patch.tiff,patch_147,7.7773066,5.0922747,14.215135,6.229914,-2.2468235
batch_00900_patch.tiff,patch_148,11.579254,5.5075893,9.995194,5.556692,-1.0848495
batch_00900_patch.tiff,patch_149,6.048004,3.638192,11.692703,6.892165,-1.745675
batch_00900_patch.tiff,patch_150,7.166615,5.3140917,12.243726,8.6169405,-2.4271126
batch_00900_patch.tiff,patch_151,4.110944,9.314836,13.76537,9.000144,-10.180634
batch_00900_patch.tiff,patch_152,8.861459,7.615783,14.043406,4.4573383,-10.729498
batch_00950_patch.tiff,patch_0,9.02675,10.41528,15.840112,9.746499,-10.431889
batch_00950_patch.tiff,patch_1,12.675641,9.682952,23.62048,9.378461,-11.416061
batch_00950_patch.tiff,patch_2,13.49282,7.76401,20.151155,11.428721,-9.6081
batch_00950_patch.tiff,patch_3,11.352858,4.8800416,15.928798,9.833862,-11.297614
batch_00950_patch.tiff,patch_4,10.248814,4.6833143,20.907936,8.149506,-7.763459
batch_00950_patch.tiff,patch_5,11.030625,8.822952,19.43473,9.616938,-11.785926
batch_00950_patch.tiff,patch_6,6.4570746,6.990911,21.04012,9.876965,-12.187649
batch_00950_patch.tiff,patch_7,10.003057,6.385107,15.674897,4.925361,-13.292818
batch_00950_patch.tiff,patch_8,19.387129,9.591741,14.821674,8.456557,-6.6199245
batch_00950_patch.tiff,patch_9,14.049441,11.273634,11.401341,9.836497,-12.090044
batch_00950_patch.tiff,patch_10,10.661083,6.884458,17.0488,9.836375,-9.133617
batch_00950_patch.tiff,patch_11,9.497179,6.475315,20.10672,8.904561,-11.699173
batch_00950_patch.tiff,patch_12,8.421298,6.792266,19.32874,12.103232,-8.964179
batch_00950_patch.tiff,patch_13,12.078165,6.258666,20.654846,8.146744,-8.269151
batch_00950_patch.tiff,patch_14,11.803916,3.0975087,16.406506,12.747985,-10.916655
batch_00950_patch.tiff,patch_15,16.719322,6.3138986,18.097853,8.144819,-13.37518
batch_00950_patch.tiff,patch_16,15.343486,10.996943,17.66594,10.463532,-9.886075
batch_00950_patch.tiff,patch_17,7.769423,7.1878853,13.632126,7.546576,-12.419613
batch_00950_patch.tiff,patch_18,14.427534,12.495402,19.469421,7.7749815,-12.184807
batch_00950_patch.tiff,patch_19,16.759367,5.769922,21.168697,8.247885,-8.158989
batch_00950_patch.tiff,patch_20,19.57418,6.5477037,23.179243,8.120986,-4.6221375
batch_00950_patch.tiff,patch_21,12.5603,9.621883,11.81577,5.6654654,-11.737346
batch_00950_patch.tiff,patch_22,12.233244,13.934741,16.36453,3.9979396,-8.929537
batch_00950_patch.tiff,patch_23,9.394156,9.070492,16.428478,7.8782396,-7.2297506
batch_00950_patch.tiff,patch_24,13.518875,10.522362,24.05985,11.630448,-6.000528
batch_00950_patch.tiff,patch_25,2.790476,9.588585,14.055979,12.323523,-10.670044
batch_00950_patch.tiff,patch_26,13.702487,4.345288,15.20589,11.031568,-7.5362687
batch_00950_patch.tiff,patch_27,16.426449,6.5185304,18.210402,7.264716,-8.449481
batch_00950_patch.tiff,patch_28,8.637104,11.486181,15.709453,9.561065,-6.5887265
batch_00950_patch.tiff,patch_29,9.494174,10.8784275,15.161011,3.1183894,-10.571967
batch_00950_patch.tiff,patch_30,19.273546,4.0030847,14.939753,7.5164275,-10.619707
batch_00950_patch.tiff,patch_31,17.463184,8.14849,14.436453,4.998339,-14.231905
batch_00950_patch.tiff,patch_32,2.7699764,6.0844536,7.477949,8.487441,-11.725758
batch_00950_patch.tiff,patch_33,15.47405,8.676848,15.999036,8.031843,-9.412119
batch_00950_patch.tiff,patch_34,16.711065,14.440418,22.326643,11.125288,-5.7013617
batch_00950_patch.tiff,patch_35,12.137143,8.712463,23.06533,11.036238,-10.013282
batch_00950_patch.tiff,patch_36,0.43050814,8.3616,12.970496,13.181283,-10.22073
batch_00950_patch.tiff,patch_37,11.217957,5.622036,17.032654,10.022426,-7.9629264
batch_00950_patch.tiff,patch_38,10.662003,0.20384078,19.935774,11.464158,-9.025995
batch_00950_patch.tiff,patch_39,9.384335,11.136129,16.470436,7.1048374,-9.512348
batch_00950_patch.tiff,patch_40,13.3908825,11.921228,18.051674,1.9518086,-12.696217
batch_00950_patch.tiff,patch_41,17.243923,6.7646346,14.491515,11.2336445,-8.788145
batch_00950_patch.tiff,patch_42,15.295171,10.506315,19.476988,5.814523,-9.108151
batch_00950_patch.tiff,patch_43,8.82315,4.9064655,12.034254,6.810083,-12.431122
batch_00950_patch.tiff,patch_44,13.227828,11.692117,16.286308,7.8167286,-8.6168
batch_00950_patch.tiff,patch_45,13.172767,11.777352,17.505592,4.2866235,-11.197181
batch_00950_patch.tiff,patch_46,14.089083,6.217749,23.816927,14.307022,-8.241769
batch_00950_patch.tiff,patch_47,9.066017,4.820093,12.735577,11.884205,-8.7743025
batch_00950_patch.tiff,patch_48,15.774579,8.956044,12.757685,9.641617,-8.694975
batch_00950_patch.tiff,patch_49,14.205173,8.701697,14.278282,10.848914,-10.109953
batch_00950_patch.tiff,patch_50,14.092044,7.5530868,23.599043,8.361931,-9.608189
batch_00950_patch.tiff,patch_51,10.35089,7.121282,13.889105,9.196955,-12.154651
batch_00950_patch.tiff,patch_52,15.406266,11.544319,16.709238,8.892409,-3.776242
batch_00950_patch.tiff,patch_53,13.509512,9.192561,20.561886,9.415373,-3.6679904
batch_00950_patch.tiff,patch_54,16.06079,7.132703,16.365671,10.220282,-10.630727
batch_00950_patch.tiff,patch_55,12.228873,11.438031,19.610315,6.0531654,-4.2833347
batch_00950_patch.tiff,patch_56,5.8912044,11.674355,13.3760805,5.743949,-11.789901
batch_00950_patch.tiff,patch_57,14.267008,7.0901704,25.30646,15.88417,-8.505105
batch_00950_patch.tiff,patch_58,10.912727,4.861408,16.194468,13.311013,-9.985342
batch_00950_patch.tiff,patch_59,15.358712,10.90998,16.868923,10.523698,-8.967802
batch_00950_patch.tiff,patch_60,16.192091,9.104781,11.147459,11.57896,-5.080051
batch_00950_patch.tiff,patch_61,9.995481,1.379382,14.825581,10.544664,-13.330884
batch_00950_patch.tiff,patch_62,11.811243,10.080563,19.145094,11.052343,-8.778771
batch_00950_patch.tiff,patch_63,17.327467,8.427537,22.775133,6.3875875,-3.4746778
batch_00950_patch.tiff,patch_64,12.010724,9.797464,18.205288,3.7169137,-9.966157
batch_00950_patch.tiff,patch_65,16.580027,5.9262743,14.542949,2.841234,-9.313608
batch_00950_patch.tiff,patch_66,11.158967,10.182879,16.695404,8.162915,-7.26773
batch_00950_patch.tiff,patch_67,11.199925,9.583053,18.002985,8.5835,-6.8105197
batch_00950_patch.tiff,patch_68,11.491402,7.8417873,24.348106,13.127584,-8.406834
batch_00950_patch.tiff,patch_69,9.442268,7.5280275,22.373823,11.079349,-7.0089827
batch_00950_patch.tiff,patch_70,9.972743,9.1327915,11.755854,3.812413,-8.83675
batch_00950_patch.tiff,patch_71,11.382751,8.365572,13.923094,7.1953454,-8.889598
batch_00950_patch.tiff,patch_72,15.431639,12.419733,16.308973,10.386303,-8.492295
batch_00950_patch.tiff,patch_73,12.402007,7.272674,22.555077,2.9121625,-6.9045925
batch_00950_patch.tiff,patch_74,14.923001,11.029272,21.00066,4.2883487,-9.320182
batch_00950_patch.tiff,patch_75,18.658503,9.593071,18.415564,5.9868402,-11.435653
batch_00950_patch.tiff,patch_76,17.31999,10.747965,18.66871,4.9520254,-12.867511
batch_00950_patch.tiff,patch_77,12.256917,10.200542,26.886488,8.640716,-1.0064392
batch_00950_patch.tiff,patch_78,12.7080965,8.15772,19.08355,6.337501,-9.614005
batch_00950_patch.tiff,patch_79,13.162738,8.494071,19.59267,15.074747,-6.113501
batch_00950_patch.tiff,patch_80,9.999916,9.2372265,21.302452,17.813675,-7.9734
batch_00950_patch.tiff,patch_81,11.350808,6.0051227,21.743048,7.9250474,-9.063372
batch_00950_patch.tiff,patch_82,6.667932,4.9354844,17.290512,7.9709415,-10.073869
batch_00950_patch.tiff,patch_83,14.283422,10.31021,8.575419,9.335912,-10.1269245
batch_00950_patch.tiff,patch_84,8.59145,3.1167266,20.685757,8.968177,-10.443601
batch_00950_patch.tiff,patch_85,12.579291,10.598799,17.23223,12.5005,-5.487327
batch_00950_patch.tiff,patch_86,7.691252,8.089647,18.039362,6.677072,-6.7534866
batch_00950_patch.tiff,patch_87,17.54057,7.7940936,14.789797,8.603297,-9.591014
batch_00950_patch.tiff,patch_88,17.427769,13.580418,24.28237,4.623122,-6.012875
batch_00950_patch.tiff,patch_89,14.064579,11.7817135,14.056908,5.8197365,-5.8877387
batch_00950_patch.tiff,patch_90,12.686475,12.475642,18.483526,5.356497,-8.803356
batch_00950_patch.tiff,patch_91,11.710294,7.542962,16.273638,10.571892,-10.346804
batch_00950_patch.tiff,patch_92,11.842871,6.477606,19.345467,6.72345,-5.334013
batch_00950_patch.tiff,patch_93,6.9181314,4.604047,15.3773575,10.966245,-10.462203
batch_00950_patch.tiff,patch_94,11.548025,4.978327,15.613048,10.810954,-11.900469
batch_00950_patch.tiff,patch_95,15.108361,7.3553095,24.931087,10.755214,-8.927258
batch_00950_patch.tiff,patch_96,14.534054,13.324508,18.360256,6.9227805,-11.275411
batch_00950_patch.tiff,patch_97,13.343749,9.584688,19.887033,3.959473,-11.097412
batch_00950_patch.tiff,patch_98,15.04456,12.641559,23.955332,6.311357,-7.8337383
batch_00950_patch.tiff,patch_99,13.492285,13.486462,26.744074,0.18492995,-8.195719
batch_00950_patch.tiff,patch_100,14.489941,9.303806,15.169574,5.809464,-12.756833
batch_00950_patch.tiff,patch_101,8.035694,10.315246,18.935678,9.685101,-5.927241
batch_00950_patch.tiff,patch_102,11.6271925,6.751524,15.6347275,6.548805,-6.8044157
batch_00950_patch.tiff,patch_103,11.086732,9.758316,12.901548,6.6341653,-9.247663
batch_00950_patch.tiff,patch_104,11.259827,4.0157223,21.410635,11.710873,-8.77825
batch_00950_patch.tiff,patch_105,8.710702,3.4540222,20.041096,9.713641,-10.935242
batch_00950_patch.tiff,patch_106,10.140825,9.618112,11.1625805,11.379806,-8.668315
batch_00950_patch.tiff,patch_107,16.385199,7.729634,20.220884,7.938044,-6.195019
batch_00950_patch.tiff,patch_108,11.615341,1.3066983,23.404158,6.205865,-8.34087
batch_00950_patch.tiff,patch_109,13.303972,7.8050814,20.423111,2.3511424,-8.4357815
batch_00950_patch.tiff,patch_110,14.654174,6.090488,20.734098,4.6532254,-4.6651945
batch_00950_patch.tiff,patch_111,10.437064,9.204659,21.336056,12.000454,-7.26623
batch_00950_patch.tiff,patch_112,10.117095,12.988148,18.589895,14.793026,-7.129175
batch_00950_patch.tiff,patch_113,12.194287,10.1124325,19.916876,8.906088,-7.6280174
batch_00950_patch.tiff,patch_114,15.692116,14.099785,23.142403,10.195737,-6.377391
batch_00950_patch.tiff,patch_115,13.167743,7.7465334,20.37546,6.827552,-6.739471
batch_00950_patch.tiff,patch_116,13.599292,6.2783947,12.453455,7.6745214,-11.47123
batch_00950_patch.tiff,patch_117,18.532639,7.312193,21.0329,10.357203,-9.92061
batch_00950_patch.tiff,patch_118,11.1297865,10.3358555,13.350542,8.29116,-7.073508
batch_00950_patch.tiff,patch_119,14.364837,12.312187,20.64547,7.597912,-4.8205967
batch_00950_patch.tiff,patch_120,18.78829,9.571925,14.092324,7.9945626,-8.296595
batch_00950_patch.tiff,patch_121,11.742547,2.1536014,16.78125,6.88886,-13.393104
batch_00950_patch.tiff,patch_122,13.119191,3.7174087,16.100542,5.0310946,-12.525201
batch_00950_patch.tiff,patch_123,6.7474856,8.19135,17.237673,15.560439,-10.908017
batch_00950_patch.tiff,patch_124,7.549127,12.257326,15.271444,13.052697,-11.577484
batch_00950_patch.tiff,patch_125,12.431904,7.904664,18.255499,11.286924,-10.239758
batch_00950_patch.tiff,patch_126,13.074531,10.8594265,12.983295,10.051176,-5.0620103
batch_00950_patch.tiff,patch_127,11.225703,5.1455197,19.883331,11.632745,-6.037249
batch_00950_patch.tiff,patch_128,9.833675,1.1988087,22.270014,13.766917,-10.996366
batch_00950_patch.tiff,patch_129,15.350158,4.1798773,22.175087,5.9099817,-7.174434
batch_00950_patch.tiff,patch_130,14.039893,11.571036,15.3355465,4.9546304,-9.496415
batch_00950_patch.tiff,patch_131,11.351478,12.431856,26.294363,4.32054,-8.452964
batch_00950_patch.tiff,patch_132,13.453561,6.623909,26.935848,5.1589174,-8.755254
batch_00950_patch.tiff,patch_133,11.496163,4.1890407,19.246256,8.838052,-12.51056
batch_00950_patch.tiff,patch_134,11.644428,1.7286088,18.959158,7.5927534,-13.558393
batch_00950_patch.tiff,patch_135,13.430463,9.279581,22.135874,11.156427,-5.935789
batch_00950_patch.tiff,patch_136,5.7215304,11.469579,18.868408,7.5051126,-9.403397
batch_00950_patch.tiff,patch_137,15.92068,11.517183,15.441743,6.3626585,-8.606912
batch_00950_patch.tiff,patch_138,13.643602,9.143911,26.623163,9.846285,-4.0602694
batch_00950_patch.tiff,patch_139,13.486134,9.358167,13.137823,7.840548,-6.894707
batch_00950_patch.tiff,patch_140,7.1078625,6.965299,11.552779,8.890558,-13.143782
batch_00950_patch.tiff,patch_141,18.682209,5.957759,15.300887,10.6533375,-9.234807
batch_00950_patch.tiff,patch_142,13.92729,11.022852,19.76893,7.067638,-5.708812
batch_00950_patch.tiff,patch_143,10.935476,9.382122,20.03474,5.108836,-2.0722985
batch_00950_patch.tiff,patch_144,14.692419,5.739191,18.86325,7.325861,-7.2708716
batch_00950_patch.tiff,patch_145,12.711158,3.2697456,18.441956,4.9355903,-14.555039
batch_00950_patch.tiff,patch_146,5.9373164,8.610093,16.644928,8.406578,-8.904339
batch_00950_patch.tiff,patch_147,4.565962,12.583895,18.27409,8.872594,-9.195205
batch_00950_patch.tiff,patch_148,11.467337,10.311206,13.95785,2.9138906,-10.755195
batch_00950_patch.tiff,patch_149,10.9194565,8.08535,21.58223,7.5938606,-8.103654
batch_00950_patch.tiff,patch_150,15.628634,9.79232,19.161602,8.529265,-4.026679
batch_00950_patch.tiff,patch_151,10.036457,8.486605,8.525083,6.182159,-10.840816
batch_00950_patch.tiff,patch_152,11.445627,7.5948324,6.902237,5.1085505,-12.521561
batch_00950_patch.tiff,patch_153,12.675195,7.931576,18.641644,8.744685,-4.221796
batch_00950_patch.tiff,patch_154,7.8209624,10.571656,19.669115,7.5944986,-4.001466
batch_00950_patch.tiff,patch_155,9.947034,3.736231,15.64859,9.487614,-15.609702
batch_00950_patch.tiff,patch_156,9.987592,1.5868737,13.786792,8.556782,-16.383139
batch_00950_patch.tiff,patch_157,17.101126,9.242352,12.997144,10.655989,-8.543698
batch_00950_patch.tiff,patch_158,16.202671,6.862501,20.43631,3.4437292,-8.648773
batch_00950_patch.tiff,patch_159,10.879819,9.232397,18.458672,4.799839,-6.969469
batch_00950_patch.tiff,patch_160,11.179672,5.607269,22.522053,5.9204044,-6.3751645
batch_00950_patch.tiff,patch_161,14.798005,4.5075045,17.389067,8.310898,-7.450111
batch_00950_patch.tiff,patch_162,16.964054,9.274978,19.467705,4.7401905,-9.422589
batch_00950_patch.tiff,patch_163,10.977184,5.523484,20.530066,7.79758,-11.788159
batch_00950_patch.tiff,patch_164,13.006953,7.4477186,23.702948,8.932111,-8.468354
batch_00950_patch.tiff,patch_165,8.129936,8.039708,17.257648,3.744416,-10.514856
batch_00950_patch.tiff,patch_166,9.191125,8.700718,15.8488655,2.7243326,-12.90785
batch_01000_patch.tiff,patch_0,5.8420625,6.068937,12.737704,5.620914,-12.919324
batch_01000_patch.tiff,patch_1,13.747161,9.986458,13.071558,5.101731,-13.439081
batch_01000_patch.tiff,patch_2,15.970703,9.260638,26.113342,13.317129,-6.257118
batch_01000_patch.tiff,patch_3,17.12695,8.516527,23.853338,12.976834,-1.4819858
batch_01000_patch.tiff,patch_4,10.24444,8.53039,14.428183,8.490402,-8.179329
batch_01000_patch.tiff,patch_5,12.586241,6.8351045,17.966337,7.3567457,-10.15254
batch_01000_patch.tiff,patch_6,13.387785,4.5411997,15.13941,7.7242527,-8.200292
batch_01000_patch.tiff,patch_7,18.159513,5.9485226,22.810795,9.487349,-7.2625055
batch_01000_patch.tiff,patch_8,19.506672,4.805457,7.9153595,7.309418,-1.9987237
batch_01000_patch.tiff,patch_9,14.665002,14.410418,7.149671,4.575436,-5.1089263
batch_01000_patch.tiff,patch_10,5.8438926,0.5944602,9.300098,5.9554434,-3.2687376
batch_01000_patch.tiff,patch_11,1.8685379,8.282501,5.0712686,7.809904,-7.5501614
batch_01000_patch.tiff,patch_12,10.139825,6.186871,13.879836,6.442251,-14.007743
batch_01000_patch.tiff,patch_13,11.433694,6.4558563,13.86471,4.55565,-13.501202
batch_01000_patch.tiff,patch_14,14.277046,7.466393,18.900457,9.241563,-4.3981986
batch_01000_patch.tiff,patch_15,18.194109,13.695058,18.55698,8.694341,-4.0609736
batch_01000_patch.tiff,patch_16,9.141696,2.1905253,17.668001,7.4434447,-14.827762
batch_01000_patch.tiff,patch_17,9.141527,5.137012,14.746792,11.089469,-13.966481
batch_01000_patch.tiff,patch_18,13.817466,5.490969,11.63576,10.758917,-5.3005705
batch_01000_patch.tiff,patch_19,14.869042,5.849892,11.17931,9.759852,-8.320295
batch_01000_patch.tiff,patch_20,18.087297,11.688695,12.895493,8.189703,-7.7512417
batch_01000_patch.tiff,patch_21,9.60158,7.3676105,9.793336,7.8874755,-2.470789
batch_01000_patch.tiff,patch_22,5.3681746,3.8836558,6.908911,3.4905152,-7.8072324
batch_01000_patch.tiff,patch_23,11.97511,12.331071,24.034197,11.617743,-7.0914736
batch_01000_patch.tiff,patch_24,13.64978,13.306713,16.093847,8.18585,-8.349618
batch_01000_patch.tiff,patch_25,12.566977,8.185659,23.700394,11.404959,-1.0491122
batch_01000_patch.tiff,patch_26,9.562145,6.687633,11.482066,9.181252,-9.173694
batch_01000_patch.tiff,patch_27,7.244208,5.954813,12.016938,12.426949,-10.261664
batch_01000_patch.tiff,patch_28,14.668443,13.782944,14.874997,4.752663,-9.199108
batch_01000_patch.tiff,patch_29,7.475824,5.6183395,7.6069155,5.716391,-6.5802383
batch_01000_patch.tiff,patch_30,7.252149,4.711721,11.075607,5.975783,-7.9440374
batch_01000_patch.tiff,patch_31,15.245103,7.784837,19.852259,9.132084,-6.2259774
batch_01000_patch.tiff,patch_32,15.04255,10.312163,22.367369,7.0579824,-8.795486
batch_01000_patch.tiff,patch_33,17.474876,7.641497,25.97432,9.385602,-6.387712
batch_01000_patch.tiff,patch_34,8.289371,9.182159,16.152822,11.242515,-9.625645
batch_01000_patch.tiff,patch_35,16.131388,7.9776287,18.226456,9.748141,-10.269774
batch_01000_patch.tiff,patch_36,14.446764,14.967602,18.681135,4.4632745,-4.822998
batch_01000_patch.tiff,patch_37,6.017766,7.8846226,1.5589787,8.021674,-3.9551399
batch_01000_patch.tiff,patch_38,5.779977,3.2728662,6.768212,5.7164526,-10.299656
batch_01000_patch.tiff,patch_39,19.463202,8.722565,18.581902,10.674079,-13.139918
batch_01000_patch.tiff,patch_40,17.915924,3.2610996,11.928558,9.766026,-11.386976
batch_01000_patch.tiff,patch_41,11.985495,7.502347,24.093805,12.828984,-3.1658306
batch_01000_patch.tiff,patch_42,14.951845,5.1118383,25.182463,13.62472,-3.2689636
batch_01000_patch.tiff,patch_43,13.126575,10.512545,14.4242115,7.914642,-8.590873
batch_01000_patch.tiff,patch_44,15.557416,6.599722,8.837806,11.907461,-13.688626
batch_01000_patch.tiff,patch_45,16.036375,3.9725769,18.172054,10.787747,-11.63601
batch_01000_patch.tiff,patch_46,18.306215,4.8743234,18.559278,11.22028,-13.171399
batch_01000_patch.tiff,patch_47,13.394319,8.509275,22.78613,13.115784,-4.620266
batch_01000_patch.tiff,patch_48,14.274543,8.549393,23.537245,8.69762,-3.6308396
batch_01000_patch.tiff,patch_49,10.161054,4.022741,18.820398,6.4397597,-10.545126
batch_01000_patch.tiff,patch_50,14.616021,6.8630295,13.356969,11.385427,-12.296526
batch_01000_patch.tiff,patch_51,12.722943,5.127514,13.967499,5.1755867,-7.61625
batch_01000_patch.tiff,patch_52,7.222134,4.6354275,16.496986,4.2814336,-12.42438
batch_01000_patch.tiff,patch_53,14.551879,8.172834,19.325693,10.280233,-3.3370543
batch_01000_patch.tiff,patch_54,17.051224,9.536702,14.156903,7.00755,-6.973632
batch_01000_patch.tiff,patch_55,9.367673,-1.8776948,19.012653,2.4307704,-11.457881
batch_01000_patch.tiff,patch_56,7.341281,2.916441,16.140396,5.701738,-11.204232
batch_01000_patch.tiff,patch_57,16.797203,7.4997606,14.463448,4.5095983,-7.4719634
batch_01000_patch.tiff,patch_58,18.439037,6.8479385,13.151282,3.3811884,-7.093791
batch_01000_patch.tiff,patch_59,15.270767,8.5968075,18.793623,10.754334,-11.972429
batch_01000_patch.tiff,patch_60,12.877097,4.712853,13.172634,7.1347423,-10.336272
batch_01000_patch.tiff,patch_61,6.540328,7.1257305,8.408847,5.66496,-7.1636653
batch_01000_patch.tiff,patch_62,6.9312563,6.6689534,9.334183,5.245757,-5.435709
batch_01000_patch.tiff,patch_63,8.169882,6.038677,12.245521,5.4587307,-12.783481
batch_01000_patch.tiff,patch_64,9.354735,6.849062,17.118616,7.0589557,-12.076283
batch_01000_patch.tiff,patch_65,17.449139,7.815721,25.234348,7.8952055,-3.4389222
batch_01000_patch.tiff,patch_66,15.220864,8.968916,14.661255,12.915834,-6.329506
batch_01000_patch.tiff,patch_67,9.083681,3.3510861,9.742883,2.6723933,-13.133166
batch_01000_patch.tiff,patch_68,11.952833,7.5159063,15.989194,2.5332587,-9.372646
batch_01000_patch.tiff,patch_69,14.304425,8.742126,6.3946385,1.3559886,-7.3301415
batch_01000_patch.tiff,patch_70,15.842595,12.182654,14.088402,5.3013506,-8.611694
batch_01000_patch.tiff,patch_71,16.24784,9.407096,10.120414,10.190555,-9.882435
batch_01000_patch.tiff,patch_72,19.058266,7.556232,19.709253,15.592434,-10.178674
batch_01000_patch.tiff,patch_73,5.794406,4.923385,9.614346,3.4758494,-5.8645644
batch_01000_patch.tiff,patch_74,13.170845,5.6646976,21.383615,12.086984,-4.3168163
batch_01000_patch.tiff,patch_75,17.749619,7.675173,25.121912,7.030738,-3.970291
batch_01000_patch.tiff,patch_76,14.171411,6.0350637,18.193567,13.331273,-7.895869
batch_01000_patch.tiff,patch_77,15.259563,9.962493,18.891373,15.968503,-4.5232735
batch_01000_patch.tiff,patch_78,12.07482,4.1108513,18.88409,10.466894,-9.18898
batch_01000_patch.tiff,patch_79,8.156953,2.8047562,14.099626,7.5595016,-9.636922
batch_01000_patch.tiff,patch_80,6.3121514,4.8553057,9.170446,6.1369767,-5.571325
batch_01000_patch.tiff,patch_81,18.879822,8.27445,27.435083,9.742477,-5.2001944
batch_01000_patch.tiff,patch_82,17.09408,11.004871,26.421297,8.503711,-5.474059
batch_01000_patch.tiff,patch_83,11.046765,6.614924,13.863752,8.592048,-9.026041
batch_01000_patch.tiff,patch_84,12.548746,6.569296,16.175785,13.163306,-8.201258
batch_01000_patch.tiff,patch_85,11.825634,7.415331,11.890185,10.322106,-9.332172
batch_01000_patch.tiff,patch_86,21.35181,6.123533,6.3925705,5.8074903,-7.708235
batch_01000_patch.tiff,patch_87,7.3512173,5.3000765,8.863103,5.0884423,-7.2321815
batch_01000_patch.tiff,patch_88,6.133534,8.66357,7.427568,6.878792,-9.287294
batch_01000_patch.tiff,patch_89,20.481546,10.202228,22.692148,9.09658,-4.432353
batch_01000_patch.tiff,patch_90,13.441635,11.204228,17.644564,6.875368,-6.0947104
batch_01000_patch.tiff,patch_91,15.861998,4.9259415,21.871178,7.969602,-10.210613
batch_01000_patch.tiff,patch_92,15.685908,8.326629,21.113537,9.2263,-9.261703
batch_01000_patch.tiff,patch_93,9.228516,15.346258,11.3896475,12.464447,-8.782046
batch_01000_patch.tiff,patch_94,14.777811,12.4398155,15.005678,6.918829,-7.0658855
batch_01000_patch.tiff,patch_95,11.3129225,6.145709,17.898697,13.333364,-7.229149
batch_01000_patch.tiff,patch_96,17.86727,7.257123,13.36176,8.32526,-9.681579
batch_01000_patch.tiff,patch_97,14.213087,2.9073443,10.238388,7.736153,-9.392889
batch_01000_patch.tiff,patch_98,9.59898,14.730237,15.381942,10.662959,-9.7940445
batch_01000_patch.tiff,patch_99,10.545086,14.534707,15.635889,8.236732,-9.92405
batch_01000_patch.tiff,patch_100,15.722144,7.228465,6.01075,8.529046,-6.007827
batch_01000_patch.tiff,patch_101,7.9067,7.013847,8.209346,3.6752527,-8.206863
batch_01000_patch.tiff,patch_102,15.957154,10.348128,24.234484,10.692028,-3.718525
batch_01000_patch.tiff,patch_103,12.892484,12.402154,21.201174,11.282722,-5.520381
batch_01000_patch.tiff,patch_104,18.734503,10.146767,12.351326,8.077618,-14.881242
batch_01000_patch.tiff,patch_105,16.912376,10.734799,14.49098,8.777049,-5.829918
batch_01000_patch.tiff,patch_106,10.632194,14.49826,5.643765,13.336848,-11.169279
batch_01000_patch.tiff,patch_107,8.790063,11.415686,7.837038,10.636812,-10.137418
batch_01000_patch.tiff,patch_108,16.330616,9.32542,19.914856,11.374718,-13.22683
batch_01000_patch.tiff,patch_109,17.625414,4.6496797,22.350002,9.250893,-11.162455
batch_01000_patch.tiff,patch_110,15.206335,6.8044343,24.898096,10.054425,-2.5235229
batch_01000_patch.tiff,patch_111,16.227734,5.3304253,24.615131,10.005692,-5.2180796
batch_01000_patch.tiff,patch_112,16.850155,13.384049,17.0263,6.2583036,-5.437011
batch_01000_patch.tiff,patch_113,14.307257,10.196927,16.830107,12.1939745,-5.0827084
batch_01000_patch.tiff,patch_114,14.480303,8.78673,16.958523,11.926073,-7.6621046
batch_01000_patch.tiff,patch_115,12.668746,5.042173,17.608839,6.901503,-5.9378653
batch_01000_patch.tiff,patch_116,14.983968,7.6606655,11.519045,5.3018064,-3.5849445
batch_01000_patch.tiff,patch_117,15.116786,10.192997,22.789783,7.0188274,-11.731339
batch_01000_patch.tiff,patch_118,12.097685,3.6608472,19.6581,8.883166,-11.299057
batch_01000_patch.tiff,patch_119,12.184557,2.5585086,24.245462,8.00317,-3.382766
batch_01000_patch.tiff,patch_120,13.294637,9.191161,20.141098,10.286683,-8.20324
batch_01000_patch.tiff,patch_121,8.1105175,3.5598316,15.605923,9.290724,-9.53177
batch_01000_patch.tiff,patch_122,6.4423065,4.7803545,14.014326,5.1532183,-12.624739
batch_01000_patch.tiff,patch_123,11.304535,15.294382,16.485739,8.695227,-8.62984
batch_01000_patch.tiff,patch_124,17.69212,10.930612,6.4521737,6.173976,-8.694853
batch_01000_patch.tiff,patch_125,14.43003,12.072494,-0.72545975,7.5450397,-6.783267
batch_01050_patch.tiff,patch_0,4.3979683,4.672277,3.5856817,5.0034723,-8.130387
batch_01050_patch.tiff,patch_1,1.9408969,6.0071845,2.8356178,4.847975,-10.977578
batch_01050_patch.tiff,patch_2,7.7236776,3.5347478,5.433685,10.522807,-7.952211
batch_01050_patch.tiff,patch_3,4.4344234,7.1851654,5.934788,7.789667,-10.405366
batch_01050_patch.tiff,patch_4,2.6244688,7.25785,1.5479189,9.245269,-8.099963
batch_01050_patch.tiff,patch_5,2.587977,14.827505,6.579734,7.9561553,-5.9448
batch_01050_patch.tiff,patch_6,13.1427555,8.565633,15.588725,6.4477773,-5.3484044
batch_01050_patch.tiff,patch_7,16.078218,9.198288,17.768787,8.158977,-6.1993103
batch_01050_patch.tiff,patch_8,8.996468,11.803055,17.493479,4.7720604,-4.672872
batch_01050_patch.tiff,patch_9,11.480956,13.838307,9.367606,7.4974003,-3.1923754
batch_01050_patch.tiff,patch_10,17.156301,7.4728527,19.381123,8.546213,-7.965595
batch_01050_patch.tiff,patch_11,6.4592233,9.445101,6.775483,1.7787728,-10.901414
batch_01050_patch.tiff,patch_12,-1.8366683,9.525103,5.473409,6.4609084,-12.354781
batch_01050_patch.tiff,patch_13,9.688253,9.463305,12.106983,5.7773685,-5.396597
batch_01050_patch.tiff,patch_14,11.213378,5.922687,15.796426,9.643428,-5.095646
batch_01050_patch.tiff,patch_15,10.494901,4.7850103,12.696195,5.6836305,-7.5836515
batch_01050_patch.tiff,patch_16,10.037176,9.426006,3.6596563,2.572184,-9.913717
batch_01050_patch.tiff,patch_17,8.934075,5.237636,8.14227,3.3089507,-2.5863
batch_01050_patch.tiff,patch_18,8.475403,6.303768,12.223822,9.244611,-3.9684055
batch_01050_patch.tiff,patch_19,9.605551,8.795554,12.372974,8.644033,-2.2332387
batch_01050_patch.tiff,patch_20,4.539727,7.920632,12.397033,8.073353,-5.386683
batch_01050_patch.tiff,patch_21,2.9008307,8.278534,3.770645,6.240497,-9.251066
batch_01050_patch.tiff,patch_22,17.23773,6.7711697,17.11811,6.890441,-10.148376
batch_01050_patch.tiff,patch_23,12.429385,6.564154,10.848851,9.441814,-9.066272
batch_01050_patch.tiff,patch_24,2.9248617,10.911292,4.6451097,3.586523,-12.058812
batch_01050_patch.tiff,patch_25,6.3688793,1.7006842,4.1065598,6.630646,-7.8079896
batch_01050_patch.tiff,patch_26,1.291139,3.3118575,1.0155067,8.135507,-8.194937
batch_01050_patch.tiff,patch_27,6.306707,2.8922524,7.665082,11.651268,-5.499296
batch_01050_patch.tiff,patch_28,5.184259,7.623336,9.099473,7.4325,-9.663418
batch_01050_patch.tiff,patch_29,6.6873407,6.6958475,10.117425,4.3457413,-7.8551865
batch_01050_patch.tiff,patch_30,9.05287,10.647609,9.584708,6.6125803,-8.108283
batch_01050_patch.tiff,patch_31,11.062762,6.669013,14.880769,8.2821,-4.3815317
batch_01050_patch.tiff,patch_32,15.940329,7.383127,21.495289,7.441362,-8.7828865
batch_01050_patch.tiff,patch_33,3.6206753,8.8091955,9.330786,4.5833735,-6.1190424
batch_01050_patch.tiff,patch_34,4.8495097,10.197995,9.807068,6.1831098,-6.043524
batch_01050_patch.tiff,patch_35,5.495996,17.098026,7.851951,4.126262,-12.444164
batch_01050_patch.tiff,patch_36,5.1597276,12.2962475,8.686407,4.988974,-10.939508
batch_01050_patch.tiff,patch_37,8.38719,9.101352,12.12084,4.3045707,-6.9447966
batch_01050_patch.tiff,patch_38,3.7538862,4.9514914,3.6029553,4.8735948,-7.5175076
batch_01050_patch.tiff,patch_39,7.9101543,6.06569,5.366263,11.677726,-5.849597
batch_01050_patch.tiff,patch_40,7.9301934,7.2293487,13.922473,7.6631165,-5.291651
batch_01050_patch.tiff,patch_41,8.641025,6.458516,14.973488,11.279172,-6.419656
batch_01050_patch.tiff,patch_42,8.695539,9.532403,13.710749,5.1493764,-9.720373
batch_01050_patch.tiff,patch_43,9.543269,12.244326,14.147634,4.7951946,-7.8685584
batch_01050_patch.tiff,patch_44,14.2954645,5.073793,18.196947,8.379514,-4.770574
batch_01050_patch.tiff,patch_45,11.23931,4.7900467,14.078582,6.962277,-6.253933
batch_01050_patch.tiff,patch_46,3.886574,8.6647,8.160996,8.382864,-7.2601495
batch_01050_patch.tiff,patch_47,10.8658,11.448764,13.477498,7.967705,-0.59247595
batch_01050_patch.tiff,patch_48,3.1782558,11.205451,10.468067,5.056522,-12.771514
batch_01050_patch.tiff,patch_49,3.571362,11.666196,11.216938,4.406355,-13.754793
batch_01050_patch.tiff,patch_50,8.831754,7.311512,14.499408,2.563563,-7.787767
batch_01050_patch.tiff,patch_51,6.606211,3.5308714,10.616498,4.770402,-9.454217
batch_01050_patch.tiff,patch_52,7.3897443,4.302575,5.899025,7.347006,-7.9290113
batch_01050_patch.tiff,patch_53,12.379888,5.4518614,15.961191,6.530677,-7.9793043
batch_01050_patch.tiff,patch_54,7.4532275,2.7326272,10.266022,7.664386,-3.995727
batch_01050_patch.tiff,patch_55,11.886246,8.596388,8.321158,8.386665,-4.405112
batch_01050_patch.tiff,patch_56,11.441911,5.597651,14.58027,4.004502,-7.0989547
batch_01050_patch.tiff,patch_57,3.488551,9.188754,5.6923137,6.85152,-7.7665434
batch_01050_patch.tiff,patch_58,5.8685555,9.732434,-0.33071938,-1.3626114,-12.233449
batch_01050_patch.tiff,patch_59,8.418433,9.765149,8.0453415,7.301365,-13.737044
batch_01050_patch.tiff,patch_60,-0.8375325,13.933984,4.6678534,7.772654,-13.180092
batch_01050_patch.tiff,patch_61,4.195877,4.56445,6.3408313,3.6568904,-7.5912123
batch_01050_patch.tiff,patch_62,9.203546,3.8084755,12.404536,8.190998,-4.213922
batch_01050_patch.tiff,patch_63,9.07192,4.9076543,11.389781,6.564507,-8.088531
batch_01050_patch.tiff,patch_64,10.566569,6.8822217,16.607935,6.109601,-8.067271
batch_01050_patch.tiff,patch_65,17.137056,9.540885,19.424639,10.124553,-12.117298
batch_01050_patch.tiff,patch_66,16.41778,9.289401,13.8344145,11.532392,-9.693474
batch_01050_patch.tiff,patch_67,10.191533,6.2182913,8.826203,10.861551,-8.4855795
batch_01050_patch.tiff,patch_68,14.820628,10.660698,13.592261,8.159698,-7.036066
batch_01050_patch.tiff,patch_69,9.629024,7.1631055,11.046028,5.988799,-4.728639
batch_01050_patch.tiff,patch_70,3.315683,10.0701475,4.246996,3.2974849,-7.697303
batch_01050_patch.tiff,patch_71,1.7185445,7.5069237,8.749498,8.445852,-10.638596
batch_01050_patch.tiff,patch_72,6.6277766,11.737958,13.966206,3.847888,-12.76385
batch_01050_patch.tiff,patch_73,6.527957,1.741242,5.6469154,9.712644,-8.1115675
batch_01050_patch.tiff,patch_74,6.4536095,5.5511317,9.102194,5.75602,-11.847151
batch_01050_patch.tiff,patch_75,10.9948845,5.8550124,15.331669,8.647196,-6.959284
batch_01050_patch.tiff,patch_76,13.10185,5.298743,15.965084,5.119473,-9.226155
batch_01050_patch.tiff,patch_77,11.999112,5.8608594,14.546405,5.568162,-10.120634
batch_01050_patch.tiff,patch_78,6.9208636,12.59694,14.151358,9.215111,-4.337519
batch_01050_patch.tiff,patch_79,2.6233683,11.713026,0.5865059,0.4868542,-12.623909
batch_01050_patch.tiff,patch_80,10.03541,12.296753,8.416362,9.334667,-8.654173
batch_01050_patch.tiff,patch_81,12.646443,9.039336,16.607632,5.9406743,-10.187772
batch_01050_patch.tiff,patch_82,5.759773,2.2290287,12.320728,3.2691596,-8.090479
batch_01050_patch.tiff,patch_83,0.8735978,8.80119,2.0988944,5.3838954,-12.690157
batch_01050_patch.tiff,patch_84,5.9145503,4.7738304,1.562238,7.7153616,-4.7370634
batch_01050_patch.tiff,patch_85,6.254068,8.629154,11.571749,5.61836,-7.4208035
batch_01050_patch.tiff,patch_86,12.032533,7.585444,7.2900624,11.614581,-0.83266485
batch_01050_patch.tiff,patch_87,6.297622,4.600267,10.866178,6.8225255,-9.555579
batch_01050_patch.tiff,patch_88,8.028924,4.1366043,8.056708,6.9717293,-4.659569
batch_01050_patch.tiff,patch_89,13.772269,9.517722,12.251363,13.269749,-6.641656
batch_01050_patch.tiff,patch_90,12.814481,9.224573,16.91254,8.4909315,-7.2807074
batch_01050_patch.tiff,patch_91,3.9838352,11.598762,1.3271126,-0.6175746,-11.751989
batch_01050_patch.tiff,patch_92,15.345543,16.461899,17.230215,4.0619636,-7.7493505
batch_01050_patch.tiff,patch_93,10.538928,12.685816,6.3190713,5.2606144,-10.677571
batch_01050_patch.tiff,patch_94,8.351259,4.0758505,6.2914557,8.141242,-8.753955
batch_01050_patch.tiff,patch_95,3.41099,4.2643604,2.851336,6.909248,-13.030634
batch_01050_patch.tiff,patch_96,5.368769,6.8929033,8.021281,6.8916492,0.8394381
batch_01050_patch.tiff,patch_97,-1.3954124,6.7105618,-0.56321126,5.075078,-12.473187
batch_01050_patch.tiff,patch_98,4.4087496,13.526092,3.5438504,-2.1649377,-13.757214
batch_01050_patch.tiff,patch_99,4.4517093,9.832738,1.6434201,-0.47272515,-12.848645
batch_01050_patch.tiff,patch_100,14.55418,10.295923,13.059391,8.903944,-4.2038465
batch_01050_patch.tiff,patch_101,4.867415,12.925737,1.7965093,1.6499723,-12.64613
batch_01050_patch.tiff,patch_102,9.633435,10.540267,8.232946,1.6114565,-7.866605
batch_01050_patch.tiff,patch_103,9.069875,9.292597,8.619036,3.4800248,-11.72019
batch_01050_patch.tiff,patch_104,6.6390023,2.9609306,5.5751424,9.511852,-7.3267145
batch_01050_patch.tiff,patch_105,5.545675,5.16146,5.099151,8.197078,-9.296618
batch_01050_patch.tiff,patch_106,3.1591775,7.91268,3.7483006,4.67344,-9.03285
batch_01050_patch.tiff,patch_107,9.229185,9.097702,7.7868633,8.763232,-6.976863
batch_01050_patch.tiff,patch_108,1.7296021,7.42495,2.03862,8.4204645,-5.501903
batch_01050_patch.tiff,patch_109,2.3039262,10.880139,-3.977363,1.7673532,-10.731058
batch_01050_patch.tiff,patch_110,4.4933915,12.084907,-1.1190708,-0.07387847,-10.531849
batch_01050_patch.tiff,patch_111,6.4206867,11.404558,5.0391316,0.8486099,-10.118391
batch_01050_patch.tiff,patch_112,5.7690024,12.018252,-0.23563807,3.0836465,-12.189285
batch_01050_patch.tiff,patch_113,10.268777,11.706469,9.08067,4.705466,-9.362511
batch_01050_patch.tiff,patch_114,11.013453,9.004202,9.491984,3.9318602,-11.646203
batch_01050_patch.tiff,patch_115,7.3467603,-1.1003947,9.206247,4.7214036,-1.2366953
batch_01050_patch.tiff,patch_116,6.1389756,4.898226,3.6782157,8.056517,-6.332004
batch_01050_patch.tiff,patch_117,2.4143758,7.365881,2.7249117,7.690874,-7.2867923
batch_01050_patch.tiff,patch_118,8.033858,4.3579817,5.0751925,6.5961146,-8.467161
batch_01050_patch.tiff,patch_119,6.3396077,3.30207,4.762806,6.183231,-8.390455
batch_01050_patch.tiff,patch_120,15.888101,5.5441575,20.822561,3.1064463,-12.571846
batch_01050_patch.tiff,patch_121,21.357925,9.252691,19.317703,10.572082,-7.9477243
batch_01050_patch.tiff,patch_122,4.653788,17.399137,8.714595,5.3363714,-13.17827
batch_01050_patch.tiff,patch_123,9.33205,9.917592,6.2173505,3.9914355,-8.55392
batch_01050_patch.tiff,patch_124,8.902495,8.411004,3.5390122,-2.2394426,-11.801539
batch_01050_patch.tiff,patch_125,7.338064,11.083121,2.769665,-2.613919,-10.2321205
batch_01050_patch.tiff,patch_126,9.059421,4.8985634,6.84663,7.9858108,-6.72016
batch_01050_patch.tiff,patch_127,13.002512,3.035738,13.998052,9.295702,-6.0800505
batch_01050_patch.tiff,patch_128,0.9012061,7.550136,2.341999,10.047305,-6.815561
batch_01050_patch.tiff,patch_129,12.387773,3.267746,1.5799255,5.556123,-7.580444
batch_01050_patch.tiff,patch_130,2.4506512,1.3146884,3.8851943,5.8112254,-7.157954
batch_01050_patch.tiff,patch_131,15.855383,6.12733,16.77288,10.01529,-12.321403
batch_01050_patch.tiff,patch_132,16.697931,7.0552893,17.433203,6.569025,-12.676173
batch_01050_patch.tiff,patch_133,8.573544,11.304471,1.08618,4.211309,-13.659023
batch_01050_patch.tiff,patch_134,8.687512,8.78475,13.200266,10.057687,-10.390558
batch_01050_patch.tiff,patch_135,13.678442,8.123515,6.078515,0.61048454,-9.710673
batch_01050_patch.tiff,patch_136,5.9377766,8.128258,5.3223367,-1.2692015,-10.711901
batch_01050_patch.tiff,patch_137,5.544369,7.2241845,7.4059134,7.148105,-8.360639
batch_01050_patch.tiff,patch_138,9.618322,4.522403,1.3225764,10.689063,-6.109922
batch_01050_patch.tiff,patch_139,10.932335,2.4005332,7.9767957,4.5947213,-5.317284
batch_01050_patch.tiff,patch_140,2.9993742,2.9543924,8.746966,6.414733,-6.9719563
batch_01050_patch.tiff,patch_141,2.9461696,8.353874,6.303891,2.4132142,-9.992332
batch_01050_patch.tiff,patch_142,1.7291812,11.308757,6.208884,9.652336,-8.312492
batch_01050_patch.tiff,patch_143,7.362932,12.876936,10.550623,10.098124,-9.236382
batch_01050_patch.tiff,patch_144,6.0512977,12.971109,14.473147,7.4246635,-11.645804
batch_01050_patch.tiff,patch_145,11.676874,8.678931,12.647917,6.595591,-7.2072616
batch_01050_patch.tiff,patch_146,8.271799,7.1507416,16.191198,6.112584,-4.4090114
batch_01050_patch.tiff,patch_147,6.2435555,5.574684,7.6094093,9.277453,-8.642976
batch_01050_patch.tiff,patch_148,7.3034263,5.3093405,8.419191,8.017564,-8.060067
batch_01050_patch.tiff,patch_149,6.7729197,6.959642,8.154822,10.184341,-4.172875
batch_01050_patch.tiff,patch_150,5.541405,4.630147,10.128256,4.0499697,-8.832833
batch_01050_patch.tiff,patch_151,12.038295,4.328886,3.7157052,5.594802,-10.914308
batch_01050_patch.tiff,patch_152,8.884499,6.5786624,4.4624214,7.1246614,-7.8687835
batch_01050_patch.tiff,patch_153,4.0567007,11.304068,4.1762233,2.5344388,-9.925834
batch_01050_patch.tiff,patch_154,4.918315,10.789982,4.3559074,5.304284,-10.344498
batch_01050_patch.tiff,patch_155,4.9368486,9.665744,9.859865,7.988166,-11.964631
batch_01050_patch.tiff,patch_156,3.464073,8.063592,11.698972,7.5019574,-10.413947
batch_01050_patch.tiff,patch_157,11.961635,9.100459,11.487236,5.657363,-10.321262
batch_01050_patch.tiff,patch_158,10.538545,6.8870115,19.404104,8.457404,-3.879358
batch_01050_patch.tiff,patch_159,18.007282,7.066746,16.775826,8.935352,-11.762058
batch_01050_patch.tiff,patch_160,14.0849085,6.8058715,12.945852,8.469647,-9.927608
batch_01050_patch.tiff,patch_161,8.275174,5.2047796,8.042797,6.3782773,-3.9565735
batch_01050_patch.tiff,patch_162,8.222528,2.5110216,9.892036,7.78648,-1.3234712
batch_01050_patch.tiff,patch_163,10.453559,4.1245403,5.0594897,4.9937778,-7.879788
batch_01050_patch.tiff,patch_164,5.387474,6.1091423,5.2817492,6.9151196,-8.431128
batch_01050_patch.tiff,patch_165,4.86621,9.707592,2.4569466,4.6267195,-11.346856
batch_01050_patch.tiff,patch_166,2.087906,11.6637335,4.512431,1.8520806,-11.307315
batch_01050_patch.tiff,patch_167,7.812835,9.896282,11.143356,3.2485402,-10.475531
batch_01050_patch.tiff,patch_168,6.3031297,11.38084,8.728054,4.451903,-11.284445
batch_01050_patch.tiff,patch_169,6.328567,10.083776,4.767465,0.35555118,-10.006781
batch_01050_patch.tiff,patch_170,5.1528006,10.339899,8.364344,6.3870053,-9.377055
batch_01100_patch.tiff,patch_0,7.1804886,10.107677,6.753767,5.69796,-10.130152
batch_01100_patch.tiff,patch_1,11.527249,8.820942,12.244256,6.6909075,-8.039835
batch_01100_patch.tiff,patch_2,14.216095,10.880646,16.350555,8.974716,-9.690066
batch_01100_patch.tiff,patch_3,5.2703176,11.64233,15.51242,8.306621,-10.343605
batch_01100_patch.tiff,patch_4,10.048357,7.579155,19.569641,10.730766,-11.641351
batch_01100_patch.tiff,patch_5,9.827423,8.678466,17.00472,11.516535,-12.573739
batch_01100_patch.tiff,patch_6,14.737236,2.909965,5.6752424,7.0555277,-3.8755927
batch_01100_patch.tiff,patch_7,10.388981,5.2667656,6.744104,7.395692,-4.8405743
batch_01100_patch.tiff,patch_8,10.260224,16.07433,13.179777,7.341164,-6.701655
batch_01100_patch.tiff,patch_9,8.186317,2.543614,7.1478996,3.6916995,-7.811011
batch_01100_patch.tiff,patch_10,10.685051,11.782787,17.5033,4.530427,-7.274806
batch_01100_patch.tiff,patch_11,7.9882417,8.590361,11.536737,5.029535,-5.809259
batch_01100_patch.tiff,patch_12,7.842434,12.561142,18.243696,6.551395,-6.0811663
batch_01100_patch.tiff,patch_13,12.550811,14.079339,16.704027,8.39507,-10.371892
batch_01100_patch.tiff,patch_14,11.696911,10.345973,15.806997,8.984959,-8.399675
batch_01100_patch.tiff,patch_15,11.459023,6.505116,14.399347,6.4128256,-12.323839
batch_01100_patch.tiff,patch_16,12.031416,8.016275,20.088129,6.1899986,-11.105171
batch_01100_patch.tiff,patch_17,10.632658,3.4212961,11.777318,3.626074,-1.3003385
batch_01100_patch.tiff,patch_18,13.351847,2.1120806,8.484039,9.074935,-3.447734
batch_01100_patch.tiff,patch_19,7.8460426,1.8255165,8.553431,8.036017,-4.4774585
batch_01100_patch.tiff,patch_20,14.489467,3.2970853,21.050585,5.991204,-11.697586
batch_01100_patch.tiff,patch_21,14.700463,9.38445,23.620169,7.617433,-12.541745
batch_01100_patch.tiff,patch_22,6.1979504,10.605945,15.068536,8.851276,-10.18682
batch_01100_patch.tiff,patch_23,19.28473,14.33516,17.19294,7.1014576,-5.2545667
batch_01100_patch.tiff,patch_24,21.758612,10.569961,12.600692,7.522934,-11.345401
batch_01100_patch.tiff,patch_25,14.124338,6.490919,17.299511,7.6211205,-11.516497
batch_01100_patch.tiff,patch_26,12.250881,7.1506577,17.041502,11.011929,-11.738063
batch_01100_patch.tiff,patch_27,9.383468,8.194318,9.802888,4.6443124,-5.959265
batch_01100_patch.tiff,patch_28,13.69737,3.1866333,8.386965,9.629547,-4.279457
batch_01100_patch.tiff,patch_29,9.60439,16.257473,10.966927,4.619176,-8.573268
batch_01100_patch.tiff,patch_30,5.054806,16.075392,8.87538,4.317827,-11.135113
batch_01100_patch.tiff,patch_31,10.162174,5.8445024,3.0705287,4.340556,-6.7976127
batch_01100_patch.tiff,patch_32,16.042961,8.288525,9.280659,8.399008,-13.977174
batch_01100_patch.tiff,patch_33,18.376518,9.5679035,12.843365,12.455831,-12.37103
batch_01100_patch.tiff,patch_34,9.101206,7.4867177,8.835826,12.323324,-12.526961
batch_01100_patch.tiff,patch_35,12.122778,14.408312,18.181171,10.077764,-8.191054
batch_01100_patch.tiff,patch_36,15.992774,6.2838373,10.668872,12.331717,-12.111628
batch_01100_patch.tiff,patch_37,14.354453,5.296289,14.250727,8.547269,-11.9760685
batch_01100_patch.tiff,patch_38,12.120024,4.5479665,6.359239,9.036644,-5.1555886
batch_01100_patch.tiff,patch_39,14.464878,3.5385451,7.1036696,9.884755,-3.6939063
batch_01100_patch.tiff,patch_40,7.9936767,7.9566064,-0.7912793,1.4412806,-9.835421
batch_01100_patch.tiff,patch_41,9.88562,7.7476883,14.407601,6.4971037,-6.3066177
batch_01100_patch.tiff,patch_42,8.833599,8.207564,13.338587,4.117753,-8.053612
batch_01100_patch.tiff,patch_43,10.25941,4.8997025,19.92329,8.318256,-11.979311
batch_01100_patch.tiff,patch_44,17.77837,10.557822,20.187885,6.121523,-7.3427014
batch_01100_patch.tiff,patch_45,9.964235,5.5221977,6.153658,8.520542,-2.897795
batch_01100_patch.tiff,patch_46,10.717852,2.9840736,5.378287,8.619104,-0.8766094
batch_01100_patch.tiff,patch_47,1.3797174,8.43074,5.7545257,7.974883,-7.2387223
batch_01100_patch.tiff,patch_48,3.3847182,7.2449307,8.167267,9.0127,-7.4354525
batch_01100_patch.tiff,patch_49,10.005028,6.523821,5.8884087,1.2346102,-8.896346
batch_01100_patch.tiff,patch_50,10.793639,10.452389,16.751537,3.039643,-0.14693281
batch_01100_patch.tiff,patch_51,13.583372,6.909907,20.893538,4.5615172,-8.120007
batch_01100_patch.tiff,patch_52,13.392907,12.569869,12.21588,0.7847479,-11.5101
batch_01100_patch.tiff,patch_53,12.779141,5.008046,8.6226845,9.357357,-4.678689
batch_01100_patch.tiff,patch_54,13.092356,2.0626566,8.148057,6.923936,-4.014059
batch_01100_patch.tiff,patch_55,4.639649,4.5870967,6.5252852,7.1509733,-7.4057465
batch_01100_patch.tiff,patch_56,-1.3471222,6.4163313,1.1872064,4.7295747,-8.5971985
batch_01100_patch.tiff,patch_57,18.143795,7.806611,15.269924,12.330283,-11.446788
batch_01100_patch.tiff,patch_58,15.721133,8.94426,13.163991,5.366485,-12.453352
batch_01100_patch.tiff,patch_59,7.7280436,12.837167,9.539565,1.6939219,-13.6806135
batch_01100_patch.tiff,patch_60,13.1179,6.7362375,18.688047,10.4374275,-14.585059
batch_01100_patch.tiff,patch_61,9.091473,8.651308,8.908306,7.979704,-6.136458
batch_01100_patch.tiff,patch_62,10.1261835,8.02926,16.23415,7.8058124,-15.038365
batch_01100_patch.tiff,patch_63,16.725517,8.654189,16.607992,6.2665024,-14.774041
batch_01100_patch.tiff,patch_64,9.816218,11.116692,9.709407,3.8538167,-15.896005
batch_01100_patch.tiff,patch_65,12.883482,4.8856544,19.937302,1.821252,-11.1806135
batch_01100_patch.tiff,patch_66,2.368658,4.664062,3.9189715,6.1934824,-7.261815
batch_01100_patch.tiff,patch_67,3.0953171,5.29962,5.600363,4.927928,-2.0291448
batch_01100_patch.tiff,patch_68,7.8282604,14.199354,15.336732,7.142384,-9.149746
batch_01100_patch.tiff,patch_69,6.289645,12.063617,11.598757,9.310349,-11.519543
batch_01100_patch.tiff,patch_70,11.930115,10.654472,20.897411,3.852019,-5.534984
batch_01100_patch.tiff,patch_71,13.79872,2.6508675,25.573853,6.946537,-5.2768583
batch_01100_patch.tiff,patch_72,13.306903,7.295507,20.123287,2.7542033,-10.065291
batch_01100_patch.tiff,patch_73,15.356635,12.708253,11.959984,3.3354437,-15.707605
batch_01100_patch.tiff,patch_74,18.36617,5.4675446,19.349415,5.573711,-13.801326
batch_01100_patch.tiff,patch_75,12.971594,1.4106805,8.244924,7.364184,-9.996692
batch_01100_patch.tiff,patch_76,15.458347,9.168729,17.333239,10.013555,-5.5137987
batch_01100_patch.tiff,patch_77,11.725283,7.648244,16.9788,9.9183855,-1.8539894
batch_01100_patch.tiff,patch_78,3.657296,11.101505,10.4424095,8.068172,-10.299283
batch_01100_patch.tiff,patch_79,16.335747,9.392306,10.035881,5.5960917,-8.060498
batch_01100_patch.tiff,patch_80,17.464403,8.529521,25.73834,7.7991314,-5.082822
batch_01100_patch.tiff,patch_81,15.95297,11.008473,22.018734,5.4255238,-10.382076
batch_01100_patch.tiff,patch_82,8.742308,12.401565,11.05258,0.21010904,-16.95182
batch_01100_patch.tiff,patch_83,18.870546,6.1077175,24.16058,6.821958,-10.860254
batch_01100_patch.tiff,patch_84,19.76814,6.258497,10.67118,8.501482,-11.372562
batch_01100_patch.tiff,patch_85,11.747164,9.602253,13.565622,9.272943,-4.3754797
batch_01100_patch.tiff,patch_86,-3.096285,9.84035,0.6017593,6.3460975,-9.652001
batch_01100_patch.tiff,patch_87,17.328428,16.770758,11.900057,3.604101,-12.373593
batch_01100_patch.tiff,patch_88,16.111029,11.94622,11.24062,8.237418,-9.284951
batch_01100_patch.tiff,patch_89,13.639765,0.47855586,18.51185,7.391875,-8.618624
batch_01100_patch.tiff,patch_90,16.019066,8.957926,24.43014,11.559626,-4.9182935
batch_01100_patch.tiff,patch_91,9.792683,10.957373,16.234627,0.45313495,-14.788716
batch_01100_patch.tiff,patch_92,10.447915,11.455106,13.497136,1.3916118,-12.811973
batch_01100_patch.tiff,patch_93,7.2604685,17.60455,6.220273,6.7250757,-10.877696
batch_01100_patch.tiff,patch_94,4.096267,11.302097,11.397517,8.036848,-5.6256504
batch_01100_patch.tiff,patch_95,0.86512715,5.1861353,3.2500584,7.5720687,-9.756926
batch_01100_patch.tiff,patch_96,17.622131,11.945247,15.611271,10.664784,-10.456314
batch_01100_patch.tiff,patch_97,13.785847,12.735599,18.228786,11.118788,-7.6564326
batch_01100_patch.tiff,patch_98,12.89467,6.7937927,18.245811,7.829651,-9.076501
batch_01100_patch.tiff,patch_99,13.932659,10.059927,20.514444,9.463434,-6.6497326
batch_01100_patch.tiff,patch_100,18.705393,12.170751,18.982216,7.1301503,-14.697586
batch_01100_patch.tiff,patch_101,10.526676,11.932249,10.476006,-1.0526246,-18.318447
batch_01100_patch.tiff,patch_102,7.614098,14.039674,13.86217,0.30247453,-19.249666
batch_01100_patch.tiff,patch_103,-0.48452574,9.873199,3.930425,6.639993,-11.858711
batch_01100_patch.tiff,patch_104,-0.22099864,6.180984,3.156576,8.55609,-10.8525095
batch_01100_patch.tiff,patch_105,6.8949485,6.4387894,13.019732,4.1479096,-10.909912
batch_01100_patch.tiff,patch_106,6.5871687,11.792079,9.775793,6.151059,-11.121369
batch_01100_patch.tiff,patch_107,12.533459,6.362781,10.0962,6.1549296,-11.345232
batch_01100_patch.tiff,patch_108,19.500874,9.805688,18.096537,8.919369,-14.607588
batch_01100_patch.tiff,patch_109,11.549758,9.090074,9.354712,4.774254,-13.229305
batch_01100_patch.tiff,patch_110,13.411298,8.398694,12.527179,6.857591,-16.854498
batch_01100_patch.tiff,patch_111,11.597364,3.512015,8.866456,6.055419,-3.7918894
batch_01100_patch.tiff,patch_112,13.208812,2.4926398,3.6183372,8.896043,-3.2908177
batch_01100_patch.tiff,patch_113,0.9297609,6.9126506,5.541153,5.916318,-10.806523
batch_01100_patch.tiff,patch_114,6.685644,4.312104,6.41413,8.194311,-6.993262
batch_01100_patch.tiff,patch_115,14.574975,7.6958804,6.474307,10.327863,-11.374419
batch_01100_patch.tiff,patch_116,14.419665,14.49436,15.379711,10.728518,-9.586659
batch_01100_patch.tiff,patch_117,19.184752,8.015728,14.269058,7.9004984,-12.278807
batch_01100_patch.tiff,patch_118,18.974285,6.4497232,15.102422,7.882093,-9.854644
batch_01100_patch.tiff,patch_119,13.217059,9.123049,19.052792,7.0655236,-9.851289
batch_01100_patch.tiff,patch_120,8.803307,10.8882,14.797956,3.0176134,-15.708905
batch_01100_patch.tiff,patch_121,13.602387,4.723976,5.4545403,6.3522954,-3.4244244
batch_01100_patch.tiff,patch_122,13.680582,7.930987,7.1577353,10.22516,-7.4139423
batch_01100_patch.tiff,patch_123,7.3222127,8.306987,9.223092,11.909243,-5.018907
batch_01100_patch.tiff,patch_124,6.587523,5.8037553,9.002307,11.503603,-4.1985984
batch_01100_patch.tiff,patch_125,12.576306,10.91458,6.8194127,5.468048,-16.082382
batch_01100_patch.tiff,patch_126,9.153381,13.253637,10.502294,4.6686363,-12.904343
batch_01100_patch.tiff,patch_127,9.264294,6.652198,9.647999,7.1367297,-12.699852
batch_01100_patch.tiff,patch_128,11.168433,13.387897,12.968367,1.3743119,-16.84456
batch_01100_patch.tiff,patch_129,11.025026,11.462364,12.918539,10.97559,-5.773428
batch_01100_patch.tiff,patch_130,11.479059,1.9931548,5.71478,4.2118845,-3.1211002
batch_01100_patch.tiff,patch_131,13.278128,24.971933,12.488029,6.4283333,-11.899882
batch_01100_patch.tiff,patch_132,9.478976,13.112372,10.270568,2.742633,-9.893328
batch_01100_patch.tiff,patch_133,16.780098,8.556489,24.525478,5.0321107,-12.926632
batch_01100_patch.tiff,patch_134,16.465338,3.5712848,12.095958,11.109708,-11.546074
batch_01150_patch.tiff,patch_0,5.3361225,6.571254,3.840681,2.9539027,-7.8516364
batch_01150_patch.tiff,patch_1,7.994366,6.401927,2.878819,1.5338938,-10.097755
batch_01150_patch.tiff,patch_2,15.982089,4.949916,13.200151,8.993563,-9.32487
batch_01150_patch.tiff,patch_3,10.711971,5.743466,13.857612,10.182864,-11.794569
batch_01150_patch.tiff,patch_4,5.6063643,9.247425,4.1423955,5.508398,-12.871459
batch_01150_patch.tiff,patch_5,5.152846,8.336256,4.1815014,3.3431096,-8.747848
batch_01150_patch.tiff,patch_6,8.278008,2.7184768,13.395382,7.250517,-7.237759
batch_01150_patch.tiff,patch_7,4.3475213,4.6549087,7.794077,11.573274,-8.077946
batch_01150_patch.tiff,patch_8,1.5978689,13.109504,5.2654896,3.4456074,-13.2442
batch_01150_patch.tiff,patch_9,3.137306,15.912373,12.159214,5.7953835,-10.70157
batch_01150_patch.tiff,patch_10,7.8407545,0.862903,9.069468,6.6083713,-6.9738946
batch_01150_patch.tiff,patch_11,11.309931,6.238454,26.652372,6.903001,-6.657128
batch_01150_patch.tiff,patch_12,10.210156,7.838382,1.4355916,8.988042,-8.719559
batch_01150_patch.tiff,patch_13,8.761465,7.7258205,0.8067962,0.5902796,-10.059645
batch_01150_patch.tiff,patch_14,9.428321,5.2712407,6.413121,7.5812483,-8.167192
batch_01150_patch.tiff,patch_15,17.496405,7.728947,17.28386,9.32589,-10.446843
batch_01150_patch.tiff,patch_16,19.923214,10.734225,23.535791,10.135285,-11.05246
batch_01150_patch.tiff,patch_17,6.3002954,8.157804,3.560517,6.182023,-11.464947
batch_01150_patch.tiff,patch_18,7.040438,13.992,3.47948,5.1625514,-12.032853
batch_01150_patch.tiff,patch_19,14.265968,7.636739,11.895145,10.845884,-5.7026157
batch_01150_patch.tiff,patch_20,12.401172,12.300543,4.779877,10.1329365,-5.1265755
batch_01150_patch.tiff,patch_21,2.5935252,8.964587,2.7049048,5.9666543,-13.13679
batch_01150_patch.tiff,patch_22,-0.6429469,10.490546,3.453906,2.0928304,-14.0213995
batch_01150_patch.tiff,patch_23,9.156772,1.6336434,17.658138,8.996652,-4.85851
batch_01150_patch.tiff,patch_24,10.0483675,4.970279,16.176064,9.089834,-6.919971
batch_01150_patch.tiff,patch_25,8.104341,3.8699389,6.964906,7.444423,-4.1242437
batch_01150_patch.tiff,patch_26,8.705019,3.6224935,1.4756979,2.11458,-8.677184
batch_01150_patch.tiff,patch_27,11.3066635,5.7973566,1.9269177,3.1822574,-11.026498
batch_01150_patch.tiff,patch_28,11.270087,8.298318,4.6397033,3.6626735,-11.2965555
batch_01150_patch.tiff,patch_29,8.586547,6.211572,4.9947734,7.839959,-7.677806
batch_01150_patch.tiff,patch_30,9.21143,8.4287405,2.919643,5.4415803,-10.511924
batch_01150_patch.tiff,patch_31,7.7362657,13.592327,4.759658,9.973741,-8.914334
batch_01150_patch.tiff,patch_32,14.916136,8.164655,15.474056,6.3595185,-7.721847
batch_01150_patch.tiff,patch_33,15.729154,9.471002,19.5056,10.370392,-6.507925
batch_01150_patch.tiff,patch_34,13.357459,7.6164985,13.152275,4.469593,-5.09363
batch_01150_patch.tiff,patch_35,14.211396,6.815511,8.213189,6.5951176,-11.890406
batch_01150_patch.tiff,patch_36,15.106147,4.283394,17.484383,9.008625,-9.171755
batch_01150_patch.tiff,patch_37,18.823183,4.590072,15.902961,6.694712,-10.652997
batch_01150_patch.tiff,patch_38,8.737161,8.962232,5.7348623,8.802002,-7.549142
batch_01150_patch.tiff,patch_39,9.2579365,5.4455795,5.4570336,3.2052977,-8.027601
batch_01150_patch.tiff,patch_40,8.319287,7.2846937,2.503768,3.255576,-9.708385
batch_01150_patch.tiff,patch_41,9.899938,6.5220146,6.9408045,7.75447,-0.07037504
batch_01150_patch.tiff,patch_42,10.704531,6.9487443,12.087827,8.452606,-10.887973
batch_01150_patch.tiff,patch_43,7.2222753,10.125344,3.6328938,5.2456923,-9.835598
batch_01150_patch.tiff,patch_44,6.182031,7.7928314,3.3770816,7.107872,-11.37595
batch_01150_patch.tiff,patch_45,14.667351,7.1555443,17.172522,7.888796,-5.747983
batch_01150_patch.tiff,patch_46,13.107117,4.4571805,15.113401,8.218091,-6.3861523
batch_01150_patch.tiff,patch_47,8.123753,6.2239823,10.777262,9.765811,-10.481462
batch_01150_patch.tiff,patch_48,9.28828,8.481139,9.530154,6.752409,-4.120444
batch_01150_patch.tiff,patch_49,13.652041,6.90601,23.386414,7.544295,-8.339547
batch_01150_patch.tiff,patch_50,17.827675,9.58462,22.76379,6.1140065,-10.349067
batch_01150_patch.tiff,patch_51,9.956457,6.362492,2.9417899,8.3420315,-6.0147057
batch_01150_patch.tiff,patch_52,6.3380737,5.3294773,6.7829514,2.2236936,-8.581686
batch_01150_patch.tiff,patch_53,7.7559576,5.9477105,4.638867,4.7129846,-8.015319
batch_01150_patch.tiff,patch_54,12.427364,5.054995,12.38356,8.505484,-1.7650889
batch_01150_patch.tiff,patch_55,12.487094,13.865982,18.613117,4.3868055,-4.6526284
batch_01150_patch.tiff,patch_56,7.015211,7.199742,4.37826,4.742271,-6.5277863
batch_01150_patch.tiff,patch_57,13.514737,4.868003,15.840501,6.454795,-8.248935
batch_01150_patch.tiff,patch_58,7.4434543,4.5298,15.584658,6.045064,-5.376825
batch_01150_patch.tiff,patch_59,6.872039,3.8807127,14.295716,5.7986217,-8.644011
batch_01150_patch.tiff,patch_60,11.75416,4.2561283,24.403765,7.4283237,-4.200003
batch_01150_patch.tiff,patch_61,11.211101,1.2817006,18.983576,6.0652676,-7.7332664
batch_01150_patch.tiff,patch_62,9.826626,5.9361625,6.251841,5.4343104,-9.214004
batch_01150_patch.tiff,patch_63,7.453555,6.6842527,3.052148,5.4829144,-10.657851
batch_01150_patch.tiff,patch_64,13.171973,10.72126,2.1106036,8.323229,-6.72758
batch_01150_patch.tiff,patch_65,14.221187,3.3385723,1.691224,9.620803,-7.41121
batch_01150_patch.tiff,patch_66,5.4339466,7.324227,5.2600803,5.1261697,-9.909362
batch_01150_patch.tiff,patch_67,6.7151127,9.422561,2.7005978,4.949109,-9.9541855
batch_01150_patch.tiff,patch_68,13.152827,3.2070074,12.81012,6.993346,-9.595185
batch_01150_patch.tiff,patch_69,11.884159,5.9682693,14.340604,7.642413,-7.662463
batch_01150_patch.tiff,patch_70,6.31225,11.320068,10.196585,8.184823,-11.899698
batch_01150_patch.tiff,patch_71,6.469771,4.9123816,7.2167377,6.676881,-8.236923
batch_01150_patch.tiff,patch_72,12.1560135,6.1121864,22.915318,9.4558325,-5.486476
batch_01150_patch.tiff,patch_73,12.9840765,6.3723917,27.745144,7.969007,-5.9290614
batch_01150_patch.tiff,patch_74,7.3502884,7.5745764,3.2937748,4.1346383,-7.138525
batch_01150_patch.tiff,patch_75,7.8484373,4.1670303,4.7637005,0.05034728,-9.250113
batch_01150_patch.tiff,patch_76,4.168635,12.827931,12.024717,4.8179817,-5.935549
batch_01150_patch.tiff,patch_77,3.8055859,9.7901945,6.3456144,4.2193856,-10.355655
batch_01150_patch.tiff,patch_78,15.979194,5.232646,21.929642,8.811165,-12.431995
batch_01150_patch.tiff,patch_79,16.261724,11.164697,23.958073,5.4646225,-11.975263
batch_01150_patch.tiff,patch_80,11.667581,3.4217794,13.198724,8.455639,-7.980537
batch_01150_patch.tiff,patch_81,13.905462,3.7526815,7.9976573,9.0789,-4.897385
batch_01150_patch.tiff,patch_82,6.523931,-0.041562323,5.319319,5.5486608,-13.016756
batch_01150_patch.tiff,patch_83,8.608802,0.57254183,7.805451,4.5212755,-12.335101
batch_01150_patch.tiff,patch_84,7.3221292,6.8571777,4.84739,8.485119,-7.421665
batch_01150_patch.tiff,patch_85,7.964414,7.7763166,6.593374,9.22762,-9.824428
batch_01150_patch.tiff,patch_86,8.780563,4.310725,6.5690784,5.022559,-6.2880063
batch_01150_patch.tiff,patch_87,6.425332,6.693816,-0.25689203,4.8337407,-9.467523
batch_01150_patch.tiff,patch_88,8.628141,8.904731,4.081378,5.2464447,-9.019566
batch_01150_patch.tiff,patch_89,6.635914,10.777884,10.897178,2.6776242,-6.7202797
batch_01150_patch.tiff,patch_90,14.930587,3.1851184,11.81775,9.115015,-8.62727
batch_01150_patch.tiff,patch_91,15.586295,8.550596,18.271982,9.406436,-13.028332
batch_01150_patch.tiff,patch_92,8.70342,1.0833663,6.068877,2.7265701,-12.405675
batch_01150_patch.tiff,patch_93,8.8818655,0.18528044,7.730161,3.1519976,-12.693579
batch_01150_patch.tiff,patch_94,8.841676,4.4387484,5.1520047,8.767072,-5.1048474
batch_01150_patch.tiff,patch_95,8.339882,5.094999,5.600326,8.535515,-7.5497065
batch_01150_patch.tiff,patch_96,14.561132,12.904128,14.363356,5.1786838,-6.178355
batch_01150_patch.tiff,patch_97,5.194517,11.514286,14.00187,7.5602455,-7.6888256
batch_01150_patch.tiff,patch_98,4.362504,10.000037,8.612531,6.854699,-9.307271
batch_01150_patch.tiff,patch_99,3.342448,7.568125,6.0582457,5.5215445,-8.064303
batch_01150_patch.tiff,patch_100,3.16965,11.104719,3.4512064,5.5581336,-8.703285
batch_01150_patch.tiff,patch_101,14.254289,7.349393,16.10442,8.304159,-7.64628
batch_01150_patch.tiff,patch_102,11.93886,3.6106737,14.824855,6.7121973,-8.627071
batch_01150_patch.tiff,patch_103,13.01237,7.1352844,10.660988,8.393402,-10.209732
batch_01150_patch.tiff,patch_104,7.890992,2.778888,7.2090836,4.6567655,-11.954977
batch_01150_patch.tiff,patch_105,6.229232,4.9354453,2.395045,8.30446,-9.296122
batch_01150_patch.tiff,patch_106,4.102588,9.420775,2.1797197,4.718362,-10.560852
batch_01150_patch.tiff,patch_107,9.507132,4.038677,3.1050076,6.1594667,-1.1982167
batch_01150_patch.tiff,patch_108,11.132061,10.581863,13.1409645,4.121226,-4.937085
batch_01150_patch.tiff,patch_109,5.840523,10.438048,10.785054,1.1303936,-13.608246
batch_01150_patch.tiff,patch_110,4.651065,10.798114,8.383697,3.866556,-12.066265
batch_01150_patch.tiff,patch_111,7.0629935,10.136206,6.4974627,5.9677896,-7.6482906
batch_01150_patch.tiff,patch_112,3.2125378,11.815018,4.843933,5.664461,-8.215032
batch_01150_patch.tiff,patch_113,13.896984,7.549261,17.497526,5.972132,-6.08256
batch_01150_patch.tiff,patch_114,12.099951,3.938998,15.591069,3.3951442,-5.807097
batch_01150_patch.tiff,patch_115,10.87819,1.190875,9.624944,4.4106874,-10.892279
batch_01150_patch.tiff,patch_116,8.300811,0.48671207,7.501994,3.2504826,-10.601215
batch_01150_patch.tiff,patch_117,6.958391,8.30269,3.0092564,7.389574,-9.829967
batch_01150_patch.tiff,patch_118,4.839201,5.683585,1.2682899,5.868645,-11.2992735
batch_01150_patch.tiff,patch_119,12.933631,11.775195,14.141414,7.2645783,-2.3082724
batch_01150_patch.tiff,patch_120,12.036539,9.595709,12.593868,6.4471107,-7.0750327
batch_01150_patch.tiff,patch_121,8.513297,9.768083,13.681432,6.1777525,-6.5762577
batch_01150_patch.tiff,patch_122,4.576609,8.206675,5.5771465,7.570224,-11.920443
batch_01150_patch.tiff,patch_123,12.032766,10.385516,11.851843,10.428989,-9.572501
batch_01150_patch.tiff,patch_124,11.917359,3.9718575,11.593402,0.84442115,-9.4242325
batch_01150_patch.tiff,patch_125,12.913664,5.722397,18.561491,5.631255,-5.0751796
batch_01150_patch.tiff,patch_126,10.283817,1.9471332,12.723136,5.2422833,-7.4522605
batch_01150_patch.tiff,patch_127,9.60565,3.3870058,9.753271,7.075566,-5.949334
batch_01150_patch.tiff,patch_128,9.109243,6.0690274,4.641607,0.20915227,-4.6726127
batch_01150_patch.tiff,patch_129,9.399122,6.2883577,7.9275503,4.809734,-5.542663
batch_01150_patch.tiff,patch_130,12.986744,8.06143,-0.14446867,10.21158,-5.405719
batch_01150_patch.tiff,patch_131,13.351858,6.7663407,5.9272027,8.652231,-4.43693
batch_01150_patch.tiff,patch_132,5.4974003,7.706344,12.269529,7.065079,-9.604021
batch_01150_patch.tiff,patch_133,3.0066652,7.194469,8.751549,5.144107,-10.327381
batch_01150_patch.tiff,patch_134,10.466288,5.248941,13.655231,7.184671,-7.6856146
batch_01150_patch.tiff,patch_135,13.720598,5.797678,15.645128,7.0569735,-7.50375
batch_01150_patch.tiff,patch_136,9.771236,4.788311,11.729467,5.841584,-4.6399302
batch_01150_patch.tiff,patch_137,14.183724,7.538444,21.246298,5.7651954,-5.0579743
batch_01150_patch.tiff,patch_138,8.092487,4.409459,11.788136,6.5217338,-8.794108
batch_01150_patch.tiff,patch_139,9.390594,4.7481112,12.567538,9.974464,-5.289741
batch_01150_patch.tiff,patch_140,9.192198,3.5898678,2.8164642,5.030553,-9.595327
batch_01150_patch.tiff,patch_141,5.808873,4.235723,-0.43984294,4.8545427,-10.648002
batch_01150_patch.tiff,patch_142,14.339729,3.3190465,1.097404,9.350592,-3.6342762
batch_01150_patch.tiff,patch_143,12.457314,3.747735,3.4263635,11.48874,-7.2282224
batch_01150_patch.tiff,patch_144,8.925652,12.153779,8.147852,6.7879014,-9.189814
batch_01150_patch.tiff,patch_145,6.574298,5.935423,4.919596,6.510272,-9.613143
batch_01150_patch.tiff,patch_146,15.001446,8.123766,14.882634,6.4782586,-7.48036
batch_01150_patch.tiff,patch_147,11.803417,6.864377,13.600194,9.773154,-8.136046
batch_01150_patch.tiff,patch_148,13.125873,6.2756104,11.490009,11.411452,-10.610888
batch_01150_patch.tiff,patch_149,6.8634157,2.8380582,11.416412,7.410654,-9.494857
batch_01150_patch.tiff,patch_150,8.002229,3.4004264,16.144949,6.9059305,-6.9539733
batch_01150_patch.tiff,patch_151,5.8794527,6.721691,1.2492021,1.8581882,-9.850137
batch_01150_patch.tiff,patch_152,8.343894,6.623921,3.9944303,0.97070485,-9.322208
batch_01150_patch.tiff,patch_153,11.834921,6.2507396,1.1512951,6.9741435,-9.036134
batch_01150_patch.tiff,patch_154,9.7080555,5.771931,5.70728,5.6059985,-5.0077443
batch_01150_patch.tiff,patch_155,6.3601604,6.3004346,6.9925265,6.0093317,-6.009805
batch_01150_patch.tiff,patch_156,7.485292,11.795596,-2.0765545,5.6603985,-11.895177
batch_01150_patch.tiff,patch_157,9.472898,6.3341665,13.3370285,7.3745475,-8.719423
batch_01150_patch.tiff,patch_158,11.690404,5.9583387,14.821579,7.641211,-9.689557
batch_01150_patch.tiff,patch_159,13.873227,5.0651064,14.157716,7.490476,-13.60066
batch_01150_patch.tiff,patch_160,12.44842,7.97252,11.399776,7.4391847,-11.7918005
batch_01150_patch.tiff,patch_161,8.659179,4.496339,9.879158,8.205794,-10.437386
batch_01150_patch.tiff,patch_162,7.4413633,-0.055997886,17.729149,6.179312,-7.1602287
batch_01150_patch.tiff,patch_163,5.6158996,2.320204,4.4861565,4.6516075,-5.7689514
batch_01150_patch.tiff,patch_164,8.743871,6.293137,2.571409,2.6178513,-6.285732
batch_01150_patch.tiff,patch_165,14.740793,8.5117855,5.0962367,8.160428,-9.932619
batch_01150_patch.tiff,patch_166,13.069635,7.9948277,4.2460747,10.287991,-6.0303364
batch_01150_patch.tiff,patch_167,7.196446,12.790687,7.1533103,6.9720855,-8.508415
batch_01150_patch.tiff,patch_168,7.274135,9.573302,3.1416116,1.5441064,-11.12791
batch_01150_patch.tiff,patch_169,13.423046,5.230075,18.23373,6.115951,-7.0520096
batch_01150_patch.tiff,patch_170,12.004585,6.0003953,18.177841,8.266792,-3.3577108
batch_01150_patch.tiff,patch_171,9.791141,7.308377,13.826357,3.0285008,-6.4456244
batch_01150_patch.tiff,patch_172,8.969225,7.9811583,11.810737,9.91453,-8.343598
batch_01150_patch.tiff,patch_173,7.6398993,0.91667163,17.097048,6.621086,-8.042299
batch_01150_patch.tiff,patch_174,8.787207,1.9456048,15.619013,9.144889,-3.8975196
batch_01150_patch.tiff,patch_175,6.3989754,7.432696,4.7286353,9.328726,-8.328145
batch_01150_patch.tiff,patch_176,8.195585,6.431693,3.1408317,5.342627,-6.7975745
batch_01200_patch.tiff,patch_0,4.8849063,5.8784533,5.6576176,4.010499,-7.053578
batch_01200_patch.tiff,patch_1,5.8434067,5.857051,8.396448,7.1524076,-5.4253573
batch_01200_patch.tiff,patch_2,9.465132,8.812922,3.113594,4.767702,-10.867416
batch_01200_patch.tiff,patch_3,9.162327,7.1970673,1.4813354,4.77406,-12.380381
batch_01200_patch.tiff,patch_4,8.497549,8.851924,7.41167,5.842504,-12.531121
batch_01200_patch.tiff,patch_5,5.0207024,11.720971,5.515411,6.455258,-13.536592
batch_01200_patch.tiff,patch_6,12.210641,9.538655,17.103151,2.2910302,-8.415407
batch_01200_patch.tiff,patch_7,11.272252,8.288834,19.090368,6.77077,-6.485438
batch_01200_patch.tiff,patch_8,7.1333594,10.095296,2.9422805,4.090103,-13.638639
batch_01200_patch.tiff,patch_9,6.0884085,4.7309446,2.6030443,6.616023,-17.298126
batch_01200_patch.tiff,patch_10,10.197902,11.3351965,17.568623,7.7829666,-10.417143
batch_01200_patch.tiff,patch_11,6.926313,15.850748,12.547185,11.105997,-7.6135154
batch_01200_patch.tiff,patch_12,8.017997,6.00088,11.353072,4.7427444,-0.88700926
batch_01200_patch.tiff,patch_13,4.7170568,6.394444,3.559572,5.304954,-8.543033
batch_01200_patch.tiff,patch_14,2.8625278,7.378401,3.0886774,2.8788066,-8.74413
batch_01200_patch.tiff,patch_15,5.58631,6.621048,1.2352824,3.3861427,-12.928909
batch_01200_patch.tiff,patch_16,5.5062714,9.980748,1.6247299,2.4922378,-12.80491
batch_01200_patch.tiff,patch_17,4.510766,12.021879,8.480577,6.6375484,-9.859072
batch_01200_patch.tiff,patch_18,6.54001,9.409069,7.1664886,6.649449,-12.268303
batch_01200_patch.tiff,patch_19,14.666387,11.544438,19.589642,13.616426,-6.980328
batch_01200_patch.tiff,patch_20,16.665794,10.233141,21.798042,11.93235,-6.087777
batch_01200_patch.tiff,patch_21,1.2732004,7.1927333,1.8468757,4.6071215,-17.037064
batch_01200_patch.tiff,patch_22,9.00763,9.437539,5.761424,4.3018727,-11.56393
batch_01200_patch.tiff,patch_23,9.941142,18.870825,18.595625,8.77523,-9.690561
batch_01200_patch.tiff,patch_24,13.1834955,13.038085,17.083616,13.004213,-7.565942
batch_01200_patch.tiff,patch_25,7.305707,6.2356467,11.01366,1.6477462,-1.5840079
batch_01200_patch.tiff,patch_26,9.590715,5.1846013,4.8662486,6.673717,-5.8092256
batch_01200_patch.tiff,patch_27,6.115085,5.9992237,2.672567,5.130359,-6.98646
batch_01200_patch.tiff,patch_28,9.1533785,11.923257,13.160298,5.330743,-3.7437577
batch_01200_patch.tiff,patch_29,7.542004,12.563382,14.07454,2.9020498,-4.5433364
batch_01200_patch.tiff,patch_30,5.9525023,9.648028,7.476641,7.3777256,-13.059306
batch_01200_patch.tiff,patch_31,4.43294,10.845076,9.084658,6.902282,-11.7229805
batch_01200_patch.tiff,patch_32,13.8815565,6.135078,20.794607,6.2360597,-12.13146
batch_01200_patch.tiff,patch_33,18.123663,8.567037,16.769865,3.6099894,-9.598955
batch_01200_patch.tiff,patch_34,6.4626923,8.740787,4.400477,5.5008445,-13.476763
batch_01200_patch.tiff,patch_35,6.308517,8.530177,3.5725136,5.272721,-14.892769
batch_01200_patch.tiff,patch_36,9.224638,8.437903,9.673852,8.795272,-12.396871
batch_01200_patch.tiff,patch_37,8.849398,11.489755,7.7847557,4.3087425,-11.270218
batch_01200_patch.tiff,patch_38,11.117741,6.3133545,14.027792,4.6809616,-2.353038
batch_01200_patch.tiff,patch_39,1.2784771,6.8146396,1.7733772,5.227889,-7.570128
batch_01200_patch.tiff,patch_40,8.833175,8.38683,1.6713122,4.0631227,-9.029287
batch_01200_patch.tiff,patch_41,7.751873,11.440986,14.819028,6.447868,-4.534192
batch_01200_patch.tiff,patch_42,9.577882,10.015039,11.204623,-0.15184811,-4.3238087
batch_01200_patch.tiff,patch_43,6.1962953,9.620892,2.53808,6.928662,-16.158846
batch_01200_patch.tiff,patch_44,6.623278,14.544149,6.627143,6.8214264,-13.01193
batch_01200_patch.tiff,patch_45,15.430619,7.8540845,20.073067,4.0758696,-10.92358
batch_01200_patch.tiff,patch_46,15.408399,6.309682,12.685268,5.8259025,-7.775209
batch_01200_patch.tiff,patch_47,6.677328,6.6065006,6.7025046,5.733777,-13.8943405
batch_01200_patch.tiff,patch_48,5.9270196,7.8146467,3.743616,9.585841,-13.0
batch_01200_patch.tiff,patch_49,5.6032515,11.142038,6.7401624,6.050173,-12.379093
batch_01200_patch.tiff,patch_50,5.9006248,12.916736,15.3783245,4.1450167,-8.659328
batch_01200_patch.tiff,patch_51,7.5460296,12.381317,4.0138173,10.869475,-8.937926
batch_01200_patch.tiff,patch_52,12.396048,7.0215554,6.6078415,11.612346,-6.894921
batch_01200_patch.tiff,patch_53,11.9383335,6.4135113,9.919516,5.753442,-11.133293
batch_01200_patch.tiff,patch_54,10.530233,9.604707,8.899709,4.7496805,-3.7452502
batch_01200_patch.tiff,patch_55,5.811807,6.2575207,1.4742588,3.1680357,-7.370341
batch_01200_patch.tiff,patch_56,5.964789,9.825995,5.5809236,7.0007777,-11.587716
batch_01200_patch.tiff,patch_57,6.812559,5.9007087,4.653254,5.3502164,-13.340154
batch_01200_patch.tiff,patch_58,9.69167,3.1998122,4.8047676,4.7950034,-9.971356
batch_01200_patch.tiff,patch_59,10.840378,4.825391,8.330693,5.62559,-8.223665
batch_01200_patch.tiff,patch_60,16.841766,11.027505,11.555631,11.792439,-6.8922186
batch_01200_patch.tiff,patch_61,8.185994,10.003952,11.669373,7.1844516,-12.180137
batch_01200_patch.tiff,patch_62,10.646015,7.245041,8.877763,4.280413,-10.483079
batch_01200_patch.tiff,patch_63,15.402461,7.874866,20.912373,6.874983,-10.512904
batch_01200_patch.tiff,patch_64,12.631534,5.2898736,14.408046,10.251784,-10.478276
batch_01200_patch.tiff,patch_65,6.0473695,9.468065,9.36001,2.7670612,-5.348294
batch_01200_patch.tiff,patch_66,9.866147,10.8826475,4.725242,3.6798475,-7.527763
batch_01200_patch.tiff,patch_67,10.947132,12.095232,10.245557,8.121334,-10.767687
batch_01200_patch.tiff,patch_68,8.861663,9.677846,9.822585,7.533229,-12.014339
batch_01200_patch.tiff,patch_69,5.066683,2.9046366,1.1769023,3.2337384,-5.7811837
batch_01200_patch.tiff,patch_70,8.448314,6.1510205,1.0001285,4.677105,-9.673074
batch_01200_patch.tiff,patch_71,9.685774,17.03602,17.025843,4.148894,-13.028543
batch_01200_patch.tiff,patch_72,16.827934,10.499103,7.7887897,6.0847425,-11.062884
batch_01200_patch.tiff,patch_73,8.184468,9.847597,10.052279,4.0342584,-9.4963875
batch_01200_patch.tiff,patch_74,5.7736993,14.247608,8.297226,0.13612993,-11.989981
batch_01200_patch.tiff,patch_75,7.142735,5.883077,11.498641,6.658563,-6.425862
batch_01200_patch.tiff,patch_76,9.726497,6.381268,18.174635,8.284437,-1.9104799
batch_01200_patch.tiff,patch_77,8.243469,6.453,13.537482,4.0602856,-4.2450514
batch_01200_patch.tiff,patch_78,10.189834,4.381278,13.609349,4.490821,-1.6440382
batch_01200_patch.tiff,patch_79,9.108494,9.911953,5.930897,11.093955,-12.224116
batch_01200_patch.tiff,patch_80,8.058195,11.188412,9.830048,5.271788,-12.582635
batch_01200_patch.tiff,patch_81,8.515074,3.4445918,4.4000735,2.7278852,-8.241751
batch_01200_patch.tiff,patch_82,10.264388,6.7042875,8.791242,3.6466262,-9.588008
batch_01200_patch.tiff,patch_83,13.7852955,10.321332,5.9933558,6.8967595,-13.5831375
batch_01200_patch.tiff,patch_84,9.3051405,6.6935763,9.963555,5.1536603,-8.204302
batch_01200_patch.tiff,patch_85,4.7500577,13.682396,10.429323,5.081142,-12.184667
batch_01200_patch.tiff,patch_86,6.0855417,16.917059,15.258816,3.926892,-9.40959
batch_01200_patch.tiff,patch_87,13.665652,6.3240895,19.27052,4.7152014,-5.7260833
batch_01200_patch.tiff,patch_88,7.286553,3.552993,13.061251,7.074094,-4.2504253
batch_01200_patch.tiff,patch_89,10.735644,8.440258,15.4789095,4.6279263,-7.050999
batch_01200_patch.tiff,patch_90,8.429668,4.8165426,13.027048,3.5555544,-5.5185165
batch_01200_patch.tiff,patch_91,10.08174,10.796155,7.019853,6.04199,-10.69008
batch_01200_patch.tiff,patch_92,7.9803944,10.079932,7.573657,7.880527,-13.199705
batch_01200_patch.tiff,patch_93,8.9805155,5.2894197,12.29487,4.1860447,-8.376817
batch_01200_patch.tiff,patch_94,9.223621,6.344242,8.462489,2.5840821,-10.309334
batch_01200_patch.tiff,patch_95,15.232227,6.3693624,7.215453,6.288633,-10.871305
batch_01200_patch.tiff,patch_96,14.478479,13.8127165,14.741765,6.655954,-11.177857
batch_01200_patch.tiff,patch_97,8.236967,7.701865,15.522465,7.885428,-4.2427726
batch_01200_patch.tiff,patch_98,13.810004,6.5351787,15.438433,6.1899495,-2.6718352
batch_01200_patch.tiff,patch_99,9.386305,5.02476,6.3640666,3.7193398,-4.999042
batch_01200_patch.tiff,patch_100,5.851173,7.233826,6.900651,2.5987737,-6.9113026
batch_01200_patch.tiff,patch_101,8.36891,9.634418,7.906015,7.070228,-12.702073
batch_01200_patch.tiff,patch_102,4.4429803,8.679916,4.343061,9.094926,-12.208138
batch_01200_patch.tiff,patch_103,6.3529744,7.7910056,1.1358433,1.5017726,-15.86697
batch_01200_patch.tiff,patch_104,7.3948116,5.762201,3.2216775,6.1213326,-12.111541
batch_01200_patch.tiff,patch_105,17.019571,7.6935787,18.19266,12.486253,-10.108991
batch_01200_patch.tiff,patch_106,15.162298,6.249987,11.282572,11.862695,-9.627685
batch_01200_patch.tiff,patch_107,5.6811805,0.5191342,11.588026,9.697722,-2.3093927
batch_01200_patch.tiff,patch_108,7.3102736,3.2389798,13.423953,5.5481224,-0.3718264
batch_01200_patch.tiff,patch_109,9.685098,4.058945,14.624482,4.102903,-5.208316
batch_01200_patch.tiff,patch_110,8.985886,8.862332,11.452079,3.950117,-8.313284
batch_01200_patch.tiff,patch_111,7.4985414,7.764406,3.7794032,5.458122,-5.958103
batch_01200_patch.tiff,patch_112,10.128677,7.8622427,8.905651,4.961395,-5.453129
batch_01200_patch.tiff,patch_113,4.739975,8.418858,5.1711173,6.143233,-12.027942
batch_01200_patch.tiff,patch_114,10.216612,8.404948,5.7453666,7.9378295,-14.397997
batch_01200_patch.tiff,patch_115,2.694893,9.529163,-0.54743654,10.063105,-14.80967
batch_01200_patch.tiff,patch_116,6.4065022,6.433045,2.1424499,4.854999,-14.2386675
batch_01200_patch.tiff,patch_117,12.840635,10.283101,19.241642,5.85186,-9.824944
batch_01200_patch.tiff,patch_118,12.902759,8.326796,16.21368,8.250983,-11.082784
batch_01200_patch.tiff,patch_119,7.8842096,1.6183985,12.112237,5.5729113,-1.106333
batch_01200_patch.tiff,patch_120,8.165061,4.4693017,10.844338,8.909723,-4.6997395
batch_01200_patch.tiff,patch_121,9.622559,4.6925125,15.291811,6.2050204,-2.0550225
batch_01200_patch.tiff,patch_122,14.155647,9.24565,18.218956,13.460874,-10.025383
batch_01200_patch.tiff,patch_123,13.176571,7.551557,17.861052,7.692987,-8.480867
batch_01200_patch.tiff,patch_124,7.700343,13.966883,9.967295,6.4730945,-13.506008
batch_01200_patch.tiff,patch_125,6.798967,12.363182,9.75748,5.407816,-11.59189
batch_01200_patch.tiff,patch_126,8.233596,6.30445,2.3517885,1.932589,-14.005671
batch_01200_patch.tiff,patch_127,7.709526,8.598321,1.8145615,3.208634,-15.683436
batch_01200_patch.tiff,patch_128,13.865308,6.1440787,13.566225,4.81351,-13.177164
batch_01200_patch.tiff,patch_129,19.970842,10.716863,11.248176,9.698062,-7.3797746
batch_01200_patch.tiff,patch_130,7.0763173,5.394508,12.781285,5.068328,-4.26898
batch_01200_patch.tiff,patch_131,10.38431,8.300887,0.39687708,9.75267,-7.4461904
batch_01200_patch.tiff,patch_132,5.141356,7.984771,6.3282166,3.4734454,-6.666745
batch_01200_patch.tiff,patch_133,5.9305677,4.9582396,9.878114,8.386142,-5.871295
batch_01200_patch.tiff,patch_134,9.897021,7.484574,12.514456,6.954185,-10.605224
batch_01200_patch.tiff,patch_135,19.148155,9.447696,19.85944,6.536811,-7.91091
batch_01200_patch.tiff,patch_136,4.683713,11.00893,6.80609,5.9208574,-12.763968
batch_01200_patch.tiff,patch_137,8.04449,8.2230625,7.6890407,6.2145286,-12.29951
batch_01200_patch.tiff,patch_138,6.908188,6.436139,-0.5053359,5.4310684,-13.106567
batch_01200_patch.tiff,patch_139,-0.1098742,7.030952,-0.56718546,7.923574,-15.236752
batch_01200_patch.tiff,patch_140,13.430483,11.022554,8.302158,4.795511,-9.892265
batch_01200_patch.tiff,patch_141,16.366852,11.558215,7.7855954,2.6525176,-12.531968
batch_01200_patch.tiff,patch_142,12.049033,10.135338,6.1073723,7.998026,-3.0068877
batch_01200_patch.tiff,patch_143,7.407789,9.058111,0.97581124,3.350887,-13.057454
batch_01200_patch.tiff,patch_144,8.6410265,9.954353,5.075057,3.9915078,-10.259683
batch_01200_patch.tiff,patch_145,3.7022011,9.942751,7.063993,6.5169415,-15.366643
batch_01200_patch.tiff,patch_146,7.7793417,9.058121,7.8254223,7.8061357,-11.41829
batch_01200_patch.tiff,patch_147,5.014705,7.633973,6.8280816,6.6564326,-12.534369
batch_01200_patch.tiff,patch_148,5.4479814,9.453527,4.27539,3.3127131,-13.528076
batch_01200_patch.tiff,patch_149,7.2663207,6.0894427,2.7829363,6.0072565,-14.859294
batch_01200_patch.tiff,patch_150,6.235345,6.288613,-0.06347976,3.947392,-17.234447
batch_01200_patch.tiff,patch_151,9.124117,6.2899942,10.716223,2.491638,-12.312213
batch_01200_patch.tiff,patch_152,14.141238,12.450287,6.403379,5.461472,-12.21172
batch_01200_patch.tiff,patch_153,10.073142,5.4862466,10.019144,3.1908693,-3.3005552
batch_01200_patch.tiff,patch_154,7.91465,8.485587,9.35411,6.7624407,-3.802987
batch_01200_patch.tiff,patch_155,5.910022,8.531298,2.2203386,2.3613567,-10.488821
batch_01200_patch.tiff,patch_156,8.625476,7.2510686,5.140902,3.0538516,-10.415773
batch_01200_patch.tiff,patch_157,4.692271,12.527766,9.673125,8.997099,-10.86207
batch_01200_patch.tiff,patch_158,6.5622406,13.617015,7.549063,5.904561,-10.558098
batch_01200_patch.tiff,patch_159,6.9987035,10.344393,8.6163025,5.8065667,-13.2364645
batch_01200_patch.tiff,patch_160,9.610079,10.700443,8.112608,6.530573,-14.834647
batch_01200_patch.tiff,patch_161,5.877944,6.448832,-0.0042455653,4.242884,-13.377457
batch_01200_patch.tiff,patch_162,6.6019096,7.455173,2.075745,5.6394596,-15.164542
batch_01200_patch.tiff,patch_163,10.0759325,6.4656086,7.767828,1.6704729,-10.194685
batch_01200_patch.tiff,patch_164,13.951323,12.936173,6.512435,6.401577,-10.200685
batch_01200_patch.tiff,patch_165,9.533855,6.624657,11.547896,4.522799,-4.103877
batch_01200_patch.tiff,patch_166,6.9508452,4.6850944,8.967798,4.8026667,-4.190383
batch_01200_patch.tiff,patch_167,6.1749597,5.830871,6.7718053,6.7694974,-9.776889
batch_01200_patch.tiff,patch_168,4.8709474,6.4754143,4.2243123,8.187219,-11.08514
batch_01200_patch.tiff,patch_169,10.100592,8.038537,8.513168,3.1890187,-10.305153
batch_01200_patch.tiff,patch_170,1.8001754,12.567401,4.1842146,7.151614,-14.645384
batch_01200_patch.tiff,patch_171,11.526874,4.0689235,16.831333,3.765455,-7.7513013
batch_01200_patch.tiff,patch_172,4.4825544,7.139228,-1.4883327,5.414781,-11.061527
batch_01200_patch.tiff,patch_173,3.7475398,7.46708,3.1720824,4.4218893,-11.989546
batch_01200_patch.tiff,patch_174,6.554376,8.148152,11.748812,4.9657474,-11.2732935
batch_01200_patch.tiff,patch_175,13.294971,11.997101,5.8088984,2.3399405,-11.578246
batch_01200_patch.tiff,patch_176,17.150158,10.962072,25.296436,6.653615,-8.587154
batch_01200_patch.tiff,patch_177,17.767565,8.355842,23.55774,5.3481426,-12.745542
batch_01250_patch.tiff,patch_0,7.8535757,2.5700028,8.99971,0.13920094,-4.6490407
batch_01250_patch.tiff,patch_1,4.762578,2.5875685,7.2386646,0.5646927,-8.156749
batch_01250_patch.tiff,patch_2,16.043608,6.260873,17.448294,5.12356,-9.389089
batch_01250_patch.tiff,patch_3,16.193787,6.9101267,25.527004,5.4842253,-9.214713
batch_01250_patch.tiff,patch_4,3.2077267,5.5622067,10.0620985,7.099257,-3.6534748
batch_01250_patch.tiff,patch_5,3.1784935,5.5059156,9.20715,9.256987,-3.6259737
batch_01250_patch.tiff,patch_6,7.6687226,11.426428,2.7510965,3.3229098,-15.258307
batch_01250_patch.tiff,patch_7,5.2990317,7.5673876,3.014657,3.0824554,-12.054156
batch_01250_patch.tiff,patch_8,10.598906,10.893829,4.8078694,0.45391288,-11.083723
batch_01250_patch.tiff,patch_9,5.754543,11.275432,1.3414423,2.5671349,-14.431454
batch_01250_patch.tiff,patch_10,11.519113,8.824484,22.006626,4.39598,-5.6466837
batch_01250_patch.tiff,patch_11,14.3215475,10.943885,20.141943,6.725862,-10.59003
batch_01250_patch.tiff,patch_12,10.0408325,3.9366663,16.25547,7.2017517,-11.329424
batch_01250_patch.tiff,patch_13,5.1939225,5.3408093,9.350161,2.8049457,-5.997067
batch_01250_patch.tiff,patch_14,10.834063,3.8821099,8.634273,8.123718,-5.696439
batch_01250_patch.tiff,patch_15,14.786352,9.30263,21.037066,12.566988,-14.732316
batch_01250_patch.tiff,patch_16,18.055777,7.762294,22.773634,8.526747,-11.04853
batch_01250_patch.tiff,patch_17,10.126054,7.7909265,11.3295765,3.323196,-2.5436137
batch_01250_patch.tiff,patch_18,5.387557,4.375729,13.979717,7.0310836,-3.0023293
batch_01250_patch.tiff,patch_19,9.887998,10.516562,7.0764666,1.53625,-13.323925
batch_01250_patch.tiff,patch_20,8.818927,7.615811,4.926526,4.687152,-9.685527
batch_01250_patch.tiff,patch_21,7.501907,11.0835495,0.3586574,-1.4247192,-10.192398
batch_01250_patch.tiff,patch_22,5.9221573,11.120731,0.73133695,-1.9592597,-15.157508
batch_01250_patch.tiff,patch_23,14.251309,11.378378,19.902498,5.917978,-8.606292
batch_01250_patch.tiff,patch_24,9.288223,9.175593,12.09656,6.2569437,-12.498123
batch_01250_patch.tiff,patch_25,9.47296,5.284387,18.554821,4.148147,-9.110558
batch_01250_patch.tiff,patch_26,9.303529,5.0209394,11.595101,2.3654342,-8.119624
batch_01250_patch.tiff,patch_27,3.6706123,7.2110453,7.8318725,1.5579306,-5.2050314
batch_01250_patch.tiff,patch_28,8.574469,6.0584087,5.3861246,7.8167152,-7.92887
batch_01250_patch.tiff,patch_29,10.801694,5.3370647,7.366047,9.600023,-5.3266306
batch_01250_patch.tiff,patch_30,10.49477,6.0803456,9.17467,11.922458,-5.899011
batch_01250_patch.tiff,patch_31,4.894475,6.7440033,12.632559,3.555934,-4.111739
batch_01250_patch.tiff,patch_32,6.4420705,9.532744,5.742211,3.4429042,-11.088522
batch_01250_patch.tiff,patch_33,9.798562,7.6252527,3.7514832,1.7211114,-11.77123
batch_01250_patch.tiff,patch_34,15.73549,10.760579,21.913076,7.5254993,-8.0104885
batch_01250_patch.tiff,patch_35,19.129473,10.031667,19.753899,5.576485,-9.949027
batch_01250_patch.tiff,patch_36,17.025494,4.9712057,25.18045,6.173853,-8.312577
batch_01250_patch.tiff,patch_37,9.622369,4.311003,17.643715,2.9430833,-2.4203854
batch_01250_patch.tiff,patch_38,9.18842,2.4746592,12.287038,2.6548352,-4.788274
batch_01250_patch.tiff,patch_39,5.0415525,5.544034,3.7935948,4.753401,-9.888735
batch_01250_patch.tiff,patch_40,8.098769,5.5229106,6.177942,6.6219068,-6.082428
batch_01250_patch.tiff,patch_41,8.618458,3.6378279,10.615789,6.5659256,-3.9516802
batch_01250_patch.tiff,patch_42,11.458465,8.852604,5.7120647,9.117593,-2.939425
batch_01250_patch.tiff,patch_43,2.6699812,8.7914505,10.471469,4.3170056,-2.9083228
batch_01250_patch.tiff,patch_44,9.009199,7.7975883,3.9826374,2.2648637,-11.465867
batch_01250_patch.tiff,patch_45,10.394823,7.117101,1.9221119,0.6188415,-10.789465
batch_01250_patch.tiff,patch_46,16.077805,7.5942435,14.858054,8.427238,-10.912388
batch_01250_patch.tiff,patch_47,7.5973644,10.284595,16.538975,4.374971,-14.24599
batch_01250_patch.tiff,patch_48,12.889041,8.160581,21.926634,9.377153,-9.767177
batch_01250_patch.tiff,patch_49,14.797795,7.626831,19.228916,10.827927,-12.831734
batch_01250_patch.tiff,patch_50,8.933213,1.453026,14.912249,6.0244713,-8.170006
batch_01250_patch.tiff,patch_51,6.828126,4.138905,9.38984,2.2985914,-6.204973
batch_01250_patch.tiff,patch_52,7.549503,4.631035,10.773156,5.73806,-6.5945945
batch_01250_patch.tiff,patch_53,12.7807665,9.069746,4.1494985,3.0779772,-9.181794
batch_01250_patch.tiff,patch_54,11.753134,9.423442,3.6107123,0.11449855,-8.497497
batch_01250_patch.tiff,patch_55,6.5937753,5.6538973,14.090481,2.7177293,-2.6666656
batch_01250_patch.tiff,patch_56,7.204908,9.324493,12.12596,3.9376516,-3.497661
batch_01250_patch.tiff,patch_57,9.912803,10.329115,8.127159,3.9991932,-10.225017
batch_01250_patch.tiff,patch_58,10.098308,8.302929,8.081607,2.3233442,-9.253617
batch_01250_patch.tiff,patch_59,11.052949,10.905786,20.95255,6.851423,-8.9364
batch_01250_patch.tiff,patch_60,13.779812,11.176665,11.481199,9.166102,-10.661259
batch_01250_patch.tiff,patch_61,19.138103,12.001832,18.92661,7.4531283,-13.463828
batch_01250_patch.tiff,patch_62,9.040186,7.6051607,17.219372,8.115262,-8.5637
batch_01250_patch.tiff,patch_63,8.920667,1.6324286,10.519877,2.2747922,-3.8782556
batch_01250_patch.tiff,patch_64,6.169064,1.4449822,10.350251,3.126867,-2.535183
batch_01250_patch.tiff,patch_65,8.283463,9.839695,2.0001595,7.8354597,-3.2689319
batch_01250_patch.tiff,patch_66,10.467076,11.119147,6.204255,9.484715,-5.2890935
batch_01250_patch.tiff,patch_67,13.519061,3.071422,18.636372,6.693718,-5.3546214
batch_01250_patch.tiff,patch_68,11.520737,6.1621866,18.492441,6.746657,-6.147106
batch_01250_patch.tiff,patch_69,8.457399,8.637732,2.4422338,2.9459507,-13.130616
batch_01250_patch.tiff,patch_70,7.777133,6.5860286,5.6999807,3.9260643,-10.446441
batch_01250_patch.tiff,patch_71,9.493526,8.353511,15.379199,3.7334309,-7.618083
batch_01250_patch.tiff,patch_72,15.193119,8.274107,21.84797,4.8356285,-7.507133
batch_01250_patch.tiff,patch_73,13.579486,11.64975,19.916624,4.9541755,-9.273461
batch_01250_patch.tiff,patch_74,14.241364,11.21682,16.421906,7.8162417,-11.612295
batch_01250_patch.tiff,patch_75,8.643492,2.4209044,10.186477,2.554234,-3.8596523
batch_01250_patch.tiff,patch_76,8.980367,2.9620438,-1.2034137,6.1854777,-11.39145
batch_01250_patch.tiff,patch_77,10.832081,8.825371,5.855269,0.67517555,-6.491357
batch_01250_patch.tiff,patch_78,13.317718,9.708154,5.1402245,-1.1961491,-6.157994
batch_01250_patch.tiff,patch_79,13.146612,10.036295,16.57927,7.0274415,-8.4063015
batch_01250_patch.tiff,patch_80,12.283206,6.325517,15.037103,13.561373,-10.471035
batch_01250_patch.tiff,patch_81,12.912334,1.4161295,6.0478244,3.8497815,-4.084105
batch_01250_patch.tiff,patch_82,11.162508,6.308695,1.1597582,3.8459249,-13.249363
batch_01250_patch.tiff,patch_83,10.782757,8.565777,16.626043,7.5353265,-9.756636
batch_01250_patch.tiff,patch_84,16.481636,13.080112,14.024049,10.703595,-10.942331
batch_01250_patch.tiff,patch_85,13.167972,9.509266,18.386852,4.5748897,-7.067148
batch_01250_patch.tiff,patch_86,6.957539,3.136155,8.802984,4.507745,-6.9630213
batch_01250_patch.tiff,patch_87,7.864906,4.1100993,2.7138705,9.442818,-8.946115
batch_01250_patch.tiff,patch_88,6.3948603,7.292659,5.1328144,1.6231369,-4.761375
batch_01250_patch.tiff,patch_89,8.571906,7.55728,6.4547806,2.5550864,-5.994205
batch_01250_patch.tiff,patch_90,13.661341,5.0974865,19.383545,9.177827,-14.35182
batch_01250_patch.tiff,patch_91,19.295053,7.2773585,14.989033,11.024519,-10.557134
batch_01250_patch.tiff,patch_92,12.189396,6.5469446,2.630882,-0.27520618,-8.940573
batch_01250_patch.tiff,patch_93,9.844381,5.069831,8.04165,1.3901364,-11.690247
batch_01250_patch.tiff,patch_94,16.943552,11.191793,11.657235,5.5381618,-13.837643
batch_01250_patch.tiff,patch_95,13.170705,11.618647,19.71301,3.4655616,-7.0601
batch_01250_patch.tiff,patch_96,20.777235,6.347694,13.392155,5.696887,-6.059933
batch_01250_patch.tiff,patch_97,10.987718,6.041392,-1.5208898,4.4686155,-10.992219
batch_01250_patch.tiff,patch_98,7.403673,10.292149,3.3006537,2.032839,-8.199123
batch_01250_patch.tiff,patch_99,9.150784,10.077979,2.9336066,5.572325,-4.3691964
batch_01250_patch.tiff,patch_100,6.2500844,10.510297,3.4079344,4.4436865,-6.750691
batch_01250_patch.tiff,patch_101,8.968163,6.992302,15.839651,8.424034,-1.4728411
batch_01250_patch.tiff,patch_102,8.363699,5.124047,6.5305347,1.9676678,-1.9185015
batch_01250_patch.tiff,patch_103,9.022153,9.843958,3.4646127,4.089142,-12.887336
batch_01250_patch.tiff,patch_104,9.768291,4.1647058,5.8142533,7.7550654,-10.475807
batch_01250_patch.tiff,patch_105,14.707533,7.4935894,17.54423,9.052116,-8.658346
batch_01250_patch.tiff,patch_106,11.869774,8.861872,6.678215,6.2304797,-12.469416
batch_01250_patch.tiff,patch_107,10.836958,7.6705027,15.080064,3.4837353,-6.252967
batch_01250_patch.tiff,patch_108,13.478308,4.767387,0.595215,4.4000134,-11.8459425
batch_01250_patch.tiff,patch_109,10.075161,11.137191,4.9722404,6.9969697,-8.795792
batch_01250_patch.tiff,patch_110,11.416503,15.647478,2.6389363,5.2709374,-8.547408
batch_01250_patch.tiff,patch_111,12.707343,11.215355,9.766576,7.247001,-5.197819
batch_01250_patch.tiff,patch_112,8.372936,5.347877,15.979382,6.0072517,-4.016279
batch_01250_patch.tiff,patch_113,4.4294,4.517001,9.508305,4.8896585,-3.4993408
batch_01250_patch.tiff,patch_114,8.926113,13.064743,10.8096485,2.8315976,-12.298064
batch_01250_patch.tiff,patch_115,9.566626,5.62853,1.8120584,5.694694,-9.8004055
batch_01250_patch.tiff,patch_116,12.157323,9.908143,16.567612,10.39682,-6.7538433
batch_01250_patch.tiff,patch_117,13.103972,12.343295,18.610367,0.57132804,-8.064215
batch_01250_patch.tiff,patch_118,18.37475,12.669527,10.904357,6.5158277,-9.455073
batch_01250_patch.tiff,patch_119,16.107216,5.636096,2.21622,9.952998,-2.4511104
batch_01250_patch.tiff,patch_120,7.1632457,0.18290351,9.860755,5.5172615,-6.1889443
batch_01250_patch.tiff,patch_121,9.412564,24.398909,7.032863,10.788449,-8.368845
batch_01250_patch.tiff,patch_122,9.531307,11.130796,7.41772,6.12664,-7.61368
batch_01250_patch.tiff,patch_123,9.543123,9.361748,10.696473,4.9486513,-11.865294
batch_01250_patch.tiff,patch_124,10.487825,11.797865,17.71326,5.2264786,-10.229958
batch_01250_patch.tiff,patch_125,5.856705,9.872528,4.6810894,3.1409314,-13.637017
batch_01250_patch.tiff,patch_126,10.047286,8.798026,8.864414,3.8923209,-9.82863
batch_01250_patch.tiff,patch_127,16.245564,12.840526,21.59493,8.420315,-8.122906
batch_01250_patch.tiff,patch_128,13.055874,9.973326,13.511975,5.575977,-8.27053
batch_01250_patch.tiff,patch_129,18.183947,8.732899,28.531624,4.2573853,-3.0011387
batch_01250_patch.tiff,patch_130,12.63364,9.827765,23.57243,4.508006,-3.0269883
batch_01250_patch.tiff,patch_131,13.399337,7.913755,-2.9307263,5.9982224,-6.5981445
batch_01250_patch.tiff,patch_132,5.545458,1.815593,7.7314878,6.9817905,-5.459813
batch_01250_patch.tiff,patch_133,11.314854,19.777658,8.604218,8.304923,-9.2763815
batch_01250_patch.tiff,patch_134,12.155824,10.147252,16.486492,5.8107557,-12.96824
batch_01250_patch.tiff,patch_135,5.0046244,9.85256,10.00565,6.4673553,-13.24526
batch_01250_patch.tiff,patch_136,4.8187494,5.566718,5.782973,3.926284,-11.434149
batch_01250_patch.tiff,patch_137,9.435459,6.731208,8.21904,0.8757245,-13.179546
batch_01250_patch.tiff,patch_138,10.07944,8.754137,16.657906,4.388391,-9.979159
batch_01250_patch.tiff,patch_139,11.676221,8.5074,16.284264,3.1316118,-7.624166
batch_01250_patch.tiff,patch_140,14.842872,2.8183296,27.024607,4.801992,-5.79733
batch_01250_patch.tiff,patch_141,8.175469,4.509928,21.711697,5.080209,-5.8250623
batch_01250_patch.tiff,patch_142,13.340795,7.7296324,-2.8526385,8.263382,-4.4667945
batch_01250_patch.tiff,patch_143,11.22135,7.0893755,6.2014213,8.094301,-6.9811854
batch_01250_patch.tiff,patch_144,5.386557,7.4731417,8.0619545,1.9607655,-2.3218384
batch_01250_patch.tiff,patch_145,8.15944,6.779777,3.0187032,1.0988659,-4.850909
batch_01250_patch.tiff,patch_146,8.762627,6.7277713,14.552631,2.0405536,-10.704747
batch_01250_patch.tiff,patch_147,6.2521076,4.747228,13.556213,5.4372187,-12.273539
batch_01250_patch.tiff,patch_148,21.22297,11.469438,24.103874,6.6634398,-11.08464
batch_01250_patch.tiff,patch_149,14.461725,6.518148,10.057971,4.2398143,-12.695918
batch_01250_patch.tiff,patch_150,11.922858,7.593325,14.709716,2.4143932,-10.184207
batch_01250_patch.tiff,patch_151,12.874805,14.280035,16.034452,4.6551366,-10.705163
batch_01250_patch.tiff,patch_152,12.991281,7.004248,27.93234,7.0485063,-5.6159625
batch_01250_patch.tiff,patch_153,6.7681866,5.964704,15.305542,10.270984,-6.370561
batch_01250_patch.tiff,patch_154,14.370234,9.58649,0.13376947,14.594152,-6.0429564
batch_01250_patch.tiff,patch_155,8.685186,7.967259,2.5873706,9.1064625,-9.20205
batch_01250_patch.tiff,patch_156,11.46927,11.966187,7.719523,2.4225502,-6.4669504
batch_01250_patch.tiff,patch_157,8.305477,8.262781,4.669989,3.0841846,-7.37164
batch_01250_patch.tiff,patch_158,14.276124,8.537931,10.71728,3.4317405,-7.2901044
batch_01250_patch.tiff,patch_159,11.244763,10.51938,7.912433,9.480076,-12.799857
batch_01250_patch.tiff,patch_160,18.77902,7.1270185,22.536629,7.8175197,-11.191241
batch_01250_patch.tiff,patch_161,14.711022,8.797239,12.627672,10.253299,-6.100952
batch_01250_patch.tiff,patch_162,14.409506,14.4037485,13.7397995,4.8444004,-9.774291
batch_01250_patch.tiff,patch_163,12.4158125,9.317965,18.497177,2.986854,-9.813388
batch_01250_patch.tiff,patch_164,12.458233,6.5013967,21.032516,4.563507,-7.156161
batch_01250_patch.tiff,patch_165,9.545331,5.8973756,20.493092,10.203499,-8.497033
batch_01250_patch.tiff,patch_166,8.834034,10.16047,1.7624667,6.5528836,-6.5744734
batch_01250_patch.tiff,patch_167,8.628851,4.9100404,3.7934608,9.460841,-6.9998755
batch_01250_patch.tiff,patch_168,5.5232162,10.415459,0.3609842,2.0322855,-8.975978
batch_01250_patch.tiff,patch_169,7.193026,8.44504,5.530495,1.8007747,-8.032574
batch_01250_patch.tiff,patch_170,7.3736377,9.882835,8.148107,1.0745625,-10.517899
batch_01250_patch.tiff,patch_171,7.1743817,8.107938,3.3009734,2.8793304,-11.325498
batch_01250_patch.tiff,patch_172,6.854049,12.9073305,1.8979247,-2.1964912,-15.333823
batch_01250_patch.tiff,patch_173,6.5344152,10.841338,-0.23387417,-1.5758227,-13.659827
batch_01250_patch.tiff,patch_174,10.985862,12.965851,21.502432,6.498643,-5.5580277
batch_01250_patch.tiff,patch_175,17.88393,10.036904,20.65624,4.3681192,-10.735568
batch_01250_patch.tiff,patch_176,11.921579,6.279514,22.41442,7.2832084,-7.83839
batch_01250_patch.tiff,patch_177,7.7280574,6.8589506,16.506775,8.756526,-7.612732
batch_01300_patch.tiff,patch_0,7.8790727,6.3966556,8.429425,-1.2086678,-7.889274
batch_01300_patch.tiff,patch_1,15.170813,1.7442172,6.610851,4.7319965,-6.210597
batch_01300_patch.tiff,patch_2,8.969553,3.4383044,15.709605,2.5049481,-1.3501023
batch_01300_patch.tiff,patch_3,16.033514,7.4268208,20.735025,3.8655295,-1.969811
batch_01300_patch.tiff,patch_4,5.47282,2.1850348,12.861683,5.2470574,-4.7005925
batch_01300_patch.tiff,patch_5,7.2741127,1.3779428,6.944196,4.331219,-7.0375934
batch_01300_patch.tiff,patch_6,15.032144,7.411123,19.374367,9.832017,-10.489399
batch_01300_patch.tiff,patch_7,13.78501,6.848011,19.946844,9.946477,-10.552222
batch_01300_patch.tiff,patch_8,14.633379,8.809842,15.772234,4.724234,-6.1511507
batch_01300_patch.tiff,patch_9,3.1195006,6.655246,11.493725,4.8446894,-1.9582516
batch_01300_patch.tiff,patch_10,13.654076,7.4158516,14.085579,8.470148,-12.341455
batch_01300_patch.tiff,patch_11,12.805056,17.796434,11.816838,0.78036916,-12.37984
batch_01300_patch.tiff,patch_12,11.66284,1.5968633,14.751231,2.0229194,-6.6477075
batch_01300_patch.tiff,patch_13,6.705077,5.732172,10.972814,-0.23000814,-5.056039
batch_01300_patch.tiff,patch_14,13.367915,2.474662,1.1202296,7.637252,-5.9817195
batch_01300_patch.tiff,patch_15,8.587821,3.4275665,7.1342535,5.713668,-8.281152
batch_01300_patch.tiff,patch_16,7.5771694,3.6820207,9.420114,3.977208,-5.3605785
batch_01300_patch.tiff,patch_17,19.867523,8.372667,12.113927,9.092009,-11.599598
batch_01300_patch.tiff,patch_18,13.328933,6.5311255,15.577536,2.879292,-9.689561
batch_01300_patch.tiff,patch_19,2.7568386,8.926415,12.273445,0.9915838,0.16862938
batch_01300_patch.tiff,patch_20,7.2222157,7.665861,14.920265,1.106617,-0.6108964
batch_01300_patch.tiff,patch_21,9.917358,11.184047,13.001117,4.385225,-9.749416
batch_01300_patch.tiff,patch_22,0.86792076,10.480303,5.4456363,1.2620385,-10.444283
batch_01300_patch.tiff,patch_23,12.366951,3.3885303,8.261214,7.484449,-9.620556
batch_01300_patch.tiff,patch_24,6.1698217,2.008211,15.875007,1.5140626,-2.8835695
batch_01300_patch.tiff,patch_25,14.67088,4.799757,1.3637459,3.143284,-11.280917
batch_01300_patch.tiff,patch_26,6.450094,5.33447,11.302562,4.025642,-5.1519785
batch_01300_patch.tiff,patch_27,8.435985,1.7333255,15.477804,2.5398118,-4.208995
batch_01300_patch.tiff,patch_28,6.7942886,8.423221,11.6936655,5.3167953,-6.2363963
batch_01300_patch.tiff,patch_29,10.97735,11.761969,13.537022,7.528041,-3.9194574
batch_01300_patch.tiff,patch_30,12.47006,11.154436,8.563971,9.606486,-6.7792044
batch_01300_patch.tiff,patch_31,9.942065,10.766572,12.031243,9.141955,-2.0058424
batch_01300_patch.tiff,patch_32,11.154638,7.233935,11.586872,5.280135,-10.412645
batch_01300_patch.tiff,patch_33,8.066396,7.4069834,9.290028,7.6475344,-4.360066
batch_01300_patch.tiff,patch_34,10.834308,7.412871,11.511187,2.0773995,-7.9172564
batch_01300_patch.tiff,patch_35,7.992324,9.448466,11.521806,4.705146,-3.3760269
batch_01300_patch.tiff,patch_36,9.738114,8.396859,11.511781,4.778315,-6.1809697
batch_01300_patch.tiff,patch_37,13.443908,1.2097828,0.5118785,9.166967,-9.280562
batch_01300_patch.tiff,patch_38,14.571651,3.5898983,-0.45127976,4.8235445,-10.815091
batch_01300_patch.tiff,patch_39,7.3177085,11.330892,11.321029,5.994944,-3.7138999
batch_01300_patch.tiff,patch_40,8.83376,7.0643663,13.230532,2.2690036,-4.765246
batch_01300_patch.tiff,patch_41,10.755653,10.737693,8.567823,10.048089,-6.2560163
batch_01300_patch.tiff,patch_42,9.393168,8.3658695,11.904318,8.173174,-5.4115996
batch_01300_patch.tiff,patch_43,18.044432,5.660066,8.095787,12.5193815,-5.030497
batch_01300_patch.tiff,patch_44,10.6342945,18.289564,8.634875,7.963762,-7.262036
batch_01300_patch.tiff,patch_45,9.8453865,9.739854,9.036773,6.18106,-10.193814
batch_01300_patch.tiff,patch_46,14.606745,9.7184515,12.709369,8.068478,-10.47352
batch_01300_patch.tiff,patch_47,8.89418,7.8019924,11.022325,1.5442246,-9.729882
batch_01300_patch.tiff,patch_48,13.168683,7.033554,7.9139833,5.9715333,-8.651462
batch_01300_patch.tiff,patch_49,16.077944,8.023154,9.130781,10.017868,-8.707908
batch_01300_patch.tiff,patch_50,16.169525,5.828301,21.699156,8.907426,-9.385646
batch_01300_patch.tiff,patch_51,9.549586,4.863367,12.591855,4.964492,-4.4319096
batch_01300_patch.tiff,patch_52,9.921832,6.490802,12.856409,3.7415016,-6.5325804
batch_01300_patch.tiff,patch_53,5.6525245,8.325551,6.887589,10.227561,-7.1570373
batch_01300_patch.tiff,patch_54,7.256272,2.197105,16.731218,4.380249,-7.317823
batch_01300_patch.tiff,patch_55,6.326114,7.100505,9.363875,4.167682,-3.3786159
batch_01300_patch.tiff,patch_56,4.196683,10.663558,7.1952505,4.999746,-5.2936144
batch_01300_patch.tiff,patch_57,6.1118493,5.0394044,8.948172,4.810355,-11.791559
batch_01300_patch.tiff,patch_58,9.715662,5.9228134,5.8087664,8.007554,-8.432808
batch_01300_patch.tiff,patch_59,9.765618,8.510692,12.705339,1.8474457,-9.866348
batch_01300_patch.tiff,patch_60,13.564142,10.748177,9.566064,4.541578,-8.429082
batch_01300_patch.tiff,patch_61,16.61402,11.068067,14.681297,4.7914534,-9.402097
batch_01300_patch.tiff,patch_62,16.059645,7.2742243,21.27776,9.365376,-7.4826136
batch_01300_patch.tiff,patch_63,9.44781,3.8935308,10.768513,3.2633932,-5.559163
batch_01300_patch.tiff,patch_64,7.9717073,4.0041213,13.664904,3.847417,-6.362299
batch_01300_patch.tiff,patch_65,10.611443,2.2352555,1.8700556,10.749997,-8.702574
batch_01300_patch.tiff,patch_66,3.7430599,6.266222,6.781996,7.0657225,-9.387114
batch_01300_patch.tiff,patch_67,7.476437,9.377063,6.4094787,9.931533,-5.422575
batch_01300_patch.tiff,patch_68,9.74299,8.076016,8.464318,5.1015334,-10.428626
batch_01300_patch.tiff,patch_69,8.903338,10.367239,9.756638,4.9714613,-9.275197
batch_01300_patch.tiff,patch_70,6.487734,7.597232,10.4491825,4.275863,-11.083996
batch_01300_patch.tiff,patch_71,7.6170325,5.637507,12.100663,0.21933654,-7.4198575
batch_01300_patch.tiff,patch_72,6.4613132,2.1584275,9.82352,2.6072228,-6.6851034
batch_01300_patch.tiff,patch_73,6.2941895,1.7383898,14.602355,5.158069,-4.748036
batch_01300_patch.tiff,patch_74,10.395415,4.790603,13.322316,3.5782223,-4.8127837
batch_01300_patch.tiff,patch_75,8.495428,4.565774,11.801186,2.8203483,-4.705738
batch_01300_patch.tiff,patch_76,8.471574,7.0526805,11.491499,4.2752023,-7.608273
batch_01300_patch.tiff,patch_77,7.394324,9.171769,9.987993,10.385512,-10.09155
batch_01300_patch.tiff,patch_78,9.916852,6.6680183,6.925987,10.862375,-3.4467776
batch_01300_patch.tiff,patch_79,5.3420434,9.773573,13.9145,5.3561864,-1.0433482
batch_01300_patch.tiff,patch_80,16.047655,7.47909,23.714108,10.780175,-7.314388
batch_01300_patch.tiff,patch_81,18.48905,7.813241,24.469496,8.402192,-5.2886825
batch_01300_patch.tiff,patch_82,11.08572,-0.22992963,14.713759,7.5777607,-7.341363
batch_01300_patch.tiff,patch_83,10.010816,1.6965265,13.874845,6.278218,-9.182118
batch_01300_patch.tiff,patch_84,5.221918,4.3558617,11.753294,1.8234172,-3.2933772
batch_01300_patch.tiff,patch_85,2.9883919,6.9131474,5.016464,5.8949537,-10.475391
batch_01300_patch.tiff,patch_86,7.1692896,5.65461,13.228545,3.9562998,-4.080861
batch_01300_patch.tiff,patch_87,11.112649,5.2231584,17.841375,2.7051592,-5.0017176
batch_01300_patch.tiff,patch_88,9.592283,13.879637,11.0182905,10.391026,-8.152458
batch_01300_patch.tiff,patch_89,6.0461,14.055373,7.124925,9.900752,-7.985901
batch_01300_patch.tiff,patch_90,3.646127,9.782466,11.233456,3.5385609,-8.831959
batch_01300_patch.tiff,patch_91,9.146636,14.780888,14.672412,5.7599688,-11.497769
batch_01300_patch.tiff,patch_92,17.21483,5.9093328,23.782001,7.9396615,-7.8288803
batch_01300_patch.tiff,patch_93,16.83434,10.496064,22.138914,9.410625,-4.653825
batch_01300_patch.tiff,patch_94,11.485518,7.4814944,10.869709,7.9176264,-8.172662
batch_01300_patch.tiff,patch_95,9.768855,0.48625752,10.564778,7.847921,-11.383609
batch_01300_patch.tiff,patch_96,4.6840453,7.732279,11.835483,5.066947,-4.3563786
batch_01300_patch.tiff,patch_97,5.0152793,6.6771016,12.554889,1.0468829,-4.7277656
batch_01300_patch.tiff,patch_98,6.951027,9.480768,9.595845,3.418553,-5.605322
batch_01300_patch.tiff,patch_99,9.940981,12.403284,14.448825,5.095566,-3.7899692
batch_01300_patch.tiff,patch_100,10.071547,12.588622,5.0496683,11.782125,-5.054773
batch_01300_patch.tiff,patch_101,7.6292663,5.5101004,12.427301,8.419488,-9.396092
batch_01300_patch.tiff,patch_102,7.886128,10.915884,14.788063,5.786796,-8.213766
batch_01300_patch.tiff,patch_103,15.789694,7.099781,19.663734,3.0774922,-9.294435
batch_01300_patch.tiff,patch_104,12.101954,9.964281,15.706992,10.440665,-11.038971
batch_01300_patch.tiff,patch_105,10.33502,2.2987893,9.874465,5.8692284,-9.028374
batch_01300_patch.tiff,patch_106,8.383519,2.3202162,10.295336,4.428194,-7.4277987
batch_01300_patch.tiff,patch_107,9.674822,4.5743785,11.204844,1.5248972,-2.9782975
batch_01300_patch.tiff,patch_108,14.297866,7.951422,9.053242,5.4574466,-6.3128
batch_01300_patch.tiff,patch_109,7.28033,8.393082,14.738383,3.2100806,-3.0688922
batch_01300_patch.tiff,patch_110,4.2966585,5.4956756,7.005113,6.0951276,-6.4582715
batch_01300_patch.tiff,patch_111,8.233358,7.328819,10.619001,5.690135,-8.169082
batch_01300_patch.tiff,patch_112,10.049869,8.921839,7.2858515,9.3494005,-8.888489
batch_01300_patch.tiff,patch_113,10.359252,14.685477,16.634447,6.4515557,-8.281917
batch_01300_patch.tiff,patch_114,2.0951848,8.827894,7.4663267,4.5994744,-6.969353
batch_01300_patch.tiff,patch_115,15.673345,6.9242835,20.227533,8.613838,-8.544502
batch_01300_patch.tiff,patch_116,16.795116,9.369928,16.883623,16.674976,-7.5294013
batch_01300_patch.tiff,patch_117,9.617828,-0.46776813,14.465216,2.8133657,-4.8797426
batch_01300_patch.tiff,patch_118,9.052383,0.49559107,13.05527,5.670933,-8.368962
batch_01300_patch.tiff,patch_119,10.879842,1.9470897,2.4950426,2.745688,-11.204246
batch_01300_patch.tiff,patch_120,16.335073,5.255538,0.6856113,6.0206995,-7.6185336
batch_01300_patch.tiff,patch_121,11.241703,14.172165,10.139424,3.543991,-11.619199
batch_01300_patch.tiff,patch_122,11.536071,8.746931,12.285041,7.3315067,-12.512572
batch_01300_patch.tiff,patch_123,10.459119,5.036365,4.8752265,7.0750747,-5.538838
batch_01300_patch.tiff,patch_124,8.817406,11.594292,10.549294,5.67978,-8.435432
batch_01300_patch.tiff,patch_125,7.627255,9.259464,13.267648,2.0437417,-4.1845794
batch_01300_patch.tiff,patch_126,3.7822537,8.291201,13.774379,4.4298587,-1.0340681
batch_01300_patch.tiff,patch_127,14.815239,8.213541,16.465113,4.7528324,-8.751973
batch_01300_patch.tiff,patch_128,9.440174,9.47933,9.0117,3.7872434,-8.145795
batch_01300_patch.tiff,patch_129,11.988817,0.47216982,14.120743,6.3546844,-8.857619
batch_01300_patch.tiff,patch_130,9.798462,4.8157935,7.941796,9.551661,-6.179226
batch_01300_patch.tiff,patch_131,10.116281,3.8263385,8.531822,3.1299672,-7.691866
batch_01300_patch.tiff,patch_132,6.3143153,6.6180677,3.8215132,7.1019154,-11.515107
batch_01300_patch.tiff,patch_133,11.581813,7.4131336,13.564531,8.524334,-9.047276
batch_01300_patch.tiff,patch_134,8.868229,5.2996387,16.891174,10.32316,-10.587728
batch_01300_patch.tiff,patch_135,7.663559,6.7723503,9.0838585,3.6777513,-8.686688
batch_01300_patch.tiff,patch_136,8.131891,5.645121,8.179092,5.429008,-8.0308
batch_01300_patch.tiff,patch_137,6.547441,6.1556883,10.389417,6.4648633,-4.2475896
batch_01300_patch.tiff,patch_138,10.425384,8.331635,14.5688505,8.623275,-7.6683397
batch_01300_patch.tiff,patch_139,8.700727,8.518159,11.898851,4.890924,-7.8938494
batch_01300_patch.tiff,patch_140,11.040596,4.67525,11.928533,10.348149,-12.053708
batch_01300_patch.tiff,patch_141,8.504508,5.7775292,7.3193703,8.778812,-9.505464
batch_01300_patch.tiff,patch_142,12.703329,7.7678137,17.098223,2.3344772,-2.5017617
batch_01300_patch.tiff,patch_143,13.538589,10.393779,15.380763,4.3555427,-4.197815
batch_01300_patch.tiff,patch_144,8.096683,7.7821045,16.631685,2.562601,-1.2138602
batch_01300_patch.tiff,patch_145,8.760393,13.240218,13.064572,9.373851,-4.7170568
batch_01300_patch.tiff,patch_146,7.175062,6.7278595,9.48439,6.762134,-8.575349
batch_01300_patch.tiff,patch_147,6.7614274,2.5454364,13.899733,7.3069234,-9.483128
batch_01300_patch.tiff,patch_148,13.059103,8.820484,16.813585,6.8018904,-7.407477
batch_01300_patch.tiff,patch_149,8.5655365,8.902842,12.220419,3.9521956,-6.456267
batch_01300_patch.tiff,patch_150,10.70654,10.164149,7.7291346,6.106372,-12.421389
batch_01300_patch.tiff,patch_151,10.105008,-0.30256018,11.36074,6.7167277,-5.6435866
batch_01300_patch.tiff,patch_152,11.515149,-0.06342075,11.881857,6.4370055,-7.9819474
batch_01300_patch.tiff,patch_153,12.131061,10.492391,19.668612,6.272955,1.4466311
batch_01300_patch.tiff,patch_154,9.307763,7.124507,15.1905775,6.2940145,-4.8294697
batch_01300_patch.tiff,patch_155,9.901059,4.1608443,15.599722,3.4923608,-4.4823513
batch_01300_patch.tiff,patch_156,9.6462555,9.097912,15.522322,5.723204,-2.293933
batch_01300_patch.tiff,patch_157,7.295591,7.339681,12.681596,7.6789336,-8.519165
batch_01300_patch.tiff,patch_158,6.732105,13.1104,11.159192,6.29465,-7.5525165
batch_01300_patch.tiff,patch_159,7.771842,6.317444,13.50177,1.0720626,-2.8759072
batch_01300_patch.tiff,patch_160,2.6078234,9.481844,12.385399,5.402788,-2.3012226
batch_01300_patch.tiff,patch_161,7.038027,7.355828,6.128562,2.7723496,-8.78025
batch_01300_patch.tiff,patch_162,12.479905,5.2432613,11.950146,3.6280758,-8.387607
batch_01300_patch.tiff,patch_163,11.078099,3.2946212,10.307609,7.2996016,-6.91575
batch_01300_patch.tiff,patch_164,16.88227,4.10117,6.734431,7.58725,-11.851216
batch_01300_patch.tiff,patch_165,13.021212,4.6433268,7.2043967,8.574407,-5.656448
batch_01300_patch.tiff,patch_166,14.2589655,7.2171903,3.197154,3.9013567,-7.79982
batch_01300_patch.tiff,patch_167,9.441919,3.537009,15.993588,5.4927707,-3.887956
batch_01300_patch.tiff,patch_168,6.760064,8.0160475,12.784352,7.3088655,-1.905298
batch_01300_patch.tiff,patch_169,3.8117723,6.0554066,8.293291,6.1642246,-8.629347
batch_01300_patch.tiff,patch_170,5.675086,6.258662,9.347995,3.05175,-7.4706335
batch_01300_patch.tiff,patch_171,6.7951045,8.809863,6.7114387,9.326884,-5.843968
batch_01300_patch.tiff,patch_172,3.4658961,9.335684,6.4653277,7.559159,-5.7228355
batch_01300_patch.tiff,patch_173,10.049667,0.42918572,9.915588,4.1177244,-8.745576
batch_01300_patch.tiff,patch_174,8.2990465,4.006499,14.62578,12.370409,-12.964562
batch_01300_patch.tiff,patch_175,12.2023325,7.921169,15.061648,16.02465,-8.705546
batch_01350_patch.tiff,patch_0,10.384606,8.033267,-0.7070094,7.7503304,-12.147813
batch_01350_patch.tiff,patch_1,15.907194,7.212862,1.0738498,9.29676,-10.758896
batch_01350_patch.tiff,patch_2,16.121353,7.95565,18.572313,8.308488,-10.177231
batch_01350_patch.tiff,patch_3,15.730415,10.961697,22.603437,11.606703,-8.7024145
batch_01350_patch.tiff,patch_4,13.795662,11.098471,19.851088,5.1389847,-5.6130376
batch_01350_patch.tiff,patch_5,14.844915,6.779812,15.934088,7.917327,-6.92694
batch_01350_patch.tiff,patch_6,12.045218,8.94307,17.352531,9.862993,-0.3384997
batch_01350_patch.tiff,patch_7,9.907689,7.990354,10.424107,10.1805525,-2.369153
batch_01350_patch.tiff,patch_8,9.702131,5.302863,14.559347,4.7197766,-3.3911793
batch_01350_patch.tiff,patch_9,10.429927,5.053353,13.750768,5.791637,-6.067859
batch_01350_patch.tiff,patch_10,7.2684464,16.163006,7.8842416,-5.612859,-12.293377
batch_01350_patch.tiff,patch_11,7.456976,14.258853,6.481201,-8.852887,-14.523012
batch_01350_patch.tiff,patch_12,1.5971439,3.2318978,0.8912776,3.6785853,-1.3674477
batch_01350_patch.tiff,patch_13,7.4455447,8.186995,4.988597,4.201467,-9.421746
batch_01350_patch.tiff,patch_14,8.623955,8.250885,2.827363,2.5403452,-11.152256
batch_01350_patch.tiff,patch_15,10.890932,11.419566,11.881001,8.024843,-11.666611
batch_01350_patch.tiff,patch_16,12.777872,3.6266303,20.643145,5.7277694,-8.262699
batch_01350_patch.tiff,patch_17,15.562697,10.755475,14.696498,8.19285,-3.4227462
batch_01350_patch.tiff,patch_18,16.861092,11.958857,24.168837,9.8431225,-1.7415262
batch_01350_patch.tiff,patch_19,9.581148,7.436695,6.773996,10.290739,-3.792606
batch_01350_patch.tiff,patch_20,10.106875,8.822881,12.670177,6.808105,-3.733075
batch_01350_patch.tiff,patch_21,11.241901,6.920819,12.798337,8.119572,-8.818806
batch_01350_patch.tiff,patch_22,5.7626014,16.491415,10.096392,-3.5495076,-11.734114
batch_01350_patch.tiff,patch_23,7.088793,16.249418,11.013863,-4.6526084,-13.6401
batch_01350_patch.tiff,patch_24,4.3249683,4.542582,-1.696225,8.212869,-5.853427
batch_01350_patch.tiff,patch_25,17.21648,-1.2389815,13.8586445,12.560123,-5.369599
batch_01350_patch.tiff,patch_26,12.723596,12.524792,12.101634,2.5276585,-11.723466
batch_01350_patch.tiff,patch_27,6.5131693,8.329767,9.916276,1.0310495,-8.054819
batch_01350_patch.tiff,patch_28,12.234228,14.224977,15.955922,6.2370725,-11.569493
batch_01350_patch.tiff,patch_29,18.484436,15.0774555,18.786865,9.05797,-5.107536
batch_01350_patch.tiff,patch_30,15.111475,12.44754,21.384798,4.9257865,-8.6268635
batch_01350_patch.tiff,patch_31,10.371946,11.501416,13.463623,6.6688313,-3.0243037
batch_01350_patch.tiff,patch_32,13.183474,5.406869,0.3650629,10.389882,-9.777043
batch_01350_patch.tiff,patch_33,10.849227,8.569165,0.8666019,5.6965714,-13.313778
batch_01350_patch.tiff,patch_34,15.4685545,7.5684657,23.048777,5.525,-10.848203
batch_01350_patch.tiff,patch_35,16.008867,7.8085895,16.168676,8.812141,-6.6729074
batch_01350_patch.tiff,patch_36,6.940695,4.999912,4.510647,6.2314186,2.8413858
batch_01350_patch.tiff,patch_37,16.01028,3.180673,15.579257,10.839275,-10.105814
batch_01350_patch.tiff,patch_38,20.019823,-1.2115687,15.493521,7.539891,-9.29484
batch_01350_patch.tiff,patch_39,8.638891,9.219002,9.999585,2.098486,-8.129814
batch_01350_patch.tiff,patch_40,10.761887,8.733552,12.883248,1.2367609,-6.107342
batch_01350_patch.tiff,patch_41,16.187506,9.902557,21.826717,8.410734,-5.035642
batch_01350_patch.tiff,patch_42,13.560256,10.980839,17.780752,8.15019,-6.2065454
batch_01350_patch.tiff,patch_43,11.719292,9.357597,13.070313,9.305687,-2.014916
batch_01350_patch.tiff,patch_44,11.752792,11.857316,13.9305935,9.427196,-1.7762921
batch_01350_patch.tiff,patch_45,4.979792,1.4010077,-0.8734986,9.528972,-8.654214
batch_01350_patch.tiff,patch_46,11.5442505,6.9442945,4.9793873,11.264892,-9.884929
batch_01350_patch.tiff,patch_47,15.610622,5.064212,19.117239,2.859439,-9.178465
batch_01350_patch.tiff,patch_48,15.243946,7.4141254,21.77261,7.79451,-9.935191
batch_01350_patch.tiff,patch_49,7.366806,6.0194654,0.62484276,6.5987787,2.048777
batch_01350_patch.tiff,patch_50,14.870758,5.0583644,10.679426,8.261869,-8.69972
batch_01350_patch.tiff,patch_51,17.45878,-1.7964427,14.373325,10.250236,-5.7412124
batch_01350_patch.tiff,patch_52,10.810736,11.456331,11.53313,3.3258567,-9.803076
batch_01350_patch.tiff,patch_53,12.4234705,7.500424,12.025126,-0.09750537,-8.669432
batch_01350_patch.tiff,patch_54,10.103071,9.645463,7.570805,8.213584,-7.9805746
batch_01350_patch.tiff,patch_55,7.4949083,7.1541657,3.5465264,5.7814956,-9.400243
batch_01350_patch.tiff,patch_56,14.0567255,13.137854,10.281775,13.424636,0.365461
batch_01350_patch.tiff,patch_57,12.661103,13.680767,20.975534,6.9935837,0.20894924
batch_01350_patch.tiff,patch_58,8.509465,13.390139,-0.12244265,3.7267406,-11.943308
batch_01350_patch.tiff,patch_59,6.9108152,12.502484,4.506557,1.2723855,-13.5078125
batch_01350_patch.tiff,patch_60,12.691477,11.93603,12.747628,6.9151254,-12.650121
batch_01350_patch.tiff,patch_61,17.608135,6.6365223,15.816146,11.165234,-9.537699
batch_01350_patch.tiff,patch_62,11.370315,8.844372,12.215249,0.72712266,-7.437217
batch_01350_patch.tiff,patch_63,8.672402,9.402566,11.400138,-2.4003518,-8.27284
batch_01350_patch.tiff,patch_64,11.431234,7.8856254,8.05262,8.837203,-6.2332697
batch_01350_patch.tiff,patch_65,11.387943,5.5101876,4.073059,7.9391255,-5.5890627
batch_01350_patch.tiff,patch_66,12.360259,5.382219,13.862473,7.717586,-2.3147402
batch_01350_patch.tiff,patch_67,13.297647,10.6320305,15.311645,9.6069145,-2.3053808
batch_01350_patch.tiff,patch_68,12.824185,10.28479,-0.19777486,5.814968,-12.8971405
batch_01350_patch.tiff,patch_69,11.543801,9.963018,1.7007598,13.274185,-9.76482
batch_01350_patch.tiff,patch_70,3.083378,11.524183,5.3052464,-1.4148899,-14.970322
batch_01350_patch.tiff,patch_71,5.47306,12.251596,5.0291443,-2.0700603,-15.7879925
batch_01350_patch.tiff,patch_72,15.221834,10.093675,8.681974,8.3956585,-7.1387515
batch_01350_patch.tiff,patch_73,12.923583,12.857553,9.521234,7.1412783,-11.678206
batch_01350_patch.tiff,patch_74,14.055415,11.740831,18.712591,2.4049041,-13.277357
batch_01350_patch.tiff,patch_75,7.589742,9.6497,8.832151,1.5359519,-7.0787926
batch_01350_patch.tiff,patch_76,12.80403,6.9749913,21.28078,8.0858345,-8.740298
batch_01350_patch.tiff,patch_77,12.763547,12.11925,12.806645,7.172355,-9.780371
batch_01350_patch.tiff,patch_78,13.307844,5.7840037,9.311308,3.4818892,-9.138297
batch_01350_patch.tiff,patch_79,9.863764,9.562879,5.9389443,1.8791237,-12.264834
batch_01350_patch.tiff,patch_80,14.727593,6.972014,-0.3851192,8.726419,-11.976837
batch_01350_patch.tiff,patch_81,9.197861,7.7052345,1.1515634,10.308591,-12.38299
batch_01350_patch.tiff,patch_82,12.286143,3.735912,8.695309,4.5234456,-10.669126
batch_01350_patch.tiff,patch_83,10.358883,0.049131576,9.678612,4.423945,-9.189125
batch_01350_patch.tiff,patch_84,10.421313,2.0275507,12.129104,13.922,-10.974115
batch_01350_patch.tiff,patch_85,14.526484,7.9190984,11.11411,5.4482403,-12.674038
batch_01350_patch.tiff,patch_86,10.769487,9.865241,12.797549,2.2314825,-11.094321
batch_01350_patch.tiff,patch_87,8.43431,7.1958055,8.765554,0.8357375,-6.036972
batch_01350_patch.tiff,patch_88,13.894072,6.086885,17.852797,4.7028384,-10.863626
batch_01350_patch.tiff,patch_89,11.828349,10.316434,14.615279,1.713818,-9.264984
batch_01350_patch.tiff,patch_90,8.55361,11.826719,2.2604847,-0.11301888,-14.395818
batch_01350_patch.tiff,patch_91,8.013787,11.971417,4.1682544,2.8007011,-14.0350485
batch_01350_patch.tiff,patch_92,13.266692,7.334437,-0.32488048,5.2710524,-8.193372
batch_01350_patch.tiff,patch_93,9.784741,9.391495,-1.0899609,8.903515,-12.8353405
batch_01350_patch.tiff,patch_94,11.784548,1.8846519,9.23555,3.405203,-9.729246
batch_01350_patch.tiff,patch_95,4.358171,-1.2270486,3.676625,3.644705,-3.7222493
batch_01350_patch.tiff,patch_96,15.24441,-3.7953296,11.942426,12.876725,-4.563416
batch_01350_patch.tiff,patch_97,11.405881,7.0962243,10.246728,10.115477,-8.827962
batch_01350_patch.tiff,patch_98,9.387267,8.710015,8.986409,3.1132529,-9.075322
batch_01350_patch.tiff,patch_99,8.035305,5.185458,9.0662,4.845976,-8.277147
batch_01350_patch.tiff,patch_100,12.480782,6.711417,7.012742,9.833081,-4.7027907
batch_01350_patch.tiff,patch_101,12.154558,3.3311262,7.0186152,13.191607,-2.716102
batch_01350_patch.tiff,patch_102,13.345709,5.459077,6.335019,4.528793,-6.0809197
batch_01350_patch.tiff,patch_103,11.13746,8.516468,14.494452,3.3538613,-4.690737
batch_01350_patch.tiff,patch_104,5.4386296,12.319754,8.166107,0.985601,-12.804719
batch_01350_patch.tiff,patch_105,5.760957,14.893733,5.3859973,-0.6456939,-11.190813
batch_01350_patch.tiff,patch_106,5.6596622,0.17185608,2.6178427,4.306167,-2.5729032
batch_01350_patch.tiff,patch_107,4.000404,2.4460363,2.4989083,4.800389,-2.4951127
batch_01350_patch.tiff,patch_108,16.696535,-3.068403,11.820136,10.765185,-7.0987306
batch_01350_patch.tiff,patch_109,15.092342,1.4640951,13.943646,17.222467,-6.526708
batch_01350_patch.tiff,patch_110,11.821945,6.233507,12.671755,3.6869774,-5.5739145
batch_01350_patch.tiff,patch_111,10.7607975,3.58678,13.478067,3.944935,-5.6307716
batch_01350_patch.tiff,patch_112,14.535553,7.374183,3.0014634,6.554594,-3.652792
batch_01350_patch.tiff,patch_113,9.57544,7.7098813,7.7362347,9.460731,-5.2873235
batch_01350_patch.tiff,patch_114,10.446289,8.107246,13.51643,1.4986168,-2.1904554
batch_01350_patch.tiff,patch_115,7.5435777,6.5371537,9.854785,6.0606227,-2.8544881
batch_01350_patch.tiff,patch_116,6.143221,12.470681,6.737489,-0.34960565,-11.895366
batch_01350_patch.tiff,patch_117,9.108762,17.938253,8.429575,-1.7193278,-13.548882
batch_01350_patch.tiff,patch_118,5.986413,-0.26025113,2.302656,3.6536326,-3.602849
batch_01350_patch.tiff,patch_119,4.1073627,2.8294644,0.8747841,6.434621,-3.6624749
batch_01350_patch.tiff,patch_120,12.19168,1.44508,14.111844,16.34942,-2.8764265
batch_01350_patch.tiff,patch_121,12.150191,2.624711,12.222391,17.239895,-7.4253078
batch_01350_patch.tiff,patch_122,10.045559,9.25571,8.959433,3.1135669,-7.3105383
batch_01350_patch.tiff,patch_123,11.655059,16.259604,15.649831,-0.95095944,-9.292814
batch_01350_patch.tiff,patch_124,9.30969,9.00326,-1.3995488,6.359726,-4.738724
batch_01350_patch.tiff,patch_125,11.377638,6.7615185,4.1033616,8.007972,-3.7932062
batch_01350_patch.tiff,patch_126,16.157185,7.8630624,17.537466,5.885467,-5.107175
batch_01350_patch.tiff,patch_127,9.618836,6.4066253,10.134992,1.6879622,-5.4913526
batch_01350_patch.tiff,patch_128,4.891656,10.478305,2.3352215,-2.1202245,-14.292754
batch_01350_patch.tiff,patch_129,3.145375,12.389153,5.327625,-0.77120215,-12.057875
batch_01350_patch.tiff,patch_130,5.6563406,0.14740354,5.5736737,9.396206,-8.717487
batch_01350_patch.tiff,patch_131,3.8746233,1.469392,2.1319237,6.7453713,-1.542812
batch_01350_patch.tiff,patch_132,13.44577,3.2521353,13.690909,12.480236,-6.9365396
batch_01350_patch.tiff,patch_133,17.795801,-2.5946677,12.272193,13.857252,-5.5874634
batch_01350_patch.tiff,patch_134,10.776297,11.232982,12.048565,3.0727756,-10.2475395
batch_01350_patch.tiff,patch_135,11.401727,9.767855,11.313937,1.4443823,-10.901381
batch_01350_patch.tiff,patch_136,10.353385,9.326345,3.9294965,7.9465146,-6.0885305
batch_01350_patch.tiff,patch_137,12.952466,6.977732,0.9294563,11.334584,-5.527516
batch_01350_patch.tiff,patch_138,13.085744,5.5883207,4.7325864,5.0716686,-10.932184
batch_01350_patch.tiff,patch_139,10.73263,7.1197352,0.28701442,4.790282,-8.793658
batch_01350_patch.tiff,patch_140,6.063938,12.5099125,0.379892,-1.5350122,-13.546149
batch_01350_patch.tiff,patch_141,9.767947,15.014161,7.055155,0.866599,-11.699971
batch_01350_patch.tiff,patch_142,4.8239646,1.0952125,3.946881,7.3423777,-1.5012603
batch_01350_patch.tiff,patch_143,6.0779843,1.5291632,-3.7181022,8.168362,-7.872279
batch_01350_patch.tiff,patch_144,8.313123,11.08892,7.251871,7.2831187,-13.599155
batch_01350_patch.tiff,patch_145,10.907534,8.211425,6.9274855,7.3388677,-10.0461
batch_01350_patch.tiff,patch_146,13.942943,9.205661,21.978556,4.913855,-5.1821065
batch_01350_patch.tiff,patch_147,11.553788,10.738904,17.800179,7.3179755,-3.0081663
batch_01350_patch.tiff,patch_148,7.048528,11.164836,3.0178623,8.009585,-8.017888
batch_01350_patch.tiff,patch_149,12.841013,3.8492877,3.420721,7.6833277,-2.4684737
batch_01350_patch.tiff,patch_150,14.15661,8.975539,18.192083,8.547107,-7.9126644
batch_01350_patch.tiff,patch_151,17.443106,10.332265,3.442617,7.2631283,-8.562092
batch_01350_patch.tiff,patch_152,10.976342,15.505274,6.942608,-1.865757,-11.536801
batch_01350_patch.tiff,patch_153,10.153848,1.9583267,-2.5387952,10.141428,-11.740761
batch_01350_patch.tiff,patch_154,3.301357,-1.8844041,2.456987,7.957882,-5.4560814
batch_01350_patch.tiff,patch_155,12.797743,8.880693,16.569384,6.4145727,-10.198037
batch_01350_patch.tiff,patch_156,15.776899,12.371423,19.450666,8.646679,-8.66001
batch_01350_patch.tiff,patch_157,10.085422,6.8468757,5.0220194,7.1684866,-3.901131
batch_01350_patch.tiff,patch_158,11.750369,3.3222206,7.235237,13.052426,-2.6243663
batch_01350_patch.tiff,patch_159,18.919601,12.814341,21.448034,6.46521,-8.541443
batch_01350_patch.tiff,patch_160,10.829846,11.581409,13.285205,6.021594,-10.350715
batch_01350_patch.tiff,patch_161,20.537909,15.551708,6.986799,11.591875,-4.1188817
batch_01350_patch.tiff,patch_162,5.24815,2.3894997,-0.72320545,12.227845,-9.268161
batch_01350_patch.tiff,patch_163,2.8160367,-2.718549,4.626827,7.8438244,-1.9072943
batch_01350_patch.tiff,patch_164,14.338438,8.302085,21.045855,10.256132,-10.675935
batch_01350_patch.tiff,patch_165,4.339765,7.0314083,12.319453,12.022679,-11.7265625
batch_01350_patch.tiff,patch_166,16.770481,10.763564,21.166653,3.982798,-7.1045966
batch_01350_patch.tiff,patch_167,11.512083,12.174254,13.43923,6.7025623,-6.3903246
batch_01350_patch.tiff,patch_168,10.649124,9.539501,12.341047,8.604793,0.6128501
batch_01350_patch.tiff,patch_169,11.332983,10.943106,13.716314,10.876368,1.2599213
batch_01350_patch.tiff,patch_170,11.65804,9.501809,10.8492155,1.1775216,-11.816553
batch_01350_patch.tiff,patch_171,8.417089,6.291156,1.7034888,4.742855,-11.519688
batch_01350_patch.tiff,patch_172,14.787153,16.208572,7.74375,9.541467,-3.782938
batch_01350_patch.tiff,patch_173,8.317924,14.398237,5.248535,4.1862106,-8.952415
batch_01350_patch.tiff,patch_174,4.5133824,-3.3092535,2.7683237,7.886726,-5.577595
batch_01350_patch.tiff,patch_175,4.2782645,-1.3788198,5.15525,2.6190083,-1.3091248
batch_01400_patch.tiff,patch_0,5.3547177,8.897539,-0.20617814,3.6784828,-8.910017
batch_01400_patch.tiff,patch_1,4.2377114,7.3681464,1.6309451,2.0688255,-8.410542
batch_01400_patch.tiff,patch_2,4.973468,5.1975927,5.6056266,4.3828173,-9.645614
batch_01400_patch.tiff,patch_3,4.9653134,6.1478844,-1.1257491,7.6604843,-9.901987
batch_01400_patch.tiff,patch_4,9.19708,6.037368,1.3146149,6.530563,-8.482146
batch_01400_patch.tiff,patch_5,5.7040405,0.19944131,2.6706681,8.944279,-11.42336
batch_01400_patch.tiff,patch_6,15.789595,6.479153,15.068154,7.8568983,-8.166003
batch_01400_patch.tiff,patch_7,15.237162,2.82959,9.861331,8.2055,-13.08977
batch_01400_patch.tiff,patch_8,8.203274,12.617893,15.365043,0.6729942,-5.5301585
batch_01400_patch.tiff,patch_9,9.3921385,14.412451,16.431637,2.0858676,-5.581706
batch_01400_patch.tiff,patch_10,8.091471,10.7623205,9.9242325,1.4373137,-7.2210135
batch_01400_patch.tiff,patch_11,6.560108,10.967781,5.511194,1.0453075,-8.801573
batch_01400_patch.tiff,patch_12,9.2797365,15.877313,5.621398,7.9772635,-8.721986
batch_01400_patch.tiff,patch_13,6.3916755,7.417184,-1.5245032,3.824084,-7.281542
batch_01400_patch.tiff,patch_14,3.9478626,6.92096,-2.0403438,6.5920935,-9.281039
batch_01400_patch.tiff,patch_15,1.0582722,7.0510497,-0.2761622,5.4423556,-8.972169
batch_01400_patch.tiff,patch_16,4.913446,7.5623674,2.5003836,3.80789,-8.755992
batch_01400_patch.tiff,patch_17,4.9010243,3.4851978,0.85809886,6.185732,-10.053016
batch_01400_patch.tiff,patch_18,5.873483,3.0048528,6.0521655,9.01805,-9.592917
batch_01400_patch.tiff,patch_19,15.58242,7.8168674,15.37646,10.602705,-9.445866
batch_01400_patch.tiff,patch_20,16.993452,6.459667,17.640995,9.102747,-12.016785
batch_01400_patch.tiff,patch_21,4.2785206,14.439551,12.425307,-0.3919833,-2.6467154
batch_01400_patch.tiff,patch_22,7.2467837,12.411959,9.336137,-0.8084123,-7.2423153
batch_01400_patch.tiff,patch_23,9.805189,15.397255,11.696777,-1.8221307,-5.0813737
batch_01400_patch.tiff,patch_24,7.327022,12.459903,10.512026,1.240107,-6.6357727
batch_01400_patch.tiff,patch_25,7.534841,11.539508,5.098785,6.7116966,-12.180402
batch_01400_patch.tiff,patch_26,5.1043873,3.653838,12.212498,10.389638,-4.589386
batch_01400_patch.tiff,patch_27,5.7005463,8.208445,-0.2768246,4.588468,-9.349635
batch_01400_patch.tiff,patch_28,9.446069,5.853045,14.910329,6.7847033,-3.6037643
batch_01400_patch.tiff,patch_29,10.301145,7.2635264,6.504605,11.66904,-5.665795
batch_01400_patch.tiff,patch_30,6.319539,5.3878627,1.4676701,7.818112,-10.169317
batch_01400_patch.tiff,patch_31,7.275063,5.8740225,1.0736464,6.591867,-10.416777
batch_01400_patch.tiff,patch_32,5.3834553,8.358032,-1.7473415,-0.26656938,-11.119747
batch_01400_patch.tiff,patch_33,6.5567937,9.460546,0.6462745,0.118634224,-13.793629
batch_01400_patch.tiff,patch_34,5.953253,10.614101,12.48859,5.208366,-6.4303923
batch_01400_patch.tiff,patch_35,12.106425,13.419423,13.183127,6.2250986,-8.441077
batch_01400_patch.tiff,patch_36,4.446796,9.280904,6.5363216,5.18699,-9.542714
batch_01400_patch.tiff,patch_37,4.7472706,11.284212,1.4207925,3.591089,-9.555818
batch_01400_patch.tiff,patch_38,6.3047323,9.906417,9.255539,1.8878189,-8.387595
batch_01400_patch.tiff,patch_39,5.1387806,4.297098,-1.0930698,6.10235,-7.625601
batch_01400_patch.tiff,patch_40,7.985481,12.427442,-1.1130822,7.034764,-8.244354
batch_01400_patch.tiff,patch_41,10.921193,5.056785,13.404073,7.3709927,-5.622535
batch_01400_patch.tiff,patch_42,5.8740525,1.7792212,3.4658034,7.1804852,-10.12722
batch_01400_patch.tiff,patch_43,4.7408423,2.6471443,2.318308,6.449863,-10.593851
batch_01400_patch.tiff,patch_44,6.340966,9.955343,-2.3015702,-0.17251326,-13.804901
batch_01400_patch.tiff,patch_45,5.5761023,11.348155,-1.0699874,-1.3060447,-14.416725
batch_01400_patch.tiff,patch_46,6.3326645,17.792128,13.462245,-3.2155657,-7.4848638
batch_01400_patch.tiff,patch_47,9.488136,17.360313,9.089473,-2.3876827,-8.031225
batch_01400_patch.tiff,patch_48,6.161666,10.840441,8.943488,3.0151937,-8.4313755
batch_01400_patch.tiff,patch_49,5.135495,6.4812665,12.020145,8.385379,-9.107257
batch_01400_patch.tiff,patch_50,3.3054683,10.434429,8.812306,6.788781,-9.168198
batch_01400_patch.tiff,patch_51,7.9348907,11.431049,10.554198,9.612606,-10.400041
batch_01400_patch.tiff,patch_52,15.745503,5.5942755,14.255328,6.257467,-9.198152
batch_01400_patch.tiff,patch_53,10.444815,8.052463,12.857647,5.857762,-6.0698223
batch_01400_patch.tiff,patch_54,11.435427,4.2779245,-0.51981986,9.7227,-6.735334
batch_01400_patch.tiff,patch_55,8.35238,3.6675832,3.4237895,5.8634853,-10.67656
batch_01400_patch.tiff,patch_56,3.4740562,7.208513,-2.899402,-2.4147618,-11.294775
batch_01400_patch.tiff,patch_57,3.3126674,6.8209147,-0.1849225,1.2286911,-10.480422
batch_01400_patch.tiff,patch_58,9.271653,14.991878,11.678273,-0.30722672,-8.14017
batch_01400_patch.tiff,patch_59,10.411634,11.10515,11.581477,1.3755658,-5.766825
batch_01400_patch.tiff,patch_60,11.025999,7.735316,9.596828,8.036562,-9.454927
batch_01400_patch.tiff,patch_61,6.257864,13.583445,7.9659224,9.041296,-8.818223
batch_01400_patch.tiff,patch_62,10.288679,2.6051111,15.912529,8.397984,-11.7746725
batch_01400_patch.tiff,patch_63,18.004404,3.960538,16.738382,5.117177,-8.541132
batch_01400_patch.tiff,patch_64,10.720005,11.302823,12.390105,7.026314,-4.9158044
batch_01400_patch.tiff,patch_65,3.1562274,8.861945,-0.808955,4.508138,-11.052634
batch_01400_patch.tiff,patch_66,6.5139112,4.455392,6.685565,7.297469,-9.962078
batch_01400_patch.tiff,patch_67,1.1639835,7.6548243,-1.286802,-0.73842907,-13.486601
batch_01400_patch.tiff,patch_68,4.708684,9.852959,-2.4325006,-2.966554,-11.457067
batch_01400_patch.tiff,patch_69,4.3586664,12.245659,3.9017506,1.0290794,-7.041523
batch_01400_patch.tiff,patch_70,7.892133,12.778021,17.926863,3.3813422,-3.8510485
batch_01400_patch.tiff,patch_71,6.3740387,8.721783,3.8922584,2.6339831,-11.220937
batch_01400_patch.tiff,patch_72,8.879769,11.515387,10.090438,4.338843,-7.24161
batch_01400_patch.tiff,patch_73,5.383527,5.3997545,1.3732986,2.1779635,-10.913955
batch_01400_patch.tiff,patch_74,2.7494366,6.918372,0.62125033,6.9501643,-10.9700575
batch_01400_patch.tiff,patch_75,3.9912477,6.173448,2.8941507,4.8919067,-9.915518
batch_01400_patch.tiff,patch_76,4.0514407,4.2291126,1.4066274,6.866071,-11.328497
batch_01400_patch.tiff,patch_77,-1.1280488,10.59311,-3.098947,-2.8520787,-12.851423
batch_01400_patch.tiff,patch_78,5.32753,15.2990885,0.42820784,4.6514974,-8.832138
batch_01400_patch.tiff,patch_79,14.462752,8.908244,17.091846,11.417421,-7.0074673
batch_01400_patch.tiff,patch_80,17.261152,6.204094,13.006665,6.8487353,-9.7560835
batch_01400_patch.tiff,patch_81,3.212211,8.489562,8.711605,6.955551,-10.393234
batch_01400_patch.tiff,patch_82,6.201925,11.731716,5.032881,5.113159,-9.53851
batch_01400_patch.tiff,patch_83,2.379741,8.430591,0.19176745,3.1147566,-10.726883
batch_01400_patch.tiff,patch_84,1.7647566,7.933782,3.7274716,6.6910467,-10.116414
batch_01400_patch.tiff,patch_85,4.962024,5.475412,2.835382,7.074636,-10.702546
batch_01400_patch.tiff,patch_86,3.7026453,6.690597,5.717284,7.1771593,-9.219119
batch_01400_patch.tiff,patch_87,5.4012814,8.610451,-1.1928928,-0.50700456,-13.213779
batch_01400_patch.tiff,patch_88,3.6253402,9.007586,-1.876879,2.1709096,-11.742667
batch_01400_patch.tiff,patch_89,15.365537,9.583257,17.062328,15.514557,-7.413062
batch_01400_patch.tiff,patch_90,17.315329,8.273511,11.149184,8.445554,-10.139174
batch_01400_patch.tiff,patch_91,3.913294,12.6714525,0.57836425,3.3832839,-11.708267
batch_01400_patch.tiff,patch_92,2.3654528,13.185925,4.6732597,6.767112,-8.572495
batch_01400_patch.tiff,patch_93,2.7281768,7.295396,-0.82861227,4.459536,-8.461548
batch_01400_patch.tiff,patch_94,3.6366248,6.628209,0.61300933,4.4858932,-7.437339
batch_01400_patch.tiff,patch_95,5.158306,3.0846486,2.0736442,4.6900444,-11.632957
batch_01400_patch.tiff,patch_96,8.635061,5.7573266,2.427094,8.329796,-9.901604
batch_01400_patch.tiff,patch_97,3.5268006,6.7121935,-1.3968613,-0.5923014,-12.659538
batch_01400_patch.tiff,patch_98,7.354853,8.496368,-1.5503794,-1.8063222,-13.071023
batch_01400_patch.tiff,patch_99,5.5174103,14.547248,5.094385,2.7759585,-8.209259
batch_01400_patch.tiff,patch_100,8.791281,10.049812,17.96195,3.0341833,-3.4703276
batch_01400_patch.tiff,patch_101,7.4947968,13.756041,5.89641,7.294759,-8.488838
batch_01400_patch.tiff,patch_102,7.292673,12.287903,5.9018984,4.669585,-9.521198
batch_01400_patch.tiff,patch_103,3.754092,8.450255,-1.4189714,6.304522,-9.119819
batch_01400_patch.tiff,patch_104,3.5607035,6.783532,2.6287363,2.6294718,-8.956681
batch_01400_patch.tiff,patch_105,5.93859,5.129187,3.8081048,7.012053,-10.636235
batch_01400_patch.tiff,patch_106,7.809103,3.664437,5.4005065,6.3416705,-10.6803465
batch_01400_patch.tiff,patch_107,7.225612,11.737226,0.9082287,-1.4390669,-13.409943
batch_01400_patch.tiff,patch_108,3.544995,10.99926,-3.3706489,-6.188773,-14.678684
batch_01400_patch.tiff,patch_109,14.113614,15.071141,14.733169,1.5371525,-8.251975
batch_01400_patch.tiff,patch_110,10.966792,10.763537,15.0973835,4.094068,-3.1488256
batch_01400_patch.tiff,patch_111,4.1983933,12.693807,7.015221,5.883782,-9.802036
batch_01400_patch.tiff,patch_112,4.312746,13.468726,3.4964373,2.98768,-9.641476
batch_01400_patch.tiff,patch_113,2.7448468,7.852291,-0.43853125,3.7984035,-6.2703977
batch_01400_patch.tiff,patch_114,4.277743,8.278281,1.932026,3.5480342,-8.700128
batch_01400_patch.tiff,patch_115,16.742046,5.444768,14.448179,5.6121836,-9.62624
batch_01400_patch.tiff,patch_116,11.6615925,5.907946,12.724479,15.51094,-13.190604
batch_01400_patch.tiff,patch_117,8.0149555,3.393171,9.088571,9.46517,-8.652067
batch_01400_patch.tiff,patch_118,9.125771,3.266042,8.030553,7.65209,-10.078857
batch_01400_patch.tiff,patch_119,0.04822801,11.324937,-5.1246076,-3.6974373,-13.486366
batch_01400_patch.tiff,patch_120,4.054213,10.772288,2.4256897,-1.6919141,-10.087108
batch_01400_patch.tiff,patch_121,8.096941,11.669199,7.639374,4.0390234,-6.6060395
batch_01400_patch.tiff,patch_122,10.022587,13.77766,16.717102,-0.059496272,-4.3697433
batch_01400_patch.tiff,patch_123,2.553399,12.075479,6.0450554,4.6149487,-12.518949
batch_01400_patch.tiff,patch_124,5.315643,10.860728,3.759365,6.9083085,-12.590545
batch_01400_patch.tiff,patch_125,3.712004,8.832603,-2.2275903,1.7985848,-9.020709
batch_01400_patch.tiff,patch_126,3.9156933,7.16824,-0.22456624,2.2061145,-10.259992
batch_01400_patch.tiff,patch_127,12.656722,8.162559,17.08103,10.982822,-10.998858
batch_01400_patch.tiff,patch_128,17.950098,6.688588,18.495506,8.4044,-8.960157
batch_01400_patch.tiff,patch_129,11.243279,9.058571,3.632543,3.6814458,-10.534046
batch_01400_patch.tiff,patch_130,7.986475,7.302625,4.209038,6.3200784,-8.988553
batch_01400_patch.tiff,patch_131,7.1257377,10.147294,-2.458009,-2.5765104,-13.284826
batch_01400_patch.tiff,patch_132,1.2304221,14.430248,-2.523554,-0.8403665,-12.712269
batch_01400_patch.tiff,patch_133,7.3102055,13.833866,6.737807,2.650183,-9.317381
batch_01400_patch.tiff,patch_134,10.251326,10.806287,17.283894,3.70012,-4.8938804
batch_01400_patch.tiff,patch_135,5.6063166,9.699521,3.5860004,5.4958797,-10.2888365
batch_01400_patch.tiff,patch_136,5.51117,11.61855,4.525956,1.7073567,-8.461726
batch_01400_patch.tiff,patch_137,5.8820496,8.551036,1.9290564,1.0573413,-10.542917
batch_01400_patch.tiff,patch_138,2.1900275,9.09121,4.1794615,3.4694998,-8.02087
batch_01400_patch.tiff,patch_139,9.828558,6.943294,12.539256,8.392219,-3.95375
batch_01400_patch.tiff,patch_140,12.916138,5.9965506,12.888622,8.663855,-5.056372
batch_01400_patch.tiff,patch_141,5.341553,8.782707,-1.4841666,-2.1724226,-13.507848
batch_01400_patch.tiff,patch_142,4.5245295,15.491142,-0.47844502,-3.288816,-12.616715
batch_01400_patch.tiff,patch_143,5.174836,11.890228,-1.6933467,-2.347108,-11.197661
batch_01400_patch.tiff,patch_144,0.20998882,10.443256,0.19232817,-2.5249202,-12.325504
batch_01400_patch.tiff,patch_145,9.727834,8.609407,14.893098,4.103933,-6.9552126
batch_01400_patch.tiff,patch_146,12.88111,13.926551,15.445409,4.0810905,-4.488455
batch_01400_patch.tiff,patch_147,14.940455,4.9997835,21.678835,8.6981325,-8.580575
batch_01400_patch.tiff,patch_148,14.98049,5.839033,23.309294,9.76849,-8.394673
batch_01400_patch.tiff,patch_149,4.264265,8.961676,7.8461046,2.7559264,-6.5679154
batch_01400_patch.tiff,patch_150,3.47643,7.471765,1.0112687,3.036189,-7.227671
batch_01400_patch.tiff,patch_151,4.8679953,10.334139,0.6837916,-2.1103292,-11.0979595
batch_01400_patch.tiff,patch_152,3.4360313,9.367521,-2.4105453,0.10134654,-14.445201
batch_01400_patch.tiff,patch_153,0.6705958,9.100026,3.0869555,-0.3820354,-10.411991
batch_01400_patch.tiff,patch_154,5.3936095,8.72974,0.25216514,-3.1403337,-11.665948
batch_01400_patch.tiff,patch_155,11.025109,10.249596,7.8306265,6.106122,-4.352494
batch_01400_patch.tiff,patch_156,12.948646,13.688084,10.22331,5.5946703,-7.412708
batch_01400_patch.tiff,patch_157,17.463863,3.1323621,25.267359,10.120073,-8.4232435
batch_01400_patch.tiff,patch_158,12.8109255,5.861772,21.638174,12.468872,-9.904899
batch_01400_patch.tiff,patch_159,4.4480796,8.135855,1.8400512,3.061494,-5.7631755
batch_01400_patch.tiff,patch_160,4.3257422,5.9137053,-1.2687542,6.4026775,-7.768913
batch_01400_patch.tiff,patch_161,10.258772,8.248906,2.9501019,0.4282216,-15.285868
batch_01400_patch.tiff,patch_162,12.832209,8.074027,6.1887155,1.304786,-13.078182
batch_01400_patch.tiff,patch_163,4.318447,7.8484707,-1.4757682,-4.906008,-14.4476595
batch_01400_patch.tiff,patch_164,6.8422565,8.693541,0.82946116,-3.0790486,-10.977545
batch_01400_patch.tiff,patch_165,10.941214,14.242816,6.480646,3.048873,-8.445688
batch_01400_patch.tiff,patch_166,9.5280905,11.432396,11.299408,2.0294886,-6.6767945
batch_01400_patch.tiff,patch_167,6.763016,8.599457,15.753628,1.4628987,-2.770182
batch_01400_patch.tiff,patch_168,10.924319,10.322183,6.158582,1.024509,-6.9779735
batch_01400_patch.tiff,patch_169,16.135986,6.550079,19.660799,11.663034,-11.42982
batch_01400_patch.tiff,patch_170,18.092508,7.815169,17.55734,10.198758,-10.168632
batch_01450_patch.tiff,patch_0,6.987447,12.885284,3.0002384,1.415615,-10.875146
batch_01450_patch.tiff,patch_1,5.3932886,12.162002,11.952977,3.9608574,-7.858481
batch_01450_patch.tiff,patch_2,12.749279,10.663745,18.668444,8.495527,-10.122407
batch_01450_patch.tiff,patch_3,14.776155,4.1217356,20.05873,8.623699,-9.947618
batch_01450_patch.tiff,patch_4,5.514925,12.514121,4.9359684,6.1035557,-9.210197
batch_01450_patch.tiff,patch_5,7.205701,6.3428583,10.169603,9.661533,-2.532009
batch_01450_patch.tiff,patch_6,7.0288553,7.3684688,5.5846252,9.897105,-10.254503
batch_01450_patch.tiff,patch_7,7.1751804,7.5263104,6.5631123,10.443555,-12.078164
batch_01450_patch.tiff,patch_8,7.9607954,6.1984987,8.758442,0.87815666,-11.413093
batch_01450_patch.tiff,patch_9,8.331662,6.0711837,9.352262,6.2765746,-10.233723
batch_01450_patch.tiff,patch_10,8.634229,6.6383376,3.3634548,2.7774494,-7.795742
batch_01450_patch.tiff,patch_11,6.9062815,5.090365,-0.71178937,6.8781986,-8.874066
batch_01450_patch.tiff,patch_12,8.360719,8.704111,1.6137594,6.130285,-11.461081
batch_01450_patch.tiff,patch_13,3.5131776,10.59146,8.0267725,4.986712,-8.183471
batch_01450_patch.tiff,patch_14,4.222082,11.8053665,7.037165,6.5959444,-11.088518
batch_01450_patch.tiff,patch_15,15.084937,9.401673,20.834644,9.595976,-8.877368
batch_01450_patch.tiff,patch_16,13.077262,7.532136,20.304268,8.059979,-8.538424
batch_01450_patch.tiff,patch_17,1.1585246,5.868873,2.4286594,7.2917714,-9.658565
batch_01450_patch.tiff,patch_18,5.4376597,7.5524745,9.7510605,5.6165614,-5.4076324
batch_01450_patch.tiff,patch_19,11.94057,6.673236,7.04162,5.169086,-9.865227
batch_01450_patch.tiff,patch_20,9.929556,7.145086,9.876726,3.5167003,-4.781798
batch_01450_patch.tiff,patch_21,7.934857,7.11238,6.0171094,3.548053,-9.806713
batch_01450_patch.tiff,patch_22,10.723428,5.873979,10.835722,6.074829,-8.630464
batch_01450_patch.tiff,patch_23,4.3973927,6.244154,-1.1939825,4.542738,-9.356389
batch_01450_patch.tiff,patch_24,3.5806549,3.2044785,0.55788857,7.75316,-9.168062
batch_01450_patch.tiff,patch_25,8.252552,5.1802216,-0.77066624,8.348628,-8.739153
batch_01450_patch.tiff,patch_26,9.409773,10.950689,12.071068,-0.07414348,-6.9590435
batch_01450_patch.tiff,patch_27,3.8595805,9.101606,7.2694173,1.7865595,-8.439366
batch_01450_patch.tiff,patch_28,5.651355,5.9489827,9.09803,7.7891064,-3.6078281
batch_01450_patch.tiff,patch_29,4.768292,6.65877,8.793328,5.5048714,-6.616851
batch_01450_patch.tiff,patch_30,5.4853945,5.34468,11.727033,8.472511,-8.611021
batch_01450_patch.tiff,patch_31,9.899193,5.547759,11.947265,7.590126,-5.3905783
batch_01450_patch.tiff,patch_32,9.441975,6.997104,7.8794847,9.147728,-9.917547
batch_01450_patch.tiff,patch_33,12.891235,7.3502207,8.98217,5.0778265,-8.071401
batch_01450_patch.tiff,patch_34,14.488566,7.471001,23.073925,10.238294,-4.5714717
batch_01450_patch.tiff,patch_35,11.461666,4.520436,17.749907,8.516259,-7.3948245
batch_01450_patch.tiff,patch_36,7.527199,7.960547,13.016213,7.127329,-1.9245082
batch_01450_patch.tiff,patch_37,7.652486,9.340905,10.953495,3.9148943,-6.8348484
batch_01450_patch.tiff,patch_38,7.6242986,8.144,11.296108,-0.59413546,-5.9618216
batch_01450_patch.tiff,patch_39,3.814844,10.094025,10.027379,5.232631,-5.3547773
batch_01450_patch.tiff,patch_40,4.2679143,7.6574907,8.756807,4.3556995,-9.45004
batch_01450_patch.tiff,patch_41,5.7764535,7.36085,7.501791,8.839172,-7.6771226
batch_01450_patch.tiff,patch_42,7.1345935,8.613083,10.356534,10.125854,-5.644226
batch_01450_patch.tiff,patch_43,9.861836,6.0170727,11.085064,5.8499455,-9.3709755
batch_01450_patch.tiff,patch_44,8.405332,3.7200532,11.709197,8.05706,-9.912328
batch_01450_patch.tiff,patch_45,11.14156,8.379466,13.249498,4.5488,-10.803042
batch_01450_patch.tiff,patch_46,13.959218,9.593697,20.377676,8.769352,-4.7220936
batch_01450_patch.tiff,patch_47,10.690938,7.5489454,13.656152,8.655752,-2.5978422
batch_01450_patch.tiff,patch_48,7.4903164,6.88076,4.90692,2.7911854,-8.855298
batch_01450_patch.tiff,patch_49,7.9693327,7.80339,8.508382,3.0612185,-4.1266623
batch_01450_patch.tiff,patch_50,-1.2471753,8.757861,4.5898933,3.9645145,-7.240241
batch_01450_patch.tiff,patch_51,1.9100074,9.118977,4.99304,3.8276882,-10.159543
batch_01450_patch.tiff,patch_52,7.1694794,6.2801967,6.129271,9.412828,-10.332678
batch_01450_patch.tiff,patch_53,6.4752617,5.5646086,12.290205,8.351851,-4.6101213
batch_01450_patch.tiff,patch_54,9.581169,9.78668,12.201042,6.4886413,-11.424217
batch_01450_patch.tiff,patch_55,12.760641,7.3937984,13.267447,4.547326,-9.431784
batch_01450_patch.tiff,patch_56,6.1086063,5.527668,3.6412256,5.413987,-7.6375265
batch_01450_patch.tiff,patch_57,5.884133,6.234436,0.40181693,4.6094885,-12.100231
batch_01450_patch.tiff,patch_58,7.443121,9.287508,12.233055,-0.15938151,-4.159048
batch_01450_patch.tiff,patch_59,9.676536,5.427496,9.6353655,2.8843586,-4.8494544
batch_01450_patch.tiff,patch_60,8.477047,12.646347,3.2814949,4.504607,-11.872958
batch_01450_patch.tiff,patch_61,0.694249,6.82506,4.1673317,4.00435,-8.730149
batch_01450_patch.tiff,patch_62,3.2886415,9.578486,6.231542,2.8110058,-8.178991
batch_01450_patch.tiff,patch_63,12.866383,8.479517,15.687972,5.059599,-4.308076
batch_01450_patch.tiff,patch_64,12.494544,11.280881,10.380349,9.165242,-8.368894
batch_01450_patch.tiff,patch_65,4.804083,8.532885,7.2605743,6.7222714,-10.29521
batch_01450_patch.tiff,patch_66,9.556568,6.441319,9.643521,5.7102876,-11.063339
batch_01450_patch.tiff,patch_67,4.8873315,4.0633674,1.3883637,3.3844514,-12.254472
batch_01450_patch.tiff,patch_68,3.3250906,6.346918,-3.0092926,4.1992335,-13.97716
batch_01450_patch.tiff,patch_69,5.2687635,8.635108,3.1697521,0.5541757,-10.361211
batch_01450_patch.tiff,patch_70,6.588919,6.731097,7.29484,3.3621926,-7.2802873
batch_01450_patch.tiff,patch_71,8.241574,7.7518663,5.418761,-0.7946003,-10.470517
batch_01450_patch.tiff,patch_72,20.218267,7.274608,23.09596,7.677294,-7.8847938
batch_01450_patch.tiff,patch_73,15.519308,8.198541,26.057365,4.628442,-8.883897
batch_01450_patch.tiff,patch_74,6.0798163,8.75766,12.355158,5.491512,-7.2679176
batch_01450_patch.tiff,patch_75,6.0267477,8.74903,10.070691,9.204731,-8.094035
batch_01450_patch.tiff,patch_76,7.853849,7.146781,8.262275,8.363682,-9.955072
batch_01450_patch.tiff,patch_77,8.21525,8.2743845,14.189145,6.2685966,-6.011677
batch_01450_patch.tiff,patch_78,3.9971054,5.587185,4.3354197,3.622936,-9.152844
batch_01450_patch.tiff,patch_79,6.253633,5.506561,1.4074447,5.401443,-10.7712555
batch_01450_patch.tiff,patch_80,5.6099052,8.268277,6.6696978,3.7231872,-7.921673
batch_01450_patch.tiff,patch_81,4.6517625,7.4236403,4.8151913,1.7517228,-6.496951
batch_01450_patch.tiff,patch_82,9.730005,12.411069,12.586862,7.0260754,-7.8008165
batch_01450_patch.tiff,patch_83,19.796621,9.755085,16.659815,10.80966,-12.686186
batch_01450_patch.tiff,patch_84,10.968176,9.226082,10.355219,4.866092,-9.426284
batch_01450_patch.tiff,patch_85,9.820348,8.040556,11.280962,7.7518945,-7.6460238
batch_01450_patch.tiff,patch_86,6.9705524,6.083684,12.058776,7.21725,-8.949435
batch_01450_patch.tiff,patch_87,7.801504,8.308504,11.75711,11.506591,-8.081926
batch_01450_patch.tiff,patch_88,6.6758795,5.9141126,-1.1439333,6.673265,-9.576869
batch_01450_patch.tiff,patch_89,7.1374273,5.7723885,-0.25260594,1.94728,-10.087381
batch_01450_patch.tiff,patch_90,12.278686,7.3600655,14.591072,6.771117,-4.768692
batch_01450_patch.tiff,patch_91,8.482545,8.950254,10.142407,1.775804,-5.528031
batch_01450_patch.tiff,patch_92,13.803004,10.735967,19.475224,9.391642,-4.7617197
batch_01450_patch.tiff,patch_93,11.199544,3.90362,12.272329,3.2520454,-4.279743
batch_01450_patch.tiff,patch_94,5.0943775,6.049028,14.186378,7.5274816,-6.974739
batch_01450_patch.tiff,patch_95,10.60701,8.361405,11.413926,2.0583637,-8.333958
batch_01450_patch.tiff,patch_96,9.954485,4.642396,9.019094,5.7790093,-11.976823
batch_01450_patch.tiff,patch_97,9.518057,4.8649826,14.159234,7.8141594,-5.2003117
batch_01450_patch.tiff,patch_98,8.351595,5.0814834,1.3286949,6.4777656,-9.339808
batch_01450_patch.tiff,patch_99,9.122281,3.755883,1.145834,8.222446,-8.558754
batch_01450_patch.tiff,patch_100,7.813347,9.178647,10.056753,4.1486335,-7.578348
batch_01450_patch.tiff,patch_101,6.5464525,7.6967955,9.591882,2.9622705,-3.0761416
batch_01450_patch.tiff,patch_102,10.417885,8.794951,6.6602964,1.2681028,-11.460998
batch_01450_patch.tiff,patch_103,14.629497,13.869814,13.110103,1.6150342,-8.5931425
batch_01450_patch.tiff,patch_104,6.9158835,6.58617,5.92474,4.9991226,-7.9572577
batch_01450_patch.tiff,patch_105,12.597854,6.791934,8.101033,5.62907,-4.6682677
batch_01450_patch.tiff,patch_106,7.911069,9.655257,9.027643,6.901587,-6.8054347
batch_01450_patch.tiff,patch_107,8.434484,6.298916,10.505566,4.872493,-11.141552
batch_01450_patch.tiff,patch_108,11.1623,7.7212896,7.7705684,2.7386198,-9.847193
batch_01450_patch.tiff,patch_109,9.268618,8.449761,9.841549,4.9508452,-8.3168545
batch_01450_patch.tiff,patch_110,8.785485,7.165617,6.001129,9.676084,-9.998975
batch_01450_patch.tiff,patch_111,7.2105765,7.1230526,10.38347,7.156332,-6.5349917
batch_01450_patch.tiff,patch_112,11.176638,10.73848,11.095922,2.8342083,-5.437213
batch_01450_patch.tiff,patch_113,10.884037,5.9850116,11.175968,3.2507296,-6.569405
batch_01450_patch.tiff,patch_114,6.3585153,9.386431,0.55284166,1.0658863,-6.438412
batch_01450_patch.tiff,patch_115,6.48614,9.197805,5.7311726,7.2544146,-11.192118
batch_01450_patch.tiff,patch_116,8.489206,7.5199914,8.645093,8.126148,-8.98598
batch_01450_patch.tiff,patch_117,11.800101,8.536594,10.298739,4.226003,-10.536012
batch_01450_patch.tiff,patch_118,9.16425,10.062384,7.4602723,3.9423835,-12.293688
batch_01450_patch.tiff,patch_119,9.351895,8.322062,7.640917,2.5418568,-11.12581
batch_01450_patch.tiff,patch_120,7.015856,6.2564554,5.8431396,7.5222483,-11.358148
batch_01450_patch.tiff,patch_121,6.167296,7.118563,2.425521,8.27523,-6.69483
batch_01450_patch.tiff,patch_122,8.2719755,6.1419187,2.8920186,5.1799517,-9.178353
batch_01450_patch.tiff,patch_123,7.3215904,7.8174105,10.279758,5.7271595,-5.6161413
batch_01450_patch.tiff,patch_124,5.905389,8.773525,8.906939,4.351583,-4.285191
batch_01450_patch.tiff,patch_125,11.745126,12.500583,7.588194,2.014795,-7.4422994
batch_01450_patch.tiff,patch_126,7.669783,10.634999,-0.21473345,9.806073,-3.7939596
batch_01450_patch.tiff,patch_127,6.238613,7.0969043,5.5954685,8.240311,-7.6145606
batch_01450_patch.tiff,patch_128,13.45597,8.237901,10.796114,2.5977705,-6.9981527
batch_01450_patch.tiff,patch_129,10.185574,10.750509,8.163534,6.6742435,-11.040475
batch_01450_patch.tiff,patch_130,8.044259,5.675775,12.675367,6.170563,-7.491155
batch_01450_patch.tiff,patch_131,6.3417907,4.062594,12.814321,3.9681456,-8.593142
batch_01450_patch.tiff,patch_132,8.4432125,7.445456,8.008246,3.1922648,-11.287081
batch_01450_patch.tiff,patch_133,6.321478,6.0188174,-0.35694677,3.5637052,-10.092326
batch_01450_patch.tiff,patch_134,6.364099,4.3878603,1.6669108,6.670665,-9.395814
batch_01450_patch.tiff,patch_135,11.687603,1.8491696,5.6906476,3.738138,-11.179667
batch_01450_patch.tiff,patch_136,11.709537,4.776206,16.390652,3.514427,-4.5764017
batch_01450_patch.tiff,patch_137,6.8252788,6.6972036,13.131102,6.508956,-4.255386
batch_01450_patch.tiff,patch_138,12.52573,10.074458,11.031804,5.002367,-11.371399
batch_01450_patch.tiff,patch_139,14.866431,7.4735546,20.634314,12.188251,-13.536936
batch_01450_patch.tiff,patch_140,7.8928595,7.383787,3.3692508,3.4848542,-8.053184
batch_01450_patch.tiff,patch_141,4.207531,6.5369763,7.564672,8.273067,-5.8113112
batch_01450_patch.tiff,patch_142,5.8225613,6.464277,1.4088259,6.313849,-10.636238
batch_01450_patch.tiff,patch_143,13.534837,8.1708145,5.6385684,5.9892526,-9.879953
batch_01450_patch.tiff,patch_144,6.9459763,7.660811,5.9737015,3.8352044,-6.320485
batch_01450_patch.tiff,patch_145,6.973012,7.766187,3.1367762,5.7896624,-8.36723
batch_01450_patch.tiff,patch_146,13.452052,5.0172215,14.39288,4.934072,-5.21137
batch_01450_patch.tiff,patch_147,11.311206,9.571483,11.825844,5.115085,-5.0772057
batch_01450_patch.tiff,patch_148,9.956808,6.666462,9.552011,6.0537305,-12.073764
batch_01450_patch.tiff,patch_149,19.456114,9.778972,16.656654,11.767521,-14.028267
batch_01450_patch.tiff,patch_150,6.0760536,5.3295436,4.057083,6.4725227,-6.2952013
batch_01450_patch.tiff,patch_151,10.31194,4.9264183,13.74955,6.646202,-7.2116003
batch_01450_patch.tiff,patch_152,3.525713,5.7181764,3.754228,2.6702902,-7.1107907
batch_01450_patch.tiff,patch_153,5.598078,9.388497,-3.4452162,6.328297,-10.060633
batch_01450_patch.tiff,patch_154,9.046057,6.963289,8.078428,4.3839116,-8.9861965
batch_01450_patch.tiff,patch_155,11.775688,8.234114,12.188383,1.5317446,-10.427807
batch_01450_patch.tiff,patch_156,5.597801,9.846394,9.939936,6.1155953,-5.963443
batch_01450_patch.tiff,patch_157,6.0660734,14.2718725,6.911035,4.078898,-8.774789
batch_01450_patch.tiff,patch_158,11.950961,9.431278,11.534379,4.484804,-8.453363
batch_01450_patch.tiff,patch_159,13.225783,6.600844,12.742727,4.359486,-5.994938
batch_01450_patch.tiff,patch_160,6.1419806,5.945453,9.87794,5.6839542,-8.847786
batch_01450_patch.tiff,patch_161,12.081679,7.7258177,12.866133,5.957315,-8.354353
batch_01450_patch.tiff,patch_162,9.1683235,6.9751263,16.658133,4.4098916,-6.2747397
batch_01450_patch.tiff,patch_163,9.767183,6.67897,9.761867,0.33192196,-7.0950146
batch_01450_patch.tiff,patch_164,7.3506436,9.537857,1.3711056,6.296712,-6.478884
batch_01450_patch.tiff,patch_165,5.316386,8.480573,0.9549364,5.636094,-10.3470545
batch_01500_patch.tiff,patch_0,7.819464,5.8701305,8.964927,6.158474,-5.7882853
batch_01500_patch.tiff,patch_1,3.174611,9.809511,6.1751575,5.046419,-4.1127033
batch_01500_patch.tiff,patch_2,15.289124,14.178211,12.629233,3.6519058,-9.549631
batch_01500_patch.tiff,patch_3,20.36325,14.775842,21.793133,4.82459,-7.9674177
batch_01500_patch.tiff,patch_4,9.408517,13.324352,12.4097395,7.2201495,-8.687395
batch_01500_patch.tiff,patch_5,4.647905,9.782071,7.7356167,6.3138423,-11.705781
batch_01500_patch.tiff,patch_6,14.250853,4.24547,19.766565,5.240854,-4.3985777
batch_01500_patch.tiff,patch_7,11.530583,6.189222,17.06099,13.508113,-8.561653
batch_01500_patch.tiff,patch_8,10.51935,3.2875667,4.088573,10.267448,-9.754992
batch_01500_patch.tiff,patch_9,7.616651,6.229964,9.0025425,9.09371,-6.31146
batch_01500_patch.tiff,patch_10,12.444096,2.0456512,4.274799,4.7743225,-12.259195
batch_01500_patch.tiff,patch_11,13.663615,13.247785,10.455972,5.5273805,-9.60898
batch_01500_patch.tiff,patch_12,9.486057,7.78583,13.510487,10.356033,-3.697611
batch_01500_patch.tiff,patch_13,7.611517,6.915906,12.022135,5.800963,-2.0301409
batch_01500_patch.tiff,patch_14,17.786077,13.243978,21.149462,5.895547,-6.515323
batch_01500_patch.tiff,patch_15,4.378503,7.59295,6.9067497,10.280525,-10.513691
batch_01500_patch.tiff,patch_16,8.532847,9.649023,8.137806,9.471698,-8.160072
batch_01500_patch.tiff,patch_17,11.965767,5.6663465,15.087854,10.488698,-9.304237
batch_01500_patch.tiff,patch_18,11.566824,6.654401,22.960093,2.7159872,-4.8043723
batch_01500_patch.tiff,patch_19,10.936523,4.0837016,7.8041735,10.238799,-8.058964
batch_01500_patch.tiff,patch_20,8.216027,3.6066759,10.007912,10.449666,-8.556444
batch_01500_patch.tiff,patch_21,7.3659935,3.3379571,4.703818,5.734294,-13.878451
batch_01500_patch.tiff,patch_22,12.330671,9.9676285,1.5901309,7.1284347,-11.448373
batch_01500_patch.tiff,patch_23,7.760025,12.01194,8.6987705,-0.6601556,-17.006205
batch_01500_patch.tiff,patch_24,6.8607383,9.873755,12.370304,6.8917766,-4.542116
batch_01500_patch.tiff,patch_25,7.015242,6.725908,11.656418,4.598508,-3.386727
batch_01500_patch.tiff,patch_26,16.939365,20.321646,17.367868,7.733036,-6.8161774
batch_01500_patch.tiff,patch_27,16.503912,20.382801,18.452385,5.680891,-9.8417635
batch_01500_patch.tiff,patch_28,7.5038114,8.163119,8.43438,10.452251,-9.808244
batch_01500_patch.tiff,patch_29,7.7228093,9.139869,9.110372,11.360143,-9.515874
batch_01500_patch.tiff,patch_30,8.461953,1.7070792,0.5946412,3.8224397,-6.4217243
batch_01500_patch.tiff,patch_31,8.780502,4.744955,0.8895248,4.803323,-9.357282
batch_01500_patch.tiff,patch_32,7.8520727,8.105199,10.704377,9.866825,-11.812153
batch_01500_patch.tiff,patch_33,7.277546,11.303458,3.2517056,4.6856933,-15.00732
batch_01500_patch.tiff,patch_34,12.03643,9.360804,4.307898,8.0594,-12.855756
batch_01500_patch.tiff,patch_35,4.9281163,10.538724,9.807194,5.4762616,-7.284048
batch_01500_patch.tiff,patch_36,7.4979453,6.655366,10.261961,5.3467426,-4.2253294
batch_01500_patch.tiff,patch_37,18.255125,16.30082,23.296078,8.985959,-3.8232937
batch_01500_patch.tiff,patch_38,8.472398,9.279587,10.383353,9.361555,-8.734833
batch_01500_patch.tiff,patch_39,8.532033,11.098233,11.690023,9.2439375,-7.6176925
batch_01500_patch.tiff,patch_40,8.706688,2.8050077,7.8872447,8.192577,-9.229976
batch_01500_patch.tiff,patch_41,8.634915,2.1585133,4.762475,7.4924364,-6.6846833
batch_01500_patch.tiff,patch_42,5.6167703,10.87451,-2.5728352,6.2616706,-14.612171
batch_01500_patch.tiff,patch_43,4.9471073,11.202462,2.492742,6.2513866,-13.656547
batch_01500_patch.tiff,patch_44,15.437335,4.517245,2.4751062,6.275642,-10.684585
batch_01500_patch.tiff,patch_45,14.111709,5.8347645,2.2571366,10.065104,-12.162213
batch_01500_patch.tiff,patch_46,17.755573,5.2872887,23.52298,7.5747237,-7.032614
batch_01500_patch.tiff,patch_47,18.02243,9.815651,23.086748,8.425626,-3.6090353
batch_01500_patch.tiff,patch_48,6.9795847,10.482637,6.3063364,8.180117,-11.327464
batch_01500_patch.tiff,patch_49,7.260985,6.385374,12.313885,9.16652,-9.119317
batch_01500_patch.tiff,patch_50,8.706871,6.871955,14.369865,9.871528,-10.160353
batch_01500_patch.tiff,patch_51,10.368834,11.831088,14.863889,8.380758,-10.595312
batch_01500_patch.tiff,patch_52,8.15055,3.2251163,1.5920937,5.303582,-9.108881
batch_01500_patch.tiff,patch_53,7.877753,2.749153,0.8782851,5.899697,-9.02645
batch_01500_patch.tiff,patch_54,5.8718567,10.58594,0.22880775,3.1123803,-15.109367
batch_01500_patch.tiff,patch_55,6.859403,11.333323,2.412788,8.2654505,-14.957171
batch_01500_patch.tiff,patch_56,10.947968,12.311971,8.216216,7.630581,-10.960224
batch_01500_patch.tiff,patch_57,12.173346,4.0836725,2.118923,5.7992296,-10.683304
batch_01500_patch.tiff,patch_58,5.163111,10.636859,5.305405,7.3197875,-11.6486
batch_01500_patch.tiff,patch_59,8.443025,10.190146,8.937857,7.3470325,-9.776945
batch_01500_patch.tiff,patch_60,8.147867,8.322496,7.3636312,10.123935,-13.4083805
batch_01500_patch.tiff,patch_61,11.765787,9.36938,13.755963,12.63544,-6.702165
batch_01500_patch.tiff,patch_62,3.2482972,6.3647985,3.871021,4.422189,-10.186929
batch_01500_patch.tiff,patch_63,9.514104,2.206836,4.8452945,6.323228,-5.669519
batch_01500_patch.tiff,patch_64,6.815261,11.878531,5.1704464,7.9609833,-12.930128
batch_01500_patch.tiff,patch_65,5.4221077,7.2495027,0.47958946,7.02,-13.709076
batch_01500_patch.tiff,patch_66,12.587162,11.798937,9.552141,7.3653107,-8.523771
batch_01500_patch.tiff,patch_67,9.193746,6.636826,10.602714,2.829403,-7.2683544
batch_01500_patch.tiff,patch_68,6.717739,11.3968525,9.434109,2.806893,0.07719071
batch_01500_patch.tiff,patch_69,5.313956,9.853885,9.43376,3.8029182,-0.6996845
batch_01500_patch.tiff,patch_70,9.694586,12.9966,13.377783,7.213482,-8.580464
batch_01500_patch.tiff,patch_71,9.047433,8.244194,9.140749,11.447356,-10.102803
batch_01500_patch.tiff,patch_72,4.26665,9.17686,5.5207458,13.093405,-10.406872
batch_01500_patch.tiff,patch_73,8.692089,5.301709,2.4696763,5.2527475,-9.961076
batch_01500_patch.tiff,patch_74,4.550257,8.813007,1.8773189,1.3361198,-12.878245
batch_01500_patch.tiff,patch_75,16.550896,7.440627,18.177074,8.18572,-8.493556
batch_01500_patch.tiff,patch_76,12.954627,5.0612555,20.412073,6.223252,-10.252868
batch_01500_patch.tiff,patch_77,7.5324717,7.1188703,2.5037637,4.1726866,-12.879227
batch_01500_patch.tiff,patch_78,11.4016485,9.966347,12.968073,9.492838,-7.5061235
batch_01500_patch.tiff,patch_79,4.977335,8.742078,6.855241,6.566358,-8.7026205
batch_01500_patch.tiff,patch_80,5.3361893,10.070019,12.544389,8.390627,-4.3976574
batch_01500_patch.tiff,patch_81,3.603179,9.169808,5.2055917,10.065575,-11.1601305
batch_01500_patch.tiff,patch_82,8.4954,6.5589247,10.548557,10.490032,-6.795314
batch_01500_patch.tiff,patch_83,2.8964345,9.902193,3.0381887,9.254731,-11.487264
batch_01500_patch.tiff,patch_84,10.709959,4.5576878,2.1903238,2.2532392,-12.992927
batch_01500_patch.tiff,patch_85,9.675401,8.872089,-0.12187305,4.828458,-13.24173
batch_01500_patch.tiff,patch_86,11.629336,6.029603,12.56065,5.902198,-11.742903
batch_01500_patch.tiff,patch_87,16.572495,7.331222,10.694298,14.425496,-14.182015
batch_01500_patch.tiff,patch_88,14.067244,7.276027,3.3785145,4.686442,-13.052026
batch_01500_patch.tiff,patch_89,14.309157,10.739312,13.968231,7.697652,-9.294305
batch_01500_patch.tiff,patch_90,8.688478,7.271522,11.416188,5.471692,-3.2962987
batch_01500_patch.tiff,patch_91,4.0004025,10.054256,11.216937,4.9799075,-4.4912825
batch_01500_patch.tiff,patch_92,10.415707,14.040755,11.092172,7.515218,-8.864807
batch_01500_patch.tiff,patch_93,13.749354,10.977399,13.526094,8.291574,-8.141653
batch_01500_patch.tiff,patch_94,11.789921,9.0302725,13.123151,9.0591955,-9.935373
batch_01500_patch.tiff,patch_95,11.314337,1.5583928,5.3359413,10.224473,-11.221037
batch_01500_patch.tiff,patch_96,8.479672,3.7976885,8.29851,10.163353,-11.38704
batch_01500_patch.tiff,patch_97,5.485317,9.834414,1.5451015,5.608652,-14.770814
batch_01500_patch.tiff,patch_98,7.3886914,6.9768887,5.707125,3.5973012,-15.060127
batch_01500_patch.tiff,patch_99,13.27774,8.498102,4.080607,-0.6351883,-10.89915
batch_01500_patch.tiff,patch_100,8.419883,12.004544,9.121225,5.175909,-10.685455
batch_01500_patch.tiff,patch_101,6.2856793,7.968825,8.361628,6.7698236,-6.6544027
batch_01500_patch.tiff,patch_102,8.342274,6.5062613,10.061823,4.9276175,-5.4996324
batch_01500_patch.tiff,patch_103,10.718218,9.466563,12.961834,10.638872,-8.319877
batch_01500_patch.tiff,patch_104,7.8152494,10.177811,8.024675,8.123555,-8.661625
batch_01500_patch.tiff,patch_105,8.211855,7.0448136,9.854213,7.670501,-8.231391
batch_01500_patch.tiff,patch_106,7.5604014,6.892142,7.4957438,3.4092035,-8.02112
batch_01500_patch.tiff,patch_107,12.302101,6.611873,9.282355,8.426644,-10.78868
batch_01500_patch.tiff,patch_108,11.975701,3.5175934,8.613749,8.487907,-12.379181
batch_01500_patch.tiff,patch_109,8.907047,11.4057455,-0.034776777,5.6781926,-10.570992
batch_01500_patch.tiff,patch_110,4.50744,12.074952,1.8059396,6.7881713,-15.956655
batch_01500_patch.tiff,patch_111,7.419042,8.897903,5.353859,2.1683254,-11.872839
batch_01500_patch.tiff,patch_112,6.7730284,10.05473,11.111023,7.0372057,-11.757618
batch_01500_patch.tiff,patch_113,5.682396,5.6136928,2.5576694,9.466837,-7.8356543
batch_01500_patch.tiff,patch_114,4.7592497,5.7518187,8.916618,9.99889,-4.167841
batch_01500_patch.tiff,patch_115,16.02975,6.999686,21.993778,10.497002,-1.8442479
batch_01500_patch.tiff,patch_116,9.746742,10.512378,10.144854,5.225094,-8.842086
batch_01500_patch.tiff,patch_117,5.92916,8.649565,0.36226046,4.291655,-10.493205
batch_01500_patch.tiff,patch_118,5.431515,7.1060457,0.2711041,2.362817,-10.545574
batch_01500_patch.tiff,patch_119,11.614353,2.124853,7.307964,8.804088,-9.437968
batch_01500_patch.tiff,patch_120,6.275122,3.8921807,7.791657,12.269291,-9.758556
batch_01500_patch.tiff,patch_121,8.815477,5.2803297,3.2164745,5.443329,-12.452863
batch_01500_patch.tiff,patch_122,6.031453,8.044345,0.8312044,2.961925,-13.361893
batch_01500_patch.tiff,patch_123,9.892343,11.586942,10.704747,5.9318,-14.10774
batch_01500_patch.tiff,patch_124,11.578657,11.494302,9.815276,5.382846,-11.830519
batch_01500_patch.tiff,patch_125,5.712626,5.0468974,5.7157645,4.1782317,-8.078634
batch_01500_patch.tiff,patch_126,6.7622705,5.0923533,11.627362,10.162302,-4.3735504
batch_01500_patch.tiff,patch_127,12.548897,4.9643636,17.8646,9.97212,-7.8495045
batch_01500_patch.tiff,patch_128,10.278586,9.158352,11.490098,6.4127192,-9.863441
batch_01500_patch.tiff,patch_129,7.393603,4.3477106,2.7470233,5.2716203,-7.8353724
batch_01500_patch.tiff,patch_130,6.614274,6.5662065,-0.22950004,4.6965914,-9.852878
batch_01500_patch.tiff,patch_131,9.973427,3.4865806,7.947692,9.348441,-8.261197
batch_01500_patch.tiff,patch_132,12.164127,3.5991395,11.042061,9.649484,-11.176025
batch_01500_patch.tiff,patch_133,4.6559253,8.291306,4.847339,4.2012873,-13.224447
batch_01500_patch.tiff,patch_134,5.537791,8.4892025,6.50579,6.272568,-12.515551
batch_01500_patch.tiff,patch_135,7.19643,14.444237,11.75172,0.6767073,-14.947789
batch_01500_patch.tiff,patch_136,12.723822,10.586477,8.951248,5.7832723,-9.68716
batch_01500_patch.tiff,patch_137,8.179989,8.360786,1.6481795,2.6658058,-5.9295545
batch_01500_patch.tiff,patch_138,6.352027,6.5064955,7.5030236,1.848987,-2.3140137
batch_01500_patch.tiff,patch_139,9.017141,6.586349,6.821738,8.202083,-9.740239
batch_01500_patch.tiff,patch_140,10.089073,10.567728,10.150167,8.232038,-10.940831
batch_01500_patch.tiff,patch_141,7.6214113,5.6126513,3.543826,4.8677535,-8.132547
batch_01500_patch.tiff,patch_142,6.9295244,6.3956704,3.2207816,3.9730914,-9.449795
batch_01500_patch.tiff,patch_143,9.029665,6.0320706,10.030893,7.2492666,-10.447857
batch_01500_patch.tiff,patch_144,11.556222,3.966395,1.911773,8.862814,-10.446316
batch_01500_patch.tiff,patch_145,10.048346,1.4268799,4.360347,4.41565,-13.807107
batch_01500_patch.tiff,patch_146,11.110558,2.6096628,-0.14002925,8.236082,-12.339288
batch_01500_patch.tiff,patch_147,15.278794,9.1434145,15.374824,11.953536,-9.69096
batch_01500_patch.tiff,patch_148,13.090021,4.7624693,15.4422,7.2560906,-11.7934
batch_01500_patch.tiff,patch_149,6.7744694,6.690602,5.561901,6.3641276,-5.098894
batch_01500_patch.tiff,patch_150,9.263298,8.538893,4.7925196,5.059675,-8.78586
batch_01500_patch.tiff,patch_151,5.9228067,7.909942,4.5977116,10.038083,-11.16051
batch_01500_patch.tiff,patch_152,7.4802666,8.064499,6.395873,8.435589,-10.3256645
batch_01500_patch.tiff,patch_153,4.70034,4.0617127,4.0643435,2.5206132,-11.977545
batch_01500_patch.tiff,patch_154,5.261793,3.2310915,4.7060876,4.046878,-9.561998
batch_01500_patch.tiff,patch_155,13.649154,3.7860978,6.564692,6.461291,-11.403166
batch_01500_patch.tiff,patch_156,10.718766,2.584716,4.003324,7.7182064,-10.146361
batch_01500_patch.tiff,patch_157,9.471921,7.787098,8.64537,0.26628578,-14.097208
batch_01500_patch.tiff,patch_158,12.849428,2.5141618,3.352412,7.4620624,-13.6816225
batch_01500_patch.tiff,patch_159,14.964142,4.705432,14.035384,10.07108,-11.488902
batch_01500_patch.tiff,patch_160,17.910482,10.440646,15.934942,12.818192,-7.60297
batch_01500_patch.tiff,patch_161,3.160153,6.9075522,7.8306804,9.490963,-6.063711
batch_01500_patch.tiff,patch_162,6.547859,5.289684,5.188412,3.651751,-2.3488543
batch_01500_patch.tiff,patch_163,9.997617,7.6242275,11.918775,11.202204,-10.799046
batch_01500_patch.tiff,patch_164,5.312597,4.94592,4.445986,3.701463,-7.9768696
batch_01500_patch.tiff,patch_165,7.9996314,4.9638176,5.059036,3.2551248,-10.4993
batch_01500_patch.tiff,patch_166,9.917166,3.5189984,6.53935,6.4217644,-10.985485
batch_01500_patch.tiff,patch_167,10.117626,2.3872225,5.3729515,5.762565,-12.284824
batch_01500_patch.tiff,patch_168,14.102369,3.0651314,3.391352,7.154841,-12.88768
batch_01500_patch.tiff,patch_169,12.699405,7.7058873,5.4008403,8.26898,-10.646606
batch_01500_patch.tiff,patch_170,10.52507,16.62242,8.761821,-0.08224795,-17.132132
batch_01500_patch.tiff,patch_171,6.290879,10.529742,7.0292506,2.7603638,-12.09004
batch_01550_patch.tiff,patch_0,10.202793,5.3259454,1.8806895,9.228004,-13.787777
batch_01550_patch.tiff,patch_1,10.848996,2.881193,2.6112666,9.001995,-10.858981
batch_01550_patch.tiff,patch_2,12.158442,9.821613,13.322124,3.8948507,-10.355606
batch_01550_patch.tiff,patch_3,12.885998,6.022507,19.073132,10.164443,-10.651355
batch_01550_patch.tiff,patch_4,10.646958,4.145964,5.50889,5.574674,-12.252893
batch_01550_patch.tiff,patch_5,15.313962,-0.6116934,4.127404,8.76826,-15.5564995
batch_01550_patch.tiff,patch_6,16.98593,7.4592175,5.0571933,7.8553224,-10.237888
batch_01550_patch.tiff,patch_7,15.365188,5.5218706,4.3146644,10.371615,-7.42539
batch_01550_patch.tiff,patch_8,3.050239,6.126944,10.1948805,6.345485,-9.157717
batch_01550_patch.tiff,patch_9,3.9595215,6.3568487,8.975084,1.221829,-10.0955925
batch_01550_patch.tiff,patch_10,11.079827,6.8354607,3.916462,1.6048454,-14.686279
batch_01550_patch.tiff,patch_11,6.3283353,11.182074,3.9208512,-2.113794,-10.383987
batch_01550_patch.tiff,patch_12,3.5966465,7.225043,14.075746,6.190921,-12.455246
batch_01550_patch.tiff,patch_13,15.737987,6.0586247,7.094653,10.175063,-8.306063
batch_01550_patch.tiff,patch_14,12.383994,3.4769711,6.3285236,10.560511,-5.7720246
batch_01550_patch.tiff,patch_15,13.912771,6.476544,14.699536,8.306987,-10.480622
batch_01550_patch.tiff,patch_16,11.771589,3.790027,11.749659,11.434596,-11.372063
batch_01550_patch.tiff,patch_17,10.194685,3.952437,3.924083,5.4864,-13.334505
batch_01550_patch.tiff,patch_18,11.037066,6.010863,11.461331,4.9243965,-10.945132
batch_01550_patch.tiff,patch_19,12.88297,6.008271,7.308734,3.0124981,-9.228934
batch_01550_patch.tiff,patch_20,10.067673,10.361112,6.604444,6.668347,-12.727477
batch_01550_patch.tiff,patch_21,10.038213,8.164075,6.2389307,2.4070477,-8.534149
batch_01550_patch.tiff,patch_22,7.513642,8.23478,8.71745,1.684148,-10.071606
batch_01550_patch.tiff,patch_23,7.0245748,13.483108,5.075973,0.5127216,-10.505554
batch_01550_patch.tiff,patch_24,7.094588,11.0464,5.5734572,-2.0356731,-11.255588
batch_01550_patch.tiff,patch_25,13.800162,9.005593,6.714181,6.5076466,-9.464583
batch_01550_patch.tiff,patch_26,6.424824,8.807099,11.232739,4.4633946,-13.887125
batch_01550_patch.tiff,patch_27,10.81735,7.469176,7.9052105,2.8429859,-14.693353
batch_01550_patch.tiff,patch_28,9.564267,4.638561,5.2403016,9.113443,-11.729994
batch_01550_patch.tiff,patch_29,12.885441,1.8313285,2.6981893,8.444435,-10.943859
batch_01550_patch.tiff,patch_30,8.267674,8.304986,7.7935915,5.3244615,-10.342918
batch_01550_patch.tiff,patch_31,4.3835015,6.2999907,8.121959,6.420444,-10.196549
batch_01550_patch.tiff,patch_32,5.1524024,7.2293916,4.6825542,4.333952,-12.591983
batch_01550_patch.tiff,patch_33,7.990025,9.076671,10.174152,-0.84643716,-7.514065
batch_01550_patch.tiff,patch_34,17.059853,6.763572,11.940226,6.994394,-10.297445
batch_01550_patch.tiff,patch_35,10.36898,11.476204,5.866864,4.416966,-10.008254
batch_01550_patch.tiff,patch_36,9.199008,5.100255,23.83081,9.009885,-7.8565044
batch_01550_patch.tiff,patch_37,12.079781,12.401115,8.263237,7.733965,-11.325215
batch_01550_patch.tiff,patch_38,9.066876,12.087221,10.932723,5.859785,-12.33762
batch_01550_patch.tiff,patch_39,10.498253,9.438333,7.260412,5.8843904,-13.978377
batch_01550_patch.tiff,patch_40,11.193647,0.97522056,0.6179264,6.547685,-15.428523
batch_01550_patch.tiff,patch_41,10.968189,2.9483647,6.995115,3.9894297,-11.763942
batch_01550_patch.tiff,patch_42,3.7667534,7.651557,10.697917,3.49041,-7.5820107
batch_01550_patch.tiff,patch_43,6.7631407,10.367371,8.76277,3.098982,-11.582235
batch_01550_patch.tiff,patch_44,4.708484,3.1885145,7.755462,9.379887,-10.145849
batch_01550_patch.tiff,patch_45,5.0431576,6.1734014,9.761938,7.826729,-10.059006
batch_01550_patch.tiff,patch_46,18.503973,7.4803934,21.730455,5.7389064,-7.717501
batch_01550_patch.tiff,patch_47,12.117552,7.919322,12.357738,9.0338335,-9.6919155
batch_01550_patch.tiff,patch_48,1.1811677,7.3062334,12.93947,8.561463,-11.140708
batch_01550_patch.tiff,patch_49,15.806598,17.891695,21.723192,9.643604,-5.2883453
batch_01550_patch.tiff,patch_50,10.130924,8.788732,11.52632,6.151944,-12.389831
batch_01550_patch.tiff,patch_51,3.4390883,8.828384,8.839692,7.8702865,-12.632559
batch_01550_patch.tiff,patch_52,15.522849,10.269931,9.556414,6.7618127,-6.748935
batch_01550_patch.tiff,patch_53,14.304524,8.011857,10.007708,7.382641,-6.464361
batch_01550_patch.tiff,patch_54,2.9135098,6.0979147,4.6157713,7.359073,-14.358398
batch_01550_patch.tiff,patch_55,5.6503153,4.5552855,6.9387245,11.812307,-12.564964
batch_01550_patch.tiff,patch_56,9.697178,6.02542,8.550947,3.5777173,-9.567453
batch_01550_patch.tiff,patch_57,6.997757,7.7609787,7.179075,3.7001426,-9.366642
batch_01550_patch.tiff,patch_58,10.790992,11.879622,0.49488404,7.565643,-9.640258
batch_01550_patch.tiff,patch_59,13.062198,12.260952,4.5817356,4.691386,-10.36231
batch_01550_patch.tiff,patch_60,7.078878,8.307952,8.550613,6.473613,-13.150297
batch_01550_patch.tiff,patch_61,7.5447993,8.510925,7.5489893,5.749467,-12.37049
batch_01550_patch.tiff,patch_62,15.282597,8.200362,11.127924,3.0315313,-4.324729
batch_01550_patch.tiff,patch_63,11.869457,8.837974,6.9007134,4.1833973,-11.568891
batch_01550_patch.tiff,patch_64,5.132439,5.594362,10.111124,6.5086794,-12.525327
batch_01550_patch.tiff,patch_65,8.050081,9.975754,7.5179896,3.310043,-15.283272
batch_01550_patch.tiff,patch_66,14.198167,6.0634546,6.287268,6.494064,-10.422173
batch_01550_patch.tiff,patch_67,10.160834,4.853519,6.1102433,3.7759652,-12.217848
batch_01550_patch.tiff,patch_68,11.532571,13.933088,5.9062915,11.9108715,-11.751292
batch_01550_patch.tiff,patch_69,8.227866,12.037646,3.984092,8.074607,-13.31284
batch_01550_patch.tiff,patch_70,13.650374,8.451852,5.414895,3.5174716,-10.350399
batch_01550_patch.tiff,patch_71,11.764292,5.1021566,5.1462865,4.864532,-15.117042
batch_01550_patch.tiff,patch_72,11.62362,10.24199,12.177129,7.9003096,-11.934849
batch_01550_patch.tiff,patch_73,7.9990234,11.102386,13.414614,11.26446,-10.1697645
batch_01550_patch.tiff,patch_74,17.29413,5.4602876,16.786179,6.4015656,-10.015827
batch_01550_patch.tiff,patch_75,4.241705,3.0480278,6.199164,7.516322,-12.855729
batch_01550_patch.tiff,patch_76,5.7849836,11.580986,10.9424925,2.53174,-12.364689
batch_01550_patch.tiff,patch_77,15.872949,3.925043,5.0237527,5.464542,-8.951881
batch_01550_patch.tiff,patch_78,14.668152,4.786901,4.346723,9.737982,-12.414711
batch_01550_patch.tiff,patch_79,9.745915,12.705168,6.2627053,8.122306,-13.185766
batch_01550_patch.tiff,patch_80,10.359178,12.619179,2.6333635,4.7411194,-10.818358
batch_01550_patch.tiff,patch_81,12.213094,17.972801,14.201332,2.7921994,-9.397456
batch_01550_patch.tiff,patch_82,13.333335,7.042426,8.592566,4.545145,-13.156396
batch_01550_patch.tiff,patch_83,6.4401536,8.769251,10.363297,5.069048,-14.735146
batch_01550_patch.tiff,patch_84,15.516565,6.70871,12.984813,9.272928,-9.595369
batch_01550_patch.tiff,patch_85,13.722706,7.1535325,18.475256,12.756967,-14.840214
batch_01550_patch.tiff,patch_86,4.329631,5.6941504,10.165841,7.30316,-12.201906
batch_01550_patch.tiff,patch_87,6.9949846,5.1157646,10.3697815,2.3035457,-7.423698
batch_01550_patch.tiff,patch_88,14.412048,9.474919,16.532545,4.7032413,-8.410542
batch_01550_patch.tiff,patch_89,16.13831,11.639933,4.347728,4.7647076,-11.788758
batch_01550_patch.tiff,patch_90,8.686768,10.64074,6.209099,2.8607204,-12.638533
batch_01550_patch.tiff,patch_91,9.211143,2.8473356,-1.885572,7.1340513,-14.942808
batch_01550_patch.tiff,patch_92,12.799661,2.8333168,2.8931117,8.1481285,-11.268037
batch_01550_patch.tiff,patch_93,18.165205,8.45526,12.628672,6.3804355,-4.9928975
batch_01550_patch.tiff,patch_94,12.87824,11.0968685,7.0324616,9.694427,-6.548201
batch_01550_patch.tiff,patch_95,5.381295,2.4955518,10.305118,7.849649,-10.202387
batch_01550_patch.tiff,patch_96,5.049136,2.0411255,10.382852,6.753295,-10.187672
batch_01550_patch.tiff,patch_97,14.711932,7.674675,4.0163016,4.5450635,-11.181467
batch_01550_patch.tiff,patch_98,13.344634,10.298069,12.272217,11.781264,-10.757898
batch_01550_patch.tiff,patch_99,8.210188,1.2962728,18.504366,7.8909492,-13.976136
batch_01550_patch.tiff,patch_100,8.14606,1.34299,18.605751,9.770797,-8.915076
batch_01550_patch.tiff,patch_101,11.789597,1.4125532,3.4583256,5.968179,-13.410065
batch_01550_patch.tiff,patch_102,15.81244,0.31885377,3.5315578,8.5879345,-9.034474
batch_01550_patch.tiff,patch_103,15.785085,4.647005,5.320645,7.3501654,-8.142789
batch_01550_patch.tiff,patch_104,12.7066965,12.006682,0.56331736,12.360996,-7.8981595
batch_01550_patch.tiff,patch_105,7.129168,3.389113,10.507956,10.197846,-13.570516
batch_01550_patch.tiff,patch_106,5.746157,7.2226524,8.126632,5.4765177,-12.495407
batch_01550_patch.tiff,patch_107,19.429874,11.098106,10.0909195,3.098816,-8.607974
batch_01550_patch.tiff,patch_108,17.599026,7.3072786,8.394116,1.2259605,-12.455201
batch_01550_patch.tiff,patch_109,12.931531,4.131497,13.066695,8.253637,-9.938415
batch_01550_patch.tiff,patch_110,10.932735,2.671527,12.997804,6.1378407,-9.721978
batch_01550_patch.tiff,patch_111,10.128722,8.80437,6.8807325,6.595453,-12.237705
batch_01550_patch.tiff,patch_112,9.61003,8.671269,9.192022,5.4531837,-10.556114
batch_01550_patch.tiff,patch_113,11.452027,3.4403355,0.47365516,6.4343286,-11.450045
batch_01550_patch.tiff,patch_114,14.696511,0.99165857,2.2355866,6.244567,-11.856122
batch_01550_patch.tiff,patch_115,12.0634575,2.502243,1.4156162,3.7161274,-13.783015
batch_01550_patch.tiff,patch_116,6.5667806,3.6515956,12.57954,8.424004,-8.826327
batch_01550_patch.tiff,patch_117,5.042005,9.712694,9.026041,3.8470051,-12.097213
batch_01550_patch.tiff,patch_118,17.69608,6.3248367,5.505749,9.165116,-10.073732
batch_01550_patch.tiff,patch_119,18.986504,11.034477,9.055148,1.1875166,-13.639218
batch_01550_patch.tiff,patch_120,6.1801453,0.4172021,16.353209,11.262939,-12.7865305
batch_01550_patch.tiff,patch_121,5.637649,5.796916,11.782337,6.089016,-13.254066
batch_01550_patch.tiff,patch_122,12.826956,15.902655,13.591974,3.4190345,-15.715157
batch_01550_patch.tiff,patch_123,15.8371,10.794059,9.042868,6.060119,-12.558373
batch_01550_patch.tiff,patch_124,13.581627,-0.7121367,2.123823,5.8957596,-14.044203
batch_01550_patch.tiff,patch_125,11.98924,6.678719,3.998765,4.7084966,-14.81223
batch_01550_patch.tiff,patch_126,12.587538,3.9300058,3.2268593,4.6999087,-13.155882
batch_01550_patch.tiff,patch_127,10.799329,8.690421,6.1147757,2.853066,-12.593437
batch_01550_patch.tiff,patch_128,7.365739,3.580632,15.019162,6.5776467,-9.483156
batch_01550_patch.tiff,patch_129,5.9702725,7.8641543,7.7279716,1.2991768,-7.229027
batch_01550_patch.tiff,patch_130,12.689127,5.0781574,2.4287996,4.1359644,-13.740143
batch_01550_patch.tiff,patch_131,13.720678,9.352608,5.5623207,6.009891,-13.945714
batch_01550_patch.tiff,patch_132,6.5718107,0.45928776,15.620994,10.874206,-16.456173
batch_01550_patch.tiff,patch_133,11.013148,5.931759,11.850014,11.161415,-6.2922177
batch_01550_patch.tiff,patch_134,10.871455,5.3574333,13.471337,7.2533984,-9.1317005
batch_01550_patch.tiff,patch_135,8.035003,4.704211,10.96025,11.934851,-8.470047
batch_01550_patch.tiff,patch_136,4.8050857,9.013651,7.2774277,4.406827,-10.509041
batch_01550_patch.tiff,patch_137,14.160212,3.9942153,8.944828,7.032219,-11.132303
batch_01550_patch.tiff,patch_138,13.342751,15.174777,3.4087698,10.369477,-9.545965
batch_01550_patch.tiff,patch_139,12.575305,3.9636703,4.2406898,4.4767013,-12.915353
batch_01550_patch.tiff,patch_140,9.2519245,7.8436394,5.8584886,5.000692,-13.887682
batch_01550_patch.tiff,patch_141,14.395312,6.590282,14.720782,11.137717,-15.068604
batch_01550_patch.tiff,patch_142,13.843921,6.239488,11.45747,4.574872,-8.560795
batch_01550_patch.tiff,patch_143,12.7024975,4.3007236,15.951512,3.6600146,-6.9305444
batch_01550_patch.tiff,patch_144,8.301974,4.250769,11.706958,14.426522,-9.208086
batch_01550_patch.tiff,patch_145,12.973415,8.001314,22.792055,5.986479,-8.176426
batch_01550_patch.tiff,patch_146,12.000582,3.9189825,11.376076,8.852447,-12.214959
batch_01550_patch.tiff,patch_147,13.879477,3.4813418,10.31009,9.668701,-10.764235
batch_01550_patch.tiff,patch_148,7.7919073,2.8742194,6.525487,6.872472,-12.397092
batch_01550_patch.tiff,patch_149,15.277918,2.624069,6.284998,6.6809072,-15.940088
batch_01550_patch.tiff,patch_150,5.603575,12.8102665,5.8693476,11.44984,-11.333342
batch_01550_patch.tiff,patch_151,13.11224,12.976696,9.669384,7.22081,-5.9132824
batch_01550_patch.tiff,patch_152,13.457745,5.936864,9.88181,10.267169,-12.081232
batch_01550_patch.tiff,patch_153,16.068167,7.4638844,19.415503,4.8945546,-11.163438
batch_01550_patch.tiff,patch_154,12.066809,2.1591787,10.665947,5.653751,-6.0148573
batch_01550_patch.tiff,patch_155,13.154975,4.989405,8.065443,3.4299433,-11.294539
batch_01550_patch.tiff,patch_156,11.016174,4.7080207,12.389348,9.741365,-10.095339
batch_01550_patch.tiff,patch_157,12.033558,6.680261,25.09613,6.552992,-4.7352085
batch_01550_patch.tiff,patch_158,14.531486,13.504343,21.95757,7.5679493,-5.6913757
batch_01550_patch.tiff,patch_159,19.508362,10.882382,25.244944,9.639616,-8.327577
batch_01550_patch.tiff,patch_160,13.435983,0.7135502,2.3839958,9.856164,-8.283564
batch_01550_patch.tiff,patch_161,10.917372,3.4849312,11.500671,7.507242,-12.307862
batch_01550_patch.tiff,patch_162,12.383012,11.859049,8.846932,11.827077,-4.5487022
batch_01550_patch.tiff,patch_163,13.987691,5.2921185,7.7539454,3.6826117,-8.125136
batch_01550_patch.tiff,patch_164,6.878698,4.5716147,9.788543,5.056222,-7.979449
batch_01550_patch.tiff,patch_165,6.03921,0.2882642,13.556765,7.42674,-7.449011
batch_01550_patch.tiff,patch_166,13.058391,7.9421844,5.5214386,10.052208,-10.240348
batch_01550_patch.tiff,patch_167,12.45405,11.797853,6.4378963,10.145991,-10.771605
batch_01550_patch.tiff,patch_168,10.946246,6.5455422,17.641735,10.0499325,-9.535194
batch_01600_patch.tiff,patch_0,14.381209,4.9816732,15.008254,14.823118,-5.092671
batch_01600_patch.tiff,patch_1,9.327952,3.7566068,15.751012,3.1132736,-6.58288
batch_01600_patch.tiff,patch_2,18.153591,8.682587,18.979475,5.520062,-11.910887
batch_01600_patch.tiff,patch_3,14.648072,5.573741,24.621304,4.9858475,-10.382667
batch_01600_patch.tiff,patch_4,13.449399,8.26615,16.297283,9.564756,-9.348208
batch_01600_patch.tiff,patch_5,15.943808,11.085804,17.258827,8.057642,-9.534396
batch_01600_patch.tiff,patch_6,6.6041565,9.572278,21.824982,5.9863353,-4.181168
batch_01600_patch.tiff,patch_7,11.495347,8.824863,17.183432,10.625066,-9.0576935
batch_01600_patch.tiff,patch_8,7.9558406,4.4087625,23.770939,11.610951,-5.995488
batch_01600_patch.tiff,patch_9,16.001266,9.361782,17.00688,8.044928,-12.861942
batch_01600_patch.tiff,patch_10,17.522835,5.844339,23.40672,9.059049,-3.9221506
batch_01600_patch.tiff,patch_11,12.634717,6.0434237,12.87455,11.434288,-6.032892
batch_01600_patch.tiff,patch_12,7.918541,2.4484794,16.980042,10.825188,-8.652568
batch_01600_patch.tiff,patch_13,6.685424,6.845959,7.311963,8.66479,-9.16984
batch_01600_patch.tiff,patch_14,11.306885,10.933823,15.587132,8.506259,-6.6752696
batch_01600_patch.tiff,patch_15,18.471334,12.937828,16.521852,10.625333,-9.301722
batch_01600_patch.tiff,patch_16,13.098457,9.389994,12.542809,8.680957,-6.0292034
batch_01600_patch.tiff,patch_17,12.474704,7.9014783,17.354511,10.624322,-2.015685
batch_01600_patch.tiff,patch_18,9.560811,10.566395,19.072598,7.3993306,-4.4398384
batch_01600_patch.tiff,patch_19,10.719787,8.948957,25.435926,5.3231926,-4.5330124
batch_01600_patch.tiff,patch_20,6.3716307,11.189354,20.21704,8.114289,-8.904923
batch_01600_patch.tiff,patch_21,15.108758,9.52387,25.141417,12.028393,-7.8306603
batch_01600_patch.tiff,patch_22,17.193289,4.657564,27.252602,10.68725,-6.8839846
batch_01600_patch.tiff,patch_23,10.7338705,7.3021846,13.731751,9.210561,-5.871022
batch_01600_patch.tiff,patch_24,10.896854,5.7059717,14.355132,6.9170723,-3.6454396
batch_01600_patch.tiff,patch_25,14.175887,5.9049983,21.645834,11.946365,-7.8002725
batch_01600_patch.tiff,patch_26,13.641463,6.9734855,16.207417,9.938827,-5.322722
batch_01600_patch.tiff,patch_27,10.797635,4.636991,15.591717,12.2694645,-8.858858
batch_01600_patch.tiff,patch_28,8.031306,5.8967834,14.303529,10.3324995,-9.039703
batch_01600_patch.tiff,patch_29,9.693551,9.38079,16.543232,2.4731438,-10.056295
batch_01600_patch.tiff,patch_30,13.819383,1.1750803,22.349588,12.904677,-4.1512456
batch_01600_patch.tiff,patch_31,11.277198,10.572512,26.81041,3.1838222,-6.356345
batch_01600_patch.tiff,patch_32,12.756285,6.4443483,25.955774,2.7331522,-4.293798
batch_01600_patch.tiff,patch_33,10.560264,10.746289,20.554798,7.541639,-8.9917145
batch_01600_patch.tiff,patch_34,18.690348,9.864366,26.00113,8.542285,-8.875315
batch_01600_patch.tiff,patch_35,13.407366,2.2775798,12.931598,14.00542,-8.682243
batch_01600_patch.tiff,patch_36,14.176255,4.787154,13.8958,12.222887,-3.475476
batch_01600_patch.tiff,patch_37,14.215732,7.2907357,19.659342,14.92509,-6.169371
batch_01600_patch.tiff,patch_38,10.133476,4.770377,16.132406,13.522683,-6.373017
batch_01600_patch.tiff,patch_39,9.329516,7.446114,13.898301,12.161398,-8.772359
batch_01600_patch.tiff,patch_40,9.985125,6.1207414,13.127048,11.648138,-8.258589
batch_01600_patch.tiff,patch_41,10.855889,11.580821,15.201167,7.010452,-8.304227
batch_01600_patch.tiff,patch_42,16.62551,2.1303766,15.0081,12.067816,-9.556776
batch_01600_patch.tiff,patch_43,8.600622,11.583182,18.001095,6.0544844,-6.94015
batch_01600_patch.tiff,patch_44,2.5134587,8.826959,14.514184,9.352039,-8.1833
batch_01600_patch.tiff,patch_45,9.020234,4.679701,21.681814,11.332669,-9.473434
batch_01600_patch.tiff,patch_46,19.838905,10.205813,19.355692,10.531543,-8.940273
batch_01600_patch.tiff,patch_47,16.770359,6.655907,15.175009,5.781564,-8.304334
batch_01600_patch.tiff,patch_48,11.245289,7.45657,28.352854,7.666861,-5.172063
batch_01600_patch.tiff,patch_49,15.648758,6.98559,30.146666,11.372007,-1.9654373
batch_01600_patch.tiff,patch_50,14.873175,8.262044,18.864725,9.444993,-5.8795
batch_01600_patch.tiff,patch_51,14.820308,8.495751,21.954409,11.31665,-4.4772253
batch_01600_patch.tiff,patch_52,14.582727,9.185444,13.805956,8.090526,-6.3793025
batch_01600_patch.tiff,patch_53,18.335255,12.851848,21.013372,11.110973,-4.4610596
batch_01600_patch.tiff,patch_54,13.223302,4.519588,11.166875,9.759064,-7.384957
batch_01600_patch.tiff,patch_55,11.330318,7.501,18.51475,6.369181,-7.467909
batch_01600_patch.tiff,patch_56,6.6815333,10.73863,19.727901,11.782645,-5.6374974
batch_01600_patch.tiff,patch_57,8.143521,12.089053,15.101557,11.576492,-8.190802
batch_01600_patch.tiff,patch_58,17.959017,10.66674,20.88458,11.681185,-10.282595
batch_01600_patch.tiff,patch_59,11.065281,6.499827,7.043351,14.400625,-8.528845
batch_01600_patch.tiff,patch_60,7.4161086,7.28509,24.407904,6.0629787,-2.8465805
batch_01600_patch.tiff,patch_61,13.531973,14.634509,23.587593,2.6714761,-10.866797
batch_01600_patch.tiff,patch_62,16.267618,11.662605,17.282013,8.495154,-5.449633
batch_01600_patch.tiff,patch_63,16.72732,9.008071,15.925694,3.8954372,-8.918919
batch_01600_patch.tiff,patch_64,7.547101,3.8711932,15.4821,10.766685,-13.48262
batch_01600_patch.tiff,patch_65,12.992032,3.381713,19.238745,13.40132,-7.794185
batch_01600_patch.tiff,patch_66,6.4912624,11.713741,20.1752,7.8019495,-7.271053
batch_01600_patch.tiff,patch_67,4.564938,9.343422,14.491989,7.5145493,-10.311472
batch_01600_patch.tiff,patch_68,15.412312,13.913567,18.497044,8.370277,-14.021876
batch_01600_patch.tiff,patch_69,10.5177145,10.573811,14.902005,7.349753,-11.491249
batch_01600_patch.tiff,patch_70,14.179773,7.9653797,21.739561,7.3517427,-1.5604349
batch_01600_patch.tiff,patch_71,13.057706,5.541457,12.512834,12.07111,-5.8282485
batch_01600_patch.tiff,patch_72,10.130112,8.605312,12.861507,10.562921,-11.663312
batch_01600_patch.tiff,patch_73,14.40219,7.397802,14.773752,6.6954937,-7.0253096
batch_01600_patch.tiff,patch_74,14.746801,9.324474,24.791103,7.447251,-3.5183752
batch_01600_patch.tiff,patch_75,20.4905,12.341447,28.72615,6.861956,-7.6276355
batch_01600_patch.tiff,patch_76,10.443061,16.447882,17.233053,9.428725,-8.869906
batch_01600_patch.tiff,patch_77,15.591204,9.900256,21.4566,8.838492,-5.8447585
batch_01600_patch.tiff,patch_78,13.380461,9.141183,26.072243,5.5080314,-5.5529156
batch_01600_patch.tiff,patch_79,8.986887,8.979488,17.513233,5.9122863,-9.501628
batch_01600_patch.tiff,patch_80,14.001371,12.8898115,20.285536,7.884702,-9.724406
batch_01600_patch.tiff,patch_81,11.820114,9.430888,20.261139,5.777612,-12.155067
batch_01600_patch.tiff,patch_82,14.571651,5.4251328,27.04501,5.875269,-3.5369945
batch_01600_patch.tiff,patch_83,10.519147,6.775199,24.495857,6.3147044,-4.6589394
batch_01600_patch.tiff,patch_84,13.799586,3.6880438,10.372221,8.978522,-11.116282
batch_01600_patch.tiff,patch_85,14.106028,4.3457494,12.593746,9.301784,-9.197792
batch_01600_patch.tiff,patch_86,15.365768,4.1008306,16.913715,12.496114,-4.067786
batch_01600_patch.tiff,patch_87,22.406631,10.79084,24.01512,12.7572365,-6.477077
batch_01600_patch.tiff,patch_88,14.334445,8.894804,21.04312,2.7867928,-4.7398934
batch_01600_patch.tiff,patch_89,9.834477,13.22821,14.40974,0.17111252,-11.259518
batch_01600_patch.tiff,patch_90,9.927371,9.30895,21.343563,5.0046487,-3.5956697
batch_01600_patch.tiff,patch_91,9.877329,8.156954,18.617281,7.776992,-6.8221455
batch_01600_patch.tiff,patch_92,14.117516,6.540059,14.349851,14.176981,-6.251285
batch_01600_patch.tiff,patch_93,14.931585,7.457404,13.020854,9.488941,-9.9245405
batch_01600_patch.tiff,patch_94,14.214597,7.214985,23.304504,8.4231825,-6.258794
batch_01600_patch.tiff,patch_95,11.881389,5.691756,25.425213,8.33611,-4.7634006
batch_01600_patch.tiff,patch_96,11.94542,6.0801764,15.625571,5.677013,-9.6864395
batch_01600_patch.tiff,patch_97,16.790323,3.2829902,14.035993,11.869464,-4.4326806
batch_01600_patch.tiff,patch_98,12.690459,8.5669,16.538506,7.4903946,-5.5261097
batch_01600_patch.tiff,patch_99,15.772984,4.476091,23.951056,8.6271105,-3.7199411
batch_01600_patch.tiff,patch_100,6.4930806,8.576406,16.990887,7.981009,-11.031583
batch_01600_patch.tiff,patch_101,13.852856,9.780204,20.063032,9.300399,-2.5356827
batch_01600_patch.tiff,patch_102,11.883588,7.1514034,12.874543,9.44299,-5.3091073
batch_01600_patch.tiff,patch_103,13.99818,6.954353,16.15161,8.28627,-4.079803
batch_01600_patch.tiff,patch_104,14.97046,10.477957,17.389017,10.681801,-7.068948
batch_01600_patch.tiff,patch_105,14.512919,9.283956,19.084484,7.678576,-7.57146
batch_01600_patch.tiff,patch_106,13.286073,7.1954527,13.158277,7.96318,-7.0973744
batch_01600_patch.tiff,patch_107,11.258012,8.156363,9.587719,7.0088487,-10.5126915
batch_01600_patch.tiff,patch_108,17.345308,12.735231,21.97785,8.085502,-10.948783
batch_01600_patch.tiff,patch_109,16.682095,10.133989,18.202284,13.554898,-4.2627544
batch_01600_patch.tiff,patch_110,16.987345,9.233476,20.535522,7.6611204,-2.6466758
batch_01600_patch.tiff,patch_111,16.565172,6.1573844,21.082172,9.476363,-10.9106865
batch_01600_patch.tiff,patch_112,15.19425,10.1530485,25.088995,6.6654563,-8.50879
batch_01600_patch.tiff,patch_113,13.759789,7.1105194,19.921736,10.540707,-8.27105
batch_01600_patch.tiff,patch_114,13.922234,4.8919425,13.76116,14.75244,-6.5286303
batch_01600_patch.tiff,patch_115,19.32666,10.265321,13.193632,9.745014,-8.734701
batch_01600_patch.tiff,patch_116,18.928198,7.7458124,17.606485,7.6158,-12.153787
batch_01600_patch.tiff,patch_117,11.835137,4.158003,11.95387,9.954036,-10.545358
batch_01600_patch.tiff,patch_118,12.290182,10.177211,16.920593,5.506435,-10.371542
batch_01600_patch.tiff,patch_119,16.626652,10.913535,13.402637,8.61608,-10.902143
batch_01600_patch.tiff,patch_120,18.75657,11.435152,14.273071,9.918539,-9.370768
batch_01600_patch.tiff,patch_121,14.093346,7.572274,14.8601675,8.398081,-3.8349507
batch_01600_patch.tiff,patch_122,12.201349,8.120894,14.969749,12.03286,-10.422319
batch_01600_patch.tiff,patch_123,13.060614,4.943923,18.668694,8.050059,-4.0912447
batch_01600_patch.tiff,patch_124,9.804532,-0.013341136,20.970823,8.6118145,-11.841885
batch_01600_patch.tiff,patch_125,10.680886,3.4696188,7.872043,12.465106,-8.134409
batch_01600_patch.tiff,patch_126,9.422047,6.004008,12.193637,8.780891,-6.8936057
batch_01600_patch.tiff,patch_127,13.746071,4.170512,10.8237295,8.776797,-7.0286007
batch_01600_patch.tiff,patch_128,15.618347,10.195843,18.962093,8.199411,-8.310311
batch_01600_patch.tiff,patch_129,14.85638,6.8388624,10.78051,9.308643,-8.662771
batch_01600_patch.tiff,patch_130,13.850983,11.219651,15.760893,9.840131,-7.028563
batch_01600_patch.tiff,patch_131,18.054007,10.435113,14.826011,5.0491447,-10.966018
batch_01600_patch.tiff,patch_132,18.118404,13.167184,14.041164,12.71867,-7.430102
batch_01600_patch.tiff,patch_133,13.787215,5.7381616,13.628478,9.912688,-5.4948764
batch_01600_patch.tiff,patch_134,14.491338,4.1826634,13.783752,6.2240896,-3.7831442
batch_01600_patch.tiff,patch_135,10.79359,4.414424,18.929186,8.548581,-9.347613
batch_01600_patch.tiff,patch_136,9.837877,4.239567,16.22884,7.2497964,-8.110526
batch_01600_patch.tiff,patch_137,9.835871,3.1004856,12.520882,13.069036,-6.9093614
batch_01600_patch.tiff,patch_138,14.050332,9.5668,16.13517,13.214268,-3.884929
batch_01600_patch.tiff,patch_139,9.999534,3.1028137,11.292493,11.415993,-9.866513
batch_01600_patch.tiff,patch_140,9.767067,5.793391,9.673192,9.731171,-9.552845
batch_01600_patch.tiff,patch_141,13.022987,10.199966,18.916014,7.0204773,-6.389196
batch_01600_patch.tiff,patch_142,10.327525,10.020467,13.106871,10.294909,-9.487154
batch_01600_patch.tiff,patch_143,14.025734,8.675819,13.285872,10.195891,-8.64919
batch_01600_patch.tiff,patch_144,14.591843,8.322954,15.468887,11.54538,-5.97554
batch_01600_patch.tiff,patch_145,12.91469,13.242313,13.443275,6.943093,-10.162567
batch_01600_patch.tiff,patch_146,12.349299,12.294863,16.026615,9.217079,-9.020573
batch_01600_patch.tiff,patch_147,4.871016,5.3003807,7.4807158,9.740929,-8.664689
batch_01600_patch.tiff,patch_148,14.412192,6.2342696,13.894128,7.198635,-5.9907193
batch_01600_patch.tiff,patch_149,11.109912,6.9308634,13.202319,9.646419,-9.307865
batch_01600_patch.tiff,patch_150,14.405989,6.2281337,13.795622,7.6979837,-7.537397
batch_01600_patch.tiff,patch_151,9.766997,8.410751,17.423462,11.125263,-8.548702
batch_01600_patch.tiff,patch_152,13.32863,7.5248613,13.539422,3.8221488,-7.893323
batch_01600_patch.tiff,patch_153,15.756833,10.732691,19.040192,12.26148,-6.8350973
batch_01600_patch.tiff,patch_154,14.229653,9.236834,11.379718,6.6254253,-11.020585
batch_01600_patch.tiff,patch_155,10.266361,15.31854,12.756709,6.8191338,-11.051381
batch_01600_patch.tiff,patch_156,9.581984,11.343367,15.262371,5.8712397,-8.703712
batch_01600_patch.tiff,patch_157,10.820442,7.7808876,14.956946,9.257739,-6.174319
batch_01600_patch.tiff,patch_158,10.60784,6.534158,13.680529,12.301348,-5.461016
batch_01600_patch.tiff,patch_159,8.184669,4.6172385,17.76584,10.160472,-7.7512517
batch_01600_patch.tiff,patch_160,14.007132,10.679422,21.390045,8.419544,-10.417377
batch_01600_patch.tiff,patch_161,8.804852,3.3180597,15.134378,10.835126,-7.947917
batch_01600_patch.tiff,patch_162,9.2109375,3.6961434,14.200269,13.074312,-7.3225713
batch_01600_patch.tiff,patch_163,17.705471,11.532346,10.873302,10.640446,-7.891031
batch_01600_patch.tiff,patch_164,14.77852,8.86851,12.502799,8.176812,-4.9787517
batch_01600_patch.tiff,patch_165,9.314143,7.853685,11.71814,2.4448771,-11.851717
batch_01600_patch.tiff,patch_166,10.121557,8.1123085,14.264278,4.364684,-9.061877
batch_01650_patch.tiff,patch_0,7.0998197,9.157371,22.291666,8.114903,-5.534682
batch_01650_patch.tiff,patch_1,7.521635,-0.8428027,23.642542,14.151765,-9.045363
batch_01650_patch.tiff,patch_2,12.846287,5.487699,14.332998,0.7953432,-7.181443
batch_01650_patch.tiff,patch_3,18.738432,4.3767147,26.670689,4.648977,-4.0319223
batch_01650_patch.tiff,patch_4,13.980444,13.263527,16.50045,10.197776,-3.4126892
batch_01650_patch.tiff,patch_5,16.23979,12.144322,16.483246,14.417556,-5.8290176
batch_01650_patch.tiff,patch_6,9.3396435,3.7629037,17.440422,8.536999,-9.934069
batch_01650_patch.tiff,patch_7,10.931048,6.87488,18.156326,7.928302,-10.042707
batch_01650_patch.tiff,patch_8,12.620565,18.145721,17.939829,8.453193,-9.766848
batch_01650_patch.tiff,patch_9,13.491225,8.494645,21.388311,10.445764,-7.7847524
batch_01650_patch.tiff,patch_10,8.2213545,3.2173333,22.152878,15.511171,-8.687642
batch_01650_patch.tiff,patch_11,12.0936,3.8762312,13.533595,6.3346734,-6.6962867
batch_01650_patch.tiff,patch_12,15.055663,8.395763,18.430231,11.490387,-6.2884083
batch_01650_patch.tiff,patch_13,11.597643,5.5604753,12.676209,7.393354,-7.6118855
batch_01650_patch.tiff,patch_14,11.282701,9.385072,8.945632,9.762042,-12.083268
batch_01650_patch.tiff,patch_15,10.277975,8.134316,10.473923,11.0542345,-8.644826
batch_01650_patch.tiff,patch_16,9.712035,1.0726808,16.112219,10.069003,-12.123915
batch_01650_patch.tiff,patch_17,8.582416,3.4539013,17.230885,10.982991,-11.96093
batch_01650_patch.tiff,patch_18,9.605726,15.846418,12.781146,10.435533,-6.9845867
batch_01650_patch.tiff,patch_19,6.536421,2.855992,19.965807,10.346757,-9.17795
batch_01650_patch.tiff,patch_20,7.0975738,1.5359863,18.318602,11.659532,-9.065002
batch_01650_patch.tiff,patch_21,10.954944,7.628802,17.124401,10.166413,-5.258672
batch_01650_patch.tiff,patch_22,14.414567,5.93759,22.11326,10.3525095,-3.4416726
batch_01650_patch.tiff,patch_23,12.880812,6.2012196,20.465353,10.051861,-7.7472415
batch_01650_patch.tiff,patch_24,11.07663,7.424887,18.609999,10.639124,-4.674087
batch_01650_patch.tiff,patch_25,13.410498,12.705676,14.932293,8.540287,-2.9054108
batch_01650_patch.tiff,patch_26,15.449064,5.295448,22.406397,5.728388,-4.103082
batch_01650_patch.tiff,patch_27,11.114685,10.858987,9.248381,6.0615487,-7.826403
batch_01650_patch.tiff,patch_28,15.43758,10.647909,16.09585,9.732828,-5.203939
batch_01650_patch.tiff,patch_29,13.565776,8.630259,12.245249,7.5733085,-6.4519935
batch_01650_patch.tiff,patch_30,11.421222,13.702662,13.863402,5.8263,-8.91048
batch_01650_patch.tiff,patch_31,8.595453,-0.64523077,14.421971,14.746697,-10.487279
batch_01650_patch.tiff,patch_32,13.256899,2.1251063,26.657366,9.6337805,-9.361154
batch_01650_patch.tiff,patch_33,11.482205,5.717641,23.71297,14.292954,-6.582124
batch_01650_patch.tiff,patch_34,11.592095,6.8268604,14.945269,13.52546,-6.850008
batch_01650_patch.tiff,patch_35,14.587682,4.891862,20.123405,12.54624,-8.292777
batch_01650_patch.tiff,patch_36,12.500011,6.4202623,18.306875,10.745757,-4.135914
batch_01650_patch.tiff,patch_37,13.317848,17.176483,14.893272,7.539487,-6.36649
batch_01650_patch.tiff,patch_38,19.845804,10.030762,21.179077,9.207564,1.9912944
batch_01650_patch.tiff,patch_39,10.20508,14.176396,14.484042,3.6275826,-10.75027
batch_01650_patch.tiff,patch_40,15.2663965,11.051099,14.501727,7.104729,-7.4613757
batch_01650_patch.tiff,patch_41,9.981184,14.985343,18.103481,5.7341557,-9.471163
batch_01650_patch.tiff,patch_42,8.350782,2.6884406,20.667591,12.238354,-11.15581
batch_01650_patch.tiff,patch_43,10.156644,1.0672915,26.683664,14.394264,-8.385117
batch_01650_patch.tiff,patch_44,10.5721655,12.807883,17.729403,5.712531,-11.880638
batch_01650_patch.tiff,patch_45,13.619485,10.047152,14.677228,5.1509204,-7.0518165
batch_01650_patch.tiff,patch_46,9.9212475,11.243635,7.5948305,11.769534,-7.0170803
batch_01650_patch.tiff,patch_47,8.222713,8.434464,11.896323,12.085407,-3.5899026
batch_01650_patch.tiff,patch_48,12.255261,3.7835166,12.957831,10.282858,-11.970231
batch_01650_patch.tiff,patch_49,14.590748,2.1302295,11.648447,13.181607,-8.297015
batch_01650_patch.tiff,patch_50,4.273858,11.4378,15.949416,6.7939024,-9.078781
batch_01650_patch.tiff,patch_51,7.8568444,6.6606226,18.33211,12.67811,-6.8059387
batch_01650_patch.tiff,patch_52,13.098541,5.273545,26.175997,16.062523,-11.569555
batch_01650_patch.tiff,patch_53,9.895433,2.6770701,25.487656,13.0001335,-9.47168
batch_01650_patch.tiff,patch_54,8.594279,7.9991007,7.4051175,13.057027,-9.48211
batch_01650_patch.tiff,patch_55,11.871753,10.840387,6.965725,12.929553,-12.00588
batch_01650_patch.tiff,patch_56,13.061161,17.24082,19.992407,5.448953,-8.068812
batch_01650_patch.tiff,patch_57,13.401184,13.467727,14.800097,8.566721,-7.143041
batch_01650_patch.tiff,patch_58,14.739922,8.105038,16.267252,11.416814,-6.7342596
batch_01650_patch.tiff,patch_59,11.635812,7.5175176,14.87049,12.0959215,-7.2051115
batch_01650_patch.tiff,patch_60,12.066494,5.69126,16.314161,10.756018,-8.578276
batch_01650_patch.tiff,patch_61,5.7072062,7.3265147,15.111974,8.822068,-8.140757
batch_01650_patch.tiff,patch_62,7.7898793,5.0631475,18.613764,8.301384,-2.0340278
batch_01650_patch.tiff,patch_63,11.80087,2.7662437,17.692102,14.587386,-10.490859
batch_01650_patch.tiff,patch_64,11.822977,2.2402332,19.415487,11.737566,-7.7762923
batch_01650_patch.tiff,patch_65,7.297148,5.8473287,13.273834,8.816232,-7.020898
batch_01650_patch.tiff,patch_66,9.714633,7.142518,8.162277,10.004021,-6.336799
batch_01650_patch.tiff,patch_67,17.612135,12.03268,22.775671,9.66301,-5.639628
batch_01650_patch.tiff,patch_68,9.452544,14.024026,15.779969,5.631216,-8.701371
batch_01650_patch.tiff,patch_69,14.108472,9.157677,15.177966,9.712461,-8.722007
batch_01650_patch.tiff,patch_70,14.132211,9.4281225,12.133897,6.922291,-12.734395
batch_01650_patch.tiff,patch_71,11.113378,3.4601,18.236351,11.977468,-10.3341875
batch_01650_patch.tiff,patch_72,7.8895264,3.4084291,17.797182,10.501875,-10.004561
batch_01650_patch.tiff,patch_73,10.367806,4.613562,20.3576,9.57591,-4.093984
batch_01650_patch.tiff,patch_74,8.339352,3.5588408,20.126019,11.832137,-9.7399435
batch_01650_patch.tiff,patch_75,13.507603,2.8773012,21.380014,12.992251,-10.543107
batch_01650_patch.tiff,patch_76,10.280388,3.0048692,18.445059,10.900743,-8.083472
batch_01650_patch.tiff,patch_77,11.387641,5.894789,9.045457,5.1943436,-9.171221
batch_01650_patch.tiff,patch_78,9.854056,8.081143,10.694599,8.066537,-9.048638
batch_01650_patch.tiff,patch_79,13.924971,8.760717,18.344242,9.999997,-3.9059231
batch_01650_patch.tiff,patch_80,13.338391,11.832077,15.685438,4.220738,-5.805921
batch_01650_patch.tiff,patch_81,12.046955,7.054836,17.392946,7.6673365,-8.201622
batch_01650_patch.tiff,patch_82,14.425741,10.25929,16.497967,4.808706,-11.710496
batch_01650_patch.tiff,patch_83,11.033119,-0.6873967,12.976493,12.953665,-9.271303
batch_01650_patch.tiff,patch_84,12.201125,0.7872908,15.899918,13.357967,-6.4676256
batch_01650_patch.tiff,patch_85,9.090952,7.1252913,20.226261,8.145767,-0.4142112
batch_01650_patch.tiff,patch_86,10.6857,3.642679,21.9885,14.164143,-8.673723
batch_01650_patch.tiff,patch_87,11.010299,2.7156181,21.136326,10.74926,-8.431612
batch_01650_patch.tiff,patch_88,10.132052,3.4644213,15.894157,10.693403,-9.115364
batch_01650_patch.tiff,patch_89,12.368243,5.7071533,18.145863,11.379059,-8.639019
batch_01650_patch.tiff,patch_90,11.788747,7.1823215,20.434584,8.017489,-7.430522
batch_01650_patch.tiff,patch_91,13.039976,1.8020688,16.22544,12.957008,-6.0946794
batch_01650_patch.tiff,patch_92,12.482137,3.7489665,14.875534,11.142523,-8.165078
batch_01650_patch.tiff,patch_93,5.629456,5.002899,15.550717,10.218038,-3.661492
batch_01650_patch.tiff,patch_94,7.166638,6.465244,16.676476,8.592924,-4.2301984
batch_01650_patch.tiff,patch_95,9.448049,3.517889,21.78876,10.175734,-8.084912
batch_01650_patch.tiff,patch_96,9.862949,4.758672,17.915928,10.869455,-9.869583
batch_01650_patch.tiff,patch_97,16.384083,8.301905,21.487917,4.364997,-12.41877
batch_01650_patch.tiff,patch_98,10.238382,8.237138,19.234533,8.654339,-8.285102
batch_01650_patch.tiff,patch_99,14.332579,1.439449,13.149687,13.342977,-4.838032
batch_01650_patch.tiff,patch_100,18.926792,7.398943,10.361725,9.8296995,-7.9389005
batch_01650_patch.tiff,patch_101,10.913875,1.5006099,22.558317,14.202811,-10.191115
batch_01650_patch.tiff,patch_102,4.720578,6.10483,16.397797,10.996314,-5.114018
batch_01650_patch.tiff,patch_103,11.853631,9.58218,24.024109,6.628099,-5.5136313
batch_01650_patch.tiff,patch_104,8.799029,10.255948,24.464079,7.007697,-5.0766687
batch_01650_patch.tiff,patch_105,11.340439,10.891122,17.15327,9.935075,-7.016313
batch_01650_patch.tiff,patch_106,14.905548,8.543214,21.021729,13.363932,-2.5657527
batch_01650_patch.tiff,patch_107,13.219561,7.5710163,18.080587,9.38959,-6.6475224
batch_01650_patch.tiff,patch_108,7.637309,5.76092,18.64646,8.356613,-6.9075575
batch_01650_patch.tiff,patch_109,8.959759,5.704761,26.87755,9.065221,-4.4517198
batch_01650_patch.tiff,patch_110,12.009466,13.090444,19.39763,8.819491,-6.4205756
batch_01650_patch.tiff,patch_111,11.449281,6.2737527,23.925547,4.96034,-5.078387
batch_01650_patch.tiff,patch_112,11.218651,4.4206266,22.20612,7.2591257,-1.3298212
batch_01650_patch.tiff,patch_113,11.206454,7.26336,24.94906,7.9175487,-0.9720125
batch_01650_patch.tiff,patch_114,12.84926,10.143656,6.6117435,7.2032127,-6.9449944
batch_01650_patch.tiff,patch_115,7.0318832,10.297555,12.65013,11.943741,-10.801291
batch_01650_patch.tiff,patch_116,9.040093,11.926482,10.078142,12.722393,-10.641868
batch_01650_patch.tiff,patch_117,15.681902,12.998885,27.802212,8.223476,-3.1108625
batch_01650_patch.tiff,patch_118,10.04571,5.4157405,14.753193,7.2404,-8.384338
batch_01650_patch.tiff,patch_119,12.946314,5.849126,16.4447,7.5425887,-8.597685
batch_01650_patch.tiff,patch_120,14.322746,9.459765,16.558287,8.400337,-7.6545277
batch_01650_patch.tiff,patch_121,11.798275,16.454088,19.554514,7.2720623,-9.143309
batch_01650_patch.tiff,patch_122,15.423971,9.947618,24.771631,10.0381565,-5.5111156
batch_01650_patch.tiff,patch_123,8.940775,6.741087,16.121006,10.185975,-5.7100525
batch_01650_patch.tiff,patch_124,10.550895,8.497091,13.204864,4.407797,-4.1930223
batch_01650_patch.tiff,patch_125,8.332261,4.915003,6.719767,2.5774662,-8.215312
batch_01650_patch.tiff,patch_126,10.7900915,11.91615,11.736116,13.148746,-7.1347985
batch_01650_patch.tiff,patch_127,15.384162,11.593682,21.453922,6.694874,-5.901181
batch_01650_patch.tiff,patch_128,8.341272,14.831937,15.318617,8.222648,-7.4069705
batch_01650_patch.tiff,patch_129,8.960095,9.645015,10.429416,3.1431625,-8.747976
batch_01650_patch.tiff,patch_130,9.905187,10.78383,8.9406,3.4715385,-9.125473
batch_01650_patch.tiff,patch_131,13.253186,7.809236,22.822495,4.249084,-8.692243
batch_01650_patch.tiff,patch_132,10.802918,7.8958673,18.034908,4.5254126,-9.511354
batch_01650_patch.tiff,patch_133,14.831646,4.8778315,14.10997,5.300748,-8.669683
batch_01650_patch.tiff,patch_134,18.607542,11.654539,23.873518,11.630235,-7.496268
batch_01650_patch.tiff,patch_135,9.482616,8.009195,7.9285293,5.959944,-8.146639
batch_01650_patch.tiff,patch_136,12.4420395,11.577868,20.163713,8.191745,-4.783204
batch_01650_patch.tiff,patch_137,12.621357,12.606833,17.142464,6.0764933,-6.4130177
batch_01650_patch.tiff,patch_138,12.958749,10.090115,15.241313,4.9980426,-7.0372186
batch_01650_patch.tiff,patch_139,11.181139,7.9537106,8.881209,4.2126265,-10.343314
batch_01650_patch.tiff,patch_140,12.03898,10.451582,22.96596,10.927025,-10.553063
batch_01650_patch.tiff,patch_141,12.509948,9.854659,22.912107,8.758701,-7.748183
batch_01650_patch.tiff,patch_142,15.718672,11.20712,20.712189,6.960154,-5.8989444
batch_01650_patch.tiff,patch_143,17.30954,8.9250145,18.942295,11.627271,-7.7600827
batch_01650_patch.tiff,patch_144,6.2437973,4.276549,12.162224,3.3234675,-9.90953
batch_01650_patch.tiff,patch_145,6.1959815,7.098839,16.724691,12.522805,-7.8756804
batch_01650_patch.tiff,patch_146,13.393972,5.436031,25.484293,10.694524,-7.25036
batch_01650_patch.tiff,patch_147,11.989318,9.554349,19.652529,-1.1789975,-8.574669
batch_01650_patch.tiff,patch_148,9.795834,6.6382318,9.595623,4.117286,-9.37681
batch_01650_patch.tiff,patch_149,10.358876,4.8173885,13.522455,2.7159717,-9.360913
batch_01650_patch.tiff,patch_150,16.478437,11.69508,21.507376,9.2472105,-5.684525
batch_01650_patch.tiff,patch_151,12.421901,13.167396,15.337731,7.2605286,-5.1741605
batch_01700_patch.tiff,patch_0,12.666863,12.346298,14.804744,8.845493,-6.1668797
batch_01700_patch.tiff,patch_1,7.355911,12.256794,12.309197,4.660163,-10.104015
batch_01700_patch.tiff,patch_2,17.463512,7.757538,14.044551,11.587269,-8.910234
batch_01700_patch.tiff,patch_3,16.767477,12.854276,20.62968,7.7037907,-7.149269
batch_01700_patch.tiff,patch_4,11.623696,7.53201,17.147741,10.260485,-10.836923
batch_01700_patch.tiff,patch_5,12.654778,6.977073,22.84869,12.206726,-9.723702
batch_01700_patch.tiff,patch_6,17.840494,9.326852,22.113306,12.112598,-6.3723717
batch_01700_patch.tiff,patch_7,14.076895,10.62621,19.118715,7.7297525,-4.756191
batch_01700_patch.tiff,patch_8,18.353928,9.834729,22.414076,8.698498,-8.864431
batch_01700_patch.tiff,patch_9,14.951695,10.120753,19.961948,8.145167,-11.7612095
batch_01700_patch.tiff,patch_10,18.615156,10.862697,16.08378,9.956943,-11.033972
batch_01700_patch.tiff,patch_11,13.679776,13.534765,17.00564,4.9708915,-8.333095
batch_01700_patch.tiff,patch_12,17.946342,7.955126,23.126726,6.0133634,-2.5033934
batch_01700_patch.tiff,patch_13,13.3081,14.210802,15.680011,8.403642,-7.1422443
batch_01700_patch.tiff,patch_14,16.366835,11.530742,15.109804,11.271122,-4.106241
batch_01700_patch.tiff,patch_15,15.147474,5.0952644,13.920119,12.43148,-13.269228
batch_01700_patch.tiff,patch_16,13.862547,6.516308,18.342884,9.449422,-9.883705
batch_01700_patch.tiff,patch_17,15.413571,10.02291,20.030704,12.8995075,-7.9412785
batch_01700_patch.tiff,patch_18,13.8676815,13.661067,23.19726,9.769179,-7.2923145
batch_01700_patch.tiff,patch_19,12.934139,13.97233,16.462568,12.268773,-5.8728786
batch_01700_patch.tiff,patch_20,16.40787,10.7448015,18.86073,10.940325,-6.139225
batch_01700_patch.tiff,patch_21,18.894367,7.281201,26.1834,6.6104193,-9.181493
batch_01700_patch.tiff,patch_22,11.675962,9.104382,10.842959,13.904717,-8.624609
batch_01700_patch.tiff,patch_23,18.163347,12.604618,22.941744,11.247276,-9.167213
batch_01700_patch.tiff,patch_24,9.857575,15.28882,13.245048,3.2994032,-12.281174
batch_01700_patch.tiff,patch_25,20.99701,10.946926,25.10047,12.457437,-3.4783475
batch_01700_patch.tiff,patch_26,11.834711,14.353244,18.884224,7.098993,-6.8092704
batch_01700_patch.tiff,patch_27,10.184183,15.721504,16.395023,6.5386524,-7.2575254
batch_01700_patch.tiff,patch_28,16.603006,11.172431,20.823593,7.904732,-12.485117
batch_01700_patch.tiff,patch_29,14.885695,9.984375,21.71191,5.6157064,-7.556986
batch_01700_patch.tiff,patch_30,15.691682,13.680069,16.679586,11.591932,-5.340803
batch_01700_patch.tiff,patch_31,11.244824,11.147811,15.0370035,7.7175345,-5.6872993
batch_01700_patch.tiff,patch_32,14.021051,14.730025,9.019789,4.953976,-12.128704
batch_01700_patch.tiff,patch_33,15.541611,12.418791,18.60609,7.2288437,-9.1942835
batch_01700_patch.tiff,patch_34,14.956812,5.6915026,13.677024,6.365538,-8.839287
batch_01700_patch.tiff,patch_35,17.728664,6.9831557,21.248762,7.841132,-10.212796
batch_01700_patch.tiff,patch_36,13.207072,10.525864,17.6899,9.328996,-3.871098
batch_01700_patch.tiff,patch_37,16.48094,13.086304,21.68462,9.504505,-4.570148
batch_01700_patch.tiff,patch_38,15.977175,8.894409,18.292679,8.690874,-6.759428
batch_01700_patch.tiff,patch_39,12.754451,14.916064,21.054728,7.194434,-10.857683
batch_01700_patch.tiff,patch_40,11.907053,13.3455105,18.48413,6.9131913,-6.8320904
batch_01700_patch.tiff,patch_41,13.154651,13.439056,16.71128,4.845853,-14.002942
batch_01700_patch.tiff,patch_42,12.158205,12.988278,18.592302,2.6758842,-14.955448
batch_01700_patch.tiff,patch_43,8.942001,6.284114,18.62733,10.548557,-13.20234
batch_01700_patch.tiff,patch_44,11.647135,9.618851,20.337238,9.646801,-11.099288
batch_01700_patch.tiff,patch_45,14.256538,12.775344,11.583773,6.767024,-9.031187
batch_01700_patch.tiff,patch_46,12.241055,7.3687406,17.677458,10.215525,-7.94538
batch_01700_patch.tiff,patch_47,17.850912,7.572537,21.587395,7.356917,-11.800779
batch_01700_patch.tiff,patch_48,10.906793,7.466983,16.482319,5.717576,-8.6593485
batch_01700_patch.tiff,patch_49,10.594043,7.9745245,13.49907,11.175023,-4.799816
batch_01700_patch.tiff,patch_50,14.802535,8.431784,18.538961,9.623282,-5.738591
batch_01700_patch.tiff,patch_51,14.798877,9.405769,21.411575,8.916334,-12.752256
batch_01700_patch.tiff,patch_52,17.384996,8.754932,19.118769,10.9970045,-7.804694
batch_01700_patch.tiff,patch_53,10.198362,9.887841,16.903128,-0.01060431,-12.912604
batch_01700_patch.tiff,patch_54,12.886913,12.5759735,15.400011,0.7225352,-13.209732
batch_01700_patch.tiff,patch_55,10.500016,14.798169,18.827469,7.942202,-9.324908
batch_01700_patch.tiff,patch_56,11.073474,9.817663,18.989273,7.978416,-8.35174
batch_01700_patch.tiff,patch_57,12.171502,7.744379,21.879501,10.127319,-8.064287
batch_01700_patch.tiff,patch_58,12.14142,7.1433268,22.486168,11.003571,-7.6997576
batch_01700_patch.tiff,patch_59,14.924736,8.6174555,12.805338,12.49415,-9.933072
batch_01700_patch.tiff,patch_60,11.926979,8.214432,13.602811,14.181764,-10.77795
batch_01700_patch.tiff,patch_61,17.65554,10.111603,25.82961,8.060619,-2.6248043
batch_01700_patch.tiff,patch_62,17.941093,12.566594,23.373613,4.9373555,-3.7062395
batch_01700_patch.tiff,patch_63,16.58605,11.754952,23.97692,8.176131,-6.8719983
batch_01700_patch.tiff,patch_64,15.561658,12.805713,15.310519,9.706897,-4.428609
batch_01700_patch.tiff,patch_65,14.82973,10.948298,17.564398,4.95552,-9.553558
batch_01700_patch.tiff,patch_66,13.938105,12.955685,10.407255,6.546972,-11.852353
batch_01700_patch.tiff,patch_67,11.674496,12.515037,16.743221,7.829404,-6.668562
batch_01700_patch.tiff,patch_68,10.203661,11.870858,19.285858,14.835829,-7.7923646
batch_01700_patch.tiff,patch_69,14.411797,7.130517,26.194536,6.702671,-7.4976096
batch_01700_patch.tiff,patch_70,11.296748,9.758238,20.979311,9.905894,-2.51581
batch_01700_patch.tiff,patch_71,19.016748,7.8159814,17.927847,6.1265874,-10.425071
batch_01700_patch.tiff,patch_72,11.2614765,10.239696,12.639713,9.571518,-7.7132525
batch_01700_patch.tiff,patch_73,13.351657,9.457414,9.240504,9.059996,-5.390722
batch_01700_patch.tiff,patch_74,17.460205,9.844305,23.808311,8.866344,-3.813209
batch_01700_patch.tiff,patch_75,13.721686,11.719471,22.850777,5.106413,-5.117921
batch_01700_patch.tiff,patch_76,12.974346,10.05467,20.911179,6.151865,-9.013332
batch_01700_patch.tiff,patch_77,17.01306,13.648954,17.786274,3.3194685,-12.24383
batch_01700_patch.tiff,patch_78,15.100981,12.285383,18.13658,3.3870742,-5.8082952
batch_01700_patch.tiff,patch_79,15.4353,9.036893,23.706284,8.483445,-5.2789273
batch_01700_patch.tiff,patch_80,16.284492,10.644693,26.396858,8.046693,-5.580046
batch_01700_patch.tiff,patch_81,19.57624,9.907488,26.251778,7.8005295,-9.220219
batch_01700_patch.tiff,patch_82,15.01085,7.2214384,22.525423,10.568019,-8.395767
batch_01700_patch.tiff,patch_83,11.560312,12.612878,14.872093,13.364455,-7.411274
batch_01700_patch.tiff,patch_84,14.38077,12.392876,18.958101,11.515867,-3.3132832
batch_01700_patch.tiff,patch_85,11.9701185,12.821323,12.607581,6.677457,-5.993868
batch_01700_patch.tiff,patch_86,19.11146,9.546873,22.817207,10.598907,-5.820469
batch_01700_patch.tiff,patch_87,15.96766,6.482834,21.67985,7.501132,-5.276698
batch_01700_patch.tiff,patch_88,16.45108,8.863586,19.800886,8.205197,-6.842539
batch_01700_patch.tiff,patch_89,13.660627,8.896679,15.182459,11.038673,-11.920316
batch_01700_patch.tiff,patch_90,12.281594,11.132306,14.347373,-0.33210018,-12.097467
batch_01700_patch.tiff,patch_91,12.321124,8.310607,18.14325,11.010877,-12.675652
batch_01700_patch.tiff,patch_92,15.461241,9.056943,11.462576,6.236378,-12.2819805
batch_01700_patch.tiff,patch_93,18.550259,8.762015,25.29319,8.197622,-8.35566
batch_01700_patch.tiff,patch_94,14.102967,9.091546,22.85587,13.944225,-9.346748
batch_01700_patch.tiff,patch_95,16.33305,9.750409,22.911976,11.6050415,-6.069321
batch_01700_patch.tiff,patch_96,14.615185,13.929804,18.987991,10.494861,-6.049053
batch_01700_patch.tiff,patch_97,20.878284,13.580248,24.543592,9.693993,-1.9377577
batch_01700_patch.tiff,patch_98,19.858896,12.234615,21.21902,11.80272,-5.476396
batch_01700_patch.tiff,patch_99,9.534777,11.216707,14.141556,6.743113,-10.816148
batch_01700_patch.tiff,patch_100,12.0811615,10.411893,18.66501,3.9603333,-7.5358725
batch_01700_patch.tiff,patch_101,14.998071,10.118164,14.496615,5.2264767,-10.063153
batch_01700_patch.tiff,patch_102,13.716205,13.59994,12.567334,4.311034,-10.213835
batch_01700_patch.tiff,patch_103,8.636304,6.731864,17.322489,10.843555,-11.275955
batch_01700_patch.tiff,patch_104,10.380298,8.698758,18.02212,12.724082,-6.890639
batch_01700_patch.tiff,patch_105,22.065006,10.075877,18.939772,11.078663,-2.1920447
batch_01700_patch.tiff,patch_106,15.1606865,10.820632,20.563433,12.111634,-8.153762
batch_01700_patch.tiff,patch_107,17.057867,7.075523,22.527023,6.7530007,-10.23908
batch_01700_patch.tiff,patch_108,20.310501,6.707297,20.256512,6.6454806,-7.0746813
batch_01700_patch.tiff,patch_109,17.190357,8.409022,25.268747,9.015383,-3.429615
batch_01700_patch.tiff,patch_110,17.938017,8.166276,23.043673,13.143704,-6.0150156
batch_01700_patch.tiff,patch_111,14.197243,13.11159,19.195694,9.425713,-8.791363
batch_01700_patch.tiff,patch_112,13.608295,10.059072,17.19073,6.550452,-4.546298
batch_01700_patch.tiff,patch_113,16.08568,10.251561,18.453876,7.372708,-11.967072
batch_01700_patch.tiff,patch_114,13.556548,12.563016,14.685826,0.6373031,-14.97362
batch_01700_patch.tiff,patch_115,12.662586,5.5719767,16.7735,12.5749235,-9.031397
batch_01700_patch.tiff,patch_116,14.318854,8.759616,19.361454,7.7082324,-9.487772
batch_01700_patch.tiff,patch_117,15.94151,7.837065,17.959435,11.070762,-6.5508137
batch_01700_patch.tiff,patch_118,18.323032,11.191109,23.247835,10.112932,-8.7000885
batch_01700_patch.tiff,patch_119,20.108995,8.598481,16.108421,7.7417207,-9.225359
batch_01700_patch.tiff,patch_120,14.40119,6.96894,21.775812,8.971414,-8.300308
batch_01700_patch.tiff,patch_121,16.318333,10.591446,19.747572,9.230664,-9.351576
batch_01700_patch.tiff,patch_122,13.9239025,10.202395,11.777507,9.487464,-4.473062
batch_01700_patch.tiff,patch_123,15.796988,8.627123,26.039053,7.507791,-7.5611978
batch_01700_patch.tiff,patch_124,15.276313,9.396251,21.556461,5.7477074,-7.2955403
batch_01700_patch.tiff,patch_125,13.353491,11.7398205,20.873167,11.214993,-1.9759572
batch_01700_patch.tiff,patch_126,12.719948,12.0486965,15.578655,11.505291,-3.6848242
batch_01700_patch.tiff,patch_127,15.435338,7.2585034,18.543865,10.7477455,-8.933003
batch_01700_patch.tiff,patch_128,10.967579,6.3529754,14.468528,10.529622,-10.427852
batch_01700_patch.tiff,patch_129,17.690617,11.204486,22.269825,5.626884,-10.0777445
batch_01700_patch.tiff,patch_130,14.66566,7.31824,21.058828,7.725661,-13.030417
batch_01700_patch.tiff,patch_131,16.784256,8.587379,25.528498,5.527972,-11.174833
batch_01700_patch.tiff,patch_132,17.466063,9.773575,20.371708,11.325032,-14.814557
batch_01700_patch.tiff,patch_133,13.425633,7.9242573,17.584694,11.272346,-5.873669
batch_01700_patch.tiff,patch_134,19.939253,9.781338,21.69221,9.914949,-4.144791
batch_01700_patch.tiff,patch_135,14.900853,12.730564,17.39676,8.557366,-5.984177
batch_01700_patch.tiff,patch_136,12.422554,5.8063416,15.733248,7.0510354,-9.619195
batch_01700_patch.tiff,patch_137,8.371814,11.1123705,18.12385,10.756412,-8.05905
batch_01700_patch.tiff,patch_138,13.605173,11.579045,21.235012,9.17614,-7.908223
batch_01700_patch.tiff,patch_139,5.717183,8.603098,11.053528,9.583442,-11.410115
batch_01700_patch.tiff,patch_140,9.871982,9.906753,18.729086,11.126154,-9.658659
batch_01700_patch.tiff,patch_141,15.396948,9.069225,20.907314,8.089955,-12.061673
batch_01700_patch.tiff,patch_142,17.2374,8.784739,19.110973,10.906907,-5.8911414
batch_01700_patch.tiff,patch_143,15.837914,9.344013,23.519094,8.462006,-10.029162
batch_01700_patch.tiff,patch_144,19.415869,9.765776,15.339853,10.581248,-10.19748
batch_01700_patch.tiff,patch_145,19.139614,12.895246,20.071745,8.764298,-5.0541677
batch_01700_patch.tiff,patch_146,13.972862,15.225149,15.21261,10.108439,-8.402302
batch_01700_patch.tiff,patch_147,17.834433,9.953047,22.308668,10.016584,-7.0891848
batch_01700_patch.tiff,patch_148,15.078789,5.9659595,10.684598,5.5679994,-9.114936
batch_01700_patch.tiff,patch_149,13.092276,6.721705,19.234608,9.480368,-11.68124
batch_01700_patch.tiff,patch_150,12.682012,11.837703,19.375437,12.523615,-8.351701
batch_01700_patch.tiff,patch_151,10.647678,8.721281,17.779142,9.82681,-12.443771
batch_01700_patch.tiff,patch_152,11.720236,12.092017,10.393698,3.9482975,-11.981925
batch_01700_patch.tiff,patch_153,18.428667,7.9166317,20.973576,7.8315578,-10.859376
batch_01700_patch.tiff,patch_154,13.5184765,9.53556,22.098143,7.460958,-8.668246
batch_01700_patch.tiff,patch_155,17.8319,9.959548,19.6568,7.352151,-8.901291
batch_01700_patch.tiff,patch_156,12.9119215,14.443334,11.023314,7.4237814,-11.582575
batch_01700_patch.tiff,patch_157,11.261798,8.6485195,14.794682,8.805013,-9.594947
batch_01700_patch.tiff,patch_158,11.080881,7.5622926,12.524659,11.881788,-9.5437765
batch_01700_patch.tiff,patch_159,14.30038,5.683349,11.951704,9.258837,-9.394835
batch_01700_patch.tiff,patch_160,15.163615,6.4529176,21.94055,9.13212,-9.564867
batch_01700_patch.tiff,patch_161,12.523471,8.311039,21.640522,10.18134,-11.115072
batch_01700_patch.tiff,patch_162,15.336369,6.566296,17.439411,10.213138,-10.441978
batch_01700_patch.tiff,patch_163,16.191711,7.6672096,19.32834,9.780014,-6.997937
batch_01700_patch.tiff,patch_164,16.824814,9.834974,15.358064,12.1848345,-4.4453497
batch_01700_patch.tiff,patch_165,13.841243,5.801742,20.104362,10.336769,-10.625334
batch_01700_patch.tiff,patch_166,12.833394,10.079676,22.06544,6.1248817,-8.574965
batch_01700_patch.tiff,patch_167,15.280127,8.603833,22.676252,8.211028,-14.353842
batch_01700_patch.tiff,patch_168,13.450604,10.380758,20.37651,9.182815,-7.2725825
batch_01700_patch.tiff,patch_169,12.873108,10.673594,19.980307,3.4837656,-8.643064
batch_01700_patch.tiff,patch_170,15.199043,4.880861,11.110625,7.583324,-11.560967
batch_01700_patch.tiff,patch_171,18.200525,7.845668,16.26874,9.545648,-7.0961666
batch_01700_patch.tiff,patch_172,15.49965,13.648929,20.731802,10.4390135,-7.8593183
batch_01700_patch.tiff,patch_173,11.965256,11.013186,15.1109085,13.713693,-11.109577
batch_01700_patch.tiff,patch_174,15.271303,10.32624,13.733954,5.098805,-10.957752
batch_01700_patch.tiff,patch_175,15.896839,7.6568904,18.59064,7.6220737,-11.6353445
batch_01700_patch.tiff,patch_176,19.611053,8.178986,20.686415,11.034876,-5.692906
batch_01700_patch.tiff,patch_177,17.704107,6.4625435,17.165123,11.312794,-9.34831
batch_01700_patch.tiff,patch_178,20.68698,4.7198296,9.601256,12.07685,-8.568061
batch_01700_patch.tiff,patch_179,13.606898,9.584579,14.855764,5.6960406,-9.892618
batch_01700_patch.tiff,patch_180,16.327711,8.933751,23.949747,10.095207,-2.4389403
batch_01750_patch.tiff,patch_0,16.499832,11.97983,19.283352,5.89921,-6.219971
batch_01750_patch.tiff,patch_1,11.206659,9.05615,15.750415,4.5983243,-5.822565
batch_01750_patch.tiff,patch_2,13.428026,9.310673,18.098785,8.003963,-6.0893726
batch_01750_patch.tiff,patch_3,14.289648,6.874393,22.618385,5.430259,-8.346453
batch_01750_patch.tiff,patch_4,17.256763,14.860217,23.537468,6.5584173,-6.936717
batch_01750_patch.tiff,patch_5,10.825137,15.559409,13.86358,6.4794307,-10.822397
batch_01750_patch.tiff,patch_6,10.738939,11.286803,23.791935,4.0691514,-11.110994
batch_01750_patch.tiff,patch_7,11.573641,10.917636,22.297428,4.7247796,-8.058661
batch_01750_patch.tiff,patch_8,10.634359,9.613721,20.353407,7.747204,-5.3264494
batch_01750_patch.tiff,patch_9,14.001771,9.320731,17.524763,4.5588827,-11.375996
batch_01750_patch.tiff,patch_10,18.642513,8.9604225,23.785694,8.273751,-7.610278
batch_01750_patch.tiff,patch_11,16.021173,12.013086,22.989286,7.211799,-6.8678045
batch_01750_patch.tiff,patch_12,16.688755,11.555508,22.099838,5.221036,-4.42775
batch_01750_patch.tiff,patch_13,14.742563,10.52823,19.594908,7.223168,-5.681561
batch_01750_patch.tiff,patch_14,13.111113,8.7042885,23.040714,6.5928135,-11.179028
batch_01750_patch.tiff,patch_15,17.134342,17.725605,23.480995,4.212132,-10.542349
batch_01750_patch.tiff,patch_16,14.447704,15.819026,22.30417,5.6108475,-8.820392
batch_01750_patch.tiff,patch_17,14.171583,10.031369,20.438753,8.367035,-8.8028965
batch_01750_patch.tiff,patch_18,9.715845,10.821349,16.670975,6.975308,-11.384088
batch_01750_patch.tiff,patch_19,10.440158,6.9522543,17.21611,4.636197,-9.281151
batch_01750_patch.tiff,patch_20,12.686141,7.6394877,26.833889,2.8694255,-6.273905
batch_01750_patch.tiff,patch_21,16.647589,12.706883,23.511679,10.957136,-8.563338
batch_01750_patch.tiff,patch_22,20.28292,11.751434,19.947424,10.783814,-8.690623
batch_01750_patch.tiff,patch_23,13.453847,11.017374,17.042595,5.70606,-4.573389
batch_01750_patch.tiff,patch_24,11.114578,9.6406975,12.33453,4.1156044,-4.552971
batch_01750_patch.tiff,patch_25,10.428823,9.138627,11.566807,5.6927276,-11.181239
batch_01750_patch.tiff,patch_26,12.22544,12.247503,15.365322,4.451604,-11.44648
batch_01750_patch.tiff,patch_27,11.885062,17.714487,16.976173,4.9868402,-14.0265255
batch_01750_patch.tiff,patch_28,13.061014,8.506158,23.530788,9.520876,-7.3739643
batch_01750_patch.tiff,patch_29,15.050313,10.575688,23.434864,8.157118,-9.572305
batch_01750_patch.tiff,patch_30,9.1789,10.510394,19.74282,6.340118,-9.983467
batch_01750_patch.tiff,patch_31,13.594561,11.810077,23.277855,1.4475733,-9.280581
batch_01750_patch.tiff,patch_32,14.787083,6.4666495,17.594194,3.077901,-8.584771
batch_01750_patch.tiff,patch_33,16.277767,5.5865693,13.930983,4.4529486,-8.139864
batch_01750_patch.tiff,patch_34,11.352932,5.7091355,13.283761,4.187925,-7.6802278
batch_01750_patch.tiff,patch_35,18.423212,10.906392,19.713003,5.677861,-4.4654593
batch_01750_patch.tiff,patch_36,12.97273,12.503113,9.722844,5.612467,-6.954696
batch_01750_patch.tiff,patch_37,9.588043,7.1645093,19.52532,6.1951866,-10.828314
batch_01750_patch.tiff,patch_38,11.079833,8.023473,15.814504,5.311804,-12.990938
batch_01750_patch.tiff,patch_39,11.454114,19.614168,21.395031,3.1577146,-12.661222
batch_01750_patch.tiff,patch_40,11.98468,17.23787,24.416767,0.8558156,-8.866625
batch_01750_patch.tiff,patch_41,11.225593,9.978483,22.425861,12.919982,-6.716618
batch_01750_patch.tiff,patch_42,10.91044,13.622958,24.164001,7.5302534,-8.7273655
batch_01750_patch.tiff,patch_43,10.209165,11.92533,23.674637,0.64169466,-11.737625
batch_01750_patch.tiff,patch_44,12.849354,1.377699,15.942157,10.476859,-6.835287
batch_01750_patch.tiff,patch_45,16.803606,7.2851825,16.54935,5.2944736,-8.097608
batch_01750_patch.tiff,patch_46,16.706532,9.14896,22.71121,10.817626,-10.769381
batch_01750_patch.tiff,patch_47,9.984168,9.559747,17.679731,10.350435,-8.564431
batch_01750_patch.tiff,patch_48,12.467038,14.061106,19.456707,8.582468,-7.8879595
batch_01750_patch.tiff,patch_49,12.534052,9.216241,15.334291,3.6156554,-4.7877045
batch_01750_patch.tiff,patch_50,10.102422,8.179347,7.6310444,7.6555552,-8.413578
batch_01750_patch.tiff,patch_51,19.061724,18.663342,21.159195,7.3082175,-8.817151
batch_01750_patch.tiff,patch_52,12.934029,6.2564793,25.130106,6.6236706,-5.9550524
batch_01750_patch.tiff,patch_53,13.200694,5.282336,23.410835,3.8941433,-5.081786
batch_01750_patch.tiff,patch_54,10.303128,13.051141,12.865095,2.8266094,-11.325098
batch_01750_patch.tiff,patch_55,9.436663,9.068706,9.593705,5.4384265,-9.276627
batch_01750_patch.tiff,patch_56,11.28321,8.95698,15.935891,6.5748253,-10.049613
batch_01750_patch.tiff,patch_57,10.901298,9.645761,11.188993,4.3286257,-9.599521
batch_01750_patch.tiff,patch_58,14.662411,10.125938,17.373497,7.393764,-6.387666
batch_01750_patch.tiff,patch_59,14.415232,12.053495,14.064814,6.010729,-9.086738
batch_01750_patch.tiff,patch_60,9.716015,7.5318923,17.843067,6.461657,-7.1620183
batch_01750_patch.tiff,patch_61,12.470692,9.839579,13.740397,9.591569,-7.2806687
batch_01750_patch.tiff,patch_62,14.410926,14.558533,24.226265,5.401018,-6.755971
batch_01750_patch.tiff,patch_63,18.40382,13.0987625,23.602009,7.4790635,-8.246657
batch_01750_patch.tiff,patch_64,16.37881,10.876218,19.014755,11.585054,-7.020893
batch_01750_patch.tiff,patch_65,16.517263,6.0053825,24.99599,3.0677538,-7.4265804
batch_01750_patch.tiff,patch_66,16.626848,10.226308,17.33752,10.541682,-5.6420984
batch_01750_patch.tiff,patch_67,10.681216,10.200675,10.747093,4.2080073,-11.371361
batch_01750_patch.tiff,patch_68,13.670973,11.5517,13.207642,7.457958,-7.2081313
batch_01750_patch.tiff,patch_69,12.788001,9.67907,9.904042,3.2283642,-11.44133
batch_01750_patch.tiff,patch_70,13.96219,13.247679,22.603216,8.7971115,-6.9170957
batch_01750_patch.tiff,patch_71,17.595455,12.530095,20.138409,10.346302,-5.5907345
batch_01750_patch.tiff,patch_72,11.486414,7.0901933,9.570927,6.6679983,-8.716911
batch_01750_patch.tiff,patch_73,13.126293,14.848272,14.360249,7.3267155,-9.437939
batch_01750_patch.tiff,patch_74,15.344893,6.5126104,14.61746,9.006079,-9.286924
batch_01750_patch.tiff,patch_75,15.037364,9.0615835,21.367657,9.230565,-8.6197815
batch_01750_patch.tiff,patch_76,17.000648,12.754721,24.600433,8.413819,-9.120658
batch_01750_patch.tiff,patch_77,12.813022,6.679543,17.364012,9.393372,-10.569515
batch_01750_patch.tiff,patch_78,11.664538,8.935194,11.286166,6.3893514,-9.525285
batch_01750_patch.tiff,patch_79,10.469819,12.213467,9.088846,6.573607,-10.61289
batch_01750_patch.tiff,patch_80,15.124483,9.492521,19.735287,13.265183,-8.11638
batch_01750_patch.tiff,patch_81,21.959854,15.323139,21.546696,11.330657,-5.093734
batch_01750_patch.tiff,patch_82,17.32757,8.608053,16.036373,8.050136,-4.1435237
batch_01750_patch.tiff,patch_83,14.716588,8.559597,19.775213,8.512491,-4.474503
batch_01750_patch.tiff,patch_84,15.203908,11.453574,16.396202,8.150139,-11.388729
batch_01750_patch.tiff,patch_85,12.969545,10.792473,13.629423,7.753841,-6.233243
batch_01750_patch.tiff,patch_86,14.508775,6.363757,23.063395,7.2515354,-8.407823
batch_01750_patch.tiff,patch_87,16.21888,8.01806,19.88901,8.248502,-9.570053
batch_01750_patch.tiff,patch_88,14.564057,11.10042,22.698841,5.025365,-11.751825
batch_01750_patch.tiff,patch_89,16.208693,8.659809,24.080162,7.3235393,-9.11145
batch_01750_patch.tiff,patch_90,11.223838,11.186876,11.808606,6.8189073,-10.4483185
batch_01750_patch.tiff,patch_91,13.016518,11.132228,15.690324,7.263393,-11.389565
batch_01750_patch.tiff,patch_92,17.762724,12.10081,17.557251,7.3909855,-5.429319
batch_01750_patch.tiff,patch_93,17.40722,12.63076,12.549712,12.530574,-8.23633
batch_01750_patch.tiff,patch_94,15.123054,11.447422,16.672388,10.59704,-5.1914644
batch_01750_patch.tiff,patch_95,13.840808,11.9091835,18.052862,6.410313,-4.968626
batch_01750_patch.tiff,patch_96,11.723603,8.9763155,13.40106,3.0203753,-12.121484
batch_01750_patch.tiff,patch_97,10.392287,12.118788,21.589174,-0.18309133,-10.87246
batch_01750_patch.tiff,patch_98,12.982203,15.760984,24.011423,5.6602197,-7.317225
batch_01750_patch.tiff,patch_99,12.258738,13.289333,18.862104,8.182834,-8.143614
batch_01750_patch.tiff,patch_100,14.361288,9.566995,24.556446,5.654916,-7.2976947
batch_01750_patch.tiff,patch_101,15.130458,9.459913,22.229637,7.032765,-10.490376
batch_01750_patch.tiff,patch_102,16.569061,11.428139,14.589761,8.88994,-8.457725
batch_01750_patch.tiff,patch_103,16.387718,9.368512,17.259134,5.6120367,-11.840229
batch_01750_patch.tiff,patch_104,12.516279,11.225079,12.338821,10.154308,-7.6929564
batch_01750_patch.tiff,patch_105,16.83463,6.6115637,21.707558,6.1349406,-7.017354
batch_01750_patch.tiff,patch_106,11.213391,14.486662,13.056336,5.376148,-8.247337
batch_01750_patch.tiff,patch_107,9.316671,8.404887,16.509346,8.814613,-7.717293
batch_01750_patch.tiff,patch_108,10.623993,7.235541,16.44352,5.279037,-12.13258
batch_01750_patch.tiff,patch_109,13.781338,12.869333,15.5652075,1.1110868,-13.122944
batch_01750_patch.tiff,patch_110,15.073507,11.023046,20.673822,5.8622475,-8.257979
batch_01750_patch.tiff,patch_111,13.589913,12.021743,20.614756,3.2240345,-7.745563
batch_01750_patch.tiff,patch_112,14.272089,8.235865,24.734327,7.455396,-8.538264
batch_01750_patch.tiff,patch_113,15.251335,10.821648,22.75084,4.995926,-8.507794
batch_01750_patch.tiff,patch_114,10.740652,11.104975,14.474605,7.4655957,-11.406003
batch_01750_patch.tiff,patch_115,10.631177,8.507621,16.879875,3.4095025,-9.330023
batch_01750_patch.tiff,patch_116,19.087662,11.919477,18.879261,10.367486,-4.300695
batch_01750_patch.tiff,patch_117,20.578184,9.277476,22.96331,6.5510573,-2.526281
batch_01750_patch.tiff,patch_118,14.017166,10.9267435,20.134583,11.501943,-7.2962446
batch_01750_patch.tiff,patch_119,11.20605,6.6410875,15.4731655,7.8556185,-11.446034
batch_01750_patch.tiff,patch_120,11.225093,13.1246605,21.201628,6.355726,-7.5089097
batch_01750_patch.tiff,patch_121,12.405667,8.600737,14.363356,7.519285,-12.115014
batch_01750_patch.tiff,patch_122,10.4021,14.8054495,19.334538,4.7583804,-9.442186
batch_01750_patch.tiff,patch_123,13.890272,10.225843,21.995338,7.6694674,-11.251664
batch_01750_patch.tiff,patch_124,11.646927,13.157024,14.942338,6.9224806,-10.836269
batch_01750_patch.tiff,patch_125,10.105542,8.193543,21.885347,5.3697515,-11.017676
batch_01750_patch.tiff,patch_126,5.4639835,15.765674,6.7781477,2.5049582,-16.38715
batch_01750_patch.tiff,patch_127,15.312662,8.340169,20.528633,6.8877325,-9.363986
batch_01750_patch.tiff,patch_128,16.370712,9.910317,20.385012,11.23478,-8.237455
batch_01750_patch.tiff,patch_129,19.540834,13.570509,18.746859,10.663278,-5.2328362
batch_01750_patch.tiff,patch_130,6.9242067,10.796893,18.101368,10.5806675,-10.1315
batch_01750_patch.tiff,patch_131,5.5623918,12.955074,11.49848,5.4414015,-9.141395
batch_01750_patch.tiff,patch_132,11.782607,9.304536,17.402246,3.9634066,-11.265154
batch_01750_patch.tiff,patch_133,11.843014,6.133672,11.82264,6.232647,-11.884327
batch_01750_patch.tiff,patch_134,11.38571,15.989266,17.11105,7.81372,-12.364446
batch_01750_patch.tiff,patch_135,11.669768,9.992559,23.23429,6.437417,-13.353625
batch_01750_patch.tiff,patch_136,8.937373,9.200902,17.673916,5.178315,-6.0588512
batch_01750_patch.tiff,patch_137,12.149153,15.613951,12.236136,11.862466,-12.8747835
batch_01750_patch.tiff,patch_138,10.405525,14.281297,10.329471,6.60043,-11.3303
batch_01750_patch.tiff,patch_139,8.51661,12.993419,13.347247,3.327828,-11.013395
batch_01750_patch.tiff,patch_140,16.23746,11.010265,22.863913,8.473219,-6.9184747
batch_01750_patch.tiff,patch_141,18.811337,11.681398,19.031397,10.417344,-4.879066
batch_01750_patch.tiff,patch_142,9.762649,8.27952,16.7848,4.3625813,-10.927237
batch_01750_patch.tiff,patch_143,8.550568,8.834434,16.697283,8.377633,-6.933498
batch_01750_patch.tiff,patch_144,16.064877,13.42746,17.402464,10.185117,-6.851128
batch_01750_patch.tiff,patch_145,12.028543,11.550633,12.699981,7.0403214,-8.987707
batch_01750_patch.tiff,patch_146,11.812036,13.02548,24.465351,3.41782,-6.111974
batch_01750_patch.tiff,patch_147,13.726463,16.984896,24.983212,8.017121,-8.391108
batch_01750_patch.tiff,patch_148,15.535518,8.133984,17.27964,10.856599,-9.492164
batch_01750_patch.tiff,patch_149,13.682221,6.2021604,16.131453,7.498424,-9.040123
batch_01750_patch.tiff,patch_150,8.778449,11.3436575,11.495364,3.5318913,-15.096838
batch_01750_patch.tiff,patch_151,8.9455,10.411307,12.154672,4.9126363,-8.799075
batch_01750_patch.tiff,patch_152,17.066296,9.664103,24.953232,8.591517,-9.096015
batch_01750_patch.tiff,patch_153,14.736832,8.361272,13.1499195,14.3671875,-8.199072
batch_01750_patch.tiff,patch_154,6.1593804,9.534004,11.672389,10.173123,-7.4323773
batch_01750_patch.tiff,patch_155,10.120108,8.166813,9.350933,6.4835873,-10.458852
batch_01750_patch.tiff,patch_156,8.867673,12.561018,8.725108,13.152343,-15.796426
batch_01750_patch.tiff,patch_157,9.198276,9.867868,13.385129,9.800454,-10.999141
batch_01750_patch.tiff,patch_158,15.106805,10.847693,21.550255,5.762815,-6.225589
batch_01750_patch.tiff,patch_159,15.920657,17.01604,22.206972,3.3316433,-11.227145
batch_01750_patch.tiff,patch_160,13.223778,7.5340185,22.707829,7.1648765,-8.074707
batch_01750_patch.tiff,patch_161,17.583668,8.096634,20.745184,7.2206254,-4.9813504
batch_01750_patch.tiff,patch_162,9.827114,10.7955475,11.832087,3.933061,-11.468888
batch_01750_patch.tiff,patch_163,8.592699,12.235655,9.946844,3.06852,-10.73438
batch_01750_patch.tiff,patch_164,10.465839,4.2899523,25.261524,8.956917,-11.366024
batch_01750_patch.tiff,patch_165,18.196737,7.7293277,24.3829,8.514528,-9.523255
batch_01750_patch.tiff,patch_166,13.829494,9.833124,23.597538,5.7625613,-7.8679724
batch_01750_patch.tiff,patch_167,10.305127,8.062322,12.47817,4.309669,-9.79414
batch_01750_patch.tiff,patch_168,9.368799,5.943005,14.787612,8.788313,-14.28598
batch_01750_patch.tiff,patch_169,9.9336815,11.143719,10.7752495,8.564253,-12.405678
batch_01750_patch.tiff,patch_170,15.1333475,9.68516,19.40908,7.421965,-5.342177
batch_01750_patch.tiff,patch_171,15.128719,13.729302,17.45599,2.104075,-5.81007
batch_01750_patch.tiff,patch_172,11.542917,12.999474,16.653624,8.965398,-8.3895645
batch_01750_patch.tiff,patch_173,14.382904,9.209995,23.822777,1.2236071,-6.446668
batch_01750_patch.tiff,patch_174,8.671742,9.808132,10.343995,3.6173213,-12.905314
batch_01750_patch.tiff,patch_175,12.47255,11.89704,12.2367735,5.940273,-10.538704
batch_01750_patch.tiff,patch_176,14.80594,12.847201,16.27095,7.0751314,-13.105094
batch_01750_patch.tiff,patch_177,18.034319,9.147098,24.110558,9.609835,-5.0840645
batch_01800_patch.tiff,patch_0,19.535534,5.577972,18.470894,11.984919,-7.898759
batch_01800_patch.tiff,patch_1,20.828775,8.2331915,17.132391,12.205771,-9.357135
batch_01800_patch.tiff,patch_2,12.980622,12.418138,13.680695,6.049618,-11.699841
batch_01800_patch.tiff,patch_3,18.411127,10.717402,15.276556,10.851242,-7.237635
batch_01800_patch.tiff,patch_4,15.250031,13.105532,16.952068,12.207031,-7.8401985
batch_01800_patch.tiff,patch_5,14.828902,5.8626585,16.778702,9.647033,-8.713329
batch_01800_patch.tiff,patch_6,17.409437,8.097296,25.33742,9.76011,-8.391167
batch_01800_patch.tiff,patch_7,15.716039,6.088619,12.14782,11.113396,-5.16409
batch_01800_patch.tiff,patch_8,10.858153,10.716272,16.494482,9.491274,-10.118372
batch_01800_patch.tiff,patch_9,14.520139,12.239734,15.280114,6.408399,-8.074262
batch_01800_patch.tiff,patch_10,13.298679,5.6676354,25.917406,9.078811,-8.111751
batch_01800_patch.tiff,patch_11,15.339414,5.975426,26.035627,6.1505356,-8.679807
batch_01800_patch.tiff,patch_12,14.9775915,15.702571,12.953036,6.1046066,-12.175718
batch_01800_patch.tiff,patch_13,13.726125,13.1878605,13.787432,8.378613,-11.869226
batch_01800_patch.tiff,patch_14,12.746918,12.304094,15.352442,3.7222455,-10.294438
batch_01800_patch.tiff,patch_15,12.145637,11.7966585,17.823233,7.7431574,-13.3122
batch_01800_patch.tiff,patch_16,17.976862,12.58731,17.721249,9.053796,-4.982392
batch_01800_patch.tiff,patch_17,11.324428,11.684282,19.849072,5.6443706,-12.971334
batch_01800_patch.tiff,patch_18,18.594017,10.881353,24.96385,9.8328085,-6.2747226
batch_01800_patch.tiff,patch_19,17.583391,8.765818,25.096209,7.122644,-6.5502563
batch_01800_patch.tiff,patch_20,14.267513,5.8733788,20.562147,6.2683916,-8.3129
batch_01800_patch.tiff,patch_21,14.456887,9.556145,19.135458,5.7461934,-8.33222
batch_01800_patch.tiff,patch_22,14.606177,11.995661,15.198299,8.007597,-9.299581
batch_01800_patch.tiff,patch_23,15.867853,9.951908,19.708748,12.063665,-13.120396
batch_01800_patch.tiff,patch_24,13.192715,5.752156,20.135908,7.873267,-10.917671
batch_01800_patch.tiff,patch_25,16.88815,8.276748,11.596984,6.41494,-10.230075
batch_01800_patch.tiff,patch_26,16.646894,10.788813,20.819883,11.484044,-5.4261246
batch_01800_patch.tiff,patch_27,12.928215,8.648961,19.814486,5.040168,-8.972568
batch_01800_patch.tiff,patch_28,13.842699,12.231242,15.35007,11.595934,-8.230591
batch_01800_patch.tiff,patch_29,11.184823,7.894765,20.96537,13.331925,-5.758702
batch_01800_patch.tiff,patch_30,10.023916,6.9462037,17.752201,7.183923,-7.251909
batch_01800_patch.tiff,patch_31,5.9824533,7.4410996,16.931442,10.633741,-11.120085
batch_01800_patch.tiff,patch_32,12.184152,8.9514,13.639574,6.2857113,-12.770763
batch_01800_patch.tiff,patch_33,16.204176,10.292385,23.683329,10.083044,-5.189336
batch_01800_patch.tiff,patch_34,7.6701603,15.649851,11.810262,-0.42489073,-14.515219
batch_01800_patch.tiff,patch_35,5.9897876,15.543333,6.6572943,-2.0333397,-14.800821
batch_01800_patch.tiff,patch_36,17.98802,11.18701,27.752083,3.375248,-6.1604843
batch_01800_patch.tiff,patch_37,14.959665,14.048635,17.663828,6.083125,-9.88139
batch_01800_patch.tiff,patch_38,16.516544,8.466667,23.864494,9.623567,-9.705944
batch_01800_patch.tiff,patch_39,14.776997,12.013037,15.929989,8.868602,-9.603626
batch_01800_patch.tiff,patch_40,20.71324,10.99407,24.056074,9.654044,-6.9504933
batch_01800_patch.tiff,patch_41,13.634416,13.239312,13.677465,4.600604,-13.12233
batch_01800_patch.tiff,patch_42,10.521215,10.1628275,15.799131,2.9765186,-13.98375
batch_01800_patch.tiff,patch_43,11.656288,8.476191,12.8619,2.7509732,-16.766415
batch_01800_patch.tiff,patch_44,16.211279,10.075264,22.994394,4.8047624,-12.582201
batch_01800_patch.tiff,patch_45,16.98456,6.454136,19.61262,4.8028264,-8.401215
batch_01800_patch.tiff,patch_46,12.661074,11.195266,17.320082,5.356152,-9.029382
batch_01800_patch.tiff,patch_47,7.603143,16.529104,6.8172183,1.8670164,-17.266453
batch_01800_patch.tiff,patch_48,15.554981,10.117131,18.114517,9.931121,-3.950186
batch_01800_patch.tiff,patch_49,16.969439,6.4623456,17.665173,5.9261155,-8.77738
batch_01800_patch.tiff,patch_50,14.237751,7.4433317,17.388838,9.186881,-7.2600484
batch_01800_patch.tiff,patch_51,21.3847,9.771492,28.16395,7.429252,-3.9043567
batch_01800_patch.tiff,patch_52,14.421946,13.295802,14.087663,4.3871117,-10.837579
batch_01800_patch.tiff,patch_53,9.288417,4.939119,21.33229,9.960963,-9.000047
batch_01800_patch.tiff,patch_54,15.739659,8.63411,26.101507,10.338538,-9.279026
batch_01800_patch.tiff,patch_55,10.600095,6.848923,16.817133,7.324228,-9.059812
batch_01800_patch.tiff,patch_56,9.970589,7.1623354,15.2575,13.45738,-14.30759
batch_01800_patch.tiff,patch_57,9.110641,15.402569,10.391572,1.8133444,-13.044773
batch_01800_patch.tiff,patch_58,9.258469,12.354683,8.513791,5.4107504,-10.3117285
batch_01800_patch.tiff,patch_59,13.230249,5.4371867,25.240183,6.3087015,-8.242221
batch_01800_patch.tiff,patch_60,17.900215,9.027814,25.399082,6.630968,-8.4737625
batch_01800_patch.tiff,patch_61,18.096693,6.499989,18.57202,7.4687595,-8.290646
batch_01800_patch.tiff,patch_62,17.809435,7.331578,17.847567,10.720383,-7.4387317
batch_01800_patch.tiff,patch_63,16.628807,13.937692,18.242579,8.495719,-6.04143
batch_01800_patch.tiff,patch_64,12.897261,13.006735,18.156101,4.835206,-10.44871
batch_01800_patch.tiff,patch_65,17.094923,6.7826433,26.71294,7.8088346,-4.827944
batch_01800_patch.tiff,patch_66,15.115101,9.897283,25.360283,6.366748,-8.642715
batch_01800_patch.tiff,patch_67,10.597211,7.698809,20.500648,8.851983,-13.828941
batch_01800_patch.tiff,patch_68,7.765621,6.6954412,20.322,9.194634,-13.271948
batch_01800_patch.tiff,patch_69,9.304129,13.556569,13.917688,7.234819,-13.103499
batch_01800_patch.tiff,patch_70,10.009265,16.527967,8.280684,1.9794791,-15.910694
batch_01800_patch.tiff,patch_71,11.867474,3.334494,20.927818,4.6868496,-10.233785
batch_01800_patch.tiff,patch_72,12.709937,2.77444,21.619938,8.667193,-9.322696
batch_01800_patch.tiff,patch_73,17.084728,11.325746,24.580368,9.387491,-8.447708
batch_01800_patch.tiff,patch_74,17.245089,10.082917,15.053815,7.626352,-9.087769
batch_01800_patch.tiff,patch_75,10.881375,18.952768,15.449286,5.2302184,-15.082146
batch_01800_patch.tiff,patch_76,11.756668,12.908755,19.97252,2.907547,-11.948733
batch_01800_patch.tiff,patch_77,14.105677,8.441946,23.483,13.353296,-6.728826
batch_01800_patch.tiff,patch_78,12.939436,13.523869,22.517601,6.0099683,-11.63665
batch_01800_patch.tiff,patch_79,10.343593,9.215369,15.720977,8.402344,-10.098638
batch_01800_patch.tiff,patch_80,11.925221,9.78191,11.515783,8.099484,-13.241064
batch_01800_patch.tiff,patch_81,18.052282,10.538408,17.099977,11.832966,-3.010189
batch_01800_patch.tiff,patch_82,14.600896,9.028062,22.766794,8.382083,-7.980034
batch_01800_patch.tiff,patch_83,8.452359,11.408671,11.541434,4.6744485,-8.012996
batch_01800_patch.tiff,patch_84,9.41933,15.187498,7.6176076,0.4096667,-11.072131
batch_01800_patch.tiff,patch_85,17.324463,6.7356358,21.818607,6.1934867,-6.9387417
batch_01800_patch.tiff,patch_86,17.79875,5.6003423,21.871822,9.130516,-8.513804
batch_01800_patch.tiff,patch_87,16.239931,8.308906,21.394993,7.8412194,-11.169279
batch_01800_patch.tiff,patch_88,12.368622,9.693333,17.16679,10.093347,-8.20415
batch_01800_patch.tiff,patch_89,13.349167,10.145326,25.791245,7.876055,-5.1649365
batch_01800_patch.tiff,patch_90,16.375147,6.2143927,24.614807,5.9684224,-6.4593244
batch_01800_patch.tiff,patch_91,9.437046,11.525788,14.320258,6.8277354,-12.344006
batch_01800_patch.tiff,patch_92,8.995507,12.944449,12.213798,0.73797923,-12.431764
batch_01800_patch.tiff,patch_93,16.463526,8.245991,16.728043,12.376536,-7.722392
batch_01800_patch.tiff,patch_94,13.401645,9.446768,22.05357,10.173146,-10.307989
batch_01800_patch.tiff,patch_95,10.092711,18.6132,15.425713,-1.9694893,-15.470757
batch_01800_patch.tiff,patch_96,8.094383,13.152931,15.710437,0.4701535,-9.267768
batch_01800_patch.tiff,patch_97,11.582208,11.298378,13.005157,4.4843097,-13.330621
batch_01800_patch.tiff,patch_98,12.257471,9.7279625,10.38719,5.5199943,-7.826764
batch_01800_patch.tiff,patch_99,17.937588,11.226892,23.291426,7.131328,-5.0953274
batch_01800_patch.tiff,patch_100,15.603493,8.530521,21.364418,11.697311,-6.684557
batch_01800_patch.tiff,patch_101,17.87133,11.660763,23.201132,8.231169,-11.643718
batch_01800_patch.tiff,patch_102,10.814353,12.961129,15.4808855,7.992424,-15.232015
batch_01800_patch.tiff,patch_103,17.02874,6.816037,22.736078,5.9762363,-8.876104
batch_01800_patch.tiff,patch_104,13.5260315,8.037756,21.103418,5.089369,-11.276827
batch_01800_patch.tiff,patch_105,18.130701,10.662023,21.26655,9.505225,-7.335034
batch_01800_patch.tiff,patch_106,13.682287,12.803543,15.10174,8.53468,-11.014586
batch_01800_patch.tiff,patch_107,13.113685,6.153853,22.57618,10.213717,-8.549625
batch_01800_patch.tiff,patch_108,10.364517,19.075447,16.695307,3.2126253,-13.953833
batch_01800_patch.tiff,patch_109,15.890675,11.931459,17.59568,6.375048,-11.647441
batch_01800_patch.tiff,patch_110,14.198237,11.762756,18.836208,7.666323,-11.488157
batch_01800_patch.tiff,patch_111,11.521405,11.341039,14.522216,10.884068,-11.655814
batch_01800_patch.tiff,patch_112,15.216808,6.3976088,23.7836,7.3785796,-5.452039
batch_01800_patch.tiff,patch_113,14.925747,15.937749,17.628353,13.13274,-12.600671
batch_01800_patch.tiff,patch_114,8.175264,16.83385,10.849899,7.0987744,-11.654882
batch_01800_patch.tiff,patch_115,15.026383,5.768902,25.210632,5.4740157,-7.8710504
batch_01800_patch.tiff,patch_116,17.201729,12.084952,23.178843,7.397565,-7.838521
batch_01800_patch.tiff,patch_117,12.518607,11.667088,11.8799305,8.387458,-11.932774
batch_01800_patch.tiff,patch_118,10.69286,10.092187,14.885912,11.422795,-9.052137
batch_01800_patch.tiff,patch_119,9.757499,9.97272,17.371098,11.810806,-11.672649
batch_01800_patch.tiff,patch_120,17.042648,10.459276,19.832941,6.903448,-7.046926
batch_01800_patch.tiff,patch_121,21.336424,13.039479,19.032604,6.353354,-10.758617
batch_01800_patch.tiff,patch_122,11.814744,12.986564,14.5002575,4.516614,-9.981725
batch_01800_patch.tiff,patch_123,9.257835,14.93504,8.844147,1.5229511,-12.937762
batch_01800_patch.tiff,patch_124,16.091125,5.0908837,25.634018,10.031273,-7.8685265
batch_01800_patch.tiff,patch_125,15.987006,5.8772783,24.233614,9.008113,-6.8674483
batch_01800_patch.tiff,patch_126,13.131621,9.135947,17.511225,6.9149604,-12.185187
batch_01800_patch.tiff,patch_127,15.714523,14.233714,23.40309,7.177596,-9.77814
batch_01800_patch.tiff,patch_128,18.987322,11.463982,17.034487,4.535983,-9.929925
batch_01800_patch.tiff,patch_129,16.007399,10.152018,19.615046,4.6165414,-7.1701612
batch_01800_patch.tiff,patch_130,16.257668,8.85725,23.360817,8.48307,-7.2386107
batch_01800_patch.tiff,patch_131,15.077252,9.607501,22.794216,8.433044,-8.611992
batch_01800_patch.tiff,patch_132,17.50321,9.4978485,25.196634,7.1095386,-3.7131968
batch_01800_patch.tiff,patch_133,15.489707,9.47489,16.032753,11.15641,-1.9233013
batch_01800_patch.tiff,patch_134,15.116333,13.613486,19.33247,4.399333,-8.253309
batch_01800_patch.tiff,patch_135,14.931497,13.509539,16.766539,2.9099197,-12.520109
batch_01800_patch.tiff,patch_136,7.901105,2.5812318,18.170792,13.912553,-12.653591
batch_01800_patch.tiff,patch_137,11.568088,5.1865444,21.109991,12.600515,-7.578291
batch_01800_patch.tiff,patch_138,11.098207,18.53072,10.331867,2.1988125,-16.792582
batch_01800_patch.tiff,patch_139,10.481237,11.711061,13.68601,4.798478,-12.007188
batch_01800_patch.tiff,patch_140,17.949272,7.15275,18.110514,9.665309,-12.4908695
batch_01800_patch.tiff,patch_141,13.055135,6.4600253,13.734499,6.47845,-8.7449465
batch_01800_patch.tiff,patch_142,18.155394,7.9832106,25.641945,13.677211,-4.918351
batch_01800_patch.tiff,patch_143,17.589888,10.900499,23.331112,6.881175,-8.57124
batch_01800_patch.tiff,patch_144,11.947308,10.211651,13.854909,5.9033713,-12.037715
batch_01800_patch.tiff,patch_145,10.875712,14.04416,14.860451,2.2329106,-12.928516
batch_01800_patch.tiff,patch_146,12.29344,9.456865,12.710462,6.176094,-10.538791
batch_01800_patch.tiff,patch_147,7.2234683,11.896551,13.167501,3.6712751,-11.72214
batch_01800_patch.tiff,patch_148,16.48708,10.803302,22.611961,9.119435,-5.229256
batch_01800_patch.tiff,patch_149,6.948734,8.082461,18.238678,12.8784275,-10.898033
batch_01800_patch.tiff,patch_150,6.3463664,9.959555,11.826398,10.682902,-9.116891
batch_01800_patch.tiff,patch_151,11.9972105,12.436128,20.897959,5.90943,-8.373762
batch_01800_patch.tiff,patch_152,16.734562,9.719306,23.656277,8.039778,-7.675695
batch_01800_patch.tiff,patch_153,16.681507,7.339616,24.090313,6.9033117,-10.472072
batch_01800_patch.tiff,patch_154,13.360165,12.296882,16.719498,8.956419,-12.052814
batch_01800_patch.tiff,patch_155,15.536325,9.483166,17.435104,6.742479,-7.009095
batch_01800_patch.tiff,patch_156,12.957725,12.28125,13.296009,3.9564862,-10.630259
batch_01800_patch.tiff,patch_157,12.212986,11.961122,12.4662895,6.0823584,-13.485273
batch_01800_patch.tiff,patch_158,11.110049,9.723276,11.864852,5.7860765,-11.657716
batch_01800_patch.tiff,patch_159,11.273871,10.027201,14.920373,11.16096,-13.353501
batch_01800_patch.tiff,patch_160,8.655249,11.614868,18.94596,7.5888495,-9.760177
batch_01800_patch.tiff,patch_161,6.2588964,8.055318,12.843557,13.585611,-12.606983
batch_01800_patch.tiff,patch_162,10.641147,7.0177355,16.489208,11.176121,-11.947296
batch_01800_patch.tiff,patch_163,12.067006,7.585984,17.464355,12.230775,-6.7896414
batch_01800_patch.tiff,patch_164,16.590937,10.708645,19.633884,8.370341,-5.775891
batch_01800_patch.tiff,patch_165,17.055317,9.534383,18.514248,8.140536,-7.4816647
batch_01800_patch.tiff,patch_166,13.736785,12.28344,13.515906,8.829481,-11.050116
batch_01800_patch.tiff,patch_167,18.07179,9.331406,16.000517,9.785753,-8.951746
batch_01800_patch.tiff,patch_168,14.144325,6.9742723,14.926959,7.9822707,-5.313175
batch_01800_patch.tiff,patch_169,15.797648,16.45215,13.15971,5.4555383,-12.476077
batch_01800_patch.tiff,patch_170,12.95949,5.3542333,16.850075,6.088107,-10.503523
batch_01800_patch.tiff,patch_171,7.800565,6.402686,15.040572,6.7780776,-15.924704
batch_01800_patch.tiff,patch_172,12.422581,4.0395756,18.274094,10.811733,-12.491919
batch_01800_patch.tiff,patch_173,11.157091,5.237563,16.468128,8.456401,-10.803629
batch_01800_patch.tiff,patch_174,15.145959,9.960701,22.817745,6.563504,-7.155876
batch_01800_patch.tiff,patch_175,14.972361,10.196027,17.072338,10.60328,-5.7540016
batch_01800_patch.tiff,patch_176,15.366269,7.525049,22.001213,6.3612304,-9.679678
batch_01850_patch.tiff,patch_0,14.24081,10.612846,20.246735,6.852885,-10.39743
batch_01850_patch.tiff,patch_1,17.855791,9.189535,19.543024,8.62529,-9.723996
batch_01850_patch.tiff,patch_2,13.790226,10.713826,18.055891,9.581026,-5.4632173
batch_01850_patch.tiff,patch_3,16.226486,8.768617,20.999262,7.339903,-6.1184077
batch_01850_patch.tiff,patch_4,7.2697177,4.3182034,12.8337145,6.3808556,-10.811683
batch_01850_patch.tiff,patch_5,7.5357494,10.498156,10.046923,10.016353,-9.40165
batch_01850_patch.tiff,patch_6,12.148557,9.322415,12.503524,10.347427,-6.0376806
batch_01850_patch.tiff,patch_7,17.246264,10.159511,20.1345,8.540977,-3.448927
batch_01850_patch.tiff,patch_8,16.954765,9.104888,22.031725,9.583962,-7.9529734
batch_01850_patch.tiff,patch_9,15.037286,13.1069355,17.432823,13.522476,-4.3027744
batch_01850_patch.tiff,patch_10,11.412273,12.958572,13.555782,13.560301,-6.6971526
batch_01850_patch.tiff,patch_11,14.302521,7.3746104,25.356047,10.843626,-4.8328247
batch_01850_patch.tiff,patch_12,14.9455805,9.475954,22.535322,7.5489297,-5.2849903
batch_01850_patch.tiff,patch_13,18.857763,11.900377,16.919897,4.878714,-10.19816
batch_01850_patch.tiff,patch_14,16.878788,10.088486,17.717861,10.10512,-8.649144
batch_01850_patch.tiff,patch_15,15.666027,9.787721,17.839476,9.67863,-4.739518
batch_01850_patch.tiff,patch_16,16.76432,3.0737903,14.316906,10.209309,-6.1091685
batch_01850_patch.tiff,patch_17,11.9681425,5.7466435,17.6152,5.734987,-7.5996375
batch_01850_patch.tiff,patch_18,12.198563,13.702777,14.34825,5.9099402,-11.240345
batch_01850_patch.tiff,patch_19,5.485048,11.883234,8.766171,1.1677042,-12.361752
batch_01850_patch.tiff,patch_20,9.111017,8.650171,12.412699,8.259634,-9.5276
batch_01850_patch.tiff,patch_21,13.895491,10.267118,20.493605,10.523471,-8.120543
batch_01850_patch.tiff,patch_22,5.971626,6.3570004,11.906794,9.129334,-8.550692
batch_01850_patch.tiff,patch_23,12.7826185,8.938214,15.47823,13.164311,-2.1864522
batch_01850_patch.tiff,patch_24,15.456883,8.62385,21.602589,10.019702,-7.08534
batch_01850_patch.tiff,patch_25,19.203999,9.906645,16.00736,8.288573,-7.1826987
batch_01850_patch.tiff,patch_26,17.2847,8.864625,18.555777,5.1417713,-7.147904
batch_01850_patch.tiff,patch_27,14.466268,7.4339433,19.647219,7.8018293,-12.702961
batch_01850_patch.tiff,patch_28,11.938347,7.036224,12.734093,7.526631,-8.034785
batch_01850_patch.tiff,patch_29,12.892178,7.1847744,11.064325,6.492906,-11.322216
batch_01850_patch.tiff,patch_30,12.626142,9.3700905,15.774923,4.403072,-8.797898
batch_01850_patch.tiff,patch_31,10.957309,8.975718,19.434679,9.832235,-7.9746737
batch_01850_patch.tiff,patch_32,13.368974,12.171685,15.22069,11.772311,-3.4604564
batch_01850_patch.tiff,patch_33,14.173031,10.289792,20.567022,9.891734,-4.5875993
batch_01850_patch.tiff,patch_34,17.116713,6.257308,22.831991,10.019195,-7.516584
batch_01850_patch.tiff,patch_35,18.627869,10.510454,23.628174,9.983407,-6.125795
batch_01850_patch.tiff,patch_36,19.610096,8.944534,27.195509,7.7314806,-5.601433
batch_01850_patch.tiff,patch_37,20.115187,9.949476,26.623652,8.732333,-8.867672
batch_01850_patch.tiff,patch_38,13.760814,10.748891,12.73052,6.0588884,-10.1356535
batch_01850_patch.tiff,patch_39,18.805368,12.562192,20.842571,8.37711,-8.487151
batch_01850_patch.tiff,patch_40,10.89075,6.832452,17.094099,6.6573253,-10.968673
batch_01850_patch.tiff,patch_41,16.432796,10.37227,22.435493,6.6800075,-9.960704
batch_01850_patch.tiff,patch_42,11.557277,13.23719,13.973836,7.6650963,-10.263027
batch_01850_patch.tiff,patch_43,13.002397,8.294942,21.399546,7.871668,-9.827534
batch_01850_patch.tiff,patch_44,17.116327,11.241022,23.69144,3.8484688,-7.8079166
batch_01850_patch.tiff,patch_45,14.1893635,12.627268,27.824924,3.7794497,-1.8592128
batch_01850_patch.tiff,patch_46,13.295537,9.675326,19.814735,9.529421,-5.928971
batch_01850_patch.tiff,patch_47,16.462036,4.9971213,23.970697,4.7291145,-10.572729
batch_01850_patch.tiff,patch_48,15.246957,7.3889084,18.529749,6.876599,-9.650509
batch_01850_patch.tiff,patch_49,14.884295,13.154178,19.545597,7.5356817,-7.603007
batch_01850_patch.tiff,patch_50,18.400763,9.72451,21.778624,6.8405986,-6.114698
batch_01850_patch.tiff,patch_51,15.817176,7.212478,20.631971,6.2559633,-5.0983467
batch_01850_patch.tiff,patch_52,9.411746,12.625092,16.418417,14.126506,-10.243313
batch_01850_patch.tiff,patch_53,9.795344,11.663786,10.390673,5.7014627,-9.373102
batch_01850_patch.tiff,patch_54,14.624932,7.4560547,14.305702,7.7055883,-12.451411
batch_01850_patch.tiff,patch_55,9.764808,8.196771,16.03874,4.955182,-6.1464496
batch_01850_patch.tiff,patch_56,15.303946,9.668835,6.4572325,14.0021105,-9.153357
batch_01850_patch.tiff,patch_57,13.762563,6.5920734,15.599099,12.818775,-8.296813
batch_01850_patch.tiff,patch_58,15.51092,9.755843,24.643408,10.1856,-6.025485
batch_01850_patch.tiff,patch_59,11.051726,5.500865,18.491581,11.014385,-6.194456
batch_01850_patch.tiff,patch_60,14.587603,10.18605,19.29375,8.577334,-2.3671901
batch_01850_patch.tiff,patch_61,16.061516,6.975953,20.239794,8.310648,-6.1237674
batch_01850_patch.tiff,patch_62,15.996663,7.1675825,15.634066,5.6542573,-13.469883
batch_01850_patch.tiff,patch_63,14.642261,14.784655,16.51154,7.02778,-12.733079
batch_01850_patch.tiff,patch_64,16.50322,8.627427,9.625802,9.96365,-9.952455
batch_01850_patch.tiff,patch_65,14.242894,8.857588,19.26015,4.3962374,-7.9924684
batch_01850_patch.tiff,patch_66,15.639056,10.898099,16.59858,9.539582,-11.894618
batch_01850_patch.tiff,patch_67,17.84274,14.266724,11.1139345,9.983069,-5.8665557
batch_01850_patch.tiff,patch_68,8.714315,5.8876033,4.8616405,5.252212,-9.494606
batch_01850_patch.tiff,patch_69,18.209444,8.520811,19.9761,8.788554,-10.397753
batch_01850_patch.tiff,patch_70,14.727584,12.704582,15.614822,6.8673787,-9.135054
batch_01850_patch.tiff,patch_71,16.634426,9.550881,21.232864,8.038414,-6.8605394
batch_01850_patch.tiff,patch_72,16.188448,9.602899,22.865479,5.4532022,-5.5837245
batch_01850_patch.tiff,patch_73,14.928131,10.307539,22.106676,7.8607764,-8.359591
batch_01850_patch.tiff,patch_74,13.144085,6.7017894,17.589148,7.683178,-11.195627
batch_01850_patch.tiff,patch_75,16.349117,6.1307435,19.77188,11.363355,-9.599258
batch_01850_patch.tiff,patch_76,15.432674,10.183753,20.627,3.6145656,-10.346538
batch_01850_patch.tiff,patch_77,17.43093,8.612861,24.00949,11.690346,-7.0485272
batch_01850_patch.tiff,patch_78,13.312135,8.340551,12.415302,8.77007,-9.051341
batch_01850_patch.tiff,patch_79,11.627717,1.7203815,13.169095,6.773483,-10.96316
batch_01850_patch.tiff,patch_80,17.502388,11.279088,19.465048,12.270553,-3.0146463
batch_01850_patch.tiff,patch_81,16.406765,12.841181,13.295239,6.376882,-9.651679
batch_01850_patch.tiff,patch_82,16.788635,12.096282,22.91279,8.303194,-4.8581576
batch_01850_patch.tiff,patch_83,18.448849,9.432801,18.597929,8.310993,-3.993643
batch_01850_patch.tiff,patch_84,12.986009,9.033251,23.91484,9.783786,-9.228233
batch_01850_patch.tiff,patch_85,10.683173,10.258982,19.824188,9.758864,-4.7810984
batch_01850_patch.tiff,patch_86,14.92618,7.411073,22.255793,11.436225,-7.2272778
batch_01850_patch.tiff,patch_87,12.494446,12.718277,14.571457,8.109306,-10.995973
batch_01850_patch.tiff,patch_88,11.257699,8.904423,13.00434,11.458889,-13.295144
batch_01850_patch.tiff,patch_89,17.961517,6.718362,24.210718,7.508137,-13.209017
batch_01850_patch.tiff,patch_90,16.261318,8.805437,21.502758,6.50451,-10.859788
batch_01850_patch.tiff,patch_91,17.660172,9.907217,22.971695,5.272063,-7.9910765
batch_01850_patch.tiff,patch_92,15.698611,12.246579,19.383804,9.60303,-8.385787
batch_01850_patch.tiff,patch_93,10.717849,10.044749,16.982002,10.629588,-5.310821
batch_01850_patch.tiff,patch_94,12.039608,8.133689,20.805502,6.240761,-9.008455
batch_01850_patch.tiff,patch_95,8.69832,6.837683,17.15126,9.467939,-6.5177274
batch_01850_patch.tiff,patch_96,15.132666,9.653099,20.23046,7.767848,-12.588391
batch_01850_patch.tiff,patch_97,15.522321,5.682534,12.01052,9.878974,-13.309923
batch_01850_patch.tiff,patch_98,12.300274,5.778588,15.44148,6.5741515,-8.021236
batch_01850_patch.tiff,patch_99,14.932172,11.680958,16.79812,8.178599,-9.020544
batch_01850_patch.tiff,patch_100,12.442814,7.0198536,19.453348,10.004944,-9.224074
batch_01850_patch.tiff,patch_101,16.286018,7.711583,9.639637,8.902685,-12.867328
batch_01850_patch.tiff,patch_102,14.043978,12.516985,18.351465,10.087316,-7.302637
batch_01850_patch.tiff,patch_103,13.607085,9.167685,22.300953,6.5335093,-10.482981
batch_01850_patch.tiff,patch_104,13.261815,10.079298,22.701817,10.133895,-5.517287
batch_01850_patch.tiff,patch_105,12.977522,11.216499,21.186947,11.258488,-5.398239
batch_01850_patch.tiff,patch_106,12.446927,10.226764,12.513208,10.9526,-6.8725924
batch_01850_patch.tiff,patch_107,19.11602,9.182981,19.211634,9.918079,-7.595844
batch_01850_patch.tiff,patch_108,17.574863,9.637481,22.564312,6.554636,-7.393015
batch_01850_patch.tiff,patch_109,12.77819,9.9011755,14.580575,4.623711,-11.220296
batch_01850_patch.tiff,patch_110,15.132698,6.391513,12.741846,8.475003,-10.770829
batch_01850_patch.tiff,patch_111,11.796974,13.449603,18.056581,4.7419114,-11.194003
batch_01850_patch.tiff,patch_112,13.631111,6.6570992,18.32936,9.550567,-9.561514
batch_01850_patch.tiff,patch_113,10.169346,8.030691,10.291251,5.821529,-11.790634
batch_01850_patch.tiff,patch_114,12.550329,12.745272,18.48605,9.540093,-8.258606
batch_01850_patch.tiff,patch_115,14.965391,7.986368,23.7173,6.1744566,-9.321984
batch_01850_patch.tiff,patch_116,12.231637,8.309379,20.100277,14.565633,-6.263082
batch_01850_patch.tiff,patch_117,15.208099,8.4443445,21.416027,7.809712,-4.6834917
batch_01850_patch.tiff,patch_118,19.23603,11.938108,22.242786,10.956165,-8.905552
batch_01850_patch.tiff,patch_119,17.098871,7.000373,24.297602,6.413771,-7.4542217
batch_01850_patch.tiff,patch_120,14.587336,7.82119,18.087221,6.787736,-5.314358
batch_01850_patch.tiff,patch_121,12.270779,8.298716,12.065838,5.702921,-12.200448
batch_01850_patch.tiff,patch_122,9.896955,10.817912,8.953322,6.8011527,-11.980302
batch_01850_patch.tiff,patch_123,17.46788,8.270645,23.324938,5.9563875,-9.92129
batch_01850_patch.tiff,patch_124,13.987159,12.224236,22.603004,9.181415,-8.896667
batch_01850_patch.tiff,patch_125,13.75493,10.74379,19.041931,9.478943,-7.427355
batch_01850_patch.tiff,patch_126,10.178244,9.408795,16.77431,7.9975734,-9.204094
batch_01850_patch.tiff,patch_127,14.18445,9.545604,20.98481,9.458446,-3.29215
batch_01850_patch.tiff,patch_128,14.241267,7.194723,21.911724,5.775386,-5.4289727
batch_01850_patch.tiff,patch_129,13.466866,10.172042,21.81291,6.6687975,-5.953627
batch_01850_patch.tiff,patch_130,19.573305,14.855208,14.274516,14.946229,-6.6910744
batch_01850_patch.tiff,patch_131,14.526475,8.567235,15.761531,7.092936,-9.502209
batch_01850_patch.tiff,patch_132,17.932608,8.616669,11.4176855,10.794648,-7.676155
batch_01850_patch.tiff,patch_133,12.589328,5.5918617,19.595327,6.171095,-11.365203
batch_01850_patch.tiff,patch_134,11.389139,8.978514,10.2348385,1.5616069,-12.112983
batch_01850_patch.tiff,patch_135,17.7292,8.909057,24.512936,6.905798,-9.632142
batch_01850_patch.tiff,patch_136,18.071592,9.931419,23.285429,6.7056594,-9.055944
batch_01850_patch.tiff,patch_137,10.99171,13.656279,18.859476,14.511493,-6.881119
batch_01850_patch.tiff,patch_138,10.980451,9.224049,17.544315,13.272047,-7.029323
batch_01850_patch.tiff,patch_139,13.717992,8.123084,18.455008,6.165212,-4.935049
batch_01850_patch.tiff,patch_140,13.129002,7.2943454,9.125062,10.766755,-6.6340165
batch_01850_patch.tiff,patch_141,16.369461,9.047574,23.857224,5.9382977,-9.9604845
batch_01850_patch.tiff,patch_142,14.212957,12.389821,17.031664,10.676043,-4.899309
batch_01850_patch.tiff,patch_143,12.993332,12.59928,17.096878,2.205587,-11.728576
batch_01850_patch.tiff,patch_144,18.159157,8.449826,24.174809,8.543914,-7.511054
batch_01850_patch.tiff,patch_145,14.856688,8.259275,19.611298,11.26349,-10.192341
batch_01850_patch.tiff,patch_146,17.425276,9.818574,23.140907,7.3960257,-11.137989
batch_01850_patch.tiff,patch_147,16.287525,6.320753,20.067114,3.3589735,-6.6159835
batch_01850_patch.tiff,patch_148,6.3468795,8.643791,7.786357,5.2941236,-10.383369
batch_01850_patch.tiff,patch_149,6.8172383,10.451593,8.7945385,6.788596,-11.263484
batch_01850_patch.tiff,patch_150,17.41028,9.490843,18.033539,11.544749,-4.032972
batch_01850_patch.tiff,patch_151,13.026031,12.810193,14.835786,12.297078,-4.1417494
batch_01850_patch.tiff,patch_152,15.548378,14.634008,10.890769,5.381122,-10.253991
batch_01850_patch.tiff,patch_153,13.614158,10.240274,22.90048,10.076836,-6.3039656
batch_01850_patch.tiff,patch_154,13.477606,10.588573,16.023638,8.496919,-6.9720645
batch_01850_patch.tiff,patch_155,12.3661995,12.116961,19.41208,9.985337,-7.851026
batch_01850_patch.tiff,patch_156,12.024445,6.2194405,16.967138,3.5648022,-9.459755
batch_01850_patch.tiff,patch_157,14.5837555,8.37516,22.485035,11.5147085,-7.576045
batch_01850_patch.tiff,patch_158,16.438255,6.43551,15.601875,8.108676,-8.867314
batch_01850_patch.tiff,patch_159,17.908339,8.332044,20.072435,5.060881,-7.833966
batch_01850_patch.tiff,patch_160,14.209942,13.533069,11.538254,2.52871,-11.765383
batch_01850_patch.tiff,patch_161,10.043501,13.928495,6.4466605,3.0860395,-13.298306
batch_01850_patch.tiff,patch_162,16.938707,10.423852,21.878792,10.271227,-2.4818485
batch_01850_patch.tiff,patch_163,17.468405,10.010135,18.650887,10.064868,-6.4589295
batch_01850_patch.tiff,patch_164,17.343756,12.21683,21.833313,9.180628,-4.1074476
batch_01850_patch.tiff,patch_165,15.828574,11.556204,16.435522,10.257318,-6.2102084
batch_01850_patch.tiff,patch_166,12.706536,11.916423,18.80382,8.33986,-10.449246
batch_01850_patch.tiff,patch_167,15.271809,10.87796,20.246397,10.94142,-5.848101
batch_01850_patch.tiff,patch_168,14.5883665,7.2333913,17.51382,8.885412,-9.48577
batch_01850_patch.tiff,patch_169,16.324127,9.213345,13.7462,6.298759,-13.174594
batch_01850_patch.tiff,patch_170,18.75108,10.364511,17.583029,11.525628,-10.46288
batch_01850_patch.tiff,patch_171,11.358615,11.647187,12.530193,7.4383736,-8.560211
batch_01850_patch.tiff,patch_172,13.606491,9.228377,19.968187,8.789906,-8.5187025
batch_01850_patch.tiff,patch_173,18.6747,8.678313,19.761477,5.799598,-4.628158
batch_01850_patch.tiff,patch_174,11.040078,13.378853,17.112913,2.3784664,-10.043883
batch_01850_patch.tiff,patch_175,13.080694,8.474156,16.808895,6.60262,-6.9165764
batch_01850_patch.tiff,patch_176,14.274521,9.03551,21.725687,10.776427,-6.0919456
batch_01850_patch.tiff,patch_177,10.466377,8.772142,15.381913,10.476248,-6.8753934
batch_01900_patch.tiff,patch_0,19.03742,11.9613905,25.558975,9.707436,-4.4776645
batch_01900_patch.tiff,patch_1,17.684105,7.407223,25.619331,5.179989,-3.2812853
batch_01900_patch.tiff,patch_2,20.686256,10.750893,21.843218,8.947182,-3.5288172
batch_01900_patch.tiff,patch_3,16.044353,11.9049,23.177034,5.603824,-4.8190737
batch_01900_patch.tiff,patch_4,16.77673,5.9139395,25.417242,7.5180616,-8.779344
batch_01900_patch.tiff,patch_5,16.16222,6.5156584,23.686142,5.8218536,-9.107487
batch_01900_patch.tiff,patch_6,17.326534,5.048927,13.397477,8.913184,-4.1485434
batch_01900_patch.tiff,patch_7,14.78113,8.984028,17.664732,8.636879,-7.9281087
batch_01900_patch.tiff,patch_8,18.570147,10.631891,22.108921,11.41707,-7.6416273
batch_01900_patch.tiff,patch_9,13.071931,8.613324,23.377285,10.424166,-7.6753316
batch_01900_patch.tiff,patch_10,8.334691,15.268385,11.474962,6.623485,-9.2815
batch_01900_patch.tiff,patch_11,13.13086,13.038572,13.793742,7.699724,-7.878213
batch_01900_patch.tiff,patch_12,12.659412,10.897839,11.447763,6.6096835,-4.9944096
batch_01900_patch.tiff,patch_13,20.323011,15.41029,18.627932,12.720953,-3.5502567
batch_01900_patch.tiff,patch_14,19.452768,6.6569905,23.394854,9.501852,-5.8075857
batch_01900_patch.tiff,patch_15,16.844673,12.449014,21.609066,9.937411,-6.3146005
batch_01900_patch.tiff,patch_16,16.48776,9.1236515,22.48057,7.468762,-5.9518123
batch_01900_patch.tiff,patch_17,13.3770685,3.8938262,20.101063,11.453945,-8.292392
batch_01900_patch.tiff,patch_18,17.314955,7.509998,23.767488,8.948921,-9.5686
batch_01900_patch.tiff,patch_19,15.8413,7.4735975,21.173798,3.818787,-7.139991
batch_01900_patch.tiff,patch_20,13.410757,6.091585,17.543894,10.051848,-6.753127
batch_01900_patch.tiff,patch_21,11.683045,3.914885,17.054943,12.888932,-8.627412
batch_01900_patch.tiff,patch_22,11.711129,7.831651,19.99377,11.132611,-10.066992
batch_01900_patch.tiff,patch_23,14.648193,13.400395,18.648678,10.764853,-8.74718
batch_01900_patch.tiff,patch_24,17.64448,8.42135,18.029238,8.98452,-4.4425597
batch_01900_patch.tiff,patch_25,15.248453,9.67312,21.527838,10.162794,-6.2357116
batch_01900_patch.tiff,patch_26,19.682049,9.406337,27.610199,7.2483835,-8.482645
batch_01900_patch.tiff,patch_27,19.149223,9.780203,24.44388,10.305953,-6.5949426
batch_01900_patch.tiff,patch_28,13.916269,7.5976624,21.476295,9.66375,-10.231116
batch_01900_patch.tiff,patch_29,19.797623,10.061652,25.753939,7.7446194,-9.73152
batch_01900_patch.tiff,patch_30,15.593082,8.075529,15.072046,6.081601,-10.86215
batch_01900_patch.tiff,patch_31,13.737698,9.778681,17.014948,7.6980557,-9.623744
batch_01900_patch.tiff,patch_32,7.7436175,16.201181,14.88117,-1.7713833,-15.281855
batch_01900_patch.tiff,patch_33,14.6996,3.5649211,16.138138,10.712121,-7.419802
batch_01900_patch.tiff,patch_34,9.13867,8.791321,18.995283,6.789671,-11.117979
batch_01900_patch.tiff,patch_35,15.717579,11.108794,26.839851,8.668609,-6.216057
batch_01900_patch.tiff,patch_36,12.732609,16.023281,11.678746,4.3316092,-9.6234455
batch_01900_patch.tiff,patch_37,12.01575,6.906889,19.132772,7.3214645,-6.950008
batch_01900_patch.tiff,patch_38,12.277134,9.286119,20.455835,9.950384,-5.3724494
batch_01900_patch.tiff,patch_39,20.61422,13.342682,20.68428,8.178191,-8.9346
batch_01900_patch.tiff,patch_40,13.874196,8.022311,22.495726,7.984889,-7.342762
batch_01900_patch.tiff,patch_41,20.049643,7.791877,27.352068,6.7393155,-7.0835733
batch_01900_patch.tiff,patch_42,14.822289,8.997171,23.318018,7.87619,-11.740123
batch_01900_patch.tiff,patch_43,13.951922,6.9746065,21.79288,6.5973716,-8.387965
batch_01900_patch.tiff,patch_44,17.13377,11.667993,24.292233,10.207693,-5.0265026
batch_01900_patch.tiff,patch_45,10.211881,9.997723,13.649421,10.543653,-13.046798
batch_01900_patch.tiff,patch_46,11.911587,5.0028896,22.887543,12.588114,-7.1182046
batch_01900_patch.tiff,patch_47,18.09382,8.538605,21.712135,8.959028,-8.226129
batch_01900_patch.tiff,patch_48,13.012368,9.776594,17.455061,7.9404454,-6.503147
batch_01900_patch.tiff,patch_49,15.020278,6.3257923,24.435583,8.88418,-8.586099
batch_01900_patch.tiff,patch_50,12.147346,8.197883,14.934254,5.877263,-7.7248683
batch_01900_patch.tiff,patch_51,13.35519,8.069979,20.269007,8.3833685,-8.634097
batch_01900_patch.tiff,patch_52,14.516896,9.479095,15.821708,6.546312,-6.683223
batch_01900_patch.tiff,patch_53,13.920959,7.8986783,23.159592,10.784472,-7.616689
batch_01900_patch.tiff,patch_54,13.537155,9.672122,10.82843,12.719474,-11.707444
batch_01900_patch.tiff,patch_55,16.973677,8.513051,19.999853,9.599536,-12.670483
batch_01900_patch.tiff,patch_56,14.003347,11.518491,19.583633,4.9203377,-10.130564
batch_01900_patch.tiff,patch_57,13.645452,11.558336,17.531546,4.176473,-10.851655
batch_01900_patch.tiff,patch_58,15.457394,9.645538,19.714182,9.94466,-10.239902
batch_01900_patch.tiff,patch_59,12.644022,7.9305606,19.379284,9.5829735,-7.6651006
batch_01900_patch.tiff,patch_60,13.951835,9.766075,16.604202,12.593153,-7.7245693
batch_01900_patch.tiff,patch_61,13.344974,10.125654,14.15119,3.2429166,-13.075197
batch_01900_patch.tiff,patch_62,12.711295,14.852421,9.964124,6.3962393,-14.934014
batch_01900_patch.tiff,patch_63,15.937524,10.774003,19.510702,9.520014,-6.1110377
batch_01900_patch.tiff,patch_64,13.970226,5.087868,17.593792,5.891738,-8.6145315
batch_01900_patch.tiff,patch_65,15.762761,13.235927,26.275581,9.51214,-5.086046
batch_01900_patch.tiff,patch_66,16.580885,8.956847,19.886826,12.453938,-7.0655527
batch_01900_patch.tiff,patch_67,14.075957,5.629869,13.804102,6.8894653,-12.7745075
batch_01900_patch.tiff,patch_68,8.154208,7.3811893,19.74973,8.847695,-15.239573
batch_01900_patch.tiff,patch_69,14.407749,9.532071,17.827044,7.2233057,-8.458287
batch_01900_patch.tiff,patch_70,13.475685,12.221353,14.756061,6.359818,-12.751244
batch_01900_patch.tiff,patch_71,12.942808,4.809877,15.518104,9.0892725,-6.944402
batch_01900_patch.tiff,patch_72,15.425843,7.182692,18.20245,7.25785,-9.026195
batch_01900_patch.tiff,patch_73,9.218145,8.466215,10.023755,1.7634254,-11.70744
batch_01900_patch.tiff,patch_74,9.249067,16.037647,9.078419,1.171292,-13.351641
batch_01900_patch.tiff,patch_75,11.73044,9.681729,20.328875,12.486613,-3.5168338
batch_01900_patch.tiff,patch_76,10.096618,11.2633295,15.6863365,14.936286,-3.780752
batch_01900_patch.tiff,patch_77,15.384211,10.344095,21.206293,5.4179354,-7.0727468
batch_01900_patch.tiff,patch_78,19.694815,8.86207,22.130991,9.0197115,-5.8587084
batch_01900_patch.tiff,patch_79,16.819069,7.386842,25.552227,10.624668,-5.507043
batch_01900_patch.tiff,patch_80,18.628761,10.744716,19.608564,8.454948,-7.722061
batch_01900_patch.tiff,patch_81,15.236295,9.855404,22.048784,7.0816617,-6.5602155
batch_01900_patch.tiff,patch_82,15.247434,11.296373,17.95,9.429783,-8.597902
batch_01900_patch.tiff,patch_83,12.513153,7.761717,19.024248,6.9936876,-9.694553
batch_01900_patch.tiff,patch_84,10.5447645,11.974119,15.397846,9.772946,-5.987492
batch_01900_patch.tiff,patch_85,14.007281,7.500662,18.549105,7.665386,-11.502945
batch_01900_patch.tiff,patch_86,14.886218,8.911267,20.851854,6.2395587,-4.3016086
batch_01900_patch.tiff,patch_87,17.097237,10.68064,20.568094,12.553084,-8.244242
batch_01900_patch.tiff,patch_88,14.529011,9.832492,17.863789,11.674139,-8.024431
batch_01900_patch.tiff,patch_89,14.379157,11.021495,21.043428,11.29061,-5.797152
batch_01900_patch.tiff,patch_90,19.892242,8.386544,16.50393,10.93546,-8.449268
batch_01900_patch.tiff,patch_91,17.349,12.751038,21.646389,7.3887997,-8.227069
batch_01900_patch.tiff,patch_92,14.946697,10.789284,25.756218,11.563431,-9.294696
batch_01900_patch.tiff,patch_93,17.586002,9.359335,15.087809,5.972485,-7.8679457
batch_01900_patch.tiff,patch_94,11.612416,6.581925,12.962337,5.2687087,-12.141546
batch_01900_patch.tiff,patch_95,14.713891,11.027443,21.02894,8.001682,-7.8551235
batch_01900_patch.tiff,patch_96,18.898438,10.456758,21.326563,6.877604,-6.111612
batch_01900_patch.tiff,patch_97,7.4290543,9.691644,9.975996,10.335654,-10.318024
batch_01900_patch.tiff,patch_98,12.535705,7.7726,16.24784,10.52076,-7.263455
batch_01900_patch.tiff,patch_99,10.798584,8.175138,14.483373,10.8831835,-7.233027
batch_01900_patch.tiff,patch_100,20.311773,11.210365,24.890406,10.841606,-5.42961
batch_01900_patch.tiff,patch_101,15.369627,9.179041,15.299561,11.446539,-8.537308
batch_01900_patch.tiff,patch_102,12.784685,13.223948,13.338777,4.972981,-10.235267
batch_01900_patch.tiff,patch_103,13.414864,6.2408643,21.033016,7.5920563,-12.747551
batch_01900_patch.tiff,patch_104,16.623468,7.0748677,23.762726,4.9494095,-11.475446
batch_01900_patch.tiff,patch_105,17.1546,6.22445,24.398523,6.131619,-9.905471
batch_01900_patch.tiff,patch_106,11.400309,6.6158113,16.021957,5.729698,-8.988859
batch_01900_patch.tiff,patch_107,15.098156,9.088683,24.22761,9.99628,-6.6178374
batch_01900_patch.tiff,patch_108,12.265255,9.419371,10.333245,7.0743556,-8.575403
batch_01900_patch.tiff,patch_109,13.508685,10.647264,15.5449705,10.911937,-6.312517
batch_01900_patch.tiff,patch_110,16.671085,6.711244,20.112011,5.9951544,-5.754245
batch_01900_patch.tiff,patch_111,15.832348,9.406421,23.526388,8.728787,-6.8534575
batch_01900_patch.tiff,patch_112,17.152842,7.179968,26.597637,7.693583,-5.3990703
batch_01900_patch.tiff,patch_113,15.458729,12.9190855,15.950703,13.537268,-5.932904
batch_01900_patch.tiff,patch_114,16.232286,12.92686,14.068267,9.183636,-7.282493
batch_01900_patch.tiff,patch_115,14.555315,7.025561,23.091818,12.195618,-11.930602
batch_01900_patch.tiff,patch_116,14.96323,7.6219964,18.607841,4.295661,-10.200289
batch_01900_patch.tiff,patch_117,9.929827,5.3494925,15.285303,8.607295,-8.902348
batch_01900_patch.tiff,patch_118,12.5144825,10.073113,10.825045,3.4463072,-13.180837
batch_01900_patch.tiff,patch_119,19.272694,9.133873,22.75993,7.6363955,-5.86673
batch_01900_patch.tiff,patch_120,13.939155,11.381671,18.370167,11.2952585,-7.488983
batch_01900_patch.tiff,patch_121,12.331893,7.4302254,16.040037,13.813014,-8.798588
batch_01900_patch.tiff,patch_122,15.188805,8.83758,26.653322,7.4746375,-6.297689
batch_01900_patch.tiff,patch_123,14.468553,9.355994,18.270794,4.505616,-7.5643277
batch_01900_patch.tiff,patch_124,14.248996,7.521635,17.717325,4.866452,-11.198779
batch_01900_patch.tiff,patch_125,16.208935,8.838668,15.214115,8.510495,-4.92494
batch_01900_patch.tiff,patch_126,16.354218,9.17816,20.999977,10.177355,-7.349947
batch_01900_patch.tiff,patch_127,15.314147,8.95972,22.171679,10.160475,-13.028999
batch_01900_patch.tiff,patch_128,17.352716,11.506125,22.487276,7.521337,-12.220723
batch_01900_patch.tiff,patch_129,16.382866,10.142938,23.321125,10.241521,-10.261316
batch_01900_patch.tiff,patch_130,12.512403,7.1112003,15.691004,8.90977,-10.387175
batch_01900_patch.tiff,patch_131,15.726699,9.659851,21.94877,8.786838,-6.177313
batch_01900_patch.tiff,patch_132,14.989035,10.965338,22.020323,4.5385747,-11.194565
batch_01900_patch.tiff,patch_133,13.93108,10.495052,16.396694,10.174735,-6.1768727
batch_01900_patch.tiff,patch_134,12.672335,9.096412,22.72895,4.362278,-5.827713
batch_01900_patch.tiff,patch_135,15.051403,9.336204,24.617626,11.783929,-6.733613
batch_01900_patch.tiff,patch_136,14.008399,5.2305207,18.204668,9.638443,-9.057635
batch_01900_patch.tiff,patch_137,14.323942,11.0632715,15.349288,7.214035,-8.698022
batch_01900_patch.tiff,patch_138,16.32001,9.219497,17.574287,6.2248144,-7.076481
batch_01900_patch.tiff,patch_139,18.617258,9.547584,22.515137,8.91177,-12.8728485
batch_01900_patch.tiff,patch_140,16.63261,7.3603554,23.230482,9.910882,-7.9464526
batch_01900_patch.tiff,patch_141,15.385078,10.062654,20.26131,8.806638,-7.098719
batch_01900_patch.tiff,patch_142,12.953852,7.4081388,16.316883,9.173948,-6.280692
batch_01900_patch.tiff,patch_143,13.621063,10.083218,22.189625,10.31319,-8.638951
batch_01900_patch.tiff,patch_144,13.479512,9.370532,21.874348,7.6821923,-6.9381
batch_01900_patch.tiff,patch_145,16.382633,7.836571,24.611193,4.4107003,-3.6380925
batch_01900_patch.tiff,patch_146,16.548193,7.0675898,17.00136,8.012453,-4.3894415
batch_01900_patch.tiff,patch_147,15.760576,8.260207,21.351479,5.023779,-8.02968
batch_01900_patch.tiff,patch_148,16.969025,9.965037,24.35789,6.213584,-5.7596188
batch_01900_patch.tiff,patch_149,7.4260917,15.952349,11.076754,11.606158,-10.175106
batch_01900_patch.tiff,patch_150,14.987773,6.6623507,22.493555,3.2033176,-8.893504
batch_01900_patch.tiff,patch_151,16.47491,12.221959,19.78739,9.14532,-7.4489355
batch_01900_patch.tiff,patch_152,12.855032,7.672555,10.996809,3.9061155,-13.499605
batch_01900_patch.tiff,patch_153,16.211584,8.801699,20.129606,3.995203,-7.6645365
batch_01900_patch.tiff,patch_154,8.050258,9.510095,8.5543995,4.4230957,-11.579631
batch_01900_patch.tiff,patch_155,14.893763,10.850538,19.080132,10.259272,-6.374843
batch_01900_patch.tiff,patch_156,10.790788,11.5599985,11.5340185,14.3988285,-7.2010736
batch_01900_patch.tiff,patch_157,15.540143,9.917058,21.518679,3.610486,-3.8552694
batch_01900_patch.tiff,patch_158,14.826667,10.254968,23.255453,5.931589,-6.442936
batch_01900_patch.tiff,patch_159,13.053673,9.867269,14.669326,9.276156,-8.416408
batch_01900_patch.tiff,patch_160,11.953553,8.297517,20.618637,9.594045,-10.79602
batch_01900_patch.tiff,patch_161,17.607496,8.308855,23.971754,4.8647738,-8.441911
batch_01900_patch.tiff,patch_162,16.183094,11.640546,24.729984,11.099985,-5.302756
batch_01900_patch.tiff,patch_163,16.088602,6.7188416,21.041977,3.7490022,-6.7854395
batch_01900_patch.tiff,patch_164,9.826888,8.478232,12.159135,4.130799,-8.512102
batch_01900_patch.tiff,patch_165,13.143484,8.759524,22.885065,0.6165728,-7.9003005
batch_01900_patch.tiff,patch_166,13.975814,8.450465,20.531973,4.706274,-7.907315
batch_01900_patch.tiff,patch_167,13.421193,11.465689,15.121253,11.104088,-7.85321
batch_01900_patch.tiff,patch_168,12.970919,9.682124,13.170242,8.892987,-5.292959
batch_01900_patch.tiff,patch_169,11.43058,7.285616,16.940163,8.428792,-10.702495
batch_01900_patch.tiff,patch_170,20.797905,10.499143,25.614641,7.393196,-7.06771
batch_01900_patch.tiff,patch_171,17.87834,9.439421,23.365396,10.840475,-8.641065
batch_01900_patch.tiff,patch_172,16.046692,9.650091,24.089722,11.072363,-4.602609
batch_01900_patch.tiff,patch_173,15.884431,10.341141,18.725471,10.968108,-5.846486
batch_01900_patch.tiff,patch_174,16.13851,6.1459765,23.645899,8.222346,-10.679505
batch_01900_patch.tiff,patch_175,14.746049,6.468662,14.816821,3.3924494,-9.842714
batch_01900_patch.tiff,patch_176,15.533666,10.369273,18.3693,5.556882,-11.366528
batch_01900_patch.tiff,patch_177,15.39211,12.10082,18.293335,8.432751,-9.939738
batch_01900_patch.tiff,patch_178,14.305087,9.894605,19.821377,8.120949,-7.2098975
batch_01900_patch.tiff,patch_179,11.0031185,5.8760605,14.952963,11.850599,-12.653875
batch_01900_patch.tiff,patch_180,16.571123,10.026212,14.568518,12.583235,-8.844416
batch_01900_patch.tiff,patch_181,15.409981,9.138715,17.391663,8.691002,-5.875814
batch_01950_patch.tiff,patch_0,8.961505,8.886226,15.138698,7.4647307,-8.534463
batch_01950_patch.tiff,patch_1,13.550365,10.122032,19.352459,8.583344,-6.4562855
batch_01950_patch.tiff,patch_2,12.491324,9.916213,11.638392,9.557893,-7.9606314
batch_01950_patch.tiff,patch_3,6.4901085,12.746067,10.216207,5.3899245,-14.103282
batch_01950_patch.tiff,patch_4,16.154966,3.774257,25.180124,8.815255,-10.310028
batch_01950_patch.tiff,patch_5,14.133366,10.551799,17.819197,12.770412,-10.970831
batch_01950_patch.tiff,patch_6,13.5598545,8.09041,20.66238,6.64805,-9.690283
batch_01950_patch.tiff,patch_7,16.069931,4.1329894,17.37045,9.108496,-6.9273977
batch_01950_patch.tiff,patch_8,13.815775,9.5872755,14.603887,4.325584,-6.54761
batch_01950_patch.tiff,patch_9,11.588456,9.330502,11.985236,10.512391,-6.3417
batch_01950_patch.tiff,patch_10,12.956297,6.6119213,18.67313,4.6341815,-6.7517486
batch_01950_patch.tiff,patch_11,16.855024,7.409408,16.731503,8.537994,-7.969392
batch_01950_patch.tiff,patch_12,14.377965,4.919485,22.741297,9.523493,-10.578403
batch_01950_patch.tiff,patch_13,14.28483,8.584837,18.146597,4.7808185,-9.8489895
batch_01950_patch.tiff,patch_14,15.2071085,10.1970215,17.324642,5.387951,-8.942458
batch_01950_patch.tiff,patch_15,7.9900327,14.636167,9.654398,6.227516,-15.299885
batch_01950_patch.tiff,patch_16,8.483868,13.135403,7.8310766,5.3403234,-12.991191
batch_01950_patch.tiff,patch_17,14.44175,4.7448535,22.14617,13.077939,-11.446845
batch_01950_patch.tiff,patch_18,9.293094,4.781206,18.913969,8.687111,-10.779078
batch_01950_patch.tiff,patch_19,17.421576,7.0910544,21.078756,6.0076566,-7.7734685
batch_01950_patch.tiff,patch_20,16.692007,6.437054,15.134204,7.8622375,-9.91627
batch_01950_patch.tiff,patch_21,10.642287,5.674256,16.20258,13.7272835,-10.44052
batch_01950_patch.tiff,patch_22,11.829648,11.131216,18.478035,15.081565,-11.206328
batch_01950_patch.tiff,patch_23,7.8356056,10.935374,14.419789,11.72847,-8.187064
batch_01950_patch.tiff,patch_24,14.713051,7.9587617,23.034834,5.754565,-5.32717
batch_01950_patch.tiff,patch_25,16.639294,7.358197,23.7842,8.138465,-7.2651067
batch_01950_patch.tiff,patch_26,17.176683,10.454472,22.461514,5.7868814,-7.765034
batch_01950_patch.tiff,patch_27,9.906328,8.788218,15.184771,9.344971,-13.960819
batch_01950_patch.tiff,patch_28,10.547361,13.183567,15.001836,3.7785442,-9.2579
batch_01950_patch.tiff,patch_29,8.1401005,10.110154,6.942787,4.836021,-11.313644
batch_01950_patch.tiff,patch_30,11.061064,7.7873564,24.563572,9.504568,-8.133987
batch_01950_patch.tiff,patch_31,14.140107,6.956554,22.734232,10.250772,-9.552594
batch_01950_patch.tiff,patch_32,13.841306,4.6406074,16.604626,5.815799,-10.917031
batch_01950_patch.tiff,patch_33,16.001871,4.769639,18.199696,10.422475,-7.185923
batch_01950_patch.tiff,patch_34,13.659911,3.7013052,17.256184,4.0656753,-5.1052675
batch_01950_patch.tiff,patch_35,14.374308,14.020975,12.394453,3.8919618,-11.776869
batch_01950_patch.tiff,patch_36,14.425328,9.577107,16.820063,6.0489593,-6.2119274
batch_01950_patch.tiff,patch_37,15.724298,8.587075,14.81709,9.571689,-6.5584974
batch_01950_patch.tiff,patch_38,14.560517,5.1419053,23.588335,6.259499,-8.276372
batch_01950_patch.tiff,patch_39,12.111307,9.38756,14.014312,8.604387,-7.6350183
batch_01950_patch.tiff,patch_40,12.980513,8.618267,15.450988,13.561245,-8.175858
batch_01950_patch.tiff,patch_41,9.064963,10.8426485,7.588164,9.594795,-10.46195
batch_01950_patch.tiff,patch_42,12.233652,10.592721,15.153365,5.7593355,-7.4980745
batch_01950_patch.tiff,patch_43,12.172044,4.7349935,20.208847,14.024997,-10.673024
batch_01950_patch.tiff,patch_44,13.003392,7.2071323,22.519241,10.85232,-9.053193
batch_01950_patch.tiff,patch_45,13.811373,6.626638,22.5015,11.928376,-4.8013425
batch_01950_patch.tiff,patch_46,13.256735,6.716282,15.699541,8.096027,-2.2722716
batch_01950_patch.tiff,patch_47,11.14055,9.573389,14.990215,7.974718,-5.572272
batch_01950_patch.tiff,patch_48,14.027606,6.8991632,22.065496,10.455234,-5.8480387
batch_01950_patch.tiff,patch_49,18.984194,10.270457,20.087555,7.546885,-6.8376627
batch_01950_patch.tiff,patch_50,13.352717,7.1075654,16.130354,8.743407,-9.80651
batch_01950_patch.tiff,patch_51,16.73471,11.968978,24.580238,8.155392,-7.3310456
batch_01950_patch.tiff,patch_52,17.359941,8.328346,17.856312,9.299289,-8.957627
batch_01950_patch.tiff,patch_53,12.45375,14.140397,12.657403,7.853229,-10.642249
batch_01950_patch.tiff,patch_54,10.4300785,12.697635,9.979967,4.5089927,-11.942556
batch_01950_patch.tiff,patch_55,11.081058,9.478416,12.43997,6.534582,-11.641993
batch_01950_patch.tiff,patch_56,13.883009,7.275289,22.015827,10.294519,-6.638318
batch_01950_patch.tiff,patch_57,12.076241,9.108918,22.40677,10.4326725,-8.2006235
batch_01950_patch.tiff,patch_58,13.410392,6.002207,21.03689,4.4268794,-7.2235155
batch_01950_patch.tiff,patch_59,11.3015995,8.257395,14.390724,5.834088,-6.392123
batch_01950_patch.tiff,patch_60,14.843571,9.529499,20.782171,9.533659,-7.244766
batch_01950_patch.tiff,patch_61,15.494925,9.041565,24.639687,6.259189,-5.7687087
batch_01950_patch.tiff,patch_62,13.832708,9.011982,18.173014,6.554997,-4.477018
batch_01950_patch.tiff,patch_63,8.233809,6.621815,21.780947,9.991606,-12.993358
batch_01950_patch.tiff,patch_64,15.611483,10.108979,20.71639,8.740934,-2.8634105
batch_01950_patch.tiff,patch_65,15.608816,9.037379,15.247802,10.462364,-5.7213087
batch_01950_patch.tiff,patch_66,10.219309,11.173839,9.651388,4.8222175,-9.401639
batch_01950_patch.tiff,patch_67,12.177369,11.83557,13.062503,5.059717,-9.395227
batch_01950_patch.tiff,patch_68,13.764734,13.417996,19.556854,7.6417313,-6.055836
batch_01950_patch.tiff,patch_69,13.762814,12.232257,18.363937,8.86502,-9.17974
batch_01950_patch.tiff,patch_70,13.007544,5.6290536,11.606056,11.682639,-8.847253
batch_01950_patch.tiff,patch_71,12.722571,12.62963,16.344036,9.679209,-8.169816
batch_01950_patch.tiff,patch_72,11.615697,7.6397448,19.018759,9.317113,-10.547048
batch_01950_patch.tiff,patch_73,10.167026,11.318013,15.04007,10.265962,-9.664915
batch_01950_patch.tiff,patch_74,13.3578825,7.2389255,23.166355,10.212944,-8.892209
batch_01950_patch.tiff,patch_75,13.867719,10.845445,19.378233,13.216335,-10.020625
batch_01950_patch.tiff,patch_76,14.090874,8.638415,17.978327,13.714789,-9.034584
batch_01950_patch.tiff,patch_77,15.402618,8.050555,16.989044,9.842376,-9.59047
batch_01950_patch.tiff,patch_78,11.455798,7.08649,13.703827,8.620382,-8.9174
batch_01950_patch.tiff,patch_79,11.9372015,9.087083,13.693547,7.5138416,-9.460077
batch_01950_patch.tiff,patch_80,12.253027,11.437921,19.215244,7.4020267,-6.598878
batch_01950_patch.tiff,patch_81,13.453169,7.272294,17.186058,8.158527,-8.5315485
batch_01950_patch.tiff,patch_82,11.842959,4.686993,13.653604,8.338901,-9.755382
batch_01950_patch.tiff,patch_83,15.353384,7.887192,21.707392,6.429987,-5.950121
batch_01950_patch.tiff,patch_84,14.943159,6.690622,25.472569,10.176717,-5.2264905
batch_01950_patch.tiff,patch_85,14.970875,6.3056803,13.432694,13.291305,-10.224806
batch_01950_patch.tiff,patch_86,13.801002,13.1540165,22.23074,4.993985,-7.392672
batch_01950_patch.tiff,patch_87,13.000849,8.122774,19.278654,11.909501,-6.2039104
batch_01950_patch.tiff,patch_88,18.061348,10.33395,19.423817,10.935139,-5.7643332
batch_01950_patch.tiff,patch_89,16.331676,9.794508,17.76546,7.1061616,-7.173852
batch_01950_patch.tiff,patch_90,11.237368,11.032422,15.603966,7.7049575,-9.999384
batch_01950_patch.tiff,patch_91,12.158406,11.023986,11.397775,7.068768,-6.607832
batch_01950_patch.tiff,patch_92,8.870428,9.124072,14.862102,6.020405,-6.2173657
batch_01950_patch.tiff,patch_93,16.726196,7.8948345,19.685745,6.033009,-6.530847
batch_01950_patch.tiff,patch_94,10.681567,7.217137,19.057032,10.333968,-10.714489
batch_01950_patch.tiff,patch_95,14.984129,9.577366,21.325003,1.8518894,-8.232761
batch_01950_patch.tiff,patch_96,11.904822,7.85227,21.042559,6.763143,-7.0171156
batch_01950_patch.tiff,patch_97,13.168806,11.641981,17.712109,7.8015723,-7.464284
batch_01950_patch.tiff,patch_98,14.061527,7.831293,18.88586,12.468235,-5.4105196
batch_01950_patch.tiff,patch_99,15.057991,11.66695,18.664536,7.64486,-9.851633
batch_01950_patch.tiff,patch_100,18.37083,10.714955,17.505018,10.846749,-6.6542377
batch_01950_patch.tiff,patch_101,12.626275,9.042686,12.131832,10.419798,-6.4154973
batch_01950_patch.tiff,patch_102,12.060539,15.277534,11.402934,14.345049,-9.112479
batch_01950_patch.tiff,patch_103,12.009899,9.689803,15.402135,10.4551735,-11.337467
batch_01950_patch.tiff,patch_104,11.718778,6.6210923,19.972605,4.447845,-6.8987455
batch_01950_patch.tiff,patch_105,17.637054,7.167789,17.84093,9.708341,-9.497918
batch_01950_patch.tiff,patch_106,14.246714,4.841986,21.336119,11.52654,-7.1138797
batch_01950_patch.tiff,patch_107,14.465315,4.677446,25.227566,10.395611,-9.214496
batch_01950_patch.tiff,patch_108,12.692041,7.885349,19.117899,4.234472,-8.740054
batch_01950_patch.tiff,patch_109,17.623516,11.170371,24.40263,5.405756,-4.4134364
batch_01950_patch.tiff,patch_110,13.992118,10.62262,24.227999,6.5240827,-4.667726
batch_01950_patch.tiff,patch_111,12.639883,7.0074773,21.358177,11.135568,-6.8412623
batch_01950_patch.tiff,patch_112,17.490501,8.139178,23.987288,9.338562,-8.695052
batch_01950_patch.tiff,patch_113,17.012764,6.9398723,23.322594,4.145497,-4.5999656
batch_01950_patch.tiff,patch_114,10.148015,11.120349,20.620768,10.389372,-8.304248
batch_01950_patch.tiff,patch_115,13.331823,10.573678,19.419922,11.79684,-9.718079
batch_01950_patch.tiff,patch_116,17.10802,6.9163957,19.354166,8.607543,-6.1317225
batch_01950_patch.tiff,patch_117,16.57565,7.1028166,20.338545,5.0899963,-7.988949
batch_01950_patch.tiff,patch_118,12.363266,9.72318,21.21976,9.873939,-6.943691
batch_01950_patch.tiff,patch_119,8.865979,5.438289,18.697506,12.131731,-10.004813
batch_01950_patch.tiff,patch_120,14.693213,8.779848,19.409006,9.390254,-10.202283
batch_01950_patch.tiff,patch_121,11.604193,5.954226,19.084053,7.596425,-9.938513
batch_01950_patch.tiff,patch_122,14.053322,7.9672823,21.360586,8.60844,-5.693766
batch_01950_patch.tiff,patch_123,11.598211,9.026436,20.380642,7.838043,-6.490036
batch_01950_patch.tiff,patch_124,14.6301,9.306901,14.504127,11.491595,-10.171167
batch_01950_patch.tiff,patch_125,16.457434,9.113078,18.092577,13.96028,-6.908633
batch_01950_patch.tiff,patch_126,14.005965,10.486092,19.477636,12.954011,-8.279758
batch_01950_patch.tiff,patch_127,6.9322944,8.86172,13.67003,11.289778,-11.9792795
batch_01950_patch.tiff,patch_128,13.104153,3.0685818,16.370249,16.248802,-11.221677
batch_01950_patch.tiff,patch_129,11.890411,7.9938917,11.53002,8.307517,-6.310398
batch_01950_patch.tiff,patch_130,11.973453,10.479977,18.293594,5.9829097,-5.9905877
batch_01950_patch.tiff,patch_131,11.421248,9.842944,15.038458,4.3423243,-8.598299
batch_01950_patch.tiff,patch_132,8.3808565,7.8865128,20.586224,12.802886,-10.000658
batch_01950_patch.tiff,patch_133,9.48417,7.0836363,23.47431,12.238372,-7.025885
batch_01950_patch.tiff,patch_134,15.2845745,8.903029,11.690219,17.010326,-4.524191
batch_01950_patch.tiff,patch_135,13.093475,14.710566,17.088758,11.865555,-6.644249
batch_01950_patch.tiff,patch_136,18.048546,13.909707,23.975616,12.093465,-5.693206
batch_01950_patch.tiff,patch_137,12.66814,11.9693165,12.032576,16.612617,-5.186411
batch_01950_patch.tiff,patch_138,10.478453,12.984642,17.550508,5.328061,-10.907281
batch_01950_patch.tiff,patch_139,8.496137,9.912169,18.481308,8.510435,-8.800488
batch_01950_patch.tiff,patch_140,16.568449,10.535389,18.49611,11.702989,-6.9083853
batch_01950_patch.tiff,patch_141,13.609129,6.2693734,18.517511,9.79157,-11.755169
batch_01950_patch.tiff,patch_142,14.506898,4.17764,15.976117,4.4002633,-6.796957
batch_01950_patch.tiff,patch_143,12.500615,5.8737574,18.835787,11.716749,-8.054451
batch_01950_patch.tiff,patch_144,12.500555,9.610623,21.427149,13.5808,-8.382
batch_01950_patch.tiff,patch_145,16.500645,11.561991,18.561092,7.9244094,-7.164898
batch_01950_patch.tiff,patch_146,8.681273,8.974784,18.232407,10.484871,-10.202171
batch_01950_patch.tiff,patch_147,14.595823,7.14916,20.366613,10.444179,-7.8891735
batch_01950_patch.tiff,patch_148,12.754087,12.669768,11.908065,6.5878625,-10.933833
batch_01950_patch.tiff,patch_149,12.079587,8.038635,16.921457,11.360685,-7.751614
batch_01950_patch.tiff,patch_150,8.681955,8.794371,16.037361,7.2903748,-9.243195
batch_01950_patch.tiff,patch_151,12.049951,11.775887,12.411665,7.924782,-8.940781
batch_01950_patch.tiff,patch_152,7.17237,12.297922,10.836916,4.6179833,-9.309234
batch_01950_patch.tiff,patch_153,12.158601,9.491422,20.333515,10.774439,-9.844666
batch_01950_patch.tiff,patch_154,15.145123,8.391627,23.82388,7.6885486,-7.13212
batch_01950_patch.tiff,patch_155,14.84207,8.075193,19.140474,9.181946,-7.1042633
batch_01950_patch.tiff,patch_156,14.453981,7.299886,25.48825,7.144119,-6.9426246
batch_01950_patch.tiff,patch_157,12.169194,8.866646,22.009388,10.954406,-8.483185
batch_01950_patch.tiff,patch_158,12.054737,10.16954,10.974193,10.667983,-6.0293417
batch_01950_patch.tiff,patch_159,14.772055,10.30324,14.112239,12.920782,-6.3717403
batch_01950_patch.tiff,patch_160,15.866921,11.336628,13.420655,8.30571,-7.6788187
batch_01950_patch.tiff,patch_161,13.068336,10.705903,14.847106,8.945515,-8.483867
batch_01950_patch.tiff,patch_162,9.462339,8.401666,12.676775,6.757087,-9.871404
batch_01950_patch.tiff,patch_163,9.959533,8.043416,14.798772,6.9030495,-11.298252
batch_01950_patch.tiff,patch_164,14.297092,5.800187,18.89163,11.201332,-7.1193895
batch_01950_patch.tiff,patch_165,10.571319,10.205258,16.832832,5.213249,-10.878681
batch_01950_patch.tiff,patch_166,15.098703,5.1356106,22.811836,4.3582172,-7.282965
batch_01950_patch.tiff,patch_167,15.573241,10.91516,20.943474,7.891106,-8.10376
batch_01950_patch.tiff,patch_168,16.060629,8.992299,24.526575,5.2412453,-9.104722
batch_01950_patch.tiff,patch_169,18.188255,9.434566,26.585794,12.461297,-3.9708173
batch_01950_patch.tiff,patch_170,18.064863,8.471411,23.790909,9.674214,-6.091555
batch_01950_patch.tiff,patch_171,16.76275,10.373112,23.429808,8.081683,-8.039268
batch_01950_patch.tiff,patch_172,16.41809,9.409059,21.5143,6.5968127,-7.084648
batch_01950_patch.tiff,patch_173,14.195119,6.6750894,22.769573,4.227867,-7.784929
batch_01950_patch.tiff,patch_174,14.454844,6.977328,24.657948,6.114531,-6.32734
batch_01950_patch.tiff,patch_175,12.744447,11.470804,20.16377,12.543955,-8.915067
batch_01950_patch.tiff,patch_176,15.930973,11.826168,17.05088,11.618551,-3.1526546
batch_01950_patch.tiff,patch_177,12.100839,7.1101093,10.95832,8.412427,-12.636454
batch_01950_patch.tiff,patch_178,11.695116,4.83227,19.11289,11.218474,-6.2092724
batch_01950_patch.tiff,patch_179,14.166794,9.1287985,17.779736,5.599834,-4.767498
batch_01950_patch.tiff,patch_180,11.279818,9.159283,21.77174,7.3755164,-7.978233
batch_01950_patch.tiff,patch_181,11.224773,14.909968,16.930008,6.684631,-10.610697
batch_01950_patch.tiff,patch_182,10.256425,8.218802,15.405032,6.6313205,-12.869388
batch_01950_patch.tiff,patch_183,10.989476,7.208909,14.541282,10.153472,-12.520053
batch_02000_patch.tiff,patch_0,10.104289,9.733317,14.769373,1.3064191,-7.9489746
batch_02000_patch.tiff,patch_1,15.334832,7.830986,21.274815,10.771723,-9.045387
batch_02000_patch.tiff,patch_2,12.372454,9.129514,14.855547,5.077167,-6.761656
batch_02000_patch.tiff,patch_3,12.655521,9.8581505,19.214773,6.604472,-5.765605
batch_02000_patch.tiff,patch_4,12.01727,9.840185,16.093536,7.601475,-4.9287043
batch_02000_patch.tiff,patch_5,15.334421,8.614699,17.22154,6.705117,-7.2245507
batch_02000_patch.tiff,patch_6,15.204859,12.840647,10.461622,9.043106,-7.6655035
batch_02000_patch.tiff,patch_7,12.552963,7.5172496,11.9706545,4.377347,-4.340913
batch_02000_patch.tiff,patch_8,19.665298,10.733127,25.072067,7.6288066,-7.9165797
batch_02000_patch.tiff,patch_9,15.542335,11.828974,18.726177,5.9049997,-11.531465
batch_02000_patch.tiff,patch_10,10.735554,8.750972,12.900991,12.1263895,-10.631278
batch_02000_patch.tiff,patch_11,19.705177,7.9008675,24.154642,8.70785,-12.191241
batch_02000_patch.tiff,patch_12,15.382578,9.133853,25.923515,10.535951,-7.2370353
batch_02000_patch.tiff,patch_13,13.120099,8.045803,16.937935,5.919525,-5.195778
batch_02000_patch.tiff,patch_14,15.666859,6.5470796,18.026875,8.505878,-5.4487567
batch_02000_patch.tiff,patch_15,11.701594,8.613423,10.632061,6.8338113,-2.8256538
batch_02000_patch.tiff,patch_16,11.972486,4.645695,15.15185,2.9390256,-2.4963255
batch_02000_patch.tiff,patch_17,16.776852,9.434595,18.282997,8.047824,-6.03841
batch_02000_patch.tiff,patch_18,12.117141,7.2797055,17.61432,6.1980386,-9.9935
batch_02000_patch.tiff,patch_19,10.859104,13.736506,9.931986,4.1849403,-11.420741
batch_02000_patch.tiff,patch_20,11.868774,12.049811,7.8724856,6.464972,-10.119638
batch_02000_patch.tiff,patch_21,17.50816,7.864289,14.766884,7.647421,-15.856306
batch_02000_patch.tiff,patch_22,18.505718,14.493334,20.751396,7.995354,-9.779932
batch_02000_patch.tiff,patch_23,4.68841,14.384239,6.2564263,8.913644,-8.797388
batch_02000_patch.tiff,patch_24,14.968867,4.850029,21.263449,10.241876,-12.7143135
batch_02000_patch.tiff,patch_25,18.168554,10.4688225,24.422487,9.5590925,-8.733429
batch_02000_patch.tiff,patch_26,13.16315,11.759593,19.39532,8.186648,-5.7388616
batch_02000_patch.tiff,patch_27,11.392054,8.430216,17.261639,5.387917,-7.7595615
batch_02000_patch.tiff,patch_28,15.015273,7.6997643,7.6773553,5.268027,-4.6261206
batch_02000_patch.tiff,patch_29,10.766876,5.8925996,6.4879704,4.0510864,-7.1995587
batch_02000_patch.tiff,patch_30,15.84882,8.769769,15.176452,6.091553,-4.953707
batch_02000_patch.tiff,patch_31,9.712035,13.485444,4.3630095,5.427465,-6.9323306
batch_02000_patch.tiff,patch_32,13.726748,10.947883,16.507853,2.3007078,-13.380536
batch_02000_patch.tiff,patch_33,16.289127,10.405048,17.545294,10.354592,-10.023145
batch_02000_patch.tiff,patch_34,18.340916,8.6385,21.155931,12.0483465,-6.8660645
batch_02000_patch.tiff,patch_35,20.207973,9.130887,25.542662,8.236636,-10.668912
batch_02000_patch.tiff,patch_36,14.760105,5.66583,20.128069,10.320623,-13.262088
batch_02000_patch.tiff,patch_37,10.680009,8.952515,13.042444,10.007127,-6.273627
batch_02000_patch.tiff,patch_38,10.70554,9.939897,12.362617,6.71067,-9.039153
batch_02000_patch.tiff,patch_39,11.265216,10.246956,6.920552,7.991131,-7.9996357
batch_02000_patch.tiff,patch_40,10.095354,9.237365,9.74813,6.346373,-6.4546204
batch_02000_patch.tiff,patch_41,15.967353,12.271727,13.984443,6.0698595,-6.294959
batch_02000_patch.tiff,patch_42,12.388473,5.1554127,17.010288,2.8985946,-7.071641
batch_02000_patch.tiff,patch_43,12.94427,14.457947,11.006413,5.8604884,-8.82814
batch_02000_patch.tiff,patch_44,15.743082,14.47793,9.657251,7.5453386,-13.682567
batch_02000_patch.tiff,patch_45,15.91799,7.9517155,18.494007,4.5222692,-11.874436
batch_02000_patch.tiff,patch_46,18.188173,9.270628,20.597448,7.4466615,-8.426578
batch_02000_patch.tiff,patch_47,16.837132,7.9897966,15.540066,10.668901,-10.970779
batch_02000_patch.tiff,patch_48,18.579874,8.038573,17.020077,6.939531,-5.820677
batch_02000_patch.tiff,patch_49,17.216337,4.6831703,12.525617,7.252734,-3.744688
batch_02000_patch.tiff,patch_50,13.75759,13.397146,14.510327,11.203651,-6.3974757
batch_02000_patch.tiff,patch_51,10.060873,11.467392,4.756772,7.959796,-13.306403
batch_02000_patch.tiff,patch_52,8.468742,13.600059,9.174721,7.2955823,-12.6210985
batch_02000_patch.tiff,patch_53,12.156036,11.145775,9.6582775,3.6072018,-14.005195
batch_02000_patch.tiff,patch_54,11.457338,13.768083,9.197613,9.15966,-12.167242
batch_02000_patch.tiff,patch_55,17.282509,7.397606,25.115273,11.602641,-6.7978954
batch_02000_patch.tiff,patch_56,14.092116,13.30316,15.938358,14.689966,-9.753885
batch_02000_patch.tiff,patch_57,15.4656725,10.575121,22.656422,7.9019194,-5.8101325
batch_02000_patch.tiff,patch_58,18.520107,7.3280673,24.645164,5.1613107,-7.472692
batch_02000_patch.tiff,patch_59,13.2165365,7.518376,12.066281,3.2481427,-7.4949665
batch_02000_patch.tiff,patch_60,14.286201,11.751379,13.385143,5.6583996,-5.940233
batch_02000_patch.tiff,patch_61,8.50093,13.831222,8.116849,5.5584254,-11.830421
batch_02000_patch.tiff,patch_62,10.980177,12.366425,8.111957,7.8480577,-14.455243
batch_02000_patch.tiff,patch_63,9.08607,12.406838,7.5588107,4.3391685,-7.7997346
batch_02000_patch.tiff,patch_64,15.190003,14.567779,19.133163,7.5501966,-8.505057
batch_02000_patch.tiff,patch_65,13.801703,5.255912,15.792728,8.530758,-10.781306
batch_02000_patch.tiff,patch_66,17.829252,6.207422,25.447416,6.2615857,-11.148866
batch_02000_patch.tiff,patch_67,14.513248,4.107677,24.231789,5.6237035,-13.588553
batch_02000_patch.tiff,patch_68,11.21721,12.439808,4.9348707,8.849235,-12.024017
batch_02000_patch.tiff,patch_69,13.442791,8.926185,7.677637,9.507575,-10.753413
batch_02000_patch.tiff,patch_70,20.199232,7.9432516,23.763634,10.378207,-7.0402226
batch_02000_patch.tiff,patch_71,17.377111,7.421046,20.06915,7.9669147,-8.246174
batch_02000_patch.tiff,patch_72,15.906363,10.693794,22.666975,3.93197,-6.617934
batch_02000_patch.tiff,patch_73,14.169384,5.606573,21.742464,11.123755,-11.027697
batch_02000_patch.tiff,patch_74,16.523792,7.309469,19.830297,7.824143,-10.596828
batch_02000_patch.tiff,patch_75,14.540781,7.6506543,20.195848,11.065558,-12.780836
batch_02000_patch.tiff,patch_76,13.181083,7.322696,16.526215,7.2308297,-9.288863
batch_02000_patch.tiff,patch_77,12.081441,11.891979,16.93414,12.1907835,-3.5194116
batch_02000_patch.tiff,patch_78,16.920202,8.894847,19.769575,7.1178007,-3.88283
batch_02000_patch.tiff,patch_79,12.733422,12.880574,19.70069,8.772614,-7.8906775
batch_02000_patch.tiff,patch_80,11.9877205,9.724931,13.987989,13.011656,-11.696683
batch_02000_patch.tiff,patch_81,18.591219,7.8189507,20.018757,14.249298,-2.2403646
batch_02000_patch.tiff,patch_82,17.30435,5.9644513,17.56426,5.990176,-8.260915
batch_02000_patch.tiff,patch_83,16.875965,10.161412,21.80427,7.742594,-10.430715
batch_02000_patch.tiff,patch_84,13.950841,10.117884,25.308445,8.053937,-9.125643
batch_02000_patch.tiff,patch_85,11.007668,8.512955,13.485917,12.327935,-8.727466
batch_02000_patch.tiff,patch_86,10.152132,9.164981,11.725619,7.110341,-14.52472
batch_02000_patch.tiff,patch_87,11.416204,8.678467,8.96167,4.5722046,-4.7681227
batch_02000_patch.tiff,patch_88,15.935169,7.8456984,15.392902,7.009314,-7.131949
batch_02000_patch.tiff,patch_89,17.685059,12.54945,12.711297,9.284182,-14.269251
batch_02000_patch.tiff,patch_90,14.657827,10.369833,13.22789,4.43781,-13.874768
batch_02000_patch.tiff,patch_91,16.508474,8.441875,23.349794,8.079803,-7.5702257
batch_02000_patch.tiff,patch_92,13.055453,9.676312,19.4954,10.305067,-17.189022
batch_02000_patch.tiff,patch_93,13.237368,5.951549,18.463514,7.351303,-10.512987
batch_02000_patch.tiff,patch_94,16.87644,11.498507,17.462889,6.786886,-4.697236
batch_02000_patch.tiff,patch_95,13.184621,12.430953,8.983804,6.473931,-5.210341
batch_02000_patch.tiff,patch_96,13.808286,7.514903,10.057503,4.50383,-1.0933223
batch_02000_patch.tiff,patch_97,16.665302,14.487776,16.82816,11.459485,-5.3233156
batch_02000_patch.tiff,patch_98,13.530648,13.485707,7.884959,7.8634467,-12.380097
batch_02000_patch.tiff,patch_99,16.792065,13.392332,21.665697,4.0129237,-9.085838
batch_02000_patch.tiff,patch_100,16.952925,10.852694,23.273632,8.057185,-9.37664
batch_02000_patch.tiff,patch_101,15.801434,6.6614823,19.697962,9.988655,-8.882065
batch_02000_patch.tiff,patch_102,13.598753,7.9650607,22.519148,4.8822756,-9.725935
batch_02000_patch.tiff,patch_103,19.630592,9.149655,18.792307,11.359101,-14.34455
batch_02000_patch.tiff,patch_104,15.617063,5.6193843,18.316196,2.3554807,-9.079185
batch_02000_patch.tiff,patch_105,14.6646805,10.614195,17.397476,10.237136,-6.3519917
batch_02000_patch.tiff,patch_106,16.589928,12.042925,20.489674,8.805693,-8.70848
batch_02000_patch.tiff,patch_107,11.788651,6.369938,8.392249,4.5627303,-7.811385
batch_02000_patch.tiff,patch_108,13.1991625,12.256436,17.257633,4.9825907,-3.9661324
batch_02000_patch.tiff,patch_109,16.058937,16.951729,18.08934,13.707281,-6.4866166
batch_02000_patch.tiff,patch_110,10.824849,5.5191035,5.934806,6.094959,-7.7723923
batch_02000_patch.tiff,patch_111,17.088839,9.068585,20.17067,6.493719,-11.763469
batch_02000_patch.tiff,patch_112,11.53618,14.768209,17.362505,4.0887146,-9.526234
batch_02000_patch.tiff,patch_113,8.707926,9.328519,13.854571,7.4451685,-12.75838
batch_02000_patch.tiff,patch_114,19.963018,7.3972054,19.645287,5.8154893,-9.864058
batch_02000_patch.tiff,patch_115,20.247084,6.9809785,15.710322,9.661552,-9.259149
batch_02000_patch.tiff,patch_116,20.699844,9.836135,11.700278,10.491027,-5.0568376
batch_02000_patch.tiff,patch_117,13.330442,8.825154,18.423826,7.8901777,-7.7206154
batch_02000_patch.tiff,patch_118,12.943603,8.177934,15.851967,5.208753,-6.151384
batch_02000_patch.tiff,patch_119,8.371505,13.99497,7.270435,7.1515207,-8.251163
batch_02000_patch.tiff,patch_120,11.502349,9.0581455,7.4109764,6.3425603,-6.743454
batch_02000_patch.tiff,patch_121,16.921656,13.247582,17.989473,8.427893,-6.088633
batch_02000_patch.tiff,patch_122,8.451893,12.787276,5.1372085,4.0955095,-11.512508
batch_02000_patch.tiff,patch_123,18.073517,10.388748,26.24197,5.914016,-9.061763
batch_02000_patch.tiff,patch_124,14.345245,10.685367,19.316471,7.2646027,-9.592236
batch_02000_patch.tiff,patch_125,15.624202,5.077847,20.908043,9.348147,-9.225716
batch_02000_patch.tiff,patch_126,19.420359,9.498937,22.080652,10.479506,-7.344023
batch_02000_patch.tiff,patch_127,12.028711,9.07382,14.24025,6.894173,-6.296638
batch_02000_patch.tiff,patch_128,15.364067,8.258506,21.097734,8.41214,-4.7302165
batch_02000_patch.tiff,patch_129,14.542982,13.76966,17.084736,11.865851,-7.904534
batch_02000_patch.tiff,patch_130,14.494521,7.466309,14.828101,8.118847,-8.65817
batch_02000_patch.tiff,patch_131,12.144702,11.446507,11.919336,4.157922,-8.071414
batch_02000_patch.tiff,patch_132,12.259726,14.79405,14.021158,5.1166334,-8.171009
batch_02000_patch.tiff,patch_133,9.866576,12.412885,11.505424,3.1740427,-13.412183
batch_02000_patch.tiff,patch_134,14.869361,10.271988,18.882761,7.708409,-6.8580194
batch_02000_patch.tiff,patch_135,18.53463,10.389284,24.910616,7.5211616,-7.4978113
batch_02000_patch.tiff,patch_136,19.03923,9.1580105,23.077662,7.6275735,-7.0222626
batch_02000_patch.tiff,patch_137,17.262358,9.219278,24.32415,6.3788524,-8.583243
batch_02000_patch.tiff,patch_138,10.986136,9.096207,13.237002,5.318375,-7.196748
batch_02000_patch.tiff,patch_139,13.802292,9.275765,20.140547,3.4503233,-6.9996595
batch_02000_patch.tiff,patch_140,16.441536,13.116311,9.85377,9.540129,-8.924205
batch_02000_patch.tiff,patch_141,15.529382,12.702289,9.638173,6.1099887,-5.741041
batch_02000_patch.tiff,patch_142,10.3114395,11.46348,9.172376,8.685268,-12.94457
batch_02000_patch.tiff,patch_143,8.425792,12.277903,6.8848677,7.824891,-10.547602
batch_02000_patch.tiff,patch_144,15.085206,11.332761,20.136189,9.554299,-9.812163
batch_02000_patch.tiff,patch_145,12.435501,8.422408,19.522831,7.9906363,-9.5687895
batch_02000_patch.tiff,patch_146,17.192415,10.209216,21.556667,13.102732,-8.59865
batch_02000_patch.tiff,patch_147,17.207964,4.657566,24.574986,8.314381,-6.990725
batch_02000_patch.tiff,patch_148,12.780331,7.558397,16.724422,5.6910844,-7.106131
batch_02000_patch.tiff,patch_149,13.926879,8.927427,17.46223,6.151273,-6.525939
batch_02000_patch.tiff,patch_150,9.771053,12.358052,7.6687016,5.662569,-6.5227995
batch_02000_patch.tiff,patch_151,12.888871,10.4836445,8.472618,9.077016,-5.937914
batch_02000_patch.tiff,patch_152,18.053928,8.926297,16.127821,7.54775,-7.951739
batch_02000_patch.tiff,patch_153,12.90265,15.759896,10.609484,6.3075867,-9.546206
batch_02000_patch.tiff,patch_154,11.484887,7.536738,14.792438,2.811339,-6.4035044
batch_02000_patch.tiff,patch_155,14.54145,10.796876,23.430855,8.884431,-9.366239
batch_02000_patch.tiff,patch_156,17.07377,8.230181,13.028947,8.480257,-11.868923
batch_02000_patch.tiff,patch_157,17.386984,10.309461,21.624598,8.700525,-9.387663
batch_02000_patch.tiff,patch_158,17.637058,9.471241,24.065329,7.636486,-7.5995603
batch_02050_patch.tiff,patch_0,15.444484,6.5132804,19.516827,7.9341493,-5.614641
batch_02050_patch.tiff,patch_1,19.951683,9.94391,24.840235,6.9405966,-9.273195
batch_02050_patch.tiff,patch_2,14.186889,5.8435893,19.76047,11.714032,-6.1827593
batch_02050_patch.tiff,patch_3,16.229458,7.7353644,21.366783,5.6189494,-10.771102
batch_02050_patch.tiff,patch_4,9.2397995,9.495446,15.906695,10.34932,-10.782193
batch_02050_patch.tiff,patch_5,17.390743,8.841863,24.120056,9.736251,-9.598242
batch_02050_patch.tiff,patch_6,17.972162,10.951019,24.265797,8.427324,-4.2300663
batch_02050_patch.tiff,patch_7,14.733861,10.973402,8.924772,11.529024,-6.0492673
batch_02050_patch.tiff,patch_8,13.627007,8.561033,17.740896,7.4554214,-5.9239526
batch_02050_patch.tiff,patch_9,14.517827,12.359498,19.10889,6.9784837,-5.242514
batch_02050_patch.tiff,patch_10,24.288183,10.906485,21.152685,13.674527,-9.087835
batch_02050_patch.tiff,patch_11,21.132648,5.3372726,18.67226,8.471528,-7.5225406
batch_02050_patch.tiff,patch_12,14.624255,4.782271,20.480413,9.860565,-10.196264
batch_02050_patch.tiff,patch_13,15.760721,6.833919,21.798567,13.584673,-10.741861
batch_02050_patch.tiff,patch_14,13.244381,9.032577,15.106518,15.25198,-12.402071
batch_02050_patch.tiff,patch_15,8.695558,9.754262,14.874885,11.649489,-9.116048
batch_02050_patch.tiff,patch_16,14.659414,12.531722,16.990671,13.594512,-8.59233
batch_02050_patch.tiff,patch_17,18.121073,9.9621525,17.687498,8.574259,-6.6241937
batch_02050_patch.tiff,patch_18,12.952029,8.7876835,13.734433,7.878694,-7.7742047
batch_02050_patch.tiff,patch_19,13.480831,11.060078,22.143156,6.9733133,-5.22691
batch_02050_patch.tiff,patch_20,11.833863,8.244359,24.96214,10.666143,-11.608557
batch_02050_patch.tiff,patch_21,19.735882,9.896571,20.089493,7.5651574,-6.3453417
batch_02050_patch.tiff,patch_22,17.174843,8.551214,22.191135,10.965342,-8.084179
batch_02050_patch.tiff,patch_23,16.685387,9.034993,16.372454,16.429577,-7.7848787
batch_02050_patch.tiff,patch_24,15.936842,6.2561445,21.38863,7.337113,-7.9838805
batch_02050_patch.tiff,patch_25,13.060543,7.4343605,22.052824,11.541042,-6.190075
batch_02050_patch.tiff,patch_26,17.050209,7.79901,23.15085,9.399669,-7.3057613
batch_02050_patch.tiff,patch_27,17.061302,10.256803,24.643404,9.961025,-9.152222
batch_02050_patch.tiff,patch_28,17.375265,12.744579,19.369146,8.619268,-6.35856
batch_02050_patch.tiff,patch_29,7.3646407,13.760966,16.57621,2.809975,-8.93343
batch_02050_patch.tiff,patch_30,17.704737,10.299909,24.368704,9.815793,-5.280934
batch_02050_patch.tiff,patch_31,17.384758,8.490629,22.275276,10.857147,-3.6954768
batch_02050_patch.tiff,patch_32,17.67474,9.657503,17.736284,9.241615,-5.4888496
batch_02050_patch.tiff,patch_33,13.407407,5.997369,12.977274,12.857284,-6.846894
batch_02050_patch.tiff,patch_34,12.122778,9.174174,16.678558,8.64432,-9.0522785
batch_02050_patch.tiff,patch_35,19.004402,7.6762056,22.665318,9.502446,-9.203591
batch_02050_patch.tiff,patch_36,12.14063,11.097938,15.243946,13.847557,-9.224703
batch_02050_patch.tiff,patch_37,14.537226,5.884852,19.83407,11.526627,-9.337603
batch_02050_patch.tiff,patch_38,12.932479,7.8910813,20.108824,12.189253,-9.420958
batch_02050_patch.tiff,patch_39,16.688698,7.5757666,23.266905,7.040097,-7.0765085
batch_02050_patch.tiff,patch_40,17.166508,8.078251,20.371536,7.92626,-8.786868
batch_02050_patch.tiff,patch_41,9.969418,11.609777,16.343904,11.34969,-9.11412
batch_02050_patch.tiff,patch_42,10.412042,8.559401,15.053501,8.782867,-8.092556
batch_02050_patch.tiff,patch_43,14.909785,10.160886,16.065664,6.5659046,-9.758091
batch_02050_patch.tiff,patch_44,13.653344,7.6144514,21.896206,8.352718,-8.033424
batch_02050_patch.tiff,patch_45,12.795778,8.882845,14.992611,13.87833,-9.536445
batch_02050_patch.tiff,patch_46,18.588108,10.203583,24.306719,9.779645,-9.923732
batch_02050_patch.tiff,patch_47,16.20434,6.8632855,22.273817,8.699227,-7.507589
batch_02050_patch.tiff,patch_48,9.749054,11.118115,15.182517,5.946,-11.705521
batch_02050_patch.tiff,patch_49,15.697412,10.245976,19.459967,3.3283463,-6.458989
batch_02050_patch.tiff,patch_50,17.409355,7.68297,22.15025,7.2880735,-8.503467
batch_02050_patch.tiff,patch_51,16.230257,13.474582,23.026764,8.441382,-8.075822
batch_02050_patch.tiff,patch_52,11.687024,14.093127,12.49773,5.7007275,-9.3329735
batch_02050_patch.tiff,patch_53,14.18801,9.3348255,11.610772,8.679326,-5.73528
batch_02050_patch.tiff,patch_54,9.888228,8.597854,20.267294,8.277858,-8.128768
batch_02050_patch.tiff,patch_55,12.878265,8.307362,20.760832,12.06137,-10.643567
batch_02050_patch.tiff,patch_56,14.100576,7.1677737,25.207996,9.114293,-6.8753257
batch_02050_patch.tiff,patch_57,15.468091,5.333874,18.927101,8.768635,-10.240221
batch_02050_patch.tiff,patch_58,19.548328,10.577425,24.875708,9.415007,-7.8686476
batch_02050_patch.tiff,patch_59,15.754683,9.887084,26.25823,9.635002,-7.310843
batch_02050_patch.tiff,patch_60,12.737758,9.594184,10.647052,6.139908,-9.768493
batch_02050_patch.tiff,patch_61,12.804565,7.646631,20.441706,5.6170654,-9.024178
batch_02050_patch.tiff,patch_62,17.608103,9.7991,24.879686,8.465804,-7.0062227
batch_02050_patch.tiff,patch_63,16.377468,13.11391,22.896896,11.143818,-5.8306994
batch_02050_patch.tiff,patch_64,13.774628,12.626454,17.239418,11.668924,-6.8513803
batch_02050_patch.tiff,patch_65,9.423462,9.131247,15.235184,12.938952,-7.2881975
batch_02050_patch.tiff,patch_66,14.321262,6.3663306,20.284748,10.971754,-9.507348
batch_02050_patch.tiff,patch_67,14.743547,12.958516,19.68693,8.78848,-8.580761
batch_02050_patch.tiff,patch_68,14.650621,7.176074,23.458643,5.9751754,-6.270012
batch_02050_patch.tiff,patch_69,15.8896675,4.277195,22.398682,4.9063525,-5.631064
batch_02050_patch.tiff,patch_70,17.13807,10.415876,17.667562,6.268639,-9.121248
batch_02050_patch.tiff,patch_71,13.09963,11.403556,18.769855,11.3742895,-10.482078
batch_02050_patch.tiff,patch_72,13.472542,12.710676,9.623652,10.501526,-8.493005
batch_02050_patch.tiff,patch_73,11.904849,15.739663,10.49521,10.87498,-10.697066
batch_02050_patch.tiff,patch_74,15.767844,8.765408,20.35887,8.694471,-10.538569
batch_02050_patch.tiff,patch_75,20.210848,7.850235,20.505188,5.760833,-5.5697517
batch_02050_patch.tiff,patch_76,9.426503,6.1475196,9.755459,6.917373,-6.6901326
batch_02050_patch.tiff,patch_77,14.386147,6.804381,17.816906,6.9019837,-7.7313786
batch_02050_patch.tiff,patch_78,15.0450945,3.6700478,26.69528,5.0775642,-8.733483
batch_02050_patch.tiff,patch_79,12.520513,9.344298,21.944792,8.018542,-5.966014
batch_02050_patch.tiff,patch_80,15.64133,6.75734,23.846693,9.34402,-8.891407
batch_02050_patch.tiff,patch_81,18.250546,8.821721,25.570072,8.065795,-6.3311095
batch_02050_patch.tiff,patch_82,12.79946,8.399591,23.834745,2.6290436,-7.354601
batch_02050_patch.tiff,patch_83,10.374269,10.0927105,21.97213,5.7653933,-8.3154545
batch_02050_patch.tiff,patch_84,11.548307,11.489354,10.818444,13.142042,-8.459471
batch_02050_patch.tiff,patch_85,10.951888,10.055172,15.347739,10.280151,-9.521387
batch_02050_patch.tiff,patch_86,19.304424,8.429235,25.277962,7.286175,-6.889765
batch_02050_patch.tiff,patch_87,15.683143,7.036761,21.112963,8.204286,-2.765774
batch_02050_patch.tiff,patch_88,15.062392,8.372887,16.762669,6.501881,-5.6409674
batch_02050_patch.tiff,patch_89,16.142668,6.212897,12.918263,12.294331,-6.908282
batch_02050_patch.tiff,patch_90,16.459885,8.572668,24.472473,6.849474,-7.7842865
batch_02050_patch.tiff,patch_91,14.89849,7.291489,25.951986,5.0780573,-6.1963897
batch_02050_patch.tiff,patch_92,14.333946,8.8551445,19.935589,10.626266,-8.3667145
batch_02050_patch.tiff,patch_93,17.497057,12.807331,23.609276,7.6709185,-8.474407
batch_02050_patch.tiff,patch_94,6.7284408,10.471035,19.38803,10.391186,-12.124855
batch_02050_patch.tiff,patch_95,7.9611263,7.1387525,21.474268,10.275103,-7.3779917
batch_02050_patch.tiff,patch_96,15.867786,8.827763,21.945389,10.95275,-8.461292
batch_02050_patch.tiff,patch_97,10.723617,7.0489507,16.330992,10.603388,-9.184915
batch_02050_patch.tiff,patch_98,16.57295,11.962,22.456787,8.492376,-2.7841196
batch_02050_patch.tiff,patch_99,19.994587,7.968886,22.929882,6.0934005,-5.7422915
batch_02050_patch.tiff,patch_100,11.185463,11.082467,13.418308,7.082596,-9.373323
batch_02050_patch.tiff,patch_101,12.615367,8.238611,13.257883,10.835935,-6.637254
batch_02050_patch.tiff,patch_102,9.468797,12.023742,12.973597,4.581314,-11.919692
batch_02050_patch.tiff,patch_103,14.723903,13.677877,21.993828,9.072854,-6.6417136
batch_02050_patch.tiff,patch_104,15.7856655,9.248168,23.433037,9.092944,-7.520538
batch_02050_patch.tiff,patch_105,20.571533,10.383366,26.53557,8.992595,-6.344144
batch_02050_patch.tiff,patch_106,12.276024,9.480585,19.660414,5.617613,-6.720331
batch_02050_patch.tiff,patch_107,11.238975,13.001048,20.918373,7.313539,-10.984334
batch_02050_patch.tiff,patch_108,14.358686,13.37923,14.988086,13.946857,-7.4621873
batch_02050_patch.tiff,patch_109,15.542406,10.870255,16.511557,12.389525,-11.334377
batch_02050_patch.tiff,patch_110,12.215164,6.5012107,16.72315,6.3223963,-7.667408
batch_02050_patch.tiff,patch_111,18.838924,7.4740124,22.597727,3.8331733,-5.794087
batch_02050_patch.tiff,patch_112,10.643007,10.120959,13.71295,8.179787,-9.869104
batch_02050_patch.tiff,patch_113,13.367476,9.546864,14.733519,8.025929,-11.508602
batch_02050_patch.tiff,patch_114,12.869345,12.191586,13.402741,6.2346516,-11.538928
batch_02050_patch.tiff,patch_115,11.279235,16.309807,15.312077,7.7267632,-8.697065
batch_02050_patch.tiff,patch_116,15.955783,10.194066,16.134644,4.7682376,-9.969189
batch_02050_patch.tiff,patch_117,15.78721,8.895117,23.355307,10.952994,-8.963958
batch_02050_patch.tiff,patch_118,18.825092,7.5556626,24.755472,8.182827,-7.648136
batch_02050_patch.tiff,patch_119,13.667215,7.3575463,23.963684,8.776061,-11.737406
batch_02050_patch.tiff,patch_120,12.811871,5.967759,15.839845,7.172199,-6.271791
batch_02050_patch.tiff,patch_121,15.445709,8.935226,17.904827,7.947988,-2.9118884
batch_02050_patch.tiff,patch_122,16.402113,9.676832,19.201887,5.4296913,-7.249374
batch_02050_patch.tiff,patch_123,15.427838,9.943058,12.697302,10.400605,-8.81311
batch_02050_patch.tiff,patch_124,9.863879,15.014624,12.990004,5.334014,-12.231034
batch_02050_patch.tiff,patch_125,11.637232,13.849587,11.704844,6.27508,-13.220649
batch_02050_patch.tiff,patch_126,7.2896266,10.122229,7.4657054,4.425136,-9.495514
batch_02050_patch.tiff,patch_127,14.005926,11.586019,9.151042,7.350438,-10.393959
batch_02050_patch.tiff,patch_128,16.088118,9.389683,23.724731,7.2009335,-6.3506255
batch_02050_patch.tiff,patch_129,17.795826,10.525235,26.10917,6.927046,-8.68426
batch_02050_patch.tiff,patch_130,15.202422,9.542664,17.196033,11.823399,-7.1561446
batch_02050_patch.tiff,patch_131,15.644872,6.8852086,23.01742,8.868954,-9.656876
batch_02050_patch.tiff,patch_132,16.004343,10.25097,15.038182,6.629903,-3.761805
batch_02050_patch.tiff,patch_133,15.0809,13.700947,16.675028,7.9886866,-8.615013
batch_02050_patch.tiff,patch_134,11.825263,7.8549814,17.920143,6.517663,-8.192614
batch_02050_patch.tiff,patch_135,12.409396,8.996556,19.874758,6.8379283,-5.4781246
batch_02050_patch.tiff,patch_136,10.259029,11.794789,9.30793,4.586682,-11.568437
batch_02050_patch.tiff,patch_137,12.638306,12.983873,12.995865,2.4991376,-10.328642
batch_02050_patch.tiff,patch_138,8.027777,12.589555,8.0078335,3.5887523,-11.813607
batch_02050_patch.tiff,patch_139,8.911798,15.447711,9.317376,1.7021372,-12.468221
batch_02050_patch.tiff,patch_140,14.193065,8.248667,22.314056,7.1386657,-7.213289
batch_02050_patch.tiff,patch_141,18.599892,11.253973,25.916656,11.445179,-5.319859
batch_02050_patch.tiff,patch_142,14.257827,8.093876,25.123827,6.5624266,-6.0059357
batch_02050_patch.tiff,patch_143,14.510283,12.697368,21.137535,7.9633946,-6.6373987
batch_02050_patch.tiff,patch_144,11.404181,5.180044,17.4388,12.007272,-7.8446126
batch_02050_patch.tiff,patch_145,9.236801,7.882166,16.369162,6.3915296,-10.993472
batch_02050_patch.tiff,patch_146,13.518353,9.235918,18.2982,12.3266,-4.604347
batch_02050_patch.tiff,patch_147,18.233328,9.758406,23.973312,8.838177,-6.761211
batch_02050_patch.tiff,patch_148,10.017041,11.103064,12.880388,6.5656137,-11.144664
batch_02050_patch.tiff,patch_149,13.889825,8.030123,13.47328,4.7202644,-12.07685
batch_02050_patch.tiff,patch_150,8.539808,11.959764,10.1154585,6.727722,-11.449639
batch_02050_patch.tiff,patch_151,10.144411,15.56244,11.406185,3.2874491,-15.269582
batch_02050_patch.tiff,patch_152,14.147276,7.801688,23.844498,6.849312,-5.9781384
batch_02050_patch.tiff,patch_153,16.670568,10.274711,26.328302,6.3535104,-9.487411
batch_02050_patch.tiff,patch_154,14.4266615,6.5404654,22.619452,6.7240453,-6.459586
batch_02050_patch.tiff,patch_155,9.039156,10.30341,15.386979,7.2464104,-10.929583
batch_02050_patch.tiff,patch_156,17.092611,6.0851226,12.89925,7.517034,-8.31366
batch_02050_patch.tiff,patch_157,12.718623,14.5938015,11.603884,13.939321,-6.712241
batch_02050_patch.tiff,patch_158,17.063393,7.6091104,20.049109,12.380476,-6.228198
batch_02050_patch.tiff,patch_159,16.29138,7.508552,20.016155,9.66726,-9.254566
batch_02050_patch.tiff,patch_160,14.9261,7.5487304,21.79956,5.299378,-5.582595
batch_02050_patch.tiff,patch_161,15.12687,8.876806,25.983013,3.466828,-2.5758457
batch_02050_patch.tiff,patch_162,14.422932,9.440933,12.722713,9.359034,-10.933565
batch_02050_patch.tiff,patch_163,11.157274,12.401986,7.190274,8.7736025,-14.526213
batch_02050_patch.tiff,patch_164,12.78495,6.8283277,14.959942,11.59865,-7.7512507
batch_02050_patch.tiff,patch_165,16.53759,8.663797,18.352064,9.271214,-10.029679
batch_02050_patch.tiff,patch_166,15.852589,11.136607,23.576084,7.305004,-7.0817513
batch_02050_patch.tiff,patch_167,16.162985,6.7164187,24.494316,5.826224,-7.5212255
batch_02050_patch.tiff,patch_168,16.350185,9.206515,20.090826,9.988283,-0.8375785
batch_02050_patch.tiff,patch_169,18.25862,13.863216,20.690985,15.333679,-0.51179284
batch_02050_patch.tiff,patch_170,16.010748,10.504073,23.29327,6.063621,-4.9753203
batch_02050_patch.tiff,patch_171,16.262854,8.545293,18.69351,6.4494805,-5.2070684
batch_02050_patch.tiff,patch_172,16.233078,14.784821,21.813744,7.5716863,-7.098853
batch_02050_patch.tiff,patch_173,14.474597,10.555781,17.324638,9.481998,-8.502774
batch_02050_patch.tiff,patch_174,13.301834,11.271251,11.563329,8.614935,-7.382061
batch_02050_patch.tiff,patch_175,13.527911,13.0748205,17.861176,6.7691226,-10.766703
batch_02100_patch.tiff,patch_0,16.209822,6.5449777,22.43509,7.4350576,-8.823837
batch_02100_patch.tiff,patch_1,14.37676,12.217673,13.347505,4.0202327,-7.98601
batch_02100_patch.tiff,patch_2,10.000996,14.38752,13.483601,6.526417,-10.244406
batch_02100_patch.tiff,patch_3,16.546648,8.026338,22.11887,6.0554233,-7.7452583
batch_02100_patch.tiff,patch_4,15.194828,5.824472,23.583376,12.233098,-13.634432
batch_02100_patch.tiff,patch_5,14.323258,7.5932913,17.42541,13.708626,-11.58037
batch_02100_patch.tiff,patch_6,15.04393,12.229744,20.479706,10.644702,-6.649641
batch_02100_patch.tiff,patch_7,12.901854,14.054763,12.794579,8.094497,-12.930612
batch_02100_patch.tiff,patch_8,11.783956,11.179082,18.46365,8.989975,-12.249837
batch_02100_patch.tiff,patch_9,16.28131,7.6200275,23.012213,4.3119555,-5.984056
batch_02100_patch.tiff,patch_10,16.948502,10.502045,21.395485,10.897184,-4.9355683
batch_02100_patch.tiff,patch_11,10.092819,11.513762,19.14967,8.767057,-9.088841
batch_02100_patch.tiff,patch_12,11.151776,10.524735,17.666946,6.8952417,-9.040716
batch_02100_patch.tiff,patch_13,18.310972,11.507318,20.113495,12.47572,-6.186716
batch_02100_patch.tiff,patch_14,10.8167305,12.941387,16.237226,6.617716,-11.446297
batch_02100_patch.tiff,patch_15,14.053002,13.85337,22.489742,7.3909945,-7.7625146
batch_02100_patch.tiff,patch_16,20.899694,10.886823,18.46251,8.191947,-4.1364694
batch_02100_patch.tiff,patch_17,12.114646,6.507941,19.805683,9.050566,-10.687432
batch_02100_patch.tiff,patch_18,16.129774,8.279003,24.378544,6.7062845,-6.828414
batch_02100_patch.tiff,patch_19,17.591547,12.076964,21.34058,10.658788,-5.043862
batch_02100_patch.tiff,patch_20,17.88832,10.745473,25.707972,6.706766,-9.685198
batch_02100_patch.tiff,patch_21,11.624658,8.6430855,21.031061,3.6407435,-4.3758073
batch_02100_patch.tiff,patch_22,12.448534,12.465609,16.801245,6.737738,-6.1067
batch_02100_patch.tiff,patch_23,5.9712543,11.921563,12.5061655,13.918991,-8.45195
batch_02100_patch.tiff,patch_24,10.425735,13.338604,13.81526,6.494815,-10.884499
batch_02100_patch.tiff,patch_25,9.96063,7.6518893,17.368994,7.0261927,-9.827412
batch_02100_patch.tiff,patch_26,14.75544,11.641321,12.682339,8.256247,-8.342789
batch_02100_patch.tiff,patch_27,14.785986,10.755544,20.917389,8.12843,-4.375127
batch_02100_patch.tiff,patch_28,16.778486,14.845465,12.253647,9.9418545,-9.278774
batch_02100_patch.tiff,patch_29,13.126463,6.161483,22.00262,5.2989,-9.656713
batch_02100_patch.tiff,patch_30,15.579842,10.694904,22.937937,5.823958,-10.270589
batch_02100_patch.tiff,patch_31,9.783516,5.0401206,18.669447,11.883002,-9.971058
batch_02100_patch.tiff,patch_32,13.193725,6.139126,18.552431,9.416459,-6.2016335
batch_02100_patch.tiff,patch_33,16.300804,8.989181,22.52156,4.705144,-6.4423523
batch_02100_patch.tiff,patch_34,16.780329,13.927379,23.642443,9.2424755,-6.009129
batch_02100_patch.tiff,patch_35,17.199245,8.40098,24.714582,9.129616,-1.5054328
batch_02100_patch.tiff,patch_36,7.48159,11.266883,16.717018,10.973868,-9.961608
batch_02100_patch.tiff,patch_37,15.248336,12.955597,20.155104,8.540799,-8.587044
batch_02100_patch.tiff,patch_38,14.080655,12.079536,18.957373,9.372724,-7.4250507
batch_02100_patch.tiff,patch_39,9.608334,11.47445,12.114279,6.2106094,-12.212895
batch_02100_patch.tiff,patch_40,11.000355,9.9019575,16.794666,5.571727,-9.571532
batch_02100_patch.tiff,patch_41,9.02677,11.733419,14.824952,7.0543623,-10.582677
batch_02100_patch.tiff,patch_42,13.541888,8.4845495,16.728699,7.379193,-7.595064
batch_02100_patch.tiff,patch_43,14.70972,4.468405,19.840942,7.5992403,-8.274505
batch_02100_patch.tiff,patch_44,9.074829,7.9114428,17.015457,10.934134,-9.333722
batch_02100_patch.tiff,patch_45,16.283472,6.1537642,23.773933,10.369079,-9.386561
batch_02100_patch.tiff,patch_46,12.342814,12.02772,20.205917,5.7428956,-7.7320423
batch_02100_patch.tiff,patch_47,16.287321,6.6315875,26.611097,9.235486,-5.3142934
batch_02100_patch.tiff,patch_48,15.366671,7.521316,20.388248,13.021433,-2.3612351
batch_02100_patch.tiff,patch_49,12.866233,8.982297,12.214632,12.299939,-8.494532
batch_02100_patch.tiff,patch_50,18.859098,8.310016,21.737469,9.159552,-6.7016125
batch_02100_patch.tiff,patch_51,17.341404,9.429137,24.555758,10.512546,-10.822494
batch_02100_patch.tiff,patch_52,10.412232,8.941561,17.78363,1.8825799,-10.633236
batch_02100_patch.tiff,patch_53,18.094004,10.172309,16.485016,10.108528,-6.278446
batch_02100_patch.tiff,patch_54,11.008085,7.9976707,16.1534,5.592498,-9.332405
batch_02100_patch.tiff,patch_55,13.658682,9.756332,16.924099,7.629632,-8.547539
batch_02100_patch.tiff,patch_56,13.2853365,5.545749,22.104427,10.730081,-9.958716
batch_02100_patch.tiff,patch_57,8.602496,6.7056303,11.814366,11.698372,-10.074322
batch_02100_patch.tiff,patch_58,18.37158,11.091812,23.635773,8.410012,-6.17368
batch_02100_patch.tiff,patch_59,19.11631,9.774893,20.2516,8.836506,-4.2819924
batch_02100_patch.tiff,patch_60,12.000875,9.953316,14.219949,8.616465,-9.052891
batch_02100_patch.tiff,patch_61,10.050958,13.401876,22.45018,9.661301,-8.452677
batch_02100_patch.tiff,patch_62,19.216915,8.874579,25.767866,9.482843,-6.384766
batch_02100_patch.tiff,patch_63,18.392166,8.450207,22.649107,9.792472,-4.4321985
batch_02100_patch.tiff,patch_64,10.354898,10.577351,14.8835125,6.294492,-14.65404
batch_02100_patch.tiff,patch_65,14.632143,7.7838397,20.495863,8.24768,-8.413604
batch_02100_patch.tiff,patch_66,14.743237,10.54631,15.640369,6.8372087,-8.3262415
batch_02100_patch.tiff,patch_67,17.418055,8.022455,16.300743,8.12727,-2.2068617
batch_02100_patch.tiff,patch_68,17.463472,6.090035,18.879438,11.277183,-4.764194
batch_02100_patch.tiff,patch_69,13.664457,5.077119,20.087437,7.0253887,-10.660889
batch_02100_patch.tiff,patch_70,13.403214,6.8093996,19.640589,9.525734,-7.5732207
batch_02100_patch.tiff,patch_71,16.766449,6.8069754,25.133966,7.6234727,-5.6038694
batch_02100_patch.tiff,patch_72,9.166273,10.079696,15.025863,8.78317,-7.7940474
batch_02100_patch.tiff,patch_73,11.482833,7.425716,18.403446,9.058494,-9.528297
batch_02100_patch.tiff,patch_74,17.554249,9.91181,20.336931,7.8283267,-9.827909
batch_02100_patch.tiff,patch_75,16.294958,9.907259,12.811334,9.1841755,-8.454365
batch_02100_patch.tiff,patch_76,11.109061,10.669357,10.023713,9.032422,-12.212824
batch_02100_patch.tiff,patch_77,11.158564,6.584871,13.603397,7.3160233,-10.824066
batch_02100_patch.tiff,patch_78,10.86327,7.8626833,18.255632,7.8026447,-10.440308
batch_02100_patch.tiff,patch_79,12.624097,12.004711,16.533005,12.463139,-11.676048
batch_02100_patch.tiff,patch_80,11.132354,8.05432,11.506097,10.420051,-9.284618
batch_02100_patch.tiff,patch_81,13.522672,8.497403,16.306242,9.700029,-6.654445
batch_02100_patch.tiff,patch_82,18.54859,7.6473284,21.736616,6.711868,-7.7294536
batch_02100_patch.tiff,patch_83,19.387068,8.596256,20.787628,10.054807,-8.596513
batch_02100_patch.tiff,patch_84,14.677338,12.70104,17.040339,7.7855005,-5.8156176
batch_02100_patch.tiff,patch_85,15.900663,11.742628,18.098427,3.6415472,-8.249899
batch_02100_patch.tiff,patch_86,15.364914,8.809953,19.088188,9.485455,-8.880054
batch_02100_patch.tiff,patch_87,17.702034,9.992602,17.536146,8.431938,-8.6651745
batch_02100_patch.tiff,patch_88,12.47982,11.952905,10.463561,8.930731,-11.058823
batch_02100_patch.tiff,patch_89,5.2363405,7.534082,14.9038105,5.9703445,-10.473996
batch_02100_patch.tiff,patch_90,7.2647505,6.3348684,13.868251,6.4907827,-12.360856
batch_02100_patch.tiff,patch_91,9.273503,5.3798666,15.164542,4.9946227,-11.181956
batch_02100_patch.tiff,patch_92,8.761156,9.671182,13.642071,8.116827,-11.983072
batch_02100_patch.tiff,patch_93,17.417433,6.0792384,13.340893,7.418915,-5.883715
batch_02100_patch.tiff,patch_94,17.025812,11.093075,22.523722,7.262422,-9.1968975
batch_02100_patch.tiff,patch_95,12.8432,10.894261,18.179878,9.532035,-9.034629
batch_02100_patch.tiff,patch_96,19.157028,10.699707,26.23908,6.543237,-6.825215
batch_02100_patch.tiff,patch_97,15.270824,16.826384,22.296368,12.489902,-7.791097
batch_02100_patch.tiff,patch_98,17.631264,12.381065,21.564604,11.530145,-8.000905
batch_02100_patch.tiff,patch_99,13.038987,13.721508,11.278527,8.1520195,-8.476458
batch_02100_patch.tiff,patch_100,9.891283,14.7796755,15.384983,7.9245377,-7.4734507
batch_02100_patch.tiff,patch_101,10.315436,12.280285,14.059019,9.22309,-8.9668455
batch_02100_patch.tiff,patch_102,12.379184,9.4751005,20.736649,14.003091,-13.801755
batch_02100_patch.tiff,patch_103,10.158045,6.1182737,18.981962,8.216706,-10.504735
batch_02100_patch.tiff,patch_104,13.796387,11.570979,20.786013,9.376772,-5.921426
batch_02100_patch.tiff,patch_105,11.456631,8.433541,16.43439,11.14694,-9.883953
batch_02100_patch.tiff,patch_106,14.860369,9.625185,23.251337,9.528378,-6.5033326
batch_02100_patch.tiff,patch_107,15.288259,10.499227,25.051825,3.0625823,-6.359836
batch_02100_patch.tiff,patch_108,19.18273,12.025226,24.916924,10.087659,-5.899747
batch_02100_patch.tiff,patch_109,14.456919,11.917929,17.67521,8.009441,-11.55097
batch_02100_patch.tiff,patch_110,12.745682,10.060095,9.941601,5.168651,-10.067664
batch_02100_patch.tiff,patch_111,13.502281,10.031324,17.678015,4.5983663,-8.835751
batch_02100_patch.tiff,patch_112,12.886682,11.383363,20.95965,9.81283,-7.7417116
batch_02100_patch.tiff,patch_113,14.005308,6.8199067,20.919056,14.133895,-12.688563
batch_02100_patch.tiff,patch_114,11.964409,10.5477495,21.051432,12.347278,-7.800397
batch_02100_patch.tiff,patch_115,17.28893,6.9313383,24.32382,10.885463,-3.8376095
batch_02100_patch.tiff,patch_116,17.647192,6.344083,24.099085,5.933971,-5.8835917
batch_02100_patch.tiff,patch_117,14.47041,9.425707,15.700376,8.829796,-11.613395
batch_02100_patch.tiff,patch_118,14.697009,4.7257447,23.664085,5.1037803,-5.4698544
batch_02100_patch.tiff,patch_119,18.895348,9.592527,27.00417,5.8366857,-6.0225763
batch_02100_patch.tiff,patch_120,18.814142,13.695187,22.400162,7.393327,-4.420044
batch_02100_patch.tiff,patch_121,11.322391,10.059981,11.714271,9.08816,-10.998726
batch_02100_patch.tiff,patch_122,16.486813,6.660161,21.822014,7.375922,-8.041752
batch_02100_patch.tiff,patch_123,17.620056,8.865799,21.394484,8.610846,-6.5567107
batch_02100_patch.tiff,patch_124,19.274721,8.474737,26.478834,10.117765,-7.7536807
batch_02100_patch.tiff,patch_125,16.066835,6.981107,22.987158,14.813177,-9.729054
batch_02100_patch.tiff,patch_126,10.449043,7.0957584,14.769304,9.399974,-8.719389
batch_02100_patch.tiff,patch_127,6.4963627,11.104192,14.11596,9.433682,-8.845399
batch_02100_patch.tiff,patch_128,14.938585,8.646494,22.342339,8.182625,-4.5230327
batch_02100_patch.tiff,patch_129,12.000137,13.58642,15.619896,10.99057,-6.8778224
batch_02100_patch.tiff,patch_130,17.515162,11.926389,22.098307,3.6897433,-7.6076727
batch_02100_patch.tiff,patch_131,15.264114,9.341248,18.555439,10.407032,-11.527602
batch_02100_patch.tiff,patch_132,19.841341,10.711794,15.745177,10.760738,-6.508844
batch_02100_patch.tiff,patch_133,19.495659,10.3958025,29.090942,8.423622,-6.6518345
batch_02100_patch.tiff,patch_134,15.731307,8.139174,25.482046,7.021634,-7.8244762
batch_02100_patch.tiff,patch_135,12.433774,7.585922,20.053493,10.685492,-11.838082
batch_02100_patch.tiff,patch_136,8.728898,4.743682,15.362786,9.908372,-13.18967
batch_02100_patch.tiff,patch_137,8.634633,8.751038,14.520524,7.965348,-4.882991
batch_02100_patch.tiff,patch_138,5.818938,11.648501,11.952624,8.223227,-8.445621
batch_02100_patch.tiff,patch_139,17.49365,9.581083,18.867172,13.255335,-3.7248502
batch_02100_patch.tiff,patch_140,11.07278,12.78441,17.431738,10.311587,-8.438116
batch_02100_patch.tiff,patch_141,14.489162,10.326589,21.405823,8.439919,-5.876496
batch_02100_patch.tiff,patch_142,14.984142,5.8173676,24.329327,9.542978,-7.659437
batch_02100_patch.tiff,patch_143,19.77867,7.9362626,18.057613,12.8255825,-11.208444
batch_02100_patch.tiff,patch_144,12.046853,9.831082,15.947012,7.564971,-7.573008
batch_02100_patch.tiff,patch_145,9.654036,9.413664,18.24676,9.918165,-9.856325
batch_02100_patch.tiff,patch_146,10.441278,4.2344165,12.981241,8.43779,-10.116252
batch_02100_patch.tiff,patch_147,11.027465,4.4826794,16.451563,10.083521,-10.411729
batch_02100_patch.tiff,patch_148,11.490356,13.448318,24.231333,12.526857,-4.3404374
batch_02100_patch.tiff,patch_149,12.693162,9.824773,22.610886,7.7645273,-8.596321
batch_02100_patch.tiff,patch_150,18.9423,8.877225,23.757668,7.2152786,-7.9646997
batch_02100_patch.tiff,patch_151,19.82251,10.8765545,27.16339,8.694482,-8.601663
batch_02100_patch.tiff,patch_152,15.219922,10.865521,17.351303,12.667717,-8.460911
batch_02100_patch.tiff,patch_153,14.482145,8.676931,21.756348,8.15161,-8.993053
batch_02100_patch.tiff,patch_154,16.053022,10.196175,20.959389,11.677894,-9.978482
batch_02100_patch.tiff,patch_155,14.412239,11.569434,17.1183,8.608226,-9.297036
batch_02100_patch.tiff,patch_156,10.863475,8.522011,13.038719,7.0591373,-12.665072
batch_02100_patch.tiff,patch_157,11.2080765,5.141687,14.56004,12.289532,-10.848161
batch_02100_patch.tiff,patch_158,6.275181,4.8195724,13.224874,12.319106,-10.0958395
batch_02100_patch.tiff,patch_159,13.512692,9.780267,17.781242,11.475792,-8.914035
batch_02100_patch.tiff,patch_160,15.243997,11.903582,18.65857,8.833759,-8.7782545
batch_02100_patch.tiff,patch_161,14.5985565,10.777806,26.668486,6.226991,-8.191936
batch_02100_patch.tiff,patch_162,16.84699,12.080197,21.791546,12.311237,-5.20527
batch_02100_patch.tiff,patch_163,17.509384,10.908771,22.586416,7.5800595,-10.427816
batch_02100_patch.tiff,patch_164,12.921372,8.921337,21.099222,6.767156,-14.4010515
batch_02100_patch.tiff,patch_165,8.483556,12.667443,10.72948,4.88717,-10.942994
batch_02100_patch.tiff,patch_166,18.295355,7.154189,18.85741,10.089809,-6.233888
batch_02100_patch.tiff,patch_167,11.206356,14.31478,17.64486,4.233675,-9.4341
batch_02100_patch.tiff,patch_168,8.889602,10.661489,16.471363,8.951775,-11.085234
batch_02100_patch.tiff,patch_169,19.57017,7.2719927,20.897562,7.8055096,-6.7846475
batch_02100_patch.tiff,patch_170,16.002018,10.6221895,22.387638,7.13607,-9.185962
batch_02100_patch.tiff,patch_171,15.590888,11.609344,13.873053,6.4068975,-9.378495
batch_02100_patch.tiff,patch_172,11.449379,6.0127125,18.86106,10.172717,-7.005435
batch_02100_patch.tiff,patch_173,13.143439,9.919044,17.396599,9.434213,-6.514156
batch_02100_patch.tiff,patch_174,16.671507,11.006376,26.038155,5.827155,-6.5527267
batch_02100_patch.tiff,patch_175,13.915142,9.167577,22.83259,11.757672,-6.132334
batch_02150_patch.tiff,patch_0,14.775801,8.698628,24.185053,11.0039,-6.1398
batch_02150_patch.tiff,patch_1,13.528356,11.852259,20.209934,11.513613,-5.214694
batch_02150_patch.tiff,patch_2,11.148235,7.5163975,18.881214,7.431755,-7.299245
batch_02150_patch.tiff,patch_3,12.344958,8.175678,19.527124,7.248699,-9.301722
batch_02150_patch.tiff,patch_4,4.8937025,6.6335373,19.075201,11.323538,-7.8033214
batch_02150_patch.tiff,patch_5,18.49529,8.125486,24.005106,12.096424,-5.532272
batch_02150_patch.tiff,patch_6,9.461243,6.187541,23.650835,6.300788,-7.521657
batch_02150_patch.tiff,patch_7,12.404677,6.1960597,12.211413,7.4182773,-9.622982
batch_02150_patch.tiff,patch_8,10.830795,10.608189,16.993645,6.780901,-10.201975
batch_02150_patch.tiff,patch_9,17.408764,8.825145,24.088543,6.5876064,-7.4226365
batch_02150_patch.tiff,patch_10,14.130691,7.6449113,21.516817,6.705819,-7.5780654
batch_02150_patch.tiff,patch_11,3.9077137,10.845864,11.677565,11.469691,-11.214615
batch_02150_patch.tiff,patch_12,16.624025,8.258337,24.099276,7.3365135,-3.0978382
batch_02150_patch.tiff,patch_13,13.2762575,6.7693663,21.268904,8.872357,-10.813648
batch_02150_patch.tiff,patch_14,8.915431,5.504579,19.042618,4.9084105,-14.633525
batch_02150_patch.tiff,patch_15,8.67583,5.3123355,20.958313,10.906565,-7.4080276
batch_02150_patch.tiff,patch_16,9.067697,4.0078783,21.821712,10.697479,-5.1738725
batch_02150_patch.tiff,patch_17,11.00592,9.257427,21.030416,7.696896,-9.323405
batch_02150_patch.tiff,patch_18,10.004487,8.442884,22.903654,7.2369666,-5.9609494
batch_02150_patch.tiff,patch_19,12.705935,10.198168,15.822297,6.244762,-6.520041
batch_02150_patch.tiff,patch_20,10.795028,13.45214,17.367727,5.4453187,-10.610577
batch_02150_patch.tiff,patch_21,13.34653,13.181804,21.005024,12.487488,-6.2165895
batch_02150_patch.tiff,patch_22,13.902595,10.421994,19.900623,7.637948,-9.177826
batch_02150_patch.tiff,patch_23,13.156626,8.530375,15.467701,7.1397257,-6.901938
batch_02150_patch.tiff,patch_24,18.72518,11.899814,14.23047,8.215406,-8.327871
batch_02150_patch.tiff,patch_25,9.967004,11.183404,18.823576,12.635035,-6.336585
batch_02150_patch.tiff,patch_26,8.2182665,12.0801,13.596956,5.594438,-11.895801
batch_02150_patch.tiff,patch_27,10.294754,10.405908,18.21598,8.409899,-12.202161
batch_02150_patch.tiff,patch_28,13.3906,7.2551265,26.44024,6.0162196,-4.632182
batch_02150_patch.tiff,patch_29,11.989281,4.1383924,22.918198,4.6762543,-6.4629173
batch_02150_patch.tiff,patch_30,9.864691,11.155127,12.266798,10.274031,-11.57142
batch_02150_patch.tiff,patch_31,14.018503,10.00533,14.011958,8.276309,-11.689397
batch_02150_patch.tiff,patch_32,14.181686,6.721338,23.483543,8.188248,-7.29525
batch_02150_patch.tiff,patch_33,12.5722885,10.401151,14.666885,7.433486,-7.7072053
batch_02150_patch.tiff,patch_34,8.022193,10.379214,15.158851,13.14199,-7.6874795
batch_02150_patch.tiff,patch_35,14.757086,8.374023,25.740618,5.9783597,-6.887848
batch_02150_patch.tiff,patch_36,15.676471,11.475233,23.877056,4.697467,-7.7139015
batch_02150_patch.tiff,patch_37,7.0025063,13.862824,14.953918,6.0899253,-13.407357
batch_02150_patch.tiff,patch_38,11.275253,12.039444,21.69357,9.0739565,-6.812898
batch_02150_patch.tiff,patch_39,13.578946,5.2308526,20.593431,8.947035,-4.1128755
batch_02150_patch.tiff,patch_40,4.279285,6.6174417,12.173906,6.618519,-8.897768
batch_02150_patch.tiff,patch_41,12.879859,9.761977,15.555719,9.718899,-7.7551675
batch_02150_patch.tiff,patch_42,15.36197,8.909634,14.872832,10.314871,-7.885678
batch_02150_patch.tiff,patch_43,16.483763,7.4783573,19.547874,8.746244,-10.135332
batch_02150_patch.tiff,patch_44,15.4494505,9.563662,13.495823,9.366439,-6.0096836
batch_02150_patch.tiff,patch_45,15.159758,8.989112,13.813623,10.617771,-3.4186175
batch_02150_patch.tiff,patch_46,12.371458,9.990408,20.31449,8.056197,-9.739594
batch_02150_patch.tiff,patch_47,12.633408,16.743721,17.476168,10.902659,-7.8592687
batch_02150_patch.tiff,patch_48,14.318995,5.299464,18.045969,8.3397255,-6.63477
batch_02150_patch.tiff,patch_49,13.255485,16.22298,9.807085,12.7928915,-4.902023
batch_02150_patch.tiff,patch_50,19.3603,15.635531,23.855852,11.323702,-5.3645263
batch_02150_patch.tiff,patch_51,14.157305,9.58364,20.416069,7.1976748,-6.6636596
batch_02150_patch.tiff,patch_52,11.931364,5.5974545,14.664053,7.560707,-9.786505
batch_02150_patch.tiff,patch_53,10.935475,5.137148,15.335392,7.3732305,-11.795112
batch_02150_patch.tiff,patch_54,11.253324,7.125283,16.418983,9.69729,-4.8637414
batch_02150_patch.tiff,patch_55,8.631624,5.9389024,13.567805,9.615791,-8.520554
batch_02150_patch.tiff,patch_56,11.254228,7.538234,8.809234,8.105231,-8.688337
batch_02150_patch.tiff,patch_57,14.093432,14.8956,16.272902,5.8338814,-8.415889
batch_02150_patch.tiff,patch_58,14.054126,10.595634,19.489536,8.940869,-7.32896
batch_02150_patch.tiff,patch_59,16.104496,8.378883,16.622923,8.52702,-3.1452982
batch_02150_patch.tiff,patch_60,12.209402,8.303032,16.34239,8.077539,-9.204909
batch_02150_patch.tiff,patch_61,16.597345,12.318859,20.485142,8.012209,-9.211514
batch_02150_patch.tiff,patch_62,17.11589,8.325895,23.603567,9.030538,-11.557419
batch_02150_patch.tiff,patch_63,11.488817,10.414031,12.782011,5.7652593,-9.422011
batch_02150_patch.tiff,patch_64,13.292626,4.4527574,17.916603,9.546425,-8.769562
batch_02150_patch.tiff,patch_65,12.689017,6.013013,15.302549,9.806418,-4.029649
batch_02150_patch.tiff,patch_66,11.015149,6.847764,17.998505,10.626553,-1.104089
batch_02150_patch.tiff,patch_67,9.246043,9.44087,15.409786,9.310704,-9.805804
batch_02150_patch.tiff,patch_68,16.843489,8.413955,23.075308,7.1431074,-3.6917677
batch_02150_patch.tiff,patch_69,17.58186,12.510293,20.369623,9.14102,-4.916547
batch_02150_patch.tiff,patch_70,11.367095,8.014381,15.238045,8.621575,-3.4768453
batch_02150_patch.tiff,patch_71,15.534577,11.960911,21.06817,9.98594,-7.2434773
batch_02150_patch.tiff,patch_72,13.606684,6.7481623,26.15287,5.9928126,-4.4825134
batch_02150_patch.tiff,patch_73,13.387729,6.757754,25.249203,8.322443,-5.13289
batch_02150_patch.tiff,patch_74,10.145219,8.020459,10.456855,8.048593,-7.64089
batch_02150_patch.tiff,patch_75,10.871795,5.790349,8.482137,11.830628,-7.2471547
batch_02150_patch.tiff,patch_76,4.6347837,8.797985,14.514062,9.019335,-10.134047
batch_02150_patch.tiff,patch_77,12.899143,7.7218337,17.219997,3.0541027,-6.6099443
batch_02150_patch.tiff,patch_78,16.847095,7.9734015,23.434074,7.619118,-2.5750575
batch_02150_patch.tiff,patch_79,11.038008,10.037836,14.729592,8.201508,-6.101572
batch_02150_patch.tiff,patch_80,11.822727,6.6052713,15.902791,12.606946,-6.749918
batch_02150_patch.tiff,patch_81,9.155993,8.922723,20.056118,8.275108,-7.909899
batch_02150_patch.tiff,patch_82,9.979931,12.7513275,24.614298,8.155833,-6.3920197
batch_02150_patch.tiff,patch_83,13.279993,11.004667,11.060923,10.039886,-8.623685
batch_02150_patch.tiff,patch_84,12.679426,7.0684667,13.181922,10.648294,-6.7032547
batch_02150_patch.tiff,patch_85,12.969827,9.397062,14.476167,17.188875,-7.8148966
batch_02150_patch.tiff,patch_86,13.080815,10.28295,15.368174,8.54218,-9.390629
batch_02150_patch.tiff,patch_87,15.92622,9.219277,23.984797,5.0357327,-2.0635257
batch_02150_patch.tiff,patch_88,11.868612,16.540436,18.854984,12.985646,-7.6078835
batch_02150_patch.tiff,patch_89,10.625118,7.980028,19.388817,11.299008,-5.6954346
batch_02150_patch.tiff,patch_90,16.157717,14.780337,23.00772,12.239477,-4.4234548
batch_02150_patch.tiff,patch_91,11.156091,12.502147,20.522108,10.247418,-7.1139274
batch_02150_patch.tiff,patch_92,15.115631,11.199882,19.915854,10.123978,-7.850128
batch_02150_patch.tiff,patch_93,12.846387,13.262266,18.485023,9.503866,-7.0801325
batch_02150_patch.tiff,patch_94,9.077658,4.513134,15.271809,12.699601,-7.960424
batch_02150_patch.tiff,patch_95,9.775383,4.080861,11.740769,9.193374,-6.319269
batch_02150_patch.tiff,patch_96,18.2294,12.12776,19.119923,7.7015824,-13.022657
batch_02150_patch.tiff,patch_97,9.740362,7.1536207,9.447844,9.385021,-10.269024
batch_02150_patch.tiff,patch_98,11.621122,12.77494,19.503113,10.411435,-8.394093
batch_02150_patch.tiff,patch_99,12.448704,12.486214,19.004778,6.3139586,-8.0558
batch_02150_patch.tiff,patch_100,16.680067,11.009386,26.362421,10.158854,-1.1732236
batch_02150_patch.tiff,patch_101,14.899696,11.453245,19.142395,8.655343,-5.1501846
batch_02150_patch.tiff,patch_102,16.7558,17.078682,11.834223,8.227906,-6.4230742
batch_02150_patch.tiff,patch_103,13.810101,10.8064375,13.153398,8.3133745,-10.707476
batch_02150_patch.tiff,patch_104,12.329449,9.618473,17.970932,6.5443482,-5.48562
batch_02150_patch.tiff,patch_105,12.540437,10.904254,20.333874,9.292243,-6.6284804
batch_02150_patch.tiff,patch_106,13.590513,7.6475387,13.020068,12.884618,-10.170137
batch_02150_patch.tiff,patch_107,11.610028,5.970681,12.20231,4.820252,-10.642756
batch_02150_patch.tiff,patch_108,11.371456,9.364497,11.693801,9.525226,-9.031104
batch_02150_patch.tiff,patch_109,18.074379,9.908215,22.830275,5.9450507,-3.894946
batch_02150_patch.tiff,patch_110,16.425123,11.411555,21.821133,8.412332,-6.1015086
batch_02150_patch.tiff,patch_111,16.752497,12.45526,18.989977,8.448161,-6.760772
batch_02150_patch.tiff,patch_112,16.440191,11.891255,19.249699,7.0450435,-5.723096
batch_02150_patch.tiff,patch_113,15.284894,7.173555,21.19411,9.701479,-8.250085
batch_02150_patch.tiff,patch_114,7.988392,3.4374099,20.244173,11.241362,-13.829008
batch_02150_patch.tiff,patch_115,17.484333,10.76177,23.795795,9.302962,-5.7836676
batch_02150_patch.tiff,patch_116,16.571903,9.532665,23.446445,9.900602,-6.84708
batch_02150_patch.tiff,patch_117,10.511118,5.8815117,11.0091915,5.421565,-11.066863
batch_02150_patch.tiff,patch_118,13.2679,10.381075,16.36171,8.866828,-7.3807006
batch_02150_patch.tiff,patch_119,12.568739,1.9230506,16.183321,12.153693,-4.857522
batch_02150_patch.tiff,patch_120,13.2039995,5.652538,14.312882,7.771602,-7.3244243
batch_02150_patch.tiff,patch_121,13.827742,8.281361,21.855303,3.4175973,-8.962466
batch_02150_patch.tiff,patch_122,19.182941,11.400609,24.783548,8.506871,-5.2327147
batch_02150_patch.tiff,patch_123,13.317449,10.126273,16.611929,9.834167,-9.805786
batch_02150_patch.tiff,patch_124,15.879474,12.48569,20.117327,10.813581,-3.7407854
batch_02150_patch.tiff,patch_125,8.134259,14.935677,10.711387,11.114448,-10.209403
batch_02150_patch.tiff,patch_126,11.234597,8.731081,16.424202,12.031159,-6.9458036
batch_02150_patch.tiff,patch_127,18.934132,9.698708,25.686789,6.641296,-8.703511
batch_02150_patch.tiff,patch_128,16.271467,8.106652,22.827238,7.556456,-8.59831
batch_02150_patch.tiff,patch_129,11.2957535,9.716981,17.068924,9.765522,-7.320457
batch_02150_patch.tiff,patch_130,14.416095,7.3914413,16.875038,8.870014,-5.9682655
batch_02150_patch.tiff,patch_131,4.6028543,6.689713,10.576686,8.7055855,-12.413526
batch_02150_patch.tiff,patch_132,11.524329,4.7021203,11.324315,10.195856,-8.532624
batch_02150_patch.tiff,patch_133,19.160215,12.261414,24.031261,5.637728,-6.201266
batch_02150_patch.tiff,patch_134,16.2291,11.731559,21.221241,11.1476145,-6.3909135
batch_02150_patch.tiff,patch_135,13.689094,10.033495,19.185503,8.242529,-6.421591
batch_02150_patch.tiff,patch_136,11.385592,11.825385,12.048927,6.776933,-10.132001
batch_02150_patch.tiff,patch_137,6.2134438,16.821997,13.876129,3.4930322,-13.560888
batch_02150_patch.tiff,patch_138,9.186791,1.8064095,17.970312,8.643756,-4.3830013
batch_02150_patch.tiff,patch_139,10.746222,8.553797,14.407262,9.522373,-6.3152914
batch_02150_patch.tiff,patch_140,10.136468,2.664362,11.669146,11.764458,-8.397936
batch_02150_patch.tiff,patch_141,11.283705,6.150705,13.262623,6.605621,-6.225929
batch_02150_patch.tiff,patch_142,9.090221,3.185674,8.679426,11.58549,-6.9311285
batch_02150_patch.tiff,patch_143,14.270477,6.6496873,20.062197,7.9047856,-7.515317
batch_02150_patch.tiff,patch_144,17.811749,7.6944127,22.925287,7.0631247,-5.120959
batch_02150_patch.tiff,patch_145,13.0404215,11.318199,20.842796,11.9146385,-2.977596
batch_02150_patch.tiff,patch_146,17.715473,9.850609,22.64249,9.120037,-3.2496436
batch_02150_patch.tiff,patch_147,10.737147,6.6419106,14.3286295,5.5054727,-9.720044
batch_02150_patch.tiff,patch_148,14.06579,9.320945,16.94873,14.659025,-7.8114104
batch_02150_patch.tiff,patch_149,12.2843,5.892748,11.797886,7.3428965,-9.829066
batch_02150_patch.tiff,patch_150,9.904619,4.6595325,10.153357,10.633311,-7.696739
batch_02150_patch.tiff,patch_151,18.289682,13.822277,22.500183,8.088576,-6.31823
batch_02150_patch.tiff,patch_152,16.854372,7.929347,28.951256,4.2217193,-11.209575
batch_02150_patch.tiff,patch_153,11.67624,8.053003,17.130848,3.2580829,-7.742154
batch_02150_patch.tiff,patch_154,9.616344,8.3512125,11.452053,9.739535,-6.608898
batch_02150_patch.tiff,patch_155,10.784576,5.48025,11.003498,4.218015,-10.861387
batch_02150_patch.tiff,patch_156,10.61675,7.824696,15.916598,3.9138312,-7.815593
batch_02150_patch.tiff,patch_157,10.015055,7.9146314,13.896272,4.8963966,-12.6404085
batch_02150_patch.tiff,patch_158,14.329877,5.1643457,10.480243,13.523966,-6.909832
batch_02150_patch.tiff,patch_159,13.784476,10.786273,16.449348,10.054523,-8.535823
batch_02150_patch.tiff,patch_160,18.043306,8.8797865,16.204273,11.290432,-6.2040358
batch_02200_patch.tiff,patch_0,10.531085,7.783069,15.364773,5.0150433,-6.7564597
batch_02200_patch.tiff,patch_1,14.5684,6.8856177,16.9759,9.16681,-5.583909
batch_02200_patch.tiff,patch_2,10.365881,12.910584,8.286993,4.6448708,-10.410042
batch_02200_patch.tiff,patch_3,15.554128,8.969098,12.985936,11.973621,-6.9712286
batch_02200_patch.tiff,patch_4,7.406659,4.6145363,15.002114,1.1625758,-8.786979
batch_02200_patch.tiff,patch_5,15.091077,7.751767,20.75027,8.968797,-7.112753
batch_02200_patch.tiff,patch_6,14.021485,9.004612,20.780323,8.070631,-7.5372586
batch_02200_patch.tiff,patch_7,13.221396,10.418798,15.449172,6.0760903,-4.2421317
batch_02200_patch.tiff,patch_8,14.824716,10.919861,17.219982,8.7828,-8.343656
batch_02200_patch.tiff,patch_9,15.403662,11.965938,18.17387,6.2435875,-7.990495
batch_02200_patch.tiff,patch_10,10.762687,6.950094,21.095083,10.76808,-8.941064
batch_02200_patch.tiff,patch_11,15.568318,10.742875,18.561468,8.492861,-8.876348
batch_02200_patch.tiff,patch_12,13.223632,6.880896,16.019669,10.055854,-9.47544
batch_02200_patch.tiff,patch_13,7.9530034,9.3868885,11.440629,7.514567,-6.9377465
batch_02200_patch.tiff,patch_14,5.458001,-0.1460557,15.727913,6.193159,-6.722211
batch_02200_patch.tiff,patch_15,12.865831,7.767453,15.0672655,3.9586155,-8.852115
batch_02200_patch.tiff,patch_16,17.317898,8.146864,18.238981,9.429147,-6.99709
batch_02200_patch.tiff,patch_17,11.472757,7.1993513,19.61203,8.712755,-9.361701
batch_02200_patch.tiff,patch_18,11.585698,8.356079,16.99248,6.4402285,-9.475126
batch_02200_patch.tiff,patch_19,14.236164,5.5719256,13.76943,10.488184,-6.3474092
batch_02200_patch.tiff,patch_20,11.79387,7.560814,17.563047,7.139707,-8.6382
batch_02200_patch.tiff,patch_21,16.451601,12.191038,18.627142,11.820086,-9.867103
batch_02200_patch.tiff,patch_22,18.959045,10.156596,13.8805485,12.514692,-7.5427155
batch_02200_patch.tiff,patch_23,4.9020696,5.78556,11.201727,6.557499,-16.022114
batch_02200_patch.tiff,patch_24,11.777806,2.6783645,15.9792185,11.663902,-12.353309
batch_02200_patch.tiff,patch_25,14.097699,7.4652977,23.060879,4.4314427,-6.962065
batch_02200_patch.tiff,patch_26,11.9176655,6.011635,10.027131,5.286307,-5.359654
batch_02200_patch.tiff,patch_27,15.843703,11.46979,17.185307,7.91916,-9.769278
batch_02200_patch.tiff,patch_28,11.74884,7.3846555,17.230137,9.240485,-7.2923136
batch_02200_patch.tiff,patch_29,8.597729,5.5510902,13.919215,9.357956,-7.2140164
batch_02200_patch.tiff,patch_30,5.5257897,10.008526,6.0189013,6.3765726,-12.3152895
batch_02200_patch.tiff,patch_31,11.279019,12.854654,10.946765,6.4251084,-12.976416
batch_02200_patch.tiff,patch_32,10.542465,8.178467,12.538255,11.725254,-11.743201
batch_02200_patch.tiff,patch_33,10.065115,7.5652614,8.052616,7.8891788,-10.621071
batch_02200_patch.tiff,patch_34,19.35427,10.314095,23.997503,6.3180337,-6.944388
batch_02200_patch.tiff,patch_35,17.669912,8.26279,10.668722,8.683083,-8.541155
batch_02200_patch.tiff,patch_36,17.449406,10.811376,16.135105,7.5208845,-11.049975
batch_02200_patch.tiff,patch_37,10.348712,4.4122643,7.172577,12.227309,-8.577257
batch_02200_patch.tiff,patch_38,9.649706,6.3139853,8.004337,12.379453,-9.997819
batch_02200_patch.tiff,patch_39,8.398259,7.4520454,13.965994,8.068567,-8.660125
batch_02200_patch.tiff,patch_40,8.6356125,3.4794111,17.47741,9.890642,-7.9152946
batch_02200_patch.tiff,patch_41,12.744215,6.6408067,23.025486,11.700489,-10.072551
batch_02200_patch.tiff,patch_42,15.692474,10.866976,22.386642,10.365546,-8.042621
batch_02200_patch.tiff,patch_43,9.431867,3.989471,12.177548,11.557228,-11.959822
batch_02200_patch.tiff,patch_44,9.739606,4.8813915,13.393013,8.676664,-10.747198
batch_02200_patch.tiff,patch_45,7.677408,6.983629,12.108683,15.040359,-7.707354
batch_02200_patch.tiff,patch_46,14.32247,11.800831,21.22647,8.3135605,-7.0375237
batch_02200_patch.tiff,patch_47,9.67725,6.6880355,16.618998,9.816925,-5.4247894
batch_02200_patch.tiff,patch_48,15.94424,4.1935487,16.358482,12.502274,-2.663366
batch_02200_patch.tiff,patch_49,8.387421,8.44713,14.339564,7.26043,-11.237219
batch_02200_patch.tiff,patch_50,8.949964,6.153085,16.702929,8.374449,-5.655193
batch_02200_patch.tiff,patch_51,16.322508,8.164967,26.467085,9.826748,-6.4306583
batch_02200_patch.tiff,patch_52,15.216709,7.3001313,23.133986,7.168652,-6.8187184
batch_02200_patch.tiff,patch_53,11.145551,3.890025,18.838858,10.784744,-10.430548
batch_02200_patch.tiff,patch_54,12.282338,3.4735477,13.873585,6.747374,-11.849053
batch_02200_patch.tiff,patch_55,4.674245,3.1726074,8.88688,4.610206,-13.528526
batch_02200_patch.tiff,patch_56,13.55035,14.3073845,11.463976,5.1031256,-11.995734
batch_02200_patch.tiff,patch_57,13.628305,3.3185465,13.665547,14.742601,-6.535119
batch_02200_patch.tiff,patch_58,8.57154,5.304721,9.233301,7.665049,-6.479962
batch_02200_patch.tiff,patch_59,10.879015,7.0406885,15.900932,9.660377,-8.851161
batch_02200_patch.tiff,patch_60,9.99352,6.5601773,15.57223,9.97818,-11.597198
batch_02200_patch.tiff,patch_61,11.119463,15.037465,12.844663,2.4101012,-13.0893135
batch_02200_patch.tiff,patch_62,8.176898,12.275126,16.528147,6.15405,-7.6598244
batch_02200_patch.tiff,patch_63,10.300872,12.425185,10.595345,12.903333,-8.668221
batch_02200_patch.tiff,patch_64,13.457575,2.1331918,10.696884,8.043632,-8.924069
batch_02200_patch.tiff,patch_65,11.106313,4.8547077,17.732338,9.54863,-7.8248005
batch_02200_patch.tiff,patch_66,10.588085,7.4672446,17.493034,9.502859,-8.176722
batch_02200_patch.tiff,patch_67,13.109524,5.582153,16.574924,9.47837,-9.691403
batch_02200_patch.tiff,patch_68,11.989108,3.298134,18.021595,4.217525,-10.5615
batch_02200_patch.tiff,patch_69,18.352568,6.6730466,21.627655,9.785933,-9.679152
batch_02200_patch.tiff,patch_70,10.644558,8.043978,15.677841,10.699624,-8.934619
batch_02200_patch.tiff,patch_71,9.539005,7.2728767,16.75709,10.028043,-6.9183335
batch_02200_patch.tiff,patch_72,10.805395,7.7453656,18.504217,7.218466,-7.9376397
batch_02200_patch.tiff,patch_73,9.811824,11.394964,13.795149,7.8421783,-7.029288
batch_02200_patch.tiff,patch_74,12.649318,6.4281416,14.694251,7.017182,-8.927471
batch_02200_patch.tiff,patch_75,11.904135,4.1996593,13.081316,11.240187,-10.285157
batch_02200_patch.tiff,patch_76,12.536925,6.342639,17.962822,10.137238,-8.2564535
batch_02200_patch.tiff,patch_77,11.148928,4.4249377,17.734589,10.284494,-8.525311
batch_02200_patch.tiff,patch_78,9.103482,10.765294,14.7706,7.210357,-8.762785
batch_02200_patch.tiff,patch_79,13.946591,5.8520193,16.46039,9.820925,-10.614958
batch_02200_patch.tiff,patch_80,11.480538,9.541097,9.743156,5.8227987,-9.141483
batch_02200_patch.tiff,patch_81,10.372127,4.4177356,14.039004,7.2258096,-7.719025
batch_02200_patch.tiff,patch_82,9.042491,5.7627597,12.367555,10.62697,-7.784154
batch_02200_patch.tiff,patch_83,10.061761,5.543922,10.43563,11.083149,-4.7795944
batch_02200_patch.tiff,patch_84,3.6348069,6.0754824,8.739206,3.5146616,-9.735838
batch_02200_patch.tiff,patch_85,10.033726,7.1904955,10.961162,9.439235,-10.030318
batch_02200_patch.tiff,patch_86,7.471205,11.100793,11.642771,8.857492,-8.2156515
batch_02200_patch.tiff,patch_87,8.192726,3.809245,14.81935,10.964876,-7.6816044
batch_02200_patch.tiff,patch_88,7.4235353,5.7242775,16.912111,10.766036,-10.674701
batch_02200_patch.tiff,patch_89,12.3286085,4.1063104,8.558818,8.344283,-10.656984
batch_02200_patch.tiff,patch_90,11.4486685,7.1166506,15.315621,4.9031205,-7.4886117
batch_02200_patch.tiff,patch_91,11.077754,8.237175,13.994472,13.338544,-5.5271173
batch_02200_patch.tiff,patch_92,10.562813,7.87028,17.907492,15.068823,-5.812698
batch_02200_patch.tiff,patch_93,10.466653,3.7400103,15.819127,10.060563,-8.316777
batch_02200_patch.tiff,patch_94,8.868729,7.2549057,15.844037,9.471629,-11.729424
batch_02200_patch.tiff,patch_95,4.807411,6.076208,8.833685,11.162421,-10.017208
batch_02200_patch.tiff,patch_96,2.4826715,7.4643965,6.637125,6.7845435,-9.371345
batch_02200_patch.tiff,patch_97,8.9363365,5.798597,11.122842,8.043863,-10.591076
batch_02200_patch.tiff,patch_98,9.113113,5.1746507,15.579244,9.324479,-8.420917
batch_02200_patch.tiff,patch_99,13.115871,6.982882,16.547047,11.67131,-7.9232783
batch_02200_patch.tiff,patch_100,10.540502,4.112608,11.390768,5.2816625,-11.089911
batch_02200_patch.tiff,patch_101,13.267634,16.248066,7.158112,14.049265,-9.017432
batch_02200_patch.tiff,patch_102,11.743586,6.932595,16.141537,14.753569,-3.9211984
batch_02200_patch.tiff,patch_103,11.661535,7.170136,10.016098,11.457102,-5.832299
batch_02200_patch.tiff,patch_104,9.854198,3.6373048,13.224467,10.14849,-11.010593
batch_02200_patch.tiff,patch_105,8.871909,5.374361,14.011446,10.7709255,-9.740111
batch_02200_patch.tiff,patch_106,6.8467665,5.310584,10.2006035,9.422378,-7.652976
batch_02200_patch.tiff,patch_107,8.967316,7.3973308,6.7176247,7.6682777,-11.042731
batch_02200_patch.tiff,patch_108,17.047491,8.554704,18.576975,7.7789097,-8.362126
batch_02200_patch.tiff,patch_109,15.996927,5.681994,16.990181,6.8635936,-11.990561
batch_02200_patch.tiff,patch_110,11.322078,5.0568757,17.483698,11.285775,-9.986062
batch_02200_patch.tiff,patch_111,11.761045,3.918334,19.302336,16.454475,-12.679974
batch_02200_patch.tiff,patch_112,13.16141,10.876712,22.751917,6.789116,-8.525812
batch_02200_patch.tiff,patch_113,17.046051,7.838467,17.42151,7.92951,-6.229047
batch_02200_patch.tiff,patch_114,12.544504,9.060819,11.646096,9.650358,-4.909697
batch_02200_patch.tiff,patch_115,11.34301,8.002904,13.801222,6.905349,-5.181992
batch_02200_patch.tiff,patch_116,4.3325243,5.0408463,8.621954,6.191077,-12.412867
batch_02200_patch.tiff,patch_117,-0.22037938,3.979531,5.849488,8.566463,-10.365811
batch_02200_patch.tiff,patch_118,12.344788,7.314368,18.242048,14.330199,-7.2609386
batch_02200_patch.tiff,patch_119,15.19357,8.337677,19.703272,14.500537,-9.59692
batch_02200_patch.tiff,patch_120,10.627612,6.197877,15.631239,10.830279,-9.956791
batch_02200_patch.tiff,patch_121,11.741728,7.1494136,19.043337,11.142335,-9.441056
batch_02200_patch.tiff,patch_122,11.148036,10.3308325,24.235216,5.6915092,-5.9497337
batch_02200_patch.tiff,patch_123,14.933715,9.96662,19.752476,10.226117,-6.6392546
batch_02200_patch.tiff,patch_124,13.245958,6.9205327,21.132357,11.88252,-5.3525496
batch_02200_patch.tiff,patch_125,11.191846,4.1433706,8.9396515,12.8180485,-5.079198
batch_02200_patch.tiff,patch_126,10.719251,5.938904,11.591979,8.307561,-8.827331
batch_02200_patch.tiff,patch_127,2.4865654,5.01395,3.6820836,5.337265,-9.836175
batch_02200_patch.tiff,patch_128,8.869003,9.618603,11.9314165,11.660652,-10.34081
batch_02200_patch.tiff,patch_129,9.623703,5.0269136,16.971651,11.373854,-8.727592
batch_02200_patch.tiff,patch_130,10.598448,6.740816,17.656998,11.307256,-9.353218
batch_02200_patch.tiff,patch_131,14.80581,5.9518533,14.310653,10.308738,-7.8995047
batch_02200_patch.tiff,patch_132,10.162071,8.791899,11.81531,7.9895043,-7.627748
batch_02200_patch.tiff,patch_133,12.506591,4.289988,10.639282,11.208218,-5.119558
batch_02200_patch.tiff,patch_134,10.100233,3.9560995,13.713474,11.122478,-7.6677637
batch_02200_patch.tiff,patch_135,18.764408,6.4006557,19.860514,10.956654,-6.4433484
batch_02200_patch.tiff,patch_136,16.07182,6.5786605,13.106184,5.2338114,-8.367925
batch_02200_patch.tiff,patch_137,5.123099,3.9971483,5.0066347,11.699934,-8.283077
batch_02200_patch.tiff,patch_138,3.1559641,4.8438907,7.0285563,5.262551,-9.743778
batch_02200_patch.tiff,patch_139,7.4275284,10.579667,11.035183,6.4470553,-6.8123746
batch_02200_patch.tiff,patch_140,7.414759,11.340985,8.7792225,9.082759,-6.0817094
batch_02200_patch.tiff,patch_141,11.236764,3.2328703,15.419252,12.880666,-10.277536
batch_02200_patch.tiff,patch_142,11.063326,3.4752388,16.23865,11.3418045,-9.93658
batch_02200_patch.tiff,patch_143,12.432287,9.693914,15.095503,6.633094,-8.705068
batch_02200_patch.tiff,patch_144,13.113125,11.205727,15.954397,6.7494135,-4.6818166
batch_02200_patch.tiff,patch_145,7.335196,7.1188316,11.764251,10.874008,-7.1174817
batch_02200_patch.tiff,patch_146,17.015636,9.062486,19.020231,8.138851,-4.2826877
batch_02200_patch.tiff,patch_147,20.995403,9.555836,12.585224,7.699412,-11.038941
batch_02200_patch.tiff,patch_148,16.591928,6.812413,12.990612,7.6660986,-9.519646
batch_02200_patch.tiff,patch_149,14.476781,3.408105,21.337433,10.08205,-6.8687353
batch_02200_patch.tiff,patch_150,13.135178,2.0152657,27.787539,7.5857525,-6.618902
batch_02200_patch.tiff,patch_151,13.6795635,7.8851967,24.408424,7.534114,-4.090888
batch_02200_patch.tiff,patch_152,15.215455,7.712951,22.745274,7.8461213,-6.0816617
batch_02200_patch.tiff,patch_153,15.255487,7.0943074,14.519595,8.725885,-6.9677896
batch_02200_patch.tiff,patch_154,12.60534,5.1324964,17.260605,14.277627,-2.8925042
batch_02200_patch.tiff,patch_155,12.814693,7.451709,16.204567,11.959244,-7.266814
batch_02250_patch.tiff,patch_0,11.16189,11.514976,22.30501,9.67141,-4.9004974
batch_02250_patch.tiff,patch_1,7.548257,7.6587496,16.30916,6.058995,-10.0541725
batch_02250_patch.tiff,patch_2,10.699118,9.625445,16.162102,7.53707,-13.125607
batch_02250_patch.tiff,patch_3,15.080064,11.2786455,20.548721,9.4542465,-10.723522
batch_02250_patch.tiff,patch_4,13.204535,10.247471,8.653409,3.546688,-9.484264
batch_02250_patch.tiff,patch_5,9.301344,11.892032,11.075155,0.59587824,-9.220817
batch_02250_patch.tiff,patch_6,5.7972994,3.7742999,8.038404,9.002776,-8.689671
batch_02250_patch.tiff,patch_7,3.2977495,5.0421677,5.5534034,7.2986236,-9.10112
batch_02250_patch.tiff,patch_8,19.152437,10.089089,17.521633,8.35865,-13.3297825
batch_02250_patch.tiff,patch_9,10.410751,6.895778,8.902816,10.667777,-9.270629
batch_02250_patch.tiff,patch_10,7.643949,11.268061,4.666723,2.2125661,-11.217656
batch_02250_patch.tiff,patch_11,8.764253,7.717275,8.169654,13.691863,-10.095825
batch_02250_patch.tiff,patch_12,10.569633,3.0455427,17.896093,10.343967,-8.789633
batch_02250_patch.tiff,patch_13,20.019245,14.134292,19.116512,12.369498,-6.114182
batch_02250_patch.tiff,patch_14,14.616621,6.40247,18.647526,10.06843,-3.8879955
batch_02250_patch.tiff,patch_15,14.524994,9.663967,6.367447,3.756705,-10.202315
batch_02250_patch.tiff,patch_16,6.068909,9.7200775,9.70773,5.1580677,-11.426005
batch_02250_patch.tiff,patch_17,5.9396663,9.207829,8.880105,8.823293,-8.12647
batch_02250_patch.tiff,patch_18,5.0583134,5.67416,5.596451,8.583155,-9.1894045
batch_02250_patch.tiff,patch_19,18.991135,8.478454,15.798018,7.600122,-6.4391656
batch_02250_patch.tiff,patch_20,17.006447,8.2744665,11.723523,8.592707,-9.4148
batch_02250_patch.tiff,patch_21,8.099124,12.784079,8.191482,3.2692194,-6.6999464
batch_02250_patch.tiff,patch_22,7.5482907,3.818199,14.484127,14.148137,-10.72144
batch_02250_patch.tiff,patch_23,4.305579,7.3123217,13.630385,12.69187,-8.322914
batch_02250_patch.tiff,patch_24,9.1483755,2.852696,15.670056,8.095775,-9.657525
batch_02250_patch.tiff,patch_25,9.554892,7.020797,12.716127,7.5333304,-11.119253
batch_02250_patch.tiff,patch_26,16.377447,7.0987105,14.307104,9.660229,-7.0303097
batch_02250_patch.tiff,patch_27,11.951614,8.532921,10.937269,-0.305627,-7.701885
batch_02250_patch.tiff,patch_28,13.384777,10.868592,8.417877,4.828333,-8.002868
batch_02250_patch.tiff,patch_29,7.40747,11.135779,5.8853745,10.878076,-10.036046
batch_02250_patch.tiff,patch_30,4.642562,14.283716,3.1594064,2.2925284,-13.649056
batch_02250_patch.tiff,patch_31,6.4347124,6.9016867,0.31408125,5.4707117,-11.657882
batch_02250_patch.tiff,patch_32,3.7709892,7.696505,4.111522,6.929814,-9.391918
batch_02250_patch.tiff,patch_33,13.433424,4.176586,11.38578,8.804303,-2.7400002
batch_02250_patch.tiff,patch_34,7.611805,9.80448,10.120474,11.423987,-9.858711
batch_02250_patch.tiff,patch_35,2.8520122,2.3105295,12.442745,11.673002,-10.917517
batch_02250_patch.tiff,patch_36,9.944755,5.9615583,17.283747,3.7127256,-7.962624
batch_02250_patch.tiff,patch_37,12.779206,4.348904,19.718739,10.616058,-7.5668726
batch_02250_patch.tiff,patch_38,17.590395,7.392911,14.856376,7.2399087,-11.541211
batch_02250_patch.tiff,patch_39,10.848389,11.189512,13.001091,5.9108396,-8.007765
batch_02250_patch.tiff,patch_40,13.938157,7.6662946,8.417981,1.3821907,-7.04826
batch_02250_patch.tiff,patch_41,7.0664444,12.953897,4.909691,1.3595697,-12.464418
batch_02250_patch.tiff,patch_42,6.938419,12.445437,5.3604274,4.1356826,-13.902063
batch_02250_patch.tiff,patch_43,6.5902143,10.3993,8.937765,9.479917,-8.137843
batch_02250_patch.tiff,patch_44,4.5421715,5.82395,8.037463,8.039848,-5.8586564
batch_02250_patch.tiff,patch_45,12.566426,4.993071,13.713779,6.9024754,-1.9326906
batch_02250_patch.tiff,patch_46,12.722407,5.7491837,13.2469015,10.98466,-7.805701
batch_02250_patch.tiff,patch_47,3.2265835,2.087395,16.924849,9.542873,-8.988695
batch_02250_patch.tiff,patch_48,10.084321,9.20363,21.333574,9.305052,-7.124272
batch_02250_patch.tiff,patch_49,11.08626,8.648757,9.486828,8.785106,-13.035596
batch_02250_patch.tiff,patch_50,17.77034,10.436082,17.357365,7.690468,-7.468766
batch_02250_patch.tiff,patch_51,19.879148,10.023609,26.459454,8.675593,-6.225857
batch_02250_patch.tiff,patch_52,9.333261,10.972308,15.9054,4.533734,-7.3972297
batch_02250_patch.tiff,patch_53,11.944461,11.308737,9.604489,1.3465409,-11.214796
batch_02250_patch.tiff,patch_54,8.965761,7.3382416,2.9746435,-1.0723912,-9.996788
batch_02250_patch.tiff,patch_55,1.1346531,5.0545235,4.5367174,6.6576495,-6.769094
batch_02250_patch.tiff,patch_56,10.074308,5.5072336,13.410178,5.670916,-4.349021
batch_02250_patch.tiff,patch_57,7.9182825,7.4221306,5.847855,5.0792584,-8.347984
batch_02250_patch.tiff,patch_58,7.5154133,6.3090944,16.673748,11.259522,-11.294909
batch_02250_patch.tiff,patch_59,13.559287,9.490756,20.732689,8.511725,-6.8396974
batch_02250_patch.tiff,patch_60,7.5829477,7.1521463,12.04704,10.356607,-13.356423
batch_02250_patch.tiff,patch_61,8.6202755,9.101438,8.373953,9.1647415,-12.099061
batch_02250_patch.tiff,patch_62,17.136602,10.578643,16.170708,6.4468274,-10.377137
batch_02250_patch.tiff,patch_63,18.522514,9.550766,23.094234,7.930809,-8.792699
batch_02250_patch.tiff,patch_64,15.11952,11.515846,20.658127,8.767504,-5.948943
batch_02250_patch.tiff,patch_65,11.167535,9.127443,8.612082,3.3777006,-13.131166
batch_02250_patch.tiff,patch_66,10.768746,11.040137,0.4398335,4.135137,-13.427618
batch_02250_patch.tiff,patch_67,6.5205083,6.355826,4.0646186,4.1023664,-7.537513
batch_02250_patch.tiff,patch_68,6.013165,9.962954,11.994093,3.6469011,-6.854436
batch_02250_patch.tiff,patch_69,6.629879,6.718128,0.16726369,6.127768,-9.4923
batch_02250_patch.tiff,patch_70,14.714838,9.222481,18.69517,10.058064,-7.561156
batch_02250_patch.tiff,patch_71,8.67153,13.294886,21.320143,13.482547,-9.8316765
batch_02250_patch.tiff,patch_72,8.458707,3.9182878,17.14427,10.635392,-11.074042
batch_02250_patch.tiff,patch_73,7.769308,2.835143,16.412851,10.752707,-9.663813
batch_02250_patch.tiff,patch_74,10.102459,4.7918344,20.485071,7.8484383,-10.138518
batch_02250_patch.tiff,patch_75,17.836294,7.16717,13.64896,9.226095,-7.3974123
batch_02250_patch.tiff,patch_76,7.376855,9.193607,2.4825768,3.223625,-7.4536624
batch_02250_patch.tiff,patch_77,5.61029,9.808637,4.7877827,3.377392,-4.648225
batch_02250_patch.tiff,patch_78,6.1671543,8.693827,7.9374986,7.9997883,-10.156624
batch_02250_patch.tiff,patch_79,8.749186,8.162904,3.8666916,5.0147834,-9.286746
batch_02250_patch.tiff,patch_80,7.868065,6.54369,-0.68981564,4.3870897,-10.597563
batch_02250_patch.tiff,patch_81,5.1747575,7.795219,5.6773567,6.7859597,-8.540648
batch_02250_patch.tiff,patch_82,8.713526,12.238721,21.252443,11.089345,-7.6978116
batch_02250_patch.tiff,patch_83,15.377997,9.554035,24.912197,8.809622,-7.0603747
batch_02250_patch.tiff,patch_84,11.500785,6.6575913,17.687202,10.40972,-10.163516
batch_02250_patch.tiff,patch_85,10.948982,4.683746,17.599556,11.914338,-7.4332943
batch_02250_patch.tiff,patch_86,12.672162,5.2709394,22.78192,6.9037538,-7.323717
batch_02250_patch.tiff,patch_87,12.017434,7.92187,23.03809,10.427913,-5.5096984
batch_02250_patch.tiff,patch_88,3.6978912,7.2247744,4.4673033,4.9387603,-5.9981275
batch_02250_patch.tiff,patch_89,3.2742057,7.806438,2.6968682,3.719336,-8.437059
batch_02250_patch.tiff,patch_90,5.790307,7.434809,4.1158695,4.6925325,-12.53548
batch_02250_patch.tiff,patch_91,2.2619903,3.7800946,4.4046507,5.0554667,-9.872158
batch_02250_patch.tiff,patch_92,6.9869065,6.7571745,1.262752,7.2101536,-10.033039
batch_02250_patch.tiff,patch_93,5.788462,7.630597,2.8176637,5.034373,-10.781741
batch_02250_patch.tiff,patch_94,2.9523268,3.9905581,13.521739,12.549598,-11.55468
batch_02250_patch.tiff,patch_95,11.972421,10.3359,15.733077,9.432947,-7.7691007
batch_02250_patch.tiff,patch_96,10.51591,3.5544825,18.660982,10.042934,-11.669052
batch_02250_patch.tiff,patch_97,11.007063,2.6469228,19.57586,12.181652,-9.662691
batch_02250_patch.tiff,patch_98,7.205006,11.0478,7.5368195,-1.5711262,-14.902387
batch_02250_patch.tiff,patch_99,5.6634917,14.986894,10.281251,3.3966627,-15.017886
batch_02250_patch.tiff,patch_100,6.857111,9.678118,3.698543,8.5418415,-7.8667493
batch_02250_patch.tiff,patch_101,2.2881622,7.8405814,4.4586234,5.259873,-4.7395535
batch_02250_patch.tiff,patch_102,4.26769,6.3007073,3.2309957,7.2373824,-12.635873
batch_02250_patch.tiff,patch_103,14.001235,5.041899,9.763747,4.275559,-6.325849
batch_02250_patch.tiff,patch_104,9.3879385,5.810927,12.071067,10.251316,-4.736452
batch_02250_patch.tiff,patch_105,7.43521,7.556875,11.9288225,9.306012,-3.3926861
batch_02250_patch.tiff,patch_106,6.052215,4.4983916,13.461211,12.238193,-12.055883
batch_02250_patch.tiff,patch_107,6.046585,1.9421874,14.133423,11.987815,-14.450289
batch_02250_patch.tiff,patch_108,9.805799,2.645731,16.217232,11.005073,-9.057376
batch_02250_patch.tiff,patch_109,10.297191,4.4096766,17.70628,11.90149,-10.578437
batch_02250_patch.tiff,patch_110,7.7370667,13.981269,9.411807,-1.5030878,-17.3773
batch_02250_patch.tiff,patch_111,7.9013047,13.1951275,6.7227974,-0.83503264,-15.108052
batch_02250_patch.tiff,patch_112,6.501648,9.524507,5.425741,6.5049,-8.882271
batch_02250_patch.tiff,patch_113,5.8589993,9.1726465,1.7842575,2.5649455,-9.716819
batch_02250_patch.tiff,patch_114,3.8594673,3.3223298,6.300876,8.414142,-8.671589
batch_02250_patch.tiff,patch_115,5.1704707,3.5080945,12.609679,6.9698944,-6.702715
batch_02250_patch.tiff,patch_116,7.5339108,4.1863337,2.1022134,5.5361376,-9.288087
batch_02250_patch.tiff,patch_117,3.7893496,6.1361914,3.863482,5.6979275,-6.8302784
batch_02250_patch.tiff,patch_118,9.54426,9.313322,8.1904335,8.36723,-11.149115
batch_02250_patch.tiff,patch_119,11.695343,6.9554477,19.544996,10.675384,-6.15646
batch_02250_patch.tiff,patch_120,12.458783,7.973025,21.582458,12.445619,-7.3952885
batch_02250_patch.tiff,patch_121,2.9245827,7.3430424,15.701778,8.386419,-8.181869
batch_02250_patch.tiff,patch_122,5.8519864,12.233665,7.214246,-1.8090096,-14.164668
batch_02250_patch.tiff,patch_123,8.299329,14.149208,7.5722656,-1.4300523,-13.377186
batch_02250_patch.tiff,patch_124,14.634947,9.870091,15.175535,7.2056384,-11.941614
batch_02250_patch.tiff,patch_125,20.944216,9.20536,18.123522,10.353944,-9.399895
batch_02250_patch.tiff,patch_126,6.145144,5.852693,4.7580075,3.219209,-13.032415
batch_02250_patch.tiff,patch_127,10.749625,6.2996254,7.5874763,5.78878,-8.868442
batch_02250_patch.tiff,patch_128,9.691152,10.010513,1.9833263,1.6534603,-7.178539
batch_02250_patch.tiff,patch_129,8.394767,11.178482,10.83389,6.161606,-4.5963945
batch_02250_patch.tiff,patch_130,5.361314,3.4000506,9.707392,8.4182205,-15.308837
batch_02250_patch.tiff,patch_131,4.896695,2.913245,13.7351465,8.575205,-7.873986
batch_02250_patch.tiff,patch_132,7.7751527,8.606387,19.435146,7.815702,-7.1575966
batch_02250_patch.tiff,patch_133,4.474255,9.702752,16.240284,15.046794,-7.468865
batch_02250_patch.tiff,patch_134,10.721634,12.44981,8.991748,4.9221287,-9.252617
batch_02250_patch.tiff,patch_135,8.580516,13.871429,5.975055,3.4165084,-13.0644
batch_02250_patch.tiff,patch_136,16.358719,7.5091143,11.824307,8.218743,-9.680282
batch_02250_patch.tiff,patch_137,17.75527,8.2119465,21.680683,7.436323,-12.153792
batch_02250_patch.tiff,patch_138,9.545752,4.614641,9.386958,3.7770383,-8.166209
batch_02250_patch.tiff,patch_139,8.741321,5.214857,11.590142,5.068654,-8.629325
batch_02250_patch.tiff,patch_140,10.336467,10.512384,6.195313,3.2681994,-10.245793
batch_02250_patch.tiff,patch_141,11.282879,10.350701,4.230129,4.810354,-10.213277
batch_02250_patch.tiff,patch_142,4.8041334,5.7421703,10.054315,10.069894,-8.901337
batch_02250_patch.tiff,patch_143,6.666821,8.037774,9.670893,8.47537,-9.451796
batch_02250_patch.tiff,patch_144,14.2682905,6.8216796,19.990925,10.920683,-4.149576
batch_02250_patch.tiff,patch_145,12.910509,8.420569,18.523367,9.183765,-8.801778
batch_02250_patch.tiff,patch_146,9.2394705,11.907953,3.0020938,2.9135573,-10.981175
batch_02250_patch.tiff,patch_147,10.9104395,8.971058,5.965247,4.4729295,-6.317027
batch_02250_patch.tiff,patch_148,1.6676533,2.559004,4.093291,7.943971,-11.021257
batch_02250_patch.tiff,patch_149,6.265267,5.0310507,10.444029,9.542539,-7.7362075
batch_02250_patch.tiff,patch_150,11.718084,7.0274043,13.080038,4.457252,-10.973194
batch_02250_patch.tiff,patch_151,12.641589,7.106808,5.5284195,4.337297,-9.817465
batch_02250_patch.tiff,patch_152,11.24012,9.312261,9.0309105,2.5009737,-8.352457
batch_02250_patch.tiff,patch_153,12.866341,9.163134,7.1075854,11.1238575,-6.734114
batch_02250_patch.tiff,patch_154,11.638435,8.2896595,23.968332,11.334241,-8.23525
batch_02250_patch.tiff,patch_155,12.838082,7.121089,21.44693,12.220095,-8.834299
batch_02250_patch.tiff,patch_156,18.40921,6.330257,13.844943,10.050956,-4.771872
batch_02250_patch.tiff,patch_157,11.372567,8.762721,5.4630723,6.476038,-7.3048077
batch_02250_patch.tiff,patch_158,11.880886,9.107485,4.557257,5.0604796,-7.482733
batch_02250_patch.tiff,patch_159,7.021381,4.088895,8.371306,8.30934,-9.445576
batch_02250_patch.tiff,patch_160,8.201785,6.277052,13.0611515,3.9565609,-6.7525554
batch_02250_patch.tiff,patch_161,12.002847,7.4032097,13.826879,6.617978,-9.486088
batch_02250_patch.tiff,patch_162,10.9074,7.8135014,8.617356,2.4426286,-8.845828
batch_02250_patch.tiff,patch_163,6.944559,10.555661,6.902298,5.573596,-10.494285
batch_02250_patch.tiff,patch_164,5.1804276,9.090116,8.529814,3.926626,-9.686389
batch_02250_patch.tiff,patch_165,12.581433,6.446318,14.1022625,7.0045295,-10.340674
batch_02250_patch.tiff,patch_166,17.569618,8.4457855,12.958659,8.384404,-6.6682205
batch_02250_patch.tiff,patch_167,16.539957,12.46395,22.368093,8.556183,-4.8992767
batch_02250_patch.tiff,patch_168,11.944436,4.6652265,14.793382,5.741735,-7.4527564
batch_02250_patch.tiff,patch_169,4.9585314,5.8342457,1.2195543,3.842096,-10.85926
batch_02250_patch.tiff,patch_170,8.516521,5.6558332,0.73702705,4.749973,-10.153471
batch_02250_patch.tiff,patch_171,5.055094,1.2704093,9.049078,9.585968,-7.9828176
batch_02250_patch.tiff,patch_172,6.738069,9.387601,11.689763,10.004615,-7.190821
batch_02250_patch.tiff,patch_173,10.486107,10.195466,9.75311,5.49138,-7.2943506
batch_02250_patch.tiff,patch_174,11.906268,8.3289385,10.770029,1.9444079,-6.3820357
batch_02250_patch.tiff,patch_175,12.67829,10.044583,10.462761,4.4266825,-6.563296
batch_02250_patch.tiff,patch_176,12.2474,8.504268,6.8666677,5.963657,-8.057729
batch_02300_patch.tiff,patch_0,17.186916,4.8920374,12.036302,6.6490164,-3.2741504
batch_02300_patch.tiff,patch_1,14.434811,6.1244664,7.6186,7.9326806,-4.875463
batch_02300_patch.tiff,patch_2,12.657375,3.534028,11.054991,5.6444693,-4.343583
batch_02300_patch.tiff,patch_3,17.115732,4.498275,15.634781,8.785472,-6.472027
batch_02300_patch.tiff,patch_4,15.30887,6.4226,12.02532,5.099292,-8.694994
batch_02300_patch.tiff,patch_5,14.938449,6.5867624,12.036048,8.70259,-4.9414387
batch_02300_patch.tiff,patch_6,21.147448,8.220504,18.422974,7.2575445,-11.622866
batch_02300_patch.tiff,patch_7,16.658726,7.118104,20.742462,8.085136,-10.289668
batch_02300_patch.tiff,patch_8,12.593341,6.4702973,9.670687,11.098654,-3.9959579
batch_02300_patch.tiff,patch_9,12.932828,8.381564,12.878268,4.12203,-4.570975
batch_02300_patch.tiff,patch_10,4.213446,-6.5272903,3.6851897,8.904424,-6.6240997
batch_02300_patch.tiff,patch_11,8.403665,2.0678391,-1.2169586,9.529362,-10.234591
batch_02300_patch.tiff,patch_12,10.180833,7.6345506,3.470077,0.66218585,-12.833166
batch_02300_patch.tiff,patch_13,15.475742,4.6509023,8.743848,9.167329,-6.3366737
batch_02300_patch.tiff,patch_14,14.008614,2.248998,12.675877,8.080452,-1.8786317
batch_02300_patch.tiff,patch_15,16.308863,5.2937007,13.700055,5.121418,-4.3557596
batch_02300_patch.tiff,patch_16,14.7251625,2.6534126,12.613093,9.3673525,-4.5415087
batch_02300_patch.tiff,patch_17,10.594045,8.565326,10.208909,4.891248,-8.837271
batch_02300_patch.tiff,patch_18,13.462311,3.2776375,11.17068,8.648635,-5.200273
batch_02300_patch.tiff,patch_19,19.611782,8.302562,15.099053,11.80066,-7.132669
batch_02300_patch.tiff,patch_20,14.889103,8.96405,14.138421,7.2209387,-11.352261
batch_02300_patch.tiff,patch_21,13.21084,6.3053803,5.6398573,10.187977,-8.578886
batch_02300_patch.tiff,patch_22,13.582615,5.1545444,4.3276935,7.8047624,-10.648129
batch_02300_patch.tiff,patch_23,6.2088127,3.5304854,0.7975753,11.300313,-5.894473
batch_02300_patch.tiff,patch_24,-0.013503818,2.4300816,3.652324,10.136539,-5.5914483
batch_02300_patch.tiff,patch_25,7.3837175,5.8337684,6.0947742,3.6722941,-9.583512
batch_02300_patch.tiff,patch_26,14.116115,12.075586,18.466621,11.84825,-4.1197453
batch_02300_patch.tiff,patch_27,7.520976,15.563367,17.753887,8.171576,-11.777705
batch_02300_patch.tiff,patch_28,14.852896,3.0130012,11.696156,10.624713,-5.890459
batch_02300_patch.tiff,patch_29,15.56107,4.4348855,9.972849,9.672502,-5.803
batch_02300_patch.tiff,patch_30,11.851767,6.959518,9.464703,11.531205,-6.1290703
batch_02300_patch.tiff,patch_31,13.33183,10.099413,17.819695,10.639026,-2.6238184
batch_02300_patch.tiff,patch_32,8.206032,7.176984,2.751901,2.1983101,-9.223249
batch_02300_patch.tiff,patch_33,8.122701,7.999659,0.6580123,4.619438,-11.809937
batch_02300_patch.tiff,patch_34,4.4076633,12.414523,5.5306025,4.9766536,-9.63976
batch_02300_patch.tiff,patch_35,7.4611177,9.938491,6.2794743,6.127302,-9.699237
batch_02300_patch.tiff,patch_36,5.9185567,7.771256,-2.1117465,6.0041676,-10.5103445
batch_02300_patch.tiff,patch_37,-0.6069516,2.0364974,0.67144537,9.390505,-4.917626
batch_02300_patch.tiff,patch_38,8.643764,7.94659,4.3488526,2.0466459,-13.346607
batch_02300_patch.tiff,patch_39,14.873068,11.6393,19.45551,12.106198,-7.348563
batch_02300_patch.tiff,patch_40,15.517735,11.039362,23.576984,9.44069,-7.3352184
batch_02300_patch.tiff,patch_41,14.572645,4.5851865,12.37229,8.921878,-6.623055
batch_02300_patch.tiff,patch_42,16.605076,1.914232,11.491027,11.37182,-6.815518
batch_02300_patch.tiff,patch_43,13.470485,7.7005916,10.751091,11.976472,-7.802994
batch_02300_patch.tiff,patch_44,13.987311,11.734232,9.960932,9.024123,-8.243237
batch_02300_patch.tiff,patch_45,6.5802913,6.779219,5.3019934,1.8632244,-6.9344497
batch_02300_patch.tiff,patch_46,7.7934933,7.527986,6.8520937,3.9443655,-6.187943
batch_02300_patch.tiff,patch_47,6.318698,14.209428,8.148612,5.0662584,-12.20781
batch_02300_patch.tiff,patch_48,6.8953953,12.177799,5.450967,4.1318536,-11.189742
batch_02300_patch.tiff,patch_49,4.1935325,2.3534007,3.6990616,4.210289,-6.993443
batch_02300_patch.tiff,patch_50,7.728625,1.6996968,-2.9615505,7.9050326,-8.850027
batch_02300_patch.tiff,patch_51,7.877168,5.6284976,5.903062,1.5697849,-11.374195
batch_02300_patch.tiff,patch_52,19.865297,9.897382,18.947367,10.824246,-8.367576
batch_02300_patch.tiff,patch_53,18.625235,6.9414916,14.71068,7.7739573,-11.1157675
batch_02300_patch.tiff,patch_54,14.657937,4.1896324,15.301867,8.287651,-6.584948
batch_02300_patch.tiff,patch_55,15.522752,1.6866988,11.435749,8.842743,-5.2838593
batch_02300_patch.tiff,patch_56,19.199821,10.305824,13.842022,12.453482,-3.180574
batch_02300_patch.tiff,patch_57,13.329885,3.8913608,12.466739,8.270235,-7.261081
batch_02300_patch.tiff,patch_58,9.36237,3.5218127,11.39832,6.2441664,-9.96165
batch_02300_patch.tiff,patch_59,11.20832,0.066608414,12.317087,7.0250483,-9.827397
batch_02300_patch.tiff,patch_60,8.108484,7.2424026,10.719857,8.170005,-7.7059646
batch_02300_patch.tiff,patch_61,11.505514,7.367223,10.294509,1.7888168,-8.672595
batch_02300_patch.tiff,patch_62,9.974681,-0.82952005,-2.372444,6.5836124,-7.440297
batch_02300_patch.tiff,patch_63,11.601964,1.2679859,-0.3192282,6.9316716,-7.223521
batch_02300_patch.tiff,patch_64,17.918188,10.8358135,20.3027,10.016989,-10.647625
batch_02300_patch.tiff,patch_65,17.167885,10.684862,10.534925,10.040178,-7.876006
batch_02300_patch.tiff,patch_66,12.689183,5.5645304,12.217009,9.610991,-4.3908052
batch_02300_patch.tiff,patch_67,12.4652815,3.8230655,8.667245,10.093444,-5.3129373
batch_02300_patch.tiff,patch_68,15.16682,9.2880335,10.351741,9.3442545,-7.0267344
batch_02300_patch.tiff,patch_69,12.346127,5.5721273,12.590277,5.4983644,-6.750491
batch_02300_patch.tiff,patch_70,13.579943,9.3603325,14.119838,8.33109,-9.107344
batch_02300_patch.tiff,patch_71,10.295859,8.040284,6.7592754,4.2090306,-9.702073
batch_02300_patch.tiff,patch_72,8.464092,7.8287897,18.136227,6.247809,-5.0923324
batch_02300_patch.tiff,patch_73,11.9802065,6.054041,9.175172,2.211025,-10.426072
batch_02300_patch.tiff,patch_74,11.285755,0.8861935,-0.3942491,7.7548184,-8.931781
batch_02300_patch.tiff,patch_75,10.350024,1.9220443,0.5993417,4.2279134,-6.932747
batch_02300_patch.tiff,patch_76,13.883484,5.066963,9.870673,8.731585,-4.0582914
batch_02300_patch.tiff,patch_77,12.846521,4.212924,13.248122,7.4815226,-5.6537185
batch_02300_patch.tiff,patch_78,15.175273,2.7907326,11.428451,6.848874,-8.083799
batch_02300_patch.tiff,patch_79,15.519591,4.2404747,12.297992,8.381509,-8.074195
batch_02300_patch.tiff,patch_80,9.766023,10.436483,1.0122133,4.2186365,-12.761142
batch_02300_patch.tiff,patch_81,7.9625025,8.285414,8.106349,1.0409687,-12.108078
batch_02300_patch.tiff,patch_82,9.455009,4.4636993,10.772658,2.491612,-7.349169
batch_02300_patch.tiff,patch_83,16.323227,3.5275235,10.283402,4.623858,-7.1346893
batch_02300_patch.tiff,patch_84,15.930168,7.126256,12.480946,6.2666545,-5.1428676
batch_02300_patch.tiff,patch_85,16.130636,9.906037,18.089363,8.3194275,-6.890275
batch_02300_patch.tiff,patch_86,9.686381,-0.21158546,-0.70864576,7.4069395,-7.212085
batch_02300_patch.tiff,patch_87,10.453995,-2.4246032,-2.7181547,7.172057,-7.292918
batch_02300_patch.tiff,patch_88,16.016289,3.7903101,11.998466,9.227525,-5.196845
batch_02300_patch.tiff,patch_89,16.977676,8.375239,13.773966,6.662851,-4.1260705
batch_02300_patch.tiff,patch_90,16.375366,3.735665,9.259986,6.7391305,-8.230811
batch_02300_patch.tiff,patch_91,15.535636,4.133237,8.842605,11.368636,-6.4400406
batch_02300_patch.tiff,patch_92,7.857559,10.145976,3.3101783,4.6109757,-10.739336
batch_02300_patch.tiff,patch_93,6.9315495,10.009468,5.9843097,5.8956966,-9.560714
batch_02300_patch.tiff,patch_94,14.774355,5.185643,3.0272653,8.0158,-7.608137
batch_02300_patch.tiff,patch_95,13.717569,8.535153,3.6546826,3.0880945,-11.334273
batch_02300_patch.tiff,patch_96,15.8113785,8.993933,20.881657,7.997807,-6.074684
batch_02300_patch.tiff,patch_97,15.785981,8.828138,15.333706,8.855855,-8.218735
batch_02300_patch.tiff,patch_98,10.158316,0.584721,-1.0837643,7.1530766,-8.607423
batch_02300_patch.tiff,patch_99,9.9479475,-0.710524,-2.1449943,6.4331245,-8.388326
batch_02300_patch.tiff,patch_100,14.203606,4.8221216,10.733771,7.6650805,-3.3290527
batch_02300_patch.tiff,patch_101,15.479837,4.3723536,10.467433,8.984007,-6.838675
batch_02300_patch.tiff,patch_102,14.261916,2.6735272,8.864749,9.645834,-6.987764
batch_02300_patch.tiff,patch_103,13.871193,1.9313984,12.603535,9.077766,-6.492327
batch_02300_patch.tiff,patch_104,11.554321,9.889613,5.583552,3.15506,-11.007035
batch_02300_patch.tiff,patch_105,9.575812,8.563783,5.4474277,3.3564746,-11.489853
batch_02300_patch.tiff,patch_106,9.611536,3.8522084,13.715623,5.5952477,-8.516687
batch_02300_patch.tiff,patch_107,8.883603,3.6967065,11.973566,7.274285,-8.0844345
batch_02300_patch.tiff,patch_108,10.276631,4.4837914,11.049707,4.3414106,-8.514803
batch_02300_patch.tiff,patch_109,15.42242,5.542438,9.731871,4.6700444,-8.989342
batch_02300_patch.tiff,patch_110,9.760393,1.3858081,0.34094733,7.614682,-6.5860176
batch_02300_patch.tiff,patch_111,9.849962,1.6371547,-1.8926834,5.972319,-9.634257
batch_02300_patch.tiff,patch_112,13.215262,2.5241117,9.031121,10.231139,-4.690393
batch_02300_patch.tiff,patch_113,16.087973,2.4660916,9.693795,10.0748005,-2.5878122
batch_02300_patch.tiff,patch_114,15.2321205,1.4233,12.481776,10.204354,-6.208866
batch_02300_patch.tiff,patch_115,14.162253,2.1648805,9.803916,9.948998,-4.2786317
batch_02300_patch.tiff,patch_116,10.592948,8.769974,2.8593285,1.0758207,-11.183664
batch_02300_patch.tiff,patch_117,10.661261,11.280597,5.660558,5.819371,-10.999878
batch_02300_patch.tiff,patch_118,11.508701,5.4715333,11.128306,2.0322504,-8.7884245
batch_02300_patch.tiff,patch_119,12.965358,6.811616,18.211031,2.9359112,-6.9629354
batch_02300_patch.tiff,patch_120,11.606629,8.377398,8.447153,4.88637,-11.082401
batch_02300_patch.tiff,patch_121,12.387356,8.516366,6.559033,6.625992,-13.028205
batch_02300_patch.tiff,patch_122,11.255801,0.40927634,-0.6635024,6.21333,-6.320618
batch_02300_patch.tiff,patch_123,9.16459,1.3758149,-3.3090084,4.740469,-9.277788
batch_02300_patch.tiff,patch_124,16.370247,4.735483,8.191373,6.071582,-5.876622
batch_02300_patch.tiff,patch_125,16.816822,4.5110054,11.363611,6.6403136,-3.6632726
batch_02300_patch.tiff,patch_126,20.08796,12.087636,27.783167,8.58557,-8.2756815
batch_02300_patch.tiff,patch_127,16.84653,9.085139,26.476238,7.249496,-6.530778
batch_02300_patch.tiff,patch_128,9.918809,7.848963,5.038046,6.0570955,-9.550014
batch_02300_patch.tiff,patch_129,6.940954,10.781232,4.2948813,1.6168137,-13.158828
batch_02300_patch.tiff,patch_130,7.9715924,8.312611,12.877686,10.231996,-4.744293
batch_02300_patch.tiff,patch_131,9.124767,8.586117,12.688324,9.153143,-7.580437
batch_02300_patch.tiff,patch_132,10.952352,4.1132026,9.922669,5.454894,-5.8612003
batch_02300_patch.tiff,patch_133,9.648674,4.8428245,2.2997923,5.2864847,-10.630709
batch_02300_patch.tiff,patch_134,9.5111685,-0.73770934,-0.46447384,6.275582,-6.5744677
batch_02300_patch.tiff,patch_135,10.207065,0.33213198,0.432398,9.915709,-6.1401067
batch_02300_patch.tiff,patch_136,14.794359,4.751788,6.901303,7.602848,-5.2564764
batch_02300_patch.tiff,patch_137,14.398588,1.8533797,11.920223,7.239442,-2.6170874
batch_02300_patch.tiff,patch_138,20.289913,11.485226,24.502207,8.659211,-7.9169397
batch_02300_patch.tiff,patch_139,6.4102097,9.15829,4.4414268,1.2737288,-9.887924
batch_02300_patch.tiff,patch_140,9.943417,10.033644,5.84725,3.0454297,-10.289348
batch_02300_patch.tiff,patch_141,6.0169415,13.046379,7.8931108,9.376972,-6.505607
batch_02300_patch.tiff,patch_142,10.6777315,13.035549,12.578924,10.5773735,-6.656899
batch_02300_patch.tiff,patch_143,10.076843,8.892047,10.728867,6.4157,-7.452176
batch_02300_patch.tiff,patch_144,11.266151,7.175069,4.064654,1.2686846,-11.685823
batch_02300_patch.tiff,patch_145,9.979632,1.2360623,-0.43572697,6.1115804,-5.246989
batch_02300_patch.tiff,patch_146,10.907246,1.0755813,0.9009001,7.46403,-6.400125
batch_02300_patch.tiff,patch_147,16.034416,6.9650917,13.94477,7.0212507,-2.3766584
batch_02300_patch.tiff,patch_148,11.584478,1.7712859,9.616227,9.021436,-3.6924243
batch_02300_patch.tiff,patch_149,13.424028,5.364173,21.503284,5.625225,-1.5668764
batch_02300_patch.tiff,patch_150,15.344684,1.5527247,16.419268,6.9089017,-4.56066
batch_02300_patch.tiff,patch_151,7.739186,14.526675,7.960461,6.861558,-8.469059
batch_02300_patch.tiff,patch_152,8.334519,12.532033,4.963565,2.9300532,-11.500122
batch_02300_patch.tiff,patch_153,9.842279,10.736227,8.715816,12.553134,-5.621335
batch_02300_patch.tiff,patch_154,11.236023,14.877193,12.355231,10.276203,-5.984185
batch_02300_patch.tiff,patch_155,2.7560198,-3.6210198,5.567385,8.718466,-5.3981786
batch_02300_patch.tiff,patch_156,1.6129723,-3.913309,1.5003111,8.883503,-9.734468
batch_02300_patch.tiff,patch_157,17.598671,7.7075706,23.751724,5.965629,-10.802362
batch_02300_patch.tiff,patch_158,15.046706,8.676956,23.610334,9.056688,-7.4623957
batch_02300_patch.tiff,patch_159,11.341945,5.0016723,11.149266,5.9843273,-4.9544234
batch_02300_patch.tiff,patch_160,12.256939,4.402265,9.127486,5.6732383,-4.2575984
batch_02300_patch.tiff,patch_161,14.222847,4.660101,9.667088,7.6390905,-5.1166687
batch_02300_patch.tiff,patch_162,17.539993,2.9113336,13.444697,8.964204,-7.96653
batch_02300_patch.tiff,patch_163,11.003311,11.132031,4.7147565,4.639266,-10.591254
batch_02300_patch.tiff,patch_164,11.7356205,10.110473,3.7601118,1.1743062,-10.676596
batch_02300_patch.tiff,patch_165,13.777985,11.542559,9.856842,7.0603337,-7.716198
batch_02300_patch.tiff,patch_166,7.1993217,12.4788885,7.2638993,9.190071,-5.818428
batch_02300_patch.tiff,patch_167,5.172176,0.49469644,-7.3208675,8.9789505,-11.612105
batch_02300_patch.tiff,patch_168,5.413749,4.24294,1.0605465,8.607875,-7.6811714
batch_02300_patch.tiff,patch_169,18.022013,11.329615,19.611906,6.918136,-6.3354325
batch_02300_patch.tiff,patch_170,19.914284,7.3028555,22.255373,7.522553,-7.121343
batch_02300_patch.tiff,patch_171,11.631207,3.8863404,15.019327,7.7252493,-1.1878544
batch_02300_patch.tiff,patch_172,10.986656,8.825085,8.021796,6.141032,-6.9328384
batch_02300_patch.tiff,patch_173,13.000208,2.4078085,9.54041,7.849563,-5.2032003
batch_02300_patch.tiff,patch_174,14.998,9.3532715,13.057448,8.219837,-9.666739
batch_02300_patch.tiff,patch_175,10.627847,11.088439,5.2948747,3.028623,-12.232903
batch_02300_patch.tiff,patch_176,8.768736,8.725648,8.962983,3.2064643,-8.874101
batch_02300_patch.tiff,patch_177,11.078114,6.8624864,12.98979,11.491917,-7.157103
batch_02300_patch.tiff,patch_178,8.46749,9.559673,10.204281,8.386133,-6.8623486
batch_02300_patch.tiff,patch_179,6.8962464,0.6997017,-2.6925838,3.1162465,-9.539305
batch_02300_patch.tiff,patch_180,9.56862,4.5038447,-1.7604603,1.9706342,-7.028277
batch_02300_patch.tiff,patch_181,10.380035,0.8452662,-1.7925572,5.9292073,-8.797918
batch_02300_patch.tiff,patch_182,10.733893,0.2821661,-1.1749029,3.4423304,-7.1248136
batch_02350_patch.tiff,patch_0,8.118719,6.790453,3.5524728,0.15084074,-11.339763
batch_02350_patch.tiff,patch_1,9.506814,6.646571,3.3864748,1.6003609,-11.847402
batch_02350_patch.tiff,patch_2,3.549414,6.6810937,3.4875596,3.1582396,-10.074933
batch_02350_patch.tiff,patch_3,9.88585,7.5381546,6.274545,4.4439864,-10.130733
batch_02350_patch.tiff,patch_4,7.8208985,1.4084839,5.9488387,8.077106,-10.112056
batch_02350_patch.tiff,patch_5,7.680909,4.2806125,4.257605,8.144959,-8.4475155
batch_02350_patch.tiff,patch_6,8.9392185,7.7304316,6.7383437,5.5625033,-5.326275
batch_02350_patch.tiff,patch_7,9.015527,7.974841,4.8800983,6.844563,-8.54634
batch_02350_patch.tiff,patch_8,11.387229,8.897083,1.6957442,10.186613,-5.098705
batch_02350_patch.tiff,patch_9,4.285764,11.686485,4.3509135,2.948243,-11.119497
batch_02350_patch.tiff,patch_10,13.449145,10.706237,15.915743,7.973913,-8.506611
batch_02350_patch.tiff,patch_11,14.664943,9.748314,23.053377,13.755754,-4.560164
batch_02350_patch.tiff,patch_12,14.812654,14.724601,14.479868,9.485243,-6.0727277
batch_02350_patch.tiff,patch_13,11.881308,10.453988,10.989013,4.6052856,-8.219288
batch_02350_patch.tiff,patch_14,7.2696743,10.73862,6.775681,-0.21945599,-11.913025
batch_02350_patch.tiff,patch_15,7.971983,8.67951,3.3777392,4.612181,-9.236179
batch_02350_patch.tiff,patch_16,6.907799,5.8731675,6.5816035,5.218125,-9.5848675
batch_02350_patch.tiff,patch_17,7.29525,5.5402527,-0.15634388,2.286743,-9.218522
batch_02350_patch.tiff,patch_18,5.5560236,6.2294736,2.0507886,7.8232646,-6.852682
batch_02350_patch.tiff,patch_19,5.0981765,7.2838607,1.8182195,2.7334661,-9.773438
batch_02350_patch.tiff,patch_20,8.882713,8.161104,2.265164,3.7392077,-8.70927
batch_02350_patch.tiff,patch_21,12.103282,9.473999,4.713839,5.753995,-8.141233
batch_02350_patch.tiff,patch_22,7.736064,9.658675,5.293261,7.4687552,-8.405931
batch_02350_patch.tiff,patch_23,11.934632,13.373511,12.739554,10.969363,-10.987419
batch_02350_patch.tiff,patch_24,10.911722,10.380069,15.159393,11.557566,-5.973805
batch_02350_patch.tiff,patch_25,15.472699,11.3005905,11.151617,11.844066,-6.912792
batch_02350_patch.tiff,patch_26,8.136023,2.3568587,4.621626,7.928899,-12.791798
batch_02350_patch.tiff,patch_27,8.208886,3.3895144,3.8249795,4.234925,-13.931108
batch_02350_patch.tiff,patch_28,7.131053,10.037465,7.0264964,1.1588743,-8.813431
batch_02350_patch.tiff,patch_29,6.553373,11.252305,1.6700495,1.9539967,-9.593135
batch_02350_patch.tiff,patch_30,7.202215,7.445409,0.95514685,3.070519,-9.774535
batch_02350_patch.tiff,patch_31,6.2778625,6.129885,1.7579634,3.9800744,-9.196896
batch_02350_patch.tiff,patch_32,5.3855624,5.782606,2.3942974,4.454321,-9.288461
batch_02350_patch.tiff,patch_33,4.3633556,7.4264984,2.5646405,6.6857624,-8.100585
batch_02350_patch.tiff,patch_34,7.4707384,10.773291,9.014971,6.8336477,-7.484675
batch_02350_patch.tiff,patch_35,7.7051573,7.0336266,2.7949986,4.080861,-7.33721
batch_02350_patch.tiff,patch_36,6.522484,14.5691595,17.807251,9.987373,-3.0312848
batch_02350_patch.tiff,patch_37,14.014503,17.621819,14.086681,8.789079,-4.3186884
batch_02350_patch.tiff,patch_38,9.780337,15.837669,19.014547,9.63486,-2.964683
batch_02350_patch.tiff,patch_39,11.796197,1.5779737,10.767036,8.2897005,-11.306127
batch_02350_patch.tiff,patch_40,10.15851,1.2576089,7.213062,5.024805,-9.749596
batch_02350_patch.tiff,patch_41,7.4233985,10.117089,4.6034346,2.8484817,-8.827535
batch_02350_patch.tiff,patch_42,10.691268,7.5649066,1.2586986,3.4991624,-11.734707
batch_02350_patch.tiff,patch_43,7.664027,4.8917284,2.3715775,9.635222,-8.04988
batch_02350_patch.tiff,patch_44,7.707203,5.619329,3.8423002,4.625022,-8.444417
batch_02350_patch.tiff,patch_45,7.6398053,9.583077,2.4430535,5.8826637,-10.535225
batch_02350_patch.tiff,patch_46,8.720538,8.9948845,2.5811305,4.7698774,-8.063017
batch_02350_patch.tiff,patch_47,9.916033,9.960339,7.325598,7.6102138,-10.657596
batch_02350_patch.tiff,patch_48,11.5387945,10.20909,1.3800284,7.8625617,-8.274402
batch_02350_patch.tiff,patch_49,14.110654,19.505056,21.162853,7.018474,-6.220089
batch_02350_patch.tiff,patch_50,5.8548455,8.694861,2.5576801,6.1628437,-7.871763
batch_02350_patch.tiff,patch_51,6.880955,6.7936444,4.1633053,8.383943,-8.8662195
batch_02350_patch.tiff,patch_52,8.092776,6.416155,8.926751,2.1722312,-9.73671
batch_02350_patch.tiff,patch_53,9.937481,10.629368,11.272838,5.7021523,-10.822528
batch_02350_patch.tiff,patch_54,19.282778,6.7777815,27.2369,6.363134,-8.906754
batch_02350_patch.tiff,patch_55,11.508704,8.665072,12.408115,11.536255,-8.401478
batch_02350_patch.tiff,patch_56,8.124978,10.041079,7.5542603,9.491462,-11.063861
batch_02350_patch.tiff,patch_57,5.409662,8.221794,4.28851,3.7659504,-8.242442
batch_02350_patch.tiff,patch_58,10.111868,13.444021,5.281515,6.639792,-12.282605
batch_02350_patch.tiff,patch_59,14.825197,10.186193,5.9982357,11.179883,-4.945167
batch_02350_patch.tiff,patch_60,11.528581,16.036594,19.78828,6.8704267,-5.4464483
batch_02350_patch.tiff,patch_61,7.0455775,10.294747,16.376545,7.5826035,-2.198969
batch_02350_patch.tiff,patch_62,8.765211,7.0331373,5.15207,7.0851336,-9.648148
batch_02350_patch.tiff,patch_63,9.051452,8.6027155,3.2804613,5.913472,-8.67107
batch_02350_patch.tiff,patch_64,4.9469438,4.7414193,7.2715783,5.4169245,-9.567754
batch_02350_patch.tiff,patch_65,11.149799,13.1558485,7.8297753,2.4092526,-11.351904
batch_02350_patch.tiff,patch_66,14.639179,8.008753,22.448162,5.941865,-8.099191
batch_02350_patch.tiff,patch_67,14.284054,10.764837,21.421906,6.093741,-8.417541
batch_02350_patch.tiff,patch_68,12.672572,9.800939,4.557358,7.6141324,-5.4884048
batch_02350_patch.tiff,patch_69,8.541211,8.426718,7.6833243,7.3249264,-11.176617
batch_02350_patch.tiff,patch_70,9.008215,11.210191,8.078632,5.251015,-11.842659
batch_02350_patch.tiff,patch_71,7.9698787,8.445718,4.1871834,4.8434486,-8.782172
batch_02350_patch.tiff,patch_72,7.9095364,16.532755,18.250898,4.6160474,-3.1777663
batch_02350_patch.tiff,patch_73,6.4651313,7.241215,1.9675225,7.4375815,-9.068486
batch_02350_patch.tiff,patch_74,9.77728,2.0978355,1.0542009,8.031471,-8.046255
batch_02350_patch.tiff,patch_75,7.8846073,9.485849,4.881197,2.382745,-12.214878
batch_02350_patch.tiff,patch_76,6.204967,12.343494,3.187741,6.492069,-10.595916
batch_02350_patch.tiff,patch_77,10.111208,4.398207,16.6941,4.670024,1.2497464
batch_02350_patch.tiff,patch_78,10.497735,3.4916341,14.136029,7.0665984,1.6635334
batch_02350_patch.tiff,patch_79,7.648809,13.842551,3.1232266,4.52076,-9.815931
batch_02350_patch.tiff,patch_80,12.008086,13.952577,5.5542216,10.303984,-6.341375
batch_02350_patch.tiff,patch_81,7.2773857,7.6643414,3.0754573,6.900846,-6.021177
batch_02350_patch.tiff,patch_82,5.722962,8.25317,7.9677124,7.791157,-7.8200502
batch_02350_patch.tiff,patch_83,16.46489,16.638018,16.697771,8.2770815,-3.8176162
batch_02350_patch.tiff,patch_84,13.159776,15.023419,19.418522,9.086553,-6.51734
batch_02350_patch.tiff,patch_85,8.685671,6.2043734,3.7868576,4.6983175,-9.328206
batch_02350_patch.tiff,patch_86,10.78694,4.2821655,5.9447927,6.3199773,-8.446681
batch_02350_patch.tiff,patch_87,12.25695,8.142367,4.3876753,4.134836,-8.82338
batch_02350_patch.tiff,patch_88,11.858903,10.346195,2.9609952,5.134866,-8.538614
batch_02350_patch.tiff,patch_89,8.386248,4.964251,14.596228,4.314901,-2.065213
batch_02350_patch.tiff,patch_90,6.110801,4.2693477,12.685328,3.294087,1.3891898
batch_02350_patch.tiff,patch_91,8.531352,8.281303,3.5131974,3.590134,-5.365557
batch_02350_patch.tiff,patch_92,6.163221,8.291876,4.0032873,3.5429277,-5.608071
batch_02350_patch.tiff,patch_93,9.720883,9.094114,5.375141,4.120511,-6.2833934
batch_02350_patch.tiff,patch_94,8.11093,9.352339,2.1372278,6.0590467,-10.491667
batch_02350_patch.tiff,patch_95,16.22624,19.11301,19.348862,8.143131,-5.6951976
batch_02350_patch.tiff,patch_96,15.810705,15.757576,14.263716,10.59474,-5.6790442
batch_02350_patch.tiff,patch_97,8.1421385,8.093022,1.239412,7.6735625,-9.540053
batch_02350_patch.tiff,patch_98,5.812984,7.5803113,3.6668427,7.8653603,-5.244442
batch_02350_patch.tiff,patch_99,5.569854,7.720996,5.7775545,6.5468483,-10.802926
batch_02350_patch.tiff,patch_100,6.1656866,7.9084954,6.230352,5.745056,-11.275913
batch_02350_patch.tiff,patch_101,8.237051,10.609707,10.153619,3.646702,-8.858229
batch_02350_patch.tiff,patch_102,5.3716526,7.936416,3.6869607,2.8429184,-10.460748
batch_02350_patch.tiff,patch_103,9.642688,10.94726,3.8741002,5.1516705,-7.742882
batch_02350_patch.tiff,patch_104,5.658382,9.439534,2.3311603,3.8519683,-7.7615757
batch_02350_patch.tiff,patch_105,5.626151,11.822261,2.2882304,5.0589786,-8.808642
batch_02350_patch.tiff,patch_106,5.1478486,8.643469,3.1541052,5.2491035,-11.966395
batch_02350_patch.tiff,patch_107,16.072031,17.296408,11.877164,9.706962,-4.839747
batch_02350_patch.tiff,patch_108,7.1398406,4.4032197,1.5511909,12.46749,-10.211458
batch_02350_patch.tiff,patch_109,8.334594,3.9757018,5.4026103,8.287437,-10.195654
batch_02350_patch.tiff,patch_110,10.224693,12.350315,9.013329,3.341156,-7.928933
batch_02350_patch.tiff,patch_111,7.9396176,8.5419,6.255647,2.404599,-11.333523
batch_02350_patch.tiff,patch_112,6.045818,11.570319,6.808392,3.4459624,-9.222108
batch_02350_patch.tiff,patch_113,5.3792977,12.365355,4.949624,3.0670357,-8.27508
batch_02350_patch.tiff,patch_114,8.118959,8.6948,6.249179,5.8526807,-6.1998086
batch_02350_patch.tiff,patch_115,3.0025835,13.248973,4.3526,5.800385,-8.52904
batch_02350_patch.tiff,patch_116,10.401218,8.632514,3.9858537,3.9010825,-9.857107
batch_02350_patch.tiff,patch_117,8.96081,7.8589344,1.6332787,8.548916,-11.374682
batch_02350_patch.tiff,patch_118,16.083214,13.404991,16.117409,8.473636,-1.416891
batch_02350_patch.tiff,patch_119,13.38962,13.863922,17.930964,6.462183,-3.943017
batch_02350_patch.tiff,patch_120,7.974442,5.4224243,0.7043658,6.806838,-9.750688
batch_02350_patch.tiff,patch_121,8.940672,4.8254647,2.620399,5.840471,-9.759867
batch_02350_patch.tiff,patch_122,5.5976367,3.2404885,8.322449,11.384094,-5.3187385
batch_02350_patch.tiff,patch_123,5.5615144,1.4364648,6.1650705,10.839236,-4.9127526
batch_02350_patch.tiff,patch_124,6.442917,6.889879,3.919912,1.2497517,-4.6832004
batch_02350_patch.tiff,patch_125,7.9440947,6.986583,7.9194303,-1.6497264,-7.8857226
batch_02350_patch.tiff,patch_126,19.794922,9.003214,21.489521,9.404429,-4.265919
batch_02350_patch.tiff,patch_127,11.45275,9.928018,14.644869,6.0232863,-9.213868
batch_02350_patch.tiff,patch_128,7.205689,10.296435,2.9323342,6.8629746,-10.98776
batch_02350_patch.tiff,patch_129,7.3298316,10.5599165,4.263752,7.67559,-8.30399
batch_02350_patch.tiff,patch_130,7.576291,13.426199,18.807703,5.1263027,-1.7440434
batch_02350_patch.tiff,patch_131,10.822127,10.449513,15.464336,6.1528883,-3.184083
batch_02350_patch.tiff,patch_132,9.022259,5.702495,5.413018,6.1171374,-9.076343
batch_02350_patch.tiff,patch_133,7.8652754,7.2867827,4.6508493,7.946916,-7.452913
batch_02350_patch.tiff,patch_134,5.397344,5.825496,-0.8269559,7.5758896,-9.070541
batch_02350_patch.tiff,patch_135,9.14464,4.3914604,0.98874193,11.357876,-10.128631
batch_02350_patch.tiff,patch_136,3.378161,7.6082244,6.9414673,0.37251833,-7.440094
batch_02350_patch.tiff,patch_137,3.7006745,8.687251,5.66825,1.6770041,-7.792488
batch_02350_patch.tiff,patch_138,10.111338,15.92815,10.235323,9.660855,-11.57199
batch_02350_patch.tiff,patch_139,19.132477,10.225702,17.059402,11.584296,-3.3236043
batch_02350_patch.tiff,patch_140,9.426981,9.980697,4.4822326,5.6119523,-8.494751
batch_02350_patch.tiff,patch_141,6.8267756,8.898461,0.61186165,6.8385916,-8.761324
batch_02350_patch.tiff,patch_142,9.740951,16.642847,19.407202,6.426976,-5.966635
batch_02350_patch.tiff,patch_143,8.964402,12.949313,12.65377,9.123215,-7.7177935
batch_02350_patch.tiff,patch_144,10.398068,9.620156,4.6096377,2.7226584,-10.593845
batch_02350_patch.tiff,patch_145,11.12911,10.163011,1.6420022,6.4765396,-9.74396
batch_02350_patch.tiff,patch_146,6.921844,6.6904445,2.3647254,8.647505,-9.498324
batch_02350_patch.tiff,patch_147,7.0114126,5.711785,1.3913783,6.845711,-6.497669
batch_02350_patch.tiff,patch_148,8.746714,6.876012,8.126565,-1.7056936,-7.8211737
batch_02350_patch.tiff,patch_149,6.015464,8.901321,4.021975,0.3668227,-6.6722326
batch_02350_patch.tiff,patch_150,9.641087,8.629612,7.9043994,7.525049,-9.89006
batch_02350_patch.tiff,patch_151,9.511815,8.220232,2.9532845,3.3648536,-6.443339
batch_02350_patch.tiff,patch_152,8.214459,11.94316,15.950827,8.86094,0.35102952
batch_02350_patch.tiff,patch_153,11.735466,16.999699,20.317139,6.332048,-0.12659003
batch_02350_patch.tiff,patch_154,22.30589,14.470091,9.981833,6.896701,-9.155633
batch_02350_patch.tiff,patch_155,14.8937,13.072301,9.831308,10.312788,-2.6477966
batch_02350_patch.tiff,patch_156,11.355688,8.183524,6.2969656,6.435888,-10.3064995
batch_02350_patch.tiff,patch_157,11.156701,7.3854494,5.4938197,3.5892224,-9.094496
batch_02350_patch.tiff,patch_158,7.366636,4.372244,2.4384296,3.6532233,-7.5084467
batch_02350_patch.tiff,patch_159,6.811362,5.970093,3.9161437,9.309335,-7.8044844
batch_02350_patch.tiff,patch_160,5.3764243,5.419552,4.3091993,1.9433415,-7.4131293
batch_02350_patch.tiff,patch_161,5.9883046,6.301563,6.858059,-0.71191955,-7.2039676
batch_02350_patch.tiff,patch_162,8.533494,9.993503,4.0753064,2.8052688,-7.770726
batch_02350_patch.tiff,patch_163,8.303255,7.439153,2.3711915,3.399631,-7.2258873
batch_02350_patch.tiff,patch_164,8.93348,16.264175,20.231085,9.88124,-1.6049283
batch_02350_patch.tiff,patch_165,14.268534,10.533365,20.313454,8.572926,-2.7295766
batch_02350_patch.tiff,patch_166,16.164703,7.551357,24.265856,8.526016,-8.77885
batch_02350_patch.tiff,patch_167,14.66192,8.447829,19.909481,3.5490277,-6.7966514
batch_02350_patch.tiff,patch_168,7.1418524,8.766826,0.2851023,4.8074484,-8.324079
batch_02350_patch.tiff,patch_169,6.942956,6.746654,2.176031,8.856996,-12.196181
batch_02350_patch.tiff,patch_170,8.811882,8.004811,7.0246263,2.4699209,-9.616838
batch_02350_patch.tiff,patch_171,7.401052,11.161561,6.800222,-2.0736804,-7.6512504
batch_02350_patch.tiff,patch_172,10.871396,13.700428,7.3723984,9.783856,-8.288128
batch_02350_patch.tiff,patch_173,9.560299,11.771299,0.9037104,5.464485,-7.059981
batch_02350_patch.tiff,patch_174,15.06664,12.790017,18.058596,10.581307,-2.7057946
batch_02350_patch.tiff,patch_175,14.559379,16.554092,17.41878,10.025717,-4.1347284
batch_02350_patch.tiff,patch_176,17.356615,14.3484955,20.94556,9.794562,-4.1259418
batch_02400_patch.tiff,patch_0,11.673766,10.034753,19.633636,4.1729436,-2.8279898
batch_02400_patch.tiff,patch_1,14.868899,12.304745,20.570494,5.2868266,-4.354298
batch_02400_patch.tiff,patch_2,8.425251,4.4052696,1.9396496,8.790698,-7.639067
batch_02400_patch.tiff,patch_3,12.244044,7.4477496,4.961167,8.3458185,-6.464744
batch_02400_patch.tiff,patch_4,4.7429233,1.6506951,3.4566338,3.0747697,-8.340171
batch_02400_patch.tiff,patch_5,4.7635026,1.7628866,1.3353946,5.3141737,-8.804609
batch_02400_patch.tiff,patch_6,14.880688,9.10862,21.297153,10.357832,-7.4086113
batch_02400_patch.tiff,patch_7,15.535316,11.060449,20.952175,3.988809,-8.040361
batch_02400_patch.tiff,patch_8,14.027554,12.783893,20.32159,10.008523,-3.9517817
batch_02400_patch.tiff,patch_9,19.077435,14.469599,19.640385,10.105542,-6.481133
batch_02400_patch.tiff,patch_10,15.576752,12.021905,20.325521,7.8582315,-4.670888
batch_02400_patch.tiff,patch_11,13.111413,5.362311,7.0229144,3.9865484,-9.973716
batch_02400_patch.tiff,patch_12,12.756536,18.758703,19.477045,8.5103855,-5.1791377
batch_02400_patch.tiff,patch_13,12.556062,14.093444,20.97196,8.867721,-2.5144675
batch_02400_patch.tiff,patch_14,4.6774135,5.766701,2.5917723,6.887171,-10.250905
batch_02400_patch.tiff,patch_15,6.12076,4.396444,6.6161876,7.358811,-9.837667
batch_02400_patch.tiff,patch_16,8.523538,6.8423,2.083432,3.969405,-11.238638
batch_02400_patch.tiff,patch_17,8.605901,0.09728643,4.296742,13.202526,-7.4744053
batch_02400_patch.tiff,patch_18,16.833496,12.480389,23.2791,10.986904,-7.7973027
batch_02400_patch.tiff,patch_19,17.796556,9.448636,13.438165,10.974799,-9.750489
batch_02400_patch.tiff,patch_20,13.725966,11.267394,17.2432,12.263153,-9.184239
batch_02400_patch.tiff,patch_21,15.877752,12.09049,15.316263,8.795224,-6.14993
batch_02400_patch.tiff,patch_22,16.83064,7.378876,25.772886,9.131629,-7.5672684
batch_02400_patch.tiff,patch_23,12.504007,6.0934796,6.37945,3.9185884,-8.256701
batch_02400_patch.tiff,patch_24,10.47726,11.498424,20.527676,6.5234356,-5.912356
batch_02400_patch.tiff,patch_25,14.623326,10.946034,20.058641,11.375606,-6.155872
batch_02400_patch.tiff,patch_26,2.4055202,9.260356,-1.4704459,3.2445054,-10.178658
batch_02400_patch.tiff,patch_27,9.297122,6.2265162,3.007755,12.084158,-7.549273
batch_02400_patch.tiff,patch_28,8.487174,4.723553,2.564236,2.0182118,-12.026278
batch_02400_patch.tiff,patch_29,5.245774,2.9300776,0.756723,15.102786,-9.563304
batch_02400_patch.tiff,patch_30,5.1225157,5.573417,5.488841,12.372307,-6.4250255
batch_02400_patch.tiff,patch_31,6.435144,-0.76481587,7.245751,7.5658627,-7.6068635
batch_02400_patch.tiff,patch_32,20.337841,14.279134,15.363138,8.656407,-7.208297
batch_02400_patch.tiff,patch_33,14.341235,11.012934,21.68823,7.3463993,-5.9477353
batch_02400_patch.tiff,patch_34,9.479479,12.772224,20.121124,9.682457,-7.57081
batch_02400_patch.tiff,patch_35,15.5809765,13.94995,21.016352,14.68158,-3.3582916
batch_02400_patch.tiff,patch_36,9.933579,0.78243625,5.997513,7.627607,-10.553957
batch_02400_patch.tiff,patch_37,12.535167,9.782929,15.694392,6.652645,-9.185505
batch_02400_patch.tiff,patch_38,9.159013,7.3837276,19.637247,4.5525594,-8.438517
batch_02400_patch.tiff,patch_39,8.004269,2.4868217,4.203547,7.4202757,-5.960349
batch_02400_patch.tiff,patch_40,13.084692,5.8978505,4.859849,4.505833,-7.59343
batch_02400_patch.tiff,patch_41,10.539037,2.570446,-1.2063828,8.673901,-8.883801
batch_02400_patch.tiff,patch_42,1.5991582,3.5763466,-1.6237663,7.7920804,-10.668491
batch_02400_patch.tiff,patch_43,6.501203,-1.0593686,2.9693074,7.7666693,-7.2817845
batch_02400_patch.tiff,patch_44,8.287836,-5.433463,-2.52808,3.8864644,-6.3719373
batch_02400_patch.tiff,patch_45,19.113972,11.871164,21.810469,8.497088,-6.719437
batch_02400_patch.tiff,patch_46,19.73243,13.245408,22.36793,7.343495,-7.9497128
batch_02400_patch.tiff,patch_47,12.711535,11.878384,19.568722,7.0866466,-6.6842575
batch_02400_patch.tiff,patch_48,15.345318,10.630061,9.307022,2.7175243,-11.867702
batch_02400_patch.tiff,patch_49,6.5695553,-2.315494,8.77981,7.3046412,-10.777173
batch_02400_patch.tiff,patch_50,16.081186,13.479031,13.12009,7.351517,-1.712222
batch_02400_patch.tiff,patch_51,14.988344,13.416086,13.148003,8.368865,-1.1351426
batch_02400_patch.tiff,patch_52,7.8983054,5.607506,6.4949985,9.554573,-7.041898
batch_02400_patch.tiff,patch_53,11.291412,4.002547,4.16033,7.8117414,-7.6873107
batch_02400_patch.tiff,patch_54,10.641811,13.373876,2.5856516,3.7447257,-8.166222
batch_02400_patch.tiff,patch_55,8.939884,10.776782,3.6203892,2.5315325,-7.9505787
batch_02400_patch.tiff,patch_56,5.8159924,1.1659584,0.71945345,7.5224447,-9.464692
batch_02400_patch.tiff,patch_57,9.74986,1.6066543,-0.6592495,11.883265,-10.0925455
batch_02400_patch.tiff,patch_58,15.091168,9.153935,16.89741,8.918468,-9.415771
batch_02400_patch.tiff,patch_59,12.214587,11.200946,14.557261,7.603259,-9.890529
batch_02400_patch.tiff,patch_60,12.486612,12.332448,17.711105,8.018733,-7.65582
batch_02400_patch.tiff,patch_61,14.809271,9.820069,9.020974,4.6589746,-12.705589
batch_02400_patch.tiff,patch_62,15.51257,17.475187,18.50884,4.3139687,-1.4289043
batch_02400_patch.tiff,patch_63,8.565309,5.260999,5.5133586,4.275902,-6.8607197
batch_02400_patch.tiff,patch_64,12.00867,6.469553,1.9987464,8.997921,-8.241548
batch_02400_patch.tiff,patch_65,10.254416,11.287985,3.368334,3.8446798,-6.298831
batch_02400_patch.tiff,patch_66,7.736628,6.487152,-0.9973432,4.023088,-6.408125
batch_02400_patch.tiff,patch_67,8.815691,3.2777526,1.0431626,6.1341963,-7.5983543
batch_02400_patch.tiff,patch_68,9.236804,3.6660728,3.9494424,4.193593,-9.562152
batch_02400_patch.tiff,patch_69,11.295337,10.110628,15.62439,2.902159,-6.868775
batch_02400_patch.tiff,patch_70,12.006254,13.187899,20.567406,4.569027,-9.472469
batch_02400_patch.tiff,patch_71,13.128099,12.5377865,17.824352,11.54635,-8.05335
batch_02400_patch.tiff,patch_72,13.616721,11.350575,14.537482,5.5363092,-11.2039585
batch_02400_patch.tiff,patch_73,17.289936,13.912826,17.06555,12.052946,-2.318216
batch_02400_patch.tiff,patch_74,10.293034,18.340565,23.659714,6.6335635,-1.5469416
batch_02400_patch.tiff,patch_75,8.382044,2.0124784,4.062743,9.270939,-6.5298185
batch_02400_patch.tiff,patch_76,4.1665726,2.4053762,7.6089015,9.728061,-6.302452
batch_02400_patch.tiff,patch_77,6.299038,6.096991,-0.5870644,6.034356,-11.811721
batch_02400_patch.tiff,patch_78,7.681383,5.2557006,4.3120227,8.367697,-8.361432
batch_02400_patch.tiff,patch_79,12.33643,9.376672,10.101583,7.3959956,-11.086355
batch_02400_patch.tiff,patch_80,16.268951,16.462934,16.796368,13.40797,-6.828814
batch_02400_patch.tiff,patch_81,9.865395,14.517834,18.353157,12.166497,-7.6932654
batch_02400_patch.tiff,patch_82,16.250792,12.026053,12.037333,8.195466,-11.06168
batch_02400_patch.tiff,patch_83,15.12095,11.458221,14.705383,5.6939363,-8.936555
batch_02400_patch.tiff,patch_84,15.855527,18.266224,16.065197,10.549314,-6.7159486
batch_02400_patch.tiff,patch_85,8.31769,5.8248515,2.547855,6.6700907,-6.8680115
batch_02400_patch.tiff,patch_86,6.9755993,5.4438334,3.112442,10.58963,-5.851492
batch_02400_patch.tiff,patch_87,7.6682005,8.524465,2.3398101,4.257688,-10.118427
batch_02400_patch.tiff,patch_88,4.824074,4.842555,5.5619893,11.5148735,-7.2762413
batch_02400_patch.tiff,patch_89,10.3959055,9.707698,10.160404,1.743841,-12.419929
batch_02400_patch.tiff,patch_90,16.907902,18.399805,22.721464,9.3431015,-4.8067684
batch_02400_patch.tiff,patch_91,14.90086,14.544025,10.377653,4.7257514,-13.372555
batch_02400_patch.tiff,patch_92,13.601454,5.7805047,12.915747,10.836909,-12.645451
batch_02400_patch.tiff,patch_93,13.602098,12.521431,22.603367,7.1688404,-3.6962817
batch_02400_patch.tiff,patch_94,15.04427,17.626204,12.145992,3.0636683,-10.786676
batch_02400_patch.tiff,patch_95,13.397277,13.281996,19.142725,11.530146,-6.8102803
batch_02400_patch.tiff,patch_96,13.271012,10.201639,17.423819,11.138422,-6.4614124
batch_02400_patch.tiff,patch_97,7.0032263,4.1312695,0.23420075,8.794328,-4.0939155
batch_02400_patch.tiff,patch_98,9.581302,3.1358454,5.6965137,6.6271563,-6.1583414
batch_02400_patch.tiff,patch_99,14.419085,13.439106,10.047828,6.8432894,-9.80021
batch_02400_patch.tiff,patch_100,12.383997,14.904102,13.136206,2.5266593,-13.965564
batch_02400_patch.tiff,patch_101,12.732232,11.816452,11.957078,9.323759,-11.375877
batch_02400_patch.tiff,patch_102,16.244793,12.267293,21.812859,8.359227,-8.000509
batch_02400_patch.tiff,patch_103,13.158703,10.360462,9.265923,5.050349,-12.7269
batch_02400_patch.tiff,patch_104,11.846019,6.830963,19.3424,10.151057,-9.004626
batch_02400_patch.tiff,patch_105,10.672093,13.971023,15.692061,9.403962,-5.243683
batch_02400_patch.tiff,patch_106,18.279049,23.196804,12.689612,9.437284,-7.6521244
batch_02400_patch.tiff,patch_107,9.706028,13.68276,17.92291,11.141983,-11.440889
batch_02400_patch.tiff,patch_108,12.385725,13.228112,17.193819,11.441544,-6.4353285
batch_02400_patch.tiff,patch_109,3.0061655,3.6932974,3.3424294,7.050602,-7.688456
batch_02400_patch.tiff,patch_110,6.5579066,4.32047,8.148188,9.493911,-5.869525
batch_02400_patch.tiff,patch_111,15.224456,13.252481,19.70919,8.65088,-10.214616
batch_02400_patch.tiff,patch_112,10.988624,16.879032,15.591211,4.3079157,-9.754689
batch_02400_patch.tiff,patch_113,15.699044,12.801312,19.094036,9.4395075,-12.755029
batch_02400_patch.tiff,patch_114,16.88956,12.429756,19.517824,7.44422,-9.417199
batch_02400_patch.tiff,patch_115,14.257926,11.773277,13.013775,12.611631,-9.124804
batch_02400_patch.tiff,patch_116,16.54628,12.390726,22.229591,6.043793,-8.5367775
batch_02400_patch.tiff,patch_117,9.983474,10.146064,10.560758,13.514241,-10.614931
batch_02400_patch.tiff,patch_118,8.773002,6.9263134,14.58293,11.857255,-10.175443
batch_02400_patch.tiff,patch_119,13.839157,4.7761426,18.013098,5.9939556,-8.002302
batch_02400_patch.tiff,patch_120,13.162392,10.362628,12.2226305,1.8418866,-9.731078
batch_02400_patch.tiff,patch_121,10.1022005,6.9099884,3.571328,7.9127803,-8.7916
batch_02400_patch.tiff,patch_122,7.31564,6.976266,5.941606,5.6875563,-8.476641
batch_02400_patch.tiff,patch_123,13.4468565,13.374971,12.54044,2.9093983,-10.164765
batch_02400_patch.tiff,patch_124,9.177178,15.096324,13.427087,5.1101513,-12.837759
batch_02400_patch.tiff,patch_125,10.517741,12.779887,15.960357,8.786042,-6.9323187
batch_02400_patch.tiff,patch_126,15.274704,13.13142,20.131762,10.149178,-4.807301
batch_02400_patch.tiff,patch_127,17.417347,14.411927,17.418797,9.393941,-4.949618
batch_02400_patch.tiff,patch_128,19.69805,9.2706,15.003824,8.36897,-8.741151
batch_02400_patch.tiff,patch_129,10.629499,10.588774,13.807269,12.966536,-7.6108584
batch_02400_patch.tiff,patch_130,11.265969,7.1888266,15.969697,9.942216,-6.578903
batch_02400_patch.tiff,patch_131,8.467288,5.5210023,11.576117,7.5967307,-13.451374
batch_02400_patch.tiff,patch_132,10.637438,7.150065,17.7047,3.1602662,-6.3954496
batch_02400_patch.tiff,patch_133,9.309082,8.735877,4.6645136,6.2017655,-11.136682
batch_02400_patch.tiff,patch_134,8.207845,7.38351,3.4734652,2.9191651,-12.21149
batch_02400_patch.tiff,patch_135,13.257337,14.002912,15.588589,2.1198475,-9.556159
batch_02400_patch.tiff,patch_136,16.074263,12.8286495,15.59382,2.8143487,-9.90577
batch_02400_patch.tiff,patch_137,13.046237,11.812238,15.656048,13.355362,-5.795341
batch_02400_patch.tiff,patch_138,16.874582,12.864157,21.360868,8.801825,-4.399996
batch_02400_patch.tiff,patch_139,16.663576,13.668164,12.8703375,5.426462,-13.066333
batch_02400_patch.tiff,patch_140,20.619375,12.841025,27.632578,8.62968,-5.5506277
batch_02400_patch.tiff,patch_141,9.49442,5.001132,15.603835,12.055797,-11.764359
batch_02400_patch.tiff,patch_142,10.741356,9.135613,14.862464,10.503132,-9.294405
batch_02400_patch.tiff,patch_143,10.6927805,8.275901,2.5967128,8.89169,-9.07813
batch_02400_patch.tiff,patch_144,7.0827026,3.880272,0.9578116,3.3516037,-11.506205
batch_02400_patch.tiff,patch_145,10.770257,0.407438,-5.462686,6.271732,-5.7853923
batch_02400_patch.tiff,patch_146,8.609381,1.9239829,-0.13321331,8.3069935,-5.346233
batch_02400_patch.tiff,patch_147,15.020362,10.4803,17.912336,8.42359,-6.1402116
batch_02400_patch.tiff,patch_148,13.633801,13.961612,19.979366,7.793365,-6.0402036
batch_02400_patch.tiff,patch_149,17.149656,11.776243,21.301764,8.638697,-4.861464
batch_02400_patch.tiff,patch_150,14.560939,12.458751,15.763408,6.9347806,-7.5308805
batch_02400_patch.tiff,patch_151,14.549609,9.53402,13.648721,6.0861278,-9.503396
batch_02400_patch.tiff,patch_152,17.405312,8.691473,22.595535,12.315566,-7.215668
batch_02400_patch.tiff,patch_153,8.994475,4.749955,12.797521,9.785597,-10.43492
batch_02400_patch.tiff,patch_154,8.547822,7.5510583,13.856965,10.898937,-9.781787
batch_02400_patch.tiff,patch_155,9.401095,5.0478787,0.65015554,7.9503856,-11.7339325
batch_02400_patch.tiff,patch_156,6.0707026,1.6363709,1.5008119,4.722376,-8.7814865
batch_02400_patch.tiff,patch_157,9.044737,3.869258,-3.1047935,6.1744876,-6.8887005
batch_02400_patch.tiff,patch_158,10.785183,3.4734936,-0.031678956,11.728189,-9.930382
batch_02400_patch.tiff,patch_159,13.019227,14.027322,14.944982,10.586077,-8.925924
batch_02400_patch.tiff,patch_160,15.793613,15.505187,18.881468,12.198404,-5.7154703
batch_02400_patch.tiff,patch_161,13.53895,10.924242,16.541216,7.4140573,-7.651218
batch_02400_patch.tiff,patch_162,12.223115,17.68945,17.183054,8.262412,-11.083443
batch_02400_patch.tiff,patch_163,18.037622,9.681737,18.272049,6.053268,-5.1908135
batch_02400_patch.tiff,patch_164,18.878971,9.974193,26.824583,8.495314,-7.768754
batch_02400_patch.tiff,patch_165,6.98508,5.1357684,0.4873826,5.00125,-9.727686
batch_02400_patch.tiff,patch_166,4.2978687,3.6246119,4.6899853,8.699022,-8.74104
batch_02400_patch.tiff,patch_167,10.609145,4.994587,3.3542454,3.66391,-9.867717
batch_02400_patch.tiff,patch_168,7.21106,9.441628,-0.23137365,2.4090583,-9.531242
batch_02400_patch.tiff,patch_169,9.9207325,6.724275,-1.1802849,5.2608323,-8.410864
batch_02400_patch.tiff,patch_170,11.2394705,6.863446,-0.14780436,6.910119,-9.69653
batch_02400_patch.tiff,patch_171,11.651992,8.716176,16.595793,0.85140026,-8.069385
batch_02400_patch.tiff,patch_172,14.431875,11.227378,12.486613,3.7542355,-9.650356
batch_02400_patch.tiff,patch_173,13.28777,8.362569,21.447224,7.1901345,-6.963269
batch_02400_patch.tiff,patch_174,18.686275,9.53167,22.491137,8.48533,-5.915969
batch_02400_patch.tiff,patch_175,8.024653,6.694969,7.8829703,5.1911793,-8.472979
batch_02400_patch.tiff,patch_176,9.353122,2.7658005,3.6179779,0.36631775,-7.147095
batch_02450_patch.tiff,patch_0,6.887245,7.7010374,10.835876,6.761521,-10.849878
batch_02450_patch.tiff,patch_1,8.578254,6.8368483,14.651041,3.6943815,-7.533885
batch_02450_patch.tiff,patch_2,10.663785,5.3017373,15.890984,5.860252,-8.897821
batch_02450_patch.tiff,patch_3,9.364859,5.286703,14.536648,2.7038658,-8.392153
batch_02450_patch.tiff,patch_4,12.144483,5.922395,17.745564,4.053645,-3.6961465
batch_02450_patch.tiff,patch_5,12.378813,8.164216,18.195772,0.49015716,-5.887347
batch_02450_patch.tiff,patch_6,9.388076,10.49726,6.5170007,8.959122,-8.246609
batch_02450_patch.tiff,patch_7,6.5115595,8.202961,9.876735,2.168464,-6.112866
batch_02450_patch.tiff,patch_8,3.3691914,1.563673,7.0405912,8.652063,-5.239476
batch_02450_patch.tiff,patch_9,2.911383,1.7046983,4.3535404,9.731827,-8.291397
batch_02450_patch.tiff,patch_10,18.30315,7.3921523,15.259301,7.81409,-7.549795
batch_02450_patch.tiff,patch_11,16.783972,12.201799,18.12693,7.031941,-6.7501802
batch_02450_patch.tiff,patch_12,11.72853,11.236891,13.424961,5.8562427,-5.581195
batch_02450_patch.tiff,patch_13,11.487624,9.481296,13.622935,8.653391,-9.39967
batch_02450_patch.tiff,patch_14,9.064202,6.2134004,13.926368,10.222946,-11.67574
batch_02450_patch.tiff,patch_15,11.810556,5.893313,10.075045,3.4899738,-8.344532
batch_02450_patch.tiff,patch_16,14.001301,6.9441476,12.600677,3.2317486,-9.491309
batch_02450_patch.tiff,patch_17,8.54957,8.142016,20.841846,1.5270205,-2.5355241
batch_02450_patch.tiff,patch_18,10.430735,8.170371,16.903488,-1.3261018,-5.5512514
batch_02450_patch.tiff,patch_19,9.822802,10.312971,9.17185,5.0587893,-7.1399364
batch_02450_patch.tiff,patch_20,11.8412485,5.449139,11.629377,4.0888934,-4.896876
batch_02450_patch.tiff,patch_21,3.2517664,0.43711007,6.71824,9.152213,-7.2488055
batch_02450_patch.tiff,patch_22,3.3112907,4.5798016,5.518562,9.696628,-7.3934617
batch_02450_patch.tiff,patch_23,18.356672,7.080403,16.777168,13.902591,-9.223413
batch_02450_patch.tiff,patch_24,19.681843,9.221556,22.426838,10.684032,-5.826911
batch_02450_patch.tiff,patch_25,13.215229,8.774436,14.88007,3.4409926,-10.9299555
batch_02450_patch.tiff,patch_26,5.567872,7.1455092,5.05963,5.8707366,-14.223114
batch_02450_patch.tiff,patch_27,14.003929,9.03895,7.768671,0.4562771,-11.760177
batch_02450_patch.tiff,patch_28,8.409835,5.262488,14.929196,2.5271034,-11.729842
batch_02450_patch.tiff,patch_29,11.555375,3.775956,17.607475,5.906558,-9.995068
batch_02450_patch.tiff,patch_30,13.383092,7.349319,12.714185,0.9436303,-8.806323
batch_02450_patch.tiff,patch_31,12.069013,6.520091,16.91714,0.095630966,-5.2720385
batch_02450_patch.tiff,patch_32,6.1914597,8.139435,5.0482516,2.898371,-12.946372
batch_02450_patch.tiff,patch_33,6.8594985,7.729021,8.663817,6.4969893,-9.255726
batch_02450_patch.tiff,patch_34,3.2751327,3.148519,4.7588983,8.60958,-7.041397
batch_02450_patch.tiff,patch_35,2.1447668,-0.8575531,4.7873473,7.9432406,-3.693362
batch_02450_patch.tiff,patch_36,14.741089,11.246119,20.632711,2.9493604,-6.3366475
batch_02450_patch.tiff,patch_37,12.535789,9.114662,16.368364,11.312545,-10.207231
batch_02450_patch.tiff,patch_38,12.572613,7.471,15.918212,9.862424,-4.8311567
batch_02450_patch.tiff,patch_39,7.833772,8.960173,4.7876315,2.0996773,-13.661357
batch_02450_patch.tiff,patch_40,13.886223,12.428273,5.750571,3.5518062,-11.456141
batch_02450_patch.tiff,patch_41,7.64553,8.261559,12.535023,5.540118,-8.403453
batch_02450_patch.tiff,patch_42,8.759947,4.656236,15.530368,2.4951224,-6.15798
batch_02450_patch.tiff,patch_43,10.565752,9.73254,4.715673,-0.21616416,-13.346712
batch_02450_patch.tiff,patch_44,15.479433,10.651112,4.3988967,0.9811252,-14.039533
batch_02450_patch.tiff,patch_45,7.4992404,7.1871076,12.851084,6.0230355,-7.2419147
batch_02450_patch.tiff,patch_46,9.487196,9.195261,4.1281004,3.0999513,-11.618094
batch_02450_patch.tiff,patch_47,4.046781,-1.7274692,5.374149,7.35781,-3.4069107
batch_02450_patch.tiff,patch_48,4.5772805,1.6501346,4.020119,10.57459,-3.21818
batch_02450_patch.tiff,patch_49,9.909903,5.2227907,15.114385,6.285588,-11.607098
batch_02450_patch.tiff,patch_50,9.737783,8.782548,20.619986,10.205868,-9.5494375
batch_02450_patch.tiff,patch_51,12.215786,8.465769,16.51978,3.9376702,-5.306719
batch_02450_patch.tiff,patch_52,12.866923,11.77846,5.5268364,2.1905916,-15.273115
batch_02450_patch.tiff,patch_53,12.055969,9.671702,14.077925,2.432817,-11.701471
batch_02450_patch.tiff,patch_54,10.145649,6.709757,16.105177,1.8311342,-8.786811
batch_02450_patch.tiff,patch_55,8.282858,10.085706,10.76535,5.4773374,-10.497339
batch_02450_patch.tiff,patch_56,11.8362,9.049296,14.927491,6.4669976,-9.772983
batch_02450_patch.tiff,patch_57,13.586379,12.096625,13.792403,4.164814,-11.808528
batch_02450_patch.tiff,patch_58,9.963658,7.841291,12.680011,3.1787746,-9.051508
batch_02450_patch.tiff,patch_59,8.304608,6.4649587,6.3642793,3.6692753,-7.3555903
batch_02450_patch.tiff,patch_60,8.934869,6.3983383,13.64771,5.9131885,-7.741853
batch_02450_patch.tiff,patch_61,9.935119,4.628214,18.255535,3.7918422,-4.6701055
batch_02450_patch.tiff,patch_62,15.703563,10.014386,8.711363,11.485837,-12.530567
batch_02450_patch.tiff,patch_63,12.301233,8.539959,16.44647,5.3167157,-11.463955
batch_02450_patch.tiff,patch_64,11.0205765,4.9653,12.349691,2.5907118,-9.595925
batch_02450_patch.tiff,patch_65,11.231553,13.998124,14.752071,6.130184,-7.697149
batch_02450_patch.tiff,patch_66,10.765944,0.34645858,11.5328045,3.3289983,-7.274519
batch_02450_patch.tiff,patch_67,12.558979,5.041258,17.3267,2.4686422,-4.578508
batch_02450_patch.tiff,patch_68,17.4491,12.66223,23.23696,10.043325,-5.485529
batch_02450_patch.tiff,patch_69,16.208963,12.294286,21.959938,8.614195,-9.028332
batch_02450_patch.tiff,patch_70,8.102657,7.426116,11.742558,-0.8927155,-7.3656993
batch_02450_patch.tiff,patch_71,6.397836,6.18779,9.042408,-0.72411793,-5.6297297
batch_02450_patch.tiff,patch_72,10.430547,5.545051,4.3399515,5.1067376,-7.0552025
batch_02450_patch.tiff,patch_73,11.721434,7.090554,2.1769044,6.803583,-8.796092
batch_02450_patch.tiff,patch_74,13.697638,11.770057,13.068512,13.085347,-9.887855
batch_02450_patch.tiff,patch_75,16.044062,13.237755,20.01024,6.9241962,-9.351121
batch_02450_patch.tiff,patch_76,5.9489756,6.1614413,12.255935,4.3044887,-9.591477
batch_02450_patch.tiff,patch_77,9.757334,6.015746,14.964666,3.2675714,-8.111569
batch_02450_patch.tiff,patch_78,9.078093,3.6623263,15.365226,3.3666444,-7.015568
batch_02450_patch.tiff,patch_79,10.112552,4.404292,15.132235,-0.063278876,-7.176606
batch_02450_patch.tiff,patch_80,12.101669,8.7465315,4.71363,4.255433,-13.41389
batch_02450_patch.tiff,patch_81,14.256529,6.672168,3.2434306,6.5826554,-11.523162
batch_02450_patch.tiff,patch_82,7.6225195,9.831686,11.427435,1.1094422,-6.1683774
batch_02450_patch.tiff,patch_83,9.094972,7.335599,8.629445,3.7749765,-8.662337
batch_02450_patch.tiff,patch_84,12.601851,12.910439,0.79323155,3.3932722,-11.968621
batch_02450_patch.tiff,patch_85,13.75679,8.387311,3.8593183,0.9230289,-12.232544
batch_02450_patch.tiff,patch_86,7.3689523,6.070077,6.4898987,5.7068872,-3.9232762
batch_02450_patch.tiff,patch_87,11.808355,8.440606,7.735406,11.861608,-5.2284837
batch_02450_patch.tiff,patch_88,9.379767,4.191111,13.199164,4.0742664,-8.4936
batch_02450_patch.tiff,patch_89,10.6231365,6.914179,16.957228,1.9914238,-9.118121
batch_02450_patch.tiff,patch_90,12.151856,5.454085,16.712168,2.6072361,-5.4599557
batch_02450_patch.tiff,patch_91,19.943474,7.314211,12.760222,2.998397,-10.879356
batch_02450_patch.tiff,patch_92,12.077687,7.9492536,7.678641,2.2858942,-13.664981
batch_02450_patch.tiff,patch_93,11.192831,8.639798,8.842264,3.3900046,-5.748954
batch_02450_patch.tiff,patch_94,7.4888926,7.9056206,8.23897,5.4150887,-7.5166383
batch_02450_patch.tiff,patch_95,12.522143,12.097846,1.642296,3.4036808,-11.63833
batch_02450_patch.tiff,patch_96,11.082032,15.079654,0.8188576,1.7483228,-12.465735
batch_02450_patch.tiff,patch_97,6.0908437,6.767686,4.4486995,8.377691,-8.364233
batch_02450_patch.tiff,patch_98,11.022233,12.821516,4.742232,9.947182,-7.721795
batch_02450_patch.tiff,patch_99,9.025139,5.6407247,12.567774,2.4548674,-5.128283
batch_02450_patch.tiff,patch_100,9.037589,6.8703213,10.156511,5.1091294,-7.765768
batch_02450_patch.tiff,patch_101,9.233459,3.3249304,11.010058,2.2922368,-7.5955524
batch_02450_patch.tiff,patch_102,15.862283,5.6877522,5.102967,-0.5260322,-10.802275
batch_02450_patch.tiff,patch_103,9.046107,11.127426,11.774508,-1.853255,-16.643398
batch_02450_patch.tiff,patch_104,12.692799,10.470647,12.742699,-1.1897058,-14.952686
batch_02450_patch.tiff,patch_105,4.423206,2.8800764,5.780235,9.057156,-8.630641
batch_02450_patch.tiff,patch_106,4.423536,1.1723772,3.0893888,9.749339,-8.404711
batch_02450_patch.tiff,patch_107,8.085165,2.8022192,11.811095,2.368598,-4.352102
batch_02450_patch.tiff,patch_108,9.690498,0.2657536,14.479725,1.8989713,-5.783819
batch_02450_patch.tiff,patch_109,9.7958555,9.897627,4.318686,9.662192,-6.2183075
batch_02450_patch.tiff,patch_110,10.152489,11.146191,11.000694,7.133269,-7.985346
batch_02450_patch.tiff,patch_111,11.467758,2.4658377,12.495042,3.8428557,-5.4867325
batch_02450_patch.tiff,patch_112,9.277287,2.1587434,9.511326,3.2782025,-5.4428825
batch_02450_patch.tiff,patch_113,13.629489,5.5484242,16.239878,2.2505243,-9.262448
batch_02450_patch.tiff,patch_114,10.728425,12.603585,3.4018018,0.4477948,-15.080453
batch_02450_patch.tiff,patch_115,15.235959,7.70309,7.0300326,-1.4315327,-13.885041
batch_02450_patch.tiff,patch_116,17.162058,9.74231,1.8077681,2.1830277,-12.955524
batch_02450_patch.tiff,patch_117,3.8817325,2.9607227,5.92657,9.495785,-8.149628
batch_02450_patch.tiff,patch_118,4.5125794,1.7835598,5.2367086,10.664041,-4.8414235
batch_02450_patch.tiff,patch_119,6.73564,5.1786485,7.9860544,4.246841,-8.01678
batch_02450_patch.tiff,patch_120,6.942656,4.289058,6.5730314,6.848003,-4.9625797
batch_02450_patch.tiff,patch_121,10.85818,6.5667996,6.6541247,9.703375,-5.2761655
batch_02450_patch.tiff,patch_122,16.147682,7.2905126,18.434181,6.9059234,-5.46651
batch_02450_patch.tiff,patch_123,8.289747,11.274903,4.196101,4.5329432,-16.209011
batch_02450_patch.tiff,patch_124,13.67706,8.922631,7.0930076,2.5069385,-13.721083
batch_02450_patch.tiff,patch_125,3.5247662,8.728006,8.177576,6.276099,-8.343506
batch_02450_patch.tiff,patch_126,8.084052,5.067614,15.122109,2.8773308,-6.952124
batch_02450_patch.tiff,patch_127,6.887433,8.83426,8.226813,1.4649618,-9.39034
batch_02450_patch.tiff,patch_128,7.0644403,10.416063,5.2469544,0.013359399,-10.305575
batch_02450_patch.tiff,patch_129,12.109014,6.875668,9.043652,12.840775,-11.485675
batch_02450_patch.tiff,patch_130,12.444766,5.6388984,12.7651005,9.819332,-8.456409
batch_02450_patch.tiff,patch_131,10.260507,9.530578,0.61973846,3.6662483,-11.39667
batch_02450_patch.tiff,patch_132,10.043579,8.347337,1.1633135,7.700779,-10.536116
batch_02450_patch.tiff,patch_133,12.122978,2.016336,9.329461,6.911079,-9.563826
batch_02450_patch.tiff,patch_134,13.742125,7.9560037,11.693994,8.927805,-4.0585017
batch_02450_patch.tiff,patch_135,13.902765,10.757981,6.8667803,4.211029,-14.184293
batch_02450_patch.tiff,patch_136,12.239291,10.738953,7.2680244,1.637719,-13.75156
batch_02450_patch.tiff,patch_137,10.521515,5.751073,13.6004095,0.005691961,-8.612953
batch_02450_patch.tiff,patch_138,6.713625,5.7345147,14.443636,1.5321368,-7.280061
batch_02450_patch.tiff,patch_139,5.7611938,9.361333,5.5677333,1.2012285,-9.570464
batch_02450_patch.tiff,patch_140,9.042936,9.265771,5.9280877,3.141481,-8.561063
batch_02450_patch.tiff,patch_141,14.106695,6.885053,17.938683,2.6201398,-7.3354816
batch_02450_patch.tiff,patch_142,15.444782,9.31158,18.94931,8.139651,-5.3100686
batch_02450_patch.tiff,patch_143,13.376134,11.4936075,2.161815,3.4862814,-10.268575
batch_02450_patch.tiff,patch_144,10.873131,11.204753,2.0762434,3.9014227,-7.92397
batch_02450_patch.tiff,patch_145,13.740374,9.266151,16.008673,8.387033,-1.6675633
batch_02450_patch.tiff,patch_146,12.586662,9.100696,22.245497,6.8784456,-2.7951822
batch_02450_patch.tiff,patch_147,7.331841,7.7294393,15.040299,1.8540744,-5.654552
batch_02450_patch.tiff,patch_148,10.043279,6.081863,13.666603,5.079251,-8.929651
batch_02450_patch.tiff,patch_149,15.149051,7.2142444,15.870708,5.255206,-11.318736
batch_02450_patch.tiff,patch_150,14.802292,17.94774,11.2978945,6.716393,-10.040814
batch_02450_patch.tiff,patch_151,8.049531,7.2606373,5.300123,-0.122380935,-10.083556
batch_02450_patch.tiff,patch_152,8.620176,14.41637,8.175496,1.8138872,-9.418429
batch_02450_patch.tiff,patch_153,2.9596264,-0.83052427,4.021178,9.404536,-7.97504
batch_02450_patch.tiff,patch_154,6.051965,1.6431965,4.8738146,10.349763,-6.907541
batch_02450_patch.tiff,patch_155,15.575777,16.557243,24.779392,9.217798,-8.05619
batch_02450_patch.tiff,patch_156,14.568747,14.202539,25.657793,3.21027,-7.426653
batch_02450_patch.tiff,patch_157,15.131811,4.7584453,17.882877,5.1882052,-6.731599
batch_02450_patch.tiff,patch_158,9.225942,5.941555,18.095888,3.4012208,-10.142651
batch_02450_patch.tiff,patch_159,10.142719,6.961698,17.838018,0.2719977,-6.658957
batch_02450_patch.tiff,patch_160,11.931947,7.515326,11.415747,4.2633104,-7.179782
batch_02450_patch.tiff,patch_161,12.941351,12.4074,12.567677,3.2809262,-9.2492
batch_02450_patch.tiff,patch_162,7.6109986,8.558336,9.048217,-0.16425073,-7.449953
batch_02450_patch.tiff,patch_163,4.650083,13.821658,3.0851338,0.44659704,-9.71178
batch_02450_patch.tiff,patch_164,3.0918615,2.5092459,4.2841606,11.158482,-6.6841373
batch_02450_patch.tiff,patch_165,5.332757,0.41239485,7.648778,10.271892,-7.0635276
batch_02450_patch.tiff,patch_166,12.491237,14.830803,23.628658,8.397729,-9.1263895
batch_02450_patch.tiff,patch_167,15.152438,13.559139,21.007301,6.6431932,-9.028593
batch_02450_patch.tiff,patch_168,15.210528,6.621183,19.264484,6.237334,-5.5613065
batch_02450_patch.tiff,patch_169,11.094064,5.033794,15.50008,8.041862,-4.108417
batch_02450_patch.tiff,patch_170,15.177567,8.580957,18.94094,8.878241,-4.387934
batch_02450_patch.tiff,patch_171,16.766584,5.1408505,2.1665752,-0.644982,-13.560131
batch_02450_patch.tiff,patch_172,11.783257,10.534957,10.821882,4.7141495,-8.861832
batch_02450_patch.tiff,patch_173,8.334542,11.264735,3.7744005,5.6421943,-12.765836
batch_02450_patch.tiff,patch_174,2.7486284,0.50833297,3.193457,9.806312,-6.437565
batch_02450_patch.tiff,patch_175,2.7394083,0.633477,2.913835,7.3706064,-7.563627
batch_02450_patch.tiff,patch_176,17.578154,15.5035925,5.1523848,10.630731,-11.78236
batch_02450_patch.tiff,patch_177,14.247994,12.878621,12.7134285,5.485927,-10.473967
batch_02450_patch.tiff,patch_178,14.512427,10.285078,20.668463,7.662721,-4.553263
batch_02500_patch.tiff,patch_0,13.682258,5.962611,15.969375,4.573066,-6.038738
batch_02500_patch.tiff,patch_1,14.791241,3.9518907,8.531964,1.8103659,-10.46217
batch_02500_patch.tiff,patch_2,13.114863,9.319129,8.596404,7.3762016,-8.724691
batch_02500_patch.tiff,patch_3,12.046784,13.10396,9.205133,3.4311495,-8.537293
batch_02500_patch.tiff,patch_4,11.182232,7.290933,0.37051535,2.3761404,-11.432487
batch_02500_patch.tiff,patch_5,6.694136,7.462334,8.185897,10.610294,-7.1166863
batch_02500_patch.tiff,patch_6,9.168905,12.248623,14.332547,8.483458,-8.506167
batch_02500_patch.tiff,patch_7,1.4383469,14.904142,5.3109026,4.461945,-6.608881
batch_02500_patch.tiff,patch_8,15.514956,9.635564,18.582882,6.9324756,-6.873693
batch_02500_patch.tiff,patch_9,15.1795,5.0090766,15.709553,4.7770658,-5.639729
batch_02500_patch.tiff,patch_10,8.600288,9.708987,5.9935637,5.4858303,-10.2784605
batch_02500_patch.tiff,patch_11,9.534814,8.115611,-0.12318731,5.0501184,-13.622145
batch_02500_patch.tiff,patch_12,8.879719,5.065451,4.044094,3.8160143,-5.566648
batch_02500_patch.tiff,patch_13,6.816209,7.2303705,0.10464331,4.597806,-10.087267
batch_02500_patch.tiff,patch_14,5.326177,10.020996,10.8733835,6.3940725,-8.274887
batch_02500_patch.tiff,patch_15,4.929242,11.631141,11.975682,10.918516,-10.660368
batch_02500_patch.tiff,patch_16,6.433771,11.640674,8.867047,6.9655905,-2.3119318
batch_02500_patch.tiff,patch_17,17.60775,6.623996,16.243998,13.2599325,-8.763816
batch_02500_patch.tiff,patch_18,17.988937,3.923554,16.967068,7.019982,-7.8634586
batch_02500_patch.tiff,patch_19,12.892796,12.570768,10.47535,8.177657,-7.187431
batch_02500_patch.tiff,patch_20,11.671546,11.351562,9.636531,5.085116,-6.160406
batch_02500_patch.tiff,patch_21,12.921685,5.587095,4.2090845,5.182654,-11.879367
batch_02500_patch.tiff,patch_22,11.589474,8.006864,2.5884929,1.3075637,-10.857416
batch_02500_patch.tiff,patch_23,2.860061,9.656249,5.3194633,10.668088,-6.4713883
batch_02500_patch.tiff,patch_24,6.4001746,8.961128,8.249467,6.75017,-8.2603655
batch_02500_patch.tiff,patch_25,13.534732,6.956537,2.9654863,6.7092805,-7.703588
batch_02500_patch.tiff,patch_26,15.842101,8.384688,18.584026,10.452708,-4.699955
batch_02500_patch.tiff,patch_27,15.226683,8.899635,16.883263,6.2053432,-7.884072
batch_02500_patch.tiff,patch_28,11.085277,5.265938,3.925011,4.667935,-13.685849
batch_02500_patch.tiff,patch_29,13.842573,8.224477,5.664536,4.202887,-9.564827
batch_02500_patch.tiff,patch_30,10.933545,7.751722,0.9366659,3.380607,-10.827766
batch_02500_patch.tiff,patch_31,8.812285,7.9794908,1.8304864,1.2543275,-11.240172
batch_02500_patch.tiff,patch_32,5.098045,11.7294855,5.578573,7.4037857,-4.72203
batch_02500_patch.tiff,patch_33,3.3621776,7.7728667,8.372555,7.1695924,-8.856737
batch_02500_patch.tiff,patch_34,7.897995,6.3935556,12.9831295,6.977959,-6.5477924
batch_02500_patch.tiff,patch_35,12.317963,11.157024,14.686824,8.544559,-6.7299933
batch_02500_patch.tiff,patch_36,12.465535,6.8886285,13.57296,2.0699768,-10.084999
batch_02500_patch.tiff,patch_37,10.137439,4.9462023,5.124409,5.868343,-12.594571
batch_02500_patch.tiff,patch_38,13.167641,7.473229,3.8437426,6.4511266,-9.666032
batch_02500_patch.tiff,patch_39,15.872162,6.8841615,10.936171,10.476908,-8.034013
batch_02500_patch.tiff,patch_40,13.43044,8.943365,19.639883,9.86656,-9.333243
batch_02500_patch.tiff,patch_41,4.7074227,8.724329,8.192537,6.084383,-5.452262
batch_02500_patch.tiff,patch_42,5.8093596,12.086858,11.5271015,4.551555,-8.164185
batch_02500_patch.tiff,patch_43,9.014419,11.250902,15.887064,5.496731,-5.3526483
batch_02500_patch.tiff,patch_44,15.912334,6.9717693,19.909925,4.2918034,-10.189417
batch_02500_patch.tiff,patch_45,8.643005,8.664946,4.482241,6.3309774,-12.901831
batch_02500_patch.tiff,patch_46,8.529442,5.1565714,5.9708023,3.3149388,-12.153375
batch_02500_patch.tiff,patch_47,15.486496,9.322806,20.355764,6.723558,-6.295447
batch_02500_patch.tiff,patch_48,14.495101,12.345371,16.223555,10.644047,-7.7345343
batch_02500_patch.tiff,patch_49,7.1999636,8.252065,11.243053,7.027235,-7.0696397
batch_02500_patch.tiff,patch_50,7.7119584,10.353294,10.770044,5.2348537,-2.894208
batch_02500_patch.tiff,patch_51,8.415328,8.781145,19.406414,4.748434,-1.8784508
batch_02500_patch.tiff,patch_52,11.253215,5.950575,13.521601,4.186907,-7.822922
batch_02500_patch.tiff,patch_53,12.096954,8.9604645,15.548522,4.0985956,-10.506332
batch_02500_patch.tiff,patch_54,4.354606,7.698988,7.817845,7.387634,-8.0830965
batch_02500_patch.tiff,patch_55,5.662066,13.688636,10.297998,8.931045,-8.054028
batch_02500_patch.tiff,patch_56,4.3081913,10.971761,14.755279,7.751947,-4.430659
batch_02500_patch.tiff,patch_57,4.760551,9.186564,12.185983,0.77627003,-6.8688664
batch_02500_patch.tiff,patch_58,14.733038,7.8850474,20.570654,5.2660503,-7.6097803
batch_02500_patch.tiff,patch_59,12.986576,6.069034,2.338131,1.9566877,-7.985376
batch_02500_patch.tiff,patch_60,9.619435,4.6463737,10.210232,5.8034987,-5.035995
batch_02500_patch.tiff,patch_61,13.560991,5.548379,2.3093789,4.447401,-11.435487
batch_02500_patch.tiff,patch_62,6.1740413,11.576443,13.190227,7.5078716,-7.683774
batch_02500_patch.tiff,patch_63,5.2375197,8.572771,10.18624,6.0999093,-7.4224963
batch_02500_patch.tiff,patch_64,4.6271377,9.761559,9.548666,4.8701386,-6.9465313
batch_02500_patch.tiff,patch_65,5.965202,9.471977,10.575019,5.312001,-3.3843756
batch_02500_patch.tiff,patch_66,13.215148,8.150374,2.9508197,3.065458,-11.690589
batch_02500_patch.tiff,patch_67,12.508948,6.8841205,6.4740243,1.9851907,-11.910196
batch_02500_patch.tiff,patch_68,9.578953,4.733975,4.413168,-1.2704022,-9.292374
batch_02500_patch.tiff,patch_69,9.455386,5.916844,12.144953,5.3370304,-6.8949914
batch_02500_patch.tiff,patch_70,9.7099495,8.715756,14.035125,4.8600626,-5.6678543
batch_02500_patch.tiff,patch_71,2.764432,8.715234,8.698773,4.472885,-6.4627705
batch_02500_patch.tiff,patch_72,5.559804,7.182816,11.744094,6.4086986,-0.4101311
batch_02500_patch.tiff,patch_73,9.535852,4.6081767,9.814907,5.618686,-5.2109838
