source_image,spot_id,epithelial,dead cells,fibroblasts,leukocytes,cancer cells
batch_00000_patch.tiff,patch_0,18.140697,10.153384,13.7989435,25.246185,-3.2997522
batch_00000_patch.tiff,patch_1,14.834793,9.998136,15.487809,18.929873,-7.071643
batch_00000_patch.tiff,patch_2,8.174993,9.998927,8.141675,16.222868,-4.274749
batch_00000_patch.tiff,patch_3,8.157354,10.355969,7.0746436,14.612267,-3.1360464
batch_00000_patch.tiff,patch_4,1.5427847,11.133228,-6.1883726,17.681461,0.5476809
batch_00000_patch.tiff,patch_5,9.173253,10.901625,-2.1490192,20.805147,1.6055862
batch_00000_patch.tiff,patch_6,1.9850556,14.203786,-1.544122,20.077023,-0.85421973
batch_00000_patch.tiff,patch_7,4.9224133,19.264795,4.9411845,21.12524,-6.0779333
batch_00000_patch.tiff,patch_8,6.5697823,8.329088,7.9427,17.837748,0.20458202
batch_00000_patch.tiff,patch_9,0.92183715,9.326184,-2.171129,14.950768,-5.6727324
batch_00000_patch.tiff,patch_10,5.796604,7.91236,3.561178,18.50698,-3.341758
batch_00000_patch.tiff,patch_11,2.4181232,5.7458124,0.7040068,15.655809,-3.4825833
batch_00000_patch.tiff,patch_12,13.436873,13.379458,9.984623,26.92741,-6.0293922
batch_00000_patch.tiff,patch_13,20.111319,8.259635,17.143839,20.865839,-6.666326
batch_00000_patch.tiff,patch_14,6.5529137,9.040113,10.966009,17.51246,-6.7550836
batch_00000_patch.tiff,patch_15,10.145802,13.32323,-3.1677456,21.654009,2.1068964
batch_00000_patch.tiff,patch_16,8.459545,10.011151,-2.2916212,21.920881,1.6331251
batch_00000_patch.tiff,patch_17,5.513626,10.506688,-3.3953443,16.454554,-2.0377777
batch_00000_patch.tiff,patch_18,8.734387,13.77121,-0.9227345,24.388037,-6.761369
batch_00000_patch.tiff,patch_19,6.534029,14.711815,5.5232825,21.044992,-2.950076
batch_00000_patch.tiff,patch_20,10.065239,14.566009,3.0103595,21.461935,-0.85979044
batch_00000_patch.tiff,patch_21,8.294076,10.516903,1.9193722,20.580393,0.3156255
batch_00000_patch.tiff,patch_22,3.7873378,8.152431,-1.1199642,16.836891,-3.8730557
batch_00000_patch.tiff,patch_23,14.628155,9.640332,11.415412,21.359447,-9.878703
batch_00000_patch.tiff,patch_24,21.556103,12.610876,12.521466,20.428022,-9.365047
batch_00000_patch.tiff,patch_25,7.0886984,11.108531,7.5528593,17.187872,-3.1506264
batch_00000_patch.tiff,patch_26,10.183218,8.098412,8.484576,18.523335,-2.5097024
batch_00000_patch.tiff,patch_27,5.9191937,9.26429,0.15091504,20.608276,0.9568189
batch_00000_patch.tiff,patch_28,6.6695404,11.318461,-2.1918104,20.244751,-0.15110964
batch_00000_patch.tiff,patch_29,15.297344,14.0067835,17.357458,24.33692,-9.421887
batch_00000_patch.tiff,patch_30,10.347626,8.42113,11.8171015,22.023615,-5.9585314
batch_00000_patch.tiff,patch_31,5.8975368,18.991531,-1.2816038,24.93202,-1.1386361
batch_00000_patch.tiff,patch_32,6.5848217,13.821072,3.5389261,19.958202,-3.70533
batch_00000_patch.tiff,patch_33,5.1789227,9.523439,0.12672065,15.830064,-2.4438038
batch_00000_patch.tiff,patch_34,5.592532,9.013906,-1.8863653,20.35963,0.21083881
batch_00000_patch.tiff,patch_35,14.69896,7.0575085,14.674127,22.196178,-1.9659731
batch_00000_patch.tiff,patch_36,14.261679,10.427331,5.367714,20.258423,-7.776417
batch_00000_patch.tiff,patch_37,4.9485464,8.29151,9.339191,16.406221,-3.2441142
batch_00000_patch.tiff,patch_38,6.384318,13.754142,6.9704027,20.43792,-0.7432011
batch_00000_patch.tiff,patch_39,4.8701906,12.322731,0.21697147,20.636997,0.13762015
batch_00000_patch.tiff,patch_40,6.011322,10.674641,-1.1036266,19.262447,1.2988969
batch_00000_patch.tiff,patch_41,8.838632,9.853067,10.9628935,19.67409,-8.488466
batch_00000_patch.tiff,patch_42,15.0538435,8.375685,14.7043,24.41111,-5.44968
batch_00000_patch.tiff,patch_43,5.613255,8.158859,2.025818,19.223852,-3.0878425
batch_00000_patch.tiff,patch_44,5.3302455,8.784839,-0.16168267,19.840185,-0.7542589
batch_00000_patch.tiff,patch_45,5.878774,9.516858,0.26234353,20.923956,-0.36721805
batch_00000_patch.tiff,patch_46,15.539696,8.260042,10.273261,23.229666,-4.196194
batch_00000_patch.tiff,patch_47,9.62484,10.119173,9.783855,24.079931,-6.496624
batch_00000_patch.tiff,patch_48,2.5753918,12.120349,5.925024,19.057434,-6.7010064
batch_00000_patch.tiff,patch_49,1.9061496,10.694316,4.5489874,15.917263,-4.363024
batch_00000_patch.tiff,patch_50,6.6498094,9.755731,-2.5259774,20.024643,4.197226
batch_00000_patch.tiff,patch_51,4.8980417,14.137179,-0.26197493,21.49941,0.77526313
batch_00000_patch.tiff,patch_52,12.851065,20.841808,8.9166,24.120935,-1.5142998
batch_00000_patch.tiff,patch_53,4.9119277,5.6344023,4.837253,17.353724,-3.569217
batch_00000_patch.tiff,patch_54,1.9198407,7.267571,0.5727141,14.844308,-3.8543558
batch_00000_patch.tiff,patch_55,5.162929,7.511267,-1.1192352,18.096422,-3.3527815
batch_00000_patch.tiff,patch_56,17.24347,10.112608,13.175931,26.017763,-4.131089
batch_00000_patch.tiff,patch_57,16.95407,7.56263,15.223255,22.916513,-6.672851
batch_00000_patch.tiff,patch_58,6.503248,10.029551,5.769581,17.223722,-0.48923397
batch_00000_patch.tiff,patch_59,4.3289623,7.8150864,9.531142,16.843004,-4.8914943
batch_00000_patch.tiff,patch_60,10.111181,8.387824,-1.5422227,19.441296,5.345257
batch_00000_patch.tiff,patch_61,8.776463,11.858115,-3.7133408,21.513117,4.0080485
batch_00000_patch.tiff,patch_62,5.1092787,9.74453,10.897323,18.106045,-4.9699917
batch_00000_patch.tiff,patch_63,6.728338,7.769702,8.3022175,17.0095,-2.374181
batch_00000_patch.tiff,patch_64,6.019804,4.5872736,2.6935768,15.169511,-0.5498472
batch_00000_patch.tiff,patch_65,5.984223,7.663218,4.047817,17.561895,-0.8585162
batch_00000_patch.tiff,patch_66,19.034847,10.767401,9.072023,23.61208,-5.0557
batch_00000_patch.tiff,patch_67,10.290603,11.882935,9.270484,26.298471,-8.618735
batch_00000_patch.tiff,patch_68,6.365414,10.873995,2.0516639,19.531025,-4.9751534
batch_00000_patch.tiff,patch_69,6.6181498,9.53404,2.1848547,23.39815,-5.6980424
batch_00000_patch.tiff,patch_70,4.908649,11.429874,0.6396241,19.132,0.33863303
batch_00000_patch.tiff,patch_71,7.6558075,12.666859,-2.48089,20.155344,4.6345425
batch_00000_patch.tiff,patch_72,7.4094567,10.793969,13.146161,16.880754,-4.2149706
batch_00000_patch.tiff,patch_73,9.745351,12.320691,-3.6525116,23.27782,5.2233086
batch_00000_patch.tiff,patch_74,6.690677,10.323566,2.27639,20.028563,-2.3316417
batch_00000_patch.tiff,patch_75,8.556629,7.7739387,2.7474546,19.757061,-2.4108222
batch_00000_patch.tiff,patch_76,12.275548,15.306167,5.1928096,26.500395,-8.210119
batch_00000_patch.tiff,patch_77,15.892288,9.537712,13.218389,23.662186,-6.7863135
batch_00000_patch.tiff,patch_78,5.7791767,12.281888,-0.5935439,19.714243,0.37622243
batch_00000_patch.tiff,patch_79,7.749643,14.81532,1.7439319,23.024782,1.4821846
batch_00000_patch.tiff,patch_80,7.5706763,12.162595,7.8463163,23.127558,-2.6803744
batch_00000_patch.tiff,patch_81,7.2786217,5.1562724,5.9081454,14.378919,-2.6739628
batch_00000_patch.tiff,patch_82,6.122789,8.521773,10.035248,18.017519,-5.4856834
batch_00000_patch.tiff,patch_83,7.3160586,8.393773,3.3960507,19.372581,-1.3006153
batch_00000_patch.tiff,patch_84,6.2766485,10.961183,-0.37954637,18.43204,-3.3396468
batch_00000_patch.tiff,patch_85,7.295161,9.475689,1.3585513,19.475595,-1.553464
batch_00000_patch.tiff,patch_86,12.324501,3.3986752,5.660521,16.035883,-3.755936
batch_00000_patch.tiff,patch_87,5.174617,9.625407,5.168486,16.941116,-6.7423058
batch_00000_patch.tiff,patch_88,4.8266206,11.110228,-3.4663727,18.95432,0.49592146
batch_00000_patch.tiff,patch_89,9.066492,10.35613,-2.154435,18.917324,6.3753533
batch_00000_patch.tiff,patch_90,3.442027,10.724055,-2.8532777,19.968311,1.3454006
batch_00000_patch.tiff,patch_91,7.120097,7.375621,9.857435,17.424114,-1.9419364
batch_00000_patch.tiff,patch_92,6.9876294,7.7930818,6.28126,19.576897,-4.381814
batch_00000_patch.tiff,patch_93,6.966766,6.8316174,8.063186,15.108271,-3.602892
batch_00000_patch.tiff,patch_94,17.065771,10.469454,15.706366,25.42023,-2.8115127
batch_00000_patch.tiff,patch_95,12.832007,7.949255,6.7781982,22.432941,-0.16588835
batch_00000_patch.tiff,patch_96,2.80869,6.8595643,2.4956038,15.421289,-4.379771
batch_00000_patch.tiff,patch_97,4.6922965,9.251499,0.575367,16.03954,-5.09875
batch_00000_patch.tiff,patch_98,11.596696,7.654213,6.7094145,17.37588,-3.3511577
batch_00000_patch.tiff,patch_99,6.605841,9.060371,10.284258,16.77062,-4.3991156
batch_00000_patch.tiff,patch_100,4.874064,8.759757,-4.5597014,18.93546,1.3489699
batch_00000_patch.tiff,patch_101,3.0713818,10.661877,-3.2029102,17.917118,0.54821134
batch_00000_patch.tiff,patch_102,7.439914,11.583027,3.696928,19.594915,3.5728846
batch_00000_patch.tiff,patch_103,6.408937,6.059614,11.885182,15.831611,-7.2193704
batch_00000_patch.tiff,patch_104,6.1361647,7.2430673,5.560886,17.67475,-2.1014678
batch_00000_patch.tiff,patch_105,8.838108,3.270861,7.5336337,16.931398,-4.7422194
batch_00000_patch.tiff,patch_106,14.843707,9.4012165,10.7550955,20.235779,-2.1637223
batch_00000_patch.tiff,patch_107,14.549153,8.613657,7.0120153,23.134823,-4.75376
batch_00000_patch.tiff,patch_108,4.7431,11.449061,-3.299819,17.203766,-2.0021
batch_00000_patch.tiff,patch_109,2.6639729,6.1005106,1.0943484,17.326067,-4.463977
batch_00000_patch.tiff,patch_110,9.014576,13.798599,13.137512,22.747095,-6.7299633
batch_00000_patch.tiff,patch_111,11.310704,12.985451,10.661251,19.584242,-3.1268156
batch_00000_patch.tiff,patch_112,4.816286,11.725152,-1.886373,19.729862,0.013750517
batch_00000_patch.tiff,patch_113,7.9613066,11.935472,-0.9686451,25.138588,-2.458417
batch_00000_patch.tiff,patch_114,8.666506,6.611877,0.2675974,17.044823,2.5623717
batch_00000_patch.tiff,patch_115,5.6675663,9.63953,-3.2808566,21.039017,2.891932
batch_00000_patch.tiff,patch_116,5.5077443,13.525764,3.780136,21.998505,-0.4007393
batch_00000_patch.tiff,patch_117,3.6415472,11.871576,6.248126,21.633518,3.4035003
batch_00000_patch.tiff,patch_118,10.502414,20.092411,3.9628036,25.786152,1.7269055
batch_00000_patch.tiff,patch_119,6.08721,8.204127,1.1752447,18.06822,1.6781325
batch_00000_patch.tiff,patch_120,5.5582523,6.954522,0.6929344,16.978867,-2.409026
batch_00000_patch.tiff,patch_121,7.372318,9.245512,15.885375,13.994158,-7.104895
batch_00000_patch.tiff,patch_122,9.88488,9.086239,10.421515,19.163376,-1.9910444
batch_00000_patch.tiff,patch_123,8.603372,12.48874,-3.7943757,22.633482,5.094813
batch_00000_patch.tiff,patch_124,6.7279067,11.534573,-1.2426542,21.27638,-1.5134455
batch_00000_patch.tiff,patch_125,5.925709,13.609372,-1.3053896,21.038546,1.7908884
batch_00000_patch.tiff,patch_126,5.2600937,10.256215,-1.1531028,19.972261,2.449253
batch_00000_patch.tiff,patch_127,5.429322,16.092817,6.9932947,23.941721,-0.6825169
batch_00000_patch.tiff,patch_128,13.361752,20.193302,7.264586,23.963518,0.22114971
batch_00000_patch.tiff,patch_129,4.966962,8.367141,1.3791488,19.351885,-0.09520852
batch_00000_patch.tiff,patch_130,6.831668,8.567589,0.05118362,18.670218,3.6386902
batch_00000_patch.tiff,patch_131,8.535438,15.597903,15.506117,16.853249,-4.4252605
batch_00000_patch.tiff,patch_132,12.019898,10.452873,7.1534,24.5223,-8.89201
batch_00000_patch.tiff,patch_133,17.719313,9.794981,14.3427725,24.787497,-4.137521
batch_00000_patch.tiff,patch_134,5.724159,7.189639,11.754831,14.345221,-5.791784
batch_00000_patch.tiff,patch_135,6.3826604,6.660238,8.985142,19.120302,-1.5313066
batch_00000_patch.tiff,patch_136,9.708521,9.391311,0.30793393,19.923141,-0.3747204
batch_00000_patch.tiff,patch_137,10.080148,9.053112,3.6064374,21.108711,-0.6697042
batch_00000_patch.tiff,patch_138,3.7407484,7.792649,-1.3982569,15.719155,-2.48397
batch_00000_patch.tiff,patch_139,7.8862944,5.2148485,1.4476193,18.495844,-1.8130538
batch_00000_patch.tiff,patch_140,5.970764,9.430245,10.680423,17.06968,-7.329836
batch_00000_patch.tiff,patch_141,8.680523,15.249135,12.930665,19.904293,-7.4105988
batch_00000_patch.tiff,patch_142,16.123825,8.289775,12.699532,20.891935,-7.918332
batch_00000_patch.tiff,patch_143,17.637249,10.496745,17.318768,23.942434,-5.4555645
batch_00000_patch.tiff,patch_144,5.7560325,9.668084,14.329045,18.99821,-3.6462052
batch_00000_patch.tiff,patch_145,5.937923,6.2300477,8.826833,16.312698,-4.8969984
batch_00000_patch.tiff,patch_146,6.1909046,13.407275,1.3168435,23.565195,2.716436
batch_00000_patch.tiff,patch_147,1.5548065,9.075092,-3.5686193,15.353526,-4.4700937
batch_00000_patch.tiff,patch_148,8.646054,10.200921,4.178675,19.087168,-6.1419053
batch_00000_patch.tiff,patch_149,10.287345,6.6604505,3.769008,16.672632,-1.8607972
batch_00000_patch.tiff,patch_150,15.891103,8.444059,15.124897,19.551497,-5.3043365
batch_00000_patch.tiff,patch_151,9.529911,13.350172,11.579996,18.561785,-5.0842757
batch_00000_patch.tiff,patch_152,6.0813684,10.41969,5.936838,17.77755,-4.408988
batch_00000_patch.tiff,patch_153,5.818137,10.288638,-0.6884232,21.270735,0.51134443
batch_00000_patch.tiff,patch_154,6.576664,9.177621,-2.0239534,20.082857,0.8224536
batch_00000_patch.tiff,patch_155,4.4961987,4.37123,1.6538496,14.094794,-3.38202
batch_00000_patch.tiff,patch_156,10.76768,6.745465,0.95290995,19.423512,1.0303614
batch_00000_patch.tiff,patch_157,7.330259,12.547441,5.0144377,17.306507,-4.8191934
batch_00000_patch.tiff,patch_158,9.723748,9.00303,0.18087152,15.210728,-3.6131318
batch_00000_patch.tiff,patch_159,21.569326,10.867202,11.007841,24.424803,-3.8570466
batch_00000_patch.tiff,patch_160,18.820917,9.296273,11.544097,26.669973,-3.008981
batch_00050_patch.tiff,patch_0,5.019956,8.887742,-2.4022577,16.950811,-2.7017815
batch_00050_patch.tiff,patch_1,6.747668,7.702155,1.7097955,17.592596,-1.4016951
batch_00050_patch.tiff,patch_2,15.540623,14.541921,6.0158763,27.897028,-5.5899553
batch_00050_patch.tiff,patch_3,11.415013,14.029265,10.435196,28.04445,-5.5090322
batch_00050_patch.tiff,patch_4,4.8682547,5.892902,-0.48376387,16.324677,-0.6403424
batch_00050_patch.tiff,patch_5,6.6503863,9.973697,-2.8047848,19.061468,-1.9500661
batch_00050_patch.tiff,patch_6,8.447668,14.2810545,-1.281283,16.742283,-0.273724
batch_00050_patch.tiff,patch_7,8.11802,17.913279,3.5954602,20.10755,-3.4437344
batch_00050_patch.tiff,patch_8,8.797496,12.069663,-0.92637753,18.20313,-2.855564
batch_00050_patch.tiff,patch_9,8.221436,10.218199,-0.9210759,16.732447,-1.610061
batch_00050_patch.tiff,patch_10,7.214301,11.165531,4.803139,21.57322,-2.8831425
batch_00050_patch.tiff,patch_11,11.752922,12.79899,8.390056,20.143164,-2.5306056
batch_00050_patch.tiff,patch_12,9.122111,8.457519,7.1652474,19.11961,-2.850104
batch_00050_patch.tiff,patch_13,5.672926,9.135581,-4.22801,14.959171,-2.765559
batch_00050_patch.tiff,patch_14,4.3253975,10.20632,-1.4074283,17.739975,-2.7213614
batch_00050_patch.tiff,patch_15,13.331742,10.885914,14.063229,27.728312,-5.4882812
batch_00050_patch.tiff,patch_16,12.548325,12.209233,11.95169,27.90045,-6.9668837
batch_00050_patch.tiff,patch_17,4.7263265,6.047011,-4.1442723,16.441143,-3.2735457
batch_00050_patch.tiff,patch_18,4.5035577,9.861417,-0.80673623,16.382395,-2.4987464
batch_00050_patch.tiff,patch_19,9.453717,18.179155,6.4696407,19.561209,-5.0827675
batch_00050_patch.tiff,patch_20,7.363821,16.80686,-0.3893843,16.802443,-3.5779972
batch_00050_patch.tiff,patch_21,7.0969844,14.830247,1.0210959,17.858345,-1.7803915
batch_00050_patch.tiff,patch_22,6.540343,13.057428,2.3623784,18.950388,-5.8260217
batch_00050_patch.tiff,patch_23,12.692003,12.069571,7.457155,20.854397,-6.544497
batch_00050_patch.tiff,patch_24,7.869927,11.752601,2.1825566,21.971472,-3.022159
batch_00050_patch.tiff,patch_25,11.0873785,8.152544,7.241312,16.930813,-6.991986
batch_00050_patch.tiff,patch_26,5.370943,11.241044,-1.936262,17.547293,-2.2583196
batch_00050_patch.tiff,patch_27,3.4678252,8.650558,-2.8857305,17.966286,-2.085458
batch_00050_patch.tiff,patch_28,6.8754025,6.4206038,3.416925,15.855796,-6.8150344
batch_00050_patch.tiff,patch_29,3.7382925,7.1358104,-1.7997195,15.487399,-0.7802108
batch_00050_patch.tiff,patch_30,3.2040677,7.5281744,0.6004603,16.464693,-6.7228365
batch_00050_patch.tiff,patch_31,7.715217,9.044919,-0.96205336,17.721252,-1.798961
batch_00050_patch.tiff,patch_32,9.171749,11.596976,2.981112,17.058224,-4.5307302
batch_00050_patch.tiff,patch_33,7.9051123,15.500065,3.9756427,18.36167,-2.69957
batch_00050_patch.tiff,patch_34,9.039894,12.340328,2.2769694,16.431206,-5.057267
batch_00050_patch.tiff,patch_35,8.183043,10.381053,0.715499,17.957033,-3.0518382
batch_00050_patch.tiff,patch_36,10.42123,12.278222,3.7215376,23.918987,-2.1166542
batch_00050_patch.tiff,patch_37,13.80216,11.019237,6.5179615,23.49365,-0.9923311
batch_00050_patch.tiff,patch_38,12.432685,11.045257,8.647944,23.028147,0.05147272
batch_00050_patch.tiff,patch_39,1.582307,11.3229265,-6.360212,15.501486,-3.7141774
batch_00050_patch.tiff,patch_40,4.818994,9.646545,-3.1258771,19.586111,-1.3535928
batch_00050_patch.tiff,patch_41,3.73864,9.01665,2.689201,19.303476,-5.377977
batch_00050_patch.tiff,patch_42,7.1844516,7.7897887,1.5049273,16.617794,-5.24493
batch_00050_patch.tiff,patch_43,4.513075,6.15973,-0.65825105,15.28681,-2.6037223
batch_00050_patch.tiff,patch_44,2.8887372,11.46794,4.129461,18.474205,-6.527661
batch_00050_patch.tiff,patch_45,8.173463,17.11817,5.8207293,18.921566,-4.377767
batch_00050_patch.tiff,patch_46,9.277661,12.701434,2.0872953,16.316036,-3.9049227
batch_00050_patch.tiff,patch_47,7.4840627,12.031987,-0.30969864,17.574564,-1.0057346
batch_00050_patch.tiff,patch_48,6.10696,15.168367,0.5986179,15.806903,-4.025663
batch_00050_patch.tiff,patch_49,12.824472,14.561525,8.367071,27.0036,-3.430961
batch_00050_patch.tiff,patch_50,10.45237,8.165315,11.205665,22.98515,-8.497474
batch_00050_patch.tiff,patch_51,8.075606,6.440209,7.141293,18.305984,-2.9852576
batch_00050_patch.tiff,patch_52,5.995288,8.868735,-1.677733,14.304983,-2.018085
batch_00050_patch.tiff,patch_53,8.840811,7.752916,1.3238779,20.017416,-1.0313547
batch_00050_patch.tiff,patch_54,5.9815664,10.883524,-1.3155323,19.63615,-2.737162
batch_00050_patch.tiff,patch_55,4.71537,10.488416,-4.0208488,19.301966,-2.125751
batch_00050_patch.tiff,patch_56,6.016049,16.340227,-0.44077525,18.312761,-4.2318945
batch_00050_patch.tiff,patch_57,12.944068,18.36966,3.0012698,17.32876,-1.8907415
batch_00050_patch.tiff,patch_58,3.3402157,13.575466,6.6501036,14.398063,-6.646
batch_00050_patch.tiff,patch_59,5.857066,11.024501,6.4602513,16.880003,-0.45167193
batch_00050_patch.tiff,patch_60,4.4956675,13.492848,4.626619,14.268467,-7.494146
batch_00050_patch.tiff,patch_61,6.372163,11.38989,-1.8098621,16.516245,-2.659811
batch_00050_patch.tiff,patch_62,12.145878,9.629336,9.649888,19.553892,-4.2590475
batch_00050_patch.tiff,patch_63,8.281032,9.361572,6.6691155,19.96379,-3.541092
batch_00050_patch.tiff,patch_64,4.6781754,7.920777,0.9843597,14.899677,-5.228204
batch_00050_patch.tiff,patch_65,6.6915746,8.009196,2.015122,16.703598,-3.3126266
batch_00050_patch.tiff,patch_66,6.92186,9.582844,0.7228447,17.578482,-2.7238312
batch_00050_patch.tiff,patch_67,6.505531,6.0911403,0.9303526,17.96855,-2.632054
batch_00050_patch.tiff,patch_68,7.382845,14.260272,2.5062928,16.912085,-2.1983697
batch_00050_patch.tiff,patch_69,13.417245,15.462533,2.96201,20.251043,-4.1301312
batch_00050_patch.tiff,patch_70,7.0469446,11.97473,1.6513643,14.877259,-2.5511758
batch_00050_patch.tiff,patch_71,4.1762657,15.433702,6.3093524,13.769675,-4.3365083
batch_00050_patch.tiff,patch_72,8.4278555,17.344767,4.8219237,17.928198,-5.8187966
batch_00050_patch.tiff,patch_73,9.699093,18.450813,7.1138277,19.967503,-7.4538355
batch_00050_patch.tiff,patch_74,7.5610414,10.233961,5.5460234,18.974997,-4.3809805
batch_00050_patch.tiff,patch_75,8.177024,8.540442,9.041075,18.144194,-5.785672
batch_00050_patch.tiff,patch_76,10.183107,8.295119,-0.7987901,18.103733,-0.70289916
batch_00050_patch.tiff,patch_77,9.012642,6.92685,2.56702,17.493364,0.9255881
batch_00050_patch.tiff,patch_78,3.049726,6.6151834,1.5262306,15.407701,-3.8624592
batch_00050_patch.tiff,patch_79,4.4460473,9.941253,-4.3636456,16.298529,-1.7938054
batch_00050_patch.tiff,patch_80,13.803996,12.668864,12.330162,23.71656,-3.1906269
batch_00050_patch.tiff,patch_81,12.371028,13.871136,6.091009,27.035652,-0.67365307
batch_00050_patch.tiff,patch_82,1.1991192,12.771047,-3.6380248,15.2888975,-3.0780473
batch_00050_patch.tiff,patch_83,5.151663,11.28491,1.4792237,15.669953,-5.7222786
batch_00050_patch.tiff,patch_84,3.9623873,12.734354,-1.1840138,15.172062,-1.4900053
batch_00050_patch.tiff,patch_85,10.899251,12.396407,-0.4574101,17.705292,-6.071162
batch_00050_patch.tiff,patch_86,14.404485,12.875589,11.504822,22.31311,-2.8750892
batch_00050_patch.tiff,patch_87,11.014624,9.690795,2.8352838,23.335983,-1.4270973
batch_00050_patch.tiff,patch_88,7.6940355,4.484075,6.29155,14.127445,-0.0284428
batch_00050_patch.tiff,patch_89,12.3402405,9.550387,10.652352,17.37055,-6.6911817
batch_00050_patch.tiff,patch_90,6.481201,6.726325,-2.2611868,16.608707,-1.7889887
batch_00050_patch.tiff,patch_91,5.8233175,9.36283,-1.66955,15.16921,-1.5825564
batch_00050_patch.tiff,patch_92,15.131734,6.631588,18.468534,19.813368,-7.1530323
batch_00050_patch.tiff,patch_93,11.575942,10.357032,7.0829787,22.920235,-5.792031
batch_00050_patch.tiff,patch_94,11.774863,18.593555,7.113488,18.85058,-2.1947
batch_00050_patch.tiff,patch_95,8.353236,15.57963,5.413039,18.012367,-7.4542503
batch_00050_patch.tiff,patch_96,0.6616412,11.1383095,-1.3129867,14.430533,-6.8064313
batch_00050_patch.tiff,patch_97,5.3372316,8.280328,-2.158682,14.947697,-2.1978598
batch_00050_patch.tiff,patch_98,7.912708,9.934394,3.8576238,21.951479,-4.730125
batch_00050_patch.tiff,patch_99,6.850025,9.489369,1.4995078,20.50196,-2.6684482
batch_00050_patch.tiff,patch_100,7.6790857,5.6878114,7.056441,14.0823,-1.698932
batch_00050_patch.tiff,patch_101,13.521623,5.544227,11.54237,17.223236,-0.5810123
batch_00050_patch.tiff,patch_102,6.5985537,8.280288,-5.127195,18.014795,-3.109904
batch_00050_patch.tiff,patch_103,5.4125986,7.1398363,-1.3180465,18.440575,-2.2062142
batch_00050_patch.tiff,patch_104,13.424989,17.881489,5.695674,18.690239,-8.157986
batch_00050_patch.tiff,patch_105,10.963618,14.225828,1.2757978,17.683651,-3.0856216
batch_00050_patch.tiff,patch_106,11.899865,17.177662,-1.9060652,17.634554,-4.030803
batch_00050_patch.tiff,patch_107,5.919058,15.899986,-2.4485397,19.689043,-6.5717983
batch_00050_patch.tiff,patch_108,10.466254,10.722769,5.1974473,22.91081,-2.358644
batch_00050_patch.tiff,patch_109,12.420098,8.144516,5.7463093,20.847801,-2.5223322
batch_00050_patch.tiff,patch_110,11.971049,9.488203,7.899334,21.800991,-2.660239
batch_00050_patch.tiff,patch_111,7.184363,9.935124,7.91586,18.853046,-4.9852195
batch_00050_patch.tiff,patch_112,17.125996,6.448248,13.589082,19.371073,-1.3442923
batch_00050_patch.tiff,patch_113,7.0532556,5.1966534,-3.1665065,15.947505,-1.5860562
batch_00050_patch.tiff,patch_114,7.3285084,6.4679384,-1.938927,16.728678,-0.06495274
batch_00050_patch.tiff,patch_115,4.8680887,12.040377,9.186736,12.009733,-6.252308
batch_00050_patch.tiff,patch_116,7.377026,14.573011,-0.41394818,16.96461,-2.287829
batch_00050_patch.tiff,patch_117,8.30506,10.373043,1.8975426,16.32985,2.5893757
batch_00050_patch.tiff,patch_118,6.284086,15.363008,2.737661,17.511992,-4.924555
batch_00050_patch.tiff,patch_119,10.647132,11.529839,3.924567,24.07367,-1.6771821
batch_00050_patch.tiff,patch_120,11.155158,12.860461,10.988364,23.232944,-2.7282984
batch_00050_patch.tiff,patch_121,9.770474,11.900817,4.512748,20.51784,-4.690168
batch_00050_patch.tiff,patch_122,9.920402,11.056475,3.4206853,21.828974,0.0836236
batch_00050_patch.tiff,patch_123,8.499971,6.144641,-1.1554627,16.361498,-6.616354
batch_00050_patch.tiff,patch_124,7.126118,10.037044,0.060495608,16.19825,-3.12001
batch_00050_patch.tiff,patch_125,6.295985,8.020275,-3.4337153,18.96914,-2.9906957
batch_00050_patch.tiff,patch_126,4.8626256,9.146592,0.80292964,19.309698,-5.099716
batch_00050_patch.tiff,patch_127,9.458087,15.5689745,3.7738867,19.783154,-3.9283564
batch_00050_patch.tiff,patch_128,5.3364687,10.790998,1.2283827,17.697292,-2.2658534
batch_00050_patch.tiff,patch_129,12.232422,19.13278,3.6649406,19.619862,-1.8743999
batch_00050_patch.tiff,patch_130,2.8447993,9.997698,-1.304768,12.267818,-4.3883085
batch_00050_patch.tiff,patch_131,10.45693,12.297093,6.472149,20.396933,-0.46207845
batch_00050_patch.tiff,patch_132,10.909789,12.018185,6.7918143,22.233261,-3.0529146
batch_00050_patch.tiff,patch_133,9.632309,9.797385,2.805585,21.663145,-1.841137
batch_00050_patch.tiff,patch_134,10.84105,9.161843,5.30827,21.884743,-1.6717399
batch_00050_patch.tiff,patch_135,6.359539,6.0728335,-1.7487688,14.652502,-6.317624
batch_00050_patch.tiff,patch_136,5.3162727,8.727241,-3.7914605,18.134499,-6.658341
batch_00050_patch.tiff,patch_137,5.968613,9.1799,-1.1563472,17.349396,-1.4656644
batch_00050_patch.tiff,patch_138,0.71378714,8.198332,-4.2953916,16.711233,-3.2206137
batch_00050_patch.tiff,patch_139,9.380261,19.010874,6.230481,18.942747,-3.7895768
batch_00050_patch.tiff,patch_140,6.089618,13.401539,-0.46932024,15.381547,-5.075033
batch_00050_patch.tiff,patch_141,7.3514423,11.095066,-1.7376131,16.53741,-0.088642746
batch_00050_patch.tiff,patch_142,7.5410485,15.385802,-1.011529,15.903095,-4.756198
batch_00050_patch.tiff,patch_143,11.645759,10.548981,4.5387306,23.082535,0.21810615
batch_00050_patch.tiff,patch_144,12.061771,7.4459543,6.1525455,22.884691,1.3042597
batch_00050_patch.tiff,patch_145,9.399919,8.145836,4.2252235,22.008785,-1.8584344
batch_00050_patch.tiff,patch_146,7.4606633,8.698737,7.3656745,19.872149,-2.0327764
batch_00050_patch.tiff,patch_147,5.874601,6.726452,-0.8452445,17.047132,-1.9715819
batch_00050_patch.tiff,patch_148,6.938377,11.8833685,-0.045438707,16.192562,-1.5111995
batch_00050_patch.tiff,patch_149,6.291416,9.370944,-1.5443705,19.195076,-4.4659557
batch_00050_patch.tiff,patch_150,2.840327,9.742484,-2.9289486,17.296114,-2.3463638
batch_00050_patch.tiff,patch_151,10.238851,13.746103,5.964284,15.848932,-2.9683218
batch_00050_patch.tiff,patch_152,14.043952,16.149662,6.827172,20.038193,-2.1975465
batch_00050_patch.tiff,patch_153,11.138329,15.951418,6.9090214,24.145731,-2.8030357
batch_00050_patch.tiff,patch_154,7.5234237,13.921745,6.152823,24.10511,-5.445666
batch_00050_patch.tiff,patch_155,10.995597,9.208585,3.5950277,22.692654,-0.26953357
batch_00050_patch.tiff,patch_156,9.229816,9.483448,3.402374,21.8431,0.06718622
batch_00050_patch.tiff,patch_157,9.354146,9.047585,3.800322,21.714336,0.51616853
batch_00050_patch.tiff,patch_158,5.2011805,8.455973,4.4104543,18.228954,-6.8848763
batch_00050_patch.tiff,patch_159,5.456561,7.2478466,-4.1993527,18.360714,-1.1313136
batch_00050_patch.tiff,patch_160,9.780666,16.845095,5.4585686,18.185143,-7.1457744
batch_00050_patch.tiff,patch_161,7.13733,7.817622,-0.8968221,20.19822,-2.8921537
batch_00050_patch.tiff,patch_162,7.747554,6.3495135,0.72807014,17.233042,-4.8001046
batch_00050_patch.tiff,patch_163,10.1142645,13.665485,1.2672089,18.027493,0.15202574
batch_00050_patch.tiff,patch_164,5.153583,14.613281,-0.33007202,16.5696,-3.3297331
batch_00050_patch.tiff,patch_165,13.44274,14.049153,15.726761,24.845467,-4.6162777
batch_00050_patch.tiff,patch_166,12.975591,14.144063,7.353632,26.102781,-4.404171
batch_00050_patch.tiff,patch_167,10.046633,6.626364,5.4392843,21.962988,-1.6878864
batch_00050_patch.tiff,patch_168,11.761412,12.131463,9.008796,20.85855,-0.27160063
batch_00050_patch.tiff,patch_169,9.3284235,10.856856,3.0960815,22.537725,0.6485974
batch_00050_patch.tiff,patch_170,7.0330143,7.67121,5.9966497,19.269827,-4.449999
batch_00050_patch.tiff,patch_171,6.4283037,5.6089277,-0.06713742,16.664507,-0.70984185
batch_00050_patch.tiff,patch_172,4.0803385,6.5598984,-0.7133801,17.242598,-2.6909087
batch_00050_patch.tiff,patch_173,8.418639,7.4881225,-1.9733992,17.911526,-6.5889325
batch_00050_patch.tiff,patch_174,6.5223203,7.5711207,-1.1000309,17.739857,-3.5757823
batch_00050_patch.tiff,patch_175,9.86556,16.285109,4.16514,19.017633,-1.6149025
batch_00050_patch.tiff,patch_176,9.8906355,16.63549,5.8586516,17.137947,-4.3407555
batch_00050_patch.tiff,patch_177,10.195823,16.94651,0.92973715,20.471886,-2.4297657
batch_00050_patch.tiff,patch_178,7.3389015,10.303553,1.3308631,19.167898,-0.7474921
batch_00050_patch.tiff,patch_179,10.686938,8.351403,3.0546823,22.764774,-0.50902027
batch_00050_patch.tiff,patch_180,6.04473,8.333029,1.5759587,20.557924,-2.9338598
batch_00050_patch.tiff,patch_181,8.787268,12.931986,6.4013023,20.371002,-0.13268758
batch_00050_patch.tiff,patch_182,9.045936,10.570687,0.8669466,24.048422,1.2835771
batch_00100_patch.tiff,patch_0,12.312382,9.792689,5.8578763,20.602352,2.6054432
batch_00100_patch.tiff,patch_1,12.412408,2.1748354,1.2782682,14.71569,0.13934599
batch_00100_patch.tiff,patch_2,10.2240305,7.5138507,15.470989,17.816692,-4.8926296
batch_00100_patch.tiff,patch_3,10.816313,8.584588,11.377406,17.81492,0.66687334
batch_00100_patch.tiff,patch_4,11.871663,4.3485713,11.820527,15.120529,-6.4316516
batch_00100_patch.tiff,patch_5,7.4289584,8.747843,11.221759,16.310629,-5.7668595
batch_00100_patch.tiff,patch_6,4.99823,5.4879375,-0.8192294,19.43475,-2.348399
batch_00100_patch.tiff,patch_7,4.8359075,3.7014375,-0.08427076,19.802961,-1.3260422
batch_00100_patch.tiff,patch_8,6.2659554,1.8258513,1.4080789,18.86356,-2.6897264
batch_00100_patch.tiff,patch_9,5.5223417,4.0609245,2.926296,17.509579,-4.865264
batch_00100_patch.tiff,patch_10,11.619567,1.7409302,2.7715757,17.998653,-4.6213446
batch_00100_patch.tiff,patch_11,14.168577,5.321626,3.3170767,17.144606,-1.4535464
batch_00100_patch.tiff,patch_12,5.278134,11.779945,3.6536255,16.76383,-1.706858
batch_00100_patch.tiff,patch_13,12.960855,5.5436144,3.1192515,14.933951,-1.0543671
batch_00100_patch.tiff,patch_14,10.917996,2.879339,3.004198,14.571901,2.5926523
batch_00100_patch.tiff,patch_15,11.059753,8.3441725,7.45303,15.602176,-6.8420124
batch_00100_patch.tiff,patch_16,12.046718,8.32629,10.990373,16.494915,-5.2424874
batch_00100_patch.tiff,patch_17,8.274523,8.371575,7.222224,18.856821,-2.885024
batch_00100_patch.tiff,patch_18,8.679689,9.348611,11.801978,16.030602,-7.3342075
batch_00100_patch.tiff,patch_19,3.854299,2.1514678,3.2613857,16.510227,-8.119925
batch_00100_patch.tiff,patch_20,3.804895,3.0500495,1.0834377,18.328436,-5.856177
batch_00100_patch.tiff,patch_21,7.9094477,4.935475,1.3525596,21.02592,-3.9964378
batch_00100_patch.tiff,patch_22,6.0757966,5.7790127,1.8379776,19.459496,-3.1366477
batch_00100_patch.tiff,patch_23,8.470454,6.255784,6.6045,18.665089,-3.366829
batch_00100_patch.tiff,patch_24,11.462516,6.6551676,3.627701,20.425184,-0.093874164
batch_00100_patch.tiff,patch_25,5.308338,9.002219,4.1478233,17.384645,0.24020101
batch_00100_patch.tiff,patch_26,13.133435,6.759902,1.6199101,17.680887,-5.439653
batch_00100_patch.tiff,patch_27,15.167032,12.531452,8.940968,19.566896,-6.507983
batch_00100_patch.tiff,patch_28,9.679677,12.409247,2.6680968,19.817709,5.578635
batch_00100_patch.tiff,patch_29,7.211825,8.018792,4.607267,17.329441,1.3766142
batch_00100_patch.tiff,patch_30,8.809305,7.7308617,11.406832,17.494665,-5.4052477
batch_00100_patch.tiff,patch_31,8.034877,9.543234,9.448635,18.304874,-4.66231
batch_00100_patch.tiff,patch_32,9.026092,5.462816,3.5406926,25.661583,-5.2357078
batch_00100_patch.tiff,patch_33,14.667304,5.5214243,11.850397,23.484125,-6.8063726
batch_00100_patch.tiff,patch_34,10.438477,5.095373,4.168489,19.956614,-0.54401076
batch_00100_patch.tiff,patch_35,6.944213,1.9893745,0.8172195,17.004866,-3.763698
batch_00100_patch.tiff,patch_36,3.1681728,3.739961,-5.212657,12.15882,-0.68818283
batch_00100_patch.tiff,patch_37,4.492095,7.3374596,-4.972817,14.820498,9.221752
batch_00100_patch.tiff,patch_38,5.33716,6.206288,5.124883,14.899075,-3.4051204
batch_00100_patch.tiff,patch_39,15.847645,10.521891,8.527656,18.569471,-7.858825
batch_00100_patch.tiff,patch_40,12.276786,7.8271027,13.817142,18.286732,-6.36186
batch_00100_patch.tiff,patch_41,8.75581,6.8845873,5.48963,14.329914,-6.4802322
batch_00100_patch.tiff,patch_42,9.513464,7.354967,12.511795,15.84388,-3.9063628
batch_00100_patch.tiff,patch_43,13.896791,5.5464373,8.561419,19.166012,-5.6177588
batch_00100_patch.tiff,patch_44,14.254902,9.152166,15.492259,24.389126,-6.238393
batch_00100_patch.tiff,patch_45,11.243972,7.560772,6.5211005,25.544579,-4.2916174
batch_00100_patch.tiff,patch_46,6.2921715,3.4027822,-0.4328399,16.844587,-2.722978
batch_00100_patch.tiff,patch_47,6.617239,3.9499357,2.0584197,17.440231,-5.777769
batch_00100_patch.tiff,patch_48,7.198322,3.987733,-1.8655975,14.772562,4.657145
batch_00100_patch.tiff,patch_49,11.851804,6.3147554,-3.6523576,15.355333,4.667904
batch_00100_patch.tiff,patch_50,9.774102,7.8478446,8.222316,16.57507,-2.9600565
batch_00100_patch.tiff,patch_51,11.706962,11.48196,4.99226,29.041006,-0.969157
batch_00100_patch.tiff,patch_52,13.047198,5.9218636,6.6728983,24.52045,-4.481786
batch_00100_patch.tiff,patch_53,10.487469,7.6989107,5.1123443,17.232008,-1.2903975
batch_00100_patch.tiff,patch_54,8.526732,10.855083,5.194093,19.138449,0.9793031
batch_00100_patch.tiff,patch_55,8.862984,9.371993,7.053965,16.686548,-1.6278754
batch_00100_patch.tiff,patch_56,10.692006,11.063667,2.1185539,19.196167,0.02116774
batch_00100_patch.tiff,patch_57,7.3794293,3.831808,3.3575053,18.693699,-3.0957773
batch_00100_patch.tiff,patch_58,4.905158,2.5644507,2.3742757,17.896158,-5.235158
batch_00100_patch.tiff,patch_59,8.580296,3.8806436,4.980317,17.686192,-1.5499591
batch_00100_patch.tiff,patch_60,7.359154,0.07891949,1.786999,17.04147,-3.9724612
batch_00100_patch.tiff,patch_61,4.136117,3.4940748,1.0501252,15.314542,-5.860943
batch_00100_patch.tiff,patch_62,7.0664186,7.0631967,7.779403,17.590595,-4.514901
batch_00100_patch.tiff,patch_63,11.229271,13.384676,11.200535,28.493896,-4.7286205
batch_00100_patch.tiff,patch_64,11.88224,9.448565,7.2330456,26.269463,-5.3034906
batch_00100_patch.tiff,patch_65,9.626005,9.795505,4.6814213,20.767122,-0.908554
batch_00100_patch.tiff,patch_66,8.424307,9.323218,3.2342308,20.644396,-2.9379363
batch_00100_patch.tiff,patch_67,8.8501,8.584634,6.367304,16.608946,-2.174145
batch_00100_patch.tiff,patch_68,10.979315,8.578055,10.910309,18.504797,-2.619679
batch_00100_patch.tiff,patch_69,4.2403674,3.3160179,0.24206257,17.975172,-6.571579
batch_00100_patch.tiff,patch_70,6.786084,3.8765733,2.769927,18.6726,-4.6340537
batch_00100_patch.tiff,patch_71,4.4896126,3.8593516,3.1301785,15.202825,-4.0026474
batch_00100_patch.tiff,patch_72,4.970364,5.3266697,-1.5139807,15.517872,-5.0979605
batch_00100_patch.tiff,patch_73,1.6467514,5.7938433,3.9818423,15.663597,-2.6754823
batch_00100_patch.tiff,patch_74,4.371464,8.196969,4.329857,14.771707,-2.8180652
batch_00100_patch.tiff,patch_75,11.093296,5.734127,10.197112,18.346027,-7.6783433
batch_00100_patch.tiff,patch_76,13.222584,8.766382,3.858695,18.666,-3.265686
batch_00100_patch.tiff,patch_77,10.120627,7.177977,8.152858,16.597006,-1.9911052
batch_00100_patch.tiff,patch_78,12.19792,6.037901,12.321305,17.655403,-3.3478327
batch_00100_patch.tiff,patch_79,7.4209466,7.9731874,6.8471675,15.028582,-5.7644224
batch_00100_patch.tiff,patch_80,7.1357365,4.184591,2.9584355,18.637663,-3.9578183
batch_00100_patch.tiff,patch_81,6.2371564,4.2017937,0.88653845,18.304771,-3.8698556
batch_00100_patch.tiff,patch_82,7.2530947,5.023713,2.2309084,15.70026,-1.7679886
batch_00100_patch.tiff,patch_83,6.5476356,3.1687796,2.7676892,17.094944,-3.381733
batch_00100_patch.tiff,patch_84,6.2869053,-0.330269,-3.745552,14.587443,2.5015848
batch_00100_patch.tiff,patch_85,4.973524,4.5232916,-3.5519817,15.362352,2.3278234
batch_00100_patch.tiff,patch_86,8.203794,10.884224,4.503959,20.989885,2.899859
batch_00100_patch.tiff,patch_87,11.309237,6.223473,7.3014135,19.351282,-3.7810023
batch_00100_patch.tiff,patch_88,10.244938,9.971409,5.999967,18.963913,-0.5583988
batch_00100_patch.tiff,patch_89,10.107211,5.547878,7.7494764,17.576836,-3.8705056
batch_00100_patch.tiff,patch_90,3.828082,6.4647765,8.52798,13.842271,-6.0891376
batch_00100_patch.tiff,patch_91,6.06348,3.4811268,4.1232424,18.227488,-7.035872
batch_00100_patch.tiff,patch_92,2.226904,4.706027,-0.7944492,18.025232,-4.899979
batch_00100_patch.tiff,patch_93,5.3822265,2.267983,1.79066,15.313427,-5.029148
batch_00100_patch.tiff,patch_94,6.1318884,1.9659301,0.600975,15.397601,-1.9921502
batch_00100_patch.tiff,patch_95,4.7638893,1.8632752,-0.47691855,13.253579,0.9113908
batch_00100_patch.tiff,patch_96,6.6547594,5.502166,-3.3397417,13.446108,4.524545
batch_00100_patch.tiff,patch_97,12.217769,5.4376926,5.5005784,16.359861,-4.749349
batch_00100_patch.tiff,patch_98,15.079848,0.09794933,7.971361,12.967947,-2.5015476
batch_00100_patch.tiff,patch_99,9.427203,10.328237,5.5029244,18.849983,0.30372044
batch_00100_patch.tiff,patch_100,12.695652,10.123892,5.428595,21.612667,1.2217469
batch_00100_patch.tiff,patch_101,11.025261,9.938983,1.5777367,22.120272,1.2771727
batch_00100_patch.tiff,patch_102,10.449808,10.661634,2.7009215,22.135077,0.7724074
batch_00100_patch.tiff,patch_103,4.955204,5.304968,0.5949233,19.285595,-1.3808805
batch_00100_patch.tiff,patch_104,5.757056,4.6264615,-0.27584478,17.386955,-1.2835261
batch_00100_patch.tiff,patch_105,12.797066,12.356388,10.541442,25.580885,-1.4624082
batch_00100_patch.tiff,patch_106,11.775172,7.792572,9.02829,25.054972,-8.109683
batch_00100_patch.tiff,patch_107,6.3859396,12.24319,4.72769,17.68203,-2.0751219
batch_00100_patch.tiff,patch_108,4.972166,8.634842,9.0089035,16.750708,-3.6072924
batch_00100_patch.tiff,patch_109,13.111562,3.2171657,2.2533574,16.798464,2.5043082
batch_00100_patch.tiff,patch_110,11.181273,2.0987234,3.9584937,12.692211,-5.165495
batch_00100_patch.tiff,patch_111,13.757295,9.328124,12.830081,17.578997,-3.962365
batch_00100_patch.tiff,patch_112,7.81712,6.4083586,9.62238,16.502235,-1.8069651
batch_00100_patch.tiff,patch_113,5.9919815,7.017365,-0.2653528,19.524311,0.048770685
batch_00100_patch.tiff,patch_114,11.041834,7.8279014,3.3286903,23.031246,0.8711729
batch_00100_patch.tiff,patch_115,7.4245453,2.93039,1.6988984,15.652961,-5.4488807
batch_00100_patch.tiff,patch_116,9.445795,1.509377,1.7489789,17.279457,-5.363831
batch_00100_patch.tiff,patch_117,6.7814865,7.4151363,3.748306,24.822746,-5.8443336
batch_00100_patch.tiff,patch_118,13.075346,6.7072253,4.046694,23.369175,-2.8171206
batch_00100_patch.tiff,patch_119,4.8837705,9.521603,7.4792004,16.177753,-4.5481067
batch_00100_patch.tiff,patch_120,5.9155617,10.216118,4.5761833,15.748207,-2.2280266
batch_00100_patch.tiff,patch_121,14.133469,3.8539164,1.4778605,14.384198,-5.644022
batch_00100_patch.tiff,patch_122,14.078833,9.973914,1.7827591,19.12439,-6.094069
batch_00100_patch.tiff,patch_123,16.169603,11.098682,13.530451,25.149822,-5.1607265
batch_00100_patch.tiff,patch_124,16.863977,8.642436,13.624672,22.161985,-2.7060552
batch_00100_patch.tiff,patch_125,7.931396,7.6228437,12.895355,15.583405,-6.931473
batch_00100_patch.tiff,patch_126,8.264408,6.646237,10.6126,15.823654,-5.7326913
batch_00100_patch.tiff,patch_127,6.5764303,5.57071,1.5284269,20.572794,-4.42396
batch_00100_patch.tiff,patch_128,8.443504,5.6503077,2.7482927,19.49454,-2.324496
batch_00100_patch.tiff,patch_129,9.469985,4.069739,2.1943583,18.787245,-2.9652634
batch_00100_patch.tiff,patch_130,10.371918,6.4523063,3.3357847,19.232178,0.01818453
batch_00100_patch.tiff,patch_131,4.609562,11.468486,2.8398097,16.135887,-0.48296338
batch_00100_patch.tiff,patch_132,7.367944,11.923319,3.8134606,17.28495,-0.8975456
batch_00100_patch.tiff,patch_133,11.756217,4.4047136,4.8735437,16.281399,-5.3681893
batch_00100_patch.tiff,patch_134,13.310396,11.87876,7.7344193,26.564863,-6.247278
batch_00100_patch.tiff,patch_135,16.382057,9.882681,13.823811,24.485767,-5.5740232
batch_00100_patch.tiff,patch_136,13.148965,8.332332,13.589074,19.4245,-10.50344
batch_00100_patch.tiff,patch_137,5.256486,7.434658,12.83593,13.976047,-7.5860696
batch_00100_patch.tiff,patch_138,5.655522,7.125548,1.8728616,20.770077,-4.516042
batch_00100_patch.tiff,patch_139,7.717592,5.698626,2.7555013,17.610878,-3.3366368
batch_00100_patch.tiff,patch_140,8.277936,2.7503397,10.496753,17.708975,-7.0380144
batch_00100_patch.tiff,patch_141,3.1462831,5.344508,5.185973,16.759962,-7.878001
batch_00100_patch.tiff,patch_142,4.1322703,10.983495,2.9644854,15.337107,-1.6263435
batch_00100_patch.tiff,patch_143,5.2168236,10.269747,6.209783,15.906225,-4.038443
batch_00100_patch.tiff,patch_144,11.127872,7.7933345,4.8080535,20.62125,-0.33782005
batch_00100_patch.tiff,patch_145,11.832275,8.954921,2.1453424,21.308044,0.98267704
batch_00100_patch.tiff,patch_146,13.079572,9.586847,9.875183,26.178871,-4.0213475
batch_00100_patch.tiff,patch_147,11.794594,9.212901,9.266798,27.225204,-2.4003928
batch_00100_patch.tiff,patch_148,9.945532,9.898302,10.16418,16.491304,-3.5239837
batch_00100_patch.tiff,patch_149,10.030674,8.112816,7.7863646,14.783041,-2.817071
batch_00100_patch.tiff,patch_150,8.236341,2.9194584,3.10076,16.833424,-4.113942
batch_00100_patch.tiff,patch_151,2.4751828,1.3659378,3.7374134,13.674209,-6.1750174
batch_00100_patch.tiff,patch_152,5.6559935,1.5376021,7.8535423,16.027975,-4.3783183
batch_00100_patch.tiff,patch_153,5.1477113,0.26738158,0.42640796,15.465544,-4.6797853
batch_00100_patch.tiff,patch_154,4.189491,11.737136,0.54477465,17.283895,1.0139706
batch_00100_patch.tiff,patch_155,4.046089,10.944562,1.7534757,19.263193,-1.1471491
batch_00100_patch.tiff,patch_156,8.095562,7.0926642,4.7043004,19.74699,-0.32794562
batch_00100_patch.tiff,patch_157,10.3699,9.464675,3.5748613,20.257677,-0.56296706
batch_00100_patch.tiff,patch_158,8.547102,13.1109495,1.3368686,23.313332,2.9314609
batch_00100_patch.tiff,patch_159,12.219893,7.0850797,7.780616,26.198137,-2.7784433
batch_00100_patch.tiff,patch_160,12.313309,8.602784,7.330018,19.930233,0.22968875
batch_00100_patch.tiff,patch_161,4.624814,8.306493,7.1536922,15.942303,-3.6396987
batch_00100_patch.tiff,patch_162,8.340851,2.524904,-0.26323974,18.51166,-3.5868857
batch_00100_patch.tiff,patch_163,6.223418,4.5423703,-0.7173348,17.058052,-6.0853543
batch_00100_patch.tiff,patch_164,8.748391,5.0956845,6.828733,18.0402,-1.711309
batch_00100_patch.tiff,patch_165,8.886435,6.3926845,8.726047,20.01663,-5.1461453
batch_00100_patch.tiff,patch_166,7.7572155,8.849305,11.009795,16.190117,-4.658511
batch_00100_patch.tiff,patch_167,6.1301746,8.394932,5.1603622,16.613026,-1.9583071
batch_00100_patch.tiff,patch_168,10.951115,9.422021,3.2503092,21.377699,1.6538894
batch_00100_patch.tiff,patch_169,8.946992,8.298427,5.649928,19.789417,-1.5293765
batch_00100_patch.tiff,patch_170,6.0802073,9.715728,4.294498,18.509974,-2.8679152
batch_00100_patch.tiff,patch_171,10.306996,9.982328,3.4624999,18.61923,0.70248
batch_00100_patch.tiff,patch_172,8.793731,4.265342,4.715512,18.950674,-6.1534915
batch_00100_patch.tiff,patch_173,7.6056223,3.3003726,1.6932948,17.382265,-5.6709394
batch_00100_patch.tiff,patch_174,7.943218,2.3135393,3.3709774,17.432096,-4.3030057
batch_00100_patch.tiff,patch_175,9.646697,1.8404719,3.6426995,16.723291,-3.40733
batch_00100_patch.tiff,patch_176,7.670466,3.3427122,4.120659,17.77774,-0.38955906
batch_00100_patch.tiff,patch_177,5.9785647,5.130426,0.44605657,17.890383,-2.5926795
batch_00100_patch.tiff,patch_178,18.011713,11.002072,8.238665,24.807463,-5.840178
batch_00100_patch.tiff,patch_179,18.129362,7.6251435,0.14890829,24.422241,-5.076632
batch_00150_patch.tiff,patch_0,6.9474516,14.076184,6.819254,17.140049,-2.3151317
batch_00150_patch.tiff,patch_1,2.1722996,8.850276,4.7623563,12.34807,-2.0544772
batch_00150_patch.tiff,patch_2,14.319243,9.637713,6.9231977,26.081308,-5.157648
batch_00150_patch.tiff,patch_3,17.248034,9.495924,9.907498,23.099792,-8.4300785
batch_00150_patch.tiff,patch_4,8.341912,7.296153,11.836792,13.147418,-6.802211
batch_00150_patch.tiff,patch_5,5.548795,5.762083,12.338918,14.721455,-4.9744053
batch_00150_patch.tiff,patch_6,11.8043,15.350365,5.3448987,20.470144,-1.8852918
batch_00150_patch.tiff,patch_7,12.84346,18.989483,-0.43598497,20.975218,2.7353172
batch_00150_patch.tiff,patch_8,9.960518,11.578295,1.8193377,20.727785,-2.9183276
batch_00150_patch.tiff,patch_9,6.0398993,10.232875,-3.7127,21.913715,0.52167183
batch_00150_patch.tiff,patch_10,7.496635,9.079216,2.8375819,20.794098,3.668177
batch_00150_patch.tiff,patch_11,7.5841374,9.645165,-2.8672545,17.568567,-2.0740354
batch_00150_patch.tiff,patch_12,10.620968,9.014905,1.0889114,20.741665,4.969869
batch_00150_patch.tiff,patch_13,4.3255444,9.371904,5.395795,15.647923,-3.5060074
batch_00150_patch.tiff,patch_14,7.6983604,7.6537232,6.3154006,16.896944,-4.1212244
batch_00150_patch.tiff,patch_15,12.384802,11.149622,11.754138,24.211512,-10.995599
batch_00150_patch.tiff,patch_16,11.5717,3.6176915,11.323009,20.225342,-10.598151
batch_00150_patch.tiff,patch_17,9.353137,5.908989,7.374101,16.608458,-3.4154775
batch_00150_patch.tiff,patch_18,8.3214,7.769289,6.519825,15.193755,-4.239476
batch_00150_patch.tiff,patch_19,6.702736,15.726786,-1.5838739,24.595245,-7.1476264
batch_00150_patch.tiff,patch_20,5.629062,8.378616,1.8703077,17.808245,-3.7807276
batch_00150_patch.tiff,patch_21,5.407425,10.855614,3.0382326,18.871325,-2.0456583
batch_00150_patch.tiff,patch_22,9.64285,12.486986,6.6663456,20.26583,-5.878282
batch_00150_patch.tiff,patch_23,10.936117,13.343062,3.1447258,23.153088,-0.63173914
batch_00150_patch.tiff,patch_24,7.2925787,9.679721,0.44731888,18.243656,-0.8027935
batch_00150_patch.tiff,patch_25,10.689987,4.4404902,3.0563529,16.019135,0.40680942
batch_00150_patch.tiff,patch_26,7.40977,8.367112,7.0204225,15.53196,-4.7641544
batch_00150_patch.tiff,patch_27,5.059291,10.4642935,2.7442992,16.05273,-2.7790663
batch_00150_patch.tiff,patch_28,6.8528275,8.277604,7.4506917,18.9039,-4.056247
batch_00150_patch.tiff,patch_29,6.498387,8.801909,3.5291038,19.852177,-2.7104483
batch_00150_patch.tiff,patch_30,4.0943065,10.910688,3.784939,13.909048,-1.7899156
batch_00150_patch.tiff,patch_31,4.667242,5.459714,3.6765344,13.627377,-2.7409246
batch_00150_patch.tiff,patch_32,9.814073,17.737335,7.2395864,20.445372,0.02495386
batch_00150_patch.tiff,patch_33,7.0656486,8.776664,2.7787268,18.282106,1.4626619
batch_00150_patch.tiff,patch_34,6.5024147,9.71762,0.7404666,17.369905,-2.5164866
batch_00150_patch.tiff,patch_35,7.011344,11.961728,3.7172215,17.826313,-2.9554348
batch_00150_patch.tiff,patch_36,17.237581,7.694191,12.125489,23.229599,-4.0773416
batch_00150_patch.tiff,patch_37,14.054249,15.593823,8.215394,26.845839,-8.062257
batch_00150_patch.tiff,patch_38,8.366301,9.371735,0.2680228,20.991581,4.6357927
batch_00150_patch.tiff,patch_39,3.869446,7.998849,5.4060173,14.736195,-1.184523
batch_00150_patch.tiff,patch_40,1.295466,11.095105,2.9673517,15.167009,-3.4431813
batch_00150_patch.tiff,patch_41,11.920196,7.379863,11.773454,18.091629,-2.7992857
batch_00150_patch.tiff,patch_42,7.9091816,5.3970065,4.995528,16.547997,-0.8867534
batch_00150_patch.tiff,patch_43,9.734835,10.9277725,6.1602564,18.287495,-1.144662
batch_00150_patch.tiff,patch_44,9.069406,10.65792,8.297382,16.321339,-1.6709216
batch_00150_patch.tiff,patch_45,7.237159,17.22451,12.121639,22.443743,-5.3293805
batch_00150_patch.tiff,patch_46,9.828657,16.631788,3.8079,23.328215,-1.5266268
batch_00150_patch.tiff,patch_47,7.8119955,13.068168,0.6572917,22.137383,1.8185277
batch_00150_patch.tiff,patch_48,9.951022,11.702891,-0.5634717,20.968199,-0.1881553
batch_00150_patch.tiff,patch_49,13.861446,8.309395,11.694856,21.78965,-8.300079
batch_00150_patch.tiff,patch_50,16.34903,10.260667,12.120677,25.829132,-3.257603
batch_00150_patch.tiff,patch_51,8.093607,7.114296,0.33918983,18.167095,4.351849
batch_00150_patch.tiff,patch_52,6.311631,11.283797,4.0560865,17.536573,-3.1622286
batch_00150_patch.tiff,patch_53,5.5439763,5.2580566,8.323329,14.24249,-2.26746
batch_00150_patch.tiff,patch_54,7.1361027,7.7467155,1.9649571,17.487127,1.2470511
batch_00150_patch.tiff,patch_55,8.0346365,7.7387633,4.1198115,17.197657,-0.050306134
batch_00150_patch.tiff,patch_56,7.17198,4.659392,8.890759,14.8306875,-4.9688144
batch_00150_patch.tiff,patch_57,8.11879,7.9485164,6.2282686,16.884338,-0.77524894
batch_00150_patch.tiff,patch_58,8.607737,13.576509,3.4598935,22.391417,0.2842241
batch_00150_patch.tiff,patch_59,8.26988,12.118556,2.738663,20.17443,-0.7970327
batch_00150_patch.tiff,patch_60,7.3450847,12.86859,3.5870562,22.195204,-0.20895338
batch_00150_patch.tiff,patch_61,6.6517515,10.216202,1.8268305,19.01584,-2.1886022
batch_00150_patch.tiff,patch_62,6.6346145,11.620852,2.1151721,18.424671,2.2453005
batch_00150_patch.tiff,patch_63,9.496179,10.3644905,5.4383783,18.74237,0.2380659
batch_00150_patch.tiff,patch_64,4.1446543,3.9685318,9.463549,14.810877,-4.2066793
batch_00150_patch.tiff,patch_65,8.510392,8.355687,11.04012,16.353622,-3.443192
batch_00150_patch.tiff,patch_66,3.2702894,5.2425237,3.385022,15.166085,-3.8071368
batch_00150_patch.tiff,patch_67,7.5756865,6.8447065,5.507337,16.990946,-4.7574844
batch_00150_patch.tiff,patch_68,5.1956425,4.475861,5.403671,14.366096,-3.0169282
batch_00150_patch.tiff,patch_69,11.492313,13.622982,0.49570727,21.77334,-4.7010384
batch_00150_patch.tiff,patch_70,6.672998,7.5889444,-1.4395995,18.132744,-4.541188
batch_00150_patch.tiff,patch_71,7.819878,14.624743,-2.209059,20.159613,3.722224
batch_00150_patch.tiff,patch_72,5.6538353,10.364616,2.3740256,17.566828,-1.490283
batch_00150_patch.tiff,patch_73,7.203768,7.497667,5.7509704,17.460752,-3.419077
batch_00150_patch.tiff,patch_74,7.76102,10.847584,4.2726398,16.944925,-0.5005818
batch_00150_patch.tiff,patch_75,4.7642713,6.825077,2.533438,15.566262,0.07716337
batch_00150_patch.tiff,patch_76,6.7281265,3.9636958,9.075025,13.774629,-4.0348268
batch_00150_patch.tiff,patch_77,5.274179,6.8158917,6.343764,14.531536,-0.9901267
batch_00150_patch.tiff,patch_78,17.587646,4.685238,9.536898,20.763685,-8.2552395
batch_00150_patch.tiff,patch_79,19.34756,3.64529,9.559179,18.940416,-8.556222
batch_00150_patch.tiff,patch_80,13.84525,18.44164,3.2048674,21.037222,-2.2908125
batch_00150_patch.tiff,patch_81,9.961664,15.473915,-1.0524646,22.182423,1.5212189
batch_00150_patch.tiff,patch_82,11.766238,16.697302,5.9818006,22.271534,-0.80186146
batch_00150_patch.tiff,patch_83,9.925226,13.929383,0.63743275,22.236713,0.0887846
batch_00150_patch.tiff,patch_84,10.840982,9.941645,2.382709,22.27396,5.1413326
batch_00150_patch.tiff,patch_85,10.1288595,11.375469,1.9820879,22.32859,4.063546
batch_00150_patch.tiff,patch_86,4.6558547,8.478434,6.3246055,16.384521,-2.9483123
batch_00150_patch.tiff,patch_87,6.8133354,7.9013667,5.4210067,15.279684,-0.3184685
batch_00150_patch.tiff,patch_88,7.730248,6.3823624,4.987779,12.381635,-4.326794
batch_00150_patch.tiff,patch_89,10.807738,5.61445,2.8824341,17.455383,-2.8919263
batch_00150_patch.tiff,patch_90,18.651896,8.613628,11.695438,24.241552,-3.5164268
batch_00150_patch.tiff,patch_91,17.608755,7.9283667,3.2872255,24.353611,-0.6890983
batch_00150_patch.tiff,patch_92,9.043363,11.627258,-1.136516,20.01699,-0.92548174
batch_00150_patch.tiff,patch_93,9.422742,18.286938,4.338442,23.035269,-0.8227234
batch_00150_patch.tiff,patch_94,10.124603,12.841362,2.4964535,20.525272,0.5465211
batch_00150_patch.tiff,patch_95,8.893934,13.227738,2.9496658,20.291603,-1.0862039
batch_00150_patch.tiff,patch_96,9.702426,9.086092,2.174829,21.4268,3.4592223
batch_00150_patch.tiff,patch_97,11.426557,9.551292,2.7432072,22.504477,4.197282
batch_00150_patch.tiff,patch_98,10.497996,11.14631,3.7727087,20.245398,-2.8692381
batch_00150_patch.tiff,patch_99,10.486489,9.708121,-2.4588008,18.769264,-0.42291597
batch_00150_patch.tiff,patch_100,7.184127,5.3917637,4.7600904,16.859535,-2.3780444
batch_00150_patch.tiff,patch_101,5.57807,2.9956717,5.055114,14.363771,-2.527838
batch_00150_patch.tiff,patch_102,8.031406,12.943056,5.36037,22.423784,-5.3901424
batch_00150_patch.tiff,patch_103,9.349434,12.530544,0.856768,20.90741,-1.9878193
batch_00150_patch.tiff,patch_104,7.2854166,11.343616,-2.1250958,19.291742,-0.0040403767
batch_00150_patch.tiff,patch_105,12.235972,16.005285,-1.6787065,22.870197,-3.5923696
batch_00150_patch.tiff,patch_106,6.1205554,10.848392,3.1503525,19.697893,-0.83726746
batch_00150_patch.tiff,patch_107,10.7182,16.092007,0.45551917,18.898111,-1.5729796
batch_00150_patch.tiff,patch_108,10.336293,12.117279,3.2117941,23.971724,4.1829886
batch_00150_patch.tiff,patch_109,10.177709,14.958092,5.7047744,21.6138,3.3276396
batch_00150_patch.tiff,patch_110,3.1197486,9.382684,3.8268373,16.356182,-2.8819392
batch_00150_patch.tiff,patch_111,3.5719333,7.020357,2.7722,15.714039,-0.65234673
batch_00150_patch.tiff,patch_112,8.674773,11.31183,0.96336687,22.662771,1.0898536
batch_00150_patch.tiff,patch_113,7.8211775,8.721342,-3.5719934,16.89721,6.1314344
batch_00150_patch.tiff,patch_114,8.585237,13.408677,-1.461603,21.479343,-0.50734264
batch_00150_patch.tiff,patch_115,9.512329,10.513415,-1.491759,17.372862,0.37378058
batch_00150_patch.tiff,patch_116,8.485914,12.090415,3.260745,20.757132,-2.5842183
batch_00150_patch.tiff,patch_117,11.157382,12.347043,2.351785,19.968977,-3.5931773
batch_00150_patch.tiff,patch_118,8.5351515,14.188134,-1.5771704,19.571203,-0.86381525
batch_00150_patch.tiff,patch_119,10.6949835,12.393331,2.048511,19.487827,-3.2598138
batch_00150_patch.tiff,patch_120,10.994001,12.498226,3.0708838,23.80756,2.6707408
batch_00150_patch.tiff,patch_121,12.641555,14.874317,2.2496245,25.159294,3.385429
batch_00150_patch.tiff,patch_122,7.1219797,10.203431,3.822496,15.866186,-1.5990384
batch_00150_patch.tiff,patch_123,6.543656,4.7411723,8.007941,15.255633,-3.0058768
batch_00150_patch.tiff,patch_124,8.249656,2.2830396,8.26071,14.403094,-3.7020097
batch_00150_patch.tiff,patch_125,8.029906,5.6478195,11.645838,15.554483,-5.5033545
batch_00150_patch.tiff,patch_126,7.7212343,12.010457,0.3829165,20.518372,0.97776437
batch_00150_patch.tiff,patch_127,10.172554,15.188134,6.870464,24.636429,-9.506117
batch_00150_patch.tiff,patch_128,10.585072,12.029955,4.2948976,22.621376,-3.6027606
batch_00150_patch.tiff,patch_129,10.424035,11.701164,6.351363,22.017054,-0.59284675
batch_00150_patch.tiff,patch_130,9.476313,11.565414,3.0419135,22.003906,-4.494412
batch_00150_patch.tiff,patch_131,8.688011,13.203367,7.8083754,21.558918,-5.202197
batch_00150_patch.tiff,patch_132,9.425651,11.8703985,1.3828256,23.7605,4.147688
batch_00150_patch.tiff,patch_133,11.200838,9.946023,2.11284,21.715925,6.064574
batch_00150_patch.tiff,patch_134,6.8065443,6.6938996,4.8152685,15.722171,-1.3247592
batch_00150_patch.tiff,patch_135,9.166774,6.4973493,7.398035,15.555906,-3.9138515
batch_00150_patch.tiff,patch_136,10.209101,4.472088,6.3030148,14.46991,-1.8967546
batch_00150_patch.tiff,patch_137,10.103338,6.138032,9.643799,16.739359,-4.1070642
batch_00150_patch.tiff,patch_138,10.602549,9.636914,2.2487056,19.620567,-2.0867314
batch_00150_patch.tiff,patch_139,9.924746,10.609242,6.597276,20.677216,-2.2371144
batch_00150_patch.tiff,patch_140,5.2760468,11.241342,1.9500978,20.82876,-5.108904
batch_00150_patch.tiff,patch_141,0.45067006,4.36598,0.87053055,15.028338,-7.1004453
batch_00150_patch.tiff,patch_142,12.172528,13.226416,1.5376318,20.902704,-5.7577267
batch_00150_patch.tiff,patch_143,10.6304035,9.408846,1.8781984,21.36857,2.5631225
batch_00150_patch.tiff,patch_144,9.304652,10.592506,0.93521315,24.400032,2.0489652
batch_00150_patch.tiff,patch_145,10.163931,14.240953,1.4504596,25.069736,6.4741597
batch_00150_patch.tiff,patch_146,10.615539,13.177211,0.78996885,21.067698,-0.71951014
batch_00150_patch.tiff,patch_147,6.1205583,4.6322923,7.7743106,12.776723,-5.1771655
batch_00150_patch.tiff,patch_148,8.461655,7.9876227,6.338898,16.682095,-1.7933096
batch_00150_patch.tiff,patch_149,8.203568,8.791126,2.93638,17.508287,-1.00933
batch_00150_patch.tiff,patch_150,9.97471,10.762858,1.4919081,22.028605,-1.086165
batch_00150_patch.tiff,patch_151,7.3308325,10.276574,10.752605,20.125546,-3.3448029
batch_00150_patch.tiff,patch_152,17.23363,7.913179,7.239363,21.476393,-3.6628885
batch_00150_patch.tiff,patch_153,19.796688,10.656519,10.252118,26.326708,-4.58179
batch_00150_patch.tiff,patch_154,11.312705,12.568617,-4.7461543,17.958519,-5.7507915
batch_00150_patch.tiff,patch_155,12.232152,16.169107,-2.535851,21.60232,0.50997883
batch_00150_patch.tiff,patch_156,12.523223,10.766005,3.8233376,22.951668,5.550413
batch_00150_patch.tiff,patch_157,8.61916,9.679974,6.0638022,19.985804,1.6645681
batch_00150_patch.tiff,patch_158,4.958857,10.677128,2.374825,18.210949,-1.070932
batch_00150_patch.tiff,patch_159,3.2615304,8.342226,1.3372253,15.3684,-3.0251334
batch_00150_patch.tiff,patch_160,4.4350214,10.760723,4.8177056,19.699373,-3.6749814
batch_00150_patch.tiff,patch_161,8.295776,7.2014647,7.233774,18.625883,-3.413768
batch_00150_patch.tiff,patch_162,8.099025,8.81917,3.6841924,18.953886,-3.3598905
batch_00150_patch.tiff,patch_163,10.968642,15.091288,4.474322,24.833061,-5.383038
batch_00150_patch.tiff,patch_164,17.482307,6.5003576,8.057501,22.363363,-6.145033
batch_00150_patch.tiff,patch_165,13.841631,4.9939847,8.678323,22.343903,-10.621745
batch_00150_patch.tiff,patch_166,9.456251,11.901677,-2.8882046,18.094587,-0.46550295
batch_00150_patch.tiff,patch_167,13.23782,11.337976,-4.6903863,19.102802,-2.3018909
batch_00150_patch.tiff,patch_168,8.167461,9.982752,3.541705,22.30599,1.3287903
batch_00150_patch.tiff,patch_169,7.725053,11.840337,2.1899428,22.075773,0.8985756
batch_00150_patch.tiff,patch_170,7.3816376,8.211048,0.85892534,16.263138,1.3748912
batch_00150_patch.tiff,patch_171,6.0350156,3.8253813,2.2195365,16.40115,2.7220352
batch_00150_patch.tiff,patch_172,6.765683,10.829132,-1.1646347,19.429974,2.065601
batch_00150_patch.tiff,patch_173,6.7102523,9.013816,2.4313598,17.063648,6.331472
batch_00150_patch.tiff,patch_174,4.4971704,7.281767,-1.4257368,18.446589,-4.4580646
batch_00150_patch.tiff,patch_175,7.4088235,16.83314,2.5005314,24.720825,-2.7077446
batch_00150_patch.tiff,patch_176,9.102533,9.362543,6.904389,21.037218,-4.861522
batch_00150_patch.tiff,patch_177,9.76279,12.320442,-1.2492707,20.320127,4.0087934
batch_00150_patch.tiff,patch_178,9.878021,12.754365,-1.3509119,20.9443,1.8955778
batch_00150_patch.tiff,patch_179,13.391327,13.022805,0.3809057,19.38603,1.929577
batch_00150_patch.tiff,patch_180,7.509934,9.5723505,0.3357338,21.018274,3.6970422
batch_00150_patch.tiff,patch_181,7.0287185,10.243143,-0.80570966,20.855696,2.3638043
batch_00200_patch.tiff,patch_0,7.359765,11.824424,-0.6849848,22.052351,4.737098
batch_00200_patch.tiff,patch_1,9.1740885,13.763478,-0.6019905,18.138227,-0.09762198
batch_00200_patch.tiff,patch_2,8.75808,3.6494029,7.297905,16.23412,-1.5700133
batch_00200_patch.tiff,patch_3,9.007908,7.670913,7.0467315,21.698257,6.612525
batch_00200_patch.tiff,patch_4,0.5059829,4.891511,7.604745,13.38575,-9.949215
batch_00200_patch.tiff,patch_5,5.415154,7.354366,11.047511,16.607773,-9.284066
batch_00200_patch.tiff,patch_6,17.53947,11.325208,14.084158,22.081512,-2.2620246
batch_00200_patch.tiff,patch_7,15.577853,14.556625,9.032088,27.350386,-6.168876
batch_00200_patch.tiff,patch_8,5.719254,6.684977,-1.9055734,17.036352,1.0371212
batch_00200_patch.tiff,patch_9,4.627293,7.3462195,-3.8060112,18.869505,1.3670131
batch_00200_patch.tiff,patch_10,8.419223,5.881318,4.991415,18.985617,-5.3156724
batch_00200_patch.tiff,patch_11,9.434239,9.851353,8.928961,21.67589,-2.7010694
batch_00200_patch.tiff,patch_12,11.668519,9.07754,2.2771542,18.24466,-2.6827438
batch_00200_patch.tiff,patch_13,9.438298,11.97824,2.6934419,22.919382,3.0323043
batch_00200_patch.tiff,patch_14,12.590085,11.58126,2.1760597,21.446424,4.224266
batch_00200_patch.tiff,patch_15,7.3048453,10.095019,-0.67960614,19.593994,8.856572
batch_00200_patch.tiff,patch_16,11.406345,6.3586793,7.103049,22.268606,3.7070987
batch_00200_patch.tiff,patch_17,6.0235763,10.137272,6.6550884,16.99799,-8.032472
batch_00200_patch.tiff,patch_18,6.0003943,7.0047736,12.915773,16.798267,-6.0701213
batch_00200_patch.tiff,patch_19,13.254872,9.795543,8.9319515,23.967436,-5.415457
batch_00200_patch.tiff,patch_20,15.76154,9.295381,6.442746,27.319344,-5.1508937
batch_00200_patch.tiff,patch_21,7.461364,4.523707,0.8012247,15.89045,-2.3547566
batch_00200_patch.tiff,patch_22,6.534915,7.0946097,-0.025134385,19.114779,2.2328134
batch_00200_patch.tiff,patch_23,5.6090097,5.326578,6.3857985,15.612792,-9.627019
batch_00200_patch.tiff,patch_24,7.9158354,10.0140915,3.5825632,21.39926,-2.2610416
batch_00200_patch.tiff,patch_25,5.800928,7.676671,-0.9366401,15.677527,-5.5093803
batch_00200_patch.tiff,patch_26,9.417024,10.477909,1.3456904,23.265364,4.3677616
batch_00200_patch.tiff,patch_27,9.444976,10.192758,1.3643236,21.486698,2.5711553
batch_00200_patch.tiff,patch_28,11.978816,11.504422,1.6807876,22.254835,0.27041274
batch_00200_patch.tiff,patch_29,16.446154,8.381118,2.5719843,22.931957,1.558941
batch_00200_patch.tiff,patch_30,4.7252517,7.343584,-0.58497405,11.488046,-13.639773
batch_00200_patch.tiff,patch_31,7.8710866,4.4723973,9.754,18.126232,-2.2909963
batch_00200_patch.tiff,patch_32,17.620476,6.0247226,15.046214,21.765038,-4.2652855
batch_00200_patch.tiff,patch_33,17.86393,8.954686,3.9562485,21.779764,-9.033564
batch_00200_patch.tiff,patch_34,8.589547,5.763958,-0.5050301,21.205475,1.6539757
batch_00200_patch.tiff,patch_35,6.446909,3.051875,-0.57953036,18.207174,3.271126
batch_00200_patch.tiff,patch_36,6.150251,9.196616,3.8755116,15.503901,-5.8633695
batch_00200_patch.tiff,patch_37,6.239721,7.2714024,3.409137,18.600817,-7.4681396
batch_00200_patch.tiff,patch_38,11.872253,10.68028,8.428708,20.888565,-0.8820184
batch_00200_patch.tiff,patch_39,7.413739,11.018059,11.048911,20.243538,-1.6687301
batch_00200_patch.tiff,patch_40,7.778761,10.957021,5.586959,21.217638,2.319375
batch_00200_patch.tiff,patch_41,16.286703,7.0959,6.1730227,18.5716,4.978389
batch_00200_patch.tiff,patch_42,10.0507965,6.637181,-0.083214544,18.185654,7.2627363
batch_00200_patch.tiff,patch_43,1.2709874,8.900068,-0.8082574,15.312864,-7.393255
batch_00200_patch.tiff,patch_44,9.559209,8.900161,11.842692,20.365961,-6.7889204
batch_00200_patch.tiff,patch_45,17.084984,6.1903596,10.360072,21.889627,-4.343415
batch_00200_patch.tiff,patch_46,16.125708,11.677786,4.490056,21.728666,-10.074378
batch_00200_patch.tiff,patch_47,6.671701,5.7586575,-1.5692304,20.020302,0.4541858
batch_00200_patch.tiff,patch_48,8.936891,2.2626908,-0.1341747,20.558174,2.6268358
batch_00200_patch.tiff,patch_49,5.149855,7.892804,3.1861389,16.842674,-5.1689825
batch_00200_patch.tiff,patch_50,5.807392,5.265906,0.48896253,16.721193,-5.08617
batch_00200_patch.tiff,patch_51,7.215935,5.9694376,1.8976398,17.14477,-2.7542565
batch_00200_patch.tiff,patch_52,9.369999,6.557253,5.070984,19.336014,-3.9908311
batch_00200_patch.tiff,patch_53,13.460538,10.016892,7.8325157,19.31809,-3.429333
batch_00200_patch.tiff,patch_54,13.265929,10.6013155,8.087514,21.567778,2.4965358
batch_00200_patch.tiff,patch_55,13.614406,10.061986,8.683186,22.005499,2.8066723
batch_00200_patch.tiff,patch_56,4.3090672,6.44732,5.285112,16.760904,-0.58127457
batch_00200_patch.tiff,patch_57,6.505871,9.492724,3.7430775,16.582611,-4.3887563
batch_00200_patch.tiff,patch_58,10.990145,6.65455,0.83221626,18.595673,4.664915
batch_00200_patch.tiff,patch_59,9.314466,5.935593,8.962691,17.792112,-1.6327523
batch_00200_patch.tiff,patch_60,6.863432,3.8512933,1.8433932,15.977679,-3.465249
batch_00200_patch.tiff,patch_61,5.8133225,6.4916825,-0.07108003,18.90887,-1.2466959
batch_00200_patch.tiff,patch_62,8.277221,8.88637,7.2873225,17.87089,-7.343741
batch_00200_patch.tiff,patch_63,9.248599,8.470579,1.2504717,17.185112,-4.408564
batch_00200_patch.tiff,patch_64,17.182001,9.388089,13.572601,25.855656,-4.559735
batch_00200_patch.tiff,patch_65,16.854431,11.207139,14.149139,26.365578,-8.495088
batch_00200_patch.tiff,patch_66,7.949005,6.6800623,7.0422792,18.503723,3.0947347
batch_00200_patch.tiff,patch_67,12.047366,9.915602,7.4012046,19.16933,3.7001994
batch_00200_patch.tiff,patch_68,8.167017,4.481177,5.8931847,17.696459,-2.5518653
batch_00200_patch.tiff,patch_69,6.132743,6.320986,9.899404,14.70004,-6.156305
batch_00200_patch.tiff,patch_70,12.596832,12.01417,0.41135678,16.587934,-2.6513858
batch_00200_patch.tiff,patch_71,5.679832,11.06186,8.369324,18.913927,-5.1962767
batch_00200_patch.tiff,patch_72,4.148421,5.7583404,-1.5048367,16.715643,-2.7143722
batch_00200_patch.tiff,patch_73,3.370844,2.0211868,-2.364178,13.420311,-2.63153
batch_00200_patch.tiff,patch_74,4.4749174,6.8471055,-1.7075117,16.861858,-4.622866
batch_00200_patch.tiff,patch_75,5.262571,7.992302,2.5816429,16.786627,-5.3530984
batch_00200_patch.tiff,patch_76,13.40427,10.2971525,7.6016088,23.03705,2.986807
batch_00200_patch.tiff,patch_77,9.984383,12.387648,1.5098944,26.46729,2.5816448
batch_00200_patch.tiff,patch_78,12.4524,7.4837856,6.979985,19.283161,1.0944637
batch_00200_patch.tiff,patch_79,5.7380934,4.479952,7.855019,16.124935,-3.8405318
batch_00200_patch.tiff,patch_80,5.247824,6.186047,5.554236,15.071949,-7.6130223
batch_00200_patch.tiff,patch_81,6.492892,13.349977,2.7052844,16.542625,-5.770478
batch_00200_patch.tiff,patch_82,6.458998,8.425101,6.795032,15.772684,-6.9519615
batch_00200_patch.tiff,patch_83,5.901998,10.071642,2.4539661,22.00393,-4.064534
batch_00200_patch.tiff,patch_84,9.681109,6.716869,-3.03044,18.55111,-0.7017311
batch_00200_patch.tiff,patch_85,3.6837595,3.0105696,-1.9656575,15.046985,-1.8343884
batch_00200_patch.tiff,patch_86,5.904706,10.166875,0.5240953,18.802643,-6.0496035
batch_00200_patch.tiff,patch_87,5.4344583,9.007228,1.3476894,18.319952,-3.4744425
batch_00200_patch.tiff,patch_88,6.7804685,10.889714,4.1892962,19.74757,1.7868624
batch_00200_patch.tiff,patch_89,9.082082,8.923893,4.4946356,20.255184,4.528755
batch_00200_patch.tiff,patch_90,14.012988,9.050923,5.979061,19.824844,2.7271495
batch_00200_patch.tiff,patch_91,11.387139,6.9225335,2.4037454,21.130152,5.473482
batch_00200_patch.tiff,patch_92,9.950041,9.450369,0.6819196,15.138141,-2.7901294
batch_00200_patch.tiff,patch_93,3.5013309,12.735366,3.8682296,15.972703,-8.044589
batch_00200_patch.tiff,patch_94,7.263561,9.05235,7.95656,16.748493,-3.841448
batch_00200_patch.tiff,patch_95,7.821311,8.13191,1.8744041,19.416582,-0.47796324
batch_00200_patch.tiff,patch_96,6.1602182,5.4602304,-1.4115801,15.207754,-2.8048632
batch_00200_patch.tiff,patch_97,3.5796425,8.479415,-0.34211338,17.275702,2.515298
batch_00200_patch.tiff,patch_98,3.4719546,10.886832,-1.5859534,16.631613,-6.6631083
batch_00200_patch.tiff,patch_99,6.328948,8.351916,-0.18144028,18.05795,-3.1610599
batch_00200_patch.tiff,patch_100,12.630208,7.8826437,11.193097,20.97997,-0.56328547
batch_00200_patch.tiff,patch_101,9.115616,9.084508,5.932598,20.495953,1.3903883
batch_00200_patch.tiff,patch_102,14.256321,7.4616914,3.677303,19.242382,-2.798959
batch_00200_patch.tiff,patch_103,12.581259,5.7465186,2.995103,18.415071,6.2180295
batch_00200_patch.tiff,patch_104,1.9493744,6.8447304,4.0193496,17.999523,-4.847344
batch_00200_patch.tiff,patch_105,5.29253,11.218637,2.2196422,16.605856,-5.192214
batch_00200_patch.tiff,patch_106,6.7347746,7.7300134,-0.8480542,20.266981,-2.6152477
batch_00200_patch.tiff,patch_107,10.471342,12.621542,2.0615213,22.271536,-9.170285
batch_00200_patch.tiff,patch_108,13.138549,2.8218057,13.413242,20.191511,-8.911789
batch_00200_patch.tiff,patch_109,20.173283,9.1406975,9.941616,24.336132,-3.8104057
batch_00200_patch.tiff,patch_110,4.4336343,7.9922132,3.5325816,19.925726,-9.161128
batch_00200_patch.tiff,patch_111,3.315094,8.655527,0.7319339,18.343895,-3.3539176
batch_00200_patch.tiff,patch_112,8.874916,11.624858,4.1883326,22.067278,0.92358655
batch_00200_patch.tiff,patch_113,13.25802,13.412582,4.641348,24.334929,1.1407746
batch_00200_patch.tiff,patch_114,12.141068,6.341614,5.917548,17.268105,3.680297
batch_00200_patch.tiff,patch_115,17.584044,5.5320253,1.9580114,18.84056,2.165248
batch_00200_patch.tiff,patch_116,8.007743,4.9332795,1.4359394,15.044296,-0.6779381
batch_00200_patch.tiff,patch_117,7.0381203,9.601529,2.8719058,16.129797,-4.8304462
batch_00200_patch.tiff,patch_118,4.832039,4.9353127,-0.5688342,16.860695,-2.4089308
batch_00200_patch.tiff,patch_119,11.1301985,6.440209,2.1044464,18.460531,-3.4135408
batch_00200_patch.tiff,patch_120,17.452518,4.7808967,4.234618,21.503077,0.7913766
batch_00200_patch.tiff,patch_121,13.135064,14.098677,11.2998085,22.91959,-6.2180433
batch_00200_patch.tiff,patch_122,5.463345,8.274556,1.0956111,16.3049,-5.9854546
batch_00200_patch.tiff,patch_123,5.6517134,8.786481,-3.1035624,17.569874,-1.1263813
batch_00200_patch.tiff,patch_124,7.80349,13.015802,2.0492923,22.2694,2.753317
batch_00200_patch.tiff,patch_125,8.411057,10.275294,2.5259922,21.022095,3.673918
batch_00200_patch.tiff,patch_126,17.004179,5.3888764,6.830362,23.509954,-2.6768475
batch_00200_patch.tiff,patch_127,13.821357,5.3849273,12.227669,23.843342,-7.861168
batch_00200_patch.tiff,patch_128,5.8089542,8.998312,7.93128,15.684864,-1.5705204
batch_00200_patch.tiff,patch_129,4.20897,8.322832,7.9732876,16.878267,-2.7115543
batch_00200_patch.tiff,patch_130,7.931843,7.780626,-0.8782571,18.558926,-3.5295103
batch_00200_patch.tiff,patch_131,8.241611,7.3383,-2.801653,17.695366,0.92762774
batch_00200_patch.tiff,patch_132,3.7389054,6.5365987,-3.3917542,19.07978,-0.09141106
batch_00200_patch.tiff,patch_133,4.6047854,5.315862,-2.6806865,17.40513,1.3765411
batch_00200_patch.tiff,patch_134,7.9957094,10.115312,7.5700526,19.424725,-4.884248
batch_00200_patch.tiff,patch_135,10.052763,6.476758,12.217591,17.335958,-6.8217497
batch_00200_patch.tiff,patch_136,7.4228206,12.094203,3.25244,24.251316,2.5878675
batch_00200_patch.tiff,patch_137,8.624864,11.493302,1.4436846,22.253973,2.4925153
batch_00200_patch.tiff,patch_138,17.824404,8.522963,16.032616,25.142595,-9.432606
batch_00200_patch.tiff,patch_139,11.929884,10.806732,13.155999,24.901995,-8.88724
batch_00200_patch.tiff,patch_140,3.476346,8.855343,5.7654257,17.732218,-3.7872512
batch_00200_patch.tiff,patch_141,11.696779,8.716776,14.420888,19.519316,-2.4823852
batch_00200_patch.tiff,patch_142,4.1872525,9.544616,-0.9406285,21.074408,-3.8931468
batch_00200_patch.tiff,patch_143,4.472233,8.345221,-4.9590616,17.642765,-4.033425
batch_00200_patch.tiff,patch_144,7.550211,8.972725,-0.2063785,18.836021,-3.951133
batch_00200_patch.tiff,patch_145,7.2568593,6.8418865,-0.7360186,18.709446,-1.3435763
batch_00200_patch.tiff,patch_146,6.98598,7.664345,7.4738894,17.548735,-4.750787
batch_00200_patch.tiff,patch_147,8.922833,9.12106,10.257132,19.867907,-7.4619045
batch_00200_patch.tiff,patch_148,14.01287,9.228866,8.005295,19.204956,-3.7010088
batch_00200_patch.tiff,patch_149,9.233341,7.7667327,5.368094,18.605,-5.9207864
batch_00200_patch.tiff,patch_150,3.264069,6.489279,7.2855773,16.613771,-6.812805
batch_00200_patch.tiff,patch_151,2.8020258,4.882755,5.9573517,14.840929,-7.0196276
batch_00200_patch.tiff,patch_152,4.512143,7.0169744,4.408687,18.857546,-2.9279828
batch_00200_patch.tiff,patch_153,7.331336,13.527781,9.01392,16.086897,-5.925463
batch_00200_patch.tiff,patch_154,6.7787223,6.9058547,-1.9034315,17.1223,0.9810526
batch_00200_patch.tiff,patch_155,8.150817,7.909718,-2.6109881,19.92047,2.3077257
batch_00200_patch.tiff,patch_156,5.541409,3.0840154,-0.30926937,19.174383,2.9518037
batch_00200_patch.tiff,patch_157,8.362791,5.0999126,0.39829773,18.150112,1.4715204
batch_00200_patch.tiff,patch_158,8.660425,8.880047,7.7407284,17.688837,-9.202096
batch_00200_patch.tiff,patch_159,10.236831,6.9776587,0.33427915,19.000364,-4.336226
batch_00200_patch.tiff,patch_160,14.166666,12.173765,6.657926,21.785057,7.907758
batch_00200_patch.tiff,patch_161,14.197488,7.7435923,11.43978,16.516726,-5.7510777
batch_00200_patch.tiff,patch_162,1.9262192,7.4810114,7.40222,15.244832,-11.393326
batch_00200_patch.tiff,patch_163,5.0694456,7.591205,6.802783,20.241314,-10.812064
batch_00200_patch.tiff,patch_164,6.2693357,10.078331,3.7625136,16.28064,-6.6914554
batch_00200_patch.tiff,patch_165,3.7811933,9.486632,5.788249,16.843344,-7.7790856
batch_00200_patch.tiff,patch_166,5.006322,7.365998,-2.1126204,18.805775,0.23919995
batch_00200_patch.tiff,patch_167,8.430816,7.3609934,0.07001184,20.053698,0.97051203
batch_00200_patch.tiff,patch_168,6.9214473,7.509185,-0.4478137,20.11642,3.0523243
batch_00200_patch.tiff,patch_169,8.03814,6.070043,1.8664988,17.587067,-0.83348113
batch_00200_patch.tiff,patch_170,8.229662,8.713562,2.4836419,18.505154,-6.542588
batch_00200_patch.tiff,patch_171,10.610133,12.088299,2.631183,18.339823,-6.809711
batch_00200_patch.tiff,patch_172,6.4272575,8.337683,-0.08896444,18.83125,9.811148
batch_00200_patch.tiff,patch_173,9.267228,11.082366,3.5461583,20.156813,7.652953
batch_00200_patch.tiff,patch_174,9.747752,8.625957,10.780127,18.148642,-8.946561
batch_00200_patch.tiff,patch_175,8.498145,10.695525,5.1657014,21.491577,-6.839657
batch_00200_patch.tiff,patch_176,5.1547422,8.043957,0.43796542,16.806004,-2.0527873
batch_00200_patch.tiff,patch_177,10.956132,7.713459,8.922155,15.991178,-2.0013056
batch_00200_patch.tiff,patch_178,13.821099,8.862481,0.4015943,22.945528,-8.240503
batch_00200_patch.tiff,patch_179,9.109025,6.2874236,-1.998798,19.743916,1.9789299
batch_00200_patch.tiff,patch_180,8.669693,5.1640563,-0.3915107,17.665203,-3.8352993
batch_00200_patch.tiff,patch_181,6.3569665,6.404291,-2.8482008,19.919363,2.2234454
batch_00200_patch.tiff,patch_182,15.686708,8.154958,10.742424,24.870253,-8.496805
batch_00200_patch.tiff,patch_183,16.322828,7.6433787,12.2417145,19.963085,-6.4441104
batch_00250_patch.tiff,patch_0,6.922335,6.628124,1.9466673,15.313792,-5.6403613
batch_00250_patch.tiff,patch_1,6.585807,4.1336775,1.5715863,13.920353,-3.1789293
batch_00250_patch.tiff,patch_2,13.2309065,8.294634,8.433185,21.063381,-8.540463
batch_00250_patch.tiff,patch_3,17.199745,7.4878488,-0.28648508,19.250546,-8.475025
batch_00250_patch.tiff,patch_4,16.28527,3.3166804,0.6238693,17.16224,2.204349
batch_00250_patch.tiff,patch_5,10.105278,4.1640196,6.212757,16.5096,2.4157677
batch_00250_patch.tiff,patch_6,13.647069,3.6323416,1.5243016,11.802672,-5.944329
batch_00250_patch.tiff,patch_7,13.514976,5.3244886,5.047541,13.663616,-4.4972982
batch_00250_patch.tiff,patch_8,13.287437,3.9218087,4.5307856,17.269997,-1.1754452
batch_00250_patch.tiff,patch_9,12.451801,6.009526,9.578148,20.47691,-2.3008986
batch_00250_patch.tiff,patch_10,13.866108,6.7920976,1.374552,19.281378,4.0535417
batch_00250_patch.tiff,patch_11,4.3925934,6.5158925,-1.171472,20.359879,-1.5461999
batch_00250_patch.tiff,patch_12,7.19674,5.3793077,1.4492553,17.268276,-2.2911727
batch_00250_patch.tiff,patch_13,18.539776,7.2553496,4.202896,19.933725,-2.2157884
batch_00250_patch.tiff,patch_14,17.532782,6.9328575,6.144428,23.346642,-2.1914186
batch_00250_patch.tiff,patch_15,9.888454,12.292926,-1.0616764,20.768915,-4.4158626
batch_00250_patch.tiff,patch_16,16.22713,6.4853096,-0.38533142,17.180086,4.214601
batch_00250_patch.tiff,patch_17,10.955398,11.831103,1.2763748,24.212431,-8.119295
batch_00250_patch.tiff,patch_18,8.756826,8.278178,4.3930683,23.954535,-10.850132
batch_00250_patch.tiff,patch_19,11.774798,4.1952,7.365166,17.545763,-0.6328281
batch_00250_patch.tiff,patch_20,15.074176,3.47086,7.6506352,20.137121,1.4497964
batch_00250_patch.tiff,patch_21,14.826881,4.0251594,9.357935,16.08401,-2.8049948
batch_00250_patch.tiff,patch_22,14.769539,5.6164136,10.454098,16.618647,-1.1460279
batch_00250_patch.tiff,patch_23,11.9179735,8.711069,8.8956995,22.884947,2.5064175
batch_00250_patch.tiff,patch_24,6.272131,5.1679425,-0.37948573,16.771267,-1.6234667
batch_00250_patch.tiff,patch_25,4.0246196,5.224524,4.5110564,15.752983,-4.139842
batch_00250_patch.tiff,patch_26,7.3270407,9.472002,6.1701994,21.21272,-2.6408463
batch_00250_patch.tiff,patch_27,1.954709,2.124206,3.8904278,14.300922,-4.567329
batch_00250_patch.tiff,patch_28,14.709981,4.2622066,-2.0564864,16.519878,-0.48950872
batch_00250_patch.tiff,patch_29,14.951689,10.182583,0.7199458,19.610071,0.55322945
batch_00250_patch.tiff,patch_30,11.305295,6.0274267,8.611838,18.110317,-2.906579
batch_00250_patch.tiff,patch_31,13.0909815,1.4065764,6.6287456,14.076534,-0.19765826
batch_00250_patch.tiff,patch_32,12.731668,9.038612,6.636048,23.943401,0.27899948
batch_00250_patch.tiff,patch_33,11.5849495,6.8722076,8.69357,19.937004,-2.7722566
batch_00250_patch.tiff,patch_34,12.586606,10.853911,9.044652,22.218655,-0.39692914
batch_00250_patch.tiff,patch_35,9.995767,5.229363,-0.17012468,14.767828,-2.945845
batch_00250_patch.tiff,patch_36,2.865851,3.7811506,2.1874895,13.902617,-5.220543
batch_00250_patch.tiff,patch_37,5.6313486,9.684292,6.205603,19.607418,-3.34976
batch_00250_patch.tiff,patch_38,5.3213167,5.5382915,5.4536877,17.208221,-5.0128493
batch_00250_patch.tiff,patch_39,17.514355,4.523611,2.9810603,15.481894,2.5665827
batch_00250_patch.tiff,patch_40,18.01817,3.7328675,0.95714796,16.272985,0.037629474
batch_00250_patch.tiff,patch_41,12.761426,11.56958,1.9547344,19.075169,-6.9934745
batch_00250_patch.tiff,patch_42,9.962617,12.692975,1.8462296,20.51779,-8.208028
batch_00250_patch.tiff,patch_43,12.776641,4.4523325,11.792937,19.030146,-4.45936
batch_00250_patch.tiff,patch_44,16.53545,3.7527957,5.717615,15.663914,1.2513119
batch_00250_patch.tiff,patch_45,16.572428,8.616562,9.369149,22.779709,-3.6287458
batch_00250_patch.tiff,patch_46,7.181804,6.4887156,3.8383567,23.465666,-6.6423535
batch_00250_patch.tiff,patch_47,15.888121,9.220571,12.812139,22.50414,-1.9161828
batch_00250_patch.tiff,patch_48,11.871115,4.4780607,2.862094,15.849327,-2.6302514
batch_00250_patch.tiff,patch_49,7.2051826,4.8403277,6.6964126,16.129194,-7.523266
batch_00250_patch.tiff,patch_50,6.2497497,6.782784,7.6921873,16.057943,-3.3431406
batch_00250_patch.tiff,patch_51,9.671006,12.333113,12.563537,21.48845,-3.0158637
batch_00250_patch.tiff,patch_52,14.773405,5.6433487,9.272225,18.176071,2.13602
batch_00250_patch.tiff,patch_53,22.297218,5.4700923,8.007462,20.647121,5.1893353
batch_00250_patch.tiff,patch_54,17.009953,12.208821,0.94305617,21.01526,1.1365464
batch_00250_patch.tiff,patch_55,19.274078,5.874233,-0.043107953,19.42885,-0.15762371
batch_00250_patch.tiff,patch_56,15.130204,7.179995,10.253019,20.942194,-1.979947
batch_00250_patch.tiff,patch_57,12.971427,3.680282,8.336101,17.560022,1.8113309
batch_00250_patch.tiff,patch_58,12.518,5.0546584,5.806825,15.774888,-1.3613719
batch_00250_patch.tiff,patch_59,14.339756,2.277833,7.4032207,14.532104,-4.282298
batch_00250_patch.tiff,patch_60,7.4342623,3.635006,-1.6364882,16.612617,-2.1993718
batch_00250_patch.tiff,patch_61,7.532104,7.5936804,6.78208,20.465578,-6.357896
batch_00250_patch.tiff,patch_62,10.001573,6.840471,12.218989,18.741823,-6.6672482
batch_00250_patch.tiff,patch_63,10.258407,11.277241,15.416463,20.126947,-4.522286
batch_00250_patch.tiff,patch_64,13.403536,5.652618,11.362709,18.954512,-0.61618465
batch_00250_patch.tiff,patch_65,15.62317,7.44863,3.862778,19.657248,2.598804
batch_00250_patch.tiff,patch_66,6.4808884,16.939796,3.0929966,18.92518,-5.3980937
batch_00250_patch.tiff,patch_67,13.481353,4.7821403,14.761925,18.634804,-6.5694375
batch_00250_patch.tiff,patch_68,13.914583,4.7533574,9.437378,19.692839,-1.559783
batch_00250_patch.tiff,patch_69,11.0835,8.945415,8.215429,18.341515,-0.24896844
batch_00250_patch.tiff,patch_70,12.05087,3.4596167,4.0375514,16.468952,0.36456594
batch_00250_patch.tiff,patch_71,4.4106812,4.7488847,6.4260845,15.955373,-6.370441
batch_00250_patch.tiff,patch_72,8.094686,4.9202733,4.1216383,16.092117,-3.5751677
batch_00250_patch.tiff,patch_73,10.893557,10.002098,5.2374763,22.88918,0.47665334
batch_00250_patch.tiff,patch_74,4.346505,7.001431,2.8645992,16.585577,-4.5662103
batch_00250_patch.tiff,patch_75,14.428129,9.901711,11.264067,23.97009,-2.2555327
batch_00250_patch.tiff,patch_76,15.657335,7.832914,12.602121,22.763859,-0.05690124
batch_00250_patch.tiff,patch_77,19.864313,6.97361,-0.1957258,18.111181,-1.59804
batch_00250_patch.tiff,patch_78,16.224318,6.5332294,1.2813665,17.329304,-4.345354
batch_00250_patch.tiff,patch_79,14.044646,4.7833295,9.902555,19.983881,0.10329641
batch_00250_patch.tiff,patch_80,18.90186,4.5503345,4.5816784,16.420551,-0.005817934
batch_00250_patch.tiff,patch_81,13.396654,3.3678293,4.417598,17.292591,0.7222242
batch_00250_patch.tiff,patch_82,12.926638,3.561858,4.3252144,16.957989,0.6118758
batch_00250_patch.tiff,patch_83,5.4038076,4.2556286,5.325879,15.082163,-3.052668
batch_00250_patch.tiff,patch_84,4.4552884,6.7274146,2.357406,16.001698,-0.45016932
batch_00250_patch.tiff,patch_85,7.2537293,7.3314757,9.371965,20.392824,-5.6159635
batch_00250_patch.tiff,patch_86,5.469581,6.01099,7.077658,16.35153,-5.671688
batch_00250_patch.tiff,patch_87,15.048395,7.653238,8.394857,22.98552,-0.770855
batch_00250_patch.tiff,patch_88,17.065578,8.682972,11.753954,22.872515,-2.2477028
batch_00250_patch.tiff,patch_89,13.496179,5.8422313,9.97762,19.58272,2.3458648
batch_00250_patch.tiff,patch_90,18.071209,5.67537,7.056511,15.210054,4.9434934
batch_00250_patch.tiff,patch_91,14.672904,3.7148864,12.194474,18.429445,-3.8837526
batch_00250_patch.tiff,patch_92,14.81892,2.2054605,-0.16223137,17.596197,-0.20543899
batch_00250_patch.tiff,patch_93,7.7910843,8.656358,-4.0576677,18.213734,1.5454054
batch_00250_patch.tiff,patch_94,8.04773,6.898643,-3.4746737,14.819192,-2.5264928
batch_00250_patch.tiff,patch_95,7.981212,7.701473,3.273764,18.047699,-2.880681
batch_00250_patch.tiff,patch_96,8.043667,5.957194,6.195126,16.449383,-5.1577697
batch_00250_patch.tiff,patch_97,11.693788,7.4206457,13.346075,19.13516,-4.710304
batch_00250_patch.tiff,patch_98,7.1549788,9.045024,7.1055484,18.11085,-3.0404425
batch_00250_patch.tiff,patch_99,15.568998,7.7419667,11.278687,22.192514,-3.3054304
batch_00250_patch.tiff,patch_100,20.664875,5.09085,8.6794195,17.577978,0.33554006
batch_00250_patch.tiff,patch_101,9.368624,5.010558,10.786599,16.497475,-5.3596773
batch_00250_patch.tiff,patch_102,13.431064,5.3938293,12.998161,18.242935,-0.81791604
batch_00250_patch.tiff,patch_103,9.538373,11.010219,5.5164866,20.483654,-2.9031098
batch_00250_patch.tiff,patch_104,6.9364033,7.1283817,7.9635944,16.43773,-0.9202875
batch_00250_patch.tiff,patch_105,9.675866,8.8213215,10.1423025,18.676506,-3.9700682
batch_00250_patch.tiff,patch_106,9.585045,5.443779,7.6704726,18.541876,-4.1048727
batch_00250_patch.tiff,patch_107,15.68341,5.2438426,11.554668,22.584156,-5.1476245
batch_00250_patch.tiff,patch_108,15.693681,4.8299227,-0.2472828,18.974096,-3.1208353
batch_00250_patch.tiff,patch_109,12.495213,15.42805,6.22741,14.545087,-4.07315
batch_00250_patch.tiff,patch_110,14.311784,0.24100614,12.172156,17.496592,-1.3512518
batch_00250_patch.tiff,patch_111,2.8168821,5.2522597,2.8420782,13.194313,-4.6708426
batch_00250_patch.tiff,patch_112,5.817305,4.7627473,5.091712,16.315538,-3.4604583
batch_00250_patch.tiff,patch_113,8.939559,9.565746,10.189905,18.224907,-4.3791013
batch_00250_patch.tiff,patch_114,8.980674,6.247413,11.576573,15.509089,-4.944856
batch_00250_patch.tiff,patch_115,11.90601,6.8465137,3.2295992,16.050207,-9.23473
batch_00250_patch.tiff,patch_116,16.600767,3.574558,4.5435314,19.14273,2.3982496
batch_00250_patch.tiff,patch_117,10.606715,4.188296,9.600214,18.820473,-4.1183014
batch_00250_patch.tiff,patch_118,3.9849062,7.7484436,7.530215,14.588355,-8.961109
batch_00250_patch.tiff,patch_119,10.56017,9.535259,11.771974,18.37666,-2.6625185
batch_00250_patch.tiff,patch_120,1.3130189,5.773529,5.644575,16.530361,-5.6149583
batch_00250_patch.tiff,patch_121,10.388766,5.481917,9.567487,18.251385,-3.4936728
batch_00250_patch.tiff,patch_122,14.294815,9.880594,6.074876,19.254553,-6.544402
batch_00250_patch.tiff,patch_123,13.958491,4.2065787,10.320753,16.276516,-6.858151
batch_00250_patch.tiff,patch_124,11.663125,11.0277,5.490975,17.519983,-3.9723592
batch_00250_patch.tiff,patch_125,12.472136,3.3354614,1.4347438,16.784197,-0.9708816
batch_00250_patch.tiff,patch_126,7.0457315,6.5638266,6.2535815,19.423683,-5.156279
batch_00250_patch.tiff,patch_127,9.345726,5.5039864,5.4933167,14.217945,0.41747832
batch_00250_patch.tiff,patch_128,7.0732384,6.1120367,9.349735,17.424107,-4.793544
batch_00250_patch.tiff,patch_129,3.122624,4.626936,5.111914,13.468371,-0.2863547
batch_00250_patch.tiff,patch_130,15.042862,10.205035,0.61400956,19.860685,-9.038758
batch_00250_patch.tiff,patch_131,17.679651,6.074261,5.17883,18.582987,1.1604577
batch_00250_patch.tiff,patch_132,14.001298,9.428036,1.2202885,26.830633,-7.196969
batch_00250_patch.tiff,patch_133,13.2342615,9.880268,4.741958,24.110971,0.25689644
batch_00250_patch.tiff,patch_134,13.798767,6.1974015,5.4996886,19.070986,4.9207106
batch_00250_patch.tiff,patch_135,10.2801,15.600909,2.1193566,19.675188,-8.547293
batch_00250_patch.tiff,patch_136,12.000744,9.550902,13.912059,19.105005,-3.900246
batch_00250_patch.tiff,patch_137,10.339313,6.3362036,14.05909,18.669136,-2.2779005
batch_00250_patch.tiff,patch_138,8.093161,6.782173,3.8331723,18.08443,-4.0263457
batch_00250_patch.tiff,patch_139,7.7353435,2.8593538,2.3535259,13.558497,-4.4482694
batch_00250_patch.tiff,patch_140,6.6944494,6.40006,6.4159718,16.812763,-0.8366411
batch_00250_patch.tiff,patch_141,9.591934,6.7636495,8.999943,18.368452,-2.832734
batch_00250_patch.tiff,patch_142,15.369982,7.290102,-1.3685873,19.957232,1.631852
batch_00250_patch.tiff,patch_143,14.862051,7.567851,17.692963,17.340807,-0.9056605
batch_00250_patch.tiff,patch_144,8.093327,5.109386,4.302537,21.537527,-4.4700146
batch_00250_patch.tiff,patch_145,13.4974785,11.028783,3.1042304,23.277958,2.4188194
batch_00250_patch.tiff,patch_146,14.493234,1.5445632,5.281608,20.03353,3.5644522
batch_00250_patch.tiff,patch_147,17.288914,4.6706295,2.097584,18.236315,2.8630419
batch_00250_patch.tiff,patch_148,14.747174,6.3399773,12.567834,18.914566,-2.9803507
batch_00250_patch.tiff,patch_149,15.5156355,7.0110617,1.6101286,12.466227,-1.1471831
batch_00250_patch.tiff,patch_150,10.664904,3.9253042,7.790718,15.078442,-7.2715683
batch_00250_patch.tiff,patch_151,12.0261135,10.605199,-0.98413277,24.328585,3.086337
batch_00250_patch.tiff,patch_152,8.186328,7.992051,11.969835,19.583172,-5.2754116
batch_00250_patch.tiff,patch_153,9.934464,12.298069,12.667893,22.483122,-2.8633332
batch_00250_patch.tiff,patch_154,14.621491,13.790225,7.763492,17.147968,-6.0539556
batch_00250_patch.tiff,patch_155,9.596064,4.8897552,2.6991217,16.824125,0.44771996
batch_00250_patch.tiff,patch_156,9.694442,5.139484,8.830722,17.706715,-1.9710991
batch_00250_patch.tiff,patch_157,10.025101,10.63867,1.3336478,21.810898,6.896872
batch_00250_patch.tiff,patch_158,9.310363,8.1238985,2.2656846,20.480328,-0.7548159
batch_00300_patch.tiff,patch_0,9.5957985,6.783469,8.29408,18.644114,-1.5712948
batch_00300_patch.tiff,patch_1,12.904751,6.426362,3.330438,20.809156,1.1652431
batch_00300_patch.tiff,patch_2,6.5954714,9.66106,10.739755,20.834648,-2.226994
batch_00300_patch.tiff,patch_3,13.923658,10.440601,13.659308,22.354502,-4.407948
batch_00300_patch.tiff,patch_4,3.8310494,9.583961,0.97586805,18.031326,2.1681647
batch_00300_patch.tiff,patch_5,5.6683702,4.38416,6.7506166,15.010316,-2.9192617
batch_00300_patch.tiff,patch_6,15.241104,7.0018935,12.839505,20.17356,-6.5017314
batch_00300_patch.tiff,patch_7,13.326672,7.9700413,6.7981377,21.762117,-2.7478848
batch_00300_patch.tiff,patch_8,13.742868,12.686065,4.8384137,23.753317,-4.14599
batch_00300_patch.tiff,patch_9,16.878962,11.899114,8.506822,22.351362,-2.4368582
batch_00300_patch.tiff,patch_10,15.970206,9.06387,10.686198,21.865152,-4.809562
batch_00300_patch.tiff,patch_11,13.218001,8.665722,4.3881574,20.974297,-0.1250806
batch_00300_patch.tiff,patch_12,10.216687,7.5665445,6.6000133,22.161938,-2.9371512
batch_00300_patch.tiff,patch_13,9.1533785,8.283778,12.116397,20.235783,-2.654739
batch_00300_patch.tiff,patch_14,8.305543,10.376485,9.995007,19.004427,-3.7555811
batch_00300_patch.tiff,patch_15,6.2004313,5.908767,6.8343263,19.168522,-5.2906284
batch_00300_patch.tiff,patch_16,8.657545,8.812893,4.1161156,24.607176,3.8710418
batch_00300_patch.tiff,patch_17,19.906223,10.218434,5.597733,22.216307,-3.9029512
batch_00300_patch.tiff,patch_18,17.243343,11.9117565,4.46594,21.541973,-1.774686
batch_00300_patch.tiff,patch_19,9.693297,7.0734186,3.913414,17.45681,-6.2511525
batch_00300_patch.tiff,patch_20,11.290585,10.780918,1.3840669,21.531897,-0.8013369
batch_00300_patch.tiff,patch_21,10.416938,13.920697,8.433144,24.854956,-7.244815
batch_00300_patch.tiff,patch_22,12.353068,6.4938545,4.0520983,19.91983,2.175842
batch_00300_patch.tiff,patch_23,12.542143,6.634885,0.8008975,20.426863,1.1834686
batch_00300_patch.tiff,patch_24,10.33854,7.0913334,4.9177794,23.20977,-1.8923532
batch_00300_patch.tiff,patch_25,10.169328,6.550219,0.25059494,16.735334,-2.7513375
batch_00300_patch.tiff,patch_26,10.825272,11.923362,11.937849,19.978012,-2.5109994
batch_00300_patch.tiff,patch_27,7.306266,5.4074154,11.698305,16.630045,-6.539787
batch_00300_patch.tiff,patch_28,6.9401894,6.177256,1.2551295,15.488239,0.77943075
batch_00300_patch.tiff,patch_29,5.861069,7.1077805,1.5356715,16.30824,-4.4241514
batch_00300_patch.tiff,patch_30,8.148172,7.6924176,4.903409,16.33339,-3.3955057
batch_00300_patch.tiff,patch_31,10.774174,11.248938,8.672372,20.879086,-1.7928421
batch_00300_patch.tiff,patch_32,15.582447,12.545044,4.271822,21.139273,-0.13061082
batch_00300_patch.tiff,patch_33,10.684639,4.0864816,-0.95231545,18.49751,-2.0730405
batch_00300_patch.tiff,patch_34,7.979303,3.6519003,0.5801791,16.83539,-0.08035193
batch_00300_patch.tiff,patch_35,13.971368,10.81622,11.927411,22.215954,-4.9022207
batch_00300_patch.tiff,patch_36,11.870464,7.8805337,-1.5000482,19.128414,2.2313354
batch_00300_patch.tiff,patch_37,11.435415,3.9668264,6.813039,20.184826,-2.6059315
batch_00300_patch.tiff,patch_38,9.150081,8.089267,-1.0567709,17.646263,-1.4780358
batch_00300_patch.tiff,patch_39,13.049939,12.275604,8.794195,22.816723,0.1623758
batch_00300_patch.tiff,patch_40,10.022494,3.411954,2.1186004,16.67801,-3.744552
batch_00300_patch.tiff,patch_41,10.995376,9.494278,0.5966718,16.99376,1.9973375
batch_00300_patch.tiff,patch_42,6.7757835,11.903113,-1.063703,19.0588,2.607484
batch_00300_patch.tiff,patch_43,10.105957,6.204779,0.8148693,17.501133,-0.59692657
batch_00300_patch.tiff,patch_44,9.258325,13.031371,7.11726,20.35034,-6.1657896
batch_00300_patch.tiff,patch_45,15.232201,11.110249,5.6914005,22.099586,-0.850082
batch_00300_patch.tiff,patch_46,9.274417,3.4319437,-1.6834195,19.42572,-2.096566
batch_00300_patch.tiff,patch_47,10.053966,3.518319,0.8201835,16.333199,-0.26611707
batch_00300_patch.tiff,patch_48,9.97226,10.676093,9.139452,22.939413,1.9631878
batch_00300_patch.tiff,patch_49,7.9102216,8.661774,0.48184228,22.299751,-3.4407094
batch_00300_patch.tiff,patch_50,10.068795,7.7539015,-6.230111,25.231707,-3.9154325
batch_00300_patch.tiff,patch_51,12.978713,8.687971,12.812844,23.266943,-2.8324797
batch_00300_patch.tiff,patch_52,12.425169,6.6482177,6.440292,20.328463,-0.76048136
batch_00300_patch.tiff,patch_53,10.1764,6.1994295,1.6333218,17.70627,-1.7518084
batch_00300_patch.tiff,patch_54,7.9264393,9.635564,-1.5847542,17.737646,3.376387
batch_00300_patch.tiff,patch_55,7.2133484,11.186633,-0.9826458,21.233221,1.3370304
batch_00300_patch.tiff,patch_56,12.931346,7.5753064,11.130847,16.8319,-4.5598574
batch_00300_patch.tiff,patch_57,14.296654,8.215719,8.745822,18.625113,-5.5942216
batch_00300_patch.tiff,patch_58,13.839848,9.404907,-2.089552,23.031229,-7.856128
batch_00300_patch.tiff,patch_59,11.094788,5.7768607,8.963755,18.525576,-4.9549837
batch_00300_patch.tiff,patch_60,13.208134,10.805165,10.640051,21.560675,-2.1586566
batch_00300_patch.tiff,patch_61,9.396884,11.383798,11.950489,20.76407,-1.1096798
batch_00300_patch.tiff,patch_62,10.684615,6.8539286,15.688419,16.075945,-7.9648886
batch_00300_patch.tiff,patch_63,10.64279,4.7831545,6.955834,18.449152,-4.179696
batch_00300_patch.tiff,patch_64,12.21812,7.2056136,6.748769,19.823208,-2.7357035
batch_00300_patch.tiff,patch_65,9.413517,7.8331017,4.4605184,19.019203,-1.7706218
batch_00300_patch.tiff,patch_66,18.051174,7.4727073,3.8227494,17.946203,-3.8879244
batch_00300_patch.tiff,patch_67,16.72552,10.245694,5.2565484,21.975048,-3.2944262
batch_00300_patch.tiff,patch_68,9.274764,11.933393,0.7815815,25.147749,-3.899329
batch_00300_patch.tiff,patch_69,7.5159492,11.150672,-0.5637043,20.71776,-4.7084465
batch_00300_patch.tiff,patch_70,11.395849,10.885461,12.833257,22.036669,-5.2878137
batch_00300_patch.tiff,patch_71,13.371437,10.873083,6.5163136,21.036558,5.499401
batch_00300_patch.tiff,patch_72,13.539387,14.755947,13.910323,22.17368,-7.9679766
batch_00300_patch.tiff,patch_73,10.607955,12.801166,9.749134,21.14419,-3.8195226
batch_00300_patch.tiff,patch_74,9.25205,5.6986604,5.911781,19.727049,-4.3476253
batch_00300_patch.tiff,patch_75,12.852671,5.8572803,8.097827,18.462877,-4.2073727
batch_00300_patch.tiff,patch_76,8.667111,5.1681,7.516851,18.537792,-4.6774316
batch_00300_patch.tiff,patch_77,10.030155,3.52316,10.703282,14.514532,-6.661547
batch_00300_patch.tiff,patch_78,10.027495,9.544213,8.994788,22.946012,-9.4442425
batch_00300_patch.tiff,patch_79,14.319405,10.712081,17.747393,25.783556,-9.313989
batch_00300_patch.tiff,patch_80,8.570666,5.615385,0.52093196,20.528254,1.1516947
batch_00300_patch.tiff,patch_81,10.514795,4.881342,-2.5215132,15.784648,2.7043707
batch_00300_patch.tiff,patch_82,14.128083,10.622425,14.990618,22.749504,-3.1319396
batch_00300_patch.tiff,patch_83,12.417368,8.863559,9.413842,20.974024,0.7504854
batch_00300_patch.tiff,patch_84,11.873004,10.125768,12.264052,20.118925,-4.5164485
batch_00300_patch.tiff,patch_85,13.122706,7.0802503,4.106327,20.325783,-1.5296512
batch_00300_patch.tiff,patch_86,13.349023,5.6624503,4.542271,13.506811,-4.297224
batch_00300_patch.tiff,patch_87,10.530695,5.5746017,7.5767813,15.881559,-3.2114887
batch_00300_patch.tiff,patch_88,8.879999,5.8864083,8.438911,17.469666,-0.8059626
batch_00300_patch.tiff,patch_89,15.091993,9.681756,9.324591,25.269894,-7.7853446
batch_00300_patch.tiff,patch_90,13.901723,10.703554,3.684553,25.303728,-8.438073
batch_00300_patch.tiff,patch_91,9.579892,6.1413116,-0.3233562,18.83282,0.46377495
batch_00300_patch.tiff,patch_92,11.455248,4.108284,1.1515104,18.620605,0.6242138
batch_00300_patch.tiff,patch_93,10.217119,10.703051,9.24208,19.61358,-2.0366051
batch_00300_patch.tiff,patch_94,8.663962,10.895534,8.48676,22.747036,-3.3713303
batch_00300_patch.tiff,patch_95,11.731904,9.753374,11.81818,21.590883,-0.71376014
batch_00300_patch.tiff,patch_96,9.878942,8.749799,-4.6534586,18.237846,7.1490803
batch_00300_patch.tiff,patch_97,9.38099,12.807242,-4.501749,19.57476,6.32895
batch_00300_patch.tiff,patch_98,8.499784,8.0512,3.2547815,19.6492,-0.24860588
batch_00300_patch.tiff,patch_99,12.416459,5.3688316,10.253255,20.031403,-4.89952
batch_00300_patch.tiff,patch_100,15.287894,10.0907,6.6775994,22.39321,-1.9118596
batch_00300_patch.tiff,patch_101,13.656479,6.733763,7.671414,21.932468,-4.1041403
batch_00300_patch.tiff,patch_102,15.908183,8.657332,4.938879,18.304144,-2.502924
batch_00300_patch.tiff,patch_103,13.606366,4.808555,-0.9517122,19.958838,-4.5148635
batch_00300_patch.tiff,patch_104,10.112665,9.244289,12.094946,18.192064,0.72225684
batch_00300_patch.tiff,patch_105,8.764711,8.464087,9.600487,22.280025,-1.6744639
batch_00300_patch.tiff,patch_106,12.520596,12.494774,12.81667,22.499151,-2.2764165
batch_00300_patch.tiff,patch_107,8.5327635,12.002975,-2.4638078,18.55774,8.085399
batch_00300_patch.tiff,patch_108,11.97842,9.129781,-1.8211889,17.684816,9.069837
batch_00300_patch.tiff,patch_109,11.796019,5.7630887,10.483195,18.633413,-5.7898993
batch_00300_patch.tiff,patch_110,6.4062285,5.5218124,5.6982074,18.75916,-6.8321815
batch_00300_patch.tiff,patch_111,19.163479,11.379349,9.246639,23.205452,-1.5945992
batch_00300_patch.tiff,patch_112,14.186831,10.305098,4.8854494,25.883432,-2.337656
batch_00300_patch.tiff,patch_113,9.087102,4.8797436,4.9709153,14.28378,-5.800534
batch_00300_patch.tiff,patch_114,7.2125516,5.0486927,-0.75717974,16.571783,-7.0352893
batch_00300_patch.tiff,patch_115,10.9991255,9.152302,10.828496,20.73201,0.33831733
batch_00300_patch.tiff,patch_116,11.143022,10.961793,11.690644,22.926325,-2.4407337
batch_00300_patch.tiff,patch_117,11.1428795,7.8329735,7.1860075,21.441288,-3.9165716
batch_00300_patch.tiff,patch_118,11.053169,6.384485,6.849782,20.103489,-5.871015
batch_00300_patch.tiff,patch_119,9.126707,6.7048864,9.2949705,18.872473,-1.4411569
batch_00300_patch.tiff,patch_120,11.567911,6.7348876,6.32232,19.199804,-0.2711681
batch_00300_patch.tiff,patch_121,8.947326,6.1314883,6.1288924,18.004843,-5.180899
batch_00300_patch.tiff,patch_122,13.007213,12.1623125,11.47743,22.167358,-1.7164652
batch_00300_patch.tiff,patch_123,14.09062,9.661153,2.3725474,21.416859,-9.565045
batch_00300_patch.tiff,patch_124,12.416984,7.3138313,9.693715,17.160099,-4.76993
batch_00300_patch.tiff,patch_125,14.206589,4.660612,1.4807181,19.892418,-1.4343115
batch_00300_patch.tiff,patch_126,10.204219,12.447477,11.475446,19.517982,-0.51141846
batch_00300_patch.tiff,patch_127,13.781139,15.810866,15.917194,23.7093,-7.0034595
batch_00300_patch.tiff,patch_128,14.646212,8.649611,8.9987755,22.392136,-7.1696253
batch_00300_patch.tiff,patch_129,9.45511,4.925934,3.254192,23.87321,-11.633241
batch_00300_patch.tiff,patch_130,12.369463,9.071762,9.59379,19.109516,-2.032764
batch_00300_patch.tiff,patch_131,9.854065,4.53153,8.879069,17.081572,-4.271265
batch_00300_patch.tiff,patch_132,6.0517616,7.5270963,5.160415,16.088268,-0.25009918
batch_00300_patch.tiff,patch_133,7.4256535,7.963489,4.0382977,19.565046,-3.4472888
batch_00300_patch.tiff,patch_134,19.134157,8.615417,2.108463,20.455843,-5.708216
batch_00300_patch.tiff,patch_135,11.770965,3.9744341,4.847807,13.681313,-9.325084
batch_00300_patch.tiff,patch_136,8.225782,6.6660004,3.4275267,18.320919,-3.4316978
batch_00300_patch.tiff,patch_137,11.188359,8.776648,8.65675,19.794842,-3.2202697
batch_00300_patch.tiff,patch_138,9.254417,10.390334,7.534507,20.987757,-0.9716891
batch_00300_patch.tiff,patch_139,12.396199,6.9764457,8.938499,19.924974,-1.5175713
batch_00300_patch.tiff,patch_140,7.889657,7.7242193,1.4422878,21.714094,5.3619423
batch_00300_patch.tiff,patch_141,12.779239,7.4407363,4.4789467,21.110008,1.116739
batch_00300_patch.tiff,patch_142,11.997016,5.947298,5.446211,18.72289,-2.9522455
batch_00300_patch.tiff,patch_143,9.70916,4.751583,0.8945371,18.573044,-1.2915256
batch_00300_patch.tiff,patch_144,13.958003,5.1941648,-0.64891624,16.498043,-0.53164154
batch_00300_patch.tiff,patch_145,12.677972,5.6554036,2.33663,16.454077,-0.95694214
batch_00300_patch.tiff,patch_146,15.808692,2.673496,11.845747,12.855222,-7.441009
batch_00300_patch.tiff,patch_147,12.336007,5.014239,7.956206,17.262947,-2.5426188
batch_00300_patch.tiff,patch_148,12.006093,14.7150345,12.444359,22.032625,-0.7159483
batch_00300_patch.tiff,patch_149,13.013111,4.1709223,7.02447,15.731202,-4.0402493
batch_00300_patch.tiff,patch_150,9.448838,8.26361,5.7142935,17.854214,-0.40691945
batch_00300_patch.tiff,patch_151,10.427623,7.327509,6.03897,18.477327,2.5383415
batch_00300_patch.tiff,patch_152,11.529197,7.289427,4.6984653,20.332642,0.09863931
batch_00300_patch.tiff,patch_153,10.041561,10.744753,1.3462017,24.467209,1.4540485
batch_00300_patch.tiff,patch_154,16.840645,6.41757,-3.245757,15.444793,-1.1386235
batch_00300_patch.tiff,patch_155,18.00842,2.5975413,-2.7158768,12.73731,-3.4334958
batch_00300_patch.tiff,patch_156,12.836852,7.1724935,-1.1550355,18.592915,0.23823856
batch_00300_patch.tiff,patch_157,12.810847,10.92152,4.760481,20.983196,-3.769851
batch_00300_patch.tiff,patch_158,12.239769,5.5728436,10.125603,15.480447,-7.471703
batch_00300_patch.tiff,patch_159,13.524239,4.1439753,11.416176,14.127314,-6.5762568
batch_00300_patch.tiff,patch_160,10.31705,7.602939,9.866377,18.9365,-0.7464867
batch_00300_patch.tiff,patch_161,8.685151,9.833527,4.696348,21.859608,-0.60249764
batch_00300_patch.tiff,patch_162,13.081092,7.039649,8.536078,21.410593,-0.13788363
batch_00300_patch.tiff,patch_163,7.8040233,8.834291,8.637515,20.214613,-5.2246633
batch_00300_patch.tiff,patch_164,12.0570755,11.75789,1.2687111,20.773848,3.4769907
batch_00300_patch.tiff,patch_165,11.081667,8.276665,-2.3493083,17.31132,3.6423066
batch_00300_patch.tiff,patch_166,7.5501823,4.970339,3.18774,17.698124,-0.13725033
batch_00300_patch.tiff,patch_167,9.968701,8.473465,-3.2183652,16.039503,0.97363406
batch_00300_patch.tiff,patch_168,12.647196,2.5321221,6.906238,17.164148,-9.133596
batch_00300_patch.tiff,patch_169,9.713461,4.865187,1.3460308,16.786177,-2.6071448
batch_00300_patch.tiff,patch_170,17.436342,6.9184713,16.292234,20.669779,-6.0077405
batch_00300_patch.tiff,patch_171,15.979324,9.970851,8.927888,22.000046,-8.486908
batch_00350_patch.tiff,patch_0,14.058784,13.242314,6.932656,26.322676,-8.835535
batch_00350_patch.tiff,patch_1,12.278709,9.763749,3.2176597,22.647978,-1.560599
batch_00350_patch.tiff,patch_2,17.95573,13.911911,8.743247,25.58062,0.6572292
batch_00350_patch.tiff,patch_3,16.18788,8.131892,4.5928555,21.459347,-3.582887
batch_00350_patch.tiff,patch_4,20.507545,4.7191486,8.2750635,20.60919,-8.23936
batch_00350_patch.tiff,patch_5,14.281292,5.9334903,0.4302207,15.957407,-1.5524392
batch_00350_patch.tiff,patch_6,6.275455,4.850494,1.4882895,17.859688,0.05755779
batch_00350_patch.tiff,patch_7,5.4137235,5.7311645,-0.5517077,18.374374,0.68276316
batch_00350_patch.tiff,patch_8,12.726329,13.120605,7.505403,20.892618,-3.5882535
batch_00350_patch.tiff,patch_9,2.073376,9.029387,-6.868538,15.213727,-2.740931
batch_00350_patch.tiff,patch_10,5.709778,8.781658,-0.47606128,18.427418,-3.9372735
batch_00350_patch.tiff,patch_11,7.0721307,7.0331926,9.448792,12.028541,0.16479345
batch_00350_patch.tiff,patch_12,11.584976,9.95643,3.3061657,24.713585,-6.3096933
batch_00350_patch.tiff,patch_13,9.681761,9.199481,2.206062,19.547108,-3.5555115
batch_00350_patch.tiff,patch_14,18.71165,10.285473,8.812919,24.425184,-2.461882
batch_00350_patch.tiff,patch_15,16.639086,7.170317,5.4975777,23.076084,-3.75195
batch_00350_patch.tiff,patch_16,11.898694,6.765176,7.7097077,19.183264,-5.727282
batch_00350_patch.tiff,patch_17,12.508523,5.15818,4.608836,16.339647,-6.108641
batch_00350_patch.tiff,patch_18,6.7063756,5.089418,0.27200446,17.89758,3.2064252
batch_00350_patch.tiff,patch_19,4.8638244,7.165607,-0.94573534,17.493713,1.3820709
batch_00350_patch.tiff,patch_20,9.1657715,10.156604,11.293577,18.028666,-8.444709
batch_00350_patch.tiff,patch_21,6.159924,7.6768994,-3.8582606,17.779152,2.4820569
batch_00350_patch.tiff,patch_22,5.677613,9.267509,-2.6618364,18.389877,-0.70301026
batch_00350_patch.tiff,patch_23,7.5790634,7.547377,6.74722,12.110834,-1.3258436
batch_00350_patch.tiff,patch_24,10.77213,7.697186,-0.8402698,20.305986,-3.2689633
batch_00350_patch.tiff,patch_25,14.327703,6.133844,-2.4428327,19.657122,1.2883999
batch_00350_patch.tiff,patch_26,6.356532,9.034159,4.5087147,13.7019005,-8.528958
batch_00350_patch.tiff,patch_27,6.174518,9.467776,9.033524,14.762543,-5.6366024
batch_00350_patch.tiff,patch_28,17.228264,8.188042,3.8187356,21.499071,-9.771025
batch_00350_patch.tiff,patch_29,4.480616,6.4649315,0.33247748,17.812187,0.25916374
batch_00350_patch.tiff,patch_30,7.472951,7.742583,0.81912804,17.751787,3.0015092
batch_00350_patch.tiff,patch_31,10.794491,9.747738,5.5538287,19.390434,-4.01635
batch_00350_patch.tiff,patch_32,4.59684,6.35015,-0.7258184,17.885937,-2.1623473
batch_00350_patch.tiff,patch_33,15.273817,8.53808,15.4333935,22.390673,-8.003567
batch_00350_patch.tiff,patch_34,19.440033,9.6620455,11.215552,20.46655,-3.597184
batch_00350_patch.tiff,patch_35,11.102261,5.917742,4.1893225,19.536999,0.4069955
batch_00350_patch.tiff,patch_36,11.872196,4.8791575,3.3762915,17.811567,0.88087595
batch_00350_patch.tiff,patch_37,8.940484,9.922736,7.06268,15.329239,-5.5829797
batch_00350_patch.tiff,patch_38,6.686849,6.2869306,4.6969485,15.425175,-1.8571943
batch_00350_patch.tiff,patch_39,14.090925,5.5771847,4.6217337,19.285145,-5.4679284
batch_00350_patch.tiff,patch_40,13.500871,7.513348,1.6373285,18.216866,-8.911662
batch_00350_patch.tiff,patch_41,4.347143,4.0516515,2.4260774,16.221859,-1.3313555
batch_00350_patch.tiff,patch_42,6.3632364,5.4213195,-0.18153557,17.139252,1.5495772
batch_00350_patch.tiff,patch_43,6.3969135,5.4692903,-1.4155499,18.153692,-3.2112424
batch_00350_patch.tiff,patch_44,4.448308,7.6549373,0.14383237,17.195469,-3.0408401
batch_00350_patch.tiff,patch_45,15.9759865,5.4049277,14.0922365,19.46271,-5.0298257
batch_00350_patch.tiff,patch_46,11.321456,10.622719,8.555434,23.104542,-6.737717
batch_00350_patch.tiff,patch_47,9.282016,6.5699344,3.6594832,17.319883,-4.8800774
batch_00350_patch.tiff,patch_48,13.682126,6.755359,3.6868355,21.911945,-5.635687
batch_00350_patch.tiff,patch_49,17.220892,8.176853,2.607239,21.05605,-3.65352
batch_00350_patch.tiff,patch_50,10.518302,5.802593,4.8038354,21.059849,-11.991792
batch_00350_patch.tiff,patch_51,7.0755076,14.0353,7.4842734,20.126364,-3.9994946
batch_00350_patch.tiff,patch_52,1.5926131,8.196429,0.1756791,12.807345,-3.447867
batch_00350_patch.tiff,patch_53,12.501935,5.661224,4.167274,18.68213,-6.3687224
batch_00350_patch.tiff,patch_54,3.410469,6.232791,-0.32091987,16.941715,1.0741475
batch_00350_patch.tiff,patch_55,1.8554436,6.1264453,1.1502645,18.96947,-0.56045073
batch_00350_patch.tiff,patch_56,6.763115,9.906067,-1.9429649,18.88473,-0.29044113
batch_00350_patch.tiff,patch_57,1.0239415,7.386991,-6.5610685,13.452949,-4.9114704
batch_00350_patch.tiff,patch_58,6.495054,6.5019155,0.9904081,19.245478,-2.2278392
batch_00350_patch.tiff,patch_59,7.162824,6.2649093,-0.26547688,20.561726,-0.07548817
batch_00350_patch.tiff,patch_60,7.395658,6.5822,-2.5959673,19.781864,-4.9269295
batch_00350_patch.tiff,patch_61,11.873274,6.950183,0.66034573,19.943796,-1.399021
batch_00350_patch.tiff,patch_62,14.236767,6.9383435,12.343552,17.338724,-8.320571
batch_00350_patch.tiff,patch_63,7.817353,8.33178,8.04343,16.097683,-6.5797095
batch_00350_patch.tiff,patch_64,0.98035574,10.533299,3.7972968,14.809425,-5.5943794
batch_00350_patch.tiff,patch_65,13.290583,7.3734326,7.479799,18.637087,-12.881842
batch_00350_patch.tiff,patch_66,5.039251,5.687547,-1.7009635,18.442427,-0.1402041
batch_00350_patch.tiff,patch_67,9.485122,6.9391904,-3.7799406,18.86032,6.1684246
batch_00350_patch.tiff,patch_68,5.8038955,7.2023163,-2.1322207,17.84406,-2.4891267
batch_00350_patch.tiff,patch_69,3.8695257,8.497292,-4.3918996,17.234674,-3.689373
batch_00350_patch.tiff,patch_70,5.6546626,10.195973,-1.7486744,17.587086,-1.709255
batch_00350_patch.tiff,patch_71,6.537911,9.606306,-6.381561,17.639713,-0.3552893
batch_00350_patch.tiff,patch_72,9.3260145,10.098659,1.1844404,19.99679,-3.251667
batch_00350_patch.tiff,patch_73,14.619689,8.075424,7.1837606,23.30204,-4.1827745
batch_00350_patch.tiff,patch_74,8.121455,8.347639,8.526815,15.042961,-5.181418
batch_00350_patch.tiff,patch_75,5.700182,4.411991,5.2778807,12.994989,-6.3946815
batch_00350_patch.tiff,patch_76,15.964274,7.385755,14.873721,20.940971,-5.996238
batch_00350_patch.tiff,patch_77,11.496355,9.476316,15.419477,26.570831,-9.633766
batch_00350_patch.tiff,patch_78,7.8036613,4.1096354,10.4109125,17.43201,-3.2333817
batch_00350_patch.tiff,patch_79,8.592072,10.409386,9.345324,21.55046,-3.747683
batch_00350_patch.tiff,patch_80,12.9997635,13.181786,3.6962774,22.509624,-15.241349
batch_00350_patch.tiff,patch_81,10.648246,13.126506,3.246214,22.75494,-8.929345
batch_00350_patch.tiff,patch_82,6.899722,6.3173,1.392841,16.657074,-4.5564795
batch_00350_patch.tiff,patch_83,3.0921466,10.33097,-5.9314218,16.696976,-3.9729152
batch_00350_patch.tiff,patch_84,12.498902,9.587821,4.0804954,19.615446,-0.62397367
batch_00350_patch.tiff,patch_85,11.718562,8.552753,4.8567085,19.851513,-3.720958
batch_00350_patch.tiff,patch_86,3.1663313,8.857449,6.50876,13.373853,-6.821045
batch_00350_patch.tiff,patch_87,5.022331,9.553355,11.43403,14.768713,-3.2513402
batch_00350_patch.tiff,patch_88,10.277751,9.730069,9.118644,25.388536,-6.3685308
batch_00350_patch.tiff,patch_89,11.430608,12.0590515,8.316595,24.35169,-7.7507076
batch_00350_patch.tiff,patch_90,3.4939282,6.889354,6.5058465,12.57575,-11.59916
batch_00350_patch.tiff,patch_91,6.7544436,11.633792,11.365523,17.627556,-8.341694
batch_00350_patch.tiff,patch_92,4.8409014,3.6529994,5.5667686,20.710575,-13.144904
batch_00350_patch.tiff,patch_93,7.868644,17.76311,8.096492,20.199383,-10.095678
batch_00350_patch.tiff,patch_94,1.3128761,11.850259,-4.2548146,15.308852,-7.336826
batch_00350_patch.tiff,patch_95,2.1466079,8.204232,-0.15766276,17.827847,-5.176165
batch_00350_patch.tiff,patch_96,13.293868,5.5657244,2.9053679,19.398079,3.9155354
batch_00350_patch.tiff,patch_97,10.018831,7.5131917,-1.4132382,17.692146,-7.54066
batch_00350_patch.tiff,patch_98,13.753862,6.660502,14.599971,19.393106,-3.5286715
batch_00350_patch.tiff,patch_99,13.110651,9.532948,10.434824,16.248886,-8.21784
batch_00350_patch.tiff,patch_100,7.3651805,8.643401,6.654732,15.36752,-8.579287
batch_00350_patch.tiff,patch_101,5.7264767,10.588081,6.3488092,15.685175,-4.2061443
batch_00350_patch.tiff,patch_102,4.4114823,17.878685,5.7405624,18.094088,-11.421761
batch_00350_patch.tiff,patch_103,8.867299,17.36308,8.252283,18.39513,-10.378712
batch_00350_patch.tiff,patch_104,-0.18420865,9.894267,-4.24364,18.319187,-8.649728
batch_00350_patch.tiff,patch_105,3.8858123,11.72623,-3.8033032,21.257559,-3.2680144
batch_00350_patch.tiff,patch_106,5.847685,4.9638987,-4.348891,14.148706,-9.701868
batch_00350_patch.tiff,patch_107,13.1329775,9.760833,-0.8933386,19.596764,-6.7998223
batch_00350_patch.tiff,patch_108,13.392878,5.2525887,-2.1877046,18.16197,-8.287559
batch_00350_patch.tiff,patch_109,16.123697,7.5805197,-0.90768325,18.95777,-7.674483
batch_00350_patch.tiff,patch_110,16.356195,5.1277947,14.073273,14.106961,-5.756439
batch_00350_patch.tiff,patch_111,13.578229,7.645037,1.1206826,16.164434,-3.5394697
batch_00350_patch.tiff,patch_112,2.8975034,11.559945,6.13509,16.376785,-5.388108
batch_00350_patch.tiff,patch_113,5.8762994,6.8157134,8.962562,18.252205,-4.9954534
batch_00350_patch.tiff,patch_114,9.132717,10.344863,7.7213087,16.840544,-7.650734
batch_00350_patch.tiff,patch_115,4.243056,10.980131,3.5840502,15.170285,-6.4711065
batch_00350_patch.tiff,patch_116,6.2703342,10.013147,-0.93335384,22.87214,-3.707683
batch_00350_patch.tiff,patch_117,8.4894905,8.592852,3.015071,19.889805,-6.534395
batch_00350_patch.tiff,patch_118,4.9970384,1.9378318,-3.2397282,13.483618,-8.616947
batch_00350_patch.tiff,patch_119,8.983875,5.1714883,-4.3569856,17.060942,-2.7385757
batch_00350_patch.tiff,patch_120,12.364936,6.700725,-3.781917,18.163952,-4.6170263
batch_00350_patch.tiff,patch_121,12.683619,9.192022,2.3487344,19.339226,-2.9074423
batch_00350_patch.tiff,patch_122,8.735036,8.774761,4.902497,17.65287,-4.4726567
batch_00350_patch.tiff,patch_123,13.783094,17.831793,5.2761083,18.60625,-5.9049916
batch_00350_patch.tiff,patch_124,4.36058,9.445693,5.0219717,13.903394,-6.1609483
batch_00350_patch.tiff,patch_125,9.362065,10.71614,7.694372,14.875245,-7.6170483
batch_00350_patch.tiff,patch_126,4.0716095,7.245136,7.810053,15.088255,-5.2128186
batch_00350_patch.tiff,patch_127,10.409915,4.671005,6.2647047,18.19905,-0.1722345
batch_00350_patch.tiff,patch_128,8.274586,9.722751,-2.8219547,17.507965,-2.0374498
batch_00350_patch.tiff,patch_129,6.515369,7.397281,-3.591272,18.040874,-0.9518732
batch_00350_patch.tiff,patch_130,7.5778275,4.5207176,-3.656696,16.7948,-6.5634313
batch_00350_patch.tiff,patch_131,9.397292,3.01749,-5.5616975,15.976455,-6.9138455
batch_00350_patch.tiff,patch_132,11.966953,6.454705,-0.86764073,17.33048,0.16717094
batch_00350_patch.tiff,patch_133,13.082858,7.5452714,-0.57480913,22.079367,-2.3995302
batch_00350_patch.tiff,patch_134,4.933725,8.403734,4.1763988,13.641961,-3.8698385
batch_00350_patch.tiff,patch_135,7.975249,4.7388897,6.860618,14.746825,-1.4273946
batch_00350_patch.tiff,patch_136,6.04064,10.462287,10.48065,18.596462,-9.776997
batch_00350_patch.tiff,patch_137,3.9723983,5.4783206,7.0408607,13.596281,-2.913239
batch_00350_patch.tiff,patch_138,6.3441067,7.323398,0.24515997,17.025906,-5.250704
batch_00350_patch.tiff,patch_139,2.0475159,10.199722,-5.8617606,14.960839,-2.9768271
batch_00350_patch.tiff,patch_140,7.880119,3.1752055,-3.366945,15.932271,-4.513653
batch_00350_patch.tiff,patch_141,11.859106,6.832223,5.2161717,19.052933,0.92505634
batch_00350_patch.tiff,patch_142,10.198956,4.975251,9.635179,16.51887,-4.750433
batch_00350_patch.tiff,patch_143,12.183124,12.858434,9.095627,19.562696,-5.718809
batch_00350_patch.tiff,patch_144,10.414785,12.591271,4.6581206,19.984695,-6.4860063
batch_00350_patch.tiff,patch_145,7.06815,4.704862,0.6259563,16.280247,0.65487146
batch_00350_patch.tiff,patch_146,3.4475965,6.1368656,0.84320986,19.21747,0.10400929
batch_00350_patch.tiff,patch_147,15.379671,13.595278,15.915945,22.551332,-6.36059
batch_00350_patch.tiff,patch_148,12.543319,10.815887,9.576057,23.604298,-1.718276
batch_00350_patch.tiff,patch_149,1.7434028,6.395459,-4.4403296,15.430908,-4.519846
batch_00350_patch.tiff,patch_150,8.102222,8.259923,-2.9627326,20.04468,-2.2855272
batch_00350_patch.tiff,patch_151,7.891468,4.613211,-4.1080627,17.9772,-5.595975
batch_00350_patch.tiff,patch_152,8.814283,3.253198,-4.6895056,18.2041,-2.7706954
batch_00350_patch.tiff,patch_153,14.210684,3.8657348,-1.0621145,13.170143,0.2024388
batch_00350_patch.tiff,patch_154,10.945334,7.63377,1.9325869,16.568823,2.4093735
batch_00350_patch.tiff,patch_155,12.985377,17.536474,-1.7339416,17.604132,-2.9107394
batch_00350_patch.tiff,patch_156,6.368734,5.4150424,-0.48085833,15.888898,-0.53798646
batch_00350_patch.tiff,patch_157,6.51612,5.948103,-0.45517707,20.008785,1.2716302
batch_00350_patch.tiff,patch_158,13.767203,10.382688,8.517689,22.970675,1.796794
batch_00350_patch.tiff,patch_159,17.45149,8.86703,15.570674,21.402466,-4.5603886
batch_00350_patch.tiff,patch_160,6.868361,7.271801,-9.026916,19.81046,1.2203517
batch_00350_patch.tiff,patch_161,5.5981574,6.724339,-4.9468923,17.648075,-2.408479
batch_00350_patch.tiff,patch_162,6.398469,3.517265,-3.5204139,16.072275,-4.567341
batch_00350_patch.tiff,patch_163,8.956883,3.1146483,-2.7390285,16.346357,-7.123697
batch_00350_patch.tiff,patch_164,12.205667,10.3838625,8.926838,17.720083,-5.7913733
batch_00350_patch.tiff,patch_165,12.090204,5.452896,13.216223,19.989561,-5.7435484
batch_00350_patch.tiff,patch_166,12.595608,8.366529,1.2096528,20.578016,1.1923532
batch_00350_patch.tiff,patch_167,12.649334,5.7011433,6.977832,19.299416,-3.8769567
batch_00350_patch.tiff,patch_168,6.15918,7.1835914,-2.327593,19.016083,3.302005
batch_00350_patch.tiff,patch_169,6.725339,7.009297,-1.7115302,19.485935,-1.873972
batch_00350_patch.tiff,patch_170,9.931905,17.718084,2.7680147,20.31019,-11.695776
batch_00350_patch.tiff,patch_171,7.755359,10.4741335,-5.7413864,19.707905,-1.1611868
batch_00350_patch.tiff,patch_172,4.5319166,6.322131,-3.6839123,15.23646,-0.675623
batch_00350_patch.tiff,patch_173,3.610539,5.1999903,-4.576622,15.7068205,-10.476643
batch_00350_patch.tiff,patch_174,10.458009,6.071077,-2.144378,15.494738,-7.0068455
batch_00400_patch.tiff,patch_0,6.333242,4.131183,8.925927,11.591157,-1.4365784
batch_00400_patch.tiff,patch_1,7.3244963,9.522003,5.634686,15.517902,-1.2675198
batch_00400_patch.tiff,patch_2,5.891306,9.525884,4.397756,20.507929,-2.6629279
batch_00400_patch.tiff,patch_3,9.733018,8.652901,8.566845,21.257141,-5.0829773
batch_00400_patch.tiff,patch_4,16.481688,10.10356,10.74112,23.751074,-2.7616029
batch_00400_patch.tiff,patch_5,17.438814,9.15905,15.1557255,22.562792,-5.3545456
batch_00400_patch.tiff,patch_6,16.482447,12.262213,11.575088,19.153126,-8.418935
batch_00400_patch.tiff,patch_7,7.3562064,14.153741,3.5624819,19.024712,-1.4037668
batch_00400_patch.tiff,patch_8,11.084533,11.84413,2.029095,21.306524,0.90261406
batch_00400_patch.tiff,patch_9,12.74255,11.232174,16.45093,18.48384,-4.80853
batch_00400_patch.tiff,patch_10,13.951529,15.443102,12.390664,22.501833,-5.97609
batch_00400_patch.tiff,patch_11,6.453707,8.334122,7.061834,15.401225,-2.712693
batch_00400_patch.tiff,patch_12,7.774116,12.727477,8.506422,19.61305,-2.1080277
batch_00400_patch.tiff,patch_13,8.692498,6.9980035,8.177582,22.93322,-5.8709183
batch_00400_patch.tiff,patch_14,6.7431884,8.558343,5.2429447,21.418697,-3.262817
batch_00400_patch.tiff,patch_15,16.387053,11.394785,12.825491,23.76869,-4.423978
batch_00400_patch.tiff,patch_16,15.570116,7.4525895,14.125695,22.476097,-5.6020665
batch_00400_patch.tiff,patch_17,9.675243,8.548892,4.4937577,17.232372,-5.383406
batch_00400_patch.tiff,patch_18,9.667803,16.962267,7.0451922,18.212952,-3.8377635
batch_00400_patch.tiff,patch_19,13.313074,8.924183,2.9292233,20.136765,-0.012907774
batch_00400_patch.tiff,patch_20,17.504568,17.506275,12.8223,22.213852,-4.545103
batch_00400_patch.tiff,patch_21,5.696638,8.974261,10.033885,16.86231,-3.2628968
batch_00400_patch.tiff,patch_22,8.800391,7.5053,13.553509,14.53961,-0.1999191
batch_00400_patch.tiff,patch_23,10.745675,6.121867,8.425922,15.046187,-3.749463
batch_00400_patch.tiff,patch_24,6.8076406,4.888411,2.0404787,14.952545,-2.4848592
batch_00400_patch.tiff,patch_25,6.0156417,9.39706,4.478697,21.317398,-2.05983
batch_00400_patch.tiff,patch_26,3.2264144,5.5525265,5.040201,20.261593,-7.4661884
batch_00400_patch.tiff,patch_27,7.612911,7.3410215,-1.797664,17.295366,-0.23448014
batch_00400_patch.tiff,patch_28,3.4747372,12.583728,-6.331141,20.064323,-1.5401888
batch_00400_patch.tiff,patch_29,8.818211,16.642145,4.934674,18.158663,-1.7479997
batch_00400_patch.tiff,patch_30,5.285039,17.609402,7.7032404,16.258333,2.8823912
batch_00400_patch.tiff,patch_31,13.737887,8.166146,12.655666,18.320957,-0.4196591
batch_00400_patch.tiff,patch_32,10.585431,12.104682,9.421606,20.146723,-3.5087624
batch_00400_patch.tiff,patch_33,12.532139,14.098549,13.557601,19.62184,-0.8642977
batch_00400_patch.tiff,patch_34,8.322377,6.6680074,9.993777,14.423867,-3.4310396
batch_00400_patch.tiff,patch_35,8.968094,6.959168,8.424368,15.387398,-2.3123572
batch_00400_patch.tiff,patch_36,7.2929106,7.506855,4.8149605,16.972021,-0.5751705
batch_00400_patch.tiff,patch_37,9.399843,12.060675,7.879599,18.336987,-6.8474326
batch_00400_patch.tiff,patch_38,5.8241405,5.4797754,10.586632,19.58946,-6.5639477
batch_00400_patch.tiff,patch_39,4.609208,5.2806325,5.0494633,17.685123,-7.627244
batch_00400_patch.tiff,patch_40,8.228555,11.037086,-0.06755299,20.631382,1.1308205
batch_00400_patch.tiff,patch_41,7.0805616,7.871061,-0.117589705,18.375002,-1.2302521
batch_00400_patch.tiff,patch_42,2.5372417,15.397336,2.534015,16.276587,-5.5159535
batch_00400_patch.tiff,patch_43,9.597727,8.407292,1.6000258,16.49563,-2.3832085
batch_00400_patch.tiff,patch_44,11.635399,8.488159,7.06138,19.648373,6.625124
batch_00400_patch.tiff,patch_45,10.194054,11.982138,9.690419,19.642046,-2.4216628
batch_00400_patch.tiff,patch_46,16.749506,6.9179807,17.664057,22.448294,-7.5685124
batch_00400_patch.tiff,patch_47,6.2167983,8.328644,3.7758558,14.822228,0.2568076
batch_00400_patch.tiff,patch_48,2.3311481,7.9762044,2.8693871,13.807128,-3.404026
batch_00400_patch.tiff,patch_49,9.863898,14.159786,-2.8610947,19.878862,-4.6891074
batch_00400_patch.tiff,patch_50,8.971096,11.113561,4.714531,20.09886,-4.5791874
batch_00400_patch.tiff,patch_51,5.334971,4.462228,0.56045574,15.487694,-2.353058
batch_00400_patch.tiff,patch_52,6.737907,11.250219,0.4709262,20.481127,-0.082774095
batch_00400_patch.tiff,patch_53,9.245068,16.216412,2.0311985,19.546694,-4.2829757
batch_00400_patch.tiff,patch_54,17.019468,8.045359,14.688799,20.625866,-3.2726998
batch_00400_patch.tiff,patch_55,7.551765,4.7306886,-0.7015271,13.100002,-4.0225368
batch_00400_patch.tiff,patch_56,6.0873356,9.962208,5.2710133,17.315458,-0.2671609
batch_00400_patch.tiff,patch_57,5.3126726,7.671204,1.3354342,19.056564,0.7412003
batch_00400_patch.tiff,patch_58,8.479036,6.640502,4.8278966,18.742325,-1.9677055
batch_00400_patch.tiff,patch_59,6.9170575,10.776846,-0.4040787,22.049286,-6.5216923
batch_00400_patch.tiff,patch_60,8.319265,6.007718,-0.16895075,18.183842,-3.519496
batch_00400_patch.tiff,patch_61,1.0986923,14.321479,0.3867492,16.746809,-8.112956
batch_00400_patch.tiff,patch_62,6.6138744,15.242101,4.7121506,19.02322,-6.996104
batch_00400_patch.tiff,patch_63,16.010576,13.2966385,15.675391,20.839025,-3.266161
batch_00400_patch.tiff,patch_64,6.766358,7.051483,9.006284,11.872145,-3.132175
batch_00400_patch.tiff,patch_65,8.043945,6.6758423,13.776594,15.922195,-1.3596992
batch_00400_patch.tiff,patch_66,4.7295732,11.60809,1.4425964,16.346756,-4.177564
batch_00400_patch.tiff,patch_67,5.571985,7.6873736,2.6184723,14.191886,-2.8578613
batch_00400_patch.tiff,patch_68,7.704276,12.2511,-3.6208754,20.864605,-1.3765563
batch_00400_patch.tiff,patch_69,9.924268,5.434887,0.8166957,18.977463,-2.2591023
batch_00400_patch.tiff,patch_70,6.199118,5.736363,1.7273412,16.048811,1.8072404
batch_00400_patch.tiff,patch_71,9.230466,7.6970086,0.46348023,17.086046,0.75293124
batch_00400_patch.tiff,patch_72,16.86779,8.382262,14.667287,21.57868,-7.0647383
batch_00400_patch.tiff,patch_73,17.62646,6.8918605,6.6041207,17.767565,-5.824273
batch_00400_patch.tiff,patch_74,9.638165,9.717634,9.454001,21.133644,0.44517428
batch_00400_patch.tiff,patch_75,14.443299,12.305437,1.0241174,23.423262,-2.9924054
batch_00400_patch.tiff,patch_76,12.1315155,8.925217,17.49229,16.41567,-3.6913419
batch_00400_patch.tiff,patch_77,9.844522,8.307707,12.080501,14.642143,-4.201275
batch_00400_patch.tiff,patch_78,10.351607,10.327732,3.6517346,17.09515,-1.1713885
batch_00400_patch.tiff,patch_79,9.089823,7.5579333,6.158269,16.66017,-4.4762506
batch_00400_patch.tiff,patch_80,9.467048,1.3576087,3.9769034,14.415448,-6.163518
batch_00400_patch.tiff,patch_81,8.581189,6.4734893,1.5680257,17.910759,-1.9299045
batch_00400_patch.tiff,patch_82,6.050377,11.580846,0.41854367,22.237497,-4.9372606
batch_00400_patch.tiff,patch_83,7.1114664,9.80247,-2.2049012,17.991749,0.61229163
batch_00400_patch.tiff,patch_84,14.766053,7.1962986,10.473379,20.410923,-5.443239
batch_00400_patch.tiff,patch_85,15.207677,13.918414,15.8093195,22.112743,-9.1707735
batch_00400_patch.tiff,patch_86,10.337745,8.164739,13.090484,15.046018,-1.6142545
batch_00400_patch.tiff,patch_87,9.862446,8.338172,10.487391,13.829923,-1.8461678
batch_00400_patch.tiff,patch_88,2.7925332,7.453362,10.396315,18.668892,-5.444205
batch_00400_patch.tiff,patch_89,10.569641,5.4341373,1.1682059,19.061142,1.3324257
batch_00400_patch.tiff,patch_90,9.305749,10.328788,0.9678314,19.929258,-2.0424812
batch_00400_patch.tiff,patch_91,10.988939,12.409266,7.5065703,15.744875,-3.9332683
batch_00400_patch.tiff,patch_92,13.439575,12.848589,3.6915996,18.57568,-5.604288
batch_00400_patch.tiff,patch_93,6.608562,14.037228,5.8910236,20.949389,-10.164168
batch_00400_patch.tiff,patch_94,11.911552,10.721738,1.7062593,18.219393,-2.8101652
batch_00400_patch.tiff,patch_95,8.64261,9.24019,8.369742,21.28536,-0.6249305
batch_00400_patch.tiff,patch_96,7.397013,9.1334,11.597942,15.038222,-3.4699295
batch_00400_patch.tiff,patch_97,7.7344837,7.8935237,-1.6076312,18.38176,-1.7589406
batch_00400_patch.tiff,patch_98,6.4321647,4.1631107,-0.9246806,18.059034,1.2487823
batch_00400_patch.tiff,patch_99,10.459126,7.8545656,2.747767,15.838221,-4.712391
batch_00400_patch.tiff,patch_100,9.688889,9.314083,3.763308,16.661005,-3.5750475
batch_00400_patch.tiff,patch_101,6.6899166,17.483322,-0.6042559,19.086123,-15.247932
batch_00400_patch.tiff,patch_102,9.312115,8.54018,-4.0707498,13.279141,-0.018541904
batch_00400_patch.tiff,patch_103,13.568557,16.05992,14.014929,18.241268,-6.5428557
batch_00400_patch.tiff,patch_104,1.0864797,10.643077,2.2978816,15.66001,-3.7980013
batch_00400_patch.tiff,patch_105,10.11953,5.9300256,10.632685,16.09287,-0.27216405
batch_00400_patch.tiff,patch_106,17.742561,10.79382,16.215738,22.716759,-6.8373995
batch_00400_patch.tiff,patch_107,16.719574,7.2958126,16.895695,22.704084,-3.264426
batch_00400_patch.tiff,patch_108,7.1488976,8.273624,-1.5427885,16.533112,-5.6156254
batch_00400_patch.tiff,patch_109,6.7237687,11.763368,-3.312979,20.798998,-4.84439
batch_00400_patch.tiff,patch_110,14.434512,12.949131,3.6524806,21.05818,-2.9128888
batch_00400_patch.tiff,patch_111,16.272081,17.37491,7.9446826,21.9393,-1.6375853
batch_00400_patch.tiff,patch_112,7.586427,17.70171,4.2275133,19.666573,-6.4158154
batch_00400_patch.tiff,patch_113,10.205287,8.190823,-0.524888,21.486164,-7.4897647
batch_00400_patch.tiff,patch_114,17.127855,9.201532,13.901513,22.311403,-6.344705
batch_00400_patch.tiff,patch_115,11.419842,8.378172,-0.80881387,20.714857,-1.8154601
batch_00400_patch.tiff,patch_116,10.901508,12.402106,3.2191272,19.539875,-3.2367673
batch_00400_patch.tiff,patch_117,13.919289,15.311631,6.313335,18.139784,-5.2335014
batch_00400_patch.tiff,patch_118,13.475099,14.435729,12.624223,21.56361,-3.918114
batch_00400_patch.tiff,patch_119,8.135544,10.252023,4.4329844,16.994495,-5.6532507
batch_00400_patch.tiff,patch_120,12.276756,12.198457,1.9245526,24.081516,-7.2805676
batch_00400_patch.tiff,patch_121,17.50903,14.6898365,10.806873,22.353838,-6.8367953
batch_00400_patch.tiff,patch_122,13.230715,13.895466,10.300819,18.548668,-5.348497
batch_00400_patch.tiff,patch_123,5.1883125,6.038326,8.299269,13.282866,-1.1008124
batch_00400_patch.tiff,patch_124,2.838045,8.41939,9.614789,9.997012,-6.6324215
batch_00400_patch.tiff,patch_125,6.6503725,8.924666,5.432569,22.92308,-4.3802843
batch_00400_patch.tiff,patch_126,8.716648,5.120767,3.3542404,19.8152,-5.285499
batch_00400_patch.tiff,patch_127,7.084282,5.976721,-0.5928636,15.087011,-1.3355501
batch_00400_patch.tiff,patch_128,6.2162385,6.8267365,3.6736221,17.03655,-0.9009457
batch_00400_patch.tiff,patch_129,14.323569,11.768989,8.707184,19.276262,-4.019612
batch_00400_patch.tiff,patch_130,10.707316,15.618477,7.279923,20.354216,-5.887101
batch_00400_patch.tiff,patch_131,5.8513136,12.986408,9.4665165,16.603222,-4.0589824
batch_00400_patch.tiff,patch_132,6.1195765,11.955106,3.5744553,18.693336,-14.40697
batch_00400_patch.tiff,patch_133,16.717346,12.631948,7.444665,27.23595,-3.9826384
batch_00400_patch.tiff,patch_134,14.778557,12.849715,10.378119,26.216007,-8.5453
batch_00400_patch.tiff,patch_135,5.626093,8.114475,7.9949856,13.385469,-1.8440567
batch_00400_patch.tiff,patch_136,7.5195293,8.859922,7.989256,23.827175,-7.307418
batch_00400_patch.tiff,patch_137,6.1687074,8.124404,6.5585794,19.793129,-5.731557
batch_00400_patch.tiff,patch_138,7.956077,14.61798,-3.9259331,23.896515,-2.614778
batch_00400_patch.tiff,patch_139,8.3811455,12.104244,5.94477,19.446035,-3.6479418
batch_00400_patch.tiff,patch_140,13.136606,12.772687,9.623663,19.149754,-5.7298827
batch_00400_patch.tiff,patch_141,10.479712,15.971341,9.759144,18.700777,-2.128436
batch_00400_patch.tiff,patch_142,4.475624,13.5698,5.0783296,18.379597,-6.8978333
batch_00400_patch.tiff,patch_143,10.040348,12.774011,3.7944791,21.093622,-9.620139
batch_00400_patch.tiff,patch_144,12.400293,7.3933396,5.036196,21.035387,-8.69188
batch_00400_patch.tiff,patch_145,11.0383415,12.308612,7.504678,25.262283,-8.296241
batch_00400_patch.tiff,patch_146,9.331241,9.692748,1.668552,17.904041,-1.7749274
batch_00400_patch.tiff,patch_147,6.748231,7.5280643,4.6459446,16.20395,-6.5883694
batch_00400_patch.tiff,patch_148,6.216799,6.1618257,2.3102531,20.13599,-4.061412
batch_00400_patch.tiff,patch_149,5.933252,6.236984,7.080775,19.586496,-4.432548
batch_00400_patch.tiff,patch_150,7.100081,9.917465,1.5872904,16.597767,1.663741
batch_00400_patch.tiff,patch_151,7.8698783,8.425427,4.803388,19.506361,-6.458305
batch_00400_patch.tiff,patch_152,12.393124,13.3884325,9.878789,21.994654,-6.1964293
batch_00400_patch.tiff,patch_153,10.711103,10.670121,-2.4600308,20.463951,-5.3614964
batch_00400_patch.tiff,patch_154,13.783324,9.158884,13.190845,21.453407,-1.5844278
batch_00400_patch.tiff,patch_155,13.680773,10.479103,12.663562,25.277468,-3.436212
batch_00450_patch.tiff,patch_0,14.764387,13.141022,12.587706,19.048618,-5.31906
batch_00450_patch.tiff,patch_1,13.091983,10.155509,7.71536,21.250399,-0.77740157
batch_00450_patch.tiff,patch_2,18.743658,9.602062,14.158197,24.014872,-7.844766
batch_00450_patch.tiff,patch_3,18.356531,10.802775,14.332844,23.53747,-6.679781
batch_00450_patch.tiff,patch_4,11.124321,4.4500966,7.738113,16.640741,-0.8287546
batch_00450_patch.tiff,patch_5,11.341021,6.7423925,6.0156016,19.437532,-5.4491744
batch_00450_patch.tiff,patch_6,9.254245,8.30217,14.409277,18.325516,-3.3541763
batch_00450_patch.tiff,patch_7,12.385838,6.89823,15.824225,19.108152,-3.6860325
batch_00450_patch.tiff,patch_8,8.262865,7.237843,3.0284472,17.490728,0.713905
batch_00450_patch.tiff,patch_9,8.167049,6.376073,-0.6528357,17.989952,4.058121
batch_00450_patch.tiff,patch_10,4.937608,7.40425,0.8190677,18.65342,-0.8829997
batch_00450_patch.tiff,patch_11,5.7778573,9.514044,-3.2244818,18.375795,4.0210857
batch_00450_patch.tiff,patch_12,7.773849,4.4114165,0.83734846,19.313011,-2.0923178
batch_00450_patch.tiff,patch_13,16.778942,5.64961,11.310845,24.604986,-2.9340413
batch_00450_patch.tiff,patch_14,12.807408,7.598256,13.387695,20.464611,-1.6714605
batch_00450_patch.tiff,patch_15,11.850405,8.303067,7.4863844,18.3601,-2.037321
batch_00450_patch.tiff,patch_16,12.819038,9.385943,6.6103053,22.242493,-1.4814332
batch_00450_patch.tiff,patch_17,11.123133,8.585424,16.475626,17.156052,-3.8466299
batch_00450_patch.tiff,patch_18,10.639239,8.0481,14.978221,18.371902,-2.7499063
batch_00450_patch.tiff,patch_19,7.356256,7.1116056,1.5690238,16.331198,-0.42610124
batch_00450_patch.tiff,patch_20,6.525353,5.7148285,-0.5690818,15.260873,0.56677854
batch_00450_patch.tiff,patch_21,2.9843256,9.856882,-5.502833,16.184614,1.9000914
batch_00450_patch.tiff,patch_22,5.297894,8.336544,-2.5963125,15.879867,2.5491223
batch_00450_patch.tiff,patch_23,7.547802,0.755957,6.1577806,17.476469,-4.202619
batch_00450_patch.tiff,patch_24,10.087061,3.7494445,8.02686,18.440895,-5.2336607
batch_00450_patch.tiff,patch_25,9.469228,5.2325606,11.069526,17.040524,-5.998345
batch_00450_patch.tiff,patch_26,9.533178,2.1874382,12.385948,17.426163,-6.7711077
batch_00450_patch.tiff,patch_27,8.996517,6.4940367,8.94128,17.308113,-3.387845
batch_00450_patch.tiff,patch_28,11.097875,6.807335,7.789443,15.40055,-4.274858
batch_00450_patch.tiff,patch_29,11.453146,7.590708,13.705556,20.143642,-3.653945
batch_00450_patch.tiff,patch_30,6.6688104,4.8880234,1.3243227,13.569951,-2.3813345
batch_00450_patch.tiff,patch_31,11.118778,7.5422525,-0.99885786,19.337557,2.6173456
batch_00450_patch.tiff,patch_32,18.875275,8.407784,13.43175,22.761583,-4.7765474
batch_00450_patch.tiff,patch_33,15.733863,7.375377,15.371072,25.13752,-0.6094714
batch_00450_patch.tiff,patch_34,6.1470633,7.473321,2.1619284,16.94886,-4.1301427
batch_00450_patch.tiff,patch_35,11.148064,3.7728868,6.664733,18.765036,-3.6115966
batch_00450_patch.tiff,patch_36,11.66943,3.2839198,9.620706,18.216316,-4.1435575
batch_00450_patch.tiff,patch_37,11.587526,8.496567,8.28962,18.833735,-2.1298153
batch_00450_patch.tiff,patch_38,10.9666395,5.063935,7.8277316,19.307657,-4.028721
batch_00450_patch.tiff,patch_39,12.117636,8.433698,16.217785,21.025349,-2.79998
batch_00450_patch.tiff,patch_40,11.623366,9.189033,14.309124,16.885445,-3.344306
batch_00450_patch.tiff,patch_41,9.375566,6.657164,1.587111,17.44669,2.1711278
batch_00450_patch.tiff,patch_42,10.950605,6.6548147,-2.7386148,18.721254,2.258273
batch_00450_patch.tiff,patch_43,18.0571,11.069904,13.806288,24.203316,-0.31889805
batch_00450_patch.tiff,patch_44,18.114086,10.972537,10.814746,26.682314,0.7398826
batch_00450_patch.tiff,patch_45,9.647795,9.625425,11.433475,22.011812,-5.326861
batch_00450_patch.tiff,patch_46,8.13642,6.046079,7.319618,18.334862,-5.2718287
batch_00450_patch.tiff,patch_47,5.471366,3.1155896,6.243357,15.376146,-3.7977707
batch_00450_patch.tiff,patch_48,7.4029913,11.138209,4.573296,17.993914,-7.801039
batch_00450_patch.tiff,patch_49,14.25341,8.707242,11.475891,18.359085,-4.6873326
batch_00450_patch.tiff,patch_50,8.887274,9.929041,12.088692,15.846102,-4.023555
batch_00450_patch.tiff,patch_51,7.929992,8.402175,9.8817425,18.913767,-2.3456895
batch_00450_patch.tiff,patch_52,7.3157945,7.9717293,-0.5784713,17.146452,3.9024706
batch_00450_patch.tiff,patch_53,8.370746,6.940444,0.22994658,16.34652,3.1465402
batch_00450_patch.tiff,patch_54,7.391769,5.8886695,-1.1588476,18.505175,-2.357602
batch_00450_patch.tiff,patch_55,13.441812,6.587889,4.0902042,18.08517,-5.006562
batch_00450_patch.tiff,patch_56,11.455933,10.676483,10.185831,20.884365,-4.8642635
batch_00450_patch.tiff,patch_57,11.66728,9.378175,8.007191,16.724289,-2.722296
batch_00450_patch.tiff,patch_58,7.2948117,10.061365,12.026615,18.41898,-2.6535814
batch_00450_patch.tiff,patch_59,6.731481,7.7260027,13.313913,17.41477,-8.091194
batch_00450_patch.tiff,patch_60,10.4672365,6.1179357,0.119589634,13.976161,2.7280471
batch_00450_patch.tiff,patch_61,9.428819,6.7397685,-0.7885077,18.479387,2.438755
batch_00450_patch.tiff,patch_62,10.088381,4.217179,8.658926,17.245068,-1.4322314
batch_00450_patch.tiff,patch_63,6.682036,2.4234293,10.335445,16.216497,-5.370089
batch_00450_patch.tiff,patch_64,11.142081,7.8163753,6.3331046,20.162352,-1.1377578
batch_00450_patch.tiff,patch_65,4.655799,10.314495,2.5700686,19.309196,-4.914315
batch_00450_patch.tiff,patch_66,16.737455,8.608357,13.783961,23.6745,-4.4138327
batch_00450_patch.tiff,patch_67,15.607539,9.684261,11.851685,28.219397,-2.3043604
batch_00450_patch.tiff,patch_68,12.726272,8.7670355,16.867313,17.493536,-2.763243
batch_00450_patch.tiff,patch_69,5.78263,5.0888724,11.584778,18.382256,-5.563913
batch_00450_patch.tiff,patch_70,10.816992,10.493671,4.3580203,14.901375,-7.703879
batch_00450_patch.tiff,patch_71,10.076918,10.639341,4.948817,17.748247,-3.0211504
batch_00450_patch.tiff,patch_72,13.328946,8.686678,17.170544,20.04041,-6.1401873
batch_00450_patch.tiff,patch_73,9.6285305,6.763439,12.427845,19.9087,-2.739014
batch_00450_patch.tiff,patch_74,11.500259,4.2333937,10.8773985,17.976746,-2.977807
batch_00450_patch.tiff,patch_75,9.250672,7.0215783,-0.03047553,15.693386,-1.0849799
batch_00450_patch.tiff,patch_76,19.203266,12.333822,16.314407,27.369255,-7.3175416
batch_00450_patch.tiff,patch_77,15.017776,9.302098,12.110765,24.29333,-4.245421
batch_00450_patch.tiff,patch_78,8.771977,5.7559752,13.14077,19.088078,-3.6053689
batch_00450_patch.tiff,patch_79,7.221393,3.0381775,11.613622,18.641039,-2.9979777
batch_00450_patch.tiff,patch_80,7.997414,8.379511,11.032652,16.32768,-6.620537
batch_00450_patch.tiff,patch_81,12.486655,11.333744,11.582846,18.8339,-6.2243853
batch_00450_patch.tiff,patch_82,12.045571,7.19046,13.874229,17.948421,-3.7360077
batch_00450_patch.tiff,patch_83,8.560998,4.1777816,16.25768,15.139443,-7.886993
batch_00450_patch.tiff,patch_84,11.243965,6.1446123,11.535468,17.67061,-3.416341
batch_00450_patch.tiff,patch_85,12.093528,6.1864924,9.523862,21.368921,-0.81007814
batch_00450_patch.tiff,patch_86,5.533763,8.696421,6.9259324,17.561087,-8.351628
batch_00450_patch.tiff,patch_87,7.3120117,6.225265,11.302141,17.591007,-1.8330268
batch_00450_patch.tiff,patch_88,10.224406,10.41603,12.628392,22.218073,-3.3508427
batch_00450_patch.tiff,patch_89,15.13591,22.675482,10.087792,17.807323,-3.13413
batch_00450_patch.tiff,patch_90,18.210886,20.043127,6.686052,17.990725,-0.7970816
batch_00450_patch.tiff,patch_91,11.679412,8.391464,11.0847645,20.350267,-2.9534929
batch_00450_patch.tiff,patch_92,11.266591,6.1455774,2.3802502,20.206648,5.763947
batch_00450_patch.tiff,patch_93,8.984176,7.1750393,13.696511,14.14934,-9.59581
batch_00450_patch.tiff,patch_94,10.474783,6.868681,5.761141,13.562988,-1.6199889
batch_00450_patch.tiff,patch_95,9.196355,10.60308,4.6728997,17.830305,-4.2602744
batch_00450_patch.tiff,patch_96,12.275415,7.9157777,12.030292,18.548397,-4.6993904
batch_00450_patch.tiff,patch_97,8.698713,5.901637,15.464514,19.058327,-4.684008
batch_00450_patch.tiff,patch_98,11.965953,4.048902,6.414757,15.321509,-4.2864747
batch_00450_patch.tiff,patch_99,9.498342,4.765219,6.598649,18.870375,-2.1725812
batch_00450_patch.tiff,patch_100,13.450984,4.063196,1.0653545,18.435608,6.4263225
batch_00450_patch.tiff,patch_101,12.859997,7.2070837,8.665611,18.688715,-5.450431
batch_00450_patch.tiff,patch_102,13.692587,5.6962414,7.5603495,15.378484,0.14547262
batch_00450_patch.tiff,patch_103,8.029773,10.244937,-0.75137305,19.75411,0.84273
batch_00450_patch.tiff,patch_104,11.211415,7.674858,2.8065076,20.163485,0.6615552
batch_00450_patch.tiff,patch_105,11.26511,5.014813,13.394076,20.645224,-2.026126
batch_00450_patch.tiff,patch_106,8.334964,10.031055,8.032459,18.884956,-4.2630014
batch_00450_patch.tiff,patch_107,15.741107,15.523255,7.5453677,24.736927,-9.350154
batch_00450_patch.tiff,patch_108,8.84746,7.625752,6.7191834,18.40677,-2.4732738
batch_00450_patch.tiff,patch_109,6.570906,5.4750013,9.384255,17.122646,-7.7835207
batch_00450_patch.tiff,patch_110,5.1202893,9.378534,8.270554,15.3881235,-8.04033
batch_00450_patch.tiff,patch_111,8.478514,5.9681706,-0.9782001,18.865767,-0.2722647
batch_00450_patch.tiff,patch_112,8.367003,7.881395,2.5993133,21.19577,-2.9512553
batch_00450_patch.tiff,patch_113,11.258148,4.956581,11.937114,20.802607,-2.2390566
batch_00450_patch.tiff,patch_114,11.029411,6.560867,1.3425379,15.522328,-5.5379615
batch_00450_patch.tiff,patch_115,16.932882,11.350695,8.1800585,22.60629,-3.9843938
batch_00450_patch.tiff,patch_116,15.802016,17.09632,7.83803,20.71112,-1.1366254
batch_00450_patch.tiff,patch_117,8.477361,4.519687,4.7806845,19.147812,0.4450227
batch_00450_patch.tiff,patch_118,13.058978,-0.24654378,-1.2378589,16.133535,2.9936159
batch_00450_patch.tiff,patch_119,8.0704365,11.274872,14.109182,15.877202,-7.523887
batch_00450_patch.tiff,patch_120,7.4369016,5.618175,14.837539,16.613386,-2.5866368
batch_00450_patch.tiff,patch_121,7.2934513,14.355024,3.2200818,21.257305,2.0836074
batch_00450_patch.tiff,patch_122,8.312584,8.259231,0.81945896,19.381437,1.618017
batch_00450_patch.tiff,patch_123,16.045559,10.512932,11.613737,24.718018,-1.182342
batch_00450_patch.tiff,patch_124,18.253502,7.965808,14.744969,22.063728,-2.973232
batch_00450_patch.tiff,patch_125,7.029748,5.0110564,2.1751857,15.729286,0.27199945
batch_00450_patch.tiff,patch_126,6.0062337,4.7111807,6.9624743,15.900816,-1.2238057
batch_00450_patch.tiff,patch_127,9.123517,7.1676645,8.728505,17.67144,-3.6694543
batch_00450_patch.tiff,patch_128,9.449738,1.7742244,3.783438,17.441717,0.9298093
batch_00450_patch.tiff,patch_129,13.306657,8.799228,0.78413075,15.8282795,-1.7072481
batch_00450_patch.tiff,patch_130,14.085648,8.407705,5.6822953,17.60465,-3.3908281
batch_00450_patch.tiff,patch_131,3.940698,12.836379,2.954184,17.979456,-1.498965
batch_00450_patch.tiff,patch_132,8.83298,9.304648,-0.062080648,21.024893,-3.3495328
batch_00450_patch.tiff,patch_133,17.74231,11.76633,14.652793,23.215467,-3.453926
batch_00450_patch.tiff,patch_134,7.9545264,6.9803987,-0.3491525,14.880097,4.583115
batch_00450_patch.tiff,patch_135,6.358591,7.3705645,6.24284,16.827902,-1.0692813
batch_00450_patch.tiff,patch_136,6.6733704,16.777105,8.928167,16.268091,-4.375279
batch_00450_patch.tiff,patch_137,10.907322,1.4619955,3.003208,17.665741,-0.64018065
batch_00450_patch.tiff,patch_138,6.817809,3.9807587,1.3752857,16.211788,3.3094532
batch_00450_patch.tiff,patch_139,11.533323,10.781457,11.969758,17.220102,-6.4148154
batch_00450_patch.tiff,patch_140,11.032905,8.298196,5.571642,17.596584,-8.141434
batch_00450_patch.tiff,patch_141,7.9930677,5.358839,-1.3353779,19.974056,-2.5939016
batch_00450_patch.tiff,patch_142,6.364366,9.357194,0.85482275,21.551643,-4.4741945
batch_00450_patch.tiff,patch_143,7.460874,5.5101504,4.2354026,15.832282,-1.5046148
batch_00450_patch.tiff,patch_144,10.228171,5.319959,-0.286838,19.2822,1.5678496
batch_00450_patch.tiff,patch_145,5.9025984,8.198838,5.632076,15.814344,0.58066666
batch_00450_patch.tiff,patch_146,4.8576126,8.602109,-2.122452,14.891211,4.589666
batch_00450_patch.tiff,patch_147,4.8835287,6.899752,1.037999,20.203348,-0.63205767
batch_00450_patch.tiff,patch_148,4.523038,4.8390894,2.3777206,17.41676,-2.2816098
batch_00500_patch.tiff,patch_0,11.886375,2.5317776,1.9975322,15.839629,1.4596869
batch_00500_patch.tiff,patch_1,6.95027,9.554297,5.157581,19.407076,-1.7356865
batch_00500_patch.tiff,patch_2,11.472715,6.076697,2.69343,16.682722,3.1185002
batch_00500_patch.tiff,patch_3,11.881727,8.966266,1.57968,22.284847,1.240866
batch_00500_patch.tiff,patch_4,7.2209253,11.32759,9.06027,21.248281,-3.1752791
batch_00500_patch.tiff,patch_5,6.062487,5.843351,2.2022169,16.790356,-4.064426
batch_00500_patch.tiff,patch_6,13.808236,8.62604,10.891175,23.15061,-3.8147044
batch_00500_patch.tiff,patch_7,16.439257,9.394459,10.61331,25.057535,-1.2808411
batch_00500_patch.tiff,patch_8,8.816289,8.241469,14.083086,13.137067,-2.402267
batch_00500_patch.tiff,patch_9,6.9293256,9.012383,10.761019,14.1364155,-1.5910798
batch_00500_patch.tiff,patch_10,5.7502394,6.072177,4.2646604,15.712841,0.08645909
batch_00500_patch.tiff,patch_11,6.687282,4.3292933,-0.78244716,16.503284,-0.36307147
batch_00500_patch.tiff,patch_12,8.262849,6.3480797,-0.20177682,16.31048,5.2207994
batch_00500_patch.tiff,patch_13,9.173666,8.210638,2.2191095,19.759848,3.2173417
batch_00500_patch.tiff,patch_14,9.826661,7.0655093,5.9108567,21.581215,-4.5370765
batch_00500_patch.tiff,patch_15,8.274152,4.993121,0.50203556,17.10633,5.359782
batch_00500_patch.tiff,patch_16,10.411487,7.708932,-0.45627227,17.092598,6.743961
batch_00500_patch.tiff,patch_17,14.614364,9.189023,13.932811,22.302658,-4.0982976
batch_00500_patch.tiff,patch_18,13.681608,10.676169,10.029535,25.605604,-5.4538994
batch_00500_patch.tiff,patch_19,8.68519,11.049714,14.5353985,12.754761,-3.3155138
batch_00500_patch.tiff,patch_20,9.45209,11.3496275,11.509503,13.784088,-2.1664178
batch_00500_patch.tiff,patch_21,6.9493914,5.223863,6.6084714,18.038103,0.34812602
batch_00500_patch.tiff,patch_22,9.314649,7.4963517,10.345805,18.489138,-7.2064605
batch_00500_patch.tiff,patch_23,11.684244,6.0852714,16.496412,19.746641,-9.486188
batch_00500_patch.tiff,patch_24,9.0184555,10.786016,4.0503383,19.918947,0.7338954
batch_00500_patch.tiff,patch_25,11.453992,8.378282,-0.49036616,20.367167,5.4338093
batch_00500_patch.tiff,patch_26,5.438268,9.965279,9.300605,19.473604,-4.490785
batch_00500_patch.tiff,patch_27,5.5824018,6.069841,12.117089,15.193543,-6.391961
batch_00500_patch.tiff,patch_28,9.124328,11.519507,12.083778,14.434749,-3.4446857
batch_00500_patch.tiff,patch_29,11.458156,13.078027,14.717575,14.099095,-1.2953044
batch_00500_patch.tiff,patch_30,3.5036938,4.541076,1.2530943,15.565849,-2.7724621
batch_00500_patch.tiff,patch_31,6.7686625,5.11889,10.122528,17.935238,-5.3511963
batch_00500_patch.tiff,patch_32,9.738744,5.379897,12.917732,17.758917,-7.1100607
batch_00500_patch.tiff,patch_33,9.884662,7.309763,2.6774247,19.602932,-0.89511144
batch_00500_patch.tiff,patch_34,8.819081,5.767846,1.4633905,17.739576,-0.25759694
batch_00500_patch.tiff,patch_35,4.2637477,5.017604,12.077546,16.33473,-5.914125
batch_00500_patch.tiff,patch_36,4.9046907,3.3855505,10.856733,16.590374,-8.020453
batch_00500_patch.tiff,patch_37,8.329434,12.0289,15.754649,11.985998,-4.560652
batch_00500_patch.tiff,patch_38,8.934646,10.875324,11.954642,11.225407,-4.3377066
batch_00500_patch.tiff,patch_39,5.372718,5.3981476,2.1665587,13.30352,0.08210909
batch_00500_patch.tiff,patch_40,14.0604105,7.7531204,11.056942,21.908573,-1.4887103
batch_00500_patch.tiff,patch_41,6.627609,7.0741568,-0.5759955,19.43694,-0.7427308
batch_00500_patch.tiff,patch_42,6.9064255,9.490869,-0.09440503,19.540209,-1.3955433
batch_00500_patch.tiff,patch_43,10.157126,6.8058014,7.547939,19.144043,-1.3776557
batch_00500_patch.tiff,patch_44,13.898902,5.599595,3.3628702,20.789478,-1.5459895
batch_00500_patch.tiff,patch_45,9.017771,12.442959,12.790272,14.304054,-2.390954
batch_00500_patch.tiff,patch_46,8.345817,13.588346,12.143403,13.814512,-3.3312182
batch_00500_patch.tiff,patch_47,6.4740276,7.5053144,9.297009,11.804803,-3.161194
batch_00500_patch.tiff,patch_48,8.090672,10.578694,9.236855,10.6148815,-4.90847
batch_00500_patch.tiff,patch_49,15.375926,10.047946,16.5355,23.519293,-5.221111
batch_00500_patch.tiff,patch_50,18.606356,8.243224,13.416765,22.263853,-0.9304664
batch_00500_patch.tiff,patch_51,7.960598,10.774671,-0.65037346,18.428442,2.0840359
batch_00500_patch.tiff,patch_52,5.356492,11.57462,1.5307058,19.07443,-2.4194949
batch_00500_patch.tiff,patch_53,4.263272,6.876728,0.17306134,17.874907,0.7523927
batch_00500_patch.tiff,patch_54,8.699764,7.5700617,5.7952037,18.521105,0.14605832
batch_00500_patch.tiff,patch_55,6.8010535,9.6772375,11.661456,11.467202,-4.37837
batch_00500_patch.tiff,patch_56,8.249437,5.1046185,8.227656,13.39236,-1.7230372
batch_00500_patch.tiff,patch_57,7.6193466,8.858658,11.358297,10.893931,-2.2625473
batch_00500_patch.tiff,patch_58,7.7240806,9.112681,11.935271,12.616725,-2.8345563
batch_00500_patch.tiff,patch_59,10.674302,6.823664,12.785042,19.745419,-6.2346525
batch_00500_patch.tiff,patch_60,10.659799,8.929872,6.5688844,20.1458,-0.42708367
batch_00500_patch.tiff,patch_61,12.3748045,6.674746,9.2035475,18.92563,-3.1650026
batch_00500_patch.tiff,patch_62,11.014639,5.253501,12.527171,17.976168,-2.971823
batch_00500_patch.tiff,patch_63,8.485825,8.37448,10.015,17.719086,-4.925682
batch_00500_patch.tiff,patch_64,7.8209944,6.32642,3.5129964,18.546337,-1.0529907
batch_00500_patch.tiff,patch_65,15.713553,8.611786,12.4902525,25.68202,-1.088605
batch_00500_patch.tiff,patch_66,11.961566,10.507828,13.803095,22.679647,-3.8516757
batch_00500_patch.tiff,patch_67,4.63879,8.588485,7.7399144,10.085988,-3.8624446
batch_00500_patch.tiff,patch_68,7.596886,10.663494,14.365186,11.901342,-2.4201891
batch_00500_patch.tiff,patch_69,10.982512,6.427889,13.85733,19.892532,-6.827763
batch_00500_patch.tiff,patch_70,16.230644,3.8469057,3.539711,20.634867,-2.5290797
batch_00500_patch.tiff,patch_71,7.326584,7.5394793,-0.5058837,18.801723,0.87288463
batch_00500_patch.tiff,patch_72,11.036932,9.045484,7.8240557,18.913635,-4.0870423
batch_00500_patch.tiff,patch_73,9.076491,7.301574,4.8542204,16.73499,-0.040713597
batch_00500_patch.tiff,patch_74,8.870386,8.640356,4.8193083,18.357168,0.18345805
batch_00500_patch.tiff,patch_75,14.543375,5.453177,12.064561,21.869549,-1.6574192
batch_00500_patch.tiff,patch_76,12.635097,6.664189,11.3431835,21.788845,-8.076631
batch_00500_patch.tiff,patch_77,5.9437633,9.747218,11.839838,11.859218,-4.4626255
batch_00500_patch.tiff,patch_78,7.724324,9.074775,9.543557,14.878606,-1.9285961
batch_00500_patch.tiff,patch_79,6.7670836,8.152532,9.540638,18.542616,-5.967997
batch_00500_patch.tiff,patch_80,6.071457,6.081634,9.746651,17.745281,-7.8327494
batch_00500_patch.tiff,patch_81,9.444191,12.305253,2.544779,23.49593,-1.3131806
batch_00500_patch.tiff,patch_82,8.343016,6.390152,4.1976266,19.241493,-2.4116096
batch_00500_patch.tiff,patch_83,4.3001943,9.13966,4.787118,16.60934,-5.456986
batch_00500_patch.tiff,patch_84,8.256055,11.942753,7.5616326,19.606417,-4.0285254
batch_00500_patch.tiff,patch_85,6.5749087,8.556782,8.921357,11.831867,-1.265814
batch_00500_patch.tiff,patch_86,11.358215,9.172682,12.508827,13.976528,-2.2039278
batch_00500_patch.tiff,patch_87,7.788342,7.4986644,1.7673532,19.397154,0.29424745
batch_00500_patch.tiff,patch_88,8.049106,8.791593,-1.8114195,20.567205,3.1782694
batch_00500_patch.tiff,patch_89,5.0855727,8.803036,9.963431,18.071089,-5.8716116
batch_00500_patch.tiff,patch_90,9.594641,6.0682144,7.5366263,17.379845,-2.6133332
batch_00500_patch.tiff,patch_91,7.617141,3.9336991,4.3201857,17.518291,-3.0505881
batch_00500_patch.tiff,patch_92,7.528745,8.0067625,0.6414831,20.114195,-0.78384084
batch_00500_patch.tiff,patch_93,6.8627567,17.303091,10.1905775,14.095505,-4.828135
batch_00500_patch.tiff,patch_94,7.4154906,10.891272,10.34388,19.002758,-3.7850776
batch_00500_patch.tiff,patch_95,10.615694,10.470095,15.291006,14.091464,-4.1815023
batch_00500_patch.tiff,patch_96,13.008763,13.133219,11.900751,16.518623,-2.705613
batch_00500_patch.tiff,patch_97,7.1624193,11.488672,6.7764997,17.22765,-3.155811
batch_00500_patch.tiff,patch_98,7.3064322,8.302844,0.596659,22.283558,1.2518512
batch_00500_patch.tiff,patch_99,13.652272,7.638985,6.355249,20.074986,-3.402895
batch_00500_patch.tiff,patch_100,14.252508,2.6597915,1.8374685,17.837835,-0.8749398
batch_00500_patch.tiff,patch_101,9.808384,6.8167286,5.412702,19.316422,-0.74071103
batch_00500_patch.tiff,patch_102,9.995934,7.4218717,13.031207,18.39566,-4.08181
batch_00500_patch.tiff,patch_103,7.392323,12.74106,14.22564,14.180001,-2.0577912
batch_00500_patch.tiff,patch_104,8.756342,10.048774,11.968165,14.429388,-2.6457596
batch_00500_patch.tiff,patch_105,11.4797735,9.399325,-0.86763775,16.669884,0.11431666
batch_00500_patch.tiff,patch_106,7.0507684,9.331254,-1.6485273,19.946718,1.9366412
batch_00500_patch.tiff,patch_107,10.029065,5.5104585,13.157684,18.433317,-10.552122
batch_00500_patch.tiff,patch_108,11.801088,6.0838294,7.678812,18.483482,-2.5142343
batch_00500_patch.tiff,patch_109,18.80227,8.867586,14.616599,22.74431,-2.2494955
batch_00500_patch.tiff,patch_110,14.496573,4.0370164,10.395952,22.2725,-3.8097203
batch_00500_patch.tiff,patch_111,9.006435,2.9306622,13.660857,16.523718,-7.444
batch_00500_patch.tiff,patch_112,8.561908,9.710506,12.996626,17.185755,-7.560815
batch_00500_patch.tiff,patch_113,5.1449046,8.334484,8.770406,10.189843,-3.8694427
batch_00500_patch.tiff,patch_114,7.2536125,11.470526,13.457521,13.11577,-3.7841263
batch_00500_patch.tiff,patch_115,6.6472106,6.4904976,2.9037507,19.689802,2.4219542
batch_00500_patch.tiff,patch_116,7.8448496,8.72799,-3.2984161,16.331882,-2.1278777
batch_00500_patch.tiff,patch_117,12.879873,8.2273655,2.595041,19.555387,2.0195618
batch_00500_patch.tiff,patch_118,15.200862,6.3288736,5.3035784,19.778664,-3.9498942
batch_00500_patch.tiff,patch_119,11.338438,7.193745,15.821297,18.38173,-5.549174
batch_00500_patch.tiff,patch_120,8.076122,8.406085,8.500491,18.587578,-1.1446815
batch_00500_patch.tiff,patch_121,7.1385837,10.1647415,6.3324404,18.96752,-2.9782279
batch_00500_patch.tiff,patch_122,11.590396,6.2919354,6.9500837,17.524282,-4.5952077
batch_00500_patch.tiff,patch_123,6.9525123,11.387776,11.897313,8.539468,-6.6870923
batch_00500_patch.tiff,patch_124,7.3846107,11.8514595,12.571519,11.181579,-5.002802
batch_00500_patch.tiff,patch_125,15.240396,7.8398676,16.035383,22.03307,-3.11262
batch_00500_patch.tiff,patch_126,13.543908,10.945767,15.45109,25.118004,-8.032004
batch_00500_patch.tiff,patch_127,14.028564,8.8054695,11.098811,21.298565,-3.174527
batch_00500_patch.tiff,patch_128,11.144836,7.415405,1.3972336,19.317835,3.9395237
batch_00500_patch.tiff,patch_129,10.37934,10.23024,9.003039,21.283604,-1.0316951
batch_00500_patch.tiff,patch_130,4.9739933,5.409323,6.929478,17.238626,-1.8354546
batch_00500_patch.tiff,patch_131,4.557937,2.6681094,4.0636826,15.463853,-8.736256
batch_00500_patch.tiff,patch_132,7.801481,7.1931033,4.67108,17.370739,-2.7763689
batch_00500_patch.tiff,patch_133,11.563044,12.468791,15.276671,11.019509,-4.7049766
batch_00500_patch.tiff,patch_134,9.207616,13.577427,14.689185,14.369114,-3.5196567
batch_00500_patch.tiff,patch_135,13.701207,5.2288647,16.845478,21.300148,-6.5649257
batch_00500_patch.tiff,patch_136,15.818079,9.460164,12.436982,23.380339,-1.8167771
batch_00500_patch.tiff,patch_137,8.343641,8.307548,-1.8758256,20.528458,1.4391439
batch_00500_patch.tiff,patch_138,10.76083,9.554485,-1.0229076,21.272495,3.0753
batch_00500_patch.tiff,patch_139,6.570162,4.6157284,13.786096,17.851187,-7.6470456
batch_00500_patch.tiff,patch_140,10.242859,4.9157557,6.1023197,18.799217,1.878253
batch_00500_patch.tiff,patch_141,4.7031956,9.840088,7.204773,19.58434,-4.2317324
batch_00500_patch.tiff,patch_142,6.5525727,8.208832,9.818581,19.547972,-3.823754
batch_00500_patch.tiff,patch_143,7.478887,8.376792,7.9638557,13.169497,-4.0158195
batch_00500_patch.tiff,patch_144,8.860403,10.205713,8.8471775,13.7965975,-5.6700945
batch_00500_patch.tiff,patch_145,4.078722,6.539141,3.0579705,16.179838,-3.9238524
batch_00500_patch.tiff,patch_146,9.362801,7.7908006,0.08763108,20.666687,3.5349104
batch_00550_patch.tiff,patch_0,8.765776,7.966012,-0.34578928,20.934742,2.529358
batch_00550_patch.tiff,patch_1,8.710296,10.430637,0.06918946,21.549738,5.0472994
batch_00550_patch.tiff,patch_2,14.940293,6.018785,11.945779,21.333126,-4.697202
batch_00550_patch.tiff,patch_3,13.643267,12.4470415,14.447468,24.210382,-10.090764
batch_00550_patch.tiff,patch_4,10.987412,10.333638,10.65851,22.372879,-7.2814093
batch_00550_patch.tiff,patch_5,8.871087,9.914123,8.511921,19.446875,-3.5895417
batch_00550_patch.tiff,patch_6,13.734183,7.1187596,10.620108,19.220955,-2.2725255
batch_00550_patch.tiff,patch_7,17.09266,7.63324,8.640289,17.690392,-7.3675213
batch_00550_patch.tiff,patch_8,7.522819,6.6186304,2.2919712,18.854725,-1.3337054
batch_00550_patch.tiff,patch_9,7.681059,6.7677913,9.019954,16.929703,-3.3812764
batch_00550_patch.tiff,patch_10,10.857804,7.643588,11.682279,20.892773,-2.6428313
batch_00550_patch.tiff,patch_11,9.478698,9.864819,-0.15044752,22.964624,2.8732035
batch_00550_patch.tiff,patch_12,6.456533,10.418832,1.0289649,19.455164,-0.33585832
batch_00550_patch.tiff,patch_13,13.86132,9.100093,15.791345,21.619448,-4.6730676
batch_00550_patch.tiff,patch_14,16.487654,12.467972,12.828075,24.700241,-6.880769
batch_00550_patch.tiff,patch_15,4.3923945,4.7189865,7.9356074,14.308755,-7.066559
batch_00550_patch.tiff,patch_16,5.8927293,3.937708,7.103017,18.56323,-2.2879272
batch_00550_patch.tiff,patch_17,14.67926,8.85028,10.130414,20.194672,2.5135753
batch_00550_patch.tiff,patch_18,11.972285,5.653104,6.4513054,17.74081,-1.7762755
batch_00550_patch.tiff,patch_19,6.387416,7.3312798,7.495802,18.050388,-7.2574615
batch_00550_patch.tiff,patch_20,6.259391,7.01734,1.952196,20.139769,-0.7155933
batch_00550_patch.tiff,patch_21,7.7472043,11.908929,8.194861,21.930449,-10.484664
batch_00550_patch.tiff,patch_22,8.866138,9.283318,-1.5355448,17.312105,1.7384443
batch_00550_patch.tiff,patch_23,6.846791,7.995323,-0.87821364,17.21023,-0.5926358
batch_00550_patch.tiff,patch_24,8.4196,8.7725525,0.9071039,16.485844,-2.848971
batch_00550_patch.tiff,patch_25,11.242614,5.454755,-2.854643,14.333996,0.16455194
batch_00550_patch.tiff,patch_26,12.636891,14.546032,11.337462,23.865347,-2.1229763
batch_00550_patch.tiff,patch_27,10.470749,13.203109,11.894626,23.663242,-2.8009655
batch_00550_patch.tiff,patch_28,14.0612135,6.9174232,1.6971319,18.531668,4.378452
batch_00550_patch.tiff,patch_29,11.995517,5.393154,0.83761394,18.60833,1.8356773
batch_00550_patch.tiff,patch_30,11.743304,9.001868,10.238485,23.536129,-2.331657
batch_00550_patch.tiff,patch_31,10.977674,9.2247715,13.3238125,24.27677,-8.333351
batch_00550_patch.tiff,patch_32,9.172382,8.6506195,15.068332,20.509632,-9.628341
batch_00550_patch.tiff,patch_33,8.373502,6.0572333,2.948282,22.186794,-0.9717135
batch_00550_patch.tiff,patch_34,9.303167,6.1693482,-3.0243952,16.151318,-0.014201223
batch_00550_patch.tiff,patch_35,10.388278,7.6567082,1.675342,18.93007,-1.0358737
batch_00550_patch.tiff,patch_36,13.984959,2.0173023,0.05041508,17.012877,0.6433298
batch_00550_patch.tiff,patch_37,8.33136,12.496515,7.048796,18.428268,-3.4607928
batch_00550_patch.tiff,patch_38,9.503377,9.485287,6.077323,21.54203,-4.4432282
batch_00550_patch.tiff,patch_39,7.399473,7.8435597,-2.6255534,17.3011,-2.6103377
batch_00550_patch.tiff,patch_40,5.950076,6.6580276,-3.1378148,16.995775,-1.6383008
batch_00550_patch.tiff,patch_41,10.871305,9.5769615,6.739273,20.447094,-4.994521
batch_00550_patch.tiff,patch_42,9.780465,9.58254,7.495932,28.088495,-4.0783744
batch_00550_patch.tiff,patch_43,17.200079,8.172574,7.073438,19.95414,-3.1149523
batch_00550_patch.tiff,patch_44,9.682419,8.195923,7.6584167,21.97337,-5.7320495
batch_00550_patch.tiff,patch_45,6.3379836,8.32303,-0.9441667,20.034658,2.7256978
batch_00550_patch.tiff,patch_46,9.632102,7.584253,-1.0039568,19.928371,2.3039093
batch_00550_patch.tiff,patch_47,10.472795,4.633391,3.1646378,15.475876,1.2507002
batch_00550_patch.tiff,patch_48,3.3324049,11.473962,-0.07949475,17.029636,-1.4139191
batch_00550_patch.tiff,patch_49,7.1132274,12.582047,6.154326,20.709225,0.7508823
batch_00550_patch.tiff,patch_50,7.807273,10.514702,10.3857565,20.172983,-1.4742584
batch_00550_patch.tiff,patch_51,5.3547645,8.398143,-1.5754824,19.342808,-0.86481637
batch_00550_patch.tiff,patch_52,10.270253,11.848357,3.378552,21.578672,-0.020667993
batch_00550_patch.tiff,patch_53,14.851651,14.273795,7.669603,24.37974,-8.24477
batch_00550_patch.tiff,patch_54,6.263708,12.212219,2.3533475,21.63041,-5.18111
batch_00550_patch.tiff,patch_55,4.165258,5.884276,7.1973867,17.473438,-4.140594
batch_00550_patch.tiff,patch_56,7.14684,6.5312166,0.04620798,20.257757,1.0363754
batch_00550_patch.tiff,patch_57,8.757258,7.9249372,0.06678288,21.695137,4.550392
batch_00550_patch.tiff,patch_58,7.888966,8.012686,-1.8386835,17.040617,1.5032706
batch_00550_patch.tiff,patch_59,10.002279,10.908029,1.7302896,18.294128,2.8539867
batch_00550_patch.tiff,patch_60,7.8294077,10.160013,9.507258,20.559004,-0.52487016
batch_00550_patch.tiff,patch_61,8.939544,11.331421,6.8594813,20.906599,-0.41709304
batch_00550_patch.tiff,patch_62,7.3789525,12.159243,2.3235805,20.60553,1.6518439
batch_00550_patch.tiff,patch_63,13.52742,6.5560756,1.1707922,19.945114,2.0206063
batch_00550_patch.tiff,patch_64,9.608229,12.832892,7.078475,23.27123,-6.491848
batch_00550_patch.tiff,patch_65,16.449873,19.011599,10.8676605,22.035921,-3.5588977
batch_00550_patch.tiff,patch_66,2.192602,8.819731,3.1596513,17.33885,-1.4139317
batch_00550_patch.tiff,patch_67,4.9570823,9.658745,1.6213304,17.995855,-6.1355834
batch_00550_patch.tiff,patch_68,5.1508775,10.76146,2.6535285,19.462994,-0.122076064
batch_00550_patch.tiff,patch_69,7.646558,11.118533,-2.2708623,20.216532,1.1150221
batch_00550_patch.tiff,patch_70,13.340376,3.4487803,-0.3337497,15.184388,3.7730105
batch_00550_patch.tiff,patch_71,12.47191,5.581928,0.8320391,16.984764,4.910058
batch_00550_patch.tiff,patch_72,17.930487,7.2579513,11.090739,21.340126,-0.031567752
batch_00550_patch.tiff,patch_73,11.74416,11.815927,14.332493,23.521152,-6.872326
batch_00550_patch.tiff,patch_74,7.6028943,6.57822,1.778899,17.113419,-0.0007566785
batch_00550_patch.tiff,patch_75,7.6164575,5.102616,6.388189,17.432217,-1.0207665
batch_00550_patch.tiff,patch_76,8.634067,4.331325,3.8119545,18.739561,-4.81939
batch_00550_patch.tiff,patch_77,6.624071,7.169057,2.644448,18.441187,1.2467632
batch_00550_patch.tiff,patch_78,4.8560295,8.130926,-0.013005173,20.083647,0.57061255
batch_00550_patch.tiff,patch_79,6.0710015,12.369349,-0.18357423,20.459793,0.23975013
batch_00550_patch.tiff,patch_80,10.632102,6.383546,-2.200919,16.700272,3.055535
batch_00550_patch.tiff,patch_81,6.2994304,8.732352,-1.5233587,18.950117,-1.5472381
batch_00550_patch.tiff,patch_82,18.532524,9.337244,14.499083,22.223839,-2.852148
batch_00550_patch.tiff,patch_83,13.014599,7.8045774,11.416553,21.603413,-7.8220453
batch_00550_patch.tiff,patch_84,12.625393,6.6778727,11.090627,19.093418,-2.1651795
batch_00550_patch.tiff,patch_85,8.942316,5.1556244,5.3295693,15.511853,-4.482052
batch_00550_patch.tiff,patch_86,6.9202504,8.097661,3.0990703,21.28517,-2.2864735
batch_00550_patch.tiff,patch_87,4.8133507,7.4596157,1.0019308,19.170498,1.5678637
batch_00550_patch.tiff,patch_88,9.939409,4.9985147,0.590827,17.463741,-1.0863978
batch_00550_patch.tiff,patch_89,10.197242,4.387342,0.0898934,18.397316,-1.0337467
batch_00550_patch.tiff,patch_90,8.495938,7.203893,0.13905042,17.360086,-0.5810363
batch_00550_patch.tiff,patch_91,13.333215,10.291732,1.5657316,18.51027,1.4232333
batch_00550_patch.tiff,patch_92,3.570116,11.546036,6.7787843,15.8545685,0.89933085
batch_00550_patch.tiff,patch_93,7.688767,11.464687,3.4792788,15.707333,-3.9679675
batch_00550_patch.tiff,patch_94,5.2476864,8.301882,-3.5086484,19.73094,1.5481968
batch_00550_patch.tiff,patch_95,2.9318297,8.466777,-0.6894216,17.486656,-1.4892364
batch_00550_patch.tiff,patch_96,8.26659,12.511312,8.444051,21.72497,-10.116271
batch_00550_patch.tiff,patch_97,5.6259384,5.2462177,6.6769595,17.077408,-9.59938
batch_00550_patch.tiff,patch_98,10.859444,5.1695952,0.8438398,17.059011,-1.0649873
batch_00550_patch.tiff,patch_99,10.980863,5.2989063,-2.51189,15.903809,-0.9776143
batch_00550_patch.tiff,patch_100,12.593922,6.424992,-0.017770374,20.133013,1.1527982
batch_00550_patch.tiff,patch_101,11.5346365,9.342611,1.3823383,19.893484,3.75495
batch_00550_patch.tiff,patch_102,14.167508,9.089492,6.475429,21.203905,-2.349296
batch_00550_patch.tiff,patch_103,9.070369,11.854879,10.113881,21.848515,0.13270819
batch_00550_patch.tiff,patch_104,4.242976,10.46874,-2.1180658,17.078548,-0.19130003
batch_00550_patch.tiff,patch_105,7.6756625,13.18823,-0.5320487,21.703094,-3.6409488
batch_00550_patch.tiff,patch_106,14.123025,14.535749,6.7986073,22.193197,-4.226807
batch_00550_patch.tiff,patch_107,10.78311,14.576646,6.25204,22.291039,1.4045188
batch_00550_patch.tiff,patch_108,6.8525414,4.869772,2.1719604,19.080297,-3.522961
batch_00550_patch.tiff,patch_109,11.4176855,10.650185,10.749599,21.617079,-2.6323972
batch_00550_patch.tiff,patch_110,8.661475,8.184247,-0.38237134,17.5941,-2.126251
batch_00550_patch.tiff,patch_111,13.602784,3.1077247,0.04689964,17.462843,-1.2156785
batch_00550_patch.tiff,patch_112,15.399868,9.160991,12.450357,18.953304,-6.5360866
batch_00550_patch.tiff,patch_113,13.552159,11.490676,7.834736,18.554008,-2.0487897
batch_00550_patch.tiff,patch_114,12.399366,4.3796268,12.582863,15.998106,-5.4008145
batch_00550_patch.tiff,patch_115,11.243158,7.093439,6.421435,18.534483,-3.169114
batch_00550_patch.tiff,patch_116,8.630456,9.116208,9.132928,21.248304,-6.160468
batch_00550_patch.tiff,patch_117,8.544801,10.110074,-3.6778514,19.535421,-1.0079612
batch_00550_patch.tiff,patch_118,11.937224,7.5295362,0.99927247,16.603876,4.186906
batch_00550_patch.tiff,patch_119,12.487646,6.543975,13.262568,18.948423,-3.4567523
batch_00550_patch.tiff,patch_120,9.396747,2.1076417,7.7025766,15.8268585,-6.013198
batch_00550_patch.tiff,patch_121,13.744329,7.0696125,4.6493077,17.559647,-0.9810719
batch_00550_patch.tiff,patch_122,15.779299,13.128128,11.490216,19.50584,-4.92184
batch_00550_patch.tiff,patch_123,9.636288,8.810935,12.294058,20.428038,-6.5217466
batch_00550_patch.tiff,patch_124,10.893278,4.306691,13.806077,21.766508,-7.965639
batch_00550_patch.tiff,patch_125,7.827842,3.6690133,0.83589876,16.385126,-6.4782677
batch_00550_patch.tiff,patch_126,8.960098,5.633694,0.93018955,16.906368,-4.1341715
batch_00550_patch.tiff,patch_127,17.602682,7.7892656,14.52355,17.99654,-3.271013
batch_00550_patch.tiff,patch_128,14.8457365,5.909877,13.638954,20.294754,-4.0220094
batch_00550_patch.tiff,patch_129,9.492617,9.818847,2.044028,18.989525,0.86062735
batch_00550_patch.tiff,patch_130,18.560614,5.7415366,7.6795416,18.714071,-4.238986
batch_00550_patch.tiff,patch_131,13.178288,10.41527,11.966337,27.39782,-5.7092767
batch_00550_patch.tiff,patch_132,4.814036,9.424382,4.5663414,21.648613,-4.4191446
batch_00550_patch.tiff,patch_133,6.518299,8.306672,1.5375477,18.966795,1.4985448
batch_00550_patch.tiff,patch_134,10.259139,6.4514775,12.660052,20.21377,-5.8205457
batch_00550_patch.tiff,patch_135,10.745051,6.347389,11.495152,19.426,-5.108092
batch_00550_patch.tiff,patch_136,6.9139757,7.7181664,-1.1042069,18.864738,-5.1423035
batch_00550_patch.tiff,patch_137,9.691982,8.104969,-1.7624451,18.442,1.393855
batch_00550_patch.tiff,patch_138,16.994272,11.268151,12.3742075,18.70112,-3.8699222
batch_00550_patch.tiff,patch_139,12.01403,6.2023873,7.3749785,18.690264,-0.8019336
batch_00550_patch.tiff,patch_140,11.257715,9.229949,2.5803885,19.748005,4.3827276
batch_00550_patch.tiff,patch_141,16.444828,4.1618786,2.8920481,15.178034,-7.421719
batch_00550_patch.tiff,patch_142,16.900656,7.742448,10.57168,20.724943,-6.4437356
batch_00550_patch.tiff,patch_143,9.542071,7.6134915,7.045575,18.932508,-5.816524
batch_00550_patch.tiff,patch_144,6.087975,8.03931,-1.0932413,18.778116,-5.191712
batch_00550_patch.tiff,patch_145,11.267995,10.179283,12.709309,20.536192,-5.506458
batch_00550_patch.tiff,patch_146,9.320574,7.2472715,10.969293,18.801907,-4.8515644
batch_00550_patch.tiff,patch_147,13.1975355,10.46617,10.636676,26.556316,-6.0997424
batch_00550_patch.tiff,patch_148,8.466936,10.504462,6.8944273,20.862625,-8.156348
batch_00550_patch.tiff,patch_149,10.900143,9.303293,11.649368,19.081089,-3.0904467
batch_00550_patch.tiff,patch_150,15.316213,7.5142765,12.823253,17.273726,-1.2543932
batch_00550_patch.tiff,patch_151,12.483775,4.033583,10.938229,18.07007,-1.8398892
batch_00550_patch.tiff,patch_152,10.53685,10.898339,3.1149437,18.640766,1.7334193
batch_00550_patch.tiff,patch_153,17.566061,9.342636,4.0551043,19.174267,-9.306025
batch_00550_patch.tiff,patch_154,6.231727,7.060388,3.0992372,18.99451,-3.3389244
batch_00550_patch.tiff,patch_155,6.5597367,9.279754,4.9583592,22.262497,0.13427085
batch_00600_patch.tiff,patch_0,11.645494,2.8724966,2.3731005,17.377386,3.663495
batch_00600_patch.tiff,patch_1,11.190741,1.1290923,4.0086737,17.348698,0.469757
batch_00600_patch.tiff,patch_2,18.016228,9.629182,13.694727,24.211535,-3.6402524
batch_00600_patch.tiff,patch_3,12.273664,8.546668,8.501843,22.52673,-3.3812745
batch_00600_patch.tiff,patch_4,8.558019,10.8522625,9.389759,18.188791,-7.028993
batch_00600_patch.tiff,patch_5,8.823279,11.06314,11.207321,16.821697,-3.31666
batch_00600_patch.tiff,patch_6,11.298404,15.344519,1.3483285,15.075647,0.011189124
batch_00600_patch.tiff,patch_7,9.26686,15.842526,2.9902613,16.679676,-0.21010989
batch_00600_patch.tiff,patch_8,15.660783,7.5190635,3.0010128,26.390831,-5.220287
batch_00600_patch.tiff,patch_9,14.077005,2.958641,1.583354,20.70453,1.696787
batch_00600_patch.tiff,patch_10,12.037599,2.789121,1.5721315,16.962252,1.3035446
batch_00600_patch.tiff,patch_11,15.908318,9.284736,14.550509,23.868422,-3.2815087
batch_00600_patch.tiff,patch_12,15.504716,8.446486,13.909327,22.792068,-3.6603992
batch_00600_patch.tiff,patch_13,9.304775,10.667501,7.776169,22.15116,-6.0551353
batch_00600_patch.tiff,patch_14,11.033289,6.542772,12.534342,19.856337,-2.3603406
batch_00600_patch.tiff,patch_15,8.015854,11.854821,-3.501459,17.170837,0.8131651
batch_00600_patch.tiff,patch_16,12.368032,16.798483,3.1406143,19.15785,2.2974434
batch_00600_patch.tiff,patch_17,14.81095,9.026977,0.89631736,24.35804,-3.9655955
batch_00600_patch.tiff,patch_18,12.3215275,-0.39477754,1.6601604,14.745542,-0.67905325
batch_00600_patch.tiff,patch_19,11.373433,0.55557144,2.6783433,16.528658,1.3507065
batch_00600_patch.tiff,patch_20,8.353338,5.30512,12.775069,18.487152,-3.4382455
batch_00600_patch.tiff,patch_21,9.279992,7.2105103,8.308687,17.206064,-0.0142244445
batch_00600_patch.tiff,patch_22,11.481896,10.714504,-0.01080488,23.900808,-6.347911
batch_00600_patch.tiff,patch_23,12.24985,11.427677,4.0162873,23.576769,-7.426055
batch_00600_patch.tiff,patch_24,11.987448,11.185128,1.9011834,24.343332,-9.502191
batch_00600_patch.tiff,patch_25,11.001268,1.2016344,-0.88317794,17.040245,-1.8301669
batch_00600_patch.tiff,patch_26,13.3261,3.047028,6.915827,17.561235,4.190484
batch_00600_patch.tiff,patch_27,8.275105,6.6940475,14.256418,16.320274,-6.776137
batch_00600_patch.tiff,patch_28,6.38627,6.4275403,10.823344,16.73921,-3.6985805
batch_00600_patch.tiff,patch_29,13.044077,10.251486,2.4807978,24.871708,-7.8769584
batch_00600_patch.tiff,patch_30,13.024704,9.959233,1.5322398,26.728783,-8.52575
batch_00600_patch.tiff,patch_31,14.467469,13.108455,1.9709837,24.780346,-5.3338065
batch_00600_patch.tiff,patch_32,14.012215,5.599188,14.751097,21.772295,-7.2187314
batch_00600_patch.tiff,patch_33,12.730261,8.032365,13.490308,22.028194,-4.7213135
batch_00600_patch.tiff,patch_34,11.742456,7.12306,2.5416083,19.19272,1.6951101
batch_00600_patch.tiff,patch_35,12.212442,9.208621,3.5252838,20.32558,3.9928365
batch_00600_patch.tiff,patch_36,12.313797,6.676411,-2.5357745,17.859604,5.9397993
batch_00600_patch.tiff,patch_37,10.690285,2.930218,1.0685977,17.587854,2.3518116
batch_00600_patch.tiff,patch_38,9.212157,10.979939,6.5044155,20.178085,-5.8148017
batch_00600_patch.tiff,patch_39,10.052846,7.7003245,8.582837,18.119055,-9.227065
batch_00600_patch.tiff,patch_40,8.077919,10.225804,8.877685,18.276896,1.7169778
batch_00600_patch.tiff,patch_41,6.1008325,7.64596,13.741872,15.063486,-5.927615
batch_00600_patch.tiff,patch_42,10.718658,9.200851,4.2972684,23.767519,-4.1115017
batch_00600_patch.tiff,patch_43,10.351495,8.816358,0.5160138,23.421291,-0.589157
batch_00600_patch.tiff,patch_44,18.247688,11.819015,15.955097,23.166552,-5.042537
batch_00600_patch.tiff,patch_45,15.866661,7.2386794,17.89699,22.350002,-5.1479793
batch_00600_patch.tiff,patch_46,12.6357765,1.1542838,-1.624076,18.612286,-0.4905395
batch_00600_patch.tiff,patch_47,9.489919,3.8071253,3.8884833,18.729294,1.4678135
batch_00600_patch.tiff,patch_48,8.885467,7.746659,-3.1442647,16.205378,5.027819
batch_00600_patch.tiff,patch_49,7.7403026,7.432631,-2.101001,20.335701,6.133778
batch_00600_patch.tiff,patch_50,7.028053,11.442575,8.848964,16.76324,-7.6919975
batch_00600_patch.tiff,patch_51,10.236112,11.279872,7.912304,18.538202,-5.0255527
batch_00600_patch.tiff,patch_52,9.378426,10.413545,6.4915857,18.483437,-0.24894299
batch_00600_patch.tiff,patch_53,5.6708536,9.535714,5.911771,20.972689,-4.5679803
batch_00600_patch.tiff,patch_54,11.252803,10.9591055,2.1915405,26.594118,-7.2883816
batch_00600_patch.tiff,patch_55,11.81806,6.9500847,0.610651,24.796562,-2.0344808
batch_00600_patch.tiff,patch_56,13.165086,3.9210787,3.0895228,17.181452,0.7960396
batch_00600_patch.tiff,patch_57,11.249894,3.1922538,-0.036385354,14.256328,-0.18801638
batch_00600_patch.tiff,patch_58,6.702938,5.9310107,7.0016623,15.633962,-0.9361101
batch_00600_patch.tiff,patch_59,6.7037325,6.493132,3.0870614,14.741707,2.4225624
batch_00600_patch.tiff,patch_60,13.612232,14.22634,8.053487,21.57093,-2.8780293
batch_00600_patch.tiff,patch_61,10.373941,10.809624,5.3839297,18.271093,-3.9151878
batch_00600_patch.tiff,patch_62,17.118597,8.862036,13.283184,23.941776,-2.9791594
batch_00600_patch.tiff,patch_63,18.820684,10.148048,12.862105,25.459587,-2.9404407
batch_00600_patch.tiff,patch_64,15.3744755,9.108485,7.8125315,24.064407,-3.2838366
batch_00600_patch.tiff,patch_65,12.721607,11.014366,-1.9423237,22.518139,-0.62106395
batch_00600_patch.tiff,patch_66,12.383275,1.3622342,3.1744394,18.946419,-1.5210553
batch_00600_patch.tiff,patch_67,11.918046,4.1440735,1.2321169,15.307428,5.284348
batch_00600_patch.tiff,patch_68,7.4609337,9.239538,5.6936655,17.61334,2.2768657
batch_00600_patch.tiff,patch_69,5.787232,7.091989,3.536281,15.938436,0.86512196
batch_00600_patch.tiff,patch_70,4.9082475,11.342418,5.2531667,19.333664,-11.325202
batch_00600_patch.tiff,patch_71,8.3463125,12.419171,10.157171,19.887112,-11.106309
batch_00600_patch.tiff,patch_72,12.7338,10.28452,11.716946,25.26714,-5.4663677
batch_00600_patch.tiff,patch_73,14.089427,6.887156,10.606866,21.835346,-5.991507
batch_00600_patch.tiff,patch_74,9.593483,15.910532,7.7964163,20.563778,-7.5460863
batch_00600_patch.tiff,patch_75,14.270124,5.9104643,1.4226736,21.837095,5.0595117
batch_00600_patch.tiff,patch_76,12.149307,2.3213537,0.6270611,15.270851,0.11770164
batch_00600_patch.tiff,patch_77,9.1449585,8.6116905,1.042544,17.431791,6.262922
batch_00600_patch.tiff,patch_78,10.523487,10.435346,3.1534944,16.775507,-0.3035728
batch_00600_patch.tiff,patch_79,8.921053,9.699429,6.246748,17.211405,-6.9922576
batch_00600_patch.tiff,patch_80,9.426802,10.060909,6.7895913,17.845987,-4.473128
batch_00600_patch.tiff,patch_81,9.026372,9.404236,10.060133,13.333474,1.7813447
batch_00600_patch.tiff,patch_82,8.130718,6.1090918,11.465586,16.125593,-2.7267628
batch_00600_patch.tiff,patch_83,12.915487,12.199502,11.623769,23.38298,-4.4611797
batch_00600_patch.tiff,patch_84,10.704695,11.11238,9.036719,25.067745,-4.9155087
batch_00600_patch.tiff,patch_85,12.489431,0.5484723,1.222187,15.761836,1.4685864
batch_00600_patch.tiff,patch_86,12.303331,1.0532473,-1.26126,15.93462,3.4498436
batch_00600_patch.tiff,patch_87,9.45059,7.8038774,5.684566,16.821768,-2.111869
batch_00600_patch.tiff,patch_88,5.842798,7.587256,2.9538522,14.26865,-1.8438002
batch_00600_patch.tiff,patch_89,9.06957,12.381931,6.106369,20.18283,-3.601362
batch_00600_patch.tiff,patch_90,12.703011,10.88621,5.003877,18.704597,0.596708
batch_00600_patch.tiff,patch_91,7.2473764,10.119804,15.203696,11.724617,-1.8703471
batch_00600_patch.tiff,patch_92,6.2870264,7.0193872,14.79012,12.585404,0.05656874
batch_00600_patch.tiff,patch_93,14.264307,11.006109,3.065316,25.401041,-3.4305782
batch_00600_patch.tiff,patch_94,11.314695,6.4481773,6.221659,25.784647,-0.93395084
batch_00600_patch.tiff,patch_95,15.480115,9.981778,6.145277,24.455286,1.1537815
batch_00600_patch.tiff,patch_96,13.348576,7.5579987,7.2015924,23.56697,-0.8701945
batch_00600_patch.tiff,patch_97,6.1987734,5.6608043,-3.5863955,11.636107,-4.0797143
batch_00600_patch.tiff,patch_98,9.524143,6.3786445,-0.8133203,14.838398,2.476885
batch_00600_patch.tiff,patch_99,8.175395,4.995759,9.229881,17.143795,-4.908429
batch_00600_patch.tiff,patch_100,13.550769,3.7392707,12.913656,19.324488,-1.3071482
batch_00600_patch.tiff,patch_101,5.337346,3.629548,2.429379,15.688384,-3.2217736
batch_00600_patch.tiff,patch_102,6.5202785,7.0829816,5.4692307,15.727401,-2.9699144
batch_00600_patch.tiff,patch_103,11.834134,10.01256,0.8265136,23.243116,-4.1962647
batch_00600_patch.tiff,patch_104,12.049005,7.856822,1.1918621,23.048428,-2.913482
batch_00600_patch.tiff,patch_105,18.021408,6.6665597,12.324992,22.77976,-1.0515565
batch_00600_patch.tiff,patch_106,16.207516,5.048755,13.857984,21.151821,-3.3608472
batch_00600_patch.tiff,patch_107,2.8626113,9.900174,-2.1509311,15.32124,0.772939
batch_00600_patch.tiff,patch_108,6.9407864,7.1175237,0.16873102,18.133228,2.6964686
batch_00600_patch.tiff,patch_109,13.23229,7.7634783,10.754834,17.584135,-3.598272
batch_00600_patch.tiff,patch_110,12.215834,2.0571861,11.57483,18.087904,-2.34501
batch_00600_patch.tiff,patch_111,5.917455,2.4179606,10.006837,14.699835,-4.475804
batch_00600_patch.tiff,patch_112,7.125348,7.4473357,9.5875845,17.022112,-3.2594364
batch_00600_patch.tiff,patch_113,8.446564,13.473761,0.8720055,23.245785,-7.881793
batch_00600_patch.tiff,patch_114,10.573144,2.9194167,-0.22385673,17.299013,4.7053823
batch_00600_patch.tiff,patch_115,11.212412,5.291596,4.0859523,22.11753,1.4206392
batch_00600_patch.tiff,patch_116,12.013617,7.0810847,10.469559,17.520468,-3.3611102
batch_00600_patch.tiff,patch_117,13.862618,6.0661035,10.659791,16.07096,-1.2333468
batch_00600_patch.tiff,patch_118,15.055417,14.966933,3.2699187,17.354498,1.8604114
batch_00600_patch.tiff,patch_119,7.834207,11.912636,-2.6990361,19.164951,2.6242917
batch_00600_patch.tiff,patch_120,16.62632,4.311246,14.195322,21.087934,-9.205032
batch_00600_patch.tiff,patch_121,13.638083,8.765566,11.983509,24.165451,-2.2771647
batch_00600_patch.tiff,patch_122,12.35575,1.5283488,-0.9986432,14.388543,3.8331656
batch_00600_patch.tiff,patch_123,9.541004,4.515502,7.58821,17.180017,0.32862005
batch_00600_patch.tiff,patch_124,9.791212,4.121728,9.427337,15.2428875,-2.2845683
batch_00600_patch.tiff,patch_125,14.554254,7.3825974,9.925636,20.362293,0.13486134
batch_00600_patch.tiff,patch_126,10.382019,14.065892,0.45753694,20.128231,5.269345
batch_00600_patch.tiff,patch_127,9.012953,12.558803,-2.1787586,20.217596,2.0684273
batch_00600_patch.tiff,patch_128,14.554257,6.204677,7.8619514,22.578453,-2.9991825
batch_00600_patch.tiff,patch_129,13.230762,4.391222,10.913935,21.348072,-2.6972687
batch_00600_patch.tiff,patch_130,6.4263377,6.517214,4.4095945,17.839308,0.6523405
batch_00600_patch.tiff,patch_131,13.606555,3.8013344,2.7401118,18.86366,5.083468
batch_00600_patch.tiff,patch_132,7.5371013,12.0485735,6.567097,14.640742,-5.8717575
batch_00600_patch.tiff,patch_133,8.889175,9.393453,9.043786,17.913786,-3.4748292
batch_00600_patch.tiff,patch_134,12.257114,11.046931,0.90522724,18.141258,-0.5622122
batch_00600_patch.tiff,patch_135,9.855772,11.176195,1.9747981,19.535494,0.16419442
batch_00600_patch.tiff,patch_136,13.526956,10.59717,3.8824084,23.96004,-5.6912947
batch_00600_patch.tiff,patch_137,10.540101,12.691442,4.776754,24.426083,-4.4055324
batch_00650_patch.tiff,patch_0,13.21145,9.130775,6.860513,25.020765,-5.3478513
batch_00650_patch.tiff,patch_1,13.40161,8.053571,8.150185,23.268946,-3.262398
batch_00650_patch.tiff,patch_2,8.981851,8.528539,5.125626,26.065147,-6.3598123
batch_00650_patch.tiff,patch_3,11.642986,14.384946,4.084863,22.83618,-5.364902
batch_00650_patch.tiff,patch_4,10.591279,10.163454,2.6391246,25.021357,-3.4382029
batch_00650_patch.tiff,patch_5,10.306369,8.417674,6.266023,23.164911,-7.5773892
batch_00650_patch.tiff,patch_6,10.80428,8.910035,7.612956,25.091545,-6.253916
batch_00650_patch.tiff,patch_7,8.809816,10.488898,7.3649373,21.63372,-4.8251157
batch_00650_patch.tiff,patch_8,12.069293,14.140594,0.7612233,22.319527,-4.0691752
batch_00650_patch.tiff,patch_9,14.417984,8.803441,9.15126,21.023336,-5.8718095
batch_00650_patch.tiff,patch_10,14.761269,11.294074,-0.2386607,25.601303,-2.765939
batch_00650_patch.tiff,patch_11,9.849901,13.949905,-1.8363698,19.487907,-4.8183756
batch_00650_patch.tiff,patch_12,11.275415,7.246297,6.2621956,20.219873,-2.5007453
batch_00650_patch.tiff,patch_13,14.101883,8.849816,6.7300763,23.510935,-6.159649
batch_00650_patch.tiff,patch_14,17.083134,8.674296,3.5935023,27.657455,-3.3655891
batch_00650_patch.tiff,patch_15,9.814164,4.3214335,3.9975994,24.610052,-7.6447296
batch_00650_patch.tiff,patch_16,13.645894,7.5858974,6.7001085,20.236383,-2.3415666
batch_00650_patch.tiff,patch_17,9.894071,8.267772,8.415931,23.035458,-3.5308952
batch_00650_patch.tiff,patch_18,12.965036,8.338909,2.9037275,22.914406,-10.460536
batch_00650_patch.tiff,patch_19,12.632214,8.278239,8.3780775,22.73448,-9.080477
batch_00650_patch.tiff,patch_20,10.670942,6.9412174,10.9992075,22.117672,-9.14139
batch_00650_patch.tiff,patch_21,12.2329445,14.092503,-0.33950165,23.381248,-5.0910816
batch_00650_patch.tiff,patch_22,17.740332,6.3800497,11.276278,22.522556,-6.196522
batch_00650_patch.tiff,patch_23,13.764553,6.162151,6.932113,19.33878,-5.84698
batch_00650_patch.tiff,patch_24,5.6436887,14.677799,-4.017404,17.860834,-5.071695
batch_00650_patch.tiff,patch_25,11.672741,4.8532887,8.04782,20.917374,-7.3425336
batch_00650_patch.tiff,patch_26,14.978017,9.982226,4.873796,23.843346,-5.935647
batch_00650_patch.tiff,patch_27,13.976467,7.691506,11.50052,26.044983,-4.7357097
batch_00650_patch.tiff,patch_28,5.46587,7.6933966,6.4344487,24.264864,-7.048111
batch_00650_patch.tiff,patch_29,7.2041426,2.8770604,2.940959,23.420786,-7.514002
batch_00650_patch.tiff,patch_30,10.978712,12.660535,7.2659388,24.457426,-7.0112624
batch_00650_patch.tiff,patch_31,13.019162,9.136991,6.8082013,24.226429,-5.0093384
batch_00650_patch.tiff,patch_32,8.558746,5.1964192,8.11523,21.897861,-9.80257
batch_00650_patch.tiff,patch_33,16.889921,8.516628,6.866008,23.100399,-4.568656
batch_00650_patch.tiff,patch_34,18.738012,7.242248,9.715125,22.50254,-1.138967
batch_00650_patch.tiff,patch_35,17.97043,6.930625,16.003761,21.376463,-3.8877153
batch_00650_patch.tiff,patch_36,13.178866,10.946028,5.6046367,23.339174,1.0660717
batch_00650_patch.tiff,patch_37,11.99198,6.457052,3.3085093,23.575083,-6.4602947
batch_00650_patch.tiff,patch_38,12.890898,9.09621,2.36046,21.419388,-1.7877486
batch_00650_patch.tiff,patch_39,12.785465,9.565167,4.4116592,26.370007,-6.181058
batch_00650_patch.tiff,patch_40,13.58795,12.099582,5.933305,28.182327,-5.9586697
batch_00650_patch.tiff,patch_41,9.772816,12.650324,5.0293627,23.662579,-8.010702
batch_00650_patch.tiff,patch_42,12.755072,10.566513,9.271478,21.7917,-8.71048
batch_00650_patch.tiff,patch_43,6.2427945,5.858266,4.0586696,17.781662,-9.925937
batch_00650_patch.tiff,patch_44,9.55908,7.704993,8.650725,17.886036,-7.4083033
batch_00650_patch.tiff,patch_45,13.428351,8.429556,7.3754287,18.287018,-5.2358165
batch_00650_patch.tiff,patch_46,18.8323,6.5233808,9.528868,23.758759,-0.3859809
batch_00650_patch.tiff,patch_47,15.889714,6.4929614,8.610492,19.798811,-1.8885248
batch_00650_patch.tiff,patch_48,12.327427,11.040566,10.038795,23.796247,-3.887825
batch_00650_patch.tiff,patch_49,7.6287036,4.671532,9.656649,19.489704,-6.278815
batch_00650_patch.tiff,patch_50,15.975462,6.7607937,11.211513,22.193838,-4.4140453
batch_00650_patch.tiff,patch_51,11.0350065,11.595784,1.5576885,25.987692,-9.21769
batch_00650_patch.tiff,patch_52,11.756532,11.843152,2.4058213,26.812462,-1.7065115
batch_00650_patch.tiff,patch_53,10.912363,12.110683,9.519029,27.988821,-9.160331
batch_00650_patch.tiff,patch_54,11.987778,6.033433,14.363283,20.258598,-9.342036
batch_00650_patch.tiff,patch_55,12.946558,8.017696,5.6003504,23.673088,-8.761807
batch_00650_patch.tiff,patch_56,13.327918,4.186988,8.323979,17.250824,-7.186783
batch_00650_patch.tiff,patch_57,10.6785755,13.108518,4.4207554,24.572958,-3.9387994
batch_00650_patch.tiff,patch_58,7.255385,11.275777,-1.0239929,19.596228,-5.9427524
batch_00650_patch.tiff,patch_59,13.008957,7.97798,9.276757,25.716143,-3.56187
batch_00650_patch.tiff,patch_60,15.060362,12.437561,6.445495,23.394014,-4.174706
batch_00650_patch.tiff,patch_61,9.01152,11.904764,0.48424852,23.230803,-10.317563
batch_00650_patch.tiff,patch_62,13.849861,10.3691435,12.38612,23.64625,-1.5254923
batch_00650_patch.tiff,patch_63,8.584785,8.340725,10.5789,21.693453,-7.4701104
batch_00650_patch.tiff,patch_64,13.827329,10.46455,4.562207,25.146362,-9.450313
batch_00650_patch.tiff,patch_65,14.405173,9.024659,5.9597282,25.30072,-5.655818
batch_00650_patch.tiff,patch_66,14.188443,6.7462797,0.99172413,25.267954,-8.23588
batch_00650_patch.tiff,patch_67,13.489162,6.408195,7.951541,21.29758,-4.6269994
batch_00650_patch.tiff,patch_68,15.347209,9.055173,7.4560966,22.34778,-2.278569
batch_00650_patch.tiff,patch_69,11.623847,9.212062,4.029786,25.564356,-5.475208
batch_00650_patch.tiff,patch_70,10.8907,6.7512226,3.869504,22.023802,-11.8124485
batch_00650_patch.tiff,patch_71,14.651444,6.4570436,2.633965,19.135416,-2.206206
batch_00650_patch.tiff,patch_72,8.171586,7.6039014,3.6822712,23.520393,-5.421324
batch_00650_patch.tiff,patch_73,14.788219,8.549504,2.556101,25.41461,-3.7500122
batch_00650_patch.tiff,patch_74,9.820831,11.843173,4.8331733,20.84134,-6.0766835
batch_00650_patch.tiff,patch_75,12.996167,11.436985,7.3180413,24.406412,-6.9752483
batch_00650_patch.tiff,patch_76,9.259396,8.578573,0.97685844,22.737936,1.4612237
batch_00650_patch.tiff,patch_77,12.635382,6.5693884,9.608616,23.058863,-6.194247
batch_00650_patch.tiff,patch_78,9.734662,13.620322,11.044563,22.350325,-6.813122
batch_00650_patch.tiff,patch_79,16.016623,7.824572,8.63146,23.718939,-3.3597353
batch_00650_patch.tiff,patch_80,9.343897,12.199751,4.6493397,22.758049,-1.992769
batch_00650_patch.tiff,patch_81,14.504014,7.4492645,3.3549373,26.106232,-5.985206
batch_00650_patch.tiff,patch_82,7.3102517,14.586755,-1.6749965,22.001455,-4.505249
batch_00650_patch.tiff,patch_83,7.9820013,12.186509,-3.1753445,22.209417,-2.9258676
batch_00650_patch.tiff,patch_84,14.591211,16.82543,7.7004914,24.19241,-1.4360108
batch_00650_patch.tiff,patch_85,12.408858,14.789506,6.660608,22.173481,-2.5633752
batch_00650_patch.tiff,patch_86,6.773838,6.285064,6.808037,21.074419,-6.213022
batch_00650_patch.tiff,patch_87,9.356378,10.562841,4.0853434,26.415457,-9.374623
batch_00650_patch.tiff,patch_88,10.797524,8.966501,5.28166,22.979763,-8.478994
batch_00650_patch.tiff,patch_89,12.013307,10.389057,10.9099,26.475424,-11.395697
batch_00650_patch.tiff,patch_90,12.915338,11.502035,1.6106595,24.801987,-6.064982
batch_00650_patch.tiff,patch_91,12.944741,11.531781,2.2057736,22.393959,-3.9030292
batch_00650_patch.tiff,patch_92,13.7821,7.9753885,4.8710747,22.624184,-4.7011685
batch_00650_patch.tiff,patch_93,8.030035,12.442289,8.271198,23.89741,-7.235477
batch_00650_patch.tiff,patch_94,11.515233,13.63879,4.9202986,22.22981,-3.1101675
batch_00650_patch.tiff,patch_95,10.206853,13.996883,0.11675822,25.441837,-4.7136397
batch_00650_patch.tiff,patch_96,13.695399,5.06856,6.3056355,22.432377,-5.14206
batch_00650_patch.tiff,patch_97,12.087846,14.838793,0.34792256,22.803236,-7.993051
batch_00650_patch.tiff,patch_98,12.465194,12.653993,3.5984187,23.367542,-7.9303
batch_00650_patch.tiff,patch_99,11.314586,8.6592045,0.72572285,25.347406,-8.948572
batch_00650_patch.tiff,patch_100,17.53032,8.010246,9.57815,22.19711,-3.7274563
batch_00650_patch.tiff,patch_101,10.748803,14.419458,2.3740406,21.511547,-5.070239
batch_00650_patch.tiff,patch_102,10.552853,10.285137,4.086167,26.04992,-6.260852
batch_00650_patch.tiff,patch_103,13.610317,10.945725,4.8041725,23.410898,-10.1797905
batch_00650_patch.tiff,patch_104,8.922319,6.6013203,-4.1003623,23.879442,-9.685126
batch_00650_patch.tiff,patch_105,15.6927805,9.982971,9.254156,24.060808,-5.8952575
batch_00650_patch.tiff,patch_106,10.351042,6.8949647,5.8644915,18.760975,-9.177441
batch_00650_patch.tiff,patch_107,12.320173,9.432102,4.1767306,27.171299,-7.7057066
batch_00650_patch.tiff,patch_108,9.130743,10.5316,-3.5606716,21.66866,-5.8772945
batch_00650_patch.tiff,patch_109,13.78842,14.101261,0.7923746,19.834602,-6.960227
batch_00650_patch.tiff,patch_110,11.555083,5.5635386,8.577393,19.860193,-7.6441765
batch_00650_patch.tiff,patch_111,10.657284,11.100294,2.0075135,25.773733,-7.794657
batch_00650_patch.tiff,patch_112,13.188831,9.593206,9.042331,26.664778,-3.0350468
batch_00650_patch.tiff,patch_113,8.99759,11.39405,1.3080027,24.468977,-10.325963
batch_00650_patch.tiff,patch_114,13.25402,5.5357285,5.3123374,24.344751,-5.043224
batch_00650_patch.tiff,patch_115,13.741523,6.6625233,0.32130748,24.698341,-3.4795203
batch_00650_patch.tiff,patch_116,12.747005,11.188153,2.731402,26.322783,-7.5305305
batch_00650_patch.tiff,patch_117,9.409758,12.67429,0.4717264,22.131285,-6.90491
batch_00650_patch.tiff,patch_118,12.824574,11.663616,8.3245,22.715708,-5.500777
batch_00650_patch.tiff,patch_119,13.660504,9.381607,5.0475073,17.789463,-3.3871622
batch_00650_patch.tiff,patch_120,11.802986,11.855521,10.707491,24.131622,-3.829583
batch_00650_patch.tiff,patch_121,11.729028,12.801483,6.4240813,25.645369,-5.909054
batch_00650_patch.tiff,patch_122,12.098473,11.213873,6.023926,26.084024,-3.5298584
batch_00650_patch.tiff,patch_123,9.889842,8.684231,8.648723,21.661741,-9.509271
batch_00650_patch.tiff,patch_124,13.047212,7.896717,11.9331665,24.04158,-8.260051
batch_00650_patch.tiff,patch_125,12.82427,5.3606963,10.815666,19.894445,-5.157776
batch_00650_patch.tiff,patch_126,10.404262,9.115115,-0.53492075,23.230616,-6.842775
batch_00650_patch.tiff,patch_127,10.691796,15.960911,4.9336324,23.298855,-4.2434683
batch_00650_patch.tiff,patch_128,9.799173,14.086333,4.4732676,22.799953,-4.028987
batch_00650_patch.tiff,patch_129,8.818117,8.726779,-2.627172,20.739052,-9.256927
batch_00650_patch.tiff,patch_130,12.947815,8.858385,4.274698,22.71023,-3.3059704
batch_00650_patch.tiff,patch_131,11.745527,3.5723438,9.986626,21.044594,-10.39933
batch_00650_patch.tiff,patch_132,13.457094,4.038378,11.323768,23.320082,-7.8010206
batch_00650_patch.tiff,patch_133,12.496439,4.5469546,12.037388,21.424742,-3.3896348
batch_00650_patch.tiff,patch_134,14.103132,5.7542505,0.02258299,22.18571,-3.103645
batch_00650_patch.tiff,patch_135,11.851889,6.817087,-0.21052709,18.583738,-2.3677924
batch_00650_patch.tiff,patch_136,2.4112222,1.2352468,-0.89490014,19.889936,-11.872716
batch_00650_patch.tiff,patch_137,16.473948,6.39216,11.996603,23.281124,-2.0324306
batch_00650_patch.tiff,patch_138,15.765403,10.540798,8.792762,25.6807,-1.7201624
batch_00650_patch.tiff,patch_139,10.167023,-0.20116608,10.77224,20.429049,-10.1147585
batch_00650_patch.tiff,patch_140,11.783301,11.027376,7.816009,23.411808,-7.872948
batch_00650_patch.tiff,patch_141,9.428072,10.038034,-0.3667168,22.778915,-9.2721195
batch_00650_patch.tiff,patch_142,11.527771,10.073294,4.046538,24.766865,-8.10555
batch_00650_patch.tiff,patch_143,10.36707,9.352351,4.054042,22.98452,-6.0175695
batch_00650_patch.tiff,patch_144,11.455308,11.184808,4.710259,26.330519,-6.515097
batch_00650_patch.tiff,patch_145,12.155006,9.744342,9.150339,20.010979,-4.637807
batch_00650_patch.tiff,patch_146,6.1548285,10.592837,-0.035443664,18.371809,-7.193945
batch_00650_patch.tiff,patch_147,12.223295,9.448785,6.49778,25.952866,-7.754162
batch_00650_patch.tiff,patch_148,12.324009,9.126465,6.247562,22.84083,-2.6300573
batch_00700_patch.tiff,patch_0,12.010601,6.989221,6.479495,21.356098,-5.754375
batch_00700_patch.tiff,patch_1,6.1940103,11.210764,-4.56487,17.165016,-2.0138345
batch_00700_patch.tiff,patch_2,12.425477,9.841638,4.1318126,23.595781,-3.3964913
batch_00700_patch.tiff,patch_3,12.444143,8.575663,6.0272813,22.962437,-0.80218965
batch_00700_patch.tiff,patch_4,10.85991,14.148261,-0.8116704,20.785263,-4.627893
batch_00700_patch.tiff,patch_5,9.042674,12.9176,1.1693466,20.14307,-4.6031523
batch_00700_patch.tiff,patch_6,15.151531,8.174076,12.892286,23.046522,-3.3770387
batch_00700_patch.tiff,patch_7,17.878183,9.511126,6.823951,23.317822,-0.15866062
batch_00700_patch.tiff,patch_8,9.877248,7.0231934,7.6853795,23.866337,-2.5954754
batch_00700_patch.tiff,patch_9,13.681094,10.446115,0.8895852,23.329388,-5.695532
batch_00700_patch.tiff,patch_10,12.142821,11.410871,5.7698927,22.795404,-7.1368504
batch_00700_patch.tiff,patch_11,9.65674,12.671933,0.92489606,21.632986,-5.1698236
batch_00700_patch.tiff,patch_12,11.534391,9.993063,6.5582724,21.664364,-3.9257615
batch_00700_patch.tiff,patch_13,10.072327,10.878004,5.9743314,22.517654,-6.5292287
batch_00700_patch.tiff,patch_14,10.781,7.225718,10.317248,22.332335,-0.40476432
batch_00700_patch.tiff,patch_15,12.770066,11.5192175,2.1741412,25.0979,-3.5372758
batch_00700_patch.tiff,patch_16,10.170711,18.053394,2.1171944,23.317553,-3.9973676
batch_00700_patch.tiff,patch_17,15.469715,10.289242,15.939535,24.793129,-5.0033116
batch_00700_patch.tiff,patch_18,16.851522,6.6794033,15.135138,21.698023,-5.406488
batch_00700_patch.tiff,patch_19,12.245492,9.970742,7.2238994,24.718958,-4.461795
batch_00700_patch.tiff,patch_20,10.800198,3.2500439,12.134637,21.900417,-3.7749903
batch_00700_patch.tiff,patch_21,13.581257,8.756093,3.3164287,24.609674,-4.490855
batch_00700_patch.tiff,patch_22,13.088947,6.771219,2.3821516,24.289698,-3.5084069
batch_00700_patch.tiff,patch_23,10.665385,11.571606,1.6628112,22.777216,-4.2726307
batch_00700_patch.tiff,patch_24,12.754993,10.760947,2.2327337,24.877636,-4.9460435
batch_00700_patch.tiff,patch_25,10.430174,11.683094,5.6258464,24.179262,-3.4801528
batch_00700_patch.tiff,patch_26,11.95777,7.4887195,2.5513895,24.990467,-9.638085
batch_00700_patch.tiff,patch_27,11.948939,10.87792,3.9411237,23.861252,-6.9653187
batch_00700_patch.tiff,patch_28,10.064391,8.852876,4.3007154,24.053022,-9.295367
batch_00700_patch.tiff,patch_29,13.788986,13.014997,9.08831,25.025171,-7.2085705
batch_00700_patch.tiff,patch_30,11.907104,10.094057,6.018453,25.402916,-1.0548066
batch_00700_patch.tiff,patch_31,12.080475,10.031042,5.96849,23.30485,-1.7670717
batch_00700_patch.tiff,patch_32,11.373117,9.687408,2.4129283,24.927742,-6.9379125
batch_00700_patch.tiff,patch_33,6.494464,3.2595263,2.6726847,24.55195,-14.044133
batch_00700_patch.tiff,patch_34,13.771982,7.0377226,0.13526908,26.76219,-3.6213293
batch_00700_patch.tiff,patch_35,15.2396755,10.097321,0.46209356,23.367912,-3.6001453
batch_00700_patch.tiff,patch_36,15.0612955,11.02522,8.129381,26.409756,-9.967854
batch_00700_patch.tiff,patch_37,14.250766,6.5195,9.708855,22.678383,-7.1396837
batch_00700_patch.tiff,patch_38,17.890291,8.35774,7.464521,26.29579,-0.73347706
batch_00700_patch.tiff,patch_39,12.617443,6.498422,11.339763,22.233469,-2.080925
batch_00700_patch.tiff,patch_40,11.118008,4.5773478,5.949662,23.286936,-3.6019342
batch_00700_patch.tiff,patch_41,15.0255165,11.633698,7.5342216,24.201979,-4.6523914
batch_00700_patch.tiff,patch_42,12.027504,8.986615,7.1424932,24.686468,-3.2710836
batch_00700_patch.tiff,patch_43,15.978883,10.566632,8.841601,24.239658,-2.1547801
batch_00700_patch.tiff,patch_44,12.660906,7.6959996,5.2007446,21.625383,-3.115642
batch_00700_patch.tiff,patch_45,12.875884,11.777852,10.8165865,22.430714,-8.17513
batch_00700_patch.tiff,patch_46,11.279783,8.120298,7.0006256,23.562582,-4.5034614
batch_00700_patch.tiff,patch_47,15.365294,7.2783923,8.243962,22.06563,-2.0768547
batch_00700_patch.tiff,patch_48,13.374525,4.8734784,14.373026,20.053408,-7.68119
batch_00700_patch.tiff,patch_49,10.554523,6.9814267,7.0300317,22.278185,-2.468855
batch_00700_patch.tiff,patch_50,10.698668,5.591711,8.461464,22.009686,-6.9530783
batch_00700_patch.tiff,patch_51,10.760867,6.4144154,2.5218167,24.385157,-1.9900242
batch_00700_patch.tiff,patch_52,12.867986,8.415899,5.821252,24.315144,-4.080409
batch_00700_patch.tiff,patch_53,15.747174,10.839339,9.506579,21.825338,-4.4752927
batch_00700_patch.tiff,patch_54,12.165509,9.605794,3.1355088,22.339428,-3.0460536
batch_00700_patch.tiff,patch_55,13.231019,16.260273,7.6489735,22.452673,-5.020088
batch_00700_patch.tiff,patch_56,12.953938,12.20741,8.760002,24.770088,-4.9220424
batch_00700_patch.tiff,patch_57,10.924981,8.455237,8.707001,25.33694,-3.6304147
batch_00700_patch.tiff,patch_58,13.434859,10.828918,11.179009,22.847713,-5.585636
batch_00700_patch.tiff,patch_59,13.411993,9.240309,2.2084353,24.112698,-2.262779
batch_00700_patch.tiff,patch_60,12.420251,9.100442,2.1302252,25.107637,-6.949795
batch_00700_patch.tiff,patch_61,11.318714,8.943124,7.244208,23.653215,-4.8893824
batch_00700_patch.tiff,patch_62,11.71913,4.740608,5.826792,19.588242,-2.1493146
batch_00700_patch.tiff,patch_63,11.380968,11.317427,1.4093444,23.141087,-6.187261
batch_00700_patch.tiff,patch_64,11.162675,7.6231318,1.5425061,26.428932,-4.1742625
batch_00700_patch.tiff,patch_65,14.531298,10.5772295,2.4615512,20.827972,-0.3802181
batch_00700_patch.tiff,patch_66,14.068362,11.923301,7.4758344,22.431585,-5.575371
batch_00700_patch.tiff,patch_67,11.998489,8.885265,5.166787,24.511656,-3.3842754
batch_00700_patch.tiff,patch_68,12.862913,8.491928,4.608061,27.755007,-8.320639
batch_00700_patch.tiff,patch_69,16.324104,8.323599,8.384978,25.59389,-4.135184
batch_00700_patch.tiff,patch_70,17.436035,2.5845208,5.762615,23.888227,-0.52235025
batch_00700_patch.tiff,patch_71,13.356899,7.166118,0.15640905,24.106806,-3.376297
batch_00700_patch.tiff,patch_72,12.712045,10.96497,3.8581614,23.4708,-8.167369
batch_00700_patch.tiff,patch_73,11.218076,8.323496,5.1614943,23.55463,-2.5642505
batch_00700_patch.tiff,patch_74,10.90511,6.3219953,8.678227,24.52441,-6.8624735
batch_00700_patch.tiff,patch_75,13.931305,8.929051,1.6402681,26.319044,-5.7235847
batch_00700_patch.tiff,patch_76,8.162845,6.1323996,5.9627004,23.799822,-9.184859
batch_00700_patch.tiff,patch_77,7.8975563,6.98036,6.051555,25.904184,-10.064688
batch_00700_patch.tiff,patch_78,17.874025,10.61902,5.8653965,24.005102,-4.928155
batch_00700_patch.tiff,patch_79,11.473536,11.6219635,3.3798401,23.886923,-4.5967894
batch_00700_patch.tiff,patch_80,11.4112835,8.676738,1.3768457,23.098452,-8.729085
batch_00700_patch.tiff,patch_81,9.550635,10.797514,5.854361,22.314087,-8.341364
batch_00700_patch.tiff,patch_82,11.471606,11.660187,7.075852,25.6723,-0.9392894
batch_00700_patch.tiff,patch_83,12.474546,3.3736455,4.98848,22.712852,-10.491435
batch_00700_patch.tiff,patch_84,13.119515,4.690723,0.5123137,23.062475,-4.6588798
batch_00700_patch.tiff,patch_85,17.326523,9.990089,10.694104,24.780064,-2.4253724
batch_00700_patch.tiff,patch_86,12.5229,9.382625,11.284421,24.81393,-7.8329678
batch_00700_patch.tiff,patch_87,16.88121,10.368538,1.7598375,22.439238,-3.7356231
batch_00700_patch.tiff,patch_88,5.8910046,10.243675,6.7511625,21.732113,-8.885827
batch_00700_patch.tiff,patch_89,13.982056,10.5763855,0.8173861,25.025574,-3.289526
batch_00700_patch.tiff,patch_90,8.700325,4.1321836,-1.1755769,23.340498,-11.876436
batch_00700_patch.tiff,patch_91,11.38822,7.782043,1.1137202,26.12418,-4.8818736
batch_00700_patch.tiff,patch_92,14.672988,8.711517,7.8700666,24.357473,-4.2309723
batch_00700_patch.tiff,patch_93,13.97425,12.578323,1.6222306,23.294891,-8.149627
batch_00700_patch.tiff,patch_94,15.678929,11.817748,2.7491417,25.029238,-7.664968
batch_00700_patch.tiff,patch_95,6.2073216,6.5971255,8.918529,23.306282,-10.83753
batch_00700_patch.tiff,patch_96,12.549329,9.714699,7.559035,23.349262,-2.4407492
batch_00700_patch.tiff,patch_97,19.157694,5.0848603,7.5504317,22.235767,-0.11680695
batch_00700_patch.tiff,patch_98,19.92463,5.213919,9.422421,22.938889,-0.75973076
batch_00700_patch.tiff,patch_99,12.95647,10.150265,5.736961,22.937939,-6.078059
batch_00700_patch.tiff,patch_100,13.345558,9.544205,6.4729342,22.856783,-4.781343
batch_00700_patch.tiff,patch_101,12.6974,6.3730683,5.2391877,19.907322,-7.609516
batch_00700_patch.tiff,patch_102,9.2518,2.0755522,6.4184175,22.583797,-18.682726
batch_00700_patch.tiff,patch_103,11.610691,8.432,4.5158567,25.277237,-5.335888
batch_00700_patch.tiff,patch_104,13.174949,9.61388,1.1063054,24.45655,-4.604118
batch_00700_patch.tiff,patch_105,13.198718,10.582782,3.9494996,25.582975,-4.047291
batch_00700_patch.tiff,patch_106,13.265743,10.040222,4.8496494,23.940302,-3.2341897
batch_00700_patch.tiff,patch_107,17.212008,8.335119,9.315764,23.493898,-2.2849545
batch_00700_patch.tiff,patch_108,17.54375,7.718287,6.3085446,19.545216,-0.59157234
batch_00700_patch.tiff,patch_109,12.139952,5.3378844,2.0693643,24.326769,-4.0403004
batch_00700_patch.tiff,patch_110,11.532572,12.596253,5.802575,22.777845,-4.582803
batch_00700_patch.tiff,patch_111,13.086946,7.117473,10.360795,24.163456,-5.9592376
batch_00700_patch.tiff,patch_112,10.386241,10.937456,5.746106,24.688969,-4.0880337
batch_00700_patch.tiff,patch_113,11.659138,4.8515806,3.2999198,24.759071,-14.54932
batch_00700_patch.tiff,patch_114,15.397984,11.082171,10.624615,23.791103,-8.124028
batch_00700_patch.tiff,patch_115,17.91747,6.616729,5.000153,25.714798,-4.4143677
batch_00700_patch.tiff,patch_116,13.0381775,8.218557,9.051976,26.68452,-3.8997216
batch_00700_patch.tiff,patch_117,13.921646,11.080416,9.225242,20.892483,-7.7786484
batch_00700_patch.tiff,patch_118,13.46783,5.3199697,10.977924,22.381058,-7.0106115
batch_00700_patch.tiff,patch_119,14.6760025,8.767237,9.462217,22.755167,-5.501503
batch_00700_patch.tiff,patch_120,12.214533,8.252227,8.689645,23.512022,-4.5120463
batch_00700_patch.tiff,patch_121,6.4791718,9.596883,3.0979211,24.79485,-7.639346
batch_00700_patch.tiff,patch_122,7.262581,5.3832974,12.932942,21.029432,-12.435523
batch_00700_patch.tiff,patch_123,12.747051,7.8394513,12.478424,26.839354,-9.108814
batch_00700_patch.tiff,patch_124,7.323364,8.122169,1.7816975,18.19628,-6.180696
batch_00700_patch.tiff,patch_125,12.082875,6.9673514,3.2408617,23.77907,-2.3319092
batch_00700_patch.tiff,patch_126,17.65328,5.4047704,6.1290283,25.653322,-11.993754
batch_00700_patch.tiff,patch_127,12.004129,7.8312883,9.36486,21.34902,-1.8706719
batch_00700_patch.tiff,patch_128,13.10895,9.673801,6.078095,21.893764,-1.1163242
batch_00700_patch.tiff,patch_129,13.169685,10.2785015,9.004196,20.02624,-4.26385
batch_00700_patch.tiff,patch_130,10.077438,15.483018,3.8358173,22.868132,-4.637748
batch_00700_patch.tiff,patch_131,12.633085,8.808559,12.928753,25.285221,-10.286843
batch_00700_patch.tiff,patch_132,9.428582,6.6831985,8.509724,25.516897,-8.52062
batch_00700_patch.tiff,patch_133,11.381414,12.598068,2.553164,26.82588,-5.810177
batch_00700_patch.tiff,patch_134,15.911494,8.782578,8.173253,23.86508,-10.65201
batch_00700_patch.tiff,patch_135,7.9030075,8.27632,3.5900874,24.99507,-3.1940622
batch_00700_patch.tiff,patch_136,11.739524,9.160835,2.7677321,24.522242,-4.644015
batch_00700_patch.tiff,patch_137,10.56928,12.728538,3.7121534,20.64653,-1.8928826
batch_00700_patch.tiff,patch_138,9.98217,11.985976,9.733189,21.457384,-6.5503364
batch_00700_patch.tiff,patch_139,10.758683,10.007363,3.8373144,23.929592,-7.977501
batch_00700_patch.tiff,patch_140,6.214609,-2.259978,1.9337288,15.846422,-11.349895
batch_00700_patch.tiff,patch_141,14.085186,13.0379305,11.599555,21.69755,-7.3923416
batch_00700_patch.tiff,patch_142,9.997338,4.272258,5.2236247,20.141209,-5.7566137
batch_00750_patch.tiff,patch_0,15.139541,9.44405,7.120926,24.038252,-4.1858506
batch_00750_patch.tiff,patch_1,12.8795805,6.9762893,6.0387464,23.89152,-5.5751467
batch_00750_patch.tiff,patch_2,13.552161,11.678732,6.2713523,25.64529,-7.133985
batch_00750_patch.tiff,patch_3,13.421656,11.079738,3.3791437,28.232428,-7.1177335
batch_00750_patch.tiff,patch_4,10.802709,8.958658,2.9866903,22.070627,-0.4650798
batch_00750_patch.tiff,patch_5,11.38711,9.122338,10.264642,23.241598,-8.427701
batch_00750_patch.tiff,patch_6,9.636222,7.38796,7.71537,19.228613,-8.628568
batch_00750_patch.tiff,patch_7,12.523855,10.353096,6.1546025,23.81619,-10.48729
batch_00750_patch.tiff,patch_8,14.881887,7.2640276,7.087612,22.51052,-7.6434026
batch_00750_patch.tiff,patch_9,11.868834,9.988274,3.3631425,25.105341,-7.042355
batch_00750_patch.tiff,patch_10,11.242866,9.165446,-2.9173057,24.11219,-2.4425287
batch_00750_patch.tiff,patch_11,13.692458,7.7241426,7.5419235,20.884815,-9.073788
batch_00750_patch.tiff,patch_12,12.764326,9.332245,1.6195805,24.046577,-6.821202
batch_00750_patch.tiff,patch_13,15.146926,10.097105,6.658317,25.847649,-7.553864
batch_00750_patch.tiff,patch_14,14.080772,12.900109,10.819546,21.349163,-7.764445
batch_00750_patch.tiff,patch_15,13.15299,10.238726,8.295739,23.691124,-7.4530597
batch_00750_patch.tiff,patch_16,11.813684,9.047502,9.843171,22.32366,-11.417933
batch_00750_patch.tiff,patch_17,10.783115,5.4454064,8.784832,19.186836,-4.0592756
batch_00750_patch.tiff,patch_18,10.290178,7.232251,6.418137,24.298124,-4.530154
batch_00750_patch.tiff,patch_19,12.125,8.934094,-0.06679647,20.945547,-3.5043824
batch_00750_patch.tiff,patch_20,12.582984,8.464765,4.7289534,20.71439,-7.0834455
batch_00750_patch.tiff,patch_21,12.570361,9.241638,7.208538,23.671953,-7.124538
batch_00750_patch.tiff,patch_22,9.166925,9.93855,10.043841,19.870527,-9.411612
batch_00750_patch.tiff,patch_23,11.645481,7.7876015,5.746368,23.526917,-12.7215185
batch_00750_patch.tiff,patch_24,12.343641,7.768229,7.927366,24.227001,-15.548065
batch_00750_patch.tiff,patch_25,12.014687,9.394925,4.2991056,25.855713,-3.3091288
batch_00750_patch.tiff,patch_26,13.986606,11.763198,5.6447577,27.338463,-2.9004023
batch_00750_patch.tiff,patch_27,14.198865,11.723324,10.326103,25.122667,-7.0672836
batch_00750_patch.tiff,patch_28,7.83899,7.5018983,-4.2827253,22.803373,1.8813177
batch_00750_patch.tiff,patch_29,14.4895525,8.102337,10.493156,24.229448,-5.4834824
batch_00750_patch.tiff,patch_30,11.880129,6.606833,0.48768973,17.18127,-7.874545
batch_00750_patch.tiff,patch_31,16.22804,4.353619,13.391794,25.078938,-5.303841
batch_00750_patch.tiff,patch_32,12.88612,11.564982,0.66272306,23.29725,-1.5122846
batch_00750_patch.tiff,patch_33,13.351308,7.761281,3.4897115,23.918158,-1.9017771
batch_00750_patch.tiff,patch_34,15.133731,7.987092,2.1163733,20.34461,0.021041846
batch_00750_patch.tiff,patch_35,13.7431,11.121794,4.725058,27.978966,-3.5593235
batch_00750_patch.tiff,patch_36,13.667419,9.824967,6.545247,26.35512,-4.060275
batch_00750_patch.tiff,patch_37,13.217985,11.374372,6.8959594,25.17285,-4.3603525
batch_00750_patch.tiff,patch_38,13.435634,8.993183,9.514337,23.628508,-6.822361
batch_00750_patch.tiff,patch_39,14.12461,5.2849545,13.490054,22.313427,-8.689877
batch_00750_patch.tiff,patch_40,17.646341,5.6477423,14.738068,23.13024,-8.764376
batch_00750_patch.tiff,patch_41,11.048154,4.0130615,6.749665,21.72796,-6.969441
batch_00750_patch.tiff,patch_42,13.385246,6.280861,0.28015903,22.236017,-1.111986
batch_00750_patch.tiff,patch_43,11.263196,10.088568,6.107763,21.983118,-0.12137354
batch_00750_patch.tiff,patch_44,11.035648,10.974011,4.455696,24.00471,-9.290863
batch_00750_patch.tiff,patch_45,13.935762,10.856582,4.0403132,24.895325,-4.0448933
batch_00750_patch.tiff,patch_46,13.893405,8.818013,4.714496,22.279583,-4.757543
batch_00750_patch.tiff,patch_47,11.499213,5.375437,13.424253,22.435038,-4.315113
batch_00750_patch.tiff,patch_48,12.469481,7.9417377,0.9843845,26.24834,-5.4768133
batch_00750_patch.tiff,patch_49,13.10752,4.262137,4.871476,23.277325,-3.9401164
batch_00750_patch.tiff,patch_50,12.223619,8.318658,4.621057,22.729044,-3.9624524
batch_00750_patch.tiff,patch_51,13.227956,8.131975,5.714451,24.85037,-0.8976378
batch_00750_patch.tiff,patch_52,12.74511,11.835151,3.1566741,22.279099,-3.6234841
batch_00750_patch.tiff,patch_53,7.314903,7.9704976,2.641746,28.26073,-2.2006829
batch_00750_patch.tiff,patch_54,13.543362,7.235028,6.964206,26.320133,-11.040498
batch_00750_patch.tiff,patch_55,10.511338,14.9828,0.3167357,20.748653,-5.184716
batch_00750_patch.tiff,patch_56,12.465023,14.768817,7.942689,23.396454,-7.326955
batch_00750_patch.tiff,patch_57,13.741071,8.847277,4.24971,22.232231,-3.4649045
batch_00750_patch.tiff,patch_58,12.183066,10.693752,5.696546,23.459494,-3.813821
batch_00750_patch.tiff,patch_59,14.227247,8.980538,7.2826047,20.172098,-6.2058315
batch_00750_patch.tiff,patch_60,10.638286,10.530722,5.655974,25.217175,-0.39663658
batch_00750_patch.tiff,patch_61,14.07507,10.942638,8.220723,25.864925,-4.3765287
batch_00750_patch.tiff,patch_62,10.106968,6.5978312,3.3836987,25.215635,-13.811508
batch_00750_patch.tiff,patch_63,9.510937,5.505148,1.9768021,24.338348,-4.4880185
batch_00750_patch.tiff,patch_64,12.99158,11.652951,5.5826473,24.32753,-5.7211056
batch_00750_patch.tiff,patch_65,11.885294,7.805534,-0.6968303,20.537111,-2.746651
batch_00750_patch.tiff,patch_66,11.362685,11.928857,-1.0269413,22.948679,-3.0597563
batch_00750_patch.tiff,patch_67,12.296415,8.954932,0.54340655,22.218899,-0.5653436
batch_00750_patch.tiff,patch_68,9.238286,3.1656246,2.964029,22.11984,-8.796758
batch_00750_patch.tiff,patch_69,11.452514,9.245895,4.821511,26.065834,-7.0088725
batch_00750_patch.tiff,patch_70,13.495534,12.128003,3.2903545,22.788546,-4.328699
batch_00750_patch.tiff,patch_71,12.751425,7.6409774,5.0436363,23.239725,-2.5770628
batch_00750_patch.tiff,patch_72,14.2795925,10.215387,4.326426,25.27071,-5.225823
batch_00750_patch.tiff,patch_73,13.033324,12.490066,14.479806,24.034483,-8.392878
batch_00750_patch.tiff,patch_74,12.272877,6.7454066,10.345763,21.596516,-5.684401
batch_00750_patch.tiff,patch_75,14.52761,6.116521,8.814392,22.874304,-5.4357595
batch_00750_patch.tiff,patch_76,10.805025,6.1669407,3.617334,20.564867,-2.7954423
batch_00750_patch.tiff,patch_77,14.020727,11.282436,5.116277,22.318407,-3.7519186
batch_00750_patch.tiff,patch_78,13.027333,8.06367,6.2765694,22.97814,-1.9986994
batch_00750_patch.tiff,patch_79,10.379757,10.988578,2.868249,26.55865,-5.355306
batch_00750_patch.tiff,patch_80,16.721323,11.339561,13.711439,24.427887,-6.741965
batch_00750_patch.tiff,patch_81,17.426048,11.404476,4.049772,24.497627,-2.538515
batch_00750_patch.tiff,patch_82,15.99247,12.37318,3.965177,25.992249,-7.4426556
batch_00750_patch.tiff,patch_83,14.93921,6.0447164,4.5184193,22.046137,0.28139886
batch_00750_patch.tiff,patch_84,10.675305,5.8781114,4.6788673,24.90717,-3.1162724
batch_00750_patch.tiff,patch_85,12.762054,13.366244,3.85048,27.564327,-9.469035
batch_00750_patch.tiff,patch_86,13.164088,9.415886,15.639278,28.275377,-11.215376
batch_00750_patch.tiff,patch_87,18.937153,6.433366,16.323769,25.55639,-4.7799816
batch_00750_patch.tiff,patch_88,14.419785,9.580572,2.664202,27.670696,-7.96609
batch_00750_patch.tiff,patch_89,11.485495,11.055541,1.1681337,22.967258,-5.4201574
batch_00750_patch.tiff,patch_90,9.07001,8.404041,1.396812,22.988354,-6.1598535
batch_00750_patch.tiff,patch_91,11.578844,4.725509,0.743074,23.100628,-2.5212932
batch_00750_patch.tiff,patch_92,11.902002,10.395199,2.277433,25.713093,-6.8780637
batch_00750_patch.tiff,patch_93,13.067468,10.600023,4.0167212,25.106195,-7.777279
batch_00750_patch.tiff,patch_94,13.0008745,8.727758,15.061357,25.52482,-9.365707
batch_00750_patch.tiff,patch_95,16.519043,8.267872,12.68997,25.627592,-0.678354
batch_00750_patch.tiff,patch_96,9.469885,7.6751328,7.7133827,21.694094,-9.708937
batch_00750_patch.tiff,patch_97,17.402645,10.838417,2.2106647,22.865946,-7.519353
batch_00750_patch.tiff,patch_98,15.455874,10.58336,5.046383,25.513056,-5.511389
batch_00750_patch.tiff,patch_99,16.632555,8.861524,12.815329,24.46822,-6.636362
batch_00750_patch.tiff,patch_100,14.5139475,8.982304,5.3973927,24.50076,-4.34208
batch_00750_patch.tiff,patch_101,8.274628,7.046132,1.8075042,20.26733,-3.7319698
batch_00750_patch.tiff,patch_102,10.829072,9.171847,6.1508236,20.975584,-2.1050801
batch_00750_patch.tiff,patch_103,11.221284,11.86821,-1.0600713,26.588442,-7.397989
batch_00800_patch.tiff,patch_0,15.104101,8.880769,4.4054375,23.238241,-3.1327767
batch_00800_patch.tiff,patch_1,10.446948,8.162565,0.45148566,25.428604,-7.2385798
batch_00800_patch.tiff,patch_2,9.377373,10.838179,4.0282736,23.113693,-6.9385395
batch_00800_patch.tiff,patch_3,16.437975,12.568788,11.001496,22.722532,-5.6641903
batch_00800_patch.tiff,patch_4,14.146312,9.363011,1.8502878,25.213161,-6.7286887
batch_00800_patch.tiff,patch_5,14.526762,7.335101,4.1599526,22.182081,-2.095501
batch_00800_patch.tiff,patch_6,15.514085,9.30019,13.000285,26.108332,-3.8955774
batch_00800_patch.tiff,patch_7,10.946116,6.058065,9.373311,21.848629,-3.2077796
batch_00800_patch.tiff,patch_8,12.359505,10.214382,9.74353,23.921246,-6.6725087
batch_00800_patch.tiff,patch_9,12.741025,9.853527,8.156996,24.949545,-9.357743
batch_00800_patch.tiff,patch_10,12.064403,13.986142,3.2698216,21.45449,-7.2335777
batch_00800_patch.tiff,patch_11,7.5264516,15.575086,-2.7154067,18.046228,-6.8562074
batch_00800_patch.tiff,patch_12,6.127717,7.8936925,6.2704005,18.668165,-11.114232
batch_00800_patch.tiff,patch_13,10.235819,8.319979,2.1807213,25.130245,-3.1387818
batch_00800_patch.tiff,patch_14,11.582849,9.366603,5.7150536,21.158527,-1.1603458
batch_00800_patch.tiff,patch_15,13.453981,10.819303,10.021103,22.562767,-3.585035
batch_00800_patch.tiff,patch_16,12.374528,10.6587105,5.652816,22.568457,-4.7293086
batch_00800_patch.tiff,patch_17,16.461546,10.243128,8.624688,24.565746,-6.696353
batch_00800_patch.tiff,patch_18,11.597212,11.190421,2.438362,25.911884,-4.816161
batch_00800_patch.tiff,patch_19,7.4194655,7.875131,1.7236735,23.305304,-7.108306
batch_00800_patch.tiff,patch_20,10.932115,6.0220003,6.6868196,19.857645,-5.201844
batch_00800_patch.tiff,patch_21,10.636639,11.22083,9.792229,26.66934,-6.924977
batch_00800_patch.tiff,patch_22,11.424017,6.7089424,10.018182,21.98327,-8.633718
batch_00800_patch.tiff,patch_23,12.378252,9.877158,6.9015045,22.426561,-4.196252
batch_00800_patch.tiff,patch_24,11.118509,7.7103944,10.901497,23.34966,-6.2313113
batch_00800_patch.tiff,patch_25,9.538002,6.064415,8.256441,18.640068,-5.571432
batch_00800_patch.tiff,patch_26,15.381525,6.810779,13.305863,20.560127,-4.838556
batch_00800_patch.tiff,patch_27,7.45041,17.308252,8.105793,21.849014,-8.080631
batch_00800_patch.tiff,patch_28,12.821741,10.0161495,4.824038,22.364922,-1.5934001
batch_00800_patch.tiff,patch_29,11.731997,12.045727,7.3805447,24.57476,-8.516253
batch_00800_patch.tiff,patch_30,7.253227,6.1651726,6.927309,20.032055,-9.013743
batch_00800_patch.tiff,patch_31,15.768058,9.391395,9.220558,27.110167,-6.1853557
batch_00800_patch.tiff,patch_32,11.91533,17.551744,3.2940845,24.982265,-6.8759036
batch_00800_patch.tiff,patch_33,14.916067,9.867215,5.582377,25.328627,-6.779633
batch_00800_patch.tiff,patch_34,15.454388,13.150183,0.9056303,24.603848,-5.8514404
batch_00800_patch.tiff,patch_35,10.039027,13.079421,5.957545,26.738382,-7.935903
batch_00800_patch.tiff,patch_36,7.8489194,10.0293455,8.395523,24.224762,-7.1625605
batch_00800_patch.tiff,patch_37,7.319774,9.215581,4.5660844,19.214941,-5.1003647
batch_00800_patch.tiff,patch_38,11.169441,7.0999045,8.228386,18.54188,-8.954134
batch_00800_patch.tiff,patch_39,12.95511,9.3127165,2.8697903,27.17815,-5.3730974
batch_00800_patch.tiff,patch_40,13.001214,6.9311204,7.424554,20.40756,-5.002388
batch_00800_patch.tiff,patch_41,14.853265,8.371083,4.058215,24.972307,-4.5763307
batch_00800_patch.tiff,patch_42,11.586782,11.713486,0.067736976,24.24912,-8.686097
batch_00800_patch.tiff,patch_43,13.34445,12.790957,5.65244,27.164087,-3.8364067
batch_00800_patch.tiff,patch_44,12.705712,10.0125065,2.8337018,27.366447,-6.531113
batch_00800_patch.tiff,patch_45,12.341736,10.898723,9.592002,23.789465,-5.119445
batch_00800_patch.tiff,patch_46,13.002521,9.073976,8.994725,24.341063,-10.327935
batch_00800_patch.tiff,patch_47,15.06469,15.722035,8.372469,27.915653,-9.025412
batch_00800_patch.tiff,patch_48,18.269772,13.603483,-0.70348656,26.153957,-3.639137
batch_00800_patch.tiff,patch_49,10.707659,10.184262,6.49743,22.402607,-2.7785316
batch_00800_patch.tiff,patch_50,9.148816,5.554264,6.780029,22.505363,-2.4248044
batch_00800_patch.tiff,patch_51,12.714062,12.097847,7.1767607,20.156546,-7.7994304
batch_00800_patch.tiff,patch_52,12.382576,8.972308,6.103388,22.835464,-4.8930435
batch_00800_patch.tiff,patch_53,8.839673,5.268422,8.902401,19.80627,-7.265535
batch_00800_patch.tiff,patch_54,11.230436,8.778809,3.3789175,22.73543,-1.619075
batch_00800_patch.tiff,patch_55,11.41536,8.379528,-0.29518178,22.27271,-2.6419733
batch_00800_patch.tiff,patch_56,9.854449,6.7126865,7.122195,21.467443,-8.742068
batch_00800_patch.tiff,patch_57,11.492099,5.504518,11.890452,18.716125,-9.352587
batch_00800_patch.tiff,patch_58,12.291931,11.271041,7.0580716,24.452044,-1.837108
batch_00800_patch.tiff,patch_59,14.887768,12.797451,2.0986786,26.469486,-3.3062694
batch_00800_patch.tiff,patch_60,10.51589,10.67237,2.225265,26.982737,-9.040365
batch_00800_patch.tiff,patch_61,13.205921,11.218586,6.960007,21.868454,-6.962833
batch_00800_patch.tiff,patch_62,5.9449844,8.209123,7.031754,17.072678,-13.501391
batch_00800_patch.tiff,patch_63,17.0473,8.543339,4.8879037,27.045633,-1.1633568
batch_00800_patch.tiff,patch_64,15.033067,8.1575985,5.0033026,22.55139,-2.6992333
batch_00800_patch.tiff,patch_65,13.250689,9.436638,3.658144,23.39347,-8.281219
batch_00800_patch.tiff,patch_66,9.989503,8.080964,7.9570603,19.717016,-11.4312725
batch_00800_patch.tiff,patch_67,9.848422,11.340828,9.694308,22.651794,-5.652535
batch_00800_patch.tiff,patch_68,14.619817,15.818156,3.3575993,24.649723,-6.7051425
batch_00800_patch.tiff,patch_69,11.9067,5.775413,3.7971654,22.674692,-1.0292959
batch_00800_patch.tiff,patch_70,10.558242,7.7898483,11.132129,18.14308,-6.9440064
batch_00800_patch.tiff,patch_71,9.527095,7.9089217,10.432817,18.662403,-9.789047
batch_00800_patch.tiff,patch_72,13.207024,12.911417,3.7815866,24.290148,-7.3532343
batch_00800_patch.tiff,patch_73,10.501766,9.911638,4.977108,22.055616,-5.8759446
batch_00800_patch.tiff,patch_74,15.2734,8.935335,7.8695745,24.16988,-5.9036565
batch_00800_patch.tiff,patch_75,14.083475,10.319941,9.236153,24.2283,-6.7131066
batch_00800_patch.tiff,patch_76,10.672448,9.646425,7.912991,24.769953,-4.620414
batch_00800_patch.tiff,patch_77,12.809377,12.874139,6.9002914,25.547178,-7.792897
batch_00800_patch.tiff,patch_78,18.366219,12.181531,9.198336,27.508348,1.4254299
batch_00800_patch.tiff,patch_79,18.041147,8.105763,1.9255118,19.294302,-5.876828
batch_00800_patch.tiff,patch_80,8.507515,12.591052,8.569565,17.668716,-11.619532
batch_00800_patch.tiff,patch_81,12.665527,8.585353,9.948887,16.267418,-4.7888093
batch_00800_patch.tiff,patch_82,14.67851,8.003549,4.476553,21.383236,-4.6652427
batch_00800_patch.tiff,patch_83,12.031586,9.889874,3.8382165,21.466513,-5.7643394
batch_00800_patch.tiff,patch_84,12.5026,6.6735272,6.304286,22.771175,-4.5095124
batch_00800_patch.tiff,patch_85,10.881472,16.193155,3.679508,25.966722,-2.5966284
batch_00800_patch.tiff,patch_86,13.350334,10.689752,10.635564,23.253958,-7.057405
batch_00800_patch.tiff,patch_87,8.539624,8.973058,5.5324697,24.710707,-7.2823334
batch_00800_patch.tiff,patch_88,12.626875,10.060348,2.9523041,25.62778,-3.9476497
batch_00800_patch.tiff,patch_89,13.991522,9.117478,3.7940176,20.746347,-6.84702
batch_00800_patch.tiff,patch_90,8.80967,8.568153,4.0362654,17.984108,-7.2597733
batch_00800_patch.tiff,patch_91,16.370604,7.676955,2.614344,21.337519,-2.8822632
batch_00800_patch.tiff,patch_92,13.4223,11.2271,3.0892887,24.261381,-3.038968
batch_00800_patch.tiff,patch_93,16.288633,6.1712456,0.28274578,20.773062,-0.9333632
batch_00800_patch.tiff,patch_94,12.433989,8.949664,1.2669849,24.151539,-0.4748094
batch_00800_patch.tiff,patch_95,13.299296,10.182936,6.680675,25.167889,-7.278739
batch_00800_patch.tiff,patch_96,13.3124895,8.789124,9.484513,23.541822,-3.192366
batch_00800_patch.tiff,patch_97,14.26566,12.208026,2.9294288,24.249754,-5.8090343
batch_00800_patch.tiff,patch_98,11.109309,13.038613,0.043516546,18.413105,-7.464116
batch_00800_patch.tiff,patch_99,11.215199,8.670959,4.842793,20.59323,-8.062304
batch_00800_patch.tiff,patch_100,13.244782,11.675236,14.651072,21.330889,-7.909313
batch_00800_patch.tiff,patch_101,11.327265,15.46239,-0.63460606,24.399088,-4.5966754
batch_00800_patch.tiff,patch_102,8.203515,7.468964,2.127557,22.544102,-2.6439562
batch_00800_patch.tiff,patch_103,16.083649,8.004647,14.746157,26.358469,-4.1642523
batch_00800_patch.tiff,patch_104,12.014368,11.364729,11.02343,26.181702,-6.7314906
batch_00800_patch.tiff,patch_105,7.7854443,11.340583,8.047665,21.665886,-11.6695175
batch_00800_patch.tiff,patch_106,8.985399,7.591811,7.452273,25.167053,-7.0125504
batch_00800_patch.tiff,patch_107,13.863276,11.953425,6.544518,24.554901,-5.542104
batch_00800_patch.tiff,patch_108,15.356772,13.215321,0.57075936,25.174198,-6.457243
batch_00800_patch.tiff,patch_109,11.997921,11.454349,2.7130876,22.687628,-5.7195287
batch_00800_patch.tiff,patch_110,12.408888,12.741504,7.324598,16.691532,-4.4211655
batch_00800_patch.tiff,patch_111,11.4622755,7.3494473,10.569782,19.749548,-8.18738
batch_00800_patch.tiff,patch_112,14.826051,14.450814,6.919881,21.589373,-3.6352146
batch_00800_patch.tiff,patch_113,14.425452,11.998895,10.166264,22.426039,-6.3355966
batch_00800_patch.tiff,patch_114,11.899244,7.2321706,2.481925,17.829683,-8.004793
batch_00800_patch.tiff,patch_115,14.454457,6.988977,8.828867,24.732513,-4.7321334
batch_00800_patch.tiff,patch_116,14.207944,13.295977,6.30985,26.51827,-7.2709675
batch_00800_patch.tiff,patch_117,14.146619,10.919693,12.149102,23.58065,-8.616663
batch_00800_patch.tiff,patch_118,16.540527,9.118617,10.93387,27.925047,-6.488099
batch_00800_patch.tiff,patch_119,10.730443,13.645456,5.48878,26.476696,-4.958347
batch_00800_patch.tiff,patch_120,13.465357,9.638549,7.485978,24.574623,-4.705554
batch_00800_patch.tiff,patch_121,13.317475,9.286681,5.7257986,24.908545,-1.8001711
batch_00800_patch.tiff,patch_122,10.76677,10.367676,7.907542,16.784899,-6.5384283
batch_00800_patch.tiff,patch_123,9.61456,10.416431,6.214932,17.609383,-10.932872
batch_00800_patch.tiff,patch_124,13.970831,10.110621,5.2331276,23.74853,-5.4550295
batch_00800_patch.tiff,patch_125,11.094451,8.921188,2.060594,24.172792,-3.3856769
batch_00800_patch.tiff,patch_126,13.855111,12.067042,5.7500687,26.388975,-5.2508874
batch_00800_patch.tiff,patch_127,13.244743,10.639453,1.7789078,23.499222,-3.6050649
batch_00800_patch.tiff,patch_128,10.990112,9.73584,8.338493,24.282475,-5.8684063
batch_00800_patch.tiff,patch_129,10.723187,8.52113,7.121365,23.877886,-8.208856
batch_00800_patch.tiff,patch_130,9.569201,15.632397,-0.7770506,23.21847,-6.031817
batch_00800_patch.tiff,patch_131,14.161132,13.032485,-0.7338486,24.11348,-5.5127373
batch_00800_patch.tiff,patch_132,15.962053,7.396312,10.001313,23.007355,-0.27941006
batch_00800_patch.tiff,patch_133,10.187158,10.839762,8.952063,20.706306,-4.9994264
batch_00800_patch.tiff,patch_134,14.608572,9.935132,4.766901,21.834219,-3.548014
batch_00800_patch.tiff,patch_135,14.103775,6.9687104,6.09334,23.442438,-1.9866643
batch_00800_patch.tiff,patch_136,11.040595,7.4878883,5.4466715,29.391869,-12.163318
batch_00800_patch.tiff,patch_137,14.806754,7.8845344,3.4792912,22.6999,-3.0597446
batch_00800_patch.tiff,patch_138,9.456875,11.553492,6.073126,25.13029,-4.8270154
batch_00800_patch.tiff,patch_139,9.738205,12.843542,7.057076,25.637999,-5.7047634
batch_00800_patch.tiff,patch_140,17.818308,13.020993,17.095161,25.498245,-6.492611
batch_00800_patch.tiff,patch_141,14.284541,10.340446,-1.4635369,21.061522,-3.2217765
batch_00800_patch.tiff,patch_142,14.108668,11.077067,5.7795153,23.700672,-1.8451307
batch_00800_patch.tiff,patch_143,13.66769,14.089647,9.798469,25.837397,-8.529435
batch_00800_patch.tiff,patch_144,10.936597,12.424017,8.016447,25.927893,-6.3020124
batch_00800_patch.tiff,patch_145,10.805177,9.364371,6.070355,25.239288,-3.6777027
batch_00800_patch.tiff,patch_146,13.525504,10.712411,2.2473629,25.640877,-3.1763597
batch_00800_patch.tiff,patch_147,8.960778,15.10354,3.3682013,17.787527,-7.1709437
batch_00800_patch.tiff,patch_148,10.433131,10.259385,8.055627,17.517826,-10.0834675
batch_00800_patch.tiff,patch_149,13.436131,8.286588,12.425984,21.623825,-7.68155
batch_00800_patch.tiff,patch_150,7.080146,9.355929,6.0413313,13.902954,-11.309706
batch_00850_patch.tiff,patch_0,7.5762424,10.502195,5.7049174,21.18971,-9.641587
batch_00850_patch.tiff,patch_1,10.26157,11.625714,4.4955506,16.723412,-7.190174
batch_00850_patch.tiff,patch_2,9.925572,13.010735,6.637273,18.7343,-10.412806
batch_00850_patch.tiff,patch_3,8.9938135,12.258231,4.61282,17.189081,-8.314541
batch_00850_patch.tiff,patch_4,9.463639,9.209723,3.4348435,21.835766,-8.699699
batch_00850_patch.tiff,patch_5,8.509084,11.79955,0.9057464,24.5141,-5.8596816
batch_00850_patch.tiff,patch_6,11.227764,8.038311,6.287881,26.277243,-5.6945357
batch_00850_patch.tiff,patch_7,11.229892,12.756016,6.3497515,23.568516,-5.1492977
batch_00850_patch.tiff,patch_8,11.019024,14.691052,1.7342745,23.094143,-6.9107766
batch_00850_patch.tiff,patch_9,9.673867,13.70499,5.900752,20.872993,-9.545413
batch_00850_patch.tiff,patch_10,15.894729,13.115624,7.1628613,25.91927,-5.3637314
batch_00850_patch.tiff,patch_11,15.502605,7.854873,8.692982,20.587807,-8.902445
batch_00850_patch.tiff,patch_12,3.4516788,8.808461,-1.9211862,13.699166,-2.9996505
batch_00850_patch.tiff,patch_13,5.649332,9.809785,1.6591862,20.88095,-5.778604
batch_00850_patch.tiff,patch_14,9.512378,6.823857,7.70975,19.932775,-10.389579
batch_00850_patch.tiff,patch_15,10.337562,9.407131,10.232348,19.584185,-9.296395
batch_00850_patch.tiff,patch_16,8.295872,12.1876135,2.4608016,17.870512,-8.900101
batch_00850_patch.tiff,patch_17,8.3436,14.072794,-0.9781962,25.177298,-6.216272
batch_00850_patch.tiff,patch_18,9.934239,12.165874,6.7440863,26.71628,-3.6743064
batch_00850_patch.tiff,patch_19,11.457888,11.56713,-2.376035,26.44833,-6.8465285
batch_00850_patch.tiff,patch_20,11.741428,7.7639294,11.226735,23.248554,-4.0964475
batch_00850_patch.tiff,patch_21,6.0795517,10.195905,5.3585978,23.420565,-10.22014
batch_00850_patch.tiff,patch_22,10.952453,13.01099,8.559705,22.607054,-10.212558
batch_00850_patch.tiff,patch_23,15.30482,8.1632185,3.9867194,25.527779,-7.6709
batch_00850_patch.tiff,patch_24,15.452487,8.338634,10.344339,25.90552,-9.884872
batch_00850_patch.tiff,patch_25,6.042946,10.0631485,1.9639133,16.436417,-4.418475
batch_00850_patch.tiff,patch_26,11.60522,5.6052456,12.415898,17.656841,-7.2910895
batch_00850_patch.tiff,patch_27,12.097093,14.268272,6.774578,20.916689,-9.845659
batch_00850_patch.tiff,patch_28,11.842518,4.92188,13.050186,16.557837,-9.340279
batch_00850_patch.tiff,patch_29,12.77356,9.523828,3.2286978,27.128853,-3.0811229
batch_00850_patch.tiff,patch_30,11.565037,11.394798,5.5917106,22.820854,-8.436062
batch_00850_patch.tiff,patch_31,8.610646,7.079083,5.543165,24.155146,-4.853347
batch_00850_patch.tiff,patch_32,11.802774,12.248357,3.303192,23.667358,-4.4478993
batch_00850_patch.tiff,patch_33,10.444948,14.000773,2.90081,22.527695,-7.442757
batch_00850_patch.tiff,patch_34,11.727646,14.59696,2.6953151,24.698715,-4.0625925
batch_00850_patch.tiff,patch_35,16.286055,8.884584,14.804297,22.323448,-3.770554
batch_00850_patch.tiff,patch_36,19.46994,10.139132,16.413105,23.28841,-4.460914
batch_00850_patch.tiff,patch_37,4.2132325,10.005151,-4.809053,15.911844,-3.5440109
batch_00850_patch.tiff,patch_38,11.342307,8.273753,9.336837,17.374619,-5.5541153
batch_00850_patch.tiff,patch_39,9.52203,16.119196,6.74397,19.553478,-10.045527
batch_00850_patch.tiff,patch_40,12.43259,12.199449,7.5520773,18.299435,-8.050298
batch_00850_patch.tiff,patch_41,10.978562,7.422588,12.724229,19.138699,-7.768591
batch_00850_patch.tiff,patch_42,9.992937,7.6405005,12.468925,22.018677,-7.9740224
batch_00850_patch.tiff,patch_43,9.018272,14.0745,-0.19361399,26.21726,-3.8616407
batch_00850_patch.tiff,patch_44,14.182543,7.4016027,7.1021733,25.157316,-4.367927
batch_00850_patch.tiff,patch_45,8.943958,6.8020444,11.256069,19.242512,-11.478268
batch_00850_patch.tiff,patch_46,10.007725,18.03597,3.2279887,18.356302,-5.796731
batch_00850_patch.tiff,patch_47,12.511919,10.366826,4.216597,25.259438,-8.887946
batch_00850_patch.tiff,patch_48,16.415071,10.555805,11.267465,25.56968,-4.4952054
batch_00850_patch.tiff,patch_49,15.191195,11.744614,15.199386,23.319553,-4.228014
batch_00850_patch.tiff,patch_50,8.189303,11.757186,0.43163535,16.515081,-7.1313457
batch_00850_patch.tiff,patch_51,11.604013,12.364268,5.792565,18.159985,-7.86765
batch_00850_patch.tiff,patch_52,11.301371,10.78266,10.977304,18.408783,-9.769079
batch_00850_patch.tiff,patch_53,10.228404,7.659902,9.660853,18.027035,-6.501507
batch_00850_patch.tiff,patch_54,8.041542,8.81161,6.468557,15.570385,-8.657184
batch_00850_patch.tiff,patch_55,7.1205993,7.8708425,7.0601206,22.766912,-5.9544683
batch_00850_patch.tiff,patch_56,16.839617,7.6679244,7.9346657,24.722498,-3.8125036
batch_00850_patch.tiff,patch_57,9.689354,10.814526,-0.015153723,25.372795,-5.732169
batch_00850_patch.tiff,patch_58,11.27632,14.16514,2.781405,22.617285,-6.473514
batch_00850_patch.tiff,patch_59,8.662122,5.872828,-1.6926037,21.71453,-10.622554
batch_00850_patch.tiff,patch_60,12.506008,10.62314,3.0855896,23.69158,-8.629557
batch_00850_patch.tiff,patch_61,11.999353,8.584424,10.401325,17.341011,-8.587408
batch_00850_patch.tiff,patch_62,8.692741,9.135034,8.740303,18.338911,-9.849336
batch_00850_patch.tiff,patch_63,11.895481,5.2060165,11.716131,17.39483,-7.19895
batch_00850_patch.tiff,patch_64,8.898912,6.138516,7.837826,15.189897,-9.613863
batch_00850_patch.tiff,patch_65,17.945164,7.150431,5.0808177,21.508701,-1.7292135
batch_00850_patch.tiff,patch_66,16.042793,8.161031,10.15047,24.26132,-3.01452
batch_00850_patch.tiff,patch_67,7.2856913,10.7406,0.5291182,24.288467,-7.747076
batch_00850_patch.tiff,patch_68,8.526643,13.380481,-0.1648558,24.34253,-6.003794
batch_00850_patch.tiff,patch_69,10.916508,8.8402,0.94978476,25.44612,-9.889585
batch_00850_patch.tiff,patch_70,11.479084,9.843702,-1.3199661,23.886927,-8.520613
batch_00850_patch.tiff,patch_71,8.457921,13.481444,5.2295585,18.797932,-7.2716565
batch_00850_patch.tiff,patch_72,3.725812,11.867487,3.4535246,19.934631,-9.908788
batch_00850_patch.tiff,patch_73,12.699536,9.105825,6.0588937,18.781683,-9.440825
batch_00850_patch.tiff,patch_74,11.488477,10.285405,8.875977,16.073507,-6.7615385
batch_00850_patch.tiff,patch_75,9.209593,8.1227255,7.6196656,16.3512,-7.320157
batch_00850_patch.tiff,patch_76,10.8937025,13.049915,1.0303587,24.642395,-4.7274776
batch_00850_patch.tiff,patch_77,8.840274,11.928001,4.3595567,22.894928,-3.7610016
batch_00850_patch.tiff,patch_78,12.865632,7.8288946,2.6846952,25.117119,-4.9251237
batch_00850_patch.tiff,patch_79,9.614361,11.918954,3.5585306,26.314707,-4.283746
batch_00850_patch.tiff,patch_80,6.140818,10.157583,4.2580147,17.768585,-10.263358
batch_00850_patch.tiff,patch_81,5.6297517,12.586243,0.747516,17.539488,-5.4147205
batch_00850_patch.tiff,patch_82,7.838971,8.320746,9.123626,17.63494,-8.696032
batch_00850_patch.tiff,patch_83,11.888869,7.089593,12.081721,18.909864,-6.8121395
batch_00850_patch.tiff,patch_84,8.45695,6.194086,9.7827215,19.006376,-8.492567
batch_00850_patch.tiff,patch_85,6.0644097,14.261347,4.791551,18.361044,-11.040867
batch_00850_patch.tiff,patch_86,11.033821,12.024459,4.8921814,23.367525,-6.122823
batch_00850_patch.tiff,patch_87,13.884097,9.485114,4.137609,20.959578,-5.6582522
batch_00850_patch.tiff,patch_88,9.851862,11.338446,6.523854,23.726698,-3.3029108
batch_00850_patch.tiff,patch_89,9.539694,8.145199,-1.9860644,26.675898,-6.0204864
batch_00850_patch.tiff,patch_90,13.842275,14.601787,10.158345,22.03746,-10.312803
batch_00850_patch.tiff,patch_91,7.0513234,13.888404,5.749656,18.347216,-10.353583
batch_00850_patch.tiff,patch_92,9.455847,13.024911,5.6927023,19.72792,-8.289483
batch_00850_patch.tiff,patch_93,8.097854,15.512817,1.7062159,20.648027,-10.260074
batch_00850_patch.tiff,patch_94,11.3648815,7.4443493,5.822989,19.84351,-5.737693
batch_00850_patch.tiff,patch_95,9.614417,8.287174,7.942202,18.56957,-9.317216
batch_00850_patch.tiff,patch_96,9.677956,11.67286,5.4712133,17.043344,-8.348531
batch_00850_patch.tiff,patch_97,11.849704,4.5312223,13.811687,17.51339,-8.917191
batch_00850_patch.tiff,patch_98,10.860182,10.959754,8.798954,25.445156,-7.925416
batch_00850_patch.tiff,patch_99,9.292061,12.47795,2.8786976,20.51949,-7.111952
batch_00850_patch.tiff,patch_100,12.38992,10.630722,6.8978524,24.482332,-2.6839905
batch_00850_patch.tiff,patch_101,12.244348,10.60534,3.8352263,25.784279,-7.110924
batch_00850_patch.tiff,patch_102,10.135347,11.827711,9.480331,20.846481,-8.918706
batch_00850_patch.tiff,patch_103,10.085355,12.393783,8.116231,23.86412,-12.699921
batch_00850_patch.tiff,patch_104,9.067444,12.318208,6.126135,17.548225,-8.149245
batch_00850_patch.tiff,patch_105,6.566632,13.661235,-0.35867566,19.16611,-6.978602
batch_00850_patch.tiff,patch_106,10.811167,10.613133,10.881537,21.72819,-5.588046
batch_00850_patch.tiff,patch_107,9.530359,9.398013,8.732254,16.416996,-11.013648
batch_00850_patch.tiff,patch_108,8.640348,14.143043,4.7175565,23.12068,-8.517599
batch_00850_patch.tiff,patch_109,10.516543,7.109877,9.682396,19.158545,-9.62926
batch_00850_patch.tiff,patch_110,8.639601,13.652855,4.905688,22.623903,-6.277535
batch_00850_patch.tiff,patch_111,9.682887,11.80532,6.958356,24.732853,-9.546148
batch_00850_patch.tiff,patch_112,11.690375,7.964542,8.371171,22.855377,-3.1307101
batch_00850_patch.tiff,patch_113,10.216883,12.613579,3.3797464,26.400087,-6.7544413
batch_00850_patch.tiff,patch_114,12.332071,12.992605,-0.14073601,27.732191,-7.812855
batch_00850_patch.tiff,patch_115,7.247065,11.547647,0.8645064,21.279638,-5.5883107
batch_00850_patch.tiff,patch_116,11.197041,12.643441,5.0512323,17.956848,-9.481053
batch_00850_patch.tiff,patch_117,7.509368,14.364705,2.5439641,17.663538,-10.745562
batch_00850_patch.tiff,patch_118,13.598697,10.746348,5.0227475,22.41008,-10.969967
batch_00850_patch.tiff,patch_119,11.138238,13.184452,8.368285,19.665522,-9.369327
batch_00850_patch.tiff,patch_120,11.5580845,9.6582575,7.8985205,23.081282,-3.8874047
batch_00850_patch.tiff,patch_121,8.215381,11.733724,6.031047,22.043516,-5.988412
batch_00850_patch.tiff,patch_122,20.912903,8.348085,7.4608884,18.805471,-4.786487
batch_00850_patch.tiff,patch_123,15.055951,3.8597362,3.6146605,19.624252,-6.401722
batch_00850_patch.tiff,patch_124,16.100946,11.648056,7.02872,23.037813,-7.754396
batch_00850_patch.tiff,patch_125,13.049028,6.410877,15.909958,19.121525,-8.786236
batch_00850_patch.tiff,patch_126,8.58744,14.756951,0.58666533,19.845137,-5.0181575
batch_00850_patch.tiff,patch_127,3.3437822,15.345073,1.8067571,18.116468,-8.422419
batch_00850_patch.tiff,patch_128,3.7679977,9.752017,3.1378777,14.389156,-12.321735
batch_00850_patch.tiff,patch_129,9.810655,12.041526,8.678411,16.084446,-9.419394
batch_00850_patch.tiff,patch_130,7.5487337,8.406269,11.19609,18.170263,-9.806255
batch_00850_patch.tiff,patch_131,11.842267,9.878774,10.6869955,21.91288,-6.1071377
batch_00850_patch.tiff,patch_132,13.879135,15.01196,6.7073593,25.883587,-4.4505997
batch_00850_patch.tiff,patch_133,11.664748,6.9914327,7.826395,21.996595,-8.40876
batch_00850_patch.tiff,patch_134,22.201056,8.926377,8.278104,20.92342,-4.4993205
batch_00850_patch.tiff,patch_135,13.460412,11.90582,13.800207,24.535393,-6.3472223
batch_00850_patch.tiff,patch_136,11.900483,10.02457,1.1608804,22.784113,-3.7446074
batch_00850_patch.tiff,patch_137,9.662862,12.50315,5.9917545,21.764212,-7.933631
batch_00850_patch.tiff,patch_138,9.795736,14.125845,3.321746,20.24006,-7.5942144
batch_00850_patch.tiff,patch_139,9.278528,12.113819,4.105759,24.048178,-6.065302
batch_00850_patch.tiff,patch_140,12.079059,9.327522,7.2089,17.740908,-4.1788654
batch_00850_patch.tiff,patch_141,12.193112,7.994405,11.434915,17.975687,-8.5419
batch_00850_patch.tiff,patch_142,11.868742,8.681291,9.790978,18.873972,-5.711841
batch_00850_patch.tiff,patch_143,10.282767,6.726189,11.514303,19.497614,-7.7287583
batch_00850_patch.tiff,patch_144,12.201537,13.6834345,6.3731565,23.363895,-4.843235
batch_00850_patch.tiff,patch_145,11.068228,10.430475,0.98332053,24.038155,-6.632138
batch_00850_patch.tiff,patch_146,13.829256,11.179293,11.222856,24.475985,-7.0268216
batch_00850_patch.tiff,patch_147,11.83271,14.466185,3.1299393,25.1225,-5.502988
batch_00850_patch.tiff,patch_148,11.322629,10.433372,8.812675,22.678844,-10.798244
batch_00850_patch.tiff,patch_149,10.522593,14.107794,3.6185434,20.160006,-6.7142353
batch_00850_patch.tiff,patch_150,12.429776,12.733751,4.818526,22.871605,-8.162441
batch_00850_patch.tiff,patch_151,12.399164,9.961662,4.8644753,19.797081,-4.2408223
batch_00850_patch.tiff,patch_152,8.33296,7.8787937,6.429117,17.772259,-10.953249
batch_00850_patch.tiff,patch_153,9.60313,13.6961975,7.5890336,15.693521,-7.7998686
batch_00850_patch.tiff,patch_154,13.681544,11.034117,9.424337,15.834486,-2.1566877
batch_00850_patch.tiff,patch_155,12.410674,9.537978,9.914373,18.814777,-6.3773775
batch_00850_patch.tiff,patch_156,10.53876,14.405911,8.894438,23.017433,-5.876071
batch_00850_patch.tiff,patch_157,9.880199,11.054075,4.2354374,23.862675,-6.8974466
batch_00850_patch.tiff,patch_158,13.1185465,11.742082,-1.1126375,25.431677,-6.068904
batch_00850_patch.tiff,patch_159,11.129156,13.3333845,-2.8543816,25.398998,-7.679492
batch_00850_patch.tiff,patch_160,13.04339,13.111745,8.284565,23.058546,-7.8645825
batch_00850_patch.tiff,patch_161,9.547674,10.705986,7.5979147,20.608078,-11.005888
batch_00850_patch.tiff,patch_162,10.35118,14.148036,3.9045045,21.827415,-6.4895806
batch_00850_patch.tiff,patch_163,8.800602,15.908796,-0.63802093,18.798332,-5.975201
batch_00850_patch.tiff,patch_164,15.54885,6.3397093,14.589519,23.146252,-4.66516
batch_00850_patch.tiff,patch_165,14.908924,6.7604775,14.911604,22.980288,-4.578626
batch_00850_patch.tiff,patch_166,13.090651,13.737525,1.7230071,25.47378,-9.215462
batch_00850_patch.tiff,patch_167,10.248054,11.973345,-2.7595413,26.692808,-6.095154
batch_00850_patch.tiff,patch_168,11.998636,9.926789,5.630022,19.645128,-8.647124
batch_00850_patch.tiff,patch_169,11.291376,8.24454,0.32438865,27.042276,-4.8679147
batch_00850_patch.tiff,patch_170,10.9232645,11.70716,3.0609903,27.776285,-6.119726
batch_00850_patch.tiff,patch_171,10.576665,13.47002,4.470282,27.336124,-10.468172
batch_00850_patch.tiff,patch_172,10.679514,8.329106,9.417516,18.895908,-8.80943
batch_00850_patch.tiff,patch_173,5.300229,11.498989,0.71999913,15.678934,-9.800038
batch_00850_patch.tiff,patch_174,7.0597425,15.093945,-1.5666889,20.571016,-7.27911
batch_00900_patch.tiff,patch_0,0.5766139,6.760695,2.252256,13.44372,-9.579275
batch_00900_patch.tiff,patch_1,4.4532166,10.959496,3.8992054,14.213381,-7.7685103
batch_00900_patch.tiff,patch_2,6.2874455,12.815906,0.40992394,17.24383,-3.8925834
batch_00900_patch.tiff,patch_3,7.9285083,11.731632,5.6243014,14.714156,-1.5248363
batch_00900_patch.tiff,patch_4,8.19015,9.474076,2.8548799,18.33364,1.1216811
batch_00900_patch.tiff,patch_5,12.024756,10.94553,3.3449514,18.16589,0.11590146
batch_00900_patch.tiff,patch_6,16.401772,9.177853,11.995199,25.451973,-3.4952803
batch_00900_patch.tiff,patch_7,16.377068,6.428495,14.984559,23.87666,-2.9057055
batch_00900_patch.tiff,patch_8,5.032252,3.4286327,2.6414368,13.448034,-0.28755432
batch_00900_patch.tiff,patch_9,5.5087204,4.6855745,4.9816947,14.416165,0.44272196
batch_00900_patch.tiff,patch_10,9.92267,8.021818,9.276527,12.926339,-6.881567
batch_00900_patch.tiff,patch_11,10.125029,8.7305975,0.14511907,18.422228,2.7740135
batch_00900_patch.tiff,patch_12,4.4444027,6.6039863,4.999922,14.662319,-4.4215937
batch_00900_patch.tiff,patch_13,8.140486,12.247162,2.3233373,14.066864,1.3744028
batch_00900_patch.tiff,patch_14,9.66958,11.289465,6.7309613,14.298103,-2.6752234
batch_00900_patch.tiff,patch_15,9.363071,10.186309,-2.107682,18.78471,2.7501159
batch_00900_patch.tiff,patch_16,10.396017,9.738505,0.6682098,16.393284,1.825736
batch_00900_patch.tiff,patch_17,18.901148,9.35242,5.711339,22.680325,-1.1055915
batch_00900_patch.tiff,patch_18,17.94827,11.967801,5.2941003,24.1964,-3.1882403
batch_00900_patch.tiff,patch_19,6.583489,7.030118,-1.7950764,17.399683,5.6056433
batch_00900_patch.tiff,patch_20,8.128295,5.0622544,6.6267166,16.930464,-1.2780057
batch_00900_patch.tiff,patch_21,9.074264,5.0448666,11.017967,12.797775,-6.25167
batch_00900_patch.tiff,patch_22,5.0518203,11.134012,0.010446772,15.866876,0.041274063
batch_00900_patch.tiff,patch_23,1.3420177,11.056181,0.6311583,15.08869,-5.148361
batch_00900_patch.tiff,patch_24,7.9352517,9.73442,9.507086,13.242838,-1.1685041
batch_00900_patch.tiff,patch_25,8.762087,10.288239,9.775095,16.998075,-2.8402793
batch_00900_patch.tiff,patch_26,11.0849085,9.190297,4.1848145,18.116741,2.8414829
batch_00900_patch.tiff,patch_27,10.473127,7.2784886,7.9953146,17.132633,-0.6678899
batch_00900_patch.tiff,patch_28,7.4062047,11.944216,7.583153,20.486374,-0.5262917
batch_00900_patch.tiff,patch_29,9.707995,10.076168,11.089375,18.428669,-1.0233885
batch_00900_patch.tiff,patch_30,7.1564403,5.984768,-3.5491562,14.517335,4.5391207
batch_00900_patch.tiff,patch_31,6.4809394,5.7571664,5.135638,14.584455,-0.076726966
batch_00900_patch.tiff,patch_32,0.4048561,10.22019,-2.232194,13.052044,-3.4974215
batch_00900_patch.tiff,patch_33,5.3433113,10.336693,-1.2555262,14.451127,-4.2480054
batch_00900_patch.tiff,patch_34,7.666541,9.03174,8.25045,14.102309,1.1474055
batch_00900_patch.tiff,patch_35,9.496296,6.994471,11.884887,15.245809,-3.0875156
batch_00900_patch.tiff,patch_36,10.331193,8.151405,-1.2000463,17.040113,1.0148921
batch_00900_patch.tiff,patch_37,7.3860393,9.636658,0.834053,16.904442,-0.59096587
batch_00900_patch.tiff,patch_38,2.4052432,8.669166,3.5844026,17.217571,-1.0412481
batch_00900_patch.tiff,patch_39,7.564212,7.8005238,10.043504,18.79259,-1.3811679
batch_00900_patch.tiff,patch_40,6.1829486,5.930788,3.0407302,16.766703,-0.44593278
batch_00900_patch.tiff,patch_41,9.718179,4.402754,10.103751,17.23473,-0.6068345
batch_00900_patch.tiff,patch_42,14.146428,4.711075,8.900757,22.583693,-8.280202
batch_00900_patch.tiff,patch_43,17.445522,8.654852,14.287199,25.089352,-4.6957345
batch_00900_patch.tiff,patch_44,9.6834755,15.664696,11.207648,20.130508,-4.394311
batch_00900_patch.tiff,patch_45,8.179795,11.830105,9.124591,16.168316,-3.6955624
batch_00900_patch.tiff,patch_46,7.7017503,7.6115637,8.65491,19.036348,-1.0012026
batch_00900_patch.tiff,patch_47,12.604994,12.512182,9.362072,20.579224,-0.72609854
batch_00900_patch.tiff,patch_48,9.813535,10.330329,10.729304,19.199827,-0.6926822
batch_00900_patch.tiff,patch_49,11.76875,10.463928,7.91751,18.499252,0.27648306
batch_00900_patch.tiff,patch_50,7.8502994,2.375822,5.3027477,14.557515,1.3344693
batch_00900_patch.tiff,patch_51,9.566638,6.988538,3.1238172,17.259935,2.6002827
batch_00900_patch.tiff,patch_52,16.086004,10.999527,11.747761,23.534811,-4.238837
batch_00900_patch.tiff,patch_53,18.462776,7.437868,9.693776,22.856178,-4.4129286
batch_00900_patch.tiff,patch_54,4.8687515,16.054947,7.0538282,18.57212,-4.3500395
batch_00900_patch.tiff,patch_55,6.9060197,13.453266,9.917085,19.944012,-6.7514915
batch_00900_patch.tiff,patch_56,8.765776,9.539121,5.700553,17.006071,-3.3260648
batch_00900_patch.tiff,patch_57,8.493369,5.544384,7.1797667,18.15488,-3.038372
batch_00900_patch.tiff,patch_58,7.36102,5.5482388,9.664848,17.957602,0.2722458
batch_00900_patch.tiff,patch_59,6.707808,5.827247,9.769841,19.995277,-0.85378873
batch_00900_patch.tiff,patch_60,8.321502,5.2204056,4.9889183,16.231983,0.0006929704
batch_00900_patch.tiff,patch_61,8.331714,4.478023,3.24822,17.028986,0.18779661
batch_00900_patch.tiff,patch_62,2.5707772,9.192604,-0.52106607,15.801511,-5.3392725
batch_00900_patch.tiff,patch_63,8.020061,12.371804,2.5450606,16.49532,-1.5082765
batch_00900_patch.tiff,patch_64,10.655914,10.358644,2.125907,15.611657,-4.1120987
batch_00900_patch.tiff,patch_65,10.190094,10.304559,1.03793,18.362854,-0.8355215
batch_00900_patch.tiff,patch_66,5.499393,6.7191267,5.9189324,20.014193,-3.7706935
batch_00900_patch.tiff,patch_67,7.0701413,6.284562,4.738526,17.510422,-3.8079166
batch_00900_patch.tiff,patch_68,8.850468,6.0720086,5.9210973,15.762361,-2.1949348
batch_00900_patch.tiff,patch_69,5.267989,6.846337,7.4622135,18.424458,-1.048982
batch_00900_patch.tiff,patch_70,18.760136,7.3756795,9.048567,21.779682,-1.4704919
batch_00900_patch.tiff,patch_71,1.2232755,8.054617,-1.3648547,13.210715,-4.296254
batch_00900_patch.tiff,patch_72,8.870961,12.758931,1.9706599,16.998772,-4.3435006
batch_00900_patch.tiff,patch_73,8.027898,10.307796,2.4013186,16.855644,4.134404
batch_00900_patch.tiff,patch_74,7.071133,8.180588,2.2358966,20.427277,-2.0373404
batch_00900_patch.tiff,patch_75,6.216349,8.222604,2.2385893,13.924221,0.42782786
batch_00900_patch.tiff,patch_76,7.130288,9.225008,1.862429,19.983976,1.2041148
batch_00900_patch.tiff,patch_77,10.957105,8.817079,11.8821125,19.97296,0.05557502
batch_00900_patch.tiff,patch_78,9.19246,6.5006895,10.38932,18.46681,-2.899739
batch_00900_patch.tiff,patch_79,21.899544,12.616419,13.333719,24.053764,-1.5915704
batch_00900_patch.tiff,patch_80,16.880445,10.353996,12.716739,22.452833,-3.8393874
batch_00900_patch.tiff,patch_81,10.241506,9.215657,7.5803103,18.05477,-5.776527
batch_00900_patch.tiff,patch_82,7.479514,7.109386,6.3336687,13.680099,-5.770883
batch_00900_patch.tiff,patch_83,6.9455323,10.773566,0.26425162,16.46008,-3.579727
batch_00900_patch.tiff,patch_84,9.866621,10.0207205,2.8649187,15.669096,-3.1192763
batch_00900_patch.tiff,patch_85,9.903585,7.4385724,3.778482,19.298191,3.2608883
batch_00900_patch.tiff,patch_86,12.080558,11.483932,2.1008532,21.025562,-0.16597903
batch_00900_patch.tiff,patch_87,11.149756,8.335651,8.642971,19.999485,-0.3276212
batch_00900_patch.tiff,patch_88,8.7607565,8.336416,9.838596,18.086946,0.27662173
batch_00900_patch.tiff,patch_89,4.4525223,4.530324,-1.1354753,13.11112,2.7814596
batch_00900_patch.tiff,patch_90,6.5072055,8.2046585,-3.1087968,20.29154,6.747918
batch_00900_patch.tiff,patch_91,6.2771435,11.948283,4.8907743,14.97562,-6.020401
batch_00900_patch.tiff,patch_92,7.988209,7.822063,9.735548,13.565731,-3.1025896
batch_00900_patch.tiff,patch_93,13.3291025,10.864335,-0.10880963,17.506994,-7.7741284
batch_00900_patch.tiff,patch_94,8.893602,11.061876,2.076993,17.654406,-5.4466124
batch_00900_patch.tiff,patch_95,12.535874,11.3533945,4.4232965,17.165949,-5.4007273
batch_00900_patch.tiff,patch_96,9.236441,5.9403934,8.601945,17.333078,-2.0254283
batch_00900_patch.tiff,patch_97,9.176128,10.986565,12.964738,16.252428,-3.3049867
batch_00900_patch.tiff,patch_98,5.8848677,10.240979,10.226231,18.776468,-5.3646936
batch_00900_patch.tiff,patch_99,5.1906943,4.260135,-0.3827968,14.062693,-0.13787822
batch_00900_patch.tiff,patch_100,3.6567645,6.928848,0.7220306,15.696482,1.2397102
batch_00900_patch.tiff,patch_101,11.562636,15.818851,10.759881,21.155777,-2.8377569
batch_00900_patch.tiff,patch_102,10.867736,12.535073,10.327466,19.755882,-0.068881415
batch_00900_patch.tiff,patch_103,16.996836,2.4243894,13.4094715,16.89359,-4.7052765
batch_00900_patch.tiff,patch_104,16.192753,8.311865,14.178138,25.31909,-7.01672
batch_00900_patch.tiff,patch_105,11.142853,7.7316165,2.2480333,17.691473,6.0377417
batch_00900_patch.tiff,patch_106,10.711936,10.2119,-0.34826398,20.855814,2.2315383
batch_00900_patch.tiff,patch_107,9.315334,5.215214,10.487918,17.66975,-1.5385381
batch_00900_patch.tiff,patch_108,5.3892083,6.0743055,3.2204158,17.041908,-0.73870337
batch_00900_patch.tiff,patch_109,5.3918605,6.4301395,4.456656,18.276552,-1.2016116
batch_00900_patch.tiff,patch_110,5.882595,3.9169967,4.852464,14.841017,-0.5202105
batch_00900_patch.tiff,patch_111,9.036781,13.944704,10.143335,19.99861,-3.2444453
batch_00900_patch.tiff,patch_112,11.9154215,10.6434145,4.1333604,17.114086,0.82183915
batch_00900_patch.tiff,patch_113,21.575653,8.070553,13.10923,25.779339,-6.5269275
batch_00900_patch.tiff,patch_114,20.327555,11.4113865,8.937869,23.565712,-2.3546612
batch_00900_patch.tiff,patch_115,13.009357,4.387509,5.6685195,16.209455,-0.57230735
batch_00900_patch.tiff,patch_116,12.607694,8.583327,2.3964133,17.659489,4.9877663
batch_00900_patch.tiff,patch_117,6.9888334,7.7865486,9.270836,18.663912,-4.23016
batch_00900_patch.tiff,patch_118,8.623169,7.9226804,10.72689,19.061373,-1.112288
batch_00900_patch.tiff,patch_119,3.6823568,6.8788767,1.9777808,16.743748,-1.1986103
batch_00900_patch.tiff,patch_120,5.5915756,4.9236054,5.88503,15.8511715,-2.5928733
batch_00900_patch.tiff,patch_121,6.958341,10.163582,10.525308,15.945502,-5.3858223
batch_00900_patch.tiff,patch_122,8.386434,11.111086,10.271054,18.813639,-2.0240319
batch_00900_patch.tiff,patch_123,12.261651,8.749643,-0.72650564,17.405201,-3.5718825
batch_00900_patch.tiff,patch_124,10.29962,9.868552,3.2283795,17.357058,-4.5192184
batch_00900_patch.tiff,patch_125,10.00895,7.904376,4.8550477,21.346983,1.3891023
batch_00900_patch.tiff,patch_126,11.7057085,9.627369,1.7765065,19.380617,7.009636
batch_00900_patch.tiff,patch_127,6.8207664,5.4542837,1.9581625,18.730415,0.134968
batch_00900_patch.tiff,patch_128,4.7881255,5.4032407,6.0226,16.143688,-1.2016743
batch_00900_patch.tiff,patch_129,11.054181,12.779427,7.3307047,22.35694,-5.9051843
batch_00900_patch.tiff,patch_130,16.051931,9.841615,10.332446,19.846052,-6.0788274
batch_00900_patch.tiff,patch_131,16.153444,5.837543,14.741354,17.717522,-5.832784
batch_00900_patch.tiff,patch_132,11.344037,12.124797,10.361876,19.721472,-1.7699544
batch_00900_patch.tiff,patch_133,9.114714,10.220288,4.487741,16.49493,-3.925656
batch_00900_patch.tiff,patch_134,13.521338,10.737007,-1.7200801,17.287931,-4.9137855
batch_00900_patch.tiff,patch_135,9.325467,6.7687306,0.42810065,15.733702,1.9591
batch_00900_patch.tiff,patch_136,11.461042,9.848543,-0.69101447,18.440268,5.4370728
batch_00900_patch.tiff,patch_137,13.238256,7.9031434,2.342118,16.48683,2.2495017
batch_00900_patch.tiff,patch_138,6.3654466,7.4957047,0.49080315,17.135075,7.508443
batch_00900_patch.tiff,patch_139,3.279825,4.9325633,0.7883945,15.844332,-0.39303052
batch_00900_patch.tiff,patch_140,5.6138334,7.813335,9.191703,15.2646,-10.526951
batch_00900_patch.tiff,patch_141,5.5583,8.246561,5.020568,18.924866,-8.7947445
batch_00900_patch.tiff,patch_142,13.639434,7.4904656,12.762558,19.019566,-5.4546003
batch_00900_patch.tiff,patch_143,8.873292,10.207212,4.2105007,19.097136,-1.6198913
batch_00900_patch.tiff,patch_144,10.346727,12.57637,2.074356,18.857206,3.5991156
batch_00900_patch.tiff,patch_145,7.930415,13.887083,8.793374,17.999823,-1.3523846
batch_00900_patch.tiff,patch_146,10.507707,10.201464,4.3931804,16.595913,-6.14501
batch_00900_patch.tiff,patch_147,7.7773066,5.0922747,9.095017,15.853693,-2.719934
batch_00900_patch.tiff,patch_148,11.579254,5.5075893,7.338925,16.953365,-3.4573066
batch_00900_patch.tiff,patch_149,6.048004,3.638192,2.766481,13.730605,-0.13548718
batch_00900_patch.tiff,patch_150,7.166615,5.3140917,8.855009,16.35383,-3.6381252
batch_00900_patch.tiff,patch_151,4.110944,9.314836,6.746947,16.614443,-8.201421
batch_00900_patch.tiff,patch_152,8.861459,7.615783,11.883294,14.912229,-7.07937
batch_00950_patch.tiff,patch_0,9.02675,10.41528,5.6796155,17.017115,-11.21269
batch_00950_patch.tiff,patch_1,12.675641,9.682952,10.697039,20.185978,-11.292456
batch_00950_patch.tiff,patch_2,13.49282,7.76401,7.620641,21.402767,-1.2651199
batch_00950_patch.tiff,patch_3,11.352858,4.8800416,-2.3515623,15.735515,2.0225916
batch_00950_patch.tiff,patch_4,10.248814,4.6833143,6.182701,16.234402,-3.2903552
batch_00950_patch.tiff,patch_5,11.030625,8.822952,2.652483,18.43882,1.0395211
batch_00950_patch.tiff,patch_6,6.4570746,6.990911,6.5608916,15.885843,-3.0888364
batch_00950_patch.tiff,patch_7,10.003057,6.385107,5.306173,19.407228,-2.9209974
batch_00950_patch.tiff,patch_8,19.387129,9.591741,5.691898,20.316698,-1.0890172
batch_00950_patch.tiff,patch_9,14.049441,11.273634,1.7666276,21.516224,-9.030645
batch_00950_patch.tiff,patch_10,10.661083,6.884458,3.897457,16.052727,-1.1043246
batch_00950_patch.tiff,patch_11,9.497179,6.475315,9.858299,20.157495,-12.8129635
batch_00950_patch.tiff,patch_12,8.421298,6.792266,6.023343,16.072142,-1.7061124
batch_00950_patch.tiff,patch_13,12.078165,6.258666,6.3730397,14.62729,-3.5624504
batch_00950_patch.tiff,patch_14,11.803916,3.0975087,0.7181065,13.85252,-0.5944017
batch_00950_patch.tiff,patch_15,16.719322,6.3138986,7.842385,21.361345,-11.428064
batch_00950_patch.tiff,patch_16,15.343486,10.996943,9.215614,25.141235,-12.626482
batch_00950_patch.tiff,patch_17,7.769423,7.1878853,2.0612466,17.205109,-2.3346906
batch_00950_patch.tiff,patch_18,14.427534,12.495402,11.962105,22.203257,-1.3521705
batch_00950_patch.tiff,patch_19,16.759367,5.769922,8.737081,21.869385,0.83425534
batch_00950_patch.tiff,patch_20,19.57418,6.5477037,12.579366,19.878883,0.8399224
batch_00950_patch.tiff,patch_21,12.5603,9.621883,0.3802886,17.453094,2.5521219
batch_00950_patch.tiff,patch_22,12.233244,13.934741,6.383226,17.990501,-4.457876
batch_00950_patch.tiff,patch_23,9.394156,9.070492,3.9219565,16.47673,-1.9621234
batch_00950_patch.tiff,patch_24,13.518875,10.522362,12.124053,20.38965,-11.793867
batch_00950_patch.tiff,patch_25,2.790476,9.588585,3.119011,14.72539,-9.698159
batch_00950_patch.tiff,patch_26,13.702487,4.345288,4.9212923,19.921137,-3.0486944
batch_00950_patch.tiff,patch_27,16.426449,6.5185304,5.813559,21.117575,1.0290353
batch_00950_patch.tiff,patch_28,8.637104,11.486181,3.639263,20.272419,-8.931706
batch_00950_patch.tiff,patch_29,9.494174,10.8784275,4.555521,19.697607,-3.90196
batch_00950_patch.tiff,patch_30,19.273546,4.0030847,7.3809266,17.91497,-2.7245173
batch_00950_patch.tiff,patch_31,17.463184,8.14849,6.8414083,19.963537,-3.8598454
batch_00950_patch.tiff,patch_32,2.7699764,6.0844536,-4.7933154,11.21267,-7.631203
batch_00950_patch.tiff,patch_33,15.47405,8.676848,1.6234907,21.069544,-6.5564184
batch_00950_patch.tiff,patch_34,16.711065,14.440418,10.682496,20.170412,-4.223775
batch_00950_patch.tiff,patch_35,12.137143,8.712463,9.147576,20.403555,-10.446488
batch_00950_patch.tiff,patch_36,0.43050814,8.3616,2.0050507,10.674347,-9.359659
batch_00950_patch.tiff,patch_37,11.217957,5.622036,6.7176633,17.878267,-2.1194832
batch_00950_patch.tiff,patch_38,10.662003,0.20384078,3.5552046,13.175659,-0.87441003
batch_00950_patch.tiff,patch_39,9.384335,11.136129,4.7648573,17.406387,-6.3686223
batch_00950_patch.tiff,patch_40,13.3908825,11.921228,4.3642807,22.32192,-2.7348804
batch_00950_patch.tiff,patch_41,17.243923,6.7646346,10.80759,17.310513,-8.972959
batch_00950_patch.tiff,patch_42,15.295171,10.506315,11.468197,19.914303,-5.327512
batch_00950_patch.tiff,patch_43,8.82315,4.9064655,2.525714,18.017809,-1.1606495
batch_00950_patch.tiff,patch_44,13.227828,11.692117,4.6263175,20.116383,-4.2187715
batch_00950_patch.tiff,patch_45,13.172767,11.777352,8.175958,17.302908,-4.988059
batch_00950_patch.tiff,patch_46,14.089083,6.217749,16.388832,19.414501,-2.6351266
batch_00950_patch.tiff,patch_47,9.066017,4.820093,5.033658,14.410947,-7.7045875
batch_00950_patch.tiff,patch_48,15.774579,8.956044,11.616094,25.223309,-11.302214
batch_00950_patch.tiff,patch_49,14.205173,8.701697,7.7092943,20.45758,-3.7359054
batch_00950_patch.tiff,patch_50,14.092044,7.5530868,6.784398,17.843777,1.512957
batch_00950_patch.tiff,patch_51,10.35089,7.121282,2.3306537,20.092451,2.3699281
batch_00950_patch.tiff,patch_52,15.406266,11.544319,7.3714542,20.695448,-6.826674
batch_00950_patch.tiff,patch_53,13.509512,9.192561,3.462313,19.069529,-4.9692297
batch_00950_patch.tiff,patch_54,16.06079,7.132703,10.485738,18.375298,-7.223843
batch_00950_patch.tiff,patch_55,12.228873,11.438031,7.011671,17.104221,-5.8128653
batch_00950_patch.tiff,patch_56,5.8912044,11.674355,1.6760893,18.843819,-2.3138402
batch_00950_patch.tiff,patch_57,14.267008,7.0901704,13.015473,18.350231,-2.6650524
batch_00950_patch.tiff,patch_58,10.912727,4.861408,6.6773543,15.670513,-3.2056653
batch_00950_patch.tiff,patch_59,15.358712,10.90998,4.4357386,22.684513,-10.120026
batch_00950_patch.tiff,patch_60,16.192091,9.104781,3.8086271,18.95409,-9.099132
batch_00950_patch.tiff,patch_61,9.995481,1.379382,2.7313364,16.972042,-10.62128
batch_00950_patch.tiff,patch_62,11.811243,10.080563,7.0816574,23.183558,-1.4464808
batch_00950_patch.tiff,patch_63,17.327467,8.427537,5.4033136,21.007185,-0.50308174
batch_00950_patch.tiff,patch_64,12.010724,9.797464,5.934895,20.55781,-3.278334
batch_00950_patch.tiff,patch_65,16.580027,5.9262743,6.342281,17.937244,-13.757869
batch_00950_patch.tiff,patch_66,11.158967,10.182879,4.5536923,19.513851,-1.6994278
batch_00950_patch.tiff,patch_67,11.199925,9.583053,5.7271285,21.389004,-7.8434362
batch_00950_patch.tiff,patch_68,11.491402,7.8417873,12.465979,18.082565,-3.913217
batch_00950_patch.tiff,patch_69,9.442268,7.5280275,12.089795,16.51919,-2.4837568
batch_00950_patch.tiff,patch_70,9.972743,9.1327915,0.13560747,17.543255,-0.13327356
batch_00950_patch.tiff,patch_71,11.382751,8.365572,1.3257846,20.631317,-0.8277691
batch_00950_patch.tiff,patch_72,15.431639,12.419733,3.5999382,20.46908,-2.3798923
batch_00950_patch.tiff,patch_73,12.402007,7.272674,9.754288,17.754982,-4.3839097
batch_00950_patch.tiff,patch_74,14.923001,11.029272,9.837075,23.887524,-6.713
batch_00950_patch.tiff,patch_75,18.658503,9.593071,9.135733,21.05992,-4.613171
batch_00950_patch.tiff,patch_76,17.31999,10.747965,11.22477,19.730951,-5.5529876
batch_00950_patch.tiff,patch_77,12.256917,10.200542,10.871879,17.70749,-5.243399
batch_00950_patch.tiff,patch_78,12.7080965,8.15772,10.231798,19.363035,-9.257397
batch_00950_patch.tiff,patch_79,13.162738,8.494071,14.081924,19.697361,-4.5751524
batch_00950_patch.tiff,patch_80,9.999916,9.2372265,10.887271,18.873003,-4.588066
batch_00950_patch.tiff,patch_81,11.350808,6.0051227,5.7875443,15.986223,-2.5115263
batch_00950_patch.tiff,patch_82,6.667932,4.9354844,1.9275086,12.98806,-0.6852841
batch_00950_patch.tiff,patch_83,14.283422,10.31021,1.7445441,22.556644,-11.754195
batch_00950_patch.tiff,patch_84,8.59145,3.1167266,3.0763206,14.575208,-3.1706731
batch_00950_patch.tiff,patch_85,12.579291,10.598799,6.255176,23.677258,-12.544305
batch_00950_patch.tiff,patch_86,7.691252,8.089647,2.147078,19.000517,-7.8648005
batch_00950_patch.tiff,patch_87,17.54057,7.7940936,9.2290945,19.195183,-5.5164204
batch_00950_patch.tiff,patch_88,17.427769,13.580418,13.964879,23.263544,-8.196095
batch_00950_patch.tiff,patch_89,14.064579,11.7817135,2.9840064,18.569859,-6.303339
batch_00950_patch.tiff,patch_90,12.686475,12.475642,4.794514,18.504807,-2.122624
batch_00950_patch.tiff,patch_91,11.710294,7.542962,13.17623,16.990849,-9.420493
batch_00950_patch.tiff,patch_92,11.842871,6.477606,7.332678,18.026257,-6.091849
batch_00950_patch.tiff,patch_93,6.9181314,4.604047,-0.4220563,14.62671,0.4058994
batch_00950_patch.tiff,patch_94,11.548025,4.978327,0.58597034,15.259731,-2.3486001
batch_00950_patch.tiff,patch_95,15.108361,7.3553095,12.972358,21.255707,-5.9513335
batch_00950_patch.tiff,patch_96,14.534054,13.324508,3.1745386,25.042196,-7.3391514
batch_00950_patch.tiff,patch_97,13.343749,9.584688,3.932583,22.366774,0.33997735
batch_00950_patch.tiff,patch_98,15.04456,12.641559,14.4952135,23.840702,-9.085908
batch_00950_patch.tiff,patch_99,13.492285,13.486462,18.713518,19.3372,-12.882589
batch_00950_patch.tiff,patch_100,14.489941,9.303806,1.9117112,16.812735,-9.457568
batch_00950_patch.tiff,patch_101,8.035694,10.315246,9.146083,21.396982,-3.973574
batch_00950_patch.tiff,patch_102,11.6271925,6.751524,5.840036,18.556698,-4.448152
batch_00950_patch.tiff,patch_103,11.086732,9.758316,4.5851216,17.855988,-6.2377787
batch_00950_patch.tiff,patch_104,11.259827,4.0157223,6.443142,14.700876,-1.6232955
batch_00950_patch.tiff,patch_105,8.710702,3.4540222,-0.114276595,13.39707,3.4508412
batch_00950_patch.tiff,patch_106,10.140825,9.618112,9.163567,22.38374,-10.28868
batch_00950_patch.tiff,patch_107,16.385199,7.729634,8.734147,24.434496,-8.130094
batch_00950_patch.tiff,patch_108,11.615341,1.3066983,4.756343,16.70046,-8.219476
batch_00950_patch.tiff,patch_109,13.303972,7.8050814,10.324767,19.271486,-8.360103
batch_00950_patch.tiff,patch_110,14.654174,6.090488,7.3413315,18.997683,-6.0211563
batch_00950_patch.tiff,patch_111,10.437064,9.204659,11.689135,16.034796,-6.037965
batch_00950_patch.tiff,patch_112,10.117095,12.988148,6.290756,20.30554,-7.732184
batch_00950_patch.tiff,patch_113,12.194287,10.1124325,5.2700305,21.11976,-0.95218605
batch_00950_patch.tiff,patch_114,15.692116,14.099785,15.894557,21.53578,-6.33653
batch_00950_patch.tiff,patch_115,13.167743,7.7465334,5.725884,14.957566,-1.6098007
batch_00950_patch.tiff,patch_116,13.599292,6.2783947,2.4436853,13.928116,2.389147
batch_00950_patch.tiff,patch_117,18.532639,7.312193,12.610514,24.285187,-5.521663
batch_00950_patch.tiff,patch_118,11.1297865,10.3358555,6.966993,21.91738,-4.997312
batch_00950_patch.tiff,patch_119,14.364837,12.312187,7.325017,22.336372,-4.7836003
batch_00950_patch.tiff,patch_120,18.78829,9.571925,3.2892745,18.17171,-4.903043
batch_00950_patch.tiff,patch_121,11.742547,2.1536014,3.6016762,17.823627,-3.584015
batch_00950_patch.tiff,patch_122,13.119191,3.7174087,1.6030034,20.040092,0.86813754
batch_00950_patch.tiff,patch_123,6.7474856,8.19135,4.794387,17.302254,-0.9041504
batch_00950_patch.tiff,patch_124,7.549127,12.257326,7.3663206,21.083578,-6.5757
batch_00950_patch.tiff,patch_125,12.431904,7.904664,1.6247402,14.52316,-2.5199814
batch_00950_patch.tiff,patch_126,13.074531,10.8594265,4.5009027,19.93697,-5.286133
batch_00950_patch.tiff,patch_127,11.225703,5.1455197,5.0693574,17.806253,-0.93079257
batch_00950_patch.tiff,patch_128,9.833675,1.1988087,1.4442198,13.49748,0.69776857
batch_00950_patch.tiff,patch_129,15.350158,4.1798773,13.048552,21.280062,-7.1656427
batch_00950_patch.tiff,patch_130,14.039893,11.571036,9.987962,24.794691,-11.593189
batch_00950_patch.tiff,patch_131,11.351478,12.431856,11.975566,21.626333,-6.5806637
batch_00950_patch.tiff,patch_132,13.453561,6.623909,15.854275,18.713287,-6.1943793
batch_00950_patch.tiff,patch_133,11.496163,4.1890407,1.6093397,17.43443,-1.5304143
batch_00950_patch.tiff,patch_134,11.644428,1.7286088,2.9001904,16.313065,0.71706605
batch_00950_patch.tiff,patch_135,13.430463,9.279581,13.234661,17.053772,-4.7991304
batch_00950_patch.tiff,patch_136,5.7215304,11.469579,10.950751,17.687698,-10.632909
batch_00950_patch.tiff,patch_137,15.92068,11.517183,9.352482,23.667631,-1.859256
batch_00950_patch.tiff,patch_138,13.643602,9.143911,7.7793956,14.551987,-2.6315713
batch_00950_patch.tiff,patch_139,13.486134,9.358167,0.3552533,21.366688,-6.953819
batch_00950_patch.tiff,patch_140,7.1078625,6.965299,-1.9758463,15.935314,0.95204216
batch_00950_patch.tiff,patch_141,18.682209,5.957759,13.698828,25.233313,-11.196684
batch_00950_patch.tiff,patch_142,13.92729,11.022852,4.5760083,19.097013,-3.14459
batch_00950_patch.tiff,patch_143,10.935476,9.382122,12.109481,15.1703205,-5.646239
batch_00950_patch.tiff,patch_144,14.692419,5.739191,2.3276637,17.222252,-0.29744107
batch_00950_patch.tiff,patch_145,12.711158,3.2697456,4.0610657,17.93787,-4.126958
batch_00950_patch.tiff,patch_146,5.9373164,8.610093,7.3041306,11.400872,-6.4141965
batch_00950_patch.tiff,patch_147,4.565962,12.583895,4.789388,15.167431,-11.255755
batch_00950_patch.tiff,patch_148,11.467337,10.311206,3.412059,18.987398,0.5222015
batch_00950_patch.tiff,patch_149,10.9194565,8.08535,6.278485,16.758776,-4.7897625
batch_00950_patch.tiff,patch_150,15.628634,9.79232,8.715707,17.98168,-5.538779
batch_00950_patch.tiff,patch_151,10.036457,8.486605,-0.41578493,22.20211,3.4938295
batch_00950_patch.tiff,patch_152,11.445627,7.5948324,7.046822,24.561626,-16.093206
batch_00950_patch.tiff,patch_153,12.675195,7.931576,5.659188,21.91439,-8.951939
batch_00950_patch.tiff,patch_154,7.8209624,10.571656,4.061578,17.829876,-5.6470804
batch_00950_patch.tiff,patch_155,9.947034,3.736231,0.7081258,17.649244,0.92712986
batch_00950_patch.tiff,patch_156,9.987592,1.5868737,0.074695125,16.494354,-0.5144659
batch_00950_patch.tiff,patch_157,17.101126,9.242352,5.894285,22.247309,-8.072858
batch_00950_patch.tiff,patch_158,16.202671,6.862501,10.201272,17.892876,-0.82730925
batch_00950_patch.tiff,patch_159,10.879819,9.232397,7.295023,16.57149,-5.0476246
batch_00950_patch.tiff,patch_160,11.179672,5.607269,6.8056264,15.841606,-3.4114158
batch_00950_patch.tiff,patch_161,14.798005,4.5075045,9.00851,15.040992,-2.6729364
batch_00950_patch.tiff,patch_162,16.964054,9.274978,9.5235195,21.477036,-3.4753437
batch_00950_patch.tiff,patch_163,10.977184,5.523484,3.8082383,17.649382,-1.1701486
batch_00950_patch.tiff,patch_164,13.006953,7.4477186,2.3176696,16.879528,-0.25738925
batch_00950_patch.tiff,patch_165,8.129936,8.039708,3.965409,17.538624,-1.0007122
batch_00950_patch.tiff,patch_166,9.191125,8.700718,3.5209022,20.06382,-0.10692169
batch_01000_patch.tiff,patch_0,5.8420625,6.068937,1.4896317,15.266637,-4.444451
batch_01000_patch.tiff,patch_1,13.747161,9.986458,3.0150495,15.721459,1.6022573
batch_01000_patch.tiff,patch_2,15.970703,9.260638,8.425655,17.426306,-2.4120164
batch_01000_patch.tiff,patch_3,17.12695,8.516527,12.213786,17.518822,-5.390459
batch_01000_patch.tiff,patch_4,10.24444,8.53039,2.8176076,23.113363,-5.061001
batch_01000_patch.tiff,patch_5,12.586241,6.8351045,13.696374,19.823015,-6.565027
batch_01000_patch.tiff,patch_6,13.387785,4.5411997,7.0747237,22.880625,-6.432664
batch_01000_patch.tiff,patch_7,18.159513,5.9485226,14.686234,20.77909,-6.8291054
batch_01000_patch.tiff,patch_8,19.506672,4.805457,10.431866,16.082605,-6.759616
batch_01000_patch.tiff,patch_9,14.665002,14.410418,11.440356,22.427013,-11.629293
batch_01000_patch.tiff,patch_10,5.8438926,0.5944602,12.439278,20.693916,-5.9905853
batch_01000_patch.tiff,patch_11,1.8685379,8.282501,8.238342,17.989794,-3.2717297
batch_01000_patch.tiff,patch_12,10.139825,6.186871,1.5286562,18.466957,-1.65744
batch_01000_patch.tiff,patch_13,11.433694,6.4558563,0.69473493,16.23419,-0.46413818
batch_01000_patch.tiff,patch_14,14.277046,7.466393,10.179798,16.795336,-5.6748705
batch_01000_patch.tiff,patch_15,18.194109,13.695058,3.8077974,20.631897,-4.755589
batch_01000_patch.tiff,patch_16,9.141696,2.1905253,7.2034917,21.860365,-3.1862931
batch_01000_patch.tiff,patch_17,9.141527,5.137012,8.777571,21.958155,-6.015551
batch_01000_patch.tiff,patch_18,13.817466,5.490969,7.70699,16.352362,-7.2778425
batch_01000_patch.tiff,patch_19,14.869042,5.849892,7.0543504,20.230167,-7.430586
batch_01000_patch.tiff,patch_20,18.087297,11.688695,15.9837885,21.93859,-5.008911
batch_01000_patch.tiff,patch_21,9.60158,7.3676105,10.567517,21.29247,-1.8391953
batch_01000_patch.tiff,patch_22,5.3681746,3.8836558,9.575592,14.793741,-3.716859
batch_01000_patch.tiff,patch_23,11.97511,12.331071,13.06183,22.840828,-4.431834
batch_01000_patch.tiff,patch_24,13.64978,13.306713,10.835248,24.99821,-5.3898377
batch_01000_patch.tiff,patch_25,12.566977,8.185659,8.9353695,17.116734,-5.747473
batch_01000_patch.tiff,patch_26,9.562145,6.687633,5.038676,21.3887,-6.7305856
batch_01000_patch.tiff,patch_27,7.244208,5.954813,4.99535,24.200249,-5.233468
batch_01000_patch.tiff,patch_28,14.668443,13.782944,17.910255,21.100471,-5.1442494
batch_01000_patch.tiff,patch_29,7.475824,5.6183395,10.1948395,22.16541,-2.3584938
batch_01000_patch.tiff,patch_30,7.252149,4.711721,10.045333,19.40553,-8.168955
batch_01000_patch.tiff,patch_31,15.245103,7.784837,10.883936,24.385647,-7.591864
batch_01000_patch.tiff,patch_32,15.04255,10.312163,9.989084,24.76313,-10.338357
batch_01000_patch.tiff,patch_33,17.474876,7.641497,14.04553,19.710026,-4.95647
batch_01000_patch.tiff,patch_34,8.289371,9.182159,5.269793,22.753384,-6.0664477
batch_01000_patch.tiff,patch_35,16.131388,7.9776287,13.314895,18.888853,-6.027655
batch_01000_patch.tiff,patch_36,14.446764,14.967602,21.337845,23.283173,-5.8504095
batch_01000_patch.tiff,patch_37,6.017766,7.8846226,4.5073876,23.648506,-0.80557793
batch_01000_patch.tiff,patch_38,5.779977,3.2728662,8.16688,18.077671,-3.4748895
batch_01000_patch.tiff,patch_39,19.463202,8.722565,8.393127,24.864006,-1.1628319
batch_01000_patch.tiff,patch_40,17.915924,3.2610996,5.731298,21.0453,-3.3741534
batch_01000_patch.tiff,patch_41,11.985495,7.502347,12.336285,16.59792,-8.667194
batch_01000_patch.tiff,patch_42,14.951845,5.1118383,12.949316,15.818955,-5.928581
batch_01000_patch.tiff,patch_43,13.126575,10.512545,5.665947,23.187237,-4.8720875
batch_01000_patch.tiff,patch_44,15.557416,6.599722,2.4816802,20.09085,-8.423411
batch_01000_patch.tiff,patch_45,16.036375,3.9725769,8.324008,19.992155,-4.0531564
batch_01000_patch.tiff,patch_46,18.306215,4.8743234,11.562793,21.887938,-7.4285355
batch_01000_patch.tiff,patch_47,13.394319,8.509275,7.7030306,14.005488,-6.37085
batch_01000_patch.tiff,patch_48,14.274543,8.549393,10.298382,17.029362,-4.406146
batch_01000_patch.tiff,patch_49,10.161054,4.022741,6.796461,18.697344,-3.3450086
batch_01000_patch.tiff,patch_50,14.616021,6.8630295,12.622393,23.834885,-9.142812
batch_01000_patch.tiff,patch_51,12.722943,5.127514,4.243416,18.725254,-3.1248934
batch_01000_patch.tiff,patch_52,7.222134,4.6354275,3.1179576,13.397552,-1.6530488
batch_01000_patch.tiff,patch_53,14.551879,8.172834,7.0846987,18.207914,-3.1000001
batch_01000_patch.tiff,patch_54,17.051224,9.536702,4.1718445,21.324968,5.1038175
batch_01000_patch.tiff,patch_55,9.367673,-1.8776948,11.546884,17.70198,-7.2754593
batch_01000_patch.tiff,patch_56,7.341281,2.916441,10.823418,21.511026,-6.619286
batch_01000_patch.tiff,patch_57,16.797203,7.4997606,17.342669,19.378029,-4.620063
batch_01000_patch.tiff,patch_58,18.439037,6.8479385,15.773699,23.183289,-6.9113693
batch_01000_patch.tiff,patch_59,15.270767,8.5968075,10.03564,24.191994,-1.7406644
batch_01000_patch.tiff,patch_60,12.877097,4.712853,5.3812404,15.284118,-6.9661646
batch_01000_patch.tiff,patch_61,6.540328,7.1257305,9.356364,22.53862,-3.6887834
batch_01000_patch.tiff,patch_62,6.9312563,6.6689534,10.08759,22.723373,-5.6487246
batch_01000_patch.tiff,patch_63,8.169882,6.038677,1.1425267,16.806068,-0.39979768
batch_01000_patch.tiff,patch_64,9.354735,6.849062,2.5385125,13.537312,-0.8567706
batch_01000_patch.tiff,patch_65,17.449139,7.815721,13.524333,17.301914,-5.5000186
batch_01000_patch.tiff,patch_66,15.220864,8.968916,5.0787053,21.051497,4.1558857
batch_01000_patch.tiff,patch_67,9.083681,3.3510861,6.5920687,21.001034,-2.6712065
batch_01000_patch.tiff,patch_68,11.952833,7.5159063,12.025618,19.522459,-4.9709415
batch_01000_patch.tiff,patch_69,14.304425,8.742126,8.303322,20.564646,1.6212453
batch_01000_patch.tiff,patch_70,15.842595,12.182654,13.603648,23.193802,-0.38021913
batch_01000_patch.tiff,patch_71,16.24784,9.407096,4.93193,23.686165,-1.7357017
batch_01000_patch.tiff,patch_72,19.058266,7.556232,11.360231,24.81128,-6.321641
batch_01000_patch.tiff,patch_73,5.794406,4.923385,11.539676,23.775917,-5.603829
batch_01000_patch.tiff,patch_74,13.170845,5.6646976,11.437835,15.587536,-7.278645
batch_01000_patch.tiff,patch_75,17.749619,7.675173,11.038915,17.35673,-4.52099
batch_01000_patch.tiff,patch_76,14.171411,6.0350637,7.4788957,18.796726,-5.593494
batch_01000_patch.tiff,patch_77,15.259563,9.962493,10.010488,18.71772,-4.5710144
batch_01000_patch.tiff,patch_78,12.07482,4.1108513,9.878602,16.85704,-7.5435834
batch_01000_patch.tiff,patch_79,8.156953,2.8047562,4.996859,18.739182,-1.1598622
batch_01000_patch.tiff,patch_80,6.3121514,4.8553057,6.577412,22.268072,-5.7767296
batch_01000_patch.tiff,patch_81,18.879822,8.27445,16.774014,18.85449,-7.774723
batch_01000_patch.tiff,patch_82,17.09408,11.004871,7.894302,16.700022,-4.6044683
batch_01000_patch.tiff,patch_83,11.046765,6.614924,7.3029428,12.299701,-11.177122
batch_01000_patch.tiff,patch_84,12.548746,6.569296,11.51519,19.907017,-4.4933534
batch_01000_patch.tiff,patch_85,11.825634,7.415331,4.9023275,22.507694,-1.1344435
batch_01000_patch.tiff,patch_86,21.35181,6.123533,13.974888,19.043596,-8.761377
batch_01000_patch.tiff,patch_87,7.3512173,5.3000765,9.135608,20.17319,-2.9458356
batch_01000_patch.tiff,patch_88,6.133534,8.66357,8.028634,21.235113,-4.895676
batch_01000_patch.tiff,patch_89,20.481546,10.202228,14.006645,18.946693,-6.3775125
batch_01000_patch.tiff,patch_90,13.441635,11.204228,5.2331386,19.350733,-5.1322393
batch_01000_patch.tiff,patch_91,15.861998,4.9259415,14.44429,20.494528,-7.479174
batch_01000_patch.tiff,patch_92,15.685908,8.326629,12.577304,22.730703,-3.631461
batch_01000_patch.tiff,patch_93,9.228516,15.346258,4.9062333,28.039118,-4.2995358
batch_01000_patch.tiff,patch_94,14.777811,12.4398155,5.784064,19.549107,-1.6584632
batch_01000_patch.tiff,patch_95,11.3129225,6.145709,4.536734,13.229816,-5.798076
batch_01000_patch.tiff,patch_96,17.86727,7.257123,7.4842634,23.924616,-3.502018
batch_01000_patch.tiff,patch_97,14.213087,2.9073443,5.455494,18.137854,-6.4039025
batch_01000_patch.tiff,patch_98,9.59898,14.730237,10.074959,26.038708,-9.21807
batch_01000_patch.tiff,patch_99,10.545086,14.534707,3.7382164,26.68691,-6.57538
batch_01000_patch.tiff,patch_100,15.722144,7.228465,10.958171,20.216326,-9.659552
batch_01000_patch.tiff,patch_101,7.9067,7.013847,7.985048,21.039032,-4.6752863
batch_01000_patch.tiff,patch_102,15.957154,10.348128,14.133998,17.215397,-6.671011
batch_01000_patch.tiff,patch_103,12.892484,12.402154,8.435749,17.454206,-6.3849263
batch_01000_patch.tiff,patch_104,18.734503,10.146767,5.3106017,25.19652,3.807525
batch_01000_patch.tiff,patch_105,16.912376,10.734799,5.6840568,23.01801,1.8380126
batch_01000_patch.tiff,patch_106,10.632194,14.49826,0.7510102,26.600887,2.338031
batch_01000_patch.tiff,patch_107,8.790063,11.415686,3.3746865,25.24781,-0.74806035
batch_01000_patch.tiff,patch_108,16.330616,9.32542,9.05218,24.613312,-0.20521049
batch_01000_patch.tiff,patch_109,17.625414,4.6496797,12.094649,23.282532,-3.2508304
batch_01000_patch.tiff,patch_110,15.206335,6.8044343,11.386593,17.635384,-4.729626
batch_01000_patch.tiff,patch_111,16.227734,5.3304253,11.77144,16.906435,-5.8860254
batch_01000_patch.tiff,patch_112,16.850155,13.384049,12.581879,21.85085,-4.1993318
batch_01000_patch.tiff,patch_113,14.307257,10.196927,7.1631465,17.18353,-5.4187937
batch_01000_patch.tiff,patch_114,14.480303,8.78673,6.17395,24.632792,-9.469961
batch_01000_patch.tiff,patch_115,12.668746,5.042173,6.6763687,22.605354,-6.876314
batch_01000_patch.tiff,patch_116,14.983968,7.6606655,14.78701,20.28153,-10.856621
batch_01000_patch.tiff,patch_117,15.116786,10.192997,15.389579,23.61327,-1.1162883
batch_01000_patch.tiff,patch_118,12.097685,3.6608472,9.382729,21.189318,-8.3728075
batch_01000_patch.tiff,patch_119,12.184557,2.5585086,13.039231,13.503237,-8.677365
batch_01000_patch.tiff,patch_120,13.294637,9.191161,7.768635,17.708311,-3.1084766
batch_01000_patch.tiff,patch_121,8.1105175,3.5598316,4.281882,20.532978,-3.3317866
batch_01000_patch.tiff,patch_122,6.4423065,4.7803545,4.0519156,20.919369,1.9257075
batch_01000_patch.tiff,patch_123,11.304535,15.294382,8.828183,25.066446,-5.9406767
batch_01000_patch.tiff,patch_124,17.69212,10.930612,14.584517,22.62997,-7.6374273
batch_01000_patch.tiff,patch_125,14.43003,12.072494,10.441683,19.90673,-11.519531
batch_01050_patch.tiff,patch_0,4.3979683,4.672277,7.1858497,19.449102,-2.4490626
batch_01050_patch.tiff,patch_1,1.9408969,6.0071845,5.3027787,15.6040125,-2.820262
batch_01050_patch.tiff,patch_2,7.7236776,3.5347478,8.76278,20.031338,-3.687718
batch_01050_patch.tiff,patch_3,4.4344234,7.1851654,8.946989,19.400694,-7.635837
batch_01050_patch.tiff,patch_4,2.6244688,7.25785,6.9997997,17.70015,-8.619889
batch_01050_patch.tiff,patch_5,2.587977,14.827505,6.2031517,20.685764,-9.298004
batch_01050_patch.tiff,patch_6,13.1427555,8.565633,11.729967,20.113548,-4.7644887
batch_01050_patch.tiff,patch_7,16.078218,9.198288,16.233223,21.131361,-2.2163825
batch_01050_patch.tiff,patch_8,8.996468,11.803055,14.214032,16.74033,-5.8586287
batch_01050_patch.tiff,patch_9,11.480956,13.838307,6.844481,18.808859,-2.4603322
batch_01050_patch.tiff,patch_10,17.156301,7.4728527,14.470855,23.049269,-4.8364124
batch_01050_patch.tiff,patch_11,6.4592233,9.445101,3.7291512,19.630728,-4.5974126
batch_01050_patch.tiff,patch_12,-1.8366683,9.525103,-0.8065188,17.391375,-3.6963344
batch_01050_patch.tiff,patch_13,9.688253,9.463305,12.243512,17.150381,-1.0830153
batch_01050_patch.tiff,patch_14,11.213378,5.922687,15.514003,21.127977,-4.902605
batch_01050_patch.tiff,patch_15,10.494901,4.7850103,12.699029,18.104464,-2.6876361
batch_01050_patch.tiff,patch_16,10.037176,9.426006,9.233714,19.980148,-11.017918
batch_01050_patch.tiff,patch_17,8.934075,5.237636,11.920004,17.429455,-3.094321
batch_01050_patch.tiff,patch_18,8.475403,6.303768,11.895304,18.245556,-4.3244267
batch_01050_patch.tiff,patch_19,9.605551,8.795554,10.799246,19.555378,-2.4181077
batch_01050_patch.tiff,patch_20,4.539727,7.920632,7.624994,15.732705,-3.7688606
batch_01050_patch.tiff,patch_21,2.9008307,8.278534,0.29227278,16.230116,-4.543173
batch_01050_patch.tiff,patch_22,17.23773,6.7711697,13.152709,21.888391,-4.5025635
batch_01050_patch.tiff,patch_23,12.429385,6.564154,9.834557,20.69277,-9.525793
batch_01050_patch.tiff,patch_24,2.9248617,10.911292,-0.17042512,18.931332,-3.1912177
batch_01050_patch.tiff,patch_25,6.3688793,1.7006842,4.7871118,18.703886,-0.615251
batch_01050_patch.tiff,patch_26,1.291139,3.3118575,4.9149933,17.409613,-5.494507
batch_01050_patch.tiff,patch_27,6.306707,2.8922524,11.514625,18.793736,-3.204655
batch_01050_patch.tiff,patch_28,5.184259,7.623336,11.27783,14.974634,-7.1033
batch_01050_patch.tiff,patch_29,6.6873407,6.6958475,10.62092,17.748404,-1.5121042
batch_01050_patch.tiff,patch_30,9.05287,10.647609,7.597128,20.409395,-3.5331833
batch_01050_patch.tiff,patch_31,11.062762,6.669013,11.680051,19.491882,-1.6485767
batch_01050_patch.tiff,patch_32,15.940329,7.383127,14.504252,21.167198,-1.5879625
batch_01050_patch.tiff,patch_33,3.6206753,8.8091955,6.133947,17.669088,-1.8088907
batch_01050_patch.tiff,patch_34,4.8495097,10.197995,5.118685,14.106785,-7.1048803
batch_01050_patch.tiff,patch_35,5.495996,17.098026,3.6782863,18.067955,3.3712046
batch_01050_patch.tiff,patch_36,5.1597276,12.2962475,7.620166,19.172295,-2.1867783
batch_01050_patch.tiff,patch_37,8.38719,9.101352,3.049391,21.56293,-0.63039356
batch_01050_patch.tiff,patch_38,3.7538862,4.9514914,5.890495,19.650518,-1.6618345
batch_01050_patch.tiff,patch_39,7.9101543,6.06569,7.061125,21.574211,-3.5231843
batch_01050_patch.tiff,patch_40,7.9301934,7.2293487,13.861445,17.138927,-5.510363
batch_01050_patch.tiff,patch_41,8.641025,6.458516,15.403532,21.013298,-7.013157
batch_01050_patch.tiff,patch_42,8.695539,9.532403,12.109126,18.485943,-7.7645707
batch_01050_patch.tiff,patch_43,9.543269,12.244326,15.376601,22.547026,-7.0947795
batch_01050_patch.tiff,patch_44,14.2954645,5.073793,13.433768,20.718544,-4.0205455
batch_01050_patch.tiff,patch_45,11.23931,4.7900467,8.065807,20.488453,-0.1751422
batch_01050_patch.tiff,patch_46,3.886574,8.6647,2.8617573,16.340876,-2.8811297
batch_01050_patch.tiff,patch_47,10.8658,11.448764,9.17752,20.605446,-2.1723974
batch_01050_patch.tiff,patch_48,3.1782558,11.205451,8.596325,19.948898,-6.3201575
batch_01050_patch.tiff,patch_49,3.571362,11.666196,7.163904,18.029068,-6.176905
batch_01050_patch.tiff,patch_50,8.831754,7.311512,6.6199965,20.52988,-2.4250264
batch_01050_patch.tiff,patch_51,6.606211,3.5308714,11.226063,16.240377,-5.6748114
batch_01050_patch.tiff,patch_52,7.3897443,4.302575,7.72357,20.63816,-2.316233
batch_01050_patch.tiff,patch_53,12.379888,5.4518614,18.807602,20.710844,-7.8301516
batch_01050_patch.tiff,patch_54,7.4532275,2.7326272,12.872435,17.044493,-2.8516836
batch_01050_patch.tiff,patch_55,11.886246,8.596388,10.437229,20.985205,-6.0228243
batch_01050_patch.tiff,patch_56,11.441911,5.597651,13.115796,19.591814,-0.7719599
batch_01050_patch.tiff,patch_57,3.488551,9.188754,1.8184766,15.630406,0.8809599
batch_01050_patch.tiff,patch_58,5.8685555,9.732434,-1.499477,18.616838,3.8585827
batch_01050_patch.tiff,patch_59,8.418433,9.765149,4.897169,22.402395,-1.40513
batch_01050_patch.tiff,patch_60,-0.8375325,13.933984,3.047453,16.003643,-8.455956
batch_01050_patch.tiff,patch_61,4.195877,4.56445,8.651998,14.907715,-4.255111
batch_01050_patch.tiff,patch_62,9.203546,3.8084755,11.942069,17.416374,-5.229312
batch_01050_patch.tiff,patch_63,9.07192,4.9076543,12.307762,20.312067,0.36220422
batch_01050_patch.tiff,patch_64,10.566569,6.8822217,14.47882,22.954546,-9.465666
batch_01050_patch.tiff,patch_65,17.137056,9.540885,12.257381,22.19225,-2.8266773
batch_01050_patch.tiff,patch_66,16.41778,9.289401,6.488331,24.432104,-2.7591643
batch_01050_patch.tiff,patch_67,10.191533,6.2182913,4.906978,21.03433,1.8552563
batch_01050_patch.tiff,patch_68,14.820628,10.660698,14.089016,21.895376,-7.7813787
batch_01050_patch.tiff,patch_69,9.629024,7.1631055,7.911826,17.091383,-2.9609952
batch_01050_patch.tiff,patch_70,3.315683,10.0701475,1.5878129,17.421192,2.8587325
batch_01050_patch.tiff,patch_71,1.7185445,7.5069237,5.8310227,16.77254,-2.963117
batch_01050_patch.tiff,patch_72,6.6277766,11.737958,11.5354185,17.249474,-4.663855
batch_01050_patch.tiff,patch_73,6.527957,1.741242,11.562243,17.589687,-7.277179
batch_01050_patch.tiff,patch_74,6.4536095,5.5511317,10.443159,17.526104,-5.7925816
batch_01050_patch.tiff,patch_75,10.9948845,5.8550124,10.5315485,19.736435,-7.151556
batch_01050_patch.tiff,patch_76,13.10185,5.298743,13.110394,19.983469,-2.8328
batch_01050_patch.tiff,patch_77,11.999112,5.8608594,8.900611,21.402779,-0.47419748
batch_01050_patch.tiff,patch_78,6.9208636,12.59694,10.444422,17.982409,-3.4715655
batch_01050_patch.tiff,patch_79,2.6233683,11.713026,-2.0576618,17.715565,2.577433
batch_01050_patch.tiff,patch_80,10.03541,12.296753,-0.08862638,20.645884,-3.7384105
batch_01050_patch.tiff,patch_81,12.646443,9.039336,2.4058502,18.761122,-1.0688702
batch_01050_patch.tiff,patch_82,5.759773,2.2290287,12.092136,17.495712,-8.017322
batch_01050_patch.tiff,patch_83,0.8735978,8.80119,5.715245,17.517828,-3.379295
batch_01050_patch.tiff,patch_84,5.9145503,4.7738304,8.099762,16.11436,-5.3432274
batch_01050_patch.tiff,patch_85,6.254068,8.629154,7.448245,19.776972,-6.9350696
batch_01050_patch.tiff,patch_86,12.032533,7.585444,8.005955,17.717934,-4.2127366
batch_01050_patch.tiff,patch_87,6.297622,4.600267,6.811348,19.213116,-8.377082
batch_01050_patch.tiff,patch_88,8.028924,4.1366043,4.4862804,16.624989,-1.4418039
batch_01050_patch.tiff,patch_89,13.772269,9.517722,5.096858,23.575155,5.2796855
batch_01050_patch.tiff,patch_90,12.814481,9.224573,11.217868,18.920528,-3.7194932
batch_01050_patch.tiff,patch_91,3.9838352,11.598762,-2.0651312,19.016182,4.337111
batch_01050_patch.tiff,patch_92,15.345543,16.461899,6.5440726,21.706234,-2.3103065
batch_01050_patch.tiff,patch_93,10.538928,12.685816,-0.605574,18.83877,2.2430158
batch_01050_patch.tiff,patch_94,8.351259,4.0758505,9.61239,18.719492,-7.19939
batch_01050_patch.tiff,patch_95,3.41099,4.2643604,5.300133,17.821297,-5.586353
batch_01050_patch.tiff,patch_96,5.368769,6.8929033,5.4751725,20.28655,-2.672795
batch_01050_patch.tiff,patch_97,-1.3954124,6.7105618,5.867127,14.653609,-11.439375
batch_01050_patch.tiff,patch_98,4.4087496,13.526092,-2.3209307,17.558828,4.2729435
batch_01050_patch.tiff,patch_99,4.4517093,9.832738,-4.006609,18.85125,1.5948116
batch_01050_patch.tiff,patch_100,14.55418,10.295923,10.515405,21.968632,-6.415923
batch_01050_patch.tiff,patch_101,4.867415,12.925737,-1.9717367,20.524433,1.327085
batch_01050_patch.tiff,patch_102,9.633435,10.540267,2.100198,19.654251,3.6023428
batch_01050_patch.tiff,patch_103,9.069875,9.292597,4.238676,18.073256,1.8062618
batch_01050_patch.tiff,patch_104,6.6390023,2.9609306,6.6211476,17.745607,-4.6543293
batch_01050_patch.tiff,patch_105,5.545675,5.16146,8.318462,18.028828,-6.2955194
batch_01050_patch.tiff,patch_106,3.1591775,7.91268,7.7963533,19.37562,-7.4203553
batch_01050_patch.tiff,patch_107,9.229185,9.097702,11.873632,18.277899,-2.5332038
batch_01050_patch.tiff,patch_108,1.7296021,7.42495,6.387419,18.407846,-7.118255
batch_01050_patch.tiff,patch_109,2.3039262,10.880139,-3.0218055,19.288534,3.391474
batch_01050_patch.tiff,patch_110,4.4933915,12.084907,-1.6506171,18.330944,6.683892
batch_01050_patch.tiff,patch_111,6.4206867,11.404558,2.7104425,20.15755,2.7879505
batch_01050_patch.tiff,patch_112,5.7690024,12.018252,-4.5319586,21.050072,4.9084425
batch_01050_patch.tiff,patch_113,10.268777,11.706469,1.7475704,18.82344,3.1038465
batch_01050_patch.tiff,patch_114,11.013453,9.004202,6.0774837,21.680195,0.7650773
batch_01050_patch.tiff,patch_115,7.3467603,-1.1003947,5.4745493,18.085438,-3.9310622
batch_01050_patch.tiff,patch_116,6.1389756,4.898226,2.9150581,22.147654,4.1495
batch_01050_patch.tiff,patch_117,2.4143758,7.365881,9.044568,17.093782,-3.7162619
batch_01050_patch.tiff,patch_118,8.033858,4.3579817,1.1848384,16.888588,-2.665046
batch_01050_patch.tiff,patch_119,6.3396077,3.30207,-0.4514862,15.3310995,-0.6985052
batch_01050_patch.tiff,patch_120,15.888101,5.5441575,15.440364,19.420557,-8.396798
batch_01050_patch.tiff,patch_121,21.357925,9.252691,12.546372,23.319239,-2.6424723
batch_01050_patch.tiff,patch_122,4.653788,17.399137,6.1874027,20.697716,3.718485
batch_01050_patch.tiff,patch_123,9.33205,9.917592,6.2779136,20.57681,-2.5175278
batch_01050_patch.tiff,patch_124,8.902495,8.411004,1.433779,19.402414,3.305146
batch_01050_patch.tiff,patch_125,7.338064,11.083121,0.27201626,17.95248,4.6741805
batch_01050_patch.tiff,patch_126,9.059421,4.8985634,11.205761,18.451147,-7.4988995
batch_01050_patch.tiff,patch_127,13.002512,3.035738,17.69197,18.04694,-5.9849777
batch_01050_patch.tiff,patch_128,0.9012061,7.550136,7.2339306,16.294287,-10.221809
batch_01050_patch.tiff,patch_129,12.387773,3.267746,1.750287,17.08975,7.3725243
batch_01050_patch.tiff,patch_130,2.4506512,1.3146884,3.1267989,17.094091,-0.17005788
batch_01050_patch.tiff,patch_131,15.855383,6.12733,10.935365,22.85531,-7.3643913
batch_01050_patch.tiff,patch_132,16.697931,7.0552893,11.855838,22.027304,-3.8373337
batch_01050_patch.tiff,patch_133,8.573544,11.304471,2.4754949,20.371141,1.9274348
batch_01050_patch.tiff,patch_134,8.687512,8.78475,10.438145,20.89558,-2.921276
batch_01050_patch.tiff,patch_135,13.678442,8.123515,1.0367904,21.91685,5.149803
batch_01050_patch.tiff,patch_136,5.9377766,8.128258,0.18264559,19.797588,1.0133355
batch_01050_patch.tiff,patch_137,5.544369,7.2241845,9.49214,17.120974,-2.546203
batch_01050_patch.tiff,patch_138,9.618322,4.522403,8.510711,14.474162,-6.267412
batch_01050_patch.tiff,patch_139,10.932335,2.4005332,4.3092165,16.277287,3.0718515
batch_01050_patch.tiff,patch_140,2.9993742,2.9543924,2.700925,16.907192,0.82058585
batch_01050_patch.tiff,patch_141,2.9461696,8.353874,3.3921485,16.350733,0.40044174
batch_01050_patch.tiff,patch_142,1.7291812,11.308757,1.285293,15.403675,-2.3890953
batch_01050_patch.tiff,patch_143,7.362932,12.876936,6.671906,21.711782,-3.775403
batch_01050_patch.tiff,patch_144,6.0512977,12.971109,10.429903,19.570154,-1.8638917
batch_01050_patch.tiff,patch_145,11.676874,8.678931,4.753611,21.519669,2.8738604
batch_01050_patch.tiff,patch_146,8.271799,7.1507416,8.061663,17.901543,-2.905662
batch_01050_patch.tiff,patch_147,6.2435555,5.574684,8.656187,18.05075,-3.4036963
batch_01050_patch.tiff,patch_148,7.3034263,5.3093405,10.321993,18.563623,-5.1698775
batch_01050_patch.tiff,patch_149,6.7729197,6.959642,5.615236,18.035164,-6.998028
batch_01050_patch.tiff,patch_150,5.541405,4.630147,8.536853,20.667152,-6.2227693
batch_01050_patch.tiff,patch_151,12.038295,4.328886,4.112819,17.70333,1.4825959
batch_01050_patch.tiff,patch_152,8.884499,6.5786624,5.6529846,18.099934,-0.54079765
batch_01050_patch.tiff,patch_153,4.0567007,11.304068,0.24283084,17.49232,-0.18870583
batch_01050_patch.tiff,patch_154,4.918315,10.789982,-1.0477808,17.817408,0.23935755
batch_01050_patch.tiff,patch_155,4.9368486,9.665744,7.545202,19.536509,-8.323457
batch_01050_patch.tiff,patch_156,3.464073,8.063592,9.046408,16.27837,-3.7136338
batch_01050_patch.tiff,patch_157,11.961635,9.100459,4.2791758,19.637924,1.9098854
batch_01050_patch.tiff,patch_158,10.538545,6.8870115,6.3044715,17.3412,1.660428
batch_01050_patch.tiff,patch_159,18.007282,7.066746,12.557679,20.538652,-2.0846026
batch_01050_patch.tiff,patch_160,14.0849085,6.8058715,13.116514,21.264112,-5.093164
batch_01050_patch.tiff,patch_161,8.275174,5.2047796,10.382093,20.403229,-5.013652
batch_01050_patch.tiff,patch_162,8.222528,2.5110216,10.3554325,19.160427,-0.17807014
batch_01050_patch.tiff,patch_163,10.453559,4.1245403,4.8759103,17.692263,1.400666
batch_01050_patch.tiff,patch_164,5.387474,6.1091423,2.5196295,16.621712,-0.5093448
batch_01050_patch.tiff,patch_165,4.86621,9.707592,-0.92774004,19.18104,1.5559683
batch_01050_patch.tiff,patch_166,2.087906,11.6637335,0.10983216,17.097576,-2.4064467
batch_01050_patch.tiff,patch_167,7.812835,9.896282,9.487372,16.920755,-6.9040017
batch_01050_patch.tiff,patch_168,6.3031297,11.38084,5.180027,19.76368,2.397311
batch_01050_patch.tiff,patch_169,6.328567,10.083776,2.5996256,17.814716,1.8192122
batch_01050_patch.tiff,patch_170,5.1528006,10.339899,4.313326,19.16621,-2.2249274
batch_01100_patch.tiff,patch_0,7.1804886,10.107677,1.7270821,18.410795,-0.053870536
batch_01100_patch.tiff,patch_1,11.527249,8.820942,6.1749463,20.92801,-0.6566465
batch_01100_patch.tiff,patch_2,14.216095,10.880646,11.810478,21.363836,-2.7371197
batch_01100_patch.tiff,patch_3,5.2703176,11.64233,6.8935413,22.316814,-2.8721485
batch_01100_patch.tiff,patch_4,10.048357,7.579155,2.0830588,17.729965,-3.891293
batch_01100_patch.tiff,patch_5,9.827423,8.678466,1.1142628,18.545057,-1.0120754
batch_01100_patch.tiff,patch_6,14.737236,2.909965,4.0366254,14.566541,-6.74055
batch_01100_patch.tiff,patch_7,10.388981,5.2667656,4.964838,12.1771145,-10.475675
batch_01100_patch.tiff,patch_8,10.260224,16.07433,9.758998,18.945086,-3.353312
batch_01100_patch.tiff,patch_9,8.186317,2.543614,4.2982,15.223035,1.5662024
batch_01100_patch.tiff,patch_10,10.685051,11.782787,6.4178767,20.260271,-4.266096
batch_01100_patch.tiff,patch_11,7.9882417,8.590361,1.4093772,18.45264,-0.8618822
batch_01100_patch.tiff,patch_12,7.842434,12.561142,9.054926,17.89543,-6.0361776
batch_01100_patch.tiff,patch_13,12.550811,14.079339,6.938686,22.47528,-2.5659359
batch_01100_patch.tiff,patch_14,11.696911,10.345973,9.15119,18.243383,-6.959459
batch_01100_patch.tiff,patch_15,11.459023,6.505116,3.8893716,19.95558,-3.9680822
batch_01100_patch.tiff,patch_16,12.031416,8.016275,7.823446,18.739765,-2.8146744
batch_01100_patch.tiff,patch_17,10.632658,3.4212961,6.7188053,14.389508,-5.2999945
batch_01100_patch.tiff,patch_18,13.351847,2.1120806,8.63352,11.308929,-10.860445
batch_01100_patch.tiff,patch_19,7.8460426,1.8255165,4.3875484,14.123502,-5.014583
batch_01100_patch.tiff,patch_20,14.489467,3.2970853,16.231236,16.99059,-6.4651227
batch_01100_patch.tiff,patch_21,14.700463,9.38445,15.171993,20.833052,-5.2604356
batch_01100_patch.tiff,patch_22,6.1979504,10.605945,8.021444,20.216978,-5.096995
batch_01100_patch.tiff,patch_23,19.28473,14.33516,16.20037,23.219713,-4.7178464
batch_01100_patch.tiff,patch_24,21.758612,10.569961,11.971085,21.42713,-1.5692856
batch_01100_patch.tiff,patch_25,14.124338,6.490919,13.308002,25.003084,-7.999219
batch_01100_patch.tiff,patch_26,12.250881,7.1506577,10.389109,23.69328,-4.040791
batch_01100_patch.tiff,patch_27,9.383468,8.194318,6.198918,12.057419,-9.549406
batch_01100_patch.tiff,patch_28,13.69737,3.1866333,7.079155,12.052048,-11.024741
batch_01100_patch.tiff,patch_29,9.60439,16.257473,6.85136,16.31261,-3.3021014
batch_01100_patch.tiff,patch_30,5.054806,16.075392,3.9735122,19.049812,-0.98783195
batch_01100_patch.tiff,patch_31,10.162174,5.8445024,-0.13887857,19.0542,2.6274483
batch_01100_patch.tiff,patch_32,16.042961,8.288525,2.5149298,23.057264,-5.09475
batch_01100_patch.tiff,patch_33,18.376518,9.5679035,9.781809,23.855165,-2.3475924
batch_01100_patch.tiff,patch_34,9.101206,7.4867177,3.7208576,21.019247,-5.338212
batch_01100_patch.tiff,patch_35,12.122778,14.408312,12.871958,22.791662,-3.9336872
batch_01100_patch.tiff,patch_36,15.992774,6.2838373,8.765737,23.927353,-7.461942
batch_01100_patch.tiff,patch_37,14.354453,5.296289,12.050851,20.005606,-9.321475
batch_01100_patch.tiff,patch_38,12.120024,4.5479665,5.1172137,13.1241255,-10.380701
batch_01100_patch.tiff,patch_39,14.464878,3.5385451,4.0195346,13.900062,-6.257208
batch_01100_patch.tiff,patch_40,7.9936767,7.9566064,-5.574063,17.374666,5.013782
batch_01100_patch.tiff,patch_41,9.88562,7.7476883,7.724973,19.534662,-0.7496659
batch_01100_patch.tiff,patch_42,8.833599,8.207564,5.115628,17.887808,-3.2215254
batch_01100_patch.tiff,patch_43,10.25941,4.8997025,3.4886808,18.35824,-1.5495181
batch_01100_patch.tiff,patch_44,17.77837,10.557822,10.818763,20.574604,3.4770885
batch_01100_patch.tiff,patch_45,9.964235,5.5221977,5.530501,16.130697,-7.7330933
batch_01100_patch.tiff,patch_46,10.717852,2.9840736,5.518787,13.720668,-9.791235
batch_01100_patch.tiff,patch_47,1.3797174,8.43074,2.8457968,16.586817,-5.2051415
batch_01100_patch.tiff,patch_48,3.3847182,7.2449307,7.314486,19.706701,-6.439242
batch_01100_patch.tiff,patch_49,10.005028,6.523821,0.38284722,21.42906,1.4464525
batch_01100_patch.tiff,patch_50,10.793639,10.452389,7.6746774,19.320478,0.4231872
batch_01100_patch.tiff,patch_51,13.583372,6.909907,9.659233,18.047108,-3.5882804
batch_01100_patch.tiff,patch_52,13.392907,12.569869,1.5491103,20.108294,4.8324175
batch_01100_patch.tiff,patch_53,12.779141,5.008046,5.668782,12.091849,-6.6359005
batch_01100_patch.tiff,patch_54,13.092356,2.0626566,7.454546,13.04617,-9.246421
batch_01100_patch.tiff,patch_55,4.639649,4.5870967,5.060049,16.346592,-5.017285
batch_01100_patch.tiff,patch_56,-1.3471222,6.4163313,0.6218232,14.370032,-4.5715494
batch_01100_patch.tiff,patch_57,18.143795,7.806611,6.4343214,23.34928,0.80733687
batch_01100_patch.tiff,patch_58,15.721133,8.94426,6.382167,23.57054,-4.612484
batch_01100_patch.tiff,patch_59,7.7280436,12.837167,1.2456503,19.97227,2.3788605
batch_01100_patch.tiff,patch_60,13.1179,6.7362375,4.6674104,19.41743,-4.3622317
batch_01100_patch.tiff,patch_61,9.091473,8.651308,7.894527,17.232546,-4.3049283
batch_01100_patch.tiff,patch_62,10.1261835,8.02926,3.5929909,21.905272,-5.0576887
batch_01100_patch.tiff,patch_63,16.725517,8.654189,6.948666,22.334654,-2.4158223
batch_01100_patch.tiff,patch_64,9.816218,11.116692,1.1659677,20.246998,1.3456361
batch_01100_patch.tiff,patch_65,12.883482,4.8856544,12.188254,18.288774,-7.170586
batch_01100_patch.tiff,patch_66,2.368658,4.664062,3.0977054,14.765717,-3.9543343
batch_01100_patch.tiff,patch_67,3.0953171,5.29962,8.34888,15.663345,-7.1178803
batch_01100_patch.tiff,patch_68,7.8282604,14.199354,7.3230405,23.958088,-4.387636
batch_01100_patch.tiff,patch_69,6.289645,12.063617,4.7428966,24.471876,-5.203688
batch_01100_patch.tiff,patch_70,11.930115,10.654472,10.190088,21.878801,-6.651966
batch_01100_patch.tiff,patch_71,13.79872,2.6508675,6.972018,19.779661,-7.35825
batch_01100_patch.tiff,patch_72,13.306903,7.295507,10.713491,18.326622,-4.9388666
batch_01100_patch.tiff,patch_73,15.356635,12.708253,1.7590547,22.08923,0.6292202
batch_01100_patch.tiff,patch_74,18.36617,5.4675446,11.558327,21.72492,-3.7861502
batch_01100_patch.tiff,patch_75,12.971594,1.4106805,10.552145,14.737172,-7.690673
batch_01100_patch.tiff,patch_76,15.458347,9.168729,15.950548,21.654177,-4.5004053
batch_01100_patch.tiff,patch_77,11.725283,7.648244,13.614085,20.236479,-6.0992284
batch_01100_patch.tiff,patch_78,3.657296,11.101505,7.327213,21.56919,-6.1749663
batch_01100_patch.tiff,patch_79,16.335747,9.392306,9.147389,20.81532,-3.6096642
batch_01100_patch.tiff,patch_80,17.464403,8.529521,14.220837,24.308762,-6.001676
batch_01100_patch.tiff,patch_81,15.95297,11.008473,8.0062,19.487185,-0.8681014
batch_01100_patch.tiff,patch_82,8.742308,12.401565,-0.90568036,21.06297,3.0685487
batch_01100_patch.tiff,patch_83,18.870546,6.1077175,11.874809,21.715088,-6.9467072
batch_01100_patch.tiff,patch_84,19.76814,6.258497,7.7322145,18.743193,-6.1871657
batch_01100_patch.tiff,patch_85,11.747164,9.602253,10.333856,21.335396,-0.7141935
batch_01100_patch.tiff,patch_86,-3.096285,9.84035,0.46436164,14.724369,-7.5164847
batch_01100_patch.tiff,patch_87,17.328428,16.770758,8.236842,25.434853,-0.30607644
batch_01100_patch.tiff,patch_88,16.111029,11.94622,8.199536,25.706549,0.75779307
batch_01100_patch.tiff,patch_89,13.639765,0.47855586,4.0382266,22.578356,-13.977552
batch_01100_patch.tiff,patch_90,16.019066,8.957926,4.2092013,22.970419,-11.818414
batch_01100_patch.tiff,patch_91,9.792683,10.957373,1.7020867,18.808228,0.86510944
batch_01100_patch.tiff,patch_92,10.447915,11.455106,-1.7670039,17.415018,2.1214535
batch_01100_patch.tiff,patch_93,7.2604685,17.60455,3.8743706,20.102762,0.99237454
batch_01100_patch.tiff,patch_94,4.096267,11.302097,6.125005,19.84203,-6.821565
batch_01100_patch.tiff,patch_95,0.86512715,5.1861353,0.40984866,14.945558,-5.4296026
batch_01100_patch.tiff,patch_96,17.622131,11.945247,13.002525,24.709259,1.1318095
batch_01100_patch.tiff,patch_97,13.785847,12.735599,11.804101,25.249605,-1.4793608
batch_01100_patch.tiff,patch_98,12.89467,6.7937927,4.5915112,23.2036,-10.550858
batch_01100_patch.tiff,patch_99,13.932659,10.059927,8.390716,23.67548,-8.101458
batch_01100_patch.tiff,patch_100,18.705393,12.170751,12.6726,23.34881,-7.5525064
batch_01100_patch.tiff,patch_101,10.526676,11.932249,-2.124215,18.854233,0.57648873
batch_01100_patch.tiff,patch_102,7.614098,14.039674,-1.7066052,20.3282,-0.9830354
batch_01100_patch.tiff,patch_103,-0.48452574,9.873199,0.27691865,18.285776,-6.265618
batch_01100_patch.tiff,patch_104,-0.22099864,6.180984,0.42195588,17.761908,-6.379301
batch_01100_patch.tiff,patch_105,6.8949485,6.4387894,5.902731,18.707434,-4.6365705
batch_01100_patch.tiff,patch_106,6.5871687,11.792079,4.843355,20.622366,-1.9264474
batch_01100_patch.tiff,patch_107,12.533459,6.362781,5.081843,18.418158,-2.2052534
batch_01100_patch.tiff,patch_108,19.500874,9.805688,8.754318,23.980282,0.23490001
batch_01100_patch.tiff,patch_109,11.549758,9.090074,-1.5230637,20.339582,-1.9109732
batch_01100_patch.tiff,patch_110,13.411298,8.398694,2.4773135,19.522627,0.2597826
batch_01100_patch.tiff,patch_111,11.597364,3.512015,9.171133,15.614626,-5.747161
batch_01100_patch.tiff,patch_112,13.208812,2.4926398,3.5448472,18.98137,-3.6374068
batch_01100_patch.tiff,patch_113,0.9297609,6.9126506,1.8235215,16.791504,-7.3129153
batch_01100_patch.tiff,patch_114,6.685644,4.312104,5.6259394,18.857483,-4.2381387
batch_01100_patch.tiff,patch_115,14.574975,7.6958804,2.9663165,18.779491,-0.9867318
batch_01100_patch.tiff,patch_116,14.419665,14.49436,11.495244,24.4007,-5.4639616
batch_01100_patch.tiff,patch_117,19.184752,8.015728,7.939626,24.472069,-0.82049334
batch_01100_patch.tiff,patch_118,18.974285,6.4497232,7.6829934,23.062365,-2.6862197
batch_01100_patch.tiff,patch_119,13.217059,9.123049,3.4578264,19.56073,0.22110805
batch_01100_patch.tiff,patch_120,8.803307,10.8882,-1.5545652,22.577824,-2.005691
batch_01100_patch.tiff,patch_121,13.602387,4.723976,5.2099185,15.4699335,-7.1834793
batch_01100_patch.tiff,patch_122,13.680582,7.930987,7.3632326,17.614353,-7.42271
batch_01100_patch.tiff,patch_123,7.3222127,8.306987,9.31857,19.095432,-5.141403
batch_01100_patch.tiff,patch_124,6.587523,5.8037553,6.0583076,16.853254,-4.7467914
batch_01100_patch.tiff,patch_125,12.576306,10.91458,3.4442744,22.637636,1.3042738
batch_01100_patch.tiff,patch_126,9.153381,13.253637,2.959249,21.487215,0.2722417
batch_01100_patch.tiff,patch_127,9.264294,6.652198,0.36192262,15.183256,-1.0594462
batch_01100_patch.tiff,patch_128,11.168433,13.387897,-2.3493834,20.909237,1.8498323
batch_01100_patch.tiff,patch_129,11.025026,11.462364,9.872338,23.664154,-4.6365695
batch_01100_patch.tiff,patch_130,11.479059,1.9931548,4.646025,14.455545,-5.265229
batch_01100_patch.tiff,patch_131,13.278128,24.971933,1.5227813,22.668608,-1.8382437
batch_01100_patch.tiff,patch_132,9.478976,13.112372,12.59396,18.41996,-2.1323013
batch_01100_patch.tiff,patch_133,16.780098,8.556489,16.040756,21.198488,-2.363332
batch_01100_patch.tiff,patch_134,16.465338,3.5712848,9.189827,20.968294,-9.8663025
batch_01150_patch.tiff,patch_0,5.3361225,6.571254,-0.9423848,16.641708,0.53128564
batch_01150_patch.tiff,patch_1,7.994366,6.401927,-2.9580648,17.338806,3.273008
batch_01150_patch.tiff,patch_2,15.982089,4.949916,12.267642,20.553713,-8.182404
batch_01150_patch.tiff,patch_3,10.711971,5.743466,9.558114,25.893297,-9.296981
batch_01150_patch.tiff,patch_4,5.6063643,9.247425,-3.133816,20.992458,-2.3195097
batch_01150_patch.tiff,patch_5,5.152846,8.336256,-3.743402,18.330847,0.2807881
batch_01150_patch.tiff,patch_6,8.278008,2.7184768,8.562411,16.549393,-5.5854263
batch_01150_patch.tiff,patch_7,4.3475213,4.6549087,4.0115175,14.795229,-6.7943306
batch_01150_patch.tiff,patch_8,1.5978689,13.109504,-3.1489704,17.267744,-5.7533665
batch_01150_patch.tiff,patch_9,3.137306,15.912373,3.2314627,18.931208,-7.8941197
batch_01150_patch.tiff,patch_10,7.8407545,0.862903,8.571159,14.54373,-2.6824944
batch_01150_patch.tiff,patch_11,11.309931,6.238454,15.071563,17.760637,-5.0220733
batch_01150_patch.tiff,patch_12,10.210156,7.838382,-1.9948643,16.210344,2.2974176
batch_01150_patch.tiff,patch_13,8.761465,7.7258205,-3.8701193,19.590115,4.3255134
batch_01150_patch.tiff,patch_14,9.428321,5.2712407,2.768413,14.747786,-2.487449
batch_01150_patch.tiff,patch_15,17.496405,7.728947,7.7544103,23.191072,-2.0767303
batch_01150_patch.tiff,patch_16,19.923214,10.734225,16.461828,23.970753,-5.8046546
batch_01150_patch.tiff,patch_17,6.3002954,8.157804,-2.3199306,18.282545,-4.345213
batch_01150_patch.tiff,patch_18,7.040438,13.992,-1.1292833,19.011719,-7.869164
batch_01150_patch.tiff,patch_19,14.265968,7.636739,7.52513,25.33132,-13.827059
batch_01150_patch.tiff,patch_20,12.401172,12.300543,0.9377548,20.97206,-11.584852
batch_01150_patch.tiff,patch_21,2.5935252,8.964587,-0.34431922,15.270163,-3.754569
batch_01150_patch.tiff,patch_22,-0.6429469,10.490546,-4.395124,17.84956,-3.4956489
batch_01150_patch.tiff,patch_23,9.156772,1.6336434,16.79149,16.769955,-6.52266
batch_01150_patch.tiff,patch_24,10.0483675,4.970279,15.016414,15.952513,-7.422995
batch_01150_patch.tiff,patch_25,8.104341,3.8699389,-0.19065106,14.445237,-1.6555237
batch_01150_patch.tiff,patch_26,8.705019,3.6224935,0.943041,15.115547,4.35137
batch_01150_patch.tiff,patch_27,11.3066635,5.7973566,-0.51347965,17.34729,4.272308
batch_01150_patch.tiff,patch_28,11.270087,8.298318,1.2041172,20.0624,-0.018984713
batch_01150_patch.tiff,patch_29,8.586547,6.211572,0.1197213,16.681004,-2.2786927
batch_01150_patch.tiff,patch_30,9.21143,8.4287405,-3.1178098,19.41124,-1.2175725
batch_01150_patch.tiff,patch_31,7.7362657,13.592327,-1.9226912,18.683216,-2.767039
batch_01150_patch.tiff,patch_32,14.916136,8.164655,14.435202,21.513832,-1.9063377
batch_01150_patch.tiff,patch_33,15.729154,9.471002,15.534858,21.364296,-2.8794096
batch_01150_patch.tiff,patch_34,13.357459,7.6164985,16.812496,19.86401,-4.0586925
batch_01150_patch.tiff,patch_35,14.211396,6.815511,9.156029,18.427652,-5.6500306
batch_01150_patch.tiff,patch_36,15.106147,4.283394,6.327552,19.162298,-1.3449613
batch_01150_patch.tiff,patch_37,18.823183,4.590072,8.336719,18.533867,-5.2238026
batch_01150_patch.tiff,patch_38,8.737161,8.962232,2.9040008,13.381171,-2.2683856
batch_01150_patch.tiff,patch_39,9.2579365,5.4455795,-2.4406526,17.1466,4.9787636
batch_01150_patch.tiff,patch_40,8.319287,7.2846937,-1.589597,18.526129,2.5282757
batch_01150_patch.tiff,patch_41,9.899938,6.5220146,5.4756336,20.196732,-3.6639628
batch_01150_patch.tiff,patch_42,10.704531,6.9487443,6.491075,18.292143,-4.2830563
batch_01150_patch.tiff,patch_43,7.2222753,10.125344,-2.417144,19.798923,-1.8969849
batch_01150_patch.tiff,patch_44,6.182031,7.7928314,-3.9443865,17.223671,-5.546258
batch_01150_patch.tiff,patch_45,14.667351,7.1555443,13.624335,22.060564,-2.1319807
batch_01150_patch.tiff,patch_46,13.107117,4.4571805,9.23023,18.330278,-0.00034268055
batch_01150_patch.tiff,patch_47,8.123753,6.2239823,10.010044,17.912724,-3.854523
batch_01150_patch.tiff,patch_48,9.28828,8.481139,11.828785,19.819403,-6.563044
batch_01150_patch.tiff,patch_49,13.652041,6.90601,13.63048,19.722675,-4.2022843
batch_01150_patch.tiff,patch_50,17.827675,9.58462,10.619761,24.48688,-3.0596228
batch_01150_patch.tiff,patch_51,9.956457,6.362492,-0.53722304,17.199896,1.8810083
batch_01150_patch.tiff,patch_52,6.3380737,5.3294773,0.04861325,15.704973,-0.75811386
batch_01150_patch.tiff,patch_53,7.7559576,5.9477105,-0.85647035,16.624254,1.9999636
batch_01150_patch.tiff,patch_54,12.427364,5.054995,9.30468,21.02182,-3.877183
batch_01150_patch.tiff,patch_55,12.487094,13.865982,13.823235,22.106283,-2.2809668
batch_01150_patch.tiff,patch_56,7.015211,7.199742,-1.2207427,19.351517,0.20923093
batch_01150_patch.tiff,patch_57,13.514737,4.868003,11.559793,22.120056,0.32196963
batch_01150_patch.tiff,patch_58,7.4434543,4.5298,13.084462,16.134245,-3.916037
batch_01150_patch.tiff,patch_59,6.872039,3.8807127,12.638722,16.42875,-4.7005424
batch_01150_patch.tiff,patch_60,11.75416,4.2561283,16.62603,16.305092,-7.0179234
batch_01150_patch.tiff,patch_61,11.211101,1.2817006,15.55,19.523504,-6.3965087
batch_01150_patch.tiff,patch_62,9.826626,5.9361625,-0.56574285,16.949867,1.9249978
batch_01150_patch.tiff,patch_63,7.453555,6.6842527,-0.25347057,18.786947,1.638662
batch_01150_patch.tiff,patch_64,13.171973,10.72126,-2.6632144,20.920527,-0.75220734
batch_01150_patch.tiff,patch_65,14.221187,3.3385723,-0.09550014,16.865221,-3.0261228
batch_01150_patch.tiff,patch_66,5.4339466,7.324227,-3.105116,16.604599,-4.7437887
batch_01150_patch.tiff,patch_67,6.7151127,9.422561,-2.1088476,20.32114,-3.7852383
batch_01150_patch.tiff,patch_68,13.152827,3.2070074,7.652804,18.837759,-0.5425982
batch_01150_patch.tiff,patch_69,11.884159,5.9682693,10.377939,20.087227,0.0070756976
batch_01150_patch.tiff,patch_70,6.31225,11.320068,1.971516,18.327194,-1.7064599
batch_01150_patch.tiff,patch_71,6.469771,4.9123816,3.2149696,16.303963,1.5333039
batch_01150_patch.tiff,patch_72,12.1560135,6.1121864,18.98464,15.62332,-6.612072
batch_01150_patch.tiff,patch_73,12.9840765,6.3723917,17.836826,16.542885,-6.1954837
batch_01150_patch.tiff,patch_74,7.3502884,7.5745764,-1.4268013,16.410759,1.3894538
batch_01150_patch.tiff,patch_75,7.8484373,4.1670303,1.42549,17.592745,1.8241913
batch_01150_patch.tiff,patch_76,4.168635,12.827931,12.961788,16.491968,-8.901375
batch_01150_patch.tiff,patch_77,3.8055859,9.7901945,2.3752377,15.196505,-7.702605
batch_01150_patch.tiff,patch_78,15.979194,5.232646,12.72381,20.382479,-6.727825
batch_01150_patch.tiff,patch_79,16.261724,11.164697,16.696466,23.285103,-4.7607
batch_01150_patch.tiff,patch_80,11.667581,3.4217794,9.903482,18.909096,-5.5232925
batch_01150_patch.tiff,patch_81,13.905462,3.7526815,7.343531,19.74302,-2.5285087
batch_01150_patch.tiff,patch_82,6.523931,-0.041562323,4.3609614,17.795166,-1.3841746
batch_01150_patch.tiff,patch_83,8.608802,0.57254183,5.3890786,18.506758,1.629913
batch_01150_patch.tiff,patch_84,7.3221292,6.8571777,-1.2047602,18.898174,-1.2101654
batch_01150_patch.tiff,patch_85,7.964414,7.7763166,1.8387907,18.695393,-2.2253025
batch_01150_patch.tiff,patch_86,8.780563,4.310725,2.8084521,16.684864,-1.2970163
batch_01150_patch.tiff,patch_87,6.425332,6.693816,-1.4735774,17.816057,-0.76776713
batch_01150_patch.tiff,patch_88,8.628141,8.904731,7.7077208,17.992329,-1.1392081
batch_01150_patch.tiff,patch_89,6.635914,10.777884,9.732466,18.429905,-5.306277
batch_01150_patch.tiff,patch_90,14.930587,3.1851184,6.7995715,17.544935,-5.0870056
batch_01150_patch.tiff,patch_91,15.586295,8.550596,10.625033,24.965117,-0.4022759
batch_01150_patch.tiff,patch_92,8.70342,1.0833663,6.9742413,18.216003,-1.6115763
batch_01150_patch.tiff,patch_93,8.8818655,0.18528044,5.282012,16.237194,-2.674614
batch_01150_patch.tiff,patch_94,8.841676,4.4387484,-1.1800861,18.9929,-0.4870785
batch_01150_patch.tiff,patch_95,8.339882,5.094999,-0.6223334,17.577766,-1.1545482
batch_01150_patch.tiff,patch_96,14.561132,12.904128,9.13147,25.444342,0.3936733
batch_01150_patch.tiff,patch_97,5.194517,11.514286,8.753143,18.57426,-8.81602
batch_01150_patch.tiff,patch_98,4.362504,10.000037,3.3081603,17.897942,-7.590425
batch_01150_patch.tiff,patch_99,3.342448,7.568125,-0.99519104,17.245937,-2.5743208
batch_01150_patch.tiff,patch_100,3.16965,11.104719,-1.8609061,20.350468,-4.810657
batch_01150_patch.tiff,patch_101,14.254289,7.349393,11.164888,23.747496,-0.9732762
batch_01150_patch.tiff,patch_102,11.93886,3.6106737,9.4540615,18.683039,-1.6143371
batch_01150_patch.tiff,patch_103,13.01237,7.1352844,4.736744,22.056807,4.43976
batch_01150_patch.tiff,patch_104,7.890992,2.778888,6.049132,19.169836,3.8683949
batch_01150_patch.tiff,patch_105,6.229232,4.9354453,1.8729745,16.312939,-0.32355657
batch_01150_patch.tiff,patch_106,4.102588,9.420775,-2.259618,17.51371,-3.2262821
batch_01150_patch.tiff,patch_107,9.507132,4.038677,1.4570268,16.813047,-2.8785625
batch_01150_patch.tiff,patch_108,11.132061,10.581863,12.299867,19.16161,-3.6485734
batch_01150_patch.tiff,patch_109,5.840523,10.438048,11.316355,19.211727,-6.34855
batch_01150_patch.tiff,patch_110,4.651065,10.798114,4.470373,16.034882,-8.770181
batch_01150_patch.tiff,patch_111,7.0629935,10.136206,-1.7408825,17.941145,-2.6365588
batch_01150_patch.tiff,patch_112,3.2125378,11.815018,-4.3284473,17.335762,-5.4764943
batch_01150_patch.tiff,patch_113,13.896984,7.549261,12.280608,21.302229,-2.3374417
batch_01150_patch.tiff,patch_114,12.099951,3.938998,11.811286,20.653984,-3.9980319
batch_01150_patch.tiff,patch_115,10.87819,1.190875,7.759482,19.53684,3.4727678
batch_01150_patch.tiff,patch_116,8.300811,0.48671207,6.0527754,17.82271,0.9396919
batch_01150_patch.tiff,patch_117,6.958391,8.30269,-3.1951807,17.704746,0.03120975
batch_01150_patch.tiff,patch_118,4.839201,5.683585,-1.7737082,15.893661,0.8829288
batch_01150_patch.tiff,patch_119,12.933631,11.775195,12.812753,26.263971,-5.542298
batch_01150_patch.tiff,patch_120,12.036539,9.595709,12.197344,22.587225,-4.1849957
batch_01150_patch.tiff,patch_121,8.513297,9.768083,11.00591,21.20157,-6.2863393
batch_01150_patch.tiff,patch_122,4.576609,8.206675,6.0359006,20.806091,-9.634197
batch_01150_patch.tiff,patch_123,12.032766,10.385516,9.418033,23.057383,-1.1681447
batch_01150_patch.tiff,patch_124,11.917359,3.9718575,10.298982,21.60619,-2.425808
batch_01150_patch.tiff,patch_125,12.913664,5.722397,11.001263,18.374174,0.1488302
batch_01150_patch.tiff,patch_126,10.283817,1.9471332,13.120835,18.130991,-4.9467463
batch_01150_patch.tiff,patch_127,9.60565,3.3870058,6.5048404,20.211054,2.5281796
batch_01150_patch.tiff,patch_128,9.109243,6.0690274,-1.0411278,14.842039,1.4469287
batch_01150_patch.tiff,patch_129,9.399122,6.2883577,3.3968368,17.656347,0.17257608
batch_01150_patch.tiff,patch_130,12.986744,8.06143,-1.8872783,14.887304,-3.0597649
batch_01150_patch.tiff,patch_131,13.351858,6.7663407,2.328517,18.582756,-1.6283125
batch_01150_patch.tiff,patch_132,5.4974003,7.706344,13.186736,16.775827,-5.361026
batch_01150_patch.tiff,patch_133,3.0066652,7.194469,7.4554777,19.500986,-7.661547
batch_01150_patch.tiff,patch_134,10.466288,5.248941,7.156491,18.614313,-1.3241882
batch_01150_patch.tiff,patch_135,13.720598,5.797678,16.331799,20.067038,-4.3196497
batch_01150_patch.tiff,patch_136,9.771236,4.788311,7.57401,20.583488,0.9672487
batch_01150_patch.tiff,patch_137,14.183724,7.538444,12.274165,19.589699,-2.9381359
batch_01150_patch.tiff,patch_138,8.092487,4.409459,6.3422093,18.34143,1.0281829
batch_01150_patch.tiff,patch_139,9.390594,4.7481112,9.590768,19.529781,0.060126636
batch_01150_patch.tiff,patch_140,9.192198,3.5898678,-1.7338135,15.246549,-1.8961526
batch_01150_patch.tiff,patch_141,5.808873,4.235723,-2.7880833,13.947187,1.8205588
batch_01150_patch.tiff,patch_142,14.339729,3.3190465,-2.0074384,14.421418,-0.80579567
batch_01150_patch.tiff,patch_143,12.457314,3.747735,2.6099246,16.885958,-5.364207
batch_01150_patch.tiff,patch_144,8.925652,12.153779,0.19265512,18.354273,-7.3220277
batch_01150_patch.tiff,patch_145,6.574298,5.935423,-0.393535,16.99038,-3.9777553
batch_01150_patch.tiff,patch_146,15.001446,8.123766,15.780709,22.742104,-0.10992289
batch_01150_patch.tiff,patch_147,11.803417,6.864377,11.462316,24.975523,-9.738141
batch_01150_patch.tiff,patch_148,13.125873,6.2756104,6.544419,18.26247,-6.9035735
batch_01150_patch.tiff,patch_149,6.8634157,2.8380582,9.250983,20.053768,-2.2219853
batch_01150_patch.tiff,patch_150,8.002229,3.4004264,11.902953,21.70483,-1.4344993
batch_01150_patch.tiff,patch_151,5.8794527,6.721691,-0.4814896,17.298037,1.9343355
batch_01150_patch.tiff,patch_152,8.343894,6.623921,0.22773002,18.2777,1.239565
batch_01150_patch.tiff,patch_153,11.834921,6.2507396,-1.7890024,15.737622,-0.47549063
batch_01150_patch.tiff,patch_154,9.7080555,5.771931,2.1761396,17.387959,-1.5391783
batch_01150_patch.tiff,patch_155,6.3601604,6.3004346,0.60884184,17.329607,-0.91662323
batch_01150_patch.tiff,patch_156,7.485292,11.795596,-5.271039,18.95278,1.2814435
batch_01150_patch.tiff,patch_157,9.472898,6.3341665,9.562452,21.579313,-0.24468566
batch_01150_patch.tiff,patch_158,11.690404,5.9583387,9.578402,20.14294,0.62688637
batch_01150_patch.tiff,patch_159,13.873227,5.0651064,10.767846,23.115269,-8.551925
batch_01150_patch.tiff,patch_160,12.44842,7.97252,6.7305837,24.469784,-5.283797
batch_01150_patch.tiff,patch_161,8.659179,4.496339,5.638289,19.411236,-0.4829305
batch_01150_patch.tiff,patch_162,7.4413633,-0.055997886,16.647608,13.813316,-9.106125
batch_01150_patch.tiff,patch_163,5.6158996,2.320204,2.764791,14.28242,-5.142862
batch_01150_patch.tiff,patch_164,8.743871,6.293137,-0.68177366,18.6567,0.5154463
batch_01150_patch.tiff,patch_165,14.740793,8.5117855,0.91298646,19.087101,-2.3377233
batch_01150_patch.tiff,patch_166,13.069635,7.9948277,-0.24381796,15.39366,-1.7889382
batch_01150_patch.tiff,patch_167,7.196446,12.790687,-1.4910588,17.912819,-5.900706
batch_01150_patch.tiff,patch_168,7.274135,9.573302,-3.2391617,17.555704,-0.35721508
batch_01150_patch.tiff,patch_169,13.423046,5.230075,14.731688,19.83852,-1.7480465
batch_01150_patch.tiff,patch_170,12.004585,6.0003953,13.311797,20.606459,-1.8502854
batch_01150_patch.tiff,patch_171,9.791141,7.308377,15.182823,17.41516,-1.7464741
batch_01150_patch.tiff,patch_172,8.969225,7.9811583,11.853733,18.552845,-3.3751564
batch_01150_patch.tiff,patch_173,7.6398993,0.91667163,10.133501,18.647076,-4.7858405
batch_01150_patch.tiff,patch_174,8.787207,1.9456048,12.4344,18.251583,0.20786802
batch_01150_patch.tiff,patch_175,6.3989754,7.432696,2.5161002,15.805639,-4.196032
batch_01150_patch.tiff,patch_176,8.195585,6.431693,-0.41685152,15.605289,-0.8848014
batch_01200_patch.tiff,patch_0,4.8849063,5.8784533,-0.28246948,16.82889,-1.0849069
batch_01200_patch.tiff,patch_1,5.8434067,5.857051,1.006475,13.829689,-1.8162637
batch_01200_patch.tiff,patch_2,9.465132,8.812922,-0.6179511,20.581419,5.434347
batch_01200_patch.tiff,patch_3,9.162327,7.1970673,-0.70695,20.257446,3.4009533
batch_01200_patch.tiff,patch_4,8.497549,8.851924,5.2902822,18.842096,-1.6748289
batch_01200_patch.tiff,patch_5,5.0207024,11.720971,-0.91081774,21.053484,-0.13590702
batch_01200_patch.tiff,patch_6,12.210641,9.538655,5.409675,22.342604,-5.4657497
batch_01200_patch.tiff,patch_7,11.272252,8.288834,5.0028343,21.303152,-9.524051
batch_01200_patch.tiff,patch_8,7.1333594,10.095296,-2.3538249,21.117155,1.3281093
batch_01200_patch.tiff,patch_9,6.0884085,4.7309446,-3.2145567,22.28593,1.101438
batch_01200_patch.tiff,patch_10,10.197902,11.3351965,11.516086,20.210592,-6.8053055
batch_01200_patch.tiff,patch_11,6.926313,15.850748,11.201435,20.654293,-6.174647
batch_01200_patch.tiff,patch_12,8.017997,6.00088,9.249235,17.924412,-3.4012427
batch_01200_patch.tiff,patch_13,4.7170568,6.394444,-1.4152578,17.59986,-3.0580194
batch_01200_patch.tiff,patch_14,2.8625278,7.378401,-2.4258082,17.160864,1.4867892
batch_01200_patch.tiff,patch_15,5.58631,6.621048,-3.5927405,16.636774,4.768331
batch_01200_patch.tiff,patch_16,5.5062714,9.980748,-0.8398547,19.948832,1.9482241
batch_01200_patch.tiff,patch_17,4.510766,12.021879,4.40638,16.680079,-3.3988788
batch_01200_patch.tiff,patch_18,6.54001,9.409069,4.030128,19.48036,-0.8878771
batch_01200_patch.tiff,patch_19,14.666387,11.544438,5.247242,25.530169,-9.920007
batch_01200_patch.tiff,patch_20,16.665794,10.233141,10.246012,26.307861,-10.155743
batch_01200_patch.tiff,patch_21,1.2732004,7.1927333,-2.9694335,18.28648,-1.0304512
batch_01200_patch.tiff,patch_22,9.00763,9.437539,-2.3521256,23.676542,4.070614
batch_01200_patch.tiff,patch_23,9.941142,18.870825,9.233312,22.033304,-4.617395
batch_01200_patch.tiff,patch_24,13.1834955,13.038085,6.0078406,19.292383,-7.67137
batch_01200_patch.tiff,patch_25,7.305707,6.2356467,7.629602,18.923027,-2.2160127
batch_01200_patch.tiff,patch_26,9.590715,5.1846013,1.4735067,15.332048,-0.5200945
batch_01200_patch.tiff,patch_27,6.115085,5.9992237,-1.2104505,16.211782,4.006986
batch_01200_patch.tiff,patch_28,9.1533785,11.923257,10.664777,20.868013,-0.56397957
batch_01200_patch.tiff,patch_29,7.542004,12.563382,9.042765,20.139822,-0.2132872
batch_01200_patch.tiff,patch_30,5.9525023,9.648028,4.4362626,18.293642,-5.2081976
batch_01200_patch.tiff,patch_31,4.43294,10.845076,6.206939,18.034906,-4.081225
batch_01200_patch.tiff,patch_32,13.8815565,6.135078,14.513727,20.249878,-5.89375
batch_01200_patch.tiff,patch_33,18.123663,8.567037,11.581269,24.126396,-4.759396
batch_01200_patch.tiff,patch_34,6.4626923,8.740787,-2.6518278,20.018194,1.9264526
batch_01200_patch.tiff,patch_35,6.308517,8.530177,-2.3559883,21.632544,1.3016244
batch_01200_patch.tiff,patch_36,9.224638,8.437903,2.5416448,16.319162,-2.331144
batch_01200_patch.tiff,patch_37,8.849398,11.489755,2.408547,14.540881,-5.1159596
batch_01200_patch.tiff,patch_38,11.117741,6.3133545,7.330377,17.495071,-3.29227
batch_01200_patch.tiff,patch_39,1.2784771,6.8146396,0.08368679,18.408043,-3.245833
batch_01200_patch.tiff,patch_40,8.833175,8.38683,-2.4618864,17.230652,4.320392
batch_01200_patch.tiff,patch_41,7.751873,11.440986,11.183218,19.736399,0.70892286
batch_01200_patch.tiff,patch_42,9.577882,10.015039,8.635001,20.052666,0.49244675
batch_01200_patch.tiff,patch_43,6.1962953,9.620892,-0.21786024,19.418219,-2.0587204
batch_01200_patch.tiff,patch_44,6.623278,14.544149,-1.3873585,20.77053,0.7108161
batch_01200_patch.tiff,patch_45,15.430619,7.8540845,15.551843,22.335663,-8.391957
batch_01200_patch.tiff,patch_46,15.408399,6.309682,10.864434,23.676893,-7.3060846
batch_01200_patch.tiff,patch_47,6.677328,6.6065006,0.2315441,21.438652,1.3591142
batch_01200_patch.tiff,patch_48,5.9270196,7.8146467,0.34677458,21.641958,0.9825584
batch_01200_patch.tiff,patch_49,5.6032515,11.142038,1.392924,18.335926,-5.469965
batch_01200_patch.tiff,patch_50,5.9006248,12.916736,6.1682124,15.583184,-5.772247
batch_01200_patch.tiff,patch_51,7.5460296,12.381317,2.7086465,21.038477,-6.9634576
batch_01200_patch.tiff,patch_52,12.396048,7.0215554,5.7864995,14.650645,-14.5458355
batch_01200_patch.tiff,patch_53,11.9383335,6.4135113,7.0546536,20.349625,-8.900483
batch_01200_patch.tiff,patch_54,10.530233,9.604707,3.7167993,20.110516,0.004273274
batch_01200_patch.tiff,patch_55,5.811807,6.2575207,-2.1968355,17.047169,2.1722624
batch_01200_patch.tiff,patch_56,5.964789,9.825995,5.449374,21.117887,-0.5386952
batch_01200_patch.tiff,patch_57,6.812559,5.9007087,2.2996345,18.673977,-2.6367037
batch_01200_patch.tiff,patch_58,9.69167,3.1998122,-1.021636,18.533583,3.7339165
batch_01200_patch.tiff,patch_59,10.840378,4.825391,3.72771,16.547812,6.0839677
batch_01200_patch.tiff,patch_60,16.841766,11.027505,-2.7717829,19.209084,-1.7948331
batch_01200_patch.tiff,patch_61,8.185994,10.003952,7.5455904,17.015078,-7.309517
batch_01200_patch.tiff,patch_62,10.646015,7.245041,7.424998,18.793276,-4.864592
batch_01200_patch.tiff,patch_63,15.402461,7.874866,14.059339,22.165377,-5.042621
batch_01200_patch.tiff,patch_64,12.631534,5.2898736,10.692689,23.262491,-8.279345
batch_01200_patch.tiff,patch_65,6.0473695,9.468065,5.152529,16.531137,3.2850094
batch_01200_patch.tiff,patch_66,9.866147,10.8826475,0.9471375,20.13847,5.358319
batch_01200_patch.tiff,patch_67,10.947132,12.095232,5.7865915,19.825804,-4.05827
batch_01200_patch.tiff,patch_68,8.861663,9.677846,10.354994,20.695955,-3.4610093
batch_01200_patch.tiff,patch_69,5.066683,2.9046366,-1.9622915,17.882442,0.074005805
batch_01200_patch.tiff,patch_70,8.448314,6.1510205,2.3313916,21.04182,1.3472569
batch_01200_patch.tiff,patch_71,9.685774,17.03602,0.8836839,19.743479,-1.1826525
batch_01200_patch.tiff,patch_72,16.827934,10.499103,-2.3680274,20.341774,1.4616743
batch_01200_patch.tiff,patch_73,8.184468,9.847597,7.2706995,17.101887,-7.0962973
batch_01200_patch.tiff,patch_74,5.7736993,14.247608,3.6535838,13.607417,-7.242406
batch_01200_patch.tiff,patch_75,7.142735,5.883077,6.664743,18.837023,-1.6166959
batch_01200_patch.tiff,patch_76,9.726497,6.381268,11.985449,19.355047,-2.3721454
batch_01200_patch.tiff,patch_77,8.243469,6.453,9.1647005,17.482687,3.6921103
batch_01200_patch.tiff,patch_78,10.189834,4.381278,9.839334,18.561111,-0.911284
batch_01200_patch.tiff,patch_79,9.108494,9.911953,2.1674569,18.576813,-4.5392914
batch_01200_patch.tiff,patch_80,8.058195,11.188412,6.7529173,19.11322,-0.5341162
batch_01200_patch.tiff,patch_81,8.515074,3.4445918,5.405248,17.873922,1.3491821
batch_01200_patch.tiff,patch_82,10.264388,6.7042875,8.160183,19.28204,-0.14562118
batch_01200_patch.tiff,patch_83,13.7852955,10.321332,-3.3272274,19.571644,-5.1751323
batch_01200_patch.tiff,patch_84,9.3051405,6.6935763,2.8271468,16.704527,-0.98176813
batch_01200_patch.tiff,patch_85,4.7500577,13.682396,3.4266317,16.585705,-6.2534084
batch_01200_patch.tiff,patch_86,6.0855417,16.917059,3.7446284,16.889057,-7.837922
batch_01200_patch.tiff,patch_87,13.665652,6.3240895,14.812519,18.810205,-5.104913
batch_01200_patch.tiff,patch_88,7.286553,3.552993,8.291468,16.403366,-3.7310328
batch_01200_patch.tiff,patch_89,10.735644,8.440258,11.000201,21.477442,1.0211862
batch_01200_patch.tiff,patch_90,8.429668,4.8165426,8.510358,16.414217,0.033471443
batch_01200_patch.tiff,patch_91,10.08174,10.796155,2.5562425,16.682962,0.37957093
batch_01200_patch.tiff,patch_92,7.9803944,10.079932,6.412477,19.812914,-2.2612665
batch_01200_patch.tiff,patch_93,8.9805155,5.2894197,8.261009,16.417997,1.1248448
batch_01200_patch.tiff,patch_94,9.223621,6.344242,6.325008,18.002594,2.7603831
batch_01200_patch.tiff,patch_95,15.232227,6.3693624,6.413641,16.916744,-3.6710598
batch_01200_patch.tiff,patch_96,14.478479,13.8127165,2.0169296,22.426828,-3.6274402
batch_01200_patch.tiff,patch_97,8.236967,7.701865,12.376078,17.669817,-4.269251
batch_01200_patch.tiff,patch_98,13.810004,6.5351787,9.276841,20.60163,-3.0499637
batch_01200_patch.tiff,patch_99,9.386305,5.02476,3.3681946,16.276836,4.930724
batch_01200_patch.tiff,patch_100,5.851173,7.233826,4.0889344,18.356064,-0.3778297
batch_01200_patch.tiff,patch_101,8.36891,9.634418,1.7095236,18.823874,-1.4737259
batch_01200_patch.tiff,patch_102,4.4429803,8.679916,5.0709734,17.052141,-4.568419
batch_01200_patch.tiff,patch_103,6.3529744,7.7910056,-1.5375369,20.67704,2.994715
batch_01200_patch.tiff,patch_104,7.3948116,5.762201,-1.3032103,18.765575,6.155407
batch_01200_patch.tiff,patch_105,17.019571,7.6935787,8.943373,21.869139,-3.0903447
batch_01200_patch.tiff,patch_106,15.162298,6.249987,6.212964,27.260435,-8.382042
batch_01200_patch.tiff,patch_107,5.6811805,0.5191342,6.467295,13.201234,-8.811102
batch_01200_patch.tiff,patch_108,7.3102736,3.2389798,6.7589655,14.603835,-7.062275
batch_01200_patch.tiff,patch_109,9.685098,4.058945,6.64927,18.909117,2.068211
batch_01200_patch.tiff,patch_110,8.985886,8.862332,7.6677227,21.219269,-1.1691861
batch_01200_patch.tiff,patch_111,7.4985414,7.764406,-0.2882378,17.294611,-2.784214
batch_01200_patch.tiff,patch_112,10.128677,7.8622427,4.167823,18.809069,1.5650625
batch_01200_patch.tiff,patch_113,4.739975,8.418858,1.249211,18.554495,-4.6043406
batch_01200_patch.tiff,patch_114,10.216612,8.404948,3.6589782,20.586655,-3.1201148
batch_01200_patch.tiff,patch_115,2.694893,9.529163,-4.701116,21.582254,-2.79106
batch_01200_patch.tiff,patch_116,6.4065022,6.433045,-2.4676824,19.118296,4.6696343
batch_01200_patch.tiff,patch_117,12.840635,10.283101,10.7542,24.474579,-6.2203865
batch_01200_patch.tiff,patch_118,12.902759,8.326796,10.932895,23.227364,-8.0706835
batch_01200_patch.tiff,patch_119,7.8842096,1.6183985,7.634639,14.935445,-6.7015605
batch_01200_patch.tiff,patch_120,8.165061,4.4693017,2.039976,16.483274,-2.1210687
batch_01200_patch.tiff,patch_121,9.622559,4.6925125,11.392783,17.72889,-5.885132
batch_01200_patch.tiff,patch_122,14.155647,9.24565,10.884723,23.989475,-5.8272376
batch_01200_patch.tiff,patch_123,13.176571,7.551557,13.913483,22.083876,-8.704825
batch_01200_patch.tiff,patch_124,7.700343,13.966883,3.8024771,23.157097,0.25414222
batch_01200_patch.tiff,patch_125,6.798967,12.363182,3.098092,18.35923,-1.601925
batch_01200_patch.tiff,patch_126,8.233596,6.30445,-0.17468606,19.865446,4.1036267
batch_01200_patch.tiff,patch_127,7.709526,8.598321,-1.8561162,22.515642,6.354562
batch_01200_patch.tiff,patch_128,13.865308,6.1440787,2.3797843,16.853212,1.3739821
batch_01200_patch.tiff,patch_129,19.970842,10.716863,-1.3092734,16.246681,-1.0749692
batch_01200_patch.tiff,patch_130,7.0763173,5.394508,10.642012,15.744042,-5.6051307
batch_01200_patch.tiff,patch_131,10.38431,8.300887,-0.44593072,22.148773,-2.4328582
batch_01200_patch.tiff,patch_132,5.141356,7.984771,2.9193552,17.572418,4.370697
batch_01200_patch.tiff,patch_133,5.9305677,4.9582396,9.050873,15.006803,-1.8525571
batch_01200_patch.tiff,patch_134,9.897021,7.484574,4.3321733,25.847593,-6.328223
batch_01200_patch.tiff,patch_135,19.148155,9.447696,14.415084,23.61806,-7.4897623
batch_01200_patch.tiff,patch_136,4.683713,11.00893,5.5750484,17.731346,-3.2600489
batch_01200_patch.tiff,patch_137,8.04449,8.2230625,6.3461003,20.400284,-4.2610936
batch_01200_patch.tiff,patch_138,6.908188,6.436139,-1.7609185,19.668438,4.2250795
batch_01200_patch.tiff,patch_139,-0.1098742,7.030952,-5.7822714,17.964504,3.4850845
batch_01200_patch.tiff,patch_140,13.430483,11.022554,1.5657544,20.762644,-0.4827978
batch_01200_patch.tiff,patch_141,16.366852,11.558215,4.6858354,21.566216,-0.7863211
batch_01200_patch.tiff,patch_142,12.049033,10.135338,5.1851573,18.719772,-4.9870315
batch_01200_patch.tiff,patch_143,7.407789,9.058111,0.020467633,19.931103,4.0889482
batch_01200_patch.tiff,patch_144,8.6410265,9.954353,3.0982387,20.56519,0.16082811
batch_01200_patch.tiff,patch_145,3.7022011,9.942751,2.4208713,20.264345,-7.2149115
batch_01200_patch.tiff,patch_146,7.7793417,9.058121,6.638021,20.282644,-4.3469753
batch_01200_patch.tiff,patch_147,5.014705,7.633973,4.521879,18.11353,-1.5416107
batch_01200_patch.tiff,patch_148,5.4479814,9.453527,0.18943995,16.546072,-0.86996037
batch_01200_patch.tiff,patch_149,7.2663207,6.0894427,-2.830285,19.50747,5.7323303
batch_01200_patch.tiff,patch_150,6.235345,6.288613,-1.1268018,20.195768,2.1462831
batch_01200_patch.tiff,patch_151,9.124117,6.2899942,7.2682805,19.750763,-5.166187
batch_01200_patch.tiff,patch_152,14.141238,12.450287,1.1916292,21.56009,1.6635053
batch_01200_patch.tiff,patch_153,10.073142,5.4862466,8.255562,18.654182,-2.705297
batch_01200_patch.tiff,patch_154,7.91465,8.485587,7.6361074,17.56136,-6.418562
batch_01200_patch.tiff,patch_155,5.910022,8.531298,0.14986518,19.591587,3.6742833
batch_01200_patch.tiff,patch_156,8.625476,7.2510686,2.125605,19.145483,3.1715097
batch_01200_patch.tiff,patch_157,4.692271,12.527766,2.145377,21.723192,-2.6188087
batch_01200_patch.tiff,patch_158,6.5622406,13.617015,2.7509632,17.732965,-5.2844963
batch_01200_patch.tiff,patch_159,6.9987035,10.344393,4.48444,15.733982,-2.763774
batch_01200_patch.tiff,patch_160,9.610079,10.700443,3.055734,19.08762,-0.19485793
batch_01200_patch.tiff,patch_161,5.877944,6.448832,-3.4768867,21.043882,5.7733855
batch_01200_patch.tiff,patch_162,6.6019096,7.455173,-3.7736797,20.408817,1.7945676
batch_01200_patch.tiff,patch_163,10.0759325,6.4656086,3.0047204,18.369024,1.4398383
batch_01200_patch.tiff,patch_164,13.951323,12.936173,0.43126208,20.904165,1.0899647
batch_01200_patch.tiff,patch_165,9.533855,6.624657,7.1438985,16.064526,-1.2768508
batch_01200_patch.tiff,patch_166,6.9508452,4.6850944,6.8084764,14.805063,-3.7869792
batch_01200_patch.tiff,patch_167,6.1749597,5.830871,2.668019,17.643732,-1.7430001
batch_01200_patch.tiff,patch_168,4.8709474,6.4754143,-2.065974,18.00692,0.6993783
batch_01200_patch.tiff,patch_169,10.100592,8.038537,5.0937047,17.414612,2.3219347
batch_01200_patch.tiff,patch_170,1.8001754,12.567401,-0.77537715,22.447252,-5.467054
batch_01200_patch.tiff,patch_171,11.526874,4.0689235,12.775111,17.151972,-2.3877575
batch_01200_patch.tiff,patch_172,4.4825544,7.139228,-1.2794192,19.285213,3.4379985
batch_01200_patch.tiff,patch_173,3.7475398,7.46708,-2.7982259,18.819103,1.747946
batch_01200_patch.tiff,patch_174,6.554376,8.148152,5.997174,19.739103,-2.4171996
batch_01200_patch.tiff,patch_175,13.294971,11.997101,-1.4847035,20.886757,3.94098
batch_01200_patch.tiff,patch_176,17.150158,10.962072,14.4801235,21.91394,-7.218775
batch_01200_patch.tiff,patch_177,17.767565,8.355842,16.302145,23.046692,-3.9734118
batch_01250_patch.tiff,patch_0,7.8535757,2.5700028,6.0164332,17.465736,-3.5752697
batch_01250_patch.tiff,patch_1,4.762578,2.5875685,6.7553854,16.317423,-6.483917
batch_01250_patch.tiff,patch_2,16.043608,6.260873,8.121007,22.269852,-1.2861909
batch_01250_patch.tiff,patch_3,16.193787,6.9101267,15.753231,20.8206,-6.108789
batch_01250_patch.tiff,patch_4,3.2077267,5.5622067,3.2686288,16.266161,-1.1529609
batch_01250_patch.tiff,patch_5,3.1784935,5.5059156,3.722736,15.221158,-5.5928507
batch_01250_patch.tiff,patch_6,7.6687226,11.426428,-5.1447506,19.857801,-2.675127
batch_01250_patch.tiff,patch_7,5.2990317,7.5673876,-2.0275779,17.817154,-0.8297766
batch_01250_patch.tiff,patch_8,10.598906,10.893829,0.6071082,20.733255,-0.650213
batch_01250_patch.tiff,patch_9,5.754543,11.275432,-2.3791072,21.0759,2.1416984
batch_01250_patch.tiff,patch_10,11.519113,8.824484,9.140563,16.139711,-3.0130742
batch_01250_patch.tiff,patch_11,14.3215475,10.943885,6.302821,17.652044,-4.068972
batch_01250_patch.tiff,patch_12,10.0408325,3.9366663,6.653487,16.99107,-0.3736085
batch_01250_patch.tiff,patch_13,5.1939225,5.3408093,4.0483437,17.500141,-5.261175
batch_01250_patch.tiff,patch_14,10.834063,3.8821099,3.7992876,19.830553,-1.8927935
batch_01250_patch.tiff,patch_15,14.786352,9.30263,11.003957,21.951859,-2.9159784
batch_01250_patch.tiff,patch_16,18.055777,7.762294,12.927639,23.502956,-4.257681
batch_01250_patch.tiff,patch_17,10.126054,7.7909265,5.2737036,17.924458,0.22926788
batch_01250_patch.tiff,patch_18,5.387557,4.375729,7.4229064,15.872142,-3.4623072
batch_01250_patch.tiff,patch_19,9.887998,10.516562,2.2185738,17.392515,-3.4735732
batch_01250_patch.tiff,patch_20,8.818927,7.615811,-2.722066,19.804607,0.43214846
batch_01250_patch.tiff,patch_21,7.501907,11.0835495,-1.565594,21.7611,2.2472959
batch_01250_patch.tiff,patch_22,5.9221573,11.120731,1.5777587,21.643433,-1.5099475
batch_01250_patch.tiff,patch_23,14.251309,11.378378,11.403428,16.918478,-5.7618256
batch_01250_patch.tiff,patch_24,9.288223,9.175593,6.1396427,15.177676,-6.603338
batch_01250_patch.tiff,patch_25,9.47296,5.284387,8.498578,18.416021,2.0315027
batch_01250_patch.tiff,patch_26,9.303529,5.0209394,9.548671,20.521572,-2.9111998
batch_01250_patch.tiff,patch_27,3.6706123,7.2110453,4.1544485,16.601788,-4.9732614
batch_01250_patch.tiff,patch_28,8.574469,6.0584087,-1.0969772,19.963633,-0.053366933
batch_01250_patch.tiff,patch_29,10.801694,5.3370647,1.8134735,15.705436,-1.3063618
batch_01250_patch.tiff,patch_30,10.49477,6.0803456,1.6846844,16.6475,4.0024333
batch_01250_patch.tiff,patch_31,4.894475,6.7440033,4.622595,15.827086,-1.6858708
batch_01250_patch.tiff,patch_32,6.4420705,9.532744,-0.79427063,19.618599,0.3232831
batch_01250_patch.tiff,patch_33,9.798562,7.6252527,-0.7949498,18.448849,1.8025186
batch_01250_patch.tiff,patch_34,15.73549,10.760579,10.69937,16.776749,-2.9577668
batch_01250_patch.tiff,patch_35,19.129473,10.031667,11.672877,18.892708,-3.2865016
batch_01250_patch.tiff,patch_36,17.025494,4.9712057,16.112913,21.674253,-5.847051
batch_01250_patch.tiff,patch_37,9.622369,4.311003,11.515638,14.377022,-6.38072
batch_01250_patch.tiff,patch_38,9.18842,2.4746592,7.026478,18.787262,-3.0985305
batch_01250_patch.tiff,patch_39,5.0415525,5.544034,3.3017676,17.686352,-3.5702105
batch_01250_patch.tiff,patch_40,8.098769,5.5229106,5.817545,15.768422,-3.6681962
batch_01250_patch.tiff,patch_41,8.618458,3.6378279,7.433437,17.987522,-3.6363509
batch_01250_patch.tiff,patch_42,11.458465,8.852604,-1.2907171,17.830599,0.9983048
batch_01250_patch.tiff,patch_43,2.6699812,8.7914505,2.4326038,14.444383,-1.2806115
batch_01250_patch.tiff,patch_44,9.009199,7.7975883,-1.9079776,19.704128,0.36344847
batch_01250_patch.tiff,patch_45,10.394823,7.117101,-1.8020554,19.78398,3.8137522
batch_01250_patch.tiff,patch_46,16.077805,7.5942435,8.294239,21.176317,-1.7142819
batch_01250_patch.tiff,patch_47,7.5973644,10.284595,2.602515,22.031038,-7.114606
batch_01250_patch.tiff,patch_48,12.889041,8.160581,14.842132,22.411081,-6.0290985
batch_01250_patch.tiff,patch_49,14.797795,7.626831,11.438111,23.500538,-7.379168
batch_01250_patch.tiff,patch_50,8.933213,1.453026,9.20062,12.96056,-10.853655
batch_01250_patch.tiff,patch_51,6.828126,4.138905,6.397968,18.529636,-5.5093737
batch_01250_patch.tiff,patch_52,7.549503,4.631035,7.5008874,17.88332,-5.037688
batch_01250_patch.tiff,patch_53,12.7807665,9.069746,1.3678973,17.435928,-0.7009784
batch_01250_patch.tiff,patch_54,11.753134,9.423442,-0.35235652,16.582544,3.3202703
batch_01250_patch.tiff,patch_55,6.5937753,5.6538973,10.738954,16.18676,-5.207474
batch_01250_patch.tiff,patch_56,7.204908,9.324493,5.8434043,17.149765,-2.0674121
batch_01250_patch.tiff,patch_57,9.912803,10.329115,-1.337279,17.785845,-0.63853145
batch_01250_patch.tiff,patch_58,10.098308,8.302929,1.4512889,19.853928,2.8320122
batch_01250_patch.tiff,patch_59,11.052949,10.905786,10.79519,17.681906,-5.6631756
batch_01250_patch.tiff,patch_60,13.779812,11.176665,9.09287,22.968746,2.0707078
batch_01250_patch.tiff,patch_61,19.138103,12.001832,11.129838,23.67327,-9.003949
batch_01250_patch.tiff,patch_62,9.040186,7.6051607,11.80779,19.08717,-3.1177416
batch_01250_patch.tiff,patch_63,8.920667,1.6324286,7.6031675,18.098948,-4.275329
batch_01250_patch.tiff,patch_64,6.169064,1.4449822,5.9762697,15.487447,-6.299885
batch_01250_patch.tiff,patch_65,8.283463,9.839695,-5.612919,16.879227,-4.764844
batch_01250_patch.tiff,patch_66,10.467076,11.119147,-4.6718316,20.935678,-3.1997259
batch_01250_patch.tiff,patch_67,13.519061,3.071422,13.206889,17.874086,-4.9426246
batch_01250_patch.tiff,patch_68,11.520737,6.1621866,10.644499,19.221283,-4.1423764
batch_01250_patch.tiff,patch_69,8.457399,8.637732,-2.5891666,18.098078,1.7487748
batch_01250_patch.tiff,patch_70,7.777133,6.5860286,-1.3681588,19.062565,1.736828
batch_01250_patch.tiff,patch_71,9.493526,8.353511,10.075411,16.930975,-1.0951415
batch_01250_patch.tiff,patch_72,15.193119,8.274107,11.283799,17.227404,-3.7400305
batch_01250_patch.tiff,patch_73,13.579486,11.64975,13.002598,18.78912,-4.799239
batch_01250_patch.tiff,patch_74,14.241364,11.21682,9.421883,20.172527,-1.89797
batch_01250_patch.tiff,patch_75,8.643492,2.4209044,8.392544,17.993458,-6.6845384
batch_01250_patch.tiff,patch_76,8.980367,2.9620438,2.74853,13.671083,0.7608994
batch_01250_patch.tiff,patch_77,10.832081,8.825371,-1.1210861,16.948313,0.44032615
batch_01250_patch.tiff,patch_78,13.317718,9.708154,2.3622582,18.48664,-0.99664015
batch_01250_patch.tiff,patch_79,13.146612,10.036295,13.549276,20.029451,-8.395406
batch_01250_patch.tiff,patch_80,12.283206,6.325517,14.465772,21.956497,-11.365203
batch_01250_patch.tiff,patch_81,12.912334,1.4161295,-3.6837566,15.329614,0.8162894
batch_01250_patch.tiff,patch_82,11.162508,6.308695,-4.308318,19.628668,1.8354602
batch_01250_patch.tiff,patch_83,10.782757,8.565777,8.409435,21.566294,-7.170295
batch_01250_patch.tiff,patch_84,16.481636,13.080112,7.1568785,21.792711,-2.1013594
batch_01250_patch.tiff,patch_85,13.167972,9.509266,-1.643146,18.612558,-6.47393
batch_01250_patch.tiff,patch_86,6.957539,3.136155,9.526541,16.591492,-6.538576
batch_01250_patch.tiff,patch_87,7.864906,4.1100993,4.851247,16.435907,-6.540047
batch_01250_patch.tiff,patch_88,6.3948603,7.292659,0.1046686,17.302942,1.3962051
batch_01250_patch.tiff,patch_89,8.571906,7.55728,-1.1512392,17.785818,-1.1396528
batch_01250_patch.tiff,patch_90,13.661341,5.0974865,12.813506,22.434755,-9.995924
batch_01250_patch.tiff,patch_91,19.295053,7.2773585,12.525019,19.671515,-7.779123
batch_01250_patch.tiff,patch_92,12.189396,6.5469446,-3.0434947,18.81993,6.687081
batch_01250_patch.tiff,patch_93,9.844381,5.069831,0.55439544,19.572691,0.16068023
batch_01250_patch.tiff,patch_94,16.943552,11.191793,7.0461135,20.311068,0.488941
batch_01250_patch.tiff,patch_95,13.170705,11.618647,8.9928055,14.428489,-5.1757917
batch_01250_patch.tiff,patch_96,20.777235,6.347694,7.6410503,15.396486,1.2417382
batch_01250_patch.tiff,patch_97,10.987718,6.041392,4.8809905,17.397161,0.78139347
batch_01250_patch.tiff,patch_98,7.403673,10.292149,1.2193663,21.710068,-11.121694
batch_01250_patch.tiff,patch_99,9.150784,10.077979,-2.439822,18.552622,1.2073202
batch_01250_patch.tiff,patch_100,6.2500844,10.510297,-2.7018652,20.286293,-6.7684107
batch_01250_patch.tiff,patch_101,8.968163,6.992302,11.6714115,16.203798,-5.111946
batch_01250_patch.tiff,patch_102,8.363699,5.124047,4.7876477,16.832474,-1.567318
batch_01250_patch.tiff,patch_103,9.022153,9.843958,0.95543844,18.676077,-1.2484297
batch_01250_patch.tiff,patch_104,9.768291,4.1647058,-0.7442275,17.283684,-2.760799
batch_01250_patch.tiff,patch_105,14.707533,7.4935894,9.204189,16.777998,-3.5003707
batch_01250_patch.tiff,patch_106,11.869774,8.861872,5.3856144,21.008558,-0.061508432
batch_01250_patch.tiff,patch_107,10.836958,7.6705027,4.272832,16.78441,2.455079
batch_01250_patch.tiff,patch_108,13.478308,4.767387,6.10433,16.010128,-0.74525565
batch_01250_patch.tiff,patch_109,10.075161,11.137191,5.3037586,21.833704,-6.940473
batch_01250_patch.tiff,patch_110,11.416503,15.647478,-1.471468,19.874033,2.9118035
batch_01250_patch.tiff,patch_111,12.707343,11.215355,3.6243587,18.42166,-4.4997396
batch_01250_patch.tiff,patch_112,8.372936,5.347877,11.636432,16.85369,-2.8863628
batch_01250_patch.tiff,patch_113,4.4294,4.517001,1.9829218,13.039267,-1.6635286
batch_01250_patch.tiff,patch_114,8.926113,13.064743,1.8334688,18.152527,-2.2972472
batch_01250_patch.tiff,patch_115,9.566626,5.62853,-3.383552,14.779519,-0.37660462
batch_01250_patch.tiff,patch_116,12.157323,9.908143,7.278421,18.74658,-2.5543401
batch_01250_patch.tiff,patch_117,13.103972,12.343295,4.8255258,20.526026,-4.7265825
batch_01250_patch.tiff,patch_118,18.37475,12.669527,0.015228556,15.799157,-0.28625053
batch_01250_patch.tiff,patch_119,16.107216,5.636096,0.51959187,16.539574,0.71398175
batch_01250_patch.tiff,patch_120,7.1632457,0.18290351,7.2340226,13.708511,-6.7252526
batch_01250_patch.tiff,patch_121,9.412564,24.398909,3.3806891,27.864199,-1.214554
batch_01250_patch.tiff,patch_122,9.531307,11.130796,-3.0481625,20.798222,-1.1222695
batch_01250_patch.tiff,patch_123,9.543123,9.361748,9.531367,18.104895,-2.8150816
batch_01250_patch.tiff,patch_124,10.487825,11.797865,15.233306,16.168762,-7.2255845
batch_01250_patch.tiff,patch_125,5.856705,9.872528,-2.437049,18.985342,0.2133014
batch_01250_patch.tiff,patch_126,10.047286,8.798026,0.41737726,19.360912,4.450399
batch_01250_patch.tiff,patch_127,16.245564,12.840526,10.097828,23.297058,-2.9647226
batch_01250_patch.tiff,patch_128,13.055874,9.973326,12.5358715,17.619675,-5.8371305
batch_01250_patch.tiff,patch_129,18.183947,8.732899,12.250528,17.536453,0.04607558
batch_01250_patch.tiff,patch_130,12.63364,9.827765,9.124391,21.386759,-2.4113727
batch_01250_patch.tiff,patch_131,13.399337,7.913755,-0.7684752,18.124037,0.92944705
batch_01250_patch.tiff,patch_132,5.545458,1.815593,1.9107461,13.248201,-4.623601
batch_01250_patch.tiff,patch_133,11.314854,19.777658,5.5805297,24.963285,-2.143567
batch_01250_patch.tiff,patch_134,12.155824,10.147252,11.183104,19.116676,-5.3340936
batch_01250_patch.tiff,patch_135,5.0046244,9.85256,7.6210814,16.495052,-3.7177474
batch_01250_patch.tiff,patch_136,4.8187494,5.566718,-0.3429548,15.313134,-0.8016432
batch_01250_patch.tiff,patch_137,9.435459,6.731208,3.781138,17.398674,1.7023588
batch_01250_patch.tiff,patch_138,10.07944,8.754137,10.512623,21.449244,-2.3568726
batch_01250_patch.tiff,patch_139,11.676221,8.5074,9.968231,18.011429,-6.1710677
batch_01250_patch.tiff,patch_140,14.842872,2.8183296,15.015683,15.086529,-8.080756
batch_01250_patch.tiff,patch_141,8.175469,4.509928,8.073507,18.372993,-0.1751112
batch_01250_patch.tiff,patch_142,13.340795,7.7296324,-2.1400833,16.925114,-1.2838191
batch_01250_patch.tiff,patch_143,11.22135,7.0893755,0.6860517,13.999503,2.9405835
batch_01250_patch.tiff,patch_144,5.386557,7.4731417,-1.2105048,16.024506,-2.304311
batch_01250_patch.tiff,patch_145,8.15944,6.779777,0.13962947,17.331457,2.5213912
batch_01250_patch.tiff,patch_146,8.762627,6.7277713,11.330109,16.76576,-5.408911
batch_01250_patch.tiff,patch_147,6.2521076,4.747228,7.306088,15.7430315,-4.632418
batch_01250_patch.tiff,patch_148,21.22297,11.469438,14.443363,24.718075,-4.2285533
batch_01250_patch.tiff,patch_149,14.461725,6.518148,6.9252033,20.756754,-5.740673
batch_01250_patch.tiff,patch_150,11.922858,7.593325,11.236519,21.229988,-3.9368217
batch_01250_patch.tiff,patch_151,12.874805,14.280035,10.123816,22.221004,-1.90363
batch_01250_patch.tiff,patch_152,12.991281,7.004248,11.532989,18.367798,-2.4018326
batch_01250_patch.tiff,patch_153,6.7681866,5.964704,9.869619,15.456965,-3.0414805
batch_01250_patch.tiff,patch_154,14.370234,9.58649,-0.7008908,22.739973,-10.084994
batch_01250_patch.tiff,patch_155,8.685186,7.967259,1.9418511,14.741686,4.253849
batch_01250_patch.tiff,patch_156,11.46927,11.966187,2.788998,17.972364,-1.7733183
batch_01250_patch.tiff,patch_157,8.305477,8.262781,-4.04285,17.758593,1.0055243
batch_01250_patch.tiff,patch_158,14.276124,8.537931,3.8286846,18.388695,2.2077367
batch_01250_patch.tiff,patch_159,11.244763,10.51938,1.3134776,20.322762,1.4979846
batch_01250_patch.tiff,patch_160,18.77902,7.1270185,16.242168,21.381477,-5.8917713
batch_01250_patch.tiff,patch_161,14.711022,8.797239,11.610269,23.436232,-10.883754
batch_01250_patch.tiff,patch_162,14.409506,14.4037485,11.131235,24.021824,-0.030804567
batch_01250_patch.tiff,patch_163,12.4158125,9.317965,11.931337,20.532595,-6.9449463
batch_01250_patch.tiff,patch_164,12.458233,6.5013967,11.088969,19.279877,-4.9420943
batch_01250_patch.tiff,patch_165,9.545331,5.8973756,11.067027,17.722021,-3.9404733
batch_01250_patch.tiff,patch_166,8.834034,10.16047,-2.4737601,16.586002,4.9752502
batch_01250_patch.tiff,patch_167,8.628851,4.9100404,0.5418105,14.913491,3.7617323
batch_01250_patch.tiff,patch_168,5.5232162,10.415459,-4.0468154,18.500338,1.4593313
batch_01250_patch.tiff,patch_169,7.193026,8.44504,-1.2270758,15.306164,1.0352465
batch_01250_patch.tiff,patch_170,7.3736377,9.882835,0.35334238,19.107553,1.9627615
batch_01250_patch.tiff,patch_171,7.1743817,8.107938,-2.6676583,20.402418,3.0169706
batch_01250_patch.tiff,patch_172,6.854049,12.9073305,1.7534871,20.245502,1.4975218
batch_01250_patch.tiff,patch_173,6.5344152,10.841338,-0.022887912,21.558804,0.4427705
batch_01250_patch.tiff,patch_174,10.985862,12.965851,13.354223,18.522758,-4.1678157
batch_01250_patch.tiff,patch_175,17.88393,10.036904,12.643929,18.076902,-4.600686
batch_01250_patch.tiff,patch_176,11.921579,6.279514,9.057707,20.572737,-2.6180227
batch_01250_patch.tiff,patch_177,7.7280574,6.8589506,11.393644,20.342918,-2.4840379
batch_01300_patch.tiff,patch_0,7.8790727,6.3966556,6.8836346,13.336992,-5.10637
batch_01300_patch.tiff,patch_1,15.170813,1.7442172,1.7009952,12.378096,-6.143531
batch_01300_patch.tiff,patch_2,8.969553,3.4383044,10.526236,15.096663,-7.407779
batch_01300_patch.tiff,patch_3,16.033514,7.4268208,13.8165045,18.707664,-5.796389
batch_01300_patch.tiff,patch_4,5.47282,2.1850348,18.20337,15.701694,-8.424963
batch_01300_patch.tiff,patch_5,7.2741127,1.3779428,12.408861,15.323628,-4.8458295
batch_01300_patch.tiff,patch_6,15.032144,7.411123,11.437304,24.638811,-9.405355
batch_01300_patch.tiff,patch_7,13.78501,6.848011,10.660008,23.588587,-7.8055196
batch_01300_patch.tiff,patch_8,14.633379,8.809842,11.072925,22.565552,-3.1851637
batch_01300_patch.tiff,patch_9,3.1195006,6.655246,4.707033,13.213861,-1.245526
batch_01300_patch.tiff,patch_10,13.654076,7.4158516,17.82036,21.223011,-8.334212
batch_01300_patch.tiff,patch_11,12.805056,17.796434,8.253147,18.667627,-7.1855803
batch_01300_patch.tiff,patch_12,11.66284,1.5968633,16.4054,16.736927,-4.1843777
batch_01300_patch.tiff,patch_13,6.705077,5.732172,10.731085,16.299871,-5.2278814
batch_01300_patch.tiff,patch_14,13.367915,2.474662,-5.207629,13.102899,-0.46223292
batch_01300_patch.tiff,patch_15,8.587821,3.4275665,11.855301,16.511456,-3.0387719
batch_01300_patch.tiff,patch_16,7.5771694,3.6820207,13.282093,15.466605,-3.5801678
batch_01300_patch.tiff,patch_17,19.867523,8.372667,10.512593,24.48202,-5.447341
batch_01300_patch.tiff,patch_18,13.328933,6.5311255,8.197523,17.782158,-5.910038
batch_01300_patch.tiff,patch_19,2.7568386,8.926415,8.70208,15.180346,-1.7774036
batch_01300_patch.tiff,patch_20,7.2222157,7.665861,11.149917,17.358248,-1.8120058
batch_01300_patch.tiff,patch_21,9.917358,11.184047,14.0842905,20.793518,-3.8691547
batch_01300_patch.tiff,patch_22,0.86792076,10.480303,4.9260426,12.50962,-8.514291
batch_01300_patch.tiff,patch_23,12.366951,3.3885303,9.700629,17.353819,-4.603396
batch_01300_patch.tiff,patch_24,6.1698217,2.008211,7.3703504,12.898928,-7.64695
batch_01300_patch.tiff,patch_25,14.67088,4.799757,0.5336554,17.305147,-4.5941133
batch_01300_patch.tiff,patch_26,6.450094,5.33447,13.551802,15.077833,-3.693672
batch_01300_patch.tiff,patch_27,8.435985,1.7333255,16.988836,14.760183,-5.141229
batch_01300_patch.tiff,patch_28,6.7942886,8.423221,12.669284,15.295361,-8.126481
batch_01300_patch.tiff,patch_29,10.97735,11.761969,12.646252,17.737366,-7.9214644
batch_01300_patch.tiff,patch_30,12.47006,11.154436,4.5611,19.235352,-5.267976
batch_01300_patch.tiff,patch_31,9.942065,10.766572,8.51729,20.786438,-8.408958
batch_01300_patch.tiff,patch_32,11.154638,7.233935,13.40394,19.438257,-6.937239
batch_01300_patch.tiff,patch_33,8.066396,7.4069834,9.698944,16.639263,-4.4787626
batch_01300_patch.tiff,patch_34,10.834308,7.412871,10.033853,22.399328,-1.8557217
batch_01300_patch.tiff,patch_35,7.992324,9.448466,11.361188,20.438856,-6.255249
batch_01300_patch.tiff,patch_36,9.738114,8.396859,15.053544,19.428446,-2.7362056
batch_01300_patch.tiff,patch_37,13.443908,1.2097828,-5.925928,10.806868,-3.2375224
batch_01300_patch.tiff,patch_38,14.571651,3.5898983,-4.4602838,11.740773,1.5844634
batch_01300_patch.tiff,patch_39,7.3177085,11.330892,13.457214,13.691078,-3.2373474
batch_01300_patch.tiff,patch_40,8.83376,7.0643663,13.044435,16.590376,-2.9861662
batch_01300_patch.tiff,patch_41,10.755653,10.737693,6.484411,18.309351,-7.8493676
batch_01300_patch.tiff,patch_42,9.393168,8.3658695,11.848712,17.985218,-8.930128
batch_01300_patch.tiff,patch_43,18.044432,5.660066,2.8857646,16.356913,-2.7109635
batch_01300_patch.tiff,patch_44,10.6342945,18.289564,-1.0701497,24.780046,-14.233697
batch_01300_patch.tiff,patch_45,9.8453865,9.739854,13.578037,16.970186,-6.267817
batch_01300_patch.tiff,patch_46,14.606745,9.7184515,12.429788,26.434181,-4.84941
batch_01300_patch.tiff,patch_47,8.89418,7.8019924,14.212829,15.952192,-6.0767555
batch_01300_patch.tiff,patch_48,13.168683,7.033554,12.022251,20.744703,-4.080574
batch_01300_patch.tiff,patch_49,16.077944,8.023154,9.976223,22.924202,-6.404119
batch_01300_patch.tiff,patch_50,16.169525,5.828301,13.7451515,20.941442,-9.176554
batch_01300_patch.tiff,patch_51,9.549586,4.863367,17.021313,17.22877,-4.5515256
batch_01300_patch.tiff,patch_52,9.921832,6.490802,15.384849,17.3185,-6.273258
batch_01300_patch.tiff,patch_53,5.6525245,8.325551,7.118952,19.475307,-8.986839
batch_01300_patch.tiff,patch_54,7.256272,2.197105,18.241102,15.891409,-9.174643
batch_01300_patch.tiff,patch_55,6.326114,7.100505,3.3646343,18.339918,-1.284877
batch_01300_patch.tiff,patch_56,4.196683,10.663558,0.9669885,17.32642,-3.617592
batch_01300_patch.tiff,patch_57,6.1118493,5.0394044,12.025404,12.851142,-4.7636814
batch_01300_patch.tiff,patch_58,9.715662,5.9228134,13.408418,19.72376,-7.6395535
batch_01300_patch.tiff,patch_59,9.765618,8.510692,16.258347,19.966969,-1.9432926
batch_01300_patch.tiff,patch_60,13.564142,10.748177,11.788427,23.240097,-3.5018725
batch_01300_patch.tiff,patch_61,16.61402,11.068067,11.806503,22.001678,-7.2156982
batch_01300_patch.tiff,patch_62,16.059645,7.2742243,14.412918,23.432207,-8.295133
batch_01300_patch.tiff,patch_63,9.44781,3.8935308,16.006361,16.760895,-6.282224
batch_01300_patch.tiff,patch_64,7.9717073,4.0041213,17.16561,15.656669,-4.181765
batch_01300_patch.tiff,patch_65,10.611443,2.2352555,3.4100816,12.872042,-4.8921933
batch_01300_patch.tiff,patch_66,3.7430599,6.266222,6.635412,17.813282,-7.1361527
batch_01300_patch.tiff,patch_67,7.476437,9.377063,2.324521,16.323969,-4.94823
batch_01300_patch.tiff,patch_68,9.74299,8.076016,11.053586,17.549782,-4.5996056
batch_01300_patch.tiff,patch_69,8.903338,10.367239,13.161857,18.644325,-7.29691
batch_01300_patch.tiff,patch_70,6.487734,7.597232,8.3503895,18.332977,-1.910998
batch_01300_patch.tiff,patch_71,7.6170325,5.637507,15.154158,18.432907,-5.419483
batch_01300_patch.tiff,patch_72,6.4613132,2.1584275,4.9398236,14.646873,-6.11111
batch_01300_patch.tiff,patch_73,6.2941895,1.7383898,8.857696,14.63496,-8.853336
batch_01300_patch.tiff,patch_74,10.395415,4.790603,15.072849,15.959133,-6.2033553
batch_01300_patch.tiff,patch_75,8.495428,4.565774,16.507868,15.6047535,-2.7693722
batch_01300_patch.tiff,patch_76,8.471574,7.0526805,12.177078,17.135536,-7.665847
batch_01300_patch.tiff,patch_77,7.394324,9.171769,11.264945,23.365946,-6.3926787
batch_01300_patch.tiff,patch_78,9.916852,6.6680183,1.8409165,13.979553,-3.5901318
batch_01300_patch.tiff,patch_79,5.3420434,9.773573,10.896607,16.318672,-4.518474
batch_01300_patch.tiff,patch_80,16.047655,7.47909,15.537254,21.196493,-9.522152
batch_01300_patch.tiff,patch_81,18.48905,7.813241,16.41663,24.17067,-6.6073747
batch_01300_patch.tiff,patch_82,11.08572,-0.22992963,9.740773,15.969148,-7.095293
batch_01300_patch.tiff,patch_83,10.010816,1.6965265,6.491795,17.301647,-4.160335
batch_01300_patch.tiff,patch_84,5.221918,4.3558617,7.8751464,14.0012045,-7.025805
batch_01300_patch.tiff,patch_85,2.9883919,6.9131474,1.9425154,15.913308,-10.8632145
batch_01300_patch.tiff,patch_86,7.1692896,5.65461,14.572355,17.600954,-3.3592558
batch_01300_patch.tiff,patch_87,11.112649,5.2231584,17.799496,17.162455,-5.6639276
batch_01300_patch.tiff,patch_88,9.592283,13.879637,9.280241,22.527462,-4.970704
batch_01300_patch.tiff,patch_89,6.0461,14.055373,8.723821,23.03374,-4.004499
batch_01300_patch.tiff,patch_90,3.646127,9.782466,5.269149,16.528801,-4.114157
batch_01300_patch.tiff,patch_91,9.146636,14.780888,11.266812,17.646751,-9.150698
batch_01300_patch.tiff,patch_92,17.21483,5.9093328,17.958918,19.679255,-9.98966
batch_01300_patch.tiff,patch_93,16.83434,10.496064,15.376338,20.496634,-5.702436
batch_01300_patch.tiff,patch_94,11.485518,7.4814944,7.272774,20.697018,-5.566385
batch_01300_patch.tiff,patch_95,9.768855,0.48625752,6.0095754,16.91687,-2.1990008
batch_01300_patch.tiff,patch_96,4.6840453,7.732279,7.566839,14.5662155,-10.064782
batch_01300_patch.tiff,patch_97,5.0152793,6.6771016,9.971433,14.615133,-9.254905
batch_01300_patch.tiff,patch_98,6.951027,9.480768,11.232023,19.618965,-5.9955134
batch_01300_patch.tiff,patch_99,9.940981,12.403284,13.571766,20.672174,-4.0817275
batch_01300_patch.tiff,patch_100,10.071547,12.588622,3.482797,23.266502,-8.321784
batch_01300_patch.tiff,patch_101,7.6292663,5.5101004,12.798304,18.352232,-8.435181
batch_01300_patch.tiff,patch_102,7.886128,10.915884,11.155408,20.18916,-3.3460114
batch_01300_patch.tiff,patch_103,15.789694,7.099781,16.883282,22.468422,-8.05766
batch_01300_patch.tiff,patch_104,12.101954,9.964281,13.133866,25.444466,-14.723281
batch_01300_patch.tiff,patch_105,10.33502,2.2987893,5.6471763,18.880564,-2.2193484
batch_01300_patch.tiff,patch_106,8.383519,2.3202162,6.9352345,15.889158,-3.73095
batch_01300_patch.tiff,patch_107,9.674822,4.5743785,8.992065,14.445723,-6.5665903
batch_01300_patch.tiff,patch_108,14.297866,7.951422,2.8121877,20.63665,-2.7038198
batch_01300_patch.tiff,patch_109,7.28033,8.393082,15.095476,17.88901,-7.1027813
batch_01300_patch.tiff,patch_110,4.2966585,5.4956756,12.4147215,15.861185,-7.8729086
batch_01300_patch.tiff,patch_111,8.233358,7.328819,11.985341,17.448965,-7.215547
batch_01300_patch.tiff,patch_112,10.049869,8.921839,9.475032,17.582233,-6.3041754
batch_01300_patch.tiff,patch_113,10.359252,14.685477,16.443613,19.738682,-7.6096215
batch_01300_patch.tiff,patch_114,2.0951848,8.827894,4.2596226,16.992184,-1.9718263
batch_01300_patch.tiff,patch_115,15.673345,6.9242835,14.050403,20.767633,-7.750966
batch_01300_patch.tiff,patch_116,16.795116,9.369928,13.968656,24.015785,-10.490636
batch_01300_patch.tiff,patch_117,9.617828,-0.46776813,11.441328,15.034548,-3.5717869
batch_01300_patch.tiff,patch_118,9.052383,0.49559107,8.144487,14.525994,-1.5588229
batch_01300_patch.tiff,patch_119,10.879842,1.9470897,0.27512208,15.767135,-2.6978316
batch_01300_patch.tiff,patch_120,16.335073,5.255538,-2.1117468,17.048664,-3.4336424
batch_01300_patch.tiff,patch_121,11.241703,14.172165,6.709237,24.267101,-6.548948
batch_01300_patch.tiff,patch_122,11.536071,8.746931,9.167242,25.977985,-7.7918115
batch_01300_patch.tiff,patch_123,10.459119,5.036365,9.677667,16.30572,-5.8060427
batch_01300_patch.tiff,patch_124,8.817406,11.594292,8.24353,22.94444,-5.154982
batch_01300_patch.tiff,patch_125,7.627255,9.259464,8.2387705,20.031202,0.41113815
batch_01300_patch.tiff,patch_126,3.7822537,8.291201,8.1978,15.829668,-5.1287103
batch_01300_patch.tiff,patch_127,14.815239,8.213541,15.012432,19.741814,-3.3227634
batch_01300_patch.tiff,patch_128,9.440174,9.47933,13.691096,18.223223,-4.9375124
batch_01300_patch.tiff,patch_129,11.988817,0.47216982,8.461248,18.07255,-3.4126794
batch_01300_patch.tiff,patch_130,9.798462,4.8157935,11.317192,18.501257,-2.51594
batch_01300_patch.tiff,patch_131,10.116281,3.8263385,6.7697115,19.263422,-2.5786836
batch_01300_patch.tiff,patch_132,6.3143153,6.6180677,1.8571273,18.220394,-10.313588
batch_01300_patch.tiff,patch_133,11.581813,7.4131336,8.313862,22.927664,-8.871709
batch_01300_patch.tiff,patch_134,8.868229,5.2996387,13.220909,27.174246,-11.294639
batch_01300_patch.tiff,patch_135,7.663559,6.7723503,11.801643,17.427431,-8.464641
batch_01300_patch.tiff,patch_136,8.131891,5.645121,9.228433,17.786594,-6.7981052
batch_01300_patch.tiff,patch_137,6.547441,6.1556883,6.5592217,14.380366,-5.2476215
batch_01300_patch.tiff,patch_138,10.425384,8.331635,13.186509,20.324541,-3.2855337
batch_01300_patch.tiff,patch_139,8.700727,8.518159,16.094347,15.1921835,-7.2005343
batch_01300_patch.tiff,patch_140,11.040596,4.67525,7.112835,20.028603,-0.71941495
batch_01300_patch.tiff,patch_141,8.504508,5.7775292,4.8427663,17.271973,0.42799154
batch_01300_patch.tiff,patch_142,12.703329,7.7678137,12.120913,14.943075,-9.231611
batch_01300_patch.tiff,patch_143,13.538589,10.393779,9.3217945,17.431906,-8.860257
batch_01300_patch.tiff,patch_144,8.096683,7.7821045,12.826777,18.529652,-3.4998446
batch_01300_patch.tiff,patch_145,8.760393,13.240218,11.21834,21.14438,-8.269602
batch_01300_patch.tiff,patch_146,7.175062,6.7278595,11.858005,16.423973,-6.3320894
batch_01300_patch.tiff,patch_147,6.7614274,2.5454364,16.084116,17.536562,-8.284438
batch_01300_patch.tiff,patch_148,13.059103,8.820484,13.6460495,24.490498,-4.2068324
batch_01300_patch.tiff,patch_149,8.5655365,8.902842,7.405549,17.755587,-2.1138642
batch_01300_patch.tiff,patch_150,10.70654,10.164149,13.6370945,22.300636,-6.9609733
batch_01300_patch.tiff,patch_151,10.105008,-0.30256018,9.222183,16.979338,-3.6752858
batch_01300_patch.tiff,patch_152,11.515149,-0.06342075,9.5230055,16.597048,-4.973499
batch_01300_patch.tiff,patch_153,12.131061,10.492391,14.503263,20.046238,-9.138538
batch_01300_patch.tiff,patch_154,9.307763,7.124507,10.118488,17.364325,-6.5631404
batch_01300_patch.tiff,patch_155,9.901059,4.1608443,15.487248,16.917458,-5.0573015
batch_01300_patch.tiff,patch_156,9.6462555,9.097912,16.328386,18.117796,-5.7972345
batch_01300_patch.tiff,patch_157,7.295591,7.339681,14.7963085,19.352152,-7.5730014
batch_01300_patch.tiff,patch_158,6.732105,13.1104,8.741131,18.037128,-4.989343
batch_01300_patch.tiff,patch_159,7.771842,6.317444,10.018707,16.46015,-3.4008744
batch_01300_patch.tiff,patch_160,2.6078234,9.481844,8.087652,14.174628,-5.0767984
batch_01300_patch.tiff,patch_161,7.038027,7.355828,8.919122,17.09911,-7.4626794
batch_01300_patch.tiff,patch_162,12.479905,5.2432613,14.115256,18.03849,-4.9841523
batch_01300_patch.tiff,patch_163,11.078099,3.2946212,9.551941,17.118177,-5.0272584
batch_01300_patch.tiff,patch_164,16.88227,4.10117,12.1730995,22.427322,-1.3355445
batch_01300_patch.tiff,patch_165,13.021212,4.6433268,-1.1903607,17.555973,0.85908735
batch_01300_patch.tiff,patch_166,14.2589655,7.2171903,3.2652578,14.68593,1.7986046
batch_01300_patch.tiff,patch_167,9.441919,3.537009,17.14928,16.597681,-6.3556275
batch_01300_patch.tiff,patch_168,6.760064,8.0160475,13.541008,17.839266,-4.9583654
batch_01300_patch.tiff,patch_169,3.8117723,6.0554066,9.76236,18.142553,-8.564642
batch_01300_patch.tiff,patch_170,5.675086,6.258662,11.676424,17.22407,-9.40249
batch_01300_patch.tiff,patch_171,6.7951045,8.809863,6.460261,17.394268,-4.699885
batch_01300_patch.tiff,patch_172,3.4658961,9.335684,0.60859746,14.998161,-0.7528969
batch_01300_patch.tiff,patch_173,10.049667,0.42918572,12.885307,15.990684,-6.3399234
batch_01300_patch.tiff,patch_174,8.2990465,4.006499,8.074782,23.98742,-13.316395
batch_01300_patch.tiff,patch_175,12.2023325,7.921169,11.596677,23.64406,-11.681047
batch_01350_patch.tiff,patch_0,10.384606,8.033267,-2.491611,23.343824,-0.3853265
batch_01350_patch.tiff,patch_1,15.907194,7.212862,2.1984513,18.981611,-1.4085376
batch_01350_patch.tiff,patch_2,16.121353,7.95565,17.383114,25.973171,-13.174759
batch_01350_patch.tiff,patch_3,15.730415,10.961697,12.331329,23.715391,-3.757862
batch_01350_patch.tiff,patch_4,13.795662,11.098471,15.870023,18.68955,-2.675575
batch_01350_patch.tiff,patch_5,14.844915,6.779812,11.133111,16.864334,-4.589622
batch_01350_patch.tiff,patch_6,12.045218,8.94307,15.342665,20.68336,-4.6553807
batch_01350_patch.tiff,patch_7,9.907689,7.990354,12.666587,16.627449,-3.7680318
batch_01350_patch.tiff,patch_8,9.702131,5.302863,10.26199,18.950678,-3.2791696
batch_01350_patch.tiff,patch_9,10.429927,5.053353,10.012932,19.752722,-3.9289768
batch_01350_patch.tiff,patch_10,7.2684464,16.163006,6.589952,13.43618,5.580854
batch_01350_patch.tiff,patch_11,7.456976,14.258853,3.7460117,13.009471,7.5276
batch_01350_patch.tiff,patch_12,1.5971439,3.2318978,5.1652527,19.72004,-2.5564513
batch_01350_patch.tiff,patch_13,7.4455447,8.186995,1.1811098,21.432034,7.786479
batch_01350_patch.tiff,patch_14,8.623955,8.250885,3.838824,20.351366,2.9981155
batch_01350_patch.tiff,patch_15,10.890932,11.419566,11.908985,25.74419,-10.5941305
batch_01350_patch.tiff,patch_16,12.777872,3.6266303,15.703289,18.881088,-11.210551
batch_01350_patch.tiff,patch_17,15.562697,10.755475,12.873435,18.830137,-4.1560764
batch_01350_patch.tiff,patch_18,16.861092,11.958857,13.51627,19.15447,-6.3622723
batch_01350_patch.tiff,patch_19,9.581148,7.436695,8.655356,14.043862,-4.517195
batch_01350_patch.tiff,patch_20,10.106875,8.822881,6.6847425,19.654453,-0.5432617
batch_01350_patch.tiff,patch_21,11.241901,6.920819,5.6062894,19.573486,-2.3760893
batch_01350_patch.tiff,patch_22,5.7626014,16.491415,6.3759694,13.677439,4.6779456
batch_01350_patch.tiff,patch_23,7.088793,16.249418,6.636496,10.492102,5.2785025
batch_01350_patch.tiff,patch_24,4.3249683,4.542582,5.5285735,19.868078,-7.941497
batch_01350_patch.tiff,patch_25,17.21648,-1.2389815,5.171617,11.260485,-10.632128
batch_01350_patch.tiff,patch_26,12.723596,12.524792,-1.2312349,16.354973,-6.2077427
batch_01350_patch.tiff,patch_27,6.5131693,8.329767,7.809009,14.988541,-1.310504
batch_01350_patch.tiff,patch_28,12.234228,14.224977,9.452938,19.702263,0.78546286
batch_01350_patch.tiff,patch_29,18.484436,15.0774555,9.637943,21.690624,-5.5895023
batch_01350_patch.tiff,patch_30,15.111475,12.44754,14.9835415,22.600216,-0.6146971
batch_01350_patch.tiff,patch_31,10.371946,11.501416,9.527035,14.122436,-4.101058
batch_01350_patch.tiff,patch_32,13.183474,5.406869,-3.3717215,19.427391,-4.141648
batch_01350_patch.tiff,patch_33,10.849227,8.569165,-2.3973567,14.461127,-1.5743476
batch_01350_patch.tiff,patch_34,15.4685545,7.5684657,12.754449,22.986244,-5.3030005
batch_01350_patch.tiff,patch_35,16.008867,7.8085895,10.075468,20.472805,-6.936984
batch_01350_patch.tiff,patch_36,6.940695,4.999912,10.437273,19.34263,-6.119964
batch_01350_patch.tiff,patch_37,16.01028,3.180673,5.3963075,14.92036,-4.48039
batch_01350_patch.tiff,patch_38,20.019823,-1.2115687,7.1919265,10.33174,-6.551981
batch_01350_patch.tiff,patch_39,8.638891,9.219002,8.318729,16.126783,-3.0094419
batch_01350_patch.tiff,patch_40,10.761887,8.733552,13.6175165,17.678513,-0.5880722
batch_01350_patch.tiff,patch_41,16.187506,9.902557,14.907124,20.992317,-0.85115165
batch_01350_patch.tiff,patch_42,13.560256,10.980839,9.69009,16.682589,-6.341406
batch_01350_patch.tiff,patch_43,11.719292,9.357597,13.823674,14.23866,-5.4181175
batch_01350_patch.tiff,patch_44,11.752792,11.857316,14.191171,17.277746,-8.488419
batch_01350_patch.tiff,patch_45,4.979792,1.4010077,4.2300434,16.802305,-4.496096
batch_01350_patch.tiff,patch_46,11.5442505,6.9442945,0.5782488,19.028835,-5.9215164
batch_01350_patch.tiff,patch_47,15.610622,5.064212,11.550079,21.239822,-1.7287693
batch_01350_patch.tiff,patch_48,15.243946,7.4141254,12.614786,22.331018,-4.1794376
batch_01350_patch.tiff,patch_49,7.366806,6.0194654,0.19026285,20.222284,-7.4601564
batch_01350_patch.tiff,patch_50,14.870758,5.0583644,1.6018856,13.504506,-5.1441956
batch_01350_patch.tiff,patch_51,17.45878,-1.7964427,4.9792323,9.251232,-5.091637
batch_01350_patch.tiff,patch_52,10.810736,11.456331,7.766355,20.653631,2.59437
batch_01350_patch.tiff,patch_53,12.4234705,7.500424,7.4537516,14.833553,2.5241299
batch_01350_patch.tiff,patch_54,10.103071,9.645463,6.4637136,20.095434,-2.5862708
batch_01350_patch.tiff,patch_55,7.4949083,7.1541657,6.811308,19.58046,-2.842123
batch_01350_patch.tiff,patch_56,14.0567255,13.137854,11.235851,19.251875,-4.8949065
batch_01350_patch.tiff,patch_57,12.661103,13.680767,18.025536,18.090494,-6.3858066
batch_01350_patch.tiff,patch_58,8.509465,13.390139,4.6685104,20.608385,7.258075
batch_01350_patch.tiff,patch_59,6.9108152,12.502484,0.60080934,18.491503,8.870488
batch_01350_patch.tiff,patch_60,12.691477,11.93603,1.8601649,20.590263,-12.2255945
batch_01350_patch.tiff,patch_61,17.608135,6.6365223,8.023591,15.432257,-7.0423236
batch_01350_patch.tiff,patch_62,11.370315,8.844372,9.209915,16.506649,2.1045535
batch_01350_patch.tiff,patch_63,8.672402,9.402566,10.6803,15.566381,-0.44141445
batch_01350_patch.tiff,patch_64,11.431234,7.8856254,4.3271546,16.06345,-0.3281426
batch_01350_patch.tiff,patch_65,11.387943,5.5101876,4.1099167,15.821961,0.57810146
batch_01350_patch.tiff,patch_66,12.360259,5.382219,14.531476,16.571346,-5.7347684
batch_01350_patch.tiff,patch_67,13.297647,10.6320305,15.229623,17.60053,-5.1361523
batch_01350_patch.tiff,patch_68,12.824185,10.28479,-3.2809157,17.933197,-0.37123272
batch_01350_patch.tiff,patch_69,11.543801,9.963018,-8.587248,15.260969,-2.9526453
batch_01350_patch.tiff,patch_70,3.083378,11.524183,-0.7074328,13.629693,4.904624
batch_01350_patch.tiff,patch_71,5.47306,12.251596,3.9701586,17.367449,4.9960275
batch_01350_patch.tiff,patch_72,15.221834,10.093675,0.36316556,21.921484,-8.595163
batch_01350_patch.tiff,patch_73,12.923583,12.857553,5.32556,21.622297,-13.688402
batch_01350_patch.tiff,patch_74,14.055415,11.740831,14.804475,20.65418,-0.8727904
batch_01350_patch.tiff,patch_75,7.589742,9.6497,6.30581,15.146998,-0.7376955
batch_01350_patch.tiff,patch_76,12.80403,6.9749913,14.809068,18.387815,-6.296611
batch_01350_patch.tiff,patch_77,12.763547,12.11925,9.044516,27.828033,0.31446892
batch_01350_patch.tiff,patch_78,13.307844,5.7840037,4.587013,18.531158,-2.6546328
batch_01350_patch.tiff,patch_79,9.863764,9.562879,3.342314,20.095547,1.0840452
batch_01350_patch.tiff,patch_80,14.727593,6.972014,-2.6953423,17.256987,-6.4527044
batch_01350_patch.tiff,patch_81,9.197861,7.7052345,-2.772534,19.093887,-2.0397363
batch_01350_patch.tiff,patch_82,12.286143,3.735912,8.810614,18.670465,1.3135325
batch_01350_patch.tiff,patch_83,10.358883,0.049131576,13.974685,18.053013,-5.89813
batch_01350_patch.tiff,patch_84,10.421313,2.0275507,8.027709,16.19982,-11.742599
batch_01350_patch.tiff,patch_85,14.526484,7.9190984,0.15998259,15.65198,-6.080893
batch_01350_patch.tiff,patch_86,10.769487,9.865241,8.96985,15.685286,0.32175982
batch_01350_patch.tiff,patch_87,8.43431,7.1958055,8.329829,14.43981,-0.87340194
batch_01350_patch.tiff,patch_88,13.894072,6.086885,8.481441,22.918196,-14.944986
batch_01350_patch.tiff,patch_89,11.828349,10.316434,9.411776,25.412731,-0.9695512
batch_01350_patch.tiff,patch_90,8.55361,11.826719,-0.8907097,19.915024,-0.36645356
batch_01350_patch.tiff,patch_91,8.013787,11.971417,0.89407164,21.78938,-4.019997
batch_01350_patch.tiff,patch_92,13.266692,7.334437,-3.541586,14.274618,2.929837
batch_01350_patch.tiff,patch_93,9.784741,9.391495,-4.0856357,14.846793,-6.7894063
batch_01350_patch.tiff,patch_94,11.784548,1.8846519,10.349849,17.8883,-1.2818528
batch_01350_patch.tiff,patch_95,4.358171,-1.2270486,4.1536326,15.400415,-1.1451895
batch_01350_patch.tiff,patch_96,15.24441,-3.7953296,1.6547657,12.446037,-5.4497304
batch_01350_patch.tiff,patch_97,11.405881,7.0962243,-3.3020756,18.373182,-7.7056613
batch_01350_patch.tiff,patch_98,9.387267,8.710015,5.8219943,14.423175,1.652556
batch_01350_patch.tiff,patch_99,8.035305,5.185458,7.341573,13.74295,-1.147477
batch_01350_patch.tiff,patch_100,12.480782,6.711417,8.974567,17.718813,-3.207216
batch_01350_patch.tiff,patch_101,12.154558,3.3311262,5.8174257,13.530765,0.985457
batch_01350_patch.tiff,patch_102,13.345709,5.459077,1.2756474,17.27682,3.5950093
batch_01350_patch.tiff,patch_103,11.13746,8.516468,8.575136,16.757587,0.42495075
batch_01350_patch.tiff,patch_104,5.4386296,12.319754,3.0244207,14.86274,4.4015307
batch_01350_patch.tiff,patch_105,5.760957,14.893733,-1.2050657,15.413645,10.811958
batch_01350_patch.tiff,patch_106,5.6596622,0.17185608,3.1184394,18.314032,-3.4880147
batch_01350_patch.tiff,patch_107,4.000404,2.4460363,2.8990645,17.80181,-2.6672895
batch_01350_patch.tiff,patch_108,16.696535,-3.068403,3.230828,11.177691,-7.3733325
batch_01350_patch.tiff,patch_109,15.092342,1.4640951,9.58408,13.371924,-8.461486
batch_01350_patch.tiff,patch_110,11.821945,6.233507,4.9802194,16.280352,3.8671222
batch_01350_patch.tiff,patch_111,10.7607975,3.58678,4.991878,14.101236,1.7580426
batch_01350_patch.tiff,patch_112,14.535553,7.374183,2.5260377,16.13788,0.96954876
batch_01350_patch.tiff,patch_113,9.57544,7.7098813,4.328715,14.40294,0.9180255
batch_01350_patch.tiff,patch_114,10.446289,8.107246,9.739677,15.301019,-1.3773535
batch_01350_patch.tiff,patch_115,7.5435777,6.5371537,8.545678,14.454546,-1.8364094
batch_01350_patch.tiff,patch_116,6.143221,12.470681,4.9867773,16.141607,4.9033017
batch_01350_patch.tiff,patch_117,9.108762,17.938253,3.1659784,15.976016,8.546179
batch_01350_patch.tiff,patch_118,5.986413,-0.26025113,6.2183433,18.060492,-3.9448478
batch_01350_patch.tiff,patch_119,4.1073627,2.8294644,3.1681669,18.363375,0.41415447
batch_01350_patch.tiff,patch_120,12.19168,1.44508,5.49514,12.549768,-7.0577393
batch_01350_patch.tiff,patch_121,12.150191,2.624711,6.0190682,17.079042,-3.2056444
batch_01350_patch.tiff,patch_122,10.045559,9.25571,7.7043247,16.033077,0.28141147
batch_01350_patch.tiff,patch_123,11.655059,16.259604,10.154804,13.9193945,-2.4740942
batch_01350_patch.tiff,patch_124,9.30969,9.00326,-1.5092174,13.113115,-4.980244
batch_01350_patch.tiff,patch_125,11.377638,6.7615185,3.4380364,14.691399,-0.8247521
batch_01350_patch.tiff,patch_126,16.157185,7.8630624,10.648398,19.000193,-2.0276234
batch_01350_patch.tiff,patch_127,9.618836,6.4066253,6.1459093,18.42539,-0.76377803
batch_01350_patch.tiff,patch_128,4.891656,10.478305,-0.7430446,14.454893,7.9957523
batch_01350_patch.tiff,patch_129,3.145375,12.389153,0.85215753,16.130724,8.235928
batch_01350_patch.tiff,patch_130,5.6563406,0.14740354,6.51396,18.535728,-4.021547
batch_01350_patch.tiff,patch_131,3.8746233,1.469392,4.3024306,18.707922,-1.5800582
batch_01350_patch.tiff,patch_132,13.44577,3.2521353,0.9379234,17.658356,-6.4211397
batch_01350_patch.tiff,patch_133,17.795801,-2.5946677,0.41034564,13.224323,-3.4503212
batch_01350_patch.tiff,patch_134,10.776297,11.232982,7.7795057,16.247574,-1.4340444
batch_01350_patch.tiff,patch_135,11.401727,9.767855,10.955052,17.858526,1.8783537
batch_01350_patch.tiff,patch_136,10.353385,9.326345,5.890976,18.059732,-5.716978
batch_01350_patch.tiff,patch_137,12.952466,6.977732,1.2127434,15.57617,-2.7421796
batch_01350_patch.tiff,patch_138,13.085744,5.5883207,1.7459176,17.33934,1.8050749
batch_01350_patch.tiff,patch_139,10.73263,7.1197352,-1.6592863,16.604311,6.570733
batch_01350_patch.tiff,patch_140,6.063938,12.5099125,-2.9531667,12.335496,10.061431
batch_01350_patch.tiff,patch_141,9.767947,15.014161,3.5164323,20.007927,4.9030895
batch_01350_patch.tiff,patch_142,4.8239646,1.0952125,1.4064311,20.203466,-3.8282797
batch_01350_patch.tiff,patch_143,6.0779843,1.5291632,3.3680716,19.491737,-3.1564395
batch_01350_patch.tiff,patch_144,8.313123,11.08892,0.12983626,23.875366,-7.555913
batch_01350_patch.tiff,patch_145,10.907534,8.211425,-3.167402,17.007456,-6.2512817
batch_01350_patch.tiff,patch_146,13.942943,9.205661,13.141454,17.34012,-5.399888
batch_01350_patch.tiff,patch_147,11.553788,10.738904,12.131527,18.516016,-4.9064965
batch_01350_patch.tiff,patch_148,7.048528,11.164836,4.1551685,16.81364,-4.85646
batch_01350_patch.tiff,patch_149,12.841013,3.8492877,5.4909644,12.961638,-2.054538
batch_01350_patch.tiff,patch_150,14.15661,8.975539,9.035221,22.098202,-1.9213535
batch_01350_patch.tiff,patch_151,17.443106,10.332265,3.5072584,26.011429,-6.0610223
batch_01350_patch.tiff,patch_152,10.976342,15.505274,3.8877892,16.985645,3.1356232
batch_01350_patch.tiff,patch_153,10.153848,1.9583267,2.006389,21.980562,2.373421
batch_01350_patch.tiff,patch_154,3.301357,-1.8844041,3.1811082,16.073298,-4.480234
batch_01350_patch.tiff,patch_155,12.797743,8.880693,11.505232,19.026297,-3.2624054
batch_01350_patch.tiff,patch_156,15.776899,12.371423,11.609135,21.6,-2.786063
batch_01350_patch.tiff,patch_157,10.085422,6.8468757,7.335075,16.591896,-0.82430154
batch_01350_patch.tiff,patch_158,11.750369,3.3222206,5.56685,12.190572,-0.7793761
batch_01350_patch.tiff,patch_159,18.919601,12.814341,11.26809,21.493856,-7.7481165
batch_01350_patch.tiff,patch_160,10.829846,11.581409,9.017656,23.11815,-10.801829
batch_01350_patch.tiff,patch_161,20.537909,15.551708,4.507099,27.6853,1.7146865
batch_01350_patch.tiff,patch_162,5.24815,2.3894997,1.746265,21.411901,-3.783797
batch_01350_patch.tiff,patch_163,2.8160367,-2.718549,1.4570731,16.256184,-4.1104875
batch_01350_patch.tiff,patch_164,14.338438,8.302085,6.255543,20.575356,-7.789746
batch_01350_patch.tiff,patch_165,4.339765,7.0314083,-0.5334671,15.586746,-9.777237
batch_01350_patch.tiff,patch_166,16.770481,10.763564,9.473322,21.009495,0.64195615
batch_01350_patch.tiff,patch_167,11.512083,12.174254,9.488022,15.865999,-3.2419522
batch_01350_patch.tiff,patch_168,10.649124,9.539501,13.335726,14.303772,-5.1009083
batch_01350_patch.tiff,patch_169,11.332983,10.943106,13.866784,16.248386,-6.1992903
batch_01350_patch.tiff,patch_170,11.65804,9.501809,13.720917,17.66523,-4.882154
batch_01350_patch.tiff,patch_171,8.417089,6.291156,0.6224077,16.773968,-3.4803574
batch_01350_patch.tiff,patch_172,14.787153,16.208572,4.4087105,29.343306,-4.273796
batch_01350_patch.tiff,patch_173,8.317924,14.398237,2.4171493,18.361332,1.8361515
batch_01350_patch.tiff,patch_174,4.5133824,-3.3092535,5.011884,14.231068,-6.70199
batch_01350_patch.tiff,patch_175,4.2782645,-1.3788198,3.6143517,15.88641,-1.7856119
batch_01400_patch.tiff,patch_0,5.3547177,8.897539,7.6818113,22.8556,-6.6098924
batch_01400_patch.tiff,patch_1,4.2377114,7.3681464,6.4390144,22.018229,-6.027737
batch_01400_patch.tiff,patch_2,4.973468,5.1975927,2.14776,18.17153,-3.3732016
batch_01400_patch.tiff,patch_3,4.9653134,6.1478844,-0.056250725,16.427885,-4.89203
batch_01400_patch.tiff,patch_4,9.19708,6.037368,-2.8750527,16.173946,5.3765655
batch_01400_patch.tiff,patch_5,5.7040405,0.19944131,-5.2388525,14.846881,3.9477208
batch_01400_patch.tiff,patch_6,15.789595,6.479153,2.9433384,21.43569,-0.3801434
batch_01400_patch.tiff,patch_7,15.237162,2.82959,5.230739,19.339407,-1.4841211
batch_01400_patch.tiff,patch_8,8.203274,12.617893,11.332849,16.137903,-4.3965297
batch_01400_patch.tiff,patch_9,9.3921385,14.412451,11.222728,15.270831,-1.4242265
batch_01400_patch.tiff,patch_10,8.091471,10.7623205,11.101601,16.820229,-2.809447
batch_01400_patch.tiff,patch_11,6.560108,10.967781,4.3604975,16.66594,-2.0153213
batch_01400_patch.tiff,patch_12,9.2797365,15.877313,10.25466,19.345901,-4.041914
batch_01400_patch.tiff,patch_13,6.3916755,7.417184,5.922243,20.62153,-5.3352404
batch_01400_patch.tiff,patch_14,3.9478626,6.92096,2.853217,19.21914,-6.62972
batch_01400_patch.tiff,patch_15,1.0582722,7.0510497,0.9557483,17.835873,-5.4110103
batch_01400_patch.tiff,patch_16,4.913446,7.5623674,6.930169,21.276077,-5.0082912
batch_01400_patch.tiff,patch_17,4.9010243,3.4851978,-2.9786706,18.849373,2.8941493
batch_01400_patch.tiff,patch_18,5.873483,3.0048528,-5.0093546,17.449394,3.1277697
batch_01400_patch.tiff,patch_19,15.58242,7.8168674,6.951492,24.080648,-0.40144843
batch_01400_patch.tiff,patch_20,16.993452,6.459667,9.263161,21.33741,-1.0274423
batch_01400_patch.tiff,patch_21,4.2785206,14.439551,7.7541795,13.786823,-5.9369164
batch_01400_patch.tiff,patch_22,7.2467837,12.411959,8.926511,18.525885,-2.3365765
batch_01400_patch.tiff,patch_23,9.805189,15.397255,9.048876,18.2819,0.19807282
batch_01400_patch.tiff,patch_24,7.327022,12.459903,6.293866,18.410799,-1.7810373
batch_01400_patch.tiff,patch_25,7.534841,11.539508,5.7376676,18.690804,-4.5453095
batch_01400_patch.tiff,patch_26,5.1043873,3.653838,7.2846956,18.138084,-3.0770028
batch_01400_patch.tiff,patch_27,5.7005463,8.208445,5.4521627,22.408407,-3.3796103
batch_01400_patch.tiff,patch_28,9.446069,5.853045,12.171238,19.722591,-4.6634707
batch_01400_patch.tiff,patch_29,10.301145,7.2635264,5.5062485,18.442944,-4.6347203
batch_01400_patch.tiff,patch_30,6.319539,5.3878627,-4.809008,19.84284,3.294331
batch_01400_patch.tiff,patch_31,7.275063,5.8740225,-6.0278697,19.40998,5.291564
batch_01400_patch.tiff,patch_32,5.3834553,8.358032,6.860572,14.396877,-2.8458807
batch_01400_patch.tiff,patch_33,6.5567937,9.460546,4.3017044,14.437412,-1.6090585
batch_01400_patch.tiff,patch_34,5.953253,10.614101,11.760099,17.1054,-4.6025248
batch_01400_patch.tiff,patch_35,12.106425,13.419423,10.104209,20.552574,-0.7307592
batch_01400_patch.tiff,patch_36,4.446796,9.280904,4.839911,16.733541,-2.89107
batch_01400_patch.tiff,patch_37,4.7472706,11.284212,5.706798,16.688742,-4.868385
batch_01400_patch.tiff,patch_38,6.3047323,9.906417,7.7773385,16.774538,-7.8072886
batch_01400_patch.tiff,patch_39,5.1387806,4.297098,0.7535112,17.56656,-0.9008838
batch_01400_patch.tiff,patch_40,7.985481,12.427442,3.7214432,22.248493,-1.0379075
batch_01400_patch.tiff,patch_41,10.921193,5.056785,11.423369,17.084188,-2.7257915
batch_01400_patch.tiff,patch_42,5.8740525,1.7792212,-6.279837,16.485676,5.3372035
batch_01400_patch.tiff,patch_43,4.7408423,2.6471443,-4.700204,18.42202,3.2547016
batch_01400_patch.tiff,patch_44,6.340966,9.955343,2.311984,11.984689,-5.16256
batch_01400_patch.tiff,patch_45,5.5761023,11.348155,1.655982,15.039455,-1.0237557
batch_01400_patch.tiff,patch_46,6.3326645,17.792128,7.868575,15.168596,-3.4128826
batch_01400_patch.tiff,patch_47,9.488136,17.360313,5.009102,18.275846,-0.15493768
batch_01400_patch.tiff,patch_48,6.161666,10.840441,6.138458,17.37342,-3.4672441
batch_01400_patch.tiff,patch_49,5.135495,6.4812665,9.516309,19.30033,-4.390115
batch_01400_patch.tiff,patch_50,3.3054683,10.434429,6.1417894,18.578508,-6.8187284
batch_01400_patch.tiff,patch_51,7.9348907,11.431049,6.513036,28.147047,-8.701867
batch_01400_patch.tiff,patch_52,15.745503,5.5942755,5.301684,21.029867,-2.3124895
batch_01400_patch.tiff,patch_53,10.444815,8.052463,7.3544087,19.54855,-2.2265437
batch_01400_patch.tiff,patch_54,11.435427,4.2779245,-1.1328257,17.061071,-2.1619256
batch_01400_patch.tiff,patch_55,8.35238,3.6675832,-4.5628204,19.21253,4.7092757
batch_01400_patch.tiff,patch_56,3.4740562,7.208513,5.411975,11.437622,-0.83098596
batch_01400_patch.tiff,patch_57,3.3126674,6.8209147,6.5594664,15.280054,-6.068587
batch_01400_patch.tiff,patch_58,9.271653,14.991878,6.460666,19.130842,-0.8768214
batch_01400_patch.tiff,patch_59,10.411634,11.10515,8.896073,17.995842,-0.68328154
batch_01400_patch.tiff,patch_60,11.025999,7.735316,10.998055,18.177353,-7.348025
batch_01400_patch.tiff,patch_61,6.257864,13.583445,8.414846,19.201023,-6.0596313
batch_01400_patch.tiff,patch_62,10.288679,2.6051111,11.715774,19.051939,-8.594449
batch_01400_patch.tiff,patch_63,18.004404,3.960538,5.9333835,21.103588,1.0608592
batch_01400_patch.tiff,patch_64,10.720005,11.302823,7.786169,18.581102,-4.1212263
batch_01400_patch.tiff,patch_65,3.1562274,8.861945,-5.815466,22.451612,0.33433554
batch_01400_patch.tiff,patch_66,6.5139112,4.455392,-0.5787249,18.384277,0.81922895
batch_01400_patch.tiff,patch_67,1.1639835,7.6548243,-0.84945637,12.20788,-3.4084387
batch_01400_patch.tiff,patch_68,4.708684,9.852959,4.616999,11.263879,-3.071424
batch_01400_patch.tiff,patch_69,4.3586664,12.245659,5.3719683,18.143349,-0.5606825
batch_01400_patch.tiff,patch_70,7.892133,12.778021,12.811612,15.1507015,-2.5992386
batch_01400_patch.tiff,patch_71,6.3740387,8.721783,2.148298,19.602722,-1.7275676
batch_01400_patch.tiff,patch_72,8.879769,11.515387,5.57789,19.184948,-0.06774706
batch_01400_patch.tiff,patch_73,5.383527,5.3997545,6.9672084,19.525393,-10.023643
batch_01400_patch.tiff,patch_74,2.7494366,6.918372,3.4120848,18.708265,-7.887721
batch_01400_patch.tiff,patch_75,3.9912477,6.173448,-1.810586,18.537596,2.017891
batch_01400_patch.tiff,patch_76,4.0514407,4.2291126,-4.0296354,19.724466,-0.056764904
batch_01400_patch.tiff,patch_77,-1.1280488,10.59311,-0.39028388,11.613677,-3.491346
batch_01400_patch.tiff,patch_78,5.32753,15.2990885,1.0349215,19.829948,-10.418726
batch_01400_patch.tiff,patch_79,14.462752,8.908244,6.708266,24.535725,-1.3934143
batch_01400_patch.tiff,patch_80,17.261152,6.204094,6.560433,22.360025,-2.906934
batch_01400_patch.tiff,patch_81,3.212211,8.489562,11.09603,16.534359,-8.252498
batch_01400_patch.tiff,patch_82,6.201925,11.731716,0.4800137,17.727108,-3.6217554
batch_01400_patch.tiff,patch_83,2.379741,8.430591,5.6239705,21.169613,-7.347803
batch_01400_patch.tiff,patch_84,1.7647566,7.933782,6.304854,19.306349,-9.459135
batch_01400_patch.tiff,patch_85,4.962024,5.475412,-5.03192,15.839163,5.764173
batch_01400_patch.tiff,patch_86,3.7026453,6.690597,-1.6097727,18.65493,0.57959384
batch_01400_patch.tiff,patch_87,5.4012814,8.610451,5.742304,14.634518,-2.6065316
batch_01400_patch.tiff,patch_88,3.6253402,9.007586,2.411193,14.502625,-4.941374
batch_01400_patch.tiff,patch_89,15.365537,9.583257,11.346481,22.170753,-4.913596
batch_01400_patch.tiff,patch_90,17.315329,8.273511,4.613419,22.437117,-1.371691
batch_01400_patch.tiff,patch_91,3.913294,12.6714525,7.004591,15.131447,-5.066164
batch_01400_patch.tiff,patch_92,2.3654528,13.185925,2.107163,18.743761,-6.4197216
batch_01400_patch.tiff,patch_93,2.7281768,7.295396,6.392255,18.934412,-7.871005
batch_01400_patch.tiff,patch_94,3.6366248,6.628209,5.9587574,21.406307,-5.651847
batch_01400_patch.tiff,patch_95,5.158306,3.0846486,-4.158051,20.77436,3.9347234
batch_01400_patch.tiff,patch_96,8.635061,5.7573266,-4.943681,21.284115,2.563083
batch_01400_patch.tiff,patch_97,3.5268006,6.7121935,4.949989,14.10485,-2.514288
batch_01400_patch.tiff,patch_98,7.354853,8.496368,4.3404975,13.729986,-0.49881527
batch_01400_patch.tiff,patch_99,5.5174103,14.547248,7.0409737,16.136349,-4.272656
batch_01400_patch.tiff,patch_100,8.791281,10.049812,15.043647,12.451156,-1.9579123
batch_01400_patch.tiff,patch_101,7.4947968,13.756041,8.3569975,20.0023,-5.7093525
batch_01400_patch.tiff,patch_102,7.292673,12.287903,5.787744,17.668665,-4.48086
batch_01400_patch.tiff,patch_103,3.754092,8.450255,6.1735353,20.515995,-7.564248
batch_01400_patch.tiff,patch_104,3.5607035,6.783532,7.068009,21.428598,-7.9214807
batch_01400_patch.tiff,patch_105,5.93859,5.129187,-3.6419086,19.016169,2.8278258
batch_01400_patch.tiff,patch_106,7.809103,3.664437,-2.486307,18.359701,2.353177
batch_01400_patch.tiff,patch_107,7.225612,11.737226,9.521306,14.558727,-5.212793
batch_01400_patch.tiff,patch_108,3.544995,10.99926,2.213497,13.9338045,0.51944506
batch_01400_patch.tiff,patch_109,14.113614,15.071141,15.776446,16.829288,-0.30076638
batch_01400_patch.tiff,patch_110,10.966792,10.763537,14.600268,16.688772,-1.4443405
batch_01400_patch.tiff,patch_111,4.1983933,12.693807,2.3899946,15.345688,-0.65576905
batch_01400_patch.tiff,patch_112,4.312746,13.468726,3.26835,16.932419,-6.1045785
batch_01400_patch.tiff,patch_113,2.7448468,7.852291,6.4920793,18.988071,-6.7146816
batch_01400_patch.tiff,patch_114,4.277743,8.278281,8.3407,20.599731,-5.113463
batch_01400_patch.tiff,patch_115,16.742046,5.444768,7.9754305,21.838137,-1.0014669
batch_01400_patch.tiff,patch_116,11.6615925,5.907946,8.455714,23.665813,-8.678787
batch_01400_patch.tiff,patch_117,8.0149555,3.393171,-2.192493,17.31599,0.7985555
batch_01400_patch.tiff,patch_118,9.125771,3.266042,-2.0681794,18.74191,1.5368325
batch_01400_patch.tiff,patch_119,0.04822801,11.324937,0.79921913,11.645619,-1.569808
batch_01400_patch.tiff,patch_120,4.054213,10.772288,8.50568,12.39257,-5.223899
batch_01400_patch.tiff,patch_121,8.096941,11.669199,2.0522847,16.321198,0.5126515
batch_01400_patch.tiff,patch_122,10.022587,13.77766,12.139873,18.91603,0.23383692
batch_01400_patch.tiff,patch_123,2.553399,12.075479,5.702085,15.583793,-5.87763
batch_01400_patch.tiff,patch_124,5.315643,10.860728,6.9399066,17.937984,-5.813921
batch_01400_patch.tiff,patch_125,3.712004,8.832603,1.781902,18.806273,-3.5189493
batch_01400_patch.tiff,patch_126,3.9156933,7.16824,4.139927,18.97953,-3.278697
batch_01400_patch.tiff,patch_127,12.656722,8.162559,7.662516,24.570328,-6.204853
batch_01400_patch.tiff,patch_128,17.950098,6.688588,11.8934965,22.175861,-9.413608
batch_01400_patch.tiff,patch_129,11.243279,9.058571,1.8081115,17.773876,2.585544
batch_01400_patch.tiff,patch_130,7.986475,7.302625,-1.2892728,21.859818,1.2601628
batch_01400_patch.tiff,patch_131,7.1257377,10.147294,5.1395826,13.886495,-2.4582293
batch_01400_patch.tiff,patch_132,1.2304221,14.430248,-0.9193796,10.8298235,-7.078722
batch_01400_patch.tiff,patch_133,7.3102055,13.833866,5.0950804,17.295986,-2.8724222
batch_01400_patch.tiff,patch_134,10.251326,10.806287,16.354385,17.55723,-1.4901547
batch_01400_patch.tiff,patch_135,5.6063166,9.699521,8.045402,16.577314,-7.464051
batch_01400_patch.tiff,patch_136,5.51117,11.61855,0.39184818,16.775839,-1.1067431
batch_01400_patch.tiff,patch_137,5.8820496,8.551036,4.6455812,23.002594,-5.463126
batch_01400_patch.tiff,patch_138,2.1900275,9.09121,8.44344,18.311102,-8.866695
batch_01400_patch.tiff,patch_139,9.828558,6.943294,9.983602,17.328327,-5.2902803
batch_01400_patch.tiff,patch_140,12.916138,5.9965506,10.872239,17.465458,-3.9648466
batch_01400_patch.tiff,patch_141,5.341553,8.782707,1.9464529,12.373747,-2.8069642
batch_01400_patch.tiff,patch_142,4.5245295,15.491142,2.4031332,18.044558,-6.358098
batch_01400_patch.tiff,patch_143,5.174836,11.890228,5.7461452,15.265904,-5.3886976
batch_01400_patch.tiff,patch_144,0.20998882,10.443256,5.6585917,12.418463,-6.061449
batch_01400_patch.tiff,patch_145,9.727834,8.609407,13.368159,17.15234,-2.9591074
batch_01400_patch.tiff,patch_146,12.88111,13.926551,13.276463,20.07564,-8.683608
batch_01400_patch.tiff,patch_147,14.940455,4.9997835,12.466271,18.488234,-8.200449
batch_01400_patch.tiff,patch_148,14.98049,5.839033,14.837601,20.84505,-9.221049
batch_01400_patch.tiff,patch_149,4.264265,8.961676,6.038433,20.592262,-4.3757906
batch_01400_patch.tiff,patch_150,3.47643,7.471765,7.2062173,18.487698,-6.686016
batch_01400_patch.tiff,patch_151,4.8679953,10.334139,8.338501,11.960043,-2.8155787
batch_01400_patch.tiff,patch_152,3.4360313,9.367521,0.011054466,12.824499,-1.5919509
batch_01400_patch.tiff,patch_153,0.6705958,9.100026,8.846568,14.778956,-6.974497
batch_01400_patch.tiff,patch_154,5.3936095,8.72974,8.094781,12.364865,-6.587601
batch_01400_patch.tiff,patch_155,11.025109,10.249596,6.3179464,15.273894,4.1347995
batch_01400_patch.tiff,patch_156,12.948646,13.688084,8.787511,18.339437,2.4793942
batch_01400_patch.tiff,patch_157,17.463863,3.1323621,17.211006,21.411434,-9.882234
batch_01400_patch.tiff,patch_158,12.8109255,5.861772,12.310853,20.737888,-5.587797
batch_01400_patch.tiff,patch_159,4.4480796,8.135855,6.7784796,17.758228,-4.326112
batch_01400_patch.tiff,patch_160,4.3257422,5.9137053,3.526789,16.96875,-4.871181
batch_01400_patch.tiff,patch_161,10.258772,8.248906,5.0572724,19.921062,3.2705357
batch_01400_patch.tiff,patch_162,12.832209,8.074027,7.348354,17.709871,1.4938217
batch_01400_patch.tiff,patch_163,4.318447,7.8484707,3.8096569,10.298965,-0.3161914
batch_01400_patch.tiff,patch_164,6.8422565,8.693541,7.519442,11.317784,-0.7061934
batch_01400_patch.tiff,patch_165,10.941214,14.242816,8.028036,18.459112,-2.5429332
batch_01400_patch.tiff,patch_166,9.5280905,11.432396,12.094297,17.638063,-0.81705517
batch_01400_patch.tiff,patch_167,6.763016,8.599457,14.832311,14.442621,-2.2217393
batch_01400_patch.tiff,patch_168,10.924319,10.322183,9.135396,19.681463,2.3841493
batch_01400_patch.tiff,patch_169,16.135986,6.550079,11.958326,20.850052,-3.8140528
batch_01400_patch.tiff,patch_170,18.092508,7.815169,9.7648115,23.782364,-4.3175697
batch_01450_patch.tiff,patch_0,6.987447,12.885284,2.791616,16.64558,-5.548954
batch_01450_patch.tiff,patch_1,5.3932886,12.162002,6.6625104,19.623232,-1.3275284
batch_01450_patch.tiff,patch_2,12.749279,10.663745,12.085909,21.634422,-3.4840543
batch_01450_patch.tiff,patch_3,14.776155,4.1217356,9.44646,22.44018,-5.1394987
batch_01450_patch.tiff,patch_4,5.514925,12.514121,7.304278,15.991339,-5.35245
batch_01450_patch.tiff,patch_5,7.205701,6.3428583,9.583533,15.788542,-3.336272
batch_01450_patch.tiff,patch_6,7.0288553,7.3684688,-1.9465559,14.150313,5.075415
batch_01450_patch.tiff,patch_7,7.1751804,7.5263104,-4.6983724,15.446532,5.8239303
batch_01450_patch.tiff,patch_8,7.9607954,6.1984987,-4.6334653,20.954601,3.3268511
batch_01450_patch.tiff,patch_9,8.331662,6.0711837,-2.4340959,15.963053,3.1914625
batch_01450_patch.tiff,patch_10,8.634229,6.6383376,-0.76738816,17.71654,3.2619522
batch_01450_patch.tiff,patch_11,6.9062815,5.090365,-1.3095928,17.25813,-0.09396773
batch_01450_patch.tiff,patch_12,8.360719,8.704111,-1.9961624,24.621058,4.31574
batch_01450_patch.tiff,patch_13,3.5131776,10.59146,10.846662,17.443048,-9.126909
batch_01450_patch.tiff,patch_14,4.222082,11.8053665,4.733858,20.178398,-7.9320045
batch_01450_patch.tiff,patch_15,15.084937,9.401673,11.095895,25.81621,0.23912522
batch_01450_patch.tiff,patch_16,13.077262,7.532136,11.956864,21.14266,-4.807712
batch_01450_patch.tiff,patch_17,1.1585246,5.868873,4.730423,11.646604,-6.598024
batch_01450_patch.tiff,patch_18,5.4376597,7.5524745,11.019058,13.918005,-6.4094977
batch_01450_patch.tiff,patch_19,11.94057,6.673236,4.2784133,17.976412,2.4665737
batch_01450_patch.tiff,patch_20,9.929556,7.145086,1.6678345,15.133802,7.577068
batch_01450_patch.tiff,patch_21,7.934857,7.11238,-0.7419624,16.505465,1.8657749
batch_01450_patch.tiff,patch_22,10.723428,5.873979,2.3016949,16.351456,-1.44873
batch_01450_patch.tiff,patch_23,4.3973927,6.244154,-4.7902656,19.868717,3.4651792
batch_01450_patch.tiff,patch_24,3.5806549,3.2044785,0.17993227,18.954401,-2.033366
batch_01450_patch.tiff,patch_25,8.252552,5.1802216,-4.091354,16.442698,3.7754476
batch_01450_patch.tiff,patch_26,9.409773,10.950689,5.0329237,17.724058,1.1546686
batch_01450_patch.tiff,patch_27,3.8595805,9.101606,4.372531,16.685497,1.3668557
batch_01450_patch.tiff,patch_28,5.651355,5.9489827,11.963559,14.154189,-5.9012365
batch_01450_patch.tiff,patch_29,4.768292,6.65877,11.474031,14.007661,-4.824005
batch_01450_patch.tiff,patch_30,5.4853945,5.34468,1.0887047,16.196579,-1.9706475
batch_01450_patch.tiff,patch_31,9.899193,5.547759,2.8240874,17.263443,-0.22387992
batch_01450_patch.tiff,patch_32,9.441975,6.997104,-3.469768,15.128071,0.8197181
batch_01450_patch.tiff,patch_33,12.891235,7.3502207,1.1345285,15.454264,3.03664
batch_01450_patch.tiff,patch_34,14.488566,7.471001,12.718491,21.39948,-8.32318
batch_01450_patch.tiff,patch_35,11.461666,4.520436,11.562075,19.788849,-10.03603
batch_01450_patch.tiff,patch_36,7.527199,7.960547,9.652617,14.333931,-2.7076793
batch_01450_patch.tiff,patch_37,7.652486,9.340905,3.3619552,17.828417,-1.2813165
batch_01450_patch.tiff,patch_38,7.6242986,8.144,5.9767613,16.290102,-1.4396026
batch_01450_patch.tiff,patch_39,3.814844,10.094025,13.261533,16.225328,-7.518246
batch_01450_patch.tiff,patch_40,4.2679143,7.6574907,9.305594,12.430891,-6.2586083
batch_01450_patch.tiff,patch_41,5.7764535,7.36085,1.0944189,16.234886,-2.236035
batch_01450_patch.tiff,patch_42,7.1345935,8.613083,0.87060106,17.051317,-0.7187094
batch_01450_patch.tiff,patch_43,9.861836,6.0170727,-1.1449496,17.488146,2.9268854
batch_01450_patch.tiff,patch_44,8.405332,3.7200532,0.18864848,14.485037,-3.3128495
batch_01450_patch.tiff,patch_45,11.14156,8.379466,3.9673965,24.099552,-0.85866916
batch_01450_patch.tiff,patch_46,13.959218,9.593697,16.405197,22.605305,-9.854355
batch_01450_patch.tiff,patch_47,10.690938,7.5489454,7.674795,15.426146,-2.3962448
batch_01450_patch.tiff,patch_48,7.4903164,6.88076,4.530231,19.24242,-2.7238443
batch_01450_patch.tiff,patch_49,7.9693327,7.80339,5.466067,19.940224,-4.9628434
batch_01450_patch.tiff,patch_50,-1.2471753,8.757861,6.4064603,11.34101,-5.8230734
batch_01450_patch.tiff,patch_51,1.9100074,9.118977,10.12925,13.812513,-6.6473126
batch_01450_patch.tiff,patch_52,7.1694794,6.2801967,-2.8696415,16.234886,0.15317537
batch_01450_patch.tiff,patch_53,6.4752617,5.5646086,2.7200506,15.358507,-0.62482697
batch_01450_patch.tiff,patch_54,9.581169,9.78668,-0.9049966,17.653366,1.9606038
batch_01450_patch.tiff,patch_55,12.760641,7.3937984,1.754874,19.812708,2.6492927
batch_01450_patch.tiff,patch_56,6.1086063,5.527668,-2.05072,17.306147,2.7210407
batch_01450_patch.tiff,patch_57,5.884133,6.234436,-4.791615,18.169262,2.4757206
batch_01450_patch.tiff,patch_58,7.443121,9.287508,9.260347,17.230135,-2.8130443
batch_01450_patch.tiff,patch_59,9.676536,5.427496,6.444414,16.334465,-2.4883888
batch_01450_patch.tiff,patch_60,8.477047,12.646347,5.842851,17.227304,-1.5441774
batch_01450_patch.tiff,patch_61,0.694249,6.82506,8.160794,11.980682,-5.822252
batch_01450_patch.tiff,patch_62,3.2886415,9.578486,10.5929365,16.839464,-7.1894703
batch_01450_patch.tiff,patch_63,12.866383,8.479517,4.633913,19.430872,2.7898903
batch_01450_patch.tiff,patch_64,12.494544,11.280881,-1.3844188,19.958689,-3.4446645
batch_01450_patch.tiff,patch_65,4.804083,8.532885,-2.382742,18.710272,-0.16090143
batch_01450_patch.tiff,patch_66,9.556568,6.441319,0.58634955,19.654816,0.7489584
batch_01450_patch.tiff,patch_67,4.8873315,4.0633674,-1.1054536,16.236969,1.9631613
batch_01450_patch.tiff,patch_68,3.3250906,6.346918,-6.297134,18.155304,0.19256201
batch_01450_patch.tiff,patch_69,5.2687635,8.635108,1.1685853,18.582073,-1.2132256
batch_01450_patch.tiff,patch_70,6.588919,6.731097,-0.063221626,16.959068,-1.23104
batch_01450_patch.tiff,patch_71,8.241574,7.7518663,4.554263,13.715386,0.1344498
batch_01450_patch.tiff,patch_72,20.218267,7.274608,12.293116,22.75768,-1.1184287
batch_01450_patch.tiff,patch_73,15.519308,8.198541,15.927696,21.005417,-5.713064
batch_01450_patch.tiff,patch_74,6.0798163,8.75766,2.2314477,17.86171,-3.1856673
batch_01450_patch.tiff,patch_75,6.0267477,8.74903,-0.7377845,16.583668,-3.24921
batch_01450_patch.tiff,patch_76,7.853849,7.146781,1.3507583,18.558315,-2.7482905
batch_01450_patch.tiff,patch_77,8.21525,8.2743845,3.787463,15.624593,-0.5159882
batch_01450_patch.tiff,patch_78,3.9971054,5.587185,-0.03701055,16.594618,1.3351029
batch_01450_patch.tiff,patch_79,6.253633,5.506561,-1.9141834,18.511879,2.654648
batch_01450_patch.tiff,patch_80,5.6099052,8.268277,3.5402057,17.365032,-2.186532
batch_01450_patch.tiff,patch_81,4.6517625,7.4236403,-0.03015993,18.159388,-1.5706269
batch_01450_patch.tiff,patch_82,9.730005,12.411069,2.4052866,24.997124,-2.6276367
batch_01450_patch.tiff,patch_83,19.796621,9.755085,9.458838,22.89637,-3.466603
batch_01450_patch.tiff,patch_84,10.968176,9.226082,-0.03081858,18.43103,3.59751
batch_01450_patch.tiff,patch_85,9.820348,8.040556,0.0016578812,18.211136,3.0522394
batch_01450_patch.tiff,patch_86,6.9705524,6.083684,3.984184,17.398468,-2.6462913
batch_01450_patch.tiff,patch_87,7.801504,8.308504,6.729558,16.107458,-2.5157785
batch_01450_patch.tiff,patch_88,6.6758795,5.9141126,-6.627715,19.061726,3.0029302
batch_01450_patch.tiff,patch_89,7.1374273,5.7723885,-3.922735,17.912758,3.6876197
batch_01450_patch.tiff,patch_90,12.278686,7.3600655,10.584499,19.109838,-2.6441505
batch_01450_patch.tiff,patch_91,8.482545,8.950254,6.0133877,18.23945,-2.1308684
batch_01450_patch.tiff,patch_92,13.803004,10.735967,9.195486,18.13775,2.8754382
batch_01450_patch.tiff,patch_93,11.199544,3.90362,6.054665,13.328701,-0.39965317
batch_01450_patch.tiff,patch_94,5.0943775,6.049028,3.088917,16.121367,-2.6607087
batch_01450_patch.tiff,patch_95,10.60701,8.361405,4.09655,19.694977,1.0657843
batch_01450_patch.tiff,patch_96,9.954485,4.642396,1.5871142,17.801369,-0.46156567
batch_01450_patch.tiff,patch_97,9.518057,4.8649826,5.8162184,16.972523,-5.278063
batch_01450_patch.tiff,patch_98,8.351595,5.0814834,0.3703683,16.69874,0.14871402
batch_01450_patch.tiff,patch_99,9.122281,3.755883,-2.4348001,18.205502,0.21300963
batch_01450_patch.tiff,patch_100,7.813347,9.178647,7.275895,18.559397,-2.2651875
batch_01450_patch.tiff,patch_101,6.5464525,7.6967955,7.9165554,16.809309,-4.842677
batch_01450_patch.tiff,patch_102,10.417885,8.794951,11.313664,15.238923,-3.0064192
batch_01450_patch.tiff,patch_103,14.629497,13.869814,16.751339,19.83133,-3.2877367
batch_01450_patch.tiff,patch_104,6.9158835,6.58617,-5.62414,15.173797,11.673778
batch_01450_patch.tiff,patch_105,12.597854,6.791934,-2.3136442,16.661568,8.386612
batch_01450_patch.tiff,patch_106,7.911069,9.655257,-0.33506098,18.985321,3.516633
batch_01450_patch.tiff,patch_107,8.434484,6.298916,3.837448,19.201708,-1.6548077
batch_01450_patch.tiff,patch_108,11.1623,7.7212896,-0.30570424,20.22554,3.212003
batch_01450_patch.tiff,patch_109,9.268618,8.449761,-2.2168534,18.297161,2.407691
batch_01450_patch.tiff,patch_110,8.785485,7.165617,-1.8366221,18.572584,-0.55277973
batch_01450_patch.tiff,patch_111,7.2105765,7.1230526,5.6803346,16.631695,-3.9039092
batch_01450_patch.tiff,patch_112,11.176638,10.73848,7.1018996,19.063925,-1.2672069
batch_01450_patch.tiff,patch_113,10.884037,5.9850116,7.589443,18.93575,-1.3798567
batch_01450_patch.tiff,patch_114,6.3585153,9.386431,6.322532,16.566326,0.13321152
batch_01450_patch.tiff,patch_115,6.48614,9.197805,-5.890555,16.260548,8.854958
batch_01450_patch.tiff,patch_116,8.489206,7.5199914,-1.8856221,14.8975315,7.095787
batch_01450_patch.tiff,patch_117,11.800101,8.536594,-1.022532,18.8483,-0.26129082
batch_01450_patch.tiff,patch_118,9.16425,10.062384,-2.6216671,23.13002,3.2752054
batch_01450_patch.tiff,patch_119,9.351895,8.322062,-3.307544,21.617622,5.0363483
batch_01450_patch.tiff,patch_120,7.015856,6.2564554,-2.8038914,20.219557,-2.5057383
batch_01450_patch.tiff,patch_121,6.167296,7.118563,-2.0336661,17.162205,1.7903628
batch_01450_patch.tiff,patch_122,8.2719755,6.1419187,-2.5266328,20.612518,3.4180722
batch_01450_patch.tiff,patch_123,7.3215904,7.8174105,2.60327,18.297222,-0.57721835
batch_01450_patch.tiff,patch_124,5.905389,8.773525,5.712766,20.277182,-2.458752
batch_01450_patch.tiff,patch_125,11.745126,12.500583,11.225581,23.471865,-0.18642935
batch_01450_patch.tiff,patch_126,7.669783,10.634999,5.0104604,19.345545,-2.512135
batch_01450_patch.tiff,patch_127,6.238613,7.0969043,-4.5748796,13.798893,11.857518
batch_01450_patch.tiff,patch_128,13.45597,8.237901,1.908237,16.2969,5.8598995
batch_01450_patch.tiff,patch_129,10.185574,10.750509,1.1496336,19.624628,1.1290972
batch_01450_patch.tiff,patch_130,8.044259,5.675775,2.6465895,17.480227,3.1046195
batch_01450_patch.tiff,patch_131,6.3417907,4.062594,5.8356686,19.153955,-1.3523663
batch_01450_patch.tiff,patch_132,8.4432125,7.445456,0.45206654,19.719759,0.0660464
batch_01450_patch.tiff,patch_133,6.321478,6.0188174,-2.4868112,17.665659,0.8984367
batch_01450_patch.tiff,patch_134,6.364099,4.3878603,-3.470928,16.354385,-0.055297777
batch_01450_patch.tiff,patch_135,11.687603,1.8491696,1.498593,20.840462,1.1452477
batch_01450_patch.tiff,patch_136,11.709537,4.776206,4.1478014,12.421456,5.479578
batch_01450_patch.tiff,patch_137,6.8252788,6.6972036,5.8561425,19.243683,1.2736707
batch_01450_patch.tiff,patch_138,12.52573,10.074458,8.441503,24.517813,-6.008528
batch_01450_patch.tiff,patch_139,14.866431,7.4735546,14.641208,22.737902,-6.9251013
batch_01450_patch.tiff,patch_140,7.8928595,7.383787,-0.33058336,19.357376,3.1314328
batch_01450_patch.tiff,patch_141,4.207531,6.5369763,1.9865315,16.902311,-4.662364
batch_01450_patch.tiff,patch_142,5.8225613,6.464277,1.2916753,19.368315,0.95306087
batch_01450_patch.tiff,patch_143,13.534837,8.1708145,-1.0057503,17.643076,5.648862
batch_01450_patch.tiff,patch_144,6.9459763,7.660811,5.615655,20.353977,-5.250615
batch_01450_patch.tiff,patch_145,6.973012,7.766187,7.350468,18.78453,-2.541593
batch_01450_patch.tiff,patch_146,13.452052,5.0172215,6.870379,14.552262,3.4707756
batch_01450_patch.tiff,patch_147,11.311206,9.571483,0.28146195,16.200104,10.239634
batch_01450_patch.tiff,patch_148,9.956808,6.666462,2.3455248,25.68477,-2.817317
batch_01450_patch.tiff,patch_149,19.456114,9.778972,11.408217,25.289186,-4.0493445
batch_01450_patch.tiff,patch_150,6.0760536,5.3295436,1.6601303,21.155706,-1.3683305
batch_01450_patch.tiff,patch_151,10.31194,4.9264183,9.849206,20.386898,-1.7653748
batch_01450_patch.tiff,patch_152,3.525713,5.7181764,-2.2976096,17.84892,2.8663225
batch_01450_patch.tiff,patch_153,5.598078,9.388497,-3.4456885,19.220976,1.7669613
batch_01450_patch.tiff,patch_154,9.046057,6.963289,11.218194,17.138376,-1.8138418
batch_01450_patch.tiff,patch_155,11.775688,8.234114,11.721277,19.972664,-2.828077
batch_01450_patch.tiff,patch_156,5.597801,9.846394,12.799082,14.592691,-4.7568293
batch_01450_patch.tiff,patch_157,6.0660734,14.2718725,10.3223505,20.350645,-4.315539
batch_01450_patch.tiff,patch_158,11.950961,9.431278,1.0987178,18.10657,-0.80048233
batch_01450_patch.tiff,patch_159,13.225783,6.600844,1.41921,16.879618,2.445088
batch_01450_patch.tiff,patch_160,6.1419806,5.945453,4.5048447,15.724987,-1.678447
batch_01450_patch.tiff,patch_161,12.081679,7.7258177,1.1869445,19.681852,1.9136634
batch_01450_patch.tiff,patch_162,9.1683235,6.9751263,11.886755,17.529997,-0.5614135
batch_01450_patch.tiff,patch_163,9.767183,6.67897,5.608598,17.338858,0.59641236
batch_01450_patch.tiff,patch_164,7.3506436,9.537857,-3.2279885,18.73135,4.2105913
batch_01450_patch.tiff,patch_165,5.316386,8.480573,-2.5896528,20.191832,2.955011
batch_01500_patch.tiff,patch_0,7.819464,5.8701305,6.5516644,16.482939,-2.06768
batch_01500_patch.tiff,patch_1,3.174611,9.809511,2.9475713,17.711094,-2.3506
batch_01500_patch.tiff,patch_2,15.289124,14.178211,4.156568,25.911043,-3.8285654
batch_01500_patch.tiff,patch_3,20.36325,14.775842,10.6707735,23.011177,-5.1939893
batch_01500_patch.tiff,patch_4,9.408517,13.324352,5.229271,16.840961,-4.727675
batch_01500_patch.tiff,patch_5,4.647905,9.782071,3.2372568,20.062346,-5.6858582
batch_01500_patch.tiff,patch_6,14.250853,4.24547,12.6244335,21.054726,-3.4444628
batch_01500_patch.tiff,patch_7,11.530583,6.189222,10.518263,21.26221,-8.8149605
batch_01500_patch.tiff,patch_8,10.51935,3.2875667,1.6306355,15.646469,-4.6502595
batch_01500_patch.tiff,patch_9,7.616651,6.229964,3.0795639,18.321716,-3.3515422
batch_01500_patch.tiff,patch_10,12.444096,2.0456512,6.648155,17.53066,-5.5591707
batch_01500_patch.tiff,patch_11,13.663615,13.247785,10.422433,24.311817,-1.5888472
batch_01500_patch.tiff,patch_12,9.486057,7.78583,6.7294626,16.502542,-2.7179146
batch_01500_patch.tiff,patch_13,7.611517,6.915906,7.2154584,15.435009,-2.9629087
batch_01500_patch.tiff,patch_14,17.786077,13.243978,12.162495,24.74216,-6.6736164
batch_01500_patch.tiff,patch_15,4.378503,7.59295,1.1439155,18.28765,-5.340275
batch_01500_patch.tiff,patch_16,8.532847,9.649023,5.581177,19.41909,-4.0869083
batch_01500_patch.tiff,patch_17,11.965767,5.6663465,8.131353,22.806486,-9.86521
batch_01500_patch.tiff,patch_18,11.566824,6.654401,13.5350275,19.988918,-10.650867
batch_01500_patch.tiff,patch_19,10.936523,4.0837016,6.2920413,14.580354,-5.547966
batch_01500_patch.tiff,patch_20,8.216027,3.6066759,3.4342687,16.113897,-2.9580362
batch_01500_patch.tiff,patch_21,7.3659935,3.3379571,6.804105,20.134813,-11.061576
batch_01500_patch.tiff,patch_22,12.330671,9.9676285,3.8869102,22.318928,3.9588397
batch_01500_patch.tiff,patch_23,7.760025,12.01194,6.5616245,21.127403,-4.7605567
batch_01500_patch.tiff,patch_24,6.8607383,9.873755,6.3179154,15.880219,-3.1541426
batch_01500_patch.tiff,patch_25,7.015242,6.725908,6.426834,15.440843,-3.3984084
batch_01500_patch.tiff,patch_26,16.939365,20.321646,13.27041,26.852339,-6.001758
batch_01500_patch.tiff,patch_27,16.503912,20.382801,8.093781,27.651814,-2.36642
batch_01500_patch.tiff,patch_28,7.5038114,8.163119,1.2156144,18.66286,-5.7837763
batch_01500_patch.tiff,patch_29,7.7228093,9.139869,3.0020008,19.454763,-4.773409
batch_01500_patch.tiff,patch_30,8.461953,1.7070792,1.930043,15.70876,-4.031601
batch_01500_patch.tiff,patch_31,8.780502,4.744955,1.1237516,18.08363,-1.4515104
batch_01500_patch.tiff,patch_32,7.8520727,8.105199,4.546785,21.089806,-3.653392
batch_01500_patch.tiff,patch_33,7.277546,11.303458,-4.2284327,22.112112,-0.20909932
batch_01500_patch.tiff,patch_34,12.03643,9.360804,7.9704185,18.96439,-8.021521
batch_01500_patch.tiff,patch_35,4.9281163,10.538724,3.2178216,13.2838125,-5.467924
batch_01500_patch.tiff,patch_36,7.4979453,6.655366,6.885032,16.800386,-4.022421
batch_01500_patch.tiff,patch_37,18.255125,16.30082,13.167192,20.855843,-6.5279074
batch_01500_patch.tiff,patch_38,8.472398,9.279587,3.6808732,19.375237,-7.851355
batch_01500_patch.tiff,patch_39,8.532033,11.098233,3.845128,17.472607,-6.5184603
batch_01500_patch.tiff,patch_40,8.706688,2.8050077,6.137018,17.637064,-1.9096103
batch_01500_patch.tiff,patch_41,8.634915,2.1585133,3.5936444,19.562653,-2.6521542
batch_01500_patch.tiff,patch_42,5.6167703,10.87451,-5.3025956,21.768915,-5.1574974
batch_01500_patch.tiff,patch_43,4.9471073,11.202462,-5.184881,20.033989,-1.3141391
batch_01500_patch.tiff,patch_44,15.437335,4.517245,8.196534,17.190508,-6.4809594
batch_01500_patch.tiff,patch_45,14.111709,5.8347645,6.051898,19.172485,-7.026314
batch_01500_patch.tiff,patch_46,17.755573,5.2872887,16.53771,21.469057,-6.852172
batch_01500_patch.tiff,patch_47,18.02243,9.815651,11.832226,24.404783,-3.4989312
batch_01500_patch.tiff,patch_48,6.9795847,10.482637,-3.5943694,16.575996,-5.8002467
batch_01500_patch.tiff,patch_49,7.260985,6.385374,4.5951595,14.835393,-7.3115616
batch_01500_patch.tiff,patch_50,8.706871,6.871955,4.098394,18.290186,-3.8909266
batch_01500_patch.tiff,patch_51,10.368834,11.831088,4.4888473,18.342623,-4.3375287
batch_01500_patch.tiff,patch_52,8.15055,3.2251163,2.2261772,17.668015,-2.7396405
batch_01500_patch.tiff,patch_53,7.877753,2.749153,1.2114637,15.258294,-0.7537823
batch_01500_patch.tiff,patch_54,5.8718567,10.58594,-4.5122623,19.0007,-0.91756815
batch_01500_patch.tiff,patch_55,6.859403,11.333323,-4.9100814,22.059662,-0.94139284
batch_01500_patch.tiff,patch_56,10.947968,12.311971,6.730811,24.06331,-2.846771
batch_01500_patch.tiff,patch_57,12.173346,4.0836725,4.1907635,17.470566,-2.8415594
batch_01500_patch.tiff,patch_58,5.163111,10.636859,-3.600154,16.847975,-6.0113297
batch_01500_patch.tiff,patch_59,8.443025,10.190146,0.41917053,17.244865,-3.8641348
batch_01500_patch.tiff,patch_60,8.147867,8.322496,0.36263558,14.873435,-5.928595
batch_01500_patch.tiff,patch_61,11.765787,9.36938,3.3171659,21.237078,-3.9917345
batch_01500_patch.tiff,patch_62,3.2482972,6.3647985,-0.11644023,18.365072,-0.67879075
batch_01500_patch.tiff,patch_63,9.514104,2.206836,4.375276,14.8304205,-6.1433597
batch_01500_patch.tiff,patch_64,6.815261,11.878531,2.7261872,23.90473,-4.3520417
batch_01500_patch.tiff,patch_65,5.4221077,7.2495027,-4.3489723,19.862398,-3.313838
batch_01500_patch.tiff,patch_66,12.587162,11.798937,10.572654,23.034801,-3.283166
batch_01500_patch.tiff,patch_67,9.193746,6.636826,13.166791,19.599493,-2.9566505
batch_01500_patch.tiff,patch_68,6.717739,11.3968525,7.3077707,17.360004,-3.928332
batch_01500_patch.tiff,patch_69,5.313956,9.853885,6.15956,15.742501,-3.6631904
batch_01500_patch.tiff,patch_70,9.694586,12.9966,2.410018,15.436777,-4.817016
batch_01500_patch.tiff,patch_71,9.047433,8.244194,1.1509411,19.44418,-4.735682
batch_01500_patch.tiff,patch_72,4.26665,9.17686,-4.5393767,15.7091,-11.134455
batch_01500_patch.tiff,patch_73,8.692089,5.301709,-0.29618946,19.245398,-2.9414556
batch_01500_patch.tiff,patch_74,4.550257,8.813007,-2.297455,19.306028,0.64592993
batch_01500_patch.tiff,patch_75,16.550896,7.440627,16.352623,21.922863,-9.40923
batch_01500_patch.tiff,patch_76,12.954627,5.0612555,12.612356,20.957445,-6.895179
batch_01500_patch.tiff,patch_77,7.5324717,7.1188703,7.1653104,19.696138,-1.7804523
batch_01500_patch.tiff,patch_78,11.4016485,9.966347,14.315952,21.786871,-6.2892222
batch_01500_patch.tiff,patch_79,4.977335,8.742078,3.3588707,17.626543,-4.793911
batch_01500_patch.tiff,patch_80,5.3361893,10.070019,4.0776815,15.384133,-3.6759176
batch_01500_patch.tiff,patch_81,3.603179,9.169808,-1.9578257,16.956194,-6.432851
batch_01500_patch.tiff,patch_82,8.4954,6.5589247,4.914898,18.15104,-6.5451317
batch_01500_patch.tiff,patch_83,2.8964345,9.902193,0.5509331,16.340017,-8.707822
batch_01500_patch.tiff,patch_84,10.709959,4.5576878,4.1945796,21.595146,-2.708466
batch_01500_patch.tiff,patch_85,9.675401,8.872089,1.8694862,21.21328,-2.1025145
batch_01500_patch.tiff,patch_86,11.629336,6.029603,11.868328,22.376549,-9.547061
batch_01500_patch.tiff,patch_87,16.572495,7.331222,5.005226,21.24138,-5.449356
batch_01500_patch.tiff,patch_88,14.067244,7.276027,7.6757884,18.22025,-3.3931298
batch_01500_patch.tiff,patch_89,14.309157,10.739312,11.906979,22.82357,-2.7852736
batch_01500_patch.tiff,patch_90,8.688478,7.271522,4.6276183,12.153688,-0.48887783
batch_01500_patch.tiff,patch_91,4.0004025,10.054256,3.9726999,19.06361,-1.0232847
batch_01500_patch.tiff,patch_92,10.415707,14.040755,0.22502053,18.984226,-6.8954306
batch_01500_patch.tiff,patch_93,13.749354,10.977399,6.0401807,17.541176,-5.8022213
batch_01500_patch.tiff,patch_94,11.789921,9.0302725,5.5685387,20.659107,-5.0112834
batch_01500_patch.tiff,patch_95,11.314337,1.5583928,1.9792774,17.903717,-2.6927726
batch_01500_patch.tiff,patch_96,8.479672,3.7976885,0.33300903,16.964537,-0.32541522
batch_01500_patch.tiff,patch_97,5.485317,9.834414,-6.6688848,21.40415,-1.2488934
batch_01500_patch.tiff,patch_98,7.3886914,6.9768887,6.0000243,22.004715,-5.5344257
batch_01500_patch.tiff,patch_99,13.27774,8.498102,7.856821,20.588793,-3.6469927
batch_01500_patch.tiff,patch_100,8.419883,12.004544,7.5413184,24.67573,-4.610017
batch_01500_patch.tiff,patch_101,6.2856793,7.968825,3.8711705,15.409268,-2.0526443
batch_01500_patch.tiff,patch_102,8.342274,6.5062613,5.596403,17.147732,-1.8059977
batch_01500_patch.tiff,patch_103,10.718218,9.466563,4.876228,18.662498,-3.9545822
batch_01500_patch.tiff,patch_104,7.8152494,10.177811,1.037034,16.847193,-6.1404967
batch_01500_patch.tiff,patch_105,8.211855,7.0448136,8.70073,17.111261,-8.023873
batch_01500_patch.tiff,patch_106,7.5604014,6.892142,0.9077371,18.501406,0.91111416
batch_01500_patch.tiff,patch_107,12.302101,6.611873,4.1187854,19.42561,0.25287557
batch_01500_patch.tiff,patch_108,11.975701,3.5175934,3.5402477,18.621235,0.18934156
batch_01500_patch.tiff,patch_109,8.907047,11.4057455,-3.2950983,19.585135,1.8915845
batch_01500_patch.tiff,patch_110,4.50744,12.074952,-6.3919344,19.499523,-0.07396224
batch_01500_patch.tiff,patch_111,7.419042,8.897903,8.149702,23.848537,-5.8192916
batch_01500_patch.tiff,patch_112,6.7730284,10.05473,8.017961,21.066664,-7.2252316
batch_01500_patch.tiff,patch_113,5.682396,5.6136928,-3.4603167,15.983133,4.3688884
batch_01500_patch.tiff,patch_114,4.7592497,5.7518187,2.8572485,17.36538,-1.2442602
batch_01500_patch.tiff,patch_115,16.02975,6.999686,15.071471,22.061533,-8.278013
batch_01500_patch.tiff,patch_116,9.746742,10.512378,5.425198,25.070744,-3.3386316
batch_01500_patch.tiff,patch_117,5.92916,8.649565,-0.5365351,19.643415,-1.2051508
batch_01500_patch.tiff,patch_118,5.431515,7.1060457,-3.2446625,19.299261,1.0138662
batch_01500_patch.tiff,patch_119,11.614353,2.124853,3.4807498,17.3444,-2.4321432
batch_01500_patch.tiff,patch_120,6.275122,3.8921807,1.3565217,14.96129,-3.285787
batch_01500_patch.tiff,patch_121,8.815477,5.2803297,-4.1185355,18.07625,-2.5379877
batch_01500_patch.tiff,patch_122,6.031453,8.044345,-1.8879387,18.366997,3.2061224
batch_01500_patch.tiff,patch_123,9.892343,11.586942,8.996664,22.682497,-2.6647613
batch_01500_patch.tiff,patch_124,11.578657,11.494302,3.406614,19.907862,3.0034068
batch_01500_patch.tiff,patch_125,5.712626,5.0468974,-4.443412,17.100653,4.002758
batch_01500_patch.tiff,patch_126,6.7622705,5.0923533,2.2832968,16.75464,0.81293905
batch_01500_patch.tiff,patch_127,12.548897,4.9643636,12.349177,20.6943,-6.9844856
batch_01500_patch.tiff,patch_128,10.278586,9.158352,7.5695186,24.924751,-1.0695616
batch_01500_patch.tiff,patch_129,7.393603,4.3477106,1.8484651,16.892708,-3.222487
batch_01500_patch.tiff,patch_130,6.614274,6.5662065,1.9862388,19.090015,-2.157397
batch_01500_patch.tiff,patch_131,9.973427,3.4865806,4.131945,17.846724,-6.6719704
batch_01500_patch.tiff,patch_132,12.164127,3.5991395,6.355368,18.74149,-3.6545002
batch_01500_patch.tiff,patch_133,4.6559253,8.291306,-1.3411833,18.946272,-0.6676439
batch_01500_patch.tiff,patch_134,5.537791,8.4892025,4.955884,20.573845,-4.277613
batch_01500_patch.tiff,patch_135,7.19643,14.444237,12.7895975,20.644817,-5.318147
batch_01500_patch.tiff,patch_136,12.723822,10.586477,4.3711176,21.684505,1.695911
batch_01500_patch.tiff,patch_137,8.179989,8.360786,-2.1264522,15.4707,6.0463862
batch_01500_patch.tiff,patch_138,6.352027,6.5064955,0.52462107,14.636185,4.922507
batch_01500_patch.tiff,patch_139,9.017141,6.586349,2.302503,16.056118,-6.890152
batch_01500_patch.tiff,patch_140,10.089073,10.567728,3.4653866,17.562986,-3.794672
batch_01500_patch.tiff,patch_141,7.6214113,5.6126513,-0.040591586,16.57197,-2.9114003
batch_01500_patch.tiff,patch_142,6.9295244,6.3956704,0.544846,16.787132,-3.4581387
batch_01500_patch.tiff,patch_143,9.029665,6.0320706,4.1412888,16.141705,-1.7425513
batch_01500_patch.tiff,patch_144,11.556222,3.966395,1.752397,13.387987,-5.90929
batch_01500_patch.tiff,patch_145,10.048346,1.4268799,5.86717,16.529934,-5.6833587
batch_01500_patch.tiff,patch_146,11.110558,2.6096628,6.2459836,19.300753,-7.823666
batch_01500_patch.tiff,patch_147,15.278794,9.1434145,11.208834,23.082268,-3.7584581
batch_01500_patch.tiff,patch_148,13.090021,4.7624693,11.148083,20.781084,-8.485243
batch_01500_patch.tiff,patch_149,6.7744694,6.690602,-2.9346528,13.29107,5.5520277
batch_01500_patch.tiff,patch_150,9.263298,8.538893,-2.8491786,17.841698,2.3247952
batch_01500_patch.tiff,patch_151,5.9228067,7.909942,-0.9091948,17.845407,-5.5432835
batch_01500_patch.tiff,patch_152,7.4802666,8.064499,0.57944405,17.12754,-4.0696564
batch_01500_patch.tiff,patch_153,4.70034,4.0617127,1.5498265,17.84115,-2.4717944
batch_01500_patch.tiff,patch_154,5.261793,3.2310915,3.2822354,14.66772,-6.1272407
batch_01500_patch.tiff,patch_155,13.649154,3.7860978,0.60518545,17.820082,-0.8293829
batch_01500_patch.tiff,patch_156,10.718766,2.584716,4.624847,16.13235,-3.499613
batch_01500_patch.tiff,patch_157,9.471921,7.787098,8.341038,19.629522,-15.153526
batch_01500_patch.tiff,patch_158,12.849428,2.5141618,5.652254,20.096153,-3.3550415
batch_01500_patch.tiff,patch_159,14.964142,4.705432,3.5599458,20.474087,-0.12869428
batch_01500_patch.tiff,patch_160,17.910482,10.440646,17.143064,27.869576,-7.3494062
batch_01500_patch.tiff,patch_161,3.160153,6.9075522,-1.4681207,14.843573,-0.9947711
batch_01500_patch.tiff,patch_162,6.547859,5.289684,-1.6815655,14.972522,2.8372848
batch_01500_patch.tiff,patch_163,9.997617,7.6242275,-0.15859902,20.724407,-3.8439763
batch_01500_patch.tiff,patch_164,5.312597,4.94592,1.1921619,18.197363,-5.166546
batch_01500_patch.tiff,patch_165,7.9996314,4.9638176,2.6648333,19.764141,-0.2976215
batch_01500_patch.tiff,patch_166,9.917166,3.5189984,-2.363001,15.882819,1.6017776
batch_01500_patch.tiff,patch_167,10.117626,2.3872225,1.8543636,15.417781,-0.27430755
batch_01500_patch.tiff,patch_168,14.102369,3.0651314,7.9642572,18.15372,-6.3070836
batch_01500_patch.tiff,patch_169,12.699405,7.7058873,4.5045443,21.808327,-9.723737
batch_01500_patch.tiff,patch_170,10.52507,16.62242,3.879271,20.397837,0.050208945
batch_01500_patch.tiff,patch_171,6.290879,10.529742,3.347467,21.53593,-3.4661257
batch_01550_patch.tiff,patch_0,10.202793,5.3259454,3.2580473,17.600735,-2.2372565
batch_01550_patch.tiff,patch_1,10.848996,2.881193,3.7274573,15.416703,-12.658492
batch_01550_patch.tiff,patch_2,12.158442,9.821613,10.552448,24.04276,-3.0061655
batch_01550_patch.tiff,patch_3,12.885998,6.022507,12.57314,22.67497,-6.305901
batch_01550_patch.tiff,patch_4,10.646958,4.145964,5.258053,16.579548,-0.87593955
batch_01550_patch.tiff,patch_5,15.313962,-0.6116934,4.1562743,14.951934,-4.340244
batch_01550_patch.tiff,patch_6,16.98593,7.4592175,-1.3539503,18.871943,-0.69234264
batch_01550_patch.tiff,patch_7,15.365188,5.5218706,0.1405471,13.587187,-4.002536
batch_01550_patch.tiff,patch_8,3.050239,6.126944,1.4612771,14.842457,-5.3898816
batch_01550_patch.tiff,patch_9,3.9595215,6.3568487,1.0615227,15.917448,3.527045
batch_01550_patch.tiff,patch_10,11.079827,6.8354607,3.4060113,16.413942,2.580441
batch_01550_patch.tiff,patch_11,6.3283353,11.182074,-0.77809,21.284147,5.564847
batch_01550_patch.tiff,patch_12,3.5966465,7.225043,-0.92486966,12.268353,-14.321448
batch_01550_patch.tiff,patch_13,15.737987,6.0586247,12.077543,16.517487,-7.59163
batch_01550_patch.tiff,patch_14,12.383994,3.4769711,9.74573,14.853,-7.996172
batch_01550_patch.tiff,patch_15,13.912771,6.476544,12.885093,21.218021,-10.196422
batch_01550_patch.tiff,patch_16,11.771589,3.790027,11.996504,22.599676,-13.184193
batch_01550_patch.tiff,patch_17,10.194685,3.952437,10.514965,19.033966,-5.7822556
batch_01550_patch.tiff,patch_18,11.037066,6.010863,14.3585825,18.055021,-6.468001
batch_01550_patch.tiff,patch_19,12.88297,6.008271,4.9666595,16.746891,-0.62813306
batch_01550_patch.tiff,patch_20,10.067673,10.361112,3.6274738,18.77778,-5.719672
batch_01550_patch.tiff,patch_21,10.038213,8.164075,0.90879416,21.599192,2.9623284
batch_01550_patch.tiff,patch_22,7.513642,8.23478,2.9168582,20.742174,-0.17745422
batch_01550_patch.tiff,patch_23,7.0245748,13.483108,-1.4959539,19.786871,3.3227773
batch_01550_patch.tiff,patch_24,7.094588,11.0464,-0.43289065,17.731812,6.491112
batch_01550_patch.tiff,patch_25,13.800162,9.005593,13.969457,15.852192,-3.5275774
batch_01550_patch.tiff,patch_26,6.424824,8.807099,3.0249827,19.141808,-0.15168169
batch_01550_patch.tiff,patch_27,10.81735,7.469176,4.5995603,19.632101,-3.246207
batch_01550_patch.tiff,patch_28,9.564267,4.638561,5.1486692,18.696281,-7.1447754
batch_01550_patch.tiff,patch_29,12.885441,1.8313285,6.664036,18.219149,-8.710048
batch_01550_patch.tiff,patch_30,8.267674,8.304986,2.239545,20.959612,5.0048003
batch_01550_patch.tiff,patch_31,4.3835015,6.2999907,1.0954417,18.289722,-3.445425
batch_01550_patch.tiff,patch_32,5.1524024,7.2293916,-1.191691,19.183552,-3.0203316
batch_01550_patch.tiff,patch_33,7.990025,9.076671,3.2725883,19.051254,1.0429431
batch_01550_patch.tiff,patch_34,17.059853,6.763572,8.964545,23.131649,-2.476608
batch_01550_patch.tiff,patch_35,10.36898,11.476204,2.2450202,23.488358,-5.4567685
batch_01550_patch.tiff,patch_36,9.199008,5.100255,6.7118855,16.649752,-10.491332
batch_01550_patch.tiff,patch_37,12.079781,12.401115,11.5280905,17.554588,-7.4867816
batch_01550_patch.tiff,patch_38,9.066876,12.087221,10.041572,20.438713,-5.7859926
batch_01550_patch.tiff,patch_39,10.498253,9.438333,4.915762,17.83814,1.2000427
batch_01550_patch.tiff,patch_40,11.193647,0.97522056,3.4582057,15.932101,-6.065226
batch_01550_patch.tiff,patch_41,10.968189,2.9483647,10.742083,17.958084,-11.268616
batch_01550_patch.tiff,patch_42,3.7667534,7.651557,2.1484473,15.706648,3.2382522
batch_01550_patch.tiff,patch_43,6.7631407,10.367371,6.2336135,19.870333,-1.5699295
batch_01550_patch.tiff,patch_44,4.708484,3.1885145,0.71461356,16.7257,-0.5558578
batch_01550_patch.tiff,patch_45,5.0431576,6.1734014,1.6631119,16.982761,-1.2212114
batch_01550_patch.tiff,patch_46,18.503973,7.4803934,15.108014,20.796825,-3.000438
batch_01550_patch.tiff,patch_47,12.117552,7.919322,6.680383,23.324501,-2.8211124
batch_01550_patch.tiff,patch_48,1.1811677,7.3062334,0.5588973,13.657699,-10.453396
batch_01550_patch.tiff,patch_49,15.806598,17.891695,11.012397,23.906641,-8.6431265
batch_01550_patch.tiff,patch_50,10.130924,8.788732,4.6179695,17.96202,-4.6723113
batch_01550_patch.tiff,patch_51,3.4390883,8.828384,4.814029,19.154621,-3.5522738
batch_01550_patch.tiff,patch_52,15.522849,10.269931,0.29627296,20.339195,2.3247662
batch_01550_patch.tiff,patch_53,14.304524,8.011857,3.0520115,18.387947,2.8478873
batch_01550_patch.tiff,patch_54,2.9135098,6.0979147,-0.3315438,18.786894,-9.591442
batch_01550_patch.tiff,patch_55,5.6503153,4.5552855,4.0236006,17.649105,-1.954711
batch_01550_patch.tiff,patch_56,9.697178,6.02542,8.629534,18.005285,-3.5637648
batch_01550_patch.tiff,patch_57,6.997757,7.7609787,3.78335,18.590593,-0.4065722
batch_01550_patch.tiff,patch_58,10.790992,11.879622,-2.043518,19.58309,0.89424586
batch_01550_patch.tiff,patch_59,13.062198,12.260952,2.0444574,21.688929,-5.033485
batch_01550_patch.tiff,patch_60,7.078878,8.307952,2.8300595,19.8453,-3.421871
batch_01550_patch.tiff,patch_61,7.5447993,8.510925,7.842316,18.834164,-4.1958575
batch_01550_patch.tiff,patch_62,15.282597,8.200362,3.5232449,16.1105,-0.77071965
batch_01550_patch.tiff,patch_63,11.869457,8.837974,4.032403,20.990856,0.70315295
batch_01550_patch.tiff,patch_64,5.132439,5.594362,-1.9090605,16.3795,1.0733895
batch_01550_patch.tiff,patch_65,8.050081,9.975754,-1.0871623,22.121233,0.9287154
batch_01550_patch.tiff,patch_66,14.198167,6.0634546,9.039299,19.647379,-3.8791816
batch_01550_patch.tiff,patch_67,10.160834,4.853519,6.3517203,18.100302,-3.3937502
batch_01550_patch.tiff,patch_68,11.532571,13.933088,0.1870553,22.516691,-4.532973
batch_01550_patch.tiff,patch_69,8.227866,12.037646,-0.044225838,22.4443,-3.466214
batch_01550_patch.tiff,patch_70,13.650374,8.451852,13.00369,15.791054,-12.813215
batch_01550_patch.tiff,patch_71,11.764292,5.1021566,2.3334672,19.718517,-3.4434252
batch_01550_patch.tiff,patch_72,11.62362,10.24199,5.272927,23.5807,-5.058386
batch_01550_patch.tiff,patch_73,7.9990234,11.102386,6.4931207,24.496408,-8.674351
batch_01550_patch.tiff,patch_74,17.29413,5.4602876,8.858815,22.939829,-1.751889
batch_01550_patch.tiff,patch_75,4.241705,3.0480278,1.0693526,15.237674,0.2387015
batch_01550_patch.tiff,patch_76,5.7849836,11.580986,7.9099145,20.051151,-4.4785385
batch_01550_patch.tiff,patch_77,15.872949,3.925043,5.6719418,18.48588,-5.6262074
batch_01550_patch.tiff,patch_78,14.668152,4.786901,1.7865509,20.365646,-1.056029
batch_01550_patch.tiff,patch_79,9.745915,12.705168,-1.8330532,18.245659,-0.29134166
batch_01550_patch.tiff,patch_80,10.359178,12.619179,-3.1219847,22.325495,5.6329126
batch_01550_patch.tiff,patch_81,12.213094,17.972801,10.967927,19.671732,-9.385796
batch_01550_patch.tiff,patch_82,13.333335,7.042426,6.8905215,18.282999,-2.61129
batch_01550_patch.tiff,patch_83,6.4401536,8.769251,7.091843,19.213388,-5.9968424
batch_01550_patch.tiff,patch_84,15.516565,6.70871,6.83873,22.702446,-2.9906528
batch_01550_patch.tiff,patch_85,13.722706,7.1535325,8.60591,20.291788,-3.4167318
batch_01550_patch.tiff,patch_86,4.329631,5.6941504,-0.058372248,15.852346,2.1053138
batch_01550_patch.tiff,patch_87,6.9949846,5.1157646,7.232609,16.601059,-7.198419
batch_01550_patch.tiff,patch_88,14.412048,9.474919,11.732912,21.056108,-0.0007468652
batch_01550_patch.tiff,patch_89,16.13831,11.639933,-0.29171544,21.071167,-1.2060359
batch_01550_patch.tiff,patch_90,8.686768,10.64074,-0.65450644,19.271183,1.7935253
batch_01550_patch.tiff,patch_91,9.211143,2.8473356,4.681322,19.198977,-2.499306
batch_01550_patch.tiff,patch_92,12.799661,2.8333168,2.2670746,14.867845,-0.49473527
batch_01550_patch.tiff,patch_93,18.165205,8.45526,3.6952991,22.149292,4.369569
batch_01550_patch.tiff,patch_94,12.87824,11.0968685,1.2445543,19.106043,2.932809
batch_01550_patch.tiff,patch_95,5.381295,2.4955518,2.6883087,19.25331,-5.802291
batch_01550_patch.tiff,patch_96,5.049136,2.0411255,2.762701,17.03471,-4.9228573
batch_01550_patch.tiff,patch_97,14.711932,7.674675,3.2946105,19.595856,-2.1030338
batch_01550_patch.tiff,patch_98,13.344634,10.298069,10.919963,21.40574,1.7832886
batch_01550_patch.tiff,patch_99,8.210188,1.2962728,1.3027526,14.694787,-4.4529243
batch_01550_patch.tiff,patch_100,8.14606,1.34299,1.4360173,16.96627,-1.6597854
batch_01550_patch.tiff,patch_101,11.789597,1.4125532,0.8926979,14.494538,3.5356321
batch_01550_patch.tiff,patch_102,15.81244,0.31885377,4.1742196,10.936921,-0.24238536
batch_01550_patch.tiff,patch_103,15.785085,4.647005,0.2357151,15.428584,0.060940936
batch_01550_patch.tiff,patch_104,12.7066965,12.006682,0.66724384,19.047005,-1.6943328
batch_01550_patch.tiff,patch_105,7.129168,3.389113,-2.3067136,18.312384,0.90972316
batch_01550_patch.tiff,patch_106,5.746157,7.2226524,2.1871343,17.17264,2.8561778
batch_01550_patch.tiff,patch_107,19.429874,11.098106,9.659734,21.992853,1.0388399
batch_01550_patch.tiff,patch_108,17.599026,7.3072786,11.047663,20.189528,-3.626845
batch_01550_patch.tiff,patch_109,12.931531,4.131497,-2.254178,16.59456,3.8028095
batch_01550_patch.tiff,patch_110,10.932735,2.671527,1.8588872,16.693367,1.2147732
batch_01550_patch.tiff,patch_111,10.128722,8.80437,6.353553,21.381632,1.6808698
batch_01550_patch.tiff,patch_112,9.61003,8.671269,4.0631647,21.061552,-1.0705348
batch_01550_patch.tiff,patch_113,11.452027,3.4403355,3.9670868,18.910868,-1.3898584
batch_01550_patch.tiff,patch_114,14.696511,0.99165857,3.599897,18.973543,0.11897769
batch_01550_patch.tiff,patch_115,12.0634575,2.502243,3.1561048,17.076807,-5.4720044
batch_01550_patch.tiff,patch_116,6.5667806,3.6515956,8.8573475,17.358625,-4.715029
batch_01550_patch.tiff,patch_117,5.042005,9.712694,5.3312116,19.539234,-2.3003712
batch_01550_patch.tiff,patch_118,17.69608,6.3248367,3.5185852,19.125517,-1.4605385
batch_01550_patch.tiff,patch_119,18.986504,11.034477,8.541116,21.34258,-2.4898407
batch_01550_patch.tiff,patch_120,6.1801453,0.4172021,-0.20562235,16.364931,0.5854157
batch_01550_patch.tiff,patch_121,5.637649,5.796916,-0.43493062,17.734976,-5.759684
batch_01550_patch.tiff,patch_122,12.826956,15.902655,13.067737,19.372482,-10.367677
batch_01550_patch.tiff,patch_123,15.8371,10.794059,10.5894985,18.19509,-9.459281
batch_01550_patch.tiff,patch_124,13.581627,-0.7121367,4.451787,14.010617,-5.1312423
batch_01550_patch.tiff,patch_125,11.98924,6.678719,9.472093,19.324411,-4.7917023
batch_01550_patch.tiff,patch_126,12.587538,3.9300058,3.8446996,17.514866,-0.94658875
batch_01550_patch.tiff,patch_127,10.799329,8.690421,5.4533267,14.989028,-9.67119
batch_01550_patch.tiff,patch_128,7.365739,3.580632,1.6625806,15.247234,1.6511621
batch_01550_patch.tiff,patch_129,5.9702725,7.8641543,1.1251893,20.818907,0.9202387
batch_01550_patch.tiff,patch_130,12.689127,5.0781574,5.9870005,17.640747,-2.330479
batch_01550_patch.tiff,patch_131,13.720678,9.352608,7.649871,24.012182,0.9824897
batch_01550_patch.tiff,patch_132,6.5718107,0.45928776,-0.406862,15.582032,0.560525
batch_01550_patch.tiff,patch_133,11.013148,5.931759,-4.5053244,16.313234,-3.9633882
batch_01550_patch.tiff,patch_134,10.871455,5.3574333,12.436348,20.757704,-9.429355
batch_01550_patch.tiff,patch_135,8.035003,4.704211,5.641001,16.463085,-5.3708315
batch_01550_patch.tiff,patch_136,4.8050857,9.013651,10.657706,20.907482,-5.45953
batch_01550_patch.tiff,patch_137,14.160212,3.9942153,11.772068,19.931927,-5.4453073
batch_01550_patch.tiff,patch_138,13.342751,15.174777,0.66329855,20.868835,1.2764912
batch_01550_patch.tiff,patch_139,12.575305,3.9636703,0.82100266,12.620652,2.276957
batch_01550_patch.tiff,patch_140,9.2519245,7.8436394,5.491079,25.928694,-2.3359878
batch_01550_patch.tiff,patch_141,14.395312,6.590282,8.347056,23.529432,-2.5458655
batch_01550_patch.tiff,patch_142,13.843921,6.239488,10.035766,19.381271,-2.0423954
batch_01550_patch.tiff,patch_143,12.7024975,4.3007236,10.674387,19.24578,-3.1875396
batch_01550_patch.tiff,patch_144,8.301974,4.250769,-5.5342846,14.099062,2.4985886
batch_01550_patch.tiff,patch_145,12.973415,8.001314,3.4207742,20.785461,-9.553507
batch_01550_patch.tiff,patch_146,12.000582,3.9189825,11.308101,19.08853,-7.5379353
batch_01550_patch.tiff,patch_147,13.879477,3.4813418,13.131247,17.289978,-6.742482
batch_01550_patch.tiff,patch_148,7.7919073,2.8742194,5.8319135,19.238642,-5.831544
batch_01550_patch.tiff,patch_149,15.277918,2.624069,10.528578,20.823399,-5.527855
batch_01550_patch.tiff,patch_150,5.603575,12.8102665,13.3147545,23.00232,-7.8520904
batch_01550_patch.tiff,patch_151,13.11224,12.976696,0.238485,19.356869,-0.48535207
batch_01550_patch.tiff,patch_152,13.457745,5.936864,7.1438994,20.635603,-4.928939
batch_01550_patch.tiff,patch_153,16.068167,7.4638844,12.000683,21.069824,-5.019711
batch_01550_patch.tiff,patch_154,12.066809,2.1591787,8.733921,20.28875,-3.5444794
batch_01550_patch.tiff,patch_155,13.154975,4.989405,7.6057324,19.200974,-4.3520803
batch_01550_patch.tiff,patch_156,11.016174,4.7080207,-3.6029935,17.268396,2.5967307
batch_01550_patch.tiff,patch_157,12.033558,6.680261,0.40468085,19.267506,-7.790353
batch_01550_patch.tiff,patch_158,14.531486,13.504343,11.750017,25.428568,-6.2964063
batch_01550_patch.tiff,patch_159,19.508362,10.882382,15.122768,23.935843,-12.872794
batch_01550_patch.tiff,patch_160,13.435983,0.7135502,3.1802187,17.274672,-0.6567056
batch_01550_patch.tiff,patch_161,10.917372,3.4849312,9.171923,18.418444,-1.5194814
batch_01550_patch.tiff,patch_162,12.383012,11.859049,-3.4139647,17.677792,-2.5085387
batch_01550_patch.tiff,patch_163,13.987691,5.2921185,-0.7252811,14.921311,3.0866683
batch_01550_patch.tiff,patch_164,6.878698,4.5716147,2.7348459,19.59124,1.1433398
batch_01550_patch.tiff,patch_165,6.03921,0.2882642,0.6604097,13.420911,-0.034306888
batch_01550_patch.tiff,patch_166,13.058391,7.9421844,-1.518989,18.720018,2.7061386
batch_01550_patch.tiff,patch_167,12.45405,11.797853,-1.1959506,19.50266,-0.6932472
batch_01550_patch.tiff,patch_168,10.946246,6.5455422,11.627795,18.17477,-10.508367
batch_01600_patch.tiff,patch_0,14.381209,4.9816732,0.91045177,18.720018,-5.1614094
batch_01600_patch.tiff,patch_1,9.327952,3.7566068,4.416522,16.70654,-3.3761497
batch_01600_patch.tiff,patch_2,18.153591,8.682587,13.56891,21.635513,-5.245697
batch_01600_patch.tiff,patch_3,14.648072,5.573741,17.398945,21.572964,-10.831302
batch_01600_patch.tiff,patch_4,13.449399,8.26615,8.028027,22.380638,-8.09328
batch_01600_patch.tiff,patch_5,15.943808,11.085804,5.158016,20.313921,2.864576
batch_01600_patch.tiff,patch_6,6.6041565,9.572278,8.794575,16.399689,-6.5009346
batch_01600_patch.tiff,patch_7,11.495347,8.824863,10.04054,16.616026,-10.356362
batch_01600_patch.tiff,patch_8,7.9558406,4.4087625,6.319141,16.729036,-2.77433
batch_01600_patch.tiff,patch_9,16.001266,9.361782,3.1400764,20.093279,-5.6560464
batch_01600_patch.tiff,patch_10,17.522835,5.844339,5.4856415,19.735893,-7.5059977
batch_01600_patch.tiff,patch_11,12.634717,6.0434237,-1.646271,18.83363,-2.3828433
batch_01600_patch.tiff,patch_12,7.918541,2.4484794,3.5757294,17.439526,-1.7075098
batch_01600_patch.tiff,patch_13,6.685424,6.845959,1.7402848,19.120518,-5.2814035
batch_01600_patch.tiff,patch_14,11.306885,10.933823,11.233554,24.224096,-10.919708
batch_01600_patch.tiff,patch_15,18.471334,12.937828,11.354147,24.647936,1.2995528
batch_01600_patch.tiff,patch_16,13.098457,9.389994,-0.75149375,18.074982,2.2180948
batch_01600_patch.tiff,patch_17,12.474704,7.9014783,2.9759245,17.129402,4.160621
batch_01600_patch.tiff,patch_18,9.560811,10.566395,7.2221017,18.624771,-7.0147166
batch_01600_patch.tiff,patch_19,10.719787,8.948957,11.709376,16.926437,-7.1324525
batch_01600_patch.tiff,patch_20,6.3716307,11.189354,2.5212178,16.200346,-7.4380965
batch_01600_patch.tiff,patch_21,15.108758,9.52387,8.164566,16.920902,-6.1877365
batch_01600_patch.tiff,patch_22,17.193289,4.657564,14.06982,18.232925,-8.1727085
batch_01600_patch.tiff,patch_23,10.7338705,7.3021846,-1.609983,17.046825,-2.0532603
batch_01600_patch.tiff,patch_24,10.896854,5.7059717,2.2506993,18.690733,-1.082041
batch_01600_patch.tiff,patch_25,14.175887,5.9049983,7.8213334,17.763828,-1.5211623
batch_01600_patch.tiff,patch_26,13.641463,6.9734855,1.275698,15.476246,1.5625187
batch_01600_patch.tiff,patch_27,10.797635,4.636991,-5.2246246,12.983739,4.4522567
batch_01600_patch.tiff,patch_28,8.031306,5.8967834,-2.930198,15.504441,2.928144
batch_01600_patch.tiff,patch_29,9.693551,9.38079,10.758475,16.041481,-9.833162
batch_01600_patch.tiff,patch_30,13.819383,1.1750803,6.0243406,18.679728,-10.515052
batch_01600_patch.tiff,patch_31,11.277198,10.572512,13.785394,16.807705,-5.8048325
batch_01600_patch.tiff,patch_32,12.756285,6.4443483,13.681408,18.978098,-6.607208
batch_01600_patch.tiff,patch_33,10.560264,10.746289,6.335138,14.794335,-8.605348
batch_01600_patch.tiff,patch_34,18.690348,9.864366,16.61141,20.130116,-8.045114
batch_01600_patch.tiff,patch_35,13.407366,2.2775798,-2.1125734,15.884987,-6.727435
batch_01600_patch.tiff,patch_36,14.176255,4.787154,-1.4587637,18.780119,-2.9118545
batch_01600_patch.tiff,patch_37,14.215732,7.2907357,4.2957244,19.928465,-3.6641848
batch_01600_patch.tiff,patch_38,10.133476,4.770377,2.9911337,17.680742,-2.8410075
batch_01600_patch.tiff,patch_39,9.329516,7.446114,-2.2301693,17.89478,2.0652204
batch_01600_patch.tiff,patch_40,9.985125,6.1207414,-5.3584676,16.75442,2.9304097
batch_01600_patch.tiff,patch_41,10.855889,11.580821,2.9219487,18.867214,0.60434127
batch_01600_patch.tiff,patch_42,16.62551,2.1303766,-0.6797138,18.68702,-7.386998
batch_01600_patch.tiff,patch_43,8.600622,11.583182,6.312585,15.810085,-6.0097003
batch_01600_patch.tiff,patch_44,2.5134587,8.826959,4.9265947,14.899983,-6.6685715
batch_01600_patch.tiff,patch_45,9.020234,4.679701,6.766067,18.428696,-6.782135
batch_01600_patch.tiff,patch_46,19.838905,10.205813,12.737842,25.884007,-3.6627834
batch_01600_patch.tiff,patch_47,16.770359,6.655907,8.679777,20.498495,-5.8656893
batch_01600_patch.tiff,patch_48,11.245289,7.45657,13.181597,20.743565,-2.311501
batch_01600_patch.tiff,patch_49,15.648758,6.98559,11.796751,19.23956,-0.9793955
batch_01600_patch.tiff,patch_50,14.873175,8.262044,7.3394823,22.637047,-6.874321
batch_01600_patch.tiff,patch_51,14.820308,8.495751,8.813788,18.22163,-4.0007973
batch_01600_patch.tiff,patch_52,14.582727,9.185444,1.700049,22.629345,-5.3938622
batch_01600_patch.tiff,patch_53,18.335255,12.851848,10.433477,19.339481,-8.355738
batch_01600_patch.tiff,patch_54,13.223302,4.519588,-0.32313254,14.241,-1.9952976
batch_01600_patch.tiff,patch_55,11.330318,7.501,8.432748,21.977306,-1.8437259
batch_01600_patch.tiff,patch_56,6.6815333,10.73863,8.972725,16.423815,-9.092168
batch_01600_patch.tiff,patch_57,8.143521,12.089053,3.802072,18.011032,-8.880028
batch_01600_patch.tiff,patch_58,17.959017,10.66674,15.627385,22.474075,-6.6183233
batch_01600_patch.tiff,patch_59,11.065281,6.499827,2.4000578,20.718336,-8.71145
batch_01600_patch.tiff,patch_60,7.4161086,7.28509,12.165945,14.882216,-6.1459446
batch_01600_patch.tiff,patch_61,13.531973,14.634509,13.456499,14.7483635,-8.359264
batch_01600_patch.tiff,patch_62,16.267618,11.662605,9.447455,22.62821,-6.397123
batch_01600_patch.tiff,patch_63,16.72732,9.008071,6.9022484,19.47957,2.7430565
batch_01600_patch.tiff,patch_64,7.547101,3.8711932,-0.034985192,18.715439,-1.366575
batch_01600_patch.tiff,patch_65,12.992032,3.381713,11.193789,19.655024,-4.613547
batch_01600_patch.tiff,patch_66,6.4912624,11.713741,7.73332,15.139878,-9.825241
batch_01600_patch.tiff,patch_67,4.564938,9.343422,5.5454397,13.629292,-9.146603
batch_01600_patch.tiff,patch_68,15.412312,13.913567,13.409791,20.647554,-8.267143
batch_01600_patch.tiff,patch_69,10.5177145,10.573811,13.996564,18.360199,-5.474567
batch_01600_patch.tiff,patch_70,14.179773,7.9653797,8.860434,21.709177,-0.64190847
batch_01600_patch.tiff,patch_71,13.057706,5.541457,0.04824302,18.498505,-3.2882957
batch_01600_patch.tiff,patch_72,10.130112,8.605312,-3.3316624,15.600763,1.1515701
batch_01600_patch.tiff,patch_73,14.40219,7.397802,2.050922,19.609367,2.867071
batch_01600_patch.tiff,patch_74,14.746801,9.324474,14.59372,20.17773,-6.295358
batch_01600_patch.tiff,patch_75,20.4905,12.341447,15.498926,17.180902,-5.675501
batch_01600_patch.tiff,patch_76,10.443061,16.447882,9.835139,25.969307,-7.6265
batch_01600_patch.tiff,patch_77,15.591204,9.900256,10.97719,25.302069,-8.045477
batch_01600_patch.tiff,patch_78,13.380461,9.141183,11.96726,18.356268,-3.268172
batch_01600_patch.tiff,patch_79,8.986887,8.979488,8.279634,15.132864,-8.653897
batch_01600_patch.tiff,patch_80,14.001371,12.8898115,13.460674,18.676178,-6.34047
batch_01600_patch.tiff,patch_81,11.820114,9.430888,11.621273,19.94781,-2.1864135
batch_01600_patch.tiff,patch_82,14.571651,5.4251328,13.048681,18.18745,-5.244477
batch_01600_patch.tiff,patch_83,10.519147,6.775199,14.169974,16.519924,-8.084076
batch_01600_patch.tiff,patch_84,13.799586,3.6880438,-2.8531368,17.166624,4.3851423
batch_01600_patch.tiff,patch_85,14.106028,4.3457494,-2.5402138,15.9792795,0.6611168
batch_01600_patch.tiff,patch_86,15.365768,4.1008306,5.891312,19.155233,-6.64756
batch_01600_patch.tiff,patch_87,22.406631,10.79084,17.552963,23.256813,-9.052679
batch_01600_patch.tiff,patch_88,14.334445,8.894804,10.244312,22.23961,-2.884179
batch_01600_patch.tiff,patch_89,9.834477,13.22821,5.78753,22.33793,-5.445005
batch_01600_patch.tiff,patch_90,9.927371,9.30895,10.140829,17.325453,-7.6142206
batch_01600_patch.tiff,patch_91,9.877329,8.156954,6.869242,14.841622,-6.7543893
batch_01600_patch.tiff,patch_92,14.117516,6.540059,0.44098368,19.760193,-2.1431963
batch_01600_patch.tiff,patch_93,14.931585,7.457404,3.8925812,18.808186,-3.6964269
batch_01600_patch.tiff,patch_94,14.214597,7.214985,14.59634,22.040176,-8.049025
batch_01600_patch.tiff,patch_95,11.881389,5.691756,13.922369,19.883837,-8.973584
batch_01600_patch.tiff,patch_96,11.94542,6.0801764,3.6059966,21.020107,2.108906
batch_01600_patch.tiff,patch_97,16.790323,3.2829902,-0.821365,18.6983,-3.761821
batch_01600_patch.tiff,patch_98,12.690459,8.5669,5.631532,20.67836,-0.32494113
batch_01600_patch.tiff,patch_99,15.772984,4.476091,5.847669,21.306406,-7.525036
batch_01600_patch.tiff,patch_100,6.4930806,8.576406,6.203627,14.069632,-7.5423627
batch_01600_patch.tiff,patch_101,13.852856,9.780204,8.841957,17.473003,-3.6880996
batch_01600_patch.tiff,patch_102,11.883588,7.1514034,-0.45176873,18.607248,-0.5268217
batch_01600_patch.tiff,patch_103,13.99818,6.954353,1.2361531,18.427502,4.0265036
batch_01600_patch.tiff,patch_104,14.97046,10.477957,8.6312065,23.819256,-3.3090217
batch_01600_patch.tiff,patch_105,14.512919,9.283956,9.305153,22.22551,-4.5462117
batch_01600_patch.tiff,patch_106,13.286073,7.1954527,-2.292773,19.790186,6.8221955
batch_01600_patch.tiff,patch_107,11.258012,8.156363,-3.156429,18.869068,10.414347
batch_01600_patch.tiff,patch_108,17.345308,12.735231,13.595546,20.410467,-8.751574
batch_01600_patch.tiff,patch_109,16.682095,10.133989,5.4763803,20.933998,-3.545643
batch_01600_patch.tiff,patch_110,16.987345,9.233476,8.112272,22.989006,-5.3430505
batch_01600_patch.tiff,patch_111,16.565172,6.1573844,10.942064,20.02226,-5.6566114
batch_01600_patch.tiff,patch_112,15.19425,10.1530485,12.798276,18.094793,-4.0270853
batch_01600_patch.tiff,patch_113,13.759789,7.1105194,1.382281,19.69979,-7.7366576
batch_01600_patch.tiff,patch_114,13.922234,4.8919425,0.22788267,15.236957,-7.003073
batch_01600_patch.tiff,patch_115,19.32666,10.265321,9.630139,22.42824,-4.127282
batch_01600_patch.tiff,patch_116,18.928198,7.7458124,10.967492,22.831701,-2.267208
batch_01600_patch.tiff,patch_117,11.835137,4.158003,-4.30024,15.523291,-0.9891096
batch_01600_patch.tiff,patch_118,12.290182,10.177211,3.7090836,19.457235,-0.9464795
batch_01600_patch.tiff,patch_119,16.626652,10.913535,5.549095,24.729261,-1.9040171
batch_01600_patch.tiff,patch_120,18.75657,11.435152,8.308442,21.226423,-8.764478
batch_01600_patch.tiff,patch_121,14.093346,7.572274,2.7278576,17.08402,4.8578
batch_01600_patch.tiff,patch_122,12.201349,8.120894,-3.604221,16.362812,-8.64944
batch_01600_patch.tiff,patch_123,13.060614,4.943923,3.8028252,17.7331,-4.514588
batch_01600_patch.tiff,patch_124,9.804532,-0.013341136,2.3200667,14.571994,-0.9171893
batch_01600_patch.tiff,patch_125,10.680886,3.4696188,-3.3276896,16.70405,-6.389308
batch_01600_patch.tiff,patch_126,9.422047,6.004008,-3.1167846,17.994768,-2.6861117
batch_01600_patch.tiff,patch_127,13.746071,4.170512,5.2751966,17.539536,-7.1561303
batch_01600_patch.tiff,patch_128,15.618347,10.195843,11.137282,24.629301,-4.142779
batch_01600_patch.tiff,patch_129,14.85638,6.8388624,1.7364017,17.344072,-1.8019434
batch_01600_patch.tiff,patch_130,13.850983,11.219651,-3.6970382,19.295385,1.8333861
batch_01600_patch.tiff,patch_131,18.054007,10.435113,4.673595,23.078733,-3.3213065
batch_01600_patch.tiff,patch_132,18.118404,13.167184,5.3100467,23.106842,1.8114297
batch_01600_patch.tiff,patch_133,13.787215,5.7381616,1.5505718,17.407112,3.279119
batch_01600_patch.tiff,patch_134,14.491338,4.1826634,2.6705012,15.2544365,2.1033154
batch_01600_patch.tiff,patch_135,10.79359,4.414424,1.5329089,15.828511,-2.7403505
batch_01600_patch.tiff,patch_136,9.837877,4.239567,5.8319106,17.273458,-2.958221
batch_01600_patch.tiff,patch_137,9.835871,3.1004856,1.8493443,15.712126,-10.237168
batch_01600_patch.tiff,patch_138,14.050332,9.5668,-0.5154672,19.048775,-3.4449587
batch_01600_patch.tiff,patch_139,9.999534,3.1028137,-2.9159408,15.70904,-1.1686788
batch_01600_patch.tiff,patch_140,9.767067,5.793391,-2.6228206,17.468187,-3.048323
batch_01600_patch.tiff,patch_141,13.022987,10.199966,2.2390413,19.99755,2.211553
batch_01600_patch.tiff,patch_142,10.327525,10.020467,-1.2090333,20.366365,-4.2867913
batch_01600_patch.tiff,patch_143,14.025734,8.675819,-4.1249614,16.98082,-1.988982
batch_01600_patch.tiff,patch_144,14.591843,8.322954,-5.304867,18.49169,0.3538745
batch_01600_patch.tiff,patch_145,12.91469,13.242313,2.7298925,23.503817,-7.873316
batch_01600_patch.tiff,patch_146,12.349299,12.294863,8.97925,27.098835,-8.4852705
batch_01600_patch.tiff,patch_147,4.871016,5.3003807,-4.5633054,13.578346,-4.33877
batch_01600_patch.tiff,patch_148,14.412192,6.2342696,0.16615742,18.094229,-0.07315012
batch_01600_patch.tiff,patch_149,11.109912,6.9308634,-2.1983144,19.059738,2.0007946
batch_01600_patch.tiff,patch_150,14.405989,6.2281337,-1.122663,16.83605,5.3879066
batch_01600_patch.tiff,patch_151,9.766997,8.410751,4.035781,19.199543,3.1349995
batch_01600_patch.tiff,patch_152,13.32863,7.5248613,2.3211727,19.28135,4.7419715
batch_01600_patch.tiff,patch_153,15.756833,10.732691,4.9338317,22.191607,-3.9957876
batch_01600_patch.tiff,patch_154,14.229653,9.236834,-1.0616556,20.061708,-0.49781966
batch_01600_patch.tiff,patch_155,10.266361,15.31854,4.020781,24.605341,-6.494626
batch_01600_patch.tiff,patch_156,9.581984,11.343367,6.241267,27.168276,-7.803437
batch_01600_patch.tiff,patch_157,10.820442,7.7808876,-1.264148,18.529045,-1.620903
batch_01600_patch.tiff,patch_158,10.60784,6.534158,2.2424467,17.95699,-6.093637
batch_01600_patch.tiff,patch_159,8.184669,4.6172385,9.029379,22.399601,-5.357269
batch_01600_patch.tiff,patch_160,14.007132,10.679422,8.273488,23.71907,-0.6887548
batch_01600_patch.tiff,patch_161,8.804852,3.3180597,-3.0282803,12.613099,1.0929005
batch_01600_patch.tiff,patch_162,9.2109375,3.6961434,-2.0536993,16.400166,-1.9842207
batch_01600_patch.tiff,patch_163,17.705471,11.532346,-1.1760161,20.26785,3.583795
batch_01600_patch.tiff,patch_164,14.77852,8.86851,0.038079996,18.124908,4.418256
batch_01600_patch.tiff,patch_165,9.314143,7.853685,-0.9505644,20.66515,-0.36822644
batch_01600_patch.tiff,patch_166,10.121557,8.1123085,1.3721354,20.205685,-1.6002843
batch_01650_patch.tiff,patch_0,7.0998197,9.157371,7.351471,15.144933,-4.4477882
batch_01650_patch.tiff,patch_1,7.521635,-0.8428027,2.7719345,14.685219,-1.686545
batch_01650_patch.tiff,patch_2,12.846287,5.487699,5.62438,21.006117,-0.4822577
batch_01650_patch.tiff,patch_3,18.738432,4.3767147,6.7904587,18.108475,-8.962762
batch_01650_patch.tiff,patch_4,13.980444,13.263527,13.61488,25.364437,-7.4000325
batch_01650_patch.tiff,patch_5,16.23979,12.144322,8.766476,25.412231,-3.6228185
batch_01650_patch.tiff,patch_6,9.3396435,3.7629037,1.0188706,16.255438,1.5329276
batch_01650_patch.tiff,patch_7,10.931048,6.87488,2.0527318,17.122355,3.6175706
batch_01650_patch.tiff,patch_8,12.620565,18.145721,8.2393265,28.999012,-1.4108012
batch_01650_patch.tiff,patch_9,13.491225,8.494645,7.0272174,18.230011,-15.430169
batch_01650_patch.tiff,patch_10,8.2213545,3.2173333,3.7711217,16.18007,-5.642147
batch_01650_patch.tiff,patch_11,12.0936,3.8762312,1.9852831,18.178745,-3.3785625
batch_01650_patch.tiff,patch_12,15.055663,8.395763,2.4036267,18.246197,-1.1630776
batch_01650_patch.tiff,patch_13,11.597643,5.5604753,9.94049,18.53277,-6.3282204
batch_01650_patch.tiff,patch_14,11.282701,9.385072,2.5025387,23.185612,-2.8383136
batch_01650_patch.tiff,patch_15,10.277975,8.134316,2.8506458,22.829641,-2.2753413
batch_01650_patch.tiff,patch_16,9.712035,1.0726808,0.20677166,18.181982,2.5545342
batch_01650_patch.tiff,patch_17,8.582416,3.4539013,0.8291145,17.676641,3.3346972
batch_01650_patch.tiff,patch_18,9.605726,15.846418,6.567155,26.052341,-3.4588118
batch_01650_patch.tiff,patch_19,6.536421,2.855992,7.042943,13.93923,-11.064279
batch_01650_patch.tiff,patch_20,7.0975738,1.5359863,3.0467033,14.720316,-3.0500636
batch_01650_patch.tiff,patch_21,10.954944,7.628802,0.23409842,17.785814,1.5458866
batch_01650_patch.tiff,patch_22,14.414567,5.93759,6.719681,14.379322,-1.2438679
batch_01650_patch.tiff,patch_23,12.880812,6.2012196,13.349986,17.91831,-5.9347377
batch_01650_patch.tiff,patch_24,11.07663,7.424887,8.775831,16.113392,-6.4748783
batch_01650_patch.tiff,patch_25,13.410498,12.705676,11.684196,25.470486,-4.751905
batch_01650_patch.tiff,patch_26,15.449064,5.295448,9.083096,19.114084,0.25952172
batch_01650_patch.tiff,patch_27,11.114685,10.858987,7.8812966,24.526842,-7.962985
batch_01650_patch.tiff,patch_28,15.43758,10.647909,7.227,28.122,-5.648876
batch_01650_patch.tiff,patch_29,13.565776,8.630259,1.7303549,25.972673,-1.3586857
batch_01650_patch.tiff,patch_30,11.421222,13.702662,4.3536205,24.220774,-2.685658
batch_01650_patch.tiff,patch_31,8.595453,-0.64523077,5.315421,13.138139,-7.6715164
batch_01650_patch.tiff,patch_32,13.256899,2.1251063,7.397403,17.909487,-3.2630365
batch_01650_patch.tiff,patch_33,11.482205,5.717641,9.3517885,20.822824,-6.4191113
batch_01650_patch.tiff,patch_34,11.592095,6.8268604,-0.86855173,18.921434,-3.1082876
batch_01650_patch.tiff,patch_35,14.587682,4.891862,7.688393,14.831015,-8.33846
batch_01650_patch.tiff,patch_36,12.500011,6.4202623,11.4223585,17.237947,-5.273721
batch_01650_patch.tiff,patch_37,13.317848,17.176483,10.151172,27.45828,-3.3330197
batch_01650_patch.tiff,patch_38,19.845804,10.030762,13.757619,19.45805,-4.1298976
batch_01650_patch.tiff,patch_39,10.20508,14.176396,3.3995864,25.058516,-4.2092404
batch_01650_patch.tiff,patch_40,15.2663965,11.051099,6.48864,27.2487,-4.2021585
batch_01650_patch.tiff,patch_41,9.981184,14.985343,9.152116,21.78958,-9.13527
batch_01650_patch.tiff,patch_42,8.350782,2.6884406,1.3322837,14.39256,-0.9983069
batch_01650_patch.tiff,patch_43,10.156644,1.0672915,10.3897705,17.164486,-4.303373
batch_01650_patch.tiff,patch_44,10.5721655,12.807883,4.911127,26.549006,-8.625355
batch_01650_patch.tiff,patch_45,13.619485,10.047152,7.4524746,25.856852,-6.7345757
batch_01650_patch.tiff,patch_46,9.9212475,11.243635,5.1983156,24.789553,-8.287717
batch_01650_patch.tiff,patch_47,8.222713,8.434464,6.3592267,21.778677,-9.424809
batch_01650_patch.tiff,patch_48,12.255261,3.7835166,2.338762,17.560644,-3.4353137
batch_01650_patch.tiff,patch_49,14.590748,2.1302295,-4.310851,14.736328,-1.7470838
batch_01650_patch.tiff,patch_50,4.273858,11.4378,4.720094,13.516781,-4.1391153
batch_01650_patch.tiff,patch_51,7.8568444,6.6606226,3.9538124,19.392096,-2.7879574
batch_01650_patch.tiff,patch_52,13.098541,5.273545,7.907555,18.143438,1.2086142
batch_01650_patch.tiff,patch_53,9.895433,2.6770701,6.5109577,18.059704,-4.26762
batch_01650_patch.tiff,patch_54,8.594279,7.9991007,6.4549255,24.380049,-5.0292063
batch_01650_patch.tiff,patch_55,11.871753,10.840387,7.2946677,25.034683,-7.995324
batch_01650_patch.tiff,patch_56,13.061161,17.24082,3.9086847,18.362328,-6.540235
batch_01650_patch.tiff,patch_57,13.401184,13.467727,1.7758082,22.388084,-8.718089
batch_01650_patch.tiff,patch_58,14.739922,8.105038,7.4179206,22.916456,-5.5431905
batch_01650_patch.tiff,patch_59,11.635812,7.5175176,4.4019732,20.993122,-1.8243158
batch_01650_patch.tiff,patch_60,12.066494,5.69126,0.91102374,14.147762,2.0716116
batch_01650_patch.tiff,patch_61,5.7072062,7.3265147,7.120416,15.70187,-7.2636414
batch_01650_patch.tiff,patch_62,7.7898793,5.0631475,7.2514496,14.959326,-4.712111
batch_01650_patch.tiff,patch_63,11.80087,2.7662437,3.1059196,16.098404,-2.2363017
batch_01650_patch.tiff,patch_64,11.822977,2.2402332,2.0322878,15.700431,-0.7884337
batch_01650_patch.tiff,patch_65,7.297148,5.8473287,6.112802,23.837486,-5.492424
batch_01650_patch.tiff,patch_66,9.714633,7.142518,5.3892198,23.654606,-5.601837
batch_01650_patch.tiff,patch_67,17.612135,12.03268,10.63934,27.392433,-5.1601324
batch_01650_patch.tiff,patch_68,9.452544,14.024026,5.100282,24.225239,-8.02128
batch_01650_patch.tiff,patch_69,14.108472,9.157677,4.1694407,18.90417,-3.0079255
batch_01650_patch.tiff,patch_70,14.132211,9.4281225,4.7014112,20.2576,-2.3857114
batch_01650_patch.tiff,patch_71,11.113378,3.4601,1.7114127,16.320272,-2.1364884
batch_01650_patch.tiff,patch_72,7.8895264,3.4084291,-2.4993272,12.985187,1.009597
batch_01650_patch.tiff,patch_73,10.367806,4.613562,5.44824,16.195799,-0.462507
batch_01650_patch.tiff,patch_74,8.339352,3.5588408,3.5295286,17.658789,0.36150956
batch_01650_patch.tiff,patch_75,13.507603,2.8773012,-0.22208393,18.963505,1.0002145
batch_01650_patch.tiff,patch_76,10.280388,3.0048692,-2.1439013,14.543325,-0.67388
batch_01650_patch.tiff,patch_77,11.387641,5.894789,12.331689,21.557468,-11.651998
batch_01650_patch.tiff,patch_78,9.854056,8.081143,8.059383,19.096283,-4.322716
batch_01650_patch.tiff,patch_79,13.924971,8.760717,6.2469974,22.85784,-6.3758073
batch_01650_patch.tiff,patch_80,13.338391,11.832077,10.325999,25.65596,-6.16508
batch_01650_patch.tiff,patch_81,12.046955,7.054836,4.5520215,18.840412,-2.2982926
batch_01650_patch.tiff,patch_82,14.425741,10.25929,6.417213,22.309732,-3.13202
batch_01650_patch.tiff,patch_83,11.033119,-0.6873967,-4.8142495,12.332443,-3.1784687
batch_01650_patch.tiff,patch_84,12.201125,0.7872908,-3.559332,11.333835,1.2845085
batch_01650_patch.tiff,patch_85,9.090952,7.1252913,6.2983027,16.793587,-0.937358
batch_01650_patch.tiff,patch_86,10.6857,3.642679,6.852936,20.311161,0.0881064
batch_01650_patch.tiff,patch_87,11.010299,2.7156181,0.6587088,15.491344,0.39238048
batch_01650_patch.tiff,patch_88,10.132052,3.4644213,-2.27662,16.093632,3.1858113
batch_01650_patch.tiff,patch_89,12.368243,5.7071533,6.8178444,14.765822,-6.098499
batch_01650_patch.tiff,patch_90,11.788747,7.1823215,12.203226,16.352161,-6.7925534
batch_01650_patch.tiff,patch_91,13.039976,1.8020688,-0.97859216,13.166678,-0.66863126
batch_01650_patch.tiff,patch_92,12.482137,3.7489665,0.2312587,15.66015,-1.4955603
batch_01650_patch.tiff,patch_93,5.629456,5.002899,4.522551,13.789275,-2.9728112
batch_01650_patch.tiff,patch_94,7.166638,6.465244,8.294964,16.625826,-6.3520527
batch_01650_patch.tiff,patch_95,9.448049,3.517889,1.725403,17.458689,-2.3342774
batch_01650_patch.tiff,patch_96,9.862949,4.758672,-4.6722283,16.459572,2.6533606
batch_01650_patch.tiff,patch_97,16.384083,8.301905,10.454441,18.840105,-7.8494287
batch_01650_patch.tiff,patch_98,10.238382,8.237138,10.207361,14.516396,-6.0773706
batch_01650_patch.tiff,patch_99,14.332579,1.439449,-1.102774,10.122872,0.78359383
batch_01650_patch.tiff,patch_100,18.926792,7.398943,-2.9972358,21.712502,-9.614851
batch_01650_patch.tiff,patch_101,10.913875,1.5006099,8.164939,18.086033,-1.0880121
batch_01650_patch.tiff,patch_102,4.720578,6.10483,5.1193423,13.993961,-3.622689
batch_01650_patch.tiff,patch_103,11.853631,9.58218,9.7762785,18.256872,-8.581754
batch_01650_patch.tiff,patch_104,8.799029,10.255948,9.066992,15.465374,-6.341418
batch_01650_patch.tiff,patch_105,11.340439,10.891122,13.614691,27.355783,-7.483675
batch_01650_patch.tiff,patch_106,14.905548,8.543214,4.4016676,15.2870865,-7.0303574
batch_01650_patch.tiff,patch_107,13.219561,7.5710163,6.527009,15.14303,-3.7295365
batch_01650_patch.tiff,patch_108,7.637309,5.76092,7.403023,15.338171,-4.599299
batch_01650_patch.tiff,patch_109,8.959759,5.704761,8.951477,15.129275,-3.132325
batch_01650_patch.tiff,patch_110,12.009466,13.090444,5.586113,25.015993,-3.485043
batch_01650_patch.tiff,patch_111,11.449281,6.2737527,13.918503,18.339838,-6.685772
batch_01650_patch.tiff,patch_112,11.218651,4.4206266,10.74688,16.253193,-7.319335
batch_01650_patch.tiff,patch_113,11.206454,7.26336,10.481517,15.265629,-4.924052
batch_01650_patch.tiff,patch_114,12.84926,10.143656,4.5435834,19.39558,-10.245599
batch_01650_patch.tiff,patch_115,7.0318832,10.297555,5.78874,26.891197,-4.9315276
batch_01650_patch.tiff,patch_116,9.040093,11.926482,2.8725886,24.388594,-3.805768
batch_01650_patch.tiff,patch_117,15.681902,12.998885,14.323523,19.189009,-10.918783
batch_01650_patch.tiff,patch_118,10.04571,5.4157405,7.69631,15.894289,-3.8200445
batch_01650_patch.tiff,patch_119,12.946314,5.849126,2.1606023,16.122482,-2.6172931
batch_01650_patch.tiff,patch_120,14.322746,9.459765,2.0303445,18.859138,-1.1578596
batch_01650_patch.tiff,patch_121,11.798275,16.454088,9.607101,26.513985,-7.80933
batch_01650_patch.tiff,patch_122,15.423971,9.947618,14.522478,21.673468,-5.2916203
batch_01650_patch.tiff,patch_123,8.940775,6.741087,-0.109163985,16.987381,1.6672465
batch_01650_patch.tiff,patch_124,10.550895,8.497091,1.5854831,19.69719,-1.2899901
batch_01650_patch.tiff,patch_125,8.332261,4.915003,4.657775,16.857023,-6.872334
batch_01650_patch.tiff,patch_126,10.7900915,11.91615,7.5775256,23.47614,-5.7886147
batch_01650_patch.tiff,patch_127,15.384162,11.593682,6.0163794,23.856955,-1.4557195
batch_01650_patch.tiff,patch_128,8.341272,14.831937,4.984095,20.845785,-7.0251393
batch_01650_patch.tiff,patch_129,8.960095,9.645015,-0.7426638,18.897406,5.9585094
batch_01650_patch.tiff,patch_130,9.905187,10.78383,-2.3589807,20.299515,3.2028291
batch_01650_patch.tiff,patch_131,13.253186,7.809236,16.226976,21.263174,-9.748219
batch_01650_patch.tiff,patch_132,10.802918,7.8958673,9.770646,24.210129,-2.56679
batch_01650_patch.tiff,patch_133,14.831646,4.8778315,1.0608261,20.666075,0.18636963
batch_01650_patch.tiff,patch_134,18.607542,11.654539,6.771659,21.180227,-4.0323224
batch_01650_patch.tiff,patch_135,9.482616,8.009195,7.2086463,17.213903,-9.525187
batch_01650_patch.tiff,patch_136,12.4420395,11.577868,6.3258734,23.33973,-3.369845
batch_01650_patch.tiff,patch_137,12.621357,12.606833,8.772066,24.799313,-6.0527406
batch_01650_patch.tiff,patch_138,12.958749,10.090115,0.73914516,19.948132,2.154073
batch_01650_patch.tiff,patch_139,11.181139,7.9537106,-1.9206463,20.967787,-2.6773374
batch_01650_patch.tiff,patch_140,12.03898,10.451582,11.669754,25.395565,-6.476673
batch_01650_patch.tiff,patch_141,12.509948,9.854659,15.394412,25.321243,-7.936155
batch_01650_patch.tiff,patch_142,15.718672,11.20712,8.550185,25.975418,-5.756507
batch_01650_patch.tiff,patch_143,17.30954,8.9250145,7.799365,25.395864,-2.1442907
batch_01650_patch.tiff,patch_144,6.2437973,4.276549,10.12107,20.323622,-10.593544
batch_01650_patch.tiff,patch_145,6.1959815,7.098839,4.529202,13.04385,-12.771231
batch_01650_patch.tiff,patch_146,13.393972,5.436031,8.501712,17.637545,-14.111499
batch_01650_patch.tiff,patch_147,11.989318,9.554349,15.53365,16.362549,-5.859168
batch_01650_patch.tiff,patch_148,9.795834,6.6382318,-1.5717204,18.428068,1.2419946
batch_01650_patch.tiff,patch_149,10.358876,4.8173885,3.9238088,20.29353,-0.9837898
batch_01650_patch.tiff,patch_150,16.478437,11.69508,12.331565,26.638866,-6.983661
batch_01650_patch.tiff,patch_151,12.421901,13.167396,5.942416,27.869251,-3.776569
batch_01700_patch.tiff,patch_0,12.666863,12.346298,4.94343,21.480434,-6.9763536
batch_01700_patch.tiff,patch_1,7.355911,12.256794,4.9062243,21.635504,-8.4231415
batch_01700_patch.tiff,patch_2,17.463512,7.757538,8.215002,22.906025,-0.63720906
batch_01700_patch.tiff,patch_3,16.767477,12.854276,13.118582,25.683397,-3.5583534
batch_01700_patch.tiff,patch_4,11.623696,7.53201,8.065822,25.581678,-7.3165717
batch_01700_patch.tiff,patch_5,12.654778,6.977073,9.187379,21.486866,-3.4819477
batch_01700_patch.tiff,patch_6,17.840494,9.326852,8.30405,21.191774,-2.2678194
batch_01700_patch.tiff,patch_7,14.076895,10.62621,12.96323,23.7898,-7.5121236
batch_01700_patch.tiff,patch_8,18.353928,9.834729,13.768453,22.606945,-3.377226
batch_01700_patch.tiff,patch_9,14.951695,10.120753,7.015195,23.12917,-10.445998
batch_01700_patch.tiff,patch_10,18.615156,10.862697,8.029525,22.0165,-4.155575
batch_01700_patch.tiff,patch_11,13.679776,13.534765,8.752293,22.717808,-7.00062
batch_01700_patch.tiff,patch_12,17.946342,7.955126,14.320647,22.97671,-0.36288023
batch_01700_patch.tiff,patch_13,13.3081,14.210802,3.830991,25.302814,-5.862314
batch_01700_patch.tiff,patch_14,16.366835,11.530742,8.389574,23.495777,-7.87657
batch_01700_patch.tiff,patch_15,15.147474,5.0952644,9.400236,19.27367,-4.058688
batch_01700_patch.tiff,patch_16,13.862547,6.516308,12.402812,20.806175,-7.630456
batch_01700_patch.tiff,patch_17,15.413571,10.02291,13.462723,26.41419,-5.9863825
batch_01700_patch.tiff,patch_18,13.8676815,13.661067,10.580933,24.982134,-5.160903
batch_01700_patch.tiff,patch_19,12.934139,13.97233,13.360481,26.948814,-8.058008
batch_01700_patch.tiff,patch_20,16.40787,10.7448015,12.633824,26.209183,-5.9570317
batch_01700_patch.tiff,patch_21,18.894367,7.281201,13.806725,22.827703,-2.4263315
batch_01700_patch.tiff,patch_22,11.675962,9.104382,1.3103725,19.752285,-10.727791
batch_01700_patch.tiff,patch_23,18.163347,12.604618,14.015031,25.369764,-8.186281
batch_01700_patch.tiff,patch_24,9.857575,15.28882,6.133614,22.256634,-5.745196
batch_01700_patch.tiff,patch_25,20.99701,10.946926,15.271721,23.415495,-1.3437755
batch_01700_patch.tiff,patch_26,11.834711,14.353244,9.354961,25.369585,-7.8789206
batch_01700_patch.tiff,patch_27,10.184183,15.721504,6.9113536,25.299273,-5.3603334
batch_01700_patch.tiff,patch_28,16.603006,11.172431,14.140607,24.529573,-5.540675
batch_01700_patch.tiff,patch_29,14.885695,9.984375,10.139139,25.052788,-7.9872994
batch_01700_patch.tiff,patch_30,15.691682,13.680069,1.2414924,19.82567,-3.529517
batch_01700_patch.tiff,patch_31,11.244824,11.147811,8.46304,23.689058,-5.78346
batch_01700_patch.tiff,patch_32,14.021051,14.730025,2.3538582,27.092827,4.2546935
batch_01700_patch.tiff,patch_33,15.541611,12.418791,11.578942,26.00484,-2.2394812
batch_01700_patch.tiff,patch_34,14.956812,5.6915026,5.0232997,22.540392,-4.2808475
batch_01700_patch.tiff,patch_35,17.728664,6.9831557,10.90719,22.501951,-3.5666876
batch_01700_patch.tiff,patch_36,13.207072,10.525864,13.287058,25.597507,-5.063904
batch_01700_patch.tiff,patch_37,16.48094,13.086304,9.202107,22.684002,-5.646346
batch_01700_patch.tiff,patch_38,15.977175,8.894409,10.87186,25.408646,-2.022168
batch_01700_patch.tiff,patch_39,12.754451,14.916064,7.9441466,22.960014,-3.4112597
batch_01700_patch.tiff,patch_40,11.907053,13.3455105,10.046488,26.641623,-3.221515
batch_01700_patch.tiff,patch_41,13.154651,13.439056,10.388442,25.4268,-8.798501
batch_01700_patch.tiff,patch_42,12.158205,12.988278,10.648745,23.831993,-3.1139631
batch_01700_patch.tiff,patch_43,8.942001,6.284114,5.380793,22.961174,-9.235647
batch_01700_patch.tiff,patch_44,11.647135,9.618851,4.947841,23.675106,-3.9565656
batch_01700_patch.tiff,patch_45,14.256538,12.775344,2.3891897,24.918922,0.82076275
batch_01700_patch.tiff,patch_46,12.241055,7.3687406,6.8956757,18.96437,2.0574284
batch_01700_patch.tiff,patch_47,17.850912,7.572537,13.010301,23.900333,-5.7002044
batch_01700_patch.tiff,patch_48,10.906793,7.466983,16.485691,23.981438,-10.195682
batch_01700_patch.tiff,patch_49,10.594043,7.9745245,4.2600956,27.037996,-0.15004303
batch_01700_patch.tiff,patch_50,14.802535,8.431784,9.263215,23.20316,-0.053616386
batch_01700_patch.tiff,patch_51,14.798877,9.405769,13.355733,22.404192,-3.9903557
batch_01700_patch.tiff,patch_52,17.384996,8.754932,11.317618,19.370213,-1.7033283
batch_01700_patch.tiff,patch_53,10.198362,9.887841,9.169967,23.237225,-4.324755
batch_01700_patch.tiff,patch_54,12.886913,12.5759735,7.72462,22.600006,-4.4486775
batch_01700_patch.tiff,patch_55,10.500016,14.798169,9.870703,23.496777,-7.5459714
batch_01700_patch.tiff,patch_56,11.073474,9.817663,11.298719,21.513832,-8.7615595
batch_01700_patch.tiff,patch_57,12.171502,7.744379,12.887035,23.303852,-5.0005836
batch_01700_patch.tiff,patch_58,12.14142,7.1433268,11.753713,19.73277,-6.479279
batch_01700_patch.tiff,patch_59,14.924736,8.6174555,8.4006605,23.273706,-7.319539
batch_01700_patch.tiff,patch_60,11.926979,8.214432,8.766284,22.673847,-9.924976
batch_01700_patch.tiff,patch_61,17.65554,10.111603,12.523295,23.70417,-4.9384317
batch_01700_patch.tiff,patch_62,17.941093,12.566594,10.810687,23.77904,1.7542348
batch_01700_patch.tiff,patch_63,16.58605,11.754952,20.585674,22.763828,-7.2321806
batch_01700_patch.tiff,patch_64,15.561658,12.805713,4.5676084,22.01461,1.5290794
batch_01700_patch.tiff,patch_65,14.82973,10.948298,9.054114,23.82318,0.41152817
batch_01700_patch.tiff,patch_66,13.938105,12.955685,10.35575,26.722977,-1.6146919
batch_01700_patch.tiff,patch_67,11.674496,12.515037,5.1561465,21.438612,-1.6513947
batch_01700_patch.tiff,patch_68,10.203661,11.870858,13.537476,24.959023,-6.517927
batch_01700_patch.tiff,patch_69,14.411797,7.130517,12.716732,20.173464,-6.1282167
batch_01700_patch.tiff,patch_70,11.296748,9.758238,9.894645,22.748343,-8.812327
batch_01700_patch.tiff,patch_71,19.016748,7.8159814,9.152687,23.796383,-4.6835246
batch_01700_patch.tiff,patch_72,11.2614765,10.239696,4.190127,18.768473,-7.5580773
batch_01700_patch.tiff,patch_73,13.351657,9.457414,1.6464142,25.365425,-3.4965906
batch_01700_patch.tiff,patch_74,17.460205,9.844305,10.749866,22.580427,-0.19132584
batch_01700_patch.tiff,patch_75,13.721686,11.719471,10.283686,20.953772,-5.80868
batch_01700_patch.tiff,patch_76,12.974346,10.05467,11.543024,22.926,-5.5452228
batch_01700_patch.tiff,patch_77,17.01306,13.648954,9.243498,24.709034,2.6676552
batch_01700_patch.tiff,patch_78,15.100981,12.285383,7.4470606,23.2976,4.8442655
batch_01700_patch.tiff,patch_79,15.4353,9.036893,13.8573475,23.619366,-4.500404
batch_01700_patch.tiff,patch_80,16.284492,10.644693,13.248246,21.738407,-7.1545186
batch_01700_patch.tiff,patch_81,19.57624,9.907488,15.1579075,22.798876,-5.5170407
batch_01700_patch.tiff,patch_82,15.01085,7.2214384,11.549961,23.084286,-1.1542151
batch_01700_patch.tiff,patch_83,11.560312,12.612878,14.265429,26.859253,-7.39369
batch_01700_patch.tiff,patch_84,14.38077,12.392876,16.592857,23.635664,-6.5888777
batch_01700_patch.tiff,patch_85,11.9701185,12.821323,4.949374,26.600471,-5.3562107
batch_01700_patch.tiff,patch_86,19.11146,9.546873,9.924334,20.769491,-0.7807297
batch_01700_patch.tiff,patch_87,15.96766,6.482834,13.790898,23.783895,-6.58617
batch_01700_patch.tiff,patch_88,16.45108,8.863586,12.623289,23.943628,-8.111247
batch_01700_patch.tiff,patch_89,13.660627,8.896679,9.261219,22.067173,-5.9485793
batch_01700_patch.tiff,patch_90,12.281594,11.132306,6.7649665,23.815563,-3.2732873
batch_01700_patch.tiff,patch_91,12.321124,8.310607,9.04607,23.68202,-5.966521
batch_01700_patch.tiff,patch_92,15.461241,9.056943,3.816357,23.981846,1.2360644
batch_01700_patch.tiff,patch_93,18.550259,8.762015,15.147338,21.56724,-5.365205
batch_01700_patch.tiff,patch_94,14.102967,9.091546,9.09954,23.336569,-7.672601
batch_01700_patch.tiff,patch_95,16.33305,9.750409,11.348645,21.299427,-7.842521
batch_01700_patch.tiff,patch_96,14.615185,13.929804,12.405021,24.447308,-7.561901
batch_01700_patch.tiff,patch_97,20.878284,13.580248,10.51849,24.24307,-0.70122087
batch_01700_patch.tiff,patch_98,19.858896,12.234615,14.26472,25.122513,-2.0406735
batch_01700_patch.tiff,patch_99,9.534777,11.216707,3.3395565,25.087156,-6.8015633
batch_01700_patch.tiff,patch_100,12.0811615,10.411893,11.195658,24.357985,-9.081688
batch_01700_patch.tiff,patch_101,14.998071,10.118164,7.784127,21.744295,0.70105577
batch_01700_patch.tiff,patch_102,13.716205,13.59994,9.223038,28.371702,-2.1664715
batch_01700_patch.tiff,patch_103,8.636304,6.731864,7.696822,22.25916,-6.2219687
batch_01700_patch.tiff,patch_104,10.380298,8.698758,8.248971,24.298824,-3.3526132
batch_01700_patch.tiff,patch_105,22.065006,10.075877,14.379943,23.538488,-2.9228323
batch_01700_patch.tiff,patch_106,15.1606865,10.820632,16.621191,24.440378,-6.238924
batch_01700_patch.tiff,patch_107,17.057867,7.075523,13.123565,20.696846,-5.427516
batch_01700_patch.tiff,patch_108,20.310501,6.707297,10.497522,22.399073,-2.8546627
batch_01700_patch.tiff,patch_109,17.190357,8.409022,15.989706,21.472092,-8.909864
batch_01700_patch.tiff,patch_110,17.938017,8.166276,7.7249775,21.588005,-3.3675804
batch_01700_patch.tiff,patch_111,14.197243,13.11159,6.2607746,28.634129,-7.1806927
batch_01700_patch.tiff,patch_112,13.608295,10.059072,8.764476,22.013292,-1.1069071
batch_01700_patch.tiff,patch_113,16.08568,10.251561,10.605614,24.769197,-0.37794632
batch_01700_patch.tiff,patch_114,13.556548,12.563016,7.9967017,24.905516,-1.5969336
batch_01700_patch.tiff,patch_115,12.662586,5.5719767,8.685753,18.865316,-6.563345
batch_01700_patch.tiff,patch_116,14.318854,8.759616,7.062636,23.099403,0.42776325
batch_01700_patch.tiff,patch_117,15.94151,7.837065,9.026254,22.364317,-4.7635984
batch_01700_patch.tiff,patch_118,18.323032,11.191109,13.024392,23.829956,-2.7999034
batch_01700_patch.tiff,patch_119,20.108995,8.598481,5.5414853,22.674498,1.0239615
batch_01700_patch.tiff,patch_120,14.40119,6.96894,15.62096,23.560759,-9.175047
batch_01700_patch.tiff,patch_121,16.318333,10.591446,9.745127,24.333122,-4.4652314
batch_01700_patch.tiff,patch_122,13.9239025,10.202395,5.1178727,26.292524,-5.274934
batch_01700_patch.tiff,patch_123,15.796988,8.627123,18.862608,22.935547,-7.001459
batch_01700_patch.tiff,patch_124,15.276313,9.396251,18.260944,22.23783,-8.801682
batch_01700_patch.tiff,patch_125,13.353491,11.7398205,13.208625,22.20077,-5.0629716
batch_01700_patch.tiff,patch_126,12.719948,12.0486965,9.456534,24.727304,-3.9453466
batch_01700_patch.tiff,patch_127,15.435338,7.2585034,10.842662,22.529245,-8.33632
batch_01700_patch.tiff,patch_128,10.967579,6.3529754,8.003072,19.75402,-9.959786
batch_01700_patch.tiff,patch_129,17.690617,11.204486,14.515177,23.651348,-3.3335388
batch_01700_patch.tiff,patch_130,14.66566,7.31824,11.517578,23.650993,-3.848581
batch_01700_patch.tiff,patch_131,16.784256,8.587379,16.133154,21.344704,-6.0739083
batch_01700_patch.tiff,patch_132,17.466063,9.773575,8.623167,24.731514,-3.728908
batch_01700_patch.tiff,patch_133,13.425633,7.9242573,10.305042,23.479544,-9.044625
batch_01700_patch.tiff,patch_134,19.939253,9.781338,8.511303,20.73182,0.7580801
batch_01700_patch.tiff,patch_135,14.900853,12.730564,14.458437,25.09017,-10.169874
batch_01700_patch.tiff,patch_136,12.422554,5.8063416,8.70939,22.015274,-7.3090777
batch_01700_patch.tiff,patch_137,8.371814,11.1123705,9.551285,22.51816,-6.955526
batch_01700_patch.tiff,patch_138,13.605173,11.579045,13.407301,24.150135,-8.641753
batch_01700_patch.tiff,patch_139,5.717183,8.603098,0.6171052,23.943298,-2.0851972
batch_01700_patch.tiff,patch_140,9.871982,9.906753,4.766017,22.402464,-1.4293826
batch_01700_patch.tiff,patch_141,15.396948,9.069225,14.7875,23.718685,-5.6399956
batch_01700_patch.tiff,patch_142,17.2374,8.784739,11.917751,26.073885,-6.4940724
batch_01700_patch.tiff,patch_143,15.837914,9.344013,11.995338,24.110804,-3.145352
batch_01700_patch.tiff,patch_144,19.415869,9.765776,5.8154955,23.220526,-1.591052
batch_01700_patch.tiff,patch_145,19.139614,12.895246,9.082993,23.846415,-2.805679
batch_01700_patch.tiff,patch_146,13.972862,15.225149,7.663219,22.782862,-2.7279072
batch_01700_patch.tiff,patch_147,17.834433,9.953047,13.65664,22.228643,-5.015713
batch_01700_patch.tiff,patch_148,15.078789,5.9659595,1.0417789,22.896847,1.597546
batch_01700_patch.tiff,patch_149,13.092276,6.721705,11.254269,23.348898,-3.2436476
batch_01700_patch.tiff,patch_150,12.682012,11.837703,12.284409,25.371744,-11.03236
batch_01700_patch.tiff,patch_151,10.647678,8.721281,11.669555,25.227364,-5.317268
batch_01700_patch.tiff,patch_152,11.720236,12.092017,6.8866367,24.42896,-2.7031233
batch_01700_patch.tiff,patch_153,18.428667,7.9166317,14.119099,24.527481,-5.0098577
batch_01700_patch.tiff,patch_154,13.5184765,9.53556,11.956529,24.63322,-6.1746473
batch_01700_patch.tiff,patch_155,17.8319,9.959548,6.524426,24.710096,0.28621823
batch_01700_patch.tiff,patch_156,12.9119215,14.443334,1.660015,25.807667,-9.195102
batch_01700_patch.tiff,patch_157,11.261798,8.6485195,5.989937,26.647705,-8.555099
batch_01700_patch.tiff,patch_158,11.080881,7.5622926,2.597388,24.782204,-4.798995
batch_01700_patch.tiff,patch_159,14.30038,5.683349,2.8464484,24.353142,-0.5860746
batch_01700_patch.tiff,patch_160,15.163615,6.4529176,8.05849,23.293066,-4.7609787
batch_01700_patch.tiff,patch_161,12.523471,8.311039,13.006921,22.699062,-8.404406
batch_01700_patch.tiff,patch_162,15.336369,6.566296,9.326374,21.971888,-6.0949993
batch_01700_patch.tiff,patch_163,16.191711,7.6672096,13.830126,19.544472,-3.1004841
batch_01700_patch.tiff,patch_164,16.824814,9.834974,9.004991,23.40919,-4.7559376
batch_01700_patch.tiff,patch_165,13.841243,5.801742,12.468776,23.32104,-10.627234
batch_01700_patch.tiff,patch_166,12.833394,10.079676,9.890001,23.508698,-3.9651892
batch_01700_patch.tiff,patch_167,15.280127,8.603833,10.63671,22.531124,-6.269571
batch_01700_patch.tiff,patch_168,13.450604,10.380758,7.804649,23.591333,-3.7572331
batch_01700_patch.tiff,patch_169,12.873108,10.673594,7.765653,27.212065,-9.05532
batch_01700_patch.tiff,patch_170,15.199043,4.880861,4.331808,20.785213,-1.2206063
batch_01700_patch.tiff,patch_171,18.200525,7.845668,8.811077,23.703323,-2.6304026
batch_01700_patch.tiff,patch_172,15.49965,13.648929,12.842839,27.24648,-4.017724
batch_01700_patch.tiff,patch_173,11.965256,11.013186,3.1846356,26.677298,-1.4427288
batch_01700_patch.tiff,patch_174,15.271303,10.32624,7.025248,24.116632,2.1975183
batch_01700_patch.tiff,patch_175,15.896839,7.6568904,10.8117075,19.720612,-1.2153828
batch_01700_patch.tiff,patch_176,19.611053,8.178986,11.472078,23.340536,-5.7611327
batch_01700_patch.tiff,patch_177,17.704107,6.4625435,8.808947,24.204031,-4.1467786
batch_01700_patch.tiff,patch_178,20.68698,4.7198296,7.2051935,20.699696,-8.828728
batch_01700_patch.tiff,patch_179,13.606898,9.584579,6.55106,21.46269,2.7591236
batch_01700_patch.tiff,patch_180,16.327711,8.933751,10.625634,23.878792,0.62919855
batch_01750_patch.tiff,patch_0,16.499832,11.97983,6.8146954,21.642654,3.2176108
batch_01750_patch.tiff,patch_1,11.206659,9.05615,3.9995642,24.07568,-1.0787283
batch_01750_patch.tiff,patch_2,13.428026,9.310673,7.490599,23.044144,-4.8092427
batch_01750_patch.tiff,patch_3,14.289648,6.874393,14.286541,20.153383,-5.0092187
batch_01750_patch.tiff,patch_4,17.256763,14.860217,11.26848,22.459974,-6.9530606
batch_01750_patch.tiff,patch_5,10.825137,15.559409,6.191316,23.331135,-1.597243
batch_01750_patch.tiff,patch_6,10.738939,11.286803,19.360115,19.540606,-9.320435
batch_01750_patch.tiff,patch_7,11.573641,10.917636,14.317767,20.905403,-9.04327
batch_01750_patch.tiff,patch_8,10.634359,9.613721,12.909289,20.006516,-7.2459745
batch_01750_patch.tiff,patch_9,14.001771,9.320731,8.3244295,18.813698,-2.3506608
batch_01750_patch.tiff,patch_10,18.642513,8.9604225,15.086641,24.456871,-3.546338
batch_01750_patch.tiff,patch_11,16.021173,12.013086,9.72494,23.135515,-6.344904
batch_01750_patch.tiff,patch_12,16.688755,11.555508,9.174324,21.889551,-4.0896916
batch_01750_patch.tiff,patch_13,14.742563,10.52823,11.113064,23.521908,-8.17872
batch_01750_patch.tiff,patch_14,13.111113,8.7042885,13.803358,19.634087,-7.32524
batch_01750_patch.tiff,patch_15,17.134342,17.725605,10.920073,20.415,-3.7145195
batch_01750_patch.tiff,patch_16,14.447704,15.819026,16.248129,22.909996,-5.3503013
batch_01750_patch.tiff,patch_17,14.171583,10.031369,18.486841,23.209972,-6.9090867
batch_01750_patch.tiff,patch_18,9.715845,10.821349,8.937073,23.057438,-7.372585
batch_01750_patch.tiff,patch_19,10.440158,6.9522543,9.788738,21.34996,-8.176228
batch_01750_patch.tiff,patch_20,12.686141,7.6394877,15.183253,16.972593,-7.2781262
batch_01750_patch.tiff,patch_21,16.647589,12.706883,14.219741,20.684492,-7.115008
batch_01750_patch.tiff,patch_22,20.28292,11.751434,13.927922,23.94501,-6.0525155
batch_01750_patch.tiff,patch_23,13.453847,11.017374,6.5288186,24.323637,-6.531581
batch_01750_patch.tiff,patch_24,11.114578,9.6406975,2.2201905,19.741148,-1.7458562
batch_01750_patch.tiff,patch_25,10.428823,9.138627,3.6735818,23.030737,-5.38904
batch_01750_patch.tiff,patch_26,12.22544,12.247503,9.63795,23.995142,-2.1783981
batch_01750_patch.tiff,patch_27,11.885062,17.714487,9.873088,19.302517,-5.797949
batch_01750_patch.tiff,patch_28,13.061014,8.506158,17.35829,21.36493,-9.76226
batch_01750_patch.tiff,patch_29,15.050313,10.575688,14.182055,22.686083,-7.9597006
batch_01750_patch.tiff,patch_30,9.1789,10.510394,14.546882,21.355978,-10.686837
batch_01750_patch.tiff,patch_31,13.594561,11.810077,12.720781,21.234388,-8.84261
batch_01750_patch.tiff,patch_32,14.787083,6.4666495,8.370499,20.160591,-6.470138
batch_01750_patch.tiff,patch_33,16.277767,5.5865693,3.9525592,22.107365,-2.8516223
batch_01750_patch.tiff,patch_34,11.352932,5.7091355,11.24179,20.659422,-13.068362
batch_01750_patch.tiff,patch_35,18.423212,10.906392,8.487691,23.164858,-2.5527303
batch_01750_patch.tiff,patch_36,12.97273,12.503113,1.3923941,23.35239,-1.9657899
batch_01750_patch.tiff,patch_37,9.588043,7.1645093,10.180375,22.78068,-8.8759575
batch_01750_patch.tiff,patch_38,11.079833,8.023473,8.893858,22.581768,-7.1496634
batch_01750_patch.tiff,patch_39,11.454114,19.614168,9.111655,19.49172,-5.469743
batch_01750_patch.tiff,patch_40,11.98468,17.23787,17.45669,19.517597,-6.90511
batch_01750_patch.tiff,patch_41,11.225593,9.978483,14.692739,24.191648,-5.6868296
batch_01750_patch.tiff,patch_42,10.91044,13.622958,15.843154,22.228804,-7.1047964
batch_01750_patch.tiff,patch_43,10.209165,11.92533,15.135343,21.244448,-9.829796
batch_01750_patch.tiff,patch_44,12.849354,1.377699,7.1760283,21.502197,-7.81293
batch_01750_patch.tiff,patch_45,16.803606,7.2851825,7.6151347,20.81278,-1.5119121
batch_01750_patch.tiff,patch_46,16.706532,9.14896,12.556015,22.197308,-3.0836058
batch_01750_patch.tiff,patch_47,9.984168,9.559747,5.8819304,23.589104,-2.5712967
batch_01750_patch.tiff,patch_48,12.467038,14.061106,7.028359,23.818638,-6.142305
batch_01750_patch.tiff,patch_49,12.534052,9.216241,12.344951,22.640644,-5.498341
batch_01750_patch.tiff,patch_50,10.102422,8.179347,3.2751575,22.613804,-5.757158
batch_01750_patch.tiff,patch_51,19.061724,18.663342,8.078979,16.294266,-7.4935265
batch_01750_patch.tiff,patch_52,12.934029,6.2564793,14.772505,16.701208,-10.242225
batch_01750_patch.tiff,patch_53,13.200694,5.282336,15.603954,20.459286,-7.2882733
batch_01750_patch.tiff,patch_54,10.303128,13.051141,5.637173,27.033829,-3.035706
batch_01750_patch.tiff,patch_55,9.436663,9.068706,2.6709242,21.172638,-8.023219
batch_01750_patch.tiff,patch_56,11.28321,8.95698,14.958614,24.691978,-12.365459
batch_01750_patch.tiff,patch_57,10.901298,9.645761,7.491506,22.888584,-5.4561133
batch_01750_patch.tiff,patch_58,14.662411,10.125938,5.1323543,21.829533,-3.3329217
batch_01750_patch.tiff,patch_59,14.415232,12.053495,4.559285,21.342783,-4.7719774
batch_01750_patch.tiff,patch_60,9.716015,7.5318923,10.943799,24.478603,-7.261773
batch_01750_patch.tiff,patch_61,12.470692,9.839579,10.849809,25.777292,-7.5432377
batch_01750_patch.tiff,patch_62,14.410926,14.558533,16.533512,22.967588,-5.653348
batch_01750_patch.tiff,patch_63,18.40382,13.0987625,10.941395,22.883554,-8.796745
batch_01750_patch.tiff,patch_64,16.37881,10.876218,10.319672,25.611748,-4.522066
batch_01750_patch.tiff,patch_65,16.517263,6.0053825,13.930132,19.585505,-8.881111
batch_01750_patch.tiff,patch_66,16.626848,10.226308,11.808012,25.212927,-6.566217
batch_01750_patch.tiff,patch_67,10.681216,10.200675,5.6358886,23.599384,-6.31131
batch_01750_patch.tiff,patch_68,13.670973,11.5517,4.595357,20.85645,-5.187992
batch_01750_patch.tiff,patch_69,12.788001,9.67907,5.616123,17.252886,-1.0055543
batch_01750_patch.tiff,patch_70,13.96219,13.247679,10.122102,22.265326,-3.5117378
batch_01750_patch.tiff,patch_71,17.595455,12.530095,9.976194,23.185057,-4.70754
batch_01750_patch.tiff,patch_72,11.486414,7.0901933,7.202675,23.768785,-7.199743
batch_01750_patch.tiff,patch_73,13.126293,14.848272,10.604478,25.536287,-5.3746567
batch_01750_patch.tiff,patch_74,15.344893,6.5126104,6.6122403,23.640188,-6.2844324
batch_01750_patch.tiff,patch_75,15.037364,9.0615835,12.456435,22.236727,-4.0679674
batch_01750_patch.tiff,patch_76,17.000648,12.754721,10.726928,24.049002,-4.4646125
batch_01750_patch.tiff,patch_77,12.813022,6.679543,12.08685,24.334553,-7.2649875
batch_01750_patch.tiff,patch_78,11.664538,8.935194,3.6736052,24.58427,-6.235615
batch_01750_patch.tiff,patch_79,10.469819,12.213467,3.1143224,23.882248,-6.2247443
batch_01750_patch.tiff,patch_80,15.124483,9.492521,12.81943,23.335232,-5.748932
batch_01750_patch.tiff,patch_81,21.959854,15.323139,13.337058,22.258362,-4.9845886
batch_01750_patch.tiff,patch_82,17.32757,8.608053,8.862477,22.685701,-0.7677341
batch_01750_patch.tiff,patch_83,14.716588,8.559597,12.044015,23.32202,-7.779122
batch_01750_patch.tiff,patch_84,15.203908,11.453574,8.603921,25.069263,-6.2130165
batch_01750_patch.tiff,patch_85,12.969545,10.792473,8.784148,22.937267,-7.9741573
batch_01750_patch.tiff,patch_86,14.508775,6.363757,12.721328,22.155758,-2.5104613
batch_01750_patch.tiff,patch_87,16.21888,8.01806,12.644264,21.120914,-2.7868516
batch_01750_patch.tiff,patch_88,14.564057,11.10042,15.126651,20.325356,-10.175254
batch_01750_patch.tiff,patch_89,16.208693,8.659809,15.215737,23.002075,-7.2721343
batch_01750_patch.tiff,patch_90,11.223838,11.186876,8.03477,26.90289,-6.4253182
batch_01750_patch.tiff,patch_91,13.016518,11.132228,10.453599,26.458513,-10.182369
batch_01750_patch.tiff,patch_92,17.762724,12.10081,11.284993,21.178547,-2.2416346
batch_01750_patch.tiff,patch_93,17.40722,12.63076,6.6663027,22.350912,-7.8842664
batch_01750_patch.tiff,patch_94,15.123054,11.447422,4.654577,26.317528,-6.2114716
batch_01750_patch.tiff,patch_95,13.840808,11.9091835,9.870758,23.841757,-5.5186787
batch_01750_patch.tiff,patch_96,11.723603,8.9763155,9.904292,26.633009,-3.388037
batch_01750_patch.tiff,patch_97,10.392287,12.118788,13.411375,20.495573,-9.3315325
batch_01750_patch.tiff,patch_98,12.982203,15.760984,15.178208,22.498428,-6.4198046
batch_01750_patch.tiff,patch_99,12.258738,13.289333,11.195518,25.49208,-4.8798785
batch_01750_patch.tiff,patch_100,14.361288,9.566995,16.218649,23.040533,-8.551091
batch_01750_patch.tiff,patch_101,15.130458,9.459913,14.541896,23.43263,-7.2291713
batch_01750_patch.tiff,patch_102,16.569061,11.428139,8.135662,25.473024,-5.7201705
batch_01750_patch.tiff,patch_103,16.387718,9.368512,12.874449,24.843765,-8.625055
batch_01750_patch.tiff,patch_104,12.516279,11.225079,4.4195676,24.22943,-0.53672826
batch_01750_patch.tiff,patch_105,16.83463,6.6115637,10.366847,21.636335,-7.2503724
batch_01750_patch.tiff,patch_106,11.213391,14.486662,6.7100406,22.268023,-7.1012964
batch_01750_patch.tiff,patch_107,9.316671,8.404887,7.1618166,23.628218,-3.6023848
batch_01750_patch.tiff,patch_108,10.623993,7.235541,11.678906,19.4578,-3.3949637
batch_01750_patch.tiff,patch_109,13.781338,12.869333,6.079719,22.263866,-1.9869688
batch_01750_patch.tiff,patch_110,15.073507,11.023046,15.616676,22.380962,-7.155439
batch_01750_patch.tiff,patch_111,13.589913,12.021743,11.902692,23.428345,-4.4808702
batch_01750_patch.tiff,patch_112,14.272089,8.235865,15.96139,21.597277,-9.39333
batch_01750_patch.tiff,patch_113,15.251335,10.821648,13.474071,25.316256,-5.4922867
batch_01750_patch.tiff,patch_114,10.740652,11.104975,9.348573,24.99683,-10.696314
batch_01750_patch.tiff,patch_115,10.631177,8.507621,12.082887,24.093527,-7.444663
batch_01750_patch.tiff,patch_116,19.087662,11.919477,15.007441,23.86712,-9.395683
batch_01750_patch.tiff,patch_117,20.578184,9.277476,15.578346,21.269499,-4.122813
batch_01750_patch.tiff,patch_118,14.017166,10.9267435,17.530928,23.605686,-9.961446
batch_01750_patch.tiff,patch_119,11.20605,6.6410875,10.093304,23.76822,-11.611105
batch_01750_patch.tiff,patch_120,11.225093,13.1246605,9.654679,24.035461,-5.51097
batch_01750_patch.tiff,patch_121,12.405667,8.600737,9.550244,21.123055,-8.406826
batch_01750_patch.tiff,patch_122,10.4021,14.8054495,13.19479,23.355026,-4.7369323
batch_01750_patch.tiff,patch_123,13.890272,10.225843,7.716912,22.792324,-5.6419516
batch_01750_patch.tiff,patch_124,11.646927,13.157024,12.761833,24.630249,-8.773905
batch_01750_patch.tiff,patch_125,10.105542,8.193543,9.58417,21.955465,-12.218249
batch_01750_patch.tiff,patch_126,5.4639835,15.765674,2.4343495,17.653214,-6.712095
batch_01750_patch.tiff,patch_127,15.312662,8.340169,11.505202,24.597822,-5.689405
batch_01750_patch.tiff,patch_128,16.370712,9.910317,9.791715,23.735342,-5.147255
batch_01750_patch.tiff,patch_129,19.540834,13.570509,9.384518,22.96984,-5.432859
batch_01750_patch.tiff,patch_130,6.9242067,10.796893,11.0550995,25.348879,-5.6722913
batch_01750_patch.tiff,patch_131,5.5623918,12.955074,6.246916,25.653387,-5.035486
batch_01750_patch.tiff,patch_132,11.782607,9.304536,13.33982,22.623545,-10.202853
batch_01750_patch.tiff,patch_133,11.843014,6.133672,3.3209329,17.651253,-1.5044215
batch_01750_patch.tiff,patch_134,11.38571,15.989266,9.704631,24.051216,-6.7284727
batch_01750_patch.tiff,patch_135,11.669768,9.992559,10.803777,18.765043,-12.0170765
batch_01750_patch.tiff,patch_136,8.937373,9.200902,11.789844,21.14306,-8.7322445
batch_01750_patch.tiff,patch_137,12.149153,15.613951,8.415673,26.41246,-0.7861382
batch_01750_patch.tiff,patch_138,10.405525,14.281297,4.79421,25.648174,-8.001333
batch_01750_patch.tiff,patch_139,8.51661,12.993419,5.149662,27.158094,-4.6686482
batch_01750_patch.tiff,patch_140,16.23746,11.010265,11.427854,23.493652,-0.9206132
batch_01750_patch.tiff,patch_141,18.811337,11.681398,12.380273,23.649149,-6.9159145
batch_01750_patch.tiff,patch_142,9.762649,8.27952,12.005068,24.2307,-7.429466
batch_01750_patch.tiff,patch_143,8.550568,8.834434,10.77648,24.853565,-9.897794
batch_01750_patch.tiff,patch_144,16.064877,13.42746,7.4844966,26.421904,-7.47701
batch_01750_patch.tiff,patch_145,12.028543,11.550633,10.339842,25.802343,-8.603721
batch_01750_patch.tiff,patch_146,11.812036,13.02548,12.77233,20.626642,-7.2622566
batch_01750_patch.tiff,patch_147,13.726463,16.984896,12.49614,18.976807,-8.749867
batch_01750_patch.tiff,patch_148,15.535518,8.133984,9.581882,18.905249,-5.205511
batch_01750_patch.tiff,patch_149,13.682221,6.2021604,7.088152,20.997902,-7.7834477
batch_01750_patch.tiff,patch_150,8.778449,11.3436575,8.387383,25.329866,-9.8273945
batch_01750_patch.tiff,patch_151,8.9455,10.411307,4.798575,23.654829,-7.593419
batch_01750_patch.tiff,patch_152,17.066296,9.664103,14.85283,23.603767,-5.646914
batch_01750_patch.tiff,patch_153,14.736832,8.361272,6.060204,24.185814,-6.1877656
batch_01750_patch.tiff,patch_154,6.1593804,9.534004,7.751836,21.256353,-14.511988
batch_01750_patch.tiff,patch_155,10.120108,8.166813,4.486071,21.614944,-8.574857
batch_01750_patch.tiff,patch_156,8.867673,12.561018,2.252106,20.10481,-4.6752024
batch_01750_patch.tiff,patch_157,9.198276,9.867868,7.5449524,22.598623,-11.124855
batch_01750_patch.tiff,patch_158,15.106805,10.847693,12.996276,20.978363,-8.787712
batch_01750_patch.tiff,patch_159,15.920657,17.01604,10.276978,22.557076,-10.004463
batch_01750_patch.tiff,patch_160,13.223778,7.5340185,10.267054,20.170206,-5.6000094
batch_01750_patch.tiff,patch_161,17.583668,8.096634,14.078861,23.264692,-4.9664426
batch_01750_patch.tiff,patch_162,9.827114,10.7955475,8.023012,25.76375,-7.6289477
batch_01750_patch.tiff,patch_163,8.592699,12.235655,4.908691,21.657646,-7.2076225
batch_01750_patch.tiff,patch_164,10.465839,4.2899523,13.043507,20.961174,-7.835826
batch_01750_patch.tiff,patch_165,18.196737,7.7293277,16.034431,21.82135,-8.812475
batch_01750_patch.tiff,patch_166,13.829494,9.833124,13.227961,23.583456,-7.1956596
batch_01750_patch.tiff,patch_167,10.305127,8.062322,5.691451,23.175655,-7.3906183
batch_01750_patch.tiff,patch_168,9.368799,5.943005,1.826861,23.518028,-6.5425434
batch_01750_patch.tiff,patch_169,9.9336815,11.143719,7.9140515,23.7162,-1.090973
batch_01750_patch.tiff,patch_170,15.1333475,9.68516,14.421588,24.010809,-4.227215
batch_01750_patch.tiff,patch_171,15.128719,13.729302,13.944781,21.466173,-6.3603377
batch_01750_patch.tiff,patch_172,11.542917,12.999474,11.537249,25.13856,-8.429803
batch_01750_patch.tiff,patch_173,14.382904,9.209995,13.3941965,19.886555,-10.171513
batch_01750_patch.tiff,patch_174,8.671742,9.808132,5.4992366,24.12662,-10.367919
batch_01750_patch.tiff,patch_175,12.47255,11.89704,6.425204,23.01255,-7.542737
batch_01750_patch.tiff,patch_176,14.80594,12.847201,6.6418567,26.003553,0.6680825
batch_01750_patch.tiff,patch_177,18.034319,9.147098,11.869581,23.403091,-7.6712694
batch_01800_patch.tiff,patch_0,19.535534,5.577972,6.7080503,18.165314,-2.3520432
batch_01800_patch.tiff,patch_1,20.828775,8.2331915,8.507279,23.686424,-2.482928
batch_01800_patch.tiff,patch_2,12.980622,12.418138,6.6143923,25.37404,-6.311489
batch_01800_patch.tiff,patch_3,18.411127,10.717402,6.141157,24.007376,-5.305299
batch_01800_patch.tiff,patch_4,15.250031,13.105532,8.348074,26.103714,-9.669005
batch_01800_patch.tiff,patch_5,14.828902,5.8626585,13.987311,19.63976,-12.355468
batch_01800_patch.tiff,patch_6,17.409437,8.097296,15.887763,22.872097,-8.058718
batch_01800_patch.tiff,patch_7,15.716039,6.088619,2.2318664,20.81129,-4.787285
batch_01800_patch.tiff,patch_8,10.858153,10.716272,7.0187926,24.526392,-2.4664376
batch_01800_patch.tiff,patch_9,14.520139,12.239734,4.9747605,26.935959,-8.003316
batch_01800_patch.tiff,patch_10,13.298679,5.6676354,15.317788,20.094257,-11.950334
batch_01800_patch.tiff,patch_11,15.339414,5.975426,15.696072,20.663877,-8.480214
batch_01800_patch.tiff,patch_12,14.9775915,15.702571,10.6052065,25.156578,-6.3524027
batch_01800_patch.tiff,patch_13,13.726125,13.1878605,4.771173,25.830362,-6.525135
batch_01800_patch.tiff,patch_14,12.746918,12.304094,6.2579303,20.062645,-5.5286794
batch_01800_patch.tiff,patch_15,12.145637,11.7966585,7.2997017,21.765926,-2.87068
batch_01800_patch.tiff,patch_16,17.976862,12.58731,6.4608016,23.876656,-1.3385123
batch_01800_patch.tiff,patch_17,11.324428,11.684282,11.223716,27.819687,-11.917738
batch_01800_patch.tiff,patch_18,18.594017,10.881353,19.142422,25.174915,-13.156197
batch_01800_patch.tiff,patch_19,17.583391,8.765818,17.10702,23.200315,-8.969346
batch_01800_patch.tiff,patch_20,14.267513,5.8733788,13.047777,22.226791,-3.4261649
batch_01800_patch.tiff,patch_21,14.456887,9.556145,8.231785,23.17867,-2.8746488
batch_01800_patch.tiff,patch_22,14.606177,11.995661,5.5095196,24.792236,-6.7593837
batch_01800_patch.tiff,patch_23,15.867853,9.951908,11.270977,24.73901,-7.4130554
batch_01800_patch.tiff,patch_24,13.192715,5.752156,10.935251,21.248886,-5.774429
batch_01800_patch.tiff,patch_25,16.88815,8.276748,14.024451,22.47165,-9.896549
batch_01800_patch.tiff,patch_26,16.646894,10.788813,14.449797,23.786032,-6.7762094
batch_01800_patch.tiff,patch_27,12.928215,8.648961,10.262243,22.015198,-4.616475
batch_01800_patch.tiff,patch_28,13.842699,12.231242,9.58416,22.232388,-10.686526
batch_01800_patch.tiff,patch_29,11.184823,7.894765,13.98466,21.48312,-9.231117
batch_01800_patch.tiff,patch_30,10.023916,6.9462037,5.4805903,20.568901,-2.7697074
batch_01800_patch.tiff,patch_31,5.9824533,7.4410996,8.123879,22.317734,-9.890405
batch_01800_patch.tiff,patch_32,12.184152,8.9514,6.1770816,21.678202,-6.319493
batch_01800_patch.tiff,patch_33,16.204176,10.292385,14.943539,22.193363,-8.711625
batch_01800_patch.tiff,patch_34,7.6701603,15.649851,6.6759176,18.079824,-8.655974
batch_01800_patch.tiff,patch_35,5.9897876,15.543333,2.8970942,18.410791,-7.6378155
batch_01800_patch.tiff,patch_36,17.98802,11.18701,12.809071,21.532513,-3.8480988
batch_01800_patch.tiff,patch_37,14.959665,14.048635,7.3029327,26.124832,-1.6376741
batch_01800_patch.tiff,patch_38,16.516544,8.466667,10.542323,22.174149,-8.844288
batch_01800_patch.tiff,patch_39,14.776997,12.013037,9.543266,27.9653,-5.39641
batch_01800_patch.tiff,patch_40,20.71324,10.99407,10.462484,25.0356,-1.3466498
batch_01800_patch.tiff,patch_41,13.634416,13.239312,6.9429955,24.871735,-4.691383
batch_01800_patch.tiff,patch_42,10.521215,10.1628275,8.908487,25.558893,-7.704421
batch_01800_patch.tiff,patch_43,11.656288,8.476191,5.691725,23.01349,-0.52405274
batch_01800_patch.tiff,patch_44,16.211279,10.075264,13.241558,22.68078,-8.0904
batch_01800_patch.tiff,patch_45,16.98456,6.454136,10.389463,21.406494,-5.2608733
batch_01800_patch.tiff,patch_46,12.661074,11.195266,8.804133,25.575182,-3.042787
batch_01800_patch.tiff,patch_47,7.603143,16.529104,2.304986,23.214888,-9.38796
batch_01800_patch.tiff,patch_48,15.554981,10.117131,10.649911,22.592354,-4.2264442
batch_01800_patch.tiff,patch_49,16.969439,6.4623456,8.202574,23.19443,-4.4313865
batch_01800_patch.tiff,patch_50,14.237751,7.4433317,7.261207,21.922144,-6.025321
batch_01800_patch.tiff,patch_51,21.3847,9.771492,13.793239,22.818678,-9.97937
batch_01800_patch.tiff,patch_52,14.421946,13.295802,5.878975,23.001759,-4.652764
batch_01800_patch.tiff,patch_53,9.288417,4.939119,10.971563,21.531118,-9.355869
batch_01800_patch.tiff,patch_54,15.739659,8.63411,12.502794,22.750103,-4.0929856
batch_01800_patch.tiff,patch_55,10.600095,6.848923,11.593867,23.055569,-9.946367
batch_01800_patch.tiff,patch_56,9.970589,7.1623354,3.1004248,23.444578,-5.961296
batch_01800_patch.tiff,patch_57,9.110641,15.402569,4.9815865,21.44265,-7.6612673
batch_01800_patch.tiff,patch_58,9.258469,12.354683,2.1789122,24.521738,-3.8137393
batch_01800_patch.tiff,patch_59,13.230249,5.4371867,13.641104,19.513771,-9.321689
batch_01800_patch.tiff,patch_60,17.900215,9.027814,14.7302685,24.425032,-7.0231633
batch_01800_patch.tiff,patch_61,18.096693,6.499989,8.643395,21.378036,-4.4492803
batch_01800_patch.tiff,patch_62,17.809435,7.331578,8.334194,23.833551,-5.496445
batch_01800_patch.tiff,patch_63,16.628807,13.937692,6.493517,22.784279,1.3900728
batch_01800_patch.tiff,patch_64,12.897261,13.006735,7.6858053,22.83886,-4.6335783
batch_01800_patch.tiff,patch_65,17.094923,6.7826433,15.233954,19.8064,-6.3629923
batch_01800_patch.tiff,patch_66,15.115101,9.897283,16.901554,21.615465,-8.390598
batch_01800_patch.tiff,patch_67,10.597211,7.698809,10.352706,25.375774,-5.10349
batch_01800_patch.tiff,patch_68,7.765621,6.6954412,6.2192163,23.716799,-6.271155
batch_01800_patch.tiff,patch_69,9.304129,13.556569,7.5149264,24.421495,-2.4482434
batch_01800_patch.tiff,patch_70,10.009265,16.527967,4.2348413,20.601078,-3.0169685
batch_01800_patch.tiff,patch_71,11.867474,3.334494,13.753742,19.054565,-11.834841
batch_01800_patch.tiff,patch_72,12.709937,2.77444,9.9604225,19.48215,-11.6497
batch_01800_patch.tiff,patch_73,17.084728,11.325746,14.712713,22.336267,-4.7101936
batch_01800_patch.tiff,patch_74,17.245089,10.082917,6.3451796,25.128874,-0.922669
batch_01800_patch.tiff,patch_75,10.881375,18.952768,9.130127,25.681887,-8.641809
batch_01800_patch.tiff,patch_76,11.756668,12.908755,9.769828,23.788229,-5.3952465
batch_01800_patch.tiff,patch_77,14.105677,8.441946,14.375217,22.56496,-7.523843
batch_01800_patch.tiff,patch_78,12.939436,13.523869,11.621726,26.74126,-6.562542
batch_01800_patch.tiff,patch_79,10.343593,9.215369,8.881833,18.622238,-4.8090873
batch_01800_patch.tiff,patch_80,11.925221,9.78191,7.835992,22.932753,-5.6348314
batch_01800_patch.tiff,patch_81,18.052282,10.538408,6.704637,27.23184,0.00449578
batch_01800_patch.tiff,patch_82,14.600896,9.028062,14.680163,23.53051,-4.137147
batch_01800_patch.tiff,patch_83,8.452359,11.408671,2.7495646,21.425165,-9.650471
batch_01800_patch.tiff,patch_84,9.41933,15.187498,2.6706114,22.630713,-9.53608
batch_01800_patch.tiff,patch_85,17.324463,6.7356358,15.252248,22.739113,-4.642764
batch_01800_patch.tiff,patch_86,17.79875,5.6003423,15.772783,23.468454,-6.0481825
batch_01800_patch.tiff,patch_87,16.239931,8.308906,12.571351,24.799881,-8.189359
batch_01800_patch.tiff,patch_88,12.368622,9.693333,10.300264,19.91758,-11.883334
batch_01800_patch.tiff,patch_89,13.349167,10.145326,14.407732,21.542318,-5.784696
batch_01800_patch.tiff,patch_90,16.375147,6.2143927,15.419725,24.69953,-11.911386
batch_01800_patch.tiff,patch_91,9.437046,11.525788,11.346269,20.437344,-14.4418335
batch_01800_patch.tiff,patch_92,8.995507,12.944449,12.112905,24.296577,-6.41831
batch_01800_patch.tiff,patch_93,16.463526,8.245991,8.197588,26.173447,-3.2637837
batch_01800_patch.tiff,patch_94,13.401645,9.446768,12.869416,18.303976,-2.2551358
batch_01800_patch.tiff,patch_95,10.092711,18.6132,8.654538,19.135977,-7.6452923
batch_01800_patch.tiff,patch_96,8.094383,13.152931,10.274888,20.739689,-8.337508
batch_01800_patch.tiff,patch_97,11.582208,11.298378,6.150825,24.897144,-3.809924
batch_01800_patch.tiff,patch_98,12.257471,9.7279625,3.4557352,22.167624,-4.7041063
batch_01800_patch.tiff,patch_99,17.937588,11.226892,14.6883955,22.27663,-5.4985447
batch_01800_patch.tiff,patch_100,15.603493,8.530521,7.5760055,25.174894,-8.689307
batch_01800_patch.tiff,patch_101,17.87133,11.660763,13.980121,26.404911,-6.0049434
batch_01800_patch.tiff,patch_102,10.814353,12.961129,8.365888,26.114073,-6.1238337
batch_01800_patch.tiff,patch_103,17.02874,6.816037,11.75802,20.499428,-6.099843
batch_01800_patch.tiff,patch_104,13.5260315,8.037756,5.7814355,22.642994,-6.7163057
batch_01800_patch.tiff,patch_105,18.130701,10.662023,14.357382,27.714663,-9.752635
batch_01800_patch.tiff,patch_106,13.682287,12.803543,7.53175,24.185589,-11.206731
batch_01800_patch.tiff,patch_107,13.113685,6.153853,16.0824,20.681366,-10.811852
batch_01800_patch.tiff,patch_108,10.364517,19.075447,8.05105,23.816065,-8.69951
batch_01800_patch.tiff,patch_109,15.890675,11.931459,8.398926,27.174065,-0.9155605
batch_01800_patch.tiff,patch_110,14.198237,11.762756,9.00367,23.280682,-4.007714
batch_01800_patch.tiff,patch_111,11.521405,11.341039,5.6977663,23.977856,-5.2365856
batch_01800_patch.tiff,patch_112,15.216808,6.3976088,12.3544235,25.499016,-10.265975
batch_01800_patch.tiff,patch_113,14.925747,15.937749,11.414883,24.265015,-6.1407447
batch_01800_patch.tiff,patch_114,8.175264,16.83385,3.7553205,25.609184,-6.689448
batch_01800_patch.tiff,patch_115,15.026383,5.768902,16.057295,19.182968,-7.0733995
batch_01800_patch.tiff,patch_116,17.201729,12.084952,11.185717,27.203064,-4.6547613
batch_01800_patch.tiff,patch_117,12.518607,11.667088,5.1500416,27.189184,-7.4900293
batch_01800_patch.tiff,patch_118,10.69286,10.092187,13.523101,20.922293,-10.636383
batch_01800_patch.tiff,patch_119,9.757499,9.97272,12.600814,22.026236,-9.917781
batch_01800_patch.tiff,patch_120,17.042648,10.459276,14.070741,24.439686,-6.790345
batch_01800_patch.tiff,patch_121,21.336424,13.039479,12.074505,23.597923,0.37595436
batch_01800_patch.tiff,patch_122,11.814744,12.986564,4.0300646,23.64359,-1.3391013
batch_01800_patch.tiff,patch_123,9.257835,14.93504,3.8622763,21.95845,-6.575317
batch_01800_patch.tiff,patch_124,16.091125,5.0908837,14.828644,18.593975,-7.2532835
batch_01800_patch.tiff,patch_125,15.987006,5.8772783,11.823189,20.07319,-5.8350534
batch_01800_patch.tiff,patch_126,13.131621,9.135947,10.794405,26.07123,-6.771669
batch_01800_patch.tiff,patch_127,15.714523,14.233714,10.986177,23.835403,-4.394186
batch_01800_patch.tiff,patch_128,18.987322,11.463982,17.218992,24.648922,-4.135332
batch_01800_patch.tiff,patch_129,16.007399,10.152018,15.963368,22.98873,-7.0752993
batch_01800_patch.tiff,patch_130,16.257668,8.85725,12.155367,22.751812,-3.336334
batch_01800_patch.tiff,patch_131,15.077252,9.607501,16.092575,23.055304,-7.9470854
batch_01800_patch.tiff,patch_132,17.50321,9.4978485,15.946571,25.30876,-4.1626697
batch_01800_patch.tiff,patch_133,15.489707,9.47489,1.3018781,20.553764,-1.7205175
batch_01800_patch.tiff,patch_134,15.116333,13.613486,10.699741,24.508757,1.0190738
batch_01800_patch.tiff,patch_135,14.931497,13.509539,12.687302,24.253075,-3.226562
batch_01800_patch.tiff,patch_136,7.901105,2.5812318,6.8039236,20.28942,-6.1167207
batch_01800_patch.tiff,patch_137,11.568088,5.1865444,9.403986,21.663818,-8.362839
batch_01800_patch.tiff,patch_138,11.098207,18.53072,2.1589036,21.44051,-0.017835867
batch_01800_patch.tiff,patch_139,10.481237,11.711061,7.1655765,23.010191,-7.7766643
batch_01800_patch.tiff,patch_140,17.949272,7.15275,9.255785,23.52426,-2.0581605
batch_01800_patch.tiff,patch_141,13.055135,6.4600253,10.771011,22.168798,-1.0063255
batch_01800_patch.tiff,patch_142,18.155394,7.9832106,10.859782,24.505024,-10.848547
batch_01800_patch.tiff,patch_143,17.589888,10.900499,14.284714,24.11829,-3.2539616
batch_01800_patch.tiff,patch_144,11.947308,10.211651,6.480509,23.40404,-4.7205853
batch_01800_patch.tiff,patch_145,10.875712,14.04416,9.146177,23.236578,-10.268673
batch_01800_patch.tiff,patch_146,12.29344,9.456865,9.341969,24.921873,-8.128713
batch_01800_patch.tiff,patch_147,7.2234683,11.896551,7.8204365,26.516127,-7.5253987
batch_01800_patch.tiff,patch_148,16.48708,10.803302,11.298157,24.634527,-6.348783
batch_01800_patch.tiff,patch_149,6.948734,8.082461,7.3734546,22.249762,-6.075648
batch_01800_patch.tiff,patch_150,6.3463664,9.959555,6.374415,20.822655,-6.2363577
batch_01800_patch.tiff,patch_151,11.9972105,12.436128,10.861867,20.12162,-8.336352
batch_01800_patch.tiff,patch_152,16.734562,9.719306,11.949465,24.647968,-2.0131505
batch_01800_patch.tiff,patch_153,16.681507,7.339616,15.4831915,21.49194,-4.272133
batch_01800_patch.tiff,patch_154,13.360165,12.296882,7.0737934,26.033195,-7.6622305
batch_01800_patch.tiff,patch_155,15.536325,9.483166,7.3842874,22.658735,-5.620588
batch_01800_patch.tiff,patch_156,12.957725,12.28125,5.646443,24.68454,-1.935695
batch_01800_patch.tiff,patch_157,12.212986,11.961122,3.4807556,23.619997,-5.93845
batch_01800_patch.tiff,patch_158,11.110049,9.723276,5.7665157,24.951454,-4.7392774
batch_01800_patch.tiff,patch_159,11.273871,10.027201,9.068564,21.194548,-1.1671685
batch_01800_patch.tiff,patch_160,8.655249,11.614868,9.19933,22.930487,-8.679317
batch_01800_patch.tiff,patch_161,6.2588964,8.055318,7.865272,21.823292,-6.978549
batch_01800_patch.tiff,patch_162,10.641147,7.0177355,10.997081,22.157347,-10.573669
batch_01800_patch.tiff,patch_163,12.067006,7.585984,10.138651,21.604895,-9.724848
batch_01800_patch.tiff,patch_164,16.590937,10.708645,11.311294,26.063559,-3.8843865
batch_01800_patch.tiff,patch_165,17.055317,9.534383,8.3353,25.736757,-0.65356475
batch_01800_patch.tiff,patch_166,13.736785,12.28344,4.74127,22.524614,-2.7800305
batch_01800_patch.tiff,patch_167,18.07179,9.331406,4.2691283,21.375908,-11.165275
batch_01800_patch.tiff,patch_168,14.144325,6.9742723,8.706678,28.737593,-9.467025
batch_01800_patch.tiff,patch_169,15.797648,16.45215,7.5960546,25.693731,-8.396719
batch_01800_patch.tiff,patch_170,12.95949,5.3542333,7.6947517,19.597767,0.3981838
batch_01800_patch.tiff,patch_171,7.800565,6.402686,3.4429889,21.523117,-2.9322762
batch_01800_patch.tiff,patch_172,12.422581,4.0395756,10.295091,18.53357,-10.258209
batch_01800_patch.tiff,patch_173,11.157091,5.237563,7.3866706,21.190985,-10.620737
batch_01800_patch.tiff,patch_174,15.145959,9.960701,10.478641,23.218786,-8.029199
batch_01800_patch.tiff,patch_175,14.972361,10.196027,5.3156524,22.28177,-9.850198
batch_01800_patch.tiff,patch_176,15.366269,7.525049,11.2744665,21.219818,-6.5231566
batch_01850_patch.tiff,patch_0,14.24081,10.612846,8.94258,22.9223,-2.261086
batch_01850_patch.tiff,patch_1,17.855791,9.189535,15.847977,22.034803,-6.109599
batch_01850_patch.tiff,patch_2,13.790226,10.713826,15.774229,22.60479,-3.0561678
batch_01850_patch.tiff,patch_3,16.226486,8.768617,10.913551,23.307024,-1.170452
batch_01850_patch.tiff,patch_4,7.2697177,4.3182034,8.646479,21.125134,-10.330238
batch_01850_patch.tiff,patch_5,7.5357494,10.498156,2.6295981,17.128075,-11.283208
batch_01850_patch.tiff,patch_6,12.148557,9.322415,7.6495485,18.813341,-10.167388
batch_01850_patch.tiff,patch_7,17.246264,10.159511,13.722149,26.72462,-4.675739
batch_01850_patch.tiff,patch_8,16.954765,9.104888,16.653467,23.099403,-5.3169427
batch_01850_patch.tiff,patch_9,15.037286,13.1069355,6.914765,26.763327,-5.3087225
batch_01850_patch.tiff,patch_10,11.412273,12.958572,9.808752,25.208815,-12.881906
batch_01850_patch.tiff,patch_11,14.302521,7.3746104,14.016447,21.951874,-11.137927
batch_01850_patch.tiff,patch_12,14.9455805,9.475954,11.457942,23.832964,-1.8299402
batch_01850_patch.tiff,patch_13,18.857763,11.900377,16.09289,25.636118,-4.367365
batch_01850_patch.tiff,patch_14,16.878788,10.088486,11.536576,24.70001,-2.3236847
batch_01850_patch.tiff,patch_15,15.666027,9.787721,8.448523,22.61691,-2.7119794
batch_01850_patch.tiff,patch_16,16.76432,3.0737903,8.015841,17.58461,-8.889475
batch_01850_patch.tiff,patch_17,11.9681425,5.7466435,7.1359034,23.442245,-8.403976
batch_01850_patch.tiff,patch_18,12.198563,13.702777,7.150448,20.534534,-10.989161
batch_01850_patch.tiff,patch_19,5.485048,11.883234,8.881359,23.945425,-10.483739
batch_01850_patch.tiff,patch_20,9.111017,8.650171,10.368443,21.27262,-5.5063224
batch_01850_patch.tiff,patch_21,13.895491,10.267118,11.674404,23.610054,-2.672815
batch_01850_patch.tiff,patch_22,5.971626,6.3570004,6.4222665,24.372488,-7.2659807
batch_01850_patch.tiff,patch_23,12.7826185,8.938214,7.43606,21.458052,-10.315672
batch_01850_patch.tiff,patch_24,15.456883,8.62385,12.513321,25.431646,-7.0870695
batch_01850_patch.tiff,patch_25,19.203999,9.906645,13.464716,27.407042,-4.5255194
batch_01850_patch.tiff,patch_26,17.2847,8.864625,7.588813,20.051285,-0.064368635
batch_01850_patch.tiff,patch_27,14.466268,7.4339433,15.927577,20.48479,-8.665616
batch_01850_patch.tiff,patch_28,11.938347,7.036224,10.695198,22.54641,-9.929034
batch_01850_patch.tiff,patch_29,12.892178,7.1847744,10.967468,22.665266,-8.844697
batch_01850_patch.tiff,patch_30,12.626142,9.3700905,12.247281,22.048012,-4.524346
batch_01850_patch.tiff,patch_31,10.957309,8.975718,11.251741,22.83488,-7.6412663
batch_01850_patch.tiff,patch_32,13.368974,12.171685,11.407241,26.507402,-6.4945865
batch_01850_patch.tiff,patch_33,14.173031,10.289792,14.240162,22.272873,-8.640444
batch_01850_patch.tiff,patch_34,17.116713,6.257308,11.386715,22.681065,-2.5033488
batch_01850_patch.tiff,patch_35,18.627869,10.510454,14.765228,26.144903,-4.9918523
batch_01850_patch.tiff,patch_36,19.610096,8.944534,16.440105,19.972694,-4.8125305
batch_01850_patch.tiff,patch_37,20.115187,9.949476,15.426075,21.661839,-5.7873926
batch_01850_patch.tiff,patch_38,13.760814,10.748891,11.205561,26.752407,-2.6582553
batch_01850_patch.tiff,patch_39,18.805368,12.562192,15.765264,25.471241,-6.835099
batch_01850_patch.tiff,patch_40,10.89075,6.832452,12.960753,22.41776,-9.511711
batch_01850_patch.tiff,patch_41,16.432796,10.37227,13.847012,22.76158,-5.0128074
batch_01850_patch.tiff,patch_42,11.557277,13.23719,13.738329,27.97096,-9.507702
batch_01850_patch.tiff,patch_43,13.002397,8.294942,13.649869,19.677229,-4.048486
batch_01850_patch.tiff,patch_44,17.116327,11.241022,16.356956,23.15264,-5.922321
batch_01850_patch.tiff,patch_45,14.1893635,12.627268,16.104935,21.76016,-9.910885
batch_01850_patch.tiff,patch_46,13.295537,9.675326,12.647221,25.090895,-7.8522997
batch_01850_patch.tiff,patch_47,16.462036,4.9971213,17.556513,20.178434,-5.6089225
batch_01850_patch.tiff,patch_48,15.246957,7.3889084,10.968481,22.924587,-0.79863775
batch_01850_patch.tiff,patch_49,14.884295,13.154178,11.934904,25.722462,-8.291081
batch_01850_patch.tiff,patch_50,18.400763,9.72451,8.689433,22.619732,-2.2029667
batch_01850_patch.tiff,patch_51,15.817176,7.212478,14.755499,22.691431,-8.481098
batch_01850_patch.tiff,patch_52,9.411746,12.625092,13.255728,23.462353,-7.8974237
batch_01850_patch.tiff,patch_53,9.795344,11.663786,6.6395345,18.41087,-10.847137
batch_01850_patch.tiff,patch_54,14.624932,7.4560547,12.899941,20.511387,-9.611876
batch_01850_patch.tiff,patch_55,9.764808,8.196771,9.2101555,22.699522,-6.0726
batch_01850_patch.tiff,patch_56,15.303946,9.668835,5.5300746,25.180593,-5.906222
batch_01850_patch.tiff,patch_57,13.762563,6.5920734,10.608626,23.664806,-9.149106
batch_01850_patch.tiff,patch_58,15.51092,9.755843,17.309624,21.777964,-10.328831
batch_01850_patch.tiff,patch_59,11.051726,5.500865,12.717913,20.83545,-12.758295
batch_01850_patch.tiff,patch_60,14.587603,10.18605,9.624346,22.497017,-0.5801969
batch_01850_patch.tiff,patch_61,16.061516,6.975953,8.384188,19.790977,-1.0278523
batch_01850_patch.tiff,patch_62,15.996663,7.1675825,16.307774,19.60139,-2.925303
batch_01850_patch.tiff,patch_63,14.642261,14.784655,14.03664,27.280968,-7.327062
batch_01850_patch.tiff,patch_64,16.50322,8.627427,8.923699,21.377096,-7.2774134
batch_01850_patch.tiff,patch_65,14.242894,8.857588,7.897173,24.306072,-7.285557
batch_01850_patch.tiff,patch_66,15.639056,10.898099,9.7667675,20.277996,-4.4704304
batch_01850_patch.tiff,patch_67,17.84274,14.266724,13.005173,25.078354,-3.4627676
batch_01850_patch.tiff,patch_68,8.714315,5.8876033,2.897087,24.166569,-7.236116
batch_01850_patch.tiff,patch_69,18.209444,8.520811,12.53959,23.027834,-6.4694405
batch_01850_patch.tiff,patch_70,14.727584,12.704582,8.732828,28.95771,-4.1603446
batch_01850_patch.tiff,patch_71,16.634426,9.550881,13.740277,24.45466,-5.440464
batch_01850_patch.tiff,patch_72,16.188448,9.602899,11.603385,20.857107,-1.3015957
batch_01850_patch.tiff,patch_73,14.928131,10.307539,14.982076,24.240778,-6.8550787
batch_01850_patch.tiff,patch_74,13.144085,6.7017894,15.887485,18.772306,-10.612288
batch_01850_patch.tiff,patch_75,16.349117,6.1307435,14.8488035,22.58461,-7.176219
batch_01850_patch.tiff,patch_76,15.432674,10.183753,15.981639,23.535563,-8.841963
batch_01850_patch.tiff,patch_77,17.43093,8.612861,15.424448,24.249775,-7.0733876
batch_01850_patch.tiff,patch_78,13.312135,8.340551,6.68835,25.01253,-4.074139
batch_01850_patch.tiff,patch_79,11.627717,1.7203815,7.2364492,19.96093,-5.187111
batch_01850_patch.tiff,patch_80,17.502388,11.279088,8.104234,24.91938,-7.8111534
batch_01850_patch.tiff,patch_81,16.406765,12.841181,6.980252,27.433598,-4.265947
batch_01850_patch.tiff,patch_82,16.788635,12.096282,15.859711,23.898914,-6.092338
batch_01850_patch.tiff,patch_83,18.448849,9.432801,10.996573,26.640146,-4.096363
batch_01850_patch.tiff,patch_84,12.986009,9.033251,11.80136,18.282084,-0.40726435
batch_01850_patch.tiff,patch_85,10.683173,10.258982,10.872881,19.194624,-2.598478
batch_01850_patch.tiff,patch_86,14.92618,7.411073,12.147261,23.052452,-6.9894357
batch_01850_patch.tiff,patch_87,12.494446,12.718277,9.638279,23.341972,-10.080586
batch_01850_patch.tiff,patch_88,11.257699,8.904423,11.013174,22.096004,-11.008719
batch_01850_patch.tiff,patch_89,17.961517,6.718362,15.831988,20.335526,-6.136951
batch_01850_patch.tiff,patch_90,16.261318,8.805437,14.347902,21.475605,-2.0014648
batch_01850_patch.tiff,patch_91,17.660172,9.907217,9.599161,22.498434,-2.430251
batch_01850_patch.tiff,patch_92,15.698611,12.246579,9.744531,26.450752,-4.659795
batch_01850_patch.tiff,patch_93,10.717849,10.044749,9.490133,23.471813,-10.285398
batch_01850_patch.tiff,patch_94,12.039608,8.133689,13.9557,21.39306,-6.9834213
batch_01850_patch.tiff,patch_95,8.69832,6.837683,10.776747,20.728748,-5.1543403
batch_01850_patch.tiff,patch_96,15.132666,9.653099,13.103163,22.645912,-3.4032128
batch_01850_patch.tiff,patch_97,15.522321,5.682534,10.198562,18.742086,-4.815949
batch_01850_patch.tiff,patch_98,12.300274,5.778588,12.122824,20.786583,-9.468784
batch_01850_patch.tiff,patch_99,14.932172,11.680958,7.3571277,21.771172,-7.414513
batch_01850_patch.tiff,patch_100,12.442814,7.0198536,13.061415,23.530766,-13.662073
batch_01850_patch.tiff,patch_101,16.286018,7.711583,7.4445405,22.263035,-2.0768986
batch_01850_patch.tiff,patch_102,14.043978,12.516985,15.522553,24.769829,-8.350112
batch_01850_patch.tiff,patch_103,13.607085,9.167685,17.531868,21.050337,-4.525609
batch_01850_patch.tiff,patch_104,13.261815,10.079298,13.346692,22.135855,-5.685703
batch_01850_patch.tiff,patch_105,12.977522,11.216499,13.343457,23.39556,-4.031769
batch_01850_patch.tiff,patch_106,12.446927,10.226764,12.748479,23.552683,-7.3084497
batch_01850_patch.tiff,patch_107,19.11602,9.182981,12.590791,24.398832,-3.3062568
batch_01850_patch.tiff,patch_108,17.574863,9.637481,13.282403,21.281122,-1.9674351
batch_01850_patch.tiff,patch_109,12.77819,9.9011755,13.512817,24.687767,-5.7976074
batch_01850_patch.tiff,patch_110,15.132698,6.391513,9.486581,21.864355,-7.3871036
batch_01850_patch.tiff,patch_111,11.796974,13.449603,14.430433,22.76225,-8.1216
batch_01850_patch.tiff,patch_112,13.631111,6.6570992,17.511995,24.894096,-11.499158
batch_01850_patch.tiff,patch_113,10.169346,8.030691,13.509163,24.16686,-7.9472284
batch_01850_patch.tiff,patch_114,12.550329,12.745272,14.585106,24.949697,-8.623659
batch_01850_patch.tiff,patch_115,14.965391,7.986368,14.396542,21.458372,-5.8570614
batch_01850_patch.tiff,patch_116,12.231637,8.309379,12.360949,24.653244,-5.9740515
batch_01850_patch.tiff,patch_117,15.208099,8.4443445,10.962105,25.12745,-7.1641107
batch_01850_patch.tiff,patch_118,19.23603,11.938108,12.525032,20.132208,-4.178533
batch_01850_patch.tiff,patch_119,17.098871,7.000373,15.340599,22.010656,-4.198749
batch_01850_patch.tiff,patch_120,14.587336,7.82119,15.0695915,20.07446,-4.715265
batch_01850_patch.tiff,patch_121,12.270779,8.298716,11.300081,21.610445,-8.917309
batch_01850_patch.tiff,patch_122,9.896955,10.817912,9.613022,24.51046,-10.479722
batch_01850_patch.tiff,patch_123,17.46788,8.270645,13.058023,25.015247,-3.1186318
batch_01850_patch.tiff,patch_124,13.987159,12.224236,14.399338,25.847383,-11.437439
batch_01850_patch.tiff,patch_125,13.75493,10.74379,14.957026,26.291105,-12.358612
batch_01850_patch.tiff,patch_126,10.178244,9.408795,11.94329,24.641752,-8.799735
batch_01850_patch.tiff,patch_127,14.18445,9.545604,14.770265,24.279926,-9.623216
batch_01850_patch.tiff,patch_128,14.241267,7.194723,14.852204,21.698914,-5.950565
batch_01850_patch.tiff,patch_129,13.466866,10.172042,14.410822,23.348528,-1.8365284
batch_01850_patch.tiff,patch_130,19.573305,14.855208,10.948537,28.436535,-8.154042
batch_01850_patch.tiff,patch_131,14.526475,8.567235,15.078921,20.401829,-6.769446
batch_01850_patch.tiff,patch_132,17.932608,8.616669,16.622747,23.776531,-12.0171585
batch_01850_patch.tiff,patch_133,12.589328,5.5918617,16.547678,19.8997,-11.872735
batch_01850_patch.tiff,patch_134,11.389139,8.978514,13.210364,21.164505,-9.675767
batch_01850_patch.tiff,patch_135,17.7292,8.909057,15.225745,26.543182,-6.871543
batch_01850_patch.tiff,patch_136,18.071592,9.931419,14.029292,24.478535,-6.4463043
batch_01850_patch.tiff,patch_137,10.99171,13.656279,13.679852,25.741692,-5.256595
batch_01850_patch.tiff,patch_138,10.980451,9.224049,12.994701,24.115713,-7.9938774
batch_01850_patch.tiff,patch_139,13.717992,8.123084,15.691529,22.865843,-8.251227
batch_01850_patch.tiff,patch_140,13.129002,7.2943454,0.60575545,20.335596,-7.9356914
batch_01850_patch.tiff,patch_141,16.369461,9.047574,17.659618,22.316195,-3.9379535
batch_01850_patch.tiff,patch_142,14.212957,12.389821,14.85041,23.319328,-5.3806815
batch_01850_patch.tiff,patch_143,12.993332,12.59928,12.26827,22.443539,-9.722358
batch_01850_patch.tiff,patch_144,18.159157,8.449826,12.355912,23.53721,-5.72733
batch_01850_patch.tiff,patch_145,14.856688,8.259275,15.194969,25.560297,-7.299256
batch_01850_patch.tiff,patch_146,17.425276,9.818574,15.32009,24.313238,-5.262827
batch_01850_patch.tiff,patch_147,16.287525,6.320753,17.786001,19.407988,-7.38371
batch_01850_patch.tiff,patch_148,6.3468795,8.643791,9.300512,22.990913,-3.4076746
batch_01850_patch.tiff,patch_149,6.8172383,10.451593,7.507005,26.20954,-7.2037897
batch_01850_patch.tiff,patch_150,17.41028,9.490843,14.054061,27.128155,-9.791517
batch_01850_patch.tiff,patch_151,13.026031,12.810193,8.688112,26.834091,-6.7514157
batch_01850_patch.tiff,patch_152,15.548378,14.634008,4.480891,25.356812,-4.181529
batch_01850_patch.tiff,patch_153,13.614158,10.240274,15.195995,26.105165,-7.351565
batch_01850_patch.tiff,patch_154,13.477606,10.588573,15.948449,23.2134,-10.322677
batch_01850_patch.tiff,patch_155,12.3661995,12.116961,12.648551,22.790161,-11.9095
batch_01850_patch.tiff,patch_156,12.024445,6.2194405,11.992314,16.937256,-4.4169044
batch_01850_patch.tiff,patch_157,14.5837555,8.37516,16.86887,25.221415,-7.2896714
batch_01850_patch.tiff,patch_158,16.438255,6.43551,15.2962055,21.734184,-9.085758
batch_01850_patch.tiff,patch_159,17.908339,8.332044,14.300247,22.964714,-4.837204
batch_01850_patch.tiff,patch_160,14.209942,13.533069,3.6202054,22.037165,-13.418769
batch_01850_patch.tiff,patch_161,10.043501,13.928495,6.7347207,27.504519,-5.941044
batch_01850_patch.tiff,patch_162,16.938707,10.423852,15.45956,23.975908,-8.076469
batch_01850_patch.tiff,patch_163,17.468405,10.010135,12.58916,24.174995,-7.165193
batch_01850_patch.tiff,patch_164,17.343756,12.21683,14.578233,25.078684,-4.659976
batch_01850_patch.tiff,patch_165,15.828574,11.556204,11.356298,26.233974,-5.972712
batch_01850_patch.tiff,patch_166,12.706536,11.916423,6.8898787,24.568521,-9.689601
batch_01850_patch.tiff,patch_167,15.271809,10.87796,7.8751597,25.19578,-9.914025
batch_01850_patch.tiff,patch_168,14.5883665,7.2333913,15.378655,21.91323,-4.9856563
batch_01850_patch.tiff,patch_169,16.324127,9.213345,12.965748,20.981876,-3.074562
batch_01850_patch.tiff,patch_170,18.75108,10.364511,11.436262,24.696436,-3.5233188
batch_01850_patch.tiff,patch_171,11.358615,11.647187,7.9695024,21.29545,-8.577518
batch_01850_patch.tiff,patch_172,13.606491,9.228377,14.977946,23.157946,-7.4747486
batch_01850_patch.tiff,patch_173,18.6747,8.678313,12.629079,24.172426,-3.0510585
batch_01850_patch.tiff,patch_174,11.040078,13.378853,11.114509,26.275131,-6.5488815
batch_01850_patch.tiff,patch_175,13.080694,8.474156,4.144206,22.552242,-4.436098
batch_01850_patch.tiff,patch_176,14.274521,9.03551,15.249395,21.912493,-9.653029
batch_01850_patch.tiff,patch_177,10.466377,8.772142,10.252762,24.801836,-8.931566
batch_01900_patch.tiff,patch_0,19.03742,11.9613905,13.230176,23.124336,-5.662638
batch_01900_patch.tiff,patch_1,17.684105,7.407223,10.257326,22.128628,1.3405445
batch_01900_patch.tiff,patch_2,20.686256,10.750893,13.0443735,22.403374,-3.1532574
batch_01900_patch.tiff,patch_3,16.044353,11.9049,15.601759,24.042633,-4.4954123
batch_01900_patch.tiff,patch_4,16.77673,5.9139395,14.350284,19.527876,-6.8558598
batch_01900_patch.tiff,patch_5,16.16222,6.5156584,19.352573,21.702747,-7.6331234
batch_01900_patch.tiff,patch_6,17.326534,5.048927,5.5188284,23.225906,-4.5086956
batch_01900_patch.tiff,patch_7,14.78113,8.984028,12.308238,25.070456,-5.705935
batch_01900_patch.tiff,patch_8,18.570147,10.631891,13.176262,23.466234,-8.415566
batch_01900_patch.tiff,patch_9,13.071931,8.613324,10.727737,20.33794,-5.879235
batch_01900_patch.tiff,patch_10,8.334691,15.268385,0.49719602,21.878765,-8.474331
batch_01900_patch.tiff,patch_11,13.13086,13.038572,5.1749153,23.562147,-12.517399
batch_01900_patch.tiff,patch_12,12.659412,10.897839,1.0038737,23.532164,3.1724055
batch_01900_patch.tiff,patch_13,20.323011,15.41029,5.279834,25.095043,-4.2676053
batch_01900_patch.tiff,patch_14,19.452768,6.6569905,10.615755,22.851374,-4.0470495
batch_01900_patch.tiff,patch_15,16.844673,12.449014,9.966466,24.461096,-2.6508832
batch_01900_patch.tiff,patch_16,16.48776,9.1236515,14.631886,22.629671,-4.297525
batch_01900_patch.tiff,patch_17,13.3770685,3.8938262,12.177986,18.206411,-5.7922935
batch_01900_patch.tiff,patch_18,17.314955,7.509998,11.81436,20.13074,-4.801963
batch_01900_patch.tiff,patch_19,15.8413,7.4735975,12.486928,21.071106,-5.0091205
batch_01900_patch.tiff,patch_20,13.410757,6.091585,11.664794,20.94241,-10.945416
batch_01900_patch.tiff,patch_21,11.683045,3.914885,9.350041,15.240702,-11.977175
batch_01900_patch.tiff,patch_22,11.711129,7.831651,8.126261,24.129593,-12.721308
batch_01900_patch.tiff,patch_23,14.648193,13.400395,7.476502,26.446814,-9.022159
batch_01900_patch.tiff,patch_24,17.64448,8.42135,9.533229,22.802866,-4.271501
batch_01900_patch.tiff,patch_25,15.248453,9.67312,15.910811,22.950077,-7.4050403
batch_01900_patch.tiff,patch_26,19.682049,9.406337,14.399344,22.095324,-2.206885
batch_01900_patch.tiff,patch_27,19.149223,9.780203,16.437677,23.25552,-4.4008365
batch_01900_patch.tiff,patch_28,13.916269,7.5976624,13.893731,20.763748,-4.904069
batch_01900_patch.tiff,patch_29,19.797623,10.061652,15.562113,23.556396,-8.780107
batch_01900_patch.tiff,patch_30,15.593082,8.075529,10.004656,21.474531,-2.4625778
batch_01900_patch.tiff,patch_31,13.737698,9.778681,13.337469,23.357933,-8.129054
batch_01900_patch.tiff,patch_32,7.7436175,16.201181,12.567102,20.569105,-7.481145
batch_01900_patch.tiff,patch_33,14.6996,3.5649211,8.283716,18.722708,-8.592484
batch_01900_patch.tiff,patch_34,9.13867,8.791321,8.162929,17.439106,-10.698984
batch_01900_patch.tiff,patch_35,15.717579,11.108794,13.859401,22.88262,-9.879071
batch_01900_patch.tiff,patch_36,12.732609,16.023281,8.110635,24.527077,-11.558348
batch_01900_patch.tiff,patch_37,12.01575,6.906889,12.7234,20.480984,-3.485543
batch_01900_patch.tiff,patch_38,12.277134,9.286119,9.866525,24.550934,1.2553651
batch_01900_patch.tiff,patch_39,20.61422,13.342682,13.312342,20.933783,-4.408531
batch_01900_patch.tiff,patch_40,13.874196,8.022311,13.423232,19.25999,-5.087829
batch_01900_patch.tiff,patch_41,20.049643,7.791877,16.181044,21.764112,-4.32359
batch_01900_patch.tiff,patch_42,14.822289,8.997171,14.255348,22.950783,-4.183053
batch_01900_patch.tiff,patch_43,13.951922,6.9746065,12.888288,24.318993,-7.9533525
batch_01900_patch.tiff,patch_44,17.13377,11.667993,14.879456,22.988958,-5.04589
batch_01900_patch.tiff,patch_45,10.211881,9.997723,7.0136,24.154335,-5.4443426
batch_01900_patch.tiff,patch_46,11.911587,5.0028896,11.2529955,20.888905,-9.586576
batch_01900_patch.tiff,patch_47,18.09382,8.538605,13.777232,19.794477,-7.2888784
batch_01900_patch.tiff,patch_48,13.012368,9.776594,4.7433863,21.91135,-4.174837
batch_01900_patch.tiff,patch_49,15.020278,6.3257923,12.356429,18.606968,-7.8243294
batch_01900_patch.tiff,patch_50,12.147346,8.197883,9.257635,24.653255,-8.272146
batch_01900_patch.tiff,patch_51,13.35519,8.069979,13.561724,22.64101,-8.333512
batch_01900_patch.tiff,patch_52,14.516896,9.479095,6.57038,25.076944,-4.392242
batch_01900_patch.tiff,patch_53,13.920959,7.8986783,14.123403,19.878887,-6.9204125
batch_01900_patch.tiff,patch_54,13.537155,9.672122,8.732564,21.344498,-1.7651768
batch_01900_patch.tiff,patch_55,16.973677,8.513051,13.156662,24.04586,-9.557654
batch_01900_patch.tiff,patch_56,14.003347,11.518491,13.671124,24.46996,-4.7716255
batch_01900_patch.tiff,patch_57,13.645452,11.558336,11.4173565,23.354994,-0.67798847
batch_01900_patch.tiff,patch_58,15.457394,9.645538,12.672925,23.914612,-4.4089956
batch_01900_patch.tiff,patch_59,12.644022,7.9305606,9.995021,18.516342,-8.367001
batch_01900_patch.tiff,patch_60,13.951835,9.766075,5.1605153,28.09803,-10.332646
batch_01900_patch.tiff,patch_61,13.344974,10.125654,14.4946575,25.028788,-8.021492
batch_01900_patch.tiff,patch_62,12.711295,14.852421,7.5282283,19.53119,-9.772915
batch_01900_patch.tiff,patch_63,15.937524,10.774003,15.750088,26.616602,-9.05831
batch_01900_patch.tiff,patch_64,13.970226,5.087868,6.03692,22.686262,-4.1625276
batch_01900_patch.tiff,patch_65,15.762761,13.235927,14.099434,21.248,-4.772219
batch_01900_patch.tiff,patch_66,16.580885,8.956847,11.855743,23.359632,-3.3240476
batch_01900_patch.tiff,patch_67,14.075957,5.629869,11.464983,20.23425,-4.682571
batch_01900_patch.tiff,patch_68,8.154208,7.3811893,6.2710495,19.94508,-12.38765
batch_01900_patch.tiff,patch_69,14.407749,9.532071,10.640554,24.913723,-6.3491616
batch_01900_patch.tiff,patch_70,13.475685,12.221353,11.28813,25.246767,-3.9311213
batch_01900_patch.tiff,patch_71,12.942808,4.809877,7.6256537,17.756676,-9.556325
batch_01900_patch.tiff,patch_72,15.425843,7.182692,6.2207355,18.484875,-5.3280826
batch_01900_patch.tiff,patch_73,9.218145,8.466215,8.368452,20.600306,-4.061769
batch_01900_patch.tiff,patch_74,9.249067,16.037647,6.3262234,19.155737,-5.9307613
batch_01900_patch.tiff,patch_75,11.73044,9.681729,16.263306,22.766502,-10.129587
batch_01900_patch.tiff,patch_76,10.096618,11.2633295,10.349194,23.749702,-9.421578
batch_01900_patch.tiff,patch_77,15.384211,10.344095,13.297006,22.02193,-4.4068704
batch_01900_patch.tiff,patch_78,19.694815,8.86207,16.70879,23.650614,-3.663245
batch_01900_patch.tiff,patch_79,16.819069,7.386842,13.840521,22.69757,-6.95413
batch_01900_patch.tiff,patch_80,18.628761,10.744716,8.033782,24.057535,-8.416613
batch_01900_patch.tiff,patch_81,15.236295,9.855404,18.183678,24.48005,-6.3760853
batch_01900_patch.tiff,patch_82,15.247434,11.296373,11.789986,24.574066,-4.61274
batch_01900_patch.tiff,patch_83,12.513153,7.761717,12.823829,21.367912,-6.7879725
batch_01900_patch.tiff,patch_84,10.5447645,11.974119,10.855747,22.12575,-9.429816
batch_01900_patch.tiff,patch_85,14.007281,7.500662,12.532522,25.634491,-7.1553617
batch_01900_patch.tiff,patch_86,14.886218,8.911267,9.585128,22.763903,-2.2348738
batch_01900_patch.tiff,patch_87,17.097237,10.68064,13.537173,26.60305,-6.463903
batch_01900_patch.tiff,patch_88,14.529011,9.832492,9.6140995,27.969461,-9.3649845
batch_01900_patch.tiff,patch_89,14.379157,11.021495,13.696784,23.925184,-5.9584
batch_01900_patch.tiff,patch_90,19.892242,8.386544,12.063171,23.6407,-1.9564759
batch_01900_patch.tiff,patch_91,17.349,12.751038,12.410642,23.367561,-4.8797355
batch_01900_patch.tiff,patch_92,14.946697,10.789284,13.155957,20.081886,-4.9479823
batch_01900_patch.tiff,patch_93,17.586002,9.359335,12.999677,25.961908,-3.7574747
batch_01900_patch.tiff,patch_94,11.612416,6.581925,3.93061,23.183462,-3.2544909
batch_01900_patch.tiff,patch_95,14.713891,11.027443,11.5351095,23.81853,-5.9742785
batch_01900_patch.tiff,patch_96,18.898438,10.456758,12.887143,26.423555,-6.011734
batch_01900_patch.tiff,patch_97,7.4290543,9.691644,5.7580996,27.97502,-11.567134
batch_01900_patch.tiff,patch_98,12.535705,7.7726,6.928745,20.401636,-3.3613076
batch_01900_patch.tiff,patch_99,10.798584,8.175138,6.926437,24.633955,-1.3619442
batch_01900_patch.tiff,patch_100,20.311773,11.210365,15.038441,23.76167,-4.9188037
batch_01900_patch.tiff,patch_101,15.369627,9.179041,9.045656,22.802555,-3.7659
batch_01900_patch.tiff,patch_102,12.784685,13.223948,11.241665,26.858566,-2.3319433
batch_01900_patch.tiff,patch_103,13.414864,6.2408643,15.345002,20.364632,-9.180142
batch_01900_patch.tiff,patch_104,16.623468,7.0748677,13.182091,19.32629,-2.8185692
batch_01900_patch.tiff,patch_105,17.1546,6.22445,15.332159,21.119188,-4.402998
batch_01900_patch.tiff,patch_106,11.400309,6.6158113,14.353397,24.454168,-10.006845
batch_01900_patch.tiff,patch_107,15.098156,9.088683,14.349789,20.740421,-6.6416097
batch_01900_patch.tiff,patch_108,12.265255,9.419371,1.5479008,22.87696,-3.3020773
batch_01900_patch.tiff,patch_109,13.508685,10.647264,11.640293,24.534086,-7.6622624
batch_01900_patch.tiff,patch_110,16.671085,6.711244,9.555802,22.070604,-2.346131
batch_01900_patch.tiff,patch_111,15.832348,9.406421,16.472029,21.665257,-3.8625903
batch_01900_patch.tiff,patch_112,17.152842,7.179968,17.600847,20.064165,-3.7026465
batch_01900_patch.tiff,patch_113,15.458729,12.9190855,9.430103,27.572807,-8.00164
batch_01900_patch.tiff,patch_114,16.232286,12.92686,10.366208,28.616543,-0.19832356
batch_01900_patch.tiff,patch_115,14.555315,7.025561,17.94946,22.394728,-7.4188633
batch_01900_patch.tiff,patch_116,14.96323,7.6219964,9.876117,21.327318,-2.2432861
batch_01900_patch.tiff,patch_117,9.929827,5.3494925,7.8389583,19.880129,-6.1816993
batch_01900_patch.tiff,patch_118,12.5144825,10.073113,10.168449,26.646553,-4.9043713
batch_01900_patch.tiff,patch_119,19.272694,9.133873,16.3297,23.037666,-9.199184
batch_01900_patch.tiff,patch_120,13.939155,11.381671,9.09024,22.015356,-8.158334
batch_01900_patch.tiff,patch_121,12.331893,7.4302254,9.108549,19.892395,-6.257763
batch_01900_patch.tiff,patch_122,15.188805,8.83758,16.080643,22.864023,-8.014304
batch_01900_patch.tiff,patch_123,14.468553,9.355994,11.032929,20.992626,2.2943425
batch_01900_patch.tiff,patch_124,14.248996,7.521635,7.1631317,18.49233,1.4011414
batch_01900_patch.tiff,patch_125,16.208935,8.838668,7.1679745,21.578272,-2.6086965
batch_01900_patch.tiff,patch_126,16.354218,9.17816,10.336341,24.575228,-6.494363
batch_01900_patch.tiff,patch_127,15.314147,8.95972,11.739757,23.337223,-4.006468
batch_01900_patch.tiff,patch_128,17.352716,11.506125,14.225729,21.488682,-2.8317084
batch_01900_patch.tiff,patch_129,16.382866,10.142938,14.933896,25.064312,-5.256655
batch_01900_patch.tiff,patch_130,12.512403,7.1112003,11.47157,23.31424,-5.826357
batch_01900_patch.tiff,patch_131,15.726699,9.659851,18.842636,21.186424,-10.570919
batch_01900_patch.tiff,patch_132,14.989035,10.965338,7.993829,22.709576,-5.810283
batch_01900_patch.tiff,patch_133,13.93108,10.495052,9.941383,25.941177,-11.80728
batch_01900_patch.tiff,patch_134,12.672335,9.096412,14.089069,21.597239,-5.180675
batch_01900_patch.tiff,patch_135,15.051403,9.336204,13.218787,20.25068,-0.9808668
batch_01900_patch.tiff,patch_136,14.008399,5.2305207,13.8712225,21.37945,-6.2424545
batch_01900_patch.tiff,patch_137,14.323942,11.0632715,10.699257,27.955853,-6.529271
batch_01900_patch.tiff,patch_138,16.32001,9.219497,8.164937,24.167841,-3.0662384
batch_01900_patch.tiff,patch_139,18.617258,9.547584,13.69849,22.36921,-6.7803597
batch_01900_patch.tiff,patch_140,16.63261,7.3603554,17.111403,20.546814,-11.735618
batch_01900_patch.tiff,patch_141,15.385078,10.062654,11.081642,23.280914,-3.074047
batch_01900_patch.tiff,patch_142,12.953852,7.4081388,9.258891,20.813217,-4.611113
batch_01900_patch.tiff,patch_143,13.621063,10.083218,9.71611,22.04826,-4.6400986
batch_01900_patch.tiff,patch_144,13.479512,9.370532,10.1164255,21.214916,-10.045772
batch_01900_patch.tiff,patch_145,16.382633,7.836571,15.593879,19.790577,-4.1804347
batch_01900_patch.tiff,patch_146,16.548193,7.0675898,8.026204,22.880365,-5.1498466
batch_01900_patch.tiff,patch_147,15.760576,8.260207,13.754621,23.098156,-1.7437872
batch_01900_patch.tiff,patch_148,16.969025,9.965037,12.907446,22.356842,-2.8344002
batch_01900_patch.tiff,patch_149,7.4260917,15.952349,4.7209854,23.609177,-11.18834
batch_01900_patch.tiff,patch_150,14.987773,6.6623507,10.100361,19.272915,-4.3111525
batch_01900_patch.tiff,patch_151,16.47491,12.221959,14.9490185,24.896545,-4.3055005
batch_01900_patch.tiff,patch_152,12.855032,7.672555,7.5582414,25.910793,-5.660962
batch_01900_patch.tiff,patch_153,16.211584,8.801699,12.1972275,25.35859,-8.202259
batch_01900_patch.tiff,patch_154,8.050258,9.510095,5.5713363,27.549778,-1.6629508
batch_01900_patch.tiff,patch_155,14.893763,10.850538,12.965335,20.9621,-9.522748
batch_01900_patch.tiff,patch_156,10.790788,11.5599985,6.7709703,28.245626,-10.515828
batch_01900_patch.tiff,patch_157,15.540143,9.917058,13.332854,19.981415,-5.459214
batch_01900_patch.tiff,patch_158,14.826667,10.254968,11.484143,22.717468,-1.325485
batch_01900_patch.tiff,patch_159,13.053673,9.867269,9.648218,23.458899,-3.5263402
batch_01900_patch.tiff,patch_160,11.953553,8.297517,7.637044,23.672062,-9.906724
batch_01900_patch.tiff,patch_161,17.607496,8.308855,14.109405,18.646803,-2.9353077
batch_01900_patch.tiff,patch_162,16.183094,11.640546,13.183262,23.492525,-8.227052
batch_01900_patch.tiff,patch_163,16.088602,6.7188416,13.786223,19.393732,-5.7272315
batch_01900_patch.tiff,patch_164,9.826888,8.478232,6.853512,24.002241,-5.332205
batch_01900_patch.tiff,patch_165,13.143484,8.759524,11.228122,21.023174,-7.943033
batch_01900_patch.tiff,patch_166,13.975814,8.450465,8.404364,23.147732,-6.647882
batch_01900_patch.tiff,patch_167,13.421193,11.465689,6.6337175,25.22312,-12.480095
batch_01900_patch.tiff,patch_168,12.970919,9.682124,7.9589143,23.93595,-8.467864
batch_01900_patch.tiff,patch_169,11.43058,7.285616,7.66425,23.253147,-6.612893
batch_01900_patch.tiff,patch_170,20.797905,10.499143,14.632717,23.998415,-5.490761
batch_01900_patch.tiff,patch_171,17.87834,9.439421,17.107254,22.050974,-4.5137706
batch_01900_patch.tiff,patch_172,16.046692,9.650091,19.09789,21.713905,-8.660585
batch_01900_patch.tiff,patch_173,15.884431,10.341141,10.755583,25.817413,-9.002366
batch_01900_patch.tiff,patch_174,16.13851,6.1459765,14.00002,23.206875,-3.909618
batch_01900_patch.tiff,patch_175,14.746049,6.468662,10.980908,21.347599,-4.1740413
batch_01900_patch.tiff,patch_176,15.533666,10.369273,13.822972,21.733152,-5.8032436
batch_01900_patch.tiff,patch_177,15.39211,12.10082,11.758654,25.118868,-7.760852
batch_01900_patch.tiff,patch_178,14.305087,9.894605,8.866297,20.603916,-11.024736
batch_01900_patch.tiff,patch_179,11.0031185,5.8760605,7.2911196,18.003983,-7.039318
batch_01900_patch.tiff,patch_180,16.571123,10.026212,7.4184594,24.34532,-6.893559
batch_01900_patch.tiff,patch_181,15.409981,9.138715,7.882142,25.279852,-5.033936
batch_01950_patch.tiff,patch_0,8.961505,8.886226,11.249271,26.933731,-9.985756
batch_01950_patch.tiff,patch_1,13.550365,10.122032,12.164462,24.096657,-9.2301035
batch_01950_patch.tiff,patch_2,12.491324,9.916213,4.6538405,20.61979,-12.675402
batch_01950_patch.tiff,patch_3,6.4901085,12.746067,2.3666298,23.390152,-5.540644
batch_01950_patch.tiff,patch_4,16.154966,3.774257,14.707039,21.211452,-8.879872
batch_01950_patch.tiff,patch_5,14.133366,10.551799,12.004869,22.799026,-6.3454623
batch_01950_patch.tiff,patch_6,13.5598545,8.09041,12.295049,22.373589,-5.0435157
batch_01950_patch.tiff,patch_7,16.069931,4.1329894,10.798836,15.979626,-5.539099
batch_01950_patch.tiff,patch_8,13.815775,9.5872755,4.577055,20.540632,-0.7766107
batch_01950_patch.tiff,patch_9,11.588456,9.330502,3.7740312,18.602543,-9.176116
batch_01950_patch.tiff,patch_10,12.956297,6.6119213,12.587819,15.636966,-11.495595
batch_01950_patch.tiff,patch_11,16.855024,7.409408,10.329361,19.031982,-9.756879
batch_01950_patch.tiff,patch_12,14.377965,4.919485,14.784948,21.877014,-5.302932
batch_01950_patch.tiff,patch_13,14.28483,8.584837,9.545416,21.623539,-4.4855394
batch_01950_patch.tiff,patch_14,15.2071085,10.1970215,9.828179,23.483503,-1.6250234
batch_01950_patch.tiff,patch_15,7.9900327,14.636167,2.622999,24.750546,-7.249971
batch_01950_patch.tiff,patch_16,8.483868,13.135403,0.4577509,22.723146,-8.4682
batch_01950_patch.tiff,patch_17,14.44175,4.7448535,12.254292,20.899452,-8.034395
batch_01950_patch.tiff,patch_18,9.293094,4.781206,12.849508,20.719591,-13.911565
batch_01950_patch.tiff,patch_19,17.421576,7.0910544,13.794227,21.867018,-6.1086082
batch_01950_patch.tiff,patch_20,16.692007,6.437054,9.245341,19.24867,-9.882948
batch_01950_patch.tiff,patch_21,10.642287,5.674256,9.588324,18.091618,-13.811437
batch_01950_patch.tiff,patch_22,11.829648,11.131216,14.865744,20.52966,-8.468503
batch_01950_patch.tiff,patch_23,7.8356056,10.935374,6.2171183,16.509157,-9.060617
batch_01950_patch.tiff,patch_24,14.713051,7.9587617,9.861621,21.40013,-7.9440017
batch_01950_patch.tiff,patch_25,16.639294,7.358197,19.831087,19.61278,-6.2463493
batch_01950_patch.tiff,patch_26,17.176683,10.454472,12.566575,24.095697,-5.521455
batch_01950_patch.tiff,patch_27,9.906328,8.788218,8.445619,25.684538,-7.737953
batch_01950_patch.tiff,patch_28,10.547361,13.183567,5.2118244,24.429735,-2.7860482
batch_01950_patch.tiff,patch_29,8.1401005,10.110154,-0.9053188,21.129604,-3.2684224
batch_01950_patch.tiff,patch_30,11.061064,7.7873564,19.270836,17.514704,-7.4853525
batch_01950_patch.tiff,patch_31,14.140107,6.956554,14.427531,21.66946,-7.674633
batch_01950_patch.tiff,patch_32,13.841306,4.6406074,13.202175,20.645477,-9.958412
batch_01950_patch.tiff,patch_33,16.001871,4.769639,13.510776,20.096798,-4.503369
batch_01950_patch.tiff,patch_34,13.659911,3.7013052,10.669132,17.252024,-8.370164
batch_01950_patch.tiff,patch_35,14.374308,14.020975,10.831836,22.677845,-6.956241
batch_01950_patch.tiff,patch_36,14.425328,9.577107,8.846507,22.073957,-3.6998281
batch_01950_patch.tiff,patch_37,15.724298,8.587075,8.01303,23.466398,-4.7192993
batch_01950_patch.tiff,patch_38,14.560517,5.1419053,13.899526,20.572927,-7.6037827
batch_01950_patch.tiff,patch_39,12.111307,9.38756,0.96600336,20.835173,1.6028765
batch_01950_patch.tiff,patch_40,12.980513,8.618267,7.6441865,21.455774,-7.9593167
batch_01950_patch.tiff,patch_41,9.064963,10.8426485,-2.1366289,21.38297,-4.1056023
batch_01950_patch.tiff,patch_42,12.233652,10.592721,5.983843,22.968794,-3.9436212
batch_01950_patch.tiff,patch_43,12.172044,4.7349935,14.507895,21.794127,-9.806281
batch_01950_patch.tiff,patch_44,13.003392,7.2071323,13.957529,20.598772,-8.48617
batch_01950_patch.tiff,patch_45,13.811373,6.626638,13.570876,20.6954,-8.081244
batch_01950_patch.tiff,patch_46,13.256735,6.716282,5.120259,18.544535,-2.7389898
batch_01950_patch.tiff,patch_47,11.14055,9.573389,9.579032,25.004765,-4.8432107
batch_01950_patch.tiff,patch_48,14.027606,6.8991632,14.967132,22.254753,-8.834068
batch_01950_patch.tiff,patch_49,18.984194,10.270457,16.952925,25.93189,-8.181219
batch_01950_patch.tiff,patch_50,13.352717,7.1075654,9.689077,22.175207,-10.806917
batch_01950_patch.tiff,patch_51,16.73471,11.968978,13.555333,26.102392,-4.2602363
batch_01950_patch.tiff,patch_52,17.359941,8.328346,8.749409,22.459875,-6.6226974
batch_01950_patch.tiff,patch_53,12.45375,14.140397,7.5612135,23.921175,-8.090417
batch_01950_patch.tiff,patch_54,10.4300785,12.697635,1.8694938,23.72631,-3.9290512
batch_01950_patch.tiff,patch_55,11.081058,9.478416,5.229581,20.712543,-6.830386
batch_01950_patch.tiff,patch_56,13.883009,7.275289,9.037441,23.799704,-11.008927
batch_01950_patch.tiff,patch_57,12.076241,9.108918,5.8155212,22.1845,-6.8139052
batch_01950_patch.tiff,patch_58,13.410392,6.002207,12.820701,20.619522,-8.065415
batch_01950_patch.tiff,patch_59,11.3015995,8.257395,5.58003,20.614355,-8.206988
batch_01950_patch.tiff,patch_60,14.843571,9.529499,15.24579,21.488905,-9.410773
batch_01950_patch.tiff,patch_61,15.494925,9.041565,11.054334,20.230244,-5.519017
batch_01950_patch.tiff,patch_62,13.832708,9.011982,4.6499333,18.94351,1.6704333
batch_01950_patch.tiff,patch_63,8.233809,6.621815,10.071818,20.327972,-9.3239765
batch_01950_patch.tiff,patch_64,15.611483,10.108979,11.336532,23.722984,-10.553896
batch_01950_patch.tiff,patch_65,15.608816,9.037379,3.262528,18.26468,-1.7178532
batch_01950_patch.tiff,patch_66,10.219309,11.173839,2.4700696,22.633945,-3.797969
batch_01950_patch.tiff,patch_67,12.177369,11.83557,3.4449925,22.980907,-2.3614137
batch_01950_patch.tiff,patch_68,13.764734,13.417996,9.847265,25.066376,-5.2343583
batch_01950_patch.tiff,patch_69,13.762814,12.232257,2.8986115,25.804218,-6.3786454
batch_01950_patch.tiff,patch_70,13.007544,5.6290536,6.450694,16.535952,-9.884873
batch_01950_patch.tiff,patch_71,12.722571,12.62963,10.374576,25.533268,-7.5276017
batch_01950_patch.tiff,patch_72,11.615697,7.6397448,12.476838,20.703114,-12.2549515
batch_01950_patch.tiff,patch_73,10.167026,11.318013,9.855842,26.130093,-4.4521565
batch_01950_patch.tiff,patch_74,13.3578825,7.2389255,12.983276,18.33771,-6.714799
batch_01950_patch.tiff,patch_75,13.867719,10.845445,8.641245,24.31436,-3.8684452
batch_01950_patch.tiff,patch_76,14.090874,8.638415,10.68639,19.538057,-7.67704
batch_01950_patch.tiff,patch_77,15.402618,8.050555,10.433521,19.9649,-11.908657
batch_01950_patch.tiff,patch_78,11.455798,7.08649,7.3003736,22.99835,-6.447706
batch_01950_patch.tiff,patch_79,11.9372015,9.087083,3.3953192,24.764093,-5.5690804
batch_01950_patch.tiff,patch_80,12.253027,11.437921,13.016276,21.542755,-8.217923
batch_01950_patch.tiff,patch_81,13.453169,7.272294,11.346993,20.556467,-6.2946553
batch_01950_patch.tiff,patch_82,11.842959,4.686993,7.334792,23.914501,-8.35342
batch_01950_patch.tiff,patch_83,15.353384,7.887192,12.175414,21.082727,-7.4649415
batch_01950_patch.tiff,patch_84,14.943159,6.690622,10.469294,21.896708,-5.106978
batch_01950_patch.tiff,patch_85,14.970875,6.3056803,10.95467,20.388,-9.977189
batch_01950_patch.tiff,patch_86,13.801002,13.1540165,15.418496,21.50055,-9.898538
batch_01950_patch.tiff,patch_87,13.000849,8.122774,7.406625,18.949434,-7.362833
batch_01950_patch.tiff,patch_88,18.061348,10.33395,14.674575,23.157347,-6.4324226
batch_01950_patch.tiff,patch_89,16.331676,9.794508,11.182586,21.152672,-9.213729
batch_01950_patch.tiff,patch_90,11.237368,11.032422,5.163528,24.62471,-5.0375333
batch_01950_patch.tiff,patch_91,12.158406,11.023986,2.3758295,21.294348,-4.134014
batch_01950_patch.tiff,patch_92,8.870428,9.124072,8.578644,16.977104,-6.196384
batch_01950_patch.tiff,patch_93,16.726196,7.8948345,9.565723,22.372324,-2.1341138
batch_01950_patch.tiff,patch_94,10.681567,7.217137,12.023292,20.876503,-7.7293687
batch_01950_patch.tiff,patch_95,14.984129,9.577366,10.499544,19.527386,-1.6440877
batch_01950_patch.tiff,patch_96,11.904822,7.85227,14.601386,20.310116,-6.2532616
batch_01950_patch.tiff,patch_97,13.168806,11.641981,10.42191,21.4088,-7.7089696
batch_01950_patch.tiff,patch_98,14.061527,7.831293,6.991472,20.49034,-7.3682227
batch_01950_patch.tiff,patch_99,15.057991,11.66695,12.327101,19.46656,-7.8513794
batch_01950_patch.tiff,patch_100,18.37083,10.714955,10.181085,24.882057,-7.3832045
batch_01950_patch.tiff,patch_101,12.626275,9.042686,3.6961362,19.798565,-5.839953
batch_01950_patch.tiff,patch_102,12.060539,15.277534,11.282735,24.631292,-5.7832108
batch_01950_patch.tiff,patch_103,12.009899,9.689803,12.877758,26.828812,-4.533135
batch_01950_patch.tiff,patch_104,11.718778,6.6210923,10.6977005,21.220764,-4.404088
batch_01950_patch.tiff,patch_105,17.637054,7.167789,15.325781,23.54919,-7.2979317
batch_01950_patch.tiff,patch_106,14.246714,4.841986,14.818721,19.07446,-12.154341
batch_01950_patch.tiff,patch_107,14.465315,4.677446,10.845527,20.075373,-7.6487827
batch_01950_patch.tiff,patch_108,12.692041,7.885349,12.414237,19.942633,-8.01068
batch_01950_patch.tiff,patch_109,17.623516,11.170371,16.411467,18.8879,-6.9614944
batch_01950_patch.tiff,patch_110,13.992118,10.62262,11.341802,19.058666,-8.317228
batch_01950_patch.tiff,patch_111,12.639883,7.0074773,13.097894,18.255919,-10.120241
batch_01950_patch.tiff,patch_112,17.490501,8.139178,15.861691,21.121962,-8.281854
batch_01950_patch.tiff,patch_113,17.012764,6.9398723,11.577844,20.062357,-3.4032605
batch_01950_patch.tiff,patch_114,10.148015,11.120349,17.434513,22.925377,-11.363572
batch_01950_patch.tiff,patch_115,13.331823,10.573678,14.115666,23.888597,-3.866697
batch_01950_patch.tiff,patch_116,17.10802,6.9163957,11.6602335,20.574175,-6.5210443
batch_01950_patch.tiff,patch_117,16.57565,7.1028166,11.051516,19.26882,-3.9945395
batch_01950_patch.tiff,patch_118,12.363266,9.72318,12.730444,25.872784,-10.472455
batch_01950_patch.tiff,patch_119,8.865979,5.438289,6.844361,16.317953,-9.026317
batch_01950_patch.tiff,patch_120,14.693213,8.779848,9.76544,20.97273,-10.816741
batch_01950_patch.tiff,patch_121,11.604193,5.954226,10.004624,16.491278,-8.845472
batch_01950_patch.tiff,patch_122,14.053322,7.9672823,11.9632845,18.894138,-4.9981866
batch_01950_patch.tiff,patch_123,11.598211,9.026436,12.545254,17.792648,-8.687418
batch_01950_patch.tiff,patch_124,14.6301,9.306901,9.451806,21.487366,-10.139344
batch_01950_patch.tiff,patch_125,16.457434,9.113078,14.696107,20.308449,-14.536947
batch_01950_patch.tiff,patch_126,14.005965,10.486092,13.490025,24.356583,-7.963393
batch_01950_patch.tiff,patch_127,6.9322944,8.86172,10.556098,21.491514,-13.9403
batch_01950_patch.tiff,patch_128,13.104153,3.0685818,7.2752504,21.036358,-9.527097
batch_01950_patch.tiff,patch_129,11.890411,7.9938917,6.2006235,22.511648,-6.85701
batch_01950_patch.tiff,patch_130,11.973453,10.479977,10.664102,20.541054,-8.995797
batch_01950_patch.tiff,patch_131,11.421248,9.842944,5.7318087,19.794575,-4.8124223
batch_01950_patch.tiff,patch_132,8.3808565,7.8865128,12.595371,21.584574,-8.469303
batch_01950_patch.tiff,patch_133,9.48417,7.0836363,10.690268,18.538546,-7.2989736
batch_01950_patch.tiff,patch_134,15.2845745,8.903029,7.067285,22.500181,-12.379369
batch_01950_patch.tiff,patch_135,13.093475,14.710566,6.788915,25.55932,-7.32927
batch_01950_patch.tiff,patch_136,18.048546,13.909707,12.86529,24.279858,-8.731272
batch_01950_patch.tiff,patch_137,12.66814,11.9693165,7.407863,19.891497,-13.321997
batch_01950_patch.tiff,patch_138,10.478453,12.984642,15.313769,22.679354,-11.327022
batch_01950_patch.tiff,patch_139,8.496137,9.912169,13.069621,21.821472,-10.200085
batch_01950_patch.tiff,patch_140,16.568449,10.535389,11.713655,24.786568,-3.7779007
batch_01950_patch.tiff,patch_141,13.609129,6.2693734,12.982551,19.544035,-8.8866205
batch_01950_patch.tiff,patch_142,14.506898,4.17764,8.65116,18.25717,-8.797394
batch_01950_patch.tiff,patch_143,12.500615,5.8737574,9.286076,22.025604,-11.122074
batch_01950_patch.tiff,patch_144,12.500555,9.610623,11.243735,20.465092,-7.9222155
batch_01950_patch.tiff,patch_145,16.500645,11.561991,12.314961,20.566109,-9.731037
batch_01950_patch.tiff,patch_146,8.681273,8.974784,10.088424,20.244068,-11.881179
batch_01950_patch.tiff,patch_147,14.595823,7.14916,11.370968,21.947886,-7.84049
batch_01950_patch.tiff,patch_148,12.754087,12.669768,4.5826473,24.031792,-4.4052663
batch_01950_patch.tiff,patch_149,12.079587,8.038635,8.265328,19.943167,-8.424447
batch_01950_patch.tiff,patch_150,8.681955,8.794371,10.334271,22.825348,-12.117883
batch_01950_patch.tiff,patch_151,12.049951,11.775887,6.3985014,21.691948,-9.175221
batch_01950_patch.tiff,patch_152,7.17237,12.297922,8.883643,24.181032,-6.89072
batch_01950_patch.tiff,patch_153,12.158601,9.491422,11.836761,24.82695,-8.049156
batch_01950_patch.tiff,patch_154,15.145123,8.391627,13.629392,22.456713,-4.7904887
batch_01950_patch.tiff,patch_155,14.84207,8.075193,12.017839,22.483042,-8.015639
batch_01950_patch.tiff,patch_156,14.453981,7.299886,13.872397,18.469322,-7.1904697
batch_01950_patch.tiff,patch_157,12.169194,8.866646,10.693044,21.396488,-7.673606
batch_01950_patch.tiff,patch_158,12.054737,10.16954,6.349148,24.29891,-6.875307
batch_01950_patch.tiff,patch_159,14.772055,10.30324,7.3006353,26.402348,-5.816491
batch_01950_patch.tiff,patch_160,15.866921,11.336628,7.5700574,23.559956,-5.948668
batch_01950_patch.tiff,patch_161,13.068336,10.705903,7.4677234,26.022877,-6.352843
batch_01950_patch.tiff,patch_162,9.462339,8.401666,10.825367,21.675417,-10.453221
batch_01950_patch.tiff,patch_163,9.959533,8.043416,13.210665,21.175205,-12.434766
batch_01950_patch.tiff,patch_164,14.297092,5.800187,11.796761,20.258596,-6.97871
batch_01950_patch.tiff,patch_165,10.571319,10.205258,10.375815,25.433542,-9.540967
batch_01950_patch.tiff,patch_166,15.098703,5.1356106,13.29005,20.563152,-3.0252516
batch_01950_patch.tiff,patch_167,15.573241,10.91516,14.439106,23.900646,-7.217685
batch_01950_patch.tiff,patch_168,16.060629,8.992299,10.4131565,15.828975,-7.1951985
batch_01950_patch.tiff,patch_169,18.188255,9.434566,16.406828,20.288395,-6.0718913
batch_01950_patch.tiff,patch_170,18.064863,8.471411,11.218605,25.751543,-5.4643564
batch_01950_patch.tiff,patch_171,16.76275,10.373112,13.41473,24.27668,-7.2656255
batch_01950_patch.tiff,patch_172,16.41809,9.409059,13.8618965,23.795238,-7.5478735
batch_01950_patch.tiff,patch_173,14.195119,6.6750894,11.42344,20.132036,-6.806219
batch_01950_patch.tiff,patch_174,14.454844,6.977328,18.982384,21.41781,-10.074858
batch_01950_patch.tiff,patch_175,12.744447,11.470804,8.950959,22.94227,-9.889884
batch_01950_patch.tiff,patch_176,15.930973,11.826168,12.781907,25.309566,-11.479609
batch_01950_patch.tiff,patch_177,12.100839,7.1101093,8.66702,25.327723,-10.323005
batch_01950_patch.tiff,patch_178,11.695116,4.83227,12.483242,20.233824,-9.093612
batch_01950_patch.tiff,patch_179,14.166794,9.1287985,8.08844,21.294691,-6.3437977
batch_01950_patch.tiff,patch_180,11.279818,9.159283,10.406108,18.13952,-6.1557565
batch_01950_patch.tiff,patch_181,11.224773,14.909968,7.000127,21.810207,-8.406906
batch_01950_patch.tiff,patch_182,10.256425,8.218802,7.05327,23.202631,-6.961798
batch_01950_patch.tiff,patch_183,10.989476,7.208909,8.251728,23.4359,-6.4397545
batch_02000_patch.tiff,patch_0,10.104289,9.733317,9.873757,22.95712,-5.6609406
batch_02000_patch.tiff,patch_1,15.334832,7.830986,10.293723,25.373636,-4.925369
batch_02000_patch.tiff,patch_2,12.372454,9.129514,11.96662,20.969006,-9.916247
batch_02000_patch.tiff,patch_3,12.655521,9.8581505,11.225587,20.824274,-11.108508
batch_02000_patch.tiff,patch_4,12.01727,9.840185,7.7068653,23.664413,-5.6301007
batch_02000_patch.tiff,patch_5,15.334421,8.614699,10.308333,22.307188,-7.09816
batch_02000_patch.tiff,patch_6,15.204859,12.840647,3.5990446,26.504107,-5.7359185
batch_02000_patch.tiff,patch_7,12.552963,7.5172496,5.5919776,21.458134,-9.006304
batch_02000_patch.tiff,patch_8,19.665298,10.733127,11.655857,24.301699,-7.3894386
batch_02000_patch.tiff,patch_9,15.542335,11.828974,7.6563406,27.54223,-8.20353
batch_02000_patch.tiff,patch_10,10.735554,8.750972,9.005782,29.163925,-6.584073
batch_02000_patch.tiff,patch_11,19.705177,7.9008675,13.5977545,25.22972,-7.7275944
batch_02000_patch.tiff,patch_12,15.382578,9.133853,12.981184,22.65541,-6.5744505
batch_02000_patch.tiff,patch_13,13.120099,8.045803,9.420844,18.258457,-10.729182
batch_02000_patch.tiff,patch_14,15.666859,6.5470796,6.581585,19.677118,-10.436217
batch_02000_patch.tiff,patch_15,11.701594,8.613423,10.215925,21.955433,-6.9397373
batch_02000_patch.tiff,patch_16,11.972486,4.645695,12.906839,16.559233,-6.3299346
batch_02000_patch.tiff,patch_17,16.776852,9.434595,17.239681,25.674664,-9.066148
batch_02000_patch.tiff,patch_18,12.117141,7.2797055,14.196116,20.089233,-4.959063
batch_02000_patch.tiff,patch_19,10.859104,13.736506,-0.79091096,23.595314,1.2415833
batch_02000_patch.tiff,patch_20,11.868774,12.049811,3.7016814,23.229153,-8.391067
batch_02000_patch.tiff,patch_21,17.50816,7.864289,5.103362,23.214949,-8.226111
batch_02000_patch.tiff,patch_22,18.505718,14.493334,12.2155695,21.8178,-5.8837256
batch_02000_patch.tiff,patch_23,4.68841,14.384239,2.6946113,26.528763,-5.818499
batch_02000_patch.tiff,patch_24,14.968867,4.850029,9.741175,21.672052,-9.817863
batch_02000_patch.tiff,patch_25,18.168554,10.4688225,13.798784,21.418077,-8.888455
batch_02000_patch.tiff,patch_26,13.16315,11.759593,9.86848,21.926888,-7.0417356
batch_02000_patch.tiff,patch_27,11.392054,8.430216,14.4695635,21.662025,-11.365011
batch_02000_patch.tiff,patch_28,15.015273,7.6997643,3.2019901,23.289566,-9.164776
batch_02000_patch.tiff,patch_29,10.766876,5.8925996,3.000366,25.724855,-3.971542
batch_02000_patch.tiff,patch_30,15.84882,8.769769,12.496928,23.049562,-3.133432
batch_02000_patch.tiff,patch_31,9.712035,13.485444,5.008043,25.387583,-11.089338
batch_02000_patch.tiff,patch_32,13.726748,10.947883,11.003507,24.927425,-5.355841
batch_02000_patch.tiff,patch_33,16.289127,10.405048,10.052531,22.87937,-10.46122
batch_02000_patch.tiff,patch_34,18.340916,8.6385,10.159862,24.31228,-1.2084073
batch_02000_patch.tiff,patch_35,20.207973,9.130887,14.392457,22.779165,-8.011231
batch_02000_patch.tiff,patch_36,14.760105,5.66583,10.064972,21.55276,-6.387076
batch_02000_patch.tiff,patch_37,10.680009,8.952515,6.090582,20.57382,-9.484288
batch_02000_patch.tiff,patch_38,10.70554,9.939897,6.0920296,21.906603,-8.36857
batch_02000_patch.tiff,patch_39,11.265216,10.246956,-1.9098078,22.965616,-1.2531953
batch_02000_patch.tiff,patch_40,10.095354,9.237365,6.6675315,23.597225,-3.303858
batch_02000_patch.tiff,patch_41,15.967353,12.271727,10.279569,21.70438,-13.251111
batch_02000_patch.tiff,patch_42,12.388473,5.1554127,12.437876,17.881548,-7.1520853
batch_02000_patch.tiff,patch_43,12.94427,14.457947,5.3419075,26.305952,-6.596593
batch_02000_patch.tiff,patch_44,15.743082,14.47793,5.0077167,26.093433,-3.33011
batch_02000_patch.tiff,patch_45,15.91799,7.9517155,7.048195,22.734653,-5.4381804
batch_02000_patch.tiff,patch_46,18.188173,9.270628,12.067301,20.86119,-7.8212614
batch_02000_patch.tiff,patch_47,16.837132,7.9897966,9.788891,25.572332,-7.4306912
batch_02000_patch.tiff,patch_48,18.579874,8.038573,9.048746,22.545109,-3.2429335
batch_02000_patch.tiff,patch_49,17.216337,4.6831703,5.6995697,21.17256,-4.586588
batch_02000_patch.tiff,patch_50,13.75759,13.397146,8.649636,29.702877,-4.4002843
batch_02000_patch.tiff,patch_51,10.060873,11.467392,-0.16107172,26.556864,-5.272152
batch_02000_patch.tiff,patch_52,8.468742,13.600059,3.961265,23.971506,-8.371558
batch_02000_patch.tiff,patch_53,12.156036,11.145775,4.930547,21.71011,-0.19539246
batch_02000_patch.tiff,patch_54,11.457338,13.768083,3.2052245,24.01734,-8.131374
batch_02000_patch.tiff,patch_55,17.282509,7.397606,16.797607,22.341112,-7.9684577
batch_02000_patch.tiff,patch_56,14.092116,13.30316,10.462329,25.91833,-4.295314
batch_02000_patch.tiff,patch_57,15.4656725,10.575121,15.522268,25.139444,-5.410839
batch_02000_patch.tiff,patch_58,18.520107,7.3280673,15.4464655,21.752104,-6.599479
batch_02000_patch.tiff,patch_59,13.2165365,7.518376,5.306957,24.523554,-14.129933
batch_02000_patch.tiff,patch_60,14.286201,11.751379,7.4704275,24.870802,-5.472641
batch_02000_patch.tiff,patch_61,8.50093,13.831222,3.652672,27.563204,-4.3709826
batch_02000_patch.tiff,patch_62,10.980177,12.366425,1.5365677,23.951473,-3.794134
batch_02000_patch.tiff,patch_63,9.08607,12.406838,1.5886747,26.673773,-0.7848411
batch_02000_patch.tiff,patch_64,15.190003,14.567779,14.143577,23.269241,-8.363857
batch_02000_patch.tiff,patch_65,13.801703,5.255912,10.637902,21.098032,-7.138681
batch_02000_patch.tiff,patch_66,17.829252,6.207422,15.441538,20.287613,-7.1934795
batch_02000_patch.tiff,patch_67,14.513248,4.107677,12.711457,19.044123,-7.2294316
batch_02000_patch.tiff,patch_68,11.21721,12.439808,-0.58947176,24.193146,-10.387302
batch_02000_patch.tiff,patch_69,13.442791,8.926185,1.8347398,21.88988,-6.2295036
batch_02000_patch.tiff,patch_70,20.199232,7.9432516,14.196918,21.892908,-6.740124
batch_02000_patch.tiff,patch_71,17.377111,7.421046,6.591321,23.111906,-3.3472698
batch_02000_patch.tiff,patch_72,15.906363,10.693794,14.263764,20.7821,-2.3093104
batch_02000_patch.tiff,patch_73,14.169384,5.606573,12.150054,19.885765,-6.825757
batch_02000_patch.tiff,patch_74,16.523792,7.309469,14.300756,22.493763,-6.3171563
batch_02000_patch.tiff,patch_75,14.540781,7.6506543,12.791921,22.932095,-8.638317
batch_02000_patch.tiff,patch_76,13.181083,7.322696,9.822916,20.92205,-5.2206483
batch_02000_patch.tiff,patch_77,12.081441,11.891979,16.668827,23.13544,-7.6337323
batch_02000_patch.tiff,patch_78,16.920202,8.894847,15.348059,21.081917,-7.6431756
batch_02000_patch.tiff,patch_79,12.733422,12.880574,11.600664,22.712618,-5.6966662
batch_02000_patch.tiff,patch_80,11.9877205,9.724931,7.031114,23.70818,-1.0834998
batch_02000_patch.tiff,patch_81,18.591219,7.8189507,6.0478315,20.675589,-4.704476
batch_02000_patch.tiff,patch_82,17.30435,5.9644513,5.051462,23.053988,-4.619349
batch_02000_patch.tiff,patch_83,16.875965,10.161412,11.032009,21.89267,0.4382711
batch_02000_patch.tiff,patch_84,13.950841,10.117884,13.03772,23.508177,-6.9428864
batch_02000_patch.tiff,patch_85,11.007668,8.512955,7.3083935,25.012735,-9.858429
batch_02000_patch.tiff,patch_86,10.152132,9.164981,6.9827795,25.218233,-11.441397
batch_02000_patch.tiff,patch_87,11.416204,8.678467,5.9814873,22.295425,-7.953243
batch_02000_patch.tiff,patch_88,15.935169,7.8456984,7.9045196,22.717596,1.0758458
batch_02000_patch.tiff,patch_89,17.685059,12.54945,5.649633,26.579987,-6.973076
batch_02000_patch.tiff,patch_90,14.657827,10.369833,9.970135,24.028507,-6.4940305
batch_02000_patch.tiff,patch_91,16.508474,8.441875,13.378914,22.183939,-5.4322853
batch_02000_patch.tiff,patch_92,13.055453,9.676312,12.703541,22.299217,-5.708339
batch_02000_patch.tiff,patch_93,13.237368,5.951549,10.745446,20.388397,-8.613956
batch_02000_patch.tiff,patch_94,16.87644,11.498507,10.207643,19.136192,-10.208467
batch_02000_patch.tiff,patch_95,13.184621,12.430953,4.2226157,26.332027,-9.823543
batch_02000_patch.tiff,patch_96,13.808286,7.514903,7.792401,20.061184,-7.0769014
batch_02000_patch.tiff,patch_97,16.665302,14.487776,9.782177,24.83707,-1.0927643
batch_02000_patch.tiff,patch_98,13.530648,13.485707,1.3782579,25.107857,-3.7337167
batch_02000_patch.tiff,patch_99,16.792065,13.392332,7.446575,22.141827,1.635699
batch_02000_patch.tiff,patch_100,16.952925,10.852694,7.328126,21.35849,1.1897907
batch_02000_patch.tiff,patch_101,15.801434,6.6614823,9.136176,19.721329,-4.4642076
batch_02000_patch.tiff,patch_102,13.598753,7.9650607,8.252603,20.564505,-0.25378585
batch_02000_patch.tiff,patch_103,19.630592,9.149655,12.195338,24.911263,-7.6809883
batch_02000_patch.tiff,patch_104,15.617063,5.6193843,12.688076,20.816774,-7.2404428
batch_02000_patch.tiff,patch_105,14.6646805,10.614195,13.377197,25.1106,-6.723691
batch_02000_patch.tiff,patch_106,16.589928,12.042925,10.147312,23.53547,-5.660895
batch_02000_patch.tiff,patch_107,11.788651,6.369938,0.7146798,26.473436,-6.028998
batch_02000_patch.tiff,patch_108,13.1991625,12.256436,11.775908,21.067654,-11.360844
batch_02000_patch.tiff,patch_109,16.058937,16.951729,10.469793,25.433092,-6.7150073
batch_02000_patch.tiff,patch_110,10.824849,5.5191035,2.6000085,24.298323,-11.858253
batch_02000_patch.tiff,patch_111,17.088839,9.068585,10.81538,21.925524,-1.6694026
batch_02000_patch.tiff,patch_112,11.53618,14.768209,8.010494,24.24683,-0.39334422
batch_02000_patch.tiff,patch_113,8.707926,9.328519,5.889463,24.819431,-4.050826
batch_02000_patch.tiff,patch_114,19.963018,7.3972054,7.462677,23.087494,0.0012631426
batch_02000_patch.tiff,patch_115,20.247084,6.9809785,12.595073,18.657711,-12.2203045
batch_02000_patch.tiff,patch_116,20.699844,9.836135,12.824142,18.383669,-11.96447
batch_02000_patch.tiff,patch_117,13.330442,8.825154,11.647953,23.625078,-7.7796483
batch_02000_patch.tiff,patch_118,12.943603,8.177934,10.032738,23.303158,-7.923006
batch_02000_patch.tiff,patch_119,8.371505,13.99497,6.312763,27.385408,-7.3600082
batch_02000_patch.tiff,patch_120,11.502349,9.0581455,3.9844942,21.792946,-9.734266
batch_02000_patch.tiff,patch_121,16.921656,13.247582,8.098901,22.361563,-1.7549844
batch_02000_patch.tiff,patch_122,8.451893,12.787276,1.6529745,25.676702,-7.5191517
batch_02000_patch.tiff,patch_123,18.073517,10.388748,11.779759,18.450695,-3.9675686
batch_02000_patch.tiff,patch_124,14.345245,10.685367,8.760537,22.867943,-1.7403536
batch_02000_patch.tiff,patch_125,15.624202,5.077847,14.700208,21.413256,-7.009274
batch_02000_patch.tiff,patch_126,19.420359,9.498937,12.984237,23.371775,-2.1672235
batch_02000_patch.tiff,patch_127,12.028711,9.07382,7.275649,22.440016,-7.3541894
batch_02000_patch.tiff,patch_128,15.364067,8.258506,12.55727,21.095036,-9.297595
batch_02000_patch.tiff,patch_129,14.542982,13.76966,13.137097,23.184326,-5.983031
batch_02000_patch.tiff,patch_130,14.494521,7.466309,9.266166,22.285318,-7.086949
batch_02000_patch.tiff,patch_131,12.144702,11.446507,11.098412,23.125845,-3.875483
batch_02000_patch.tiff,patch_132,12.259726,14.79405,10.621329,20.732983,-9.110123
batch_02000_patch.tiff,patch_133,9.866576,12.412885,2.833895,23.642046,-1.0950576
batch_02000_patch.tiff,patch_134,14.869361,10.271988,11.437636,21.372509,-5.6303396
batch_02000_patch.tiff,patch_135,18.53463,10.389284,11.752703,20.221315,-3.1249993
batch_02000_patch.tiff,patch_136,19.03923,9.1580105,13.546015,22.13966,-3.4465332
batch_02000_patch.tiff,patch_137,17.262358,9.219278,14.682602,22.914911,-3.8988516
batch_02000_patch.tiff,patch_138,10.986136,9.096207,7.4892163,20.832737,-9.915646
batch_02000_patch.tiff,patch_139,13.802292,9.275765,12.564161,21.212831,-7.3405604
batch_02000_patch.tiff,patch_140,16.441536,13.116311,1.5875058,28.297968,0.34725913
batch_02000_patch.tiff,patch_141,15.529382,12.702289,9.466732,25.183098,-11.919735
batch_02000_patch.tiff,patch_142,10.3114395,11.46348,0.33286,24.46248,-3.7489069
batch_02000_patch.tiff,patch_143,8.425792,12.277903,3.9328356,27.087002,-3.7993195
batch_02000_patch.tiff,patch_144,15.085206,11.332761,11.263521,23.591923,-1.0668006
batch_02000_patch.tiff,patch_145,12.435501,8.422408,14.607175,20.906,-7.422092
batch_02000_patch.tiff,patch_146,17.192415,10.209216,11.7061615,25.139229,-3.520691
batch_02000_patch.tiff,patch_147,17.207964,4.657566,12.006582,20.844074,-4.6979156
batch_02000_patch.tiff,patch_148,12.780331,7.558397,9.22736,21.23288,-5.912142
batch_02000_patch.tiff,patch_149,13.926879,8.927427,8.952424,24.131083,-6.0257983
batch_02000_patch.tiff,patch_150,9.771053,12.358052,7.5933576,25.083742,-6.13367
batch_02000_patch.tiff,patch_151,12.888871,10.4836445,5.195982,25.929422,-7.7243795
batch_02000_patch.tiff,patch_152,18.053928,8.926297,11.744888,23.92112,-6.674371
batch_02000_patch.tiff,patch_153,12.90265,15.759896,1.872096,20.91906,-8.493111
batch_02000_patch.tiff,patch_154,11.484887,7.536738,8.914986,19.474226,-1.835253
batch_02000_patch.tiff,patch_155,14.54145,10.796876,13.124741,20.496635,-3.8387213
batch_02000_patch.tiff,patch_156,17.07377,8.230181,8.092341,24.46872,-2.5149868
batch_02000_patch.tiff,patch_157,17.386984,10.309461,13.769468,26.263699,-3.0004005
batch_02000_patch.tiff,patch_158,17.637058,9.471241,13.666115,25.975046,-4.4441504
batch_02050_patch.tiff,patch_0,15.444484,6.5132804,14.437039,20.385162,-7.028158
batch_02050_patch.tiff,patch_1,19.951683,9.94391,14.655227,26.450844,-4.0826516
batch_02050_patch.tiff,patch_2,14.186889,5.8435893,9.658867,19.142725,-5.8294387
batch_02050_patch.tiff,patch_3,16.229458,7.7353644,13.629713,22.695364,-3.7420716
batch_02050_patch.tiff,patch_4,9.2397995,9.495446,6.5427403,23.158953,-8.180072
batch_02050_patch.tiff,patch_5,17.390743,8.841863,12.403546,21.420322,-4.388537
batch_02050_patch.tiff,patch_6,17.972162,10.951019,12.093934,21.042456,-4.9659014
batch_02050_patch.tiff,patch_7,14.733861,10.973402,2.097974,23.397263,-2.9971426
batch_02050_patch.tiff,patch_8,13.627007,8.561033,7.562478,21.978245,-5.8259454
batch_02050_patch.tiff,patch_9,14.517827,12.359498,9.425734,26.546274,-1.6036255
batch_02050_patch.tiff,patch_10,24.288183,10.906485,9.941282,25.52701,0.97762114
batch_02050_patch.tiff,patch_11,21.132648,5.3372726,8.343521,19.814322,-1.2520603
batch_02050_patch.tiff,patch_12,14.624255,4.782271,13.745851,18.835375,-4.2409554
batch_02050_patch.tiff,patch_13,15.760721,6.833919,14.455098,23.281982,-9.816313
batch_02050_patch.tiff,patch_14,13.244381,9.032577,8.2220125,22.136255,-4.592407
batch_02050_patch.tiff,patch_15,8.695558,9.754262,7.8486834,21.6244,-10.823414
batch_02050_patch.tiff,patch_16,14.659414,12.531722,13.017834,22.999626,-6.340043
batch_02050_patch.tiff,patch_17,18.121073,9.9621525,11.287778,19.588362,-6.7429447
batch_02050_patch.tiff,patch_18,12.952029,8.7876835,5.7023726,22.720541,-3.446198
batch_02050_patch.tiff,patch_19,13.480831,11.060078,11.73451,20.42581,-4.5657444
batch_02050_patch.tiff,patch_20,11.833863,8.244359,10.218508,20.729042,-5.7738004
batch_02050_patch.tiff,patch_21,19.735882,9.896571,10.48685,24.996162,-2.100872
batch_02050_patch.tiff,patch_22,17.174843,8.551214,15.48501,23.173351,-7.8171887
batch_02050_patch.tiff,patch_23,16.685387,9.034993,10.8060875,23.368002,-9.417646
batch_02050_patch.tiff,patch_24,15.936842,6.2561445,14.442463,19.557766,-9.25325
batch_02050_patch.tiff,patch_25,13.060543,7.4343605,10.954191,19.67956,-7.42697
batch_02050_patch.tiff,patch_26,17.050209,7.79901,17.154305,20.198011,-8.948021
batch_02050_patch.tiff,patch_27,17.061302,10.256803,13.07846,19.871675,-6.001621
batch_02050_patch.tiff,patch_28,17.375265,12.744579,14.239649,22.809275,-5.8999124
batch_02050_patch.tiff,patch_29,7.3646407,13.760966,9.068355,19.201012,-11.27978
batch_02050_patch.tiff,patch_30,17.704737,10.299909,17.590878,22.771845,-3.952955
batch_02050_patch.tiff,patch_31,17.384758,8.490629,9.675014,24.216396,-3.5079818
batch_02050_patch.tiff,patch_32,17.67474,9.657503,7.286553,23.857876,-8.305807
batch_02050_patch.tiff,patch_33,13.407407,5.997369,4.879934,18.993368,-8.418311
batch_02050_patch.tiff,patch_34,12.122778,9.174174,10.464893,26.411934,-4.651252
batch_02050_patch.tiff,patch_35,19.004402,7.6762056,12.401435,21.252464,-3.8577685
batch_02050_patch.tiff,patch_36,12.14063,11.097938,8.127156,23.6784,-1.1522169
batch_02050_patch.tiff,patch_37,14.537226,5.884852,10.703031,21.930233,-8.532891
batch_02050_patch.tiff,patch_38,12.932479,7.8910813,8.591212,23.000626,-8.111306
batch_02050_patch.tiff,patch_39,16.688698,7.5757666,14.2514105,21.11093,-5.7758284
batch_02050_patch.tiff,patch_40,17.166508,8.078251,10.895965,20.612274,-3.1322076
batch_02050_patch.tiff,patch_41,9.969418,11.609777,12.94107,22.323404,-11.424252
batch_02050_patch.tiff,patch_42,10.412042,8.559401,6.820594,22.690287,-6.191244
batch_02050_patch.tiff,patch_43,14.909785,10.160886,5.4557533,21.907597,-0.6459706
batch_02050_patch.tiff,patch_44,13.653344,7.6144514,6.477306,20.330828,-0.6176262
batch_02050_patch.tiff,patch_45,12.795778,8.882845,5.1880903,23.25141,-0.20895527
batch_02050_patch.tiff,patch_46,18.588108,10.203583,13.930391,23.94947,-5.8730474
batch_02050_patch.tiff,patch_47,16.20434,6.8632855,14.011325,22.557262,-8.516368
batch_02050_patch.tiff,patch_48,9.749054,11.118115,9.485773,26.7667,-7.3737283
batch_02050_patch.tiff,patch_49,15.697412,10.245976,11.362872,24.47363,-4.3715296
batch_02050_patch.tiff,patch_50,17.409355,7.68297,12.225152,18.558153,-4.959144
batch_02050_patch.tiff,patch_51,16.230257,13.474582,14.455672,22.451437,-7.577964
batch_02050_patch.tiff,patch_52,11.687024,14.093127,4.8643084,20.74547,-4.9639583
batch_02050_patch.tiff,patch_53,14.18801,9.3348255,7.214034,25.484663,-4.112771
batch_02050_patch.tiff,patch_54,9.888228,8.597854,15.155043,24.46907,-5.3982115
batch_02050_patch.tiff,patch_55,12.878265,8.307362,13.062952,22.969385,-6.532902
batch_02050_patch.tiff,patch_56,14.100576,7.1677737,12.724888,21.612278,-6.631547
batch_02050_patch.tiff,patch_57,15.468091,5.333874,13.380703,24.556,-3.8948915
batch_02050_patch.tiff,patch_58,19.548328,10.577425,15.548838,20.12122,-3.9737082
batch_02050_patch.tiff,patch_59,15.754683,9.887084,14.4599495,23.513664,-8.017966
batch_02050_patch.tiff,patch_60,12.737758,9.594184,5.154736,24.49315,-11.129079
batch_02050_patch.tiff,patch_61,12.804565,7.646631,15.78447,22.06717,-10.380076
batch_02050_patch.tiff,patch_62,17.608103,9.7991,13.226277,20.586735,-3.369537
batch_02050_patch.tiff,patch_63,16.377468,13.11391,12.041502,21.269384,-6.8432384
batch_02050_patch.tiff,patch_64,13.774628,12.626454,4.64593,26.206512,-6.5861416
batch_02050_patch.tiff,patch_65,9.423462,9.131247,5.4721265,20.45707,-9.454399
batch_02050_patch.tiff,patch_66,14.321262,6.3663306,12.348393,20.00974,-5.456983
batch_02050_patch.tiff,patch_67,14.743547,12.958516,11.333948,27.027325,-1.0800635
batch_02050_patch.tiff,patch_68,14.650621,7.176074,14.511328,19.643574,-5.9075646
batch_02050_patch.tiff,patch_69,15.8896675,4.277195,14.167338,17.532227,-9.526099
batch_02050_patch.tiff,patch_70,17.13807,10.415876,7.787205,21.014263,-4.979023
batch_02050_patch.tiff,patch_71,13.09963,11.403556,15.378091,26.572172,-8.294846
batch_02050_patch.tiff,patch_72,13.472542,12.710676,4.9868603,21.082415,-7.8354144
batch_02050_patch.tiff,patch_73,11.904849,15.739663,8.164143,21.173822,-8.951278
batch_02050_patch.tiff,patch_74,15.767844,8.765408,10.112572,21.076313,-4.6689396
batch_02050_patch.tiff,patch_75,20.210848,7.850235,14.221609,19.704863,-6.7574944
batch_02050_patch.tiff,patch_76,9.426503,6.1475196,5.9858856,22.713545,-7.1741576
batch_02050_patch.tiff,patch_77,14.386147,6.804381,12.273528,20.04792,-6.540378
batch_02050_patch.tiff,patch_78,15.0450945,3.6700478,18.683416,19.305628,-7.3599916
batch_02050_patch.tiff,patch_79,12.520513,9.344298,14.129251,21.237614,-4.9917574
batch_02050_patch.tiff,patch_80,15.64133,6.75734,17.435703,21.704088,-6.918091
batch_02050_patch.tiff,patch_81,18.250546,8.821721,12.986742,22.876143,-4.5497255
batch_02050_patch.tiff,patch_82,12.79946,8.399591,15.514584,19.957039,-8.12267
batch_02050_patch.tiff,patch_83,10.374269,10.0927105,12.848568,25.400768,-6.1804714
batch_02050_patch.tiff,patch_84,11.548307,11.489354,8.109231,19.050596,-10.538126
batch_02050_patch.tiff,patch_85,10.951888,10.055172,7.694603,20.442575,-6.85218
batch_02050_patch.tiff,patch_86,19.304424,8.429235,14.197216,20.05268,-1.7081923
batch_02050_patch.tiff,patch_87,15.683143,7.036761,7.1337776,18.61453,-7.274603
batch_02050_patch.tiff,patch_88,15.062392,8.372887,12.922024,20.707922,-6.9596257
batch_02050_patch.tiff,patch_89,16.142668,6.212897,1.6274601,21.950306,-4.8836727
batch_02050_patch.tiff,patch_90,16.459885,8.572668,13.426662,21.101511,-3.6177175
batch_02050_patch.tiff,patch_91,14.89849,7.291489,14.798771,20.41808,-6.788671
batch_02050_patch.tiff,patch_92,14.333946,8.8551445,12.468197,24.627848,-9.558851
batch_02050_patch.tiff,patch_93,17.497057,12.807331,11.71349,25.092596,-3.657813
batch_02050_patch.tiff,patch_94,6.7284408,10.471035,10.664417,20.062199,-9.12962
batch_02050_patch.tiff,patch_95,7.9611263,7.1387525,9.288419,21.376799,-5.5643744
batch_02050_patch.tiff,patch_96,15.867786,8.827763,6.298681,22.351828,-2.3053982
batch_02050_patch.tiff,patch_97,10.723617,7.0489507,1.9934188,20.11974,-5.014101
batch_02050_patch.tiff,patch_98,16.57295,11.962,13.373238,20.1029,-7.0113807
batch_02050_patch.tiff,patch_99,19.994587,7.968886,14.677569,19.175398,-5.710815
batch_02050_patch.tiff,patch_100,11.185463,11.082467,9.505084,24.142027,-7.305528
batch_02050_patch.tiff,patch_101,12.615367,8.238611,6.432802,21.567293,-7.994502
batch_02050_patch.tiff,patch_102,9.468797,12.023742,9.778837,24.505688,-7.664761
batch_02050_patch.tiff,patch_103,14.723903,13.677877,11.215988,24.73841,-5.810001
batch_02050_patch.tiff,patch_104,15.7856655,9.248168,14.827364,23.315786,-6.091915
batch_02050_patch.tiff,patch_105,20.571533,10.383366,15.089232,21.791452,-5.5110817
batch_02050_patch.tiff,patch_106,12.276024,9.480585,15.05655,26.717636,-8.738393
batch_02050_patch.tiff,patch_107,11.238975,13.001048,10.641998,24.683853,-7.6479716
batch_02050_patch.tiff,patch_108,14.358686,13.37923,6.7887526,21.743696,-6.1292744
batch_02050_patch.tiff,patch_109,15.542406,10.870255,3.0034213,21.00244,-4.1228523
batch_02050_patch.tiff,patch_110,12.215164,6.5012107,11.309879,17.804945,-10.45705
batch_02050_patch.tiff,patch_111,18.838924,7.4740124,12.303359,19.744972,-2.453349
batch_02050_patch.tiff,patch_112,10.643007,10.120959,7.7659955,25.420208,-4.412731
batch_02050_patch.tiff,patch_113,13.367476,9.546864,12.13924,23.261078,-7.168576
batch_02050_patch.tiff,patch_114,12.869345,12.191586,11.173183,24.622269,-8.208442
batch_02050_patch.tiff,patch_115,11.279235,16.309807,11.963747,27.68896,-5.87749
batch_02050_patch.tiff,patch_116,15.955783,10.194066,8.457085,25.725111,0.4528163
batch_02050_patch.tiff,patch_117,15.78721,8.895117,12.417961,20.675785,-6.2718782
batch_02050_patch.tiff,patch_118,18.825092,7.5556626,17.358278,22.322187,-3.7134671
batch_02050_patch.tiff,patch_119,13.667215,7.3575463,11.297583,21.063755,-5.015382
batch_02050_patch.tiff,patch_120,12.811871,5.967759,4.4114866,18.88049,-2.095769
batch_02050_patch.tiff,patch_121,15.445709,8.935226,9.749306,19.536602,-1.1857141
batch_02050_patch.tiff,patch_122,16.402113,9.676832,12.174409,25.614723,-11.158749
batch_02050_patch.tiff,patch_123,15.427838,9.943058,2.8263369,26.201405,-3.5987387
batch_02050_patch.tiff,patch_124,9.863879,15.014624,6.684274,26.191324,-3.2163706
batch_02050_patch.tiff,patch_125,11.637232,13.849587,8.700082,22.658604,-4.199522
batch_02050_patch.tiff,patch_126,7.2896266,10.122229,-0.49705783,25.039356,-2.4537241
batch_02050_patch.tiff,patch_127,14.005926,11.586019,2.9322703,24.572111,-2.594974
batch_02050_patch.tiff,patch_128,16.088118,9.389683,16.508371,23.79879,-5.0031033
batch_02050_patch.tiff,patch_129,17.795826,10.525235,14.164948,21.94021,-3.6789572
batch_02050_patch.tiff,patch_130,15.202422,9.542664,17.472397,23.120884,-11.151785
batch_02050_patch.tiff,patch_131,15.644872,6.8852086,16.498768,22.257038,-7.8168178
batch_02050_patch.tiff,patch_132,16.004343,10.25097,9.513109,25.458647,-2.9206614
batch_02050_patch.tiff,patch_133,15.0809,13.700947,6.743243,26.154219,-5.368048
batch_02050_patch.tiff,patch_134,11.825263,7.8549814,6.7436266,26.176207,-10.538416
batch_02050_patch.tiff,patch_135,12.409396,8.996556,12.418426,26.176657,-8.694144
batch_02050_patch.tiff,patch_136,10.259029,11.794789,6.291678,23.440172,-1.4050877
batch_02050_patch.tiff,patch_137,12.638306,12.983873,9.579132,24.45076,-2.0531354
batch_02050_patch.tiff,patch_138,8.027777,12.589555,1.7281603,24.408949,-4.758992
batch_02050_patch.tiff,patch_139,8.911798,15.447711,0.77643335,23.385265,-1.6407433
batch_02050_patch.tiff,patch_140,14.193065,8.248667,13.7409935,22.99905,-3.6173272
batch_02050_patch.tiff,patch_141,18.599892,11.253973,14.660953,22.776686,-6.6223726
batch_02050_patch.tiff,patch_142,14.257827,8.093876,12.673186,24.336254,-6.6362195
batch_02050_patch.tiff,patch_143,14.510283,12.697368,10.797094,24.710918,-6.3095136
batch_02050_patch.tiff,patch_144,11.404181,5.180044,6.401517,18.28121,-7.8255653
batch_02050_patch.tiff,patch_145,9.236801,7.882166,5.6982107,20.767635,-8.385069
batch_02050_patch.tiff,patch_146,13.518353,9.235918,4.925578,20.537529,-4.2797747
batch_02050_patch.tiff,patch_147,18.233328,9.758406,13.185569,24.697302,-5.0990458
batch_02050_patch.tiff,patch_148,10.017041,11.103064,9.609217,24.226288,-5.724451
batch_02050_patch.tiff,patch_149,13.889825,8.030123,12.569745,20.492937,-7.9229174
batch_02050_patch.tiff,patch_150,8.539808,11.959764,5.270458,24.016087,-8.622611
batch_02050_patch.tiff,patch_151,10.144411,15.56244,2.7671893,22.507784,-7.26965
batch_02050_patch.tiff,patch_152,14.147276,7.801688,13.920159,21.4506,-5.4084277
batch_02050_patch.tiff,patch_153,16.670568,10.274711,13.944698,21.876257,-6.2014494
batch_02050_patch.tiff,patch_154,14.4266615,6.5404654,12.579887,22.13401,-10.111017
batch_02050_patch.tiff,patch_155,9.039156,10.30341,5.2378964,25.266304,-4.0281367
batch_02050_patch.tiff,patch_156,17.092611,6.0851226,5.037653,20.622091,-4.550037
batch_02050_patch.tiff,patch_157,12.718623,14.5938015,10.061283,21.69262,-3.6754332
batch_02050_patch.tiff,patch_158,17.063393,7.6091104,9.184791,22.75093,-3.504879
batch_02050_patch.tiff,patch_159,16.29138,7.508552,10.585752,25.657654,-4.6951346
batch_02050_patch.tiff,patch_160,14.9261,7.5487304,10.277964,20.575956,-1.8909342
batch_02050_patch.tiff,patch_161,15.12687,8.876806,15.80647,20.395678,-4.9994526
batch_02050_patch.tiff,patch_162,14.422932,9.440933,6.367367,22.25532,-8.015376
batch_02050_patch.tiff,patch_163,11.157274,12.401986,-2.6434717,23.121904,-10.305447
batch_02050_patch.tiff,patch_164,12.78495,6.8283277,6.576364,21.33815,-4.8967075
batch_02050_patch.tiff,patch_165,16.53759,8.663797,5.9810066,23.829927,2.0392516
batch_02050_patch.tiff,patch_166,15.852589,11.136607,15.213878,22.409975,-4.5470867
batch_02050_patch.tiff,patch_167,16.162985,6.7164187,14.022385,21.328989,-5.8848853
batch_02050_patch.tiff,patch_168,16.350185,9.206515,7.538334,21.753803,-4.732505
batch_02050_patch.tiff,patch_169,18.25862,13.863216,10.750422,26.169306,-4.6797
batch_02050_patch.tiff,patch_170,16.010748,10.504073,11.938347,22.259697,-5.7942924
batch_02050_patch.tiff,patch_171,16.262854,8.545293,9.270914,19.739296,-3.4321246
batch_02050_patch.tiff,patch_172,16.233078,14.784821,13.114365,25.864925,-5.3217826
batch_02050_patch.tiff,patch_173,14.474597,10.555781,14.502041,25.075666,-5.602669
batch_02050_patch.tiff,patch_174,13.301834,11.271251,3.2799208,19.301361,-7.40655
batch_02050_patch.tiff,patch_175,13.527911,13.0748205,6.0450573,21.825186,-9.799187
batch_02100_patch.tiff,patch_0,16.209822,6.5449777,14.848177,20.149212,-7.704239
batch_02100_patch.tiff,patch_1,14.37676,12.217673,8.380457,21.79983,-0.5237341
batch_02100_patch.tiff,patch_2,10.000996,14.38752,5.90932,28.650038,1.307153
batch_02100_patch.tiff,patch_3,16.546648,8.026338,9.4158535,19.56552,-1.9737517
batch_02100_patch.tiff,patch_4,15.194828,5.824472,8.8028345,21.601084,-4.0328093
batch_02100_patch.tiff,patch_5,14.323258,7.5932913,5.701598,22.741121,-4.5972443
batch_02100_patch.tiff,patch_6,15.04393,12.229744,9.6526165,25.253603,-5.532133
batch_02100_patch.tiff,patch_7,12.901854,14.054763,6.6402698,23.06628,-9.034941
batch_02100_patch.tiff,patch_8,11.783956,11.179082,8.10622,27.964333,-5.880288
batch_02100_patch.tiff,patch_9,16.28131,7.6200275,16.13701,22.227955,-4.6841197
batch_02100_patch.tiff,patch_10,16.948502,10.502045,12.123672,24.666695,-7.4152656
batch_02100_patch.tiff,patch_11,10.092819,11.513762,10.856805,23.125689,-9.9320545
batch_02100_patch.tiff,patch_12,11.151776,10.524735,7.5687714,25.382448,-4.211867
batch_02100_patch.tiff,patch_13,18.310972,11.507318,14.101152,26.192507,-4.5880938
batch_02100_patch.tiff,patch_14,10.8167305,12.941387,11.463008,26.74199,-2.5274131
batch_02100_patch.tiff,patch_15,14.053002,13.85337,6.9089103,21.137842,-0.400859
batch_02100_patch.tiff,patch_16,20.899694,10.886823,8.725333,22.664959,-1.572865
batch_02100_patch.tiff,patch_17,12.114646,6.507941,7.432621,25.080456,-8.269363
batch_02100_patch.tiff,patch_18,16.129774,8.279003,15.640868,20.841927,-10.244611
batch_02100_patch.tiff,patch_19,17.591547,12.076964,14.836533,27.859472,-8.643327
batch_02100_patch.tiff,patch_20,17.88832,10.745473,12.652029,23.014322,-6.1652417
batch_02100_patch.tiff,patch_21,11.624658,8.6430855,10.166443,22.650166,2.7844107
batch_02100_patch.tiff,patch_22,12.448534,12.465609,9.151168,26.113585,-5.3764243
batch_02100_patch.tiff,patch_23,5.9712543,11.921563,3.4963806,22.658316,-9.77818
batch_02100_patch.tiff,patch_24,10.425735,13.338604,7.2782707,27.050669,-6.8020115
batch_02100_patch.tiff,patch_25,9.96063,7.6518893,14.924054,22.686512,-8.608826
batch_02100_patch.tiff,patch_26,14.75544,11.641321,11.776944,29.307953,-7.117141
batch_02100_patch.tiff,patch_27,14.785986,10.755544,9.073724,22.448576,-9.353612
batch_02100_patch.tiff,patch_28,16.778486,14.845465,12.675074,26.113546,-7.028654
batch_02100_patch.tiff,patch_29,13.126463,6.161483,11.015512,19.707623,-7.669666
batch_02100_patch.tiff,patch_30,15.579842,10.694904,10.783386,20.807787,-3.4227157
batch_02100_patch.tiff,patch_31,9.783516,5.0401206,9.377169,23.723581,-11.441832
batch_02100_patch.tiff,patch_32,13.193725,6.139126,14.150686,20.714355,-11.655963
batch_02100_patch.tiff,patch_33,16.300804,8.989181,12.906153,22.821838,-4.7415032
batch_02100_patch.tiff,patch_34,16.780329,13.927379,15.639709,28.6629,-5.487292
batch_02100_patch.tiff,patch_35,17.199245,8.40098,13.969061,22.427568,-6.637863
batch_02100_patch.tiff,patch_36,7.48159,11.266883,4.98105,24.38868,-10.0559845
batch_02100_patch.tiff,patch_37,15.248336,12.955597,9.7603445,26.470215,-4.1406994
batch_02100_patch.tiff,patch_38,14.080655,12.079536,12.464309,25.221859,-10.087698
batch_02100_patch.tiff,patch_39,9.608334,11.47445,8.358518,28.119314,-5.014505
batch_02100_patch.tiff,patch_40,11.000355,9.9019575,14.363607,23.07187,-10.187467
batch_02100_patch.tiff,patch_41,9.02677,11.733419,8.213751,24.76101,-8.9330635
batch_02100_patch.tiff,patch_42,13.541888,8.4845495,7.8312674,20.333656,-7.900927
batch_02100_patch.tiff,patch_43,14.70972,4.468405,8.923859,19.396257,-4.9695487
batch_02100_patch.tiff,patch_44,9.074829,7.9114428,7.614967,20.05651,-9.630353
batch_02100_patch.tiff,patch_45,16.283472,6.1537642,11.9389515,20.24426,-7.9137263
batch_02100_patch.tiff,patch_46,12.342814,12.02772,8.81184,25.949991,-3.5844579
batch_02100_patch.tiff,patch_47,16.287321,6.6315875,14.938751,23.730265,-6.460893
batch_02100_patch.tiff,patch_48,15.366671,7.521316,2.8873096,23.703205,-7.7797475
batch_02100_patch.tiff,patch_49,12.866233,8.982297,5.1050196,23.33097,-8.790927
batch_02100_patch.tiff,patch_50,18.859098,8.310016,12.058374,24.639519,-4.572333
batch_02100_patch.tiff,patch_51,17.341404,9.429137,12.825175,21.432014,-3.0802195
batch_02100_patch.tiff,patch_52,10.412232,8.941561,8.616193,21.679234,-2.5535126
batch_02100_patch.tiff,patch_53,18.094004,10.172309,5.862788,21.273867,-1.1868988
batch_02100_patch.tiff,patch_54,11.008085,7.9976707,8.158767,22.311712,-2.884882
batch_02100_patch.tiff,patch_55,13.658682,9.756332,9.921238,22.664473,-8.292336
batch_02100_patch.tiff,patch_56,13.2853365,5.545749,11.885759,21.004543,-7.179164
batch_02100_patch.tiff,patch_57,8.602496,6.7056303,6.4536357,19.52889,-11.1431265
batch_02100_patch.tiff,patch_58,18.37158,11.091812,16.941046,25.45795,-7.3127127
batch_02100_patch.tiff,patch_59,19.11631,9.774893,10.50639,25.769604,-0.7044933
batch_02100_patch.tiff,patch_60,12.000875,9.953316,5.6668344,23.574074,-8.21524
batch_02100_patch.tiff,patch_61,10.050958,13.401876,7.503494,23.507572,-8.517343
batch_02100_patch.tiff,patch_62,19.216915,8.874579,12.148896,25.131834,-5.5212135
batch_02100_patch.tiff,patch_63,18.392166,8.450207,9.322402,23.10749,-4.983402
batch_02100_patch.tiff,patch_64,10.354898,10.577351,7.871356,24.025045,-6.0051107
batch_02100_patch.tiff,patch_65,14.632143,7.7838397,11.9575405,25.444424,-6.4358563
batch_02100_patch.tiff,patch_66,14.743237,10.54631,10.934061,22.199373,-9.309845
batch_02100_patch.tiff,patch_67,17.418055,8.022455,5.1867023,18.38118,-3.3951244
batch_02100_patch.tiff,patch_68,17.463472,6.090035,9.28423,20.243692,-10.925921
batch_02100_patch.tiff,patch_69,13.664457,5.077119,14.684385,22.78479,-11.127506
batch_02100_patch.tiff,patch_70,13.403214,6.8093996,10.70655,19.525976,-10.518251
batch_02100_patch.tiff,patch_71,16.766449,6.8069754,11.31274,22.179956,-7.302219
batch_02100_patch.tiff,patch_72,9.166273,10.079696,7.8996353,21.263924,-9.61868
batch_02100_patch.tiff,patch_73,11.482833,7.425716,10.761503,25.146713,-4.549095
batch_02100_patch.tiff,patch_74,17.554249,9.91181,13.990885,26.732569,-4.3170304
batch_02100_patch.tiff,patch_75,16.294958,9.907259,6.2522025,26.774359,-1.1332573
batch_02100_patch.tiff,patch_76,11.109061,10.669357,5.4337387,24.072264,-12.036689
batch_02100_patch.tiff,patch_77,11.158564,6.584871,9.481248,17.876877,-7.5399914
batch_02100_patch.tiff,patch_78,10.86327,7.8626833,7.5028253,19.8742,-9.49466
batch_02100_patch.tiff,patch_79,12.624097,12.004711,6.5753236,24.003815,-2.241728
batch_02100_patch.tiff,patch_80,11.132354,8.05432,7.3185515,19.518993,-5.9442415
batch_02100_patch.tiff,patch_81,13.522672,8.497403,11.813164,21.6534,-8.91382
batch_02100_patch.tiff,patch_82,18.54859,7.6473284,12.832635,20.993975,-0.8377253
batch_02100_patch.tiff,patch_83,19.387068,8.596256,10.845761,24.208715,-0.57634616
batch_02100_patch.tiff,patch_84,14.677338,12.70104,13.324903,21.17802,-5.510252
batch_02100_patch.tiff,patch_85,15.900663,11.742628,11.450695,26.89158,-1.1963812
batch_02100_patch.tiff,patch_86,15.364914,8.809953,12.699272,24.618145,-5.8696275
batch_02100_patch.tiff,patch_87,17.702034,9.992602,10.598514,25.25591,-2.0402637
batch_02100_patch.tiff,patch_88,12.47982,11.952905,2.6918821,23.482355,-6.7090874
batch_02100_patch.tiff,patch_89,5.2363405,7.534082,10.136419,19.468088,-10.129981
batch_02100_patch.tiff,patch_90,7.2647505,6.3348684,5.1340127,22.071507,-9.820019
batch_02100_patch.tiff,patch_91,9.273503,5.3798666,11.340207,24.053009,-8.16211
batch_02100_patch.tiff,patch_92,8.761156,9.671182,5.373425,21.51928,-11.33014
batch_02100_patch.tiff,patch_93,17.417433,6.0792384,11.85404,23.764894,-7.3107247
batch_02100_patch.tiff,patch_94,17.025812,11.093075,10.619175,22.24634,-1.1427627
batch_02100_patch.tiff,patch_95,12.8432,10.894261,11.183698,22.953535,-3.999791
batch_02100_patch.tiff,patch_96,19.157028,10.699707,13.912435,22.235401,-4.463923
batch_02100_patch.tiff,patch_97,15.270824,16.826384,8.038554,26.92591,-3.2129087
batch_02100_patch.tiff,patch_98,17.631264,12.381065,13.182642,23.319286,-3.7908416
batch_02100_patch.tiff,patch_99,13.038987,13.721508,8.897254,25.030762,-4.472123
batch_02100_patch.tiff,patch_100,9.891283,14.7796755,10.2928505,24.308582,-7.1830816
batch_02100_patch.tiff,patch_101,10.315436,12.280285,5.9864564,23.90709,-8.735649
batch_02100_patch.tiff,patch_102,12.379184,9.4751005,7.158603,22.276192,-5.2338114
batch_02100_patch.tiff,patch_103,10.158045,6.1182737,12.009934,22.531265,-11.183499
batch_02100_patch.tiff,patch_104,13.796387,11.570979,13.7443695,27.445831,-9.405233
batch_02100_patch.tiff,patch_105,11.456631,8.433541,7.9445825,21.903242,-8.313428
batch_02100_patch.tiff,patch_106,14.860369,9.625185,14.604841,24.01113,-8.420138
batch_02100_patch.tiff,patch_107,15.288259,10.499227,13.812167,21.420574,-2.3466618
batch_02100_patch.tiff,patch_108,19.18273,12.025226,15.377678,23.717943,-3.5692499
batch_02100_patch.tiff,patch_109,14.456919,11.917929,7.8902564,25.334332,-1.1756483
batch_02100_patch.tiff,patch_110,12.745682,10.060095,2.5377574,21.98077,2.8422112
batch_02100_patch.tiff,patch_111,13.502281,10.031324,8.939055,20.598892,-5.9900904
batch_02100_patch.tiff,patch_112,12.886682,11.383363,12.70714,25.134392,-10.887667
batch_02100_patch.tiff,patch_113,14.005308,6.8199067,7.970851,20.608736,-2.7223058
batch_02100_patch.tiff,patch_114,11.964409,10.5477495,9.49735,23.401657,-8.317588
batch_02100_patch.tiff,patch_115,17.28893,6.9313383,12.772909,22.497087,-5.8923254
batch_02100_patch.tiff,patch_116,17.647192,6.344083,13.147333,19.654554,-3.074273
batch_02100_patch.tiff,patch_117,14.47041,9.425707,5.5970063,22.513464,0.19666757
batch_02100_patch.tiff,patch_118,14.697009,4.7257447,4.1605334,23.147873,-5.1668863
batch_02100_patch.tiff,patch_119,18.895348,9.592527,18.514029,21.089266,-9.99537
batch_02100_patch.tiff,patch_120,18.814142,13.695187,16.245344,21.491882,-10.198339
batch_02100_patch.tiff,patch_121,11.322391,10.059981,12.364838,27.43718,-8.488817
batch_02100_patch.tiff,patch_122,16.486813,6.660161,13.3597555,22.258356,-3.4191709
batch_02100_patch.tiff,patch_123,17.620056,8.865799,10.616507,25.416477,-2.9431803
batch_02100_patch.tiff,patch_124,19.274721,8.474737,14.634951,21.639416,-2.8400655
batch_02100_patch.tiff,patch_125,16.066835,6.981107,7.564119,22.44033,-4.4167027
batch_02100_patch.tiff,patch_126,10.449043,7.0957584,8.323316,19.624073,-11.54494
batch_02100_patch.tiff,patch_127,6.4963627,11.104192,6.8556046,18.394047,-9.075947
batch_02100_patch.tiff,patch_128,14.938585,8.646494,8.778968,21.503601,-9.958923
batch_02100_patch.tiff,patch_129,12.000137,13.58642,5.1132565,26.47773,-12.35511
batch_02100_patch.tiff,patch_130,17.515162,11.926389,12.618123,21.66348,-8.670637
batch_02100_patch.tiff,patch_131,15.264114,9.341248,8.177183,22.95044,-3.773655
batch_02100_patch.tiff,patch_132,19.841341,10.711794,11.728749,27.44964,-1.4195321
batch_02100_patch.tiff,patch_133,19.495659,10.3958025,15.737849,24.209612,-8.250651
batch_02100_patch.tiff,patch_134,15.731307,8.139174,16.245012,23.572409,-4.7190533
batch_02100_patch.tiff,patch_135,12.433774,7.585922,10.469072,22.38318,-5.684874
batch_02100_patch.tiff,patch_136,8.728898,4.743682,8.497074,20.312574,-12.739389
batch_02100_patch.tiff,patch_137,8.634633,8.751038,7.3043656,19.555052,-9.425112
batch_02100_patch.tiff,patch_138,5.818938,11.648501,0.85857224,21.66705,-9.009393
batch_02100_patch.tiff,patch_139,17.49365,9.581083,7.685378,25.530127,-9.82353
batch_02100_patch.tiff,patch_140,11.07278,12.78441,5.5537434,24.229176,-8.597647
batch_02100_patch.tiff,patch_141,14.489162,10.326589,12.783291,25.13113,-9.643712
batch_02100_patch.tiff,patch_142,14.984142,5.8173676,13.551616,20.044561,-6.5936475
batch_02100_patch.tiff,patch_143,19.77867,7.9362626,10.100252,20.626614,-3.5918941
batch_02100_patch.tiff,patch_144,12.046853,9.831082,8.815933,21.168293,-9.049068
batch_02100_patch.tiff,patch_145,9.654036,9.413664,9.904146,23.771767,-8.642629
batch_02100_patch.tiff,patch_146,10.441278,4.2344165,7.0944266,21.213488,-9.7129
batch_02100_patch.tiff,patch_147,11.027465,4.4826794,3.8070657,22.564444,-6.6821275
batch_02100_patch.tiff,patch_148,11.490356,13.448318,11.8434725,22.377642,-10.536841
batch_02100_patch.tiff,patch_149,12.693162,9.824773,9.502048,26.173946,-5.272126
batch_02100_patch.tiff,patch_150,18.9423,8.877225,11.131624,23.495924,-4.463762
batch_02100_patch.tiff,patch_151,19.82251,10.8765545,17.571024,21.167637,-4.9753156
batch_02100_patch.tiff,patch_152,15.219922,10.865521,8.279768,22.810495,-1.4841754
batch_02100_patch.tiff,patch_153,14.482145,8.676931,13.20588,22.831373,-2.9452686
batch_02100_patch.tiff,patch_154,16.053022,10.196175,13.734918,24.417234,-4.871594
batch_02100_patch.tiff,patch_155,14.412239,11.569434,12.925795,22.802128,-10.967593
batch_02100_patch.tiff,patch_156,10.863475,8.522011,9.518629,21.63732,-10.379786
batch_02100_patch.tiff,patch_157,11.2080765,5.141687,5.6199694,21.268124,-6.611893
batch_02100_patch.tiff,patch_158,6.275181,4.8195724,8.828828,19.593782,-14.79715
batch_02100_patch.tiff,patch_159,13.512692,9.780267,6.067132,24.247404,-8.350542
batch_02100_patch.tiff,patch_160,15.243997,11.903582,7.146562,25.283083,-2.5934973
batch_02100_patch.tiff,patch_161,14.5985565,10.777806,15.07819,23.000172,-6.498986
batch_02100_patch.tiff,patch_162,16.84699,12.080197,13.773884,20.427847,-8.759668
batch_02100_patch.tiff,patch_163,17.509384,10.908771,16.725204,21.112236,-4.3088446
batch_02100_patch.tiff,patch_164,12.921372,8.921337,14.325897,22.080343,-5.95891
batch_02100_patch.tiff,patch_165,8.483556,12.667443,7.141917,26.226852,-3.9826949
batch_02100_patch.tiff,patch_166,18.295355,7.154189,10.178266,21.36556,-3.9347773
batch_02100_patch.tiff,patch_167,11.206356,14.31478,6.1736746,20.51158,-3.637903
batch_02100_patch.tiff,patch_168,8.889602,10.661489,4.4141355,21.71477,-4.925637
batch_02100_patch.tiff,patch_169,19.57017,7.2719927,13.424314,21.112316,-5.2576065
batch_02100_patch.tiff,patch_170,16.002018,10.6221895,11.936355,20.432823,-6.26883
batch_02100_patch.tiff,patch_171,15.590888,11.609344,4.159125,23.383776,-4.9752717
batch_02100_patch.tiff,patch_172,11.449379,6.0127125,11.117936,26.989279,-12.073133
batch_02100_patch.tiff,patch_173,13.143439,9.919044,8.838106,28.136208,-8.165612
batch_02100_patch.tiff,patch_174,16.671507,11.006376,12.583322,23.31513,-7.089211
batch_02100_patch.tiff,patch_175,13.915142,9.167577,15.703568,22.055897,-6.953528
batch_02150_patch.tiff,patch_0,14.775801,8.698628,11.9988365,24.583914,-8.638015
batch_02150_patch.tiff,patch_1,13.528356,11.852259,17.025984,23.852615,-6.824474
batch_02150_patch.tiff,patch_2,11.148235,7.5163975,8.171153,22.656368,-6.7406945
batch_02150_patch.tiff,patch_3,12.344958,8.175678,12.195163,24.35912,-3.740263
batch_02150_patch.tiff,patch_4,4.8937025,6.6335373,9.316392,18.246359,-9.185556
batch_02150_patch.tiff,patch_5,18.49529,8.125486,14.334172,23.354069,-9.8621435
batch_02150_patch.tiff,patch_6,9.461243,6.187541,9.936332,17.00299,-3.6108544
batch_02150_patch.tiff,patch_7,12.404677,6.1960597,0.17596824,20.852228,-0.10456037
batch_02150_patch.tiff,patch_8,10.830795,10.608189,2.5060022,19.87065,-1.3112986
batch_02150_patch.tiff,patch_9,17.408764,8.825145,15.588211,22.905273,-4.6380234
batch_02150_patch.tiff,patch_10,14.130691,7.6449113,12.183673,21.686079,-5.6218867
batch_02150_patch.tiff,patch_11,3.9077137,10.845864,4.557026,26.09335,-8.929579
batch_02150_patch.tiff,patch_12,16.624025,8.258337,10.423163,20.675238,-2.6617212
batch_02150_patch.tiff,patch_13,13.2762575,6.7693663,10.363484,23.375664,-8.571747
batch_02150_patch.tiff,patch_14,8.915431,5.504579,9.08284,23.417362,-7.2049055
batch_02150_patch.tiff,patch_15,8.67583,5.3123355,5.911423,16.439083,-5.333333
batch_02150_patch.tiff,patch_16,9.067697,4.0078783,11.497497,17.31955,-7.7145295
batch_02150_patch.tiff,patch_17,11.00592,9.257427,9.205831,13.120867,-4.076746
batch_02150_patch.tiff,patch_18,10.004487,8.442884,9.194624,17.689236,-5.0816326
batch_02150_patch.tiff,patch_19,12.705935,10.198168,0.8069755,20.850939,0.08459445
batch_02150_patch.tiff,patch_20,10.795028,13.45214,1.681607,22.816442,0.041459415
batch_02150_patch.tiff,patch_21,13.34653,13.181804,11.897623,26.033833,-5.2520385
batch_02150_patch.tiff,patch_22,13.902595,10.421994,8.45834,24.535513,-2.598198
batch_02150_patch.tiff,patch_23,13.156626,8.530375,5.2976456,17.884546,-6.7283206
batch_02150_patch.tiff,patch_24,18.72518,11.899814,7.3240914,26.549417,-6.3884463
batch_02150_patch.tiff,patch_25,9.967004,11.183404,10.302205,28.388851,-6.983737
batch_02150_patch.tiff,patch_26,8.2182665,12.0801,4.5006733,25.993998,-5.682663
batch_02150_patch.tiff,patch_27,10.294754,10.405908,11.511896,22.021421,-11.547283
batch_02150_patch.tiff,patch_28,13.3906,7.2551265,13.150821,16.86808,-1.8166387
batch_02150_patch.tiff,patch_29,11.989281,4.1383924,12.191676,17.441153,-3.1706674
batch_02150_patch.tiff,patch_30,9.864691,11.155127,1.2029741,23.199108,0.9070667
batch_02150_patch.tiff,patch_31,14.018503,10.00533,5.9462986,21.000128,0.11137168
batch_02150_patch.tiff,patch_32,14.181686,6.721338,15.02912,20.239544,-8.399409
batch_02150_patch.tiff,patch_33,12.5722885,10.401151,13.261714,21.48242,-2.7742367
batch_02150_patch.tiff,patch_34,8.022193,10.379214,-1.2175905,23.011763,-9.202802
batch_02150_patch.tiff,patch_35,14.757086,8.374023,8.802609,23.225445,-3.8955934
batch_02150_patch.tiff,patch_36,15.676471,11.475233,13.950696,23.560932,-6.2114787
batch_02150_patch.tiff,patch_37,7.0025063,13.862824,4.3788795,25.985783,-6.5559335
batch_02150_patch.tiff,patch_38,11.275253,12.039444,14.635525,25.64149,-6.1207614
batch_02150_patch.tiff,patch_39,13.578946,5.2308526,5.80334,15.738282,-0.20582089
batch_02150_patch.tiff,patch_40,4.279285,6.6174417,4.538347,16.98845,-1.3337308
batch_02150_patch.tiff,patch_41,12.879859,9.761977,3.037871,20.976007,0.7711874
batch_02150_patch.tiff,patch_42,15.36197,8.909634,-1.865791,18.692953,2.834218
batch_02150_patch.tiff,patch_43,16.483763,7.4783573,10.240401,18.120821,0.49492362
batch_02150_patch.tiff,patch_44,15.4494505,9.563662,10.048479,24.269604,-8.498115
batch_02150_patch.tiff,patch_45,15.159758,8.989112,1.5218803,21.339067,-6.52595
batch_02150_patch.tiff,patch_46,12.371458,9.990408,10.488477,27.645563,-4.1944165
batch_02150_patch.tiff,patch_47,12.633408,16.743721,8.586402,28.667288,-2.6838624
batch_02150_patch.tiff,patch_48,14.318995,5.299464,12.894009,26.791393,-14.602218
batch_02150_patch.tiff,patch_49,13.255485,16.22298,9.356339,24.736332,-7.4736266
batch_02150_patch.tiff,patch_50,19.3603,15.635531,16.386606,23.952621,-0.42662296
batch_02150_patch.tiff,patch_51,14.157305,9.58364,11.800221,23.078035,-6.308545
batch_02150_patch.tiff,patch_52,11.931364,5.5974545,4.9905715,20.91175,2.009981
batch_02150_patch.tiff,patch_53,10.935475,5.137148,1.863564,19.97551,2.1400201
batch_02150_patch.tiff,patch_54,11.253324,7.125283,0.19516502,16.042955,8.0280285
batch_02150_patch.tiff,patch_55,8.631624,5.9389024,-2.983697,19.065887,1.1881137
batch_02150_patch.tiff,patch_56,11.254228,7.538234,-1.3945503,18.286564,0.035872854
batch_02150_patch.tiff,patch_57,14.093432,14.8956,6.871323,28.72391,0.01010905
batch_02150_patch.tiff,patch_58,14.054126,10.595634,13.200874,25.471655,-4.6718135
batch_02150_patch.tiff,patch_59,16.104496,8.378883,3.5932038,22.269297,-7.154085
batch_02150_patch.tiff,patch_60,12.209402,8.303032,3.529876,24.367983,-13.095085
batch_02150_patch.tiff,patch_61,16.597345,12.318859,13.444624,23.144958,-6.994405
batch_02150_patch.tiff,patch_62,17.11589,8.325895,14.97496,22.67968,-4.1782265
batch_02150_patch.tiff,patch_63,11.488817,10.414031,2.7609477,22.337091,3.4849212
batch_02150_patch.tiff,patch_64,13.292626,4.4527574,8.082084,22.224323,-0.18535198
batch_02150_patch.tiff,patch_65,12.689017,6.013013,-0.5942291,18.34725,2.7810593
batch_02150_patch.tiff,patch_66,11.015149,6.847764,1.9760838,19.027105,4.1801972
batch_02150_patch.tiff,patch_67,9.246043,9.44087,4.1049876,17.972477,-7.4056525
batch_02150_patch.tiff,patch_68,16.843489,8.413955,14.933485,20.475395,-6.2158833
batch_02150_patch.tiff,patch_69,17.58186,12.510293,11.7712,22.982973,-5.266726
batch_02150_patch.tiff,patch_70,11.367095,8.014381,2.25931,25.426912,-9.270737
batch_02150_patch.tiff,patch_71,15.534577,11.960911,8.163359,27.986603,-9.6491375
batch_02150_patch.tiff,patch_72,13.606684,6.7481623,13.148315,18.059122,-1.6879889
batch_02150_patch.tiff,patch_73,13.387729,6.757754,11.53168,17.70377,-1.9431108
batch_02150_patch.tiff,patch_74,10.145219,8.020459,0.10401276,18.019487,0.9494444
batch_02150_patch.tiff,patch_75,10.871795,5.790349,-4.385085,18.25069,-2.0171952
batch_02150_patch.tiff,patch_76,4.6347837,8.797985,8.657742,19.931953,-7.425138
batch_02150_patch.tiff,patch_77,12.899143,7.7218337,13.94567,19.004782,-7.011069
batch_02150_patch.tiff,patch_78,16.847095,7.9734015,12.29912,21.412287,-9.259918
batch_02150_patch.tiff,patch_79,11.038008,10.037836,6.948332,22.670687,-7.9402804
batch_02150_patch.tiff,patch_80,11.822727,6.6052713,10.466778,21.746971,-8.631553
batch_02150_patch.tiff,patch_81,9.155993,8.922723,7.978015,17.12433,-5.673072
batch_02150_patch.tiff,patch_82,9.979931,12.7513275,11.742902,16.599707,-2.5797756
batch_02150_patch.tiff,patch_83,13.279993,11.004667,0.6951635,22.120987,2.8322597
batch_02150_patch.tiff,patch_84,12.679426,7.0684667,0.00039447623,20.818901,-1.9963274
batch_02150_patch.tiff,patch_85,12.969827,9.397062,6.0997777,19.857594,-4.0318923
batch_02150_patch.tiff,patch_86,13.080815,10.28295,11.412782,21.862518,-6.080255
batch_02150_patch.tiff,patch_87,15.92622,9.219277,12.341349,24.385794,-5.770574
batch_02150_patch.tiff,patch_88,11.868612,16.540436,8.107165,22.077818,-6.6135297
batch_02150_patch.tiff,patch_89,10.625118,7.980028,12.666916,21.972658,-9.028105
batch_02150_patch.tiff,patch_90,16.157717,14.780337,13.808616,24.601412,-5.3533454
batch_02150_patch.tiff,patch_91,11.156091,12.502147,11.296163,23.746782,-3.9938161
batch_02150_patch.tiff,patch_92,15.115631,11.199882,12.803644,18.459946,-4.21651
batch_02150_patch.tiff,patch_93,12.846387,13.262266,8.919933,20.755796,-1.7807035
batch_02150_patch.tiff,patch_94,9.077658,4.513134,1.434614,18.170427,-13.803427
batch_02150_patch.tiff,patch_95,9.775383,4.080861,-1.3386866,18.823284,3.1019278
batch_02150_patch.tiff,patch_96,18.2294,12.12776,9.023957,19.61455,-9.119192
batch_02150_patch.tiff,patch_97,9.740362,7.1536207,5.1104527,19.620037,-7.5706544
batch_02150_patch.tiff,patch_98,11.621122,12.77494,7.1538267,26.403486,-7.5770082
batch_02150_patch.tiff,patch_99,12.448704,12.486214,8.250027,26.298874,-5.43715
batch_02150_patch.tiff,patch_100,16.680067,11.009386,15.280178,22.43609,-8.12278
batch_02150_patch.tiff,patch_101,14.899696,11.453245,12.151511,25.7804,-6.715751
batch_02150_patch.tiff,patch_102,16.7558,17.078682,8.656441,22.591135,-9.677001
batch_02150_patch.tiff,patch_103,13.810101,10.8064375,13.818423,23.145512,-8.381105
batch_02150_patch.tiff,patch_104,12.329449,9.618473,6.924405,20.044207,1.3845131
batch_02150_patch.tiff,patch_105,12.540437,10.904254,8.010788,21.71291,2.2090273
batch_02150_patch.tiff,patch_106,13.590513,7.6475387,-4.8563633,19.703941,-3.8140643
batch_02150_patch.tiff,patch_107,11.610028,5.970681,2.2628756,20.139545,1.3176848
batch_02150_patch.tiff,patch_108,11.371456,9.364497,6.8499074,18.895388,-9.029235
batch_02150_patch.tiff,patch_109,18.074379,9.908215,11.539768,24.794802,-3.830437
batch_02150_patch.tiff,patch_110,16.425123,11.411555,12.66887,22.529663,-5.0895147
batch_02150_patch.tiff,patch_111,16.752497,12.45526,12.503576,27.617756,-5.1644435
batch_02150_patch.tiff,patch_112,16.440191,11.891255,9.65208,23.767302,-4.219265
batch_02150_patch.tiff,patch_113,15.284894,7.173555,14.148453,22.18269,-8.6860285
batch_02150_patch.tiff,patch_114,7.988392,3.4374099,2.9717958,18.417185,-1.1114112
batch_02150_patch.tiff,patch_115,17.484333,10.76177,15.306305,24.21585,-4.976853
batch_02150_patch.tiff,patch_116,16.571903,9.532665,18.116117,22.060148,-7.015329
batch_02150_patch.tiff,patch_117,10.511118,5.8815117,-3.7970264,17.319569,5.4422393
batch_02150_patch.tiff,patch_118,13.2679,10.381075,1.591704,18.875145,0.058349054
batch_02150_patch.tiff,patch_119,12.568739,1.9230506,3.155988,13.08473,-2.966969
batch_02150_patch.tiff,patch_120,13.2039995,5.652538,2.7570481,17.31088,3.993818
batch_02150_patch.tiff,patch_121,13.827742,8.281361,13.368054,23.892,-5.5102434
batch_02150_patch.tiff,patch_122,19.182941,11.400609,17.16696,19.796106,-7.1170735
batch_02150_patch.tiff,patch_123,13.317449,10.126273,6.211426,27.145704,-9.142876
batch_02150_patch.tiff,patch_124,15.879474,12.48569,9.461834,27.019804,-7.7197876
batch_02150_patch.tiff,patch_125,8.134259,14.935677,7.2422915,23.26787,-8.019742
batch_02150_patch.tiff,patch_126,11.234597,8.731081,11.230687,19.092634,-8.637092
batch_02150_patch.tiff,patch_127,18.934132,9.698708,18.36447,22.578535,-7.2808523
batch_02150_patch.tiff,patch_128,16.271467,8.106652,17.146177,21.529194,-8.028293
batch_02150_patch.tiff,patch_129,11.2957535,9.716981,-0.31636924,19.107738,2.321028
batch_02150_patch.tiff,patch_130,14.416095,7.3914413,6.3615665,20.259592,-6.180974
batch_02150_patch.tiff,patch_131,4.6028543,6.689713,-4.0106125,14.666528,-3.8424926
batch_02150_patch.tiff,patch_132,11.524329,4.7021203,-4.017242,19.029308,0.19937551
batch_02150_patch.tiff,patch_133,19.160215,12.261414,14.664907,22.242182,-1.6576581
batch_02150_patch.tiff,patch_134,16.2291,11.731559,14.184605,24.151411,-6.67469
batch_02150_patch.tiff,patch_135,13.689094,10.033495,10.4248705,24.475267,-3.2604222
batch_02150_patch.tiff,patch_136,11.385592,11.825385,6.6424427,27.602152,-5.959481
batch_02150_patch.tiff,patch_137,6.2134438,16.821997,2.0899212,22.210318,0.39707184
batch_02150_patch.tiff,patch_138,9.186791,1.8064095,4.501977,17.925833,-0.6992795
batch_02150_patch.tiff,patch_139,10.746222,8.553797,4.025911,18.98038,-0.47431847
batch_02150_patch.tiff,patch_140,10.136468,2.664362,-0.73829156,15.962512,-11.541549
batch_02150_patch.tiff,patch_141,11.283705,6.150705,3.593545,17.394396,-4.4410806
batch_02150_patch.tiff,patch_142,9.090221,3.185674,-1.0327126,15.721286,-10.1163225
batch_02150_patch.tiff,patch_143,14.270477,6.6496873,13.397153,23.221188,-8.125845
batch_02150_patch.tiff,patch_144,17.811749,7.6944127,17.611544,21.572432,-10.678496
batch_02150_patch.tiff,patch_145,13.0404215,11.318199,9.070263,22.629215,-3.292536
batch_02150_patch.tiff,patch_146,17.715473,9.850609,17.15341,24.200874,-3.0464027
batch_02150_patch.tiff,patch_147,10.737147,6.6419106,2.670077,19.567995,0.9165621
batch_02150_patch.tiff,patch_148,14.06579,9.320945,1.8648502,17.028673,-3.5221767
batch_02150_patch.tiff,patch_149,12.2843,5.892748,2.8985913,19.634972,-5.946543
batch_02150_patch.tiff,patch_150,9.904619,4.6595325,-2.7467206,17.466698,-7.5256796
batch_02150_patch.tiff,patch_151,18.289682,13.822277,16.226627,23.577356,-6.0401044
batch_02150_patch.tiff,patch_152,16.854372,7.929347,16.261477,18.485672,-7.6557813
batch_02150_patch.tiff,patch_153,11.67624,8.053003,3.7418497,21.258204,-0.03686912
batch_02150_patch.tiff,patch_154,9.616344,8.3512125,-2.3628335,19.127535,-2.7955816
batch_02150_patch.tiff,patch_155,10.784576,5.48025,-0.9933435,19.822132,4.17427
batch_02150_patch.tiff,patch_156,10.61675,7.824696,1.8145071,19.989727,4.813588
batch_02150_patch.tiff,patch_157,10.015055,7.9146314,0.24513252,21.150919,1.3879058
batch_02150_patch.tiff,patch_158,14.329877,5.1643457,0.6032583,17.920477,-4.3889017
batch_02150_patch.tiff,patch_159,13.784476,10.786273,7.0553412,20.577412,-11.5036955
batch_02150_patch.tiff,patch_160,18.043306,8.8797865,1.2642611,19.580292,-4.15649
batch_02200_patch.tiff,patch_0,10.531085,7.783069,7.938174,20.600174,-2.396098
batch_02200_patch.tiff,patch_1,14.5684,6.8856177,7.3445654,17.507607,-0.78801227
batch_02200_patch.tiff,patch_2,10.365881,12.910584,6.233365,20.363024,-4.134184
batch_02200_patch.tiff,patch_3,15.554128,8.969098,11.533218,22.50738,-12.067686
batch_02200_patch.tiff,patch_4,7.406659,4.6145363,8.196257,16.50231,-7.1060104
batch_02200_patch.tiff,patch_5,15.091077,7.751767,16.959082,23.25776,-9.775741
batch_02200_patch.tiff,patch_6,14.021485,9.004612,15.674087,19.716087,-6.3685403
batch_02200_patch.tiff,patch_7,13.221396,10.418798,5.6626863,21.419388,-6.0315757
batch_02200_patch.tiff,patch_8,14.824716,10.919861,4.023912,23.210285,-10.726885
batch_02200_patch.tiff,patch_9,15.403662,11.965938,7.419011,20.32067,-8.926422
batch_02200_patch.tiff,patch_10,10.762687,6.950094,15.533761,19.75925,-8.08334
batch_02200_patch.tiff,patch_11,15.568318,10.742875,13.650234,24.045956,-8.0775585
batch_02200_patch.tiff,patch_12,13.223632,6.880896,13.389184,22.102737,-3.9641433
batch_02200_patch.tiff,patch_13,7.9530034,9.3868885,7.0640254,26.198261,-4.4933944
batch_02200_patch.tiff,patch_14,5.458001,-0.1460557,6.0414014,16.839018,-5.1154375
batch_02200_patch.tiff,patch_15,12.865831,7.767453,13.131685,21.778112,-7.5973377
batch_02200_patch.tiff,patch_16,17.317898,8.146864,10.750148,20.187563,-4.319901
batch_02200_patch.tiff,patch_17,11.472757,7.1993513,5.835777,18.33284,-9.186876
batch_02200_patch.tiff,patch_18,11.585698,8.356079,6.5125136,20.251451,-8.893878
batch_02200_patch.tiff,patch_19,14.236164,5.5719256,7.647261,17.316721,-8.587853
batch_02200_patch.tiff,patch_20,11.79387,7.560814,3.6261082,21.078485,-11.026692
batch_02200_patch.tiff,patch_21,16.451601,12.191038,10.627031,22.518097,-12.739514
batch_02200_patch.tiff,patch_22,18.959045,10.156596,8.970606,25.063696,-12.955086
batch_02200_patch.tiff,patch_23,4.9020696,5.78556,8.740134,19.759201,-8.170782
batch_02200_patch.tiff,patch_24,11.777806,2.6783645,9.555394,20.085535,-7.262905
batch_02200_patch.tiff,patch_25,14.097699,7.4652977,10.111388,15.674903,-9.180586
batch_02200_patch.tiff,patch_26,11.9176655,6.011635,11.875715,20.780466,-13.51319
batch_02200_patch.tiff,patch_27,15.843703,11.46979,8.732971,21.55228,-9.037381
batch_02200_patch.tiff,patch_28,11.74884,7.3846555,4.3865657,17.331852,-6.441144
batch_02200_patch.tiff,patch_29,8.597729,5.5510902,-0.62433904,17.53049,-3.9601505
batch_02200_patch.tiff,patch_30,5.5257897,10.008526,0.4828911,14.135157,-13.812415
batch_02200_patch.tiff,patch_31,11.279019,12.854654,7.0803742,19.58008,-13.037925
batch_02200_patch.tiff,patch_32,10.542465,8.178467,3.7700806,23.063532,-4.0157747
batch_02200_patch.tiff,patch_33,10.065115,7.5652614,4.282749,23.95394,-7.1831555
batch_02200_patch.tiff,patch_34,19.35427,10.314095,14.411685,17.909134,-8.994639
batch_02200_patch.tiff,patch_35,17.669912,8.26279,5.917778,24.19647,-15.195381
batch_02200_patch.tiff,patch_36,17.449406,10.811376,12.908011,24.749813,-16.28187
batch_02200_patch.tiff,patch_37,10.348712,4.4122643,1.0707055,20.677944,-9.451031
batch_02200_patch.tiff,patch_38,9.649706,6.3139853,-1.263192,17.372068,-9.8486185
batch_02200_patch.tiff,patch_39,8.398259,7.4520454,-0.30420047,19.353851,-6.8091626
batch_02200_patch.tiff,patch_40,8.6356125,3.4794111,-0.67000335,16.094608,-3.002557
batch_02200_patch.tiff,patch_41,12.744215,6.6408067,11.63055,22.82687,-4.171786
batch_02200_patch.tiff,patch_42,15.692474,10.866976,15.805948,23.811623,-8.803205
batch_02200_patch.tiff,patch_43,9.431867,3.989471,5.8956428,21.886322,-7.4906774
batch_02200_patch.tiff,patch_44,9.739606,4.8813915,8.548304,22.200249,-7.076269
batch_02200_patch.tiff,patch_45,7.677408,6.983629,6.916217,21.58411,-11.451206
batch_02200_patch.tiff,patch_46,14.32247,11.800831,14.130983,21.182467,-4.221607
batch_02200_patch.tiff,patch_47,9.67725,6.6880355,1.0408788,20.04785,-11.1185055
batch_02200_patch.tiff,patch_48,15.94424,4.1935487,3.948852,20.50517,-9.404462
batch_02200_patch.tiff,patch_49,8.387421,8.44713,-1.9788512,18.884716,-4.9510713
batch_02200_patch.tiff,patch_50,8.949964,6.153085,1.6563216,17.66795,-2.3650968
batch_02200_patch.tiff,patch_51,16.322508,8.164967,15.275157,23.192904,-4.100882
batch_02200_patch.tiff,patch_52,15.216709,7.3001313,14.118706,21.818216,-5.164613
batch_02200_patch.tiff,patch_53,11.145551,3.890025,9.681554,21.05968,-6.069402
batch_02200_patch.tiff,patch_54,12.282338,3.4735477,6.1155305,17.936182,-4.7388053
batch_02200_patch.tiff,patch_55,4.674245,3.1726074,1.5749204,17.976707,-7.589101
batch_02200_patch.tiff,patch_56,13.55035,14.3073845,6.5642805,21.262363,-12.308317
batch_02200_patch.tiff,patch_57,13.628305,3.3185465,0.6917282,18.945982,-11.174989
batch_02200_patch.tiff,patch_58,8.57154,5.304721,-1.0498415,18.471605,-6.912211
batch_02200_patch.tiff,patch_59,10.879015,7.0406885,-2.1313803,17.996569,-3.4459863
batch_02200_patch.tiff,patch_60,9.99352,6.5601773,-2.6783812,18.620378,-3.117635
batch_02200_patch.tiff,patch_61,11.119463,15.037465,5.54511,14.533182,-12.068815
batch_02200_patch.tiff,patch_62,8.176898,12.275126,8.330826,20.585297,-9.82284
batch_02200_patch.tiff,patch_63,10.300872,12.425185,4.584742,22.997133,-1.0162854
batch_02200_patch.tiff,patch_64,13.457575,2.1331918,5.7627935,15.226471,-6.4477677
batch_02200_patch.tiff,patch_65,11.106313,4.8547077,1.9459606,19.728283,-0.1218337
batch_02200_patch.tiff,patch_66,10.588085,7.4672446,2.5625377,18.429497,0.94246334
batch_02200_patch.tiff,patch_67,13.109524,5.582153,14.639693,17.285381,-6.5919137
batch_02200_patch.tiff,patch_68,11.989108,3.298134,14.666958,18.260452,-6.589966
batch_02200_patch.tiff,patch_69,18.352568,6.6730466,13.790436,21.799314,-3.4393048
batch_02200_patch.tiff,patch_70,10.644558,8.043978,-3.1789203,20.532736,1.308074
batch_02200_patch.tiff,patch_71,9.539005,7.2728767,-0.5164757,16.97411,0.28511032
batch_02200_patch.tiff,patch_72,10.805395,7.7453656,8.782854,21.25795,-1.2608187
batch_02200_patch.tiff,patch_73,9.811824,11.394964,7.3773775,18.858498,-9.770825
batch_02200_patch.tiff,patch_74,12.649318,6.4281416,7.866935,19.10286,-3.9957674
batch_02200_patch.tiff,patch_75,11.904135,4.1996593,5.2243624,19.695417,-6.1327667
batch_02200_patch.tiff,patch_76,12.536925,6.342639,2.9189012,19.789364,-0.5264924
batch_02200_patch.tiff,patch_77,11.148928,4.4249377,0.6467,17.512571,1.1897216
batch_02200_patch.tiff,patch_78,9.103482,10.765294,10.978077,20.18035,-5.426084
batch_02200_patch.tiff,patch_79,13.946591,5.8520193,17.579369,20.919416,-10.193119
batch_02200_patch.tiff,patch_80,11.480538,9.541097,14.356501,25.46574,-6.0280585
batch_02200_patch.tiff,patch_81,10.372127,4.4177356,-1.1382623,18.83826,-2.398569
batch_02200_patch.tiff,patch_82,9.042491,5.7627597,-5.580969,19.627176,2.0999463
batch_02200_patch.tiff,patch_83,10.061761,5.543922,5.2156925,19.271212,-7.7821774
batch_02200_patch.tiff,patch_84,3.6348069,6.0754824,3.9877908,13.73328,-8.642799
batch_02200_patch.tiff,patch_85,10.033726,7.1904955,3.030938,22.549622,-3.2446678
batch_02200_patch.tiff,patch_86,7.471205,11.100793,2.775915,23.911444,-4.840582
batch_02200_patch.tiff,patch_87,8.192726,3.809245,-1.4736811,18.688398,4.77534
batch_02200_patch.tiff,patch_88,7.4235353,5.7242775,-1.8442636,16.471794,-1.0266331
batch_02200_patch.tiff,patch_89,12.3286085,4.1063104,2.856571,19.025597,-11.581287
batch_02200_patch.tiff,patch_90,11.4486685,7.1166506,11.947118,18.208387,-7.7358046
batch_02200_patch.tiff,patch_91,11.077754,8.237175,0.37861422,19.060505,-5.405423
batch_02200_patch.tiff,patch_92,10.562813,7.87028,1.6933185,18.600471,-10.313783
batch_02200_patch.tiff,patch_93,10.466653,3.7400103,-4.931065,16.498442,-1.9992752
batch_02200_patch.tiff,patch_94,8.868729,7.2549057,-5.1696563,17.552465,0.9300169
batch_02200_patch.tiff,patch_95,4.807411,6.076208,3.2404423,16.964632,-9.906611
batch_02200_patch.tiff,patch_96,2.4826715,7.4643965,3.3232725,14.753582,-8.88556
batch_02200_patch.tiff,patch_97,8.9363365,5.798597,5.512473,18.247837,-6.960958
batch_02200_patch.tiff,patch_98,9.113113,5.1746507,1.6277329,18.231367,1.252882
batch_02200_patch.tiff,patch_99,13.115871,6.982882,0.7361752,18.68002,3.8374765
batch_02200_patch.tiff,patch_100,10.540502,4.112608,8.356861,22.174646,-9.779917
batch_02200_patch.tiff,patch_101,13.267634,16.248066,4.1310678,22.585306,1.9137343
batch_02200_patch.tiff,patch_102,11.743586,6.932595,2.6529038,18.510778,-7.278794
batch_02200_patch.tiff,patch_103,11.661535,7.170136,-0.4614627,18.558784,-7.1122975
batch_02200_patch.tiff,patch_104,9.854198,3.6373048,-3.4220245,16.475811,-1.0791967
batch_02200_patch.tiff,patch_105,8.871909,5.374361,-1.2539452,18.53903,-3.638383
batch_02200_patch.tiff,patch_106,6.8467665,5.310584,7.458075,19.49056,-9.297519
batch_02200_patch.tiff,patch_107,8.967316,7.3973308,3.8498478,19.31273,-8.608704
batch_02200_patch.tiff,patch_108,17.047491,8.554704,12.340143,23.926905,-6.469431
batch_02200_patch.tiff,patch_109,15.996927,5.681994,9.8087845,23.093575,-4.995515
batch_02200_patch.tiff,patch_110,11.322078,5.0568757,2.149627,15.375374,0.5214939
batch_02200_patch.tiff,patch_111,11.761045,3.918334,3.994717,19.730124,-0.22034045
batch_02200_patch.tiff,patch_112,13.16141,10.876712,5.470568,19.453985,-8.381024
batch_02200_patch.tiff,patch_113,17.046051,7.838467,3.6655421,23.026655,-4.3951583
batch_02200_patch.tiff,patch_114,12.544504,9.060819,-1.5260782,18.215609,-4.374009
batch_02200_patch.tiff,patch_115,11.34301,8.002904,1.2089182,17.78612,-3.745225
batch_02200_patch.tiff,patch_116,4.3325243,5.0408463,4.8196287,15.183298,-7.988119
batch_02200_patch.tiff,patch_117,-0.22037938,3.979531,3.0472176,12.548751,-7.032046
batch_02200_patch.tiff,patch_118,12.344788,7.314368,14.5548115,21.682728,-8.745082
batch_02200_patch.tiff,patch_119,15.19357,8.337677,12.228471,22.304976,-3.4786859
batch_02200_patch.tiff,patch_120,10.627612,6.197877,1.0700344,20.153692,1.9454155
batch_02200_patch.tiff,patch_121,11.741728,7.1494136,2.79649,18.231024,2.476936
batch_02200_patch.tiff,patch_122,11.148036,10.3308325,8.616086,18.820536,-13.285555
batch_02200_patch.tiff,patch_123,14.933715,9.96662,7.770828,20.660448,-7.8249774
batch_02200_patch.tiff,patch_124,13.245958,6.9205327,4.751463,17.891155,-8.320949
batch_02200_patch.tiff,patch_125,11.191846,4.1433706,-0.60642534,17.626705,-7.877803
batch_02200_patch.tiff,patch_126,10.719251,5.938904,4.8578186,21.429747,-6.817457
batch_02200_patch.tiff,patch_127,2.4865654,5.01395,1.6999336,16.972479,-10.969701
batch_02200_patch.tiff,patch_128,8.869003,9.618603,4.694732,22.830202,-7.7419333
batch_02200_patch.tiff,patch_129,9.623703,5.0269136,-0.9325098,15.585208,2.852323
batch_02200_patch.tiff,patch_130,10.598448,6.740816,2.715901,21.169537,-1.6506335
batch_02200_patch.tiff,patch_131,14.80581,5.9518533,4.4085226,19.317934,-4.6726604
batch_02200_patch.tiff,patch_132,10.162071,8.791899,5.5013065,22.066042,-4.7003245
batch_02200_patch.tiff,patch_133,12.506591,4.289988,-1.6600871,15.567836,-3.9234397
batch_02200_patch.tiff,patch_134,10.100233,3.9560995,-0.18668486,18.82566,-4.4270372
batch_02200_patch.tiff,patch_135,18.764408,6.4006557,6.3634944,18.53481,-2.098501
batch_02200_patch.tiff,patch_136,16.07182,6.5786605,6.732517,22.310673,-3.5071814
batch_02200_patch.tiff,patch_137,5.123099,3.9971483,5.5122137,16.905922,-9.100124
batch_02200_patch.tiff,patch_138,3.1559641,4.8438907,5.895104,15.7603,-7.340475
batch_02200_patch.tiff,patch_139,7.4275284,10.579667,6.022741,24.215008,-8.536416
batch_02200_patch.tiff,patch_140,7.414759,11.340985,10.14108,26.142887,-9.9541235
batch_02200_patch.tiff,patch_141,11.236764,3.2328703,-1.3684435,19.49462,2.099083
batch_02200_patch.tiff,patch_142,11.063326,3.4752388,0.06477214,18.195528,1.53976
batch_02200_patch.tiff,patch_143,12.432287,9.693914,4.9336934,23.638695,-2.9397788
batch_02200_patch.tiff,patch_144,13.113125,11.205727,4.5529537,20.214798,-2.1557975
batch_02200_patch.tiff,patch_145,7.335196,7.1188316,-1.3758072,19.75973,-8.520313
batch_02200_patch.tiff,patch_146,17.015636,9.062486,7.04017,20.14098,-6.073632
batch_02200_patch.tiff,patch_147,20.995403,9.555836,8.135388,26.332155,-2.1214285
batch_02200_patch.tiff,patch_148,16.591928,6.812413,2.9904766,24.486519,-0.53795624
batch_02200_patch.tiff,patch_149,14.476781,3.408105,15.114932,19.362858,-8.482249
batch_02200_patch.tiff,patch_150,13.135178,2.0152657,17.138102,15.780026,-7.9068227
batch_02200_patch.tiff,patch_151,13.6795635,7.8851967,13.599343,20.968029,-14.783779
batch_02200_patch.tiff,patch_152,15.215455,7.712951,4.3175473,16.314085,-9.584374
batch_02200_patch.tiff,patch_153,15.255487,7.0943074,6.127329,17.444353,-5.0637465
batch_02200_patch.tiff,patch_154,12.60534,5.1324964,9.207087,20.18543,-11.122515
batch_02200_patch.tiff,patch_155,12.814693,7.451709,2.3877692,20.197039,-7.949665
batch_02250_patch.tiff,patch_0,11.16189,11.514976,12.825618,20.181969,-8.612785
batch_02250_patch.tiff,patch_1,7.548257,7.6587496,4.1601315,18.295696,-1.9245232
batch_02250_patch.tiff,patch_2,10.699118,9.625445,8.357657,19.700363,-13.477579
batch_02250_patch.tiff,patch_3,15.080064,11.2786455,10.415539,19.68844,-12.407341
batch_02250_patch.tiff,patch_4,13.204535,10.247471,-2.8829312,20.53673,4.974241
batch_02250_patch.tiff,patch_5,9.301344,11.892032,1.9100529,23.877563,3.170046
batch_02250_patch.tiff,patch_6,5.7972994,3.7742999,7.4194026,14.108008,-9.745265
batch_02250_patch.tiff,patch_7,3.2977495,5.0421677,5.4857,16.447842,-5.207058
batch_02250_patch.tiff,patch_8,19.152437,10.089089,10.484368,23.10983,-3.4964688
batch_02250_patch.tiff,patch_9,10.410751,6.895778,0.20729665,22.004732,-1.9599854
batch_02250_patch.tiff,patch_10,7.643949,11.268061,5.847123,18.777542,0.54084796
batch_02250_patch.tiff,patch_11,8.764253,7.717275,7.332701,21.62532,-0.21714287
batch_02250_patch.tiff,patch_12,10.569633,3.0455427,14.279139,19.201645,-8.019393
batch_02250_patch.tiff,patch_13,20.019245,14.134292,5.54899,23.963116,-7.9418125
batch_02250_patch.tiff,patch_14,14.616621,6.40247,4.610389,19.225325,-1.634542
batch_02250_patch.tiff,patch_15,14.524994,9.663967,-1.2354794,21.982525,4.083162
batch_02250_patch.tiff,patch_16,6.068909,9.7200775,0.5146639,22.58175,-0.7390309
batch_02250_patch.tiff,patch_17,5.9396663,9.207829,0.95467716,16.986925,-0.33527157
batch_02250_patch.tiff,patch_18,5.0583134,5.67416,3.202875,16.19552,-4.3674545
batch_02250_patch.tiff,patch_19,18.991135,8.478454,8.208968,24.388256,2.2186208
batch_02250_patch.tiff,patch_20,17.006447,8.2744665,5.291072,23.455128,-3.3533244
batch_02250_patch.tiff,patch_21,8.099124,12.784079,9.125974,18.125181,-3.7767818
batch_02250_patch.tiff,patch_22,7.5482907,3.818199,10.69674,20.028618,-8.899783
batch_02250_patch.tiff,patch_23,4.305579,7.3123217,11.493243,18.273638,-6.800718
batch_02250_patch.tiff,patch_24,9.1483755,2.852696,3.2268748,19.941164,-5.4115877
batch_02250_patch.tiff,patch_25,9.554892,7.020797,4.61429,23.922312,-12.391223
batch_02250_patch.tiff,patch_26,16.377447,7.0987105,1.6120956,18.89701,-4.964257
batch_02250_patch.tiff,patch_27,11.951614,8.532921,1.5937811,16.170946,5.042471
batch_02250_patch.tiff,patch_28,13.384777,10.868592,1.868464,18.444666,2.2569523
batch_02250_patch.tiff,patch_29,7.40747,11.135779,2.2051256,18.02422,-1.3240087
batch_02250_patch.tiff,patch_30,4.642562,14.283716,-1.2196296,19.80622,0.69357425
batch_02250_patch.tiff,patch_31,6.4347124,6.9016867,0.7067341,19.955355,-0.4150966
batch_02250_patch.tiff,patch_32,3.7709892,7.696505,4.0811377,16.967077,-3.2285328
batch_02250_patch.tiff,patch_33,13.433424,4.176586,3.2498963,15.634734,-2.9865284
batch_02250_patch.tiff,patch_34,7.611805,9.80448,6.4562526,22.528456,-8.624959
batch_02250_patch.tiff,patch_35,2.8520122,2.3105295,3.1555862,21.125488,-2.3196385
batch_02250_patch.tiff,patch_36,9.944755,5.9615583,8.450664,18.13436,-11.963364
batch_02250_patch.tiff,patch_37,12.779206,4.348904,10.8432665,23.329838,-12.202459
batch_02250_patch.tiff,patch_38,17.590395,7.392911,5.9592376,21.057032,-8.960745
batch_02250_patch.tiff,patch_39,10.848389,11.189512,3.2331126,16.799765,1.1602021
batch_02250_patch.tiff,patch_40,13.938157,7.6662946,4.946603,18.612514,2.7687597
batch_02250_patch.tiff,patch_41,7.0664444,12.953897,6.116311,18.938131,-1.7010554
batch_02250_patch.tiff,patch_42,6.938419,12.445437,2.4178388,17.548126,-1.7925781
batch_02250_patch.tiff,patch_43,6.5902143,10.3993,9.571901,19.504196,-8.682348
batch_02250_patch.tiff,patch_44,4.5421715,5.82395,9.6959915,17.61441,-3.5227427
batch_02250_patch.tiff,patch_45,12.566426,4.993071,5.1356335,16.417171,-2.9458427
batch_02250_patch.tiff,patch_46,12.722407,5.7491837,6.6431355,20.205452,-0.89156914
batch_02250_patch.tiff,patch_47,3.2265835,2.087395,6.683725,14.7296915,-7.7074423
batch_02250_patch.tiff,patch_48,10.084321,9.20363,11.084719,20.831139,-7.700626
batch_02250_patch.tiff,patch_49,11.08626,8.648757,3.93392,21.465017,1.2428886
batch_02250_patch.tiff,patch_50,17.77034,10.436082,7.7872286,25.774904,1.7174573
batch_02250_patch.tiff,patch_51,19.879148,10.023609,10.509247,22.263548,-0.28578404
batch_02250_patch.tiff,patch_52,9.333261,10.972308,11.190343,17.08163,-2.5278194
batch_02250_patch.tiff,patch_53,11.944461,11.308737,5.5925217,16.296432,3.6159828
batch_02250_patch.tiff,patch_54,8.965761,7.3382416,3.5818975,18.013197,-0.092953965
batch_02250_patch.tiff,patch_55,1.1346531,5.0545235,-0.24186373,16.022617,-8.705399
batch_02250_patch.tiff,patch_56,10.074308,5.5072336,13.189183,19.471071,-3.7610104
batch_02250_patch.tiff,patch_57,7.9182825,7.4221306,4.834894,19.68,-0.3785581
batch_02250_patch.tiff,patch_58,7.5154133,6.3090944,8.133209,21.07996,-7.5218487
batch_02250_patch.tiff,patch_59,13.559287,9.490756,12.705496,21.493969,-6.0677505
batch_02250_patch.tiff,patch_60,7.5829477,7.1521463,-1.1359186,17.066349,-2.7602856
batch_02250_patch.tiff,patch_61,8.6202755,9.101438,3.548961,22.554836,-7.7607093
batch_02250_patch.tiff,patch_62,17.136602,10.578643,11.079014,26.48922,-5.6241217
batch_02250_patch.tiff,patch_63,18.522514,9.550766,13.212793,23.929588,-3.640805
batch_02250_patch.tiff,patch_64,15.11952,11.515846,6.01867,16.997305,-2.8176441
batch_02250_patch.tiff,patch_65,11.167535,9.127443,4.755878,18.709215,3.0895588
batch_02250_patch.tiff,patch_66,10.768746,11.040137,1.0404512,19.694885,-2.7392185
batch_02250_patch.tiff,patch_67,6.5205083,6.355826,3.9802146,15.328251,-9.448052
batch_02250_patch.tiff,patch_68,6.013165,9.962954,9.440008,21.387966,-1.4288982
batch_02250_patch.tiff,patch_69,6.629879,6.718128,0.027329534,19.87793,1.1250628
batch_02250_patch.tiff,patch_70,14.714838,9.222481,7.7615337,20.161118,-7.9578924
batch_02250_patch.tiff,patch_71,8.67153,13.294886,10.725112,22.948437,-7.751825
batch_02250_patch.tiff,patch_72,8.458707,3.9182878,-0.10744227,17.000175,0.22611585
batch_02250_patch.tiff,patch_73,7.769308,2.835143,-2.6148615,16.265968,1.3893872
batch_02250_patch.tiff,patch_74,10.102459,4.7918344,5.9685864,16.290981,-8.881221
batch_02250_patch.tiff,patch_75,17.836294,7.16717,2.056858,19.059715,-3.0940971
batch_02250_patch.tiff,patch_76,7.376855,9.193607,-1.132259,19.100248,1.219375
batch_02250_patch.tiff,patch_77,5.61029,9.808637,-0.5828123,19.241646,4.6655917
batch_02250_patch.tiff,patch_78,6.1671543,8.693827,5.1764054,19.175743,-4.311978
batch_02250_patch.tiff,patch_79,8.749186,8.162904,0.13163835,20.800438,-0.16453972
batch_02250_patch.tiff,patch_80,7.868065,6.54369,-0.52382225,18.794006,2.5965302
batch_02250_patch.tiff,patch_81,5.1747575,7.795219,5.468349,19.070518,-2.0961983
batch_02250_patch.tiff,patch_82,8.713526,12.238721,15.787381,20.464506,-9.696389
batch_02250_patch.tiff,patch_83,15.377997,9.554035,12.642686,21.283894,-9.697926
batch_02250_patch.tiff,patch_84,11.500785,6.6575913,3.0641801,19.736897,-0.67925745
batch_02250_patch.tiff,patch_85,10.948982,4.683746,1.426215,19.105152,-2.8722336
batch_02250_patch.tiff,patch_86,12.672162,5.2709394,10.694445,19.035444,-5.636807
batch_02250_patch.tiff,patch_87,12.017434,7.92187,7.3586063,18.201914,-2.955833
batch_02250_patch.tiff,patch_88,3.6978912,7.2247744,-0.08966491,15.386467,-0.71543974
batch_02250_patch.tiff,patch_89,3.2742057,7.806438,-2.0661423,16.61815,-0.5175627
batch_02250_patch.tiff,patch_90,5.790307,7.434809,3.5180538,17.987999,-4.535651
batch_02250_patch.tiff,patch_91,2.2619903,3.7800946,4.161038,14.904219,-5.18263
batch_02250_patch.tiff,patch_92,6.9869065,6.7571745,2.1146088,21.362299,1.4078256
batch_02250_patch.tiff,patch_93,5.788462,7.630597,1.3514123,17.803734,3.5224526
batch_02250_patch.tiff,patch_94,2.9523268,3.9905581,8.634736,19.060852,-6.3643284
batch_02250_patch.tiff,patch_95,11.972421,10.3359,6.492941,21.325277,-6.3521223
batch_02250_patch.tiff,patch_96,10.51591,3.5544825,-1.5157951,15.877538,1.6152309
batch_02250_patch.tiff,patch_97,11.007063,2.6469228,1.5725478,18.57863,-1.3501467
batch_02250_patch.tiff,patch_98,7.205006,11.0478,1.274831,18.888338,1.5791191
batch_02250_patch.tiff,patch_99,5.6634917,14.986894,2.8679326,21.59743,-0.76063806
batch_02250_patch.tiff,patch_100,6.857111,9.678118,0.5370165,19.185345,-2.9752946
batch_02250_patch.tiff,patch_101,2.2881622,7.8405814,-0.38581222,16.593798,1.5054051
batch_02250_patch.tiff,patch_102,4.26769,6.3007073,0.47393173,17.203896,-6.5577183
batch_02250_patch.tiff,patch_103,14.001235,5.041899,6.0222845,19.973686,-0.5973985
batch_02250_patch.tiff,patch_104,9.3879385,5.810927,7.605792,20.174332,-3.0661235
batch_02250_patch.tiff,patch_105,7.43521,7.556875,12.177338,16.856041,-5.8178134
batch_02250_patch.tiff,patch_106,6.052215,4.4983916,4.2776866,19.406351,-5.0529675
batch_02250_patch.tiff,patch_107,6.046585,1.9421874,4.9598265,19.74082,-0.79392284
batch_02250_patch.tiff,patch_108,9.805799,2.645731,-1.236177,14.536319,0.32634082
batch_02250_patch.tiff,patch_109,10.297191,4.4096766,0.8080292,18.39292,-1.7335627
batch_02250_patch.tiff,patch_110,7.7370667,13.981269,0.5673684,20.423431,1.0396371
batch_02250_patch.tiff,patch_111,7.9013047,13.1951275,-0.3144439,21.323177,3.7538023
batch_02250_patch.tiff,patch_112,6.501648,9.524507,2.101151,16.179607,-3.3517523
batch_02250_patch.tiff,patch_113,5.8589993,9.1726465,-2.1462991,18.410578,2.1787255
batch_02250_patch.tiff,patch_114,3.8594673,3.3223298,6.0907855,16.912619,-9.858164
batch_02250_patch.tiff,patch_115,5.1704707,3.5080945,9.038239,15.370988,-8.623143
batch_02250_patch.tiff,patch_116,7.5339108,4.1863337,2.0059674,19.173113,3.4449463
batch_02250_patch.tiff,patch_117,3.7893496,6.1361914,4.2754536,18.696842,-1.5867287
batch_02250_patch.tiff,patch_118,9.54426,9.313322,1.150257,22.143805,-3.6240187
batch_02250_patch.tiff,patch_119,11.695343,6.9554477,7.075578,22.401554,-8.070158
batch_02250_patch.tiff,patch_120,12.458783,7.973025,11.251556,18.962881,-1.4895034
batch_02250_patch.tiff,patch_121,2.9245827,7.3430424,8.328045,16.35692,-6.6647625
batch_02250_patch.tiff,patch_122,5.8519864,12.233665,1.3522626,21.593128,2.1820343
batch_02250_patch.tiff,patch_123,8.299329,14.149208,1.8276434,22.168312,4.513127
batch_02250_patch.tiff,patch_124,14.634947,9.870091,10.635235,23.787947,-8.011062
batch_02250_patch.tiff,patch_125,20.944216,9.20536,7.4403877,21.06971,-2.261943
batch_02250_patch.tiff,patch_126,6.145144,5.852693,3.793868,21.747673,-4.9234195
batch_02250_patch.tiff,patch_127,10.749625,6.2996254,6.495963,20.55455,-1.949277
batch_02250_patch.tiff,patch_128,9.691152,10.010513,2.8047702,19.341942,2.273073
batch_02250_patch.tiff,patch_129,8.394767,11.178482,7.60234,20.966259,-1.4765526
batch_02250_patch.tiff,patch_130,5.361314,3.4000506,-0.7293365,19.435019,-0.3079707
batch_02250_patch.tiff,patch_131,4.896695,2.913245,1.0667044,19.957602,-1.3177683
batch_02250_patch.tiff,patch_132,7.7751527,8.606387,10.764936,17.889172,-5.007368
batch_02250_patch.tiff,patch_133,4.474255,9.702752,7.147592,16.029655,-3.3453603
batch_02250_patch.tiff,patch_134,10.721634,12.44981,1.990083,20.163708,8.290042
batch_02250_patch.tiff,patch_135,8.580516,13.871429,3.3272297,22.369705,4.229545
batch_02250_patch.tiff,patch_136,16.358719,7.5091143,8.243519,25.73296,-5.176379
batch_02250_patch.tiff,patch_137,17.75527,8.2119465,16.715246,21.25109,-5.564433
batch_02250_patch.tiff,patch_138,9.545752,4.614641,6.928274,19.236868,-5.173656
batch_02250_patch.tiff,patch_139,8.741321,5.214857,8.187792,19.94628,-5.396041
batch_02250_patch.tiff,patch_140,10.336467,10.512384,6.2422986,20.21854,0.9004607
batch_02250_patch.tiff,patch_141,11.282879,10.350701,1.0588927,19.635483,2.7801902
batch_02250_patch.tiff,patch_142,4.8041334,5.7421703,4.3987775,19.828444,-8.469154
batch_02250_patch.tiff,patch_143,6.666821,8.037774,9.394825,21.036816,-9.93473
batch_02250_patch.tiff,patch_144,14.2682905,6.8216796,8.709614,18.2799,-5.9654417
batch_02250_patch.tiff,patch_145,12.910509,8.420569,6.716827,20.623243,-12.688395
batch_02250_patch.tiff,patch_146,9.2394705,11.907953,1.5021023,21.758995,1.6422434
batch_02250_patch.tiff,patch_147,10.9104395,8.971058,1.0368267,21.474306,-3.2144318
batch_02250_patch.tiff,patch_148,1.6676533,2.559004,5.093491,13.82253,-5.336689
batch_02250_patch.tiff,patch_149,6.265267,5.0310507,4.865131,14.683888,-5.5208964
batch_02250_patch.tiff,patch_150,11.718084,7.0274043,11.207003,21.7668,-1.0829511
batch_02250_patch.tiff,patch_151,12.641589,7.106808,5.438485,21.083406,3.368809
batch_02250_patch.tiff,patch_152,11.24012,9.312261,9.533368,20.153955,-1.7141708
batch_02250_patch.tiff,patch_153,12.866341,9.163134,-0.59524995,17.376024,-1.3820276
batch_02250_patch.tiff,patch_154,11.638435,8.2896595,14.8024435,20.37877,-8.918647
batch_02250_patch.tiff,patch_155,12.838082,7.121089,13.565752,22.419487,-7.286977
batch_02250_patch.tiff,patch_156,18.40921,6.330257,6.722283,18.048384,-11.932489
batch_02250_patch.tiff,patch_157,11.372567,8.762721,0.43715826,16.28107,-0.6814246
batch_02250_patch.tiff,patch_158,11.880886,9.107485,1.2391018,17.27448,-0.2625127
batch_02250_patch.tiff,patch_159,7.021381,4.088895,5.758615,15.943272,-4.7613063
batch_02250_patch.tiff,patch_160,8.201785,6.277052,6.03854,15.556741,-1.7345755
batch_02250_patch.tiff,patch_161,12.002847,7.4032097,12.402632,21.980106,-0.049072277
batch_02250_patch.tiff,patch_162,10.9074,7.8135014,5.721402,19.039467,3.632947
batch_02250_patch.tiff,patch_163,6.944559,10.555661,0.50966907,19.87872,-6.262585
batch_02250_patch.tiff,patch_164,5.1804276,9.090116,8.838956,18.924198,-2.30995
batch_02250_patch.tiff,patch_165,12.581433,6.446318,9.296826,20.079206,-3.1290095
batch_02250_patch.tiff,patch_166,17.569618,8.4457855,4.530412,24.376467,1.6087362
batch_02250_patch.tiff,patch_167,16.539957,12.46395,9.091927,20.136835,-8.885796
batch_02250_patch.tiff,patch_168,11.944436,4.6652265,2.6175785,18.306654,-4.247702
batch_02250_patch.tiff,patch_169,4.9585314,5.8342457,0.30205134,17.235899,-3.332764
batch_02250_patch.tiff,patch_170,8.516521,5.6558332,-2.5680003,19.126621,-3.8383899
batch_02250_patch.tiff,patch_171,5.055094,1.2704093,9.399819,17.915823,-9.587353
batch_02250_patch.tiff,patch_172,6.738069,9.387601,5.47475,16.710316,-4.375995
batch_02250_patch.tiff,patch_173,10.486107,10.195466,11.082404,21.618233,1.2784888
batch_02250_patch.tiff,patch_174,11.906268,8.3289385,5.2613845,21.847013,3.461098
batch_02250_patch.tiff,patch_175,12.67829,10.044583,6.8977637,19.76428,5.5490503
batch_02250_patch.tiff,patch_176,12.2474,8.504268,2.963686,20.186403,1.0248648
batch_02300_patch.tiff,patch_0,17.186916,4.8920374,11.381992,13.512725,-6.7896476
batch_02300_patch.tiff,patch_1,14.434811,6.1244664,7.661684,17.388386,-6.030948
batch_02300_patch.tiff,patch_2,12.657375,3.534028,8.589474,17.636732,-6.6348076
batch_02300_patch.tiff,patch_3,17.115732,4.498275,10.526544,15.930049,-10.274971
batch_02300_patch.tiff,patch_4,15.30887,6.4226,7.5819182,17.807003,-2.2798219
batch_02300_patch.tiff,patch_5,14.938449,6.5867624,6.0411415,16.671745,-3.8184388
batch_02300_patch.tiff,patch_6,21.147448,8.220504,7.120541,23.354906,-0.4000561
batch_02300_patch.tiff,patch_7,16.658726,7.118104,12.371564,20.579336,-3.8296728
batch_02300_patch.tiff,patch_8,12.593341,6.4702973,9.883267,14.6273365,-2.7866304
batch_02300_patch.tiff,patch_9,12.932828,8.381564,14.770177,17.429245,-2.825235
batch_02300_patch.tiff,patch_10,4.213446,-6.5272903,4.794189,9.149861,-16.504583
batch_02300_patch.tiff,patch_11,8.403665,2.0678391,4.4560475,19.459187,-10.906557
batch_02300_patch.tiff,patch_12,10.180833,7.6345506,-0.19930585,19.499144,6.1316085
batch_02300_patch.tiff,patch_13,15.475742,4.6509023,5.1682825,15.225774,-1.5232564
batch_02300_patch.tiff,patch_14,14.008614,2.248998,7.5406027,15.111539,-5.059823
batch_02300_patch.tiff,patch_15,16.308863,5.2937007,11.278869,15.64928,-7.47068
batch_02300_patch.tiff,patch_16,14.7251625,2.6534126,8.626621,13.472172,-11.520647
batch_02300_patch.tiff,patch_17,10.594045,8.565326,5.217564,17.453106,-2.4957542
batch_02300_patch.tiff,patch_18,13.462311,3.2776375,9.289133,13.794998,-8.589415
batch_02300_patch.tiff,patch_19,19.611782,8.302562,6.6718698,26.938282,-3.725349
batch_02300_patch.tiff,patch_20,14.889103,8.96405,9.116474,29.00581,-7.641654
batch_02300_patch.tiff,patch_21,13.21084,6.3053803,3.2667336,16.595484,-3.830409
batch_02300_patch.tiff,patch_22,13.582615,5.1545444,2.0838654,19.748707,-1.5453792
batch_02300_patch.tiff,patch_23,6.2088127,3.5304854,7.8527007,18.255121,-11.963404
batch_02300_patch.tiff,patch_24,-0.013503818,2.4300816,6.55488,14.440348,-10.086449
batch_02300_patch.tiff,patch_25,7.3837175,5.8337684,4.9229736,19.159164,3.254732
batch_02300_patch.tiff,patch_26,14.116115,12.075586,8.06126,25.077324,-0.89146084
batch_02300_patch.tiff,patch_27,7.520976,15.563367,8.723252,26.765451,-6.5002637
batch_02300_patch.tiff,patch_28,14.852896,3.0130012,7.476768,13.979177,-8.5473585
batch_02300_patch.tiff,patch_29,15.56107,4.4348855,8.186853,15.0269985,-8.870258
batch_02300_patch.tiff,patch_30,11.851767,6.959518,-1.7059797,18.774458,-0.9115508
batch_02300_patch.tiff,patch_31,13.33183,10.099413,7.1201887,18.524624,-2.0426652
batch_02300_patch.tiff,patch_32,8.206032,7.176984,-0.48312685,21.61638,1.6838927
batch_02300_patch.tiff,patch_33,8.122701,7.999659,-3.9154174,20.448885,1.1382129
batch_02300_patch.tiff,patch_34,4.4076633,12.414523,4.3382406,17.151793,-11.177126
batch_02300_patch.tiff,patch_35,7.4611177,9.938491,7.378694,17.90537,-4.8161654
batch_02300_patch.tiff,patch_36,5.9185567,7.771256,2.3625195,22.444735,-3.8829877
batch_02300_patch.tiff,patch_37,-0.6069516,2.0364974,8.584013,14.791067,-10.071521
batch_02300_patch.tiff,patch_38,8.643764,7.94659,1.5112553,18.710676,5.1428146
batch_02300_patch.tiff,patch_39,14.873068,11.6393,11.741844,27.020266,-5.668116
batch_02300_patch.tiff,patch_40,15.517735,11.039362,12.099968,25.459255,-5.4484315
batch_02300_patch.tiff,patch_41,14.572645,4.5851865,7.7402773,13.7986145,-8.82685
batch_02300_patch.tiff,patch_42,16.605076,1.914232,8.398669,12.7477045,-13.965721
batch_02300_patch.tiff,patch_43,13.470485,7.7005916,-1.6568395,16.84905,-4.4312706
batch_02300_patch.tiff,patch_44,13.987311,11.734232,-3.0429184,18.751436,-1.5654359
batch_02300_patch.tiff,patch_45,6.5802913,6.779219,1.2162133,18.414446,-3.3062778
batch_02300_patch.tiff,patch_46,7.7934933,7.527986,1.6996208,19.088154,1.5130482
batch_02300_patch.tiff,patch_47,6.318698,14.209428,5.7453456,20.336126,-9.695613
batch_02300_patch.tiff,patch_48,6.8953953,12.177799,7.785169,18.188278,-6.341665
batch_02300_patch.tiff,patch_49,4.1935325,2.3534007,10.5690155,16.58493,-9.21636
batch_02300_patch.tiff,patch_50,7.728625,1.6996968,8.097752,21.409449,-7.1114564
batch_02300_patch.tiff,patch_51,7.877168,5.6284976,3.478182,17.67701,1.1999693
batch_02300_patch.tiff,patch_52,19.865297,9.897382,10.152439,24.044075,0.5512605
batch_02300_patch.tiff,patch_53,18.625235,6.9414916,5.6472435,20.454462,0.06066957
batch_02300_patch.tiff,patch_54,14.657937,4.1896324,10.698065,12.449778,-8.766709
batch_02300_patch.tiff,patch_55,15.522752,1.6866988,7.744016,13.247341,-10.894364
batch_02300_patch.tiff,patch_56,19.199821,10.305824,1.8573265,18.753973,-5.027608
batch_02300_patch.tiff,patch_57,13.329885,3.8913608,1.3776283,15.695705,-0.38534224
batch_02300_patch.tiff,patch_58,9.36237,3.5218127,8.974895,19.57401,-5.925034
batch_02300_patch.tiff,patch_59,11.20832,0.066608414,11.59026,18.461561,-6.7611
batch_02300_patch.tiff,patch_60,8.108484,7.2424026,4.1726356,18.918001,-5.4641995
batch_02300_patch.tiff,patch_61,11.505514,7.367223,2.0820951,20.713902,0.97152364
batch_02300_patch.tiff,patch_62,9.974681,-0.82952005,2.5512938,13.392492,-7.523479
batch_02300_patch.tiff,patch_63,11.601964,1.2679859,2.3653505,12.874894,-6.879414
batch_02300_patch.tiff,patch_64,17.918188,10.8358135,12.287298,26.295692,-1.486619
batch_02300_patch.tiff,patch_65,17.167885,10.684862,3.3497767,25.135136,-3.5128236
batch_02300_patch.tiff,patch_66,12.689183,5.5645304,6.7505436,17.31919,-5.8739066
batch_02300_patch.tiff,patch_67,12.4652815,3.8230655,6.340768,14.188816,-8.850639
batch_02300_patch.tiff,patch_68,15.16682,9.2880335,3.741366,19.370535,-3.3353446
batch_02300_patch.tiff,patch_69,12.346127,5.5721273,1.9173832,15.8408,0.27707398
batch_02300_patch.tiff,patch_70,13.579943,9.3603325,12.305921,24.503374,-6.0044093
batch_02300_patch.tiff,patch_71,10.295859,8.040284,9.129895,22.079618,-5.0804744
batch_02300_patch.tiff,patch_72,8.464092,7.8287897,11.965136,19.505861,-7.872446
batch_02300_patch.tiff,patch_73,11.9802065,6.054041,1.266412,21.807629,-0.91980165
batch_02300_patch.tiff,patch_74,11.285755,0.8861935,3.2086387,12.895097,-7.182348
batch_02300_patch.tiff,patch_75,10.350024,1.9220443,3.2464104,15.034896,-4.541863
batch_02300_patch.tiff,patch_76,13.883484,5.066963,7.897194,15.870647,-9.643521
batch_02300_patch.tiff,patch_77,12.846521,4.212924,7.420295,15.860021,-6.495073
batch_02300_patch.tiff,patch_78,15.175273,2.7907326,8.376739,13.907951,-9.409426
batch_02300_patch.tiff,patch_79,15.519591,4.2404747,9.844936,15.217373,-9.204548
batch_02300_patch.tiff,patch_80,9.766023,10.436483,4.5611444,18.049622,-4.3919907
batch_02300_patch.tiff,patch_81,7.9625025,8.285414,6.269316,12.821121,-7.5199776
batch_02300_patch.tiff,patch_82,9.455009,4.4636993,8.505845,19.588886,0.59249574
batch_02300_patch.tiff,patch_83,16.323227,3.5275235,5.575584,20.188211,0.46827272
batch_02300_patch.tiff,patch_84,15.930168,7.126256,6.339704,21.896708,-0.9169009
batch_02300_patch.tiff,patch_85,16.130636,9.906037,12.152157,25.912418,-4.517392
batch_02300_patch.tiff,patch_86,9.686381,-0.21158546,1.1089754,11.634596,-6.9297895
batch_02300_patch.tiff,patch_87,10.453995,-2.4246032,1.8491915,11.554803,-5.409514
batch_02300_patch.tiff,patch_88,16.016289,3.7903101,5.8767676,14.444327,-4.9055457
batch_02300_patch.tiff,patch_89,16.977676,8.375239,9.244538,17.314842,-3.7555437
batch_02300_patch.tiff,patch_90,16.375366,3.735665,8.047586,16.663902,-5.797597
batch_02300_patch.tiff,patch_91,15.535636,4.133237,6.589137,16.503653,-9.370004
batch_02300_patch.tiff,patch_92,7.857559,10.145976,5.46635,17.7835,-5.8518543
batch_02300_patch.tiff,patch_93,6.9315495,10.009468,4.1434436,16.357426,-9.422075
batch_02300_patch.tiff,patch_94,14.774355,5.185643,-1.1601782,19.302725,2.940053
batch_02300_patch.tiff,patch_95,13.717569,8.535153,-1.2100328,21.544695,5.43278
batch_02300_patch.tiff,patch_96,15.8113785,8.993933,12.4042,24.440119,-5.3319154
batch_02300_patch.tiff,patch_97,15.785981,8.828138,5.2052903,22.42722,-1.2407603
batch_02300_patch.tiff,patch_98,10.158316,0.584721,1.8471996,12.832656,-4.479105
batch_02300_patch.tiff,patch_99,9.9479475,-0.710524,2.8435152,13.345772,-6.4610033
batch_02300_patch.tiff,patch_100,14.203606,4.8221216,6.57512,15.021345,-4.0957556
batch_02300_patch.tiff,patch_101,15.479837,4.3723536,6.5208955,13.577425,-4.1622987
batch_02300_patch.tiff,patch_102,14.261916,2.6735272,7.029199,17.318478,-8.357956
batch_02300_patch.tiff,patch_103,13.871193,1.9313984,10.033895,13.706038,-10.064849
batch_02300_patch.tiff,patch_104,11.554321,9.889613,8.153487,19.27603,-5.7357993
batch_02300_patch.tiff,patch_105,9.575812,8.563783,6.1181426,17.429714,-5.457317
batch_02300_patch.tiff,patch_106,9.611536,3.8522084,9.108213,17.347078,-4.340043
batch_02300_patch.tiff,patch_107,8.883603,3.6967065,7.6675196,16.941236,-3.659802
batch_02300_patch.tiff,patch_108,10.276631,4.4837914,0.74617213,20.240725,1.9428984
batch_02300_patch.tiff,patch_109,15.42242,5.542438,2.595813,18.499847,1.1168598
batch_02300_patch.tiff,patch_110,9.760393,1.3858081,2.3608358,11.891513,-6.3846316
batch_02300_patch.tiff,patch_111,9.849962,1.6371547,2.0138977,14.017462,-4.5735154
batch_02300_patch.tiff,patch_112,13.215262,2.5241117,-0.23052567,14.109549,-5.4898453
batch_02300_patch.tiff,patch_113,16.087973,2.4660916,5.9983344,13.356865,-6.849571
batch_02300_patch.tiff,patch_114,15.2321205,1.4233,8.987317,14.515954,-9.850423
batch_02300_patch.tiff,patch_115,14.162253,2.1648805,8.331583,15.036647,-9.762693
batch_02300_patch.tiff,patch_116,10.592948,8.769974,3.7262132,15.263654,-3.5069542
batch_02300_patch.tiff,patch_117,10.661261,11.280597,5.5875573,17.212416,-7.0560994
batch_02300_patch.tiff,patch_118,11.508701,5.4715333,5.3894734,18.683737,2.3995082
batch_02300_patch.tiff,patch_119,12.965358,6.811616,11.584272,18.203165,-2.018983
batch_02300_patch.tiff,patch_120,11.606629,8.377398,-0.39179188,20.587984,-1.2087362
batch_02300_patch.tiff,patch_121,12.387356,8.516366,-1.7261208,21.325857,1.666148
batch_02300_patch.tiff,patch_122,11.255801,0.40927634,2.8451374,13.008511,-7.0102963
batch_02300_patch.tiff,patch_123,9.16459,1.3758149,1.2663925,15.001258,-3.0724535
batch_02300_patch.tiff,patch_124,16.370247,4.735483,4.399988,15.264645,-3.5644822
batch_02300_patch.tiff,patch_125,16.816822,4.5110054,7.2470684,17.773245,-5.03303
batch_02300_patch.tiff,patch_126,20.08796,12.087636,15.621963,21.672024,-1.3971131
batch_02300_patch.tiff,patch_127,16.84653,9.085139,11.871254,18.95151,-2.0539052
batch_02300_patch.tiff,patch_128,9.918809,7.848963,7.684425,15.832306,-6.8578315
batch_02300_patch.tiff,patch_129,6.940954,10.781232,6.0174713,17.127262,-5.7343965
batch_02300_patch.tiff,patch_130,7.9715924,8.312611,13.795035,20.802362,-8.017156
batch_02300_patch.tiff,patch_131,9.124767,8.586117,8.446446,15.190781,-8.119773
batch_02300_patch.tiff,patch_132,10.952352,4.1132026,5.202599,14.318787,-3.0008793
batch_02300_patch.tiff,patch_133,9.648674,4.8428245,-4.1610174,14.398541,-4.009541
batch_02300_patch.tiff,patch_134,9.5111685,-0.73770934,3.6041868,12.056443,-8.803024
batch_02300_patch.tiff,patch_135,10.207065,0.33213198,2.0110776,12.161199,-8.043455
batch_02300_patch.tiff,patch_136,14.794359,4.751788,5.2601185,16.402248,-6.2178535
batch_02300_patch.tiff,patch_137,14.398588,1.8533797,6.348942,14.761833,-6.1825433
batch_02300_patch.tiff,patch_138,20.289913,11.485226,16.3196,22.079008,-3.8481517
batch_02300_patch.tiff,patch_139,6.4102097,9.15829,4.8328433,13.312895,-5.777922
batch_02300_patch.tiff,patch_140,9.943417,10.033644,6.8366556,18.381407,-4.702985
batch_02300_patch.tiff,patch_141,6.0169415,13.046379,4.113307,16.409006,-5.443522
batch_02300_patch.tiff,patch_142,10.6777315,13.035549,11.043868,20.941877,-5.498353
batch_02300_patch.tiff,patch_143,10.076843,8.892047,7.4557614,20.590536,-6.7716756
batch_02300_patch.tiff,patch_144,11.266151,7.175069,1.6418356,16.883402,-2.3937168
batch_02300_patch.tiff,patch_145,9.979632,1.2360623,3.7209864,14.113658,-7.2694273
batch_02300_patch.tiff,patch_146,10.907246,1.0755813,3.773296,13.237002,-7.7458797
batch_02300_patch.tiff,patch_147,16.034416,6.9650917,7.4720163,16.106787,-4.997156
batch_02300_patch.tiff,patch_148,11.584478,1.7712859,4.6899314,14.299114,-9.77832
batch_02300_patch.tiff,patch_149,13.424028,5.364173,13.103649,19.877201,-8.338913
batch_02300_patch.tiff,patch_150,15.344684,1.5527247,8.422448,14.174809,-9.375189
batch_02300_patch.tiff,patch_151,7.739186,14.526675,1.7650809,21.979017,-5.8433304
batch_02300_patch.tiff,patch_152,8.334519,12.532033,4.072531,19.85138,-2.9256186
batch_02300_patch.tiff,patch_153,9.842279,10.736227,6.96321,17.358807,-4.40654
batch_02300_patch.tiff,patch_154,11.236023,14.877193,13.564362,18.508091,-4.084453
batch_02300_patch.tiff,patch_155,2.7560198,-3.6210198,8.959712,11.164651,-14.967836
batch_02300_patch.tiff,patch_156,1.6129723,-3.913309,1.3928361,10.9913,-12.40766
batch_02300_patch.tiff,patch_157,17.598671,7.7075706,14.900679,21.669619,-2.1007798
batch_02300_patch.tiff,patch_158,15.046706,8.676956,14.406551,21.147305,-2.9296246
batch_02300_patch.tiff,patch_159,11.341945,5.0016723,11.171429,16.117222,-6.159139
batch_02300_patch.tiff,patch_160,12.256939,4.402265,5.852869,14.990728,-5.7577066
batch_02300_patch.tiff,patch_161,14.222847,4.660101,8.116607,17.008835,-5.947467
batch_02300_patch.tiff,patch_162,17.539993,2.9113336,8.414689,12.66819,-11.0939865
batch_02300_patch.tiff,patch_163,11.003311,11.132031,9.487354,18.050695,-6.878695
batch_02300_patch.tiff,patch_164,11.7356205,10.110473,4.403414,16.198019,-3.8450055
batch_02300_patch.tiff,patch_165,13.777985,11.542559,8.735554,19.926628,-1.3829468
batch_02300_patch.tiff,patch_166,7.1993217,12.4788885,9.285741,15.5256605,-5.992806
batch_02300_patch.tiff,patch_167,5.172176,0.49469644,0.9373981,16.911316,-7.234446
batch_02300_patch.tiff,patch_168,5.413749,4.24294,6.457696,17.870302,-8.666887
batch_02300_patch.tiff,patch_169,18.022013,11.329615,5.198204,23.447475,2.9647799
batch_02300_patch.tiff,patch_170,19.914284,7.3028555,11.569695,22.13789,-2.6348026
batch_02300_patch.tiff,patch_171,11.631207,3.8863404,8.789882,13.754212,-6.2545404
batch_02300_patch.tiff,patch_172,10.986656,8.825085,4.487947,16.798323,-1.3144176
batch_02300_patch.tiff,patch_173,13.000208,2.4078085,4.927978,17.300137,-6.2872243
batch_02300_patch.tiff,patch_174,14.998,9.3532715,3.5395381,19.308588,-4.6181693
batch_02300_patch.tiff,patch_175,10.627847,11.088439,8.103681,19.10151,-7.063757
batch_02300_patch.tiff,patch_176,8.768736,8.725648,7.7523556,17.952217,-5.677924
batch_02300_patch.tiff,patch_177,11.078114,6.8624864,7.1167107,22.07229,-5.28517
batch_02300_patch.tiff,patch_178,8.46749,9.559673,10.404001,17.317898,-5.572018
batch_02300_patch.tiff,patch_179,6.8962464,0.6997017,5.547312,17.834244,-3.7941911
batch_02300_patch.tiff,patch_180,9.56862,4.5038447,7.411241,22.394207,-3.452293
batch_02300_patch.tiff,patch_181,10.380035,0.8452662,2.0733025,13.125508,-7.138434
batch_02300_patch.tiff,patch_182,10.733893,0.2821661,2.551784,13.30157,-6.3640857
batch_02350_patch.tiff,patch_0,8.118719,6.790453,1.6938187,19.645784,1.8915228
batch_02350_patch.tiff,patch_1,9.506814,6.646571,-1.4226005,18.66615,3.6372814
batch_02350_patch.tiff,patch_2,3.549414,6.6810937,7.729178,17.69066,-2.7849717
batch_02350_patch.tiff,patch_3,9.88585,7.5381546,12.96681,21.922068,-4.534705
batch_02350_patch.tiff,patch_4,7.8208985,1.4084839,8.911615,14.956543,-6.841268
batch_02350_patch.tiff,patch_5,7.680909,4.2806125,6.6159945,15.347516,-4.077823
batch_02350_patch.tiff,patch_6,8.9392185,7.7304316,-0.32326254,17.396976,-1.9776062
batch_02350_patch.tiff,patch_7,9.015527,7.974841,-0.7378565,17.490297,-0.5592015
batch_02350_patch.tiff,patch_8,11.387229,8.897083,-3.6612415,16.358004,-0.18983391
batch_02350_patch.tiff,patch_9,4.285764,11.686485,-2.4410334,17.043043,-3.0044308
batch_02350_patch.tiff,patch_10,13.449145,10.706237,3.6564455,22.518448,-7.994355
batch_02350_patch.tiff,patch_11,14.664943,9.748314,10.003939,24.873018,-10.649315
batch_02350_patch.tiff,patch_12,14.812654,14.724601,11.180447,24.22854,-5.8581553
batch_02350_patch.tiff,patch_13,11.881308,10.453988,4.3635907,21.680468,5.6650033
batch_02350_patch.tiff,patch_14,7.2696743,10.73862,5.0200243,20.860611,3.441831
batch_02350_patch.tiff,patch_15,7.971983,8.67951,10.14203,22.70811,-2.9293234
batch_02350_patch.tiff,patch_16,6.907799,5.8731675,11.464707,19.287626,-5.827157
batch_02350_patch.tiff,patch_17,7.29525,5.5402527,4.908099,16.554892,-3.7186496
batch_02350_patch.tiff,patch_18,5.5560236,6.2294736,5.8020687,18.537851,-2.8285825
batch_02350_patch.tiff,patch_19,5.0981765,7.2838607,-4.2541356,18.468668,-0.90355825
batch_02350_patch.tiff,patch_20,8.882713,8.161104,-4.617965,18.629953,1.1761128
batch_02350_patch.tiff,patch_21,12.103282,9.473999,-1.5783693,21.442858,3.249028
batch_02350_patch.tiff,patch_22,7.736064,9.658675,-4.7170196,18.970087,-1.1128384
batch_02350_patch.tiff,patch_23,11.934632,13.373511,4.3470936,23.316603,-9.106819
batch_02350_patch.tiff,patch_24,10.911722,10.380069,4.3488293,21.417482,-8.351931
batch_02350_patch.tiff,patch_25,15.472699,11.3005905,7.087414,20.630917,-13.842092
batch_02350_patch.tiff,patch_26,8.136023,2.3568587,-0.25742427,16.037817,-3.1289322
batch_02350_patch.tiff,patch_27,8.208886,3.3895144,-0.904175,14.332457,1.094935
batch_02350_patch.tiff,patch_28,7.131053,10.037465,12.415415,18.949755,-1.616308
batch_02350_patch.tiff,patch_29,6.553373,11.252305,3.8196738,17.731375,0.7962189
batch_02350_patch.tiff,patch_30,7.202215,7.445409,4.326052,16.079025,-1.1253455
batch_02350_patch.tiff,patch_31,6.2778625,6.129885,6.574116,13.881066,-3.7134082
batch_02350_patch.tiff,patch_32,5.3855624,5.782606,-7.648255,18.115953,-0.26233613
batch_02350_patch.tiff,patch_33,4.3633556,7.4264984,-7.04211,17.123194,-4.7722187
batch_02350_patch.tiff,patch_34,7.4707384,10.773291,4.397879,22.653515,-0.900096
batch_02350_patch.tiff,patch_35,7.7051573,7.0336266,-2.2975566,19.214262,1.978394
batch_02350_patch.tiff,patch_36,6.522484,14.5691595,8.853611,21.129852,-5.6679974
batch_02350_patch.tiff,patch_37,14.014503,17.621819,11.106724,21.802694,-10.577842
batch_02350_patch.tiff,patch_38,9.780337,15.837669,10.386549,20.686333,-4.643555
batch_02350_patch.tiff,patch_39,11.796197,1.5779737,2.125846,14.160272,-0.4887459
batch_02350_patch.tiff,patch_40,10.15851,1.2576089,-2.3558052,15.135766,0.89587706
batch_02350_patch.tiff,patch_41,7.4233985,10.117089,8.683524,20.841883,0.26439515
batch_02350_patch.tiff,patch_42,10.691268,7.5649066,4.638145,18.354002,-1.3838688
batch_02350_patch.tiff,patch_43,7.664027,4.8917284,4.130849,18.558456,-3.5392227
batch_02350_patch.tiff,patch_44,7.707203,5.619329,8.227731,14.568872,-5.665248
batch_02350_patch.tiff,patch_45,7.6398053,9.583077,-4.3450637,19.538155,-0.67975736
batch_02350_patch.tiff,patch_46,8.720538,8.9948845,-2.5441906,20.180428,0.9700303
batch_02350_patch.tiff,patch_47,9.916033,9.960339,-1.0593964,22.809784,-3.3745131
batch_02350_patch.tiff,patch_48,11.5387945,10.20909,-5.6756406,20.58353,2.8758843
batch_02350_patch.tiff,patch_49,14.110654,19.505056,14.549124,20.690392,-7.900039
batch_02350_patch.tiff,patch_50,5.8548455,8.694861,8.349981,20.868715,-7.7144623
batch_02350_patch.tiff,patch_51,6.880955,6.7936444,4.4388795,16.676805,-2.6209402
batch_02350_patch.tiff,patch_52,8.092776,6.416155,15.404822,19.168686,-7.5274205
batch_02350_patch.tiff,patch_53,9.937481,10.629368,9.138176,20.80605,-3.58578
batch_02350_patch.tiff,patch_54,19.282778,6.7777815,18.910315,17.162752,-4.241266
batch_02350_patch.tiff,patch_55,11.508704,8.665072,8.599197,20.710905,-7.0436263
batch_02350_patch.tiff,patch_56,8.124978,10.041079,-0.7252915,21.757904,-1.5678775
batch_02350_patch.tiff,patch_57,5.409662,8.221794,-4.8045692,17.045582,-2.7670684
batch_02350_patch.tiff,patch_58,10.111868,13.444021,-5.3360195,20.586975,-1.1109207
batch_02350_patch.tiff,patch_59,14.825197,10.186193,-3.121996,21.477049,3.0027556
batch_02350_patch.tiff,patch_60,11.528581,16.036594,10.965698,19.618704,-7.7189646
batch_02350_patch.tiff,patch_61,7.0455775,10.294747,9.153225,17.780853,-7.789427
batch_02350_patch.tiff,patch_62,8.765211,7.0331373,5.254175,20.299095,-4.6804585
batch_02350_patch.tiff,patch_63,9.051452,8.6027155,6.1197524,18.07599,-5.531684
batch_02350_patch.tiff,patch_64,4.9469438,4.7414193,10.2490635,18.344751,-1.4325097
batch_02350_patch.tiff,patch_65,11.149799,13.1558485,11.755008,20.428999,-2.896678
batch_02350_patch.tiff,patch_66,14.639179,8.008753,13.220097,19.501787,-7.293935
batch_02350_patch.tiff,patch_67,14.284054,10.764837,11.174903,24.349998,-6.9402323
batch_02350_patch.tiff,patch_68,12.672572,9.800939,-4.8196397,18.456953,-0.32950854
batch_02350_patch.tiff,patch_69,8.541211,8.426718,-1.340929,18.024683,0.47689205
batch_02350_patch.tiff,patch_70,9.008215,11.210191,0.4901173,22.943003,1.5059451
batch_02350_patch.tiff,patch_71,7.9698787,8.445718,-2.4927976,17.596436,-0.98043376
batch_02350_patch.tiff,patch_72,7.9095364,16.532755,10.195703,19.694557,-5.651785
batch_02350_patch.tiff,patch_73,6.4651313,7.241215,5.6143622,21.34399,-3.6952968
batch_02350_patch.tiff,patch_74,9.77728,2.0978355,5.3983397,13.976734,-5.477683
batch_02350_patch.tiff,patch_75,7.8846073,9.485849,6.2618804,17.927448,-0.5113452
batch_02350_patch.tiff,patch_76,6.204967,12.343494,3.345129,20.734451,1.103289
batch_02350_patch.tiff,patch_77,10.111208,4.398207,9.233148,16.50708,-2.9348955
batch_02350_patch.tiff,patch_78,10.497735,3.4916341,9.822844,15.687537,-2.6754272
batch_02350_patch.tiff,patch_79,7.648809,13.842551,-2.0691159,18.004366,-0.99212843
batch_02350_patch.tiff,patch_80,12.008086,13.952577,-5.45168,15.751878,0.5963053
batch_02350_patch.tiff,patch_81,7.2773857,7.6643414,-3.4683237,17.888523,-0.4926657
batch_02350_patch.tiff,patch_82,5.722962,8.25317,-1.2397981,18.375938,-3.5912871
batch_02350_patch.tiff,patch_83,16.46489,16.638018,12.73276,21.047068,-8.610114
batch_02350_patch.tiff,patch_84,13.159776,15.023419,10.817919,22.47036,-4.163311
batch_02350_patch.tiff,patch_85,8.685671,6.2043734,6.6358194,16.238144,-3.496194
batch_02350_patch.tiff,patch_86,10.78694,4.2821655,7.474784,15.467883,-4.7548647
batch_02350_patch.tiff,patch_87,12.25695,8.142367,2.3954797,20.790913,5.3423147
batch_02350_patch.tiff,patch_88,11.858903,10.346195,2.4956243,18.538727,6.6050544
batch_02350_patch.tiff,patch_89,8.386248,4.964251,9.496203,21.126596,-2.191412
batch_02350_patch.tiff,patch_90,6.110801,4.2693477,6.396338,16.986694,-3.948894
batch_02350_patch.tiff,patch_91,8.531352,8.281303,-5.4081945,16.431597,2.022622
batch_02350_patch.tiff,patch_92,6.163221,8.291876,-5.1745176,17.913372,-2.3026924
batch_02350_patch.tiff,patch_93,9.720883,9.094114,-1.7337077,18.480137,2.6750054
batch_02350_patch.tiff,patch_94,8.11093,9.352339,-4.236292,21.183973,0.53115433
batch_02350_patch.tiff,patch_95,16.22624,19.11301,12.233246,23.448975,-6.8436384
batch_02350_patch.tiff,patch_96,15.810705,15.757576,8.174737,23.237288,-7.249102
batch_02350_patch.tiff,patch_97,8.1421385,8.093022,2.826137,18.421656,-3.238538
batch_02350_patch.tiff,patch_98,5.812984,7.5803113,4.1282263,18.120844,-4.7693014
batch_02350_patch.tiff,patch_99,5.569854,7.720996,10.180658,20.222439,-7.2528763
batch_02350_patch.tiff,patch_100,6.1656866,7.9084954,12.793559,21.84858,-3.1841197
batch_02350_patch.tiff,patch_101,8.237051,10.609707,5.6261907,20.673872,-3.9144795
batch_02350_patch.tiff,patch_102,5.3716526,7.936416,-0.5340573,23.19413,-5.85375
batch_02350_patch.tiff,patch_103,9.642688,10.94726,0.008185657,22.728228,3.5074472
batch_02350_patch.tiff,patch_104,5.658382,9.439534,-2.8541865,18.316315,0.79775697
batch_02350_patch.tiff,patch_105,5.626151,11.822261,-3.6039634,19.783438,-2.8275738
batch_02350_patch.tiff,patch_106,5.1478486,8.643469,-1.9240232,18.104185,-2.4147274
batch_02350_patch.tiff,patch_107,16.072031,17.296408,8.218843,21.050285,-9.656489
batch_02350_patch.tiff,patch_108,7.1398406,4.4032197,2.1268349,13.947522,-4.020312
batch_02350_patch.tiff,patch_109,8.334594,3.9757018,5.680236,16.093649,-4.3545017
batch_02350_patch.tiff,patch_110,10.224693,12.350315,10.667879,18.865192,-1.193286
batch_02350_patch.tiff,patch_111,7.9396176,8.5419,11.595055,18.659222,-2.0230205
batch_02350_patch.tiff,patch_112,6.045818,11.570319,3.1277907,23.744913,-6.4870796
batch_02350_patch.tiff,patch_113,5.3792977,12.365355,4.5400505,26.156822,-3.655896
batch_02350_patch.tiff,patch_114,8.118959,8.6948,-0.3328495,19.07246,-0.6753011
batch_02350_patch.tiff,patch_115,3.0025835,13.248973,-3.3670244,19.288586,-6.57077
batch_02350_patch.tiff,patch_116,10.401218,8.632514,-0.59458476,19.494658,2.4363353
batch_02350_patch.tiff,patch_117,8.96081,7.8589344,-4.3258443,18.809824,0.061615486
batch_02350_patch.tiff,patch_118,16.083214,13.404991,14.265207,21.648159,-7.517767
batch_02350_patch.tiff,patch_119,13.38962,13.863922,14.704209,23.08239,-9.486317
batch_02350_patch.tiff,patch_120,7.974442,5.4224243,5.8696947,16.49576,-4.170167
batch_02350_patch.tiff,patch_121,8.940672,4.8254647,3.6188674,15.753826,-1.4296559
batch_02350_patch.tiff,patch_122,5.5976367,3.2404885,10.297107,18.491167,-1.4552213
batch_02350_patch.tiff,patch_123,5.5615144,1.4364648,9.411157,13.515972,-3.8891635
batch_02350_patch.tiff,patch_124,6.442917,6.889879,0.53133893,18.945358,1.359901
batch_02350_patch.tiff,patch_125,7.9440947,6.986583,0.71248883,19.574297,-0.76190513
batch_02350_patch.tiff,patch_126,19.794922,9.003214,10.90979,26.30406,-11.6996765
batch_02350_patch.tiff,patch_127,11.45275,9.928018,4.0282917,22.579403,-6.138704
batch_02350_patch.tiff,patch_128,7.205689,10.296435,-4.732174,23.156939,-2.0396798
batch_02350_patch.tiff,patch_129,7.3298316,10.5599165,-0.83590627,22.875011,-1.0424446
batch_02350_patch.tiff,patch_130,7.576291,13.426199,9.804207,21.274523,-5.5522127
batch_02350_patch.tiff,patch_131,10.822127,10.449513,10.686567,18.702303,-2.4029925
batch_02350_patch.tiff,patch_132,9.022259,5.702495,6.3132033,16.728199,-4.492834
batch_02350_patch.tiff,patch_133,7.8652754,7.2867827,6.5501876,16.754654,-6.279667
batch_02350_patch.tiff,patch_134,5.397344,5.825496,7.646514,17.674305,-4.805008
batch_02350_patch.tiff,patch_135,9.14464,4.3914604,1.2307967,15.752573,-4.356812
batch_02350_patch.tiff,patch_136,3.378161,7.6082244,0.37589696,16.18964,-1.9035715
batch_02350_patch.tiff,patch_137,3.7006745,8.687251,-1.3891131,17.924713,-2.1210563
batch_02350_patch.tiff,patch_138,10.111338,15.92815,2.282183,25.159182,-9.444219
batch_02350_patch.tiff,patch_139,19.132477,10.225702,4.4737506,25.420801,-7.970171
batch_02350_patch.tiff,patch_140,9.426981,9.980697,-2.058978,19.246643,1.2646114
batch_02350_patch.tiff,patch_141,6.8267756,8.898461,-4.855615,20.34811,0.9517947
batch_02350_patch.tiff,patch_142,9.740951,16.642847,13.627671,20.751556,-4.4091268
batch_02350_patch.tiff,patch_143,8.964402,12.949313,5.0973015,19.867579,-6.678664
batch_02350_patch.tiff,patch_144,10.398068,9.620156,5.119305,18.432438,1.8105985
batch_02350_patch.tiff,patch_145,11.12911,10.163011,4.373608,20.18311,-2.963161
batch_02350_patch.tiff,patch_146,6.921844,6.6904445,7.0683994,18.850212,-5.6458
batch_02350_patch.tiff,patch_147,7.0114126,5.711785,2.517671,17.3914,-4.8457413
batch_02350_patch.tiff,patch_148,8.746714,6.876012,0.14359114,15.114293,-1.2752082
batch_02350_patch.tiff,patch_149,6.015464,8.901321,-1.8668187,17.718256,-0.8458508
batch_02350_patch.tiff,patch_150,9.641087,8.629612,0.91505766,22.004614,-4.122523
batch_02350_patch.tiff,patch_151,9.511815,8.220232,-5.056585,20.206049,0.5284756
batch_02350_patch.tiff,patch_152,8.214459,11.94316,13.821551,18.307646,-6.351855
batch_02350_patch.tiff,patch_153,11.735466,16.999699,10.666743,21.025497,-4.9652295
batch_02350_patch.tiff,patch_154,22.30589,14.470091,9.473441,23.880983,-10.576468
batch_02350_patch.tiff,patch_155,14.8937,13.072301,10.248477,22.732912,-9.221672
batch_02350_patch.tiff,patch_156,11.355688,8.183524,5.6545815,21.2409,-3.4033802
batch_02350_patch.tiff,patch_157,11.156701,7.3854494,10.757051,20.959703,-5.118609
batch_02350_patch.tiff,patch_158,7.366636,4.372244,9.33413,15.593326,-7.86716
batch_02350_patch.tiff,patch_159,6.811362,5.970093,5.5257726,18.99674,-3.528101
batch_02350_patch.tiff,patch_160,5.3764243,5.419552,-3.2659771,17.840841,-1.283759
batch_02350_patch.tiff,patch_161,5.9883046,6.301563,-0.9822854,17.657976,-0.8047973
batch_02350_patch.tiff,patch_162,8.533494,9.993503,-3.4697473,18.732912,1.3489501
batch_02350_patch.tiff,patch_163,8.303255,7.439153,-3.828122,18.367727,6.150024
batch_02350_patch.tiff,patch_164,8.93348,16.264175,13.064093,22.375927,-8.955368
batch_02350_patch.tiff,patch_165,14.268534,10.533365,15.965138,22.640882,-5.388602
batch_02350_patch.tiff,patch_166,16.164703,7.551357,15.058139,20.980488,-6.8238735
batch_02350_patch.tiff,patch_167,14.66192,8.447829,14.0200815,20.770073,-5.825185
batch_02350_patch.tiff,patch_168,7.1418524,8.766826,3.6205492,17.642786,1.9227442
batch_02350_patch.tiff,patch_169,6.942956,6.746654,4.690553,16.092308,-0.75293803
batch_02350_patch.tiff,patch_170,8.811882,8.004811,1.3169154,18.647867,2.049568
batch_02350_patch.tiff,patch_171,7.401052,11.161561,-0.6716766,18.573193,1.9800941
batch_02350_patch.tiff,patch_172,10.871396,13.700428,0.88260216,22.766092,-0.2033363
batch_02350_patch.tiff,patch_173,9.560299,11.771299,-4.297609,20.3196,3.6056368
batch_02350_patch.tiff,patch_174,15.06664,12.790017,15.905427,22.166525,-5.026529
batch_02350_patch.tiff,patch_175,14.559379,16.554092,13.476558,24.262144,-6.3648095
batch_02350_patch.tiff,patch_176,17.356615,14.3484955,16.944847,19.365433,-6.16345
batch_02400_patch.tiff,patch_0,11.673766,10.034753,10.694816,20.720573,-0.03252915
batch_02400_patch.tiff,patch_1,14.868899,12.304745,10.267977,22.466625,-2.7314196
batch_02400_patch.tiff,patch_2,8.425251,4.4052696,11.016657,14.831948,-1.0285789
batch_02400_patch.tiff,patch_3,12.244044,7.4477496,13.588288,18.443508,-4.9769826
batch_02400_patch.tiff,patch_4,4.7429233,1.6506951,10.548297,18.869223,-9.898686
batch_02400_patch.tiff,patch_5,4.7635026,1.7628866,8.982438,11.47368,-9.163499
batch_02400_patch.tiff,patch_6,14.880688,9.10862,10.895568,26.1494,-6.8659754
batch_02400_patch.tiff,patch_7,15.535316,11.060449,12.186256,21.633726,-3.5455744
batch_02400_patch.tiff,patch_8,14.027554,12.783893,13.084947,16.888653,-2.1032803
batch_02400_patch.tiff,patch_9,19.077435,14.469599,17.421877,23.174118,-3.4003007
batch_02400_patch.tiff,patch_10,15.576752,12.021905,18.240328,19.988127,-5.3722715
batch_02400_patch.tiff,patch_11,13.111413,5.362311,-1.9099803,20.354202,7.0029287
batch_02400_patch.tiff,patch_12,12.756536,18.758703,10.836881,24.075756,-7.2727785
batch_02400_patch.tiff,patch_13,12.556062,14.093444,13.166139,24.501175,-6.1503334
batch_02400_patch.tiff,patch_14,4.6774135,5.766701,9.89469,15.794236,-4.723221
batch_02400_patch.tiff,patch_15,6.12076,4.396444,14.176975,17.893923,-10.523304
batch_02400_patch.tiff,patch_16,8.523538,6.8423,9.9362335,17.773169,-9.566907
batch_02400_patch.tiff,patch_17,8.605901,0.09728643,12.206256,12.5025835,-11.108717
batch_02400_patch.tiff,patch_18,16.833496,12.480389,12.1242075,25.054754,-2.5800827
batch_02400_patch.tiff,patch_19,17.796556,9.448636,10.315272,24.246668,-5.3363466
batch_02400_patch.tiff,patch_20,13.725966,11.267394,14.26671,21.484356,-4.281245
batch_02400_patch.tiff,patch_21,15.877752,12.09049,12.159368,19.563753,-2.3215697
batch_02400_patch.tiff,patch_22,16.83064,7.378876,17.879618,19.329521,-4.8405366
batch_02400_patch.tiff,patch_23,12.504007,6.0934796,-3.83645,16.28858,8.237934
batch_02400_patch.tiff,patch_24,10.47726,11.498424,12.116379,20.261839,-12.24633
batch_02400_patch.tiff,patch_25,14.623326,10.946034,4.8933873,23.385517,-5.316828
batch_02400_patch.tiff,patch_26,2.4055202,9.260356,10.112488,18.77252,-8.818817
batch_02400_patch.tiff,patch_27,9.297122,6.2265162,9.247081,19.156511,-8.871883
batch_02400_patch.tiff,patch_28,8.487174,4.723553,12.852436,18.692118,-7.7128906
batch_02400_patch.tiff,patch_29,5.245774,2.9300776,7.2912197,15.014917,-3.879618
batch_02400_patch.tiff,patch_30,5.1225157,5.573417,15.425733,17.251673,-9.025914
batch_02400_patch.tiff,patch_31,6.435144,-0.76481587,15.647657,10.308058,-9.037328
batch_02400_patch.tiff,patch_32,20.337841,14.279134,10.038367,22.6388,-5.8383203
batch_02400_patch.tiff,patch_33,14.341235,11.012934,12.981639,18.907087,0.07473039
batch_02400_patch.tiff,patch_34,9.479479,12.772224,10.993125,19.235697,-1.129703
batch_02400_patch.tiff,patch_35,15.5809765,13.94995,15.958347,23.904785,-1.6170346
batch_02400_patch.tiff,patch_36,9.933579,0.78243625,-5.7047877,15.017829,1.5902529
batch_02400_patch.tiff,patch_37,12.535167,9.782929,10.03011,19.633667,-6.3664846
batch_02400_patch.tiff,patch_38,9.159013,7.3837276,9.606658,21.468739,-9.520824
batch_02400_patch.tiff,patch_39,8.004269,2.4868217,9.8807335,9.450381,-3.2477043
batch_02400_patch.tiff,patch_40,13.084692,5.8978505,11.8318815,20.4297,-5.976114
batch_02400_patch.tiff,patch_41,10.539037,2.570446,10.778576,14.524043,-4.7980905
batch_02400_patch.tiff,patch_42,1.5991582,3.5763466,5.8190684,17.317677,-5.6616178
batch_02400_patch.tiff,patch_43,6.501203,-1.0593686,8.874392,16.19578,-8.086577
batch_02400_patch.tiff,patch_44,8.287836,-5.433463,6.377465,7.4169064,-9.356571
batch_02400_patch.tiff,patch_45,19.113972,11.871164,15.240698,23.489822,1.1377045
batch_02400_patch.tiff,patch_46,19.73243,13.245408,16.05154,21.757723,-1.0989908
batch_02400_patch.tiff,patch_47,12.711535,11.878384,11.726011,22.864618,2.2275612
batch_02400_patch.tiff,patch_48,15.345318,10.630061,3.6475527,17.98734,3.7339263
batch_02400_patch.tiff,patch_49,6.5695553,-2.315494,-3.6029415,16.788185,-2.7197392
batch_02400_patch.tiff,patch_50,16.081186,13.479031,10.581678,22.944283,-9.861768
batch_02400_patch.tiff,patch_51,14.988344,13.416086,11.463745,22.265467,-6.9823475
batch_02400_patch.tiff,patch_52,7.8983054,5.607506,10.505428,15.2006855,-3.998363
batch_02400_patch.tiff,patch_53,11.291412,4.002547,7.106756,16.248575,-2.7664118
batch_02400_patch.tiff,patch_54,10.641811,13.373876,11.466771,23.552998,-5.4121327
batch_02400_patch.tiff,patch_55,8.939884,10.776782,14.529706,20.307844,-5.6294155
batch_02400_patch.tiff,patch_56,5.8159924,1.1659584,10.973053,13.226001,-13.026902
batch_02400_patch.tiff,patch_57,9.74986,1.6066543,10.001903,12.880662,-8.76322
batch_02400_patch.tiff,patch_58,15.091168,9.153935,14.190519,19.721445,-2.6216605
batch_02400_patch.tiff,patch_59,12.214587,11.200946,10.049044,21.865637,0.11809748
batch_02400_patch.tiff,patch_60,12.486612,12.332448,15.057962,20.182968,-1.5346476
batch_02400_patch.tiff,patch_61,14.809271,9.820069,3.2147665,16.750544,4.2451634
batch_02400_patch.tiff,patch_62,15.51257,17.475187,18.872784,22.292858,-5.943439
batch_02400_patch.tiff,patch_63,8.565309,5.260999,9.821183,14.121403,-8.467047
batch_02400_patch.tiff,patch_64,12.00867,6.469553,12.227764,18.733652,-2.8143156
batch_02400_patch.tiff,patch_65,10.254416,11.287985,14.4067545,25.27117,-7.6526594
batch_02400_patch.tiff,patch_66,7.736628,6.487152,12.571856,20.675814,-3.546097
batch_02400_patch.tiff,patch_67,8.815691,3.2777526,9.53381,14.083015,-7.237326
batch_02400_patch.tiff,patch_68,9.236804,3.6660728,13.392452,16.763987,-9.786868
batch_02400_patch.tiff,patch_69,11.295337,10.110628,7.9209833,20.992594,2.7711856
batch_02400_patch.tiff,patch_70,12.006254,13.187899,7.6641006,23.566183,-2.4836886
batch_02400_patch.tiff,patch_71,13.128099,12.5377865,11.790852,16.203495,-1.8560075
batch_02400_patch.tiff,patch_72,13.616721,11.350575,6.080868,19.850336,0.36379787
batch_02400_patch.tiff,patch_73,17.289936,13.912826,10.838947,21.42068,-10.261088
batch_02400_patch.tiff,patch_74,10.293034,18.340565,15.008192,20.513252,-5.0647206
batch_02400_patch.tiff,patch_75,8.382044,2.0124784,13.761398,13.421572,-11.113801
batch_02400_patch.tiff,patch_76,4.1665726,2.4053762,15.506788,16.573252,-9.016767
batch_02400_patch.tiff,patch_77,6.299038,6.096991,9.605665,21.499102,-6.6640067
batch_02400_patch.tiff,patch_78,7.681383,5.2557006,10.212776,19.161184,-5.4944463
batch_02400_patch.tiff,patch_79,12.33643,9.376672,4.595187,19.785769,3.5163453
batch_02400_patch.tiff,patch_80,16.268951,16.462934,11.051587,20.909407,0.683788
batch_02400_patch.tiff,patch_81,9.865395,14.517834,11.14997,23.509277,-4.009105
batch_02400_patch.tiff,patch_82,16.250792,12.026053,7.8957605,19.078432,-0.394534
batch_02400_patch.tiff,patch_83,15.12095,11.458221,4.8573356,20.405798,0.4735137
batch_02400_patch.tiff,patch_84,15.855527,18.266224,11.520572,21.87847,-6.982878
batch_02400_patch.tiff,patch_85,8.31769,5.8248515,15.1182375,17.827309,-5.4993486
batch_02400_patch.tiff,patch_86,6.9755993,5.4438334,9.609161,13.80058,-8.662057
batch_02400_patch.tiff,patch_87,7.6682005,8.524465,11.522181,18.844181,-10.967122
batch_02400_patch.tiff,patch_88,4.824074,4.842555,8.48659,20.157286,-11.378112
batch_02400_patch.tiff,patch_89,10.3959055,9.707698,5.1113005,17.203642,-1.5545701
batch_02400_patch.tiff,patch_90,16.907902,18.399805,13.971949,22.049646,-4.2724843
batch_02400_patch.tiff,patch_91,14.90086,14.544025,10.8637295,24.241627,-0.6492322
batch_02400_patch.tiff,patch_92,13.601454,5.7805047,12.384319,18.743382,-9.560594
batch_02400_patch.tiff,patch_93,13.602098,12.521431,13.147166,18.938444,-5.8236136
batch_02400_patch.tiff,patch_94,15.04427,17.626204,7.3289933,20.229443,-6.607785
batch_02400_patch.tiff,patch_95,13.397277,13.281996,7.084576,27.696804,-3.3193243
batch_02400_patch.tiff,patch_96,13.271012,10.201639,13.797182,28.539429,-4.813418
batch_02400_patch.tiff,patch_97,7.0032263,4.1312695,7.0234513,18.839603,-2.6329398
batch_02400_patch.tiff,patch_98,9.581302,3.1358454,13.36977,16.244965,-3.6130803
batch_02400_patch.tiff,patch_99,14.419085,13.439106,3.819068,22.25242,3.3561583
batch_02400_patch.tiff,patch_100,12.383997,14.904102,2.8747225,22.25709,-0.082698576
batch_02400_patch.tiff,patch_101,12.732232,11.816452,3.8104005,20.680275,-2.068914
batch_02400_patch.tiff,patch_102,16.244793,12.267293,13.502709,19.943342,-6.1354804
batch_02400_patch.tiff,patch_103,13.158703,10.360462,7.462259,18.132488,-3.5065238
batch_02400_patch.tiff,patch_104,11.846019,6.830963,16.47078,18.382698,-6.28851
batch_02400_patch.tiff,patch_105,10.672093,13.971023,8.023973,20.071814,-8.014431
batch_02400_patch.tiff,patch_106,18.279049,23.196804,10.858226,26.190859,-7.3246784
batch_02400_patch.tiff,patch_107,9.706028,13.68276,9.778409,25.278276,-7.9869547
batch_02400_patch.tiff,patch_108,12.385725,13.228112,10.023873,25.58186,-5.0627127
batch_02400_patch.tiff,patch_109,3.0061655,3.6932974,12.949995,14.727891,-13.495882
batch_02400_patch.tiff,patch_110,6.5579066,4.32047,13.37454,14.445301,-8.804398
batch_02400_patch.tiff,patch_111,15.224456,13.252481,8.468544,17.711885,1.7752597
batch_02400_patch.tiff,patch_112,10.988624,16.879032,7.9174175,18.164276,-4.0757756
batch_02400_patch.tiff,patch_113,15.699044,12.801312,8.685266,25.200703,-2.6699824
batch_02400_patch.tiff,patch_114,16.88956,12.429756,8.482084,22.057106,-2.190856
batch_02400_patch.tiff,patch_115,14.257926,11.773277,3.9850166,17.893682,-5.6033278
batch_02400_patch.tiff,patch_116,16.54628,12.390726,17.416658,16.464811,0.2904953
batch_02400_patch.tiff,patch_117,9.983474,10.146064,0.7402516,20.911724,1.5196745
batch_02400_patch.tiff,patch_118,8.773002,6.9263134,-0.48600236,19.320393,3.7192929
batch_02400_patch.tiff,patch_119,13.839157,4.7761426,6.619684,22.834684,-4.605215
batch_02400_patch.tiff,patch_120,13.162392,10.362628,4.71243,24.524258,2.4757142
batch_02400_patch.tiff,patch_121,10.1022005,6.9099884,13.1512165,20.262108,-4.9191847
batch_02400_patch.tiff,patch_122,7.31564,6.976266,11.198657,21.6624,-2.5048304
batch_02400_patch.tiff,patch_123,13.4468565,13.374971,3.3231564,21.395193,1.4903626
batch_02400_patch.tiff,patch_124,9.177178,15.096324,3.1848497,22.545034,-6.085435
batch_02400_patch.tiff,patch_125,10.517741,12.779887,13.444829,17.991688,-2.676117
batch_02400_patch.tiff,patch_126,15.274704,13.13142,10.650571,21.431707,1.3736502
batch_02400_patch.tiff,patch_127,17.417347,14.411927,10.700691,23.165195,-8.632754
batch_02400_patch.tiff,patch_128,19.69805,9.2706,14.57357,17.120892,-2.5339625
batch_02400_patch.tiff,patch_129,10.629499,10.588774,1.0121449,19.378597,2.0080235
batch_02400_patch.tiff,patch_130,11.265969,7.1888266,0.38827512,19.222801,3.9132924
batch_02400_patch.tiff,patch_131,8.467288,5.5210023,2.6237125,22.111382,-12.48467
batch_02400_patch.tiff,patch_132,10.637438,7.150065,8.091693,21.491743,-3.6525187
batch_02400_patch.tiff,patch_133,9.309082,8.735877,12.596162,21.385775,-4.6295366
batch_02400_patch.tiff,patch_134,8.207845,7.38351,13.322181,21.532663,-7.5197024
batch_02400_patch.tiff,patch_135,13.257337,14.002912,6.4467096,19.853579,-1.3318107
batch_02400_patch.tiff,patch_136,16.074263,12.8286495,6.7636433,20.403883,1.1612203
batch_02400_patch.tiff,patch_137,13.046237,11.812238,10.655646,21.846333,-1.3356885
batch_02400_patch.tiff,patch_138,16.874582,12.864157,9.443347,23.51178,-6.4254994
batch_02400_patch.tiff,patch_139,16.663576,13.668164,8.401662,18.911345,-3.5929127
batch_02400_patch.tiff,patch_140,20.619375,12.841025,17.5131,20.428951,0.7019311
batch_02400_patch.tiff,patch_141,9.49442,5.001132,5.1295123,19.325012,-0.5889591
batch_02400_patch.tiff,patch_142,10.741356,9.135613,4.1356373,20.116688,-3.7507527
batch_02400_patch.tiff,patch_143,10.6927805,8.275901,13.54463,23.521286,-5.261898
batch_02400_patch.tiff,patch_144,7.0827026,3.880272,12.001911,18.858236,-10.267642
batch_02400_patch.tiff,patch_145,10.770257,0.407438,5.5020304,12.956472,-5.8179812
batch_02400_patch.tiff,patch_146,8.609381,1.9239829,10.525941,11.326161,-4.497664
batch_02400_patch.tiff,patch_147,15.020362,10.4803,17.494923,15.228124,-5.0299277
batch_02400_patch.tiff,patch_148,13.633801,13.961612,15.876975,17.350803,-0.87490237
batch_02400_patch.tiff,patch_149,17.149656,11.776243,16.939306,18.414545,-3.1212547
batch_02400_patch.tiff,patch_150,14.560939,12.458751,13.790738,20.666235,-2.3430955
batch_02400_patch.tiff,patch_151,14.549609,9.53402,8.839881,22.333952,1.0295525
batch_02400_patch.tiff,patch_152,17.405312,8.691473,15.742052,27.331667,-4.839839
batch_02400_patch.tiff,patch_153,8.994475,4.749955,-1.0509125,14.963314,3.659274
batch_02400_patch.tiff,patch_154,8.547822,7.5510583,-1.7204645,19.040808,3.852232
batch_02400_patch.tiff,patch_155,9.401095,5.0478787,11.433213,21.590334,-8.907046
batch_02400_patch.tiff,patch_156,6.0707026,1.6363709,5.7862535,16.338903,-3.3593273
batch_02400_patch.tiff,patch_157,9.044737,3.869258,7.6082063,14.761791,-3.2659075
batch_02400_patch.tiff,patch_158,10.785183,3.4734936,10.317507,17.524271,-7.184392
batch_02400_patch.tiff,patch_159,13.019227,14.027322,14.460902,19.543442,-3.5000625
batch_02400_patch.tiff,patch_160,15.793613,15.505187,11.800124,23.847862,0.009864739
batch_02400_patch.tiff,patch_161,13.53895,10.924242,13.50011,19.743378,-3.325459
batch_02400_patch.tiff,patch_162,12.223115,17.68945,11.982126,23.387505,-2.1974156
batch_02400_patch.tiff,patch_163,18.037622,9.681737,15.868041,23.843914,-2.7370458
batch_02400_patch.tiff,patch_164,18.878971,9.974193,16.342602,25.698565,-5.827031
batch_02400_patch.tiff,patch_165,6.98508,5.1357684,5.8432918,14.802015,-0.47786692
batch_02400_patch.tiff,patch_166,4.2978687,3.6246119,10.905866,10.883432,-6.6789956
batch_02400_patch.tiff,patch_167,10.609145,4.994587,12.763919,17.381596,-6.356651
batch_02400_patch.tiff,patch_168,7.21106,9.441628,12.235316,19.585474,-5.0728993
batch_02400_patch.tiff,patch_169,9.9207325,6.724275,11.706862,18.989672,-8.417965
batch_02400_patch.tiff,patch_170,11.2394705,6.863446,13.409284,18.849491,-5.847622
batch_02400_patch.tiff,patch_171,11.651992,8.716176,6.162598,15.575742,-0.60666937
batch_02400_patch.tiff,patch_172,14.431875,11.227378,5.14754,16.451075,-1.4845372
batch_02400_patch.tiff,patch_173,13.28777,8.362569,14.241541,17.67198,-3.9894943
batch_02400_patch.tiff,patch_174,18.686275,9.53167,14.498869,19.60534,-4.149547
batch_02400_patch.tiff,patch_175,8.024653,6.694969,-2.9137874,18.702381,0.5903464
batch_02400_patch.tiff,patch_176,9.353122,2.7658005,-2.6649635,16.036598,5.0585933
batch_02450_patch.tiff,patch_0,6.887245,7.7010374,6.3099217,18.098297,-4.866731
batch_02450_patch.tiff,patch_1,8.578254,6.8368483,6.9316044,18.364357,-1.3309965
batch_02450_patch.tiff,patch_2,10.663785,5.3017373,9.327847,18.393217,-2.107612
batch_02450_patch.tiff,patch_3,9.364859,5.286703,9.59039,19.031717,-1.0031588
batch_02450_patch.tiff,patch_4,12.144483,5.922395,13.44762,18.992449,-1.5518242
batch_02450_patch.tiff,patch_5,12.378813,8.164216,12.061224,19.306963,1.3293111
batch_02450_patch.tiff,patch_6,9.388076,10.49726,1.876841,23.580126,-1.8881553
batch_02450_patch.tiff,patch_7,6.5115595,8.202961,3.911593,17.586569,1.2131552
batch_02450_patch.tiff,patch_8,3.3691914,1.563673,-3.016863,15.00096,-0.6667809
batch_02450_patch.tiff,patch_9,2.911383,1.7046983,-5.584167,16.461002,4.190112
batch_02450_patch.tiff,patch_10,18.30315,7.3921523,11.440307,22.368622,-3.5420713
batch_02450_patch.tiff,patch_11,16.783972,12.201799,15.358971,18.74792,-7.3350816
batch_02450_patch.tiff,patch_12,11.72853,11.236891,10.30343,19.4693,-3.8980296
batch_02450_patch.tiff,patch_13,11.487624,9.481296,2.8839986,21.045187,3.563526
batch_02450_patch.tiff,patch_14,9.064202,6.2134004,5.6911283,18.581532,-1.3175756
batch_02450_patch.tiff,patch_15,11.810556,5.893313,5.5216084,20.02042,2.5827532
batch_02450_patch.tiff,patch_16,14.001301,6.9441476,8.290827,21.139484,-0.064544745
batch_02450_patch.tiff,patch_17,8.54957,8.142016,12.413954,17.810204,0.12385116
batch_02450_patch.tiff,patch_18,10.430735,8.170371,11.864018,17.918072,2.7962716
batch_02450_patch.tiff,patch_19,9.822802,10.312971,2.4190497,21.128473,0.57700133
batch_02450_patch.tiff,patch_20,11.8412485,5.449139,3.7625742,17.531755,-4.6901255
batch_02450_patch.tiff,patch_21,3.2517664,0.43711007,-4.3018703,15.008074,1.8636646
batch_02450_patch.tiff,patch_22,3.3112907,4.5798016,-1.8712755,15.094084,0.48384973
batch_02450_patch.tiff,patch_23,18.356672,7.080403,7.9125886,20.740753,-0.08414261
batch_02450_patch.tiff,patch_24,19.681843,9.221556,11.887311,22.938314,-1.6572219
batch_02450_patch.tiff,patch_25,13.215229,8.774436,12.250357,21.115995,-2.8631947
batch_02450_patch.tiff,patch_26,5.567872,7.1455092,5.6378665,17.678295,-2.0803843
batch_02450_patch.tiff,patch_27,14.003929,9.03895,4.983757,18.705362,7.973953
batch_02450_patch.tiff,patch_28,8.409835,5.262488,8.356642,16.40778,-1.5520283
batch_02450_patch.tiff,patch_29,11.555375,3.775956,11.368613,18.028454,-6.997057
batch_02450_patch.tiff,patch_30,13.383092,7.349319,13.3315935,18.943537,-2.571424
batch_02450_patch.tiff,patch_31,12.069013,6.520091,11.229225,17.519003,1.2870905
batch_02450_patch.tiff,patch_32,6.1914597,8.139435,3.7789006,18.65742,-0.16265215
batch_02450_patch.tiff,patch_33,6.8594985,7.729021,2.8274758,17.81207,-3.8096457
batch_02450_patch.tiff,patch_34,3.2751327,3.148519,-0.29823634,18.797968,-2.3818758
batch_02450_patch.tiff,patch_35,2.1447668,-0.8575531,-1.8373816,15.999007,-1.0000864
batch_02450_patch.tiff,patch_36,14.741089,11.246119,11.545458,16.689316,-3.0003772
batch_02450_patch.tiff,patch_37,12.535789,9.114662,5.5304327,19.162563,-4.2477627
batch_02450_patch.tiff,patch_38,12.572613,7.471,11.839759,15.199043,-4.5054107
batch_02450_patch.tiff,patch_39,7.833772,8.960173,3.7612965,21.04653,3.8254514
batch_02450_patch.tiff,patch_40,13.886223,12.428273,7.1076093,22.225859,6.59568
batch_02450_patch.tiff,patch_41,7.64553,8.261559,11.040006,20.033133,-2.1874099
batch_02450_patch.tiff,patch_42,8.759947,4.656236,11.500119,18.674757,-2.9824433
batch_02450_patch.tiff,patch_43,10.565752,9.73254,5.4983764,19.424103,1.8977299
batch_02450_patch.tiff,patch_44,15.479433,10.651112,7.7459536,19.744972,-0.6283781
batch_02450_patch.tiff,patch_45,7.4992404,7.1871076,5.421629,17.45345,-0.035212055
batch_02450_patch.tiff,patch_46,9.487196,9.195261,5.796315,22.010723,0.2538111
batch_02450_patch.tiff,patch_47,4.046781,-1.7274692,-1.9070164,13.569501,1.4760531
batch_02450_patch.tiff,patch_48,4.5772805,1.6501346,-4.7472177,15.497408,1.9955119
batch_02450_patch.tiff,patch_49,9.909903,5.2227907,5.643764,16.391161,-5.1525774
batch_02450_patch.tiff,patch_50,9.737783,8.782548,6.0029697,22.246275,0.45351154
batch_02450_patch.tiff,patch_51,12.215786,8.465769,13.077402,17.792286,-0.03608526
batch_02450_patch.tiff,patch_52,12.866923,11.77846,4.2024326,22.287395,3.71754
batch_02450_patch.tiff,patch_53,12.055969,9.671702,10.143316,20.825647,6.2982593
batch_02450_patch.tiff,patch_54,10.145649,6.709757,12.507324,16.4442,-1.2835562
batch_02450_patch.tiff,patch_55,8.282858,10.085706,8.6595335,17.440268,-2.1585827
batch_02450_patch.tiff,patch_56,11.8362,9.049296,8.650241,26.486837,-1.2544558
batch_02450_patch.tiff,patch_57,13.586379,12.096625,8.801131,27.811735,-2.0697637
batch_02450_patch.tiff,patch_58,9.963658,7.841291,5.9134164,19.68615,1.4291868
batch_02450_patch.tiff,patch_59,8.304608,6.4649587,3.29871,17.357445,-0.44414994
batch_02450_patch.tiff,patch_60,8.934869,6.3983383,11.0579,20.101067,-2.2256625
batch_02450_patch.tiff,patch_61,9.935119,4.628214,10.389307,20.47213,-0.039612927
batch_02450_patch.tiff,patch_62,15.703563,10.014386,0.03888485,14.535197,1.410323
batch_02450_patch.tiff,patch_63,12.301233,8.539959,2.635666,16.472435,3.3050528
batch_02450_patch.tiff,patch_64,11.0205765,4.9653,10.097515,18.971996,-1.7171055
batch_02450_patch.tiff,patch_65,11.231553,13.998124,6.9012394,20.880497,-2.020107
batch_02450_patch.tiff,patch_66,10.765944,0.34645858,8.985819,16.90078,-2.2324634
batch_02450_patch.tiff,patch_67,12.558979,5.041258,10.039278,21.018948,1.2074376
batch_02450_patch.tiff,patch_68,17.4491,12.66223,13.143947,27.492714,-3.255174
batch_02450_patch.tiff,patch_69,16.208963,12.294286,12.274718,27.327719,-1.7028997
batch_02450_patch.tiff,patch_70,8.102657,7.426116,8.59529,19.991228,-0.1805788
batch_02450_patch.tiff,patch_71,6.397836,6.18779,6.18554,16.459719,-0.67058784
batch_02450_patch.tiff,patch_72,10.430547,5.545051,2.8634698,16.771387,-2.8619869
batch_02450_patch.tiff,patch_73,11.721434,7.090554,0.51643324,20.580126,2.639734
batch_02450_patch.tiff,patch_74,13.697638,11.770057,-1.8696972,20.949917,-3.7839108
batch_02450_patch.tiff,patch_75,16.044062,13.237755,3.302893,21.931414,-2.9823112
batch_02450_patch.tiff,patch_76,5.9489756,6.1614413,6.925375,17.91127,-3.308434
batch_02450_patch.tiff,patch_77,9.757334,6.015746,10.698435,16.868507,-3.051638
batch_02450_patch.tiff,patch_78,9.078093,3.6623263,9.5924225,18.157696,-2.1693552
batch_02450_patch.tiff,patch_79,10.112552,4.404292,8.576655,18.688755,0.47152203
batch_02450_patch.tiff,patch_80,12.101669,8.7465315,6.4890656,19.303783,4.4201236
batch_02450_patch.tiff,patch_81,14.256529,6.672168,3.4241383,18.114262,0.5270507
batch_02450_patch.tiff,patch_82,7.6225195,9.831686,7.2067747,20.67178,1.5085472
batch_02450_patch.tiff,patch_83,9.094972,7.335599,3.608897,17.978266,-1.3529117
batch_02450_patch.tiff,patch_84,12.601851,12.910439,3.9865274,23.944616,-0.471477
batch_02450_patch.tiff,patch_85,13.75679,8.387311,3.8374043,21.156948,1.5659378
batch_02450_patch.tiff,patch_86,7.3689523,6.070077,9.712253,15.324587,-2.317709
batch_02450_patch.tiff,patch_87,11.808355,8.440606,8.963079,17.684633,-3.9225507
batch_02450_patch.tiff,patch_88,9.379767,4.191111,6.3835154,17.49857,-0.4830887
batch_02450_patch.tiff,patch_89,10.6231365,6.914179,8.646252,17.17722,-2.5639422
batch_02450_patch.tiff,patch_90,12.151856,5.454085,11.890795,19.07067,-4.5725408
batch_02450_patch.tiff,patch_91,19.943474,7.314211,9.105291,21.44627,5.363942
batch_02450_patch.tiff,patch_92,12.077687,7.9492536,8.246235,19.52079,-7.8616757
batch_02450_patch.tiff,patch_93,11.192831,8.639798,2.4484231,20.165857,3.3027785
batch_02450_patch.tiff,patch_94,7.4888926,7.9056206,2.6999333,19.216003,1.8986993
batch_02450_patch.tiff,patch_95,12.522143,12.097846,6.544389,20.452078,-3.587236
batch_02450_patch.tiff,patch_96,11.082032,15.079654,6.0123014,19.986876,-2.7544265
batch_02450_patch.tiff,patch_97,6.0908437,6.767686,8.884858,14.920693,-6.833599
batch_02450_patch.tiff,patch_98,11.022233,12.821516,4.44355,21.13308,1.1384196
batch_02450_patch.tiff,patch_99,9.025139,5.6407247,9.681015,16.218136,-3.629518
batch_02450_patch.tiff,patch_100,9.037589,6.8703213,6.321403,19.79782,-0.90957254
batch_02450_patch.tiff,patch_101,9.233459,3.3249304,10.315619,20.587753,-3.0229173
batch_02450_patch.tiff,patch_102,15.862283,5.6877522,3.8633258,18.42317,7.6070676
batch_02450_patch.tiff,patch_103,9.046107,11.127426,10.272168,18.202505,-6.875791
batch_02450_patch.tiff,patch_104,12.692799,10.470647,13.438959,21.513992,-2.500086
batch_02450_patch.tiff,patch_105,4.423206,2.8800764,-6.1094923,15.554704,-0.22113317
batch_02450_patch.tiff,patch_106,4.423536,1.1723772,-4.6645403,15.7085,-0.7993463
batch_02450_patch.tiff,patch_107,8.085165,2.8022192,6.637005,14.530132,-1.0491625
batch_02450_patch.tiff,patch_108,9.690498,0.2657536,8.2862625,14.6558075,0.52975434
batch_02450_patch.tiff,patch_109,9.7958555,9.897627,3.7450368,21.586327,1.5110903
batch_02450_patch.tiff,patch_110,10.152489,11.146191,10.433172,16.894096,-2.6841948
batch_02450_patch.tiff,patch_111,11.467758,2.4658377,9.726771,18.984426,-0.19081913
batch_02450_patch.tiff,patch_112,9.277287,2.1587434,8.893627,18.571777,0.6412505
batch_02450_patch.tiff,patch_113,13.629489,5.5484242,11.136699,17.568146,-1.1983973
batch_02450_patch.tiff,patch_114,10.728425,12.603585,4.2337174,20.432348,3.6338434
batch_02450_patch.tiff,patch_115,15.235959,7.70309,12.06035,21.062569,0.889511
batch_02450_patch.tiff,patch_116,17.162058,9.74231,2.621396,19.986254,0.7433567
batch_02450_patch.tiff,patch_117,3.8817325,2.9607227,-5.058787,16.42572,0.9848815
batch_02450_patch.tiff,patch_118,4.5125794,1.7835598,-5.6329837,15.206634,2.1999505
batch_02450_patch.tiff,patch_119,6.73564,5.1786485,3.5308907,17.260424,-1.6474897
batch_02450_patch.tiff,patch_120,6.942656,4.289058,4.90258,15.893363,-2.7833562
batch_02450_patch.tiff,patch_121,10.85818,6.5667996,9.412397,20.125834,-1.8153127
batch_02450_patch.tiff,patch_122,16.147682,7.2905126,16.710182,18.05727,-3.257617
batch_02450_patch.tiff,patch_123,8.289747,11.274903,0.24850549,19.946775,2.543734
batch_02450_patch.tiff,patch_124,13.67706,8.922631,4.9774513,19.273764,4.7897444
batch_02450_patch.tiff,patch_125,3.5247662,8.728006,8.78053,20.33428,0.5404672
batch_02450_patch.tiff,patch_126,8.084052,5.067614,9.50078,16.65273,-1.0972795
batch_02450_patch.tiff,patch_127,6.887433,8.83426,8.384677,24.1239,-2.4523215
batch_02450_patch.tiff,patch_128,7.0644403,10.416063,5.964727,23.236809,-2.020249
batch_02450_patch.tiff,patch_129,12.109014,6.875668,2.2362235,18.52796,-9.373778
batch_02450_patch.tiff,patch_130,12.444766,5.6388984,4.7464256,21.34964,-8.114339
batch_02450_patch.tiff,patch_131,10.260507,9.530578,1.9880809,21.410767,-0.469564
batch_02450_patch.tiff,patch_132,10.043579,8.347337,3.1451256,17.923836,-3.9718828
batch_02450_patch.tiff,patch_133,12.122978,2.016336,7.064181,17.31985,-1.6809108
batch_02450_patch.tiff,patch_134,13.742125,7.9560037,10.637784,17.665606,-0.8327533
batch_02450_patch.tiff,patch_135,13.902765,10.757981,3.7190418,21.043264,5.104589
batch_02450_patch.tiff,patch_136,12.239291,10.738953,4.3498025,19.642933,6.6073375
batch_02450_patch.tiff,patch_137,10.521515,5.751073,10.18619,19.484589,1.5587611
batch_02450_patch.tiff,patch_138,6.713625,5.7345147,10.661326,17.809616,-2.1187036
batch_02450_patch.tiff,patch_139,5.7611938,9.361333,3.0017636,21.162964,0.44313234
batch_02450_patch.tiff,patch_140,9.042936,9.265771,1.4623511,22.70436,0.25883996
batch_02450_patch.tiff,patch_141,14.106695,6.885053,9.676924,20.916962,-7.33849
batch_02450_patch.tiff,patch_142,15.444782,9.31158,12.335573,20.797829,-6.8306704
batch_02450_patch.tiff,patch_143,13.376134,11.4936075,2.9809966,25.109812,1.774066
batch_02450_patch.tiff,patch_144,10.873131,11.204753,5.4090753,18.468592,-3.701455
batch_02450_patch.tiff,patch_145,13.740374,9.266151,13.846098,16.386606,-2.724454
batch_02450_patch.tiff,patch_146,12.586662,9.100696,15.1405115,17.194729,0.75860953
batch_02450_patch.tiff,patch_147,7.331841,7.7294393,10.178451,16.992277,-1.9255463
batch_02450_patch.tiff,patch_148,10.043279,6.081863,8.895834,20.465637,-1.2537385
batch_02450_patch.tiff,patch_149,15.149051,7.2142444,7.8611417,18.596844,0.19541797
batch_02450_patch.tiff,patch_150,14.802292,17.94774,8.359125,22.40446,3.2583742
batch_02450_patch.tiff,patch_151,8.049531,7.2606373,3.2496903,20.662666,1.5775872
batch_02450_patch.tiff,patch_152,8.620176,14.41637,4.0714264,23.25618,3.5146232
batch_02450_patch.tiff,patch_153,2.9596264,-0.83052427,-5.784593,15.033709,0.7317607
batch_02450_patch.tiff,patch_154,6.051965,1.6431965,-5.845238,17.003136,0.45037887
batch_02450_patch.tiff,patch_155,15.575777,16.557243,9.799745,23.272587,-5.380939
batch_02450_patch.tiff,patch_156,14.568747,14.202539,16.471182,19.050722,-6.18178
batch_02450_patch.tiff,patch_157,15.131811,4.7584453,14.880339,21.316326,-1.4016291
batch_02450_patch.tiff,patch_158,9.225942,5.941555,10.574884,18.711987,-1.9614834
batch_02450_patch.tiff,patch_159,10.142719,6.961698,13.412547,18.416729,-2.8473456
batch_02450_patch.tiff,patch_160,11.931947,7.515326,5.426172,20.665514,3.821208
batch_02450_patch.tiff,patch_161,12.941351,12.4074,11.472788,24.08271,-0.10736712
batch_02450_patch.tiff,patch_162,7.6109986,8.558336,3.481248,22.570293,-1.4918739
batch_02450_patch.tiff,patch_163,4.650083,13.821658,3.337463,23.602045,2.871478
batch_02450_patch.tiff,patch_164,3.0918615,2.5092459,-4.906773,15.512418,2.1912918
batch_02450_patch.tiff,patch_165,5.332757,0.41239485,-2.338387,16.017067,0.4880797
batch_02450_patch.tiff,patch_166,12.491237,14.830803,6.9888434,18.488237,-7.4886203
batch_02450_patch.tiff,patch_167,15.152438,13.559139,7.023206,20.53646,-6.011803
batch_02450_patch.tiff,patch_168,15.210528,6.621183,15.148545,20.3022,-2.109745
batch_02450_patch.tiff,patch_169,11.094064,5.033794,10.548326,16.499273,-0.6436922
batch_02450_patch.tiff,patch_170,15.177567,8.580957,9.41811,25.697691,-4.8868155
batch_02450_patch.tiff,patch_171,16.766584,5.1408505,5.4097733,19.138443,4.0883737
batch_02450_patch.tiff,patch_172,11.783257,10.534957,3.9170854,20.921968,2.3700206
batch_02450_patch.tiff,patch_173,8.334542,11.264735,6.8195734,20.755983,-5.3823752
batch_02450_patch.tiff,patch_174,2.7486284,0.50833297,-2.054001,15.828501,-4.768312
batch_02450_patch.tiff,patch_175,2.7394083,0.633477,-4.040526,14.724554,0.14828281
batch_02450_patch.tiff,patch_176,17.578154,15.5035925,-0.31789997,23.237715,-1.0748397
batch_02450_patch.tiff,patch_177,14.247994,12.878621,0.76554364,21.861502,-1.5539668
batch_02450_patch.tiff,patch_178,14.512427,10.285078,14.7140465,18.578974,-3.6485586
batch_02500_patch.tiff,patch_0,13.682258,5.962611,13.010168,20.63928,-1.0337228
batch_02500_patch.tiff,patch_1,14.791241,3.9518907,3.738923,18.21776,1.656708
batch_02500_patch.tiff,patch_2,13.114863,9.319129,6.826176,18.96203,-3.0698056
batch_02500_patch.tiff,patch_3,12.046784,13.10396,-0.9918063,16.012589,-12.934163
batch_02500_patch.tiff,patch_4,11.182232,7.290933,-4.468222,16.449833,1.5484105
batch_02500_patch.tiff,patch_5,6.694136,7.462334,6.3089147,17.665304,-0.8670469
batch_02500_patch.tiff,patch_6,9.168905,12.248623,9.110758,22.177898,-6.5588155
batch_02500_patch.tiff,patch_7,1.4383469,14.904142,2.7337658,16.029999,-6.7988167
batch_02500_patch.tiff,patch_8,15.514956,9.635564,14.249784,22.18999,-3.7211292
batch_02500_patch.tiff,patch_9,15.1795,5.0090766,12.777484,18.60874,-0.2571984
batch_02500_patch.tiff,patch_10,8.600288,9.708987,3.6258688,22.626852,-2.9164124
batch_02500_patch.tiff,patch_11,9.534814,8.115611,-2.3284051,19.632353,3.3343325
batch_02500_patch.tiff,patch_12,8.879719,5.065451,-1.6488506,18.366945,0.63000375
batch_02500_patch.tiff,patch_13,6.816209,7.2303705,-0.30292523,21.635105,-1.8372926
batch_02500_patch.tiff,patch_14,5.326177,10.020996,2.9562948,14.452526,-2.551058
batch_02500_patch.tiff,patch_15,4.929242,11.631141,6.041872,14.369703,-7.556996
batch_02500_patch.tiff,patch_16,6.433771,11.640674,12.941459,18.490807,-10.47537
batch_02500_patch.tiff,patch_17,17.60775,6.623996,7.415289,23.731968,-3.4409084
batch_02500_patch.tiff,patch_18,17.988937,3.923554,5.868351,19.226793,1.9306835
batch_02500_patch.tiff,patch_19,12.892796,12.570768,4.028341,21.97858,-0.44855678
batch_02500_patch.tiff,patch_20,11.671546,11.351562,5.7743545,20.690163,0.055531725
batch_02500_patch.tiff,patch_21,12.921685,5.587095,4.5237203,16.44604,0.6417283
batch_02500_patch.tiff,patch_22,11.589474,8.006864,-0.5361818,17.356998,3.1593616
batch_02500_patch.tiff,patch_23,2.860061,9.656249,2.3853917,16.939636,-3.2018938
batch_02500_patch.tiff,patch_24,6.4001746,8.961128,5.725898,16.910418,-4.4123282
batch_02500_patch.tiff,patch_25,13.534732,6.956537,5.9504824,19.58566,-6.358549
batch_02500_patch.tiff,patch_26,15.842101,8.384688,13.980265,20.963955,-12.078963
batch_02500_patch.tiff,patch_27,15.226683,8.899635,11.903231,22.941778,-7.7771044
batch_02500_patch.tiff,patch_28,11.085277,5.265938,-3.2021434,18.084993,2.8444133
batch_02500_patch.tiff,patch_29,13.842573,8.224477,1.4978864,19.289358,2.9585023
batch_02500_patch.tiff,patch_30,10.933545,7.751722,1.2732211,20.85866,2.053478
batch_02500_patch.tiff,patch_31,8.812285,7.9794908,0.35174328,21.70778,0.9567767
batch_02500_patch.tiff,patch_32,5.098045,11.7294855,4.622287,17.517254,-6.037228
batch_02500_patch.tiff,patch_33,3.3621776,7.7728667,3.4870472,15.014079,-3.9628742
batch_02500_patch.tiff,patch_34,7.897995,6.3935556,9.577814,15.188295,-3.4678516
batch_02500_patch.tiff,patch_35,12.317963,11.157024,15.011642,22.62246,-7.762622
batch_02500_patch.tiff,patch_36,12.465535,6.8886285,12.059833,20.281462,-1.8197479
batch_02500_patch.tiff,patch_37,10.137439,4.9462023,1.3967047,17.988085,-1.1026773
batch_02500_patch.tiff,patch_38,13.167641,7.473229,3.0869849,19.221752,0.588329
batch_02500_patch.tiff,patch_39,15.872162,6.8841615,4.866413,22.981329,-4.159161
batch_02500_patch.tiff,patch_40,13.43044,8.943365,13.086899,24.85796,-6.9653015
batch_02500_patch.tiff,patch_41,4.7074227,8.724329,5.980942,16.800922,-3.6878414
batch_02500_patch.tiff,patch_42,5.8093596,12.086858,7.20781,15.899456,-2.2877421
batch_02500_patch.tiff,patch_43,9.014419,11.250902,12.418662,19.373343,-6.9285665
batch_02500_patch.tiff,patch_44,15.912334,6.9717693,15.090484,22.37563,-2.9599679
batch_02500_patch.tiff,patch_45,8.643005,8.664946,2.9071484,17.99752,-0.9076047
batch_02500_patch.tiff,patch_46,8.529442,5.1565714,2.160904,16.634888,-0.05848093
batch_02500_patch.tiff,patch_47,15.486496,9.322806,12.365334,26.570547,-3.9757788
batch_02500_patch.tiff,patch_48,14.495101,12.345371,15.787019,27.954926,-6.8611064
batch_02500_patch.tiff,patch_49,7.1999636,8.252065,7.6629596,15.807107,-3.9342349
batch_02500_patch.tiff,patch_50,7.7119584,10.353294,8.3358,16.13641,-4.0250244
batch_02500_patch.tiff,patch_51,8.415328,8.781145,16.63318,17.78124,-5.332339
batch_02500_patch.tiff,patch_52,11.253215,5.950575,11.805714,19.237055,-2.597608
batch_02500_patch.tiff,patch_53,12.096954,8.9604645,11.179163,21.690321,-0.5215844
batch_02500_patch.tiff,patch_54,4.354606,7.698988,10.592025,19.701345,-2.8780444
batch_02500_patch.tiff,patch_55,5.662066,13.688636,6.456801,17.91677,-6.9709997
batch_02500_patch.tiff,patch_56,4.3081913,10.971761,12.182635,16.640564,-4.80147
batch_02500_patch.tiff,patch_57,4.760551,9.186564,11.8143425,14.486315,-4.872084
batch_02500_patch.tiff,patch_58,14.733038,7.8850474,16.030891,19.652935,-4.768662
batch_02500_patch.tiff,patch_59,12.986576,6.069034,2.8657188,19.103617,7.8646464
batch_02500_patch.tiff,patch_60,9.619435,4.6463737,9.422315,20.478018,-3.43181
batch_02500_patch.tiff,patch_61,13.560991,5.548379,1.7119882,16.56664,2.5960653
batch_02500_patch.tiff,patch_62,6.1740413,11.576443,10.947779,17.486649,-5.5074983
batch_02500_patch.tiff,patch_63,5.2375197,8.572771,8.151348,15.626287,-5.4802094
batch_02500_patch.tiff,patch_64,4.6271377,9.761559,6.074412,16.836105,-4.622526
batch_02500_patch.tiff,patch_65,5.965202,9.471977,9.527689,15.872142,-4.579975
batch_02500_patch.tiff,patch_66,13.215148,8.150374,4.1464057,18.518854,2.540603
batch_02500_patch.tiff,patch_67,12.508948,6.8841205,4.031461,20.027231,2.2022185
batch_02500_patch.tiff,patch_68,9.578953,4.733975,1.1646447,16.603867,4.756708
batch_02500_patch.tiff,patch_69,9.455386,5.916844,13.226467,18.43441,-6.247713
batch_02500_patch.tiff,patch_70,9.7099495,8.715756,12.731843,15.942377,-4.8728523
batch_02500_patch.tiff,patch_71,2.764432,8.715234,3.6439404,14.636288,-0.8795584
batch_02500_patch.tiff,patch_72,5.559804,7.182816,10.434406,14.0513,-4.230552
batch_02500_patch.tiff,patch_73,9.535852,4.6081767,5.911535,16.77362,-1.5820986
