source_image,spot_id,epithelial,dead cells,fibroblasts,leukocytes,cancer cells
batch_00000_patch.tiff,patch_0,25.764078,23.813808,25.831482,24.82279,26.498714
batch_00000_patch.tiff,patch_1,26.58965,24.01705,28.101906,24.087654,27.4839
batch_00000_patch.tiff,patch_2,26.811306,23.834023,25.118393,24.728949,26.649805
batch_00000_patch.tiff,patch_3,27.005333,23.774393,25.721773,23.291481,24.927511
batch_00000_patch.tiff,patch_4,25.33739,24.224245,23.689043,25.72542,27.043858
batch_00000_patch.tiff,patch_5,25.647497,24.196497,24.092472,24.159681,26.711239
batch_00000_patch.tiff,patch_6,25.10367,23.69174,22.662746,25.365183,26.877604
batch_00000_patch.tiff,patch_7,24.763601,23.751328,23.996414,24.29832,25.9898
batch_00000_patch.tiff,patch_8,25.071825,23.899645,23.234066,25.644728,27.729027
batch_00000_patch.tiff,patch_9,25.284712,23.901041,25.866184,25.745146,27.422667
batch_00000_patch.tiff,patch_10,26.338434,23.098116,25.323545,22.282701,26.189323
batch_00000_patch.tiff,patch_11,25.822777,23.798674,23.77449,24.523281,26.743029
batch_00000_patch.tiff,patch_12,25.207132,24.003525,25.367882,24.890944,27.068655
batch_00000_patch.tiff,patch_13,28.39002,23.88222,26.93476,24.296825,27.781906
batch_00000_patch.tiff,patch_14,26.599138,24.403679,25.649189,24.104702,25.62034
batch_00000_patch.tiff,patch_15,25.049223,23.883314,23.648188,25.433945,27.385683
batch_00000_patch.tiff,patch_16,26.403267,23.288553,24.692339,24.166128,26.536076
batch_00000_patch.tiff,patch_17,24.89408,24.147305,23.851847,25.667028,26.881924
batch_00000_patch.tiff,patch_18,26.922323,24.26181,23.548742,24.596273,25.907404
batch_00000_patch.tiff,patch_19,25.790636,23.532726,22.090443,24.185207,26.525848
batch_00000_patch.tiff,patch_20,25.715471,23.730215,25.527905,25.484655,26.931442
batch_00000_patch.tiff,patch_21,26.194258,23.155563,25.072771,22.992943,26.0925
batch_00000_patch.tiff,patch_22,25.849052,24.099117,24.83309,24.197474,26.739634
batch_00000_patch.tiff,patch_23,26.550747,24.146544,26.76827,25.432278,28.153864
batch_00000_patch.tiff,patch_24,27.016407,25.189814,26.64127,25.251467,27.688139
batch_00000_patch.tiff,patch_25,26.740566,24.249275,24.947435,24.536133,25.92837
batch_00000_patch.tiff,patch_26,27.183796,23.938623,25.30371,23.901682,26.059908
batch_00000_patch.tiff,patch_27,25.919197,23.080803,23.573912,23.529047,26.14308
batch_00000_patch.tiff,patch_28,27.009201,23.824427,24.276262,25.306175,26.686232
batch_00000_patch.tiff,patch_29,26.44334,25.078987,26.297813,26.072752,27.662422
batch_00000_patch.tiff,patch_30,27.580467,24.295692,26.73273,24.616823,27.17527
batch_00000_patch.tiff,patch_31,24.475243,23.333345,22.389874,23.765127,26.226725
batch_00000_patch.tiff,patch_32,24.557865,23.797924,23.853031,23.715845,24.607542
batch_00000_patch.tiff,patch_33,26.24529,23.278648,24.643642,24.557444,26.584517
batch_00000_patch.tiff,patch_34,25.831076,23.192265,23.879269,24.638597,26.389557
batch_00000_patch.tiff,patch_35,26.872965,22.753477,26.217953,23.902365,26.771748
batch_00000_patch.tiff,patch_36,25.529423,23.867771,25.189102,25.611393,27.223616
batch_00000_patch.tiff,patch_37,25.502928,23.184559,25.011871,24.5967,26.179445
batch_00000_patch.tiff,patch_38,25.793968,23.804577,26.275553,23.951715,25.53722
batch_00000_patch.tiff,patch_39,26.445591,23.331898,23.862343,24.68138,26.296
batch_00000_patch.tiff,patch_40,26.630001,23.79236,24.231575,25.179142,26.81463
batch_00000_patch.tiff,patch_41,26.705528,24.318144,25.979042,25.01802,27.059465
batch_00000_patch.tiff,patch_42,26.541311,24.19038,25.066612,25.88359,27.38657
batch_00000_patch.tiff,patch_43,25.508911,23.613123,24.172503,24.82937,27.067728
batch_00000_patch.tiff,patch_44,25.700914,23.175941,23.86414,24.978006,26.718126
batch_00000_patch.tiff,patch_45,25.827084,23.615973,24.003988,24.685497,27.649485
batch_00000_patch.tiff,patch_46,24.93446,23.269958,24.665024,25.025352,26.828022
batch_00000_patch.tiff,patch_47,24.524035,24.24357,24.337234,28.152834,28.013151
batch_00000_patch.tiff,patch_48,26.098652,23.438099,25.718578,24.025333,25.946608
batch_00000_patch.tiff,patch_49,27.44642,23.139248,26.763737,23.311697,25.695404
batch_00000_patch.tiff,patch_50,26.055927,23.9447,23.433304,24.728558,26.855732
batch_00000_patch.tiff,patch_51,25.960772,23.573824,24.280838,25.303207,27.107748
batch_00000_patch.tiff,patch_52,24.7626,23.496283,23.869612,24.313295,26.326113
batch_00000_patch.tiff,patch_53,26.657549,22.532421,23.866959,23.750164,25.789944
batch_00000_patch.tiff,patch_54,24.825743,22.745163,22.77375,24.611118,25.918755
batch_00000_patch.tiff,patch_55,25.202686,23.30701,22.835138,25.035337,26.886553
batch_00000_patch.tiff,patch_56,25.06528,23.640171,25.493778,24.916986,26.678118
batch_00000_patch.tiff,patch_57,24.933722,23.555733,25.610634,24.622501,26.376467
batch_00000_patch.tiff,patch_58,27.00467,24.602413,26.280024,23.924078,25.572865
batch_00000_patch.tiff,patch_59,28.47996,23.540901,26.868864,23.188675,25.012041
batch_00000_patch.tiff,patch_60,27.405329,23.485994,23.755766,23.053698,26.641943
batch_00000_patch.tiff,patch_61,26.181927,23.347446,22.396635,24.622616,26.383385
batch_00000_patch.tiff,patch_62,26.393284,23.341232,24.136097,23.975351,26.094015
batch_00000_patch.tiff,patch_63,26.87699,22.742311,25.036581,22.60762,25.846006
batch_00000_patch.tiff,patch_64,25.689718,22.557505,24.683449,23.372374,25.519207
batch_00000_patch.tiff,patch_65,26.014765,23.44403,24.769308,24.180082,26.816463
batch_00000_patch.tiff,patch_66,26.511278,23.89054,23.233646,24.70457,26.806616
batch_00000_patch.tiff,patch_67,24.211912,23.957148,22.992222,26.50311,27.773722
batch_00000_patch.tiff,patch_68,26.001123,24.42078,24.746239,24.31674,26.76093
batch_00000_patch.tiff,patch_69,25.398829,23.569324,24.10863,23.773216,26.574854
batch_00000_patch.tiff,patch_70,26.633444,23.063187,24.48005,24.680733,26.685259
batch_00000_patch.tiff,patch_71,26.962967,23.72082,24.053959,25.255793,26.818989
batch_00000_patch.tiff,patch_72,27.48828,22.891672,25.61757,23.639616,25.823689
batch_00000_patch.tiff,patch_73,25.45378,23.635664,24.01301,25.46959,27.341196
batch_00000_patch.tiff,patch_74,25.843573,22.98535,23.344845,23.973862,26.333485
batch_00000_patch.tiff,patch_75,26.055965,23.380976,24.365522,24.149862,26.48935
batch_00000_patch.tiff,patch_76,25.716484,24.88494,24.071594,27.771124,29.010504
batch_00000_patch.tiff,patch_77,25.813643,24.69374,24.398188,26.245298,27.940487
batch_00000_patch.tiff,patch_78,26.581594,23.136301,24.53394,25.305853,26.541578
batch_00000_patch.tiff,patch_79,25.356329,23.298048,22.303852,25.65637,26.795198
batch_00000_patch.tiff,patch_80,27.169916,24.244114,26.286545,24.198576,27.170341
batch_00000_patch.tiff,patch_81,26.99014,22.166273,24.812096,23.533789,25.357277
batch_00000_patch.tiff,patch_82,26.308922,22.348352,23.62346,24.859715,25.860634
batch_00000_patch.tiff,patch_83,25.317572,22.577698,24.168533,25.05569,26.428915
batch_00000_patch.tiff,patch_84,25.963713,23.747314,24.546152,25.22133,26.544012
batch_00000_patch.tiff,patch_85,25.93894,23.26423,24.126122,24.37183,26.373896
batch_00000_patch.tiff,patch_86,27.974358,23.775305,25.403912,21.571781,25.892418
batch_00000_patch.tiff,patch_87,26.941982,24.312246,26.358614,23.95083,25.740213
batch_00000_patch.tiff,patch_88,25.85929,23.717197,22.138859,26.472094,27.266884
batch_00000_patch.tiff,patch_89,26.54424,22.750797,24.042765,24.99218,26.882187
batch_00000_patch.tiff,patch_90,25.952124,23.912853,23.78486,24.856731,26.954817
batch_00000_patch.tiff,patch_91,27.713984,22.510887,26.789719,22.246756,25.788433
batch_00000_patch.tiff,patch_92,25.222631,22.82267,23.198374,24.735743,26.12705
batch_00000_patch.tiff,patch_93,26.9215,22.040428,23.16092,25.022804,25.68633
batch_00000_patch.tiff,patch_94,27.044847,24.522362,26.047266,24.63302,27.531124
batch_00000_patch.tiff,patch_95,25.92078,24.073824,25.494314,24.520262,27.13917
batch_00000_patch.tiff,patch_96,25.586056,24.102577,24.247513,24.753988,27.208057
batch_00000_patch.tiff,patch_97,26.32032,23.132175,25.26694,24.716137,26.335121
batch_00000_patch.tiff,patch_98,27.203888,22.395914,25.552519,22.637308,25.516447
batch_00000_patch.tiff,patch_99,27.637405,23.952278,27.012291,23.368406,25.19414
batch_00000_patch.tiff,patch_100,25.654999,22.163876,21.745794,24.752087,26.04273
batch_00000_patch.tiff,patch_101,25.431244,23.55212,23.196846,25.624983,26.956305
batch_00000_patch.tiff,patch_102,27.019693,24.013334,23.810364,24.488153,27.79279
batch_00000_patch.tiff,patch_103,26.440374,23.169922,25.281525,23.322954,25.851751
batch_00000_patch.tiff,patch_104,26.543966,23.050205,25.06659,23.951887,25.993256
batch_00000_patch.tiff,patch_105,25.151201,21.582527,22.929451,24.443075,25.800846
batch_00000_patch.tiff,patch_106,25.365946,24.506895,25.088037,27.116995,28.487324
batch_00000_patch.tiff,patch_107,24.77517,23.419456,24.51581,25.031542,26.466785
batch_00000_patch.tiff,patch_108,25.798656,23.586107,24.241741,25.289986,26.73269
batch_00000_patch.tiff,patch_109,24.093685,22.301367,22.718065,23.893772,25.015133
batch_00000_patch.tiff,patch_110,28.4555,24.29517,25.506868,22.562906,26.626272
batch_00000_patch.tiff,patch_111,26.93029,24.156704,27.688858,22.669067,25.83941
batch_00000_patch.tiff,patch_112,24.871302,23.022156,22.958532,25.455898,26.70543
batch_00000_patch.tiff,patch_113,25.544651,22.838701,22.187817,24.050833,25.777111
batch_00000_patch.tiff,patch_114,24.797318,21.921434,22.123936,24.135603,25.563435
batch_00000_patch.tiff,patch_115,26.133629,24.023733,23.128988,24.832748,27.182455
batch_00000_patch.tiff,patch_116,24.944757,23.179953,22.62448,24.94458,26.425123
batch_00000_patch.tiff,patch_117,24.930775,23.187021,22.925953,24.717772,26.395351
batch_00000_patch.tiff,patch_118,25.346678,22.530184,22.93436,23.839184,26.053097
batch_00000_patch.tiff,patch_119,25.17978,23.09311,23.302773,24.381756,26.345821
batch_00000_patch.tiff,patch_120,25.600021,23.292324,24.271517,24.915634,26.792822
batch_00000_patch.tiff,patch_121,27.491909,22.580517,26.84947,21.583214,24.61925
batch_00000_patch.tiff,patch_122,26.979506,24.507792,26.562933,23.587374,25.9029
batch_00000_patch.tiff,patch_123,26.4833,24.404776,23.557999,25.256044,27.384975
batch_00000_patch.tiff,patch_124,25.816984,24.470211,24.478233,26.583939,26.982044
batch_00000_patch.tiff,patch_125,25.186426,24.166058,22.841537,26.064383,26.60069
batch_00000_patch.tiff,patch_126,26.745932,23.304438,25.2199,25.032402,27.009924
batch_00000_patch.tiff,patch_127,25.779783,23.89736,24.312313,24.906164,26.985762
batch_00000_patch.tiff,patch_128,26.739733,23.121193,25.345846,23.769611,26.370438
batch_00000_patch.tiff,patch_129,26.597483,23.334358,25.392998,23.707981,26.816917
batch_00000_patch.tiff,patch_130,25.14358,23.310478,23.721594,24.872828,26.683212
batch_00000_patch.tiff,patch_131,25.849554,23.825146,26.213158,23.167105,24.892862
batch_00000_patch.tiff,patch_132,24.87389,23.97295,24.497383,27.049671,27.17279
batch_00000_patch.tiff,patch_133,26.157341,23.912292,26.110687,24.139635,26.921938
batch_00000_patch.tiff,patch_134,25.495531,21.94977,23.56029,22.955494,24.838238
batch_00000_patch.tiff,patch_135,26.408327,23.363289,25.291021,23.257868,26.1117
batch_00000_patch.tiff,patch_136,25.890297,23.99457,23.694452,25.309734,27.422668
batch_00000_patch.tiff,patch_137,25.487848,23.23826,24.521921,25.313213,26.936747
batch_00000_patch.tiff,patch_138,25.1172,23.739723,24.700838,24.79294,26.52168
batch_00000_patch.tiff,patch_139,24.892233,23.019812,23.18673,25.129004,26.814531
batch_00000_patch.tiff,patch_140,25.044212,24.021008,25.788242,24.343065,25.828964
batch_00000_patch.tiff,patch_141,25.194113,24.342136,25.929018,23.46116,24.643087
batch_00000_patch.tiff,patch_142,26.424362,23.784626,25.890865,25.735043,26.977057
batch_00000_patch.tiff,patch_143,27.635418,24.44418,26.970758,24.412024,26.991161
batch_00000_patch.tiff,patch_144,26.752468,23.36093,26.01721,21.605072,25.818232
batch_00000_patch.tiff,patch_145,25.99728,23.321493,23.66915,24.769905,26.593163
batch_00000_patch.tiff,patch_146,25.32333,23.818058,22.913574,24.40076,26.649904
batch_00000_patch.tiff,patch_147,26.576672,24.824333,24.910986,24.586725,27.582756
batch_00000_patch.tiff,patch_148,27.260685,24.619095,27.26189,24.577692,26.608145
batch_00000_patch.tiff,patch_149,26.230387,23.446037,25.450846,24.313395,26.016783
batch_00000_patch.tiff,patch_150,26.514088,22.860863,26.48576,20.574852,24.873499
batch_00000_patch.tiff,patch_151,27.077158,23.822239,26.45497,22.85602,24.486626
batch_00000_patch.tiff,patch_152,27.951845,23.9957,26.883879,23.610054,25.72261
batch_00000_patch.tiff,patch_153,25.815771,23.38204,23.461033,24.3886,26.865843
batch_00000_patch.tiff,patch_154,25.798532,23.172403,22.858786,25.268953,27.086864
batch_00000_patch.tiff,patch_155,26.453259,22.674847,24.092106,23.925009,25.524508
batch_00000_patch.tiff,patch_156,26.27223,22.770613,22.767883,24.455187,26.165165
batch_00000_patch.tiff,patch_157,24.14613,24.17425,25.108446,24.479052,25.77501
batch_00000_patch.tiff,patch_158,25.642988,23.469494,24.31838,24.219654,26.642101
batch_00000_patch.tiff,patch_159,26.658264,23.41616,24.85745,24.262836,26.967924
batch_00000_patch.tiff,patch_160,26.475256,24.402273,26.226528,24.740057,27.738335
batch_00050_patch.tiff,patch_0,25.657509,23.507286,23.704838,25.1454,26.81468
batch_00050_patch.tiff,patch_1,24.199858,22.952627,22.865202,23.757994,25.590742
batch_00050_patch.tiff,patch_2,24.560484,24.665314,25.9516,26.2117,28.059965
batch_00050_patch.tiff,patch_3,25.010448,24.8026,25.544462,26.863016,28.365723
batch_00050_patch.tiff,patch_4,26.195723,22.91425,23.292803,24.677027,25.999317
batch_00050_patch.tiff,patch_5,24.935358,24.398561,23.127636,24.696873,26.480255
batch_00050_patch.tiff,patch_6,26.256351,23.012325,24.04998,23.947622,25.664433
batch_00050_patch.tiff,patch_7,25.431147,24.07219,23.751139,26.097858,26.89052
batch_00050_patch.tiff,patch_8,25.412043,23.69076,24.4668,24.69586,25.8519
batch_00050_patch.tiff,patch_9,25.760038,23.319426,23.1294,25.2238,26.334284
batch_00050_patch.tiff,patch_10,24.982754,23.015186,23.671177,24.947355,25.88418
batch_00050_patch.tiff,patch_11,24.808023,24.215746,25.019657,24.306002,25.578827
batch_00050_patch.tiff,patch_12,25.576916,24.725065,26.233568,23.67376,25.408695
batch_00050_patch.tiff,patch_13,25.94879,23.76632,23.73339,25.643923,26.998827
batch_00050_patch.tiff,patch_14,25.373024,23.948572,25.186304,24.215303,26.607597
batch_00050_patch.tiff,patch_15,26.04823,24.41049,26.18817,25.061821,28.224155
batch_00050_patch.tiff,patch_16,24.267502,25.047476,24.092976,27.23083,29.20598
batch_00050_patch.tiff,patch_17,26.309605,24.19669,22.851658,26.422739,27.150232
batch_00050_patch.tiff,patch_18,26.369337,24.956404,23.709867,25.064905,27.160748
batch_00050_patch.tiff,patch_19,25.654419,22.268543,24.041115,22.841856,24.71629
batch_00050_patch.tiff,patch_20,25.887888,23.609953,24.63113,24.348787,25.966652
batch_00050_patch.tiff,patch_21,25.411844,23.3808,24.257812,24.998432,26.176844
batch_00050_patch.tiff,patch_22,24.701572,23.388382,23.74227,24.461586,26.265207
batch_00050_patch.tiff,patch_23,24.280817,22.917452,24.988386,22.689638,23.250637
batch_00050_patch.tiff,patch_24,25.448616,23.65194,25.090837,25.064756,26.368948
batch_00050_patch.tiff,patch_25,23.955873,23.498596,24.689838,23.935772,23.845335
batch_00050_patch.tiff,patch_26,25.241058,24.010763,25.399263,24.117672,26.925074
batch_00050_patch.tiff,patch_27,24.14405,23.535553,23.53751,25.108608,26.329979
batch_00050_patch.tiff,patch_28,26.101345,23.270504,22.292782,25.902277,26.155909
batch_00050_patch.tiff,patch_29,25.195562,22.352852,23.356144,25.510303,26.263136
batch_00050_patch.tiff,patch_30,24.672464,23.058084,22.272945,23.575212,23.752735
batch_00050_patch.tiff,patch_31,24.506243,22.843964,22.729391,25.6091,25.729425
batch_00050_patch.tiff,patch_32,26.062704,22.410471,22.980385,24.92761,25.440935
batch_00050_patch.tiff,patch_33,26.206888,22.813002,24.484001,23.219496,26.039059
batch_00050_patch.tiff,patch_34,26.005344,23.13965,24.411097,23.816448,25.928926
batch_00050_patch.tiff,patch_35,25.522644,23.544868,23.657883,25.745178,26.929005
batch_00050_patch.tiff,patch_36,24.571493,23.77728,23.603556,26.954237,28.279873
batch_00050_patch.tiff,patch_37,24.793596,24.20223,25.133402,26.961771,28.454664
batch_00050_patch.tiff,patch_38,26.159761,22.829365,26.131779,24.085188,25.844261
batch_00050_patch.tiff,patch_39,25.868986,23.507784,25.14491,24.581865,26.820663
batch_00050_patch.tiff,patch_40,26.105612,22.991318,23.140257,24.587954,26.505508
batch_00050_patch.tiff,patch_41,25.434933,23.605164,23.135855,24.607794,25.80159
batch_00050_patch.tiff,patch_42,24.854477,23.23339,23.271805,24.274115,25.402267
batch_00050_patch.tiff,patch_43,25.39336,23.426212,22.978807,25.071491,25.488958
batch_00050_patch.tiff,patch_44,25.785286,23.704514,24.006815,23.592136,25.161884
batch_00050_patch.tiff,patch_45,27.234503,23.762127,25.968771,24.276962,26.008554
batch_00050_patch.tiff,patch_46,25.413412,23.178568,24.381536,24.02399,25.686808
batch_00050_patch.tiff,patch_47,25.483938,23.335855,23.532648,25.22564,26.717678
batch_00050_patch.tiff,patch_48,24.67835,23.823519,24.491932,24.179756,25.990355
batch_00050_patch.tiff,patch_49,24.798042,24.848585,24.333965,26.86589,28.694696
batch_00050_patch.tiff,patch_50,24.714088,24.794363,24.734762,26.525942,28.400385
batch_00050_patch.tiff,patch_51,24.962927,22.905254,25.27706,23.67653,24.998192
batch_00050_patch.tiff,patch_52,25.611652,23.65965,24.265804,24.393122,26.990473
batch_00050_patch.tiff,patch_53,25.251339,22.624397,22.904533,24.74578,26.219065
batch_00050_patch.tiff,patch_54,26.107933,23.963634,22.941496,25.893835,26.91041
batch_00050_patch.tiff,patch_55,24.920755,23.921122,22.207394,26.253624,26.574581
batch_00050_patch.tiff,patch_56,25.4327,24.476156,23.365025,25.701668,27.157772
batch_00050_patch.tiff,patch_57,27.010939,23.661877,24.887877,23.566341,26.137943
batch_00050_patch.tiff,patch_58,26.205585,22.778574,25.419933,22.420242,25.113749
batch_00050_patch.tiff,patch_59,26.110056,22.587849,24.38514,23.00239,25.731102
batch_00050_patch.tiff,patch_60,24.725044,23.814543,23.917315,23.15534,25.069466
batch_00050_patch.tiff,patch_61,24.983088,23.95083,22.18229,26.032362,27.11249
batch_00050_patch.tiff,patch_62,26.29785,23.370853,26.03587,24.29915,25.605295
batch_00050_patch.tiff,patch_63,25.81599,22.783184,25.740234,23.957409,24.603014
batch_00050_patch.tiff,patch_64,25.541206,24.195518,24.956491,25.242197,26.952452
batch_00050_patch.tiff,patch_65,25.383905,22.632637,23.347437,24.369415,25.993616
batch_00050_patch.tiff,patch_66,24.893517,23.45007,23.036236,26.446972,26.41466
batch_00050_patch.tiff,patch_67,24.942469,23.059664,22.043995,25.294546,26.235239
batch_00050_patch.tiff,patch_68,26.184078,23.827858,25.011333,24.008642,25.216993
batch_00050_patch.tiff,patch_69,26.332283,22.142265,23.238815,24.303963,25.587746
batch_00050_patch.tiff,patch_70,26.147482,22.75824,23.380726,24.707901,26.634912
batch_00050_patch.tiff,patch_71,26.145527,23.49184,24.828354,23.526993,25.941439
batch_00050_patch.tiff,patch_72,25.817696,23.363451,24.195845,23.634102,25.922684
batch_00050_patch.tiff,patch_73,24.956612,23.764126,23.452486,24.442862,25.608465
batch_00050_patch.tiff,patch_74,26.01955,23.882914,26.22457,24.5743,26.635538
batch_00050_patch.tiff,patch_75,25.768635,23.315424,25.824402,24.061968,25.597963
batch_00050_patch.tiff,patch_76,25.476307,22.183968,22.778101,24.046194,25.099241
batch_00050_patch.tiff,patch_77,27.070543,22.37943,24.851284,23.430155,26.269148
batch_00050_patch.tiff,patch_78,26.013685,24.600054,23.413767,25.110762,25.921831
batch_00050_patch.tiff,patch_79,25.114927,22.389969,21.38893,25.83221,25.150387
batch_00050_patch.tiff,patch_80,26.822739,24.146622,26.741594,24.462212,27.77015
batch_00050_patch.tiff,patch_81,24.810291,23.828161,24.563936,26.708889,28.277803
batch_00050_patch.tiff,patch_82,26.644978,25.208204,24.708097,24.83317,26.782387
batch_00050_patch.tiff,patch_83,26.33845,23.536263,24.431171,23.89024,25.662193
batch_00050_patch.tiff,patch_84,24.79213,23.936089,23.838676,25.169209,26.786919
batch_00050_patch.tiff,patch_85,25.217945,23.396101,24.20478,25.62363,25.654047
batch_00050_patch.tiff,patch_86,25.724773,24.061453,26.090357,25.1647,26.402658
batch_00050_patch.tiff,patch_87,26.554747,23.281258,25.050766,24.075138,27.301548
batch_00050_patch.tiff,patch_88,25.687593,22.54252,25.539682,22.26599,25.737131
batch_00050_patch.tiff,patch_89,26.92267,22.58412,26.05183,21.457489,25.028837
batch_00050_patch.tiff,patch_90,24.49697,22.586283,22.02665,24.992996,25.159918
batch_00050_patch.tiff,patch_91,25.299026,22.718903,22.432285,25.117846,25.806623
batch_00050_patch.tiff,patch_92,25.781353,23.918135,27.138596,24.105871,27.21373
batch_00050_patch.tiff,patch_93,25.27482,24.733706,26.178946,25.951853,28.49588
batch_00050_patch.tiff,patch_94,26.172897,22.967922,23.714695,24.58124,26.258963
batch_00050_patch.tiff,patch_95,25.63334,22.769415,23.864594,23.313322,24.811018
batch_00050_patch.tiff,patch_96,25.06675,23.761847,23.713106,24.543009,25.962162
batch_00050_patch.tiff,patch_97,24.787785,23.353458,23.974665,25.707613,26.3626
batch_00050_patch.tiff,patch_98,25.827648,22.962473,25.320332,24.871782,26.676174
batch_00050_patch.tiff,patch_99,26.393549,23.864372,25.533085,24.132957,27.0491
batch_00050_patch.tiff,patch_100,25.75561,22.05776,25.339188,22.328955,25.503613
batch_00050_patch.tiff,patch_101,27.037817,22.042904,26.063955,21.98014,25.180922
batch_00050_patch.tiff,patch_102,24.927507,23.044353,22.143929,25.2754,25.655546
batch_00050_patch.tiff,patch_103,25.71409,22.450718,22.446472,24.702995,25.668535
batch_00050_patch.tiff,patch_104,26.140892,23.219692,24.554832,23.759811,25.634758
batch_00050_patch.tiff,patch_105,26.696373,23.41552,24.594042,23.78147,25.607965
batch_00050_patch.tiff,patch_106,26.06565,23.360098,24.949741,24.778927,26.071182
batch_00050_patch.tiff,patch_107,25.96894,23.673517,24.602724,24.299892,25.87738
batch_00050_patch.tiff,patch_108,24.949255,22.845837,23.853794,23.1274,24.63754
batch_00050_patch.tiff,patch_109,24.981564,22.657152,23.829058,24.364252,25.294996
batch_00050_patch.tiff,patch_110,25.314302,24.0239,25.649826,24.591496,25.64612
batch_00050_patch.tiff,patch_111,25.362492,24.11667,26.603916,24.275698,26.341187
batch_00050_patch.tiff,patch_112,27.203913,23.207542,26.009119,21.94259,25.81781
batch_00050_patch.tiff,patch_113,24.539759,21.977623,22.02269,24.75317,25.10941
batch_00050_patch.tiff,patch_114,24.675447,21.865843,21.221474,24.59247,24.623877
batch_00050_patch.tiff,patch_115,25.861206,23.21253,24.914608,23.99672,25.737957
batch_00050_patch.tiff,patch_116,25.345844,23.967772,24.192091,24.81224,26.161406
batch_00050_patch.tiff,patch_117,25.820778,22.62418,23.956295,24.514318,26.46907
batch_00050_patch.tiff,patch_118,25.447577,23.425205,23.549446,24.792408,26.229551
batch_00050_patch.tiff,patch_119,26.791386,24.439503,25.930592,24.324257,26.911627
batch_00050_patch.tiff,patch_120,24.896023,24.315859,24.901735,25.296402,25.897411
batch_00050_patch.tiff,patch_121,25.222672,23.908432,25.137714,23.558722,24.631712
batch_00050_patch.tiff,patch_122,25.422878,23.79189,24.473318,24.944607,25.999773
batch_00050_patch.tiff,patch_123,25.096981,23.526703,21.480322,26.398853,27.325487
batch_00050_patch.tiff,patch_124,25.210367,22.862324,23.125235,23.42656,25.167522
batch_00050_patch.tiff,patch_125,25.584063,22.78849,22.39774,25.495487,25.893932
batch_00050_patch.tiff,patch_126,25.337431,22.043196,22.698606,24.130716,24.261833
batch_00050_patch.tiff,patch_127,25.6183,23.449944,24.136871,24.231995,25.824713
batch_00050_patch.tiff,patch_128,25.29821,23.605362,23.861313,24.896933,26.897118
batch_00050_patch.tiff,patch_129,26.054995,23.182121,23.443714,25.012041,25.918612
batch_00050_patch.tiff,patch_130,26.721567,22.325026,25.004642,23.521952,25.532452
batch_00050_patch.tiff,patch_131,24.790031,23.3125,24.551805,23.149845,25.165865
batch_00050_patch.tiff,patch_132,26.322084,24.044682,24.80655,25.237722,26.923405
batch_00050_patch.tiff,patch_133,25.181276,24.152534,24.793158,24.575697,26.457165
batch_00050_patch.tiff,patch_134,24.624928,23.005928,24.41433,24.078884,26.62975
batch_00050_patch.tiff,patch_135,23.249153,22.73637,22.544926,24.52357,24.83627
batch_00050_patch.tiff,patch_136,25.28885,23.481926,23.075577,25.352839,26.403345
batch_00050_patch.tiff,patch_137,25.345972,22.1221,22.890411,24.081577,25.1303
batch_00050_patch.tiff,patch_138,24.582018,23.715946,22.823984,25.683044,25.971592
batch_00050_patch.tiff,patch_139,26.286314,23.354605,23.53147,24.503407,26.140778
batch_00050_patch.tiff,patch_140,25.16789,23.889252,23.160769,25.504713,26.908012
batch_00050_patch.tiff,patch_141,24.941156,23.007486,23.783192,24.77504,25.889553
batch_00050_patch.tiff,patch_142,25.505018,23.375225,23.781734,24.150589,25.120977
batch_00050_patch.tiff,patch_143,26.227236,23.905176,24.624321,25.613796,26.813189
batch_00050_patch.tiff,patch_144,25.429777,22.589258,25.344713,23.134785,24.270966
batch_00050_patch.tiff,patch_145,25.515396,24.185635,24.135681,25.746708,26.83778
batch_00050_patch.tiff,patch_146,26.344244,24.03672,25.477802,24.237665,26.48596
batch_00050_patch.tiff,patch_147,25.521967,23.17186,23.186823,25.458319,26.127666
batch_00050_patch.tiff,patch_148,25.02392,23.399378,23.891403,25.416172,26.68266
batch_00050_patch.tiff,patch_149,23.665607,22.02968,21.696867,25.796156,24.42295
batch_00050_patch.tiff,patch_150,25.937551,23.07871,23.273348,24.157003,25.051697
batch_00050_patch.tiff,patch_151,25.635794,22.489594,23.444405,23.123585,24.912237
batch_00050_patch.tiff,patch_152,26.795532,22.681164,24.370302,24.16959,26.679415
batch_00050_patch.tiff,patch_153,24.58835,23.888918,24.8885,26.366556,27.41003
batch_00050_patch.tiff,patch_154,24.727997,24.306084,24.156244,26.732971,28.254501
batch_00050_patch.tiff,patch_155,25.176226,22.991444,24.786835,25.084528,25.788
batch_00050_patch.tiff,patch_156,25.427134,23.426905,23.700874,25.813976,26.168653
batch_00050_patch.tiff,patch_157,25.550285,24.151873,24.669113,25.391785,27.134447
batch_00050_patch.tiff,patch_158,24.3068,24.695312,26.24482,24.768621,26.666079
batch_00050_patch.tiff,patch_159,24.13692,22.645845,21.112888,25.38874,25.596869
batch_00050_patch.tiff,patch_160,25.321062,23.639866,24.639492,24.950071,26.06713
batch_00050_patch.tiff,patch_161,25.087694,22.061144,22.492617,24.719967,25.63306
batch_00050_patch.tiff,patch_162,24.835361,22.199812,22.521292,24.88425,25.602129
batch_00050_patch.tiff,patch_163,25.632792,22.75522,23.175673,25.357323,26.57447
batch_00050_patch.tiff,patch_164,24.998438,23.185848,23.872139,24.783886,26.400463
batch_00050_patch.tiff,patch_165,25.301523,24.535341,24.914337,25.979897,28.5286
batch_00050_patch.tiff,patch_166,23.695164,23.48554,24.50384,27.160822,27.995977
batch_00050_patch.tiff,patch_167,25.196648,23.240757,24.672503,24.71907,25.600203
batch_00050_patch.tiff,patch_168,25.973612,23.444002,25.272306,24.770052,25.22524
batch_00050_patch.tiff,patch_169,25.66819,23.091105,23.891586,25.352991,26.428843
batch_00050_patch.tiff,patch_170,25.983751,24.524881,26.245058,23.72065,25.60955
batch_00050_patch.tiff,patch_171,24.606136,22.026009,21.447914,24.87951,25.408587
batch_00050_patch.tiff,patch_172,24.944506,22.37527,22.275085,25.536318,25.622393
batch_00050_patch.tiff,patch_173,24.801722,22.590704,21.685947,25.24979,25.193615
batch_00050_patch.tiff,patch_174,24.753252,23.214209,23.25805,24.485884,25.393635
batch_00050_patch.tiff,patch_175,25.864328,24.073158,23.979319,24.436163,25.62296
batch_00050_patch.tiff,patch_176,27.135422,22.731232,25.655842,23.790823,26.396318
batch_00050_patch.tiff,patch_177,25.951262,23.409006,25.35353,23.842827,26.91572
batch_00050_patch.tiff,patch_178,26.085314,23.319183,24.359365,24.528774,26.530567
batch_00050_patch.tiff,patch_179,25.796741,23.08051,24.014692,25.780895,27.049961
batch_00050_patch.tiff,patch_180,25.315615,23.429987,23.80897,24.341894,26.594227
batch_00050_patch.tiff,patch_181,25.408167,23.567797,24.870125,25.278717,26.0805
batch_00050_patch.tiff,patch_182,26.82078,23.995445,25.873306,24.270475,25.752764
batch_00100_patch.tiff,patch_0,26.15548,23.341427,24.36089,25.09913,26.364317
batch_00100_patch.tiff,patch_1,25.914242,22.350597,25.070335,23.902653,26.02193
batch_00100_patch.tiff,patch_2,26.71142,23.265244,27.378624,21.724771,24.93301
batch_00100_patch.tiff,patch_3,26.673437,24.712652,24.96125,24.755707,25.835337
batch_00100_patch.tiff,patch_4,25.733006,23.05006,26.860083,23.510336,26.106121
batch_00100_patch.tiff,patch_5,25.645636,23.160408,26.341713,22.106989,23.404657
batch_00100_patch.tiff,patch_6,24.955536,22.256968,22.298792,24.234785,25.618479
batch_00100_patch.tiff,patch_7,25.372543,22.424013,22.394009,25.476028,26.325544
batch_00100_patch.tiff,patch_8,24.921757,21.937443,22.62581,24.648256,25.865526
batch_00100_patch.tiff,patch_9,24.152485,22.283564,21.902689,24.161942,25.063898
batch_00100_patch.tiff,patch_10,25.841469,22.975498,23.799128,23.197535,26.967651
batch_00100_patch.tiff,patch_11,26.578844,22.975466,23.261803,23.293144,25.971914
batch_00100_patch.tiff,patch_12,27.164658,22.442896,27.352287,22.234837,26.059855
batch_00100_patch.tiff,patch_13,26.646486,24.017874,25.992037,25.468992,27.125032
batch_00100_patch.tiff,patch_14,25.55765,22.965519,23.315285,25.106682,26.683798
batch_00100_patch.tiff,patch_15,25.1465,24.297346,26.004534,25.42734,26.32446
batch_00100_patch.tiff,patch_16,25.636139,24.069347,27.644047,23.095995,24.801336
batch_00100_patch.tiff,patch_17,25.643599,23.077974,24.485298,24.708378,25.725555
batch_00100_patch.tiff,patch_18,25.86947,22.395374,27.216503,21.889555,23.242912
batch_00100_patch.tiff,patch_19,23.907331,22.26344,22.18427,25.118425,25.425278
batch_00100_patch.tiff,patch_20,24.910019,22.187351,22.186417,23.099112,25.13174
batch_00100_patch.tiff,patch_21,25.259657,22.678087,21.84588,24.745293,26.866383
batch_00100_patch.tiff,patch_22,24.787205,23.131704,22.00501,24.381054,26.308779
batch_00100_patch.tiff,patch_23,25.56043,22.963829,22.892,25.524752,27.286173
batch_00100_patch.tiff,patch_24,25.884243,23.214748,25.237011,25.008411,27.147707
batch_00100_patch.tiff,patch_25,27.399982,22.743313,26.505085,22.77421,26.977642
batch_00100_patch.tiff,patch_26,25.343025,23.83409,26.781355,24.949883,25.51188
batch_00100_patch.tiff,patch_27,25.40781,23.782213,27.138937,24.098202,25.523537
batch_00100_patch.tiff,patch_28,26.278423,23.728458,25.88977,24.526608,26.173067
batch_00100_patch.tiff,patch_29,26.59061,23.513273,26.303638,23.148048,25.897137
batch_00100_patch.tiff,patch_30,25.896856,23.040956,26.33626,23.399767,25.481058
batch_00100_patch.tiff,patch_31,25.520525,22.61108,24.86416,22.7225,24.179213
batch_00100_patch.tiff,patch_32,23.681444,23.253609,22.897877,25.905203,25.901176
batch_00100_patch.tiff,patch_33,22.786133,22.319792,23.180136,26.213634,25.622852
batch_00100_patch.tiff,patch_34,24.481428,23.006277,22.280025,24.32436,25.366549
batch_00100_patch.tiff,patch_35,25.258535,22.505442,21.584154,24.354605,25.892515
batch_00100_patch.tiff,patch_36,26.973356,23.101585,21.662727,25.612001,26.024164
batch_00100_patch.tiff,patch_37,26.817741,23.896822,22.951069,24.349024,27.35342
batch_00100_patch.tiff,patch_38,27.386904,22.943506,26.198936,23.212164,26.891212
batch_00100_patch.tiff,patch_39,25.323427,24.656832,26.052,25.048319,25.979511
batch_00100_patch.tiff,patch_40,26.244,23.331917,28.748371,21.99481,24.662027
batch_00100_patch.tiff,patch_41,23.827879,23.755486,25.65908,24.288996,25.186502
batch_00100_patch.tiff,patch_42,25.60901,23.815409,26.865662,22.988916,25.457176
batch_00100_patch.tiff,patch_43,24.602833,23.094381,26.75462,21.709808,23.246078
batch_00100_patch.tiff,patch_44,24.982798,24.331749,25.095484,26.104082,27.773354
batch_00100_patch.tiff,patch_45,23.528936,23.345268,22.4543,25.95214,26.84804
batch_00100_patch.tiff,patch_46,25.126293,23.823193,22.694078,25.300816,26.27061
batch_00100_patch.tiff,patch_47,25.701365,22.444687,23.864878,23.433113,25.614916
batch_00100_patch.tiff,patch_48,26.946821,22.40725,21.63093,23.611399,25.75614
batch_00100_patch.tiff,patch_49,25.658861,23.702595,23.822994,25.93542,26.635948
batch_00100_patch.tiff,patch_50,27.216736,22.57753,28.603582,22.008186,26.233334
batch_00100_patch.tiff,patch_51,23.342129,23.15574,21.773191,26.605906,26.473352
batch_00100_patch.tiff,patch_52,24.974693,24.063839,22.500301,26.067644,27.886063
batch_00100_patch.tiff,patch_53,25.401726,23.822803,25.801834,23.407284,25.36509
batch_00100_patch.tiff,patch_54,26.443014,23.463379,26.685057,23.283953,25.53078
batch_00100_patch.tiff,patch_55,25.665369,23.881573,27.07528,21.904482,23.619225
batch_00100_patch.tiff,patch_56,25.919546,22.928673,25.858736,23.789091,25.71616
batch_00100_patch.tiff,patch_57,25.201212,21.911179,22.298222,24.812946,26.26639
batch_00100_patch.tiff,patch_58,24.472925,22.338316,21.918085,25.329578,25.992659
batch_00100_patch.tiff,patch_59,25.132515,22.015406,22.584867,25.271194,26.055824
batch_00100_patch.tiff,patch_60,25.107792,22.553452,21.402262,24.954351,25.15671
batch_00100_patch.tiff,patch_61,25.464321,22.443445,22.37763,25.032398,25.161844
batch_00100_patch.tiff,patch_62,26.341892,22.980858,25.00138,23.864567,25.79018
batch_00100_patch.tiff,patch_63,23.942211,23.698898,22.533503,26.165194,26.721844
batch_00100_patch.tiff,patch_64,24.81789,23.91053,22.884083,25.087147,26.808817
batch_00100_patch.tiff,patch_65,24.685234,23.573582,24.331047,24.728142,25.38937
batch_00100_patch.tiff,patch_66,26.083918,24.213247,26.188984,25.316202,26.60803
batch_00100_patch.tiff,patch_67,25.925262,24.250486,26.611599,22.85956,24.933922
batch_00100_patch.tiff,patch_68,25.44087,23.616396,25.978775,22.114017,23.804039
batch_00100_patch.tiff,patch_69,24.63842,22.536251,21.535992,25.537382,25.857697
batch_00100_patch.tiff,patch_70,24.085375,21.916948,21.219126,25.154837,25.80451
batch_00100_patch.tiff,patch_71,24.955925,22.604212,22.614761,25.287292,25.770803
batch_00100_patch.tiff,patch_72,25.05286,23.45515,23.06729,24.338255,25.78298
batch_00100_patch.tiff,patch_73,25.811407,23.03028,22.512077,24.39901,26.722326
batch_00100_patch.tiff,patch_74,27.260468,23.754,25.721672,23.42976,26.31916
batch_00100_patch.tiff,patch_75,25.05823,24.230774,23.744509,24.605762,25.7697
batch_00100_patch.tiff,patch_76,25.425978,23.566067,25.178667,24.505022,26.353748
batch_00100_patch.tiff,patch_77,25.603287,23.31172,26.513086,23.219461,24.76918
batch_00100_patch.tiff,patch_78,26.352402,23.015825,26.625463,22.342236,24.65994
batch_00100_patch.tiff,patch_79,25.069582,23.948626,26.54559,23.34344,24.959066
batch_00100_patch.tiff,patch_80,24.445171,22.69385,22.321487,24.97898,25.826473
batch_00100_patch.tiff,patch_81,24.100426,22.315014,22.860775,22.908705,24.212536
batch_00100_patch.tiff,patch_82,24.739393,23.494038,22.803532,25.219826,26.86305
batch_00100_patch.tiff,patch_83,25.521687,22.821955,22.446642,24.255953,26.212017
batch_00100_patch.tiff,patch_84,26.261427,24.193594,24.547678,24.304148,27.522337
batch_00100_patch.tiff,patch_85,25.375395,23.734644,23.274792,25.160164,27.176596
batch_00100_patch.tiff,patch_86,25.90203,23.930052,24.149075,24.932978,26.226707
batch_00100_patch.tiff,patch_87,25.741985,24.07578,24.580292,23.734241,26.168945
batch_00100_patch.tiff,patch_88,25.120735,22.743393,24.866385,24.558517,25.311295
batch_00100_patch.tiff,patch_89,25.613491,22.696669,24.927189,23.82369,25.512367
batch_00100_patch.tiff,patch_90,26.239948,23.42242,25.95714,23.096355,24.909887
batch_00100_patch.tiff,patch_91,24.092457,22.428104,22.666658,24.540537,25.935873
batch_00100_patch.tiff,patch_92,25.140991,21.945044,22.06662,24.371138,25.06305
batch_00100_patch.tiff,patch_93,25.187624,23.07611,22.80113,25.643,26.230228
batch_00100_patch.tiff,patch_94,25.659275,23.58464,23.83697,24.707281,26.981386
batch_00100_patch.tiff,patch_95,26.318132,23.725998,23.579376,25.13064,27.217062
batch_00100_patch.tiff,patch_96,24.898312,23.348492,21.546267,25.38603,26.836412
batch_00100_patch.tiff,patch_97,24.254501,23.507843,26.596909,23.80465,25.714144
batch_00100_patch.tiff,patch_98,26.78134,24.132776,27.72476,23.394627,26.432083
batch_00100_patch.tiff,patch_99,25.2622,22.644499,24.186745,24.652506,25.237707
batch_00100_patch.tiff,patch_100,24.327995,22.278372,22.956219,24.218313,25.553562
batch_00100_patch.tiff,patch_101,25.74692,22.635624,23.465172,23.763968,25.130352
batch_00100_patch.tiff,patch_102,25.196356,22.8969,23.90124,24.852522,26.537855
batch_00100_patch.tiff,patch_103,25.477055,22.863499,22.22352,25.30136,26.394424
batch_00100_patch.tiff,patch_104,24.429758,22.426502,21.726479,25.161955,25.3124
batch_00100_patch.tiff,patch_105,24.812668,23.598059,24.703955,25.91936,26.153902
batch_00100_patch.tiff,patch_106,24.03629,23.579191,23.587116,25.92562,25.939213
batch_00100_patch.tiff,patch_107,27.469828,22.253542,25.965979,22.854656,26.4993
batch_00100_patch.tiff,patch_108,26.934473,22.666403,26.476723,22.877205,26.63069
batch_00100_patch.tiff,patch_109,24.387484,23.247105,23.566353,24.677555,26.488398
batch_00100_patch.tiff,patch_110,25.642094,23.485065,24.25911,25.800425,26.377405
batch_00100_patch.tiff,patch_111,25.677149,22.927917,26.897306,22.348558,24.411877
batch_00100_patch.tiff,patch_112,25.84506,23.42826,26.352188,24.569527,26.164286
batch_00100_patch.tiff,patch_113,25.317701,23.2409,23.945885,26.060188,26.905083
batch_00100_patch.tiff,patch_114,25.194708,23.484615,22.873384,25.416735,26.635
batch_00100_patch.tiff,patch_115,24.640835,22.7019,21.63437,25.322487,26.566542
batch_00100_patch.tiff,patch_116,24.150614,22.06575,21.335674,23.561752,24.636759
batch_00100_patch.tiff,patch_117,22.855686,22.274374,21.813723,26.297018,25.572426
batch_00100_patch.tiff,patch_118,25.029982,23.639599,23.275043,25.962555,26.994606
batch_00100_patch.tiff,patch_119,27.202637,22.778145,25.920383,22.47069,25.620981
batch_00100_patch.tiff,patch_120,26.881176,22.417847,27.545853,21.888107,25.44313
batch_00100_patch.tiff,patch_121,26.289532,24.561636,26.545748,24.87999,26.35676
batch_00100_patch.tiff,patch_122,24.719929,23.79742,25.367867,23.764017,26.370432
batch_00100_patch.tiff,patch_123,24.877045,22.906996,25.715666,24.670187,26.17143
batch_00100_patch.tiff,patch_124,24.932615,22.747822,25.890253,24.818674,27.402882
batch_00100_patch.tiff,patch_125,25.714666,22.528215,27.362104,23.373009,24.741901
batch_00100_patch.tiff,patch_126,25.149931,22.573566,26.644361,22.65862,24.398087
batch_00100_patch.tiff,patch_127,24.15296,22.05361,21.11297,25.150568,25.705849
batch_00100_patch.tiff,patch_128,25.930302,22.610994,24.520058,23.784718,26.34754
batch_00100_patch.tiff,patch_129,25.18302,22.984623,22.137468,25.152336,26.296814
batch_00100_patch.tiff,patch_130,25.307365,23.34896,24.402765,23.007402,25.803337
batch_00100_patch.tiff,patch_131,27.523169,23.571608,27.395905,22.891562,26.410286
batch_00100_patch.tiff,patch_132,25.711544,24.765924,24.874641,25.84196,27.040483
batch_00100_patch.tiff,patch_133,25.570833,24.377953,26.010351,25.048155,26.962942
batch_00100_patch.tiff,patch_134,25.84933,24.111635,26.388456,25.82398,27.662586
batch_00100_patch.tiff,patch_135,25.473305,23.734472,25.602274,24.942034,26.565804
batch_00100_patch.tiff,patch_136,25.465136,22.918932,26.75077,22.049393,23.761082
batch_00100_patch.tiff,patch_137,25.62506,23.545527,26.373531,23.10262,23.838783
batch_00100_patch.tiff,patch_138,26.08109,23.026281,22.675362,24.65461,26.730413
batch_00100_patch.tiff,patch_139,24.950584,22.229761,23.1317,24.491058,25.770985
batch_00100_patch.tiff,patch_140,24.202585,22.151161,21.938927,23.802616,24.637224
batch_00100_patch.tiff,patch_141,24.858274,22.302223,23.825659,24.47722,25.316492
batch_00100_patch.tiff,patch_142,26.362492,22.760324,25.280497,23.992079,26.322998
batch_00100_patch.tiff,patch_143,26.745237,23.214533,27.32002,22.664446,25.880985
batch_00100_patch.tiff,patch_144,24.72643,22.348234,24.194221,22.93756,24.3793
batch_00100_patch.tiff,patch_145,25.991598,23.090582,24.559841,23.879402,26.135452
batch_00100_patch.tiff,patch_146,24.13348,24.070065,23.226217,25.55622,26.466019
batch_00100_patch.tiff,patch_147,24.557291,23.589523,23.471941,27.649298,27.26922
batch_00100_patch.tiff,patch_148,24.927872,23.609592,25.93207,21.912115,23.050291
batch_00100_patch.tiff,patch_149,24.465528,23.95422,25.638195,23.941843,25.011251
batch_00100_patch.tiff,patch_150,24.537924,22.006035,20.765112,24.82584,25.323822
batch_00100_patch.tiff,patch_151,23.757698,21.862934,22.36548,23.777182,23.816898
batch_00100_patch.tiff,patch_152,24.752562,22.023228,23.536726,22.687166,24.36334
batch_00100_patch.tiff,patch_153,24.065762,21.851004,22.690084,23.15545,23.777239
batch_00100_patch.tiff,patch_154,26.913141,23.422169,26.237265,22.290081,25.492918
batch_00100_patch.tiff,patch_155,27.020885,21.772655,26.367338,21.182281,25.638332
batch_00100_patch.tiff,patch_156,26.081038,23.56556,25.211786,23.899185,25.554647
batch_00100_patch.tiff,patch_157,25.857075,23.540754,25.213545,24.582876,26.309885
batch_00100_patch.tiff,patch_158,23.960005,22.784487,23.579721,26.794586,27.41411
batch_00100_patch.tiff,patch_159,23.729652,23.192335,23.202528,25.830923,25.94088
batch_00100_patch.tiff,patch_160,25.967703,23.292961,24.700384,23.31391,26.19564
batch_00100_patch.tiff,patch_161,26.084784,24.182955,26.316635,23.601202,25.242657
batch_00100_patch.tiff,patch_162,25.13719,22.911644,22.126955,24.49192,26.232758
batch_00100_patch.tiff,patch_163,25.237345,23.327782,21.40902,25.302952,26.516886
batch_00100_patch.tiff,patch_164,25.590122,23.075006,23.531609,23.357075,25.671501
batch_00100_patch.tiff,patch_165,26.13832,23.007011,24.061386,22.14755,25.958054
batch_00100_patch.tiff,patch_166,26.95953,22.913324,26.9331,22.832512,25.74352
batch_00100_patch.tiff,patch_167,27.35471,22.408327,26.560383,21.88192,25.496555
batch_00100_patch.tiff,patch_168,25.598888,22.634127,24.807104,22.537695,24.16267
batch_00100_patch.tiff,patch_169,26.19927,22.837044,24.661066,22.839977,24.938932
batch_00100_patch.tiff,patch_170,25.755487,23.904104,25.170635,24.138906,25.652277
batch_00100_patch.tiff,patch_171,25.967228,23.568663,24.761183,24.294544,25.88996
batch_00100_patch.tiff,patch_172,26.538305,22.357851,24.165096,24.19318,26.645958
batch_00100_patch.tiff,patch_173,24.976912,22.360783,22.18356,23.57377,25.493778
batch_00100_patch.tiff,patch_174,24.916796,22.553032,22.25382,24.41838,25.840027
batch_00100_patch.tiff,patch_175,25.973347,22.347218,22.96504,23.80607,25.609241
batch_00100_patch.tiff,patch_176,25.703337,22.6765,22.947964,23.58272,26.725897
batch_00100_patch.tiff,patch_177,24.693945,22.104906,22.84048,24.883238,26.415104
batch_00100_patch.tiff,patch_178,24.062643,23.210873,23.452297,26.759401,27.620974
batch_00100_patch.tiff,patch_179,25.165026,22.983656,22.644405,25.665085,28.550919
batch_00150_patch.tiff,patch_0,26.964518,23.542038,26.457933,23.046219,25.744356
batch_00150_patch.tiff,patch_1,27.061186,23.408474,26.176252,23.619808,26.309505
batch_00150_patch.tiff,patch_2,25.549227,24.133175,24.485405,25.895504,26.961315
batch_00150_patch.tiff,patch_3,25.530226,23.458624,24.24319,26.068716,26.99828
batch_00150_patch.tiff,patch_4,26.634514,22.949333,26.41919,22.499838,25.97692
batch_00150_patch.tiff,patch_5,26.346413,22.806114,24.765633,24.396463,26.139578
batch_00150_patch.tiff,patch_6,23.967232,23.80956,23.040197,25.352003,26.611107
batch_00150_patch.tiff,patch_7,26.370857,23.489109,24.099743,25.416248,27.112457
batch_00150_patch.tiff,patch_8,24.50566,23.03694,23.981007,25.467415,26.865452
batch_00150_patch.tiff,patch_9,25.104706,23.366085,23.30097,25.40879,26.761322
batch_00150_patch.tiff,patch_10,25.860672,23.384716,24.678339,23.962135,26.725327
batch_00150_patch.tiff,patch_11,25.059593,23.214203,23.054749,24.974817,26.508158
batch_00150_patch.tiff,patch_12,25.9857,23.819162,24.64686,23.972746,27.797586
batch_00150_patch.tiff,patch_13,26.911575,22.757807,27.30912,22.783894,25.88173
batch_00150_patch.tiff,patch_14,27.657671,22.82118,27.432995,22.700697,25.915874
batch_00150_patch.tiff,patch_15,26.402294,23.786545,25.006664,26.454609,27.390982
batch_00150_patch.tiff,patch_16,24.975433,24.00744,25.248785,25.963764,27.15442
batch_00150_patch.tiff,patch_17,27.189117,21.943615,28.119621,21.052952,25.731781
batch_00150_patch.tiff,patch_18,26.38539,23.541433,24.571999,23.985254,25.977411
batch_00150_patch.tiff,patch_19,24.352615,23.375084,23.21668,25.343468,26.307892
batch_00150_patch.tiff,patch_20,25.19805,23.528826,22.705276,25.11181,26.438555
batch_00150_patch.tiff,patch_21,24.405912,22.817118,23.824018,25.748547,26.335848
batch_00150_patch.tiff,patch_22,26.003275,23.542246,25.09134,24.248333,25.857199
batch_00150_patch.tiff,patch_23,25.295515,23.076366,24.306726,23.951527,25.876736
batch_00150_patch.tiff,patch_24,24.468994,23.214691,24.342236,25.093756,27.110277
batch_00150_patch.tiff,patch_25,25.4541,23.494843,23.96537,25.953308,27.585443
batch_00150_patch.tiff,patch_26,27.15288,22.149517,26.295588,23.050192,25.869202
batch_00150_patch.tiff,patch_27,27.222342,22.555449,27.517918,22.871773,25.621359
batch_00150_patch.tiff,patch_28,26.355106,22.687134,25.714003,23.677164,26.505934
batch_00150_patch.tiff,patch_29,26.385056,22.73971,23.617157,25.174145,25.970419
batch_00150_patch.tiff,patch_30,27.169657,23.06882,26.579336,23.12883,26.034393
batch_00150_patch.tiff,patch_31,26.700815,22.615187,26.68086,23.343172,27.163294
batch_00150_patch.tiff,patch_32,24.059092,24.110804,23.066385,24.868689,26.799843
batch_00150_patch.tiff,patch_33,24.995773,24.114658,24.032804,24.871017,27.506304
batch_00150_patch.tiff,patch_34,24.666945,23.958097,23.435562,25.38397,26.942188
batch_00150_patch.tiff,patch_35,23.851326,24.419275,25.548368,24.537971,26.199797
batch_00150_patch.tiff,patch_36,26.8858,24.402977,26.810862,24.56565,27.772635
batch_00150_patch.tiff,patch_37,25.254282,25.303669,24.1744,26.690338,28.09573
batch_00150_patch.tiff,patch_38,25.696241,24.389719,23.620583,25.187237,27.034777
batch_00150_patch.tiff,patch_39,26.975222,22.772806,25.197224,23.237162,26.114569
batch_00150_patch.tiff,patch_40,27.38974,23.220203,26.324581,22.81511,26.526505
batch_00150_patch.tiff,patch_41,26.216225,22.024443,26.107193,22.341017,25.828075
batch_00150_patch.tiff,patch_42,27.53004,21.992765,24.953146,24.232935,26.523205
batch_00150_patch.tiff,patch_43,26.74176,22.801445,25.825933,23.263561,26.367683
batch_00150_patch.tiff,patch_44,26.633526,22.151154,25.777916,23.253033,26.071133
batch_00150_patch.tiff,patch_45,23.517756,23.59004,23.336687,23.325518,25.894146
batch_00150_patch.tiff,patch_46,24.18909,23.70193,24.177456,24.411352,26.6071
batch_00150_patch.tiff,patch_47,24.670103,23.309206,23.108091,24.908936,25.531017
batch_00150_patch.tiff,patch_48,24.062372,23.54828,23.780235,26.654734,27.310507
batch_00150_patch.tiff,patch_49,26.33482,25.6497,26.508675,25.689047,27.898537
batch_00150_patch.tiff,patch_50,26.277285,25.249638,24.886106,26.757217,28.063696
batch_00150_patch.tiff,patch_51,25.223116,23.931719,25.00662,24.562138,27.909246
batch_00150_patch.tiff,patch_52,25.175764,22.498285,23.36657,24.479372,25.507175
batch_00150_patch.tiff,patch_53,27.242321,23.079,25.646097,23.46438,26.669239
batch_00150_patch.tiff,patch_54,26.60276,22.912865,24.837694,23.662146,26.598747
batch_00150_patch.tiff,patch_55,27.363386,22.481659,26.539038,23.046915,26.433994
batch_00150_patch.tiff,patch_56,25.09343,22.262917,24.807014,23.971487,25.613913
batch_00150_patch.tiff,patch_57,26.576914,23.517344,26.24041,22.814106,25.229631
batch_00150_patch.tiff,patch_58,23.830393,23.937807,24.268097,25.1843,27.70152
batch_00150_patch.tiff,patch_59,24.234917,23.49666,24.226229,25.046005,27.150187
batch_00150_patch.tiff,patch_60,24.133253,22.748589,23.490232,25.102137,25.706253
batch_00150_patch.tiff,patch_61,23.521574,23.820593,24.199316,24.629444,26.535868
batch_00150_patch.tiff,patch_62,24.620285,23.69219,23.785915,25.302788,26.679296
batch_00150_patch.tiff,patch_63,24.572008,24.140724,24.926527,24.168447,26.500809
batch_00150_patch.tiff,patch_64,25.683182,23.39888,24.637993,24.725508,27.079884
batch_00150_patch.tiff,patch_65,27.209322,22.816292,28.062073,22.747816,26.04347
batch_00150_patch.tiff,patch_66,27.683126,23.098772,26.223555,23.835196,27.225906
batch_00150_patch.tiff,patch_67,26.429216,22.463373,24.741503,23.988388,26.300732
batch_00150_patch.tiff,patch_68,26.054026,23.741201,24.201813,25.711433,26.977507
batch_00150_patch.tiff,patch_69,25.22219,22.76708,24.28143,25.697094,26.536232
batch_00150_patch.tiff,patch_70,24.78484,23.845766,23.617289,26.603556,27.216282
batch_00150_patch.tiff,patch_71,24.67426,24.44981,23.93649,25.744225,27.492699
batch_00150_patch.tiff,patch_72,25.312702,22.52514,23.724958,25.077974,26.541061
batch_00150_patch.tiff,patch_73,25.23673,23.728544,23.481276,25.875816,26.665937
batch_00150_patch.tiff,patch_74,27.42102,22.519653,26.904476,23.761091,26.09384
batch_00150_patch.tiff,patch_75,27.43486,22.817625,25.27767,22.569706,26.598383
batch_00150_patch.tiff,patch_76,26.555475,22.48325,24.22886,24.612312,25.90778
batch_00150_patch.tiff,patch_77,27.23707,22.054193,26.45589,22.775068,26.674187
batch_00150_patch.tiff,patch_78,26.339169,24.677374,24.876749,27.461088,28.114895
batch_00150_patch.tiff,patch_79,25.063875,22.84772,24.472862,25.46092,26.080254
batch_00150_patch.tiff,patch_80,24.841722,23.419828,23.386042,25.848297,26.59839
batch_00150_patch.tiff,patch_81,24.51544,23.497398,22.320862,25.582155,26.84343
batch_00150_patch.tiff,patch_82,23.913624,24.062334,24.019567,24.01841,26.13149
batch_00150_patch.tiff,patch_83,25.156979,23.13537,23.99926,24.961119,26.667038
batch_00150_patch.tiff,patch_84,25.76177,23.234459,23.620596,23.905684,27.813555
batch_00150_patch.tiff,patch_85,27.061806,24.67294,25.173662,24.794476,27.718891
batch_00150_patch.tiff,patch_86,27.599522,22.921925,26.16816,23.740868,26.916264
batch_00150_patch.tiff,patch_87,27.373758,23.322859,27.007668,22.59737,26.015293
batch_00150_patch.tiff,patch_88,26.109165,23.10282,25.501892,24.361069,26.386486
batch_00150_patch.tiff,patch_89,25.224545,22.899918,25.436956,24.20476,26.626612
batch_00150_patch.tiff,patch_90,26.66517,24.390783,25.264814,25.757046,28.51367
batch_00150_patch.tiff,patch_91,25.04118,23.814497,25.385838,26.245144,27.599346
batch_00150_patch.tiff,patch_92,24.506958,23.208393,22.29074,26.104744,26.916336
batch_00150_patch.tiff,patch_93,24.547523,23.712116,22.55615,25.04814,26.731604
batch_00150_patch.tiff,patch_94,24.949938,23.918192,23.58989,25.746258,26.7381
batch_00150_patch.tiff,patch_95,24.37615,23.807674,24.705957,25.645105,26.826954
batch_00150_patch.tiff,patch_96,24.943527,23.679857,23.378452,25.733702,27.220024
batch_00150_patch.tiff,patch_97,26.133709,22.715937,24.217134,23.897224,26.909563
batch_00150_patch.tiff,patch_98,26.124737,24.121536,25.09745,25.157324,25.826246
batch_00150_patch.tiff,patch_99,26.395113,22.392962,23.155216,24.50707,25.292202
batch_00150_patch.tiff,patch_100,27.245827,22.842562,24.920897,23.256527,26.002033
batch_00150_patch.tiff,patch_101,26.160166,22.556635,24.646927,23.376284,26.670496
batch_00150_patch.tiff,patch_102,25.336882,22.97806,23.951069,25.338652,26.913406
batch_00150_patch.tiff,patch_103,25.990145,23.68937,24.98838,23.92027,26.326717
batch_00150_patch.tiff,patch_104,24.856304,22.862963,23.194548,25.639526,26.406239
batch_00150_patch.tiff,patch_105,24.61221,24.022703,24.207392,26.42598,27.294611
batch_00150_patch.tiff,patch_106,24.554836,23.892351,23.998281,25.08875,26.172003
batch_00150_patch.tiff,patch_107,24.831207,24.37632,23.522278,25.847296,27.003775
batch_00150_patch.tiff,patch_108,25.807175,24.794712,24.459223,25.17118,28.014357
batch_00150_patch.tiff,patch_109,25.334534,24.605762,24.148006,25.31992,27.90988
batch_00150_patch.tiff,patch_110,26.93362,23.190735,27.097366,22.603655,25.544775
batch_00150_patch.tiff,patch_111,26.954718,24.064373,26.46578,23.651505,26.499063
batch_00150_patch.tiff,patch_112,24.611572,21.937967,22.973372,24.643959,25.794489
batch_00150_patch.tiff,patch_113,26.139837,22.380342,23.516367,24.559113,26.609974
batch_00150_patch.tiff,patch_114,24.809034,23.645939,23.447906,25.297388,27.231815
batch_00150_patch.tiff,patch_115,25.740356,23.00228,24.036573,24.3652,26.379951
batch_00150_patch.tiff,patch_116,24.911589,23.343845,23.70148,25.563654,27.23569
batch_00150_patch.tiff,patch_117,24.40166,23.69781,23.024136,25.698557,27.409008
batch_00150_patch.tiff,patch_118,24.728832,23.516388,23.857914,26.228807,27.04628
batch_00150_patch.tiff,patch_119,24.991348,22.915855,22.85323,25.146696,25.912943
batch_00150_patch.tiff,patch_120,25.724031,23.86325,24.649752,25.525562,27.07269
batch_00150_patch.tiff,patch_121,26.093927,23.192297,23.470333,24.577778,26.674517
batch_00150_patch.tiff,patch_122,26.96178,22.976917,27.106646,22.626385,26.288033
batch_00150_patch.tiff,patch_123,26.82273,22.467184,24.819712,23.686949,26.245222
batch_00150_patch.tiff,patch_124,25.75268,23.48334,25.589056,22.642244,25.940722
batch_00150_patch.tiff,patch_125,25.89993,23.11894,26.526485,23.955341,25.661583
batch_00150_patch.tiff,patch_126,24.605473,23.125357,24.516226,25.270481,26.525133
batch_00150_patch.tiff,patch_127,25.13097,23.1243,24.591927,24.950787,26.662529
batch_00150_patch.tiff,patch_128,23.915722,23.0924,23.904194,25.417776,27.368116
batch_00150_patch.tiff,patch_129,25.023167,22.767633,24.888197,24.01903,26.570276
batch_00150_patch.tiff,patch_130,24.237083,24.37758,23.876617,26.106514,26.966572
batch_00150_patch.tiff,patch_131,23.876694,23.586813,22.647781,24.66376,25.893253
batch_00150_patch.tiff,patch_132,26.26964,23.784252,23.97449,25.170408,27.985764
batch_00150_patch.tiff,patch_133,26.056076,23.858904,24.563663,23.425344,27.39985
batch_00150_patch.tiff,patch_134,27.303738,21.939137,26.576206,23.083023,25.757132
batch_00150_patch.tiff,patch_135,27.009525,22.448847,27.449432,22.039932,26.00648
batch_00150_patch.tiff,patch_136,26.538492,22.774593,25.478052,23.302618,25.757412
batch_00150_patch.tiff,patch_137,26.43232,23.165554,25.147905,23.748585,26.357466
batch_00150_patch.tiff,patch_138,24.973478,22.958464,24.563725,24.432508,26.7997
batch_00150_patch.tiff,patch_139,26.250729,22.07857,25.13211,24.4443,26.418736
batch_00150_patch.tiff,patch_140,25.67527,22.96307,24.70542,24.593203,26.781916
batch_00150_patch.tiff,patch_141,24.20971,22.90627,23.81595,24.565044,25.482843
batch_00150_patch.tiff,patch_142,24.568056,24.016735,24.161371,25.699728,26.045294
batch_00150_patch.tiff,patch_143,25.434813,23.197876,25.440119,24.214247,26.81745
batch_00150_patch.tiff,patch_144,25.665562,24.440775,23.64825,25.742973,27.976954
batch_00150_patch.tiff,patch_145,26.660686,23.871567,23.954569,24.944523,27.68029
batch_00150_patch.tiff,patch_146,26.597227,23.289335,23.36524,25.714205,26.539019
batch_00150_patch.tiff,patch_147,25.735647,23.179733,24.703648,25.35812,26.978092
batch_00150_patch.tiff,patch_148,27.35042,22.277523,27.359188,21.697617,25.547632
batch_00150_patch.tiff,patch_149,26.66949,23.719315,26.7413,23.606052,26.995718
batch_00150_patch.tiff,patch_150,24.636208,22.253674,23.631283,24.949944,25.972511
batch_00150_patch.tiff,patch_151,26.457825,23.701206,25.041422,24.2599,27.00571
batch_00150_patch.tiff,patch_152,26.510141,24.013636,25.195715,24.332245,27.511318
batch_00150_patch.tiff,patch_153,26.729391,25.267199,25.538046,26.122044,28.741493
batch_00150_patch.tiff,patch_154,25.785265,24.753696,24.225069,26.417088,27.198492
batch_00150_patch.tiff,patch_155,24.119267,23.759619,23.467442,25.89856,26.86195
batch_00150_patch.tiff,patch_156,26.541962,24.314657,24.61956,25.24314,28.075556
batch_00150_patch.tiff,patch_157,25.366228,24.210146,24.481207,25.20451,27.331778
batch_00150_patch.tiff,patch_158,27.089361,22.522167,26.790422,22.10444,26.10006
batch_00150_patch.tiff,patch_159,26.849827,22.582829,26.653446,23.638794,26.785862
batch_00150_patch.tiff,patch_160,27.173632,23.094683,26.638489,23.993933,26.64058
batch_00150_patch.tiff,patch_161,27.21324,21.909409,26.992252,21.342764,25.349491
batch_00150_patch.tiff,patch_162,24.700037,22.526842,23.324884,25.257391,26.035799
batch_00150_patch.tiff,patch_163,24.799032,23.601576,24.872034,25.442282,26.79108
batch_00150_patch.tiff,patch_164,24.71954,22.910744,25.246424,25.49195,26.919182
batch_00150_patch.tiff,patch_165,23.935856,23.121931,22.5348,27.536573,27.44297
batch_00150_patch.tiff,patch_166,24.588394,24.1053,23.361027,25.032824,27.417112
batch_00150_patch.tiff,patch_167,25.146526,23.555182,23.60357,25.922018,27.04632
batch_00150_patch.tiff,patch_168,26.354652,24.919415,24.407341,25.334797,28.253712
batch_00150_patch.tiff,patch_169,24.804234,24.00843,23.945034,24.566942,27.010368
batch_00150_patch.tiff,patch_170,27.043177,22.295012,24.69552,24.668177,25.776016
batch_00150_patch.tiff,patch_171,26.789177,23.323114,24.429981,26.00914,27.589294
batch_00150_patch.tiff,patch_172,25.417782,23.214226,23.97551,26.428022,27.111374
batch_00150_patch.tiff,patch_173,26.05569,22.656805,24.362305,24.521416,26.512625
batch_00150_patch.tiff,patch_174,25.217716,22.85451,24.01591,24.125477,26.262634
batch_00150_patch.tiff,patch_175,24.039907,23.438633,23.621355,24.584087,26.60896
batch_00150_patch.tiff,patch_176,24.314991,24.723871,23.625025,24.615618,26.33493
batch_00150_patch.tiff,patch_177,25.834076,23.654305,23.729473,25.844309,26.948748
batch_00150_patch.tiff,patch_178,24.795921,22.819292,23.755527,24.863783,26.806707
batch_00150_patch.tiff,patch_179,25.653446,23.28807,24.048515,25.472809,27.223928
batch_00150_patch.tiff,patch_180,25.487644,22.975546,23.774672,22.796303,25.251665
batch_00150_patch.tiff,patch_181,25.635841,24.022184,23.528196,25.789442,27.9273
batch_00200_patch.tiff,patch_0,25.43885,25.100096,24.546637,25.961147,27.544073
batch_00200_patch.tiff,patch_1,26.317194,25.381357,25.896568,26.541082,27.725433
batch_00200_patch.tiff,patch_2,27.357956,24.57994,25.095999,23.630363,26.962332
batch_00200_patch.tiff,patch_3,24.942625,22.861238,22.444145,23.81474,25.206455
batch_00200_patch.tiff,patch_4,23.870281,22.353544,21.929577,23.935555,24.111563
batch_00200_patch.tiff,patch_5,26.138102,23.213556,24.297523,23.191326,25.131916
batch_00200_patch.tiff,patch_6,25.625608,24.404764,26.255316,25.61479,27.289732
batch_00200_patch.tiff,patch_7,25.8757,24.42796,25.445465,26.878775,28.118044
batch_00200_patch.tiff,patch_8,25.485065,22.658487,23.028858,25.674992,26.816935
batch_00200_patch.tiff,patch_9,25.221998,23.496233,22.218264,26.440138,27.096283
batch_00200_patch.tiff,patch_10,27.1714,23.823381,25.608246,23.950796,26.99144
batch_00200_patch.tiff,patch_11,25.877464,23.161634,25.382019,24.386509,26.895195
batch_00200_patch.tiff,patch_12,24.52794,23.489641,23.10784,25.988043,27.091936
batch_00200_patch.tiff,patch_13,26.092957,24.214832,24.887014,24.964228,26.997885
batch_00200_patch.tiff,patch_14,26.095121,23.28937,24.438131,24.861048,27.02642
batch_00200_patch.tiff,patch_15,26.700249,23.718187,23.306206,24.043049,26.224934
batch_00200_patch.tiff,patch_16,26.10129,24.055367,23.419003,23.227697,27.060045
batch_00200_patch.tiff,patch_17,26.756086,24.13129,25.778534,22.934216,25.790133
batch_00200_patch.tiff,patch_18,25.664244,22.595364,24.678732,23.620281,25.698435
batch_00200_patch.tiff,patch_19,25.317057,22.804047,25.593924,24.826529,27.65821
batch_00200_patch.tiff,patch_20,25.666916,24.272957,25.408632,26.10877,28.369629
batch_00200_patch.tiff,patch_21,25.70677,23.220037,22.717442,25.6712,26.105036
batch_00200_patch.tiff,patch_22,25.81489,22.579723,22.532753,26.478119,26.741503
batch_00200_patch.tiff,patch_23,25.897417,23.860065,23.730902,25.28422,26.704733
batch_00200_patch.tiff,patch_24,25.617905,23.435919,24.573618,25.042494,26.945486
batch_00200_patch.tiff,patch_25,25.693964,24.048006,24.78091,25.487179,27.381111
batch_00200_patch.tiff,patch_26,26.184895,24.541239,23.45477,24.858944,28.050247
batch_00200_patch.tiff,patch_27,25.669323,23.9229,24.051718,24.520569,27.119055
batch_00200_patch.tiff,patch_28,26.959148,23.44213,24.21514,24.869265,26.588863
batch_00200_patch.tiff,patch_29,26.38263,23.71841,24.051918,24.145035,25.688543
batch_00200_patch.tiff,patch_30,24.75062,22.74628,22.604927,24.70823,24.227411
batch_00200_patch.tiff,patch_31,25.31637,23.575603,24.283882,24.347452,26.236643
batch_00200_patch.tiff,patch_32,26.768677,23.441322,26.498987,22.952545,25.93986
batch_00200_patch.tiff,patch_33,25.801373,24.807512,24.777657,27.470118,28.50929
batch_00200_patch.tiff,patch_34,25.869146,23.3341,22.675087,27.093073,27.331535
batch_00200_patch.tiff,patch_35,26.114422,23.047367,23.987455,25.125956,26.550194
batch_00200_patch.tiff,patch_36,25.78902,23.343245,23.71363,25.194529,25.956285
batch_00200_patch.tiff,patch_37,26.03167,23.868221,24.507307,25.193739,26.988518
batch_00200_patch.tiff,patch_38,24.2468,22.807034,22.341608,25.584997,26.103903
batch_00200_patch.tiff,patch_39,26.26353,24.925375,26.100159,22.424019,26.611942
batch_00200_patch.tiff,patch_40,25.975246,23.325426,24.133116,24.572212,26.04162
batch_00200_patch.tiff,patch_41,26.239744,23.555208,23.55939,24.626877,26.035187
batch_00200_patch.tiff,patch_42,26.845402,24.296452,23.790846,21.840149,26.158802
batch_00200_patch.tiff,patch_43,24.014174,23.479065,23.148727,24.036005,24.599586
batch_00200_patch.tiff,patch_44,24.409647,22.388716,23.679352,23.915989,24.802292
batch_00200_patch.tiff,patch_45,25.86813,24.897831,25.208414,26.14188,27.186178
batch_00200_patch.tiff,patch_46,25.539597,24.675909,25.155182,25.302717,28.154526
batch_00200_patch.tiff,patch_47,25.365837,23.096067,22.218763,27.073704,27.40082
batch_00200_patch.tiff,patch_48,25.863659,23.148075,23.046614,26.28473,26.79481
batch_00200_patch.tiff,patch_49,24.931086,23.618778,23.53193,23.934978,25.441877
batch_00200_patch.tiff,patch_50,25.156046,24.05416,23.108517,25.72654,26.893568
batch_00200_patch.tiff,patch_51,24.96665,22.964714,22.713945,25.540346,25.692255
batch_00200_patch.tiff,patch_52,25.235878,24.866472,24.43675,26.908033,28.363699
batch_00200_patch.tiff,patch_53,25.77283,25.347225,25.528486,26.04412,28.344564
batch_00200_patch.tiff,patch_54,26.801205,23.695942,24.380672,21.494658,25.32511
batch_00200_patch.tiff,patch_55,27.481693,24.819576,25.27096,22.9264,26.47863
batch_00200_patch.tiff,patch_56,26.335503,23.483856,24.490585,26.118933,26.68625
batch_00200_patch.tiff,patch_57,26.035612,23.179003,23.452652,25.588547,26.263586
batch_00200_patch.tiff,patch_58,27.715643,22.883589,23.92049,21.540028,25.353346
batch_00200_patch.tiff,patch_59,27.164822,22.409327,25.346283,22.990076,25.130028
batch_00200_patch.tiff,patch_60,24.580181,22.55201,22.386799,26.245724,25.850935
batch_00200_patch.tiff,patch_61,25.063274,22.859858,22.487928,26.38187,26.471546
batch_00200_patch.tiff,patch_62,25.245756,24.571428,24.461578,24.986755,26.534899
batch_00200_patch.tiff,patch_63,25.450327,23.680836,23.80442,25.291513,26.210754
batch_00200_patch.tiff,patch_64,26.306814,24.938349,25.801899,25.574917,27.079956
batch_00200_patch.tiff,patch_65,25.7544,25.429157,25.156908,25.277065,26.379126
batch_00200_patch.tiff,patch_66,26.582912,24.177845,24.296175,23.738554,26.253489
batch_00200_patch.tiff,patch_67,26.620457,24.358425,24.335852,23.12987,26.67986
batch_00200_patch.tiff,patch_68,26.56387,23.571716,25.465338,23.229218,26.343931
batch_00200_patch.tiff,patch_69,27.014202,22.582003,26.618273,22.45503,25.914827
batch_00200_patch.tiff,patch_70,26.3543,23.265377,23.522896,24.780415,24.929419
batch_00200_patch.tiff,patch_71,27.986202,22.751553,25.980013,22.806135,25.67486
batch_00200_patch.tiff,patch_72,25.016567,23.408491,22.289398,26.260454,26.70693
batch_00200_patch.tiff,patch_73,26.054163,22.591135,22.52469,25.827309,26.482841
batch_00200_patch.tiff,patch_74,24.22936,23.082476,21.994886,25.549023,26.176323
batch_00200_patch.tiff,patch_75,25.023912,23.08851,23.716385,24.172804,25.369152
batch_00200_patch.tiff,patch_76,25.132393,23.605291,24.543146,24.153809,27.067488
batch_00200_patch.tiff,patch_77,25.70539,25.096321,24.313314,26.253817,27.931498
batch_00200_patch.tiff,patch_78,26.51843,23.614397,23.570469,23.690098,26.171106
batch_00200_patch.tiff,patch_79,25.62546,23.375051,23.442066,24.576275,25.58922
batch_00200_patch.tiff,patch_80,25.55157,23.725695,25.032944,25.36738,26.543936
batch_00200_patch.tiff,patch_81,25.199095,25.031898,25.065863,25.650848,26.50478
batch_00200_patch.tiff,patch_82,25.63209,23.284143,23.010738,25.563993,25.528393
batch_00200_patch.tiff,patch_83,26.121428,23.279669,21.730356,25.442234,27.182037
batch_00200_patch.tiff,patch_84,25.149292,23.271265,23.86029,26.704021,26.50916
batch_00200_patch.tiff,patch_85,25.233452,22.857437,22.488268,26.284584,26.18659
batch_00200_patch.tiff,patch_86,25.759026,23.040327,22.33601,25.29958,27.218098
batch_00200_patch.tiff,patch_87,24.914618,23.516544,22.111444,25.320358,26.456472
batch_00200_patch.tiff,patch_88,25.230095,23.270742,23.39628,24.844433,26.135408
batch_00200_patch.tiff,patch_89,25.716347,24.17119,24.627768,24.546032,27.218657
batch_00200_patch.tiff,patch_90,26.885788,24.73007,24.596455,21.380585,26.304262
batch_00200_patch.tiff,patch_91,28.629333,24.083761,23.784378,22.66532,25.995113
batch_00200_patch.tiff,patch_92,25.610298,24.201195,23.435646,27.080622,26.564922
batch_00200_patch.tiff,patch_93,26.495285,22.948862,23.974901,25.100214,26.06323
batch_00200_patch.tiff,patch_94,26.351776,22.017784,24.930502,24.10473,26.398449
batch_00200_patch.tiff,patch_95,26.257221,22.3754,23.507336,24.328098,26.28894
batch_00200_patch.tiff,patch_96,25.749718,23.10693,22.820963,26.99156,26.499166
batch_00200_patch.tiff,patch_97,25.3884,22.987442,21.959599,27.611979,27.092457
batch_00200_patch.tiff,patch_98,25.519518,23.61061,22.645857,25.799784,26.417755
batch_00200_patch.tiff,patch_99,24.458399,22.85243,22.6862,25.737156,26.404112
batch_00200_patch.tiff,patch_100,27.4221,24.519623,26.404882,24.690735,27.292223
batch_00200_patch.tiff,patch_101,24.94314,23.096006,24.992592,24.573338,26.43033
batch_00200_patch.tiff,patch_102,26.871862,23.574532,24.206888,25.166878,26.102524
batch_00200_patch.tiff,patch_103,27.065115,24.665253,25.300043,24.261631,27.055584
batch_00200_patch.tiff,patch_104,24.766705,23.479298,22.747253,26.80244,26.022133
batch_00200_patch.tiff,patch_105,25.746445,25.102491,24.458965,26.298546,27.156418
batch_00200_patch.tiff,patch_106,24.949633,23.656223,22.2036,27.423681,27.075735
batch_00200_patch.tiff,patch_107,25.408808,23.089306,23.111616,25.855673,26.282293
batch_00200_patch.tiff,patch_108,25.93255,24.452065,25.557774,25.687834,26.952885
batch_00200_patch.tiff,patch_109,27.442461,24.882492,25.732967,24.852627,27.949743
batch_00200_patch.tiff,patch_110,26.045946,23.072176,23.751194,25.496862,26.329893
batch_00200_patch.tiff,patch_111,24.593153,22.656712,21.506205,25.658571,25.964638
batch_00200_patch.tiff,patch_112,27.209114,23.059095,24.476004,23.671734,25.955418
batch_00200_patch.tiff,patch_113,26.417973,24.567173,25.956402,24.986809,26.558659
batch_00200_patch.tiff,patch_114,27.722845,24.849745,23.655682,23.043344,26.728432
batch_00200_patch.tiff,patch_115,28.051125,24.520643,25.373425,22.870861,25.983019
batch_00200_patch.tiff,patch_116,26.986692,22.873308,24.897955,24.026947,26.15767
batch_00200_patch.tiff,patch_117,25.43153,22.694416,24.378088,26.558302,26.168442
batch_00200_patch.tiff,patch_118,25.545527,23.606745,22.734585,26.60302,26.631721
batch_00200_patch.tiff,patch_119,25.913454,22.608551,22.40823,25.744648,26.000803
batch_00200_patch.tiff,patch_120,26.725027,25.080114,24.826015,25.438517,27.492746
batch_00200_patch.tiff,patch_121,26.652243,25.37003,26.499918,25.01372,27.632072
batch_00200_patch.tiff,patch_122,24.77337,22.58471,22.676752,24.990528,25.479296
batch_00200_patch.tiff,patch_123,24.722761,22.882998,21.912827,25.537153,26.070688
batch_00200_patch.tiff,patch_124,24.793486,23.827961,23.227608,25.989407,27.89652
batch_00200_patch.tiff,patch_125,26.1451,23.684683,23.719528,25.49485,27.602757
batch_00200_patch.tiff,patch_126,26.005127,24.344408,25.138393,26.34646,27.99989
batch_00200_patch.tiff,patch_127,25.257439,24.072968,24.277159,25.525269,26.341566
batch_00200_patch.tiff,patch_128,26.472136,23.01597,25.768833,22.962456,24.488585
batch_00200_patch.tiff,patch_129,25.898851,24.219786,23.300468,25.037878,27.241564
batch_00200_patch.tiff,patch_130,25.70407,23.105944,22.635775,26.672905,26.863247
batch_00200_patch.tiff,patch_131,25.879885,23.542276,22.773296,25.721777,27.04038
batch_00200_patch.tiff,patch_132,25.942225,23.349106,23.167902,25.765913,26.841673
batch_00200_patch.tiff,patch_133,25.017334,22.862823,22.30123,26.670202,26.824049
batch_00200_patch.tiff,patch_134,25.282385,23.311033,25.111412,24.359856,25.973255
batch_00200_patch.tiff,patch_135,24.782143,22.773546,24.523054,23.423365,24.855345
batch_00200_patch.tiff,patch_136,25.249172,24.267603,25.271292,24.556337,27.22193
batch_00200_patch.tiff,patch_137,26.101555,24.230665,24.478598,25.250652,27.255445
batch_00200_patch.tiff,patch_138,25.887852,24.145914,25.894468,26.768242,28.091618
batch_00200_patch.tiff,patch_139,25.555304,24.284792,25.495071,26.45617,27.288538
batch_00200_patch.tiff,patch_140,25.233706,23.381088,22.759508,25.875055,26.429771
batch_00200_patch.tiff,patch_141,27.183706,24.018734,27.448977,22.1293,25.343555
batch_00200_patch.tiff,patch_142,25.17934,24.08267,22.893867,26.701488,26.604607
batch_00200_patch.tiff,patch_143,26.126598,23.64965,22.377756,27.129326,27.487848
batch_00200_patch.tiff,patch_144,25.030542,23.036005,22.794073,26.642391,26.24722
batch_00200_patch.tiff,patch_145,25.71859,22.830122,23.165709,25.144457,25.909033
batch_00200_patch.tiff,patch_146,25.149317,22.878193,25.106289,24.334185,26.019138
batch_00200_patch.tiff,patch_147,24.4983,23.814774,23.542158,24.052568,25.322952
batch_00200_patch.tiff,patch_148,26.426401,24.414803,24.498022,23.504007,25.481405
batch_00200_patch.tiff,patch_149,26.383793,23.234571,24.474983,23.90803,24.658037
batch_00200_patch.tiff,patch_150,24.580643,22.4373,23.589851,23.61106,24.758919
batch_00200_patch.tiff,patch_151,24.478779,21.58405,22.902803,23.528242,23.989845
batch_00200_patch.tiff,patch_152,24.204775,22.259487,21.327127,26.140057,26.134186
batch_00200_patch.tiff,patch_153,25.89865,24.304083,25.756748,25.86396,26.024292
batch_00200_patch.tiff,patch_154,25.961779,23.368788,23.13384,24.831314,26.10774
batch_00200_patch.tiff,patch_155,26.553608,23.54615,23.622313,25.087973,27.316431
batch_00200_patch.tiff,patch_156,26.033945,23.341702,23.338017,26.693262,27.020493
batch_00200_patch.tiff,patch_157,26.636063,22.890755,23.91792,26.185108,27.128775
batch_00200_patch.tiff,patch_158,24.350838,24.313942,23.301086,25.183327,25.789478
batch_00200_patch.tiff,patch_159,25.757614,23.56983,23.418077,24.85584,25.832794
batch_00200_patch.tiff,patch_160,27.32335,24.141674,24.74049,22.79192,26.983341
batch_00200_patch.tiff,patch_161,24.981098,23.019566,25.109896,23.434895,25.920202
batch_00200_patch.tiff,patch_162,24.217592,24.025553,24.264473,23.516623,24.793602
batch_00200_patch.tiff,patch_163,24.684767,23.89936,22.749643,23.612738,24.278568
batch_00200_patch.tiff,patch_164,24.363855,23.207006,22.906033,26.544214,26.474726
batch_00200_patch.tiff,patch_165,25.313627,24.111893,23.125832,25.199554,26.586737
batch_00200_patch.tiff,patch_166,25.689632,23.62216,23.787521,26.170769,26.646067
batch_00200_patch.tiff,patch_167,24.893084,22.519249,22.359304,26.971884,26.62585
batch_00200_patch.tiff,patch_168,25.926994,22.731916,23.301342,26.188955,25.865482
batch_00200_patch.tiff,patch_169,25.244583,23.292439,23.061497,26.494915,26.837267
batch_00200_patch.tiff,patch_170,25.277699,24.627453,24.115784,25.318424,26.692099
batch_00200_patch.tiff,patch_171,24.104023,24.77493,23.869425,25.645918,26.614994
batch_00200_patch.tiff,patch_172,26.767483,24.74788,22.606619,24.012987,27.001623
batch_00200_patch.tiff,patch_173,27.433285,24.212284,24.059774,25.076656,27.974085
batch_00200_patch.tiff,patch_174,25.45763,23.21385,24.905972,23.563345,24.548426
batch_00200_patch.tiff,patch_175,23.710129,23.19269,23.100046,24.14931,24.907488
batch_00200_patch.tiff,patch_176,24.402239,23.390202,22.255058,26.0077,26.965525
batch_00200_patch.tiff,patch_177,24.616165,23.387579,22.729868,27.287075,26.507862
batch_00200_patch.tiff,patch_178,26.43828,23.159044,24.434906,25.16545,25.680758
batch_00200_patch.tiff,patch_179,26.171768,23.38404,24.525276,26.88627,27.491762
batch_00200_patch.tiff,patch_180,25.536016,22.540728,21.965134,26.592907,27.293947
batch_00200_patch.tiff,patch_181,25.962069,22.284103,22.418245,26.484066,27.136894
batch_00200_patch.tiff,patch_182,26.5409,25.814709,25.620436,25.313257,28.473436
batch_00200_patch.tiff,patch_183,27.057934,24.104027,26.231562,23.898783,27.176294
batch_00250_patch.tiff,patch_0,24.902742,22.1343,21.748392,24.872868,24.665237
batch_00250_patch.tiff,patch_1,25.636028,23.422544,23.271753,25.068892,26.561329
batch_00250_patch.tiff,patch_2,26.465296,24.436192,25.549765,25.509382,28.03304
batch_00250_patch.tiff,patch_3,26.237286,24.924795,24.357784,27.190578,28.953747
batch_00250_patch.tiff,patch_4,27.70472,23.596437,24.483627,22.876389,26.946142
batch_00250_patch.tiff,patch_5,27.311632,23.633614,25.432768,23.831213,26.802135
batch_00250_patch.tiff,patch_6,26.657831,24.94851,25.616219,24.415907,27.748446
batch_00250_patch.tiff,patch_7,26.693419,23.62667,24.742899,23.734035,26.489471
batch_00250_patch.tiff,patch_8,26.262474,23.866957,23.346508,24.887548,27.378477
batch_00250_patch.tiff,patch_9,26.98627,22.912516,24.80738,24.311214,27.560318
batch_00250_patch.tiff,patch_10,27.10829,23.358051,24.495615,23.22071,26.93322
batch_00250_patch.tiff,patch_11,25.252304,23.542643,23.54715,25.493504,26.72955
batch_00250_patch.tiff,patch_12,24.787453,23.027985,22.551708,25.853836,26.275213
batch_00250_patch.tiff,patch_13,26.74023,25.700686,24.210949,26.108185,29.002056
batch_00250_patch.tiff,patch_14,26.279802,24.906689,25.676847,24.557373,27.441383
batch_00250_patch.tiff,patch_15,26.603403,24.91437,24.297808,23.309488,24.866972
batch_00250_patch.tiff,patch_16,26.879082,24.641106,23.64289,24.384829,27.581322
batch_00250_patch.tiff,patch_17,26.720312,25.997583,23.905708,24.104534,26.64
batch_00250_patch.tiff,patch_18,24.94506,25.209934,24.965164,25.022455,25.429502
batch_00250_patch.tiff,patch_19,27.035666,24.023867,25.743992,23.896517,27.488361
batch_00250_patch.tiff,patch_20,27.316217,24.420395,24.875662,23.726599,28.335617
batch_00250_patch.tiff,patch_21,26.607224,23.218552,24.305471,24.473469,26.889967
batch_00250_patch.tiff,patch_22,26.531578,23.275946,24.916647,23.502851,26.886906
batch_00250_patch.tiff,patch_23,26.472805,23.914343,26.59014,21.798847,25.186552
batch_00250_patch.tiff,patch_24,24.858961,22.249212,20.911007,25.12094,25.904911
batch_00250_patch.tiff,patch_25,24.994228,23.0253,22.98249,25.663507,25.728119
batch_00250_patch.tiff,patch_26,26.086008,22.938288,23.690027,24.506428,26.126904
batch_00250_patch.tiff,patch_27,24.663988,22.315264,22.959532,25.075914,25.376911
batch_00250_patch.tiff,patch_28,28.838617,24.551321,25.207943,23.115355,27.653248
batch_00250_patch.tiff,patch_29,27.152065,25.334476,24.333546,23.35362,26.600088
batch_00250_patch.tiff,patch_30,26.784172,24.429129,25.437069,25.569843,27.57328
batch_00250_patch.tiff,patch_31,28.297152,25.039642,25.109184,23.935781,28.27925
batch_00250_patch.tiff,patch_32,25.559582,24.841099,24.40567,26.723385,28.781233
batch_00250_patch.tiff,patch_33,24.954493,23.438036,25.3075,27.044031,27.664185
batch_00250_patch.tiff,patch_34,25.079508,22.441751,25.672909,22.798092,23.770824
batch_00250_patch.tiff,patch_35,24.709406,23.07875,22.261168,25.324091,26.464125
batch_00250_patch.tiff,patch_36,24.609749,22.3147,22.387962,25.658426,25.624279
batch_00250_patch.tiff,patch_37,25.941,23.095814,24.576633,23.39266,25.575247
batch_00250_patch.tiff,patch_38,24.950813,21.964745,23.024878,24.627495,25.483435
batch_00250_patch.tiff,patch_39,27.676817,23.755829,26.253548,22.508917,26.969162
batch_00250_patch.tiff,patch_40,28.00504,24.684587,25.334291,22.732403,27.158237
batch_00250_patch.tiff,patch_41,25.16862,21.797976,24.288906,22.889444,23.051561
batch_00250_patch.tiff,patch_42,26.7645,24.166582,24.817627,24.959538,25.47362
batch_00250_patch.tiff,patch_43,25.724138,22.679249,24.787737,23.820333,27.12574
batch_00250_patch.tiff,patch_44,27.538898,23.925476,24.759544,23.976883,28.112343
batch_00250_patch.tiff,patch_45,26.067986,24.046143,26.22328,25.697609,28.016499
batch_00250_patch.tiff,patch_46,25.530218,24.431355,26.454855,26.470352,27.488619
batch_00250_patch.tiff,patch_47,26.61519,23.133944,27.576984,22.315228,25.337267
batch_00250_patch.tiff,patch_48,25.41906,23.144094,24.457426,25.632963,27.203932
batch_00250_patch.tiff,patch_49,25.641525,23.12748,24.465904,24.263184,25.736166
batch_00250_patch.tiff,patch_50,25.823261,22.947512,24.789576,25.403814,26.738081
batch_00250_patch.tiff,patch_51,25.533693,23.279623,25.353958,22.666485,24.366396
batch_00250_patch.tiff,patch_52,26.877275,22.74548,27.075754,21.488705,26.176313
batch_00250_patch.tiff,patch_53,27.945274,23.129587,24.765112,21.403671,27.01315
batch_00250_patch.tiff,patch_54,27.447231,26.27562,24.72623,22.446922,27.292694
batch_00250_patch.tiff,patch_55,27.656876,25.48666,24.891586,23.122648,28.551855
batch_00250_patch.tiff,patch_56,25.953686,24.093449,25.161158,24.18613,27.54024
batch_00250_patch.tiff,patch_57,26.70383,22.080212,25.609686,23.049015,25.854315
batch_00250_patch.tiff,patch_58,26.231686,24.15537,23.870863,24.602133,27.150917
batch_00250_patch.tiff,patch_59,24.51781,22.649385,22.186806,25.671196,26.57512
batch_00250_patch.tiff,patch_60,25.279732,22.878881,22.250334,24.388252,26.882565
batch_00250_patch.tiff,patch_61,25.038137,22.807756,23.096863,25.418995,25.863808
batch_00250_patch.tiff,patch_62,24.861814,23.014315,24.664951,23.691893,25.784792
batch_00250_patch.tiff,patch_63,25.401854,23.760996,26.552929,23.02624,25.253302
batch_00250_patch.tiff,patch_64,27.669962,23.772234,25.107452,23.630505,27.217857
batch_00250_patch.tiff,patch_65,27.603273,24.216578,24.127247,21.932148,25.426285
batch_00250_patch.tiff,patch_66,23.97802,23.48652,24.516499,23.860325,24.852844
batch_00250_patch.tiff,patch_67,25.62936,23.402407,24.94666,21.927502,25.60877
batch_00250_patch.tiff,patch_68,26.202202,23.30235,26.2429,23.057524,27.42297
batch_00250_patch.tiff,patch_69,25.425041,23.16633,24.814493,23.97895,26.753439
batch_00250_patch.tiff,patch_70,26.048496,23.533907,24.918829,23.616629,27.138102
batch_00250_patch.tiff,patch_71,25.273232,22.348038,22.275322,24.754492,25.871063
batch_00250_patch.tiff,patch_72,24.717604,22.334599,20.71739,25.600853,25.855875
batch_00250_patch.tiff,patch_73,27.573624,23.581112,24.933588,22.77914,26.173096
batch_00250_patch.tiff,patch_74,27.424273,23.531353,25.326046,24.009256,26.36453
batch_00250_patch.tiff,patch_75,26.301624,24.025892,26.908981,24.901754,27.635008
batch_00250_patch.tiff,patch_76,26.049997,23.131733,25.084534,25.511484,27.288206
batch_00250_patch.tiff,patch_77,27.058437,24.340794,23.746881,23.95264,25.998672
batch_00250_patch.tiff,patch_78,27.295837,24.944326,23.351107,23.039654,26.102428
batch_00250_patch.tiff,patch_79,27.041222,23.10709,25.523176,23.364204,26.92546
batch_00250_patch.tiff,patch_80,28.121527,24.471788,24.255896,23.491295,27.137741
batch_00250_patch.tiff,patch_81,25.463177,23.751692,22.6832,25.342318,27.906662
batch_00250_patch.tiff,patch_82,25.098452,23.782766,22.338726,25.678808,26.947565
batch_00250_patch.tiff,patch_83,24.886469,23.004574,22.565489,26.320671,27.10497
batch_00250_patch.tiff,patch_84,24.12759,21.857904,22.603113,24.491766,25.069714
batch_00250_patch.tiff,patch_85,26.079306,23.72295,23.853117,24.949226,27.282043
batch_00250_patch.tiff,patch_86,27.233116,23.403358,25.029366,24.072065,26.377998
batch_00250_patch.tiff,patch_87,26.128994,23.433783,25.388088,24.611763,27.207962
batch_00250_patch.tiff,patch_88,25.1176,23.201143,25.62599,24.924856,26.58805
batch_00250_patch.tiff,patch_89,26.517134,24.201868,25.678226,23.218243,27.140522
batch_00250_patch.tiff,patch_90,27.726606,23.807486,25.493347,23.079037,26.825092
batch_00250_patch.tiff,patch_91,26.740046,22.73149,25.864174,23.358225,27.024149
batch_00250_patch.tiff,patch_92,27.82283,24.461323,23.771645,23.341784,26.48351
batch_00250_patch.tiff,patch_93,25.52241,25.961418,24.45177,25.704613,28.502817
batch_00250_patch.tiff,patch_94,25.88504,24.632626,22.658031,25.728983,27.185883
batch_00250_patch.tiff,patch_95,24.81541,23.231236,24.547293,24.475866,26.33642
batch_00250_patch.tiff,patch_96,25.013268,24.039108,24.118269,25.70586,26.387602
batch_00250_patch.tiff,patch_97,26.376318,23.361633,26.482754,23.12038,24.52135
batch_00250_patch.tiff,patch_98,25.965506,23.160309,25.47953,24.353106,26.340973
batch_00250_patch.tiff,patch_99,26.277828,23.527557,25.896803,23.620983,26.776884
batch_00250_patch.tiff,patch_100,27.034847,22.906986,23.503252,23.328728,26.425047
batch_00250_patch.tiff,patch_101,25.743404,23.690016,24.662357,25.254482,27.132952
batch_00250_patch.tiff,patch_102,27.403383,23.095846,25.949224,22.821865,25.922028
batch_00250_patch.tiff,patch_103,25.126032,22.585434,23.711517,24.332167,25.440432
batch_00250_patch.tiff,patch_104,24.370422,24.0552,23.528679,25.274878,26.285368
batch_00250_patch.tiff,patch_105,26.689161,23.297775,25.607344,23.716019,26.277431
batch_00250_patch.tiff,patch_106,25.286034,23.640202,25.315096,24.289,26.84062
batch_00250_patch.tiff,patch_107,27.21352,24.257809,26.107952,23.420015,27.402025
batch_00250_patch.tiff,patch_108,27.25141,24.47991,23.081135,22.41637,25.798954
batch_00250_patch.tiff,patch_109,25.94972,23.300621,25.403305,24.843246,26.58439
batch_00250_patch.tiff,patch_110,26.473988,23.359133,26.163961,22.859186,26.615929
batch_00250_patch.tiff,patch_111,24.563314,22.663265,22.898607,24.99308,26.265612
batch_00250_patch.tiff,patch_112,25.063755,22.132998,24.433327,24.223879,26.289663
batch_00250_patch.tiff,patch_113,26.861307,23.330553,26.187813,22.860003,25.23003
batch_00250_patch.tiff,patch_114,26.808428,23.27075,25.174587,24.596079,25.578169
batch_00250_patch.tiff,patch_115,25.751585,24.162418,24.448965,24.99114,26.252768
batch_00250_patch.tiff,patch_116,26.97071,24.361364,25.534822,23.674736,27.874668
batch_00250_patch.tiff,patch_117,27.47446,23.424496,27.220602,23.074242,26.76364
batch_00250_patch.tiff,patch_118,24.73377,23.890505,24.259605,25.05288,26.442078
batch_00250_patch.tiff,patch_119,25.299355,23.042078,24.310059,24.81681,26.364912
batch_00250_patch.tiff,patch_120,25.463522,22.888897,24.367811,24.748983,25.594524
batch_00250_patch.tiff,patch_121,27.03211,23.678446,23.275393,24.53821,25.068268
batch_00250_patch.tiff,patch_122,25.419643,23.756115,24.923174,25.107279,25.573427
batch_00250_patch.tiff,patch_123,26.209654,24.229841,25.530119,24.674759,27.452705
batch_00250_patch.tiff,patch_124,26.829458,24.39997,24.60299,22.176249,26.96841
batch_00250_patch.tiff,patch_125,27.028141,23.601017,25.30453,23.463255,27.329554
batch_00250_patch.tiff,patch_126,25.68398,23.825207,24.770035,24.302565,25.7695
batch_00250_patch.tiff,patch_127,25.655622,22.613106,24.011215,24.58355,25.807707
batch_00250_patch.tiff,patch_128,27.183659,23.656006,24.966158,24.544947,26.85985
batch_00250_patch.tiff,patch_129,26.486237,23.17606,23.40883,24.411749,26.73981
batch_00250_patch.tiff,patch_130,26.065454,24.8198,24.750755,23.749998,24.448048
batch_00250_patch.tiff,patch_131,27.819592,24.183271,24.683355,22.939522,26.338476
batch_00250_patch.tiff,patch_132,27.52278,24.746359,25.577044,25.98566,27.6533
batch_00250_patch.tiff,patch_133,26.156116,24.148718,25.016886,26.266779,27.417265
batch_00250_patch.tiff,patch_134,28.217505,25.103962,25.268633,23.59432,27.956903
batch_00250_patch.tiff,patch_135,25.310474,25.819721,24.58463,24.368727,26.013653
batch_00250_patch.tiff,patch_136,27.877285,23.124228,27.222515,23.237106,26.045109
batch_00250_patch.tiff,patch_137,27.620245,24.701664,27.664793,21.406525,26.21554
batch_00250_patch.tiff,patch_138,25.871666,23.49559,23.680113,26.45438,27.558731
batch_00250_patch.tiff,patch_139,24.762293,22.813898,23.383461,24.624609,25.741117
batch_00250_patch.tiff,patch_140,26.800766,23.182823,24.369913,23.774765,25.057936
batch_00250_patch.tiff,patch_141,25.466854,22.18006,24.491167,24.660189,25.505938
batch_00250_patch.tiff,patch_142,28.011374,26.515112,24.215822,23.289066,27.625666
batch_00250_patch.tiff,patch_143,27.51652,23.005816,27.173765,21.12596,26.142729
batch_00250_patch.tiff,patch_144,25.983774,23.569256,25.253119,27.166708,26.58026
batch_00250_patch.tiff,patch_145,26.056732,23.61014,24.536375,25.442024,27.389154
batch_00250_patch.tiff,patch_146,26.730612,21.995075,27.105831,20.770329,26.043116
batch_00250_patch.tiff,patch_147,27.535631,24.072239,24.688063,22.354937,26.781147
batch_00250_patch.tiff,patch_148,27.660587,24.208433,26.23599,23.715155,26.95856
batch_00250_patch.tiff,patch_149,27.817217,23.982424,25.616222,23.34943,26.149626
batch_00250_patch.tiff,patch_150,24.322546,22.281212,22.584345,25.497076,26.090141
batch_00250_patch.tiff,patch_151,25.639423,22.497393,24.363125,23.523579,26.056519
batch_00250_patch.tiff,patch_152,26.23934,23.231062,24.304382,23.308432,24.770298
batch_00250_patch.tiff,patch_153,25.380054,23.601116,25.801487,23.08449,24.312784
batch_00250_patch.tiff,patch_154,24.581802,23.035597,25.653257,22.770172,22.993668
batch_00250_patch.tiff,patch_155,25.5303,23.540565,22.571428,25.26871,27.141071
batch_00250_patch.tiff,patch_156,25.443422,23.165695,23.074553,24.280676,26.43613
batch_00250_patch.tiff,patch_157,27.0142,23.656029,25.26314,24.122852,26.758589
batch_00250_patch.tiff,patch_158,24.192474,22.58217,23.102789,25.057594,26.424183
batch_00300_patch.tiff,patch_0,25.688519,22.506638,25.399685,22.949957,24.98821
batch_00300_patch.tiff,patch_1,27.198463,23.02717,25.265116,23.62425,25.654037
batch_00300_patch.tiff,patch_2,27.665401,23.3956,27.339825,22.407196,24.934607
batch_00300_patch.tiff,patch_3,26.594912,23.294456,26.961216,21.98401,24.22138
batch_00300_patch.tiff,patch_4,25.891438,23.768105,23.876734,24.204563,26.972052
batch_00300_patch.tiff,patch_5,25.209393,24.303991,24.544445,24.039803,26.53432
batch_00300_patch.tiff,patch_6,25.943386,24.554836,26.217236,24.793743,27.132303
batch_00300_patch.tiff,patch_7,24.575853,23.99841,25.405262,25.983702,27.349775
batch_00300_patch.tiff,patch_8,25.262592,23.094852,23.537497,24.741705,25.680979
batch_00300_patch.tiff,patch_9,25.115042,23.632408,24.253971,25.754053,25.903946
batch_00300_patch.tiff,patch_10,25.648468,23.39266,25.577717,23.544239,24.804749
batch_00300_patch.tiff,patch_11,25.582184,22.526262,24.538956,24.152538,25.614399
batch_00300_patch.tiff,patch_12,26.49494,23.236109,25.985695,23.561728,25.70226
batch_00300_patch.tiff,patch_13,26.629702,23.365671,26.449255,22.329397,24.694672
batch_00300_patch.tiff,patch_14,27.431166,23.616194,27.383032,22.909845,25.735785
batch_00300_patch.tiff,patch_15,25.20727,23.376072,23.055779,23.561937,24.633694
batch_00300_patch.tiff,patch_16,27.209352,23.783173,25.60318,23.616405,26.921957
batch_00300_patch.tiff,patch_17,27.081837,25.752718,26.388107,25.775957,28.802877
batch_00300_patch.tiff,patch_18,27.04287,25.10256,25.844013,25.912346,28.353296
batch_00300_patch.tiff,patch_19,23.283329,22.59741,22.450844,27.01386,25.289629
batch_00300_patch.tiff,patch_20,25.149952,23.107784,22.952345,23.639894,25.267086
batch_00300_patch.tiff,patch_21,23.164104,22.835144,23.716341,25.747223,25.341143
batch_00300_patch.tiff,patch_22,25.916164,23.057535,24.693655,24.450104,26.788908
batch_00300_patch.tiff,patch_23,26.271437,23.906357,24.03415,25.08797,27.610205
batch_00300_patch.tiff,patch_24,27.6548,24.36734,27.189518,23.17861,25.636631
batch_00300_patch.tiff,patch_25,25.84107,23.663273,25.307594,23.201632,24.931513
batch_00300_patch.tiff,patch_26,27.270569,24.539713,27.404533,22.396643,25.847168
batch_00300_patch.tiff,patch_27,25.32264,23.183907,24.272856,23.966719,26.151413
batch_00300_patch.tiff,patch_28,25.809065,23.563112,24.334671,24.245409,26.542227
batch_00300_patch.tiff,patch_29,24.945448,23.59475,24.079552,24.029364,25.881947
batch_00300_patch.tiff,patch_30,25.271362,24.518684,23.60108,26.232742,27.256134
batch_00300_patch.tiff,patch_31,25.476717,24.13906,23.354086,25.86946,26.199163
batch_00300_patch.tiff,patch_32,25.14163,24.05951,23.145288,25.092249,25.938482
batch_00300_patch.tiff,patch_33,23.587864,21.891588,22.131363,24.816027,24.479862
batch_00300_patch.tiff,patch_34,23.736294,22.935747,22.076563,26.00042,25.840538
batch_00300_patch.tiff,patch_35,26.222492,24.634624,26.290777,24.655409,26.501144
batch_00300_patch.tiff,patch_36,26.63202,23.270412,24.861305,24.040293,26.296154
batch_00300_patch.tiff,patch_37,27.156124,22.961197,24.419693,23.65991,26.921959
batch_00300_patch.tiff,patch_38,26.20869,23.873518,25.270493,25.240377,26.907383
batch_00300_patch.tiff,patch_39,27.019245,23.953804,27.305632,22.910662,25.524889
batch_00300_patch.tiff,patch_40,24.337997,23.747538,22.6985,25.118853,26.698723
batch_00300_patch.tiff,patch_41,25.631386,23.321987,23.36146,24.639662,26.727667
batch_00300_patch.tiff,patch_42,25.506931,24.167131,24.328285,24.059204,26.786663
batch_00300_patch.tiff,patch_43,24.449118,23.597944,22.963867,24.179186,25.71923
batch_00300_patch.tiff,patch_44,23.879555,23.18088,22.5176,25.85023,25.137936
batch_00300_patch.tiff,patch_45,25.650663,22.498304,23.408478,24.379604,25.062004
batch_00300_patch.tiff,patch_46,23.271868,22.151903,22.442667,24.792238,25.474728
batch_00300_patch.tiff,patch_47,23.689585,22.225058,21.837957,25.402153,24.614807
batch_00300_patch.tiff,patch_48,25.618587,24.400105,24.969238,25.904463,27.61188
batch_00300_patch.tiff,patch_49,25.492584,25.308554,24.762377,26.353037,28.684025
batch_00300_patch.tiff,patch_50,25.864855,24.24946,24.585926,25.877134,26.79401
batch_00300_patch.tiff,patch_51,27.182354,23.006699,27.504583,21.55475,24.022558
batch_00300_patch.tiff,patch_52,25.799034,23.244259,25.089708,24.157335,26.144453
batch_00300_patch.tiff,patch_53,24.929186,23.816414,22.837029,25.128742,26.974575
batch_00300_patch.tiff,patch_54,25.126694,24.323336,23.51024,25.53631,27.059246
batch_00300_patch.tiff,patch_55,25.161398,24.525948,23.446943,27.03423,28.500797
batch_00300_patch.tiff,patch_56,24.972692,22.853148,24.76951,24.644497,25.064943
batch_00300_patch.tiff,patch_57,25.029705,23.029802,25.231712,25.672958,25.921234
batch_00300_patch.tiff,patch_58,25.440706,23.397146,24.832695,25.276493,26.416035
batch_00300_patch.tiff,patch_59,25.405144,23.633724,25.578138,25.7354,26.994982
batch_00300_patch.tiff,patch_60,27.07854,24.59581,26.838644,23.27232,25.71266
batch_00300_patch.tiff,patch_61,26.583662,24.206173,27.020613,21.815557,24.700598
batch_00300_patch.tiff,patch_62,25.272985,23.517159,25.567743,24.052135,26.08625
batch_00300_patch.tiff,patch_63,25.224297,22.53422,22.33022,24.18414,25.113472
batch_00300_patch.tiff,patch_64,26.918674,24.502249,24.227003,25.434174,28.193846
batch_00300_patch.tiff,patch_65,25.518616,23.889559,23.779264,25.618048,27.359522
batch_00300_patch.tiff,patch_66,24.499144,22.26682,24.118984,24.232922,24.791328
batch_00300_patch.tiff,patch_67,24.885298,21.901384,23.529354,24.216412,24.816265
batch_00300_patch.tiff,patch_68,24.322601,22.594215,23.960949,25.859613,25.881329
batch_00300_patch.tiff,patch_69,23.306694,21.584726,23.061916,25.077898,24.915663
batch_00300_patch.tiff,patch_70,26.722256,23.030163,25.421776,22.875242,24.837524
batch_00300_patch.tiff,patch_71,27.083534,23.45219,26.314264,23.391493,26.622765
batch_00300_patch.tiff,patch_72,27.867853,24.446346,27.660376,22.496777,25.656414
batch_00300_patch.tiff,patch_73,27.756477,24.385908,27.310312,22.140104,25.879198
batch_00300_patch.tiff,patch_74,25.215223,23.330542,23.206247,25.26445,26.533012
batch_00300_patch.tiff,patch_75,24.103365,22.516144,22.437447,24.386286,25.351305
batch_00300_patch.tiff,patch_76,25.419615,22.710154,22.341677,24.889118,25.33139
batch_00300_patch.tiff,patch_77,25.40467,22.698841,24.304346,23.500751,24.779167
batch_00300_patch.tiff,patch_78,25.209404,24.126377,25.60299,24.568804,27.295197
batch_00300_patch.tiff,patch_79,26.02582,24.719679,26.655144,25.66209,27.59961
batch_00300_patch.tiff,patch_80,25.13659,23.706673,21.917717,24.816029,26.07323
batch_00300_patch.tiff,patch_81,23.995842,22.930202,23.667038,25.159859,25.294174
batch_00300_patch.tiff,patch_82,27.427345,22.887695,27.319153,21.524242,25.393864
batch_00300_patch.tiff,patch_83,27.401693,23.439016,26.694118,22.099998,25.565144
batch_00300_patch.tiff,patch_84,26.400595,23.282106,27.499706,21.505936,24.265606
batch_00300_patch.tiff,patch_85,25.411823,23.066095,24.934103,23.10141,26.20416
batch_00300_patch.tiff,patch_86,25.254118,24.319191,23.935421,24.845781,27.015339
batch_00300_patch.tiff,patch_87,25.196068,22.274734,23.375021,23.612692,25.320797
batch_00300_patch.tiff,patch_88,26.94069,23.190525,24.709126,23.355816,25.705444
batch_00300_patch.tiff,patch_89,25.00197,23.675932,25.586843,25.81196,27.677097
batch_00300_patch.tiff,patch_90,25.56964,24.401245,24.794659,27.166231,28.312885
batch_00300_patch.tiff,patch_91,24.150394,22.536404,22.981516,25.365332,24.857716
batch_00300_patch.tiff,patch_92,24.39921,22.226109,22.494934,23.750656,24.576235
batch_00300_patch.tiff,patch_93,26.628227,23.535748,27.606562,21.470348,25.169796
batch_00300_patch.tiff,patch_94,26.77858,22.974173,27.24583,21.890392,25.816935
batch_00300_patch.tiff,patch_95,27.57739,24.895605,28.31249,23.086704,26.188047
batch_00300_patch.tiff,patch_96,25.577156,24.660784,23.566835,24.34534,27.314047
batch_00300_patch.tiff,patch_97,26.205975,24.290754,23.276398,24.738333,27.098312
batch_00300_patch.tiff,patch_98,25.622038,22.911573,24.82125,23.805262,25.94929
batch_00300_patch.tiff,patch_99,26.417156,23.758066,24.276367,24.24894,26.502005
batch_00300_patch.tiff,patch_100,26.307398,25.258766,25.98761,25.919071,28.75987
batch_00300_patch.tiff,patch_101,26.25309,25.358213,25.24856,25.4346,28.573679
batch_00300_patch.tiff,patch_102,26.249573,22.296085,25.064728,23.142714,25.111582
batch_00300_patch.tiff,patch_103,25.236887,23.736776,24.138454,25.711527,26.343021
batch_00300_patch.tiff,patch_104,26.700235,22.594894,26.693844,20.860325,23.767021
batch_00300_patch.tiff,patch_105,27.07362,24.284266,25.569551,23.364223,25.890059
batch_00300_patch.tiff,patch_106,26.677359,23.29296,26.668201,22.897907,24.68007
batch_00300_patch.tiff,patch_107,25.710724,24.83372,23.503246,26.1848,27.998539
batch_00300_patch.tiff,patch_108,26.916185,23.906588,24.531836,24.712593,27.605463
batch_00300_patch.tiff,patch_109,24.52243,23.174063,23.157867,23.333061,24.978628
batch_00300_patch.tiff,patch_110,25.682531,23.13982,23.733824,24.656,26.09428
batch_00300_patch.tiff,patch_111,25.880207,24.49729,26.173012,26.461153,28.032957
batch_00300_patch.tiff,patch_112,26.049023,25.519524,25.334469,26.814106,28.576675
batch_00300_patch.tiff,patch_113,25.446596,22.675793,25.463198,24.59811,24.89614
batch_00300_patch.tiff,patch_114,24.81895,23.0891,23.49258,25.635191,25.154453
batch_00300_patch.tiff,patch_115,27.010073,23.132736,26.623287,22.652674,25.169636
batch_00300_patch.tiff,patch_116,25.41485,22.745848,25.385376,21.913723,23.299423
batch_00300_patch.tiff,patch_117,25.557348,23.527151,25.129717,26.335245,27.32103
batch_00300_patch.tiff,patch_118,24.725433,23.2371,26.037973,24.873465,25.525602
batch_00300_patch.tiff,patch_119,25.544796,23.63862,23.80905,25.111666,26.766184
batch_00300_patch.tiff,patch_120,24.942348,22.645536,23.3438,24.231682,26.028687
batch_00300_patch.tiff,patch_121,25.702229,24.06442,24.539127,23.864008,27.18847
batch_00300_patch.tiff,patch_122,25.230297,22.55616,24.461773,23.796478,25.470802
batch_00300_patch.tiff,patch_123,25.532314,23.26854,25.024504,26.125835,26.311392
batch_00300_patch.tiff,patch_124,25.637033,22.393272,25.44675,23.496561,24.852417
batch_00300_patch.tiff,patch_125,25.044847,22.794579,24.318718,24.258444,26.019068
batch_00300_patch.tiff,patch_126,27.27387,22.363388,26.870052,21.611109,24.694677
batch_00300_patch.tiff,patch_127,27.149578,23.762249,27.27135,22.982504,24.880987
batch_00300_patch.tiff,patch_128,25.24337,22.828064,26.123543,24.484568,25.820581
batch_00300_patch.tiff,patch_129,24.540535,23.902908,25.873674,25.254066,26.362453
batch_00300_patch.tiff,patch_130,24.913652,23.542341,24.779665,24.149822,26.237715
batch_00300_patch.tiff,patch_131,24.866425,23.472733,25.79997,22.725876,26.252466
batch_00300_patch.tiff,patch_132,26.642698,23.733706,24.376545,24.01513,26.559818
batch_00300_patch.tiff,patch_133,26.64475,24.053356,25.085455,25.40591,27.174936
batch_00300_patch.tiff,patch_134,25.482796,23.720085,23.758886,25.157686,25.538631
batch_00300_patch.tiff,patch_135,26.224377,23.71943,25.301006,25.422068,27.463158
batch_00300_patch.tiff,patch_136,25.724873,23.383814,23.778448,25.268959,26.901508
batch_00300_patch.tiff,patch_137,27.404425,24.063276,26.328775,23.169538,25.304995
batch_00300_patch.tiff,patch_138,25.972183,23.551073,26.884594,23.268509,25.91297
batch_00300_patch.tiff,patch_139,26.326761,22.768154,25.755732,24.610134,26.581615
batch_00300_patch.tiff,patch_140,26.358852,23.236992,25.06313,24.062418,26.241795
batch_00300_patch.tiff,patch_141,25.996607,23.32678,26.809395,24.025728,26.527388
batch_00300_patch.tiff,patch_142,25.823135,23.18618,24.835875,25.306198,26.381174
batch_00300_patch.tiff,patch_143,24.82291,23.302988,23.37518,25.7335,26.18485
batch_00300_patch.tiff,patch_144,25.655296,22.817883,25.008612,25.850756,26.1032
batch_00300_patch.tiff,patch_145,25.758905,22.998985,24.611584,25.343468,25.951097
batch_00300_patch.tiff,patch_146,24.432562,21.547735,26.103676,23.696955,24.629114
batch_00300_patch.tiff,patch_147,24.997766,22.054716,25.573008,22.660295,24.268013
batch_00300_patch.tiff,patch_148,27.144958,23.755238,27.652262,23.071127,25.019247
batch_00300_patch.tiff,patch_149,27.638441,23.789217,27.728247,22.8893,25.646776
batch_00300_patch.tiff,patch_150,26.475674,23.1788,25.45514,23.151346,25.45982
batch_00300_patch.tiff,patch_151,27.39512,23.07744,25.796818,22.877594,25.896435
batch_00300_patch.tiff,patch_152,25.935345,23.398882,24.917038,24.772818,26.711033
batch_00300_patch.tiff,patch_153,25.724388,24.282818,24.624674,24.738804,27.209879
batch_00300_patch.tiff,patch_154,25.848593,23.649553,23.953794,26.301418,26.472689
batch_00300_patch.tiff,patch_155,26.251923,23.605814,22.679928,25.868822,26.02693
batch_00300_patch.tiff,patch_156,26.497257,23.996225,25.582062,25.757196,27.571213
batch_00300_patch.tiff,patch_157,25.052967,22.464773,23.47807,24.32567,24.470057
batch_00300_patch.tiff,patch_158,25.549385,21.592299,26.61276,22.151896,24.02493
batch_00300_patch.tiff,patch_159,26.177217,21.7264,27.159828,21.609898,24.154976
batch_00300_patch.tiff,patch_160,26.993235,23.339931,27.851362,21.934635,26.063309
batch_00300_patch.tiff,patch_161,26.410646,22.919537,26.171505,21.105354,24.359598
batch_00300_patch.tiff,patch_162,25.34031,23.55661,25.24505,24.425886,26.23203
batch_00300_patch.tiff,patch_163,24.621511,23.28488,24.895952,25.454191,26.951622
batch_00300_patch.tiff,patch_164,26.106619,23.381401,22.792643,24.363619,26.44274
batch_00300_patch.tiff,patch_165,25.341682,23.348076,23.293324,24.043331,25.407328
batch_00300_patch.tiff,patch_166,25.411747,23.90006,23.153475,26.508373,26.878386
batch_00300_patch.tiff,patch_167,24.712433,22.739784,24.007582,25.751776,25.549015
batch_00300_patch.tiff,patch_168,23.335056,22.003683,22.660397,25.60554,25.03448
batch_00300_patch.tiff,patch_169,24.209322,22.927326,23.108255,25.489988,26.029108
batch_00300_patch.tiff,patch_170,27.67039,24.845861,27.306273,24.09212,27.347937
batch_00300_patch.tiff,patch_171,25.65323,25.545393,25.345129,25.158852,27.434473
batch_00350_patch.tiff,patch_0,25.100775,24.065582,24.822123,25.877562,26.490807
batch_00350_patch.tiff,patch_1,24.567654,22.856012,22.657604,25.328653,25.34218
batch_00350_patch.tiff,patch_2,27.135075,24.750435,25.649586,26.47427,28.169445
batch_00350_patch.tiff,patch_3,26.62988,24.733278,24.357052,24.385628,27.61274
batch_00350_patch.tiff,patch_4,26.407766,23.919378,26.05251,24.832432,25.418251
batch_00350_patch.tiff,patch_5,25.94343,23.402311,25.710438,24.943632,25.724985
batch_00350_patch.tiff,patch_6,25.81459,23.078684,23.636026,24.91821,26.815807
batch_00350_patch.tiff,patch_7,25.203754,23.365858,22.077385,26.200499,26.780453
batch_00350_patch.tiff,patch_8,26.389547,25.946003,25.343157,25.67552,28.351606
batch_00350_patch.tiff,patch_9,26.872385,24.004576,23.694628,25.170414,26.772896
batch_00350_patch.tiff,patch_10,25.760483,22.896833,22.633474,25.545969,25.98264
batch_00350_patch.tiff,patch_11,26.628538,22.389257,26.61505,20.334194,25.32961
batch_00350_patch.tiff,patch_12,25.853224,23.23689,23.522705,25.337292,25.949556
batch_00350_patch.tiff,patch_13,25.50922,22.592157,23.921076,25.305294,25.920998
batch_00350_patch.tiff,patch_14,26.813076,24.19534,24.935347,25.060097,27.690561
batch_00350_patch.tiff,patch_15,25.652485,25.345999,23.948378,26.879704,29.20842
batch_00350_patch.tiff,patch_16,25.236282,22.798302,24.484442,23.224037,24.740496
batch_00350_patch.tiff,patch_17,26.359594,22.601608,25.623632,23.182676,25.257917
batch_00350_patch.tiff,patch_18,26.710747,23.62279,24.608349,25.4789,28.729847
batch_00350_patch.tiff,patch_19,25.193686,22.497637,21.317728,25.89442,26.511072
batch_00350_patch.tiff,patch_20,27.378149,25.007915,26.297302,23.764086,26.70223
batch_00350_patch.tiff,patch_21,26.172497,22.236124,22.301992,25.447723,25.794035
batch_00350_patch.tiff,patch_22,24.992859,21.793533,22.01143,25.87121,26.102915
batch_00350_patch.tiff,patch_23,26.80957,22.57609,26.48491,21.01531,25.9727
batch_00350_patch.tiff,patch_24,23.745546,21.701143,23.501757,24.230476,24.847494
batch_00350_patch.tiff,patch_25,24.29222,22.375067,23.935076,25.43246,25.128918
batch_00350_patch.tiff,patch_26,25.894321,23.284403,26.657587,23.761623,24.433817
batch_00350_patch.tiff,patch_27,26.911741,23.258724,26.365044,24.409035,25.36744
batch_00350_patch.tiff,patch_28,25.78257,22.556284,24.279982,23.97581,25.28357
batch_00350_patch.tiff,patch_29,25.66454,23.109425,21.908672,26.792542,27.481459
batch_00350_patch.tiff,patch_30,25.49299,23.531944,21.958353,26.889633,27.757349
batch_00350_patch.tiff,patch_31,25.862898,22.893803,23.256308,25.677294,25.812372
batch_00350_patch.tiff,patch_32,24.73011,23.678978,23.164476,26.264095,25.863905
batch_00350_patch.tiff,patch_33,27.103476,24.107237,27.218788,22.351519,25.921764
batch_00350_patch.tiff,patch_34,25.896124,24.07156,25.18313,25.072933,27.075327
batch_00350_patch.tiff,patch_35,24.986885,23.391615,24.983679,25.303719,26.743439
batch_00350_patch.tiff,patch_36,25.719204,21.767979,24.357637,23.371092,24.340078
batch_00350_patch.tiff,patch_37,26.539717,23.848808,26.41177,24.69903,26.348112
batch_00350_patch.tiff,patch_38,26.275482,23.849945,26.290514,24.82888,26.313421
batch_00350_patch.tiff,patch_39,24.788105,23.040337,24.503263,25.580732,25.851488
batch_00350_patch.tiff,patch_40,24.450073,22.709538,24.214384,26.411093,25.775856
batch_00350_patch.tiff,patch_41,25.842339,23.003155,21.92487,25.133396,26.615778
batch_00350_patch.tiff,patch_42,25.46421,23.477802,22.655912,26.693832,27.693289
batch_00350_patch.tiff,patch_43,26.319872,23.201527,22.813925,25.680199,26.417486
batch_00350_patch.tiff,patch_44,25.610588,23.600609,23.103355,27.4603,26.834692
batch_00350_patch.tiff,patch_45,26.051,23.864885,27.877203,24.481272,26.84083
batch_00350_patch.tiff,patch_46,23.617321,22.68131,24.26921,26.403776,26.635448
batch_00350_patch.tiff,patch_47,26.966084,22.588446,25.661867,22.963934,26.406124
batch_00350_patch.tiff,patch_48,24.934116,22.604773,22.184547,24.83993,26.15663
batch_00350_patch.tiff,patch_49,25.41828,23.066814,24.184362,25.605629,26.382942
batch_00350_patch.tiff,patch_50,25.739851,25.465445,25.77392,26.102888,26.183523
batch_00350_patch.tiff,patch_51,26.387806,22.859026,26.072117,25.27783,25.965534
batch_00350_patch.tiff,patch_52,27.56137,23.011942,27.436537,24.139645,25.857962
batch_00350_patch.tiff,patch_53,26.265562,23.385439,26.04812,23.212269,25.043665
batch_00350_patch.tiff,patch_54,25.687687,23.857983,23.295336,24.854887,27.016785
batch_00350_patch.tiff,patch_55,25.842344,23.131205,22.187391,25.410782,27.354206
batch_00350_patch.tiff,patch_56,25.976294,24.090935,23.57527,26.418346,27.297802
batch_00350_patch.tiff,patch_57,26.256756,23.46307,23.06984,25.86805,26.894142
batch_00350_patch.tiff,patch_58,26.12937,23.144352,22.208208,25.258005,26.603659
batch_00350_patch.tiff,patch_59,26.766531,23.203903,22.949495,25.487362,26.66749
batch_00350_patch.tiff,patch_60,25.185045,21.901068,23.165306,23.315567,24.999086
batch_00350_patch.tiff,patch_61,23.526167,22.080013,23.156538,25.032305,24.863247
batch_00350_patch.tiff,patch_62,26.344357,23.132944,26.348457,24.805807,25.774801
batch_00350_patch.tiff,patch_63,26.381304,23.495583,26.857964,23.129478,25.417376
batch_00350_patch.tiff,patch_64,26.632492,23.373632,26.531473,24.471556,25.92183
batch_00350_patch.tiff,patch_65,27.058994,23.998775,26.65002,24.63545,25.866251
batch_00350_patch.tiff,patch_66,25.417364,23.028784,21.284124,25.609068,27.288872
batch_00350_patch.tiff,patch_67,26.334885,23.136375,22.206635,24.129812,26.845398
batch_00350_patch.tiff,patch_68,25.407032,23.111254,21.442245,26.29797,27.069426
batch_00350_patch.tiff,patch_69,25.23123,23.545729,23.106104,27.199108,27.319891
batch_00350_patch.tiff,patch_70,25.69582,23.266943,23.427351,25.18377,25.782799
batch_00350_patch.tiff,patch_71,27.086515,24.221004,24.463427,26.135025,27.469833
batch_00350_patch.tiff,patch_72,24.895102,22.292946,23.578543,23.82172,25.384327
batch_00350_patch.tiff,patch_73,25.0634,23.87705,24.387205,25.227982,26.125835
batch_00350_patch.tiff,patch_74,26.226267,23.433659,25.343924,25.146444,26.515348
batch_00350_patch.tiff,patch_75,26.486141,22.68298,24.460955,24.254557,26.43243
batch_00350_patch.tiff,patch_76,25.330091,23.773878,25.020834,25.280525,26.727419
batch_00350_patch.tiff,patch_77,25.97757,24.815765,24.268896,26.341537,28.413883
batch_00350_patch.tiff,patch_78,28.10817,24.192417,26.626457,22.874498,26.015644
batch_00350_patch.tiff,patch_79,26.276564,24.391493,25.02982,24.016731,26.244806
batch_00350_patch.tiff,patch_80,25.302265,24.991816,25.061035,24.888044,24.647219
batch_00350_patch.tiff,patch_81,27.015947,24.12627,24.663626,25.855988,26.00707
batch_00350_patch.tiff,patch_82,25.329697,22.788849,22.046097,25.702322,26.134624
batch_00350_patch.tiff,patch_83,24.280157,22.849241,22.470984,26.358118,25.742447
batch_00350_patch.tiff,patch_84,24.695993,23.0987,23.487879,25.441465,25.942791
batch_00350_patch.tiff,patch_85,24.968088,22.554955,24.610731,24.588446,25.192804
batch_00350_patch.tiff,patch_86,25.222763,23.113781,26.543228,25.26372,25.973352
batch_00350_patch.tiff,patch_87,25.51446,22.645737,26.320618,24.146297,25.397253
batch_00350_patch.tiff,patch_88,26.053484,25.037529,25.305803,26.42598,29.112741
batch_00350_patch.tiff,patch_89,24.325369,24.509285,25.087402,27.168053,28.03883
batch_00350_patch.tiff,patch_90,25.56983,24.734337,26.3747,22.556902,26.172745
batch_00350_patch.tiff,patch_91,26.486591,24.503872,25.621826,23.176039,26.30241
batch_00350_patch.tiff,patch_92,24.181782,24.628504,24.680262,24.779875,24.610598
batch_00350_patch.tiff,patch_93,26.215347,24.344057,24.45047,24.821415,25.320953
batch_00350_patch.tiff,patch_94,25.555002,23.315395,23.762144,24.66342,26.114037
batch_00350_patch.tiff,patch_95,24.99618,23.66983,23.079891,25.379435,25.291267
batch_00350_patch.tiff,patch_96,25.926313,22.726088,25.198065,24.668428,25.012222
batch_00350_patch.tiff,patch_97,25.072325,22.95168,23.694042,26.496803,26.20513
batch_00350_patch.tiff,patch_98,26.248835,23.97415,26.344183,24.913439,25.821587
batch_00350_patch.tiff,patch_99,26.258587,22.901186,27.02359,22.99457,24.189367
batch_00350_patch.tiff,patch_100,27.117794,23.108013,27.051603,22.634958,24.678688
batch_00350_patch.tiff,patch_101,26.695366,22.997631,26.14022,24.12668,25.103188
batch_00350_patch.tiff,patch_102,25.786383,24.942713,25.414288,26.248243,26.397686
batch_00350_patch.tiff,patch_103,25.924288,24.905172,26.229801,24.745096,25.593857
batch_00350_patch.tiff,patch_104,25.839367,23.343119,24.014542,24.331434,25.774292
batch_00350_patch.tiff,patch_105,25.124367,24.01503,22.667768,25.35505,26.930723
batch_00350_patch.tiff,patch_106,24.940039,22.749413,22.346506,24.158474,24.090965
batch_00350_patch.tiff,patch_107,25.219946,22.403652,23.867489,24.13995,24.5835
batch_00350_patch.tiff,patch_108,25.887304,22.864573,23.071829,24.853506,25.330149
batch_00350_patch.tiff,patch_109,25.925478,23.472454,24.402302,27.204782,26.179167
batch_00350_patch.tiff,patch_110,25.276186,22.866661,26.59812,23.86209,25.126333
batch_00350_patch.tiff,patch_111,25.961084,22.34248,25.582802,24.672684,24.517878
batch_00350_patch.tiff,patch_112,27.08525,22.993135,27.695538,22.961267,25.593872
batch_00350_patch.tiff,patch_113,27.216833,23.379763,26.947916,25.218287,26.041372
batch_00350_patch.tiff,patch_114,26.701355,23.89978,26.29934,24.522154,26.364347
batch_00350_patch.tiff,patch_115,25.761145,24.500778,26.183792,23.9771,25.458324
batch_00350_patch.tiff,patch_116,26.3448,24.060736,23.781273,25.461325,26.144716
batch_00350_patch.tiff,patch_117,26.709896,23.593367,23.637457,25.822414,27.080647
batch_00350_patch.tiff,patch_118,24.66902,23.576736,22.736046,25.510977,25.61194
batch_00350_patch.tiff,patch_119,26.137516,21.31644,23.254326,24.59041,25.178804
batch_00350_patch.tiff,patch_120,25.49537,22.132715,25.320309,24.445263,25.371605
batch_00350_patch.tiff,patch_121,25.642117,23.154154,24.704992,26.283539,26.648504
batch_00350_patch.tiff,patch_122,26.497803,22.254581,25.702618,23.807337,25.079145
batch_00350_patch.tiff,patch_123,24.894623,22.026846,24.164013,24.434025,24.41954
batch_00350_patch.tiff,patch_124,26.586254,23.549473,27.168064,23.09667,24.570465
batch_00350_patch.tiff,patch_125,27.744593,22.792334,27.964352,22.355242,25.124294
batch_00350_patch.tiff,patch_126,26.58243,23.203394,26.4762,22.00208,24.995337
batch_00350_patch.tiff,patch_127,27.37939,24.266045,27.3825,22.25527,25.922636
batch_00350_patch.tiff,patch_128,26.09123,23.706535,22.670307,25.88317,26.9282
batch_00350_patch.tiff,patch_129,25.09049,23.63823,24.333965,25.826878,26.321787
batch_00350_patch.tiff,patch_130,24.247818,22.399338,21.779032,25.337238,25.287117
batch_00350_patch.tiff,patch_131,24.678894,22.190655,22.020157,24.70385,24.814747
batch_00350_patch.tiff,patch_132,25.234442,22.257988,24.4768,25.901806,25.326626
batch_00350_patch.tiff,patch_133,26.108107,23.04726,25.295687,25.448076,25.500353
batch_00350_patch.tiff,patch_134,27.137726,23.086056,27.76529,22.577631,24.86445
batch_00350_patch.tiff,patch_135,26.470804,22.383081,26.676838,24.216341,25.002996
batch_00350_patch.tiff,patch_136,26.57731,24.486725,26.691391,23.2975,25.657145
batch_00350_patch.tiff,patch_137,27.664762,23.401888,26.606117,22.906778,25.785257
batch_00350_patch.tiff,patch_138,25.579222,23.28168,22.847317,25.573635,26.510847
batch_00350_patch.tiff,patch_139,24.88902,23.28667,22.267893,27.055183,26.551413
batch_00350_patch.tiff,patch_140,24.921429,22.403631,22.442308,23.9355,25.340298
batch_00350_patch.tiff,patch_141,25.17007,23.008331,23.842094,25.308926,24.884958
batch_00350_patch.tiff,patch_142,25.663162,22.396791,25.406689,24.388325,24.832811
batch_00350_patch.tiff,patch_143,25.80346,23.903645,25.20883,25.538923,25.947418
batch_00350_patch.tiff,patch_144,23.798216,22.789997,23.735603,27.265131,25.43694
batch_00350_patch.tiff,patch_145,26.553696,23.207981,22.256428,24.69541,26.377977
batch_00350_patch.tiff,patch_146,26.257858,24.55793,22.642975,25.372202,27.484573
batch_00350_patch.tiff,patch_147,25.27408,24.836075,25.58526,25.257948,27.324411
batch_00350_patch.tiff,patch_148,25.148783,24.61751,25.16662,26.828033,28.308578
batch_00350_patch.tiff,patch_149,25.5571,23.394854,22.589813,25.988848,26.721731
batch_00350_patch.tiff,patch_150,26.202282,23.07173,21.507168,26.82362,27.273642
batch_00350_patch.tiff,patch_151,24.579302,23.021996,22.406307,25.854696,25.57311
batch_00350_patch.tiff,patch_152,24.608517,21.809711,21.388708,24.360819,25.23176
batch_00350_patch.tiff,patch_153,24.979918,24.27967,25.1179,26.670036,26.505877
batch_00350_patch.tiff,patch_154,26.04444,22.53079,25.013788,24.89376,25.496706
batch_00350_patch.tiff,patch_155,24.435019,22.272728,22.347128,24.997602,24.376741
batch_00350_patch.tiff,patch_156,26.28654,23.869068,23.177551,24.575413,26.908607
batch_00350_patch.tiff,patch_157,25.809875,23.881357,21.670954,25.4809,27.772001
batch_00350_patch.tiff,patch_158,25.976486,25.286562,25.57922,26.061424,28.514612
batch_00350_patch.tiff,patch_159,25.263313,24.03364,25.208172,25.868069,27.106148
batch_00350_patch.tiff,patch_160,26.26478,23.17882,22.455944,25.545832,25.886099
batch_00350_patch.tiff,patch_161,26.101099,23.611559,23.49341,25.336004,26.411415
batch_00350_patch.tiff,patch_162,25.20208,22.30659,21.301476,25.521269,26.271114
batch_00350_patch.tiff,patch_163,25.185986,22.86839,24.49733,24.000792,25.76121
batch_00350_patch.tiff,patch_164,25.644938,23.76228,26.251047,24.811527,26.144983
batch_00350_patch.tiff,patch_165,24.966509,22.525293,24.613958,25.085459,25.44963
batch_00350_patch.tiff,patch_166,24.757504,22.054117,22.204464,23.853687,25.031942
batch_00350_patch.tiff,patch_167,24.234898,22.35536,22.405464,23.64611,24.41135
batch_00350_patch.tiff,patch_168,25.50365,22.913206,21.622917,26.336758,27.88562
batch_00350_patch.tiff,patch_169,26.149984,23.025928,22.46939,25.868113,27.150932
batch_00350_patch.tiff,patch_170,25.426136,24.902548,25.956669,26.234537,26.34691
batch_00350_patch.tiff,patch_171,25.434929,23.694551,21.842306,26.696285,26.868969
batch_00350_patch.tiff,patch_172,25.778042,22.861597,22.016632,25.546047,26.182823
batch_00350_patch.tiff,patch_173,25.361998,23.790417,24.24755,23.792889,26.165033
batch_00350_patch.tiff,patch_174,26.063429,22.230625,23.479313,23.400145,23.962196
batch_00400_patch.tiff,patch_0,26.427763,22.558588,27.055738,20.338171,25.982256
batch_00400_patch.tiff,patch_1,26.363626,24.447086,25.06116,24.83674,26.5762
batch_00400_patch.tiff,patch_2,24.82584,23.646015,22.398127,26.458786,26.606043
batch_00400_patch.tiff,patch_3,25.55599,23.567991,23.7787,25.92903,26.448126
batch_00400_patch.tiff,patch_4,23.666475,23.308111,24.269934,26.603113,26.80261
batch_00400_patch.tiff,patch_5,25.696096,23.524454,25.982246,23.991957,26.118998
batch_00400_patch.tiff,patch_6,26.195517,23.487797,25.1266,24.091383,26.15273
batch_00400_patch.tiff,patch_7,25.92972,23.293806,23.113749,24.055826,27.057932
batch_00400_patch.tiff,patch_8,25.578274,23.699265,25.393238,24.36629,27.679895
batch_00400_patch.tiff,patch_9,27.633867,23.27451,27.47119,22.633804,27.455185
batch_00400_patch.tiff,patch_10,27.071655,23.3888,28.203236,22.149805,25.615118
batch_00400_patch.tiff,patch_11,27.510445,23.418123,25.396458,24.490946,26.935207
batch_00400_patch.tiff,patch_12,27.398838,23.179033,25.477085,24.532272,26.377474
batch_00400_patch.tiff,patch_13,26.56487,25.236465,24.13638,26.477869,26.939281
batch_00400_patch.tiff,patch_14,24.734121,24.29602,23.515425,26.67463,26.96563
batch_00400_patch.tiff,patch_15,25.871326,23.351913,25.054129,24.034323,26.091545
batch_00400_patch.tiff,patch_16,25.874096,24.054855,26.008835,24.380228,27.061436
batch_00400_patch.tiff,patch_17,24.88459,23.890188,23.625181,24.745035,26.484175
batch_00400_patch.tiff,patch_18,25.242004,24.225466,23.550154,23.65057,26.869251
batch_00400_patch.tiff,patch_19,25.504034,23.633535,24.887306,25.674799,27.440968
batch_00400_patch.tiff,patch_20,26.033226,24.20135,28.053513,21.375576,25.762257
batch_00400_patch.tiff,patch_21,26.771023,22.700735,26.520489,21.551243,26.575281
batch_00400_patch.tiff,patch_22,26.71178,22.813301,27.57151,20.423962,26.548014
batch_00400_patch.tiff,patch_23,26.177008,21.737936,24.737381,23.113626,25.174763
batch_00400_patch.tiff,patch_24,27.007895,23.031382,23.717327,23.96542,25.962627
batch_00400_patch.tiff,patch_25,25.08962,23.770193,23.746004,26.125082,26.553385
batch_00400_patch.tiff,patch_26,26.048536,24.373499,23.917364,26.69938,27.089954
batch_00400_patch.tiff,patch_27,24.395607,23.347084,21.504509,25.342999,26.095371
batch_00400_patch.tiff,patch_28,25.103907,23.628923,22.478941,24.846357,26.949074
batch_00400_patch.tiff,patch_29,25.46346,25.713207,24.419472,26.100672,27.55511
batch_00400_patch.tiff,patch_30,25.241377,25.192822,24.547146,27.202684,27.11053
batch_00400_patch.tiff,patch_31,26.792002,22.7666,26.029493,22.642372,26.765285
batch_00400_patch.tiff,patch_32,26.672096,23.659908,26.417,23.64744,27.540508
batch_00400_patch.tiff,patch_33,27.581316,24.57997,28.393635,22.604452,26.170609
batch_00400_patch.tiff,patch_34,26.853691,22.687227,26.48536,20.620068,25.83324
batch_00400_patch.tiff,patch_35,26.461502,22.455238,26.594585,21.024168,26.47893
batch_00400_patch.tiff,patch_36,26.062244,22.278538,24.951134,24.192408,26.468403
batch_00400_patch.tiff,patch_37,26.42727,23.789377,25.120655,24.233967,25.568073
batch_00400_patch.tiff,patch_38,26.254303,23.551193,23.03224,24.437841,25.937183
batch_00400_patch.tiff,patch_39,25.242804,23.859407,23.880863,25.060432,25.883717
batch_00400_patch.tiff,patch_40,25.672243,23.25652,22.633608,25.516468,26.526335
batch_00400_patch.tiff,patch_41,25.075323,22.233488,23.24563,24.941015,26.564682
batch_00400_patch.tiff,patch_42,25.455854,24.937141,24.461777,25.60421,26.939554
batch_00400_patch.tiff,patch_43,27.53983,23.81243,25.063,23.320051,26.4249
batch_00400_patch.tiff,patch_44,27.655172,22.487091,26.864515,21.604912,26.102024
batch_00400_patch.tiff,patch_45,27.15338,24.91562,28.133265,23.06961,26.238398
batch_00400_patch.tiff,patch_46,27.041584,24.46872,27.130909,23.953716,26.751225
batch_00400_patch.tiff,patch_47,26.195986,23.443039,23.79655,25.60927,26.626305
batch_00400_patch.tiff,patch_48,25.987284,23.563063,25.025137,23.727165,25.347921
batch_00400_patch.tiff,patch_49,25.514618,22.71207,23.177141,24.470133,25.691494
batch_00400_patch.tiff,patch_50,24.118513,22.503057,23.282858,24.335825,25.698996
batch_00400_patch.tiff,patch_51,24.982616,22.43535,22.711227,25.671005,26.317337
batch_00400_patch.tiff,patch_52,25.515081,23.227985,22.812378,24.1404,25.978611
batch_00400_patch.tiff,patch_53,26.82947,23.26302,24.030933,24.985676,26.561653
batch_00400_patch.tiff,patch_54,27.255594,24.99056,27.38494,25.776442,27.805435
batch_00400_patch.tiff,patch_55,26.455917,23.284168,24.042048,25.924082,26.669743
batch_00400_patch.tiff,patch_56,25.980913,23.991861,24.274504,24.678045,26.61416
batch_00400_patch.tiff,patch_57,24.687372,22.017363,22.133093,25.860216,26.74815
batch_00400_patch.tiff,patch_58,24.383442,21.84295,22.460955,24.640844,25.173824
batch_00400_patch.tiff,patch_59,25.475605,24.211937,23.170218,25.230371,26.74546
batch_00400_patch.tiff,patch_60,24.537102,22.883785,23.302736,25.412283,26.7798
batch_00400_patch.tiff,patch_61,26.44836,24.426342,23.73733,24.804646,26.548002
batch_00400_patch.tiff,patch_62,26.816803,23.842552,24.307545,23.906815,26.020409
batch_00400_patch.tiff,patch_63,26.640076,23.016413,26.417213,21.50074,25.987589
batch_00400_patch.tiff,patch_64,26.74338,22.502228,26.975748,20.486143,26.315447
batch_00400_patch.tiff,patch_65,26.725975,22.79333,27.009985,20.643349,26.48696
batch_00400_patch.tiff,patch_66,25.527256,23.350243,24.80017,24.29085,25.275076
batch_00400_patch.tiff,patch_67,26.281036,24.52464,25.457964,23.893673,26.935827
batch_00400_patch.tiff,patch_68,24.423336,22.98669,22.263119,24.282036,26.0968
batch_00400_patch.tiff,patch_69,25.42714,22.580914,22.796503,25.141054,25.883547
batch_00400_patch.tiff,patch_70,25.382124,22.752789,23.011402,25.768661,26.532843
batch_00400_patch.tiff,patch_71,24.868576,21.341742,21.863848,24.706238,25.498924
batch_00400_patch.tiff,patch_72,26.761814,23.41718,27.326738,23.613026,27.054247
batch_00400_patch.tiff,patch_73,25.413702,23.86455,25.022266,24.848825,26.757683
batch_00400_patch.tiff,patch_74,27.821854,23.800749,26.56704,22.69238,27.16248
batch_00400_patch.tiff,patch_75,25.809937,25.328537,24.50497,25.788784,28.289389
batch_00400_patch.tiff,patch_76,26.600258,22.87002,26.572586,20.580477,26.13618
batch_00400_patch.tiff,patch_77,26.854145,22.578043,26.564285,19.99038,26.11759
batch_00400_patch.tiff,patch_78,26.975344,23.357864,24.643112,24.322464,25.123047
batch_00400_patch.tiff,patch_79,25.261444,23.93567,23.628716,24.89271,26.117496
batch_00400_patch.tiff,patch_80,24.096756,22.108028,23.097012,24.081427,25.13269
batch_00400_patch.tiff,patch_81,25.329775,21.916283,22.427982,25.058603,26.400345
batch_00400_patch.tiff,patch_82,24.978535,22.50065,24.049139,24.369848,25.671097
batch_00400_patch.tiff,patch_83,24.826578,22.748562,21.494574,25.556114,26.11114
batch_00400_patch.tiff,patch_84,26.111414,23.724083,26.152414,24.61838,27.169937
batch_00400_patch.tiff,patch_85,25.003418,24.35796,24.720144,26.161135,27.053919
batch_00400_patch.tiff,patch_86,27.175335,22.8294,26.613352,20.540384,25.614412
batch_00400_patch.tiff,patch_87,26.763828,22.243608,26.871338,19.621353,25.76257
batch_00400_patch.tiff,patch_88,26.337492,24.613184,25.842066,23.80975,25.9295
batch_00400_patch.tiff,patch_89,25.35806,22.396303,21.780125,25.556421,26.941916
batch_00400_patch.tiff,patch_90,25.13533,22.659239,23.612715,24.836384,26.119999
batch_00400_patch.tiff,patch_91,25.960295,24.15188,24.73811,24.496952,26.688107
batch_00400_patch.tiff,patch_92,28.055292,23.388405,25.549473,24.06294,26.413822
batch_00400_patch.tiff,patch_93,27.464018,24.451206,25.256498,24.62975,26.172651
batch_00400_patch.tiff,patch_94,24.488333,22.361317,23.08498,25.191189,26.5045
batch_00400_patch.tiff,patch_95,27.143131,23.116318,26.730366,21.616007,25.52519
batch_00400_patch.tiff,patch_96,26.80373,22.49102,27.021301,20.060547,25.69072
batch_00400_patch.tiff,patch_97,24.863504,22.277733,23.548368,25.656178,25.92763
batch_00400_patch.tiff,patch_98,24.214792,21.922726,22.722227,25.226751,26.109097
batch_00400_patch.tiff,patch_99,26.399725,22.99356,25.635645,23.38437,26.300014
batch_00400_patch.tiff,patch_100,25.847994,23.384657,24.795155,24.583464,27.888872
batch_00400_patch.tiff,patch_101,26.195599,25.684147,24.474474,24.71718,26.087255
batch_00400_patch.tiff,patch_102,27.168283,23.904896,24.41911,25.52294,27.492216
batch_00400_patch.tiff,patch_103,27.91061,22.913906,26.969938,20.493855,25.496468
batch_00400_patch.tiff,patch_104,26.292282,23.16219,25.800337,21.642933,26.519054
batch_00400_patch.tiff,patch_105,26.932013,22.525824,26.297812,20.93689,26.197454
batch_00400_patch.tiff,patch_106,27.830471,25.388136,26.288029,25.784761,28.871561
batch_00400_patch.tiff,patch_107,27.221113,23.954575,27.14168,24.144768,26.566378
batch_00400_patch.tiff,patch_108,25.273138,22.67624,21.787935,25.526636,26.203197
batch_00400_patch.tiff,patch_109,24.547989,23.9885,22.1319,24.759151,26.963331
batch_00400_patch.tiff,patch_110,25.020536,24.359032,23.439827,23.9328,26.725384
batch_00400_patch.tiff,patch_111,27.60521,24.422262,26.179375,24.179909,26.674889
batch_00400_patch.tiff,patch_112,24.796091,24.102036,23.374153,24.939646,26.19891
batch_00400_patch.tiff,patch_113,26.559393,24.658289,25.023912,24.709385,26.211067
batch_00400_patch.tiff,patch_114,27.261814,24.82376,26.584555,25.088858,27.53793
batch_00400_patch.tiff,patch_115,24.672207,22.030825,22.28575,24.665098,25.61302
batch_00400_patch.tiff,patch_116,24.642378,23.309193,23.994768,24.962614,26.353073
batch_00400_patch.tiff,patch_117,25.877977,23.091188,25.58739,23.060396,26.382221
batch_00400_patch.tiff,patch_118,26.349916,23.427507,24.923513,23.629042,26.608055
batch_00400_patch.tiff,patch_119,26.20745,23.255028,23.159136,25.89464,26.770111
batch_00400_patch.tiff,patch_120,26.422752,23.5616,23.962393,24.875042,25.14105
batch_00400_patch.tiff,patch_121,25.79249,24.08639,26.801035,22.843485,25.581284
batch_00400_patch.tiff,patch_122,27.496113,25.203558,28.655773,23.137005,26.556696
batch_00400_patch.tiff,patch_123,26.749456,22.809847,27.435343,19.96476,26.250254
batch_00400_patch.tiff,patch_124,26.321678,22.945011,27.054457,20.178589,25.784164
batch_00400_patch.tiff,patch_125,25.104246,23.849873,23.899273,25.622845,25.964148
batch_00400_patch.tiff,patch_126,25.295752,23.196915,22.535023,25.13397,25.645523
batch_00400_patch.tiff,patch_127,24.71842,22.463394,22.088917,25.199614,26.772821
batch_00400_patch.tiff,patch_128,25.161177,22.53888,23.38607,25.542723,26.402029
batch_00400_patch.tiff,patch_129,27.24941,23.726492,25.544628,23.423317,26.819954
batch_00400_patch.tiff,patch_130,25.18055,23.98761,23.462029,24.40385,27.1292
batch_00400_patch.tiff,patch_131,24.91832,24.519728,23.167213,26.511185,26.560148
batch_00400_patch.tiff,patch_132,25.589466,24.27705,24.034828,24.995937,25.302238
batch_00400_patch.tiff,patch_133,25.48135,23.63253,25.178862,25.409517,26.936451
batch_00400_patch.tiff,patch_134,25.443031,24.807793,26.955034,25.483751,27.684298
batch_00400_patch.tiff,patch_135,26.691778,23.400385,26.889725,21.4035,26.98587
batch_00400_patch.tiff,patch_136,25.77014,23.690239,24.383797,25.030132,26.372921
batch_00400_patch.tiff,patch_137,25.038979,23.272125,23.28152,25.627728,26.054396
batch_00400_patch.tiff,patch_138,24.870235,23.983871,22.368338,25.302645,27.442734
batch_00400_patch.tiff,patch_139,24.77105,23.092686,23.211893,25.15016,26.123207
batch_00400_patch.tiff,patch_140,25.722578,23.57215,24.027508,23.952806,26.69986
batch_00400_patch.tiff,patch_141,25.155182,23.491083,23.62799,23.659552,26.162958
batch_00400_patch.tiff,patch_142,25.368744,23.915344,24.765594,24.614449,26.488169
batch_00400_patch.tiff,patch_143,26.096012,25.569277,24.605473,24.58435,26.80333
batch_00400_patch.tiff,patch_144,25.369001,23.038826,24.912683,24.644255,26.630713
batch_00400_patch.tiff,patch_145,25.682104,24.580107,25.356485,25.714735,27.904083
batch_00400_patch.tiff,patch_146,25.757126,24.187923,24.19901,25.447351,27.016697
batch_00400_patch.tiff,patch_147,25.884926,23.73416,24.003517,24.299244,25.779772
batch_00400_patch.tiff,patch_148,24.15095,23.629559,22.550186,26.292019,25.828316
batch_00400_patch.tiff,patch_149,25.524704,24.50638,23.206022,25.832111,26.860455
batch_00400_patch.tiff,patch_150,24.123869,22.410416,22.153137,25.907255,25.401003
batch_00400_patch.tiff,patch_151,24.871443,23.149422,22.977278,26.148281,26.548513
batch_00400_patch.tiff,patch_152,25.818424,23.58876,24.480646,23.522644,26.293053
batch_00400_patch.tiff,patch_153,25.676907,24.433733,24.314705,24.699015,26.762394
batch_00400_patch.tiff,patch_154,27.249866,24.227253,26.64721,23.200129,27.09935
batch_00400_patch.tiff,patch_155,26.515978,23.508842,26.683298,24.968447,27.255451
batch_00450_patch.tiff,patch_0,25.379145,26.252054,26.258667,24.381927,27.01328
batch_00450_patch.tiff,patch_1,26.769968,25.029627,25.940758,24.539036,27.625038
batch_00450_patch.tiff,patch_2,25.66466,23.167824,26.12866,24.869362,27.246933
batch_00450_patch.tiff,patch_3,26.220594,23.905882,24.844183,24.865044,26.684011
batch_00450_patch.tiff,patch_4,25.294455,22.098402,24.32912,21.16913,23.018974
batch_00450_patch.tiff,patch_5,25.63761,23.423716,24.25252,21.352211,23.056366
batch_00450_patch.tiff,patch_6,27.00145,24.492239,26.606403,22.391209,25.425604
batch_00450_patch.tiff,patch_7,27.36952,23.600319,27.093018,22.657024,26.348055
batch_00450_patch.tiff,patch_8,26.684332,21.634024,23.410576,22.627338,26.058928
batch_00450_patch.tiff,patch_9,25.676846,22.867188,22.761927,25.843561,27.243217
batch_00450_patch.tiff,patch_10,25.35069,21.73181,22.5244,24.339611,25.348806
batch_00450_patch.tiff,patch_11,25.618776,23.095312,22.717152,26.33986,27.299538
batch_00450_patch.tiff,patch_12,25.738888,22.093077,22.933044,26.301447,26.948513
batch_00450_patch.tiff,patch_13,25.770622,23.462624,25.31579,24.80416,27.134571
batch_00450_patch.tiff,patch_14,27.417341,24.877434,26.228632,25.30887,27.910692
batch_00450_patch.tiff,patch_15,24.558737,22.528204,23.719233,21.991955,23.05053
batch_00450_patch.tiff,patch_16,23.558527,22.470325,24.295843,22.554466,23.547203
batch_00450_patch.tiff,patch_17,27.178823,24.909622,26.767588,23.827925,27.282543
batch_00450_patch.tiff,patch_18,27.256575,23.645369,26.758097,22.964016,26.236647
batch_00450_patch.tiff,patch_19,25.750933,21.711285,22.864367,23.863804,26.200253
batch_00450_patch.tiff,patch_20,24.999825,22.248806,21.434246,26.087597,26.452234
batch_00450_patch.tiff,patch_21,25.513851,22.799793,22.511063,26.433043,26.280613
batch_00450_patch.tiff,patch_22,25.53991,21.748934,22.37249,24.10051,25.648468
batch_00450_patch.tiff,patch_23,25.914806,23.446165,23.3597,26.415648,26.788748
batch_00450_patch.tiff,patch_24,26.609753,23.83025,25.877584,22.92315,26.5382
batch_00450_patch.tiff,patch_25,26.485447,22.620396,26.821808,20.669489,24.838749
batch_00450_patch.tiff,patch_26,25.820246,23.253296,25.018698,20.663269,23.603176
batch_00450_patch.tiff,patch_27,24.61807,23.56428,24.479593,22.436548,23.286596
batch_00450_patch.tiff,patch_28,27.62898,24.231728,26.195362,23.295832,26.204363
batch_00450_patch.tiff,patch_29,26.83324,23.66742,26.442158,23.7476,26.137495
batch_00450_patch.tiff,patch_30,25.209702,21.974491,23.473227,23.239668,26.107023
batch_00450_patch.tiff,patch_31,24.98953,21.518564,21.132967,25.277008,25.61096
batch_00450_patch.tiff,patch_32,26.289192,23.76527,25.841917,24.852718,27.607523
batch_00450_patch.tiff,patch_33,26.153913,23.489101,26.047348,25.44163,27.74015
batch_00450_patch.tiff,patch_34,25.38195,22.088455,23.671144,24.602905,24.705118
batch_00450_patch.tiff,patch_35,26.496626,23.987274,26.418537,23.917093,27.858595
batch_00450_patch.tiff,patch_36,26.728207,22.77923,26.64293,21.049614,24.613228
batch_00450_patch.tiff,patch_37,25.911629,23.26443,25.393383,20.775093,22.991604
batch_00450_patch.tiff,patch_38,25.94079,23.436699,24.721815,22.637577,24.545387
batch_00450_patch.tiff,patch_39,27.343565,24.342266,26.10282,23.247343,25.631153
batch_00450_patch.tiff,patch_40,27.414473,23.379066,27.290384,22.766428,26.178371
batch_00450_patch.tiff,patch_41,25.62469,21.64105,22.50009,23.813332,26.066975
batch_00450_patch.tiff,patch_42,24.926111,21.884758,22.80228,24.583868,25.697033
batch_00450_patch.tiff,patch_43,26.507393,23.412477,25.680624,23.2379,26.471848
batch_00450_patch.tiff,patch_44,25.691383,22.664549,24.446869,24.173124,26.774122
batch_00450_patch.tiff,patch_45,25.740086,23.254053,25.356367,22.29539,23.068144
batch_00450_patch.tiff,patch_46,26.342684,23.75765,25.954086,23.60515,26.732286
batch_00450_patch.tiff,patch_47,26.726248,23.462837,24.98185,24.075117,27.019989
batch_00450_patch.tiff,patch_48,23.730616,23.336851,23.457247,23.222754,23.012293
batch_00450_patch.tiff,patch_49,25.459608,23.101883,24.726593,22.065332,22.1567
batch_00450_patch.tiff,patch_50,27.265707,23.747332,26.827394,21.904797,25.3406
batch_00450_patch.tiff,patch_51,27.176584,23.887867,25.707453,22.16674,25.589773
batch_00450_patch.tiff,patch_52,26.382782,22.46581,21.889845,24.977041,26.927391
batch_00450_patch.tiff,patch_53,25.99958,21.548481,22.429493,25.646624,26.34195
batch_00450_patch.tiff,patch_54,26.325506,23.55259,25.270712,25.054634,27.143518
batch_00450_patch.tiff,patch_55,25.34782,22.671673,23.808096,25.805965,26.537056
batch_00450_patch.tiff,patch_56,24.410631,22.553778,23.527668,23.177011,23.401634
batch_00450_patch.tiff,patch_57,26.45353,22.874819,25.519232,21.905111,22.85723
batch_00450_patch.tiff,patch_58,27.170218,23.163054,25.725374,22.590723,25.565605
batch_00450_patch.tiff,patch_59,26.97828,23.681002,25.516928,22.286896,25.601927
batch_00450_patch.tiff,patch_60,26.404837,21.479065,24.971067,24.611874,25.92223
batch_00450_patch.tiff,patch_61,25.041855,21.683857,21.765793,25.33726,25.682053
batch_00450_patch.tiff,patch_62,27.374174,22.660583,25.68897,20.971691,25.82946
batch_00450_patch.tiff,patch_63,26.358828,23.150305,24.074913,24.139008,26.293734
batch_00450_patch.tiff,patch_64,25.476734,23.131233,25.347406,23.501877,25.531776
batch_00450_patch.tiff,patch_65,26.195965,23.149502,25.528496,23.798338,26.14281
batch_00450_patch.tiff,patch_66,26.01195,23.029709,26.204512,24.36,26.917665
batch_00450_patch.tiff,patch_67,26.501162,24.047789,26.897324,25.61675,27.779886
batch_00450_patch.tiff,patch_68,27.926334,23.039154,27.31936,21.575798,25.703358
batch_00450_patch.tiff,patch_69,26.674374,23.05878,25.29539,22.256674,25.612621
batch_00450_patch.tiff,patch_70,24.493252,25.278355,25.141876,24.616533,26.452188
batch_00450_patch.tiff,patch_71,25.469173,25.554138,24.690603,24.90486,26.914373
batch_00450_patch.tiff,patch_72,26.14742,23.169037,27.094536,21.797878,25.67867
batch_00450_patch.tiff,patch_73,26.910664,23.812412,26.239943,24.083164,27.470352
batch_00450_patch.tiff,patch_74,26.197208,23.333431,24.52429,24.361788,26.607224
batch_00450_patch.tiff,patch_75,24.951183,22.672668,23.304941,25.134436,25.937765
batch_00450_patch.tiff,patch_76,26.554605,23.897938,25.795038,24.967033,27.490486
batch_00450_patch.tiff,patch_77,26.347736,23.712719,26.804089,24.886826,27.577768
batch_00450_patch.tiff,patch_78,26.71449,23.515417,25.512815,22.554811,25.573263
batch_00450_patch.tiff,patch_79,27.587032,23.391659,25.511887,22.981129,26.051006
batch_00450_patch.tiff,patch_80,24.808258,25.186314,24.061842,24.894566,27.143179
batch_00450_patch.tiff,patch_81,26.196232,24.999683,26.241701,24.538458,27.308495
batch_00450_patch.tiff,patch_82,28.002657,25.299955,27.348925,23.863203,27.290125
batch_00450_patch.tiff,patch_83,25.98881,24.738676,27.40681,23.039156,26.233526
batch_00450_patch.tiff,patch_84,26.681986,24.488705,25.730007,24.06446,27.355465
batch_00450_patch.tiff,patch_85,24.74741,22.692717,24.326899,21.379236,21.853987
batch_00450_patch.tiff,patch_86,24.131653,23.24748,23.891268,23.856518,23.917393
batch_00450_patch.tiff,patch_87,27.57648,23.35009,26.460398,22.265495,26.11985
batch_00450_patch.tiff,patch_88,26.819458,24.38294,26.123642,22.465185,25.765882
batch_00450_patch.tiff,patch_89,23.922071,25.653658,25.61945,23.63301,26.216143
batch_00450_patch.tiff,patch_90,23.563812,25.483236,26.807522,24.015833,26.023666
batch_00450_patch.tiff,patch_91,25.253967,24.243418,24.761974,24.379875,26.72275
batch_00450_patch.tiff,patch_92,26.76338,23.921984,24.822445,24.883715,27.404846
batch_00450_patch.tiff,patch_93,25.234163,23.501293,27.459358,23.060032,25.69037
batch_00450_patch.tiff,patch_94,26.581732,24.16257,25.750507,25.413893,27.169334
batch_00450_patch.tiff,patch_95,24.406479,22.716137,24.580105,22.3048,22.850386
batch_00450_patch.tiff,patch_96,24.17979,23.13383,24.306286,21.805351,22.13933
batch_00450_patch.tiff,patch_97,27.94622,24.132408,27.018045,22.323603,26.24479
batch_00450_patch.tiff,patch_98,27.370626,24.730333,24.890093,24.2684,27.162518
batch_00450_patch.tiff,patch_99,26.665535,23.592348,25.001932,22.914364,25.943892
batch_00450_patch.tiff,patch_100,26.7817,24.046757,24.001026,24.334408,27.140797
batch_00450_patch.tiff,patch_101,25.659058,23.668198,25.379135,24.679562,25.469332
batch_00450_patch.tiff,patch_102,25.910824,24.505735,24.28622,24.17135,26.854147
batch_00450_patch.tiff,patch_103,25.199326,22.586452,23.090372,23.912937,26.308416
batch_00450_patch.tiff,patch_104,25.35586,21.882202,22.950243,25.910982,26.605625
batch_00450_patch.tiff,patch_105,27.531902,22.89648,26.499733,21.647028,25.915855
batch_00450_patch.tiff,patch_106,26.814552,24.483114,24.635122,24.335524,26.65659
batch_00450_patch.tiff,patch_107,25.817677,25.532427,24.259521,25.814482,27.626356
batch_00450_patch.tiff,patch_108,26.539587,23.916468,24.45673,25.066563,26.847355
batch_00450_patch.tiff,patch_109,25.605217,23.729385,25.240078,24.348295,26.945616
batch_00450_patch.tiff,patch_110,26.786798,24.87912,27.166443,22.990871,26.336414
batch_00450_patch.tiff,patch_111,25.216425,23.034767,23.55751,26.086462,27.175734
batch_00450_patch.tiff,patch_112,26.090055,22.28723,25.253246,23.868618,26.337557
batch_00450_patch.tiff,patch_113,27.55988,23.52009,26.156538,22.882074,26.175646
batch_00450_patch.tiff,patch_114,25.41662,24.353321,23.699656,26.097399,27.446793
batch_00450_patch.tiff,patch_115,24.666456,26.697544,26.069962,25.133575,27.43606
batch_00450_patch.tiff,patch_116,24.755985,26.076784,25.846416,25.759628,27.601599
batch_00450_patch.tiff,patch_117,27.857431,23.68132,25.423689,22.86832,26.598316
batch_00450_patch.tiff,patch_118,25.67303,23.000996,24.294458,26.800303,27.754591
batch_00450_patch.tiff,patch_119,26.621893,24.170864,25.44495,24.205278,26.831493
batch_00450_patch.tiff,patch_120,27.267153,23.324345,25.934309,22.251678,26.843874
batch_00450_patch.tiff,patch_121,24.76849,23.167324,24.255934,24.714674,26.414999
batch_00450_patch.tiff,patch_122,24.268578,23.466372,23.583544,23.575195,27.07122
batch_00450_patch.tiff,patch_123,26.63401,24.169909,25.770014,24.995686,27.781572
batch_00450_patch.tiff,patch_124,27.251469,23.413559,27.44201,23.368067,27.42895
batch_00450_patch.tiff,patch_125,26.258877,21.99305,23.387001,24.012691,25.626036
batch_00450_patch.tiff,patch_126,26.797894,22.415344,23.249077,24.912268,26.718472
batch_00450_patch.tiff,patch_127,27.576796,22.179926,26.712317,20.79016,25.751116
batch_00450_patch.tiff,patch_128,27.371452,23.515295,25.281832,23.86095,26.511763
batch_00450_patch.tiff,patch_129,25.76667,24.056961,23.964489,25.58135,26.7148
batch_00450_patch.tiff,patch_130,26.064064,24.450863,24.841352,25.234657,27.008408
batch_00450_patch.tiff,patch_131,24.84483,24.14116,22.116447,23.671038,26.387163
batch_00450_patch.tiff,patch_132,25.272814,23.169172,23.830318,23.822477,26.216898
batch_00450_patch.tiff,patch_133,25.99417,23.732746,25.280973,24.258242,26.627155
batch_00450_patch.tiff,patch_134,27.42645,22.735905,24.25925,23.468374,26.419474
batch_00450_patch.tiff,patch_135,27.476315,22.094292,23.834558,23.656748,26.096785
batch_00450_patch.tiff,patch_136,23.772537,24.417904,24.494555,23.732302,26.056347
batch_00450_patch.tiff,patch_137,27.085846,23.28498,24.992678,24.107544,27.116959
batch_00450_patch.tiff,patch_138,26.233707,23.24437,22.712826,24.926296,26.29083
batch_00450_patch.tiff,patch_139,25.92414,23.750257,25.902159,22.462934,26.345081
batch_00450_patch.tiff,patch_140,25.715338,25.869421,24.894466,24.969584,26.144299
batch_00450_patch.tiff,patch_141,25.066263,23.102211,23.83827,25.795378,27.637533
batch_00450_patch.tiff,patch_142,24.50496,23.315151,23.792456,25.506706,26.604635
batch_00450_patch.tiff,patch_143,25.180641,22.390158,23.524157,24.90836,25.633001
batch_00450_patch.tiff,patch_144,25.389482,21.678244,21.675749,23.374285,26.157696
batch_00450_patch.tiff,patch_145,26.512403,22.688969,22.110092,25.19454,26.046434
batch_00450_patch.tiff,patch_146,25.692806,22.491327,22.53391,26.417753,26.54554
batch_00450_patch.tiff,patch_147,24.606585,22.745014,22.064262,26.588345,26.143871
batch_00450_patch.tiff,patch_148,26.113457,22.936464,22.731216,26.030016,26.39453
batch_00500_patch.tiff,patch_0,25.60277,24.336971,25.248219,23.765047,27.094263
batch_00500_patch.tiff,patch_1,24.797653,23.918116,23.511896,24.720592,27.128756
batch_00500_patch.tiff,patch_2,26.495121,24.234596,24.778288,24.986256,27.567137
batch_00500_patch.tiff,patch_3,27.182203,23.641066,24.519566,23.605028,27.73658
batch_00500_patch.tiff,patch_4,26.359583,23.68771,27.669172,22.542149,26.47678
batch_00500_patch.tiff,patch_5,26.375769,23.929884,23.860973,23.948988,25.912231
batch_00500_patch.tiff,patch_6,27.438885,25.035147,26.459051,25.000317,27.521252
batch_00500_patch.tiff,patch_7,25.796886,25.090431,24.923203,26.013464,27.456982
batch_00500_patch.tiff,patch_8,27.507872,23.59626,27.689226,20.723713,25.29925
batch_00500_patch.tiff,patch_9,26.893118,23.825361,27.163866,21.390944,24.71081
batch_00500_patch.tiff,patch_10,25.295153,22.17848,24.07756,22.681805,23.823328
batch_00500_patch.tiff,patch_11,24.352404,24.291845,22.271784,25.899342,26.707367
batch_00500_patch.tiff,patch_12,25.174143,24.581936,24.186909,24.626646,27.454046
batch_00500_patch.tiff,patch_13,25.609035,23.435701,23.95437,25.80548,27.62859
batch_00500_patch.tiff,patch_14,26.909634,24.633497,24.941217,24.1106,27.54529
batch_00500_patch.tiff,patch_15,26.65483,22.557947,25.364927,20.48068,25.323654
batch_00500_patch.tiff,patch_16,27.168953,24.345705,24.41197,25.72532,27.737288
batch_00500_patch.tiff,patch_17,26.927937,24.910017,25.68639,24.99167,26.252573
batch_00500_patch.tiff,patch_18,24.558117,24.003601,23.532024,26.5003,27.605522
batch_00500_patch.tiff,patch_19,27.043709,24.030924,26.789505,21.267887,24.668982
batch_00500_patch.tiff,patch_20,26.81228,23.413988,26.754576,21.702255,24.413292
batch_00500_patch.tiff,patch_21,27.804426,23.547508,26.063751,22.285955,25.341808
batch_00500_patch.tiff,patch_22,25.804237,23.109173,25.508068,22.61072,25.349995
batch_00500_patch.tiff,patch_23,26.614916,24.667683,27.154951,23.52204,26.447926
batch_00500_patch.tiff,patch_24,25.117462,23.59407,22.883995,26.032486,26.162859
batch_00500_patch.tiff,patch_25,25.84639,23.154232,22.43438,25.574146,27.425789
batch_00500_patch.tiff,patch_26,26.664156,24.9588,27.05749,23.324034,25.552643
batch_00500_patch.tiff,patch_27,26.487495,25.463833,28.088152,22.358883,25.647717
batch_00500_patch.tiff,patch_28,27.400547,24.06385,26.531767,22.41318,24.119364
batch_00500_patch.tiff,patch_29,26.94558,23.86038,27.197718,21.653677,24.43129
batch_00500_patch.tiff,patch_30,26.179045,22.274017,24.177067,22.30276,24.117199
batch_00500_patch.tiff,patch_31,25.768787,23.370348,25.105139,22.510761,24.5547
batch_00500_patch.tiff,patch_32,25.607319,24.506159,25.850843,22.968977,25.90583
batch_00500_patch.tiff,patch_33,26.567644,24.24826,24.835032,24.937044,27.911129
batch_00500_patch.tiff,patch_34,26.354673,22.683727,24.628553,23.557596,26.78804
batch_00500_patch.tiff,patch_35,26.1776,24.184902,26.542725,22.04246,25.381477
batch_00500_patch.tiff,patch_36,25.899086,24.188526,25.758516,23.090096,26.063862
batch_00500_patch.tiff,patch_37,26.991978,23.56271,26.072155,21.55162,23.551954
batch_00500_patch.tiff,patch_38,26.740734,23.765692,27.967411,21.733784,24.973982
batch_00500_patch.tiff,patch_39,25.935528,23.030369,25.264975,24.314821,25.930891
batch_00500_patch.tiff,patch_40,26.057152,22.999907,25.69284,24.19121,26.68771
batch_00500_patch.tiff,patch_41,25.920303,23.515211,22.852068,25.714167,27.71976
batch_00500_patch.tiff,patch_42,26.117743,25.146109,24.663895,25.586584,28.510008
batch_00500_patch.tiff,patch_43,25.429031,24.4831,26.13164,23.19414,25.200508
batch_00500_patch.tiff,patch_44,26.846848,23.596098,23.99125,24.703459,26.37058
batch_00500_patch.tiff,patch_45,26.252913,23.311043,26.180145,21.83556,23.985065
batch_00500_patch.tiff,patch_46,27.39556,24.134966,26.946548,23.010117,25.630466
batch_00500_patch.tiff,patch_47,27.01828,22.946453,27.856628,21.108772,25.584755
batch_00500_patch.tiff,patch_48,27.450274,23.77447,27.619415,22.213274,25.55997
batch_00500_patch.tiff,patch_49,26.11944,23.183813,25.67066,22.97099,26.023108
batch_00500_patch.tiff,patch_50,26.628714,23.655024,25.778906,24.000689,27.552855
batch_00500_patch.tiff,patch_51,26.869503,25.043018,25.465942,25.84828,27.635775
batch_00500_patch.tiff,patch_52,25.528502,25.06968,24.808094,25.35661,26.871698
batch_00500_patch.tiff,patch_53,25.737999,24.165712,24.417315,24.049402,26.365833
batch_00500_patch.tiff,patch_54,26.46995,25.590408,26.891636,23.775463,26.949125
batch_00500_patch.tiff,patch_55,26.530645,23.354507,26.246843,21.563736,24.655584
batch_00500_patch.tiff,patch_56,26.818184,24.02618,26.640574,23.077177,25.702932
batch_00500_patch.tiff,patch_57,26.487013,23.48925,26.480646,21.43771,24.891539
batch_00500_patch.tiff,patch_58,27.55905,23.364681,27.72789,21.216103,25.6794
batch_00500_patch.tiff,patch_59,27.307236,24.176626,26.33119,23.001125,25.252502
batch_00500_patch.tiff,patch_60,24.952171,22.680439,24.373903,21.87327,23.93724
batch_00500_patch.tiff,patch_61,26.38783,23.445457,25.513763,24.04393,26.374252
batch_00500_patch.tiff,patch_62,26.97855,24.436264,26.295982,22.703478,26.870293
batch_00500_patch.tiff,patch_63,26.881754,23.617804,27.019062,21.702267,25.53239
batch_00500_patch.tiff,patch_64,26.619865,23.093193,26.86571,22.089378,25.82226
batch_00500_patch.tiff,patch_65,26.687094,23.861715,26.149666,24.304607,26.733427
batch_00500_patch.tiff,patch_66,27.119078,25.085936,26.852224,24.970854,27.40495
batch_00500_patch.tiff,patch_67,26.933456,23.235128,27.08624,21.339205,24.974604
batch_00500_patch.tiff,patch_68,27.33785,23.42949,26.437706,22.478626,24.829744
batch_00500_patch.tiff,patch_69,26.231325,24.835827,25.767704,24.159428,26.0995
batch_00500_patch.tiff,patch_70,26.742126,24.873585,25.015612,25.60823,28.413656
batch_00500_patch.tiff,patch_71,25.647045,24.165188,24.10962,25.578894,28.001429
batch_00500_patch.tiff,patch_72,26.621021,24.468061,24.704546,24.645557,27.130096
batch_00500_patch.tiff,patch_73,27.620235,24.44134,27.009455,23.150967,27.03021
batch_00500_patch.tiff,patch_74,27.300848,24.844227,26.561964,23.351118,26.110867
batch_00500_patch.tiff,patch_75,26.025537,23.994108,25.867252,25.564137,27.829031
batch_00500_patch.tiff,patch_76,26.730484,24.90161,25.87029,23.760212,26.04543
batch_00500_patch.tiff,patch_77,27.175016,23.210533,27.398933,21.431581,24.971966
batch_00500_patch.tiff,patch_78,26.816729,23.814545,26.797176,21.965157,24.640747
batch_00500_patch.tiff,patch_79,24.784628,22.916334,25.358925,22.81832,24.07675
batch_00500_patch.tiff,patch_80,24.266922,23.161743,24.533236,23.01814,25.331532
batch_00500_patch.tiff,patch_81,25.057383,24.34888,24.736506,25.554876,28.426775
batch_00500_patch.tiff,patch_82,26.073849,24.248682,25.05592,24.55598,28.217016
batch_00500_patch.tiff,patch_83,26.35936,24.448595,27.901794,22.580748,25.760939
batch_00500_patch.tiff,patch_84,26.068201,25.357529,26.938236,24.380703,27.005299
batch_00500_patch.tiff,patch_85,27.36811,24.451218,27.151539,22.584621,25.700298
batch_00500_patch.tiff,patch_86,26.77133,25.070444,26.906282,22.91992,25.698326
batch_00500_patch.tiff,patch_87,25.315702,22.789005,22.783327,25.532175,26.16548
batch_00500_patch.tiff,patch_88,24.402813,22.70004,20.901228,23.613617,24.83044
batch_00500_patch.tiff,patch_89,25.558826,24.311409,26.82184,23.419594,24.862743
batch_00500_patch.tiff,patch_90,26.358326,24.21432,26.464996,23.133114,26.388977
batch_00500_patch.tiff,patch_91,25.864395,23.692928,24.45409,23.815031,26.975435
batch_00500_patch.tiff,patch_92,25.587082,23.55299,24.003986,25.409546,27.85199
batch_00500_patch.tiff,patch_93,24.686737,23.665592,26.228607,22.417852,23.717667
batch_00500_patch.tiff,patch_94,26.115713,25.28377,27.717964,24.154535,26.26066
batch_00500_patch.tiff,patch_95,27.56183,23.710186,26.371744,22.343428,24.342546
batch_00500_patch.tiff,patch_96,26.507786,24.088377,28.06785,23.101093,26.692596
batch_00500_patch.tiff,patch_97,24.725098,25.111479,23.60005,24.827358,24.296452
batch_00500_patch.tiff,patch_98,24.642553,23.152178,22.693647,24.76817,25.131525
batch_00500_patch.tiff,patch_99,26.095942,23.564571,26.302351,23.599516,26.295738
batch_00500_patch.tiff,patch_100,25.817783,23.914148,24.763906,25.308426,27.131184
batch_00500_patch.tiff,patch_101,27.001192,25.477808,26.847971,22.840254,26.412745
batch_00500_patch.tiff,patch_102,25.925652,24.03683,26.626047,22.558348,24.264008
batch_00500_patch.tiff,patch_103,26.462828,24.35317,27.183039,21.78121,24.61922
batch_00500_patch.tiff,patch_104,26.992706,23.146782,27.141886,21.075647,24.320997
batch_00500_patch.tiff,patch_105,27.0638,23.88776,25.78598,24.45028,25.034266
batch_00500_patch.tiff,patch_106,26.453459,23.702763,23.714996,25.408657,27.615028
batch_00500_patch.tiff,patch_107,25.325514,23.855927,25.048145,24.912987,26.288448
batch_00500_patch.tiff,patch_108,26.060472,24.51786,25.574352,22.682661,25.653471
batch_00500_patch.tiff,patch_109,25.786062,23.681553,25.959206,24.951117,27.18091
batch_00500_patch.tiff,patch_110,25.265423,22.542652,25.343771,24.70083,26.882082
batch_00500_patch.tiff,patch_111,26.401114,24.348078,27.878408,23.480392,26.367086
batch_00500_patch.tiff,patch_112,24.868246,25.213844,25.819946,23.590298,25.427687
batch_00500_patch.tiff,patch_113,26.578205,23.35333,27.305414,20.48595,24.206993
batch_00500_patch.tiff,patch_114,26.550112,23.75245,26.811274,21.700964,24.500923
batch_00500_patch.tiff,patch_115,25.953012,23.014961,23.169897,23.050713,24.79557
batch_00500_patch.tiff,patch_116,25.470076,23.449749,22.992805,24.486816,24.95473
batch_00500_patch.tiff,patch_117,25.828146,23.232615,24.955496,23.694887,27.159576
batch_00500_patch.tiff,patch_118,25.607388,23.649323,22.644848,24.410631,26.54432
batch_00500_patch.tiff,patch_119,27.557232,24.711536,28.669012,22.427645,25.749521
batch_00500_patch.tiff,patch_120,26.497915,24.328552,27.516079,23.208717,25.882671
batch_00500_patch.tiff,patch_121,27.140478,23.548992,27.549295,22.466787,26.498302
batch_00500_patch.tiff,patch_122,26.509226,24.146,27.37483,25.443104,26.573212
batch_00500_patch.tiff,patch_123,26.470201,24.546307,28.583351,21.668776,25.507998
batch_00500_patch.tiff,patch_124,26.143368,24.250858,27.911453,22.302752,25.40309
batch_00500_patch.tiff,patch_125,26.384136,24.773458,25.679426,25.337292,27.161171
batch_00500_patch.tiff,patch_126,27.08759,25.608902,25.990465,25.54983,27.308546
batch_00500_patch.tiff,patch_127,26.875341,23.713331,26.441505,22.237652,27.003498
batch_00500_patch.tiff,patch_128,25.68172,23.736698,23.96959,25.484003,27.836145
batch_00500_patch.tiff,patch_129,27.331623,23.523853,28.398798,21.851389,25.041143
batch_00500_patch.tiff,patch_130,27.444883,24.223377,26.180202,23.199938,26.034698
batch_00500_patch.tiff,patch_131,26.515768,24.426643,26.309788,23.209177,25.997965
batch_00500_patch.tiff,patch_132,25.540884,23.199951,25.404146,24.39484,26.096252
batch_00500_patch.tiff,patch_133,26.831085,24.638369,27.377441,23.350254,26.392864
batch_00500_patch.tiff,patch_134,26.397934,24.64227,26.921986,21.42141,24.637396
batch_00500_patch.tiff,patch_135,27.956848,24.40888,27.132484,23.866034,26.460327
batch_00500_patch.tiff,patch_136,25.776346,24.355453,25.577402,23.988098,26.427544
batch_00500_patch.tiff,patch_137,25.427357,23.259115,22.636507,26.420135,27.275547
batch_00500_patch.tiff,patch_138,26.911444,24.185688,24.616396,24.920164,28.191572
batch_00500_patch.tiff,patch_139,26.17576,24.447647,25.944696,23.134912,25.662266
batch_00500_patch.tiff,patch_140,26.82982,24.08236,27.104616,23.320415,25.17056
batch_00500_patch.tiff,patch_141,25.42336,25.044289,26.721266,24.85384,26.194107
batch_00500_patch.tiff,patch_142,26.012371,25.108763,26.619051,24.245514,26.43067
batch_00500_patch.tiff,patch_143,27.56657,23.902561,25.013157,22.63356,25.19213
batch_00500_patch.tiff,patch_144,26.342602,23.60131,26.626629,22.882225,25.152357
batch_00500_patch.tiff,patch_145,25.01722,22.567259,23.845665,24.067894,23.704039
batch_00500_patch.tiff,patch_146,25.855377,23.612621,24.552046,25.046928,26.379236
batch_00550_patch.tiff,patch_0,25.070675,22.552689,21.485817,23.840189,25.410559
batch_00550_patch.tiff,patch_1,25.421886,22.15584,21.385586,22.3549,24.608248
batch_00550_patch.tiff,patch_2,25.31463,24.118807,25.684845,26.883646,28.276154
batch_00550_patch.tiff,patch_3,26.216131,24.846571,25.534159,26.211317,27.7093
batch_00550_patch.tiff,patch_4,26.09206,24.55185,24.365412,26.172142,26.5084
batch_00550_patch.tiff,patch_5,26.347479,23.874043,24.519106,26.344341,26.88251
batch_00550_patch.tiff,patch_6,26.991077,22.018023,25.083738,22.64112,25.915277
batch_00550_patch.tiff,patch_7,26.456356,23.986725,26.450672,24.15553,25.086647
batch_00550_patch.tiff,patch_8,25.713127,22.995758,22.56821,26.437185,27.221487
batch_00550_patch.tiff,patch_9,26.485722,23.023466,23.335293,24.087393,26.021345
batch_00550_patch.tiff,patch_10,26.543371,24.926218,27.741114,24.437288,26.912424
batch_00550_patch.tiff,patch_11,25.238178,22.047483,22.797134,22.864508,24.93923
batch_00550_patch.tiff,patch_12,24.372864,22.012312,21.377544,23.463743,24.7926
batch_00550_patch.tiff,patch_13,26.615082,25.238111,27.43098,24.993814,27.276142
batch_00550_patch.tiff,patch_14,26.859518,24.640886,24.912525,24.664427,26.44385
batch_00550_patch.tiff,patch_15,25.395971,24.523813,22.607878,26.826954,26.418476
batch_00550_patch.tiff,patch_16,25.119944,23.950773,23.160679,26.285557,27.17544
batch_00550_patch.tiff,patch_17,26.416206,23.037205,25.302256,23.267616,26.332504
batch_00550_patch.tiff,patch_18,26.318743,22.933336,25.885324,23.63355,26.513256
batch_00550_patch.tiff,patch_19,26.470953,23.480574,23.48905,25.043175,26.465094
batch_00550_patch.tiff,patch_20,26.54503,23.378166,23.865635,24.031569,26.693346
batch_00550_patch.tiff,patch_21,26.107395,24.763935,26.87591,23.694904,25.19781
batch_00550_patch.tiff,patch_22,26.781084,24.00824,25.602205,24.362173,26.2408
batch_00550_patch.tiff,patch_23,26.94018,23.405788,24.439816,25.58015,26.071733
batch_00550_patch.tiff,patch_24,25.211842,22.931965,22.556293,25.970852,27.033941
batch_00550_patch.tiff,patch_25,27.11093,23.07456,24.01655,23.5124,26.687843
batch_00550_patch.tiff,patch_26,25.82831,24.50477,25.148567,26.295517,27.190722
batch_00550_patch.tiff,patch_27,25.697674,23.95377,23.626152,25.68082,26.320528
batch_00550_patch.tiff,patch_28,25.612953,22.61457,23.987307,23.941965,26.489532
batch_00550_patch.tiff,patch_29,25.664965,22.59676,21.54729,25.741041,26.379318
batch_00550_patch.tiff,patch_30,23.686232,22.91187,23.016104,25.592997,25.900814
batch_00550_patch.tiff,patch_31,24.516865,23.537254,23.110987,24.74889,25.634039
batch_00550_patch.tiff,patch_32,25.91044,25.475721,26.771889,25.423393,26.518469
batch_00550_patch.tiff,patch_33,25.55394,22.732677,25.519365,22.863472,25.520306
batch_00550_patch.tiff,patch_34,26.309813,22.146284,23.058239,24.049288,24.890667
batch_00550_patch.tiff,patch_35,26.04386,22.736034,22.978653,24.909786,26.768915
batch_00550_patch.tiff,patch_36,26.323881,22.954094,23.515362,24.906918,27.538023
batch_00550_patch.tiff,patch_37,27.507591,23.922405,25.76311,24.343412,26.905123
batch_00550_patch.tiff,patch_38,26.74557,24.760147,24.596401,25.421103,27.770655
batch_00550_patch.tiff,patch_39,24.897894,22.85895,22.701042,26.195541,27.212175
batch_00550_patch.tiff,patch_40,25.006054,22.120825,21.946457,25.895866,26.16809
batch_00550_patch.tiff,patch_41,24.979385,23.308872,26.171604,24.982346,26.534681
batch_00550_patch.tiff,patch_42,24.429886,23.67119,22.35005,26.5755,27.086159
batch_00550_patch.tiff,patch_43,25.324722,24.065172,24.508808,25.682198,27.521214
batch_00550_patch.tiff,patch_44,27.291195,25.500246,27.83542,26.025677,28.094784
batch_00550_patch.tiff,patch_45,26.157833,23.750797,22.595955,24.327068,27.044453
batch_00550_patch.tiff,patch_46,24.682467,21.853199,21.431509,23.591986,25.616003
batch_00550_patch.tiff,patch_47,27.340925,22.843092,24.721014,23.740257,26.285542
batch_00550_patch.tiff,patch_48,25.77363,22.881924,22.212559,24.79381,25.631603
batch_00550_patch.tiff,patch_49,25.488083,24.99106,23.960585,27.364548,27.87035
batch_00550_patch.tiff,patch_50,25.299511,25.682821,23.372591,27.497072,29.020737
batch_00550_patch.tiff,patch_51,25.556662,23.334295,22.960966,24.297054,25.63969
batch_00550_patch.tiff,patch_52,26.297905,23.396538,23.450142,24.628597,27.020727
batch_00550_patch.tiff,patch_53,26.266344,24.835094,24.844616,23.594032,26.17228
batch_00550_patch.tiff,patch_54,26.853191,22.803291,23.517157,24.000378,25.571863
batch_00550_patch.tiff,patch_55,26.370895,23.3288,23.234507,25.693874,26.700026
batch_00550_patch.tiff,patch_56,25.189068,22.635695,21.737259,25.3657,26.20232
batch_00550_patch.tiff,patch_57,26.847082,23.617493,23.144735,24.307997,27.279213
batch_00550_patch.tiff,patch_58,26.275263,24.581627,22.899008,26.093565,29.172493
batch_00550_patch.tiff,patch_59,26.381578,23.572136,24.393066,25.48167,27.640528
batch_00550_patch.tiff,patch_60,26.131838,25.05528,24.147955,26.282167,27.59862
batch_00550_patch.tiff,patch_61,26.891376,25.724941,25.349327,26.046734,27.84881
batch_00550_patch.tiff,patch_62,24.59231,22.76984,22.531525,26.526823,26.76767
batch_00550_patch.tiff,patch_63,26.302723,23.02584,23.009525,25.831,27.688402
batch_00550_patch.tiff,patch_64,27.396343,23.9451,25.161718,23.858162,25.570679
batch_00550_patch.tiff,patch_65,26.78214,25.184679,25.318792,23.578321,26.667027
batch_00550_patch.tiff,patch_66,25.232517,22.066017,22.921326,23.88873,25.167288
batch_00550_patch.tiff,patch_67,26.087677,23.079296,23.16157,24.65135,25.44543
batch_00550_patch.tiff,patch_68,25.182766,22.364851,20.979092,22.204992,24.407965
batch_00550_patch.tiff,patch_69,26.009602,22.616041,22.588726,23.858055,24.963736
batch_00550_patch.tiff,patch_70,27.950563,23.307903,23.242853,24.485329,27.723124
batch_00550_patch.tiff,patch_71,26.70734,23.397469,23.166584,24.459719,27.716312
batch_00550_patch.tiff,patch_72,27.406248,24.320204,26.039095,24.63886,28.484892
batch_00550_patch.tiff,patch_73,24.405626,24.489723,24.470213,26.168285,27.599434
batch_00550_patch.tiff,patch_74,26.252121,23.534893,24.188097,24.35088,27.460508
batch_00550_patch.tiff,patch_75,25.787165,23.320587,24.011347,26.980736,27.161396
batch_00550_patch.tiff,patch_76,26.858953,23.177628,23.194838,25.369001,26.584183
batch_00550_patch.tiff,patch_77,26.461706,22.294556,22.777166,23.393745,26.023272
batch_00550_patch.tiff,patch_78,27.830795,23.846546,25.164434,24.426529,27.397179
batch_00550_patch.tiff,patch_79,26.34039,23.726791,23.657953,24.463005,27.337523
batch_00550_patch.tiff,patch_80,26.080593,22.187748,23.346453,24.353941,25.843977
batch_00550_patch.tiff,patch_81,26.081547,23.558279,22.41955,25.982819,27.402273
batch_00550_patch.tiff,patch_82,27.546438,23.954346,26.385857,23.929178,27.328959
batch_00550_patch.tiff,patch_83,24.313206,23.934298,23.177975,26.211454,27.46314
batch_00550_patch.tiff,patch_84,25.919264,23.501995,23.729654,24.711746,26.187454
batch_00550_patch.tiff,patch_85,26.350025,22.393581,25.301435,23.155872,26.180328
batch_00550_patch.tiff,patch_86,26.292616,23.133627,22.981699,26.060345,27.011019
batch_00550_patch.tiff,patch_87,26.0973,23.186375,22.729471,24.931837,25.817696
batch_00550_patch.tiff,patch_88,26.212292,23.03764,22.690855,26.12836,27.633684
batch_00550_patch.tiff,patch_89,26.428246,23.41637,22.323784,25.52933,26.93787
batch_00550_patch.tiff,patch_90,25.813145,23.220411,21.563477,25.699045,26.316193
batch_00550_patch.tiff,patch_91,25.48589,23.487808,22.827795,26.084711,27.42045
batch_00550_patch.tiff,patch_92,25.283485,25.052448,23.977749,27.517273,27.469986
batch_00550_patch.tiff,patch_93,25.952503,24.343443,23.626196,26.066233,27.444382
batch_00550_patch.tiff,patch_94,25.348406,23.564856,22.876451,25.080711,26.53727
batch_00550_patch.tiff,patch_95,24.983196,23.271832,22.504234,25.162909,26.88495
batch_00550_patch.tiff,patch_96,26.139011,25.925669,27.176304,25.05779,27.048777
batch_00550_patch.tiff,patch_97,25.263945,24.889435,24.776344,25.02197,26.605164
batch_00550_patch.tiff,patch_98,25.08862,22.809175,21.885313,25.644997,26.870813
batch_00550_patch.tiff,patch_99,26.543728,23.486269,23.003473,24.752466,27.162514
batch_00550_patch.tiff,patch_100,25.52305,23.5145,22.098867,26.577427,28.145517
batch_00550_patch.tiff,patch_101,25.938257,23.026192,21.876038,25.637566,26.985735
batch_00550_patch.tiff,patch_102,25.5444,24.220922,24.049444,26.666681,28.121357
batch_00550_patch.tiff,patch_103,26.86225,25.248453,24.1224,26.76711,28.135035
batch_00550_patch.tiff,patch_104,26.553131,23.02338,24.309761,23.890903,26.81659
batch_00550_patch.tiff,patch_105,26.47897,23.258663,24.073545,23.68548,25.894941
batch_00550_patch.tiff,patch_106,26.600107,22.87229,25.426153,24.320757,26.195887
batch_00550_patch.tiff,patch_107,25.59727,23.025091,25.438143,24.987549,25.719822
batch_00550_patch.tiff,patch_108,25.611864,24.68657,26.480854,24.59271,26.542013
batch_00550_patch.tiff,patch_109,25.299145,23.833973,26.591986,23.29675,24.903639
batch_00550_patch.tiff,patch_110,26.421543,23.681837,23.178549,25.228157,27.491917
batch_00550_patch.tiff,patch_111,25.686708,22.555025,22.720057,25.742327,27.077595
batch_00550_patch.tiff,patch_112,26.89991,24.555225,26.566328,24.51538,25.445963
batch_00550_patch.tiff,patch_113,25.473673,24.376553,26.300188,25.134148,24.872795
batch_00550_patch.tiff,patch_114,25.90816,22.38119,25.526503,23.648092,26.348408
batch_00550_patch.tiff,patch_115,26.428755,22.296572,24.519577,24.002304,26.834944
batch_00550_patch.tiff,patch_116,26.02887,24.342548,26.48737,23.361347,24.769215
batch_00550_patch.tiff,patch_117,24.99166,22.881443,22.266567,25.981995,26.70688
batch_00550_patch.tiff,patch_118,27.09557,22.025974,24.920784,22.507381,26.20436
batch_00550_patch.tiff,patch_119,26.505424,24.931038,27.897879,23.812046,25.336
batch_00550_patch.tiff,patch_120,26.195646,22.14283,24.37266,22.064596,25.081709
batch_00550_patch.tiff,patch_121,26.786669,22.71046,24.251217,23.859259,26.427689
batch_00550_patch.tiff,patch_122,27.496628,23.844204,26.68544,22.811949,26.138105
batch_00550_patch.tiff,patch_123,25.82485,24.077322,26.871698,23.414843,25.7594
batch_00550_patch.tiff,patch_124,26.893568,24.50525,27.658272,24.317287,27.33171
batch_00550_patch.tiff,patch_125,25.201384,22.584204,21.765888,24.998192,27.226103
batch_00550_patch.tiff,patch_126,24.851784,22.6883,21.408693,26.096033,26.277838
batch_00550_patch.tiff,patch_127,26.535208,24.166765,26.245474,23.371204,24.742884
batch_00550_patch.tiff,patch_128,26.195696,21.599401,25.138826,22.688965,24.579098
batch_00550_patch.tiff,patch_129,25.75496,23.580612,23.454115,26.006025,27.146006
batch_00550_patch.tiff,patch_130,27.786577,24.88126,26.028973,26.029814,28.553432
batch_00550_patch.tiff,patch_131,26.315393,24.314362,25.238182,25.370773,27.385221
batch_00550_patch.tiff,patch_132,27.059242,23.70738,24.52865,24.602764,26.66985
batch_00550_patch.tiff,patch_133,26.734083,22.945986,22.526741,25.801888,26.481533
batch_00550_patch.tiff,patch_134,26.157835,24.19093,26.623693,23.349546,24.969458
batch_00550_patch.tiff,patch_135,26.363483,24.414743,27.061794,23.882296,25.9816
batch_00550_patch.tiff,patch_136,25.90977,23.078875,24.154655,25.140625,27.275152
batch_00550_patch.tiff,patch_137,27.09181,23.430237,23.36157,24.370684,27.319607
batch_00550_patch.tiff,patch_138,26.129246,24.155346,25.268387,24.17671,24.862535
batch_00550_patch.tiff,patch_139,27.715464,23.589561,26.532642,22.80571,26.463156
batch_00550_patch.tiff,patch_140,27.21813,23.896288,23.387146,23.655493,27.16608
batch_00550_patch.tiff,patch_141,27.461615,24.361876,24.054928,25.796282,26.784866
batch_00550_patch.tiff,patch_142,25.748798,24.261324,23.691051,26.023535,27.44526
batch_00550_patch.tiff,patch_143,26.637032,22.14911,23.681158,25.389778,26.302357
batch_00550_patch.tiff,patch_144,26.322948,22.933123,23.745623,24.42185,25.501116
batch_00550_patch.tiff,patch_145,26.238613,24.722214,27.092314,24.28218,25.551022
batch_00550_patch.tiff,patch_146,25.661034,23.767834,26.567682,23.112547,24.893454
batch_00550_patch.tiff,patch_147,26.09675,24.057934,24.398123,25.53221,28.040043
batch_00550_patch.tiff,patch_148,26.103628,24.398506,24.973333,26.252897,28.839651
batch_00550_patch.tiff,patch_149,25.954361,24.634798,26.623213,23.776466,24.85267
batch_00550_patch.tiff,patch_150,25.745584,23.83854,26.86651,23.8376,24.46232
batch_00550_patch.tiff,patch_151,26.276222,21.499592,24.529129,23.050247,25.16634
batch_00550_patch.tiff,patch_152,26.337395,23.275951,24.399948,24.465172,27.119343
batch_00550_patch.tiff,patch_153,27.422691,23.586365,25.711763,24.332796,26.187428
batch_00550_patch.tiff,patch_154,26.173876,22.29438,23.973312,24.632101,26.408691
batch_00550_patch.tiff,patch_155,26.65082,23.677164,25.05289,24.248596,26.216114
batch_00600_patch.tiff,patch_0,25.85664,22.609499,24.563807,23.468224,26.258007
batch_00600_patch.tiff,patch_1,23.904482,21.930336,22.848618,23.476006,25.212877
batch_00600_patch.tiff,patch_2,25.57915,22.80202,25.654503,23.890448,25.243505
batch_00600_patch.tiff,patch_3,25.810078,23.317802,25.85699,25.651905,27.435486
batch_00600_patch.tiff,patch_4,26.397547,24.153383,25.523932,24.336391,25.978056
batch_00600_patch.tiff,patch_5,26.397024,25.238535,25.322788,23.697344,25.987978
batch_00600_patch.tiff,patch_6,24.398363,24.149857,25.193903,24.420538,26.369215
batch_00600_patch.tiff,patch_7,24.925854,23.516817,23.619009,21.77563,24.983282
batch_00600_patch.tiff,patch_8,25.794664,25.087337,27.258398,26.77711,27.889208
batch_00600_patch.tiff,patch_9,24.991266,23.108946,23.42925,23.87094,26.560497
batch_00600_patch.tiff,patch_10,25.577366,22.385164,22.33195,21.853256,25.148705
batch_00600_patch.tiff,patch_11,26.427095,23.498802,25.725899,24.379734,26.899958
batch_00600_patch.tiff,patch_12,27.149277,24.259935,27.0796,25.83848,28.546703
batch_00600_patch.tiff,patch_13,26.952736,25.331495,23.50934,24.864687,26.21854
batch_00600_patch.tiff,patch_14,27.73813,24.452442,24.954304,23.19099,26.92549
batch_00600_patch.tiff,patch_15,25.77571,24.786276,25.630203,23.871058,26.958729
batch_00600_patch.tiff,patch_16,25.223059,22.703638,24.256432,24.096626,25.614702
batch_00600_patch.tiff,patch_17,25.471369,24.147152,25.457613,26.198988,27.29016
batch_00600_patch.tiff,patch_18,24.820923,22.128345,22.676868,21.718424,25.155329
batch_00600_patch.tiff,patch_19,24.564125,21.848396,22.561316,21.949818,24.539545
batch_00600_patch.tiff,patch_20,24.74109,23.41017,24.12205,23.213196,25.03963
batch_00600_patch.tiff,patch_21,26.306124,25.326857,22.06225,25.023018,27.268692
batch_00600_patch.tiff,patch_22,25.686811,25.424448,27.487465,26.44487,27.894238
batch_00600_patch.tiff,patch_23,26.775663,25.014664,28.229465,25.377138,27.397259
batch_00600_patch.tiff,patch_24,25.85279,24.657534,26.03286,27.446842,27.72384
batch_00600_patch.tiff,patch_25,23.413862,22.065403,23.294174,24.199562,24.996687
batch_00600_patch.tiff,patch_26,26.21203,22.395384,25.267372,21.702583,26.514788
batch_00600_patch.tiff,patch_27,26.235058,24.074606,23.941326,23.396303,25.331293
batch_00600_patch.tiff,patch_28,26.368137,24.071512,23.565666,23.968367,25.760647
batch_00600_patch.tiff,patch_29,25.783009,25.205185,27.036222,26.779291,27.823671
batch_00600_patch.tiff,patch_30,25.939703,24.819395,25.249058,29.262539,28.381573
batch_00600_patch.tiff,patch_31,24.722717,25.629364,25.887133,27.58717,28.348282
batch_00600_patch.tiff,patch_32,25.771837,24.284798,26.040842,25.224285,27.437145
batch_00600_patch.tiff,patch_33,25.962967,25.08422,25.39991,25.778328,27.492348
batch_00600_patch.tiff,patch_34,25.26194,22.99607,23.586927,23.337044,25.980453
batch_00600_patch.tiff,patch_35,25.211338,22.60595,24.772697,23.196495,26.46376
batch_00600_patch.tiff,patch_36,26.463009,24.166748,23.229706,25.302431,28.68975
batch_00600_patch.tiff,patch_37,26.778744,23.417791,22.702145,23.362144,27.721354
batch_00600_patch.tiff,patch_38,24.846224,23.516678,22.136032,25.666653,25.790554
batch_00600_patch.tiff,patch_39,23.877768,24.576904,21.199162,25.896358,26.280445
batch_00600_patch.tiff,patch_40,25.478529,23.983906,22.611929,24.052084,25.731737
batch_00600_patch.tiff,patch_41,25.112244,23.561405,23.973658,25.148842,26.39212
batch_00600_patch.tiff,patch_42,25.490187,24.604334,26.54469,26.406452,27.767544
batch_00600_patch.tiff,patch_43,25.871965,25.238983,25.649572,27.599619,28.84495
batch_00600_patch.tiff,patch_44,26.918612,23.761688,25.199745,24.122606,26.77362
batch_00600_patch.tiff,patch_45,27.28238,24.666742,26.829859,24.108438,26.697123
batch_00600_patch.tiff,patch_46,24.108082,23.251348,22.49101,25.635963,26.319468
batch_00600_patch.tiff,patch_47,25.00144,23.043186,24.872997,24.088102,26.750557
batch_00600_patch.tiff,patch_48,26.666529,23.380579,23.386574,25.780422,28.141928
batch_00600_patch.tiff,patch_49,26.213436,23.590132,22.76318,24.487782,27.70293
batch_00600_patch.tiff,patch_50,25.338884,24.336807,23.925228,24.56499,26.27022
batch_00600_patch.tiff,patch_51,25.683374,25.23776,23.45726,26.021317,27.737883
batch_00600_patch.tiff,patch_52,24.708025,23.834093,21.6026,25.6079,25.481743
batch_00600_patch.tiff,patch_53,24.514656,23.87486,23.354717,24.9772,26.189198
batch_00600_patch.tiff,patch_54,26.393894,25.007692,27.392778,25.996082,27.64994
batch_00600_patch.tiff,patch_55,25.630857,24.979456,26.138927,26.759432,27.967949
batch_00600_patch.tiff,patch_56,25.486198,22.075846,24.532679,23.644451,26.320925
batch_00600_patch.tiff,patch_57,25.1225,23.25953,23.366457,23.923662,25.93155
batch_00600_patch.tiff,patch_58,25.435192,22.757738,24.081493,24.279287,26.64538
batch_00600_patch.tiff,patch_59,26.761026,22.944496,24.776884,24.03444,26.505415
batch_00600_patch.tiff,patch_60,26.835436,24.56736,25.458628,22.38464,26.169235
batch_00600_patch.tiff,patch_61,25.927126,24.75979,23.936676,24.987373,27.6483
batch_00600_patch.tiff,patch_62,26.194666,23.536636,25.746199,25.228924,27.134785
batch_00600_patch.tiff,patch_63,26.858957,23.799303,26.35768,24.612722,27.462234
batch_00600_patch.tiff,patch_64,25.02394,24.792446,25.256153,26.63783,28.193481
batch_00600_patch.tiff,patch_65,25.353615,26.250132,26.940792,27.144432,28.41011
batch_00600_patch.tiff,patch_66,25.218899,23.222717,22.322908,24.265982,25.853683
batch_00600_patch.tiff,patch_67,25.735388,23.272339,25.480305,23.258139,25.945242
batch_00600_patch.tiff,patch_68,26.708939,22.63052,24.450434,24.416891,26.038027
batch_00600_patch.tiff,patch_69,26.511307,22.568003,24.903831,23.571615,26.59283
batch_00600_patch.tiff,patch_70,24.447464,25.665173,24.493082,25.500063,26.233685
batch_00600_patch.tiff,patch_71,26.020222,25.836388,24.860905,24.781681,26.484587
batch_00600_patch.tiff,patch_72,26.381464,23.664127,24.76653,24.843662,26.938488
batch_00600_patch.tiff,patch_73,25.480291,24.580341,26.435644,25.881384,27.287672
batch_00600_patch.tiff,patch_74,25.46897,24.678427,25.61835,26.793139,27.721136
batch_00600_patch.tiff,patch_75,26.572405,23.14673,24.419682,23.162388,26.685303
batch_00600_patch.tiff,patch_76,24.503805,21.687468,22.849691,23.65409,25.053482
batch_00600_patch.tiff,patch_77,26.394014,22.12457,23.590233,23.808819,27.010534
batch_00600_patch.tiff,patch_78,27.424797,23.428186,25.97612,24.42173,25.884274
batch_00600_patch.tiff,patch_79,26.096241,25.049967,24.175745,25.344492,27.05323
batch_00600_patch.tiff,patch_80,26.282103,25.91399,23.694965,26.304043,28.370289
batch_00600_patch.tiff,patch_81,26.554705,24.934738,27.062197,22.89912,27.229313
batch_00600_patch.tiff,patch_82,26.696238,23.70561,22.703955,23.211311,25.702272
batch_00600_patch.tiff,patch_83,24.194574,24.356905,24.95624,27.274523,27.608372
batch_00600_patch.tiff,patch_84,24.332361,23.754816,24.70271,26.394127,26.801731
batch_00600_patch.tiff,patch_85,25.790314,23.214365,23.959425,24.815342,26.576448
batch_00600_patch.tiff,patch_86,25.28393,23.166664,24.219309,24.411034,25.518505
batch_00600_patch.tiff,patch_87,26.697638,23.465952,25.463123,24.943811,27.561676
batch_00600_patch.tiff,patch_88,27.134954,23.709423,24.1918,25.582392,27.143677
batch_00600_patch.tiff,patch_89,25.978758,25.086922,22.526585,24.596144,26.910374
batch_00600_patch.tiff,patch_90,26.576792,24.232738,25.390572,24.542841,26.815962
batch_00600_patch.tiff,patch_91,26.479923,24.442081,27.992777,21.771238,26.45104
batch_00600_patch.tiff,patch_92,27.160765,24.124966,27.799833,21.655905,26.165434
batch_00600_patch.tiff,patch_93,26.505552,25.37619,26.197798,26.907085,28.593771
batch_00600_patch.tiff,patch_94,25.249905,24.100481,24.708275,26.565506,26.97059
batch_00600_patch.tiff,patch_95,25.428648,23.81287,24.518997,26.247686,28.410776
batch_00600_patch.tiff,patch_96,26.488407,24.5455,24.81777,25.597422,28.161097
batch_00600_patch.tiff,patch_97,26.932657,24.975285,25.953487,26.16729,27.587023
batch_00600_patch.tiff,patch_98,27.107998,22.534279,22.340942,24.622396,26.848587
batch_00600_patch.tiff,patch_99,26.61015,23.035734,25.367445,23.776508,26.357635
batch_00600_patch.tiff,patch_100,26.957811,22.654194,25.513565,22.930561,25.604725
batch_00600_patch.tiff,patch_101,25.22736,23.176733,21.612307,24.662247,25.903524
batch_00600_patch.tiff,patch_102,26.322632,26.24935,25.64195,24.7862,27.648005
batch_00600_patch.tiff,patch_103,24.80651,25.112606,25.885782,26.527756,28.076447
batch_00600_patch.tiff,patch_104,25.196238,24.75909,26.930296,25.482504,27.34251
batch_00600_patch.tiff,patch_105,26.733381,23.43234,25.67314,23.801413,26.57923
batch_00600_patch.tiff,patch_106,26.08424,22.747303,25.991982,24.031548,26.06398
batch_00600_patch.tiff,patch_107,26.585278,22.06943,24.05223,23.724531,25.984703
batch_00600_patch.tiff,patch_108,27.091364,22.167082,23.36498,23.815006,26.389141
batch_00600_patch.tiff,patch_109,26.039598,21.525785,24.740538,21.867294,23.803232
batch_00600_patch.tiff,patch_110,26.017752,22.089914,25.53769,22.302309,25.167177
batch_00600_patch.tiff,patch_111,26.58031,24.735157,25.556046,24.007133,26.899532
batch_00600_patch.tiff,patch_112,25.31361,24.410885,24.75881,24.444546,25.99718
batch_00600_patch.tiff,patch_113,25.649475,25.09402,25.33567,28.228308,28.617987
batch_00600_patch.tiff,patch_114,24.863253,22.45007,24.791527,24.04802,26.49021
batch_00600_patch.tiff,patch_115,25.860058,23.319304,24.234554,23.543127,25.823015
batch_00600_patch.tiff,patch_116,25.808062,23.369967,26.046265,23.932554,26.424212
batch_00600_patch.tiff,patch_117,27.062328,22.38386,25.72665,23.04346,25.899431
batch_00600_patch.tiff,patch_118,25.03832,21.957983,23.387386,23.285194,24.97897
batch_00600_patch.tiff,patch_119,25.257631,24.38733,24.982084,24.07763,26.725607
batch_00600_patch.tiff,patch_120,26.681442,24.503181,27.254147,26.11029,28.179117
batch_00600_patch.tiff,patch_121,26.64938,23.599617,26.449352,24.828644,27.556328
batch_00600_patch.tiff,patch_122,25.389011,22.56213,22.348797,23.713364,26.377441
batch_00600_patch.tiff,patch_123,25.040995,22.560732,24.4103,23.651451,26.04753
batch_00600_patch.tiff,patch_124,26.677658,22.227999,25.740444,23.027287,25.77682
batch_00600_patch.tiff,patch_125,26.815212,22.820932,25.251215,22.616766,26.153872
batch_00600_patch.tiff,patch_126,24.730825,23.774426,24.547071,23.56279,26.967228
batch_00600_patch.tiff,patch_127,25.511913,23.556305,24.792023,23.364058,27.234161
batch_00600_patch.tiff,patch_128,25.808727,23.534464,26.177217,24.852276,27.277975
batch_00600_patch.tiff,patch_129,26.634684,23.626574,26.93322,24.910183,27.914284
batch_00600_patch.tiff,patch_130,26.011072,22.105886,23.197165,23.715796,25.30748
batch_00600_patch.tiff,patch_131,25.617916,22.396202,23.027155,21.1828,25.483452
batch_00600_patch.tiff,patch_132,26.288794,25.57707,25.190538,25.007267,26.687662
batch_00600_patch.tiff,patch_133,26.657328,24.453566,25.467049,22.95701,25.536394
batch_00600_patch.tiff,patch_134,24.454422,23.20128,24.807,23.830492,25.99954
batch_00600_patch.tiff,patch_135,25.071796,23.705194,24.828978,24.078947,27.172262
batch_00600_patch.tiff,patch_136,25.346218,24.54685,26.287596,26.55608,27.366615
batch_00600_patch.tiff,patch_137,23.97273,23.435843,24.030848,26.642376,26.844612
batch_00650_patch.tiff,patch_0,24.753078,24.079361,25.828594,27.597084,27.049341
batch_00650_patch.tiff,patch_1,24.891035,24.214214,25.761753,26.091349,26.410034
batch_00650_patch.tiff,patch_2,23.97834,23.301878,22.836987,27.278086,27.097887
batch_00650_patch.tiff,patch_3,27.042957,25.747288,26.799454,26.10991,28.26736
batch_00650_patch.tiff,patch_4,25.256231,24.467121,25.564295,26.379377,27.523941
batch_00650_patch.tiff,patch_5,26.32009,25.006311,26.454044,25.647215,27.467882
batch_00650_patch.tiff,patch_6,26.245434,24.761992,26.582184,25.83261,27.144358
batch_00650_patch.tiff,patch_7,25.174088,24.622534,25.35504,26.271366,27.592875
batch_00650_patch.tiff,patch_8,25.145485,25.334545,24.785027,27.218987,27.65739
batch_00650_patch.tiff,patch_9,26.302404,24.25388,26.422113,25.95627,27.351362
batch_00650_patch.tiff,patch_10,25.677229,25.091368,25.987984,27.837652,28.515352
batch_00650_patch.tiff,patch_11,24.465197,24.749025,24.739443,26.544212,26.767117
batch_00650_patch.tiff,patch_12,26.32344,25.68356,25.509792,27.098728,28.05356
batch_00650_patch.tiff,patch_13,25.452408,24.709944,25.674212,26.996851,26.822903
batch_00650_patch.tiff,patch_14,25.411976,24.870623,25.589788,27.797688,27.811808
batch_00650_patch.tiff,patch_15,23.859732,23.358303,22.814026,27.440008,26.607586
batch_00650_patch.tiff,patch_16,26.144682,24.4891,25.023653,25.619425,26.98948
batch_00650_patch.tiff,patch_17,25.727673,23.940767,25.804697,25.646091,26.524452
batch_00650_patch.tiff,patch_18,26.077671,23.5335,25.36266,26.733305,27.192638
batch_00650_patch.tiff,patch_19,26.620255,24.051079,27.5362,24.586414,26.686747
batch_00650_patch.tiff,patch_20,24.380013,24.16137,24.819477,26.547834,26.216854
batch_00650_patch.tiff,patch_21,24.10128,24.705706,24.206127,27.984123,27.934011
batch_00650_patch.tiff,patch_22,26.389761,24.418617,24.99521,26.907438,27.744604
batch_00650_patch.tiff,patch_23,25.198164,23.761534,24.88158,25.998432,26.636204
batch_00650_patch.tiff,patch_24,25.276972,25.045883,24.61626,26.70716,27.276
batch_00650_patch.tiff,patch_25,25.296322,24.235144,24.349304,26.950397,27.320192
batch_00650_patch.tiff,patch_26,24.944809,24.879122,25.48147,26.803839,27.295399
batch_00650_patch.tiff,patch_27,25.08404,24.072205,25.379328,26.767088,27.182283
batch_00650_patch.tiff,patch_28,23.596207,23.59736,23.851162,27.410189,27.314032
batch_00650_patch.tiff,patch_29,23.247536,22.685293,23.528862,26.683912,26.049105
batch_00650_patch.tiff,patch_30,26.158627,24.36851,26.208149,26.19424,27.437988
batch_00650_patch.tiff,patch_31,26.43251,25.137945,25.629713,26.899097,27.965818
batch_00650_patch.tiff,patch_32,24.67334,24.428629,23.930914,27.3557,27.852932
batch_00650_patch.tiff,patch_33,26.703705,24.703394,26.141842,25.814789,27.475922
batch_00650_patch.tiff,patch_34,27.218527,24.059362,25.81706,24.186981,27.773905
batch_00650_patch.tiff,patch_35,27.760597,23.988451,26.403536,22.696115,27.006962
batch_00650_patch.tiff,patch_36,24.801874,25.162994,24.164936,27.450499,28.791283
batch_00650_patch.tiff,patch_37,24.868176,26.043472,27.325953,26.484362,27.123392
batch_00650_patch.tiff,patch_38,25.047176,24.934536,26.60879,26.958359,27.94863
batch_00650_patch.tiff,patch_39,25.320408,24.415,25.457302,26.803705,27.337536
batch_00650_patch.tiff,patch_40,24.658857,24.403675,24.861683,27.239645,27.930895
batch_00650_patch.tiff,patch_41,26.580385,24.852112,27.50118,25.070326,27.267712
batch_00650_patch.tiff,patch_42,24.7894,24.214743,25.661716,26.81232,27.32276
batch_00650_patch.tiff,patch_43,24.414398,24.66899,25.929281,25.659988,26.940798
batch_00650_patch.tiff,patch_44,24.903452,24.031345,26.421385,24.886534,26.420494
batch_00650_patch.tiff,patch_45,25.927553,24.6413,28.030212,25.44952,27.299236
batch_00650_patch.tiff,patch_46,26.40382,23.958813,25.770739,25.700062,28.0448
batch_00650_patch.tiff,patch_47,26.740002,23.935701,25.159218,24.446186,27.238997
batch_00650_patch.tiff,patch_48,25.260286,24.354935,24.829006,25.855446,27.178753
batch_00650_patch.tiff,patch_49,24.858341,23.783928,24.45449,27.231771,26.952187
batch_00650_patch.tiff,patch_50,25.705976,23.50701,25.852966,25.176033,26.515297
batch_00650_patch.tiff,patch_51,25.612291,25.29132,27.01608,26.308022,27.680786
batch_00650_patch.tiff,patch_52,25.273335,25.249037,25.574492,27.77407,28.53688
batch_00650_patch.tiff,patch_53,26.105776,23.833344,24.973867,25.552122,27.613726
batch_00650_patch.tiff,patch_54,25.34918,24.421665,25.734386,26.966211,27.950798
batch_00650_patch.tiff,patch_55,25.882965,25.629343,25.104607,26.90316,28.439062
batch_00650_patch.tiff,patch_56,25.545963,24.855022,25.572502,27.029282,27.465643
batch_00650_patch.tiff,patch_57,25.12473,25.320438,26.015608,27.1365,27.704721
batch_00650_patch.tiff,patch_58,24.237404,24.60746,25.30772,25.349707,26.200077
batch_00650_patch.tiff,patch_59,26.112108,24.546455,24.522804,26.829218,28.016684
batch_00650_patch.tiff,patch_60,25.178507,24.443432,24.953224,26.413603,28.091558
batch_00650_patch.tiff,patch_61,25.826374,24.703552,26.548637,25.788269,27.177488
batch_00650_patch.tiff,patch_62,25.656778,23.437027,25.950829,25.122944,26.633156
batch_00650_patch.tiff,patch_63,26.153206,24.25262,24.350048,26.24315,28.096825
batch_00650_patch.tiff,patch_64,25.923561,25.271812,25.627306,26.627811,27.841002
batch_00650_patch.tiff,patch_65,25.851648,23.841576,25.344772,26.58099,27.689203
batch_00650_patch.tiff,patch_66,26.399427,24.705194,25.270937,25.66496,27.794085
batch_00650_patch.tiff,patch_67,24.643932,24.11511,24.467003,26.795948,26.940115
batch_00650_patch.tiff,patch_68,25.33509,24.20849,23.740957,27.2636,27.453905
batch_00650_patch.tiff,patch_69,26.337358,24.798162,25.191345,26.374002,27.326916
batch_00650_patch.tiff,patch_70,26.200563,24.556004,27.108942,25.048307,26.52617
batch_00650_patch.tiff,patch_71,26.01962,24.007774,26.250492,26.459259,28.314274
batch_00650_patch.tiff,patch_72,24.37984,23.503994,23.622704,25.41692,25.65888
batch_00650_patch.tiff,patch_73,26.70472,25.459301,26.617847,26.476494,28.74862
batch_00650_patch.tiff,patch_74,24.95265,24.906881,25.778711,25.088806,26.183376
batch_00650_patch.tiff,patch_75,24.964602,24.099533,25.699831,26.404844,26.992052
batch_00650_patch.tiff,patch_76,26.021608,24.555424,24.240662,25.696371,27.602034
batch_00650_patch.tiff,patch_77,25.14838,24.016659,24.18675,26.082123,27.071785
batch_00650_patch.tiff,patch_78,26.04387,25.187647,27.252752,25.827473,27.627686
batch_00650_patch.tiff,patch_79,25.769726,23.841778,24.042152,25.911058,27.118868
batch_00650_patch.tiff,patch_80,24.154129,23.784737,22.928484,26.10377,26.3319
batch_00650_patch.tiff,patch_81,26.126623,25.124502,26.115019,26.924995,28.132761
batch_00650_patch.tiff,patch_82,25.187098,24.807602,25.388975,25.946909,27.08981
batch_00650_patch.tiff,patch_83,24.510506,24.873508,25.05085,26.730541,27.04
batch_00650_patch.tiff,patch_84,24.988161,24.643297,25.025248,27.381483,27.565615
batch_00650_patch.tiff,patch_85,26.360197,24.91132,25.815533,27.164457,27.724493
batch_00650_patch.tiff,patch_86,24.625113,24.383718,24.65173,27.046764,26.615381
batch_00650_patch.tiff,patch_87,23.629244,23.227592,23.812408,27.5787,27.01028
batch_00650_patch.tiff,patch_88,24.329134,24.437418,24.367727,27.87116,28.316387
batch_00650_patch.tiff,patch_89,26.56002,25.404142,24.73425,27.030527,28.26304
batch_00650_patch.tiff,patch_90,25.490002,25.044952,25.446402,27.254637,28.54217
batch_00650_patch.tiff,patch_91,24.220158,24.259832,24.711124,26.393063,26.68215
batch_00650_patch.tiff,patch_92,26.52305,24.613882,26.194519,26.749332,27.938862
batch_00650_patch.tiff,patch_93,23.813406,23.698942,24.003101,27.662695,27.124065
batch_00650_patch.tiff,patch_94,25.147337,24.2717,24.806604,27.250216,27.217869
batch_00650_patch.tiff,patch_95,26.12894,25.13701,26.065105,27.218952,28.513254
batch_00650_patch.tiff,patch_96,24.338928,23.614935,24.212692,26.745083,26.811045
batch_00650_patch.tiff,patch_97,25.615845,25.774878,26.13366,26.780956,27.795809
batch_00650_patch.tiff,patch_98,25.654264,25.301512,25.9241,26.909355,27.555649
batch_00650_patch.tiff,patch_99,26.290632,24.924835,26.532799,28.185833,28.42647
batch_00650_patch.tiff,patch_100,25.672281,24.227768,24.947569,27.292501,27.810514
batch_00650_patch.tiff,patch_101,26.595457,24.515448,26.906916,25.126547,27.579285
batch_00650_patch.tiff,patch_102,25.171957,24.4933,24.244516,27.127378,27.093735
batch_00650_patch.tiff,patch_103,26.329311,24.423456,26.772373,24.943937,26.52434
batch_00650_patch.tiff,patch_104,25.920494,24.753023,25.823078,27.740032,27.93433
batch_00650_patch.tiff,patch_105,26.80793,24.836905,26.496601,26.386124,27.807552
batch_00650_patch.tiff,patch_106,25.685755,24.96516,25.884388,25.772524,27.056957
batch_00650_patch.tiff,patch_107,25.556927,24.438494,25.69018,27.67576,28.325285
batch_00650_patch.tiff,patch_108,25.954405,24.538708,25.201279,27.26841,27.305145
batch_00650_patch.tiff,patch_109,25.951174,25.168705,25.894606,26.248995,27.121994
batch_00650_patch.tiff,patch_110,25.144386,24.577435,24.887888,26.82897,26.72734
batch_00650_patch.tiff,patch_111,25.841572,24.08469,27.240948,25.04998,27.073921
batch_00650_patch.tiff,patch_112,25.661865,24.52224,25.332275,26.099379,27.386898
batch_00650_patch.tiff,patch_113,25.429432,25.29524,27.441366,26.846895,27.409485
batch_00650_patch.tiff,patch_114,25.811146,24.529049,25.61301,26.270226,27.824572
batch_00650_patch.tiff,patch_115,25.74047,24.366846,25.407574,28.314339,28.362267
batch_00650_patch.tiff,patch_116,25.607777,24.704414,25.929836,26.765018,27.846043
batch_00650_patch.tiff,patch_117,26.520096,24.775385,25.60606,26.492783,27.595108
batch_00650_patch.tiff,patch_118,26.599373,23.889647,26.413195,25.57006,27.467417
batch_00650_patch.tiff,patch_119,25.532215,24.22745,25.115381,25.535955,26.443466
batch_00650_patch.tiff,patch_120,25.161884,24.777487,25.84264,26.49517,27.512989
batch_00650_patch.tiff,patch_121,25.703775,25.522594,26.431273,27.001455,28.068436
batch_00650_patch.tiff,patch_122,24.07322,23.821737,23.847336,27.15505,26.477993
batch_00650_patch.tiff,patch_123,24.445559,24.545832,24.29139,25.938148,27.40226
batch_00650_patch.tiff,patch_124,26.154211,24.547762,24.74505,26.454107,27.927551
batch_00650_patch.tiff,patch_125,26.784807,24.132053,26.558044,24.119673,27.297594
batch_00650_patch.tiff,patch_126,25.704153,24.987066,26.29955,27.495092,28.135468
batch_00650_patch.tiff,patch_127,25.626173,24.39679,24.637323,27.183512,27.487345
batch_00650_patch.tiff,patch_128,26.49055,25.147255,26.157934,25.9429,27.575344
batch_00650_patch.tiff,patch_129,25.48995,24.147438,25.968649,28.047142,27.658722
batch_00650_patch.tiff,patch_130,24.23136,23.684404,24.552872,25.732777,26.162373
batch_00650_patch.tiff,patch_131,23.458256,23.358414,24.044558,27.484556,26.510447
batch_00650_patch.tiff,patch_132,26.680426,23.95174,24.30976,24.845633,27.305035
batch_00650_patch.tiff,patch_133,26.258997,24.542744,24.729134,24.677889,27.417019
batch_00650_patch.tiff,patch_134,25.42338,23.606379,25.486496,26.191437,26.827723
batch_00650_patch.tiff,patch_135,26.26739,23.999538,25.910194,25.74308,26.739004
batch_00650_patch.tiff,patch_136,24.471397,24.353718,24.27677,24.30439,25.464725
batch_00650_patch.tiff,patch_137,26.620049,23.377888,25.745481,24.391855,26.456608
batch_00650_patch.tiff,patch_138,26.3111,24.308592,26.127163,25.973852,28.323254
batch_00650_patch.tiff,patch_139,25.17122,24.131525,24.510832,27.306036,26.945059
batch_00650_patch.tiff,patch_140,25.014843,24.703066,25.804916,28.304434,28.005945
batch_00650_patch.tiff,patch_141,25.500599,24.638414,26.481495,25.890732,27.456015
batch_00650_patch.tiff,patch_142,26.077719,24.770119,27.074738,26.026884,27.558672
batch_00650_patch.tiff,patch_143,25.287188,24.529062,24.784037,26.547434,27.279121
batch_00650_patch.tiff,patch_144,25.13413,24.771088,25.580944,27.629816,28.092691
batch_00650_patch.tiff,patch_145,23.61402,23.831787,24.706615,26.466671,27.185755
batch_00650_patch.tiff,patch_146,24.243246,24.471281,26.018518,24.69302,25.935896
batch_00650_patch.tiff,patch_147,25.689674,25.249151,26.19902,27.605774,28.305838
batch_00650_patch.tiff,patch_148,26.226809,24.301777,24.715956,26.39496,27.464653
batch_00700_patch.tiff,patch_0,24.169569,24.208038,23.477482,27.845442,27.500477
batch_00700_patch.tiff,patch_1,24.939934,24.848167,25.210138,27.996254,27.807165
batch_00700_patch.tiff,patch_2,26.430933,24.592594,25.878696,26.786858,28.078524
batch_00700_patch.tiff,patch_3,26.520796,25.212954,26.200357,25.67903,27.991934
batch_00700_patch.tiff,patch_4,25.164534,25.375242,25.695002,27.73168,28.014347
batch_00700_patch.tiff,patch_5,26.339506,25.438066,25.575434,25.942839,27.818663
batch_00700_patch.tiff,patch_6,26.76498,23.798265,26.44797,24.151506,26.45429
batch_00700_patch.tiff,patch_7,26.14056,25.07546,25.274588,26.703337,28.59412
batch_00700_patch.tiff,patch_8,25.304802,24.428648,23.993137,26.862917,27.750248
batch_00700_patch.tiff,patch_9,26.819235,25.416405,27.079214,25.751234,28.161177
batch_00700_patch.tiff,patch_10,25.965818,24.787134,24.873783,26.886637,28.119406
batch_00700_patch.tiff,patch_11,25.016726,24.72745,25.118454,26.87538,27.586245
batch_00700_patch.tiff,patch_12,24.681103,24.353464,24.75023,27.200523,27.388035
batch_00700_patch.tiff,patch_13,26.385794,25.057934,26.879936,26.0377,27.868248
batch_00700_patch.tiff,patch_14,25.80544,24.225304,25.08384,25.692707,26.905167
batch_00700_patch.tiff,patch_15,26.282917,25.61187,25.87794,26.444902,28.403286
batch_00700_patch.tiff,patch_16,24.906452,24.966328,25.078823,28.459936,28.62032
batch_00700_patch.tiff,patch_17,26.496582,24.60836,26.548817,24.588856,26.797903
batch_00700_patch.tiff,patch_18,26.208313,23.960264,26.968246,24.457275,27.322409
batch_00700_patch.tiff,patch_19,24.259493,24.2546,23.807213,28.33345,28.269613
batch_00700_patch.tiff,patch_20,26.060804,24.915598,25.5166,26.068747,28.30961
batch_00700_patch.tiff,patch_21,25.602388,25.026627,26.087915,27.26523,28.1426
batch_00700_patch.tiff,patch_22,25.89065,25.26123,25.373152,27.17764,27.613806
batch_00700_patch.tiff,patch_23,24.204306,24.411482,23.892885,27.63115,27.863192
batch_00700_patch.tiff,patch_24,25.70441,24.805895,25.934937,27.219227,28.10982
batch_00700_patch.tiff,patch_25,24.768234,25.380262,25.459333,26.681995,27.85239
batch_00700_patch.tiff,patch_26,25.451147,24.869522,25.646908,26.067106,26.478842
batch_00700_patch.tiff,patch_27,25.65661,24.752459,25.677105,26.73257,27.453876
batch_00700_patch.tiff,patch_28,25.505386,24.663803,26.15456,26.574436,27.736399
batch_00700_patch.tiff,patch_29,25.060148,24.209164,24.998861,26.525158,27.237608
batch_00700_patch.tiff,patch_30,24.238512,24.212458,23.620478,28.213129,27.465332
batch_00700_patch.tiff,patch_31,25.620451,24.832396,26.845753,26.775618,27.9385
batch_00700_patch.tiff,patch_32,25.3669,24.70652,25.265844,26.744974,27.594751
batch_00700_patch.tiff,patch_33,25.378496,25.379068,25.960482,26.158339,26.79476
batch_00700_patch.tiff,patch_34,24.438993,24.288113,25.079405,26.95227,26.907406
batch_00700_patch.tiff,patch_35,25.526716,25.198324,25.95171,27.501568,27.995396
batch_00700_patch.tiff,patch_36,25.427078,24.568136,24.668413,27.737194,27.32384
batch_00700_patch.tiff,patch_37,25.272764,24.052387,24.312773,26.619293,26.75918
batch_00700_patch.tiff,patch_38,25.494562,24.038754,25.513239,25.60382,27.795616
batch_00700_patch.tiff,patch_39,26.788782,25.045553,26.460327,26.031286,27.78951
batch_00700_patch.tiff,patch_40,23.548424,23.344723,22.821392,27.303312,26.551348
batch_00700_patch.tiff,patch_41,26.519209,24.808226,24.73909,26.88315,28.183224
batch_00700_patch.tiff,patch_42,25.693764,24.201672,25.149569,25.824902,27.304926
batch_00700_patch.tiff,patch_43,25.567707,24.999292,25.589071,27.565739,28.197054
batch_00700_patch.tiff,patch_44,25.251312,24.690641,24.267273,27.51274,28.400036
batch_00700_patch.tiff,patch_45,25.244184,24.616732,24.695,26.976685,27.698778
batch_00700_patch.tiff,patch_46,24.717566,24.26098,24.207668,27.71669,28.076508
batch_00700_patch.tiff,patch_47,25.094969,23.385296,26.446178,24.82456,26.378668
batch_00700_patch.tiff,patch_48,25.796778,23.753368,25.951218,24.2209,25.9129
batch_00700_patch.tiff,patch_49,24.432386,24.076963,23.698376,26.814783,27.753576
batch_00700_patch.tiff,patch_50,26.693758,23.763487,25.36635,25.902235,27.215477
batch_00700_patch.tiff,patch_51,25.963755,25.178082,26.305593,26.772373,27.616407
batch_00700_patch.tiff,patch_52,25.067883,24.374142,26.071188,27.552263,27.208231
batch_00700_patch.tiff,patch_53,26.43088,24.56899,25.346561,26.347584,27.339952
batch_00700_patch.tiff,patch_54,24.982855,23.900288,24.303099,26.401777,27.259718
batch_00700_patch.tiff,patch_55,24.704254,24.583944,24.323076,27.261862,28.209547
batch_00700_patch.tiff,patch_56,25.809212,24.561272,25.661072,26.46077,27.845716
batch_00700_patch.tiff,patch_57,24.534098,23.931913,23.501736,27.296926,27.078985
batch_00700_patch.tiff,patch_58,24.293669,24.285614,25.015419,25.96216,26.691362
batch_00700_patch.tiff,patch_59,25.795109,24.372005,25.629435,26.449976,27.294874
batch_00700_patch.tiff,patch_60,24.626385,24.873783,24.820015,27.193378,26.628563
batch_00700_patch.tiff,patch_61,24.953455,24.232994,24.75701,27.149956,27.139359
batch_00700_patch.tiff,patch_62,25.66072,24.354774,24.498106,26.288858,27.806206
batch_00700_patch.tiff,patch_63,26.322254,24.275394,26.497448,25.385195,26.699171
batch_00700_patch.tiff,patch_64,25.454584,25.064615,26.290909,26.73728,27.161139
batch_00700_patch.tiff,patch_65,25.384972,24.043825,23.93444,26.356148,27.818914
batch_00700_patch.tiff,patch_66,26.652235,25.510954,24.656204,25.869205,28.727297
batch_00700_patch.tiff,patch_67,25.470709,24.188417,24.700373,27.30574,27.452267
batch_00700_patch.tiff,patch_68,25.675203,24.298622,25.382694,26.492645,27.45504
batch_00700_patch.tiff,patch_69,26.228268,25.036034,24.76479,26.643896,27.699951
batch_00700_patch.tiff,patch_70,26.962767,24.560886,24.742561,25.845875,27.320738
batch_00700_patch.tiff,patch_71,26.088518,24.995615,25.632166,27.306635,27.991745
batch_00700_patch.tiff,patch_72,25.351507,25.06433,25.62931,26.470953,27.138384
batch_00700_patch.tiff,patch_73,25.11532,25.101027,24.372643,27.367823,28.250513
batch_00700_patch.tiff,patch_74,24.346123,23.39482,23.989569,27.782825,26.955112
batch_00700_patch.tiff,patch_75,25.537525,24.479324,25.041903,26.867676,27.671883
batch_00700_patch.tiff,patch_76,24.513401,23.574202,23.564898,26.872292,27.091492
batch_00700_patch.tiff,patch_77,24.19559,24.37488,23.840498,26.697287,27.976345
batch_00700_patch.tiff,patch_78,27.054932,24.330585,25.868149,25.35781,27.499039
batch_00700_patch.tiff,patch_79,26.31373,24.774477,25.503443,25.6433,27.658833
batch_00700_patch.tiff,patch_80,25.58473,25.286278,27.576445,27.195314,27.85833
batch_00700_patch.tiff,patch_81,27.239445,24.755651,27.153194,25.96677,27.55405
batch_00700_patch.tiff,patch_82,24.889994,23.899515,23.422913,27.65075,26.458761
batch_00700_patch.tiff,patch_83,25.305616,25.179514,25.609337,26.634651,26.450497
batch_00700_patch.tiff,patch_84,25.157465,24.436253,26.016577,25.92549,26.883558
batch_00700_patch.tiff,patch_85,26.529604,24.629534,26.153255,26.712767,27.84732
batch_00700_patch.tiff,patch_86,25.792585,24.845213,25.435373,26.471571,27.027237
batch_00700_patch.tiff,patch_87,25.483297,25.292593,25.894321,27.120068,28.297098
batch_00700_patch.tiff,patch_88,25.57868,24.80506,25.982767,27.537706,27.86663
batch_00700_patch.tiff,patch_89,24.261417,24.757168,24.525492,26.678589,27.78762
batch_00700_patch.tiff,patch_90,25.125496,25.838095,26.473625,26.025167,26.525848
batch_00700_patch.tiff,patch_91,25.465103,24.698544,25.382137,27.91413,27.87865
batch_00700_patch.tiff,patch_92,26.49696,24.664371,25.574183,26.42571,27.473404
batch_00700_patch.tiff,patch_93,25.776617,24.374485,25.308104,26.732315,27.411333
batch_00700_patch.tiff,patch_94,25.88036,25.25754,26.2634,26.766972,27.819937
batch_00700_patch.tiff,patch_95,24.08095,23.880455,24.11118,27.653614,27.284327
batch_00700_patch.tiff,patch_96,24.362518,24.22788,23.901806,27.176657,26.772377
batch_00700_patch.tiff,patch_97,27.182507,24.675207,25.343336,24.270073,27.140095
batch_00700_patch.tiff,patch_98,26.417746,24.50537,25.72746,25.41444,27.669014
batch_00700_patch.tiff,patch_99,25.093924,24.819517,25.194262,28.290155,28.107103
batch_00700_patch.tiff,patch_100,26.273678,25.447397,25.689323,27.34775,28.191195
batch_00700_patch.tiff,patch_101,26.474699,24.652336,25.630913,25.615528,26.868103
batch_00700_patch.tiff,patch_102,26.098372,23.733202,25.962229,25.731178,25.829096
batch_00700_patch.tiff,patch_103,25.128616,25.24329,25.119165,27.796412,28.425528
batch_00700_patch.tiff,patch_104,25.390665,24.619541,24.614725,27.34402,27.753653
batch_00700_patch.tiff,patch_105,24.547567,24.03496,25.330296,25.724186,26.351074
batch_00700_patch.tiff,patch_106,25.497349,24.689547,25.441446,26.764833,28.023134
batch_00700_patch.tiff,patch_107,26.142668,23.961948,25.692713,23.79373,26.701378
batch_00700_patch.tiff,patch_108,27.37996,24.452198,25.758694,25.606192,27.720802
batch_00700_patch.tiff,patch_109,25.45326,24.898422,26.678484,25.689495,26.95917
batch_00700_patch.tiff,patch_110,25.37488,24.643007,25.621323,26.49309,27.985376
batch_00700_patch.tiff,patch_111,25.26303,24.347178,24.773664,25.929556,26.753717
batch_00700_patch.tiff,patch_112,26.3877,24.643236,25.455482,26.005384,27.699984
batch_00700_patch.tiff,patch_113,26.654516,25.161598,26.261667,25.791466,26.682001
batch_00700_patch.tiff,patch_114,26.199741,25.463554,26.178137,26.177364,27.77597
batch_00700_patch.tiff,patch_115,25.73901,24.123865,24.859058,26.364248,26.964388
batch_00700_patch.tiff,patch_116,25.224615,24.986792,25.172846,26.427233,27.943773
batch_00700_patch.tiff,patch_117,25.197216,24.417143,26.754719,25.818796,26.63279
batch_00700_patch.tiff,patch_118,25.70206,23.579227,25.269989,26.302319,26.920101
batch_00700_patch.tiff,patch_119,24.88487,23.690445,24.953611,26.56047,26.959831
batch_00700_patch.tiff,patch_120,25.147789,24.733213,24.58364,26.603971,27.292486
batch_00700_patch.tiff,patch_121,25.795338,24.914345,25.173662,27.058958,28.157148
batch_00700_patch.tiff,patch_122,25.268587,24.047955,25.260338,26.501537,27.119669
batch_00700_patch.tiff,patch_123,25.306936,24.050406,25.063766,26.339933,27.087559
batch_00700_patch.tiff,patch_124,26.376421,24.870365,27.785059,25.510565,27.636934
batch_00700_patch.tiff,patch_125,25.990454,24.786264,26.547176,26.426062,27.778894
batch_00700_patch.tiff,patch_126,25.718592,24.122242,25.363857,26.505852,26.104116
batch_00700_patch.tiff,patch_127,25.269386,23.9487,25.518301,25.43012,26.536499
batch_00700_patch.tiff,patch_128,24.9599,23.67536,24.921928,25.210135,26.491804
batch_00700_patch.tiff,patch_129,25.44087,23.75099,25.725288,25.000795,26.860064
batch_00700_patch.tiff,patch_130,24.648539,23.913012,25.88791,26.162746,27.384176
batch_00700_patch.tiff,patch_131,24.98186,24.432207,25.219776,25.260897,27.134182
batch_00700_patch.tiff,patch_132,23.093493,23.088243,22.96203,27.371851,27.021929
batch_00700_patch.tiff,patch_133,25.00466,24.47112,24.423729,27.833883,28.098995
batch_00700_patch.tiff,patch_134,25.701057,24.46769,24.798037,26.692213,26.868032
batch_00700_patch.tiff,patch_135,25.441427,24.983137,26.47781,26.39973,28.027212
batch_00700_patch.tiff,patch_136,26.091658,24.914711,26.826681,26.53761,27.92311
batch_00700_patch.tiff,patch_137,25.361465,23.873493,25.289776,25.213589,26.68618
batch_00700_patch.tiff,patch_138,24.70066,24.2202,24.43147,26.350445,26.841034
batch_00700_patch.tiff,patch_139,24.68049,24.639853,25.24932,27.589567,26.842615
batch_00700_patch.tiff,patch_140,24.654926,24.492,24.235424,24.520464,25.489946
batch_00700_patch.tiff,patch_141,25.786692,24.863068,25.808271,25.391867,27.85468
batch_00700_patch.tiff,patch_142,25.328867,24.085941,23.82266,27.651815,27.620125
batch_00750_patch.tiff,patch_0,25.574894,24.534851,25.420013,26.172853,27.241964
batch_00750_patch.tiff,patch_1,23.384584,23.231825,22.440619,27.920822,26.312222
batch_00750_patch.tiff,patch_2,25.469915,24.775906,26.239536,26.762194,27.986952
batch_00750_patch.tiff,patch_3,25.124022,24.427412,24.75369,27.383816,27.997837
batch_00750_patch.tiff,patch_4,24.609081,24.346151,25.288235,26.72024,27.606136
batch_00750_patch.tiff,patch_5,25.189058,24.226215,25.62218,25.913492,27.173298
batch_00750_patch.tiff,patch_6,25.425446,24.370295,26.180578,26.555428,27.771301
batch_00750_patch.tiff,patch_7,24.459595,23.937832,24.539606,27.552534,27.469494
batch_00750_patch.tiff,patch_8,23.940243,23.659084,24.151924,27.128313,27.015364
batch_00750_patch.tiff,patch_9,25.895142,24.87595,26.736044,26.717968,28.142698
batch_00750_patch.tiff,patch_10,25.25347,25.278389,26.864635,27.282093,27.982227
batch_00750_patch.tiff,patch_11,24.15821,23.45194,24.072779,26.896305,26.861477
batch_00750_patch.tiff,patch_12,26.109222,25.09282,25.466394,26.845495,27.6815
batch_00750_patch.tiff,patch_13,27.858803,25.346394,27.541784,25.072927,27.694504
batch_00750_patch.tiff,patch_14,25.69763,24.706842,24.735952,27.614782,27.803839
batch_00750_patch.tiff,patch_15,25.199444,24.534626,25.022902,27.619518,28.400368
batch_00750_patch.tiff,patch_16,26.166216,23.386688,27.173172,24.249893,26.021368
batch_00750_patch.tiff,patch_17,26.484686,23.757929,26.109684,25.14965,25.996168
batch_00750_patch.tiff,patch_18,25.052696,23.67202,23.299833,27.41548,27.613834
batch_00750_patch.tiff,patch_19,25.961159,24.386023,25.727848,25.929659,27.355925
batch_00750_patch.tiff,patch_20,27.117369,24.051071,27.526682,24.197569,26.993214
batch_00750_patch.tiff,patch_21,24.492292,24.694279,23.22574,27.272627,28.746635
batch_00750_patch.tiff,patch_22,24.588923,24.172188,25.177784,25.933872,27.196459
batch_00750_patch.tiff,patch_23,25.34101,23.362265,25.784138,26.159468,25.866566
batch_00750_patch.tiff,patch_24,25.941633,23.748522,26.560074,25.206573,25.952793
batch_00750_patch.tiff,patch_25,24.592978,23.943161,22.746004,27.007614,27.28118
batch_00750_patch.tiff,patch_26,25.663805,25.007715,25.44007,27.034996,28.652132
batch_00750_patch.tiff,patch_27,23.968779,24.149887,24.487585,27.352013,27.691452
batch_00750_patch.tiff,patch_28,25.784805,24.667942,24.069815,27.718727,27.880135
batch_00750_patch.tiff,patch_29,24.411291,24.006525,23.216213,27.53836,26.947994
batch_00750_patch.tiff,patch_30,26.154264,24.191557,25.313326,26.002777,27.69946
batch_00750_patch.tiff,patch_31,25.9603,23.468807,26.292759,24.545485,26.466032
batch_00750_patch.tiff,patch_32,24.062634,24.095417,23.00793,28.094555,27.183636
batch_00750_patch.tiff,patch_33,24.70461,24.259808,24.287405,28.259138,27.403996
batch_00750_patch.tiff,patch_34,24.99787,24.763924,24.784319,27.028835,28.82096
batch_00750_patch.tiff,patch_35,25.226816,24.692862,24.646345,26.54992,28.427265
batch_00750_patch.tiff,patch_36,25.672531,24.73559,25.02172,26.535069,27.88861
batch_00750_patch.tiff,patch_37,26.603096,24.891447,25.254944,27.364992,28.385109
batch_00750_patch.tiff,patch_38,24.99044,24.401373,25.035984,26.699324,27.988142
batch_00750_patch.tiff,patch_39,23.951168,23.231998,24.220118,25.951437,26.124987
batch_00750_patch.tiff,patch_40,25.478727,23.51974,26.012375,24.89501,26.88577
batch_00750_patch.tiff,patch_41,24.53196,23.46643,24.319798,26.622873,26.865705
batch_00750_patch.tiff,patch_42,25.121492,23.954481,24.065664,26.606628,27.114296
batch_00750_patch.tiff,patch_43,25.209185,24.376123,24.978855,25.889093,27.463125
batch_00750_patch.tiff,patch_44,26.23132,23.804636,25.031353,25.988235,27.28678
batch_00750_patch.tiff,patch_45,23.986992,23.362904,23.531548,27.272333,27.152704
batch_00750_patch.tiff,patch_46,26.78801,24.675701,25.378654,26.023207,27.254427
batch_00750_patch.tiff,patch_47,25.601425,24.788124,24.839506,25.82792,28.155539
batch_00750_patch.tiff,patch_48,25.466303,25.361696,26.132128,27.740114,28.420605
batch_00750_patch.tiff,patch_49,23.494474,23.326786,22.964334,27.56011,26.976858
batch_00750_patch.tiff,patch_50,24.332998,24.409191,23.921772,27.979458,27.901806
batch_00750_patch.tiff,patch_51,24.983696,24.456322,23.823862,26.916433,27.27762
batch_00750_patch.tiff,patch_52,25.243383,24.177711,24.145443,27.17752,28.047626
batch_00750_patch.tiff,patch_53,24.793684,24.052572,23.627306,27.719799,28.183725
batch_00750_patch.tiff,patch_54,25.954016,23.723207,25.911903,24.602299,26.006521
batch_00750_patch.tiff,patch_55,24.687605,25.049135,25.776766,27.001535,28.143526
batch_00750_patch.tiff,patch_56,25.663437,25.011646,26.276873,26.704252,28.405172
batch_00750_patch.tiff,patch_57,23.645626,24.232986,23.905954,27.432705,27.461473
batch_00750_patch.tiff,patch_58,23.528437,23.80304,23.379612,27.269972,27.138842
batch_00750_patch.tiff,patch_59,25.727713,24.639864,25.521616,26.50226,27.394102
batch_00750_patch.tiff,patch_60,24.859436,24.15026,23.698317,26.949226,27.582674
batch_00750_patch.tiff,patch_61,26.156548,24.734129,24.523733,26.406282,27.75273
batch_00750_patch.tiff,patch_62,26.123247,23.58315,25.808445,25.123743,26.73222
batch_00750_patch.tiff,patch_63,23.200714,23.62535,22.699135,28.552567,27.440365
batch_00750_patch.tiff,patch_64,22.635452,23.11902,22.967768,27.44084,26.910044
batch_00750_patch.tiff,patch_65,24.928991,24.337067,26.61501,27.302193,27.83949
batch_00750_patch.tiff,patch_66,24.036016,24.129223,23.811653,27.253046,28.220152
batch_00750_patch.tiff,patch_67,26.46831,25.121937,25.492104,26.133131,27.874126
batch_00750_patch.tiff,patch_68,23.266582,22.731606,22.966816,27.167751,26.71725
batch_00750_patch.tiff,patch_69,24.149645,23.483433,23.806581,27.261686,27.192715
batch_00750_patch.tiff,patch_70,24.954197,24.32721,25.383608,27.028606,27.39298
batch_00750_patch.tiff,patch_71,26.089529,24.670305,25.48712,25.709682,27.61418
batch_00750_patch.tiff,patch_72,26.27977,25.72234,26.422953,26.56998,27.86184
batch_00750_patch.tiff,patch_73,24.718702,24.32016,24.868082,26.919056,28.308472
batch_00750_patch.tiff,patch_74,26.019165,23.953857,25.189697,25.487864,27.816067
batch_00750_patch.tiff,patch_75,24.972393,23.95196,25.09478,26.763758,27.663885
batch_00750_patch.tiff,patch_76,25.417656,24.069574,24.442083,25.85294,27.60249
batch_00750_patch.tiff,patch_77,25.388624,24.878063,26.251598,26.594341,27.735245
batch_00750_patch.tiff,patch_78,25.22611,24.250824,26.210524,26.175776,27.264688
batch_00750_patch.tiff,patch_79,25.377947,24.60704,25.3657,26.501902,28.979824
batch_00750_patch.tiff,patch_80,25.764574,24.994656,26.813837,25.901735,28.366535
batch_00750_patch.tiff,patch_81,26.603155,25.301802,26.820341,26.644083,28.080263
batch_00750_patch.tiff,patch_82,26.023561,24.607126,26.171638,26.970509,27.955818
batch_00750_patch.tiff,patch_83,26.001049,24.956842,25.829489,26.395437,27.806437
batch_00750_patch.tiff,patch_84,24.294874,23.997288,23.108976,27.97292,27.264074
batch_00750_patch.tiff,patch_85,25.820158,24.752645,25.727581,26.4557,27.98024
batch_00750_patch.tiff,patch_86,24.951342,24.647238,24.314869,27.774466,28.392534
batch_00750_patch.tiff,patch_87,27.93884,23.905746,26.380877,23.752686,26.68343
batch_00750_patch.tiff,patch_88,26.425306,25.15315,26.459969,27.864365,28.107319
batch_00750_patch.tiff,patch_89,24.853054,25.249413,26.349768,27.594933,28.157423
batch_00750_patch.tiff,patch_90,24.295908,23.956627,23.923971,27.311317,27.497007
batch_00750_patch.tiff,patch_91,23.294235,23.00487,21.795572,27.626637,26.422646
batch_00750_patch.tiff,patch_92,25.747274,25.01323,26.04382,27.251793,27.80043
batch_00750_patch.tiff,patch_93,25.274412,24.861423,26.50577,28.30448,28.796318
batch_00750_patch.tiff,patch_94,25.222387,23.568005,26.057909,25.288864,27.12793
batch_00750_patch.tiff,patch_95,26.764936,23.990116,26.594362,25.34486,27.15484
batch_00750_patch.tiff,patch_96,25.76656,24.136818,26.641657,26.888153,27.422861
batch_00750_patch.tiff,patch_97,26.867977,25.207859,25.049671,26.58746,27.726463
batch_00750_patch.tiff,patch_98,25.546774,24.338123,25.517284,26.540272,27.344042
batch_00750_patch.tiff,patch_99,26.093718,23.61654,26.170624,24.09038,26.154287
batch_00750_patch.tiff,patch_100,25.423223,24.071901,24.606663,26.564285,27.691097
batch_00750_patch.tiff,patch_101,26.066866,25.154783,25.352688,26.203552,27.946894
batch_00750_patch.tiff,patch_102,26.028025,24.507364,26.226675,25.262434,27.048054
batch_00750_patch.tiff,patch_103,24.398409,23.653412,25.06242,28.459158,27.188833
batch_00800_patch.tiff,patch_0,26.572756,24.69374,25.765312,26.446423,28.562544
batch_00800_patch.tiff,patch_1,25.003016,24.412539,26.084404,27.561207,28.50813
batch_00800_patch.tiff,patch_2,25.910738,24.513836,25.053215,26.457375,27.210258
batch_00800_patch.tiff,patch_3,25.696075,24.023056,26.237972,25.770939,26.656673
batch_00800_patch.tiff,patch_4,25.922962,25.008745,25.897186,27.30123,27.579132
batch_00800_patch.tiff,patch_5,26.733852,24.370552,27.009195,24.940487,27.814577
batch_00800_patch.tiff,patch_6,26.40498,24.513533,25.677029,26.800842,28.118664
batch_00800_patch.tiff,patch_7,26.135847,24.446299,25.208288,26.467604,27.70363
batch_00800_patch.tiff,patch_8,24.41335,24.024364,24.821598,27.448658,27.380064
batch_00800_patch.tiff,patch_9,24.36245,24.110418,24.538288,27.772955,27.421064
batch_00800_patch.tiff,patch_10,25.508535,24.531767,25.051292,26.383749,26.946674
batch_00800_patch.tiff,patch_11,24.745922,24.697914,26.009123,26.46284,26.960909
batch_00800_patch.tiff,patch_12,25.593588,23.811176,26.020748,24.944311,26.210985
batch_00800_patch.tiff,patch_13,24.291647,23.680817,22.82485,28.312584,27.48506
batch_00800_patch.tiff,patch_14,25.30186,24.96799,25.743683,27.055223,28.286777
batch_00800_patch.tiff,patch_15,26.212297,24.904963,25.166927,26.336477,28.086588
batch_00800_patch.tiff,patch_16,24.687471,24.97645,24.372124,27.269209,27.569714
batch_00800_patch.tiff,patch_17,25.626709,25.099405,25.611061,26.833656,27.630014
batch_00800_patch.tiff,patch_18,25.601572,24.52847,25.686888,26.852514,27.751919
batch_00800_patch.tiff,patch_19,25.31192,24.08898,25.909061,26.02251,26.815758
batch_00800_patch.tiff,patch_20,25.391697,23.246183,25.49397,25.664988,25.838337
batch_00800_patch.tiff,patch_21,25.613895,24.589558,24.504318,27.941004,27.561201
batch_00800_patch.tiff,patch_22,25.865921,23.94422,27.070438,26.205431,26.838322
batch_00800_patch.tiff,patch_23,24.566208,23.821936,25.214441,26.375355,27.188892
batch_00800_patch.tiff,patch_24,24.196196,23.751455,25.012325,25.8417,26.540447
batch_00800_patch.tiff,patch_25,25.005875,23.726414,26.198263,25.015554,26.300318
batch_00800_patch.tiff,patch_26,26.798172,24.347666,26.564817,25.199728,27.570799
batch_00800_patch.tiff,patch_27,25.806147,24.60381,25.701563,25.892384,26.957514
batch_00800_patch.tiff,patch_28,25.82323,25.485548,26.227755,26.463642,28.132708
batch_00800_patch.tiff,patch_29,25.57297,24.632936,25.347342,27.474485,28.250847
batch_00800_patch.tiff,patch_30,24.78088,24.454716,23.731838,29.445904,28.407518
batch_00800_patch.tiff,patch_31,25.821953,24.858715,24.772804,27.471554,27.285635
batch_00800_patch.tiff,patch_32,25.561426,24.57781,25.39997,27.425673,27.699207
batch_00800_patch.tiff,patch_33,26.47385,25.078209,26.115982,27.033728,28.043793
batch_00800_patch.tiff,patch_34,25.823816,24.352621,24.328825,27.153675,27.951044
batch_00800_patch.tiff,patch_35,25.46191,25.321169,26.022846,28.033642,28.627974
batch_00800_patch.tiff,patch_36,25.3648,24.04882,24.528902,25.816236,27.04236
batch_00800_patch.tiff,patch_37,23.624949,23.28903,24.01512,26.68201,26.388823
batch_00800_patch.tiff,patch_38,26.39068,24.880144,26.09926,26.117962,26.5596
batch_00800_patch.tiff,patch_39,25.050608,24.108496,25.24049,28.742178,27.95531
batch_00800_patch.tiff,patch_40,25.682405,24.03384,25.851898,25.747784,27.378132
batch_00800_patch.tiff,patch_41,25.19065,24.7435,25.633028,26.479774,27.700378
batch_00800_patch.tiff,patch_42,24.975103,24.899025,25.481632,28.202074,27.725977
batch_00800_patch.tiff,patch_43,25.357737,24.88614,26.511904,26.571327,28.00919
batch_00800_patch.tiff,patch_44,25.626999,25.551182,26.651222,26.940918,28.052198
batch_00800_patch.tiff,patch_45,24.658628,23.994959,24.921165,26.635963,26.535748
batch_00800_patch.tiff,patch_46,26.405266,25.334646,25.89843,26.891958,27.565279
batch_00800_patch.tiff,patch_47,25.436632,24.443878,25.188148,27.531803,28.335093
batch_00800_patch.tiff,patch_48,25.948097,24.747448,24.978296,27.815666,28.078999
batch_00800_patch.tiff,patch_49,24.318747,24.02886,24.313627,27.229864,26.97871
batch_00800_patch.tiff,patch_50,24.203579,23.887342,24.660759,26.612814,26.700645
batch_00800_patch.tiff,patch_51,24.80154,23.879238,26.456497,25.959024,26.42835
batch_00800_patch.tiff,patch_52,25.684862,23.273764,26.34635,26.128338,26.790234
batch_00800_patch.tiff,patch_53,26.011768,24.072489,26.558765,26.721994,27.33914
batch_00800_patch.tiff,patch_54,24.666601,24.584507,25.661457,26.687061,27.469467
batch_00800_patch.tiff,patch_55,25.81738,24.615614,26.805283,25.194456,27.178923
batch_00800_patch.tiff,patch_56,25.19085,24.565065,24.825603,26.765991,27.396446
batch_00800_patch.tiff,patch_57,26.226337,24.472279,26.469563,25.442924,26.74403
batch_00800_patch.tiff,patch_58,25.209995,24.57588,24.457859,27.986038,28.554342
batch_00800_patch.tiff,patch_59,25.54147,24.642365,24.14125,28.014948,28.626638
batch_00800_patch.tiff,patch_60,26.399548,24.642004,26.004274,27.102377,27.56232
batch_00800_patch.tiff,patch_61,25.297491,23.75524,26.150263,25.652388,26.185692
batch_00800_patch.tiff,patch_62,25.695938,24.849297,26.30469,25.593243,26.639523
batch_00800_patch.tiff,patch_63,23.967232,24.66586,24.631136,26.920315,27.64562
batch_00800_patch.tiff,patch_64,25.48975,25.0001,25.07935,27.252932,28.5382
batch_00800_patch.tiff,patch_65,26.041208,24.371075,25.234936,26.798307,27.378437
batch_00800_patch.tiff,patch_66,25.84672,24.533909,24.923033,27.153713,27.998096
batch_00800_patch.tiff,patch_67,24.733965,23.93706,24.750805,26.999565,26.936577
batch_00800_patch.tiff,patch_68,24.354927,24.378902,24.545542,27.599133,27.907516
batch_00800_patch.tiff,patch_69,25.226542,23.638678,24.341908,25.942621,27.1195
batch_00800_patch.tiff,patch_70,27.330845,25.039238,26.62157,25.73023,27.438217
batch_00800_patch.tiff,patch_71,26.341988,25.302612,26.575687,25.479937,26.747091
batch_00800_patch.tiff,patch_72,25.659473,24.705442,26.671328,26.554092,27.96021
batch_00800_patch.tiff,patch_73,24.524473,24.37613,25.073078,26.865,27.800304
batch_00800_patch.tiff,patch_74,23.936377,23.629793,23.955742,27.420055,27.247232
batch_00800_patch.tiff,patch_75,25.336817,24.66107,25.314054,27.068155,27.878042
batch_00800_patch.tiff,patch_76,23.795782,24.273151,23.528915,27.288687,26.989841
batch_00800_patch.tiff,patch_77,25.577108,24.97352,26.207193,26.867302,27.794
batch_00800_patch.tiff,patch_78,25.997128,24.330751,24.746033,25.891727,28.089342
batch_00800_patch.tiff,patch_79,25.20561,24.077572,24.148026,25.561548,27.444979
batch_00800_patch.tiff,patch_80,27.236423,24.783329,27.84397,25.18078,26.723492
batch_00800_patch.tiff,patch_81,26.613297,24.589474,28.20403,24.947624,27.392416
batch_00800_patch.tiff,patch_82,24.232021,23.509811,24.329147,27.857718,26.74719
batch_00800_patch.tiff,patch_83,24.24615,23.725885,23.33204,27.06327,27.108543
batch_00800_patch.tiff,patch_84,23.903637,24.460892,23.692282,28.026108,27.815493
batch_00800_patch.tiff,patch_85,24.458668,24.069408,24.20562,28.211868,28.055536
batch_00800_patch.tiff,patch_86,25.189123,24.697699,24.934958,27.182693,27.870268
batch_00800_patch.tiff,patch_87,23.741621,22.860075,22.596481,27.805986,26.76522
batch_00800_patch.tiff,patch_88,25.586897,25.768444,25.25785,28.027903,29.077085
batch_00800_patch.tiff,patch_89,25.700693,24.216875,27.136635,25.654726,26.539423
batch_00800_patch.tiff,patch_90,24.230684,23.501852,25.067644,26.676628,26.60782
batch_00800_patch.tiff,patch_91,25.736391,24.117853,24.365772,26.005634,27.214594
batch_00800_patch.tiff,patch_92,25.524221,24.532795,24.485668,25.80094,27.603228
batch_00800_patch.tiff,patch_93,26.738989,25.185791,25.910284,26.059572,28.4355
batch_00800_patch.tiff,patch_94,25.169538,24.399616,24.942732,26.384882,28.06948
batch_00800_patch.tiff,patch_95,25.21331,24.283863,24.814177,27.926884,28.23699
batch_00800_patch.tiff,patch_96,25.376749,24.523335,26.196287,26.30689,27.550255
batch_00800_patch.tiff,patch_97,26.01479,25.305305,26.36805,25.977333,28.017647
batch_00800_patch.tiff,patch_98,26.993347,25.126791,26.812012,26.165876,27.126144
batch_00800_patch.tiff,patch_99,24.377602,23.771942,26.514826,26.330011,26.669954
batch_00800_patch.tiff,patch_100,26.107208,24.593498,26.315842,26.844032,27.42932
batch_00800_patch.tiff,patch_101,23.63928,23.772505,24.154202,28.304403,26.727861
batch_00800_patch.tiff,patch_102,26.162785,24.683432,25.464823,25.41953,27.30974
batch_00800_patch.tiff,patch_103,26.041029,24.40375,25.698818,26.90863,27.745386
batch_00800_patch.tiff,patch_104,25.085684,24.293299,23.796515,27.05773,27.402771
batch_00800_patch.tiff,patch_105,25.394583,24.174381,24.961245,28.092035,28.101809
batch_00800_patch.tiff,patch_106,24.071096,23.373655,24.336353,26.606392,26.516891
batch_00800_patch.tiff,patch_107,24.430258,24.429922,23.901093,27.735586,27.687296
batch_00800_patch.tiff,patch_108,25.34095,26.13958,24.886698,27.668116,28.963356
batch_00800_patch.tiff,patch_109,26.132439,24.87406,26.268917,26.611828,27.879673
batch_00800_patch.tiff,patch_110,27.195496,25.386389,27.840696,25.80733,27.180323
batch_00800_patch.tiff,patch_111,25.57345,24.428139,26.193462,25.846577,26.64588
batch_00800_patch.tiff,patch_112,24.257734,24.523415,25.083746,27.58117,27.622704
batch_00800_patch.tiff,patch_113,25.59125,25.226318,25.617548,26.811028,27.99055
batch_00800_patch.tiff,patch_114,24.715212,24.953447,24.66752,26.05624,27.450394
batch_00800_patch.tiff,patch_115,25.48229,24.62215,25.042368,26.48694,27.38318
batch_00800_patch.tiff,patch_116,26.557482,24.647175,25.797432,26.238668,27.405014
batch_00800_patch.tiff,patch_117,27.010717,25.095665,27.062422,26.535677,27.978601
batch_00800_patch.tiff,patch_118,25.634893,24.952908,25.723124,26.823221,27.641941
batch_00800_patch.tiff,patch_119,24.578966,24.720802,25.400911,27.93145,27.629786
batch_00800_patch.tiff,patch_120,26.184664,24.72061,25.2785,26.991404,28.154114
batch_00800_patch.tiff,patch_121,25.41089,24.429598,25.646376,25.775463,27.610762
batch_00800_patch.tiff,patch_122,26.192684,24.470556,27.532007,25.499983,26.911194
batch_00800_patch.tiff,patch_123,26.36819,24.885685,26.83635,25.722918,27.257915
batch_00800_patch.tiff,patch_124,25.561108,24.035595,25.010841,28.224667,28.148886
batch_00800_patch.tiff,patch_125,24.275574,23.807833,23.542229,26.255526,27.064081
batch_00800_patch.tiff,patch_126,25.397646,23.723314,25.153793,27.181538,27.441833
batch_00800_patch.tiff,patch_127,25.467924,24.452497,25.537455,26.604519,27.680109
batch_00800_patch.tiff,patch_128,23.474386,23.98128,23.529594,27.627579,27.244308
batch_00800_patch.tiff,patch_129,25.61292,24.089119,24.880154,27.412786,27.847157
batch_00800_patch.tiff,patch_130,26.376461,25.584572,26.227102,27.73467,28.388006
batch_00800_patch.tiff,patch_131,24.739416,24.374346,25.746597,27.889402,27.606487
batch_00800_patch.tiff,patch_132,25.325571,22.119102,25.825468,24.874603,26.43867
batch_00800_patch.tiff,patch_133,26.287912,22.544884,26.792927,23.288567,26.850164
batch_00800_patch.tiff,patch_134,24.8415,24.018131,25.367954,26.711891,27.132557
batch_00800_patch.tiff,patch_135,23.83669,23.354147,23.712116,26.33991,26.56806
batch_00800_patch.tiff,patch_136,25.842169,24.77816,26.18519,27.520529,28.313025
batch_00800_patch.tiff,patch_137,24.881973,24.495533,26.105747,26.174793,27.342493
batch_00800_patch.tiff,patch_138,23.044588,22.992277,22.750816,27.634903,26.977577
batch_00800_patch.tiff,patch_139,25.161106,24.92862,24.528986,27.910364,28.079454
batch_00800_patch.tiff,patch_140,26.445456,23.46847,26.587086,24.698101,27.378067
batch_00800_patch.tiff,patch_141,25.046898,24.86765,24.371477,27.54388,27.737864
batch_00800_patch.tiff,patch_142,24.406845,23.85299,24.586369,26.948132,26.911768
batch_00800_patch.tiff,patch_143,25.040688,24.739899,24.761417,27.134893,27.643532
batch_00800_patch.tiff,patch_144,24.084377,23.873003,23.327988,27.825342,27.16117
batch_00800_patch.tiff,patch_145,25.15646,25.00322,24.31654,27.880983,28.293283
batch_00800_patch.tiff,patch_146,25.46579,24.898333,26.206423,27.73415,28.538786
batch_00800_patch.tiff,patch_147,24.75822,24.491203,25.74249,26.343237,27.108828
batch_00800_patch.tiff,patch_148,26.014626,23.465635,27.120033,24.623026,26.798822
batch_00800_patch.tiff,patch_149,26.087677,24.851545,26.328045,26.140268,27.044788
batch_00800_patch.tiff,patch_150,26.979166,25.30133,27.311224,26.281878,26.959917
batch_00850_patch.tiff,patch_0,25.505577,24.817446,26.172728,26.063587,26.866592
batch_00850_patch.tiff,patch_1,26.385736,24.740034,27.606127,25.262766,27.143913
batch_00850_patch.tiff,patch_2,26.015594,24.162352,27.11443,25.126732,26.661068
batch_00850_patch.tiff,patch_3,26.348501,24.788471,27.006285,25.865988,27.367565
batch_00850_patch.tiff,patch_4,25.775627,24.58609,25.79042,26.25216,27.168041
batch_00850_patch.tiff,patch_5,24.553102,24.555134,25.170868,27.135159,27.266943
batch_00850_patch.tiff,patch_6,25.345768,24.928179,24.985073,27.467478,27.599825
batch_00850_patch.tiff,patch_7,24.052855,23.930387,24.14824,27.107119,27.26792
batch_00850_patch.tiff,patch_8,25.209635,24.15027,24.64351,25.544544,26.825966
batch_00850_patch.tiff,patch_9,25.080708,24.974945,25.107378,26.467876,27.6473
batch_00850_patch.tiff,patch_10,25.62061,23.05631,24.88753,25.36152,26.815243
batch_00850_patch.tiff,patch_11,27.020973,24.737835,25.08569,26.34221,28.23866
batch_00850_patch.tiff,patch_12,24.71513,24.788954,26.644072,23.641619,25.870522
batch_00850_patch.tiff,patch_13,23.80201,23.312738,23.525185,26.318624,26.412376
batch_00850_patch.tiff,patch_14,24.923958,24.421572,24.825905,27.03186,27.200943
batch_00850_patch.tiff,patch_15,26.170465,24.31353,26.961113,24.894573,27.025486
batch_00850_patch.tiff,patch_16,25.36398,24.571959,26.304564,26.515305,27.1449
batch_00850_patch.tiff,patch_17,24.581186,24.988464,25.618567,28.361242,28.060493
batch_00850_patch.tiff,patch_18,24.763422,24.810596,24.806332,27.666689,27.958372
batch_00850_patch.tiff,patch_19,26.081831,24.581316,25.648102,27.02642,27.654066
batch_00850_patch.tiff,patch_20,25.286482,24.801517,25.136576,26.583351,27.77806
batch_00850_patch.tiff,patch_21,23.57729,23.499313,24.033218,27.396835,27.128084
batch_00850_patch.tiff,patch_22,24.197254,23.790539,25.832539,25.14414,26.439941
batch_00850_patch.tiff,patch_23,25.139462,23.877241,25.282354,26.951262,28.290535
batch_00850_patch.tiff,patch_24,25.215334,23.665655,24.06116,26.318956,27.325201
batch_00850_patch.tiff,patch_25,24.536928,24.71974,26.994654,23.564688,26.21816
batch_00850_patch.tiff,patch_26,25.98023,23.887823,26.281933,25.319765,26.937975
batch_00850_patch.tiff,patch_27,26.672781,24.862272,27.025526,26.167946,27.057009
batch_00850_patch.tiff,patch_28,27.372591,24.606651,27.714674,25.931376,27.458166
batch_00850_patch.tiff,patch_29,25.07455,24.400915,24.461016,27.993517,27.760748
batch_00850_patch.tiff,patch_30,25.499073,24.689455,27.004131,25.814487,27.13974
batch_00850_patch.tiff,patch_31,24.348667,23.783236,23.96032,26.884483,27.408524
batch_00850_patch.tiff,patch_32,26.16568,25.375315,26.801636,26.66612,27.815096
batch_00850_patch.tiff,patch_33,24.793184,25.342455,25.063038,27.205711,28.029715
batch_00850_patch.tiff,patch_34,25.337286,24.500795,24.758028,25.91117,27.196936
batch_00850_patch.tiff,patch_35,27.307583,23.8823,26.826801,23.976261,27.737305
batch_00850_patch.tiff,patch_36,27.31345,23.788134,25.911871,22.934889,26.357027
batch_00850_patch.tiff,patch_37,23.657818,24.560957,26.585028,23.666922,25.652039
batch_00850_patch.tiff,patch_38,27.006634,25.195234,27.476349,25.690912,27.808285
batch_00850_patch.tiff,patch_39,27.231634,24.665554,26.776587,25.659119,26.732193
batch_00850_patch.tiff,patch_40,27.212425,24.395391,26.745779,24.652102,26.67905
batch_00850_patch.tiff,patch_41,27.515148,24.90843,27.816029,25.482079,27.36146
batch_00850_patch.tiff,patch_42,23.594324,23.195156,24.659466,26.282743,26.570543
batch_00850_patch.tiff,patch_43,24.519663,24.691025,24.813795,27.609777,28.110258
batch_00850_patch.tiff,patch_44,24.903316,23.60153,25.69243,26.173286,27.173273
batch_00850_patch.tiff,patch_45,24.68883,24.74545,25.230791,27.529034,27.710787
batch_00850_patch.tiff,patch_46,24.788536,24.881485,24.517508,25.883017,26.607332
batch_00850_patch.tiff,patch_47,25.681639,23.633291,26.23138,25.639448,27.158306
batch_00850_patch.tiff,patch_48,26.549503,23.181591,26.609766,25.109425,27.555353
batch_00850_patch.tiff,patch_49,27.780231,24.746595,26.937466,24.831589,27.924057
batch_00850_patch.tiff,patch_50,26.029915,24.810345,27.794865,22.869305,25.79783
batch_00850_patch.tiff,patch_51,26.543634,24.756615,26.333342,25.41057,26.38678
batch_00850_patch.tiff,patch_52,27.19398,24.232464,27.737486,25.083132,26.192987
batch_00850_patch.tiff,patch_53,27.000502,24.626417,27.087912,24.646965,26.985725
batch_00850_patch.tiff,patch_54,26.565813,24.339966,27.116278,24.796412,26.858442
batch_00850_patch.tiff,patch_55,24.814007,24.652193,23.410648,26.777517,27.674147
batch_00850_patch.tiff,patch_56,25.635366,24.018887,23.67031,26.598598,27.672052
batch_00850_patch.tiff,patch_57,24.936558,24.784939,25.92005,26.838617,27.021564
batch_00850_patch.tiff,patch_58,25.35231,25.522263,25.988728,27.515623,27.998709
batch_00850_patch.tiff,patch_59,25.105915,24.517178,25.245443,26.518875,26.928074
batch_00850_patch.tiff,patch_60,26.020443,24.665478,26.32533,26.689804,27.350536
batch_00850_patch.tiff,patch_61,27.343548,24.619593,27.533302,24.852663,26.992859
batch_00850_patch.tiff,patch_62,27.64465,24.521198,27.759346,24.977327,26.693954
batch_00850_patch.tiff,patch_63,27.305315,24.465534,28.179071,24.57504,26.584036
batch_00850_patch.tiff,patch_64,26.632132,24.517984,27.605265,24.581388,26.55172
batch_00850_patch.tiff,patch_65,25.772095,24.152634,24.807789,25.185886,27.845835
batch_00850_patch.tiff,patch_66,25.667023,24.006557,25.072489,25.040638,27.233885
batch_00850_patch.tiff,patch_67,25.24604,25.037775,25.964354,28.001146,27.489515
batch_00850_patch.tiff,patch_68,25.072538,25.012253,26.021965,27.800188,27.529305
batch_00850_patch.tiff,patch_69,25.459219,25.277693,25.849545,27.980986,27.966358
batch_00850_patch.tiff,patch_70,25.46695,24.463192,24.817692,28.15416,28.057278
batch_00850_patch.tiff,patch_71,25.62308,24.920132,26.87975,25.00929,26.61837
batch_00850_patch.tiff,patch_72,23.95191,23.63787,25.391432,24.274475,25.967745
batch_00850_patch.tiff,patch_73,27.049046,24.414669,27.414368,24.63618,26.459154
batch_00850_patch.tiff,patch_74,26.75776,24.749775,27.464838,25.137684,26.610405
batch_00850_patch.tiff,patch_75,26.399717,24.713829,27.140568,25.071453,26.595648
batch_00850_patch.tiff,patch_76,25.435213,24.97632,26.06364,26.720543,27.389706
batch_00850_patch.tiff,patch_77,25.988289,24.889162,25.72522,26.868479,27.476152
batch_00850_patch.tiff,patch_78,26.22392,24.599808,25.490406,26.055529,27.819849
batch_00850_patch.tiff,patch_79,24.073181,23.477995,23.903385,27.618242,27.639841
batch_00850_patch.tiff,patch_80,23.755745,23.626364,24.600185,24.379313,25.707376
batch_00850_patch.tiff,patch_81,23.987097,24.2908,26.107937,25.82651,26.48646
batch_00850_patch.tiff,patch_82,26.95047,25.216331,26.811226,25.854248,26.772053
batch_00850_patch.tiff,patch_83,26.709585,24.466927,27.04252,24.900759,26.56689
batch_00850_patch.tiff,patch_84,26.635494,24.13474,27.172817,24.53438,26.388384
batch_00850_patch.tiff,patch_85,26.466043,24.507061,27.68866,25.093569,26.659403
batch_00850_patch.tiff,patch_86,25.68017,23.84714,25.732641,26.12624,27.245388
batch_00850_patch.tiff,patch_87,25.517569,24.44061,25.280005,26.895212,27.484995
batch_00850_patch.tiff,patch_88,26.210161,24.74303,25.871517,26.855986,28.025341
batch_00850_patch.tiff,patch_89,24.82503,25.085146,25.459503,26.815075,26.66685
batch_00850_patch.tiff,patch_90,26.207245,25.109194,25.465395,25.995518,27.569304
batch_00850_patch.tiff,patch_91,25.685646,24.921007,26.298374,25.213135,27.198698
batch_00850_patch.tiff,patch_92,24.886574,24.232004,25.038788,24.233128,26.098078
batch_00850_patch.tiff,patch_93,24.989296,25.47554,25.70775,25.0776,26.434132
batch_00850_patch.tiff,patch_94,24.77708,23.861134,25.56539,25.389427,26.480377
batch_00850_patch.tiff,patch_95,27.510601,24.468832,27.200014,25.478607,27.190815
batch_00850_patch.tiff,patch_96,25.785484,24.539257,25.705498,25.221243,26.843544
batch_00850_patch.tiff,patch_97,27.119612,24.14467,27.462654,24.206808,26.82357
batch_00850_patch.tiff,patch_98,23.863426,23.742863,24.5497,26.771713,26.981716
batch_00850_patch.tiff,patch_99,25.08202,24.764515,26.493639,25.692745,26.9681
batch_00850_patch.tiff,patch_100,25.044783,24.87842,25.29768,26.935705,27.95404
batch_00850_patch.tiff,patch_101,26.46954,24.79388,26.508274,26.572702,27.540312
batch_00850_patch.tiff,patch_102,25.61013,25.107855,25.387295,27.117651,28.221369
batch_00850_patch.tiff,patch_103,25.908031,24.775648,26.04755,26.707079,27.203434
batch_00850_patch.tiff,patch_104,24.882284,23.994959,25.52166,24.139032,25.626034
batch_00850_patch.tiff,patch_105,24.697454,25.25176,25.624426,25.68489,26.52812
batch_00850_patch.tiff,patch_106,27.290434,25.09866,26.604383,25.174044,27.433434
batch_00850_patch.tiff,patch_107,26.470417,24.972914,26.99002,25.434917,27.320799
batch_00850_patch.tiff,patch_108,25.816248,24.857405,25.371727,26.316284,26.915606
batch_00850_patch.tiff,patch_109,25.853086,23.402534,26.862501,24.404991,26.303988
batch_00850_patch.tiff,patch_110,24.537941,24.04684,24.61015,27.215542,27.14561
batch_00850_patch.tiff,patch_111,25.621063,24.75304,25.575584,27.297255,27.618422
batch_00850_patch.tiff,patch_112,25.809317,24.641365,26.11607,26.037142,27.596045
batch_00850_patch.tiff,patch_113,25.507454,24.238914,25.300985,26.047073,26.929302
batch_00850_patch.tiff,patch_114,25.806694,24.761848,25.714884,26.495773,27.333918
batch_00850_patch.tiff,patch_115,23.569778,24.373627,24.759073,25.815035,26.849447
batch_00850_patch.tiff,patch_116,27.145275,25.549036,27.336323,26.004837,27.283428
batch_00850_patch.tiff,patch_117,26.57061,25.721083,26.786383,26.696753,27.825413
batch_00850_patch.tiff,patch_118,26.624706,24.723282,25.938917,25.165133,26.699133
batch_00850_patch.tiff,patch_119,26.397968,23.912535,27.697449,24.328213,26.263592
batch_00850_patch.tiff,patch_120,24.884047,24.59516,25.39415,27.014568,27.4253
batch_00850_patch.tiff,patch_121,23.970316,24.044567,24.447395,26.524178,26.520638
batch_00850_patch.tiff,patch_122,26.020649,24.132324,24.843332,25.366333,26.888905
batch_00850_patch.tiff,patch_123,24.535757,23.705698,24.309608,25.710777,26.63452
batch_00850_patch.tiff,patch_124,26.876043,25.261477,26.418707,25.340092,27.649796
batch_00850_patch.tiff,patch_125,26.53693,24.424578,26.573404,23.831884,26.074709
batch_00850_patch.tiff,patch_126,24.000921,23.984804,25.164265,24.864363,26.187748
batch_00850_patch.tiff,patch_127,24.325432,24.749857,25.977787,24.599867,26.083858
batch_00850_patch.tiff,patch_128,25.85555,25.109009,26.5076,25.994484,27.239567
batch_00850_patch.tiff,patch_129,26.326147,23.946508,27.056957,24.615154,26.660898
batch_00850_patch.tiff,patch_130,26.645897,24.685677,27.041304,25.51735,26.96628
batch_00850_patch.tiff,patch_131,26.836927,24.008316,27.156637,25.57644,26.558054
batch_00850_patch.tiff,patch_132,25.819525,23.966301,26.055096,25.832914,27.226082
batch_00850_patch.tiff,patch_133,25.588545,24.522343,25.35702,27.274012,27.700083
batch_00850_patch.tiff,patch_134,27.340712,25.763784,25.02506,25.077776,28.584774
batch_00850_patch.tiff,patch_135,24.21277,23.80252,24.337843,26.297548,27.420752
batch_00850_patch.tiff,patch_136,25.67549,23.896587,25.143003,27.223513,27.478302
batch_00850_patch.tiff,patch_137,25.87395,24.280636,26.062458,24.675158,26.497782
batch_00850_patch.tiff,patch_138,25.313799,24.487293,25.414873,26.277836,26.990355
batch_00850_patch.tiff,patch_139,24.332146,24.0692,24.546597,27.756441,27.552368
batch_00850_patch.tiff,patch_140,26.73622,24.668325,27.434412,24.46552,26.505556
batch_00850_patch.tiff,patch_141,26.1179,23.808395,26.685461,24.31804,26.199656
batch_00850_patch.tiff,patch_142,26.467033,24.114164,28.022686,24.399725,26.681986
batch_00850_patch.tiff,patch_143,26.842533,24.618685,27.793163,24.738611,26.706146
batch_00850_patch.tiff,patch_144,26.19834,24.651205,26.350748,26.209175,27.931957
batch_00850_patch.tiff,patch_145,25.521362,24.057436,24.71386,25.809092,26.75628
batch_00850_patch.tiff,patch_146,24.86565,24.255978,25.104355,26.39588,26.415766
batch_00850_patch.tiff,patch_147,24.727753,24.70402,24.947191,26.542154,27.93107
batch_00850_patch.tiff,patch_148,25.761648,24.562284,26.417349,23.944143,26.707876
batch_00850_patch.tiff,patch_149,25.694147,24.618998,25.64119,26.114365,27.134172
batch_00850_patch.tiff,patch_150,25.53746,24.75506,25.443487,27.534847,27.798496
batch_00850_patch.tiff,patch_151,25.349567,23.313612,25.345013,25.03443,26.806494
batch_00850_patch.tiff,patch_152,25.839962,23.239029,27.23069,24.166685,26.068329
batch_00850_patch.tiff,patch_153,26.626617,24.640308,26.751326,25.235638,26.548687
batch_00850_patch.tiff,patch_154,25.817564,23.840004,27.378563,24.543488,25.953499
batch_00850_patch.tiff,patch_155,25.931257,23.928467,26.413288,24.563795,26.365313
batch_00850_patch.tiff,patch_156,25.321075,24.26298,25.765171,26.340185,27.147713
batch_00850_patch.tiff,patch_157,25.84256,24.532581,25.747696,26.477306,27.361082
batch_00850_patch.tiff,patch_158,26.027481,24.962711,24.738354,27.634527,28.311975
batch_00850_patch.tiff,patch_159,25.746595,25.137383,26.191837,27.424307,27.290033
batch_00850_patch.tiff,patch_160,26.700953,25.494593,26.134377,26.482857,27.950382
batch_00850_patch.tiff,patch_161,24.754158,24.633474,25.954771,24.847967,26.258438
batch_00850_patch.tiff,patch_162,24.268833,24.255674,25.603966,25.464634,26.377861
batch_00850_patch.tiff,patch_163,24.942799,24.426554,25.382284,26.336874,27.645844
batch_00850_patch.tiff,patch_164,26.712444,23.478224,26.812626,23.962812,26.848522
batch_00850_patch.tiff,patch_165,26.661026,24.103771,26.410538,24.78506,28.22473
batch_00850_patch.tiff,patch_166,25.138645,24.271837,25.67371,25.746935,26.520416
batch_00850_patch.tiff,patch_167,24.534101,24.46345,25.54293,28.483265,28.242214
batch_00850_patch.tiff,patch_168,24.915508,24.055134,24.674551,27.809332,27.360119
batch_00850_patch.tiff,patch_169,25.601458,24.297943,25.034956,26.208794,27.062366
batch_00850_patch.tiff,patch_170,25.315943,24.736185,25.64756,27.04304,27.29229
batch_00850_patch.tiff,patch_171,25.205866,24.886692,25.479174,27.263706,27.404667
batch_00850_patch.tiff,patch_172,25.557806,24.810291,24.756025,25.99216,27.302736
batch_00850_patch.tiff,patch_173,25.027185,24.161991,25.943037,24.079248,26.559872
batch_00850_patch.tiff,patch_174,23.8888,23.920368,25.01353,26.32295,26.598919
batch_00900_patch.tiff,patch_0,24.83597,26.434477,26.954245,24.40651,26.235933
batch_00900_patch.tiff,patch_1,25.776175,25.12718,28.678217,23.514515,25.95728
batch_00900_patch.tiff,patch_2,25.064999,24.78086,21.879093,26.636059,27.837255
batch_00900_patch.tiff,patch_3,26.571373,23.678743,23.50356,25.244328,27.074053
batch_00900_patch.tiff,patch_4,24.742405,23.0004,22.824621,23.794668,25.681997
batch_00900_patch.tiff,patch_5,25.11875,22.812004,22.256916,24.140594,25.836409
batch_00900_patch.tiff,patch_6,25.373705,23.389172,25.609877,25.687534,27.161112
batch_00900_patch.tiff,patch_7,26.317343,23.492443,26.04318,24.767889,27.258993
batch_00900_patch.tiff,patch_8,25.426542,21.949156,23.240683,22.030245,23.587624
batch_00900_patch.tiff,patch_9,26.114605,22.15723,24.51475,21.875237,23.660543
batch_00900_patch.tiff,patch_10,25.90454,24.105865,27.158958,23.449215,24.297636
batch_00900_patch.tiff,patch_11,26.12215,25.288265,26.297554,25.8064,26.810825
batch_00900_patch.tiff,patch_12,24.829294,25.68571,27.548882,24.902655,26.640959
batch_00900_patch.tiff,patch_13,26.134487,24.424044,22.570932,24.691782,27.594057
batch_00900_patch.tiff,patch_14,25.865751,24.902807,22.76366,24.337303,27.285894
batch_00900_patch.tiff,patch_15,24.980068,23.151794,21.99322,25.474594,26.57587
batch_00900_patch.tiff,patch_16,24.513088,22.576876,21.854229,24.323063,26.389334
batch_00900_patch.tiff,patch_17,25.999815,23.943024,24.088434,25.433723,27.651318
batch_00900_patch.tiff,patch_18,23.948706,23.292551,24.305286,25.28094,26.757463
batch_00900_patch.tiff,patch_19,27.601662,22.779135,24.586573,23.939775,26.23331
batch_00900_patch.tiff,patch_20,27.083744,22.633116,26.265585,22.510195,25.424505
batch_00900_patch.tiff,patch_21,25.31847,23.24366,26.176939,24.153704,24.607347
batch_00900_patch.tiff,patch_22,25.06322,25.65397,26.90688,24.072334,26.709942
batch_00900_patch.tiff,patch_23,25.431763,24.957457,26.85466,23.048517,25.770393
batch_00900_patch.tiff,patch_24,26.792997,22.155916,26.390278,22.161566,26.127905
batch_00900_patch.tiff,patch_25,27.263485,23.051216,26.744307,22.11134,26.661337
batch_00900_patch.tiff,patch_26,25.910221,23.425325,22.178076,24.634472,26.585066
batch_00900_patch.tiff,patch_27,25.702328,23.4104,23.141304,24.05968,26.30027
batch_00900_patch.tiff,patch_28,26.163084,24.984587,26.412416,23.529524,26.593279
batch_00900_patch.tiff,patch_29,26.194832,25.480774,26.421507,24.139826,26.086576
batch_00900_patch.tiff,patch_30,25.184685,21.020859,21.574629,23.43373,24.872753
batch_00900_patch.tiff,patch_31,27.404966,22.664597,25.778126,22.307055,25.371157
batch_00900_patch.tiff,patch_32,25.16339,25.491064,27.348055,24.181795,26.881462
batch_00900_patch.tiff,patch_33,24.184786,25.363466,27.595284,23.754692,25.96317
batch_00900_patch.tiff,patch_34,27.123665,23.490309,24.887907,24.093359,27.53701
batch_00900_patch.tiff,patch_35,27.252317,22.629139,26.048893,21.543192,25.678839
batch_00900_patch.tiff,patch_36,25.25262,23.290688,22.25847,25.025864,26.546442
batch_00900_patch.tiff,patch_37,24.6424,22.896084,21.634142,24.62133,25.975
batch_00900_patch.tiff,patch_38,26.91126,23.895622,26.558834,22.510271,26.482798
batch_00900_patch.tiff,patch_39,25.798157,23.399933,27.210566,21.100756,25.536541
batch_00900_patch.tiff,patch_40,25.793734,22.74959,23.928305,23.833633,24.790962
batch_00900_patch.tiff,patch_41,26.570593,22.234026,25.700586,21.739855,24.681383
batch_00900_patch.tiff,patch_42,24.792326,24.16532,23.444412,27.891462,27.66494
batch_00900_patch.tiff,patch_43,27.070854,24.471506,26.425594,25.205997,26.912716
batch_00900_patch.tiff,patch_44,26.0756,23.540194,23.767672,24.681593,25.630547
batch_00900_patch.tiff,patch_45,26.499765,23.753012,25.210691,23.762716,25.888338
batch_00900_patch.tiff,patch_46,24.370571,24.150688,23.310207,24.5505,25.531109
batch_00900_patch.tiff,patch_47,23.811695,23.718895,22.67532,25.330217,25.432274
batch_00900_patch.tiff,patch_48,25.704203,23.546034,25.316711,22.52541,25.11831
batch_00900_patch.tiff,patch_49,25.878979,23.803356,26.30499,22.621141,25.553871
batch_00900_patch.tiff,patch_50,26.271847,21.780476,23.586292,22.166876,24.68551
batch_00900_patch.tiff,patch_51,24.78474,21.948734,23.319954,22.823921,24.076336
batch_00900_patch.tiff,patch_52,24.925058,23.890923,25.544052,24.94663,27.117336
batch_00900_patch.tiff,patch_53,26.354761,24.026258,25.782839,24.415564,27.53827
batch_00900_patch.tiff,patch_54,24.620033,22.413416,23.479372,24.471857,25.42036
batch_00900_patch.tiff,patch_55,25.046125,23.346695,23.614002,24.0201,25.341887
batch_00900_patch.tiff,patch_56,26.163364,23.820616,26.011211,24.017786,25.911573
batch_00900_patch.tiff,patch_57,25.78034,22.998276,24.192326,23.801117,25.87304
batch_00900_patch.tiff,patch_58,26.042583,24.099491,25.86037,23.358038,26.161833
batch_00900_patch.tiff,patch_59,25.897078,23.497192,25.538136,22.519783,25.704473
batch_00900_patch.tiff,patch_60,27.11113,22.240324,25.950312,22.524313,25.829618
batch_00900_patch.tiff,patch_61,26.372501,22.57788,23.087639,24.166159,26.05292
batch_00900_patch.tiff,patch_62,24.957893,24.507093,26.531889,23.388285,26.169064
batch_00900_patch.tiff,patch_63,24.55963,24.135103,27.392094,22.539665,25.48909
batch_00900_patch.tiff,patch_64,25.467775,23.650303,24.092684,25.43887,26.334396
batch_00900_patch.tiff,patch_65,25.422215,24.183586,23.119284,25.776218,26.69286
batch_00900_patch.tiff,patch_66,24.761843,22.68501,22.607616,23.713139,24.977459
batch_00900_patch.tiff,patch_67,24.518728,23.317802,24.055325,24.461966,25.001001
batch_00900_patch.tiff,patch_68,26.787653,23.175722,25.273773,22.83471,26.339336
batch_00900_patch.tiff,patch_69,26.475113,23.111462,25.577774,22.473175,25.602797
batch_00900_patch.tiff,patch_70,27.099564,24.66543,25.552982,25.544956,27.483816
batch_00900_patch.tiff,patch_71,25.119268,26.001863,27.505156,24.407352,26.896656
batch_00900_patch.tiff,patch_72,24.514912,24.5713,26.94215,23.366186,26.273407
batch_00900_patch.tiff,patch_73,25.754023,22.948898,23.279251,25.152983,27.005507
batch_00900_patch.tiff,patch_74,25.878412,23.658731,23.438547,24.097437,26.316936
batch_00900_patch.tiff,patch_75,24.852488,23.276405,24.177652,23.488684,25.470526
batch_00900_patch.tiff,patch_76,24.478222,23.04126,23.457659,24.532291,24.7213
batch_00900_patch.tiff,patch_77,25.993996,22.891304,26.700523,22.02995,24.903692
batch_00900_patch.tiff,patch_78,26.926119,23.609919,26.554407,21.66399,25.296185
batch_00900_patch.tiff,patch_79,27.37322,25.237904,26.775482,25.643414,28.80979
batch_00900_patch.tiff,patch_80,26.18347,24.354038,25.341125,25.069487,27.92984
batch_00900_patch.tiff,patch_81,27.57906,23.889446,25.451273,24.393475,26.22511
batch_00900_patch.tiff,patch_82,27.786127,23.834167,27.52565,22.808697,26.02595
batch_00900_patch.tiff,patch_83,25.387547,24.624336,23.800138,25.710964,27.38532
batch_00900_patch.tiff,patch_84,24.118505,23.216364,24.09081,23.678328,24.895584
batch_00900_patch.tiff,patch_85,25.292982,22.630539,23.204674,24.215052,25.766785
batch_00900_patch.tiff,patch_86,26.02718,22.820564,24.160963,22.382442,25.34116
batch_00900_patch.tiff,patch_87,27.783928,23.718483,28.04342,21.17206,26.281895
batch_00900_patch.tiff,patch_88,25.66063,21.781956,26.331522,19.65673,23.132586
batch_00900_patch.tiff,patch_89,26.382246,23.144495,22.817942,24.204277,26.179928
batch_00900_patch.tiff,patch_90,26.174215,23.003405,22.592968,24.889086,26.641525
batch_00900_patch.tiff,patch_91,26.568436,24.530102,26.033133,25.06543,26.588089
batch_00900_patch.tiff,patch_92,27.547287,24.088432,27.424826,22.851254,26.551907
batch_00900_patch.tiff,patch_93,25.715668,24.213436,24.701199,25.703419,26.324385
batch_00900_patch.tiff,patch_94,25.338406,24.463871,24.914005,25.052963,26.612541
batch_00900_patch.tiff,patch_95,24.664354,23.318804,23.896355,24.55953,25.098503
batch_00900_patch.tiff,patch_96,25.220009,22.910845,24.383211,23.182453,24.754463
batch_00900_patch.tiff,patch_97,27.079659,23.854103,27.162966,21.36115,25.727499
batch_00900_patch.tiff,patch_98,26.404022,23.553976,25.423326,21.672482,25.308723
batch_00900_patch.tiff,patch_99,24.841309,21.677519,22.103676,23.079407,24.48402
batch_00900_patch.tiff,patch_100,26.2976,22.499027,23.748547,23.374208,25.595713
batch_00900_patch.tiff,patch_101,26.546284,25.234259,26.785791,24.420658,26.935163
batch_00900_patch.tiff,patch_102,27.562056,24.752089,26.023153,24.920563,26.98596
batch_00900_patch.tiff,patch_103,25.879528,23.447327,25.462296,25.198338,27.325424
batch_00900_patch.tiff,patch_104,25.206947,23.289593,24.54467,25.210543,26.633041
batch_00900_patch.tiff,patch_105,24.917606,22.409853,23.110899,23.934889,26.065426
batch_00900_patch.tiff,patch_106,24.93261,23.588602,23.059694,23.890251,26.586102
batch_00900_patch.tiff,patch_107,26.558987,22.567968,25.371408,20.821434,25.145206
batch_00900_patch.tiff,patch_108,27.707207,22.885923,25.66123,21.025408,25.410587
batch_00900_patch.tiff,patch_109,25.792068,23.44907,24.512125,23.65687,25.569082
batch_00900_patch.tiff,patch_110,25.787334,22.829264,24.499,23.618038,24.59252
batch_00900_patch.tiff,patch_111,27.331219,23.85074,27.034029,23.18395,25.988842
batch_00900_patch.tiff,patch_112,27.13645,24.446928,24.542671,25.11346,26.836615
batch_00900_patch.tiff,patch_113,25.74231,25.044062,24.693676,25.569422,27.585981
batch_00900_patch.tiff,patch_114,26.63887,23.115055,25.963608,24.076567,26.839367
batch_00900_patch.tiff,patch_115,25.967693,22.807621,25.174736,24.068445,26.387115
batch_00900_patch.tiff,patch_116,24.513914,22.33629,21.86784,23.619308,24.242088
batch_00900_patch.tiff,patch_117,26.184347,24.64174,26.69426,22.22533,25.378088
batch_00900_patch.tiff,patch_118,26.143803,24.280111,26.055882,21.497047,24.917225
batch_00900_patch.tiff,patch_119,26.05199,23.011238,23.191574,23.905916,25.9386
batch_00900_patch.tiff,patch_120,26.708027,21.499165,24.533392,21.430655,22.889313
batch_00900_patch.tiff,patch_121,26.22149,25.184162,24.910572,25.451742,26.980484
batch_00900_patch.tiff,patch_122,25.931433,24.5267,24.612679,24.275879,26.991566
batch_00900_patch.tiff,patch_123,25.611034,23.471403,23.607365,25.51511,26.572369
batch_00900_patch.tiff,patch_124,25.05104,23.982752,23.301294,25.927732,26.846113
batch_00900_patch.tiff,patch_125,24.950277,22.33246,23.097778,23.619188,24.991896
batch_00900_patch.tiff,patch_126,25.982687,23.194645,23.6557,24.046888,26.748999
batch_00900_patch.tiff,patch_127,26.866335,21.90348,23.170942,22.327993,25.687689
batch_00900_patch.tiff,patch_128,26.266352,21.913008,24.098291,22.65365,24.296711
batch_00900_patch.tiff,patch_129,24.595076,23.79926,25.605055,24.393715,25.727104
batch_00900_patch.tiff,patch_130,24.701345,23.56963,25.645517,25.256054,25.493351
batch_00900_patch.tiff,patch_131,26.45412,24.240805,27.141306,24.358112,27.267832
batch_00900_patch.tiff,patch_132,26.4446,23.98371,24.659481,24.40908,26.929625
batch_00900_patch.tiff,patch_133,24.787025,23.774576,24.616123,24.46767,25.549442
batch_00900_patch.tiff,patch_134,25.189705,23.551413,23.955845,25.245924,26.620275
batch_00900_patch.tiff,patch_135,25.181137,22.933622,22.525352,23.168375,25.770918
batch_00900_patch.tiff,patch_136,25.835863,22.083647,22.070845,23.267681,24.564167
batch_00900_patch.tiff,patch_137,25.485191,22.508282,24.064726,22.940552,25.437212
batch_00900_patch.tiff,patch_138,26.363443,22.107452,23.812284,21.246239,24.557816
batch_00900_patch.tiff,patch_139,26.405924,22.680208,22.694702,24.398375,25.694761
batch_00900_patch.tiff,patch_140,27.211761,23.428656,27.267076,22.753017,24.67298
batch_00900_patch.tiff,patch_141,25.930452,23.712145,25.728691,24.557673,25.454552
batch_00900_patch.tiff,patch_142,26.52724,23.594435,27.453436,23.636175,26.606546
batch_00900_patch.tiff,patch_143,24.952217,24.258255,22.532486,26.196516,26.982538
batch_00900_patch.tiff,patch_144,24.74901,24.864376,24.837645,24.926634,27.184053
batch_00900_patch.tiff,patch_145,25.799511,24.156576,25.38764,23.219336,25.448727
batch_00900_patch.tiff,patch_146,25.606106,22.237698,23.551516,23.91404,24.76831
batch_00900_patch.tiff,patch_147,25.51551,23.535067,24.95813,23.218079,25.913586
batch_00900_patch.tiff,patch_148,24.37122,23.257517,24.214397,23.990808,25.61427
batch_00900_patch.tiff,patch_149,26.287064,21.464548,24.332413,22.271023,24.304338
batch_00900_patch.tiff,patch_150,27.164581,22.17133,24.981401,21.985418,24.876543
batch_00900_patch.tiff,patch_151,26.737705,25.038805,26.730051,23.613394,25.187489
batch_00900_patch.tiff,patch_152,25.005356,23.86974,25.635435,24.010284,25.048634
batch_00950_patch.tiff,patch_0,26.786093,23.888817,26.510588,24.788357,26.194832
batch_00950_patch.tiff,patch_1,27.080389,24.126944,28.316414,23.759872,26.706493
batch_00950_patch.tiff,patch_2,26.171917,23.040567,25.973366,24.571629,27.189041
batch_00950_patch.tiff,patch_3,25.471329,22.746607,25.457264,25.030277,26.099676
batch_00950_patch.tiff,patch_4,25.67174,22.87824,24.732254,25.679125,26.561724
batch_00950_patch.tiff,patch_5,25.213402,23.352365,24.236067,24.31817,26.006971
batch_00950_patch.tiff,patch_6,23.928278,23.244099,23.95693,25.535658,25.542765
batch_00950_patch.tiff,patch_7,24.174332,22.727362,24.808287,23.827703,25.449587
batch_00950_patch.tiff,patch_8,26.764841,25.42024,25.321009,26.35057,28.970913
batch_00950_patch.tiff,patch_9,26.254864,24.71971,24.833374,27.856245,28.761253
batch_00950_patch.tiff,patch_10,25.30539,23.853043,26.013147,25.345493,27.251858
batch_00950_patch.tiff,patch_11,27.04114,24.425264,27.212685,25.059797,26.590887
batch_00950_patch.tiff,patch_12,26.71716,23.85956,27.302923,23.514198,26.143938
batch_00950_patch.tiff,patch_13,25.195343,23.294935,25.300272,24.998507,26.060724
batch_00950_patch.tiff,patch_14,25.221146,22.36365,24.9212,23.921993,25.9088
batch_00950_patch.tiff,patch_15,25.289902,23.128183,26.051586,24.012012,25.224165
batch_00950_patch.tiff,patch_16,25.441116,24.627447,25.70568,25.09594,25.974174
batch_00950_patch.tiff,patch_17,24.997383,24.000383,25.483393,25.278646,26.593645
batch_00950_patch.tiff,patch_18,24.12016,23.214207,23.867044,25.891857,26.063736
batch_00950_patch.tiff,patch_19,26.159,23.84628,25.150967,24.665638,28.31388
batch_00950_patch.tiff,patch_20,26.793297,23.383272,26.125824,23.438522,27.270058
batch_00950_patch.tiff,patch_21,24.757408,23.032017,26.45641,23.1435,25.376
batch_00950_patch.tiff,patch_22,25.692303,23.930588,26.68089,25.42591,27.02342
batch_00950_patch.tiff,patch_23,26.102674,22.899094,26.223877,22.391077,24.882055
batch_00950_patch.tiff,patch_24,26.39097,24.657282,26.534369,25.357134,26.471195
batch_00950_patch.tiff,patch_25,26.451359,23.535114,27.449924,24.601816,25.624437
batch_00950_patch.tiff,patch_26,25.457905,23.320835,24.621937,25.127602,26.92309
batch_00950_patch.tiff,patch_27,26.289873,23.5451,24.250347,24.802607,26.553999
batch_00950_patch.tiff,patch_28,25.742496,24.15293,25.613354,26.083889,27.395079
batch_00950_patch.tiff,patch_29,25.984648,23.865602,26.02321,24.368757,26.484035
batch_00950_patch.tiff,patch_30,25.58859,22.532827,25.87214,24.08532,25.653812
batch_00950_patch.tiff,patch_31,24.633278,23.873152,25.519447,24.990025,26.560497
batch_00950_patch.tiff,patch_32,24.594725,23.849527,26.040207,24.619278,25.762783
batch_00950_patch.tiff,patch_33,24.936739,23.034462,24.093428,24.846159,25.734573
batch_00950_patch.tiff,patch_34,25.939236,23.237532,27.567331,23.146822,26.429586
batch_00950_patch.tiff,patch_35,26.570929,24.320856,26.847412,25.246422,26.012852
batch_00950_patch.tiff,patch_36,26.884819,24.076033,27.088697,23.563961,25.56923
batch_00950_patch.tiff,patch_37,25.413006,23.01681,25.997637,24.54926,25.379854
batch_00950_patch.tiff,patch_38,25.50393,23.294903,24.96994,25.55523,26.743227
batch_00950_patch.tiff,patch_39,24.586473,24.242027,24.92805,26.705107,26.687532
batch_00950_patch.tiff,patch_40,24.092094,23.144522,24.05919,24.226788,25.019278
batch_00950_patch.tiff,patch_41,25.868029,23.89498,27.047394,24.541275,26.315926
batch_00950_patch.tiff,patch_42,25.219938,23.948717,26.628494,24.790716,26.683218
batch_00950_patch.tiff,patch_43,24.555887,23.29179,24.884537,24.50069,26.072508
batch_00950_patch.tiff,patch_44,25.132635,23.117453,25.369146,24.309433,25.300745
batch_00950_patch.tiff,patch_45,25.7435,24.120588,24.755875,24.948833,26.07596
batch_00950_patch.tiff,patch_46,26.942123,23.22426,28.165258,22.717533,26.194399
batch_00950_patch.tiff,patch_47,24.932817,22.643581,24.384521,24.05129,26.40985
batch_00950_patch.tiff,patch_48,24.97971,23.89105,24.479599,25.850504,26.74614
batch_00950_patch.tiff,patch_49,26.945364,24.10905,25.506596,24.857405,27.753359
batch_00950_patch.tiff,patch_50,24.613304,22.606716,23.31863,24.22824,26.239006
batch_00950_patch.tiff,patch_51,23.579996,23.126745,22.897823,25.791012,26.305576
batch_00950_patch.tiff,patch_52,25.049376,22.552805,25.2163,23.993774,24.895302
batch_00950_patch.tiff,patch_53,25.191313,23.343973,24.144855,23.40841,25.578663
batch_00950_patch.tiff,patch_54,25.532936,23.860611,26.500174,23.655418,25.844667
batch_00950_patch.tiff,patch_55,24.827324,23.485186,24.807474,24.150957,25.492815
batch_00950_patch.tiff,patch_56,24.084602,24.154182,25.502354,25.864992,27.213566
batch_00950_patch.tiff,patch_57,27.021282,23.187029,28.051834,22.718334,26.189493
batch_00950_patch.tiff,patch_58,25.527178,22.847757,26.58355,23.867353,26.088406
batch_00950_patch.tiff,patch_59,25.65265,24.004301,24.333712,26.190472,27.161268
batch_00950_patch.tiff,patch_60,26.625517,24.510258,26.159971,25.361822,27.953245
batch_00950_patch.tiff,patch_61,26.071175,23.873981,27.040367,24.210844,26.274984
batch_00950_patch.tiff,patch_62,26.647127,23.978333,25.825235,24.876436,27.543177
batch_00950_patch.tiff,patch_63,24.17516,21.986307,23.5921,24.666973,24.488943
batch_00950_patch.tiff,patch_64,24.428709,23.533346,24.450277,25.065985,26.269197
batch_00950_patch.tiff,patch_65,25.455927,23.523241,25.811243,23.175152,24.736198
batch_00950_patch.tiff,patch_66,25.973835,23.132893,25.091948,23.899357,26.05354
batch_00950_patch.tiff,patch_67,26.45306,24.11732,26.075798,24.566132,27.197664
batch_00950_patch.tiff,patch_68,26.836779,23.578636,28.170504,23.102467,26.075968
batch_00950_patch.tiff,patch_69,26.383158,23.376299,27.13503,23.411222,26.65026
batch_00950_patch.tiff,patch_70,25.639095,23.702782,25.75926,24.9909,26.538618
batch_00950_patch.tiff,patch_71,25.269173,23.9348,24.99615,26.850725,28.13797
batch_00950_patch.tiff,patch_72,25.397478,23.487764,25.27991,26.18364,27.446962
batch_00950_patch.tiff,patch_73,24.576973,23.318027,24.717537,25.444407,26.423393
batch_00950_patch.tiff,patch_74,25.397446,23.50093,25.921753,23.846733,25.546436
batch_00950_patch.tiff,patch_75,25.353603,23.941795,26.541384,25.727062,26.46989
batch_00950_patch.tiff,patch_76,25.182232,23.776093,25.538479,24.210371,26.249077
batch_00950_patch.tiff,patch_77,26.672167,23.980007,26.228544,24.319002,26.419064
batch_00950_patch.tiff,patch_78,26.431664,24.488478,26.506094,25.330606,27.345093
batch_00950_patch.tiff,patch_79,27.38535,23.025211,27.636086,23.107944,26.470854
batch_00950_patch.tiff,patch_80,26.312391,23.673483,26.721647,23.335873,26.65141
batch_00950_patch.tiff,patch_81,26.285294,22.806173,26.030865,24.759127,27.003164
batch_00950_patch.tiff,patch_82,25.890572,24.3032,25.38876,26.451199,27.778166
batch_00950_patch.tiff,patch_83,26.272848,23.642412,26.453459,26.048273,26.825478
batch_00950_patch.tiff,patch_84,23.570406,22.598171,23.31141,25.22698,25.709091
batch_00950_patch.tiff,patch_85,25.785608,23.785135,25.583754,25.358072,26.709274
batch_00950_patch.tiff,patch_86,25.25982,22.919798,25.968842,25.50285,26.501944
batch_00950_patch.tiff,patch_87,26.21093,24.136902,26.988493,25.103058,26.234814
batch_00950_patch.tiff,patch_88,25.358416,24.315357,26.421537,25.416916,27.168474
batch_00950_patch.tiff,patch_89,25.537466,23.697979,25.845722,24.03457,26.93333
batch_00950_patch.tiff,patch_90,26.078222,24.451284,26.86757,24.843466,27.561062
batch_00950_patch.tiff,patch_91,25.37475,23.544502,26.537836,25.101946,27.426386
batch_00950_patch.tiff,patch_92,25.739708,23.188007,26.004217,24.677021,26.445404
batch_00950_patch.tiff,patch_93,25.046234,22.767593,25.024141,25.320082,25.655218
batch_00950_patch.tiff,patch_94,23.657366,22.851542,23.554962,25.67587,26.030518
batch_00950_patch.tiff,patch_95,25.3962,22.472013,25.137568,25.852037,25.944513
batch_00950_patch.tiff,patch_96,24.103916,23.286358,24.744349,24.298302,24.922651
batch_00950_patch.tiff,patch_97,23.99912,22.499598,24.436031,23.22101,25.025717
batch_00950_patch.tiff,patch_98,25.18614,24.750433,26.141743,24.021791,25.24909
batch_00950_patch.tiff,patch_99,25.3598,24.336258,26.016996,24.206097,25.446579
batch_00950_patch.tiff,patch_100,24.741198,23.393492,25.088858,24.340176,25.65708
batch_00950_patch.tiff,patch_101,24.460066,22.645975,24.922815,24.725935,25.921015
batch_00950_patch.tiff,patch_102,24.98487,22.830791,25.30768,24.57198,25.735504
batch_00950_patch.tiff,patch_103,24.619068,23.84794,24.989635,26.785206,27.671846
batch_00950_patch.tiff,patch_104,25.357178,23.163664,25.130608,24.270992,25.778145
batch_00950_patch.tiff,patch_105,24.663107,23.075424,23.739077,25.172697,25.72058
batch_00950_patch.tiff,patch_106,26.421364,24.385517,26.142202,26.458057,26.27073
batch_00950_patch.tiff,patch_107,25.352049,23.302462,25.86189,25.201445,26.311659
batch_00950_patch.tiff,patch_108,25.323812,23.026947,25.24561,24.273073,25.37221
batch_00950_patch.tiff,patch_109,24.618073,23.806177,25.726902,24.127462,25.326023
batch_00950_patch.tiff,patch_110,25.467928,24.704462,25.924654,24.762817,26.337246
batch_00950_patch.tiff,patch_111,25.400608,23.563032,27.122034,24.888073,26.236296
batch_00950_patch.tiff,patch_112,26.917894,24.490665,26.415993,24.30091,26.724321
batch_00950_patch.tiff,patch_113,25.026205,23.633448,25.521473,25.191168,26.074358
batch_00950_patch.tiff,patch_114,26.584291,24.021397,25.684732,26.13613,26.40178
batch_00950_patch.tiff,patch_115,24.909748,23.132069,24.824722,25.313787,26.46161
batch_00950_patch.tiff,patch_116,24.349012,23.204823,24.793339,25.835882,27.161718
batch_00950_patch.tiff,patch_117,25.157417,22.624664,24.766195,25.167704,26.882761
batch_00950_patch.tiff,patch_118,26.880554,23.969767,25.2845,23.879805,26.534834
batch_00950_patch.tiff,patch_119,25.318272,23.484505,24.199108,23.893421,25.67355
batch_00950_patch.tiff,patch_120,24.956505,23.63113,24.158062,25.13205,25.684294
batch_00950_patch.tiff,patch_121,23.553104,23.211794,22.1963,25.098146,25.04751
batch_00950_patch.tiff,patch_122,23.194202,23.39429,22.160065,24.741186,25.52628
batch_00950_patch.tiff,patch_123,26.617939,23.1405,27.005056,24.694344,26.775229
batch_00950_patch.tiff,patch_124,27.590466,24.463064,26.918732,25.912357,26.927938
batch_00950_patch.tiff,patch_125,25.796413,22.976744,24.178095,25.383953,26.31865
batch_00950_patch.tiff,patch_126,24.77647,22.484093,24.392122,24.199593,24.68165
batch_00950_patch.tiff,patch_127,25.185394,22.940641,24.804468,24.775187,26.074947
batch_00950_patch.tiff,patch_128,24.731873,22.586964,24.08726,24.863953,26.23026
batch_00950_patch.tiff,patch_129,26.468603,23.013998,26.271805,22.133928,26.25714
batch_00950_patch.tiff,patch_130,25.28456,24.737741,26.303522,24.965937,26.228325
batch_00950_patch.tiff,patch_131,24.3773,23.09286,25.480654,24.311823,24.528894
batch_00950_patch.tiff,patch_132,25.69763,23.193535,26.099062,24.30559,25.230053
batch_00950_patch.tiff,patch_133,23.997883,22.830257,23.302025,25.377438,26.001846
batch_00950_patch.tiff,patch_134,23.146767,22.322405,22.542803,25.320068,25.482395
batch_00950_patch.tiff,patch_135,26.619434,23.153145,26.995853,23.21632,25.771505
batch_00950_patch.tiff,patch_136,27.164408,23.63128,25.881418,23.417948,25.391
batch_00950_patch.tiff,patch_137,26.26998,23.624783,25.770573,25.197645,27.219635
batch_00950_patch.tiff,patch_138,25.600004,23.865032,26.090153,23.887564,26.081942
batch_00950_patch.tiff,patch_139,24.815847,23.301924,23.92758,24.641562,25.466953
batch_00950_patch.tiff,patch_140,24.696636,23.59326,24.813372,25.678299,26.797215
batch_00950_patch.tiff,patch_141,26.669842,24.70234,26.056013,26.493002,26.611439
batch_00950_patch.tiff,patch_142,25.413477,23.882868,25.402533,25.784607,26.1485
batch_00950_patch.tiff,patch_143,25.740356,23.174168,27.647814,24.074717,25.927132
batch_00950_patch.tiff,patch_144,24.333546,22.580202,23.508512,24.509218,26.346268
batch_00950_patch.tiff,patch_145,22.603682,21.568947,23.014841,24.759901,24.667088
batch_00950_patch.tiff,patch_146,27.349182,24.369858,27.171986,23.60948,26.43678
batch_00950_patch.tiff,patch_147,25.503721,24.11122,25.461325,23.894005,24.903755
batch_00950_patch.tiff,patch_148,25.56462,22.76889,26.063736,24.190065,25.774714
batch_00950_patch.tiff,patch_149,25.954107,23.677635,27.087051,24.084845,26.38873
batch_00950_patch.tiff,patch_150,26.145563,23.844645,27.479727,24.358288,26.473736
batch_00950_patch.tiff,patch_151,25.4419,23.582,24.326944,25.237497,26.694841
batch_00950_patch.tiff,patch_152,26.089977,25.131063,25.485746,25.236994,25.967611
batch_00950_patch.tiff,patch_153,26.08774,23.770304,26.563852,24.435493,25.633284
batch_00950_patch.tiff,patch_154,25.633642,23.288801,25.875828,24.008764,25.949585
batch_00950_patch.tiff,patch_155,24.189089,22.776468,22.877438,24.380434,26.348288
batch_00950_patch.tiff,patch_156,22.599943,22.616816,22.701685,25.884047,25.752047
batch_00950_patch.tiff,patch_157,25.7351,23.684395,25.323748,25.824654,27.120726
batch_00950_patch.tiff,patch_158,26.102785,22.805328,25.787666,22.807768,26.604765
batch_00950_patch.tiff,patch_159,25.81668,22.674608,27.52669,23.508947,25.460733
batch_00950_patch.tiff,patch_160,25.003893,22.22743,26.71555,23.23358,25.62189
batch_00950_patch.tiff,patch_161,25.775785,22.47164,26.690653,23.394918,26.144646
batch_00950_patch.tiff,patch_162,26.076372,23.247166,26.710398,24.13068,25.981195
batch_00950_patch.tiff,patch_163,24.072416,22.346413,23.763876,25.320005,26.520447
batch_00950_patch.tiff,patch_164,24.586369,22.880194,24.45903,25.037981,26.80939
batch_00950_patch.tiff,patch_165,25.341684,23.574594,24.35396,25.11979,26.794983
batch_00950_patch.tiff,patch_166,24.338781,22.96272,23.568743,25.109228,26.615759
batch_01000_patch.tiff,patch_0,24.895294,23.826088,27.231064,25.112074,26.614576
batch_01000_patch.tiff,patch_1,25.232403,23.46988,26.29035,25.236786,25.976158
batch_01000_patch.tiff,patch_2,23.975851,22.318531,23.77305,25.5362,25.274338
batch_01000_patch.tiff,patch_3,24.335852,23.61258,24.990072,25.018278,26.318537
batch_01000_patch.tiff,patch_4,24.760355,21.61148,24.625982,24.920706,25.000237
batch_01000_patch.tiff,patch_5,23.715073,22.631315,24.430803,25.00134,24.592398
batch_01000_patch.tiff,patch_6,25.31031,24.54992,25.202463,28.01525,26.867712
batch_01000_patch.tiff,patch_7,26.735548,24.62364,26.74126,25.634615,27.71153
batch_01000_patch.tiff,patch_8,26.78146,24.061607,26.592325,23.66083,25.2074
batch_01000_patch.tiff,patch_9,25.122124,24.328262,25.395748,24.400331,24.101992
batch_01000_patch.tiff,patch_10,25.375559,23.54381,25.961615,23.188002,25.471209
batch_01000_patch.tiff,patch_11,26.164064,24.105043,26.67668,22.618845,25.311804
batch_01000_patch.tiff,patch_12,24.036572,22.817982,24.785765,24.136131,25.371378
batch_01000_patch.tiff,patch_13,25.114101,23.751749,25.72354,26.025724,27.041649
batch_01000_patch.tiff,patch_14,24.197517,23.414621,25.705023,26.733513,27.099552
batch_01000_patch.tiff,patch_15,24.366224,22.300753,24.848766,23.71975,24.30432
batch_01000_patch.tiff,patch_16,23.902866,23.358025,23.745869,25.980927,25.551668
batch_01000_patch.tiff,patch_17,24.352856,22.671074,25.54712,25.538626,25.243828
batch_01000_patch.tiff,patch_18,25.957228,23.82201,25.765087,25.974133,26.744404
batch_01000_patch.tiff,patch_19,26.803488,25.181316,25.529577,27.265623,28.16472
batch_01000_patch.tiff,patch_20,26.19811,24.44814,26.497875,22.877523,25.255573
batch_01000_patch.tiff,patch_21,25.292877,25.075405,26.633144,24.695341,26.68552
batch_01000_patch.tiff,patch_22,26.560028,23.916985,27.729229,22.704298,25.596786
batch_01000_patch.tiff,patch_23,26.034224,24.716991,26.45739,26.815042,27.915733
batch_01000_patch.tiff,patch_24,26.408848,24.39891,25.831066,25.92444,27.362999
batch_01000_patch.tiff,patch_25,24.961744,22.320686,26.016607,24.264286,25.066317
batch_01000_patch.tiff,patch_26,24.182137,23.081823,23.864264,26.231518,26.26364
batch_01000_patch.tiff,patch_27,24.078346,22.20737,23.230162,24.504246,24.781538
batch_01000_patch.tiff,patch_28,25.59787,24.683542,26.026978,22.700071,24.901289
batch_01000_patch.tiff,patch_29,26.251211,24.364283,27.558264,24.028942,26.30272
batch_01000_patch.tiff,patch_30,25.738768,24.452131,26.01077,24.221195,25.32182
batch_01000_patch.tiff,patch_31,26.861813,24.540283,25.95817,25.213074,27.846586
batch_01000_patch.tiff,patch_32,25.38971,24.817738,25.823235,26.415068,28.4748
batch_01000_patch.tiff,patch_33,23.853622,21.912378,24.852997,23.749012,24.575163
batch_01000_patch.tiff,patch_34,22.991371,22.468014,24.445692,25.420832,24.605434
batch_01000_patch.tiff,patch_35,23.926964,22.520958,24.137955,25.234272,24.833061
batch_01000_patch.tiff,patch_36,26.340414,23.779537,26.427376,21.739025,24.159355
batch_01000_patch.tiff,patch_37,25.540249,23.155918,24.879711,24.170082,25.460915
batch_01000_patch.tiff,patch_38,26.915953,23.839853,27.41418,22.992397,25.929989
batch_01000_patch.tiff,patch_39,25.597586,23.73794,26.366209,26.204338,27.978716
batch_01000_patch.tiff,patch_40,25.738865,24.16151,24.294138,25.206959,26.823168
batch_01000_patch.tiff,patch_41,24.670933,22.445152,25.258394,23.481813,25.826445
batch_01000_patch.tiff,patch_42,24.825718,22.20154,24.31124,25.175798,25.59235
batch_01000_patch.tiff,patch_43,24.986767,22.759584,24.820288,24.957964,25.571667
batch_01000_patch.tiff,patch_44,25.57722,22.371843,23.370338,25.682016,25.473236
batch_01000_patch.tiff,patch_45,26.13757,23.946428,25.10518,24.449024,26.465572
batch_01000_patch.tiff,patch_46,26.372364,24.246136,25.446827,25.832495,27.61898
batch_01000_patch.tiff,patch_47,26.14511,23.540504,25.065737,25.828224,27.166952
batch_01000_patch.tiff,patch_48,24.964804,23.107845,25.072128,23.72561,25.269772
batch_01000_patch.tiff,patch_49,24.252607,22.812168,23.76696,25.918533,25.724049
batch_01000_patch.tiff,patch_50,25.242935,23.40492,24.705252,25.461506,25.90086
batch_01000_patch.tiff,patch_51,24.81463,22.949194,25.780643,25.501032,26.034672
batch_01000_patch.tiff,patch_52,24.637815,23.121422,25.283821,25.558727,27.125235
batch_01000_patch.tiff,patch_53,23.58038,22.249743,24.405731,25.431793,25.69283
batch_01000_patch.tiff,patch_54,25.777752,24.487535,25.433506,25.662928,27.99263
batch_01000_patch.tiff,patch_55,25.062168,23.379433,24.736351,25.70258,26.033073
batch_01000_patch.tiff,patch_56,24.901268,23.670158,23.923613,26.948559,24.925114
batch_01000_patch.tiff,patch_57,27.32783,23.751911,25.856926,23.812258,25.722433
batch_01000_patch.tiff,patch_58,25.848774,23.929026,26.669971,22.97902,24.789757
batch_01000_patch.tiff,patch_59,26.253014,24.411686,25.649738,24.787802,26.54234
batch_01000_patch.tiff,patch_60,25.180412,24.148458,23.641172,26.362293,27.935955
batch_01000_patch.tiff,patch_61,25.411215,24.309126,26.342815,23.405664,25.22953
batch_01000_patch.tiff,patch_62,25.686312,24.20015,26.443115,23.665928,25.333633
batch_01000_patch.tiff,patch_63,24.361105,22.978016,25.188555,23.993975,25.52646
batch_01000_patch.tiff,patch_64,23.791298,22.398579,24.50258,24.841452,25.587177
batch_01000_patch.tiff,patch_65,24.465355,22.866753,26.080622,24.270262,25.365824
batch_01000_patch.tiff,patch_66,25.415491,23.555634,25.08421,24.590929,27.122269
batch_01000_patch.tiff,patch_67,23.702576,22.612125,23.828878,26.110498,24.994087
batch_01000_patch.tiff,patch_68,24.81185,23.777166,24.516699,26.507448,25.601725
batch_01000_patch.tiff,patch_69,25.897493,24.781118,26.622759,24.490673,26.328571
batch_01000_patch.tiff,patch_70,25.629807,23.615602,26.318716,22.781525,24.802933
batch_01000_patch.tiff,patch_71,24.948849,24.42712,24.325525,26.291462,26.762943
batch_01000_patch.tiff,patch_72,26.484133,23.513895,25.613535,25.823147,26.495302
batch_01000_patch.tiff,patch_73,25.365267,23.684874,26.796528,23.506344,24.395834
batch_01000_patch.tiff,patch_74,24.3715,22.897167,24.903818,25.613462,26.031918
batch_01000_patch.tiff,patch_75,24.31875,23.288244,25.11898,23.92808,25.141981
batch_01000_patch.tiff,patch_76,25.248055,22.950653,26.036007,24.4529,25.672821
batch_01000_patch.tiff,patch_77,24.783625,22.641003,24.803484,24.60799,25.341553
batch_01000_patch.tiff,patch_78,23.849808,22.121729,25.016531,26.3218,26.62049
batch_01000_patch.tiff,patch_79,24.106504,23.080816,25.643118,27.471384,27.174072
batch_01000_patch.tiff,patch_80,24.614918,24.084812,25.609243,24.34014,25.230612
batch_01000_patch.tiff,patch_81,24.62963,22.399609,25.462137,23.048647,24.456537
batch_01000_patch.tiff,patch_82,24.290403,22.110209,24.403221,23.262888,24.22249
batch_01000_patch.tiff,patch_83,24.628016,22.809599,25.296976,24.203041,25.830456
batch_01000_patch.tiff,patch_84,24.291164,22.621063,24.64529,24.870468,24.865015
batch_01000_patch.tiff,patch_85,24.063538,22.944954,23.829199,26.488262,25.568205
batch_01000_patch.tiff,patch_86,26.922342,22.909695,27.47063,22.499756,24.880215
batch_01000_patch.tiff,patch_87,25.211596,24.161879,24.87792,24.170446,25.629627
batch_01000_patch.tiff,patch_88,25.262772,24.370552,25.081085,23.635498,25.534805
batch_01000_patch.tiff,patch_89,24.427896,22.575712,24.524261,24.545414,25.195158
batch_01000_patch.tiff,patch_90,24.741877,24.004469,24.729622,27.088984,27.03611
batch_01000_patch.tiff,patch_91,27.056082,24.243076,26.805162,25.266409,27.850266
batch_01000_patch.tiff,patch_92,26.679876,25.010973,26.466923,25.621065,28.110668
batch_01000_patch.tiff,patch_93,24.185556,23.629799,23.198061,26.544634,25.946878
batch_01000_patch.tiff,patch_94,25.490532,22.850079,25.22131,24.885933,26.192795
batch_01000_patch.tiff,patch_95,24.903315,23.762564,25.639484,25.469374,26.755272
batch_01000_patch.tiff,patch_96,25.999962,24.594551,25.203186,26.655447,28.393646
batch_01000_patch.tiff,patch_97,24.393333,23.500652,23.749283,26.589787,26.423494
batch_01000_patch.tiff,patch_98,23.816309,23.217972,24.297874,25.77393,25.710608
batch_01000_patch.tiff,patch_99,24.50072,24.068958,23.45471,25.774752,26.308594
batch_01000_patch.tiff,patch_100,26.889835,23.204155,27.202269,22.33428,25.485706
batch_01000_patch.tiff,patch_101,25.93329,24.073978,26.035877,23.675333,24.657457
batch_01000_patch.tiff,patch_102,24.989828,23.935719,25.644089,25.444775,26.164726
batch_01000_patch.tiff,patch_103,24.862738,22.568203,24.840338,24.064426,25.309755
batch_01000_patch.tiff,patch_104,25.000427,23.758413,24.06851,24.78891,27.175873
batch_01000_patch.tiff,patch_105,26.066494,23.923841,24.987516,24.68745,27.25256
batch_01000_patch.tiff,patch_106,24.142014,22.976097,25.22578,24.170315,25.850258
batch_01000_patch.tiff,patch_107,24.34565,23.296658,25.006197,26.21079,25.69876
batch_01000_patch.tiff,patch_108,26.109224,23.813028,26.220602,25.80601,27.961447
batch_01000_patch.tiff,patch_109,25.712229,23.932163,26.44038,26.078503,28.304176
batch_01000_patch.tiff,patch_110,24.667995,22.924894,24.165953,24.336672,24.385101
batch_01000_patch.tiff,patch_111,24.007221,22.226067,24.069464,24.132732,25.05984
batch_01000_patch.tiff,patch_112,25.013454,23.568874,24.577335,25.087475,26.32664
batch_01000_patch.tiff,patch_113,25.088932,22.912474,24.409101,24.07834,25.457502
batch_01000_patch.tiff,patch_114,26.11862,24.469343,24.86637,26.960577,27.264069
batch_01000_patch.tiff,patch_115,24.415031,23.590254,25.732395,27.015873,26.399006
batch_01000_patch.tiff,patch_116,25.538702,23.567293,25.653429,24.424425,25.397484
batch_01000_patch.tiff,patch_117,25.874151,23.353642,26.804647,24.116615,26.210665
batch_01000_patch.tiff,patch_118,25.405695,23.920574,25.45234,24.586386,26.51836
batch_01000_patch.tiff,patch_119,24.85422,23.166628,24.85679,24.695736,26.91714
batch_01000_patch.tiff,patch_120,24.93544,23.695988,24.70561,25.435648,26.55534
batch_01000_patch.tiff,patch_121,23.875336,22.664564,24.627584,25.70109,25.207682
batch_01000_patch.tiff,patch_122,24.145647,22.651531,24.260462,25.172604,24.845207
batch_01000_patch.tiff,patch_123,23.56175,23.48585,25.232172,25.49392,26.789684
batch_01000_patch.tiff,patch_124,26.70428,23.932817,27.835112,23.073376,25.47254
batch_01000_patch.tiff,patch_125,25.676714,23.169529,26.933014,23.063444,24.989716
batch_01050_patch.tiff,patch_0,26.053862,23.360683,26.05734,22.775133,24.365522
batch_01050_patch.tiff,patch_1,26.11417,24.464323,27.091408,23.455814,25.05427
batch_01050_patch.tiff,patch_2,26.99311,24.972773,25.993868,25.104952,26.469053
batch_01050_patch.tiff,patch_3,26.804483,25.354889,27.376482,23.244316,24.963135
batch_01050_patch.tiff,patch_4,26.443056,22.853811,24.291685,23.46704,25.679462
batch_01050_patch.tiff,patch_5,27.12171,23.640846,24.248953,23.96076,26.124199
batch_01050_patch.tiff,patch_6,26.459877,23.860495,26.04623,23.458622,25.66086
batch_01050_patch.tiff,patch_7,27.502613,22.14331,26.021547,21.646477,24.797071
batch_01050_patch.tiff,patch_8,26.88445,24.297064,25.776772,24.48583,26.525404
batch_01050_patch.tiff,patch_9,26.877861,23.246069,25.387968,23.094807,25.034737
batch_01050_patch.tiff,patch_10,27.644464,24.837767,26.450865,24.956102,27.261896
batch_01050_patch.tiff,patch_11,24.266388,24.175055,24.665167,26.73492,26.442417
batch_01050_patch.tiff,patch_12,24.358147,23.66941,23.776937,26.354067,27.218504
batch_01050_patch.tiff,patch_13,26.27221,24.978954,27.060165,23.908646,25.455446
batch_01050_patch.tiff,patch_14,25.960167,24.221025,26.705786,24.16674,26.00737
batch_01050_patch.tiff,patch_15,26.185333,24.778702,27.077967,23.82977,24.893131
batch_01050_patch.tiff,patch_16,26.844513,22.086046,24.025112,23.775278,25.414335
batch_01050_patch.tiff,patch_17,25.658201,22.722355,25.555052,25.064646,27.526585
batch_01050_patch.tiff,patch_18,26.547361,22.6665,25.199017,23.197718,24.496826
batch_01050_patch.tiff,patch_19,27.127398,22.058058,26.49153,21.428822,25.109468
batch_01050_patch.tiff,patch_20,28.125425,24.060808,25.608185,23.574492,26.439499
batch_01050_patch.tiff,patch_21,26.40365,23.74968,24.722168,24.96895,26.602837
batch_01050_patch.tiff,patch_22,26.909676,24.963396,25.94724,26.249958,27.05288
batch_01050_patch.tiff,patch_23,26.116064,24.637209,25.813293,25.42589,27.702866
batch_01050_patch.tiff,patch_24,25.022919,23.146269,23.736868,25.600428,26.707947
batch_01050_patch.tiff,patch_25,26.328743,23.865772,26.418379,23.720766,25.111628
batch_01050_patch.tiff,patch_26,25.702127,23.879742,24.82488,24.401155,25.39221
batch_01050_patch.tiff,patch_27,28.03868,24.057858,27.666344,23.252745,25.813889
batch_01050_patch.tiff,patch_28,26.939234,24.766064,27.84668,23.201834,24.66716
batch_01050_patch.tiff,patch_29,27.378645,22.717646,26.145964,22.863386,25.812431
batch_01050_patch.tiff,patch_30,26.029594,22.109413,25.369202,23.459808,26.435001
batch_01050_patch.tiff,patch_31,27.678257,23.047934,24.900448,23.852966,25.205156
batch_01050_patch.tiff,patch_32,27.742779,23.212395,25.227484,22.55147,25.20294
batch_01050_patch.tiff,patch_33,26.849195,23.79579,24.826803,24.436235,26.27264
batch_01050_patch.tiff,patch_34,26.829983,24.989609,26.16083,24.947174,26.494154
batch_01050_patch.tiff,patch_35,24.835201,25.208261,23.947994,25.406614,27.116104
batch_01050_patch.tiff,patch_36,26.677565,25.133352,26.064648,24.643074,27.02921
batch_01050_patch.tiff,patch_37,26.733397,22.529295,26.054825,23.312656,27.209742
batch_01050_patch.tiff,patch_38,26.803268,24.198416,27.100498,22.79466,25.10695
batch_01050_patch.tiff,patch_39,26.656769,23.325708,26.259085,23.537743,25.64372
batch_01050_patch.tiff,patch_40,27.640598,23.926498,27.386251,23.869371,26.557634
batch_01050_patch.tiff,patch_41,27.356133,25.23422,26.777344,23.760067,25.206444
batch_01050_patch.tiff,patch_42,27.781267,21.858803,25.98851,21.880766,25.397867
batch_01050_patch.tiff,patch_43,26.772652,22.820065,25.23205,23.037924,25.712858
batch_01050_patch.tiff,patch_44,28.356,23.35088,26.124966,23.441456,25.267242
batch_01050_patch.tiff,patch_45,27.70467,22.73746,25.215494,21.817667,25.597908
batch_01050_patch.tiff,patch_46,26.633112,22.746218,23.911974,24.390469,25.899115
batch_01050_patch.tiff,patch_47,28.004303,23.098679,26.02291,23.602766,25.92764
batch_01050_patch.tiff,patch_48,24.502188,24.680857,24.209751,25.365147,25.659735
batch_01050_patch.tiff,patch_49,25.24287,24.39814,24.498728,24.275736,26.394472
batch_01050_patch.tiff,patch_50,26.911901,22.702793,25.722994,23.904356,26.802
batch_01050_patch.tiff,patch_51,26.627455,24.126934,27.395624,22.043392,24.502428
batch_01050_patch.tiff,patch_52,26.365707,24.063074,25.875854,22.861832,24.608315
batch_01050_patch.tiff,patch_53,26.778065,25.291414,27.100399,24.665068,26.381771
batch_01050_patch.tiff,patch_54,27.769634,25.039412,26.756733,24.401001,26.706184
batch_01050_patch.tiff,patch_55,26.891596,23.856253,26.246492,26.018658,26.605215
batch_01050_patch.tiff,patch_56,26.786901,22.239824,25.44685,22.294764,24.608171
batch_01050_patch.tiff,patch_57,26.573666,23.500544,25.175781,25.146908,26.962334
batch_01050_patch.tiff,patch_58,26.437284,23.427048,22.847048,25.87748,27.389393
batch_01050_patch.tiff,patch_59,24.597015,24.667624,23.700972,26.041819,25.849823
batch_01050_patch.tiff,patch_60,24.45032,24.52365,25.647396,23.825653,26.069742
batch_01050_patch.tiff,patch_61,27.26402,24.34229,27.1095,23.20855,25.10982
batch_01050_patch.tiff,patch_62,26.786371,23.61611,27.222828,23.768223,25.90614
batch_01050_patch.tiff,patch_63,27.373695,24.574959,26.848545,23.894016,25.854313
batch_01050_patch.tiff,patch_64,26.592705,24.612919,26.585728,22.506533,24.312452
batch_01050_patch.tiff,patch_65,26.552324,25.165016,27.187305,25.478683,28.405827
batch_01050_patch.tiff,patch_66,26.510403,25.257051,25.400255,27.14613,29.305214
batch_01050_patch.tiff,patch_67,27.451014,24.263609,26.866373,24.081362,26.501759
batch_01050_patch.tiff,patch_68,26.66194,22.257122,25.379595,22.654142,24.138004
batch_01050_patch.tiff,patch_69,26.690083,23.269915,25.24063,24.052834,26.874405
batch_01050_patch.tiff,patch_70,26.160814,23.552206,24.376404,24.84997,26.603813
batch_01050_patch.tiff,patch_71,25.99149,25.404541,24.950201,26.244732,27.167124
batch_01050_patch.tiff,patch_72,25.525957,25.159945,25.582008,25.711227,26.371746
batch_01050_patch.tiff,patch_73,27.267633,24.347565,26.241564,23.454176,24.648264
batch_01050_patch.tiff,patch_74,26.503614,24.639624,27.478691,23.197105,25.023457
batch_01050_patch.tiff,patch_75,27.959291,22.458849,25.494102,22.436607,25.477083
batch_01050_patch.tiff,patch_76,25.458403,22.306787,24.662996,22.434895,23.80714
batch_01050_patch.tiff,patch_77,26.642742,23.041513,24.197336,24.620409,26.002619
batch_01050_patch.tiff,patch_78,26.890612,23.59004,26.377058,23.28351,25.45655
batch_01050_patch.tiff,patch_79,26.49574,23.311954,22.768929,24.763756,27.28197
batch_01050_patch.tiff,patch_80,25.588667,22.912014,24.093939,25.172579,26.202507
batch_01050_patch.tiff,patch_81,23.856306,22.042906,22.34016,24.759304,25.470858
batch_01050_patch.tiff,patch_82,27.424654,24.283175,26.67036,23.235224,24.432983
batch_01050_patch.tiff,patch_83,26.432865,24.6385,27.095127,21.917437,24.028704
batch_01050_patch.tiff,patch_84,26.02556,21.524675,24.92952,22.11613,25.446127
batch_01050_patch.tiff,patch_85,27.463037,23.47138,25.189917,23.683456,26.210863
batch_01050_patch.tiff,patch_86,26.23053,21.194927,24.436623,23.04846,24.810581
batch_01050_patch.tiff,patch_87,27.626389,23.229073,26.067276,22.555874,26.349634
batch_01050_patch.tiff,patch_88,26.33573,22.761625,25.809357,25.34983,26.000288
batch_01050_patch.tiff,patch_89,26.461016,22.592245,25.56521,23.555569,26.252346
batch_01050_patch.tiff,patch_90,27.673111,24.062544,25.681494,23.12805,26.122902
batch_01050_patch.tiff,patch_91,26.752897,23.8913,23.780638,25.368452,27.819517
batch_01050_patch.tiff,patch_92,25.053078,22.79174,24.255795,25.605354,26.008215
batch_01050_patch.tiff,patch_93,24.944496,23.195944,23.303858,25.599014,26.542093
batch_01050_patch.tiff,patch_94,27.296118,25.109686,26.83138,23.840021,25.834072
batch_01050_patch.tiff,patch_95,25.26147,25.589563,26.570507,23.090014,25.608175
batch_01050_patch.tiff,patch_96,27.61782,23.235922,26.203812,23.817705,25.497501
batch_01050_patch.tiff,patch_97,27.422071,23.306564,24.54639,23.969496,26.184784
batch_01050_patch.tiff,patch_98,26.28473,23.652777,23.797922,24.29307,27.36381
batch_01050_patch.tiff,patch_99,25.130602,23.221823,21.758808,23.779457,26.379213
batch_01050_patch.tiff,patch_100,26.369993,22.882753,24.806967,22.578712,24.681147
batch_01050_patch.tiff,patch_101,26.020267,23.774797,22.97498,26.148106,27.124065
batch_01050_patch.tiff,patch_102,24.510231,22.766483,23.897045,24.916166,26.119076
batch_01050_patch.tiff,patch_103,24.52018,23.236431,22.638945,25.453867,26.705563
batch_01050_patch.tiff,patch_104,26.561148,24.082653,26.779451,24.17716,25.579222
batch_01050_patch.tiff,patch_105,26.071175,24.168106,26.013538,24.213985,25.70346
batch_01050_patch.tiff,patch_106,28.116344,23.435808,25.185904,23.443996,26.352764
batch_01050_patch.tiff,patch_107,26.747377,23.249754,24.607939,24.547203,26.231783
batch_01050_patch.tiff,patch_108,28.08064,22.188433,24.826239,23.02471,26.371668
batch_01050_patch.tiff,patch_109,25.484077,23.546618,21.74306,25.542828,26.955675
batch_01050_patch.tiff,patch_110,26.064682,23.102142,22.143703,24.321978,27.04316
batch_01050_patch.tiff,patch_111,27.272118,23.877314,24.907356,24.406097,27.044655
batch_01050_patch.tiff,patch_112,26.451077,23.62937,23.109978,25.075232,26.945345
batch_01050_patch.tiff,patch_113,24.382555,23.508804,23.293306,26.27535,27.299812
batch_01050_patch.tiff,patch_114,24.850918,22.865252,23.46682,25.611858,27.33514
batch_01050_patch.tiff,patch_115,25.21774,23.412838,25.783281,26.09126,25.810944
batch_01050_patch.tiff,patch_116,26.654404,24.104668,26.391182,24.261423,26.710392
batch_01050_patch.tiff,patch_117,27.795282,22.506247,26.559675,22.172485,26.070087
batch_01050_patch.tiff,patch_118,26.095848,22.595356,22.92984,23.237732,26.02251
batch_01050_patch.tiff,patch_119,26.660084,23.337421,23.460215,24.907396,27.007988
batch_01050_patch.tiff,patch_120,26.124523,24.718857,26.324919,25.670193,26.194715
batch_01050_patch.tiff,patch_121,26.94162,25.495213,25.391193,26.933102,28.828642
batch_01050_patch.tiff,patch_122,26.179813,23.73243,25.615305,24.832932,27.271193
batch_01050_patch.tiff,patch_123,26.875643,24.958782,25.456015,25.085127,26.844471
batch_01050_patch.tiff,patch_124,24.108202,21.995005,22.612648,24.613855,26.351091
batch_01050_patch.tiff,patch_125,24.34511,22.608433,23.442617,24.011898,26.306765
batch_01050_patch.tiff,patch_126,26.202572,24.588627,25.92252,24.084259,25.506083
batch_01050_patch.tiff,patch_127,26.111197,24.45614,26.55325,24.934483,25.719687
batch_01050_patch.tiff,patch_128,27.124348,22.31949,25.533321,23.050116,24.975573
batch_01050_patch.tiff,patch_129,26.08649,22.549376,22.161077,24.441677,26.791681
batch_01050_patch.tiff,patch_130,26.531176,22.90024,24.351755,25.30917,26.742842
batch_01050_patch.tiff,patch_131,25.783653,25.13765,25.792091,25.523241,27.559446
batch_01050_patch.tiff,patch_132,27.512295,25.262592,25.687551,26.546951,28.175344
batch_01050_patch.tiff,patch_133,26.084393,24.297964,25.795973,25.498127,27.797783
batch_01050_patch.tiff,patch_134,26.721931,24.162638,23.752197,24.895924,26.459454
batch_01050_patch.tiff,patch_135,24.533548,22.141665,22.697865,24.613768,26.944767
batch_01050_patch.tiff,patch_136,24.622452,22.69003,23.304277,24.31414,26.669535
batch_01050_patch.tiff,patch_137,26.142164,23.067545,26.909555,22.859373,24.808172
batch_01050_patch.tiff,patch_138,27.042149,24.702612,27.594715,24.51642,25.826591
batch_01050_patch.tiff,patch_139,26.378681,23.46236,25.387371,24.539675,27.330988
batch_01050_patch.tiff,patch_140,26.700003,23.46714,24.833017,24.3283,26.75865
batch_01050_patch.tiff,patch_141,24.951818,22.474033,22.524277,26.168215,25.896095
batch_01050_patch.tiff,patch_142,25.726503,23.250679,24.975285,22.951786,25.367878
batch_01050_patch.tiff,patch_143,24.925213,24.339973,23.838446,25.789295,26.497263
batch_01050_patch.tiff,patch_144,25.306067,24.920738,24.528742,25.358252,26.903532
batch_01050_patch.tiff,patch_145,25.640934,23.140154,24.511442,24.612938,26.843052
batch_01050_patch.tiff,patch_146,26.875515,22.823034,26.338707,22.795748,25.966225
batch_01050_patch.tiff,patch_147,26.854246,24.586615,27.261347,23.89377,26.04609
batch_01050_patch.tiff,patch_148,26.060385,24.294294,27.089352,23.868498,25.490887
batch_01050_patch.tiff,patch_149,27.348522,22.076813,23.690722,22.527365,24.942055
batch_01050_patch.tiff,patch_150,26.895992,23.104303,25.464376,23.202574,25.713291
batch_01050_patch.tiff,patch_151,26.980354,23.32409,24.910713,23.932884,26.56322
batch_01050_patch.tiff,patch_152,27.503275,23.867216,25.031353,24.24025,27.19412
batch_01050_patch.tiff,patch_153,26.237123,22.989388,23.332989,24.767378,26.871914
batch_01050_patch.tiff,patch_154,25.56216,23.067255,22.566994,25.695517,26.529503
batch_01050_patch.tiff,patch_155,25.245525,24.577553,24.19049,26.964643,26.540321
batch_01050_patch.tiff,patch_156,25.723837,24.720428,24.301065,25.287199,26.142399
batch_01050_patch.tiff,patch_157,24.946367,22.767538,24.310457,24.787544,26.300009
batch_01050_patch.tiff,patch_158,26.471144,22.460224,25.448332,23.73258,26.435524
batch_01050_patch.tiff,patch_159,26.504229,24.174282,25.611149,25.714302,26.349188
batch_01050_patch.tiff,patch_160,26.133902,24.829147,24.782024,25.847824,26.89645
batch_01050_patch.tiff,patch_161,26.982794,22.138803,25.15884,23.102987,25.715315
batch_01050_patch.tiff,patch_162,26.53104,22.459059,25.316578,24.198385,26.499266
batch_01050_patch.tiff,patch_163,26.261856,22.24968,24.133705,22.552034,25.982454
batch_01050_patch.tiff,patch_164,26.842516,23.298319,25.376791,23.637081,25.834026
batch_01050_patch.tiff,patch_165,26.06396,23.713285,23.47893,24.859337,26.772383
batch_01050_patch.tiff,patch_166,25.839485,23.534403,23.426775,25.667242,27.023548
batch_01050_patch.tiff,patch_167,25.343374,26.101154,25.699472,24.512733,26.92279
batch_01050_patch.tiff,patch_168,25.504396,24.035046,23.536558,26.4336,27.379086
batch_01050_patch.tiff,patch_169,25.618298,22.962414,24.20074,23.078901,26.368702
batch_01050_patch.tiff,patch_170,25.20945,22.856258,23.548468,24.571707,26.357553
batch_01100_patch.tiff,patch_0,25.735243,23.696423,25.825108,23.84344,26.35994
batch_01100_patch.tiff,patch_1,25.559536,22.973608,24.498909,25.32957,26.931557
batch_01100_patch.tiff,patch_2,24.365484,23.542002,23.730534,25.100796,25.644623
batch_01100_patch.tiff,patch_3,23.09397,22.800024,22.59913,26.410362,26.016422
batch_01100_patch.tiff,patch_4,25.785933,23.217672,25.387375,24.026037,26.44509
batch_01100_patch.tiff,patch_5,25.802357,23.222857,24.289673,24.360836,26.271564
batch_01100_patch.tiff,patch_6,26.042719,24.19377,25.229017,25.56609,27.03617
batch_01100_patch.tiff,patch_7,25.902306,24.540358,25.787119,24.184084,27.003422
batch_01100_patch.tiff,patch_8,24.512196,24.756857,23.69273,25.110516,26.970661
batch_01100_patch.tiff,patch_9,24.665243,20.792744,22.001438,22.714,24.370033
batch_01100_patch.tiff,patch_10,24.990128,23.279278,25.619469,24.09301,25.382824
batch_01100_patch.tiff,patch_11,26.033598,23.195837,25.183983,23.59464,26.900429
batch_01100_patch.tiff,patch_12,23.305428,23.228247,22.873228,24.946499,24.936415
batch_01100_patch.tiff,patch_13,24.1062,24.124516,24.21066,24.701283,25.45204
batch_01100_patch.tiff,patch_14,26.207184,22.859327,26.97116,23.343431,25.052542
batch_01100_patch.tiff,patch_15,25.43663,22.799026,25.185734,23.50213,26.17661
batch_01100_patch.tiff,patch_16,25.557545,23.821087,25.188297,25.425447,27.000437
batch_01100_patch.tiff,patch_17,25.991865,24.079292,25.089876,25.138334,26.61122
batch_01100_patch.tiff,patch_18,25.886026,23.953705,24.155546,24.579443,26.12911
batch_01100_patch.tiff,patch_19,25.036669,21.897463,22.783113,23.388905,24.900167
batch_01100_patch.tiff,patch_20,25.838276,23.18524,26.462736,23.219751,25.600319
batch_01100_patch.tiff,patch_21,26.664051,24.391708,26.015821,23.713375,26.13237
batch_01100_patch.tiff,patch_22,23.551733,23.739254,23.075232,25.792603,25.905815
batch_01100_patch.tiff,patch_23,24.691689,21.943375,25.00007,23.368898,24.425617
batch_01100_patch.tiff,patch_24,24.39105,22.332245,24.725811,23.51637,25.322897
batch_01100_patch.tiff,patch_25,26.40521,25.07815,25.450497,25.246878,26.877932
batch_01100_patch.tiff,patch_26,26.386272,24.730192,25.668741,26.192432,27.64564
batch_01100_patch.tiff,patch_27,24.8016,23.767324,23.543741,26.20548,26.574781
batch_01100_patch.tiff,patch_28,24.59482,24.923615,25.133493,24.430414,27.579554
batch_01100_patch.tiff,patch_29,25.438631,25.36172,25.788221,24.688244,27.396818
batch_01100_patch.tiff,patch_30,24.450985,24.338438,23.688862,25.021486,27.06147
batch_01100_patch.tiff,patch_31,24.91993,20.850647,21.340519,24.050331,24.479813
batch_01100_patch.tiff,patch_32,24.772806,24.23482,24.55372,26.444014,26.581396
batch_01100_patch.tiff,patch_33,25.666458,25.06245,25.949646,26.802048,28.141542
batch_01100_patch.tiff,patch_34,24.23027,24.331955,23.824005,24.561386,26.357313
batch_01100_patch.tiff,patch_35,24.304314,23.26323,23.315765,25.169764,25.922455
batch_01100_patch.tiff,patch_36,25.980417,25.01826,24.724436,27.516176,28.607994
batch_01100_patch.tiff,patch_37,25.351349,24.256245,25.948622,24.970186,26.41693
batch_01100_patch.tiff,patch_38,24.19975,24.663765,23.906765,24.124311,25.481853
batch_01100_patch.tiff,patch_39,25.191813,23.365627,24.348536,25.074198,27.077068
batch_01100_patch.tiff,patch_40,25.726759,21.259462,22.076656,24.271244,25.483824
batch_01100_patch.tiff,patch_41,25.115974,22.44056,25.041824,23.74378,26.306452
batch_01100_patch.tiff,patch_42,26.116045,22.904085,26.396593,23.136753,26.452452
batch_01100_patch.tiff,patch_43,26.108425,23.449722,26.331886,24.06489,27.13932
batch_01100_patch.tiff,patch_44,25.848642,23.118357,26.543802,23.173618,26.15392
batch_01100_patch.tiff,patch_45,25.846855,23.637274,23.88314,25.518171,27.172071
batch_01100_patch.tiff,patch_46,26.257853,23.854624,24.408548,26.023764,26.994984
batch_01100_patch.tiff,patch_47,26.376617,23.698187,25.40677,22.935703,25.10886
batch_01100_patch.tiff,patch_48,25.70926,23.492002,25.896053,23.6357,25.364372
batch_01100_patch.tiff,patch_49,24.946402,22.669239,24.216084,23.280937,26.341331
batch_01100_patch.tiff,patch_50,26.929077,22.595251,25.722303,22.504234,25.555403
batch_01100_patch.tiff,patch_51,26.445147,23.285238,27.10651,23.567873,26.708748
batch_01100_patch.tiff,patch_52,25.988762,24.889782,24.738312,24.348604,27.4467
batch_01100_patch.tiff,patch_53,25.469028,23.207071,24.612017,25.29286,27.005068
batch_01100_patch.tiff,patch_54,25.577015,24.27329,23.655413,26.301502,27.217522
batch_01100_patch.tiff,patch_55,26.345287,23.018442,25.500452,22.991327,25.285965
batch_01100_patch.tiff,patch_56,25.841831,22.81546,25.510824,23.761988,25.07643
batch_01100_patch.tiff,patch_57,25.113314,23.906183,25.0436,25.224512,27.668797
batch_01100_patch.tiff,patch_58,24.458654,23.66683,22.791893,24.607681,27.176699
batch_01100_patch.tiff,patch_59,25.150908,23.814037,24.318443,26.281523,26.7282
batch_01100_patch.tiff,patch_60,24.642527,23.097235,23.979334,25.060486,25.74543
batch_01100_patch.tiff,patch_61,26.323519,22.753891,25.621826,22.184753,24.564621
batch_01100_patch.tiff,patch_62,24.894073,24.073915,23.535334,23.38429,26.743687
batch_01100_patch.tiff,patch_63,25.248547,23.868933,24.063343,24.99119,27.174688
batch_01100_patch.tiff,patch_64,23.773932,22.85121,23.751217,25.183409,26.359701
batch_01100_patch.tiff,patch_65,25.092335,23.116655,24.482944,24.540209,26.322126
batch_01100_patch.tiff,patch_66,27.22564,22.671482,25.092709,22.805403,25.705576
batch_01100_patch.tiff,patch_67,26.196775,22.635511,25.460522,22.460194,24.91657
batch_01100_patch.tiff,patch_68,23.413485,23.968924,22.992485,25.550964,25.90357
batch_01100_patch.tiff,patch_69,23.637163,24.231516,23.085606,25.561602,25.916792
batch_01100_patch.tiff,patch_70,25.838064,22.291063,25.10546,23.53357,26.2038
batch_01100_patch.tiff,patch_71,25.399721,24.7253,25.977598,25.394087,27.35985
batch_01100_patch.tiff,patch_72,25.554203,22.479708,26.286943,23.076252,26.342682
batch_01100_patch.tiff,patch_73,25.52501,23.482912,25.940866,24.889963,26.669178
batch_01100_patch.tiff,patch_74,27.604486,24.643702,25.618649,24.322714,27.704933
batch_01100_patch.tiff,patch_75,23.400793,22.871428,23.479156,26.64132,26.003199
batch_01100_patch.tiff,patch_76,25.651617,22.369442,23.79171,22.151403,23.961426
batch_01100_patch.tiff,patch_77,25.438213,22.465305,25.312044,21.556242,23.788483
batch_01100_patch.tiff,patch_78,23.794825,24.473734,24.038157,24.788319,25.879955
batch_01100_patch.tiff,patch_79,26.196144,24.666971,26.356146,24.346598,27.249363
batch_01100_patch.tiff,patch_80,26.347687,24.724552,27.156292,25.615177,28.38664
batch_01100_patch.tiff,patch_81,26.175745,24.276556,27.15772,25.619305,26.877377
batch_01100_patch.tiff,patch_82,25.087736,24.037107,25.50675,24.931612,27.353346
batch_01100_patch.tiff,patch_83,27.331694,25.557598,26.833023,25.996431,28.33064
batch_01100_patch.tiff,patch_84,25.668577,24.361134,25.343803,26.484953,27.33389
batch_01100_patch.tiff,patch_85,26.542921,23.200825,26.037579,22.407412,24.203802
batch_01100_patch.tiff,patch_86,26.516617,23.346169,26.657549,22.239994,24.763273
batch_01100_patch.tiff,patch_87,24.132973,22.866413,23.74904,25.39542,26.346388
batch_01100_patch.tiff,patch_88,24.736937,23.66192,22.449701,25.047619,26.720465
batch_01100_patch.tiff,patch_89,25.966066,23.674246,25.453056,24.802494,27.04189
batch_01100_patch.tiff,patch_90,26.320793,23.687773,25.019253,25.063929,26.824131
batch_01100_patch.tiff,patch_91,24.37773,22.896145,24.208214,24.814272,26.196003
batch_01100_patch.tiff,patch_92,24.23303,23.365211,23.654055,24.988913,26.158321
batch_01100_patch.tiff,patch_93,25.053865,24.142715,23.21615,25.449186,26.97922
batch_01100_patch.tiff,patch_94,25.26445,23.006685,24.860495,22.857773,24.347656
batch_01100_patch.tiff,patch_95,25.513018,23.423483,24.590588,24.505808,25.554838
batch_01100_patch.tiff,patch_96,25.515718,22.600607,23.879648,24.169212,26.179083
batch_01100_patch.tiff,patch_97,24.371433,22.22313,23.236908,24.906176,25.61935
batch_01100_patch.tiff,patch_98,25.645061,24.242048,26.091528,26.067623,27.554186
batch_01100_patch.tiff,patch_99,25.093235,24.152988,25.447828,25.426405,26.832983
batch_01100_patch.tiff,patch_100,26.108229,22.532454,25.936405,22.120697,24.120335
batch_01100_patch.tiff,patch_101,24.539288,23.619257,24.873951,25.405796,26.820522
batch_01100_patch.tiff,patch_102,24.878479,23.824638,24.964994,26.302881,27.519457
batch_01100_patch.tiff,patch_103,25.167786,23.534294,24.553541,25.318087,25.63542
batch_01100_patch.tiff,patch_104,25.094225,22.529783,23.651705,23.352493,24.532927
batch_01100_patch.tiff,patch_105,25.09705,24.915815,22.663631,24.305506,27.093338
batch_01100_patch.tiff,patch_106,23.577477,23.133709,21.858622,25.638683,25.281298
batch_01100_patch.tiff,patch_107,24.545246,23.60732,24.450975,26.524906,26.654089
batch_01100_patch.tiff,patch_108,25.630033,23.96682,25.290834,25.486317,27.833874
batch_01100_patch.tiff,patch_109,25.878242,23.40346,25.748053,24.125446,26.492088
batch_01100_patch.tiff,patch_110,25.648512,23.12874,25.531027,24.223063,26.562319
batch_01100_patch.tiff,patch_111,26.143236,23.75567,24.35534,24.825418,27.380627
batch_01100_patch.tiff,patch_112,27.557531,23.75159,25.207602,26.119768,26.993084
batch_01100_patch.tiff,patch_113,24.690145,22.771046,24.028425,24.693182,24.598663
batch_01100_patch.tiff,patch_114,25.259783,22.393929,24.260351,23.811138,25.814651
batch_01100_patch.tiff,patch_115,24.887136,22.90421,23.17384,23.52856,26.117985
batch_01100_patch.tiff,patch_116,24.69987,22.89993,24.635576,24.84052,25.669088
batch_01100_patch.tiff,patch_117,26.272203,24.609491,24.67351,26.056185,27.666813
batch_01100_patch.tiff,patch_118,25.266863,24.213,24.43876,26.910149,27.70286
batch_01100_patch.tiff,patch_119,26.824688,23.843761,26.634375,24.113787,26.998568
batch_01100_patch.tiff,patch_120,24.607964,23.464336,24.485176,25.312447,26.929235
batch_01100_patch.tiff,patch_121,24.814928,23.321432,24.20362,25.32101,26.43813
batch_01100_patch.tiff,patch_122,26.75928,23.833893,24.471365,24.59471,26.319221
batch_01100_patch.tiff,patch_123,25.473974,23.870615,24.716421,24.33845,26.162395
batch_01100_patch.tiff,patch_124,26.508015,23.326824,25.256823,22.810078,25.556269
batch_01100_patch.tiff,patch_125,26.157526,25.208607,24.77319,25.480062,27.490528
batch_01100_patch.tiff,patch_126,24.01248,25.691412,24.506155,25.137413,28.047525
batch_01100_patch.tiff,patch_127,26.470924,23.905615,26.648611,24.772636,26.81686
batch_01100_patch.tiff,patch_128,25.418251,23.951942,23.44631,24.688843,26.896114
batch_01100_patch.tiff,patch_129,26.914856,23.836174,26.359251,23.91867,26.062042
batch_01100_patch.tiff,patch_130,25.96571,23.182495,24.538473,24.698439,26.90527
batch_01100_patch.tiff,patch_131,25.007511,24.235165,23.147322,25.258696,26.827553
batch_01100_patch.tiff,patch_132,24.707386,24.691366,23.496979,24.98976,26.719837
batch_01100_patch.tiff,patch_133,26.30128,23.684824,26.308884,23.910791,26.058105
batch_01100_patch.tiff,patch_134,27.119125,24.347666,25.050243,26.217844,27.955723
batch_01150_patch.tiff,patch_0,26.221186,23.894068,23.766716,25.917942,26.674976
batch_01150_patch.tiff,patch_1,24.59046,21.479868,23.00292,23.618616,24.137817
batch_01150_patch.tiff,patch_2,26.414152,25.187185,25.718145,25.789574,28.105389
batch_01150_patch.tiff,patch_3,25.01498,24.080666,23.873117,27.693846,28.083189
batch_01150_patch.tiff,patch_4,25.121218,21.797237,22.053455,24.899889,25.131052
batch_01150_patch.tiff,patch_5,25.666288,22.310556,21.69467,25.469357,26.66822
batch_01150_patch.tiff,patch_6,25.122816,23.166513,22.934221,24.195889,25.37629
batch_01150_patch.tiff,patch_7,24.671007,22.972136,23.193577,25.095085,24.877079
batch_01150_patch.tiff,patch_8,25.579428,24.37879,23.231155,25.928303,27.02801
batch_01150_patch.tiff,patch_9,25.351856,23.50971,22.331566,25.66605,26.584436
batch_01150_patch.tiff,patch_10,26.342615,22.050259,23.830242,24.72132,24.756454
batch_01150_patch.tiff,patch_11,25.821129,21.688381,26.58598,22.596037,23.2888
batch_01150_patch.tiff,patch_12,25.869946,22.340954,23.88149,24.694952,25.314268
batch_01150_patch.tiff,patch_13,25.470503,21.018597,22.423342,22.99036,24.367601
batch_01150_patch.tiff,patch_14,23.77974,21.935337,22.393492,23.486614,23.827328
batch_01150_patch.tiff,patch_15,26.403477,24.35122,26.054365,26.743872,28.11387
batch_01150_patch.tiff,patch_16,27.641048,24.798637,25.182,24.183039,26.159286
batch_01150_patch.tiff,patch_17,26.017828,22.835526,23.152798,25.490576,26.263754
batch_01150_patch.tiff,patch_18,24.309233,22.595644,22.412848,25.469736,25.342812
batch_01150_patch.tiff,patch_19,26.26017,23.500702,25.031128,23.837467,24.175648
batch_01150_patch.tiff,patch_20,26.969551,24.28487,25.559214,24.620651,25.36028
batch_01150_patch.tiff,patch_21,25.414228,24.88915,22.740376,26.789133,27.497728
batch_01150_patch.tiff,patch_22,26.089142,24.773067,22.097637,27.227695,27.894644
batch_01150_patch.tiff,patch_23,26.970722,22.305038,26.513672,23.739721,24.25515
batch_01150_patch.tiff,patch_24,26.234238,22.03148,26.380468,23.827381,24.008202
batch_01150_patch.tiff,patch_25,26.977133,22.633703,24.73865,23.514654,25.795305
batch_01150_patch.tiff,patch_26,25.114544,21.851992,21.824793,24.187979,25.62378
batch_01150_patch.tiff,patch_27,25.811646,22.193478,23.466686,24.33319,25.108238
batch_01150_patch.tiff,patch_28,25.764551,23.606934,24.884914,24.92778,26.97133
batch_01150_patch.tiff,patch_29,26.039715,23.818455,24.03727,24.545246,26.785278
batch_01150_patch.tiff,patch_30,25.488688,22.257189,22.26418,24.98824,26.844345
batch_01150_patch.tiff,patch_31,26.432512,22.098013,24.003645,24.206097,26.167828
batch_01150_patch.tiff,patch_32,25.15284,22.75474,23.956184,23.417564,24.440403
batch_01150_patch.tiff,patch_33,25.586718,23.540077,26.009327,23.573061,26.08494
batch_01150_patch.tiff,patch_34,27.286863,24.937933,27.343359,22.806515,25.814318
batch_01150_patch.tiff,patch_35,26.159767,24.15587,24.86375,22.439508,23.643093
batch_01150_patch.tiff,patch_36,26.853065,25.09458,26.104483,26.11912,28.272192
batch_01150_patch.tiff,patch_37,26.137964,24.141788,25.2198,26.573502,27.957907
batch_01150_patch.tiff,patch_38,27.088287,23.673578,25.263502,24.13409,26.234665
batch_01150_patch.tiff,patch_39,25.466501,21.792374,22.339123,23.453949,25.465246
batch_01150_patch.tiff,patch_40,25.69239,22.052061,22.500118,24.015102,24.903065
batch_01150_patch.tiff,patch_41,26.85087,22.611235,25.185154,25.120737,26.076624
batch_01150_patch.tiff,patch_42,26.319433,22.794378,26.103342,22.54733,25.459398
batch_01150_patch.tiff,patch_43,25.360847,22.750257,22.811605,25.933367,25.96744
batch_01150_patch.tiff,patch_44,25.582365,23.129885,23.081135,24.87587,26.40093
batch_01150_patch.tiff,patch_45,25.474566,22.690567,25.352629,23.519407,25.729706
batch_01150_patch.tiff,patch_46,25.118399,23.217531,24.973112,24.77327,25.70315
batch_01150_patch.tiff,patch_47,27.000114,24.030123,24.791319,23.841702,25.538195
batch_01150_patch.tiff,patch_48,26.774118,23.93562,25.9271,23.97379,26.551874
batch_01150_patch.tiff,patch_49,26.364279,24.294867,26.296179,24.270731,27.005753
batch_01150_patch.tiff,patch_50,26.045862,24.819736,26.039106,26.083714,28.01875
batch_01150_patch.tiff,patch_51,24.989288,22.527153,23.974394,24.94178,24.804323
batch_01150_patch.tiff,patch_52,26.403996,22.364594,23.026325,23.5268,26.687832
batch_01150_patch.tiff,patch_53,24.245325,21.018867,21.000782,24.315077,23.954554
batch_01150_patch.tiff,patch_54,25.419744,22.09407,24.680052,25.751015,26.02718
batch_01150_patch.tiff,patch_55,25.251871,23.162067,25.000803,24.39219,25.828224
batch_01150_patch.tiff,patch_56,25.90185,22.062096,21.920729,25.32909,25.880312
batch_01150_patch.tiff,patch_57,25.505146,23.445623,24.55512,24.103992,25.832209
batch_01150_patch.tiff,patch_58,26.543673,22.757576,26.128735,21.11501,25.620111
batch_01150_patch.tiff,patch_59,26.06208,22.613644,25.189293,22.144932,24.314878
batch_01150_patch.tiff,patch_60,25.98511,21.672415,26.320183,23.326496,23.304155
batch_01150_patch.tiff,patch_61,24.945526,21.566032,26.263208,22.474854,22.46214
batch_01150_patch.tiff,patch_62,25.608503,21.20372,23.17187,23.231607,24.425373
batch_01150_patch.tiff,patch_63,25.603294,22.817263,22.426966,24.90884,25.97494
batch_01150_patch.tiff,patch_64,25.632523,23.320215,23.825907,25.712376,26.409979
batch_01150_patch.tiff,patch_65,26.13013,22.39902,23.854134,25.125988,26.903519
batch_01150_patch.tiff,patch_66,25.47491,23.102287,23.020319,25.328598,26.810541
batch_01150_patch.tiff,patch_67,24.53758,22.038683,21.04647,25.080563,25.8753
batch_01150_patch.tiff,patch_68,25.456715,22.927055,24.432068,24.86626,25.774323
batch_01150_patch.tiff,patch_69,25.153524,22.925383,24.34827,23.886665,25.507675
batch_01150_patch.tiff,patch_70,25.537695,23.581245,22.255547,25.375834,25.910814
batch_01150_patch.tiff,patch_71,27.602686,23.681917,24.042841,24.54665,26.919603
batch_01150_patch.tiff,patch_72,25.783648,22.482044,25.466986,23.124504,23.659908
batch_01150_patch.tiff,patch_73,25.776142,21.586384,26.612556,22.062511,22.630096
batch_01150_patch.tiff,patch_74,24.29317,21.99608,21.971743,24.880917,25.132362
batch_01150_patch.tiff,patch_75,25.21626,21.50539,21.667797,25.551088,24.374477
batch_01150_patch.tiff,patch_76,24.562542,25.355947,24.388214,25.234549,26.630796
batch_01150_patch.tiff,patch_77,24.860022,25.019579,23.439692,26.48772,27.286829
batch_01150_patch.tiff,patch_78,26.214073,24.524363,25.069954,24.781012,26.85658
batch_01150_patch.tiff,patch_79,26.6725,25.10556,26.105566,24.585796,26.908009
batch_01150_patch.tiff,patch_80,25.448195,23.295202,24.170353,24.885479,26.781734
batch_01150_patch.tiff,patch_81,25.587729,22.081133,26.519333,22.910122,25.44738
batch_01150_patch.tiff,patch_82,23.645819,21.502825,21.93532,25.030176,25.184202
batch_01150_patch.tiff,patch_83,24.452797,22.626858,22.686855,25.487782,25.372307
batch_01150_patch.tiff,patch_84,24.808172,22.864578,21.965815,26.837769,27.507093
batch_01150_patch.tiff,patch_85,24.246702,22.778158,22.494455,25.97675,26.555048
batch_01150_patch.tiff,patch_86,25.891048,23.159979,22.081293,25.189857,26.922068
batch_01150_patch.tiff,patch_87,25.875055,23.029598,22.359695,25.827452,26.161907
batch_01150_patch.tiff,patch_88,25.837439,24.115406,23.185452,23.475021,25.800785
batch_01150_patch.tiff,patch_89,25.701317,25.210709,22.977959,25.532572,27.28291
batch_01150_patch.tiff,patch_90,25.291918,24.242231,24.906485,26.22581,26.915152
batch_01150_patch.tiff,patch_91,24.667158,23.761627,25.674126,25.190458,26.414846
batch_01150_patch.tiff,patch_92,23.405426,21.904224,21.565495,25.361504,25.098967
batch_01150_patch.tiff,patch_93,23.384027,21.964052,22.152718,25.224165,24.970245
batch_01150_patch.tiff,patch_94,25.036993,22.880344,23.452398,26.24376,28.29879
batch_01150_patch.tiff,patch_95,24.290735,23.114336,22.201048,25.907223,26.78357
batch_01150_patch.tiff,patch_96,26.245314,23.320013,25.740984,24.432474,26.556423
batch_01150_patch.tiff,patch_97,25.058558,24.411203,23.658358,24.757727,26.542849
batch_01150_patch.tiff,patch_98,25.386845,25.296793,24.08283,25.07074,27.074057
batch_01150_patch.tiff,patch_99,25.002462,23.174023,22.613928,26.125427,26.86496
batch_01150_patch.tiff,patch_100,25.219183,22.51835,22.862648,24.962862,25.910637
batch_01150_patch.tiff,patch_101,24.985157,22.830229,24.709835,24.32474,25.857061
batch_01150_patch.tiff,patch_102,25.77307,22.026644,25.74665,23.591423,26.213299
batch_01150_patch.tiff,patch_103,24.597397,22.743294,22.662283,24.38916,24.351017
batch_01150_patch.tiff,patch_104,24.783796,22.571667,23.477995,24.40526,24.153372
batch_01150_patch.tiff,patch_105,25.8495,23.198462,23.437351,25.426031,26.67836
batch_01150_patch.tiff,patch_106,24.9184,23.982033,23.47891,27.296198,27.342968
batch_01150_patch.tiff,patch_107,26.731283,23.519907,25.851631,25.467167,27.03096
batch_01150_patch.tiff,patch_108,24.952059,22.850239,25.861313,23.158218,24.821907
batch_01150_patch.tiff,patch_109,24.15557,24.386116,21.972187,24.8332,26.300116
batch_01150_patch.tiff,patch_110,24.699408,24.822145,23.194824,24.796267,26.87071
batch_01150_patch.tiff,patch_111,24.768692,20.99578,21.75898,24.650803,25.59388
batch_01150_patch.tiff,patch_112,24.389738,23.047882,22.76718,25.72824,26.372545
batch_01150_patch.tiff,patch_113,24.943562,21.324131,24.567886,23.441442,24.72437
batch_01150_patch.tiff,patch_114,25.319399,22.988075,25.188654,23.256,25.463509
batch_01150_patch.tiff,patch_115,24.774595,23.350845,23.025742,25.169495,24.94523
batch_01150_patch.tiff,patch_116,24.133028,21.809017,22.739357,23.18093,23.662868
batch_01150_patch.tiff,patch_117,26.097282,23.692633,22.87333,26.118784,27.86327
batch_01150_patch.tiff,patch_118,25.686947,23.128891,23.35641,26.261467,26.680948
batch_01150_patch.tiff,patch_119,26.718933,22.585907,25.639278,23.090574,26.255089
batch_01150_patch.tiff,patch_120,25.4031,22.330223,24.893637,22.839666,24.359749
batch_01150_patch.tiff,patch_121,26.73762,23.911955,25.72291,23.578712,26.092075
batch_01150_patch.tiff,patch_122,24.75903,24.65531,22.671316,25.934113,27.045563
batch_01150_patch.tiff,patch_123,25.458725,23.227749,24.803276,23.65342,25.242453
batch_01150_patch.tiff,patch_124,25.925388,21.84047,24.489098,23.05639,25.08599
batch_01150_patch.tiff,patch_125,25.730816,22.566322,25.07935,23.372839,25.185938
batch_01150_patch.tiff,patch_126,24.510675,21.990791,22.764708,25.02516,24.276821
batch_01150_patch.tiff,patch_127,26.015137,21.894102,23.381065,25.378471,25.56746
batch_01150_patch.tiff,patch_128,26.839401,22.109093,22.572891,23.728462,26.364101
batch_01150_patch.tiff,patch_129,26.751549,23.405573,25.121822,24.526861,27.56898
batch_01150_patch.tiff,patch_130,25.79231,22.445105,24.750471,25.742819,27.22369
batch_01150_patch.tiff,patch_131,26.483149,24.068302,23.39773,26.025368,26.831877
batch_01150_patch.tiff,patch_132,26.278484,23.643854,25.536175,23.667786,26.137264
batch_01150_patch.tiff,patch_133,25.875526,25.661043,23.501307,25.551044,27.977512
batch_01150_patch.tiff,patch_134,25.728304,23.031805,24.28385,23.133326,25.241896
batch_01150_patch.tiff,patch_135,26.426888,23.481691,27.0906,23.52126,25.875624
batch_01150_patch.tiff,patch_136,26.123459,22.326807,23.000298,23.21847,24.635233
batch_01150_patch.tiff,patch_137,25.151365,22.3517,24.21028,23.110088,24.544827
batch_01150_patch.tiff,patch_138,24.07833,21.86904,24.105536,23.667423,23.848595
batch_01150_patch.tiff,patch_139,26.641592,22.107845,25.622755,24.285734,24.376398
batch_01150_patch.tiff,patch_140,26.017029,22.376534,21.889063,25.503876,26.788923
batch_01150_patch.tiff,patch_141,25.405325,22.682493,21.977629,24.45184,26.683275
batch_01150_patch.tiff,patch_142,26.770893,22.59224,23.703564,24.986778,26.6883
batch_01150_patch.tiff,patch_143,26.270823,21.95725,24.267328,24.376244,26.74408
batch_01150_patch.tiff,patch_144,25.36662,22.251305,22.557425,25.381975,25.480677
batch_01150_patch.tiff,patch_145,24.963161,22.831615,23.885351,25.214294,26.691057
batch_01150_patch.tiff,patch_146,25.780674,23.152079,25.348566,23.19862,25.09368
batch_01150_patch.tiff,patch_147,27.122335,25.385393,23.65777,26.367043,27.691671
batch_01150_patch.tiff,patch_148,25.454733,24.272522,23.54493,26.343996,27.590689
batch_01150_patch.tiff,patch_149,25.861937,22.257347,22.807383,24.467743,24.38657
batch_01150_patch.tiff,patch_150,26.944332,23.371922,25.93299,23.750675,24.625196
batch_01150_patch.tiff,patch_151,24.99455,22.621393,22.019882,25.104572,26.594358
batch_01150_patch.tiff,patch_152,25.167738,23.025904,22.417849,24.451668,27.311777
batch_01150_patch.tiff,patch_153,26.531649,22.289328,24.665764,25.497536,26.15893
batch_01150_patch.tiff,patch_154,25.307125,22.89962,24.507864,26.034271,26.768463
batch_01150_patch.tiff,patch_155,26.062042,22.76163,23.239857,25.627382,26.835403
batch_01150_patch.tiff,patch_156,25.827412,23.505545,23.273716,25.480066,27.193909
batch_01150_patch.tiff,patch_157,25.298586,22.447073,24.332726,23.85377,25.548311
batch_01150_patch.tiff,patch_158,25.5679,22.636402,24.848091,25.32742,26.756992
batch_01150_patch.tiff,patch_159,25.26895,24.44345,23.655457,27.569687,27.321615
batch_01150_patch.tiff,patch_160,23.385065,22.776354,22.365307,27.402832,26.730206
batch_01150_patch.tiff,patch_161,25.433002,22.321503,23.804893,24.11274,24.53959
batch_01150_patch.tiff,patch_162,26.515001,22.245455,26.262442,21.851528,22.745564
batch_01150_patch.tiff,patch_163,24.261261,22.402641,21.834919,25.193317,25.874393
batch_01150_patch.tiff,patch_164,25.816193,22.064308,22.08603,25.304316,27.022402
batch_01150_patch.tiff,patch_165,26.240276,22.788036,23.81044,25.371218,26.495094
batch_01150_patch.tiff,patch_166,24.915987,22.756594,23.011175,25.318924,26.636429
batch_01150_patch.tiff,patch_167,24.763964,23.033823,23.168308,24.870365,25.636574
batch_01150_patch.tiff,patch_168,25.626078,22.345127,22.675741,25.3022,26.414717
batch_01150_patch.tiff,patch_169,25.364576,22.009571,24.672277,22.549803,24.84247
batch_01150_patch.tiff,patch_170,25.565746,22.63042,25.210413,23.523088,25.603916
batch_01150_patch.tiff,patch_171,25.902857,25.14619,26.504189,23.64887,26.956024
batch_01150_patch.tiff,patch_172,26.171118,24.447083,25.642757,23.909918,26.251627
batch_01150_patch.tiff,patch_173,25.51195,22.7046,24.398546,25.542494,25.689592
batch_01150_patch.tiff,patch_174,25.615557,21.799385,25.461697,23.18902,23.537462
batch_01150_patch.tiff,patch_175,25.893461,22.924799,23.501524,25.557625,26.573742
batch_01150_patch.tiff,patch_176,26.259357,22.255772,23.309572,23.962496,26.394604
batch_01200_patch.tiff,patch_0,25.203775,22.034628,21.119326,24.584934,25.418772
batch_01200_patch.tiff,patch_1,24.301502,21.806847,21.266144,25.185251,24.959915
batch_01200_patch.tiff,patch_2,26.183607,23.684006,23.006775,26.175278,27.735157
batch_01200_patch.tiff,patch_3,27.5336,23.087502,22.459404,25.015255,27.167791
batch_01200_patch.tiff,patch_4,26.208805,24.244219,25.184317,25.290989,27.313934
batch_01200_patch.tiff,patch_5,25.560833,23.93787,22.763723,26.490828,26.464962
batch_01200_patch.tiff,patch_6,25.42706,24.149754,24.801628,27.142868,27.81643
batch_01200_patch.tiff,patch_7,24.966228,23.883816,24.988829,26.774292,27.822346
batch_01200_patch.tiff,patch_8,24.890404,22.96047,24.098566,24.48899,26.448492
batch_01200_patch.tiff,patch_9,25.643217,23.899374,24.537888,27.196228,27.654392
batch_01200_patch.tiff,patch_10,24.866098,24.213366,23.93102,25.424284,26.768686
batch_01200_patch.tiff,patch_11,24.54518,23.949755,23.946049,25.100855,26.42428
batch_01200_patch.tiff,patch_12,26.152895,22.394747,25.389433,23.313103,25.601326
batch_01200_patch.tiff,patch_13,24.936436,22.851658,21.806305,24.658865,25.991669
batch_01200_patch.tiff,patch_14,25.011091,22.86885,21.846945,24.845552,25.771236
batch_01200_patch.tiff,patch_15,24.99328,23.2883,22.083826,26.4472,27.03838
batch_01200_patch.tiff,patch_16,25.695868,23.667093,23.67907,25.652428,27.23176
batch_01200_patch.tiff,patch_17,24.784721,24.213642,23.4628,26.527525,27.348812
batch_01200_patch.tiff,patch_18,26.61344,23.259851,23.793272,25.379272,27.15637
batch_01200_patch.tiff,patch_19,25.723421,24.19001,24.674065,26.756504,27.978619
batch_01200_patch.tiff,patch_20,26.11714,24.480295,24.304615,26.445045,27.280943
batch_01200_patch.tiff,patch_21,24.45673,23.369295,23.012627,24.598948,25.876598
batch_01200_patch.tiff,patch_22,25.813532,23.504555,24.44731,25.112677,27.170874
batch_01200_patch.tiff,patch_23,24.368355,23.823841,24.239511,24.829979,26.440363
batch_01200_patch.tiff,patch_24,24.510168,23.594162,23.713585,24.33302,25.670538
batch_01200_patch.tiff,patch_25,26.670458,22.027887,25.13937,22.626978,25.637966
batch_01200_patch.tiff,patch_26,25.168137,22.600487,22.557974,24.678997,26.29722
batch_01200_patch.tiff,patch_27,26.54952,23.514412,23.493122,24.876541,27.57536
batch_01200_patch.tiff,patch_28,26.638027,24.056135,25.863152,21.668955,25.361921
batch_01200_patch.tiff,patch_29,27.660332,24.4026,27.768,22.144741,25.8468
batch_01200_patch.tiff,patch_30,26.246756,23.5811,25.484974,24.441666,26.320042
batch_01200_patch.tiff,patch_31,26.223562,23.202074,24.499142,25.395813,26.386572
batch_01200_patch.tiff,patch_32,26.932365,23.82552,27.325298,23.181349,26.084099
batch_01200_patch.tiff,patch_33,25.931423,24.254171,25.852497,25.875378,27.116512
batch_01200_patch.tiff,patch_34,24.57791,22.578257,23.59635,24.92679,25.873821
batch_01200_patch.tiff,patch_35,24.61614,23.153088,23.819105,25.340557,26.258865
batch_01200_patch.tiff,patch_36,25.017714,23.542635,22.153833,25.7142,27.300821
batch_01200_patch.tiff,patch_37,25.76568,23.617628,24.256239,25.608816,27.410688
batch_01200_patch.tiff,patch_38,25.18627,21.919184,24.516666,24.571768,26.170773
batch_01200_patch.tiff,patch_39,25.685493,23.81824,22.493713,25.692478,26.285542
batch_01200_patch.tiff,patch_40,25.370424,22.754694,21.366251,24.481342,25.627764
batch_01200_patch.tiff,patch_41,26.42356,24.193563,27.36362,23.227705,26.325705
batch_01200_patch.tiff,patch_42,26.262392,22.974472,25.820387,22.698168,25.376612
batch_01200_patch.tiff,patch_43,26.266201,23.890038,24.14785,25.423687,26.543453
batch_01200_patch.tiff,patch_44,26.307367,23.920248,22.857906,25.023548,26.161919
batch_01200_patch.tiff,patch_45,27.104877,25.22993,26.496298,24.358377,26.761257
batch_01200_patch.tiff,patch_46,26.323479,25.003592,26.181067,25.757637,27.774092
batch_01200_patch.tiff,patch_47,25.880219,23.777538,24.595842,24.838514,27.208942
batch_01200_patch.tiff,patch_48,25.5902,23.422426,25.162102,25.66623,26.754684
batch_01200_patch.tiff,patch_49,24.984833,25.109486,23.847715,25.98861,27.62371
batch_01200_patch.tiff,patch_50,24.531078,24.649748,24.673325,24.246853,25.769354
batch_01200_patch.tiff,patch_51,25.918785,23.597652,24.805487,25.475506,26.065794
batch_01200_patch.tiff,patch_52,25.508629,25.088116,24.665224,25.971628,27.424559
batch_01200_patch.tiff,patch_53,24.295858,23.911047,24.073727,26.828882,27.03279
batch_01200_patch.tiff,patch_54,26.950787,22.838764,24.374823,23.688494,26.004398
batch_01200_patch.tiff,patch_55,25.383081,22.61139,22.2479,26.099184,27.169651
batch_01200_patch.tiff,patch_56,25.613913,23.822432,23.869781,25.289335,25.877934
batch_01200_patch.tiff,patch_57,24.93382,23.184319,22.894539,26.507961,26.635569
batch_01200_patch.tiff,patch_58,26.583826,22.345573,23.28552,25.199648,27.010403
batch_01200_patch.tiff,patch_59,27.073309,22.572853,26.952635,21.587603,26.029104
batch_01200_patch.tiff,patch_60,25.832697,23.095348,22.549866,24.31262,24.423952
batch_01200_patch.tiff,patch_61,24.942562,24.310633,22.80215,26.19739,27.260052
batch_01200_patch.tiff,patch_62,25.048018,23.53244,23.08293,25.61962,27.518011
batch_01200_patch.tiff,patch_63,26.906807,24.439142,27.363567,23.636282,27.063517
batch_01200_patch.tiff,patch_64,26.337025,24.378105,26.184994,25.25306,27.079014
batch_01200_patch.tiff,patch_65,26.232317,23.056572,24.493258,23.599777,26.342585
batch_01200_patch.tiff,patch_66,26.401867,22.195993,23.269655,22.400373,26.102077
batch_01200_patch.tiff,patch_67,26.095509,23.40835,24.478489,25.151241,26.749866
batch_01200_patch.tiff,patch_68,25.462973,23.884682,23.384119,25.077286,26.398201
batch_01200_patch.tiff,patch_69,25.390358,23.674997,24.050371,27.264894,27.55239
batch_01200_patch.tiff,patch_70,25.623594,23.50469,23.178198,24.41438,26.92056
batch_01200_patch.tiff,patch_71,26.314869,24.041245,24.41971,24.804638,26.263422
batch_01200_patch.tiff,patch_72,26.873594,23.39526,22.880342,25.980116,26.14306
batch_01200_patch.tiff,patch_73,25.059929,23.852518,22.82973,25.236893,27.110579
batch_01200_patch.tiff,patch_74,24.851822,25.76229,24.757095,26.147732,27.947895
batch_01200_patch.tiff,patch_75,27.53546,24.140661,26.525942,23.13186,26.783684
batch_01200_patch.tiff,patch_76,27.32869,22.887463,26.51753,22.109467,25.443947
batch_01200_patch.tiff,patch_77,26.699827,22.962471,27.562334,22.863491,27.068851
batch_01200_patch.tiff,patch_78,26.972315,22.81801,27.718403,21.910824,25.779467
batch_01200_patch.tiff,patch_79,26.493528,23.685081,22.888853,26.826014,26.78631
batch_01200_patch.tiff,patch_80,26.179543,23.792316,24.549746,26.0062,27.191854
batch_01200_patch.tiff,patch_81,27.014288,23.982292,26.723766,23.320135,27.590158
batch_01200_patch.tiff,patch_82,25.94762,23.183607,24.202639,23.821852,24.912048
batch_01200_patch.tiff,patch_83,26.393356,23.348892,22.908272,26.09033,26.233362
batch_01200_patch.tiff,patch_84,26.578838,22.52871,26.157928,23.59157,26.919888
batch_01200_patch.tiff,patch_85,23.918112,25.07008,23.668383,24.900732,25.132935
batch_01200_patch.tiff,patch_86,24.830023,24.946611,23.70381,24.334309,25.357782
batch_01200_patch.tiff,patch_87,27.031858,23.39836,26.979105,23.079668,25.583004
batch_01200_patch.tiff,patch_88,27.066233,22.542786,26.196281,21.990797,25.62171
batch_01200_patch.tiff,patch_89,26.970383,23.584526,27.171354,22.275362,25.664516
batch_01200_patch.tiff,patch_90,26.22078,22.81896,26.933699,21.816061,25.787838
batch_01200_patch.tiff,patch_91,26.207342,23.6546,24.685814,25.451109,26.803339
batch_01200_patch.tiff,patch_92,25.525936,24.448227,23.699663,25.229149,26.33892
batch_01200_patch.tiff,patch_93,27.500753,23.718128,28.012152,22.605371,26.348104
batch_01200_patch.tiff,patch_94,26.4613,23.895605,25.383947,24.155624,26.602438
batch_01200_patch.tiff,patch_95,25.761583,22.143877,23.613312,23.203127,25.90914
batch_01200_patch.tiff,patch_96,26.895424,23.322386,24.044046,24.73552,25.91822
batch_01200_patch.tiff,patch_97,26.279902,23.069813,25.74137,23.823345,25.54857
batch_01200_patch.tiff,patch_98,26.580317,22.936773,25.11428,23.53223,25.218555
batch_01200_patch.tiff,patch_99,25.735975,23.22378,25.536495,23.828308,26.630123
batch_01200_patch.tiff,patch_100,27.690592,22.839024,25.04379,23.892157,27.164309
batch_01200_patch.tiff,patch_101,26.038017,24.108206,23.546808,25.74635,26.706705
batch_01200_patch.tiff,patch_102,26.260174,23.603354,24.178286,24.980682,25.545801
batch_01200_patch.tiff,patch_103,25.440443,23.196545,23.45746,25.889639,27.491251
batch_01200_patch.tiff,patch_104,25.849298,22.933275,23.651817,25.17663,27.400429
batch_01200_patch.tiff,patch_105,26.232355,23.543692,26.431635,24.278908,26.082344
batch_01200_patch.tiff,patch_106,25.052364,23.905724,23.339687,27.173508,27.907005
batch_01200_patch.tiff,patch_107,24.409899,21.589132,22.140518,24.799082,25.107792
batch_01200_patch.tiff,patch_108,26.499853,21.94311,24.451801,23.019224,25.429388
batch_01200_patch.tiff,patch_109,27.056215,23.127123,27.351175,23.163189,26.108774
batch_01200_patch.tiff,patch_110,26.830395,22.922777,25.668219,23.226795,25.311447
batch_01200_patch.tiff,patch_111,26.777256,23.167513,23.057655,25.75971,27.389324
batch_01200_patch.tiff,patch_112,26.947132,23.29199,24.646112,24.128292,26.961376
batch_01200_patch.tiff,patch_113,26.4537,23.402925,24.67084,25.898933,27.046095
batch_01200_patch.tiff,patch_114,25.926502,23.550352,24.40607,26.652819,26.7811
batch_01200_patch.tiff,patch_115,24.289352,23.431091,23.967237,25.590603,25.594711
batch_01200_patch.tiff,patch_116,25.667482,23.217056,23.921913,25.216368,26.428701
batch_01200_patch.tiff,patch_117,24.524668,23.85242,23.507494,27.193348,27.246243
batch_01200_patch.tiff,patch_118,25.714685,24.279165,26.239702,25.80691,27.026451
batch_01200_patch.tiff,patch_119,26.088282,22.062197,23.371506,23.98799,25.60952
batch_01200_patch.tiff,patch_120,27.179676,22.591,26.375769,23.02005,26.59025
batch_01200_patch.tiff,patch_121,26.594263,22.84104,26.056053,21.373,25.316492
batch_01200_patch.tiff,patch_122,25.618265,23.996056,25.929577,25.271551,26.929499
batch_01200_patch.tiff,patch_123,26.91333,25.030865,26.90901,24.785278,26.891973
batch_01200_patch.tiff,patch_124,25.952751,23.967283,23.67595,25.475746,26.694376
batch_01200_patch.tiff,patch_125,24.77981,23.31119,22.89563,25.699787,26.598988
batch_01200_patch.tiff,patch_126,25.4092,23.453625,23.474503,25.91433,27.965473
batch_01200_patch.tiff,patch_127,23.91138,22.72991,22.749653,25.257769,25.629759
batch_01200_patch.tiff,patch_128,25.914787,21.894876,23.440641,22.659275,25.762743
batch_01200_patch.tiff,patch_129,26.55102,23.331736,22.674313,24.823095,25.667107
batch_01200_patch.tiff,patch_130,25.43281,23.105528,24.569286,23.487371,25.991245
batch_01200_patch.tiff,patch_131,26.091305,21.59728,24.546516,24.553825,25.930864
batch_01200_patch.tiff,patch_132,27.388285,23.56132,24.424742,24.10031,26.29364
batch_01200_patch.tiff,patch_133,25.441643,23.542887,24.139029,24.114212,26.13571
batch_01200_patch.tiff,patch_134,24.347672,23.717323,22.84484,26.784964,26.943092
batch_01200_patch.tiff,patch_135,25.92806,25.198273,25.168274,26.509487,26.716288
batch_01200_patch.tiff,patch_136,26.828434,24.581879,24.398958,23.810936,26.07944
batch_01200_patch.tiff,patch_137,25.13274,22.85892,24.603344,24.005325,26.109854
batch_01200_patch.tiff,patch_138,25.605963,22.881243,23.816206,25.64009,26.880373
batch_01200_patch.tiff,patch_139,23.892782,23.439486,22.292461,26.550182,26.533833
batch_01200_patch.tiff,patch_140,26.904764,23.501904,21.995756,24.285536,26.74783
batch_01200_patch.tiff,patch_141,25.685236,23.056528,22.466547,26.366528,26.850641
batch_01200_patch.tiff,patch_142,25.871483,21.451298,23.696226,24.620031,24.18212
batch_01200_patch.tiff,patch_143,25.613052,24.05187,23.75317,26.678137,28.176487
batch_01200_patch.tiff,patch_144,26.02049,23.901186,23.533121,26.821726,27.999567
batch_01200_patch.tiff,patch_145,25.750473,23.219841,23.12651,24.964083,25.700731
batch_01200_patch.tiff,patch_146,24.006777,22.613388,22.42957,26.375927,25.9796
batch_01200_patch.tiff,patch_147,26.273773,23.502962,24.767319,24.800407,26.012201
batch_01200_patch.tiff,patch_148,26.2592,24.3811,25.577398,25.117517,27.183079
batch_01200_patch.tiff,patch_149,25.01205,23.306074,24.043861,25.935955,27.11446
batch_01200_patch.tiff,patch_150,24.14693,23.182228,23.927181,25.159649,26.825909
batch_01200_patch.tiff,patch_151,25.870838,22.177052,23.614613,24.573454,26.411129
batch_01200_patch.tiff,patch_152,26.656717,22.843517,24.376331,24.440773,26.603
batch_01200_patch.tiff,patch_153,27.134413,22.99546,26.740746,22.948862,26.894587
batch_01200_patch.tiff,patch_154,27.16944,22.85175,25.651272,23.811686,26.015362
batch_01200_patch.tiff,patch_155,24.611254,22.34261,21.893147,26.44085,27.142927
batch_01200_patch.tiff,patch_156,26.225506,23.984903,23.29205,26.515535,28.034573
batch_01200_patch.tiff,patch_157,24.418327,23.131897,23.475723,25.801502,25.92828
batch_01200_patch.tiff,patch_158,23.514204,23.311523,22.569822,25.427109,25.36834
batch_01200_patch.tiff,patch_159,26.892218,23.7426,25.467606,25.203403,26.476324
batch_01200_patch.tiff,patch_160,26.036537,23.670837,24.56397,25.611946,26.475294
batch_01200_patch.tiff,patch_161,25.294266,23.118294,24.328096,24.609957,27.341478
batch_01200_patch.tiff,patch_162,25.674406,23.474289,22.95039,25.514515,27.493525
batch_01200_patch.tiff,patch_163,26.216442,22.213783,23.661873,24.303823,26.637154
batch_01200_patch.tiff,patch_164,26.318016,23.41116,22.942408,26.095032,26.923513
batch_01200_patch.tiff,patch_165,25.856094,22.677116,25.020561,24.121153,26.677351
batch_01200_patch.tiff,patch_166,25.51425,22.456629,23.7824,25.129494,26.334892
batch_01200_patch.tiff,patch_167,25.285944,23.815735,23.28899,26.34547,27.565514
batch_01200_patch.tiff,patch_168,25.838293,23.142042,22.389345,26.587774,26.442942
batch_01200_patch.tiff,patch_169,26.382439,23.571049,23.739162,25.18194,27.718344
batch_01200_patch.tiff,patch_170,25.9941,23.909319,24.410912,23.981085,25.264996
batch_01200_patch.tiff,patch_171,26.715166,23.510204,27.600876,23.361633,26.795176
batch_01200_patch.tiff,patch_172,24.181028,22.902166,23.957561,24.975378,26.277056
batch_01200_patch.tiff,patch_173,25.421726,23.34289,24.008718,24.957819,27.041538
batch_01200_patch.tiff,patch_174,25.701973,22.553698,23.076893,25.389912,25.80173
batch_01200_patch.tiff,patch_175,26.994913,22.50474,21.207533,25.02575,25.406878
batch_01200_patch.tiff,patch_176,26.667688,23.822803,26.351404,24.527357,26.550148
batch_01200_patch.tiff,patch_177,26.47419,24.360771,26.639797,25.863735,27.242819
batch_01250_patch.tiff,patch_0,26.308153,22.243816,25.38644,23.428066,26.319635
batch_01250_patch.tiff,patch_1,25.67117,22.814135,24.946062,22.589792,24.940191
batch_01250_patch.tiff,patch_2,27.434439,24.84501,25.833221,25.372177,27.862053
batch_01250_patch.tiff,patch_3,26.987127,24.872408,27.517223,24.84859,27.107538
batch_01250_patch.tiff,patch_4,27.580456,21.463915,26.102814,22.808243,26.07358
batch_01250_patch.tiff,patch_5,26.799496,21.574415,25.05482,23.096945,24.687536
batch_01250_patch.tiff,patch_6,25.38674,23.68053,23.816654,24.887754,26.801352
batch_01250_patch.tiff,patch_7,25.114748,23.846924,23.045658,25.62874,26.933132
batch_01250_patch.tiff,patch_8,24.383633,22.850794,23.08959,23.696999,24.87731
batch_01250_patch.tiff,patch_9,25.148819,23.783802,22.663393,23.834051,26.038734
batch_01250_patch.tiff,patch_10,25.768166,22.840075,25.808216,23.65962,25.894003
batch_01250_patch.tiff,patch_11,25.710037,23.20113,24.981356,25.143902,26.811483
batch_01250_patch.tiff,patch_12,26.027483,22.552063,23.181751,25.826445,26.556376
batch_01250_patch.tiff,patch_13,26.218073,22.968605,26.150919,22.844645,26.27596
batch_01250_patch.tiff,patch_14,26.151438,22.758034,24.59937,23.78384,26.47373
batch_01250_patch.tiff,patch_15,27.087778,24.328098,27.282938,25.195486,27.007427
batch_01250_patch.tiff,patch_16,26.342924,24.606049,26.042753,24.475607,26.83838
batch_01250_patch.tiff,patch_17,27.57991,22.17602,25.471445,22.379255,26.093363
batch_01250_patch.tiff,patch_18,27.323795,22.22948,24.528023,23.600481,25.644136
batch_01250_patch.tiff,patch_19,25.46925,23.770128,23.94927,25.544632,26.984512
batch_01250_patch.tiff,patch_20,25.573269,23.28415,23.901634,26.166676,28.18993
batch_01250_patch.tiff,patch_21,25.400866,24.020327,23.99783,23.764765,25.846647
batch_01250_patch.tiff,patch_22,24.749552,23.610064,22.188892,23.433216,25.439806
batch_01250_patch.tiff,patch_23,26.680151,23.742523,26.385933,24.193808,25.988718
batch_01250_patch.tiff,patch_24,24.415155,23.400408,24.549303,25.988943,26.93096
batch_01250_patch.tiff,patch_25,26.609358,23.97013,25.002487,25.287111,27.728249
batch_01250_patch.tiff,patch_26,26.444534,21.918634,26.215338,22.170397,25.03078
batch_01250_patch.tiff,patch_27,27.354614,23.298576,26.26956,22.758741,26.185253
batch_01250_patch.tiff,patch_28,26.215961,22.774975,24.30358,23.830776,26.261702
batch_01250_patch.tiff,patch_29,26.8262,21.930609,25.282637,23.775278,26.34776
batch_01250_patch.tiff,patch_30,27.68469,22.553953,22.526964,22.827353,26.325264
batch_01250_patch.tiff,patch_31,28.073912,22.195734,26.087746,21.53881,24.941671
batch_01250_patch.tiff,patch_32,24.236385,23.513742,23.480156,24.971468,25.775007
batch_01250_patch.tiff,patch_33,25.153145,23.25155,21.79861,25.499182,27.030512
batch_01250_patch.tiff,patch_34,24.922401,22.33681,25.332972,23.61438,25.293682
batch_01250_patch.tiff,patch_35,25.248663,23.396494,25.695375,24.885826,26.439362
batch_01250_patch.tiff,patch_36,27.162426,23.73178,26.898533,23.048534,26.959114
batch_01250_patch.tiff,patch_37,24.342257,22.999132,26.16198,21.59709,23.996675
batch_01250_patch.tiff,patch_38,27.327305,21.208519,25.54223,21.003555,24.799356
batch_01250_patch.tiff,patch_39,26.442316,23.361858,25.6151,22.070608,25.333624
batch_01250_patch.tiff,patch_40,27.26582,23.085855,24.447325,24.353243,26.14863
batch_01250_patch.tiff,patch_41,27.117155,22.02058,24.869858,21.929066,25.776827
batch_01250_patch.tiff,patch_42,27.570168,23.153904,24.118137,24.81497,27.545118
batch_01250_patch.tiff,patch_43,27.612766,22.273462,26.375912,23.225296,25.986767
batch_01250_patch.tiff,patch_44,24.857973,23.042429,23.73662,24.598783,26.764454
batch_01250_patch.tiff,patch_45,25.598747,23.937803,22.97715,27.387259,27.83161
batch_01250_patch.tiff,patch_46,25.816353,23.605434,25.421404,24.711197,26.956942
batch_01250_patch.tiff,patch_47,24.237263,23.524902,24.652155,25.490679,26.637781
batch_01250_patch.tiff,patch_48,26.35764,24.220343,26.606672,24.642817,25.79035
batch_01250_patch.tiff,patch_49,27.022846,24.442844,27.041626,25.184372,27.158092
batch_01250_patch.tiff,patch_50,25.460974,23.29249,26.041027,23.625467,25.676945
batch_01250_patch.tiff,patch_51,26.082565,22.660833,25.458168,22.09526,25.82888
batch_01250_patch.tiff,patch_52,25.392107,22.820318,25.884954,23.306787,25.048496
batch_01250_patch.tiff,patch_53,25.826273,22.836788,22.771503,23.337378,26.601667
batch_01250_patch.tiff,patch_54,26.449642,22.254183,22.616562,22.738066,27.174398
batch_01250_patch.tiff,patch_55,27.393955,21.015482,26.313448,21.49376,24.80987
batch_01250_patch.tiff,patch_56,26.433462,21.584433,24.961575,21.68531,23.863173
batch_01250_patch.tiff,patch_57,25.665424,22.98306,24.233358,24.653738,26.91236
batch_01250_patch.tiff,patch_58,25.50555,23.188782,23.466776,25.579584,26.983171
batch_01250_patch.tiff,patch_59,22.572832,22.608656,22.826952,24.581024,25.057785
batch_01250_patch.tiff,patch_60,27.004505,23.582577,25.152128,24.01539,26.654346
batch_01250_patch.tiff,patch_61,24.980284,23.500074,24.998894,24.212217,24.527746
batch_01250_patch.tiff,patch_62,26.791546,23.723549,26.457468,23.86312,26.486832
batch_01250_patch.tiff,patch_63,26.239056,22.356789,25.613558,22.761623,25.512552
batch_01250_patch.tiff,patch_64,25.811655,22.497211,25.670982,22.13846,24.456453
batch_01250_patch.tiff,patch_65,26.160019,23.432306,23.452044,25.484455,25.56618
batch_01250_patch.tiff,patch_66,26.37484,23.736448,24.593264,25.761267,25.98602
batch_01250_patch.tiff,patch_67,26.248829,21.686153,24.895657,20.738178,22.782763
batch_01250_patch.tiff,patch_68,26.681898,22.79204,26.907825,22.154875,25.340034
batch_01250_patch.tiff,patch_69,26.421444,23.777096,23.276922,25.353083,27.753029
batch_01250_patch.tiff,patch_70,25.878931,23.311605,23.75382,24.848991,26.843458
batch_01250_patch.tiff,patch_71,25.24679,23.150461,26.20459,23.452976,26.067102
batch_01250_patch.tiff,patch_72,24.88146,22.53295,25.944502,23.885416,25.48779
batch_01250_patch.tiff,patch_73,24.738663,23.054,25.47374,23.961031,25.734623
batch_01250_patch.tiff,patch_74,26.042162,23.42309,24.292912,25.055916,26.43955
batch_01250_patch.tiff,patch_75,26.633478,21.679388,26.596115,20.616,24.79079
batch_01250_patch.tiff,patch_76,25.281404,23.277206,23.175354,23.812378,25.965857
batch_01250_patch.tiff,patch_77,26.476227,22.420952,20.94437,23.560541,27.078459
batch_01250_patch.tiff,patch_78,25.783037,22.662552,24.051903,23.247883,27.065187
batch_01250_patch.tiff,patch_79,27.50827,24.547228,28.17053,24.38513,27.547598
batch_01250_patch.tiff,patch_80,25.719822,24.55457,25.765532,26.17545,27.386023
batch_01250_patch.tiff,patch_81,25.167635,21.920809,25.092724,25.31363,26.72898
batch_01250_patch.tiff,patch_82,25.791883,23.122536,23.029337,24.711378,27.079842
batch_01250_patch.tiff,patch_83,25.390615,23.88939,24.816845,24.867315,25.99531
batch_01250_patch.tiff,patch_84,25.15781,23.24601,24.000027,24.232141,25.727295
batch_01250_patch.tiff,patch_85,25.409391,23.566238,23.870625,26.300964,26.84755
batch_01250_patch.tiff,patch_86,26.581844,21.921194,24.85652,23.257545,24.985008
batch_01250_patch.tiff,patch_87,27.877012,23.215359,25.121428,22.396898,25.442081
batch_01250_patch.tiff,patch_88,25.731798,23.014633,22.464169,26.3727,26.97681
batch_01250_patch.tiff,patch_89,26.053577,22.798218,22.13059,25.058262,27.032982
batch_01250_patch.tiff,patch_90,26.132938,23.510914,25.862534,25.812706,27.146519
batch_01250_patch.tiff,patch_91,26.195658,23.940805,24.92218,26.625072,27.953825
batch_01250_patch.tiff,patch_92,25.885746,23.038916,23.36101,27.369091,28.261787
batch_01250_patch.tiff,patch_93,25.252682,23.014389,25.925663,23.541225,27.493887
batch_01250_patch.tiff,patch_94,25.200438,23.176783,25.066814,25.025864,26.318794
batch_01250_patch.tiff,patch_95,24.43373,22.003586,25.212635,24.016434,25.776346
batch_01250_patch.tiff,patch_96,25.793566,22.79429,23.96642,25.536354,26.39189
batch_01250_patch.tiff,patch_97,25.828032,24.038605,22.82284,25.864677,27.147926
batch_01250_patch.tiff,patch_98,25.414928,25.246561,25.018757,26.01918,26.69142
batch_01250_patch.tiff,patch_99,26.381596,22.593592,23.593927,23.855799,25.72147
batch_01250_patch.tiff,patch_100,25.766226,23.316187,23.083746,24.848808,25.649773
batch_01250_patch.tiff,patch_101,27.113274,22.24917,26.594296,21.311632,24.806086
batch_01250_patch.tiff,patch_102,26.216934,22.27518,23.55626,24.54767,26.497831
batch_01250_patch.tiff,patch_103,25.585714,23.747818,23.826876,25.601816,27.391235
batch_01250_patch.tiff,patch_104,24.913929,23.235933,23.616634,25.7175,26.879053
batch_01250_patch.tiff,patch_105,25.02931,22.4548,25.724867,24.353745,25.407877
batch_01250_patch.tiff,patch_106,24.890793,23.145401,24.396065,25.7862,26.245188
batch_01250_patch.tiff,patch_107,25.90465,23.801922,24.424337,24.589108,26.04433
batch_01250_patch.tiff,patch_108,26.028889,23.046883,23.457052,26.154135,26.836437
batch_01250_patch.tiff,patch_109,25.719494,25.388924,23.788794,25.33531,26.44021
batch_01250_patch.tiff,patch_110,25.346008,23.5447,22.408823,26.423937,27.471258
batch_01250_patch.tiff,patch_111,26.324743,22.880789,23.737896,25.011114,26.099249
batch_01250_patch.tiff,patch_112,27.156357,22.856422,26.655378,21.795332,24.680689
batch_01250_patch.tiff,patch_113,25.658281,21.497623,24.221296,23.215124,24.846163
batch_01250_patch.tiff,patch_114,25.317997,24.045103,24.429163,24.090439,26.521715
batch_01250_patch.tiff,patch_115,26.69265,23.377834,23.434473,24.905275,27.560537
batch_01250_patch.tiff,patch_116,24.099195,21.906118,23.736504,24.374392,25.6394
batch_01250_patch.tiff,patch_117,24.941889,23.529495,23.656303,26.09782,26.570576
batch_01250_patch.tiff,patch_118,27.260046,23.1025,24.611984,25.748652,26.487627
batch_01250_patch.tiff,patch_119,27.94026,22.403973,22.406693,23.696018,25.452394
batch_01250_patch.tiff,patch_120,27.014294,22.241507,24.758566,22.857353,26.478395
batch_01250_patch.tiff,patch_121,26.20857,24.333755,24.830523,24.993172,27.389297
batch_01250_patch.tiff,patch_122,26.242313,22.965992,23.430151,24.752115,27.105497
batch_01250_patch.tiff,patch_123,25.8091,23.80146,24.473463,25.328007,26.637787
batch_01250_patch.tiff,patch_124,25.38253,24.133574,24.237799,24.78464,26.697163
batch_01250_patch.tiff,patch_125,25.099728,23.992874,24.037678,25.28053,26.96396
batch_01250_patch.tiff,patch_126,26.361694,22.786343,24.816334,24.39878,26.403963
batch_01250_patch.tiff,patch_127,24.29967,22.751297,25.048681,24.912388,25.590384
batch_01250_patch.tiff,patch_128,24.740133,23.882727,25.041943,24.329182,26.597986
batch_01250_patch.tiff,patch_129,26.887571,22.507936,26.728127,21.009615,23.841848
batch_01250_patch.tiff,patch_130,27.601114,22.72677,26.407408,22.135618,25.642204
batch_01250_patch.tiff,patch_131,27.344671,23.835314,21.776112,25.358007,27.097488
batch_01250_patch.tiff,patch_132,26.17216,21.719265,23.176928,24.011911,25.931189
batch_01250_patch.tiff,patch_133,27.115133,23.912176,24.662148,24.424034,26.954245
batch_01250_patch.tiff,patch_134,27.24014,23.947266,26.039146,24.001686,26.29789
batch_01250_patch.tiff,patch_135,24.43222,23.832254,23.585945,24.5904,26.165714
batch_01250_patch.tiff,patch_136,24.851887,23.503061,23.600359,24.857597,27.349787
batch_01250_patch.tiff,patch_137,26.052635,23.118635,23.813347,24.203995,27.112387
batch_01250_patch.tiff,patch_138,24.918653,23.735378,24.678059,25.029785,26.954319
batch_01250_patch.tiff,patch_139,25.384409,23.438745,24.976599,24.370554,26.227612
batch_01250_patch.tiff,patch_140,26.832945,22.913307,27.59111,22.710014,25.80101
batch_01250_patch.tiff,patch_141,27.225779,22.809076,25.837399,22.791786,26.793756
batch_01250_patch.tiff,patch_142,27.039268,23.0683,22.657627,23.845808,26.91011
batch_01250_patch.tiff,patch_143,26.837545,22.473375,24.299957,24.495031,26.078445
batch_01250_patch.tiff,patch_144,26.01413,22.89301,22.637512,25.927723,27.066599
batch_01250_patch.tiff,patch_145,25.353697,22.912857,22.833351,24.789616,27.281569
batch_01250_patch.tiff,patch_146,25.588629,23.692497,24.487194,23.793047,25.905376
batch_01250_patch.tiff,patch_147,24.839157,23.903023,23.255524,26.416853,27.073242
batch_01250_patch.tiff,patch_148,27.547035,25.167183,25.50377,25.072155,27.868713
batch_01250_patch.tiff,patch_149,24.497906,23.324446,23.49316,25.914352,26.512682
batch_01250_patch.tiff,patch_150,24.966837,23.199642,25.582,25.121376,26.632513
batch_01250_patch.tiff,patch_151,24.332775,23.572706,24.831781,25.315977,25.83578
batch_01250_patch.tiff,patch_152,27.882406,23.473795,26.530602,23.00849,26.593016
batch_01250_patch.tiff,patch_153,25.885666,23.574638,24.852192,24.255512,27.083017
batch_01250_patch.tiff,patch_154,27.253517,22.326199,22.947199,24.753784,24.639608
batch_01250_patch.tiff,patch_155,26.348124,22.871302,23.009325,24.24704,26.659805
batch_01250_patch.tiff,patch_156,26.761036,23.135492,23.553389,25.330366,27.20142
batch_01250_patch.tiff,patch_157,24.854395,22.745731,22.38592,24.223568,27.051817
batch_01250_patch.tiff,patch_158,25.554834,24.96295,25.469528,25.044224,27.899435
batch_01250_patch.tiff,patch_159,26.085686,25.005556,24.479704,25.064219,27.761522
batch_01250_patch.tiff,patch_160,26.98428,24.119009,25.62543,24.41205,26.734324
batch_01250_patch.tiff,patch_161,26.796988,24.375021,25.010836,25.286,26.776539
batch_01250_patch.tiff,patch_162,23.863546,23.356474,24.571434,25.512066,26.275745
batch_01250_patch.tiff,patch_163,24.250267,23.02338,23.896654,25.01769,25.711748
batch_01250_patch.tiff,patch_164,27.071785,23.550358,26.9058,23.962208,26.715487
batch_01250_patch.tiff,patch_165,26.379864,23.829248,25.901329,23.493433,27.060013
batch_01250_patch.tiff,patch_166,26.20657,22.797773,22.697683,24.66382,26.828007
batch_01250_patch.tiff,patch_167,26.580465,22.068336,21.939293,23.907835,26.237741
batch_01250_patch.tiff,patch_168,24.824585,22.732397,21.821095,25.960876,26.93317
batch_01250_patch.tiff,patch_169,25.746088,22.160873,22.703068,23.845043,26.529305
batch_01250_patch.tiff,patch_170,24.911125,23.8834,25.192974,27.01596,27.730804
batch_01250_patch.tiff,patch_171,25.05486,22.999348,23.703821,25.581785,26.700714
batch_01250_patch.tiff,patch_172,23.915295,23.1499,22.656757,25.228666,25.780987
batch_01250_patch.tiff,patch_173,26.09708,23.310604,22.799252,22.004086,26.371866
batch_01250_patch.tiff,patch_174,25.901089,23.666887,26.124067,24.22169,26.487085
batch_01250_patch.tiff,patch_175,23.914122,22.241982,24.182283,25.083115,25.112562
batch_01250_patch.tiff,patch_176,25.8287,22.792736,25.767033,25.092106,26.805918
batch_01250_patch.tiff,patch_177,27.321495,23.148603,25.504478,23.605232,26.341446
batch_01300_patch.tiff,patch_0,25.010738,23.800262,25.273249,24.695988,26.216925
batch_01300_patch.tiff,patch_1,25.629927,23.44237,24.798529,24.198404,26.178547
batch_01300_patch.tiff,patch_2,24.838778,24.393423,27.582739,22.295685,25.034855
batch_01300_patch.tiff,patch_3,24.611914,23.003384,27.116983,21.312586,23.97235
batch_01300_patch.tiff,patch_4,25.85284,23.472546,24.335922,23.528076,25.869541
batch_01300_patch.tiff,patch_5,26.541536,23.743107,24.550152,24.35751,27.072124
batch_01300_patch.tiff,patch_6,26.259296,24.632538,25.643862,26.66314,28.117167
batch_01300_patch.tiff,patch_7,25.554111,24.10636,23.787586,25.382471,27.20003
batch_01300_patch.tiff,patch_8,27.66658,23.53052,26.815561,22.620363,25.710672
batch_01300_patch.tiff,patch_9,27.182348,22.624529,25.751795,22.71381,26.075874
batch_01300_patch.tiff,patch_10,26.588442,25.455359,26.32632,23.980268,25.865854
batch_01300_patch.tiff,patch_11,25.275436,24.027918,25.533863,21.54075,22.626616
batch_01300_patch.tiff,patch_12,27.00381,23.092539,27.538216,22.881998,25.540554
batch_01300_patch.tiff,patch_13,24.640388,23.249716,23.96132,24.78666,25.719576
batch_01300_patch.tiff,patch_14,25.40032,22.610855,23.564203,24.75036,25.149225
batch_01300_patch.tiff,patch_15,26.844355,24.507132,25.091843,24.273422,26.525509
batch_01300_patch.tiff,patch_16,27.058403,24.622894,25.657185,24.094234,27.397646
batch_01300_patch.tiff,patch_17,27.383247,24.57998,24.406662,26.483185,27.604067
batch_01300_patch.tiff,patch_18,25.699585,24.55544,24.035702,27.03764,28.42056
batch_01300_patch.tiff,patch_19,27.719374,23.198252,26.489834,22.254658,26.218475
batch_01300_patch.tiff,patch_20,27.288214,23.74245,26.530855,23.066145,26.165033
batch_01300_patch.tiff,patch_21,27.063536,24.772816,27.475916,24.020815,26.648178
batch_01300_patch.tiff,patch_22,25.816721,24.123964,26.752518,23.000132,24.052965
batch_01300_patch.tiff,patch_23,26.84528,23.058926,24.904125,22.62609,24.88747
batch_01300_patch.tiff,patch_24,24.93122,22.799765,24.873274,23.799574,25.984919
batch_01300_patch.tiff,patch_25,24.482227,22.127462,22.095592,24.80858,25.90604
batch_01300_patch.tiff,patch_26,28.021387,24.083733,26.985504,22.70773,26.130743
batch_01300_patch.tiff,patch_27,26.141485,23.975111,26.500284,24.585287,26.43972
batch_01300_patch.tiff,patch_28,25.88111,23.696901,25.33019,24.397902,26.140175
batch_01300_patch.tiff,patch_29,27.080507,24.789347,27.450335,24.775608,26.527271
batch_01300_patch.tiff,patch_30,26.418055,24.813192,24.650211,25.036932,27.242096
batch_01300_patch.tiff,patch_31,26.008324,26.162865,24.581608,25.457674,28.008612
batch_01300_patch.tiff,patch_32,26.522453,25.283216,27.357798,23.736414,25.558739
batch_01300_patch.tiff,patch_33,26.635582,25.194862,27.761242,24.631113,26.416275
batch_01300_patch.tiff,patch_34,26.624243,26.526817,27.05599,23.559837,26.006222
batch_01300_patch.tiff,patch_35,27.215094,24.287848,27.968336,22.464527,25.361801
batch_01300_patch.tiff,patch_36,27.260706,24.150177,27.007078,23.808887,25.689531
batch_01300_patch.tiff,patch_37,25.461813,22.657114,24.581526,24.177668,25.775536
batch_01300_patch.tiff,patch_38,26.19005,23.908028,23.970303,26.38578,27.00749
batch_01300_patch.tiff,patch_39,26.256527,23.987179,26.056858,22.624054,25.885145
batch_01300_patch.tiff,patch_40,26.372625,23.772928,27.194828,22.329056,26.012556
batch_01300_patch.tiff,patch_41,26.06309,24.873405,25.345976,24.176846,26.057898
batch_01300_patch.tiff,patch_42,25.45229,23.944586,25.089178,23.888771,26.178871
batch_01300_patch.tiff,patch_43,27.699041,24.725504,22.99889,24.595995,26.947588
batch_01300_patch.tiff,patch_44,26.188328,25.742125,25.253592,26.41293,26.813942
batch_01300_patch.tiff,patch_45,26.51133,25.568743,27.581453,23.538654,25.975368
batch_01300_patch.tiff,patch_46,25.261934,23.240047,25.505743,22.102722,23.385399
batch_01300_patch.tiff,patch_47,25.074778,25.291555,25.78137,24.358698,26.103529
batch_01300_patch.tiff,patch_48,26.231133,23.241924,26.479954,22.456654,23.93183
batch_01300_patch.tiff,patch_49,24.893875,23.610271,23.787203,26.71592,26.644949
batch_01300_patch.tiff,patch_50,26.526781,23.695375,25.9709,23.8542,26.132116
batch_01300_patch.tiff,patch_51,27.16388,23.655357,25.488577,23.589483,26.21962
batch_01300_patch.tiff,patch_52,25.865034,23.67607,25.587238,23.271652,25.71519
batch_01300_patch.tiff,patch_53,25.816809,25.540785,25.198109,25.443563,26.568174
batch_01300_patch.tiff,patch_54,25.815668,25.53994,25.433992,24.88148,26.78075
batch_01300_patch.tiff,patch_55,27.008984,23.242765,26.09737,23.352331,26.87988
batch_01300_patch.tiff,patch_56,27.326794,23.982954,25.078686,24.138674,27.351435
batch_01300_patch.tiff,patch_57,26.82839,24.732294,27.287153,22.79255,24.786203
batch_01300_patch.tiff,patch_58,25.842707,23.889772,26.712725,23.371847,25.134804
batch_01300_patch.tiff,patch_59,26.653492,25.122845,27.5023,24.15389,26.704323
batch_01300_patch.tiff,patch_60,26.539932,24.353659,26.28825,24.274904,26.382843
batch_01300_patch.tiff,patch_61,25.294306,25.066896,24.957384,26.601944,28.515121
batch_01300_patch.tiff,patch_62,26.590168,24.47718,24.824982,25.711433,27.561024
batch_01300_patch.tiff,patch_63,26.812384,23.68674,25.414398,23.43044,26.656227
batch_01300_patch.tiff,patch_64,26.856203,23.271978,25.906498,23.099588,25.962976
batch_01300_patch.tiff,patch_65,25.64589,24.468197,24.330988,24.463257,26.722721
batch_01300_patch.tiff,patch_66,25.847572,24.631685,23.53514,25.490915,27.045055
batch_01300_patch.tiff,patch_67,27.566055,22.512854,25.65957,22.219538,25.513523
batch_01300_patch.tiff,patch_68,27.14579,23.941515,25.945576,23.198133,25.480324
batch_01300_patch.tiff,patch_69,26.275974,24.634739,25.358997,23.110518,24.310339
batch_01300_patch.tiff,patch_70,26.599226,25.725813,26.67272,25.903454,27.844086
batch_01300_patch.tiff,patch_71,26.820747,25.254974,26.88488,22.938356,25.490253
batch_01300_patch.tiff,patch_72,24.830257,22.894861,23.555717,25.034485,25.785608
batch_01300_patch.tiff,patch_73,24.154598,23.128103,23.61422,24.64573,26.279558
batch_01300_patch.tiff,patch_74,25.959568,23.734388,27.524368,21.866688,25.687563
batch_01300_patch.tiff,patch_75,25.191992,24.134216,26.298677,22.748383,25.985975
batch_01300_patch.tiff,patch_76,25.832436,25.174541,24.244001,24.77724,27.729807
batch_01300_patch.tiff,patch_77,25.232082,25.71906,24.460197,26.969944,27.735077
batch_01300_patch.tiff,patch_78,27.30566,23.00529,25.8313,23.68489,26.306229
batch_01300_patch.tiff,patch_79,27.21692,23.94582,25.5214,23.221468,26.210957
batch_01300_patch.tiff,patch_80,25.909418,24.277832,26.538591,25.187502,27.734917
batch_01300_patch.tiff,patch_81,25.92809,23.608276,25.607866,24.55406,26.760677
batch_01300_patch.tiff,patch_82,24.47701,22.717237,25.303183,23.352972,25.416525
batch_01300_patch.tiff,patch_83,26.797836,23.965422,26.097286,24.133059,26.790632
batch_01300_patch.tiff,patch_84,24.680628,22.915976,24.20794,23.728323,25.394653
batch_01300_patch.tiff,patch_85,24.148579,23.110533,24.825413,23.23992,25.241922
batch_01300_patch.tiff,patch_86,26.838581,23.60739,26.71553,22.207752,26.237583
batch_01300_patch.tiff,patch_87,26.525005,23.253155,27.19145,22.134514,25.60469
batch_01300_patch.tiff,patch_88,25.012367,26.084152,25.49518,24.664965,26.84916
batch_01300_patch.tiff,patch_89,25.365074,25.269476,25.611916,25.71025,27.02426
batch_01300_patch.tiff,patch_90,27.663961,23.681993,27.020601,23.124228,25.58329
batch_01300_patch.tiff,patch_91,26.51211,24.145838,26.69207,24.065178,25.079695
batch_01300_patch.tiff,patch_92,25.381956,23.8841,25.912342,25.320526,27.194933
batch_01300_patch.tiff,patch_93,24.845074,23.716091,25.723545,24.118042,26.327284
batch_01300_patch.tiff,patch_94,24.419575,22.768257,25.816233,25.07661,26.395006
batch_01300_patch.tiff,patch_95,26.184832,23.22142,25.896196,24.816877,26.343569
batch_01300_patch.tiff,patch_96,25.228048,22.850706,25.871544,22.417557,24.715117
batch_01300_patch.tiff,patch_97,25.035103,23.553139,26.053917,23.014488,26.128805
batch_01300_patch.tiff,patch_98,25.470634,24.365673,25.6298,23.809038,25.435076
batch_01300_patch.tiff,patch_99,26.140823,23.926357,26.215652,22.35296,24.924992
batch_01300_patch.tiff,patch_100,26.119923,24.336746,25.222672,24.791302,26.169415
batch_01300_patch.tiff,patch_101,26.081816,24.85827,25.454033,24.698446,26.843662
batch_01300_patch.tiff,patch_102,27.635998,24.31657,27.475857,23.06595,25.861609
batch_01300_patch.tiff,patch_103,26.629646,24.218966,25.73729,24.062532,27.18387
batch_01300_patch.tiff,patch_104,24.47473,24.174757,24.75675,26.80474,27.843817
batch_01300_patch.tiff,patch_105,27.303629,23.74029,26.721416,24.25077,26.485218
batch_01300_patch.tiff,patch_106,27.4758,23.28599,28.23095,22.238237,26.52062
batch_01300_patch.tiff,patch_107,25.970133,22.676996,26.478458,22.371084,25.448446
batch_01300_patch.tiff,patch_108,23.726807,23.105236,24.14849,24.429556,25.923233
batch_01300_patch.tiff,patch_109,27.20775,24.224098,27.855944,22.684261,25.854334
batch_01300_patch.tiff,patch_110,26.033714,24.687233,25.745369,23.462624,26.017271
batch_01300_patch.tiff,patch_111,25.957497,23.796051,25.46633,24.381573,26.551666
batch_01300_patch.tiff,patch_112,25.893305,25.021786,24.996544,24.651087,26.595522
batch_01300_patch.tiff,patch_113,27.963951,24.513552,27.220158,23.519348,25.772694
batch_01300_patch.tiff,patch_114,27.869627,25.374935,25.695385,22.638052,26.018967
batch_01300_patch.tiff,patch_115,27.447369,24.44499,26.24342,24.714865,27.390184
batch_01300_patch.tiff,patch_116,25.310974,24.372377,24.269371,25.783207,27.092142
batch_01300_patch.tiff,patch_117,26.916796,23.299551,26.740833,22.670734,25.072449
batch_01300_patch.tiff,patch_118,26.07047,23.486229,25.729229,23.594912,25.146946
batch_01300_patch.tiff,patch_119,24.283989,22.98831,23.045265,25.009756,25.903196
batch_01300_patch.tiff,patch_120,24.427486,22.451958,23.340956,25.702656,25.885582
batch_01300_patch.tiff,patch_121,22.704542,23.21583,22.111591,27.285576,26.902618
batch_01300_patch.tiff,patch_122,23.280674,23.190672,23.024166,27.059582,26.53616
batch_01300_patch.tiff,patch_123,25.406544,24.444416,25.184126,24.96895,26.715761
batch_01300_patch.tiff,patch_124,25.602694,26.198362,25.657175,25.596716,27.679743
batch_01300_patch.tiff,patch_125,27.37818,22.231953,26.077631,21.033634,24.431196
batch_01300_patch.tiff,patch_126,27.493917,24.24356,24.839151,23.446743,26.246704
batch_01300_patch.tiff,patch_127,25.962456,23.899088,25.483013,22.615324,24.587065
batch_01300_patch.tiff,patch_128,27.13473,24.442514,26.77579,21.926247,23.847591
batch_01300_patch.tiff,patch_129,26.401016,22.748556,26.390547,21.458324,24.144182
batch_01300_patch.tiff,patch_130,25.407959,24.30331,24.973602,25.511257,25.753885
batch_01300_patch.tiff,patch_131,24.72977,22.488686,25.023357,23.230927,25.49977
batch_01300_patch.tiff,patch_132,24.41919,23.089602,23.715076,24.270754,26.112825
batch_01300_patch.tiff,patch_133,25.343409,24.469248,24.670969,26.87523,27.573723
batch_01300_patch.tiff,patch_134,24.298496,23.889166,23.311308,27.247532,28.006556
batch_01300_patch.tiff,patch_135,24.630348,25.13421,23.7104,24.403181,26.001272
batch_01300_patch.tiff,patch_136,25.353659,24.896667,25.112797,24.788012,26.866926
batch_01300_patch.tiff,patch_137,28.039772,23.91357,25.783073,24.48865,27.054615
batch_01300_patch.tiff,patch_138,25.637817,24.929462,26.64323,23.57472,25.122307
batch_01300_patch.tiff,patch_139,26.688118,24.249985,27.071901,22.75264,24.782164
batch_01300_patch.tiff,patch_140,26.696218,24.569456,25.610435,25.162567,24.905716
batch_01300_patch.tiff,patch_141,27.202278,23.635714,26.205814,22.743961,25.669006
batch_01300_patch.tiff,patch_142,23.556925,23.017447,26.415209,22.382616,24.835125
batch_01300_patch.tiff,patch_143,23.9064,23.769531,26.064875,22.796684,24.569105
batch_01300_patch.tiff,patch_144,26.300056,24.038715,26.796288,21.791811,24.814056
batch_01300_patch.tiff,patch_145,25.827276,22.939278,24.447609,24.37064,25.768442
batch_01300_patch.tiff,patch_146,25.13028,24.84386,23.614265,25.323435,26.739628
batch_01300_patch.tiff,patch_147,25.172966,24.205057,23.629175,24.114323,26.25343
batch_01300_patch.tiff,patch_148,27.345757,24.641922,27.231514,23.505476,26.326284
batch_01300_patch.tiff,patch_149,27.208893,23.025824,26.408798,22.359015,25.776997
batch_01300_patch.tiff,patch_150,26.130962,24.034464,25.681519,23.299753,24.244026
batch_01300_patch.tiff,patch_151,26.432922,23.397898,26.389215,24.116287,26.91396
batch_01300_patch.tiff,patch_152,25.956375,22.667091,26.728874,24.09142,26.62125
batch_01300_patch.tiff,patch_153,23.186848,22.64434,25.49553,20.681852,23.42
batch_01300_patch.tiff,patch_154,25.978067,23.914423,27.811422,23.211668,25.901041
batch_01300_patch.tiff,patch_155,26.976072,23.942862,25.455666,22.989876,25.516321
batch_01300_patch.tiff,patch_156,26.7108,24.190733,26.250227,23.545296,25.161457
batch_01300_patch.tiff,patch_157,24.923367,25.673073,24.192389,25.290731,27.112621
batch_01300_patch.tiff,patch_158,25.035316,25.049099,24.246689,25.885868,26.40432
batch_01300_patch.tiff,patch_159,27.074448,23.244217,26.730194,21.940563,25.581303
batch_01300_patch.tiff,patch_160,27.16204,22.798754,25.743538,22.22601,25.119019
batch_01300_patch.tiff,patch_161,27.547836,23.459146,26.896946,22.67327,24.99011
batch_01300_patch.tiff,patch_162,25.795,26.037449,27.119427,24.990282,27.060234
batch_01300_patch.tiff,patch_163,25.07958,22.866688,25.960032,24.47046,26.261435
batch_01300_patch.tiff,patch_164,28.109747,24.364716,27.345636,22.472534,25.75301
batch_01300_patch.tiff,patch_165,25.921349,23.894138,25.28614,25.58913,26.109634
batch_01300_patch.tiff,patch_166,24.931606,24.474846,25.081238,27.235949,27.569921
batch_01300_patch.tiff,patch_167,27.302807,23.43623,27.611338,21.707363,25.728508
batch_01300_patch.tiff,patch_168,26.204075,23.245907,27.262032,21.649813,25.176847
batch_01300_patch.tiff,patch_169,24.744946,23.453236,22.475693,25.078176,25.772045
batch_01300_patch.tiff,patch_170,25.489897,23.759703,23.10914,25.184244,26.393246
batch_01300_patch.tiff,patch_171,27.775753,23.160662,24.668644,24.373877,25.821718
batch_01300_patch.tiff,patch_172,26.324488,23.10936,24.91285,24.250275,26.78082
batch_01300_patch.tiff,patch_173,26.290327,25.095823,26.879917,23.782885,26.449572
batch_01300_patch.tiff,patch_174,23.677216,23.141682,23.484446,26.959158,27.413404
batch_01300_patch.tiff,patch_175,25.750626,24.71989,24.061266,27.20936,27.709833
batch_01350_patch.tiff,patch_0,26.47708,23.570244,23.385448,24.272083,25.388823
batch_01350_patch.tiff,patch_1,26.859587,23.622799,25.871338,23.79526,25.884033
batch_01350_patch.tiff,patch_2,25.062122,24.358873,24.45647,26.87226,27.666754
batch_01350_patch.tiff,patch_3,26.369862,24.06645,27.608091,24.422415,26.9571
batch_01350_patch.tiff,patch_4,26.588894,23.216875,26.699112,22.901222,25.455866
batch_01350_patch.tiff,patch_5,26.583096,23.540144,25.796906,23.796358,26.528044
batch_01350_patch.tiff,patch_6,27.121075,23.789858,26.193636,23.493752,26.456554
batch_01350_patch.tiff,patch_7,26.845701,23.152607,26.934258,22.33666,25.70233
batch_01350_patch.tiff,patch_8,26.313082,23.86887,27.570805,21.604313,25.998993
batch_01350_patch.tiff,patch_9,25.702936,23.232117,25.537853,22.207981,25.724997
batch_01350_patch.tiff,patch_10,24.730925,25.50825,24.665478,24.436043,27.178616
batch_01350_patch.tiff,patch_11,24.235224,24.271454,23.318146,25.51631,27.44768
batch_01350_patch.tiff,patch_12,26.121687,23.5281,25.791006,24.149487,25.52876
batch_01350_patch.tiff,patch_13,25.42757,23.251644,23.874369,23.723091,25.210993
batch_01350_patch.tiff,patch_14,27.108343,24.346386,24.65415,24.405252,26.529694
batch_01350_patch.tiff,patch_15,24.073996,24.04482,23.655977,26.210726,26.802345
batch_01350_patch.tiff,patch_16,26.808899,24.71854,25.736923,24.09948,26.7325
batch_01350_patch.tiff,patch_17,26.67259,22.901669,25.872042,23.258827,25.594263
batch_01350_patch.tiff,patch_18,26.884096,22.67315,27.400171,21.932205,25.253546
batch_01350_patch.tiff,patch_19,26.402473,22.822752,26.13288,22.567877,25.046087
batch_01350_patch.tiff,patch_20,26.59797,23.597746,26.432178,22.740334,26.174982
batch_01350_patch.tiff,patch_21,25.59459,23.206259,24.58039,22.27979,25.43919
batch_01350_patch.tiff,patch_22,25.09409,26.182062,24.898409,25.601841,28.198044
batch_01350_patch.tiff,patch_23,24.635933,25.43741,23.61964,25.759462,28.360558
batch_01350_patch.tiff,patch_24,26.156004,24.110262,25.403614,22.681314,25.475155
batch_01350_patch.tiff,patch_25,26.140873,23.261364,25.929102,25.094988,25.039225
batch_01350_patch.tiff,patch_26,24.719635,24.281456,26.047516,24.7178,25.660433
batch_01350_patch.tiff,patch_27,26.5842,23.050627,27.726599,21.587317,26.408113
batch_01350_patch.tiff,patch_28,26.053896,23.330276,26.193611,21.909582,25.53979
batch_01350_patch.tiff,patch_29,26.205332,22.504683,25.096579,22.97736,24.862457
batch_01350_patch.tiff,patch_30,26.771162,23.179441,27.044716,22.612137,25.577408
batch_01350_patch.tiff,patch_31,27.34507,23.63693,26.705297,22.108839,25.621738
batch_01350_patch.tiff,patch_32,25.6195,22.486113,23.793907,24.284842,24.825277
batch_01350_patch.tiff,patch_33,25.087831,22.587284,22.890762,26.169765,26.109798
batch_01350_patch.tiff,patch_34,26.897205,23.621212,26.889017,23.6025,26.883968
batch_01350_patch.tiff,patch_35,27.16318,24.118309,26.242521,23.988329,26.968847
batch_01350_patch.tiff,patch_36,24.73461,23.233374,24.741722,22.534967,24.82487
batch_01350_patch.tiff,patch_37,26.696941,24.614391,25.122128,26.082115,26.177677
batch_01350_patch.tiff,patch_38,24.698362,23.659895,25.558676,25.699049,25.618057
batch_01350_patch.tiff,patch_39,26.777233,23.839655,27.614279,21.019226,26.364092
batch_01350_patch.tiff,patch_40,27.298641,23.545046,26.20633,21.7548,26.415297
batch_01350_patch.tiff,patch_41,25.958456,23.526203,26.850838,22.953157,25.564985
batch_01350_patch.tiff,patch_42,24.585941,23.161087,24.937855,22.93488,24.038622
batch_01350_patch.tiff,patch_43,27.431976,22.609156,26.06259,21.99213,25.29475
batch_01350_patch.tiff,patch_44,27.773163,23.62781,26.131218,23.188173,25.37578
batch_01350_patch.tiff,patch_45,26.482195,23.250225,26.517319,23.217188,25.193413
batch_01350_patch.tiff,patch_46,26.577131,22.971403,24.87094,25.158512,24.633244
batch_01350_patch.tiff,patch_47,27.73117,24.649239,26.533888,25.042734,28.319153
batch_01350_patch.tiff,patch_48,26.431164,24.92093,26.2886,25.386263,27.955896
batch_01350_patch.tiff,patch_49,24.453182,22.703997,24.53538,23.3808,22.914818
batch_01350_patch.tiff,patch_50,24.629301,24.304914,26.747063,25.177406,27.174152
batch_01350_patch.tiff,patch_51,24.729813,23.753393,25.250269,25.956572,25.912918
batch_01350_patch.tiff,patch_52,26.59468,23.591465,26.717054,23.04075,27.817692
batch_01350_patch.tiff,patch_53,27.105093,23.230211,27.111618,21.24128,26.422457
batch_01350_patch.tiff,patch_54,26.138988,24.870161,24.277512,24.484255,26.88294
batch_01350_patch.tiff,patch_55,26.026426,25.352388,22.806898,24.59828,27.191946
batch_01350_patch.tiff,patch_56,26.739145,22.751066,26.02378,22.67708,25.670853
batch_01350_patch.tiff,patch_57,27.817366,23.08528,27.011208,22.009468,26.016802
batch_01350_patch.tiff,patch_58,26.100487,25.187614,23.609251,25.437756,27.702255
batch_01350_patch.tiff,patch_59,26.020977,25.619488,24.23788,25.108631,27.753214
batch_01350_patch.tiff,patch_60,24.74624,24.391005,25.631199,26.137892,27.085987
batch_01350_patch.tiff,patch_61,25.724886,24.113192,25.56337,26.203756,25.857805
batch_01350_patch.tiff,patch_62,26.704525,23.55032,27.319622,21.726152,26.698093
batch_01350_patch.tiff,patch_63,26.949018,22.896885,27.886786,21.292454,26.31941
batch_01350_patch.tiff,patch_64,26.710405,24.628147,23.760036,23.576582,27.200983
batch_01350_patch.tiff,patch_65,26.21986,25.374744,23.766043,25.659157,27.850632
batch_01350_patch.tiff,patch_66,26.482676,22.75357,26.40176,22.598495,25.169746
batch_01350_patch.tiff,patch_67,27.515114,22.971254,25.379662,22.162115,25.007172
batch_01350_patch.tiff,patch_68,26.90568,22.720592,22.733967,24.623756,26.45353
batch_01350_patch.tiff,patch_69,25.68505,23.062466,23.869259,26.663132,26.371632
batch_01350_patch.tiff,patch_70,24.769136,25.2567,23.63658,25.49356,27.26014
batch_01350_patch.tiff,patch_71,25.074322,24.747356,24.624006,24.3599,27.763191
batch_01350_patch.tiff,patch_72,24.70012,24.106535,26.111547,24.790646,25.422073
batch_01350_patch.tiff,patch_73,25.370201,24.497791,25.823563,25.011091,25.928999
batch_01350_patch.tiff,patch_74,26.258734,23.996887,26.604843,23.207626,27.019716
batch_01350_patch.tiff,patch_75,26.2802,23.372337,27.202839,22.374641,26.308252
batch_01350_patch.tiff,patch_76,26.867123,23.806555,27.234312,24.733608,26.991697
batch_01350_patch.tiff,patch_77,24.879354,24.587318,24.80074,25.524696,27.910818
batch_01350_patch.tiff,patch_78,25.75992,24.722261,25.16833,25.824291,28.535742
batch_01350_patch.tiff,patch_79,25.724615,24.122469,23.883379,25.182087,27.649145
batch_01350_patch.tiff,patch_80,26.105736,22.611933,23.131414,25.402006,26.540195
batch_01350_patch.tiff,patch_81,25.340437,22.386234,23.046404,24.21836,25.46246
batch_01350_patch.tiff,patch_82,25.921202,23.673748,26.055237,23.018974,25.067062
batch_01350_patch.tiff,patch_83,26.057976,22.082106,24.913002,21.294807,23.114693
batch_01350_patch.tiff,patch_84,23.764328,23.77252,24.241419,26.87498,25.805002
batch_01350_patch.tiff,patch_85,25.527609,24.312363,26.50389,25.832706,26.932251
batch_01350_patch.tiff,patch_86,25.435055,22.523397,25.59722,21.135948,24.713715
batch_01350_patch.tiff,patch_87,26.512384,22.981989,27.06862,22.131987,26.724888
batch_01350_patch.tiff,patch_88,27.045893,23.926563,25.317364,24.97217,26.21963
batch_01350_patch.tiff,patch_89,25.268915,25.28118,24.494375,25.474226,27.093342
batch_01350_patch.tiff,patch_90,23.630547,23.537443,22.482475,25.578169,25.851246
batch_01350_patch.tiff,patch_91,23.187729,23.774288,22.46853,25.06318,25.674963
batch_01350_patch.tiff,patch_92,26.1179,22.681242,23.230474,24.612242,25.479576
batch_01350_patch.tiff,patch_93,25.70856,23.344053,23.909224,25.85451,25.929869
batch_01350_patch.tiff,patch_94,24.881578,22.661358,25.339834,22.132082,23.475235
batch_01350_patch.tiff,patch_95,25.16675,23.006409,24.725796,24.397009,25.0447
batch_01350_patch.tiff,patch_96,24.822052,23.80743,26.20979,24.358517,25.0654
batch_01350_patch.tiff,patch_97,24.388702,23.417912,25.911543,23.826752,25.00728
batch_01350_patch.tiff,patch_98,26.227299,22.844435,27.50962,20.417215,25.98963
batch_01350_patch.tiff,patch_99,26.411436,23.096178,26.426325,22.71001,26.714712
batch_01350_patch.tiff,patch_100,28.230814,26.359184,24.82817,25.390474,28.334023
batch_01350_patch.tiff,patch_101,29.369272,25.049728,25.318188,22.258863,26.629974
batch_01350_patch.tiff,patch_102,26.785135,24.340761,25.31778,24.704155,27.457956
batch_01350_patch.tiff,patch_103,25.85612,23.21081,25.223883,22.340572,24.65803
batch_01350_patch.tiff,patch_104,24.884274,25.69245,24.424025,25.283909,28.003664
batch_01350_patch.tiff,patch_105,25.203518,26.25363,24.92277,26.09679,28.586803
batch_01350_patch.tiff,patch_106,25.84061,22.551073,26.369589,24.680534,25.012814
batch_01350_patch.tiff,patch_107,25.579653,23.301588,25.557123,22.621288,24.838608
batch_01350_patch.tiff,patch_108,25.643522,23.556236,25.577896,25.29045,25.747002
batch_01350_patch.tiff,patch_109,25.191034,23.350037,25.196243,23.5918,24.978628
batch_01350_patch.tiff,patch_110,26.813711,23.330246,26.771954,21.567587,26.997288
batch_01350_patch.tiff,patch_111,26.536736,22.667006,25.659603,23.41764,27.326488
batch_01350_patch.tiff,patch_112,26.22638,26.811285,23.701641,25.13247,28.474922
batch_01350_patch.tiff,patch_113,28.611788,25.474613,26.764929,22.796562,27.692068
batch_01350_patch.tiff,patch_114,26.661371,23.501272,26.592478,22.400043,25.417381
batch_01350_patch.tiff,patch_115,27.166992,23.286665,27.499187,21.709148,25.750912
batch_01350_patch.tiff,patch_116,24.880304,26.239351,24.10891,25.744473,28.389444
batch_01350_patch.tiff,patch_117,25.177626,25.605085,25.173826,24.313383,27.305414
batch_01350_patch.tiff,patch_118,25.65891,24.007673,25.135952,25.125118,26.479988
batch_01350_patch.tiff,patch_119,26.00493,22.67421,24.680984,25.027586,25.655931
batch_01350_patch.tiff,patch_120,26.291597,23.572285,26.023123,24.223675,25.450277
batch_01350_patch.tiff,patch_121,24.696808,22.8015,25.415733,24.158684,23.38079
batch_01350_patch.tiff,patch_122,26.713682,23.216764,27.110468,21.79807,26.16065
batch_01350_patch.tiff,patch_123,26.149853,23.15139,26.353374,21.264578,25.773815
batch_01350_patch.tiff,patch_124,27.029993,25.97699,25.838247,23.72284,26.247482
batch_01350_patch.tiff,patch_125,28.065151,25.411625,24.389584,24.217768,27.84668
batch_01350_patch.tiff,patch_126,26.48933,23.117449,26.963007,21.794308,25.14455
batch_01350_patch.tiff,patch_127,26.312212,23.713255,26.063974,22.228077,25.663578
batch_01350_patch.tiff,patch_128,24.410826,24.31188,22.543196,25.567133,27.493402
batch_01350_patch.tiff,patch_129,24.97748,24.731394,23.992813,25.596195,27.377748
batch_01350_patch.tiff,patch_130,26.854359,24.268175,24.2429,24.257301,26.09384
batch_01350_patch.tiff,patch_131,24.859081,22.98563,25.794403,23.857428,25.121902
batch_01350_patch.tiff,patch_132,24.208567,23.137001,26.46954,24.599762,26.042706
batch_01350_patch.tiff,patch_133,25.792786,23.638279,25.219852,23.851246,25.144493
batch_01350_patch.tiff,patch_134,26.215984,22.347124,26.56261,21.281096,25.163132
batch_01350_patch.tiff,patch_135,26.36176,23.663439,27.161736,21.581959,26.019156
batch_01350_patch.tiff,patch_136,27.64135,25.170956,24.030535,24.179579,27.186504
batch_01350_patch.tiff,patch_137,27.764927,26.124031,24.084837,25.583372,27.980274
batch_01350_patch.tiff,patch_138,25.875036,24.813143,24.563318,25.38524,26.453417
batch_01350_patch.tiff,patch_139,26.948027,24.780678,25.788944,24.657434,27.274649
batch_01350_patch.tiff,patch_140,24.597368,25.72503,25.2796,24.366112,28.134512
batch_01350_patch.tiff,patch_141,24.644936,26.36401,24.319393,23.933561,27.660204
batch_01350_patch.tiff,patch_142,26.626936,24.011255,25.078148,25.056631,26.041018
batch_01350_patch.tiff,patch_143,26.17819,23.134659,25.668896,22.115398,25.186974
batch_01350_patch.tiff,patch_144,25.441023,24.86558,25.69077,25.719242,26.586823
batch_01350_patch.tiff,patch_145,24.79565,23.614548,26.568563,24.893265,25.576002
batch_01350_patch.tiff,patch_146,25.819473,23.241604,26.855793,23.319954,26.363882
batch_01350_patch.tiff,patch_147,26.311493,22.86094,25.792202,23.245289,25.668003
batch_01350_patch.tiff,patch_148,25.91145,24.37799,24.59672,25.148643,26.358675
batch_01350_patch.tiff,patch_149,28.473913,24.730152,26.431372,24.717297,27.721142
batch_01350_patch.tiff,patch_150,24.372812,22.115717,24.693922,25.424263,26.716013
batch_01350_patch.tiff,patch_151,24.92157,26.130936,25.809608,26.17004,27.580204
batch_01350_patch.tiff,patch_152,24.674385,25.806934,25.157,25.601736,27.947601
batch_01350_patch.tiff,patch_153,27.810204,24.135017,24.271278,23.077824,25.297321
batch_01350_patch.tiff,patch_154,26.084349,23.768345,24.769508,24.555462,25.892166
batch_01350_patch.tiff,patch_155,25.445465,22.984037,26.16068,23.320507,25.573263
batch_01350_patch.tiff,patch_156,25.804258,23.803986,26.292622,24.572573,25.779762
batch_01350_patch.tiff,patch_157,27.280643,25.608978,24.727312,24.331833,26.709377
batch_01350_patch.tiff,patch_158,27.97247,25.066229,25.987808,23.637041,27.482151
batch_01350_patch.tiff,patch_159,25.058125,23.193537,25.461731,23.824696,27.160902
batch_01350_patch.tiff,patch_160,24.790369,26.447844,25.188597,25.630127,26.800787
batch_01350_patch.tiff,patch_161,25.391897,26.88444,24.48796,25.31678,27.71133
batch_01350_patch.tiff,patch_162,26.018223,23.926651,22.057209,23.88916,25.07198
batch_01350_patch.tiff,patch_163,24.701572,23.895987,25.04237,25.536266,25.868376
batch_01350_patch.tiff,patch_164,24.4365,23.468868,24.486994,27.21639,27.020569
batch_01350_patch.tiff,patch_165,24.944569,23.132528,25.116629,26.494843,26.83871
batch_01350_patch.tiff,patch_166,26.1965,22.287651,26.101503,22.063705,24.682308
batch_01350_patch.tiff,patch_167,26.500141,22.87789,25.743486,24.079502,26.260572
batch_01350_patch.tiff,patch_168,27.603157,23.093847,26.975266,22.294355,25.72418
batch_01350_patch.tiff,patch_169,27.578129,22.48782,25.473059,22.153034,24.82515
batch_01350_patch.tiff,patch_170,24.586332,25.143356,23.916985,25.71495,25.641788
batch_01350_patch.tiff,patch_171,24.843197,24.861628,24.781734,25.176086,27.028244
batch_01350_patch.tiff,patch_172,26.0699,26.234373,24.79331,24.127428,26.6461
batch_01350_patch.tiff,patch_173,25.190372,26.065086,24.963776,25.926945,27.780838
batch_01350_patch.tiff,patch_174,24.322084,23.30758,23.513208,26.949345,26.054327
batch_01350_patch.tiff,patch_175,25.128447,22.81318,26.12184,24.589376,25.74795
batch_01400_patch.tiff,patch_0,25.10137,23.675552,23.604454,23.763128,25.84782
batch_01400_patch.tiff,patch_1,24.732063,22.794624,23.263504,23.431217,24.600084
batch_01400_patch.tiff,patch_2,24.887014,22.867338,23.82015,21.862545,25.463976
batch_01400_patch.tiff,patch_3,24.49234,22.982235,22.25018,22.850677,25.036394
batch_01400_patch.tiff,patch_4,24.195509,23.246908,21.259193,26.24175,26.87322
batch_01400_patch.tiff,patch_5,24.071505,22.587439,20.306313,26.473734,26.730156
batch_01400_patch.tiff,patch_6,25.474325,23.43774,24.16661,25.47594,27.40558
batch_01400_patch.tiff,patch_7,24.744043,23.735054,24.34068,27.031614,27.357439
batch_01400_patch.tiff,patch_8,28.065075,24.627785,26.154488,22.1466,26.139044
batch_01400_patch.tiff,patch_9,27.073172,25.706112,27.377798,23.754368,26.978262
batch_01400_patch.tiff,patch_10,27.462982,25.596941,24.4757,23.162233,26.63682
batch_01400_patch.tiff,patch_11,25.928143,26.73954,24.175238,24.830076,27.943417
batch_01400_patch.tiff,patch_12,25.900187,24.005365,24.926132,24.092974,25.923002
batch_01400_patch.tiff,patch_13,25.263779,24.370817,24.209938,24.190374,26.609211
batch_01400_patch.tiff,patch_14,23.709072,23.774584,21.944036,23.083769,25.584866
batch_01400_patch.tiff,patch_15,23.698421,23.348785,21.97151,23.273935,25.466211
batch_01400_patch.tiff,patch_16,24.737144,23.436369,23.03875,23.513563,26.161758
batch_01400_patch.tiff,patch_17,23.386545,22.63463,19.962345,26.312344,25.975687
batch_01400_patch.tiff,patch_18,23.87614,22.68272,20.11644,26.411125,26.45334
batch_01400_patch.tiff,patch_19,25.934008,24.179829,23.859118,25.478325,27.748621
batch_01400_patch.tiff,patch_20,26.041876,24.170326,24.818726,25.177572,26.842299
batch_01400_patch.tiff,patch_21,27.379675,25.030493,26.62583,22.612638,26.446907
batch_01400_patch.tiff,patch_22,27.178747,25.55189,26.456388,22.966148,26.237835
batch_01400_patch.tiff,patch_23,26.223057,24.981964,26.18975,22.474924,25.630304
batch_01400_patch.tiff,patch_24,27.221899,26.400524,25.447351,23.621471,27.2198
batch_01400_patch.tiff,patch_25,23.846716,23.618868,22.472725,25.887302,26.302614
batch_01400_patch.tiff,patch_26,26.09062,23.222233,23.291124,20.697365,24.480373
batch_01400_patch.tiff,patch_27,25.556152,23.455626,23.665956,23.286814,25.888927
batch_01400_patch.tiff,patch_28,26.885735,23.205112,25.532753,20.736109,24.628498
batch_01400_patch.tiff,patch_29,24.948246,22.423386,23.369036,21.765417,23.74516
batch_01400_patch.tiff,patch_30,23.417074,22.744326,20.100542,26.251862,25.699945
batch_01400_patch.tiff,patch_31,23.88178,23.227934,20.43273,26.035688,25.955355
batch_01400_patch.tiff,patch_32,23.692402,24.360655,24.126835,22.36614,25.325037
batch_01400_patch.tiff,patch_33,24.384752,24.866701,25.026068,25.31261,27.238838
batch_01400_patch.tiff,patch_34,27.021055,24.861116,25.217365,24.032331,26.462389
batch_01400_patch.tiff,patch_35,26.112568,25.87793,26.159925,23.595808,25.63676
batch_01400_patch.tiff,patch_36,24.601889,24.277573,24.2202,25.005814,26.277193
batch_01400_patch.tiff,patch_37,24.009567,24.32821,24.051758,24.493967,25.772636
batch_01400_patch.tiff,patch_38,25.601105,24.83795,25.339033,25.691795,27.315996
batch_01400_patch.tiff,patch_39,26.784468,24.893974,23.444363,21.906416,25.872957
batch_01400_patch.tiff,patch_40,25.876186,23.954872,22.440306,22.434853,24.80771
batch_01400_patch.tiff,patch_41,24.723204,21.879358,25.721138,20.220629,24.196844
batch_01400_patch.tiff,patch_42,24.173922,22.61803,20.16464,25.33235,26.516504
batch_01400_patch.tiff,patch_43,23.603266,22.759567,19.715845,26.45153,26.140692
batch_01400_patch.tiff,patch_44,23.370169,24.724634,24.685709,22.905256,25.810532
batch_01400_patch.tiff,patch_45,24.327156,23.687904,24.009026,21.789734,25.52054
batch_01400_patch.tiff,patch_46,26.205433,25.969734,27.079435,23.510656,26.962784
batch_01400_patch.tiff,patch_47,26.703907,26.173248,26.617693,24.087894,27.001
batch_01400_patch.tiff,patch_48,24.877644,24.422554,24.525566,24.48548,26.249918
batch_01400_patch.tiff,patch_49,25.210917,24.287796,24.540915,25.789557,27.06822
batch_01400_patch.tiff,patch_50,24.894758,24.560488,23.961658,25.319439,26.65862
batch_01400_patch.tiff,patch_51,23.649384,22.95515,23.514309,26.402895,25.914385
batch_01400_patch.tiff,patch_52,25.606083,24.437895,24.500427,26.08578,27.63762
batch_01400_patch.tiff,patch_53,26.250772,22.628637,24.997274,22.291807,25.135935
batch_01400_patch.tiff,patch_54,25.873714,24.067564,22.48494,26.261894,27.277403
batch_01400_patch.tiff,patch_55,24.084051,23.421984,20.206911,26.927345,26.555422
batch_01400_patch.tiff,patch_56,23.93045,24.3836,23.741503,22.698912,26.647928
batch_01400_patch.tiff,patch_57,23.031328,24.787819,23.043745,21.986082,25.571712
batch_01400_patch.tiff,patch_58,25.624332,26.548807,26.133484,24.74775,27.639732
batch_01400_patch.tiff,patch_59,27.9082,25.757957,27.403494,23.438215,26.608707
batch_01400_patch.tiff,patch_60,24.023722,23.756954,22.383318,25.26252,25.170668
batch_01400_patch.tiff,patch_61,24.240196,24.472784,23.376785,24.429369,25.492468
batch_01400_patch.tiff,patch_62,25.14576,24.141262,24.476952,26.840086,27.306953
batch_01400_patch.tiff,patch_63,26.264002,24.285011,24.992987,24.304426,28.34758
batch_01400_patch.tiff,patch_64,26.765425,24.170734,26.246622,23.063492,26.341232
batch_01400_patch.tiff,patch_65,23.574059,23.407667,21.94446,25.905083,25.046522
batch_01400_patch.tiff,patch_66,24.86355,23.371838,21.335293,26.769032,26.650496
batch_01400_patch.tiff,patch_67,24.177515,24.371546,24.043474,23.21844,26.101078
batch_01400_patch.tiff,patch_68,22.389738,24.205933,23.124401,22.390427,25.521646
batch_01400_patch.tiff,patch_69,26.88032,25.839891,25.481453,23.575068,26.372639
batch_01400_patch.tiff,patch_70,27.13449,25.341179,26.758951,24.063286,26.622637
batch_01400_patch.tiff,patch_71,24.836746,24.150139,24.334827,24.197872,25.850786
batch_01400_patch.tiff,patch_72,26.323673,23.917921,24.441841,24.415754,26.682646
batch_01400_patch.tiff,patch_73,24.783297,23.56127,23.387047,25.403797,26.319304
batch_01400_patch.tiff,patch_74,24.394575,23.947443,22.884516,22.427094,25.005426
batch_01400_patch.tiff,patch_75,24.002697,22.901363,20.253311,24.231987,26.60173
batch_01400_patch.tiff,patch_76,24.983276,23.022923,20.969465,25.928982,27.066938
batch_01400_patch.tiff,patch_77,21.927988,24.405607,22.241945,23.521315,25.19361
batch_01400_patch.tiff,patch_78,22.82249,25.511347,23.313675,22.42633,24.881426
batch_01400_patch.tiff,patch_79,26.018337,23.656618,25.716806,25.333586,27.66399
batch_01400_patch.tiff,patch_80,26.03183,24.158388,24.085081,25.423475,27.81155
batch_01400_patch.tiff,patch_81,23.992632,24.802727,23.67824,25.20585,26.043587
batch_01400_patch.tiff,patch_82,25.311169,24.649778,24.800095,25.884352,26.18985
batch_01400_patch.tiff,patch_83,24.830875,24.07844,24.1295,23.44297,26.07197
batch_01400_patch.tiff,patch_84,24.534803,23.716177,22.650763,24.068676,25.732191
batch_01400_patch.tiff,patch_85,24.322037,22.980688,20.37064,25.588978,26.271326
batch_01400_patch.tiff,patch_86,25.36316,23.285337,21.420336,24.86196,26.364239
batch_01400_patch.tiff,patch_87,22.643171,24.581766,23.24189,22.006823,25.243101
batch_01400_patch.tiff,patch_88,23.171633,24.626965,24.579653,22.591013,25.203753
batch_01400_patch.tiff,patch_89,25.12925,23.199497,23.927998,25.69081,26.782988
batch_01400_patch.tiff,patch_90,26.175755,23.182295,25.555733,24.780603,27.914164
batch_01400_patch.tiff,patch_91,23.525368,25.684868,23.561913,24.46007,26.69882
batch_01400_patch.tiff,patch_92,24.806692,25.297913,25.075663,26.463692,27.39975
batch_01400_patch.tiff,patch_93,23.453718,24.063135,22.757027,24.059229,25.846416
batch_01400_patch.tiff,patch_94,24.306671,23.261711,23.414852,24.202251,25.559122
batch_01400_patch.tiff,patch_95,23.624382,23.316486,20.319029,25.756958,26.677094
batch_01400_patch.tiff,patch_96,23.938633,23.613491,20.444054,26.378668,26.603434
batch_01400_patch.tiff,patch_97,22.845491,23.896223,23.727184,23.650331,26.164602
batch_01400_patch.tiff,patch_98,22.623396,23.97679,21.99956,23.652084,25.906504
batch_01400_patch.tiff,patch_99,27.116825,25.57715,26.098267,23.520088,26.629192
batch_01400_patch.tiff,patch_100,28.26777,24.221516,26.854254,22.96428,26.258078
batch_01400_patch.tiff,patch_101,24.456728,23.822647,22.62465,24.759123,26.352718
batch_01400_patch.tiff,patch_102,25.418503,24.752644,24.833866,25.641775,26.142439
batch_01400_patch.tiff,patch_103,23.236692,23.733625,21.754826,24.503376,25.204174
batch_01400_patch.tiff,patch_104,23.889414,23.236422,23.41354,24.026075,25.872644
batch_01400_patch.tiff,patch_105,23.902296,22.237762,19.78504,26.43486,25.864279
batch_01400_patch.tiff,patch_106,23.623796,22.341307,19.580698,26.29843,25.07702
batch_01400_patch.tiff,patch_107,22.190838,24.035534,22.678745,23.113657,25.573324
batch_01400_patch.tiff,patch_108,22.583635,24.74004,24.144928,22.257364,25.273355
batch_01400_patch.tiff,patch_109,27.069887,25.4631,26.50646,23.69701,26.168732
batch_01400_patch.tiff,patch_110,28.613573,25.038168,26.952446,22.572882,26.230623
batch_01400_patch.tiff,patch_111,24.593864,23.758913,23.548397,24.6366,26.09432
batch_01400_patch.tiff,patch_112,23.445133,25.094166,24.584312,22.870382,25.339691
batch_01400_patch.tiff,patch_113,23.995726,23.566778,22.54396,22.605534,24.935984
batch_01400_patch.tiff,patch_114,24.355175,22.98401,23.367237,21.840694,24.983723
batch_01400_patch.tiff,patch_115,25.058138,24.043858,24.642542,26.38765,27.146793
batch_01400_patch.tiff,patch_116,25.659096,23.82668,25.260508,26.48911,27.577488
batch_01400_patch.tiff,patch_117,24.725931,22.975903,21.035418,27.248661,27.047913
batch_01400_patch.tiff,patch_118,24.054817,22.269457,20.508287,25.734163,25.723137
batch_01400_patch.tiff,patch_119,22.336514,24.351643,22.286575,22.544846,25.250837
batch_01400_patch.tiff,patch_120,21.389715,24.963987,22.073198,22.92895,24.930035
batch_01400_patch.tiff,patch_121,26.679314,26.367968,25.39774,24.60532,28.114445
batch_01400_patch.tiff,patch_122,28.313955,25.750488,26.757362,23.774048,27.136702
batch_01400_patch.tiff,patch_123,24.584332,25.070368,24.327791,24.908974,26.175
batch_01400_patch.tiff,patch_124,24.374733,24.151772,23.660454,25.495716,26.84738
batch_01400_patch.tiff,patch_125,23.567465,22.740227,21.290335,21.627298,24.90838
batch_01400_patch.tiff,patch_126,23.991564,22.962374,22.084106,23.05384,25.704197
batch_01400_patch.tiff,patch_127,25.579002,24.378477,24.250784,25.805084,27.539818
batch_01400_patch.tiff,patch_128,25.011778,23.684137,24.76722,25.78514,27.384235
batch_01400_patch.tiff,patch_129,26.458704,23.640823,23.115152,25.090593,27.172998
batch_01400_patch.tiff,patch_130,23.302343,22.459572,19.410664,25.222654,25.914604
batch_01400_patch.tiff,patch_131,23.901278,23.750103,23.410685,21.685263,25.25832
batch_01400_patch.tiff,patch_132,23.730259,24.555477,23.32292,23.070852,25.26822
batch_01400_patch.tiff,patch_133,26.200874,26.071297,26.046505,24.65874,27.010664
batch_01400_patch.tiff,patch_134,28.32459,24.195059,26.893595,23.587013,26.492186
batch_01400_patch.tiff,patch_135,25.415728,23.808556,24.818283,23.102926,24.803654
batch_01400_patch.tiff,patch_136,24.436415,24.983181,23.429266,25.659918,26.73666
batch_01400_patch.tiff,patch_137,24.217407,22.68767,23.330223,22.853502,24.882242
batch_01400_patch.tiff,patch_138,23.64226,22.043428,22.346178,22.385136,23.907835
batch_01400_patch.tiff,patch_139,24.075098,22.83465,24.381527,22.532955,25.369473
batch_01400_patch.tiff,patch_140,25.630836,23.187084,25.556889,23.49947,25.750795
batch_01400_patch.tiff,patch_141,21.925886,24.777409,22.682182,22.548006,24.979483
batch_01400_patch.tiff,patch_142,23.09511,25.36221,22.333448,23.511898,26.053804
batch_01400_patch.tiff,patch_143,21.79493,23.506735,22.731445,21.046072,24.009632
batch_01400_patch.tiff,patch_144,22.41191,23.729269,23.222885,21.83085,23.925661
batch_01400_patch.tiff,patch_145,27.21345,25.601582,26.80698,22.498579,26.100657
batch_01400_patch.tiff,patch_146,26.257849,26.59832,27.286041,23.340235,26.617233
batch_01400_patch.tiff,patch_147,26.72432,24.777056,26.05267,25.001446,26.984217
batch_01400_patch.tiff,patch_148,26.543987,23.67047,26.80668,24.269073,27.243668
batch_01400_patch.tiff,patch_149,25.33581,22.86708,24.81097,21.532946,24.89208
batch_01400_patch.tiff,patch_150,25.854843,22.986145,23.962265,21.623922,25.630077
batch_01400_patch.tiff,patch_151,22.129572,24.35014,22.679312,21.695362,24.228508
batch_01400_patch.tiff,patch_152,23.084257,24.43571,22.904074,22.88985,25.42078
batch_01400_patch.tiff,patch_153,22.232504,24.47178,22.790333,22.764372,25.3709
batch_01400_patch.tiff,patch_154,23.040113,25.307655,24.09085,23.49381,25.230661
batch_01400_patch.tiff,patch_155,26.600456,26.802591,26.464712,24.970692,27.840017
batch_01400_patch.tiff,patch_156,27.423239,26.031254,26.76648,23.763178,27.003345
batch_01400_patch.tiff,patch_157,25.835697,23.76221,25.36889,25.039698,27.795813
batch_01400_patch.tiff,patch_158,26.08079,23.930605,25.769491,24.848507,26.981121
batch_01400_patch.tiff,patch_159,23.528515,23.174595,22.761547,22.4874,25.33553
batch_01400_patch.tiff,patch_160,24.286871,23.60935,22.5044,22.93762,25.965002
batch_01400_patch.tiff,patch_161,25.385925,22.539015,23.72128,24.126701,26.329395
batch_01400_patch.tiff,patch_162,26.167078,22.895237,24.005423,22.780401,26.36372
batch_01400_patch.tiff,patch_163,23.374191,24.18285,23.536102,22.185596,25.664429
batch_01400_patch.tiff,patch_164,24.51091,24.82673,24.864283,23.549604,27.292711
batch_01400_patch.tiff,patch_165,27.89546,25.614006,24.32989,23.429502,26.833872
batch_01400_patch.tiff,patch_166,27.492315,25.181196,26.348843,23.530067,26.722841
batch_01400_patch.tiff,patch_167,27.251207,26.269947,26.42399,24.858406,28.053991
batch_01400_patch.tiff,patch_168,26.894506,26.349045,25.830643,24.173798,27.4049
batch_01400_patch.tiff,patch_169,25.867071,24.148397,25.45222,25.13207,27.08058
batch_01400_patch.tiff,patch_170,25.417538,23.6926,23.904217,25.571917,26.492231
batch_01450_patch.tiff,patch_0,23.997688,24.73686,24.050682,25.238293,26.17551
batch_01450_patch.tiff,patch_1,26.086067,24.916962,25.14491,24.275782,26.236433
batch_01450_patch.tiff,patch_2,25.20037,23.765553,24.92029,24.235382,26.108036
batch_01450_patch.tiff,patch_3,26.115126,24.405262,24.772465,26.29887,27.583488
batch_01450_patch.tiff,patch_4,26.991907,25.015121,26.728065,23.352606,25.187513
batch_01450_patch.tiff,patch_5,28.517546,23.946611,28.05599,23.125126,25.994892
batch_01450_patch.tiff,patch_6,26.681255,23.317715,23.856695,24.919754,26.408514
batch_01450_patch.tiff,patch_7,26.480234,22.057035,23.55793,23.904345,26.077187
batch_01450_patch.tiff,patch_8,24.971825,23.351477,24.022324,24.925602,27.347586
batch_01450_patch.tiff,patch_9,24.961748,23.324993,22.777216,25.073135,26.506006
batch_01450_patch.tiff,patch_10,25.925323,23.658674,21.770353,25.36069,27.689941
batch_01450_patch.tiff,patch_11,25.329634,23.376795,20.983265,25.74,26.49128
batch_01450_patch.tiff,patch_12,25.896458,24.579767,22.968315,25.85479,27.980501
batch_01450_patch.tiff,patch_13,25.475683,23.763384,23.826303,23.919641,26.045311
batch_01450_patch.tiff,patch_14,25.342999,25.327738,25.061035,24.855642,26.497557
batch_01450_patch.tiff,patch_15,25.953981,24.903622,26.778877,25.200907,29.146347
batch_01450_patch.tiff,patch_16,26.048223,23.84816,26.491562,25.269339,27.233652
batch_01450_patch.tiff,patch_17,28.315556,24.56549,27.702805,23.580336,25.814104
batch_01450_patch.tiff,patch_18,27.33116,24.81041,26.191969,24.790495,26.446762
batch_01450_patch.tiff,patch_19,26.565432,23.291042,24.602264,25.242968,27.332012
batch_01450_patch.tiff,patch_20,26.889587,23.046364,26.128477,23.646,26.185648
batch_01450_patch.tiff,patch_21,25.976501,24.353737,23.260262,24.180012,27.387764
batch_01450_patch.tiff,patch_22,24.77864,23.25967,22.328382,25.819544,26.416483
batch_01450_patch.tiff,patch_23,24.648308,23.273178,19.979942,25.49513,27.082155
batch_01450_patch.tiff,patch_24,25.891552,24.211666,21.851675,25.63892,27.848059
batch_01450_patch.tiff,patch_25,25.294607,23.399761,21.82665,26.161419,27.070227
batch_01450_patch.tiff,patch_26,26.255817,22.676653,24.096432,23.985695,27.232998
batch_01450_patch.tiff,patch_27,25.520689,23.288118,21.945042,25.66588,27.19381
batch_01450_patch.tiff,patch_28,28.260546,23.596958,27.075434,23.468641,25.335184
batch_01450_patch.tiff,patch_29,27.817562,24.269724,27.10464,21.674997,24.675192
batch_01450_patch.tiff,patch_30,24.423717,23.479906,23.88307,24.324947,26.50871
batch_01450_patch.tiff,patch_31,24.994562,22.607489,22.882595,24.584652,26.706573
batch_01450_patch.tiff,patch_32,24.93813,23.194456,22.505157,25.284922,25.99676
batch_01450_patch.tiff,patch_33,25.295473,22.74916,22.685606,25.78966,26.990152
batch_01450_patch.tiff,patch_34,26.185642,23.941711,26.510283,24.461176,27.468933
batch_01450_patch.tiff,patch_35,26.22615,23.815111,24.67004,24.693045,27.385914
batch_01450_patch.tiff,patch_36,26.848469,23.331787,26.88513,23.358456,26.255072
batch_01450_patch.tiff,patch_37,26.624887,22.607841,23.795963,24.10221,27.625454
batch_01450_patch.tiff,patch_38,26.778635,22.19623,24.852596,24.00961,26.88587
batch_01450_patch.tiff,patch_39,27.974634,23.958614,27.626553,22.965761,24.812216
batch_01450_patch.tiff,patch_40,28.04867,24.300175,27.218706,22.111927,25.499252
batch_01450_patch.tiff,patch_41,25.244164,23.184515,21.349464,25.129816,26.299192
batch_01450_patch.tiff,patch_42,25.31993,22.488958,22.236612,24.718418,26.123522
batch_01450_patch.tiff,patch_43,25.477905,23.638779,22.14527,25.45989,27.636887
batch_01450_patch.tiff,patch_44,24.13812,22.224266,21.322845,24.955671,25.989046
batch_01450_patch.tiff,patch_45,24.056385,23.692772,22.35938,24.708448,27.14186
batch_01450_patch.tiff,patch_46,25.910725,23.908329,26.469124,24.880726,27.017584
batch_01450_patch.tiff,patch_47,27.286112,22.480076,26.933329,22.667974,25.870712
batch_01450_patch.tiff,patch_48,26.644958,23.748121,23.763514,25.177923,28.314268
batch_01450_patch.tiff,patch_49,26.09507,23.610977,24.675377,25.549456,28.830227
batch_01450_patch.tiff,patch_50,27.880857,24.152985,28.427336,22.289915,25.823214
batch_01450_patch.tiff,patch_51,27.523798,24.906137,27.344257,23.860716,25.978418
batch_01450_patch.tiff,patch_52,24.633257,23.969412,22.401997,24.211725,26.339653
batch_01450_patch.tiff,patch_53,25.87166,22.836285,22.97743,24.086994,27.023703
batch_01450_patch.tiff,patch_54,24.213617,22.346151,21.753242,25.084423,26.183184
batch_01450_patch.tiff,patch_55,25.45266,22.637632,23.10623,25.635303,26.841398
batch_01450_patch.tiff,patch_56,25.76778,23.134727,21.041243,25.527048,27.34374
batch_01450_patch.tiff,patch_57,25.95853,23.37217,22.605116,24.552654,27.000063
batch_01450_patch.tiff,patch_58,26.500559,22.459736,23.93521,24.552713,28.309221
batch_01450_patch.tiff,patch_59,25.516441,23.499598,23.061047,27.079506,28.651402
batch_01450_patch.tiff,patch_60,27.941343,24.056822,26.59843,23.207304,26.501976
batch_01450_patch.tiff,patch_61,27.849766,24.380339,28.094433,21.864325,25.400608
batch_01450_patch.tiff,patch_62,27.88695,22.99185,27.242655,22.639826,25.006083
batch_01450_patch.tiff,patch_63,25.883678,23.45265,23.988815,24.367596,26.178593
batch_01450_patch.tiff,patch_64,24.756687,23.269114,21.60977,24.428247,25.970764
batch_01450_patch.tiff,patch_65,24.474354,23.596962,22.0148,25.691406,26.712828
batch_01450_patch.tiff,patch_66,24.205158,24.186104,21.308037,26.387754,26.57687
batch_01450_patch.tiff,patch_67,25.823986,22.921877,21.860392,24.960497,27.015696
batch_01450_patch.tiff,patch_68,25.691877,23.054455,21.870535,24.754158,26.66968
batch_01450_patch.tiff,patch_69,26.48639,22.976633,22.421736,24.51837,27.263184
batch_01450_patch.tiff,patch_70,25.770546,23.084705,21.326685,24.845566,27.173374
batch_01450_patch.tiff,patch_71,26.894451,24.30955,26.882433,23.591164,27.208368
batch_01450_patch.tiff,patch_72,26.730019,24.30846,26.779587,24.878084,27.81858
batch_01450_patch.tiff,patch_73,26.331743,23.96175,27.058064,23.870762,26.776915
batch_01450_patch.tiff,patch_74,23.698656,22.708128,21.162392,25.768274,26.422407
batch_01450_patch.tiff,patch_75,25.070019,24.031382,22.156498,24.928421,26.310902
batch_01450_patch.tiff,patch_76,24.383423,24.080503,22.031065,26.651575,27.079144
batch_01450_patch.tiff,patch_77,25.566957,22.908237,24.098894,24.255585,25.864603
batch_01450_patch.tiff,patch_78,25.635082,22.591698,21.866892,25.363058,26.925495
batch_01450_patch.tiff,patch_79,25.256514,23.666586,21.334272,26.405869,27.2373
batch_01450_patch.tiff,patch_80,25.511717,21.903479,23.679453,24.975454,26.820087
batch_01450_patch.tiff,patch_81,25.813997,23.257189,23.206299,24.690145,27.48915
batch_01450_patch.tiff,patch_82,24.337069,24.327553,23.804522,26.266684,27.673626
batch_01450_patch.tiff,patch_83,26.18093,24.804605,24.842829,25.985964,27.927042
batch_01450_patch.tiff,patch_84,25.276903,23.925816,23.112068,24.413784,26.711405
batch_01450_patch.tiff,patch_85,24.937437,23.32937,21.551767,24.944004,26.66766
batch_01450_patch.tiff,patch_86,24.995768,23.049377,21.794746,25.199022,26.404608
batch_01450_patch.tiff,patch_87,25.20468,22.760843,23.178507,24.71077,26.280533
batch_01450_patch.tiff,patch_88,25.099283,23.009478,22.104393,25.912233,26.472282
batch_01450_patch.tiff,patch_89,25.779818,22.995413,21.608683,25.567453,26.871365
batch_01450_patch.tiff,patch_90,26.899422,22.264856,26.211628,24.223793,27.248383
batch_01450_patch.tiff,patch_91,26.651857,22.028942,23.993055,24.212263,27.153456
batch_01450_patch.tiff,patch_92,26.869566,23.47913,25.418716,23.672161,26.053246
batch_01450_patch.tiff,patch_93,25.240717,22.443283,25.150078,23.745546,26.115368
batch_01450_patch.tiff,patch_94,25.42918,23.409962,22.99248,24.188826,26.504883
batch_01450_patch.tiff,patch_95,26.217476,24.145384,22.09689,24.944523,27.96329
batch_01450_patch.tiff,patch_96,24.87013,22.259119,22.221947,24.351862,25.63456
batch_01450_patch.tiff,patch_97,24.309746,22.415665,21.252663,25.067337,26.200706
batch_01450_patch.tiff,patch_98,26.340765,23.991856,24.063364,25.246214,27.736843
batch_01450_patch.tiff,patch_99,26.006313,23.978224,22.482016,25.617085,27.374857
batch_01450_patch.tiff,patch_100,26.009415,23.012974,23.574604,25.413122,27.223654
batch_01450_patch.tiff,patch_101,26.06988,22.196495,23.729345,24.67179,26.993216
batch_01450_patch.tiff,patch_102,26.295195,24.436682,26.213942,23.13276,26.3078
batch_01450_patch.tiff,patch_103,25.684406,25.396936,26.250505,24.339655,28.032978
batch_01450_patch.tiff,patch_104,26.443876,23.165089,23.367382,25.319332,27.843306
batch_01450_patch.tiff,patch_105,26.285275,22.789946,21.877876,24.666052,26.590498
batch_01450_patch.tiff,patch_106,26.072666,23.323877,24.363201,24.561516,26.382372
batch_01450_patch.tiff,patch_107,25.511744,22.685635,22.91126,24.519236,26.003572
batch_01450_patch.tiff,patch_108,25.750988,22.543068,23.762083,24.019024,27.052643
batch_01450_patch.tiff,patch_109,25.253553,23.192497,23.059353,24.218,27.025799
batch_01450_patch.tiff,patch_110,24.474838,23.087763,22.849838,25.580635,26.455095
batch_01450_patch.tiff,patch_111,25.370407,22.214846,24.147186,25.29516,26.548714
batch_01450_patch.tiff,patch_112,26.355083,22.417236,23.345688,23.831656,26.41408
batch_01450_patch.tiff,patch_113,27.496521,23.369411,24.355505,24.33704,27.236101
batch_01450_patch.tiff,patch_114,26.891508,23.065203,27.500671,22.763506,25.894438
batch_01450_patch.tiff,patch_115,24.953053,22.63177,23.28718,25.477903,26.757933
batch_01450_patch.tiff,patch_116,26.112913,22.324535,23.75471,24.770555,26.32788
batch_01450_patch.tiff,patch_117,25.73465,23.678757,22.651665,26.092289,27.261084
batch_01450_patch.tiff,patch_118,25.02602,23.32161,21.966282,23.351042,27.474148
batch_01450_patch.tiff,patch_119,24.365181,22.958092,21.16734,24.950869,27.035774
batch_01450_patch.tiff,patch_120,25.068716,22.411715,22.59374,24.187454,26.280218
batch_01450_patch.tiff,patch_121,25.787855,22.562113,23.5774,24.395065,25.996723
batch_01450_patch.tiff,patch_122,26.32873,23.631279,22.061642,26.718899,27.762747
batch_01450_patch.tiff,patch_123,26.011276,22.655378,23.21708,25.02897,27.120605
batch_01450_patch.tiff,patch_124,27.025925,23.33766,24.56222,24.10916,27.42844
batch_01450_patch.tiff,patch_125,25.203766,23.089994,25.393316,22.73344,26.035793
batch_01450_patch.tiff,patch_126,26.83843,23.51522,25.473236,24.743135,26.32504
batch_01450_patch.tiff,patch_127,27.120707,23.632391,22.890759,24.1265,27.530281
batch_01450_patch.tiff,patch_128,27.289454,22.963297,25.125883,24.474058,26.673677
batch_01450_patch.tiff,patch_129,25.745026,23.338163,22.760426,24.604269,26.422298
batch_01450_patch.tiff,patch_130,24.979593,23.876616,22.53037,26.495583,27.632801
batch_01450_patch.tiff,patch_131,24.801086,23.617256,21.456701,25.25837,26.724113
batch_01450_patch.tiff,patch_132,25.546803,23.645863,22.70725,23.835957,27.144428
batch_01450_patch.tiff,patch_133,26.286194,23.970497,21.641418,26.150896,27.780186
batch_01450_patch.tiff,patch_134,25.607311,23.25553,21.842117,26.15635,27.126524
batch_01450_patch.tiff,patch_135,24.857,24.249912,25.965063,25.39761,27.860437
batch_01450_patch.tiff,patch_136,25.953922,22.105356,25.488194,23.063667,26.115284
batch_01450_patch.tiff,patch_137,25.526642,22.364426,24.635452,23.721779,26.160141
batch_01450_patch.tiff,patch_138,25.046501,24.34217,23.277723,25.884867,27.345465
batch_01450_patch.tiff,patch_139,26.289713,24.445395,25.43112,24.292856,26.336348
batch_01450_patch.tiff,patch_140,26.121687,23.555017,22.153267,24.139166,26.05373
batch_01450_patch.tiff,patch_141,28.203705,23.561241,25.593529,23.365845,26.931492
batch_01450_patch.tiff,patch_142,25.36208,22.862766,21.57302,25.38854,25.866076
batch_01450_patch.tiff,patch_143,25.35648,23.228367,23.531698,25.678411,27.319359
batch_01450_patch.tiff,patch_144,26.914042,23.45611,24.908705,23.440393,25.594706
batch_01450_patch.tiff,patch_145,27.057732,24.101717,25.017532,23.786034,25.840752
batch_01450_patch.tiff,patch_146,25.879494,22.813686,25.238894,23.534746,26.662542
batch_01450_patch.tiff,patch_147,26.354147,22.328814,25.199045,22.610626,25.679546
batch_01450_patch.tiff,patch_148,22.766506,22.307354,22.171772,26.370304,26.29981
batch_01450_patch.tiff,patch_149,26.436026,24.77459,25.131184,25.317862,26.989813
batch_01450_patch.tiff,patch_150,26.6573,23.197927,23.004566,25.452698,26.989895
batch_01450_patch.tiff,patch_151,26.93644,23.627716,27.123856,22.761545,25.231794
batch_01450_patch.tiff,patch_152,26.242641,23.951008,22.162373,25.352295,27.049538
batch_01450_patch.tiff,patch_153,25.555662,23.831554,22.914042,25.594103,27.366611
batch_01450_patch.tiff,patch_154,27.032627,24.899849,25.69838,23.89969,26.812883
batch_01450_patch.tiff,patch_155,26.655401,24.40178,26.095924,22.721746,26.113743
batch_01450_patch.tiff,patch_156,27.826256,25.015398,27.460608,22.623857,25.690819
batch_01450_patch.tiff,patch_157,27.604927,25.690046,27.447506,23.850668,25.321913
batch_01450_patch.tiff,patch_158,25.711195,24.004221,24.273487,25.229254,26.711159
batch_01450_patch.tiff,patch_159,26.176744,23.171152,24.482197,24.729988,26.317266
batch_01450_patch.tiff,patch_160,25.011831,23.412136,23.451405,24.365005,26.640093
batch_01450_patch.tiff,patch_161,25.952936,23.67297,23.091173,24.569193,27.10817
batch_01450_patch.tiff,patch_162,27.241724,23.74908,27.106325,23.83,25.71041
batch_01450_patch.tiff,patch_163,27.033684,22.264467,22.604063,22.641356,26.271765
batch_01450_patch.tiff,patch_164,26.264704,23.210672,21.291262,25.586334,27.40996
batch_01450_patch.tiff,patch_165,25.348776,23.134089,22.718843,25.42352,26.530848
batch_01500_patch.tiff,patch_0,28.116867,22.874233,27.447126,23.022717,26.404379
batch_01500_patch.tiff,patch_1,27.17751,23.391916,26.325205,24.266285,26.825779
batch_01500_patch.tiff,patch_2,25.335558,25.006355,24.268873,27.017056,28.142405
batch_01500_patch.tiff,patch_3,24.14729,23.23512,22.900412,27.53699,26.51692
batch_01500_patch.tiff,patch_4,25.106258,23.962385,25.982563,24.645943,26.211363
batch_01500_patch.tiff,patch_5,25.93311,23.625866,25.10499,24.523943,25.851202
batch_01500_patch.tiff,patch_6,26.613943,24.354052,24.408443,24.771797,27.672644
batch_01500_patch.tiff,patch_7,24.34545,23.548735,24.252853,25.255096,26.486542
batch_01500_patch.tiff,patch_8,25.047827,23.736807,23.646784,25.230556,26.424488
batch_01500_patch.tiff,patch_9,24.74653,24.430498,23.601858,25.516108,26.891815
batch_01500_patch.tiff,patch_10,25.901484,23.652685,23.416857,25.7798,26.95354
batch_01500_patch.tiff,patch_11,25.084417,23.257542,25.152723,24.900427,26.715899
batch_01500_patch.tiff,patch_12,26.476892,22.33398,26.672272,22.712225,25.759602
batch_01500_patch.tiff,patch_13,26.822481,22.966454,26.43716,23.837997,26.299442
batch_01500_patch.tiff,patch_14,23.784826,23.791656,23.631935,26.095217,26.56416
batch_01500_patch.tiff,patch_15,24.76305,24.062548,25.572756,25.793762,26.181894
batch_01500_patch.tiff,patch_16,25.546286,23.295898,25.149881,23.709213,26.063194
batch_01500_patch.tiff,patch_17,24.900805,23.786022,23.659273,26.252,27.08531
batch_01500_patch.tiff,patch_18,26.080172,23.475801,25.692217,22.820354,26.000877
batch_01500_patch.tiff,patch_19,25.103008,23.582512,23.758871,25.164879,26.7719
batch_01500_patch.tiff,patch_20,24.890373,22.920649,23.032635,25.074678,25.857302
batch_01500_patch.tiff,patch_21,24.900572,24.187819,25.340834,26.262693,26.949976
batch_01500_patch.tiff,patch_22,25.484383,24.29032,25.342953,24.859287,27.782574
batch_01500_patch.tiff,patch_23,25.811441,24.412266,23.955751,26.13163,27.49483
batch_01500_patch.tiff,patch_24,27.637812,22.746887,26.352255,22.547024,25.681456
batch_01500_patch.tiff,patch_25,27.752094,22.570097,27.382967,21.480907,25.411362
batch_01500_patch.tiff,patch_26,24.023584,23.759796,23.00725,26.526157,26.016373
batch_01500_patch.tiff,patch_27,24.804607,24.50753,24.097767,26.31697,26.898766
batch_01500_patch.tiff,patch_28,24.744766,24.20541,24.124567,25.896627,26.822472
batch_01500_patch.tiff,patch_29,25.282358,24.02634,24.607317,25.203651,26.930523
batch_01500_patch.tiff,patch_30,25.187366,23.863714,23.864376,25.534147,27.746756
batch_01500_patch.tiff,patch_31,26.259045,23.399601,23.890537,25.307682,26.914583
batch_01500_patch.tiff,patch_32,25.972383,23.091274,22.351368,25.317099,26.434193
batch_01500_patch.tiff,patch_33,26.24895,24.36874,23.68357,25.00398,27.43
batch_01500_patch.tiff,patch_34,26.693777,24.730745,27.878372,25.172052,27.296751
batch_01500_patch.tiff,patch_35,27.13263,23.690548,27.442085,23.16088,25.221079
batch_01500_patch.tiff,patch_36,27.589628,23.657463,27.234076,23.909126,26.881786
batch_01500_patch.tiff,patch_37,24.136122,23.451221,24.144,25.561049,26.941452
batch_01500_patch.tiff,patch_38,25.04757,24.215136,24.652733,26.576174,27.10621
batch_01500_patch.tiff,patch_39,25.284575,23.939444,24.945026,25.11754,26.710396
batch_01500_patch.tiff,patch_40,26.268692,23.416513,24.055946,25.367893,27.575567
batch_01500_patch.tiff,patch_41,25.226318,23.49068,24.152636,26.764668,27.652426
batch_01500_patch.tiff,patch_42,27.087332,23.90113,24.601866,25.103308,27.180492
batch_01500_patch.tiff,patch_43,26.067152,24.247267,24.71066,25.403496,26.803104
batch_01500_patch.tiff,patch_44,25.909876,24.177202,25.297974,25.36892,27.167501
batch_01500_patch.tiff,patch_45,24.582005,24.300922,24.692806,25.553837,26.15533
batch_01500_patch.tiff,patch_46,26.736425,24.35577,26.832584,24.990025,28.12329
batch_01500_patch.tiff,patch_47,26.93597,24.058857,26.040833,23.902596,27.795862
batch_01500_patch.tiff,patch_48,24.951588,24.307722,25.232948,25.913206,26.976723
batch_01500_patch.tiff,patch_49,24.481705,22.856459,24.105988,24.40209,24.926476
batch_01500_patch.tiff,patch_50,25.417084,24.472965,23.692009,25.916935,27.341188
batch_01500_patch.tiff,patch_51,25.212992,24.717262,25.804071,26.195646,27.120024
batch_01500_patch.tiff,patch_52,26.784575,23.110523,23.382826,24.146095,26.220358
batch_01500_patch.tiff,patch_53,25.56629,22.668364,23.50633,24.706188,26.06638
batch_01500_patch.tiff,patch_54,25.769173,24.781239,24.326902,25.938875,27.46592
batch_01500_patch.tiff,patch_55,25.383965,23.2056,22.487795,26.276917,26.762854
batch_01500_patch.tiff,patch_56,24.32524,24.377583,24.63029,25.840271,28.186474
batch_01500_patch.tiff,patch_57,25.058352,24.870985,24.957008,26.493092,27.322273
batch_01500_patch.tiff,patch_58,25.353506,23.936707,25.462093,24.55754,26.148153
batch_01500_patch.tiff,patch_59,25.95207,24.014236,26.181335,24.95841,26.727726
batch_01500_patch.tiff,patch_60,24.212955,24.04557,24.064447,26.244482,25.923584
batch_01500_patch.tiff,patch_61,26.644873,24.464655,26.50559,25.466055,27.18332
batch_01500_patch.tiff,patch_62,25.326748,23.095932,22.566757,26.000307,27.075459
batch_01500_patch.tiff,patch_63,25.125154,22.374102,23.18538,25.296759,27.033413
batch_01500_patch.tiff,patch_64,25.309603,24.335209,24.4846,25.527874,27.062494
batch_01500_patch.tiff,patch_65,25.238699,24.568132,23.526463,24.952436,27.283585
batch_01500_patch.tiff,patch_66,25.4114,23.920456,25.28141,25.659725,27.578733
batch_01500_patch.tiff,patch_67,25.576017,23.466358,23.390266,24.376762,27.01079
batch_01500_patch.tiff,patch_68,26.713436,23.103092,27.656767,23.774748,25.446554
batch_01500_patch.tiff,patch_69,27.585794,22.571144,27.151766,22.309664,25.957338
batch_01500_patch.tiff,patch_70,25.597,24.491829,26.221043,25.629261,27.361792
batch_01500_patch.tiff,patch_71,25.053709,23.759895,24.924314,25.893185,27.170517
batch_01500_patch.tiff,patch_72,24.618275,22.815586,24.829426,25.006668,24.987017
batch_01500_patch.tiff,patch_73,24.867456,22.540691,22.752827,25.076914,25.631018
batch_01500_patch.tiff,patch_74,23.367224,23.299557,23.603983,24.927517,25.046862
batch_01500_patch.tiff,patch_75,26.053057,24.31104,25.390785,24.60623,27.107851
batch_01500_patch.tiff,patch_76,25.31312,24.172607,24.832695,25.721508,27.02034
batch_01500_patch.tiff,patch_77,24.034132,23.839657,21.794449,26.47777,26.813911
batch_01500_patch.tiff,patch_78,25.4131,23.943213,25.07428,24.259262,26.494553
batch_01500_patch.tiff,patch_79,27.53836,23.11155,27.293478,23.2232,26.669872
batch_01500_patch.tiff,patch_80,27.323969,23.611752,26.457579,23.164904,25.148207
batch_01500_patch.tiff,patch_81,25.540764,24.601997,25.118986,25.728497,26.406847
batch_01500_patch.tiff,patch_82,25.637972,23.01855,25.915922,25.106518,26.471611
batch_01500_patch.tiff,patch_83,23.780756,23.822985,22.915562,26.600315,25.509352
batch_01500_patch.tiff,patch_84,25.927296,23.320457,23.255884,25.034971,26.78513
batch_01500_patch.tiff,patch_85,24.746832,22.917068,22.648428,25.296371,25.937551
batch_01500_patch.tiff,patch_86,25.794342,24.40655,23.714066,25.823683,27.900679
batch_01500_patch.tiff,patch_87,24.493004,23.59674,23.23663,26.960686,27.681284
batch_01500_patch.tiff,patch_88,26.091726,24.146479,26.053946,24.154085,27.295712
batch_01500_patch.tiff,patch_89,27.484743,24.106457,25.255,24.44638,27.015104
batch_01500_patch.tiff,patch_90,27.310625,22.894947,26.292639,23.390335,25.956472
batch_01500_patch.tiff,patch_91,26.607437,22.428223,25.650604,23.101913,25.123102
batch_01500_patch.tiff,patch_92,24.461475,24.117136,26.386698,24.829525,26.00064
batch_01500_patch.tiff,patch_93,24.452482,23.764023,26.524864,24.112299,25.85334
batch_01500_patch.tiff,patch_94,26.631561,23.913418,25.449663,25.478558,26.955841
batch_01500_patch.tiff,patch_95,25.794523,23.939432,22.467642,25.266283,26.964481
batch_01500_patch.tiff,patch_96,25.414434,23.737148,21.937374,25.993076,26.694578
batch_01500_patch.tiff,patch_97,26.018148,24.832478,23.798862,25.40844,27.428537
batch_01500_patch.tiff,patch_98,25.64752,23.868763,23.384523,25.151663,26.814415
batch_01500_patch.tiff,patch_99,27.146755,24.260971,26.285498,25.762947,28.123909
batch_01500_patch.tiff,patch_100,25.817293,23.494717,24.897415,23.604025,26.692059
batch_01500_patch.tiff,patch_101,27.066807,23.39129,27.117548,22.44112,25.407625
batch_01500_patch.tiff,patch_102,27.577057,22.34924,27.213472,21.748379,25.431726
batch_01500_patch.tiff,patch_103,24.44783,23.27164,24.92774,25.122265,25.842901
batch_01500_patch.tiff,patch_104,25.347631,24.13221,26.065666,24.317602,27.043358
batch_01500_patch.tiff,patch_105,26.498112,23.810919,26.775064,22.667698,25.922245
batch_01500_patch.tiff,patch_106,27.002874,23.694128,25.327791,23.788956,26.745504
batch_01500_patch.tiff,patch_107,25.218554,23.20813,24.843086,24.753477,26.998262
batch_01500_patch.tiff,patch_108,25.542158,23.030968,23.237343,24.376724,25.92615
batch_01500_patch.tiff,patch_109,25.265211,23.686193,21.903826,26.141994,27.565182
batch_01500_patch.tiff,patch_110,25.78514,24.073753,24.008266,25.330507,26.866678
batch_01500_patch.tiff,patch_111,26.610754,24.005085,26.271572,25.425913,28.056479
batch_01500_patch.tiff,patch_112,25.234442,23.976618,24.050758,25.403048,27.130898
batch_01500_patch.tiff,patch_113,26.552212,21.76239,22.039646,22.1586,25.021027
batch_01500_patch.tiff,patch_114,25.374208,21.83385,22.266489,24.296556,25.309307
batch_01500_patch.tiff,patch_115,25.958647,23.109076,26.430971,24.003733,26.590057
batch_01500_patch.tiff,patch_116,23.74111,23.309233,22.9229,26.228422,26.652996
batch_01500_patch.tiff,patch_117,24.2047,23.444538,22.169094,26.435724,26.989973
batch_01500_patch.tiff,patch_118,24.944254,22.76699,23.659758,25.34076,25.410822
batch_01500_patch.tiff,patch_119,25.179918,23.162449,22.498266,24.517443,26.14205
batch_01500_patch.tiff,patch_120,24.384558,22.92216,22.084347,24.989943,26.052359
batch_01500_patch.tiff,patch_121,25.56987,23.43887,22.847645,25.263895,26.675621
batch_01500_patch.tiff,patch_122,26.870441,24.757809,23.775108,24.775696,28.04987
batch_01500_patch.tiff,patch_123,26.249027,25.170597,25.15263,26.046535,27.765074
batch_01500_patch.tiff,patch_124,27.107563,23.66332,25.140657,24.23691,26.75277
batch_01500_patch.tiff,patch_125,25.76914,22.961926,21.462297,25.227535,26.830454
batch_01500_patch.tiff,patch_126,25.546003,21.836243,22.847832,23.450731,25.242033
batch_01500_patch.tiff,patch_127,24.794418,23.449442,23.867819,26.162268,26.688707
batch_01500_patch.tiff,patch_128,23.124496,23.26294,22.473581,26.590973,27.33377
batch_01500_patch.tiff,patch_129,24.523897,23.463327,23.430084,25.672066,26.71528
batch_01500_patch.tiff,patch_130,25.200047,23.520992,22.86894,26.399527,26.83281
batch_01500_patch.tiff,patch_131,24.366383,23.417118,22.04326,25.90356,26.643793
batch_01500_patch.tiff,patch_132,25.66634,24.385937,22.921045,25.146149,27.21634
batch_01500_patch.tiff,patch_133,25.103233,23.70433,23.14683,24.395172,26.013248
batch_01500_patch.tiff,patch_134,25.16632,23.211302,23.247984,24.707151,26.06871
batch_01500_patch.tiff,patch_135,24.969189,25.071184,25.012314,25.74922,27.005901
batch_01500_patch.tiff,patch_136,25.717272,24.110554,24.199102,25.209974,27.587273
batch_01500_patch.tiff,patch_137,26.110983,21.884966,22.486776,25.52829,27.03323
batch_01500_patch.tiff,patch_138,27.22412,21.964983,22.881514,24.09537,26.1402
batch_01500_patch.tiff,patch_139,25.011822,24.859827,25.233517,26.002426,27.259695
batch_01500_patch.tiff,patch_140,26.058968,24.253517,26.941704,24.998554,27.429754
batch_01500_patch.tiff,patch_141,24.764427,22.85129,22.860466,24.486713,24.621637
batch_01500_patch.tiff,patch_142,25.139194,23.67938,23.612377,25.649797,27.806078
batch_01500_patch.tiff,patch_143,25.256357,24.362547,23.925488,24.29717,27.082243
batch_01500_patch.tiff,patch_144,25.411203,24.96619,24.310514,25.402006,27.479666
batch_01500_patch.tiff,patch_145,27.69624,25.198952,27.78708,25.617695,27.33883
batch_01500_patch.tiff,patch_146,26.300297,24.394964,25.95138,25.263601,26.7921
batch_01500_patch.tiff,patch_147,24.916107,23.362389,24.162268,25.70682,26.440784
batch_01500_patch.tiff,patch_148,24.142958,23.24382,22.342657,25.253788,26.109005
batch_01500_patch.tiff,patch_149,27.606985,21.789364,22.973745,23.696024,25.744314
batch_01500_patch.tiff,patch_150,26.911144,22.552519,24.022284,25.356659,26.234745
batch_01500_patch.tiff,patch_151,24.124315,24.071398,24.053925,26.486797,26.728481
batch_01500_patch.tiff,patch_152,24.705477,23.334887,24.463392,26.667208,27.283024
batch_01500_patch.tiff,patch_153,24.743587,22.937416,23.279814,25.421717,25.516878
batch_01500_patch.tiff,patch_154,24.408178,22.338427,22.926195,25.689583,25.88836
batch_01500_patch.tiff,patch_155,24.828375,23.082342,21.969183,25.294437,26.1827
batch_01500_patch.tiff,patch_156,25.221231,24.02126,22.2912,25.741558,26.57066
batch_01500_patch.tiff,patch_157,25.865515,24.734056,25.618637,26.180391,25.513485
batch_01500_patch.tiff,patch_158,26.5709,24.304794,24.48188,26.954899,28.292292
batch_01500_patch.tiff,patch_159,26.45316,24.657671,26.024307,25.89003,28.00778
batch_01500_patch.tiff,patch_160,25.530201,24.483555,23.861298,25.33953,27.363796
batch_01500_patch.tiff,patch_161,24.892744,22.770496,21.68111,26.754854,26.079966
batch_01500_patch.tiff,patch_162,23.80883,21.7393,21.299164,25.219358,25.552967
batch_01500_patch.tiff,patch_163,26.060131,23.857145,24.43505,25.94971,27.14042
batch_01500_patch.tiff,patch_164,23.904036,22.410236,22.79982,24.36271,24.335054
batch_01500_patch.tiff,patch_165,25.93981,23.44385,24.05584,25.163511,26.974985
batch_01500_patch.tiff,patch_166,24.320694,22.974396,20.937386,26.031694,25.667511
batch_01500_patch.tiff,patch_167,25.226988,23.0935,22.862656,24.677885,26.31138
batch_01500_patch.tiff,patch_168,27.51172,24.537142,26.569855,25.097202,27.635746
batch_01500_patch.tiff,patch_169,25.30998,24.909622,25.882418,26.398262,27.417473
batch_01500_patch.tiff,patch_170,24.93998,25.342701,24.727753,25.61294,26.748163
batch_01500_patch.tiff,patch_171,25.741915,25.159126,23.640682,26.576935,28.609083
batch_01550_patch.tiff,patch_0,26.681398,25.14043,25.742786,25.821592,27.098057
batch_01550_patch.tiff,patch_1,25.91365,24.665934,24.83127,24.627743,25.2036
batch_01550_patch.tiff,patch_2,24.946707,23.233047,23.18916,26.17838,26.641232
batch_01550_patch.tiff,patch_3,25.284424,23.383427,24.928131,25.056376,26.661758
batch_01550_patch.tiff,patch_4,26.596447,24.003908,23.70762,25.349047,26.883804
batch_01550_patch.tiff,patch_5,26.327818,24.369081,23.653648,25.185865,25.592505
batch_01550_patch.tiff,patch_6,27.435156,23.84643,22.750587,24.402643,27.075066
batch_01550_patch.tiff,patch_7,26.496227,23.577173,22.31499,25.156223,26.77604
batch_01550_patch.tiff,patch_8,25.75636,24.729555,26.327328,23.777054,26.08474
batch_01550_patch.tiff,patch_9,25.92936,24.609482,24.836517,24.035326,26.228785
batch_01550_patch.tiff,patch_10,26.697561,24.152609,24.918839,24.280333,26.32075
batch_01550_patch.tiff,patch_11,25.734415,23.884672,22.586248,24.20667,27.040993
batch_01550_patch.tiff,patch_12,26.088127,24.024603,26.542456,24.621367,24.99856
batch_01550_patch.tiff,patch_13,26.173353,24.854565,25.469313,25.135345,26.848068
batch_01550_patch.tiff,patch_14,25.715923,24.10293,25.803404,24.548628,26.333061
batch_01550_patch.tiff,patch_15,23.799685,23.40076,23.242067,25.240236,25.669285
batch_01550_patch.tiff,patch_16,24.610096,23.827795,23.770893,27.02892,27.167835
batch_01550_patch.tiff,patch_17,25.295872,23.837116,22.892664,27.533512,27.361574
batch_01550_patch.tiff,patch_18,27.612204,24.404402,25.604395,25.040258,27.14416
batch_01550_patch.tiff,patch_19,25.933641,23.556618,23.483032,25.329332,27.295668
batch_01550_patch.tiff,patch_20,26.62629,25.454958,24.65992,24.98347,27.832132
batch_01550_patch.tiff,patch_21,25.689528,23.690578,23.556747,24.566,26.876862
batch_01550_patch.tiff,patch_22,26.7052,24.734589,24.569544,24.05093,27.555922
batch_01550_patch.tiff,patch_23,26.897642,23.561739,24.608463,22.9986,26.187204
batch_01550_patch.tiff,patch_24,26.44154,23.083689,23.376593,23.043184,25.82116
batch_01550_patch.tiff,patch_25,26.498238,24.999035,25.439392,27.312845,28.078259
batch_01550_patch.tiff,patch_26,24.195354,22.519304,21.42019,26.681688,26.87613
batch_01550_patch.tiff,patch_27,25.25204,23.60078,22.530035,27.372295,27.627485
batch_01550_patch.tiff,patch_28,25.029415,22.831997,22.28486,25.473646,25.92237
batch_01550_patch.tiff,patch_29,25.448153,23.55753,22.595863,25.39364,25.691196
batch_01550_patch.tiff,patch_30,26.632431,24.738459,25.086285,24.616543,27.253561
batch_01550_patch.tiff,patch_31,26.640198,24.645931,24.614674,25.829472,27.663355
batch_01550_patch.tiff,patch_32,25.85168,24.066366,24.02007,26.08774,26.73249
batch_01550_patch.tiff,patch_33,26.124146,23.21569,24.935068,23.631634,25.58339
batch_01550_patch.tiff,patch_34,26.120153,23.786623,25.977102,24.06956,26.901148
batch_01550_patch.tiff,patch_35,24.843882,23.974937,24.096571,25.773252,27.470215
batch_01550_patch.tiff,patch_36,25.850874,23.23314,26.311342,23.12261,23.699068
batch_01550_patch.tiff,patch_37,26.996658,26.092667,25.27867,25.785637,26.690664
batch_01550_patch.tiff,patch_38,25.988592,23.533592,24.806475,25.049612,26.505411
batch_01550_patch.tiff,patch_39,25.038551,23.64074,23.207895,26.580875,27.228588
batch_01550_patch.tiff,patch_40,25.131344,24.005577,23.99582,26.115717,26.563969
batch_01550_patch.tiff,patch_41,26.791311,23.989883,24.811392,24.226933,26.420197
batch_01550_patch.tiff,patch_42,25.461714,23.375942,24.505575,24.919178,26.049707
batch_01550_patch.tiff,patch_43,26.5949,24.842857,26.935434,23.716188,26.029552
batch_01550_patch.tiff,patch_44,24.510103,23.059235,22.909391,26.160387,26.209396
batch_01550_patch.tiff,patch_45,25.840302,23.631416,24.260365,23.979324,26.209232
batch_01550_patch.tiff,patch_46,26.285164,24.570597,24.857498,25.904255,28.68841
batch_01550_patch.tiff,patch_47,25.868664,24.409063,24.502777,26.384014,28.697302
batch_01550_patch.tiff,patch_48,26.004404,23.384085,25.746685,23.69293,24.800903
batch_01550_patch.tiff,patch_49,25.484825,23.787807,22.646246,24.194996,24.89772
batch_01550_patch.tiff,patch_50,26.158567,23.477383,23.691917,25.059708,26.929531
batch_01550_patch.tiff,patch_51,25.309347,23.552588,23.184322,26.81354,27.669235
batch_01550_patch.tiff,patch_52,27.754814,24.323772,24.107704,24.728174,27.482525
batch_01550_patch.tiff,patch_53,26.619593,23.17939,24.207544,25.154608,27.371527
batch_01550_patch.tiff,patch_54,25.16593,24.22514,23.999004,25.2875,26.264631
batch_01550_patch.tiff,patch_55,25.72971,24.647457,24.158285,25.717442,26.167444
batch_01550_patch.tiff,patch_56,26.908785,24.625849,26.847927,22.829948,26.65707
batch_01550_patch.tiff,patch_57,26.20332,23.973524,24.64286,24.110275,26.633507
batch_01550_patch.tiff,patch_58,26.559362,24.32722,21.896372,24.796337,26.877684
batch_01550_patch.tiff,patch_59,27.058474,24.350786,23.946707,24.16376,26.818974
batch_01550_patch.tiff,patch_60,25.844528,23.771885,22.759438,25.727325,27.282795
batch_01550_patch.tiff,patch_61,25.10758,24.127754,23.216335,26.940142,27.552315
batch_01550_patch.tiff,patch_62,28.367588,23.431175,24.146025,23.752214,25.786896
batch_01550_patch.tiff,patch_63,25.961843,23.43637,22.135128,24.552347,27.13848
batch_01550_patch.tiff,patch_64,24.924425,23.718996,22.72182,24.913137,25.466967
batch_01550_patch.tiff,patch_65,27.756014,25.36431,24.668211,25.602777,28.19218
batch_01550_patch.tiff,patch_66,27.454391,24.218472,26.043377,23.307608,26.235699
batch_01550_patch.tiff,patch_67,26.909569,24.68341,25.08709,23.829327,26.803823
batch_01550_patch.tiff,patch_68,26.707773,25.306213,24.999311,25.028887,26.584623
batch_01550_patch.tiff,patch_69,27.0264,25.440683,25.596825,25.808535,28.450172
batch_01550_patch.tiff,patch_70,25.763468,25.473793,24.721327,25.293304,26.841875
batch_01550_patch.tiff,patch_71,25.940315,24.196924,22.57247,26.054684,27.386662
batch_01550_patch.tiff,patch_72,26.264635,23.855701,24.374664,25.223608,26.984365
batch_01550_patch.tiff,patch_73,24.58371,24.177908,23.888031,26.525076,27.079792
batch_01550_patch.tiff,patch_74,26.073586,24.455917,24.615826,24.80914,27.22671
batch_01550_patch.tiff,patch_75,25.67112,24.485296,23.083143,26.400118,27.250511
batch_01550_patch.tiff,patch_76,26.151197,24.424667,25.332222,25.107508,26.802258
batch_01550_patch.tiff,patch_77,26.506466,24.329008,25.174213,22.880125,26.837053
batch_01550_patch.tiff,patch_78,27.205702,23.985752,25.842762,24.941286,27.756523
batch_01550_patch.tiff,patch_79,26.297165,23.983751,23.077131,26.638311,26.724491
batch_01550_patch.tiff,patch_80,25.485752,24.727348,23.655823,25.493221,27.712938
batch_01550_patch.tiff,patch_81,25.198257,25.30483,25.088945,23.70744,26.700912
batch_01550_patch.tiff,patch_82,26.403206,23.714304,24.281214,26.378675,27.789696
batch_01550_patch.tiff,patch_83,24.860514,24.509968,22.660458,25.751488,26.450775
batch_01550_patch.tiff,patch_84,25.430576,24.068699,24.281717,26.568815,27.127348
batch_01550_patch.tiff,patch_85,24.83637,24.221712,24.000109,26.949766,27.426067
batch_01550_patch.tiff,patch_86,25.894197,24.54357,25.56987,25.210955,26.9984
batch_01550_patch.tiff,patch_87,25.667078,24.11507,26.542906,23.27241,26.026798
batch_01550_patch.tiff,patch_88,26.883083,23.228086,25.938652,23.646404,25.575558
batch_01550_patch.tiff,patch_89,27.319382,24.691246,24.884426,25.60435,27.243685
batch_01550_patch.tiff,patch_90,26.764137,23.859287,23.599415,25.487629,27.276197
batch_01550_patch.tiff,patch_91,25.12624,23.901796,22.730173,26.814909,26.675205
batch_01550_patch.tiff,patch_92,27.271492,24.885391,25.739222,24.852812,27.390587
batch_01550_patch.tiff,patch_93,27.086782,24.001844,22.669163,23.949114,26.441133
batch_01550_patch.tiff,patch_94,27.860977,24.42302,25.399273,25.003899,27.877844
batch_01550_patch.tiff,patch_95,24.152475,23.292559,21.667442,25.81868,25.895735
batch_01550_patch.tiff,patch_96,24.67546,23.38447,23.201231,24.777662,25.43233
batch_01550_patch.tiff,patch_97,25.805265,24.522541,22.40645,24.46045,26.55235
batch_01550_patch.tiff,patch_98,26.354311,24.451212,24.968906,24.574898,27.079967
batch_01550_patch.tiff,patch_99,24.938255,23.413496,24.470524,26.127523,26.364721
batch_01550_patch.tiff,patch_100,24.70708,22.953281,23.818794,24.840914,25.608501
batch_01550_patch.tiff,patch_101,26.180511,23.955675,24.150944,26.465647,27.198053
batch_01550_patch.tiff,patch_102,28.226723,25.775042,25.949419,25.34159,27.67898
batch_01550_patch.tiff,patch_103,26.622162,23.927603,22.09493,25.668974,27.740978
batch_01550_patch.tiff,patch_104,27.569242,23.628595,23.728285,25.046314,26.742952
batch_01550_patch.tiff,patch_105,24.863615,23.941263,23.199629,25.545727,26.103163
batch_01550_patch.tiff,patch_106,26.649817,25.125206,25.743448,24.076794,26.579464
batch_01550_patch.tiff,patch_107,26.193583,24.95831,25.539776,24.984388,27.924917
batch_01550_patch.tiff,patch_108,26.852385,24.935009,25.208775,23.49928,26.838728
batch_01550_patch.tiff,patch_109,25.511667,23.224863,23.51756,24.698784,25.775333
batch_01550_patch.tiff,patch_110,25.46299,23.125736,23.309591,25.45936,26.748571
batch_01550_patch.tiff,patch_111,26.917744,24.250425,23.648119,25.854925,27.977446
batch_01550_patch.tiff,patch_112,26.753023,23.849934,24.549585,26.219286,27.565668
batch_01550_patch.tiff,patch_113,26.007273,24.783077,24.341915,24.996704,27.64069
batch_01550_patch.tiff,patch_114,26.228434,24.056734,23.689445,26.708305,27.185217
batch_01550_patch.tiff,patch_115,27.521816,24.613401,25.037233,25.510845,26.904755
batch_01550_patch.tiff,patch_116,25.876589,23.527857,25.047478,24.116585,26.263138
batch_01550_patch.tiff,patch_117,26.052465,25.40914,25.482077,24.996807,26.73435
batch_01550_patch.tiff,patch_118,27.106241,25.252497,26.078596,22.602377,26.072102
batch_01550_patch.tiff,patch_119,24.746344,23.771742,25.858393,25.004604,27.22816
batch_01550_patch.tiff,patch_120,24.541801,22.785608,23.793432,25.209417,25.670069
batch_01550_patch.tiff,patch_121,24.661217,22.975367,23.758781,25.705713,26.090544
batch_01550_patch.tiff,patch_122,25.348473,25.50089,25.770964,26.167543,27.826042
batch_01550_patch.tiff,patch_123,27.260687,25.604347,25.635643,28.302496,28.115936
batch_01550_patch.tiff,patch_124,26.914776,24.475866,24.61072,25.657026,27.25277
batch_01550_patch.tiff,patch_125,25.653755,25.002234,24.017214,26.82674,27.251217
batch_01550_patch.tiff,patch_126,25.882572,23.624489,23.710484,26.017365,27.195988
batch_01550_patch.tiff,patch_127,25.220242,25.298998,25.235786,26.069786,26.236673
batch_01550_patch.tiff,patch_128,25.6746,23.74471,24.114006,25.359676,26.838419
batch_01550_patch.tiff,patch_129,25.337587,24.011389,24.184425,25.360897,26.957685
batch_01550_patch.tiff,patch_130,26.781126,24.871483,25.577604,25.53336,27.72055
batch_01550_patch.tiff,patch_131,27.125237,25.267582,25.76569,23.449896,27.657352
batch_01550_patch.tiff,patch_132,23.336374,21.461582,23.765482,25.49386,24.858862
batch_01550_patch.tiff,patch_133,24.762358,23.649065,24.503542,25.528809,25.877703
batch_01550_patch.tiff,patch_134,25.08148,24.51412,23.521612,26.595333,27.710758
batch_01550_patch.tiff,patch_135,26.265862,24.090124,24.840446,24.394638,26.96827
batch_01550_patch.tiff,patch_136,25.886536,23.920774,24.451803,24.80738,25.69739
batch_01550_patch.tiff,patch_137,25.031591,23.420055,24.904716,25.362923,26.389692
batch_01550_patch.tiff,patch_138,25.783878,24.843187,22.987188,26.87233,27.782541
batch_01550_patch.tiff,patch_139,26.790321,23.67429,23.265152,24.69764,26.231583
batch_01550_patch.tiff,patch_140,25.018839,24.589819,24.111624,26.518938,28.01202
batch_01550_patch.tiff,patch_141,26.19758,24.539518,24.671959,26.211323,28.124613
batch_01550_patch.tiff,patch_142,27.204739,23.627356,26.703884,22.761444,26.01494
batch_01550_patch.tiff,patch_143,26.835966,23.669847,26.43746,22.234371,24.824526
batch_01550_patch.tiff,patch_144,25.565182,21.941494,23.687832,26.064512,25.754263
batch_01550_patch.tiff,patch_145,24.178095,23.323942,24.766417,24.935009,24.652271
batch_01550_patch.tiff,patch_146,25.2089,24.0896,25.17073,24.382208,25.377026
batch_01550_patch.tiff,patch_147,26.200937,24.649643,24.983992,24.735172,26.69995
batch_01550_patch.tiff,patch_148,25.31953,23.701313,23.271788,26.578352,27.046926
batch_01550_patch.tiff,patch_149,26.525303,24.93469,24.099813,27.198013,28.206427
batch_01550_patch.tiff,patch_150,25.429043,23.809736,24.121695,23.719336,25.481415
batch_01550_patch.tiff,patch_151,25.492476,23.834646,23.495771,25.089384,26.101984
batch_01550_patch.tiff,patch_152,25.29844,24.160118,24.911533,25.427418,27.256895
batch_01550_patch.tiff,patch_153,26.096954,24.00113,23.618048,25.756233,27.331043
batch_01550_patch.tiff,patch_154,27.124622,23.589998,26.899317,22.933773,26.005133
batch_01550_patch.tiff,patch_155,26.295425,24.281183,25.456676,23.563984,26.528927
batch_01550_patch.tiff,patch_156,25.638042,22.51715,23.361397,24.212112,25.551626
batch_01550_patch.tiff,patch_157,24.88817,22.859612,24.821234,25.828213,25.219221
batch_01550_patch.tiff,patch_158,25.771763,23.428905,27.513182,25.4125,27.242783
batch_01550_patch.tiff,patch_159,26.058628,24.07082,25.688246,24.600832,26.114113
batch_01550_patch.tiff,patch_160,26.617727,24.758379,24.242582,26.928797,28.285824
batch_01550_patch.tiff,patch_161,27.528957,24.090029,24.319574,25.654655,26.925694
batch_01550_patch.tiff,patch_162,25.457703,23.421213,21.758066,25.229462,25.91406
batch_01550_patch.tiff,patch_163,27.938757,23.262842,24.66102,23.214674,25.980186
batch_01550_patch.tiff,patch_164,26.278648,24.131744,24.124207,24.347164,26.608868
batch_01550_patch.tiff,patch_165,25.542427,23.712723,22.856768,25.255037,25.797298
batch_01550_patch.tiff,patch_166,26.866476,23.921022,23.467335,24.604958,26.178656
batch_01550_patch.tiff,patch_167,27.749825,24.0751,24.440243,25.081703,26.341162
batch_01550_patch.tiff,patch_168,25.62431,24.628279,25.473333,26.566246,26.189314
batch_01600_patch.tiff,patch_0,25.205616,22.413542,23.625309,24.830025,25.303493
batch_01600_patch.tiff,patch_1,24.987785,23.138056,26.792574,24.506239,25.191095
batch_01600_patch.tiff,patch_2,26.662472,24.62941,26.642473,24.410553,26.925724
batch_01600_patch.tiff,patch_3,26.550602,24.752321,27.187254,24.810497,27.001749
batch_01600_patch.tiff,patch_4,26.478828,24.288343,24.934011,24.229443,26.69587
batch_01600_patch.tiff,patch_5,25.67626,23.00804,23.78961,24.79413,26.801655
batch_01600_patch.tiff,patch_6,25.653208,22.493343,25.03572,22.294476,24.192291
batch_01600_patch.tiff,patch_7,25.917686,23.496513,25.16795,24.254034,24.877298
batch_01600_patch.tiff,patch_8,26.769646,24.152771,27.140522,24.53689,26.617853
batch_01600_patch.tiff,patch_9,22.770452,23.269394,24.051748,24.35531,25.464157
batch_01600_patch.tiff,patch_10,25.273396,23.077871,23.977102,25.570284,25.657753
batch_01600_patch.tiff,patch_11,25.422226,22.1563,23.34127,24.451447,24.187971
batch_01600_patch.tiff,patch_12,25.056154,24.128777,24.853998,26.441113,26.694092
batch_01600_patch.tiff,patch_13,25.627897,24.648613,26.461485,25.98714,25.9607
batch_01600_patch.tiff,patch_14,26.061188,24.988615,25.514414,25.97356,26.706781
batch_01600_patch.tiff,patch_15,26.861986,24.597637,26.100233,24.929762,26.857454
batch_01600_patch.tiff,patch_16,26.293962,22.912,25.200638,24.228693,26.294325
batch_01600_patch.tiff,patch_17,25.807926,22.694221,24.817398,24.811,26.620413
batch_01600_patch.tiff,patch_18,25.946104,22.710747,26.070791,22.103258,24.307035
batch_01600_patch.tiff,patch_19,25.689657,23.061543,25.20638,22.17568,24.460873
batch_01600_patch.tiff,patch_20,26.07567,23.229744,26.236462,22.65028,24.059769
batch_01600_patch.tiff,patch_21,23.098242,22.583567,26.639431,23.303703,25.241322
batch_01600_patch.tiff,patch_22,24.975264,23.237625,26.273779,24.589792,25.595938
batch_01600_patch.tiff,patch_23,25.363077,23.267,24.674868,24.36247,25.584585
batch_01600_patch.tiff,patch_24,24.84267,22.371664,23.737925,23.901108,25.860046
batch_01600_patch.tiff,patch_25,25.403067,22.933247,24.992788,25.194227,25.195465
batch_01600_patch.tiff,patch_26,25.439404,23.192251,25.667248,25.703665,26.117338
batch_01600_patch.tiff,patch_27,23.4631,21.976711,21.313553,25.938929,24.682009
batch_01600_patch.tiff,patch_28,23.637146,22.72291,21.512264,26.505667,25.710976
batch_01600_patch.tiff,patch_29,24.1962,23.658794,23.128788,25.522837,24.50527
batch_01600_patch.tiff,patch_30,26.983315,24.012526,25.603083,24.486538,25.90384
batch_01600_patch.tiff,patch_31,25.479717,23.12854,25.67534,23.895609,24.967306
batch_01600_patch.tiff,patch_32,25.991783,23.537426,25.91706,22.806902,25.102432
batch_01600_patch.tiff,patch_33,26.617714,23.713203,26.157927,23.320526,24.692207
batch_01600_patch.tiff,patch_34,24.303024,23.473684,25.53835,24.598398,24.638168
batch_01600_patch.tiff,patch_35,25.794622,22.092932,26.184328,22.359213,23.91555
batch_01600_patch.tiff,patch_36,26.587858,22.951797,25.751005,25.27893,25.75095
batch_01600_patch.tiff,patch_37,24.84605,22.26313,25.328089,24.196527,25.537516
batch_01600_patch.tiff,patch_38,25.548695,22.311121,24.57761,23.256485,24.541386
batch_01600_patch.tiff,patch_39,22.944456,22.406473,21.550755,26.568628,25.471027
batch_01600_patch.tiff,patch_40,22.896357,22.265572,20.587591,24.880085,24.401463
batch_01600_patch.tiff,patch_41,24.531116,23.485085,23.771948,25.945583,26.020802
batch_01600_patch.tiff,patch_42,27.346058,23.378653,24.147839,24.496582,25.184025
batch_01600_patch.tiff,patch_43,26.011435,23.113274,25.831953,23.388988,24.256485
batch_01600_patch.tiff,patch_44,26.04658,23.051168,26.571537,23.919865,25.66147
batch_01600_patch.tiff,patch_45,25.143148,23.43595,25.07952,24.797262,25.705523
batch_01600_patch.tiff,patch_46,26.514631,24.049475,25.311308,24.677338,26.831898
batch_01600_patch.tiff,patch_47,26.043121,23.966719,25.640928,25.609756,26.159548
batch_01600_patch.tiff,patch_48,26.850061,23.236658,27.857964,23.103397,25.971716
batch_01600_patch.tiff,patch_49,27.233824,24.666672,26.576952,24.769115,27.441343
batch_01600_patch.tiff,patch_50,25.869785,23.616749,26.46831,26.194876,26.738161
batch_01600_patch.tiff,patch_51,25.19206,22.535528,26.350391,23.731115,24.954082
batch_01600_patch.tiff,patch_52,26.05151,24.704342,25.093388,25.916534,26.379225
batch_01600_patch.tiff,patch_53,26.577724,22.400408,26.093653,24.54955,24.907188
batch_01600_patch.tiff,patch_54,25.329105,23.982113,23.786722,24.237621,25.939484
batch_01600_patch.tiff,patch_55,24.786816,23.70994,22.477919,23.958723,26.294455
batch_01600_patch.tiff,patch_56,26.031027,23.460165,25.489021,23.957157,24.807543
batch_01600_patch.tiff,patch_57,26.639627,23.004509,24.876898,23.607864,25.32344
batch_01600_patch.tiff,patch_58,26.405182,24.138178,26.116829,24.769033,26.872927
batch_01600_patch.tiff,patch_59,25.403915,24.776604,24.332275,26.998316,27.260489
batch_01600_patch.tiff,patch_60,26.165264,23.03777,27.701397,22.404615,25.157642
batch_01600_patch.tiff,patch_61,26.825804,24.417933,27.275051,23.886944,26.70394
batch_01600_patch.tiff,patch_62,25.549393,23.5383,24.507233,26.361229,26.272833
batch_01600_patch.tiff,patch_63,26.44516,23.459743,25.047323,25.34969,26.256731
batch_01600_patch.tiff,patch_64,23.789959,22.59734,24.185627,24.957373,24.982944
batch_01600_patch.tiff,patch_65,23.323044,22.118364,22.739376,23.953411,24.345982
batch_01600_patch.tiff,patch_66,25.92331,23.807224,25.787798,24.48105,24.97024
batch_01600_patch.tiff,patch_67,26.100172,23.583242,26.028894,23.679787,25.302364
batch_01600_patch.tiff,patch_68,24.840492,24.123983,25.140406,24.44862,25.155993
batch_01600_patch.tiff,patch_69,24.535717,23.640495,25.923258,23.639627,23.83316
batch_01600_patch.tiff,patch_70,26.407692,23.601355,24.044117,24.591688,26.975695
batch_01600_patch.tiff,patch_71,26.529793,24.287842,25.577742,24.797203,27.276691
batch_01600_patch.tiff,patch_72,25.496914,22.77116,24.357693,23.874441,25.259117
batch_01600_patch.tiff,patch_73,25.043848,22.74409,23.717928,24.166344,25.656353
batch_01600_patch.tiff,patch_74,27.276628,22.573082,26.714348,23.415182,25.558722
batch_01600_patch.tiff,patch_75,26.271427,24.347271,27.055508,24.387537,26.001879
batch_01600_patch.tiff,patch_76,25.991367,25.189123,25.712008,26.631683,28.844843
batch_01600_patch.tiff,patch_77,26.35162,24.51888,26.031796,25.571215,28.396246
batch_01600_patch.tiff,patch_78,25.514912,22.311554,25.96198,23.175383,24.601109
batch_01600_patch.tiff,patch_79,26.138647,23.481846,26.086042,23.681421,25.784405
batch_01600_patch.tiff,patch_80,24.029394,23.622204,25.481432,23.015547,24.0657
batch_01600_patch.tiff,patch_81,24.649237,23.208044,25.59941,23.055204,24.143393
batch_01600_patch.tiff,patch_82,26.648304,24.008467,26.921108,24.031984,26.611998
batch_01600_patch.tiff,patch_83,26.619589,23.23194,26.574858,24.17301,26.004704
batch_01600_patch.tiff,patch_84,23.770311,21.847382,23.600216,24.660982,24.687653
batch_01600_patch.tiff,patch_85,26.026802,23.507181,23.376717,24.533682,26.182867
batch_01600_patch.tiff,patch_86,26.848825,23.829796,25.038189,24.414034,26.500513
batch_01600_patch.tiff,patch_87,26.175695,24.596478,25.482462,25.798136,26.524359
batch_01600_patch.tiff,patch_88,26.889389,24.055834,25.238396,24.145967,28.3357
batch_01600_patch.tiff,patch_89,25.568167,24.858212,26.29484,25.693228,28.391998
batch_01600_patch.tiff,patch_90,25.573927,22.977886,25.11442,22.271877,24.266247
batch_01600_patch.tiff,patch_91,25.746609,23.702423,25.11462,24.286945,24.767729
batch_01600_patch.tiff,patch_92,25.105106,22.540062,23.494968,24.43639,24.172882
batch_01600_patch.tiff,patch_93,25.02247,23.479242,23.142841,26.275873,26.419312
batch_01600_patch.tiff,patch_94,24.467085,22.479,26.20352,23.562923,25.920237
batch_01600_patch.tiff,patch_95,24.030733,22.934107,25.854769,23.86425,26.013899
batch_01600_patch.tiff,patch_96,24.628447,22.177465,22.852283,24.496742,25.677896
batch_01600_patch.tiff,patch_97,25.79593,23.471397,25.871737,24.734964,26.201294
batch_01600_patch.tiff,patch_98,24.88241,23.587078,23.7948,26.143616,27.085464
batch_01600_patch.tiff,patch_99,26.741627,23.872673,24.592579,24.72223,25.363909
batch_01600_patch.tiff,patch_100,26.006031,23.659578,26.781647,22.942883,24.903736
batch_01600_patch.tiff,patch_101,25.501102,22.790888,25.85019,22.973394,24.206686
batch_01600_patch.tiff,patch_102,25.115791,22.236433,23.419725,22.909468,23.788046
batch_01600_patch.tiff,patch_103,25.138077,22.25908,23.41039,23.586449,25.166597
batch_01600_patch.tiff,patch_104,24.112514,22.861708,24.5722,24.308659,25.881947
batch_01600_patch.tiff,patch_105,25.60166,22.99027,25.289349,24.100405,26.227547
batch_01600_patch.tiff,patch_106,25.72412,23.618904,23.287506,25.785906,26.468409
batch_01600_patch.tiff,patch_107,24.819723,22.20167,23.001167,24.67807,25.557451
batch_01600_patch.tiff,patch_108,24.70334,23.565346,22.853233,24.903944,24.730125
batch_01600_patch.tiff,patch_109,25.938898,23.905933,24.034407,24.97731,26.336802
batch_01600_patch.tiff,patch_110,24.807344,22.899857,23.93825,23.772263,24.777138
batch_01600_patch.tiff,patch_111,26.015038,23.706766,25.85719,24.365385,25.269947
batch_01600_patch.tiff,patch_112,26.234966,23.430107,26.867374,22.887262,24.888823
batch_01600_patch.tiff,patch_113,25.302794,22.937023,23.89622,25.461948,25.589508
batch_01600_patch.tiff,patch_114,26.559935,23.109076,25.863588,24.73456,25.43655
batch_01600_patch.tiff,patch_115,26.57428,24.989006,26.44565,25.355825,27.598995
batch_01600_patch.tiff,patch_116,26.583658,24.066095,26.008308,23.95759,25.630257
batch_01600_patch.tiff,patch_117,25.778957,21.892809,23.314621,24.178856,24.5298
batch_01600_patch.tiff,patch_118,26.964666,23.44142,25.60312,23.421703,26.468225
batch_01600_patch.tiff,patch_119,25.334324,22.923473,23.636786,25.159935,26.943953
batch_01600_patch.tiff,patch_120,25.142946,23.787237,23.975698,25.321558,25.673796
batch_01600_patch.tiff,patch_121,26.62338,21.745575,25.031284,24.153643,24.640684
batch_01600_patch.tiff,patch_122,25.115852,23.167486,23.258307,25.985737,25.179691
batch_01600_patch.tiff,patch_123,25.259186,22.166857,24.524305,23.2973,25.275951
batch_01600_patch.tiff,patch_124,24.875961,22.232319,24.73748,24.076189,25.84098
batch_01600_patch.tiff,patch_125,25.148573,22.731737,24.581934,24.095917,25.289606
batch_01600_patch.tiff,patch_126,25.407854,22.55023,24.071299,24.41546,25.947083
batch_01600_patch.tiff,patch_127,26.905603,25.248165,26.689564,26.24846,27.606813
batch_01600_patch.tiff,patch_128,26.953558,25.032413,26.905106,24.44995,27.51674
batch_01600_patch.tiff,patch_129,25.542915,23.17054,24.424213,24.95219,25.599985
batch_01600_patch.tiff,patch_130,25.253115,23.293562,23.96005,25.289505,25.788479
batch_01600_patch.tiff,patch_131,25.495726,22.957005,23.827562,25.777403,27.116076
batch_01600_patch.tiff,patch_132,24.897884,23.280193,24.687334,26.30699,27.50827
batch_01600_patch.tiff,patch_133,27.168564,22.620249,24.214287,24.98064,25.844662
batch_01600_patch.tiff,patch_134,26.724981,22.117067,25.235697,25.70524,25.105938
batch_01600_patch.tiff,patch_135,24.834295,22.53516,24.607494,24.56973,25.481022
batch_01600_patch.tiff,patch_136,25.012758,22.714096,23.700243,24.58913,26.178623
batch_01600_patch.tiff,patch_137,26.329636,23.173883,25.924616,23.497778,25.53976
batch_01600_patch.tiff,patch_138,26.112713,22.793215,24.478828,24.344452,25.38373
batch_01600_patch.tiff,patch_139,24.554773,22.228647,23.724447,24.17855,25.6201
batch_01600_patch.tiff,patch_140,25.657314,23.583727,24.93066,24.709637,25.221178
batch_01600_patch.tiff,patch_141,25.270515,23.381725,23.46934,25.340193,25.633553
batch_01600_patch.tiff,patch_142,26.029272,23.75739,23.995964,24.519653,26.409735
batch_01600_patch.tiff,patch_143,25.950583,22.718147,23.642237,25.314215,24.863558
batch_01600_patch.tiff,patch_144,25.847338,22.317026,23.978216,24.842056,25.850487
batch_01600_patch.tiff,patch_145,24.441319,23.69407,24.86406,26.46896,27.902397
batch_01600_patch.tiff,patch_146,24.580368,23.539831,24.984291,25.11329,27.573536
batch_01600_patch.tiff,patch_147,24.871431,23.278648,24.477777,25.45102,25.897154
batch_01600_patch.tiff,patch_148,24.925837,22.326138,23.759943,23.646929,24.820639
batch_01600_patch.tiff,patch_149,26.008583,23.20213,24.152897,25.242704,26.158323
batch_01600_patch.tiff,patch_150,24.94396,22.176832,23.193342,24.32628,24.52577
batch_01600_patch.tiff,patch_151,26.51986,23.409025,25.030523,24.62841,26.325073
batch_01600_patch.tiff,patch_152,25.369535,22.552261,21.8866,23.779274,26.004671
batch_01600_patch.tiff,patch_153,26.428677,22.690977,23.997583,25.720798,25.290665
batch_01600_patch.tiff,patch_154,24.268291,22.924305,23.039057,25.973982,25.916613
batch_01600_patch.tiff,patch_155,24.892443,25.233837,26.790913,26.39911,29.059624
batch_01600_patch.tiff,patch_156,25.63967,24.60422,24.845972,26.431313,29.113956
batch_01600_patch.tiff,patch_157,25.780079,22.730925,24.205704,23.488443,26.062208
batch_01600_patch.tiff,patch_158,25.343748,22.10536,24.628159,21.113554,25.024525
batch_01600_patch.tiff,patch_159,24.240934,22.824066,24.580872,24.695429,26.20979
batch_01600_patch.tiff,patch_160,23.30694,22.409811,22.71569,24.787928,24.880106
batch_01600_patch.tiff,patch_161,22.728943,21.110281,20.850586,26.000011,23.647593
batch_01600_patch.tiff,patch_162,22.932163,21.91006,21.404879,26.325775,23.754637
batch_01600_patch.tiff,patch_163,25.939213,22.75356,23.38749,26.288975,25.460651
batch_01600_patch.tiff,patch_164,26.222582,22.481886,22.775404,24.909674,24.62577
batch_01600_patch.tiff,patch_165,24.779644,22.483332,22.643414,24.154264,25.164852
batch_01600_patch.tiff,patch_166,24.753275,22.62791,23.899672,24.859383,25.601156
batch_01650_patch.tiff,patch_0,25.974964,23.882984,26.147842,23.42272,25.39922
batch_01650_patch.tiff,patch_1,25.004358,22.970264,23.756878,25.50784,25.3884
batch_01650_patch.tiff,patch_2,25.900826,22.30019,22.660173,23.39998,25.119465
batch_01650_patch.tiff,patch_3,24.936398,23.53865,24.077164,24.484102,24.945248
batch_01650_patch.tiff,patch_4,25.42015,24.389404,25.203869,23.840805,25.9724
batch_01650_patch.tiff,patch_5,25.860006,22.955112,26.281992,23.85083,26.073126
batch_01650_patch.tiff,patch_6,25.67052,23.451372,22.59663,24.664383,26.924969
batch_01650_patch.tiff,patch_7,26.76169,23.01893,24.928211,24.66599,26.47844
batch_01650_patch.tiff,patch_8,22.53969,23.109749,23.559803,27.04725,27.25655
batch_01650_patch.tiff,patch_9,26.216383,23.279375,26.19374,22.983074,24.439442
batch_01650_patch.tiff,patch_10,26.235804,24.008932,25.006205,25.35258,26.828455
batch_01650_patch.tiff,patch_11,25.223053,22.72811,23.541746,25.099749,26.160797
batch_01650_patch.tiff,patch_12,25.166088,22.798342,22.829784,25.454142,25.263456
batch_01650_patch.tiff,patch_13,25.03605,24.331541,26.352007,24.184853,26.163502
batch_01650_patch.tiff,patch_14,24.381084,22.32823,25.514091,24.96274,25.705313
batch_01650_patch.tiff,patch_15,25.1813,22.03796,24.67914,24.499203,25.355553
batch_01650_patch.tiff,patch_16,24.461845,22.754759,22.546345,24.273905,25.738745
batch_01650_patch.tiff,patch_17,25.615973,22.133121,24.401653,23.679565,26.118498
batch_01650_patch.tiff,patch_18,24.013567,23.69401,24.893938,26.60661,27.7504
batch_01650_patch.tiff,patch_19,26.040474,23.619772,25.470362,22.882582,25.636574
batch_01650_patch.tiff,patch_20,24.852663,23.168089,24.950743,24.140442,25.178082
batch_01650_patch.tiff,patch_21,25.363579,22.354677,24.769182,23.25726,24.514982
batch_01650_patch.tiff,patch_22,26.762917,23.221123,26.242905,24.084265,25.752481
batch_01650_patch.tiff,patch_23,26.73533,22.989956,25.7067,23.27415,24.300156
batch_01650_patch.tiff,patch_24,27.184402,22.486792,26.196878,22.95391,24.696867
batch_01650_patch.tiff,patch_25,24.208761,24.119694,24.71831,23.259346,25.552593
batch_01650_patch.tiff,patch_26,25.840284,22.80817,26.028528,23.53532,25.839636
batch_01650_patch.tiff,patch_27,25.242685,23.754335,24.9942,24.377125,25.063375
batch_01650_patch.tiff,patch_28,25.554121,25.031542,25.380836,26.368427,28.606297
batch_01650_patch.tiff,patch_29,25.153694,23.263317,24.496576,25.464733,27.85911
batch_01650_patch.tiff,patch_30,24.86274,24.359259,25.742092,25.375534,27.87025
batch_01650_patch.tiff,patch_31,26.00601,24.053148,24.750029,23.60303,25.061853
batch_01650_patch.tiff,patch_32,25.78207,23.258385,24.95902,23.875893,26.218262
batch_01650_patch.tiff,patch_33,25.473946,23.706665,24.554634,24.7512,25.3797
batch_01650_patch.tiff,patch_34,25.026226,22.427143,22.882812,24.086859,24.993124
batch_01650_patch.tiff,patch_35,26.569899,23.490059,25.95507,23.46263,24.495918
batch_01650_patch.tiff,patch_36,27.945045,23.05961,26.73966,23.635,25.40049
batch_01650_patch.tiff,patch_37,24.456797,25.586718,24.093575,24.850386,26.893627
batch_01650_patch.tiff,patch_38,25.34531,23.266933,27.082535,24.130964,27.055786
batch_01650_patch.tiff,patch_39,25.28343,24.129707,25.261284,26.417831,28.831432
batch_01650_patch.tiff,patch_40,24.847889,23.753466,24.497679,26.172417,27.950657
batch_01650_patch.tiff,patch_41,25.558376,25.387993,26.453485,26.606812,29.010515
batch_01650_patch.tiff,patch_42,25.93596,23.785326,25.004812,23.982359,25.72049
batch_01650_patch.tiff,patch_43,25.030083,23.041023,25.612106,24.530071,25.45113
batch_01650_patch.tiff,patch_44,25.759481,25.146128,25.382929,27.24628,28.68121
batch_01650_patch.tiff,patch_45,25.698338,24.735895,26.246027,26.078415,27.54772
batch_01650_patch.tiff,patch_46,25.44115,22.822792,25.464228,24.303608,25.927202
batch_01650_patch.tiff,patch_47,26.18746,22.811144,26.538136,24.472242,26.684378
batch_01650_patch.tiff,patch_48,25.073917,22.669882,24.023586,25.78648,25.839918
batch_01650_patch.tiff,patch_49,25.621643,23.819256,25.252884,26.06183,26.72847
batch_01650_patch.tiff,patch_50,27.273508,22.821836,26.473772,22.464216,24.71094
batch_01650_patch.tiff,patch_51,26.018625,22.285042,24.553562,24.326654,25.09325
batch_01650_patch.tiff,patch_52,26.011822,23.708729,25.958866,24.168535,26.554146
batch_01650_patch.tiff,patch_53,25.08379,23.326492,24.18447,23.941132,25.40022
batch_01650_patch.tiff,patch_54,25.286345,23.381994,24.796726,26.132502,26.669107
batch_01650_patch.tiff,patch_55,26.26812,23.867987,25.577688,26.155851,26.135983
batch_01650_patch.tiff,patch_56,25.927794,24.556402,24.557842,27.46098,27.947762
batch_01650_patch.tiff,patch_57,25.853865,23.335588,25.048096,26.84179,27.150204
batch_01650_patch.tiff,patch_58,25.365503,21.663809,24.667437,23.220497,25.698202
batch_01650_patch.tiff,patch_59,25.833971,22.542694,25.143858,24.683466,26.291996
batch_01650_patch.tiff,patch_60,25.756317,23.0436,23.427633,26.078749,26.25522
batch_01650_patch.tiff,patch_61,27.029833,22.925526,26.708448,23.287766,25.665102
batch_01650_patch.tiff,patch_62,26.446737,22.31207,26.148024,22.354034,25.178978
batch_01650_patch.tiff,patch_63,25.369617,23.569803,25.277939,25.396591,26.018295
batch_01650_patch.tiff,patch_64,25.132898,23.842686,24.830126,23.78533,26.01889
batch_01650_patch.tiff,patch_65,25.166164,24.001547,25.941086,25.902037,26.187439
batch_01650_patch.tiff,patch_66,25.403927,23.622791,26.161081,26.36576,26.637802
batch_01650_patch.tiff,patch_67,25.611519,24.389153,25.98717,25.833166,27.985075
batch_01650_patch.tiff,patch_68,25.458351,23.856773,26.338072,25.044598,27.283834
batch_01650_patch.tiff,patch_69,25.84053,24.087227,25.161535,24.182842,25.405668
batch_01650_patch.tiff,patch_70,25.211222,23.64364,22.47528,25.661575,26.495337
batch_01650_patch.tiff,patch_71,24.377563,22.272955,22.6702,25.172258,25.441175
batch_01650_patch.tiff,patch_72,25.55357,23.360529,23.152386,25.03145,26.314045
batch_01650_patch.tiff,patch_73,27.12868,22.64607,26.992716,22.373598,25.120344
batch_01650_patch.tiff,patch_74,25.566957,22.886415,23.846388,24.665379,26.500935
batch_01650_patch.tiff,patch_75,24.018265,22.994104,23.351936,23.818825,24.869871
batch_01650_patch.tiff,patch_76,23.846632,22.946941,22.007793,24.756056,25.154913
batch_01650_patch.tiff,patch_77,25.227316,25.237219,25.6903,26.794743,27.819044
batch_01650_patch.tiff,patch_78,24.601038,24.376093,25.912422,25.910843,26.64353
batch_01650_patch.tiff,patch_79,25.205872,23.04629,24.862476,24.557941,26.403542
batch_01650_patch.tiff,patch_80,25.201595,24.580841,25.579384,26.920462,28.054996
batch_01650_patch.tiff,patch_81,24.981005,23.214197,24.918653,24.355818,25.649818
batch_01650_patch.tiff,patch_82,25.43005,22.779161,23.760233,23.605448,24.723888
batch_01650_patch.tiff,patch_83,25.568033,23.210571,23.328321,26.44638,26.001425
batch_01650_patch.tiff,patch_84,25.867722,22.411367,23.743845,24.579727,25.7643
batch_01650_patch.tiff,patch_85,27.11223,22.435007,26.011774,22.614214,25.608974
batch_01650_patch.tiff,patch_86,26.809334,22.626421,25.469965,22.664284,25.576088
batch_01650_patch.tiff,patch_87,25.179499,22.887373,23.436262,25.035578,25.938677
batch_01650_patch.tiff,patch_88,23.796932,22.733534,22.086172,25.004168,25.649498
batch_01650_patch.tiff,patch_89,25.74127,22.596434,25.899876,22.843506,23.994091
batch_01650_patch.tiff,patch_90,26.628626,22.86915,26.29503,23.2954,23.97578
batch_01650_patch.tiff,patch_91,26.55354,23.214455,24.313456,25.776863,26.530914
batch_01650_patch.tiff,patch_92,24.323444,22.536634,23.82588,26.19564,25.874393
batch_01650_patch.tiff,patch_93,26.6351,22.667568,25.976025,24.019123,25.27179
batch_01650_patch.tiff,patch_94,26.16784,22.029034,26.483822,22.778326,24.982275
batch_01650_patch.tiff,patch_95,24.895514,23.6247,23.07911,25.544456,26.69176
batch_01650_patch.tiff,patch_96,23.271147,22.728947,21.437286,23.988384,24.39219
batch_01650_patch.tiff,patch_97,25.604889,23.384634,25.163713,23.28035,24.299446
batch_01650_patch.tiff,patch_98,26.783754,23.174534,26.474514,23.237469,25.332413
batch_01650_patch.tiff,patch_99,24.977627,21.988415,23.559448,26.921356,25.221594
batch_01650_patch.tiff,patch_100,25.328703,23.184872,23.843601,25.776997,25.62614
batch_01650_patch.tiff,patch_101,26.100574,22.44856,24.952665,23.271313,24.996511
batch_01650_patch.tiff,patch_102,26.980516,22.72631,26.857367,23.912909,25.46465
batch_01650_patch.tiff,patch_103,26.840607,23.859789,27.174973,23.769558,26.32649
batch_01650_patch.tiff,patch_104,25.927963,22.681356,26.611233,21.98879,24.88897
batch_01650_patch.tiff,patch_105,24.511469,23.099659,23.05771,25.654245,25.467646
batch_01650_patch.tiff,patch_106,24.53062,23.078726,24.907347,23.332947,24.290434
batch_01650_patch.tiff,patch_107,26.211466,22.491137,25.863874,22.468075,24.886253
batch_01650_patch.tiff,patch_108,24.76873,23.216558,23.526484,24.954079,24.962555
batch_01650_patch.tiff,patch_109,25.102139,22.862553,24.010155,24.161371,24.92195
batch_01650_patch.tiff,patch_110,25.438936,23.43009,24.992987,24.947578,26.626348
batch_01650_patch.tiff,patch_111,26.594296,24.319897,26.295965,23.96417,27.181309
batch_01650_patch.tiff,patch_112,26.157024,22.35096,26.498604,22.965012,24.877817
batch_01650_patch.tiff,patch_113,26.535892,22.547335,26.711605,22.634003,25.000143
batch_01650_patch.tiff,patch_114,25.034824,24.495436,25.82478,24.056198,26.195745
batch_01650_patch.tiff,patch_115,25.128796,23.23245,24.629246,27.515419,26.05677
batch_01650_patch.tiff,patch_116,24.19074,23.140425,22.039976,26.846304,26.244719
batch_01650_patch.tiff,patch_117,24.488968,23.325401,23.816654,22.353569,24.269194
batch_01650_patch.tiff,patch_118,26.495642,23.029266,27.121983,22.817257,25.679928
batch_01650_patch.tiff,patch_119,25.701914,22.858906,23.916182,24.721601,25.219873
batch_01650_patch.tiff,patch_120,25.062393,22.925995,23.881567,25.064844,24.964535
batch_01650_patch.tiff,patch_121,25.097088,24.935062,24.249586,28.185911,28.520964
batch_01650_patch.tiff,patch_122,25.844337,24.006752,25.324413,25.031775,27.183264
batch_01650_patch.tiff,patch_123,25.284416,21.98271,23.327278,23.832481,25.1842
batch_01650_patch.tiff,patch_124,25.85987,22.318384,24.363522,24.281546,25.932112
batch_01650_patch.tiff,patch_125,25.312704,24.778118,25.873516,24.23213,26.139301
batch_01650_patch.tiff,patch_126,24.554333,23.450058,22.976551,25.323692,25.079546
batch_01650_patch.tiff,patch_127,24.789139,23.141527,24.073734,26.173603,27.661081
batch_01650_patch.tiff,patch_128,24.44055,24.405863,25.968956,27.570086,28.596111
batch_01650_patch.tiff,patch_129,25.135477,23.712122,23.727291,26.596994,26.639858
batch_01650_patch.tiff,patch_130,25.241621,22.576773,23.557707,25.784744,25.96905
batch_01650_patch.tiff,patch_131,24.673141,23.512486,24.908928,25.239296,27.05202
batch_01650_patch.tiff,patch_132,23.650728,22.7858,23.186563,26.010048,26.691874
batch_01650_patch.tiff,patch_133,25.607965,22.235643,22.695282,24.152569,25.664505
batch_01650_patch.tiff,patch_134,25.797333,23.656496,24.59397,24.387222,25.594952
batch_01650_patch.tiff,patch_135,24.08134,24.652895,26.525484,24.812712,26.101667
batch_01650_patch.tiff,patch_136,23.81284,23.280258,23.743694,26.557825,27.219208
batch_01650_patch.tiff,patch_137,24.775892,24.484268,25.696564,26.231762,28.170439
batch_01650_patch.tiff,patch_138,25.099215,23.134295,24.819714,24.9415,26.089415
batch_01650_patch.tiff,patch_139,24.57566,23.109694,24.055435,26.942732,25.945261
batch_01650_patch.tiff,patch_140,24.66969,23.894241,24.15415,26.158731,27.000717
batch_01650_patch.tiff,patch_141,24.612406,23.371975,23.325571,26.199846,27.142588
batch_01650_patch.tiff,patch_142,25.148262,23.490765,24.177004,26.01949,27.235603
batch_01650_patch.tiff,patch_143,25.780725,23.21522,23.918676,25.944607,27.545282
batch_01650_patch.tiff,patch_144,25.699614,25.519556,26.30314,25.142414,26.429241
batch_01650_patch.tiff,patch_145,26.840462,23.77441,26.967365,25.089916,25.576548
batch_01650_patch.tiff,patch_146,26.330673,23.842733,26.462172,24.42996,25.82492
batch_01650_patch.tiff,patch_147,25.453474,23.351336,27.61661,23.4855,25.996483
batch_01650_patch.tiff,patch_148,25.036674,22.4734,23.936638,24.728016,24.717665
batch_01650_patch.tiff,patch_149,25.737896,23.254665,25.43795,25.661652,25.79151
batch_01650_patch.tiff,patch_150,24.374407,23.66768,24.136787,25.820557,26.616375
batch_01650_patch.tiff,patch_151,25.014524,25.043705,24.803123,27.280348,28.488691
batch_01700_patch.tiff,patch_0,24.61015,23.221779,25.034445,25.87759,27.40892
batch_01700_patch.tiff,patch_1,23.921165,24.567562,24.96854,27.12608,28.938272
batch_01700_patch.tiff,patch_2,24.560528,23.261648,24.729534,26.231632,27.569286
batch_01700_patch.tiff,patch_3,26.53784,23.608604,26.323627,25.211168,27.114021
batch_01700_patch.tiff,patch_4,25.137568,22.965456,24.394318,25.782635,25.904642
batch_01700_patch.tiff,patch_5,25.1259,23.468903,24.089996,25.781359,26.671127
batch_01700_patch.tiff,patch_6,26.340143,24.227076,25.995749,24.765402,26.864132
batch_01700_patch.tiff,patch_7,26.105402,23.912764,24.449863,25.423777,27.879442
batch_01700_patch.tiff,patch_8,26.47258,24.913685,25.30972,24.628881,27.806545
batch_01700_patch.tiff,patch_9,26.006966,23.153349,24.542097,24.466293,27.020592
batch_01700_patch.tiff,patch_10,23.986122,24.316309,24.398148,26.194809,27.469599
batch_01700_patch.tiff,patch_11,25.605997,25.574135,26.472832,24.991596,28.511162
batch_01700_patch.tiff,patch_12,26.79539,23.46417,26.670624,24.035643,28.510128
batch_01700_patch.tiff,patch_13,25.16827,23.860073,25.646841,26.048323,27.997667
batch_01700_patch.tiff,patch_14,24.81141,23.834085,26.061132,25.694454,27.02051
batch_01700_patch.tiff,patch_15,25.212727,24.101824,23.907877,26.506548,27.54271
batch_01700_patch.tiff,patch_16,26.889042,24.596577,25.649961,25.10649,27.78991
batch_01700_patch.tiff,patch_17,26.637514,23.378918,25.631094,23.684334,27.068993
batch_01700_patch.tiff,patch_18,26.394896,24.609892,26.113428,24.863821,27.677235
batch_01700_patch.tiff,patch_19,26.967293,24.479918,25.77885,24.934526,27.073532
batch_01700_patch.tiff,patch_20,26.234953,23.505613,26.63959,24.118362,26.616339
batch_01700_patch.tiff,patch_21,27.094294,24.33529,25.856195,24.105968,28.195059
batch_01700_patch.tiff,patch_22,26.114464,25.215784,25.751242,25.538979,28.413746
batch_01700_patch.tiff,patch_23,26.290386,23.977207,24.905003,25.72516,26.082952
batch_01700_patch.tiff,patch_24,24.830374,24.650854,24.672121,26.731617,28.586237
batch_01700_patch.tiff,patch_25,25.851295,22.821516,25.866714,24.106602,26.671165
batch_01700_patch.tiff,patch_26,24.569035,23.536518,24.58374,27.173157,28.473148
batch_01700_patch.tiff,patch_27,25.014385,23.17192,25.313227,24.73895,26.066936
batch_01700_patch.tiff,patch_28,26.351213,24.51167,26.213413,25.666697,27.58014
batch_01700_patch.tiff,patch_29,25.69318,24.27771,25.700222,25.109907,27.14058
batch_01700_patch.tiff,patch_30,26.293348,24.869572,25.482876,25.262405,27.48969
batch_01700_patch.tiff,patch_31,25.425112,24.153881,25.54748,25.661383,27.873625
batch_01700_patch.tiff,patch_32,24.81604,24.633568,23.805464,27.542957,28.676315
batch_01700_patch.tiff,patch_33,25.282677,24.211126,25.618462,26.898272,27.723104
batch_01700_patch.tiff,patch_34,26.156828,24.896345,24.804789,26.074728,28.584719
batch_01700_patch.tiff,patch_35,26.97444,23.769096,25.369904,24.114836,27.804688
batch_01700_patch.tiff,patch_36,25.677486,24.273403,24.282856,25.32395,27.990337
batch_01700_patch.tiff,patch_37,24.89132,23.412401,26.880783,25.410048,27.65847
batch_01700_patch.tiff,patch_38,25.843477,23.129688,23.843391,24.080776,26.257458
batch_01700_patch.tiff,patch_39,25.305618,24.08595,26.07449,25.027876,27.038544
batch_01700_patch.tiff,patch_40,26.144438,26.227049,26.533175,26.588772,29.118427
batch_01700_patch.tiff,patch_41,25.91001,25.48926,25.716274,26.197847,28.176355
batch_01700_patch.tiff,patch_42,25.760109,25.119005,25.940294,26.555363,27.837507
batch_01700_patch.tiff,patch_43,24.3626,22.979803,23.716787,24.946325,25.654184
batch_01700_patch.tiff,patch_44,24.559635,23.910831,23.682774,25.937254,26.638172
batch_01700_patch.tiff,patch_45,25.859772,25.284466,25.607721,26.19171,28.680466
batch_01700_patch.tiff,patch_46,25.86706,23.232468,26.505848,25.095448,26.901594
batch_01700_patch.tiff,patch_47,26.89763,24.293142,26.382303,24.984892,27.924318
batch_01700_patch.tiff,patch_48,24.261862,24.48453,24.011488,26.23698,26.994474
batch_01700_patch.tiff,patch_49,25.119162,24.064838,24.242468,25.538584,27.39764
batch_01700_patch.tiff,patch_50,25.55377,23.612326,24.742216,25.460127,27.930216
batch_01700_patch.tiff,patch_51,25.626326,23.6426,26.211926,26.07415,27.9071
batch_01700_patch.tiff,patch_52,26.471529,23.844652,25.182432,24.192001,26.920294
batch_01700_patch.tiff,patch_53,26.17834,24.967636,24.596083,27.25301,28.397434
batch_01700_patch.tiff,patch_54,24.626585,23.75831,24.262218,26.304125,26.767921
batch_01700_patch.tiff,patch_55,24.445171,24.588884,24.64414,26.297735,27.501547
batch_01700_patch.tiff,patch_56,22.981453,22.12389,22.694027,25.711222,25.260166
batch_01700_patch.tiff,patch_57,25.703009,23.362694,25.734322,24.954407,27.279358
batch_01700_patch.tiff,patch_58,26.363964,24.497383,26.46707,25.205566,27.836403
batch_01700_patch.tiff,patch_59,27.133482,25.396723,26.01384,25.428598,28.285852
batch_01700_patch.tiff,patch_60,25.170988,25.287844,25.778353,26.802322,28.542269
batch_01700_patch.tiff,patch_61,27.137962,23.915474,25.652,24.993069,27.77615
batch_01700_patch.tiff,patch_62,25.392944,23.400314,25.344608,25.632288,27.38709
batch_01700_patch.tiff,patch_63,26.949736,23.510355,26.233603,23.683136,26.646547
batch_01700_patch.tiff,patch_64,26.022242,22.435757,24.555145,24.777454,27.401787
batch_01700_patch.tiff,patch_65,24.383345,23.369425,26.022013,25.578344,27.615438
batch_01700_patch.tiff,patch_66,24.830805,24.30387,25.1836,25.695858,27.440248
batch_01700_patch.tiff,patch_67,25.567122,24.612213,25.866627,26.105139,27.838253
batch_01700_patch.tiff,patch_68,24.074392,22.916416,24.247068,25.579151,26.414852
batch_01700_patch.tiff,patch_69,26.405632,23.73563,25.986544,24.16764,26.957264
batch_01700_patch.tiff,patch_70,26.373423,24.081985,25.34153,25.504433,28.298845
batch_01700_patch.tiff,patch_71,27.821905,25.97031,26.300192,25.370138,28.927828
batch_01700_patch.tiff,patch_72,25.429739,24.33765,25.405443,25.734068,27.73219
batch_01700_patch.tiff,patch_73,24.912926,23.71452,24.839949,25.93788,28.126225
batch_01700_patch.tiff,patch_74,25.45015,22.666801,26.223461,24.227432,27.171814
batch_01700_patch.tiff,patch_75,25.536009,24.241253,26.866318,24.13451,26.91917
batch_01700_patch.tiff,patch_76,26.286034,24.986193,26.464247,25.74466,27.898766
batch_01700_patch.tiff,patch_77,25.432245,23.742733,25.853378,24.131725,27.04489
batch_01700_patch.tiff,patch_78,26.277882,24.684204,25.841473,24.695013,27.468756
batch_01700_patch.tiff,patch_79,26.066095,23.10978,27.340454,23.377962,26.242027
batch_01700_patch.tiff,patch_80,26.80864,24.349598,27.447039,24.437475,27.08386
batch_01700_patch.tiff,patch_81,25.63866,23.391205,26.07934,24.297106,27.167833
batch_01700_patch.tiff,patch_82,25.324972,23.262768,25.682217,25.211569,27.4854
batch_01700_patch.tiff,patch_83,26.49948,23.159538,25.827475,23.786657,27.00711
batch_01700_patch.tiff,patch_84,26.628414,23.878164,25.940708,24.924696,27.116299
batch_01700_patch.tiff,patch_85,23.990091,23.322277,23.646711,25.763275,27.2892
batch_01700_patch.tiff,patch_86,24.740847,23.131458,24.042452,24.803993,26.017563
batch_01700_patch.tiff,patch_87,27.18096,24.012686,27.12556,24.738436,27.841496
batch_01700_patch.tiff,patch_88,26.424469,25.49051,26.687422,25.033684,27.360477
batch_01700_patch.tiff,patch_89,25.276255,23.759111,25.955065,24.233353,26.328886
batch_01700_patch.tiff,patch_90,25.109539,23.85258,25.282188,26.352112,26.846947
batch_01700_patch.tiff,patch_91,25.267838,23.985765,23.786762,26.568909,27.343395
batch_01700_patch.tiff,patch_92,26.301332,24.467304,25.584555,26.072344,28.428617
batch_01700_patch.tiff,patch_93,25.706884,23.449999,26.870363,23.93859,27.127335
batch_01700_patch.tiff,patch_94,24.390299,23.701843,24.156559,26.744043,27.814667
batch_01700_patch.tiff,patch_95,27.130848,23.123615,26.583134,23.406937,26.509235
batch_01700_patch.tiff,patch_96,26.637274,23.316479,26.567877,24.308731,27.248737
batch_01700_patch.tiff,patch_97,25.21999,23.933552,25.044256,26.008692,28.167217
batch_01700_patch.tiff,patch_98,24.955719,23.55959,26.266712,24.889317,26.909397
batch_01700_patch.tiff,patch_99,24.771437,23.770973,26.03377,25.99739,28.010344
batch_01700_patch.tiff,patch_100,24.78674,24.446756,25.061853,26.737598,28.156076
batch_01700_patch.tiff,patch_101,26.008728,23.54206,24.51679,24.37529,26.36915
batch_01700_patch.tiff,patch_102,25.983406,23.95394,25.515509,25.240812,26.442776
batch_01700_patch.tiff,patch_103,24.279877,23.272934,23.25093,25.735182,26.524706
batch_01700_patch.tiff,patch_104,23.807592,23.977613,22.04348,26.870905,26.990467
batch_01700_patch.tiff,patch_105,25.702177,22.91968,26.463232,24.145792,26.89728
batch_01700_patch.tiff,patch_106,26.447334,23.944122,25.116888,25.35188,27.177525
batch_01700_patch.tiff,patch_107,26.45541,24.373304,24.56298,24.972721,27.878727
batch_01700_patch.tiff,patch_108,26.263176,24.612127,25.948364,25.275187,28.484083
batch_01700_patch.tiff,patch_109,25.743097,24.014868,26.175306,25.16799,27.145466
batch_01700_patch.tiff,patch_110,25.64993,23.710197,25.87691,25.275225,27.187914
batch_01700_patch.tiff,patch_111,26.116133,24.832968,25.62425,26.646317,28.654778
batch_01700_patch.tiff,patch_112,24.230011,23.170279,25.03311,24.76961,26.198591
batch_01700_patch.tiff,patch_113,25.991982,23.710512,25.049742,24.21908,26.455437
batch_01700_patch.tiff,patch_114,26.44679,25.543686,26.199436,26.541607,28.347889
batch_01700_patch.tiff,patch_115,26.395388,23.392857,25.747868,24.596954,26.560228
batch_01700_patch.tiff,patch_116,25.791386,23.351442,24.312164,24.80616,26.4305
batch_01700_patch.tiff,patch_117,25.815582,23.302292,25.993753,25.014175,27.681295
batch_01700_patch.tiff,patch_118,25.260883,23.332132,25.349125,25.246746,27.20795
batch_01700_patch.tiff,patch_119,26.558086,25.052755,24.241514,24.630152,27.813482
batch_01700_patch.tiff,patch_120,25.156813,24.022425,25.224571,24.932352,26.538975
batch_01700_patch.tiff,patch_121,25.839327,24.2822,24.928268,26.568903,28.333641
batch_01700_patch.tiff,patch_122,25.59315,23.623854,24.011637,26.074528,27.982954
batch_01700_patch.tiff,patch_123,27.044458,23.553429,27.289503,23.760986,26.979176
batch_01700_patch.tiff,patch_124,26.11172,23.247456,26.675076,24.926834,26.643476
batch_01700_patch.tiff,patch_125,26.188843,22.288177,27.492916,22.710873,26.535906
batch_01700_patch.tiff,patch_126,25.041431,24.558752,24.43061,26.16719,28.007317
batch_01700_patch.tiff,patch_127,25.17117,23.739843,23.453297,26.22598,26.796803
batch_01700_patch.tiff,patch_128,25.684069,25.118715,23.432934,25.472406,27.88942
batch_01700_patch.tiff,patch_129,26.04195,23.71047,25.94753,24.848469,27.198864
batch_01700_patch.tiff,patch_130,25.8408,24.68236,25.59171,25.87335,28.101618
batch_01700_patch.tiff,patch_131,26.167751,23.783607,26.138763,23.648859,26.050694
batch_01700_patch.tiff,patch_132,26.594213,25.228168,24.918724,24.676594,28.015226
batch_01700_patch.tiff,patch_133,24.18071,22.794785,24.22016,25.256554,26.157703
batch_01700_patch.tiff,patch_134,26.102106,23.548365,26.405603,25.604025,27.913431
batch_01700_patch.tiff,patch_135,27.578419,23.872152,27.178598,25.187975,27.065643
batch_01700_patch.tiff,patch_136,25.51603,23.91811,24.24852,26.129725,27.834726
batch_01700_patch.tiff,patch_137,25.682764,23.207615,25.592224,24.638731,27.302956
batch_01700_patch.tiff,patch_138,26.211115,23.395447,26.842094,23.941332,26.692535
batch_01700_patch.tiff,patch_139,23.848072,23.797102,21.492664,26.709772,26.319422
batch_01700_patch.tiff,patch_140,23.752682,23.28851,22.641033,25.67009,25.614126
batch_01700_patch.tiff,patch_141,26.04196,23.998203,25.626844,25.174019,27.504211
batch_01700_patch.tiff,patch_142,26.305593,24.385881,25.218636,26.351137,27.111538
batch_01700_patch.tiff,patch_143,25.791456,23.656807,25.74957,23.610327,25.949482
batch_01700_patch.tiff,patch_144,27.461205,24.944458,24.492281,24.799313,27.976274
batch_01700_patch.tiff,patch_145,25.520536,23.52713,25.155285,25.945791,27.946436
batch_01700_patch.tiff,patch_146,25.023817,23.947237,23.958511,25.791885,27.441319
batch_01700_patch.tiff,patch_147,27.20153,24.797735,26.03015,24.874632,27.463886
batch_01700_patch.tiff,patch_148,25.368282,24.30656,23.71645,25.864641,28.073906
batch_01700_patch.tiff,patch_149,25.50916,23.433098,24.06404,25.328531,26.641117
batch_01700_patch.tiff,patch_150,24.894258,24.330027,23.531994,25.714195,27.49548
batch_01700_patch.tiff,patch_151,23.071428,23.379316,22.451422,25.824078,26.17792
batch_01700_patch.tiff,patch_152,24.452208,24.260843,23.899473,26.014368,27.657763
batch_01700_patch.tiff,patch_153,26.220839,23.998466,26.263628,24.458431,27.296017
batch_01700_patch.tiff,patch_154,25.999218,24.056648,27.52084,25.227512,27.756025
batch_01700_patch.tiff,patch_155,26.92642,24.661766,26.054132,25.504396,28.45974
batch_01700_patch.tiff,patch_156,24.915241,24.210045,26.262434,26.71734,27.966908
batch_01700_patch.tiff,patch_157,24.751741,23.715557,25.121641,26.390423,27.631414
batch_01700_patch.tiff,patch_158,25.528196,24.441622,24.170357,25.405773,27.359653
batch_01700_patch.tiff,patch_159,25.01611,23.518538,24.29589,25.646019,27.22364
batch_01700_patch.tiff,patch_160,25.276758,23.33415,24.011644,25.000557,25.422445
batch_01700_patch.tiff,patch_161,24.29611,23.830545,24.587576,26.114563,27.149508
batch_01700_patch.tiff,patch_162,25.760494,23.685637,23.9245,26.174448,26.53615
batch_01700_patch.tiff,patch_163,24.134434,23.5156,23.961996,25.849112,25.904352
batch_01700_patch.tiff,patch_164,25.807652,23.97125,26.186316,24.577991,27.210476
batch_01700_patch.tiff,patch_165,25.187132,24.66395,25.21961,25.958532,27.023613
batch_01700_patch.tiff,patch_166,25.149828,24.697214,25.405607,25.245022,27.516724
batch_01700_patch.tiff,patch_167,25.813818,24.675821,26.495068,24.936966,27.227684
batch_01700_patch.tiff,patch_168,25.8146,24.701975,25.707176,27.277046,28.301905
batch_01700_patch.tiff,patch_169,24.858786,23.552135,25.57513,28.016088,27.428057
batch_01700_patch.tiff,patch_170,24.692547,24.078209,24.481934,26.132483,27.404957
batch_01700_patch.tiff,patch_171,26.523418,23.626743,24.733105,24.233347,27.444443
batch_01700_patch.tiff,patch_172,24.880655,23.15023,24.655617,24.740864,26.31248
batch_01700_patch.tiff,patch_173,23.512842,22.507864,22.670912,25.806349,25.870161
batch_01700_patch.tiff,patch_174,25.994406,24.635468,24.972372,25.121105,27.540415
batch_01700_patch.tiff,patch_175,24.855839,22.744314,25.904814,25.096409,26.558554
batch_01700_patch.tiff,patch_176,25.874765,23.848478,25.414183,25.097898,26.895025
batch_01700_patch.tiff,patch_177,25.614952,23.898897,24.490393,25.12244,27.741602
batch_01700_patch.tiff,patch_178,27.368517,24.298187,26.25275,26.430933,27.839151
batch_01700_patch.tiff,patch_179,26.720028,24.719627,26.106098,25.552391,28.890316
batch_01700_patch.tiff,patch_180,26.635515,24.051485,25.966974,25.03236,27.405321
batch_01750_patch.tiff,patch_0,25.607813,23.867868,23.281326,25.61101,28.30383
batch_01750_patch.tiff,patch_1,24.395136,24.041174,24.12038,26.772902,27.995794
batch_01750_patch.tiff,patch_2,25.87767,23.780714,24.83839,25.50539,26.98802
batch_01750_patch.tiff,patch_3,26.646769,23.424028,26.23772,23.804401,26.315989
batch_01750_patch.tiff,patch_4,25.388554,24.768057,25.24069,26.140165,28.35607
batch_01750_patch.tiff,patch_5,24.886463,24.897566,25.073324,26.363724,28.353401
batch_01750_patch.tiff,patch_6,25.387545,24.630705,27.006264,24.14526,26.219501
batch_01750_patch.tiff,patch_7,25.89395,25.646168,26.176632,25.205606,28.616064
batch_01750_patch.tiff,patch_8,26.145735,24.3508,26.36308,24.969437,27.297571
batch_01750_patch.tiff,patch_9,27.034864,25.513578,26.039507,25.646742,27.661608
batch_01750_patch.tiff,patch_10,25.706228,23.556124,25.85449,24.659744,28.154303
batch_01750_patch.tiff,patch_11,25.153276,24.534277,25.100983,26.636337,28.160133
batch_01750_patch.tiff,patch_12,25.388948,24.055883,24.99157,25.746405,28.147034
batch_01750_patch.tiff,patch_13,26.09531,23.90328,24.892218,24.27583,27.270132
batch_01750_patch.tiff,patch_14,26.958683,23.527254,27.235788,24.320295,26.45687
batch_01750_patch.tiff,patch_15,24.851696,24.89998,24.5738,24.969585,28.175934
batch_01750_patch.tiff,patch_16,26.32786,24.970472,25.175611,25.36786,28.06813
batch_01750_patch.tiff,patch_17,24.797707,23.864851,24.090868,25.014833,27.075138
batch_01750_patch.tiff,patch_18,25.932817,25.171268,26.037027,25.739609,28.016806
batch_01750_patch.tiff,patch_19,26.288242,24.395248,25.524023,25.067501,26.609009
batch_01750_patch.tiff,patch_20,25.616655,24.64283,27.081963,25.18667,26.372223
batch_01750_patch.tiff,patch_21,25.959242,24.78933,26.463118,24.524168,27.079327
batch_01750_patch.tiff,patch_22,25.468143,23.111794,25.401365,24.345566,26.815811
batch_01750_patch.tiff,patch_23,25.074942,24.057415,24.725,26.565054,27.884918
batch_01750_patch.tiff,patch_24,24.382761,23.45517,23.664566,26.691343,27.150105
batch_01750_patch.tiff,patch_25,24.440786,24.329205,24.157946,27.337547,29.04386
batch_01750_patch.tiff,patch_26,26.516283,25.285355,25.078867,26.592945,29.006123
batch_01750_patch.tiff,patch_27,24.963024,24.43063,25.482718,24.178934,27.218601
batch_01750_patch.tiff,patch_28,25.863201,24.557472,26.606222,24.911345,27.196678
batch_01750_patch.tiff,patch_29,26.818058,24.747335,25.968622,25.672739,28.159636
batch_01750_patch.tiff,patch_30,27.094652,25.161627,26.574764,25.295681,27.672115
batch_01750_patch.tiff,patch_31,26.26755,24.830889,26.391743,24.704205,26.897215
batch_01750_patch.tiff,patch_32,26.342096,23.937271,24.489424,24.889393,27.486767
batch_01750_patch.tiff,patch_33,24.962559,23.193289,22.750381,26.540442,27.272554
batch_01750_patch.tiff,patch_34,24.791077,24.796185,25.430264,27.218039,28.356354
batch_01750_patch.tiff,patch_35,25.751787,23.17677,23.673546,25.740038,27.340427
batch_01750_patch.tiff,patch_36,24.533674,23.571463,24.659475,26.17312,27.150997
batch_01750_patch.tiff,patch_37,25.265715,24.604269,24.631262,27.032112,28.488337
batch_01750_patch.tiff,patch_38,25.581207,24.472618,25.43905,25.707869,28.260107
batch_01750_patch.tiff,patch_39,26.138508,25.379124,26.448856,25.274557,28.278524
batch_01750_patch.tiff,patch_40,24.809057,25.33247,25.93354,25.526339,29.23209
batch_01750_patch.tiff,patch_41,26.007383,24.511263,25.24927,24.692904,27.247452
batch_01750_patch.tiff,patch_42,25.670336,25.138136,24.89263,26.309525,28.337666
batch_01750_patch.tiff,patch_43,25.13338,24.572987,25.79765,25.251472,26.33371
batch_01750_patch.tiff,patch_44,26.120327,24.102646,24.239862,25.691946,28.232038
batch_01750_patch.tiff,patch_45,25.673111,23.10934,24.754797,24.352839,26.363928
batch_01750_patch.tiff,patch_46,25.409424,23.483614,25.565226,24.165188,25.434656
batch_01750_patch.tiff,patch_47,24.554157,23.117216,24.547369,25.847227,26.45777
batch_01750_patch.tiff,patch_48,25.646206,23.93048,25.432116,25.4685,28.00685
batch_01750_patch.tiff,patch_49,26.139162,23.745037,25.76667,25.33201,26.99199
batch_01750_patch.tiff,patch_50,24.971395,24.09696,24.65023,26.302757,27.905441
batch_01750_patch.tiff,patch_51,24.773598,25.150442,26.948092,25.937534,28.524824
batch_01750_patch.tiff,patch_52,25.668726,25.077175,26.054327,25.760078,28.462448
batch_01750_patch.tiff,patch_53,25.061758,24.96521,25.593904,25.95622,28.242361
batch_01750_patch.tiff,patch_54,25.103855,24.593193,23.668253,26.99097,28.441786
batch_01750_patch.tiff,patch_55,24.986723,24.972124,25.107662,25.814716,28.440283
batch_01750_patch.tiff,patch_56,26.475718,25.465935,25.800049,25.14739,28.80357
batch_01750_patch.tiff,patch_57,25.958767,24.524828,24.738373,26.332937,27.597763
batch_01750_patch.tiff,patch_58,24.689486,23.535738,25.586252,25.48597,27.382814
batch_01750_patch.tiff,patch_59,24.892326,23.465511,25.306892,25.188597,27.05746
batch_01750_patch.tiff,patch_60,24.905807,23.84554,25.19534,26.519707,28.472036
batch_01750_patch.tiff,patch_61,24.208256,22.854095,24.4717,25.63622,26.543234
batch_01750_patch.tiff,patch_62,24.433575,24.073233,25.937746,24.719841,27.765299
batch_01750_patch.tiff,patch_63,25.013027,24.439451,24.835056,24.785202,26.421455
batch_01750_patch.tiff,patch_64,24.867449,23.583912,25.122993,25.185648,27.253016
batch_01750_patch.tiff,patch_65,26.575264,25.336384,27.71353,25.703176,28.92355
batch_01750_patch.tiff,patch_66,24.560043,23.6279,25.015518,25.710926,27.77095
batch_01750_patch.tiff,patch_67,24.140839,23.925814,23.927776,27.839924,28.87194
batch_01750_patch.tiff,patch_68,25.347471,24.866978,25.094774,27.30519,28.70354
batch_01750_patch.tiff,patch_69,25.88533,25.32867,25.545422,26.361248,29.010275
batch_01750_patch.tiff,patch_70,24.656116,23.741478,24.662884,25.510912,27.191761
batch_01750_patch.tiff,patch_71,27.108305,23.64389,26.709047,24.40857,27.73128
batch_01750_patch.tiff,patch_72,24.723288,23.945215,24.566565,26.794712,27.627571
batch_01750_patch.tiff,patch_73,24.910019,23.541542,24.810602,25.508467,27.096306
batch_01750_patch.tiff,patch_74,25.178823,23.60047,24.50356,26.36166,27.952847
batch_01750_patch.tiff,patch_75,27.300251,23.773323,26.3152,24.859962,27.036863
batch_01750_patch.tiff,patch_76,26.501759,25.23551,25.299616,26.499317,28.33922
batch_01750_patch.tiff,patch_77,26.037373,25.470245,26.837036,25.272066,28.36006
batch_01750_patch.tiff,patch_78,24.012056,23.334984,24.568598,26.844465,27.847921
batch_01750_patch.tiff,patch_79,26.006067,24.785997,24.494953,27.108198,28.998316
batch_01750_patch.tiff,patch_80,25.915817,22.995913,26.682615,24.638243,27.208181
batch_01750_patch.tiff,patch_81,25.657782,24.486559,25.13982,25.434875,26.837828
batch_01750_patch.tiff,patch_82,24.89021,23.26988,25.072533,24.785332,26.804314
batch_01750_patch.tiff,patch_83,26.866142,23.836376,25.705717,24.213749,27.221384
batch_01750_patch.tiff,patch_84,25.394087,25.50382,25.749954,25.92222,29.383018
batch_01750_patch.tiff,patch_85,25.384907,24.14335,25.39486,25.635988,27.78304
batch_01750_patch.tiff,patch_86,26.331835,23.88854,26.374493,24.74738,27.883913
batch_01750_patch.tiff,patch_87,27.073454,24.001053,26.293863,24.671724,26.880182
batch_01750_patch.tiff,patch_88,25.97297,25.00206,26.658768,24.853804,27.873827
batch_01750_patch.tiff,patch_89,25.383818,24.588823,26.42646,25.85058,27.756031
batch_01750_patch.tiff,patch_90,24.166672,23.71184,23.268082,26.816395,28.481892
batch_01750_patch.tiff,patch_91,25.620817,24.92531,24.971773,27.426775,28.445402
batch_01750_patch.tiff,patch_92,26.23253,22.784027,26.690718,23.23693,26.792734
batch_01750_patch.tiff,patch_93,25.566463,23.937075,25.75186,25.869326,26.75685
batch_01750_patch.tiff,patch_94,23.976261,23.097015,24.69322,25.677168,26.131323
batch_01750_patch.tiff,patch_95,24.988834,24.069475,25.756021,25.44452,27.689472
batch_01750_patch.tiff,patch_96,24.342703,23.249168,24.616064,26.113632,26.612577
batch_01750_patch.tiff,patch_97,24.43634,23.850416,24.711214,26.509949,27.08495
batch_01750_patch.tiff,patch_98,25.772654,23.729658,25.698467,24.350618,27.305754
batch_01750_patch.tiff,patch_99,24.726143,24.293095,24.614305,25.809826,28.371824
batch_01750_patch.tiff,patch_100,26.874937,24.037716,25.501886,24.317347,27.53368
batch_01750_patch.tiff,patch_101,25.240707,24.750975,25.858137,26.696165,28.741922
batch_01750_patch.tiff,patch_102,26.66122,25.159317,24.754513,26.057095,28.68724
batch_01750_patch.tiff,patch_103,25.786951,24.888302,25.012342,26.448893,28.445278
batch_01750_patch.tiff,patch_104,25.481613,24.617912,25.260181,26.863876,28.791092
batch_01750_patch.tiff,patch_105,25.566196,25.047516,25.86665,25.849106,27.25787
batch_01750_patch.tiff,patch_106,24.96785,24.3917,25.649332,25.625093,27.708689
batch_01750_patch.tiff,patch_107,24.252966,23.145086,23.494968,25.370491,26.849367
batch_01750_patch.tiff,patch_108,26.276886,23.567778,26.142633,24.219442,27.193586
batch_01750_patch.tiff,patch_109,25.488682,24.856834,25.836496,26.539112,27.8402
batch_01750_patch.tiff,patch_110,25.605822,24.457552,25.55465,24.41773,28.532824
batch_01750_patch.tiff,patch_111,25.095228,24.317404,24.80455,25.745142,27.983843
batch_01750_patch.tiff,patch_112,26.11339,24.621151,26.289074,25.15375,28.335772
batch_01750_patch.tiff,patch_113,26.193047,25.367094,25.540205,25.530924,28.677954
batch_01750_patch.tiff,patch_114,24.988564,23.911226,25.541248,26.075785,27.405985
batch_01750_patch.tiff,patch_115,25.45689,23.932657,24.007757,26.309086,28.093826
batch_01750_patch.tiff,patch_116,25.680466,22.99219,27.129963,24.34296,26.491837
batch_01750_patch.tiff,patch_117,25.88043,23.615307,27.093225,23.970345,27.220797
batch_01750_patch.tiff,patch_118,26.988888,24.780209,26.931541,24.659224,27.02438
batch_01750_patch.tiff,patch_119,25.537066,24.114641,24.663353,25.803186,26.82667
batch_01750_patch.tiff,patch_120,26.27839,23.911343,24.76133,24.556545,27.201519
batch_01750_patch.tiff,patch_121,25.527954,24.111502,24.999199,25.876616,27.197723
batch_01750_patch.tiff,patch_122,25.109596,23.727167,24.798437,25.480972,27.648602
batch_01750_patch.tiff,patch_123,24.886068,23.62936,23.929033,24.620447,27.040806
batch_01750_patch.tiff,patch_124,25.606133,24.617939,25.417538,26.947113,27.522621
batch_01750_patch.tiff,patch_125,26.085657,25.045553,26.355867,25.152472,26.369122
batch_01750_patch.tiff,patch_126,24.812923,24.931952,25.456705,27.471542,29.408772
batch_01750_patch.tiff,patch_127,26.221632,25.079731,25.543894,26.66143,28.528934
batch_01750_patch.tiff,patch_128,26.136345,24.802235,25.728714,25.942106,28.77526
batch_01750_patch.tiff,patch_129,26.464619,22.7801,25.846561,24.117455,27.262102
batch_01750_patch.tiff,patch_130,25.378326,24.562874,25.508133,25.41784,27.489546
batch_01750_patch.tiff,patch_131,24.66885,24.312716,24.333078,26.852148,27.65018
batch_01750_patch.tiff,patch_132,26.653618,25.532614,26.406984,26.551476,28.266903
batch_01750_patch.tiff,patch_133,26.126892,23.880901,26.229967,25.384266,27.190065
batch_01750_patch.tiff,patch_134,25.637653,24.674543,26.364223,25.12206,28.193073
batch_01750_patch.tiff,patch_135,25.840073,24.812254,26.60264,24.842113,27.367905
batch_01750_patch.tiff,patch_136,26.026958,24.882444,25.776957,25.136156,26.500595
batch_01750_patch.tiff,patch_137,25.129902,23.835567,24.508245,27.005812,27.425976
batch_01750_patch.tiff,patch_138,24.621527,23.824387,24.892458,27.081444,28.102482
batch_01750_patch.tiff,patch_139,24.452932,24.489878,25.437914,26.354305,28.337221
batch_01750_patch.tiff,patch_140,25.75537,23.768003,26.29232,24.527092,27.013731
batch_01750_patch.tiff,patch_141,26.213268,23.95457,25.982761,25.196722,26.821276
batch_01750_patch.tiff,patch_142,24.912724,24.573753,24.674486,25.862576,28.092161
batch_01750_patch.tiff,patch_143,25.679562,24.412153,25.23661,26.100336,27.990335
batch_01750_patch.tiff,patch_144,26.525438,24.908106,26.049246,25.892324,28.376837
batch_01750_patch.tiff,patch_145,25.722967,24.274397,26.922796,24.98031,26.978727
batch_01750_patch.tiff,patch_146,25.42661,24.445915,24.63585,25.372324,27.429993
batch_01750_patch.tiff,patch_147,25.118706,24.330833,25.041853,25.382542,27.618383
batch_01750_patch.tiff,patch_148,27.569824,24.024456,26.20115,25.022806,27.232368
batch_01750_patch.tiff,patch_149,25.01251,23.511965,23.67369,26.436552,27.649885
batch_01750_patch.tiff,patch_150,24.379276,23.625532,24.338795,25.978933,26.770481
batch_01750_patch.tiff,patch_151,24.746134,24.619146,25.542086,26.517242,28.021399
batch_01750_patch.tiff,patch_152,26.313196,24.370432,26.61796,25.076628,27.485968
batch_01750_patch.tiff,patch_153,25.088547,23.759794,23.78503,25.199203,27.333172
batch_01750_patch.tiff,patch_154,26.138401,24.449162,26.545786,25.802675,27.303946
batch_01750_patch.tiff,patch_155,24.034979,24.002268,24.048927,26.877207,27.60934
batch_01750_patch.tiff,patch_156,24.892487,23.98969,25.188658,26.051094,27.04135
batch_01750_patch.tiff,patch_157,25.434393,22.800766,25.631693,23.815294,26.070383
batch_01750_patch.tiff,patch_158,25.622423,24.856388,25.902552,23.91172,27.790464
batch_01750_patch.tiff,patch_159,25.623835,24.64291,25.983181,24.760221,27.010992
batch_01750_patch.tiff,patch_160,25.850042,23.767483,25.10769,25.547361,27.393738
batch_01750_patch.tiff,patch_161,25.356096,24.002558,24.520292,26.247763,27.212212
batch_01750_patch.tiff,patch_162,25.23795,24.295544,24.845654,26.444134,27.769379
batch_01750_patch.tiff,patch_163,25.31416,24.926867,26.017769,26.526884,27.92168
batch_01750_patch.tiff,patch_164,25.727585,23.853935,25.829363,25.241293,27.34672
batch_01750_patch.tiff,patch_165,25.710636,24.183393,25.787323,24.730968,27.559896
batch_01750_patch.tiff,patch_166,25.898127,25.174166,25.509302,27.355282,28.568787
batch_01750_patch.tiff,patch_167,25.644842,24.61085,24.195286,26.054028,28.22945
batch_01750_patch.tiff,patch_168,24.686733,23.330746,23.822609,25.602356,26.417366
batch_01750_patch.tiff,patch_169,25.323225,23.63967,25.91578,24.376572,25.904598
batch_01750_patch.tiff,patch_170,26.417076,24.756893,25.68836,25.600554,28.15422
batch_01750_patch.tiff,patch_171,25.096283,24.387812,24.843239,24.870459,27.372149
batch_01750_patch.tiff,patch_172,26.244122,25.124268,25.891851,25.290203,27.85628
batch_01750_patch.tiff,patch_173,25.499182,25.303663,25.292995,26.950026,27.745872
batch_01750_patch.tiff,patch_174,25.225769,24.542677,24.892914,26.691275,28.682367
batch_01750_patch.tiff,patch_175,24.848572,24.544092,25.078867,26.879213,28.90929
batch_01750_patch.tiff,patch_176,26.003565,24.818048,25.718855,26.436167,28.916754
batch_01750_patch.tiff,patch_177,25.531,23.802284,25.918163,24.638948,27.3299
batch_01800_patch.tiff,patch_0,26.7597,24.068604,26.59428,25.304714,28.798521
batch_01800_patch.tiff,patch_1,25.938143,23.966375,26.203602,24.701332,27.215431
batch_01800_patch.tiff,patch_2,25.625822,24.745466,24.649239,26.65457,28.855803
batch_01800_patch.tiff,patch_3,28.027666,24.493082,25.352404,24.738377,28.658812
batch_01800_patch.tiff,patch_4,26.87781,25.41111,25.228886,26.447794,28.81311
batch_01800_patch.tiff,patch_5,24.048702,22.891546,24.26141,25.680576,26.999477
batch_01800_patch.tiff,patch_6,26.248102,24.315067,25.996727,24.152689,26.481674
batch_01800_patch.tiff,patch_7,25.58924,23.48154,23.854338,26.349937,27.987375
batch_01800_patch.tiff,patch_8,25.28185,24.844501,24.536701,26.677675,28.260002
batch_01800_patch.tiff,patch_9,26.336802,25.829214,25.866533,27.19364,29.399075
batch_01800_patch.tiff,patch_10,25.087019,24.791975,25.455757,26.001408,27.780079
batch_01800_patch.tiff,patch_11,26.276217,24.511368,26.555307,24.452003,27.20844
batch_01800_patch.tiff,patch_12,23.888992,23.615805,24.789225,26.725183,28.374252
batch_01800_patch.tiff,patch_13,25.310013,24.494345,26.015245,26.609243,28.348566
batch_01800_patch.tiff,patch_14,25.454088,25.637114,25.65222,27.411234,29.324385
batch_01800_patch.tiff,patch_15,26.6983,24.839855,24.439112,26.25341,27.92682
batch_01800_patch.tiff,patch_16,26.353865,23.355127,25.362692,25.58233,27.958044
batch_01800_patch.tiff,patch_17,26.118301,24.481617,25.742517,25.983915,27.470243
batch_01800_patch.tiff,patch_18,26.16589,25.188303,25.881834,24.86068,27.62848
batch_01800_patch.tiff,patch_19,26.232283,24.123554,26.200987,24.471283,26.689682
batch_01800_patch.tiff,patch_20,26.726357,24.180126,26.816677,23.961973,27.210838
batch_01800_patch.tiff,patch_21,25.60921,24.703032,24.949379,26.18044,28.300865
batch_01800_patch.tiff,patch_22,25.240763,24.461817,25.229012,26.631207,28.62874
batch_01800_patch.tiff,patch_23,25.800846,24.335106,25.513494,25.159595,27.355852
batch_01800_patch.tiff,patch_24,25.6794,24.459173,26.359919,25.835741,27.412062
batch_01800_patch.tiff,patch_25,24.242754,24.358597,24.908243,26.410854,27.3793
batch_01800_patch.tiff,patch_26,25.452421,22.834427,27.597292,24.03924,26.697462
batch_01800_patch.tiff,patch_27,25.957186,22.338114,26.529797,22.84618,26.727358
batch_01800_patch.tiff,patch_28,26.867954,24.133492,25.354448,24.422136,27.456598
batch_01800_patch.tiff,patch_29,25.545904,23.912863,24.328987,25.545147,27.060894
batch_01800_patch.tiff,patch_30,25.597235,23.823273,25.879517,26.285334,28.245565
batch_01800_patch.tiff,patch_31,25.142239,23.97095,24.257324,25.76982,26.500067
batch_01800_patch.tiff,patch_32,24.976871,23.57845,24.7084,25.476381,26.483547
batch_01800_patch.tiff,patch_33,25.280128,24.540781,26.249025,25.364603,27.646885
batch_01800_patch.tiff,patch_34,25.361927,25.774511,27.184036,25.610596,27.980228
batch_01800_patch.tiff,patch_35,24.855991,25.481544,26.487898,26.9268,27.354849
batch_01800_patch.tiff,patch_36,25.610518,22.949198,27.1471,23.939709,26.533417
batch_01800_patch.tiff,patch_37,25.142048,24.76109,25.645927,26.696249,28.960466
batch_01800_patch.tiff,patch_38,26.567013,24.766022,26.577936,24.957882,26.843775
batch_01800_patch.tiff,patch_39,27.074934,24.477934,25.264898,25.325647,27.951073
batch_01800_patch.tiff,patch_40,25.999645,24.222612,24.494429,26.574366,27.436766
batch_01800_patch.tiff,patch_41,25.727543,24.828007,24.624895,26.259495,28.201778
batch_01800_patch.tiff,patch_42,24.745571,23.657171,24.50393,25.02533,25.958746
batch_01800_patch.tiff,patch_43,27.697393,24.611856,26.676481,24.843563,28.267525
batch_01800_patch.tiff,patch_44,25.92954,24.653181,26.398094,26.92378,28.26494
batch_01800_patch.tiff,patch_45,25.793873,25.047466,25.238659,26.785875,28.144436
batch_01800_patch.tiff,patch_46,26.775312,24.581995,26.296034,25.685652,27.17528
batch_01800_patch.tiff,patch_47,25.62389,25.802511,26.912529,27.602264,27.877396
batch_01800_patch.tiff,patch_48,25.652689,23.543903,25.718426,24.983671,26.688564
batch_01800_patch.tiff,patch_49,25.065758,23.431948,24.281982,25.871943,27.529932
batch_01800_patch.tiff,patch_50,25.835083,23.585567,23.990705,24.832952,27.283808
batch_01800_patch.tiff,patch_51,26.119923,24.669403,25.900114,24.566675,26.63062
batch_01800_patch.tiff,patch_52,25.561209,24.562092,26.025753,26.048119,28.396
batch_01800_patch.tiff,patch_53,24.362528,24.117422,24.488081,26.077917,27.196186
batch_01800_patch.tiff,patch_54,26.595627,24.859758,25.43418,26.100502,27.998976
batch_01800_patch.tiff,patch_55,25.732262,24.063734,25.15603,26.275885,27.388758
batch_01800_patch.tiff,patch_56,25.549206,24.47545,24.509626,25.148706,27.32221
batch_01800_patch.tiff,patch_57,24.72086,24.401173,24.886366,27.748726,28.103603
batch_01800_patch.tiff,patch_58,25.08819,25.020372,26.390623,27.844822,28.65352
batch_01800_patch.tiff,patch_59,24.855942,24.217358,24.52515,25.174177,26.911657
batch_01800_patch.tiff,patch_60,26.486311,24.561682,25.462238,26.193047,28.188269
batch_01800_patch.tiff,patch_61,25.878387,24.488005,24.116142,25.045069,28.042751
batch_01800_patch.tiff,patch_62,25.046656,22.764254,23.231506,25.51205,27.201694
batch_01800_patch.tiff,patch_63,26.899214,23.643303,25.902628,24.037863,27.749607
batch_01800_patch.tiff,patch_64,24.91707,24.24802,25.593664,26.043907,28.182028
batch_01800_patch.tiff,patch_65,26.122673,24.481945,26.075436,25.128212,27.736965
batch_01800_patch.tiff,patch_66,25.98236,24.714733,26.02319,25.789314,28.504246
batch_01800_patch.tiff,patch_67,24.209923,23.0759,22.542181,25.706287,26.470806
batch_01800_patch.tiff,patch_68,24.013134,23.239935,23.168095,26.21764,26.281292
batch_01800_patch.tiff,patch_69,24.899986,25.331293,24.795073,26.825848,27.90706
batch_01800_patch.tiff,patch_70,24.568361,24.389559,24.655464,27.987215,27.932709
batch_01800_patch.tiff,patch_71,24.562075,23.644028,24.59857,24.925835,26.53622
batch_01800_patch.tiff,patch_72,24.735895,23.753464,25.022133,26.051535,27.527647
batch_01800_patch.tiff,patch_73,26.917227,23.946695,27.32482,24.796114,27.62576
batch_01800_patch.tiff,patch_74,25.797188,24.747503,25.208204,26.36668,29.13428
batch_01800_patch.tiff,patch_75,25.929327,25.58104,25.74223,26.685308,28.310703
batch_01800_patch.tiff,patch_76,26.42509,24.657927,25.955202,26.32571,28.066465
batch_01800_patch.tiff,patch_77,25.730467,24.207483,25.12485,25.465382,27.31272
batch_01800_patch.tiff,patch_78,26.15519,24.904905,24.810394,26.321136,28.614117
batch_01800_patch.tiff,patch_79,25.140547,24.490849,25.256546,25.855183,27.21796
batch_01800_patch.tiff,patch_80,25.899134,24.551836,25.73431,26.655176,28.342308
batch_01800_patch.tiff,patch_81,26.53104,23.885899,24.113882,25.35771,28.117336
batch_01800_patch.tiff,patch_82,26.65031,23.26479,26.273878,23.75686,26.523472
batch_01800_patch.tiff,patch_83,25.902424,26.455284,26.896606,26.978197,28.135237
batch_01800_patch.tiff,patch_84,26.449747,25.231148,26.574581,26.477331,27.84311
batch_01800_patch.tiff,patch_85,26.373362,22.482983,27.192642,22.404697,26.786474
batch_01800_patch.tiff,patch_86,25.840675,23.395653,26.62364,24.784218,27.73473
batch_01800_patch.tiff,patch_87,25.953861,24.572012,25.652514,26.798712,28.961784
batch_01800_patch.tiff,patch_88,24.712767,23.771318,23.743654,26.129944,27.930801
batch_01800_patch.tiff,patch_89,25.690084,24.111275,26.574234,25.395765,27.607883
batch_01800_patch.tiff,patch_90,26.716574,25.413557,26.352827,26.907843,28.971258
batch_01800_patch.tiff,patch_91,25.669218,24.47599,24.893406,27.12533,27.056524
batch_01800_patch.tiff,patch_92,24.18162,23.424213,24.2637,26.099266,25.622675
batch_01800_patch.tiff,patch_93,25.197048,24.088776,25.101059,26.488731,27.545853
batch_01800_patch.tiff,patch_94,27.009409,24.940676,26.273376,25.046446,27.42501
batch_01800_patch.tiff,patch_95,24.332905,24.63663,26.684504,26.31289,27.141891
batch_01800_patch.tiff,patch_96,25.41225,25.817055,26.352707,27.659756,28.22318
batch_01800_patch.tiff,patch_97,25.906374,24.068264,25.69543,26.438004,28.249825
batch_01800_patch.tiff,patch_98,25.550169,23.957256,25.24655,25.785328,28.347033
batch_01800_patch.tiff,patch_99,26.303324,24.39552,26.528242,25.434978,27.721722
batch_01800_patch.tiff,patch_100,26.005745,24.632378,24.070938,26.398191,28.114029
batch_01800_patch.tiff,patch_101,25.954967,24.44567,26.369015,25.329626,27.978504
batch_01800_patch.tiff,patch_102,25.369417,24.73098,24.450476,26.091658,28.176794
batch_01800_patch.tiff,patch_103,25.820421,24.305702,25.389124,24.532173,26.771694
batch_01800_patch.tiff,patch_104,26.910076,25.43875,26.035582,25.714628,28.39452
batch_01800_patch.tiff,patch_105,26.38739,25.161861,26.198626,26.072502,27.563347
batch_01800_patch.tiff,patch_106,25.560184,25.543407,26.01831,27.439991,28.884066
batch_01800_patch.tiff,patch_107,26.14063,24.478867,26.788715,25.890425,26.925566
batch_01800_patch.tiff,patch_108,25.470936,25.524338,26.645058,27.417553,28.605213
batch_01800_patch.tiff,patch_109,26.232084,24.674355,24.885221,26.042881,28.694035
batch_01800_patch.tiff,patch_110,26.178185,24.290789,26.881584,25.863348,28.847618
batch_01800_patch.tiff,patch_111,25.449137,25.080421,25.686235,26.693544,29.046066
batch_01800_patch.tiff,patch_112,27.334702,24.4704,25.745777,25.087818,28.37002
batch_01800_patch.tiff,patch_113,25.810879,23.796404,26.19746,24.369654,27.564457
batch_01800_patch.tiff,patch_114,25.044525,24.51763,25.786129,27.055077,28.952726
batch_01800_patch.tiff,patch_115,25.64843,24.084936,26.298933,24.906038,26.873287
batch_01800_patch.tiff,patch_116,26.091463,24.754354,26.524683,25.696926,27.510866
batch_01800_patch.tiff,patch_117,25.13332,24.791285,25.37293,27.415676,28.517778
batch_01800_patch.tiff,patch_118,26.061863,24.512167,26.379026,26.57693,27.623236
batch_01800_patch.tiff,patch_119,24.853424,24.507936,24.677145,26.803955,27.191317
batch_01800_patch.tiff,patch_120,24.666897,21.824375,25.954205,24.592123,26.569324
batch_01800_patch.tiff,patch_121,25.89425,24.070396,26.12708,25.124798,27.696503
batch_01800_patch.tiff,patch_122,25.351065,23.299065,25.321749,25.078354,27.865273
batch_01800_patch.tiff,patch_123,25.95716,24.681725,26.269001,25.830692,28.29044
batch_01800_patch.tiff,patch_124,26.066013,24.29863,26.012163,25.055553,27.374063
batch_01800_patch.tiff,patch_125,26.073332,24.622211,25.330414,25.580761,27.987783
batch_01800_patch.tiff,patch_126,24.865705,24.42144,25.013634,27.851099,26.987284
batch_01800_patch.tiff,patch_127,26.187456,24.04328,26.117098,24.621986,26.780678
batch_01800_patch.tiff,patch_128,25.768497,24.653288,25.619366,25.97747,28.2545
batch_01800_patch.tiff,patch_129,26.18378,24.850754,25.784678,25.589848,27.922321
batch_01800_patch.tiff,patch_130,26.687904,25.177597,26.27632,25.053692,26.990246
batch_01800_patch.tiff,patch_131,25.743355,24.820305,26.198889,25.531164,28.643229
batch_01800_patch.tiff,patch_132,26.473438,23.873549,26.784374,24.24059,27.383312
batch_01800_patch.tiff,patch_133,25.848347,22.606373,24.668222,24.226051,26.810383
batch_01800_patch.tiff,patch_134,25.273438,23.534973,23.777206,25.176239,28.026249
batch_01800_patch.tiff,patch_135,25.02604,24.292824,25.674255,25.810865,28.43822
batch_01800_patch.tiff,patch_136,23.971117,23.432732,23.68194,25.660645,26.720303
batch_01800_patch.tiff,patch_137,25.333036,24.027122,24.405228,25.07516,27.326462
batch_01800_patch.tiff,patch_138,25.349316,25.523283,24.758503,27.895815,29.89907
batch_01800_patch.tiff,patch_139,25.750868,25.328548,26.09526,26.729319,28.088345
batch_01800_patch.tiff,patch_140,25.825857,22.78051,25.852407,23.866436,25.700775
batch_01800_patch.tiff,patch_141,26.264473,24.518215,24.995361,25.70297,28.072536
batch_01800_patch.tiff,patch_142,26.195024,24.136032,25.072187,24.778505,26.871754
batch_01800_patch.tiff,patch_143,26.362213,23.284872,27.153704,24.407177,27.385704
batch_01800_patch.tiff,patch_144,25.476837,24.840181,25.393963,27.038261,29.280416
batch_01800_patch.tiff,patch_145,25.384272,24.79002,25.48965,27.222214,28.676607
batch_01800_patch.tiff,patch_146,25.753487,24.029942,24.82027,25.942692,26.753016
batch_01800_patch.tiff,patch_147,25.19647,24.425646,25.384811,26.938572,27.387135
batch_01800_patch.tiff,patch_148,26.252037,24.541374,25.926308,25.364002,28.132196
batch_01800_patch.tiff,patch_149,25.790815,24.632603,24.301537,25.888699,27.398523
batch_01800_patch.tiff,patch_150,25.930422,24.876091,25.689352,25.763071,27.856709
batch_01800_patch.tiff,patch_151,25.835922,24.82817,25.971727,26.203608,27.622393
batch_01800_patch.tiff,patch_152,25.97978,23.963192,26.178143,25.505896,28.110044
batch_01800_patch.tiff,patch_153,26.221184,23.877613,26.39501,24.163298,26.516857
batch_01800_patch.tiff,patch_154,25.482756,25.005028,25.240992,27.317877,29.14671
batch_01800_patch.tiff,patch_155,26.719944,25.005676,25.957968,25.782541,28.869066
batch_01800_patch.tiff,patch_156,25.728516,24.13746,25.10989,26.160774,28.594887
batch_01800_patch.tiff,patch_157,25.394215,24.352459,25.265461,26.192684,28.08035
batch_01800_patch.tiff,patch_158,25.775024,24.63618,25.49014,25.391317,26.399736
batch_01800_patch.tiff,patch_159,24.865294,23.876513,25.030094,25.622553,26.845074
batch_01800_patch.tiff,patch_160,26.410418,24.55085,25.340332,26.097387,27.976992
batch_01800_patch.tiff,patch_161,26.062756,24.635862,24.488626,25.740213,27.640797
batch_01800_patch.tiff,patch_162,25.07138,24.171667,25.233437,25.291475,26.884901
batch_01800_patch.tiff,patch_163,25.486607,24.40237,24.92577,26.205305,27.40983
batch_01800_patch.tiff,patch_164,26.065876,24.086035,26.349344,24.631859,27.15426
batch_01800_patch.tiff,patch_165,26.271873,25.011116,26.040892,25.598751,27.674135
batch_01800_patch.tiff,patch_166,26.605602,26.13511,24.720446,26.702785,29.407259
batch_01800_patch.tiff,patch_167,26.841251,25.016638,25.146784,25.646431,28.334984
batch_01800_patch.tiff,patch_168,26.672792,24.805412,26.202063,24.950567,28.38033
batch_01800_patch.tiff,patch_169,26.805923,26.102676,26.242998,26.64478,28.970196
batch_01800_patch.tiff,patch_170,25.462238,22.4884,24.778406,23.813202,26.243446
batch_01800_patch.tiff,patch_171,23.765125,24.073326,23.896841,26.272795,27.593473
batch_01800_patch.tiff,patch_172,24.733086,24.583506,23.721718,26.012135,27.970665
batch_01800_patch.tiff,patch_173,24.699785,23.906073,24.221163,26.007576,27.557981
batch_01800_patch.tiff,patch_174,25.779339,24.28191,26.200575,25.294283,26.329334
batch_01800_patch.tiff,patch_175,25.127668,24.16236,25.29533,26.049192,27.461533
batch_01800_patch.tiff,patch_176,26.067503,23.524574,26.066456,25.740831,26.562874
batch_01850_patch.tiff,patch_0,25.769417,23.98677,25.528963,25.400959,28.239668
batch_01850_patch.tiff,patch_1,25.182163,24.879438,25.57408,25.92815,28.664894
batch_01850_patch.tiff,patch_2,25.924786,24.618944,26.6733,25.058203,27.176807
batch_01850_patch.tiff,patch_3,26.305758,24.243347,25.126114,24.672005,28.14317
batch_01850_patch.tiff,patch_4,25.249283,23.703962,25.478651,25.517881,26.714054
batch_01850_patch.tiff,patch_5,25.01642,24.491373,25.51263,25.848837,28.296434
batch_01850_patch.tiff,patch_6,25.152687,24.342537,25.969614,26.539799,28.122992
batch_01850_patch.tiff,patch_7,26.956158,23.742641,27.671183,24.2759,28.119944
batch_01850_patch.tiff,patch_8,27.447027,24.129946,27.143131,24.5254,27.288708
batch_01850_patch.tiff,patch_9,25.225327,22.90719,24.747503,23.434383,25.160055
batch_01850_patch.tiff,patch_10,25.562796,24.095068,25.389069,26.410545,27.305223
batch_01850_patch.tiff,patch_11,25.044779,23.92724,25.044672,25.571337,27.139044
batch_01850_patch.tiff,patch_12,25.542875,24.333088,26.076729,26.177069,28.361843
batch_01850_patch.tiff,patch_13,25.182264,24.198523,25.265827,27.423172,27.876669
batch_01850_patch.tiff,patch_14,26.333723,24.552324,24.748291,25.341745,27.8528
batch_01850_patch.tiff,patch_15,25.934664,23.657366,25.388401,24.76975,27.142956
batch_01850_patch.tiff,patch_16,26.693066,24.69405,26.704361,24.429901,27.469845
batch_01850_patch.tiff,patch_17,25.519276,23.906466,26.76093,25.994528,27.114182
batch_01850_patch.tiff,patch_18,24.827314,24.50849,25.444094,26.429888,27.715628
batch_01850_patch.tiff,patch_19,24.395237,24.515125,24.443947,26.716568,28.328884
batch_01850_patch.tiff,patch_20,25.143717,24.644276,25.09807,27.046835,28.449043
batch_01850_patch.tiff,patch_21,27.155766,23.44907,27.657265,24.174652,27.186007
batch_01850_patch.tiff,patch_22,24.49376,24.210602,25.241528,26.488617,28.287083
batch_01850_patch.tiff,patch_23,25.602102,23.896633,24.631672,25.541155,27.721544
batch_01850_patch.tiff,patch_24,25.648182,23.311611,26.132395,24.609964,27.819708
batch_01850_patch.tiff,patch_25,24.587706,24.001465,24.912695,25.661095,27.24513
batch_01850_patch.tiff,patch_26,26.563908,23.853348,26.225506,24.172205,26.926668
batch_01850_patch.tiff,patch_27,27.895021,24.991014,26.864357,24.73024,27.864733
batch_01850_patch.tiff,patch_28,24.781593,24.33217,25.132235,26.754538,27.695753
batch_01850_patch.tiff,patch_29,26.062387,24.70721,26.506056,25.282927,27.752848
batch_01850_patch.tiff,patch_30,25.190012,24.85572,24.920618,26.678082,29.03258
batch_01850_patch.tiff,patch_31,25.87594,23.359398,26.26156,24.259573,26.64857
batch_01850_patch.tiff,patch_32,26.233505,24.260078,26.896349,24.460676,26.971373
batch_01850_patch.tiff,patch_33,26.964605,24.670582,27.545567,24.64367,27.544937
batch_01850_patch.tiff,patch_34,27.157633,24.259846,26.873579,24.496529,27.866852
batch_01850_patch.tiff,patch_35,26.722546,24.378765,25.413034,25.424772,28.41506
batch_01850_patch.tiff,patch_36,26.382746,23.275656,26.513655,23.260517,27.217516
batch_01850_patch.tiff,patch_37,24.93355,23.894262,26.32274,25.875048,27.676868
batch_01850_patch.tiff,patch_38,25.0137,24.484636,25.236153,26.04023,28.017893
batch_01850_patch.tiff,patch_39,27.262815,24.644781,27.389494,24.288992,27.153643
batch_01850_patch.tiff,patch_40,25.019611,24.647161,25.473257,25.55199,26.608658
batch_01850_patch.tiff,patch_41,25.873476,24.78954,26.195194,25.360662,28.165472
batch_01850_patch.tiff,patch_42,24.777662,23.836994,25.241045,26.53508,27.05536
batch_01850_patch.tiff,patch_43,26.33153,23.112997,27.692991,23.268335,26.717318
batch_01850_patch.tiff,patch_44,26.444555,24.119652,26.64768,24.819252,27.473911
batch_01850_patch.tiff,patch_45,26.218803,23.894768,27.841434,24.3731,26.882841
batch_01850_patch.tiff,patch_46,26.093946,23.801378,27.728231,23.238966,26.579227
batch_01850_patch.tiff,patch_47,27.173496,23.923166,27.714853,24.164007,27.022726
batch_01850_patch.tiff,patch_48,26.152105,23.939749,25.87001,24.407215,27.78226
batch_01850_patch.tiff,patch_49,24.688513,22.98283,25.698566,23.38981,25.472008
batch_01850_patch.tiff,patch_50,26.599554,23.540176,25.9241,24.598738,27.41585
batch_01850_patch.tiff,patch_51,25.804281,24.016706,26.598686,25.184053,27.139444
batch_01850_patch.tiff,patch_52,24.168283,23.643682,24.140938,26.29514,26.521622
batch_01850_patch.tiff,patch_53,25.28566,25.48367,26.483595,25.442238,27.796726
batch_01850_patch.tiff,patch_54,24.66118,24.1883,25.563587,27.377682,28.072575
batch_01850_patch.tiff,patch_55,25.561014,24.755535,25.480171,28.041967,28.586496
batch_01850_patch.tiff,patch_56,25.366488,24.680157,25.851297,25.322472,27.824898
batch_01850_patch.tiff,patch_57,25.683292,24.51536,26.15927,25.11456,27.27906
batch_01850_patch.tiff,patch_58,27.047262,23.507978,28.05787,23.85494,27.12481
batch_01850_patch.tiff,patch_59,26.744457,24.32196,26.652456,24.321917,28.283535
batch_01850_patch.tiff,patch_60,25.44242,23.487427,26.001295,24.357857,27.117516
batch_01850_patch.tiff,patch_61,25.894453,23.470095,26.878927,24.6659,27.014107
batch_01850_patch.tiff,patch_62,27.054907,25.005108,25.426172,26.198313,29.015312
batch_01850_patch.tiff,patch_63,25.545506,24.969156,25.878422,26.633562,28.8719
batch_01850_patch.tiff,patch_64,26.579573,24.336218,26.221857,25.267765,27.455387
batch_01850_patch.tiff,patch_65,26.554644,25.318348,26.253252,25.761747,27.54383
batch_01850_patch.tiff,patch_66,24.577244,23.113546,24.829762,25.123495,26.139261
batch_01850_patch.tiff,patch_67,25.711403,23.74217,25.315516,25.446472,27.498524
batch_01850_patch.tiff,patch_68,23.46171,23.31506,23.860958,26.631447,27.426716
batch_01850_patch.tiff,patch_69,25.22299,24.230104,25.41818,25.014355,27.17616
batch_01850_patch.tiff,patch_70,24.751024,23.802322,25.124723,26.900654,28.062965
batch_01850_patch.tiff,patch_71,26.687065,24.615433,27.03864,25.580502,28.938442
batch_01850_patch.tiff,patch_72,25.793087,23.607723,26.344242,25.213507,27.889265
batch_01850_patch.tiff,patch_73,25.909693,22.875862,26.108353,24.080503,26.754406
batch_01850_patch.tiff,patch_74,25.708876,25.049093,26.443846,26.063921,27.95421
batch_01850_patch.tiff,patch_75,25.186289,23.998163,26.242964,25.327934,27.5845
batch_01850_patch.tiff,patch_76,24.781338,24.669643,24.5356,27.08766,28.37199
batch_01850_patch.tiff,patch_77,26.557772,24.096182,25.126732,25.188496,27.70508
batch_01850_patch.tiff,patch_78,25.119835,23.454308,25.930729,26.355915,27.235432
batch_01850_patch.tiff,patch_79,25.874868,24.376627,26.60276,25.7309,27.698465
batch_01850_patch.tiff,patch_80,26.23219,24.615099,26.021132,24.813272,27.31565
batch_01850_patch.tiff,patch_81,25.928005,24.056664,25.468609,24.858217,27.329752
batch_01850_patch.tiff,patch_82,26.797897,23.255877,27.354641,24.240587,27.671572
batch_01850_patch.tiff,patch_83,25.916296,24.139912,26.75726,25.003685,27.184036
batch_01850_patch.tiff,patch_84,26.432758,23.643982,25.738678,24.756454,27.545372
batch_01850_patch.tiff,patch_85,25.807243,23.455301,25.440847,24.558775,27.000008
batch_01850_patch.tiff,patch_86,26.19564,24.61228,25.988943,25.398928,27.215914
batch_01850_patch.tiff,patch_87,25.054688,24.668139,26.354412,25.727684,28.219353
batch_01850_patch.tiff,patch_88,25.142475,25.02161,25.86717,26.61167,28.203945
batch_01850_patch.tiff,patch_89,26.589176,23.418802,25.888666,24.216347,26.963495
batch_01850_patch.tiff,patch_90,25.864624,23.72982,26.444353,24.39312,26.392485
batch_01850_patch.tiff,patch_91,26.41892,24.001045,26.2913,25.54909,27.975925
batch_01850_patch.tiff,patch_92,25.609577,24.427723,25.578585,26.58304,28.22287
batch_01850_patch.tiff,patch_93,27.112446,23.535372,26.958282,23.899212,27.298012
batch_01850_patch.tiff,patch_94,26.429914,23.227972,27.209288,23.914408,26.925917
batch_01850_patch.tiff,patch_95,26.770782,23.295578,26.494331,25.172836,27.975798
batch_01850_patch.tiff,patch_96,27.033325,25.302944,27.064535,26.924925,29.274708
batch_01850_patch.tiff,patch_97,25.813198,24.161589,25.324787,26.209631,26.740927
batch_01850_patch.tiff,patch_98,24.551794,23.70379,23.762785,27.063484,28.159252
batch_01850_patch.tiff,patch_99,24.566763,24.34934,25.407726,26.380434,28.323736
batch_01850_patch.tiff,patch_100,25.408054,24.922617,25.821123,25.465162,27.580555
batch_01850_patch.tiff,patch_101,25.525837,24.70854,24.657917,26.418095,27.668724
batch_01850_patch.tiff,patch_102,26.39231,25.22167,27.334904,25.667868,27.676435
batch_01850_patch.tiff,patch_103,27.415506,24.418879,28.341722,24.54082,27.088678
batch_01850_patch.tiff,patch_104,26.968653,24.193108,27.157627,23.950008,27.423628
batch_01850_patch.tiff,patch_105,26.60088,23.570332,25.488644,24.847977,27.63112
batch_01850_patch.tiff,patch_106,25.29094,23.370192,26.265722,24.876097,26.832043
batch_01850_patch.tiff,patch_107,27.53407,24.012346,26.671911,24.355337,27.794615
batch_01850_patch.tiff,patch_108,26.713758,24.007313,27.221554,25.487787,27.485239
batch_01850_patch.tiff,patch_109,26.21787,25.100586,26.16402,25.586094,27.69966
batch_01850_patch.tiff,patch_110,25.57121,25.018654,25.543457,26.556824,28.961752
batch_01850_patch.tiff,patch_111,24.651722,24.242102,25.557135,25.473557,27.417044
batch_01850_patch.tiff,patch_112,24.734045,24.75663,25.59838,27.616812,28.305355
batch_01850_patch.tiff,patch_113,24.704473,24.510344,25.86354,25.665808,28.017012
batch_01850_patch.tiff,patch_114,25.420927,23.302227,25.830349,25.370369,26.582039
batch_01850_patch.tiff,patch_115,26.847492,24.462296,27.23454,24.945688,26.825558
batch_01850_patch.tiff,patch_116,26.057768,24.009016,25.658651,24.660297,27.100716
batch_01850_patch.tiff,patch_117,25.835045,24.530226,26.512928,26.419306,28.75555
batch_01850_patch.tiff,patch_118,27.245169,24.016483,27.008474,24.249601,27.248661
batch_01850_patch.tiff,patch_119,26.408886,22.416473,27.014688,23.507275,27.113321
batch_01850_patch.tiff,patch_120,26.471779,24.26946,26.807047,24.73668,27.239222
batch_01850_patch.tiff,patch_121,24.970083,24.45208,25.624386,26.437181,27.836002
batch_01850_patch.tiff,patch_122,24.67161,24.451015,25.550432,27.798122,28.884222
batch_01850_patch.tiff,patch_123,25.703182,24.5467,26.12836,26.393139,28.939592
batch_01850_patch.tiff,patch_124,25.44871,24.99587,27.031685,26.064623,27.776709
batch_01850_patch.tiff,patch_125,26.01483,24.444813,25.317484,25.59171,27.333376
batch_01850_patch.tiff,patch_126,26.400202,24.531223,27.36408,25.497019,26.82418
batch_01850_patch.tiff,patch_127,26.632942,23.32183,26.878895,24.124691,26.978157
batch_01850_patch.tiff,patch_128,26.200909,22.888588,27.662773,24.521734,27.54563
batch_01850_patch.tiff,patch_129,26.756346,23.282654,28.006397,24.659285,27.58713
batch_01850_patch.tiff,patch_130,27.016396,24.170595,27.909199,25.272655,27.975996
batch_01850_patch.tiff,patch_131,26.561844,25.49857,26.670563,26.014057,28.089813
batch_01850_patch.tiff,patch_132,24.841976,24.611786,25.37776,26.190424,27.399633
batch_01850_patch.tiff,patch_133,25.235489,24.422113,25.223701,26.85287,27.798437
batch_01850_patch.tiff,patch_134,24.585651,24.887371,25.622892,26.030323,27.821823
batch_01850_patch.tiff,patch_135,25.633327,24.08784,25.62235,25.574396,27.25013
batch_01850_patch.tiff,patch_136,26.364368,24.044315,26.975561,25.104,27.386784
batch_01850_patch.tiff,patch_137,26.390139,24.38703,25.463654,24.976954,27.348806
batch_01850_patch.tiff,patch_138,24.97246,23.96835,25.159306,26.345167,27.69315
batch_01850_patch.tiff,patch_139,25.964884,24.076513,27.079336,26.37283,28.878641
batch_01850_patch.tiff,patch_140,24.976505,24.669968,25.601017,26.285488,27.88302
batch_01850_patch.tiff,patch_141,27.47908,23.670048,26.958977,23.791887,27.690725
batch_01850_patch.tiff,patch_142,26.575205,22.70411,26.864653,24.44395,26.69126
batch_01850_patch.tiff,patch_143,25.06369,25.04005,25.911673,26.662563,28.442059
batch_01850_patch.tiff,patch_144,25.889849,24.730438,26.432203,25.943293,27.977869
batch_01850_patch.tiff,patch_145,26.397343,24.540396,26.858313,25.804651,27.411617
batch_01850_patch.tiff,patch_146,26.255384,24.600254,26.506538,25.80307,27.440523
batch_01850_patch.tiff,patch_147,25.95728,24.817636,27.47163,25.326166,28.043459
batch_01850_patch.tiff,patch_148,23.702557,23.977331,23.41349,26.586172,27.255318
batch_01850_patch.tiff,patch_149,24.453815,24.464943,23.318949,26.289112,27.164116
batch_01850_patch.tiff,patch_150,25.670502,24.18513,25.423431,25.061636,26.215136
batch_01850_patch.tiff,patch_151,26.737837,24.401499,27.50091,25.49053,27.890472
batch_01850_patch.tiff,patch_152,25.192448,25.291016,24.738874,27.73734,28.691378
batch_01850_patch.tiff,patch_153,26.020002,24.625208,26.608768,26.847591,28.040216
batch_01850_patch.tiff,patch_154,24.078869,24.605078,25.40488,26.881216,28.037477
batch_01850_patch.tiff,patch_155,24.544342,24.914545,26.660242,25.957468,28.034704
batch_01850_patch.tiff,patch_156,25.31122,23.391893,25.748207,24.498617,26.310652
batch_01850_patch.tiff,patch_157,26.03118,23.425507,26.816114,25.059715,26.913681
batch_01850_patch.tiff,patch_158,24.983452,24.89422,26.528044,25.92283,27.924683
batch_01850_patch.tiff,patch_159,26.346478,25.652794,27.033266,26.24407,29.343256
batch_01850_patch.tiff,patch_160,26.048882,25.067127,25.37483,25.853592,26.511179
batch_01850_patch.tiff,patch_161,25.063349,24.666574,25.42261,26.29533,27.577469
batch_01850_patch.tiff,patch_162,26.635317,23.715933,27.501316,24.11825,27.799713
batch_01850_patch.tiff,patch_163,25.182756,23.994663,26.075628,25.868156,27.800945
batch_01850_patch.tiff,patch_164,26.363964,23.837723,25.778492,25.293764,27.268044
batch_01850_patch.tiff,patch_165,25.775179,23.838882,26.508947,25.516787,27.543839
batch_01850_patch.tiff,patch_166,25.536776,25.13189,25.502762,26.792131,28.986444
batch_01850_patch.tiff,patch_167,26.327799,24.833263,25.775908,25.78764,27.39924
batch_01850_patch.tiff,patch_168,26.324423,23.173052,26.121586,24.622808,26.209572
batch_01850_patch.tiff,patch_169,25.278519,24.539095,25.033247,26.625124,28.123972
batch_01850_patch.tiff,patch_170,26.058699,24.096952,25.57724,24.490742,27.075174
batch_01850_patch.tiff,patch_171,24.254263,23.721243,24.81614,26.295967,27.682629
batch_01850_patch.tiff,patch_172,26.491476,24.00986,27.179682,25.184038,27.9234
batch_01850_patch.tiff,patch_173,25.756016,23.73445,26.949253,25.324541,27.380146
batch_01850_patch.tiff,patch_174,24.064474,23.83294,25.129513,26.695368,28.20585
batch_01850_patch.tiff,patch_175,25.403305,24.06131,24.954226,26.47544,28.8087
batch_01850_patch.tiff,patch_176,25.900866,23.990963,25.588522,25.870472,27.397017
batch_01850_patch.tiff,patch_177,25.147236,22.387638,26.410036,24.574186,26.393
batch_01900_patch.tiff,patch_0,25.990314,23.304768,26.047064,24.01656,26.41532
batch_01900_patch.tiff,patch_1,26.428064,24.139893,26.472754,24.929062,28.185614
batch_01900_patch.tiff,patch_2,24.858057,22.21092,25.0716,24.294182,26.036959
batch_01900_patch.tiff,patch_3,26.971237,23.471954,26.694715,24.371332,27.576569
batch_01900_patch.tiff,patch_4,26.213875,23.910421,26.259787,23.921732,26.901327
batch_01900_patch.tiff,patch_5,25.958,23.491524,26.350441,23.788637,26.452484
batch_01900_patch.tiff,patch_6,24.950613,23.635145,25.026026,27.243015,27.399036
batch_01900_patch.tiff,patch_7,26.214563,24.244593,26.157845,24.458534,27.423122
batch_01900_patch.tiff,patch_8,25.7537,23.900105,26.645462,25.137978,27.313686
batch_01900_patch.tiff,patch_9,25.166334,23.5267,25.144264,25.411648,27.249094
batch_01900_patch.tiff,patch_10,25.471079,24.073942,26.632904,26.408442,27.891064
batch_01900_patch.tiff,patch_11,25.096788,24.752813,26.472908,27.265713,27.710909
batch_01900_patch.tiff,patch_12,26.287792,24.91344,25.868982,25.804493,29.13634
batch_01900_patch.tiff,patch_13,24.825325,22.661583,24.268114,23.873014,25.878082
batch_01900_patch.tiff,patch_14,25.30104,23.564072,25.929632,25.316296,27.578957
batch_01900_patch.tiff,patch_15,26.591822,24.181246,25.570833,24.843754,27.6019
batch_01900_patch.tiff,patch_16,26.907684,23.254448,26.742647,24.241646,27.042936
batch_01900_patch.tiff,patch_17,26.163265,23.088894,25.96761,23.870472,26.781591
batch_01900_patch.tiff,patch_18,24.637257,23.188423,25.525063,24.08145,26.65978
batch_01900_patch.tiff,patch_19,26.777277,24.45879,26.043245,24.476858,27.873976
batch_01900_patch.tiff,patch_20,24.88524,23.909346,24.503912,25.48582,27.157568
batch_01900_patch.tiff,patch_21,24.6464,23.4393,24.903522,25.491928,26.967175
batch_01900_patch.tiff,patch_22,25.948698,23.844782,26.77684,24.858929,27.260744
batch_01900_patch.tiff,patch_23,25.009676,25.341673,26.235657,26.569164,27.976145
batch_01900_patch.tiff,patch_24,25.295828,23.909134,24.6208,25.73547,27.743221
batch_01900_patch.tiff,patch_25,26.38829,24.147423,25.597656,24.54069,27.452324
batch_01900_patch.tiff,patch_26,26.161003,23.295153,25.85063,23.55968,26.973042
batch_01900_patch.tiff,patch_27,26.373798,22.92378,26.375034,23.991102,26.64589
batch_01900_patch.tiff,patch_28,26.62734,23.486147,26.917896,25.256407,26.755638
batch_01900_patch.tiff,patch_29,25.983154,24.451769,25.424555,26.269619,27.804121
batch_01900_patch.tiff,patch_30,26.59819,24.609386,26.115114,24.877548,28.447145
batch_01900_patch.tiff,patch_31,25.516428,24.932653,27.263922,25.34821,27.934284
batch_01900_patch.tiff,patch_32,24.167816,24.485912,25.481924,26.753729,27.464172
batch_01900_patch.tiff,patch_33,24.514486,23.332384,23.752241,25.069006,26.276793
batch_01900_patch.tiff,patch_34,23.913685,23.754303,23.40332,26.647404,27.292109
batch_01900_patch.tiff,patch_35,24.747398,25.097248,25.636837,25.565172,26.703028
batch_01900_patch.tiff,patch_36,25.108883,25.60581,26.262348,25.919792,27.384706
batch_01900_patch.tiff,patch_37,26.22817,23.633268,26.414043,24.488874,27.482918
batch_01900_patch.tiff,patch_38,25.656374,23.701193,25.84764,25.380749,27.384357
batch_01900_patch.tiff,patch_39,25.882368,23.46148,26.371773,24.734934,27.368004
batch_01900_patch.tiff,patch_40,27.453035,24.0211,28.111885,24.206888,27.120953
batch_01900_patch.tiff,patch_41,27.556383,25.313442,27.58955,25.186565,28.41951
batch_01900_patch.tiff,patch_42,26.843683,25.268133,25.744953,25.560835,28.455177
batch_01900_patch.tiff,patch_43,25.898657,25.038958,25.970785,26.73228,28.688831
batch_01900_patch.tiff,patch_44,26.236307,23.843243,26.464352,24.125526,27.63629
batch_01900_patch.tiff,patch_45,25.522316,24.57785,23.960402,27.433004,28.012064
batch_01900_patch.tiff,patch_46,26.112925,24.352453,25.81276,24.447197,27.14522
batch_01900_patch.tiff,patch_47,26.99436,24.616478,26.056747,24.069206,26.997906
batch_01900_patch.tiff,patch_48,25.333864,23.763647,25.685745,26.431927,28.162485
batch_01900_patch.tiff,patch_49,26.663303,23.698061,25.935017,25.088371,27.15037
batch_01900_patch.tiff,patch_50,24.80906,23.753193,25.15417,25.7311,27.419788
batch_01900_patch.tiff,patch_51,26.209906,24.690994,27.780542,25.50419,28.26355
batch_01900_patch.tiff,patch_52,24.59282,23.6263,24.31739,26.0676,27.04317
batch_01900_patch.tiff,patch_53,27.377907,24.190123,27.015373,25.884861,28.098635
batch_01900_patch.tiff,patch_54,24.95484,23.233763,23.0091,26.146915,26.822645
batch_01900_patch.tiff,patch_55,24.631168,24.235125,25.142513,26.4703,27.204535
batch_01900_patch.tiff,patch_56,25.264942,24.768995,25.876701,25.047707,27.971256
batch_01900_patch.tiff,patch_57,25.210972,23.846458,25.833633,26.059168,27.658617
batch_01900_patch.tiff,patch_58,25.96506,24.839804,26.375265,26.188507,27.89316
batch_01900_patch.tiff,patch_59,25.335796,24.18992,24.9885,25.18506,27.379314
batch_01900_patch.tiff,patch_60,26.376537,23.973448,24.853834,25.832449,27.254532
batch_01900_patch.tiff,patch_61,24.17193,23.58824,23.657696,26.829527,25.947374
batch_01900_patch.tiff,patch_62,25.125162,24.75173,25.511604,27.157404,27.635118
batch_01900_patch.tiff,patch_63,25.829443,24.364283,24.649256,24.979502,26.798372
batch_01900_patch.tiff,patch_64,25.32808,23.847908,25.26059,26.373196,27.097115
batch_01900_patch.tiff,patch_65,26.43859,23.715015,27.13916,24.487284,27.309027
batch_01900_patch.tiff,patch_66,24.884552,23.263887,23.352978,26.163227,27.10352
batch_01900_patch.tiff,patch_67,23.772745,23.194344,24.002176,26.447422,26.723372
batch_01900_patch.tiff,patch_68,25.37146,23.670774,24.225325,24.441666,25.866785
batch_01900_patch.tiff,patch_69,25.698147,24.861803,26.47133,26.529922,28.156305
batch_01900_patch.tiff,patch_70,25.021753,24.876368,25.548126,26.650461,28.796473
batch_01900_patch.tiff,patch_71,24.924282,24.054457,24.31647,25.9493,27.344097
batch_01900_patch.tiff,patch_72,25.891588,23.470192,26.068012,23.886517,26.932383
batch_01900_patch.tiff,patch_73,24.603016,24.145096,25.117008,25.702148,26.510078
batch_01900_patch.tiff,patch_74,25.325388,25.264896,25.5669,26.435654,28.301128
batch_01900_patch.tiff,patch_75,24.702627,23.939457,25.860767,25.61181,27.615898
batch_01900_patch.tiff,patch_76,24.633232,24.885014,25.562998,25.362032,27.991283
batch_01900_patch.tiff,patch_77,26.928288,24.244953,27.023262,24.87635,26.788616
batch_01900_patch.tiff,patch_78,27.401905,25.137476,26.650322,26.36476,28.600931
batch_01900_patch.tiff,patch_79,26.29601,24.512598,26.756498,23.745075,26.831299
batch_01900_patch.tiff,patch_80,25.23612,25.184578,25.417889,26.143879,27.252214
batch_01900_patch.tiff,patch_81,25.663296,23.379833,25.203157,24.555164,26.493494
batch_01900_patch.tiff,patch_82,25.718056,23.112661,26.299828,25.346518,26.857555
batch_01900_patch.tiff,patch_83,26.53847,24.227634,26.094826,25.441422,27.740788
batch_01900_patch.tiff,patch_84,26.896969,23.266647,27.09941,23.565453,27.008768
batch_01900_patch.tiff,patch_85,25.69203,25.398388,24.279238,26.384819,29.332806
batch_01900_patch.tiff,patch_86,26.109745,24.23787,25.93569,24.443167,27.728334
batch_01900_patch.tiff,patch_87,25.92269,24.344732,25.653828,26.6053,28.191494
batch_01900_patch.tiff,patch_88,24.746857,24.188652,24.343176,26.223928,27.709845
batch_01900_patch.tiff,patch_89,26.729177,24.80841,26.864052,26.46684,28.01951
batch_01900_patch.tiff,patch_90,26.658642,24.191122,26.52129,26.06868,27.73583
batch_01900_patch.tiff,patch_91,26.551374,25.124697,25.400806,26.201117,28.921955
batch_01900_patch.tiff,patch_92,26.235807,24.340403,27.455093,24.418053,27.275887
batch_01900_patch.tiff,patch_93,26.317331,25.23627,26.359503,26.085758,28.324179
batch_01900_patch.tiff,patch_94,25.95118,23.680443,24.708214,26.762943,26.824219
batch_01900_patch.tiff,patch_95,26.851446,23.943913,26.026136,23.28498,26.650621
batch_01900_patch.tiff,patch_96,25.80272,24.156828,25.801577,25.940298,27.662802
batch_01900_patch.tiff,patch_97,25.409681,24.552643,24.155937,25.436878,27.952864
batch_01900_patch.tiff,patch_98,25.797966,23.56955,25.530249,25.30301,27.10835
batch_01900_patch.tiff,patch_99,26.07331,24.762249,25.774263,26.667545,28.84863
batch_01900_patch.tiff,patch_100,26.441826,24.015371,27.415117,25.053205,28.197382
batch_01900_patch.tiff,patch_101,25.560003,24.732317,26.320522,26.317837,28.584505
batch_01900_patch.tiff,patch_102,25.25772,24.663155,26.265097,25.234781,27.732405
batch_01900_patch.tiff,patch_103,25.425194,24.436604,25.50952,24.964277,27.096869
batch_01900_patch.tiff,patch_104,26.738018,24.329878,25.710377,25.132067,26.486015
batch_01900_patch.tiff,patch_105,25.822739,24.427778,26.219612,25.576994,26.619211
batch_01900_patch.tiff,patch_106,25.577478,25.082756,26.31698,25.171082,27.316824
batch_01900_patch.tiff,patch_107,26.684992,24.259682,26.432829,24.822931,27.013857
batch_01900_patch.tiff,patch_108,25.829702,23.980305,26.004564,25.130062,27.27224
batch_01900_patch.tiff,patch_109,25.786327,24.851866,23.90763,26.177261,27.797068
batch_01900_patch.tiff,patch_110,26.000149,23.699524,25.513248,25.489826,28.406618
batch_01900_patch.tiff,patch_111,26.48591,24.441422,26.846748,25.46305,28.464865
batch_01900_patch.tiff,patch_112,27.259731,23.848879,27.256836,24.436007,27.65589
batch_01900_patch.tiff,patch_113,25.239706,23.83294,24.31897,26.45078,27.968254
batch_01900_patch.tiff,patch_114,26.528893,25.268116,25.401262,26.981169,29.859682
batch_01900_patch.tiff,patch_115,26.283186,23.32323,28.060957,23.525637,27.052797
batch_01900_patch.tiff,patch_116,28.072598,25.651434,27.19151,25.10441,29.351542
batch_01900_patch.tiff,patch_117,25.88386,24.142832,26.138023,26.637815,26.639692
batch_01900_patch.tiff,patch_118,25.512527,24.922892,25.8121,27.374786,28.231026
batch_01900_patch.tiff,patch_119,26.130056,23.858992,27.756433,24.394903,27.182825
batch_01900_patch.tiff,patch_120,26.555092,24.480026,25.365572,25.790981,27.521828
batch_01900_patch.tiff,patch_121,24.262337,23.570507,25.226662,25.939451,26.4861
batch_01900_patch.tiff,patch_122,25.894274,23.810637,26.153954,25.635841,27.704775
batch_01900_patch.tiff,patch_123,27.2418,23.859203,27.349354,24.762642,28.407011
batch_01900_patch.tiff,patch_124,26.526978,23.513018,26.272238,24.923086,27.292568
batch_01900_patch.tiff,patch_125,25.646147,23.83203,25.4472,25.928192,27.549517
batch_01900_patch.tiff,patch_126,26.619802,24.051243,25.871456,24.432308,26.742245
batch_01900_patch.tiff,patch_127,26.686863,24.78276,26.554459,26.24326,28.561598
batch_01900_patch.tiff,patch_128,26.842072,23.60402,26.551218,24.061432,27.137245
batch_01900_patch.tiff,patch_129,25.689062,24.370144,26.209839,25.610588,26.575876
batch_01900_patch.tiff,patch_130,25.560736,24.866373,26.15704,26.661196,27.996447
batch_01900_patch.tiff,patch_131,26.758488,23.731005,25.77426,24.72016,27.463312
batch_01900_patch.tiff,patch_132,26.466764,24.13151,25.744425,25.781271,27.401758
batch_01900_patch.tiff,patch_133,25.36893,24.062233,25.671701,24.98061,27.871758
batch_01900_patch.tiff,patch_134,26.039177,23.756796,27.05214,24.803501,26.917955
batch_01900_patch.tiff,patch_135,26.443012,22.954697,25.8521,24.357819,27.31677
batch_01900_patch.tiff,patch_136,25.617489,22.681944,25.827616,25.283459,27.283632
batch_01900_patch.tiff,patch_137,25.05066,24.256721,24.57703,26.664177,27.661942
batch_01900_patch.tiff,patch_138,26.605593,24.703505,25.842772,24.820963,27.80977
batch_01900_patch.tiff,patch_139,26.890306,24.162256,27.02328,24.567474,27.928864
batch_01900_patch.tiff,patch_140,26.488178,24.51367,26.126297,24.710432,26.893682
batch_01900_patch.tiff,patch_141,25.101038,23.337036,26.223927,24.237137,26.753672
batch_01900_patch.tiff,patch_142,25.626007,24.139341,26.037033,25.56711,27.557669
batch_01900_patch.tiff,patch_143,24.861162,23.109138,24.985868,24.804607,26.736925
batch_01900_patch.tiff,patch_144,27.037317,24.301922,25.710098,25.27425,27.053556
batch_01900_patch.tiff,patch_145,25.668676,23.51777,26.768938,24.3423,26.696548
batch_01900_patch.tiff,patch_146,25.510466,23.257065,25.730482,24.348248,26.696255
batch_01900_patch.tiff,patch_147,27.214632,24.176123,26.861849,24.793192,28.64831
batch_01900_patch.tiff,patch_148,27.317907,22.990541,26.867031,23.454105,26.913675
batch_01900_patch.tiff,patch_149,24.331821,25.274534,26.014791,25.541025,27.66539
batch_01900_patch.tiff,patch_150,25.951355,24.414553,26.07255,24.222454,27.376451
batch_01900_patch.tiff,patch_151,26.967667,24.512815,26.932459,24.299637,27.33863
batch_01900_patch.tiff,patch_152,23.082426,22.839867,23.516298,26.75006,26.85593
batch_01900_patch.tiff,patch_153,24.400099,23.862106,26.040253,26.860258,26.723549
batch_01900_patch.tiff,patch_154,23.232544,23.838778,22.914951,27.766153,26.636835
batch_01900_patch.tiff,patch_155,24.897228,24.454567,25.208826,25.089323,26.779768
batch_01900_patch.tiff,patch_156,24.766613,23.727407,23.96198,25.833128,26.94642
batch_01900_patch.tiff,patch_157,27.31896,24.340523,27.367092,24.363115,27.215195
batch_01900_patch.tiff,patch_158,27.160074,23.508947,25.980587,23.601736,27.004158
batch_01900_patch.tiff,patch_159,26.305676,24.642326,25.707113,25.973875,28.193916
batch_01900_patch.tiff,patch_160,26.362442,24.741695,25.830063,24.73511,27.266445
batch_01900_patch.tiff,patch_161,26.620687,24.65582,25.90336,25.188866,27.090446
batch_01900_patch.tiff,patch_162,27.278542,24.173065,26.483559,24.713282,27.634974
batch_01900_patch.tiff,patch_163,25.425907,24.058622,25.474094,26.035418,27.586256
batch_01900_patch.tiff,patch_164,25.135021,24.880259,25.091234,28.227354,28.722435
batch_01900_patch.tiff,patch_165,25.07452,24.011868,25.519676,27.374907,27.846626
batch_01900_patch.tiff,patch_166,26.23369,24.497665,25.72913,25.64014,27.380753
batch_01900_patch.tiff,patch_167,24.83979,24.289207,25.109158,26.909966,27.435162
batch_01900_patch.tiff,patch_168,24.875835,22.988756,23.575144,25.509218,27.418919
batch_01900_patch.tiff,patch_169,26.13181,24.003038,24.43482,25.540472,27.424717
batch_01900_patch.tiff,patch_170,27.481691,24.680172,25.69336,25.58686,28.064264
batch_01900_patch.tiff,patch_171,26.961266,24.16158,26.406212,25.547922,27.499062
batch_01900_patch.tiff,patch_172,25.477041,24.553516,26.221872,25.461523,27.533146
batch_01900_patch.tiff,patch_173,24.80459,24.526234,25.314754,26.84855,28.041037
batch_01900_patch.tiff,patch_174,27.015965,24.883818,26.399225,24.469385,27.80607
batch_01900_patch.tiff,patch_175,25.470211,24.79129,25.999779,26.168028,28.425316
batch_01900_patch.tiff,patch_176,25.382502,24.608528,25.854275,26.761902,27.79218
batch_01900_patch.tiff,patch_177,25.426926,24.177607,25.681282,26.533447,27.299314
batch_01900_patch.tiff,patch_178,25.113647,23.794458,25.176836,25.912035,27.3133
batch_01900_patch.tiff,patch_179,25.213614,23.691874,25.01971,25.947586,26.581982
batch_01900_patch.tiff,patch_180,24.983913,25.558601,24.570545,26.90448,28.990562
batch_01900_patch.tiff,patch_181,25.686462,24.897013,25.390394,25.933285,28.571365
batch_01950_patch.tiff,patch_0,23.708149,23.846172,24.543716,25.85883,26.680298
batch_01950_patch.tiff,patch_1,26.199427,24.680288,26.246763,25.530336,27.411932
batch_01950_patch.tiff,patch_2,24.585443,23.445505,23.798246,26.015991,28.358084
batch_01950_patch.tiff,patch_3,22.837078,22.412268,22.496416,26.748566,26.583155
batch_01950_patch.tiff,patch_4,24.734823,23.237179,26.637838,24.084215,26.539894
batch_01950_patch.tiff,patch_5,24.88256,23.232891,25.253311,24.260427,25.58476
batch_01950_patch.tiff,patch_6,24.51209,23.395334,25.413626,24.524876,26.265343
batch_01950_patch.tiff,patch_7,25.905373,23.711006,25.763275,25.120588,27.50189
batch_01950_patch.tiff,patch_8,25.61739,24.487278,25.675411,25.34849,28.166227
batch_01950_patch.tiff,patch_9,24.978481,24.142942,25.106863,25.05443,27.148321
batch_01950_patch.tiff,patch_10,25.052422,23.827679,25.550034,24.983498,26.938484
batch_01950_patch.tiff,patch_11,25.996092,23.864428,23.956638,25.713415,27.391201
batch_01950_patch.tiff,patch_12,26.370409,24.085617,27.228567,23.795172,26.979198
batch_01950_patch.tiff,patch_13,24.960297,22.934559,25.331446,25.12107,26.785692
batch_01950_patch.tiff,patch_14,26.516043,23.881094,25.635015,24.785004,27.789452
batch_01950_patch.tiff,patch_15,24.293663,24.131737,23.641186,27.484064,28.608412
batch_01950_patch.tiff,patch_16,24.624542,24.745272,23.367796,26.714819,28.399384
batch_01950_patch.tiff,patch_17,24.671265,23.359957,24.555573,24.666239,25.967407
batch_01950_patch.tiff,patch_18,24.107014,23.727238,24.525572,25.780397,27.001648
batch_01950_patch.tiff,patch_19,26.30711,23.401424,25.325005,22.730433,26.7216
batch_01950_patch.tiff,patch_20,24.074604,23.442234,23.811945,25.373018,26.507227
batch_01950_patch.tiff,patch_21,25.839317,24.24331,25.984026,24.326147,27.484068
batch_01950_patch.tiff,patch_22,23.994762,24.372837,25.110352,24.413227,27.170681
batch_01950_patch.tiff,patch_23,25.108326,23.833149,25.634916,25.628712,26.520369
batch_01950_patch.tiff,patch_24,26.215725,24.77362,25.728035,26.058252,27.64755
batch_01950_patch.tiff,patch_25,25.688246,24.76492,25.783468,24.546919,27.601435
batch_01950_patch.tiff,patch_26,24.197405,24.065895,24.515173,26.527397,28.408112
batch_01950_patch.tiff,patch_27,24.303736,24.23721,23.63547,26.118313,27.689648
batch_01950_patch.tiff,patch_28,24.917278,24.597368,24.363043,27.614717,29.085768
batch_01950_patch.tiff,patch_29,24.53949,24.293371,24.014038,26.121435,28.02999
batch_01950_patch.tiff,patch_30,26.088572,24.22981,27.248283,23.214893,26.651083
batch_01950_patch.tiff,patch_31,25.437857,24.841675,25.741789,25.655373,27.423723
batch_01950_patch.tiff,patch_32,24.63857,23.3709,24.984806,25.48919,27.13688
batch_01950_patch.tiff,patch_33,25.68817,22.778347,25.54438,23.686764,26.386856
batch_01950_patch.tiff,patch_34,25.163877,24.081831,24.915766,24.657751,27.612026
batch_01950_patch.tiff,patch_35,25.802773,24.504665,26.291073,25.344286,27.044235
batch_01950_patch.tiff,patch_36,24.484253,24.61925,24.939184,26.600418,27.633211
batch_01950_patch.tiff,patch_37,25.65956,24.044724,25.528793,25.36474,26.773794
batch_01950_patch.tiff,patch_38,26.173676,24.24955,27.494362,23.79216,26.75024
batch_01950_patch.tiff,patch_39,25.476526,24.495653,25.40984,25.594269,28.260447
batch_01950_patch.tiff,patch_40,24.161896,22.514448,23.632174,25.729105,26.489717
batch_01950_patch.tiff,patch_41,26.13244,24.462873,25.167562,25.641508,28.079748
batch_01950_patch.tiff,patch_42,25.585339,24.480553,25.634808,26.363167,28.080887
batch_01950_patch.tiff,patch_43,24.968079,23.166597,24.33804,24.967012,26.21329
batch_01950_patch.tiff,patch_44,25.405712,23.794605,26.602158,24.354353,26.863783
batch_01950_patch.tiff,patch_45,25.324684,23.634954,25.374071,25.608456,27.094131
batch_01950_patch.tiff,patch_46,26.12249,24.23707,26.070898,25.286606,28.211618
batch_01950_patch.tiff,patch_47,25.049974,23.837225,24.99068,25.621014,27.086018
batch_01950_patch.tiff,patch_48,24.212355,23.30512,25.14553,25.338081,26.527458
batch_01950_patch.tiff,patch_49,25.82853,23.816856,26.738106,25.274326,26.771423
batch_01950_patch.tiff,patch_50,24.27848,23.436056,24.382835,25.702536,26.531166
batch_01950_patch.tiff,patch_51,26.56987,25.116812,27.746687,24.38345,27.720104
batch_01950_patch.tiff,patch_52,27.689352,25.450901,25.715057,24.954456,28.46367
batch_01950_patch.tiff,patch_53,24.553528,24.294098,24.739473,27.25366,28.161322
batch_01950_patch.tiff,patch_54,24.806293,24.716913,25.82046,27.026186,28.923927
batch_01950_patch.tiff,patch_55,25.7559,25.150621,25.37517,26.309765,28.791183
batch_01950_patch.tiff,patch_56,26.166803,23.685753,24.498295,24.825535,26.166218
batch_01950_patch.tiff,patch_57,25.82893,22.992418,24.84354,25.653175,26.71843
batch_01950_patch.tiff,patch_58,23.620039,22.820265,24.22461,25.186184,25.99268
batch_01950_patch.tiff,patch_59,24.739971,23.61206,24.256004,26.474552,27.557777
batch_01950_patch.tiff,patch_60,24.154478,24.071026,25.22756,25.34465,26.811018
batch_01950_patch.tiff,patch_61,25.555262,24.767143,24.980158,26.293371,28.046782
batch_01950_patch.tiff,patch_62,26.321127,23.54057,25.029524,25.12669,27.712841
batch_01950_patch.tiff,patch_63,25.663103,23.506744,25.418562,26.38722,27.108395
batch_01950_patch.tiff,patch_64,25.768,24.731949,24.894117,27.331295,28.507118
batch_01950_patch.tiff,patch_65,27.078718,25.585424,26.668707,25.711748,29.208624
batch_01950_patch.tiff,patch_66,25.71583,24.681581,25.28583,25.397516,27.797167
batch_01950_patch.tiff,patch_67,24.947432,24.431442,24.87135,27.416754,28.89538
batch_01950_patch.tiff,patch_68,26.216957,23.908646,25.56768,26.267069,28.236504
batch_01950_patch.tiff,patch_69,25.918737,23.559116,24.871033,26.600578,27.644714
batch_01950_patch.tiff,patch_70,25.48591,24.184793,24.917105,25.06314,27.651236
batch_01950_patch.tiff,patch_71,24.322456,24.01669,24.673498,26.674444,27.780243
batch_01950_patch.tiff,patch_72,24.635567,24.978045,24.599846,25.173624,27.23086
batch_01950_patch.tiff,patch_73,24.335354,23.812414,23.46651,25.751831,26.95669
batch_01950_patch.tiff,patch_74,26.198013,24.170784,26.678331,25.520384,27.532925
batch_01950_patch.tiff,patch_75,24.923532,22.941563,25.65023,25.024342,26.362991
batch_01950_patch.tiff,patch_76,24.651045,23.079802,24.159233,25.56124,26.357422
batch_01950_patch.tiff,patch_77,24.792362,23.661293,24.376703,25.367926,27.076105
batch_01950_patch.tiff,patch_78,24.082674,24.127733,24.225899,26.65822,28.359697
batch_01950_patch.tiff,patch_79,23.921705,23.039747,23.40775,25.626247,27.11308
batch_01950_patch.tiff,patch_80,26.524958,24.005682,27.602814,24.808931,27.802225
batch_01950_patch.tiff,patch_81,26.106968,23.510216,26.087114,25.317411,27.379124
batch_01950_patch.tiff,patch_82,24.644087,23.88912,23.747715,25.836441,27.595716
batch_01950_patch.tiff,patch_83,25.221834,24.148014,24.79008,25.492804,27.358446
batch_01950_patch.tiff,patch_84,26.067627,25.130203,25.133074,26.369484,27.813845
batch_01950_patch.tiff,patch_85,24.773489,25.018276,26.023739,25.937721,27.991627
batch_01950_patch.tiff,patch_86,26.183014,23.290314,27.085392,24.662739,26.863066
batch_01950_patch.tiff,patch_87,24.990915,23.223072,24.236477,25.647913,26.578566
batch_01950_patch.tiff,patch_88,25.620296,24.243834,26.824966,25.085842,27.518509
batch_01950_patch.tiff,patch_89,24.282597,24.091213,23.361834,25.32511,27.259342
batch_01950_patch.tiff,patch_90,24.607697,24.360561,24.00036,26.692059,28.401327
batch_01950_patch.tiff,patch_91,24.79303,24.116407,23.930761,27.128544,28.21084
batch_01950_patch.tiff,patch_92,26.109552,22.24208,27.257866,23.632744,26.203707
batch_01950_patch.tiff,patch_93,25.784042,23.411654,25.417303,24.815031,26.787537
batch_01950_patch.tiff,patch_94,26.251226,23.62832,26.828894,25.251848,26.807472
batch_01950_patch.tiff,patch_95,24.306799,23.379683,23.802826,25.439386,26.501165
batch_01950_patch.tiff,patch_96,25.327091,24.590633,24.917305,25.359446,28.123657
batch_01950_patch.tiff,patch_97,24.608196,24.320517,24.527443,26.39546,27.506245
batch_01950_patch.tiff,patch_98,25.908327,23.811378,24.844988,25.223307,27.209799
batch_01950_patch.tiff,patch_99,24.022442,23.955421,23.383976,26.185835,26.396963
batch_01950_patch.tiff,patch_100,26.6414,23.965351,25.805565,24.609581,27.305058
batch_01950_patch.tiff,patch_101,26.200563,24.42801,24.984499,26.193924,27.358437
batch_01950_patch.tiff,patch_102,23.982048,23.841124,23.832024,25.244354,27.619736
batch_01950_patch.tiff,patch_103,26.303637,24.456333,26.523352,22.785982,26.508379
batch_01950_patch.tiff,patch_104,24.51519,23.493769,23.902943,24.893219,26.848507
batch_01950_patch.tiff,patch_105,24.795008,23.504475,25.386593,27.14336,27.375193
batch_01950_patch.tiff,patch_106,25.570183,23.93433,26.556873,24.427004,26.613905
batch_01950_patch.tiff,patch_107,25.108215,23.480959,24.94836,24.149014,26.886703
batch_01950_patch.tiff,patch_108,26.74702,23.887804,27.020454,24.585182,26.940346
batch_01950_patch.tiff,patch_109,26.815342,24.29292,27.388376,24.611946,27.458372
batch_01950_patch.tiff,patch_110,25.816067,23.055082,26.204412,24.229315,26.613224
batch_01950_patch.tiff,patch_111,25.421423,23.488363,24.359262,25.016153,27.182793
batch_01950_patch.tiff,patch_112,27.013456,24.50027,27.326752,24.474634,27.243048
batch_01950_patch.tiff,patch_113,26.463987,23.557253,26.030003,24.24078,27.12514
batch_01950_patch.tiff,patch_114,23.904613,24.11818,25.003965,25.210548,26.995806
batch_01950_patch.tiff,patch_115,24.79221,22.653254,26.83825,23.39785,26.427237
batch_01950_patch.tiff,patch_116,25.936502,23.817696,26.432276,24.603338,27.507366
batch_01950_patch.tiff,patch_117,24.715834,23.546473,25.430264,24.240746,26.28284
batch_01950_patch.tiff,patch_118,24.774887,23.313526,26.114328,23.390713,25.517012
batch_01950_patch.tiff,patch_119,25.007738,24.076042,23.922935,25.157125,26.840086
batch_01950_patch.tiff,patch_120,27.879705,24.460863,27.433834,23.74548,25.950127
batch_01950_patch.tiff,patch_121,25.975779,23.732023,25.950653,24.355759,26.653255
batch_01950_patch.tiff,patch_122,26.450853,23.546574,26.113949,24.585192,27.50182
batch_01950_patch.tiff,patch_123,26.545277,24.543049,26.415998,25.57878,27.39048
batch_01950_patch.tiff,patch_124,23.190151,23.529146,22.98444,26.489803,27.76082
batch_01950_patch.tiff,patch_125,24.498604,22.93293,24.056005,25.103428,26.937466
batch_01950_patch.tiff,patch_126,25.520771,23.309134,27.555763,24.282604,26.182035
batch_01950_patch.tiff,patch_127,25.12508,25.311218,25.098972,26.346308,28.920177
batch_01950_patch.tiff,patch_128,23.77364,23.610725,24.506441,26.09835,27.287285
batch_01950_patch.tiff,patch_129,24.399153,23.645958,24.838614,25.61729,27.097967
batch_01950_patch.tiff,patch_130,24.9639,23.777802,25.682922,25.259054,27.469385
batch_01950_patch.tiff,patch_131,24.500643,23.552433,24.621046,25.106266,27.434101
batch_01950_patch.tiff,patch_132,25.09947,24.057112,25.831871,24.649626,26.444124
batch_01950_patch.tiff,patch_133,24.890652,24.028584,24.548468,26.218681,27.197594
batch_01950_patch.tiff,patch_134,25.451454,24.657824,25.910572,25.691618,26.931223
batch_01950_patch.tiff,patch_135,25.483627,24.360056,25.167578,26.70853,27.438694
batch_01950_patch.tiff,patch_136,25.0564,24.00952,23.262789,26.29491,27.915972
batch_01950_patch.tiff,patch_137,24.413742,23.160164,24.55078,24.953608,26.667732
batch_01950_patch.tiff,patch_138,25.907085,24.766672,27.198524,24.512257,27.373648
batch_01950_patch.tiff,patch_139,26.87096,25.184082,26.966291,24.277958,27.762615
batch_01950_patch.tiff,patch_140,25.92868,24.591293,26.045473,25.442352,27.355597
batch_01950_patch.tiff,patch_141,25.810835,24.448967,25.698713,25.25958,26.689114
batch_01950_patch.tiff,patch_142,26.103312,24.161592,23.73933,24.517422,27.687342
batch_01950_patch.tiff,patch_143,24.795206,24.20298,24.657516,25.591791,27.91603
batch_01950_patch.tiff,patch_144,24.23961,23.53766,24.520525,25.11404,26.24128
batch_01950_patch.tiff,patch_145,24.695421,23.62776,24.775455,25.427889,27.131308
batch_01950_patch.tiff,patch_146,24.567377,24.833836,25.510767,25.584057,27.052786
batch_01950_patch.tiff,patch_147,26.12184,25.157694,26.081629,25.341707,27.701962
batch_01950_patch.tiff,patch_148,25.005098,24.579718,23.924953,27.278206,28.78896
batch_01950_patch.tiff,patch_149,24.87163,22.979874,24.04845,24.939957,26.982456
batch_01950_patch.tiff,patch_150,25.930235,26.053118,26.712317,25.888847,28.978113
batch_01950_patch.tiff,patch_151,25.650066,24.945065,27.011648,25.177116,28.047117
batch_01950_patch.tiff,patch_152,23.54756,24.021729,24.196573,26.021338,27.480505
batch_01950_patch.tiff,patch_153,24.737726,24.37639,25.681812,25.536026,27.626028
batch_01950_patch.tiff,patch_154,26.52552,24.543945,26.24015,24.67612,27.780443
batch_01950_patch.tiff,patch_155,26.681017,24.981993,26.218699,25.506907,27.514502
batch_01950_patch.tiff,patch_156,26.004978,24.429535,26.137629,24.80644,27.268599
batch_01950_patch.tiff,patch_157,25.246748,23.309486,24.28723,24.095652,25.908669
batch_01950_patch.tiff,patch_158,23.69801,23.634048,24.16669,26.523348,26.663227
batch_01950_patch.tiff,patch_159,24.616516,24.59508,24.949863,26.61447,27.600435
batch_01950_patch.tiff,patch_160,24.105547,24.295595,24.201803,27.358568,28.185265
batch_01950_patch.tiff,patch_161,23.827843,23.535315,24.143873,26.509155,28.154278
batch_01950_patch.tiff,patch_162,25.940807,25.308601,26.265495,25.400337,28.654064
batch_01950_patch.tiff,patch_163,25.914352,24.927277,26.779926,24.928635,27.81744
batch_01950_patch.tiff,patch_164,24.67334,23.741638,25.376305,25.566675,27.507267
batch_01950_patch.tiff,patch_165,23.972414,23.134537,24.125328,24.139359,26.299892
batch_01950_patch.tiff,patch_166,26.256939,23.565338,26.42725,23.759066,26.82705
batch_01950_patch.tiff,patch_167,25.747166,23.672031,26.055506,24.753325,27.226194
batch_01950_patch.tiff,patch_168,25.664728,24.205372,26.11276,24.585215,26.804337
batch_01950_patch.tiff,patch_169,26.851332,23.361988,26.50721,24.521673,26.411375
batch_01950_patch.tiff,patch_170,26.72652,24.477716,26.390564,24.913807,27.437262
batch_01950_patch.tiff,patch_171,26.138494,24.891943,26.65007,24.928337,27.476923
batch_01950_patch.tiff,patch_172,26.330965,24.324415,23.917507,24.592003,27.27652
batch_01950_patch.tiff,patch_173,26.28032,23.049368,26.766281,23.77797,27.197216
batch_01950_patch.tiff,patch_174,25.187962,24.192423,26.333101,24.82853,27.191221
batch_01950_patch.tiff,patch_175,24.56784,24.16625,24.839088,24.576809,26.903513
batch_01950_patch.tiff,patch_176,25.141047,23.774363,25.728151,26.013882,27.503347
batch_01950_patch.tiff,patch_177,24.327068,23.555323,24.08151,26.11602,27.693031
batch_01950_patch.tiff,patch_178,24.61248,23.529926,25.042467,25.35949,27.092905
batch_01950_patch.tiff,patch_179,25.596123,23.654255,25.852255,25.183842,27.561977
batch_01950_patch.tiff,patch_180,25.379766,24.239737,26.06449,24.65732,26.57054
batch_01950_patch.tiff,patch_181,25.750261,25.61489,26.03096,27.153627,28.425392
batch_01950_patch.tiff,patch_182,24.323456,24.527897,23.676975,27.556108,27.89638
batch_01950_patch.tiff,patch_183,24.459759,24.30695,23.664478,26.519295,26.81745
batch_02000_patch.tiff,patch_0,23.756012,23.869158,23.429726,25.517145,26.542034
batch_02000_patch.tiff,patch_1,26.024515,25.254725,24.942526,25.208933,27.935917
batch_02000_patch.tiff,patch_2,25.859371,24.868126,26.580181,24.248522,27.90898
batch_02000_patch.tiff,patch_3,25.141197,23.438633,26.790768,24.02836,26.797579
batch_02000_patch.tiff,patch_4,25.637108,24.258766,24.882843,25.444933,27.358585
batch_02000_patch.tiff,patch_5,26.099073,25.046188,25.693344,26.08337,26.941866
batch_02000_patch.tiff,patch_6,26.011797,25.219824,25.032951,24.321003,27.159231
batch_02000_patch.tiff,patch_7,25.69008,25.573427,26.075916,26.11753,27.61187
batch_02000_patch.tiff,patch_8,26.379076,24.237585,26.181297,24.87077,26.400703
batch_02000_patch.tiff,patch_9,26.382761,25.698084,26.092802,27.133034,29.172482
batch_02000_patch.tiff,patch_10,24.405176,24.474216,23.352924,27.06746,27.219526
batch_02000_patch.tiff,patch_11,26.439335,24.364124,25.114037,24.47049,26.478027
batch_02000_patch.tiff,patch_12,26.04681,25.15532,26.108288,26.590082,28.471373
batch_02000_patch.tiff,patch_13,25.130297,23.220663,25.621613,24.264412,26.614313
batch_02000_patch.tiff,patch_14,24.746273,23.804125,24.758537,25.360876,27.085464
batch_02000_patch.tiff,patch_15,25.127762,23.737923,26.979305,24.946373,26.635544
batch_02000_patch.tiff,patch_16,25.468443,24.3946,27.248814,24.198555,26.390007
batch_02000_patch.tiff,patch_17,26.399895,24.80816,26.941887,25.585073,27.355492
batch_02000_patch.tiff,patch_18,26.512342,24.062616,27.60687,24.02016,26.637852
batch_02000_patch.tiff,patch_19,24.895727,25.39018,22.456133,25.36345,27.812103
batch_02000_patch.tiff,patch_20,27.362772,26.259792,25.338984,24.131844,28.239296
batch_02000_patch.tiff,patch_21,26.295097,24.236944,26.7716,25.400982,27.673609
batch_02000_patch.tiff,patch_22,26.506626,23.764496,26.335777,24.874756,26.663374
batch_02000_patch.tiff,patch_23,23.702696,23.362432,22.652718,26.254454,26.973696
batch_02000_patch.tiff,patch_24,26.027822,25.175179,25.691875,26.167536,28.34987
batch_02000_patch.tiff,patch_25,25.26935,24.378967,24.722076,26.000439,27.246302
batch_02000_patch.tiff,patch_26,25.031986,23.467669,25.6512,24.652231,27.334757
batch_02000_patch.tiff,patch_27,25.363598,24.457506,26.763283,24.887762,27.234137
batch_02000_patch.tiff,patch_28,26.724407,24.374542,25.38529,24.625479,25.754864
batch_02000_patch.tiff,patch_29,25.931105,24.493847,24.599709,24.879488,26.66557
batch_02000_patch.tiff,patch_30,25.664005,23.753553,25.592823,24.50222,25.776573
batch_02000_patch.tiff,patch_31,25.544487,25.399513,26.435057,26.522177,26.770319
batch_02000_patch.tiff,patch_32,25.54823,24.795347,25.263819,27.569853,28.808645
batch_02000_patch.tiff,patch_33,26.022276,25.301413,25.589094,25.826653,27.377224
batch_02000_patch.tiff,patch_34,26.342495,23.968168,25.825874,24.981789,27.895773
batch_02000_patch.tiff,patch_35,26.616257,24.708584,26.51719,25.177164,27.784897
batch_02000_patch.tiff,patch_36,26.046492,24.30286,24.694836,24.326578,27.402267
batch_02000_patch.tiff,patch_37,24.5955,24.712816,24.76439,27.675102,28.90599
batch_02000_patch.tiff,patch_38,24.7057,24.437237,24.616095,27.180351,28.453667
batch_02000_patch.tiff,patch_39,25.985882,25.188883,24.196228,24.695997,26.507578
batch_02000_patch.tiff,patch_40,25.57542,25.864618,23.870811,25.516743,28.63943
batch_02000_patch.tiff,patch_41,25.204456,23.28661,26.483852,23.911282,25.218643
batch_02000_patch.tiff,patch_42,26.177446,24.106016,26.75935,24.866821,25.842426
batch_02000_patch.tiff,patch_43,26.005636,26.134367,24.67229,24.022802,28.107822
batch_02000_patch.tiff,patch_44,24.602285,24.883501,23.714336,24.744427,28.499336
batch_02000_patch.tiff,patch_45,25.918913,23.866926,25.234707,26.401875,28.684639
batch_02000_patch.tiff,patch_46,25.551191,24.07875,25.114523,24.660095,26.391724
batch_02000_patch.tiff,patch_47,25.207186,23.892723,23.744226,27.408821,27.50635
batch_02000_patch.tiff,patch_48,25.728796,23.852764,25.108318,25.430315,27.506075
batch_02000_patch.tiff,patch_49,25.101711,23.527477,24.72247,25.959297,26.94056
batch_02000_patch.tiff,patch_50,26.540157,25.924147,24.071335,25.677984,28.435188
batch_02000_patch.tiff,patch_51,25.248642,24.81321,23.250166,25.463621,27.645393
batch_02000_patch.tiff,patch_52,25.586838,25.886269,22.83514,22.980833,27.238373
batch_02000_patch.tiff,patch_53,24.219723,24.541954,23.571213,25.884615,28.068424
batch_02000_patch.tiff,patch_54,24.615553,25.15273,24.297628,25.871973,28.70884
batch_02000_patch.tiff,patch_55,25.679688,24.149948,25.514723,24.565487,27.084455
batch_02000_patch.tiff,patch_56,25.098524,24.269173,24.668303,25.421066,28.017773
batch_02000_patch.tiff,patch_57,26.248386,23.930208,26.822828,24.977037,27.510223
batch_02000_patch.tiff,patch_58,25.87334,23.508202,27.082304,24.740211,26.332584
batch_02000_patch.tiff,patch_59,26.122967,26.052904,26.49918,25.942999,27.737522
batch_02000_patch.tiff,patch_60,24.736187,24.786774,24.952284,24.48454,27.649172
batch_02000_patch.tiff,patch_61,24.62685,25.187794,23.184635,25.530458,28.838629
batch_02000_patch.tiff,patch_62,25.71998,24.867506,23.260902,24.589764,27.458946
batch_02000_patch.tiff,patch_63,24.30551,25.00795,23.541573,25.22431,27.961119
batch_02000_patch.tiff,patch_64,25.48268,22.937246,25.606369,24.287731,25.794188
batch_02000_patch.tiff,patch_65,25.561113,23.802914,26.026688,24.982672,26.461327
batch_02000_patch.tiff,patch_66,26.105536,24.692394,26.791578,24.243181,27.692451
batch_02000_patch.tiff,patch_67,26.489544,24.169735,26.334518,22.978798,26.458662
batch_02000_patch.tiff,patch_68,24.952276,25.155094,24.650486,26.041862,28.820498
batch_02000_patch.tiff,patch_69,26.083693,25.931213,25.26568,26.147688,28.662973
batch_02000_patch.tiff,patch_70,27.473715,24.468618,27.224253,24.519016,27.85474
batch_02000_patch.tiff,patch_71,26.612196,24.596285,24.822977,25.707918,28.474033
batch_02000_patch.tiff,patch_72,25.787962,24.427217,26.951841,24.406242,26.654951
batch_02000_patch.tiff,patch_73,24.953608,23.89432,25.07862,26.065395,26.696112
batch_02000_patch.tiff,patch_74,26.72817,24.888187,26.08308,25.77842,27.852812
batch_02000_patch.tiff,patch_75,26.09292,25.111614,26.397705,25.775545,28.607683
batch_02000_patch.tiff,patch_76,27.073315,23.649984,26.047308,23.720194,26.234241
batch_02000_patch.tiff,patch_77,27.21393,24.25652,26.584171,24.867008,27.452497
batch_02000_patch.tiff,patch_78,25.639717,23.738457,25.993902,24.698378,25.740992
batch_02000_patch.tiff,patch_79,25.757965,24.12745,25.195866,24.542957,27.003305
batch_02000_patch.tiff,patch_80,26.485144,24.178587,26.174551,23.407501,27.408302
batch_02000_patch.tiff,patch_81,27.62137,24.19661,26.53878,25.417704,28.347284
batch_02000_patch.tiff,patch_82,25.716274,23.614594,24.749233,26.685139,27.610577
batch_02000_patch.tiff,patch_83,26.223265,24.748417,24.361046,25.26393,27.090242
batch_02000_patch.tiff,patch_84,24.443996,22.948997,25.49662,24.207674,26.110172
batch_02000_patch.tiff,patch_85,24.646347,24.702501,24.349346,26.606281,27.93515
batch_02000_patch.tiff,patch_86,23.95636,23.294785,23.620079,26.77858,27.518908
batch_02000_patch.tiff,patch_87,26.445147,25.182955,26.814959,24.83749,26.970043
batch_02000_patch.tiff,patch_88,26.962925,24.098732,25.632305,25.10098,27.551361
batch_02000_patch.tiff,patch_89,25.785784,24.474918,26.301996,27.006855,27.956459
batch_02000_patch.tiff,patch_90,26.078304,24.711023,26.499983,25.945639,28.155592
batch_02000_patch.tiff,patch_91,25.417599,23.878826,25.393507,24.418938,26.2801
batch_02000_patch.tiff,patch_92,25.776459,24.837296,24.695915,25.71295,27.031826
batch_02000_patch.tiff,patch_93,26.44599,25.304403,25.082863,25.442749,27.976807
batch_02000_patch.tiff,patch_94,25.659992,24.070562,26.510748,24.239527,26.04762
batch_02000_patch.tiff,patch_95,26.321499,25.864508,24.452518,24.128555,26.368795
batch_02000_patch.tiff,patch_96,27.311848,24.764921,25.238062,24.084478,26.403437
batch_02000_patch.tiff,patch_97,27.138115,24.25474,26.092213,24.298275,27.579998
batch_02000_patch.tiff,patch_98,25.548342,25.760582,24.601564,23.732393,27.931122
batch_02000_patch.tiff,patch_99,26.307674,24.06218,25.796309,24.83039,26.81242
batch_02000_patch.tiff,patch_100,26.04438,23.79646,24.79948,25.161308,26.719736
batch_02000_patch.tiff,patch_101,23.967447,23.326687,24.376192,24.89662,26.234972
batch_02000_patch.tiff,patch_102,26.107813,24.552181,25.445238,24.507343,26.933117
batch_02000_patch.tiff,patch_103,25.609777,24.274178,24.73648,26.381014,27.71525
batch_02000_patch.tiff,patch_104,26.04635,25.05708,24.815172,27.054134,28.270208
batch_02000_patch.tiff,patch_105,26.455273,24.282974,25.80991,24.94639,26.89145
batch_02000_patch.tiff,patch_106,26.570314,24.211565,25.24858,25.11601,28.259306
batch_02000_patch.tiff,patch_107,26.85689,25.062992,24.392056,23.644056,26.722227
batch_02000_patch.tiff,patch_108,26.50598,23.669188,27.112305,25.1206,26.400469
batch_02000_patch.tiff,patch_109,26.303915,24.866997,26.710205,25.509783,28.250647
batch_02000_patch.tiff,patch_110,25.512733,24.955267,26.062685,25.64185,26.879742
batch_02000_patch.tiff,patch_111,25.664274,23.997377,25.994,24.356321,26.895742
batch_02000_patch.tiff,patch_112,24.625208,24.485699,24.874516,26.579563,28.148514
batch_02000_patch.tiff,patch_113,22.888166,23.337755,22.376951,26.881649,27.131302
batch_02000_patch.tiff,patch_114,26.426334,24.289232,25.521555,24.861814,27.951357
batch_02000_patch.tiff,patch_115,27.446611,25.744923,27.20927,25.854725,28.196312
batch_02000_patch.tiff,patch_116,26.896847,25.016403,25.643744,26.746008,27.03398
batch_02000_patch.tiff,patch_117,25.582945,24.841072,24.66037,25.550064,27.024696
batch_02000_patch.tiff,patch_118,25.722752,24.092587,26.170488,24.778036,26.068428
batch_02000_patch.tiff,patch_119,24.99949,24.676888,23.0843,24.38816,26.544004
batch_02000_patch.tiff,patch_120,26.830803,25.219343,24.291939,24.689564,26.830109
batch_02000_patch.tiff,patch_121,27.79037,23.96391,26.750732,24.97455,27.773928
batch_02000_patch.tiff,patch_122,24.552618,25.382326,22.68735,24.519012,27.97876
batch_02000_patch.tiff,patch_123,26.315311,24.03261,26.673138,24.230862,26.86657
batch_02000_patch.tiff,patch_124,25.77095,24.98437,26.194063,26.174145,28.288221
batch_02000_patch.tiff,patch_125,26.3312,23.926353,25.202406,24.88048,27.504156
batch_02000_patch.tiff,patch_126,26.826397,24.063204,25.337803,25.760313,27.56776
batch_02000_patch.tiff,patch_127,25.856054,24.317116,25.692806,24.843334,27.859896
batch_02000_patch.tiff,patch_128,26.047523,24.098223,25.211933,24.714499,27.689823
batch_02000_patch.tiff,patch_129,25.689003,24.235634,26.693802,24.374912,27.173576
batch_02000_patch.tiff,patch_130,26.134443,26.091183,26.28678,25.961231,28.757927
batch_02000_patch.tiff,patch_131,26.673273,23.248846,27.532822,24.087078,26.422369
batch_02000_patch.tiff,patch_132,25.716658,23.896898,27.608164,24.155548,26.677341
batch_02000_patch.tiff,patch_133,25.498339,24.939167,23.206066,24.205914,28.203417
batch_02000_patch.tiff,patch_134,25.714893,24.076971,26.360683,23.77655,25.899725
batch_02000_patch.tiff,patch_135,25.619383,23.552122,26.221016,24.434269,26.2873
batch_02000_patch.tiff,patch_136,26.736803,23.09623,26.130754,24.51825,27.076866
batch_02000_patch.tiff,patch_137,26.32129,23.707695,26.470999,24.284239,26.560623
batch_02000_patch.tiff,patch_138,25.6292,23.36272,25.636398,25.444452,27.628662
batch_02000_patch.tiff,patch_139,25.186167,24.771729,25.374376,26.419546,28.436666
batch_02000_patch.tiff,patch_140,26.122484,25.70649,23.078634,25.102491,28.5673
batch_02000_patch.tiff,patch_141,25.58236,24.075045,26.507437,25.003614,26.051996
batch_02000_patch.tiff,patch_142,24.423304,23.999222,23.718517,25.529669,28.169193
batch_02000_patch.tiff,patch_143,24.675535,25.2774,23.313747,26.367424,28.665508
batch_02000_patch.tiff,patch_144,25.226751,23.582506,26.290216,24.807003,26.592407
batch_02000_patch.tiff,patch_145,26.030216,24.278751,26.517687,24.910833,26.571169
batch_02000_patch.tiff,patch_146,25.972975,23.298204,26.91638,24.305573,27.050875
batch_02000_patch.tiff,patch_147,26.41211,24.087564,26.54883,24.776152,27.942707
batch_02000_patch.tiff,patch_148,24.873371,24.760641,25.244158,26.147213,28.595495
batch_02000_patch.tiff,patch_149,24.693665,23.074848,25.010628,25.002996,27.21696
batch_02000_patch.tiff,patch_150,26.212414,24.858309,23.63626,24.716438,27.427279
batch_02000_patch.tiff,patch_151,26.66108,24.502642,24.255138,23.487495,26.46787
batch_02000_patch.tiff,patch_152,26.07886,24.690498,24.90941,23.999487,27.190485
batch_02000_patch.tiff,patch_153,24.738766,25.54279,25.657816,26.09372,28.752357
batch_02000_patch.tiff,patch_154,26.27999,22.84718,26.964643,22.504332,25.534147
batch_02000_patch.tiff,patch_155,27.269156,25.151848,26.257015,25.236229,27.365604
batch_02000_patch.tiff,patch_156,25.799107,25.250923,26.010185,27.294603,28.967918
batch_02000_patch.tiff,patch_157,24.594791,23.983683,23.817974,26.3422,27.267687
batch_02000_patch.tiff,patch_158,26.99125,23.375473,26.502789,24.363518,27.70552
batch_02050_patch.tiff,patch_0,25.85875,23.70894,26.431595,24.123264,27.103083
batch_02050_patch.tiff,patch_1,25.870384,24.366333,25.317165,25.814098,27.277456
batch_02050_patch.tiff,patch_2,25.16327,23.69515,25.802967,25.871696,26.924072
batch_02050_patch.tiff,patch_3,26.620687,22.943262,24.9492,23.220654,25.991295
batch_02050_patch.tiff,patch_4,24.258238,22.385885,22.099022,25.260351,25.993334
batch_02050_patch.tiff,patch_5,26.375612,23.154486,25.443995,24.33741,25.639746
batch_02050_patch.tiff,patch_6,26.467794,23.573149,26.356512,24.204191,27.446009
batch_02050_patch.tiff,patch_7,25.343355,24.164286,25.944893,25.845882,27.203138
batch_02050_patch.tiff,patch_8,25.657038,24.722256,25.403162,26.68025,27.863205
batch_02050_patch.tiff,patch_9,25.707256,25.152058,25.698437,25.422302,28.368908
batch_02050_patch.tiff,patch_10,25.980995,24.461105,24.966276,25.536394,28.5061
batch_02050_patch.tiff,patch_11,26.135336,23.634161,25.983576,24.073866,26.518436
batch_02050_patch.tiff,patch_12,25.771751,23.200733,26.524944,23.050728,25.88008
batch_02050_patch.tiff,patch_13,24.806095,23.878399,23.557299,25.754175,26.52932
batch_02050_patch.tiff,patch_14,25.539635,23.325075,24.051367,25.622,26.353125
batch_02050_patch.tiff,patch_15,23.933424,22.824953,23.811544,24.95524,25.33267
batch_02050_patch.tiff,patch_16,25.870049,24.303722,26.062399,24.543612,27.463535
batch_02050_patch.tiff,patch_17,25.104645,23.539736,25.265495,25.725254,26.933998
batch_02050_patch.tiff,patch_18,25.58815,24.676342,24.237843,25.579714,27.706074
batch_02050_patch.tiff,patch_19,26.750143,23.824602,26.351934,23.594875,27.359095
batch_02050_patch.tiff,patch_20,26.659065,24.1308,24.922968,24.069988,27.366392
batch_02050_patch.tiff,patch_21,25.934626,24.138645,26.41673,24.648115,27.846773
batch_02050_patch.tiff,patch_22,25.461401,23.903038,25.503233,24.488125,26.901602
batch_02050_patch.tiff,patch_23,24.58504,23.880926,23.55449,25.807867,27.027035
batch_02050_patch.tiff,patch_24,27.406342,24.318342,26.45618,24.937986,27.777708
batch_02050_patch.tiff,patch_25,26.692945,24.156982,26.02856,25.183357,27.01789
batch_02050_patch.tiff,patch_26,25.231722,22.955654,24.117872,26.011593,27.092537
batch_02050_patch.tiff,patch_27,26.068027,23.410265,27.489473,24.418898,26.975826
batch_02050_patch.tiff,patch_28,25.708801,22.932453,26.64605,24.718369,26.940685
batch_02050_patch.tiff,patch_29,26.619757,25.29642,27.101387,24.70961,26.820751
batch_02050_patch.tiff,patch_30,27.049946,23.32832,26.142925,23.889282,27.225237
batch_02050_patch.tiff,patch_31,26.648392,23.671013,26.36167,24.757944,27.715292
batch_02050_patch.tiff,patch_32,25.607508,24.905085,25.415298,26.85202,28.22362
batch_02050_patch.tiff,patch_33,26.016602,24.078157,23.830305,24.573606,26.64072
batch_02050_patch.tiff,patch_34,25.361837,23.919863,23.969069,24.831223,27.609236
batch_02050_patch.tiff,patch_35,27.900408,24.592611,26.609818,24.91545,27.777487
batch_02050_patch.tiff,patch_36,24.836407,23.47531,22.273125,26.30316,27.777668
batch_02050_patch.tiff,patch_37,26.334875,24.266396,25.632599,26.210527,27.230923
batch_02050_patch.tiff,patch_38,25.643404,23.18353,24.668592,25.146635,27.04519
batch_02050_patch.tiff,patch_39,26.464542,23.016514,26.667501,24.228724,26.740856
batch_02050_patch.tiff,patch_40,26.443718,23.580685,25.090084,25.638554,26.937754
batch_02050_patch.tiff,patch_41,25.146471,24.66405,25.567087,26.722328,26.830902
batch_02050_patch.tiff,patch_42,25.474823,24.30171,25.827593,25.684952,26.61179
batch_02050_patch.tiff,patch_43,26.667715,23.9096,25.115705,24.486225,28.065775
batch_02050_patch.tiff,patch_44,25.002607,24.128555,24.42463,27.634174,28.479153
batch_02050_patch.tiff,patch_45,25.55065,23.881027,25.056763,25.37074,27.977459
batch_02050_patch.tiff,patch_46,25.621403,23.222652,25.0975,23.171915,24.865772
batch_02050_patch.tiff,patch_47,26.146435,24.241686,24.385357,25.390951,27.561972
batch_02050_patch.tiff,patch_48,23.924868,23.289488,23.866438,26.459225,26.78895
batch_02050_patch.tiff,patch_49,26.39229,24.521708,25.6716,24.825966,26.986265
batch_02050_patch.tiff,patch_50,25.633398,23.548975,25.853624,25.166538,27.05024
batch_02050_patch.tiff,patch_51,26.480375,23.020254,26.70538,23.987392,27.292313
batch_02050_patch.tiff,patch_52,26.428995,24.941841,25.895222,25.29338,27.64298
batch_02050_patch.tiff,patch_53,24.596899,25.149574,24.324556,25.960123,26.181076
batch_02050_patch.tiff,patch_54,26.189837,24.2805,26.220911,24.490788,27.64337
batch_02050_patch.tiff,patch_55,24.783827,23.435036,24.308645,24.750324,26.792372
batch_02050_patch.tiff,patch_56,25.705585,24.23737,26.25859,24.515242,27.268406
batch_02050_patch.tiff,patch_57,25.987358,24.141438,25.75118,25.083767,27.480593
batch_02050_patch.tiff,patch_58,25.889565,23.621138,26.156612,24.298504,26.33659
batch_02050_patch.tiff,patch_59,27.07651,24.563997,25.83756,24.183853,26.392252
batch_02050_patch.tiff,patch_60,25.022503,24.588905,24.045128,26.488916,27.736738
batch_02050_patch.tiff,patch_61,26.417042,24.42442,26.469107,24.728607,27.566578
batch_02050_patch.tiff,patch_62,26.493216,23.464024,26.584095,24.643227,27.213963
batch_02050_patch.tiff,patch_63,25.304386,22.623182,26.727896,24.566364,26.434423
batch_02050_patch.tiff,patch_64,25.89992,23.88001,24.687933,24.903189,26.499374
batch_02050_patch.tiff,patch_65,24.112204,23.903439,23.179314,25.640654,25.360022
batch_02050_patch.tiff,patch_66,25.331507,23.912878,24.859196,25.149134,27.256474
batch_02050_patch.tiff,patch_67,25.869999,22.48696,25.237938,23.238617,25.85974
batch_02050_patch.tiff,patch_68,25.86216,24.731264,25.675753,25.468208,28.046942
batch_02050_patch.tiff,patch_69,25.672626,23.678139,25.418415,24.42478,27.061651
batch_02050_patch.tiff,patch_70,25.86845,23.53356,25.016678,24.362501,27.297194
batch_02050_patch.tiff,patch_71,24.735783,25.266998,26.318731,26.215424,27.466072
batch_02050_patch.tiff,patch_72,22.747107,22.892202,22.256823,24.303095,25.55734
batch_02050_patch.tiff,patch_73,24.141537,23.289024,23.69069,25.877274,26.409466
batch_02050_patch.tiff,patch_74,25.687742,23.419638,25.713423,24.746365,27.079014
batch_02050_patch.tiff,patch_75,25.687666,23.661772,26.716183,24.258484,27.237257
batch_02050_patch.tiff,patch_76,27.407501,25.140131,27.298285,24.486706,26.374231
batch_02050_patch.tiff,patch_77,27.156906,24.294107,26.44303,25.07252,26.096813
batch_02050_patch.tiff,patch_78,26.470999,23.513311,26.178114,22.212723,26.479923
batch_02050_patch.tiff,patch_79,26.334137,23.636148,27.30645,23.220585,26.924843
batch_02050_patch.tiff,patch_80,25.625181,22.649393,26.274504,22.841557,25.561947
batch_02050_patch.tiff,patch_81,25.860697,23.447723,25.557575,24.285265,25.923502
batch_02050_patch.tiff,patch_82,26.082703,23.863838,25.348953,24.980158,28.485945
batch_02050_patch.tiff,patch_83,25.03531,24.299513,24.690714,26.357916,27.62793
batch_02050_patch.tiff,patch_84,23.329536,23.003107,23.124868,25.168505,25.872507
batch_02050_patch.tiff,patch_85,23.864206,23.380371,23.326511,25.046509,26.48401
batch_02050_patch.tiff,patch_86,26.140982,22.560595,27.286325,23.28666,26.998756
batch_02050_patch.tiff,patch_87,26.545921,24.285988,25.696417,25.138685,27.401932
batch_02050_patch.tiff,patch_88,26.939714,23.91782,26.098679,24.223974,25.718908
batch_02050_patch.tiff,patch_89,26.500853,25.0227,24.215502,25.753654,26.351004
batch_02050_patch.tiff,patch_90,26.32395,23.496023,26.109015,23.217548,26.258121
batch_02050_patch.tiff,patch_91,26.103596,23.531105,26.162298,23.976337,27.33883
batch_02050_patch.tiff,patch_92,25.846899,23.6602,24.937796,25.556719,27.287624
batch_02050_patch.tiff,patch_93,25.549692,24.03607,25.274878,26.127377,27.406319
batch_02050_patch.tiff,patch_94,23.929537,24.473845,24.085316,26.657072,26.752213
batch_02050_patch.tiff,patch_95,24.559517,23.549627,25.181091,25.917982,26.270973
batch_02050_patch.tiff,patch_96,24.135092,22.634405,22.064894,25.505623,26.427462
batch_02050_patch.tiff,patch_97,24.284367,23.846897,23.252361,25.61591,26.987738
batch_02050_patch.tiff,patch_98,25.643736,24.259151,26.885515,25.19102,27.51139
batch_02050_patch.tiff,patch_99,25.32016,23.293995,25.257309,25.500141,28.064047
batch_02050_patch.tiff,patch_100,24.94828,24.02328,24.765589,25.870941,27.294813
batch_02050_patch.tiff,patch_101,25.678144,23.10608,26.205408,24.672722,27.515682
batch_02050_patch.tiff,patch_102,24.181181,23.44584,24.777065,26.185595,26.673143
batch_02050_patch.tiff,patch_103,26.715788,23.671509,26.171507,24.691814,27.016989
batch_02050_patch.tiff,patch_104,25.673332,23.424263,25.630787,25.03812,27.110544
batch_02050_patch.tiff,patch_105,25.709534,23.471073,26.159462,23.699375,26.136126
batch_02050_patch.tiff,patch_106,25.218298,23.968502,24.259956,26.386572,28.005573
batch_02050_patch.tiff,patch_107,25.179722,24.530647,25.035524,27.234667,28.079517
batch_02050_patch.tiff,patch_108,23.61352,23.01552,24.23931,24.707216,26.726854
batch_02050_patch.tiff,patch_109,24.316929,23.358389,24.305824,25.481627,27.045883
batch_02050_patch.tiff,patch_110,24.976435,23.558975,24.385159,25.515999,26.835394
batch_02050_patch.tiff,patch_111,25.691072,23.636854,25.387606,24.560926,27.44208
batch_02050_patch.tiff,patch_112,25.207756,23.507181,24.220173,25.938261,27.407207
batch_02050_patch.tiff,patch_113,25.124325,24.3633,24.050337,26.002428,27.42593
batch_02050_patch.tiff,patch_114,25.779175,24.13048,24.839823,25.538538,26.989517
batch_02050_patch.tiff,patch_115,25.026226,24.590328,25.025717,26.975481,28.236654
batch_02050_patch.tiff,patch_116,25.917192,24.573433,24.927513,26.91005,29.527357
batch_02050_patch.tiff,patch_117,25.86061,23.355593,25.518465,24.126558,26.627663
batch_02050_patch.tiff,patch_118,26.817822,23.443878,26.61374,23.067232,26.120903
batch_02050_patch.tiff,patch_119,26.321253,23.76579,26.542965,24.391941,27.807636
batch_02050_patch.tiff,patch_120,25.090906,22.545012,24.541084,25.358728,26.345747
batch_02050_patch.tiff,patch_121,25.436735,22.522133,24.78419,24.338253,25.905064
batch_02050_patch.tiff,patch_122,25.36927,23.614328,25.828417,24.82574,25.962938
batch_02050_patch.tiff,patch_123,25.721092,24.758007,25.549185,26.368767,27.603485
batch_02050_patch.tiff,patch_124,25.455664,24.909313,25.668404,26.05459,27.866917
batch_02050_patch.tiff,patch_125,25.818525,23.760975,24.597443,25.929802,27.34885
batch_02050_patch.tiff,patch_126,24.21063,23.647041,24.608322,28.415964,27.78731
batch_02050_patch.tiff,patch_127,23.674683,23.276966,24.147642,26.900915,27.458204
batch_02050_patch.tiff,patch_128,25.855415,23.24492,26.83829,25.183315,27.791878
batch_02050_patch.tiff,patch_129,26.420412,23.783356,26.03536,24.327675,26.773312
batch_02050_patch.tiff,patch_130,27.044046,26.014046,26.39373,25.225473,27.61984
batch_02050_patch.tiff,patch_131,26.689495,23.794939,26.38517,23.613255,26.84418
batch_02050_patch.tiff,patch_132,25.898184,23.73539,25.329945,25.694374,26.988693
batch_02050_patch.tiff,patch_133,25.562538,23.221905,25.139658,25.763899,27.074923
batch_02050_patch.tiff,patch_134,25.578169,24.63814,25.09445,27.81702,28.682444
batch_02050_patch.tiff,patch_135,25.762136,24.20884,25.911667,24.659208,25.945215
batch_02050_patch.tiff,patch_136,25.741592,23.953106,25.177637,25.054728,26.204765
batch_02050_patch.tiff,patch_137,26.887445,24.58607,25.357096,25.27425,27.913336
batch_02050_patch.tiff,patch_138,23.43908,23.765455,23.274485,27.643484,27.854998
batch_02050_patch.tiff,patch_139,24.815832,23.697985,24.27501,26.908695,27.793997
batch_02050_patch.tiff,patch_140,25.654255,23.586073,26.069433,24.559038,26.125496
batch_02050_patch.tiff,patch_141,24.41895,23.481716,24.956076,24.462862,26.813112
batch_02050_patch.tiff,patch_142,26.128202,24.643238,25.101944,26.489653,28.546494
batch_02050_patch.tiff,patch_143,25.50278,24.86409,26.327614,25.933361,28.157625
batch_02050_patch.tiff,patch_144,24.056316,22.760164,22.788002,25.317429,25.963968
batch_02050_patch.tiff,patch_145,24.571604,23.868164,24.046274,25.035492,26.775751
batch_02050_patch.tiff,patch_146,25.49466,23.422024,24.64622,26.460032,26.919184
batch_02050_patch.tiff,patch_147,26.162817,23.551188,24.439278,25.181929,27.408888
batch_02050_patch.tiff,patch_148,25.88582,24.203331,24.47204,26.213427,28.065287
batch_02050_patch.tiff,patch_149,25.038273,23.688555,24.953903,25.396612,27.666134
batch_02050_patch.tiff,patch_150,24.400213,24.713858,24.732157,27.750105,28.86439
batch_02050_patch.tiff,patch_151,25.846369,25.697697,26.24978,26.28418,28.551222
batch_02050_patch.tiff,patch_152,25.375454,22.565863,25.619503,23.692764,26.234938
batch_02050_patch.tiff,patch_153,26.057646,23.887733,25.519205,25.200546,27.027897
batch_02050_patch.tiff,patch_154,25.223743,24.433426,26.304716,25.309402,27.247149
batch_02050_patch.tiff,patch_155,25.802687,25.042002,25.15394,26.748339,28.432505
batch_02050_patch.tiff,patch_156,25.98144,23.818232,24.780455,24.77644,28.060925
batch_02050_patch.tiff,patch_157,24.880707,23.42933,24.653576,24.218449,26.108335
batch_02050_patch.tiff,patch_158,26.887062,24.198402,26.22656,24.917156,28.282215
batch_02050_patch.tiff,patch_159,26.843616,24.177301,26.691965,24.871822,28.40189
batch_02050_patch.tiff,patch_160,25.28947,23.323177,26.650928,23.133682,26.405678
batch_02050_patch.tiff,patch_161,26.234867,23.461336,27.337133,22.648611,26.363419
batch_02050_patch.tiff,patch_162,24.778036,24.163647,24.089653,26.70248,28.182817
batch_02050_patch.tiff,patch_163,24.727304,24.761189,24.47722,27.235155,29.062382
batch_02050_patch.tiff,patch_164,26.79788,24.584923,26.912786,25.594816,27.436823
batch_02050_patch.tiff,patch_165,25.933727,24.21528,24.947151,25.262733,27.71159
batch_02050_patch.tiff,patch_166,27.200644,23.695114,27.667702,24.362585,27.455027
batch_02050_patch.tiff,patch_167,26.864,23.29335,26.702637,24.259443,27.694914
batch_02050_patch.tiff,patch_168,25.081331,23.32695,24.052183,25.407547,26.920267
batch_02050_patch.tiff,patch_169,25.962713,23.9387,26.47385,24.978346,27.243618
batch_02050_patch.tiff,patch_170,25.063356,23.770344,26.087252,24.91235,27.459146
batch_02050_patch.tiff,patch_171,25.218266,23.49115,26.376839,25.006598,27.320864
batch_02050_patch.tiff,patch_172,26.135538,23.51293,24.788343,24.439285,26.757414
batch_02050_patch.tiff,patch_173,25.523264,23.348219,24.843712,23.888384,25.777374
batch_02050_patch.tiff,patch_174,25.126608,24.695227,24.958982,27.21859,28.955643
batch_02050_patch.tiff,patch_175,25.866152,25.475847,26.327991,26.029037,28.47755
batch_02100_patch.tiff,patch_0,26.079613,23.761652,26.553331,24.999344,27.322054
batch_02100_patch.tiff,patch_1,26.233017,24.178013,24.79883,24.517338,27.186998
batch_02100_patch.tiff,patch_2,23.299242,23.241255,21.135685,26.682451,26.31546
batch_02100_patch.tiff,patch_3,26.132435,23.858759,24.406837,24.761312,27.233124
batch_02100_patch.tiff,patch_4,24.727066,23.685188,24.031025,25.814064,26.946856
batch_02100_patch.tiff,patch_5,24.767982,23.33576,24.39249,25.912926,26.348509
batch_02100_patch.tiff,patch_6,25.896801,25.445309,26.032866,26.190144,28.75186
batch_02100_patch.tiff,patch_7,25.021656,25.264585,25.806444,26.560509,28.896675
batch_02100_patch.tiff,patch_8,25.018335,24.159853,25.226538,26.758892,28.296108
batch_02100_patch.tiff,patch_9,25.012812,23.21415,26.500992,24.837963,27.230965
batch_02100_patch.tiff,patch_10,26.860613,24.578655,24.995499,25.63926,28.136757
batch_02100_patch.tiff,patch_11,24.725258,23.776669,24.942307,26.982079,27.709955
batch_02100_patch.tiff,patch_12,25.440887,25.212778,25.25515,26.873486,28.379875
batch_02100_patch.tiff,patch_13,27.346252,23.788965,24.929388,24.669874,27.0335
batch_02100_patch.tiff,patch_14,23.871386,23.292942,22.344513,26.98627,27.396212
batch_02100_patch.tiff,patch_15,24.399397,23.507841,23.639711,26.430386,27.378193
batch_02100_patch.tiff,patch_16,27.49791,24.34293,26.324295,24.283745,27.769033
batch_02100_patch.tiff,patch_17,24.941462,23.767233,24.322365,27.26051,27.479794
batch_02100_patch.tiff,patch_18,25.119865,24.527744,25.512587,26.8849,27.765854
batch_02100_patch.tiff,patch_19,26.752388,24.877945,26.194592,26.10254,27.93804
batch_02100_patch.tiff,patch_20,26.056295,23.518913,25.852787,24.124985,26.872736
batch_02100_patch.tiff,patch_21,26.618158,23.406551,25.467634,24.874632,27.806177
batch_02100_patch.tiff,patch_22,24.573946,23.24936,24.266567,26.202097,27.464027
batch_02100_patch.tiff,patch_23,25.172441,24.098898,24.201487,25.803366,27.614332
batch_02100_patch.tiff,patch_24,24.618969,24.614124,23.470045,26.498072,28.162352
batch_02100_patch.tiff,patch_25,25.794577,24.542812,24.89974,25.181314,27.469044
batch_02100_patch.tiff,patch_26,25.242092,24.445677,22.762903,27.093748,28.632599
batch_02100_patch.tiff,patch_27,25.386948,23.865004,25.231968,26.03857,27.026922
batch_02100_patch.tiff,patch_28,24.194561,23.34156,24.401627,25.953608,26.924927
batch_02100_patch.tiff,patch_29,24.749098,23.803816,24.095636,25.131142,26.908154
batch_02100_patch.tiff,patch_30,25.999533,24.010674,23.666111,24.697397,26.709421
batch_02100_patch.tiff,patch_31,23.724838,24.070295,22.923649,25.959435,26.85014
batch_02100_patch.tiff,patch_32,24.848673,23.834545,25.264477,24.368124,26.030285
batch_02100_patch.tiff,patch_33,26.524788,24.240646,26.817286,25.124521,27.753035
batch_02100_patch.tiff,patch_34,26.597143,24.654121,26.146505,25.303585,27.197033
batch_02100_patch.tiff,patch_35,26.284456,24.302906,25.541552,25.441734,27.572048
batch_02100_patch.tiff,patch_36,24.664179,23.84173,24.85486,26.25372,27.727236
batch_02100_patch.tiff,patch_37,25.160322,24.72483,25.14348,26.893457,28.802174
batch_02100_patch.tiff,patch_38,26.063816,24.312136,25.917488,25.14011,27.069359
batch_02100_patch.tiff,patch_39,24.373785,24.014143,22.550617,26.444042,27.720375
batch_02100_patch.tiff,patch_40,25.515224,24.669525,25.192842,26.450066,27.68158
batch_02100_patch.tiff,patch_41,25.159945,23.55535,24.421484,25.859596,27.814243
batch_02100_patch.tiff,patch_42,24.621166,23.86997,24.15587,26.221174,27.461246
batch_02100_patch.tiff,patch_43,24.636967,23.03875,24.3257,25.141829,26.412756
batch_02100_patch.tiff,patch_44,23.891747,24.81519,25.111036,25.708523,27.114016
batch_02100_patch.tiff,patch_45,26.032984,24.00786,24.531342,24.044626,26.637266
batch_02100_patch.tiff,patch_46,25.603981,23.421667,25.001417,25.030472,27.262423
batch_02100_patch.tiff,patch_47,25.822546,23.8885,26.002148,24.812195,27.540186
batch_02100_patch.tiff,patch_48,25.256987,22.947088,24.52106,26.831434,27.404234
batch_02100_patch.tiff,patch_49,25.205297,24.433313,25.416805,25.942533,28.198544
batch_02100_patch.tiff,patch_50,26.009169,23.649109,26.398565,24.461914,26.420996
batch_02100_patch.tiff,patch_51,26.692585,24.178192,26.633911,25.422176,27.806568
batch_02100_patch.tiff,patch_52,24.60409,24.10645,24.604673,26.019472,27.471334
batch_02100_patch.tiff,patch_53,25.989073,23.612803,24.937328,25.092527,26.956469
batch_02100_patch.tiff,patch_54,24.912905,23.774387,24.632925,25.801722,26.859045
batch_02100_patch.tiff,patch_55,24.571428,23.268906,24.935654,26.020273,27.279406
batch_02100_patch.tiff,patch_56,26.28868,24.494333,25.24391,24.836079,27.035269
batch_02100_patch.tiff,patch_57,23.700659,23.800032,23.965864,25.167095,26.260475
batch_02100_patch.tiff,patch_58,26.142488,23.264742,26.475357,24.188673,27.370106
batch_02100_patch.tiff,patch_59,26.044922,24.880373,25.701502,26.79394,28.529955
batch_02100_patch.tiff,patch_60,25.315073,24.21573,24.254782,27.0078,28.552933
batch_02100_patch.tiff,patch_61,25.563698,24.21503,24.507093,25.952833,27.909094
batch_02100_patch.tiff,patch_62,25.821695,23.922531,25.072104,26.433544,27.128523
batch_02100_patch.tiff,patch_63,26.133402,24.234219,25.274878,25.845139,27.272387
batch_02100_patch.tiff,patch_64,24.773808,24.173595,24.76579,27.812542,28.568275
batch_02100_patch.tiff,patch_65,27.005428,24.985014,25.886814,25.857466,28.486633
batch_02100_patch.tiff,patch_66,25.624271,24.554285,25.124006,25.003208,27.684439
batch_02100_patch.tiff,patch_67,25.073221,23.05348,24.226898,25.806665,26.923399
batch_02100_patch.tiff,patch_68,25.013826,23.906347,24.252337,25.758337,26.844843
batch_02100_patch.tiff,patch_69,25.577454,24.50901,24.179682,24.339472,26.876465
batch_02100_patch.tiff,patch_70,26.338099,23.13913,25.274054,23.88293,26.09753
batch_02100_patch.tiff,patch_71,25.75794,23.729794,23.882322,24.782032,26.012419
batch_02100_patch.tiff,patch_72,24.266155,23.207922,23.59245,26.726664,27.573595
batch_02100_patch.tiff,patch_73,25.78718,23.969545,25.16649,25.838995,28.215061
batch_02100_patch.tiff,patch_74,25.977184,24.316954,24.680769,25.854906,27.761526
batch_02100_patch.tiff,patch_75,25.549051,23.846933,23.451788,26.48359,27.385534
batch_02100_patch.tiff,patch_76,26.342659,25.516096,24.756025,26.630615,28.74789
batch_02100_patch.tiff,patch_77,26.078556,24.233109,26.78801,25.582132,27.418962
batch_02100_patch.tiff,patch_78,23.99197,23.802862,22.572906,25.914848,26.940756
batch_02100_patch.tiff,patch_79,23.573954,22.731606,22.85185,25.044905,25.79755
batch_02100_patch.tiff,patch_80,23.786837,23.550844,24.076193,26.16194,26.868963
batch_02100_patch.tiff,patch_81,24.87597,24.256136,23.97994,26.424765,27.262405
batch_02100_patch.tiff,patch_82,26.85914,23.620058,26.705486,23.864012,26.797766
batch_02100_patch.tiff,patch_83,26.848436,24.266361,25.547493,24.831863,27.996786
batch_02100_patch.tiff,patch_84,24.646336,23.043924,24.84087,25.53965,27.025805
batch_02100_patch.tiff,patch_85,26.375326,24.682121,25.555147,25.05563,28.456974
batch_02100_patch.tiff,patch_86,26.805874,23.34533,27.09302,24.59385,26.754332
batch_02100_patch.tiff,patch_87,26.276796,24.602518,24.364254,26.239662,27.637455
batch_02100_patch.tiff,patch_88,25.194973,25.228718,26.088116,27.524193,29.283762
batch_02100_patch.tiff,patch_89,26.172546,24.862602,24.823353,26.33649,28.901423
batch_02100_patch.tiff,patch_90,24.540577,23.764515,23.824661,25.477474,26.437712
batch_02100_patch.tiff,patch_91,23.716547,23.417519,22.388264,26.452223,26.793047
batch_02100_patch.tiff,patch_92,25.113514,24.6912,24.00705,27.029154,27.440407
batch_02100_patch.tiff,patch_93,25.239168,23.946976,22.880396,26.012968,27.79228
batch_02100_patch.tiff,patch_94,27.218185,24.087458,25.97322,25.398922,27.445007
batch_02100_patch.tiff,patch_95,27.106308,25.541927,26.72278,26.294922,29.515173
batch_02100_patch.tiff,patch_96,26.942087,23.784367,26.353394,24.579197,27.567633
batch_02100_patch.tiff,patch_97,23.690866,23.127373,24.346088,26.694418,27.808105
batch_02100_patch.tiff,patch_98,25.976704,22.82727,24.606064,24.597801,26.543896
batch_02100_patch.tiff,patch_99,24.431849,23.983871,22.812647,26.077988,27.782972
batch_02100_patch.tiff,patch_100,24.93279,24.140213,24.787447,26.931791,28.69927
batch_02100_patch.tiff,patch_101,25.234793,25.083284,25.608849,26.53018,28.771208
batch_02100_patch.tiff,patch_102,23.120241,23.293695,22.58723,26.222456,26.73516
batch_02100_patch.tiff,patch_103,24.243546,22.904385,22.87594,25.023594,26.047108
batch_02100_patch.tiff,patch_104,24.618319,23.959145,25.067543,25.068962,26.659706
batch_02100_patch.tiff,patch_105,24.653305,23.249443,25.039383,24.30723,25.651512
batch_02100_patch.tiff,patch_106,26.617731,24.415,25.768066,24.350296,27.277422
batch_02100_patch.tiff,patch_107,26.610514,24.22769,25.471703,24.736618,26.816349
batch_02100_patch.tiff,patch_108,26.189116,24.181683,24.819265,25.340391,27.209925
batch_02100_patch.tiff,patch_109,24.584267,23.412611,23.701542,25.848818,27.570173
batch_02100_patch.tiff,patch_110,25.427757,24.078344,23.17146,25.44703,27.432037
batch_02100_patch.tiff,patch_111,24.696434,23.611631,23.618382,26.476452,27.254
batch_02100_patch.tiff,patch_112,25.322388,24.51359,26.409126,26.950705,28.272816
batch_02100_patch.tiff,patch_113,24.13382,23.575455,24.74579,23.853594,26.69213
batch_02100_patch.tiff,patch_114,24.18467,23.343132,23.263794,24.266224,26.656197
batch_02100_patch.tiff,patch_115,25.61882,23.456888,24.031652,23.906403,25.73683
batch_02100_patch.tiff,patch_116,25.789585,23.844225,25.33087,25.034035,27.118414
batch_02100_patch.tiff,patch_117,25.071537,23.695307,24.169746,27.061888,28.275963
batch_02100_patch.tiff,patch_118,25.312082,24.539162,24.407282,26.544527,28.645588
batch_02100_patch.tiff,patch_119,26.119501,24.765938,26.19259,24.39587,26.875105
batch_02100_patch.tiff,patch_120,25.415108,25.379545,26.17039,25.947931,27.52299
batch_02100_patch.tiff,patch_121,25.609938,24.848482,23.977478,25.655224,27.66353
batch_02100_patch.tiff,patch_122,27.039646,24.069376,26.739498,24.29243,26.740225
batch_02100_patch.tiff,patch_123,26.500729,24.11369,26.036676,25.189491,27.784569
batch_02100_patch.tiff,patch_124,26.671017,23.310524,25.720278,24.36435,26.999767
batch_02100_patch.tiff,patch_125,26.061398,24.186043,24.009134,24.688612,27.359467
batch_02100_patch.tiff,patch_126,24.39877,24.836052,25.227243,24.793468,27.017723
batch_02100_patch.tiff,patch_127,24.365446,23.737617,24.376171,26.808475,27.364838
batch_02100_patch.tiff,patch_128,25.553059,23.887228,24.974228,24.731407,26.298914
batch_02100_patch.tiff,patch_129,24.835957,25.034836,25.708845,27.698872,28.126497
batch_02100_patch.tiff,patch_130,25.935404,25.840105,26.271074,26.034233,27.464882
batch_02100_patch.tiff,patch_131,26.543491,24.577396,25.904474,24.5266,26.794355
batch_02100_patch.tiff,patch_132,25.45636,24.214243,24.088982,25.026928,27.348871
batch_02100_patch.tiff,patch_133,26.316023,23.86341,26.246212,25.205606,27.30828
batch_02100_patch.tiff,patch_134,25.945017,23.473911,25.79253,24.253708,27.152191
batch_02100_patch.tiff,patch_135,25.001406,24.034805,23.833527,25.60335,26.911188
batch_02100_patch.tiff,patch_136,23.746412,23.493437,23.836426,24.075054,25.890036
batch_02100_patch.tiff,patch_137,24.335873,24.048393,23.911575,26.953424,27.89971
batch_02100_patch.tiff,patch_138,25.24039,23.940163,25.310673,26.111607,27.635778
batch_02100_patch.tiff,patch_139,25.355114,24.494473,25.60808,25.894041,28.020994
batch_02100_patch.tiff,patch_140,24.931677,24.111158,24.664268,27.122568,28.250273
batch_02100_patch.tiff,patch_141,27.482086,25.594624,26.510984,25.97926,28.15279
batch_02100_patch.tiff,patch_142,27.01287,24.20596,25.944492,24.825869,27.622114
batch_02100_patch.tiff,patch_143,26.764751,23.557232,25.13207,24.0442,27.300491
batch_02100_patch.tiff,patch_144,25.52385,24.802368,24.734741,26.55469,28.072435
batch_02100_patch.tiff,patch_145,25.79807,23.774607,25.599962,25.297455,26.640913
batch_02100_patch.tiff,patch_146,24.09447,23.769073,22.96059,26.117765,26.556686
batch_02100_patch.tiff,patch_147,24.293724,23.467775,22.273441,25.8548,26.941406
batch_02100_patch.tiff,patch_148,25.941935,23.75699,25.555704,26.101866,27.304417
batch_02100_patch.tiff,patch_149,25.755945,24.417477,25.109837,27.231184,28.81025
batch_02100_patch.tiff,patch_150,25.957573,24.051985,24.794395,25.793488,27.67495
batch_02100_patch.tiff,patch_151,27.371645,23.33517,26.126455,23.329103,26.652615
batch_02100_patch.tiff,patch_152,26.144453,23.443705,26.208193,24.461054,27.034039
batch_02100_patch.tiff,patch_153,26.447666,23.170454,25.988733,24.038538,26.604612
batch_02100_patch.tiff,patch_154,26.813414,22.370699,26.450052,22.794735,26.459444
batch_02100_patch.tiff,patch_155,25.438553,24.468414,24.716448,26.859863,28.417168
batch_02100_patch.tiff,patch_156,25.325317,24.351528,25.285078,25.408396,27.214989
batch_02100_patch.tiff,patch_157,24.673784,23.564192,23.466997,26.669134,27.076572
batch_02100_patch.tiff,patch_158,24.731867,24.294197,24.018797,25.255295,27.158323
batch_02100_patch.tiff,patch_159,26.483185,24.462816,24.9602,25.768257,28.235538
batch_02100_patch.tiff,patch_160,26.288568,24.880346,25.854324,26.039434,28.934866
batch_02100_patch.tiff,patch_161,26.079433,23.652346,25.054829,23.002886,25.851746
batch_02100_patch.tiff,patch_162,26.635088,24.051561,25.505573,24.549093,27.267534
batch_02100_patch.tiff,patch_163,27.305977,23.57714,26.434763,23.493164,26.464252
batch_02100_patch.tiff,patch_164,27.400295,24.67067,27.01914,24.413681,26.773264
batch_02100_patch.tiff,patch_165,24.494518,24.179266,22.958261,25.200771,27.314611
batch_02100_patch.tiff,patch_166,26.157475,23.452396,24.341064,24.69656,26.751577
batch_02100_patch.tiff,patch_167,24.267086,24.683874,22.397179,25.257654,27.557985
batch_02100_patch.tiff,patch_168,23.238213,23.102911,22.260353,25.992725,26.183964
batch_02100_patch.tiff,patch_169,26.195444,23.48176,25.22951,25.832813,27.238558
batch_02100_patch.tiff,patch_170,25.816803,24.192448,23.728426,25.874458,27.878569
batch_02100_patch.tiff,patch_171,24.786926,23.40764,22.980787,27.100832,28.188614
batch_02100_patch.tiff,patch_172,25.48413,24.223755,24.94194,26.507051,27.26207
batch_02100_patch.tiff,patch_173,25.613058,24.528746,25.356653,26.783136,28.238155
batch_02100_patch.tiff,patch_174,25.62339,24.050587,26.470882,25.548756,26.751604
batch_02100_patch.tiff,patch_175,25.812136,23.99087,26.253868,24.601828,26.76377
batch_02150_patch.tiff,patch_0,25.219604,24.456758,24.633633,26.64192,27.911463
batch_02150_patch.tiff,patch_1,26.448782,24.401907,27.241308,24.371252,27.821642
batch_02150_patch.tiff,patch_2,26.117619,24.318777,26.451477,25.733215,27.054544
batch_02150_patch.tiff,patch_3,26.21781,23.182562,26.270664,24.35072,25.497786
batch_02150_patch.tiff,patch_4,24.907408,22.72309,24.111853,26.026707,25.924278
batch_02150_patch.tiff,patch_5,24.627287,23.316914,24.096373,23.931688,24.576345
batch_02150_patch.tiff,patch_6,27.757328,23.76581,27.997915,23.3417,25.844938
batch_02150_patch.tiff,patch_7,24.950394,22.616982,22.823553,24.530645,25.303623
batch_02150_patch.tiff,patch_8,25.52625,23.328749,24.34997,24.931992,25.43345
batch_02150_patch.tiff,patch_9,25.067343,23.037685,26.34294,24.949266,27.442785
batch_02150_patch.tiff,patch_10,26.380993,24.12274,26.624537,25.01833,27.956339
batch_02150_patch.tiff,patch_11,24.287666,24.59098,24.723682,26.811613,28.795332
batch_02150_patch.tiff,patch_12,26.103731,22.759996,25.047865,24.862732,26.746954
batch_02150_patch.tiff,patch_13,26.153885,23.896587,24.99469,25.463877,25.97198
batch_02150_patch.tiff,patch_14,25.393082,24.20904,25.125149,24.151573,26.209084
batch_02150_patch.tiff,patch_15,23.949636,23.298399,22.983261,27.559153,25.583015
batch_02150_patch.tiff,patch_16,23.822271,22.90604,23.846277,25.913843,25.479609
batch_02150_patch.tiff,patch_17,26.88714,23.206024,27.57526,22.702806,25.029768
batch_02150_patch.tiff,patch_18,27.69528,23.148104,27.65655,23.54813,25.788599
batch_02150_patch.tiff,patch_19,25.187975,24.047398,24.939707,26.402332,26.690619
batch_02150_patch.tiff,patch_20,24.978603,24.170353,23.957582,26.996675,27.242111
batch_02150_patch.tiff,patch_21,26.630434,24.035725,24.796318,25.256067,28.294535
batch_02150_patch.tiff,patch_22,26.081224,24.197977,24.87319,25.840939,28.893337
batch_02150_patch.tiff,patch_23,24.220364,23.092777,24.777546,25.879847,25.811338
batch_02150_patch.tiff,patch_24,26.058468,24.908731,24.919895,27.156239,28.881147
batch_02150_patch.tiff,patch_25,24.284698,23.522629,25.041721,25.814432,27.733355
batch_02150_patch.tiff,patch_26,24.020042,23.577267,23.65702,27.56993,27.522121
batch_02150_patch.tiff,patch_27,27.007051,23.839186,26.311893,24.257612,25.86658
batch_02150_patch.tiff,patch_28,27.606623,23.539547,28.124308,23.521095,25.571146
batch_02150_patch.tiff,patch_29,27.313215,23.670769,27.179827,22.878319,25.414827
batch_02150_patch.tiff,patch_30,24.614964,23.40758,23.190435,26.248062,26.209057
batch_02150_patch.tiff,patch_31,25.546917,23.637972,23.602198,24.622377,26.661047
batch_02150_patch.tiff,patch_32,26.968784,24.508331,27.608637,24.592123,27.684149
batch_02150_patch.tiff,patch_33,25.021902,24.293356,24.395952,25.232992,27.316223
batch_02150_patch.tiff,patch_34,24.526318,22.73364,23.467428,26.610098,25.558756
batch_02150_patch.tiff,patch_35,26.541384,23.716116,26.639977,25.380947,27.306524
batch_02150_patch.tiff,patch_36,26.06645,24.257708,26.788929,24.772377,27.580324
batch_02150_patch.tiff,patch_37,24.749842,24.179777,24.37469,26.994932,28.221384
batch_02150_patch.tiff,patch_38,25.006695,23.627886,25.531439,26.635761,27.43618
batch_02150_patch.tiff,patch_39,27.071867,22.57497,25.885973,22.516378,25.769445
batch_02150_patch.tiff,patch_40,27.233488,22.961538,26.619806,22.715763,25.582315
batch_02150_patch.tiff,patch_41,25.709671,23.591673,24.4171,26.034115,26.906277
batch_02150_patch.tiff,patch_42,26.67917,23.270008,24.898691,24.79482,26.607086
batch_02150_patch.tiff,patch_43,26.996248,24.331717,26.674648,25.04168,27.268093
batch_02150_patch.tiff,patch_44,25.193405,24.776464,25.367188,25.812132,27.484146
batch_02150_patch.tiff,patch_45,26.471062,22.524601,26.100435,24.597479,25.73303
batch_02150_patch.tiff,patch_46,24.258675,23.887386,24.564106,27.04518,28.390799
batch_02150_patch.tiff,patch_47,24.581615,23.792814,25.294008,26.460365,28.476357
batch_02150_patch.tiff,patch_48,27.12084,24.766806,25.422363,26.32817,26.971937
batch_02150_patch.tiff,patch_49,25.872702,23.45241,25.106064,25.946161,27.07593
batch_02150_patch.tiff,patch_50,26.916115,24.785282,27.061646,25.132948,27.741344
batch_02150_patch.tiff,patch_51,27.742056,25.848198,26.149563,27.06087,29.260805
batch_02150_patch.tiff,patch_52,24.756319,23.06558,24.443745,25.437775,27.339373
batch_02150_patch.tiff,patch_53,25.133669,22.436825,24.470242,22.948786,24.13329
batch_02150_patch.tiff,patch_54,26.34745,22.095707,24.484015,22.818142,25.367117
batch_02150_patch.tiff,patch_55,26.323402,23.33079,25.431654,25.02921,26.087776
batch_02150_patch.tiff,patch_56,25.944576,24.018805,24.388767,26.163424,26.894724
batch_02150_patch.tiff,patch_57,25.364077,24.275152,25.693798,25.295094,27.44751
batch_02150_patch.tiff,patch_58,26.059875,24.29493,26.185835,25.231316,27.623844
batch_02150_patch.tiff,patch_59,26.483702,22.917225,27.145535,24.962824,26.93735
batch_02150_patch.tiff,patch_60,25.272562,23.34336,25.610392,25.757486,26.78928
batch_02150_patch.tiff,patch_61,26.813076,25.290047,26.627287,25.722452,27.943838
batch_02150_patch.tiff,patch_62,27.23747,25.091105,26.585833,23.995268,26.645382
batch_02150_patch.tiff,patch_63,24.995539,22.534224,23.998693,26.296236,26.822208
batch_02150_patch.tiff,patch_64,25.956387,21.99149,27.418846,22.86988,25.725214
batch_02150_patch.tiff,patch_65,26.21607,23.481613,24.549757,26.138002,26.25219
batch_02150_patch.tiff,patch_66,25.706955,22.195547,24.92704,24.412334,25.254107
batch_02150_patch.tiff,patch_67,25.482635,24.145227,23.386465,25.375406,26.29708
batch_02150_patch.tiff,patch_68,26.656208,23.406738,25.29672,24.166138,27.56413
batch_02150_patch.tiff,patch_69,25.412458,23.61973,25.421597,25.172216,27.040285
batch_02150_patch.tiff,patch_70,26.853718,23.98538,26.617847,26.454586,27.512651
batch_02150_patch.tiff,patch_71,25.544497,25.356335,26.391533,26.247986,28.602842
batch_02150_patch.tiff,patch_72,27.245783,23.127977,26.926939,23.271463,25.68401
batch_02150_patch.tiff,patch_73,26.598114,22.66515,27.879316,22.276514,24.741858
batch_02150_patch.tiff,patch_74,26.404297,22.54609,25.075638,23.321907,26.051722
batch_02150_patch.tiff,patch_75,26.069479,23.18653,23.345448,24.328264,25.44186
batch_02150_patch.tiff,patch_76,24.275446,23.393469,22.97783,25.978685,25.604992
batch_02150_patch.tiff,patch_77,26.100962,23.455723,26.670126,23.995863,27.503614
batch_02150_patch.tiff,patch_78,25.719128,23.723234,25.836449,25.018332,27.108137
batch_02150_patch.tiff,patch_79,26.23122,22.813692,27.13448,25.736872,26.551594
batch_02150_patch.tiff,patch_80,25.495775,23.545725,25.461407,24.601946,26.295223
batch_02150_patch.tiff,patch_81,27.177465,23.08413,27.78338,23.74457,25.569492
batch_02150_patch.tiff,patch_82,26.372633,22.37809,28.23336,22.692654,25.091228
batch_02150_patch.tiff,patch_83,26.013071,23.779678,23.83029,26.113527,25.940128
batch_02150_patch.tiff,patch_84,26.215626,23.47226,24.598509,24.911495,26.572996
batch_02150_patch.tiff,patch_85,25.413877,22.663267,25.499907,24.942995,25.213873
batch_02150_patch.tiff,patch_86,25.01536,23.216381,23.545301,24.490734,24.814577
batch_02150_patch.tiff,patch_87,26.237385,23.285164,26.790129,25.218996,27.654121
batch_02150_patch.tiff,patch_88,24.697012,24.209711,24.397026,26.309874,28.302952
batch_02150_patch.tiff,patch_89,25.391691,23.17875,25.529018,24.829464,27.088512
batch_02150_patch.tiff,patch_90,25.63175,23.332258,26.703415,24.664389,27.442299
batch_02150_patch.tiff,patch_91,22.298563,24.063837,22.154594,26.063362,25.841694
batch_02150_patch.tiff,patch_92,26.98211,22.371311,26.857851,21.807972,25.75037
batch_02150_patch.tiff,patch_93,26.596458,22.885815,26.886482,22.645903,25.520285
batch_02150_patch.tiff,patch_94,26.114223,23.970814,25.54438,24.800358,25.650303
batch_02150_patch.tiff,patch_95,26.323189,21.734638,24.159882,23.78187,25.62613
batch_02150_patch.tiff,patch_96,25.756426,24.258846,25.76043,25.00871,26.385225
batch_02150_patch.tiff,patch_97,26.345207,23.574257,27.558983,25.320055,26.199327
batch_02150_patch.tiff,patch_98,24.975782,23.860214,25.203655,26.308668,28.479694
batch_02150_patch.tiff,patch_99,25.647774,23.797611,25.600508,24.562508,26.967152
batch_02150_patch.tiff,patch_100,25.884007,23.044813,27.247885,24.60942,27.214895
batch_02150_patch.tiff,patch_101,25.864311,25.08581,26.811707,25.219982,27.494778
batch_02150_patch.tiff,patch_102,24.072126,25.1748,22.457396,25.021757,27.515688
batch_02150_patch.tiff,patch_103,23.52158,23.824253,23.054201,24.717295,26.547117
batch_02150_patch.tiff,patch_104,26.558992,21.54826,26.216553,21.423811,24.50856
batch_02150_patch.tiff,patch_105,26.89963,22.4165,25.334078,23.373898,25.36885
batch_02150_patch.tiff,patch_106,26.646158,23.329065,25.299528,26.562716,26.41674
batch_02150_patch.tiff,patch_107,26.13491,22.872673,25.539059,24.69403,25.897587
batch_02150_patch.tiff,patch_108,25.71525,24.10479,25.22189,26.771626,26.76124
batch_02150_patch.tiff,patch_109,25.72686,23.373705,25.098541,24.87238,27.52102
batch_02150_patch.tiff,patch_110,26.830416,23.5085,26.312206,23.8658,26.642141
batch_02150_patch.tiff,patch_111,25.791204,24.026741,25.48362,25.703278,27.506573
batch_02150_patch.tiff,patch_112,26.220364,23.279226,24.726418,25.131172,28.098398
batch_02150_patch.tiff,patch_113,22.861526,22.793554,22.62318,26.494202,26.518732
batch_02150_patch.tiff,patch_114,23.599276,22.347399,23.19369,26.176434,25.56313
batch_02150_patch.tiff,patch_115,27.138006,24.15438,25.994911,24.546747,26.950676
batch_02150_patch.tiff,patch_116,27.377398,24.092943,26.477623,24.900682,27.409353
batch_02150_patch.tiff,patch_117,25.001768,22.688562,22.701517,24.33411,25.623709
batch_02150_patch.tiff,patch_118,26.858105,23.660234,25.095545,25.213715,25.93088
batch_02150_patch.tiff,patch_119,25.210135,22.266874,23.779268,24.621878,25.537426
batch_02150_patch.tiff,patch_120,26.075602,22.522598,22.940779,24.37938,25.691702
batch_02150_patch.tiff,patch_121,26.051733,24.062895,26.675627,25.260916,27.862291
batch_02150_patch.tiff,patch_122,26.604694,24.10838,26.204533,23.765972,26.770248
batch_02150_patch.tiff,patch_123,25.58901,24.190916,26.128408,25.548477,27.708908
batch_02150_patch.tiff,patch_124,25.823023,24.654785,26.154428,26.415548,27.410604
batch_02150_patch.tiff,patch_125,22.688465,24.335852,23.401642,24.50344,26.308685
batch_02150_patch.tiff,patch_126,22.903427,23.741196,21.8949,25.251,25.754328
batch_02150_patch.tiff,patch_127,25.745426,23.874498,25.890406,23.844532,26.07221
batch_02150_patch.tiff,patch_128,26.923487,23.649931,26.089739,24.043577,26.974243
batch_02150_patch.tiff,patch_129,25.263836,22.68857,23.98636,25.437283,25.142538
batch_02150_patch.tiff,patch_130,25.40886,22.948488,24.252167,24.965906,25.202765
batch_02150_patch.tiff,patch_131,24.837284,23.059332,24.717121,24.41131,26.085072
batch_02150_patch.tiff,patch_132,25.464193,23.122656,24.259512,23.81928,25.546484
batch_02150_patch.tiff,patch_133,26.148132,24.012655,26.300806,25.074295,27.432644
batch_02150_patch.tiff,patch_134,26.095339,23.212242,25.8507,24.16316,27.285105
batch_02150_patch.tiff,patch_135,26.274174,23.667593,25.862309,24.873919,27.001333
batch_02150_patch.tiff,patch_136,23.981848,23.86826,23.859367,26.929716,27.916927
batch_02150_patch.tiff,patch_137,22.400349,24.527702,23.450068,24.265804,26.247488
batch_02150_patch.tiff,patch_138,24.80188,22.456923,24.58376,25.002195,25.245203
batch_02150_patch.tiff,patch_139,25.712873,22.905298,24.761143,25.178913,25.826033
batch_02150_patch.tiff,patch_140,25.874546,25.048527,24.568903,26.95226,27.095938
batch_02150_patch.tiff,patch_141,25.015347,22.502146,23.355274,25.804182,25.671312
batch_02150_patch.tiff,patch_142,25.333141,22.877136,23.119461,24.953186,25.374617
batch_02150_patch.tiff,patch_143,26.391201,23.796082,26.634192,23.918898,26.978298
batch_02150_patch.tiff,patch_144,25.093994,24.547216,26.4818,24.996078,28.275497
batch_02150_patch.tiff,patch_145,26.345884,23.127165,27.140703,24.881365,27.323374
batch_02150_patch.tiff,patch_146,26.059639,22.638031,26.367254,23.970486,27.24276
batch_02150_patch.tiff,patch_147,24.651314,23.207806,23.427458,26.409384,26.33667
batch_02150_patch.tiff,patch_148,26.039434,23.965513,25.648594,25.386326,26.344559
batch_02150_patch.tiff,patch_149,24.850122,22.700209,22.627413,25.026972,24.992783
batch_02150_patch.tiff,patch_150,24.709074,23.108397,23.069128,25.82589,25.566086
batch_02150_patch.tiff,patch_151,26.573965,23.683704,26.635609,24.27721,26.593311
batch_02150_patch.tiff,patch_152,26.957241,24.539597,25.446558,24.29541,26.162577
batch_02150_patch.tiff,patch_153,26.292376,22.831871,23.953587,24.189438,26.083344
batch_02150_patch.tiff,patch_154,25.691395,23.690458,24.078306,24.933626,25.531519
batch_02150_patch.tiff,patch_155,24.159014,22.106493,23.690077,24.803417,25.15327
batch_02150_patch.tiff,patch_156,25.86948,23.524385,24.609198,24.79699,26.652779
batch_02150_patch.tiff,patch_157,23.269499,21.813705,22.569511,25.82922,24.664986
batch_02150_patch.tiff,patch_158,25.39274,23.220999,23.228827,26.709105,25.663525
batch_02150_patch.tiff,patch_159,26.216202,22.997803,23.777721,26.398241,26.57563
batch_02150_patch.tiff,patch_160,25.74918,21.84991,23.703903,25.818254,25.493116
batch_02200_patch.tiff,patch_0,25.520542,23.950645,25.136173,24.368294,26.686144
batch_02200_patch.tiff,patch_1,26.026222,23.658491,25.926428,24.168795,25.389233
batch_02200_patch.tiff,patch_2,25.075378,22.896112,23.458355,24.144642,26.88419
batch_02200_patch.tiff,patch_3,24.903605,23.405561,25.383198,25.107449,25.054354
batch_02200_patch.tiff,patch_4,24.915077,24.16601,27.524767,23.930643,25.23068
batch_02200_patch.tiff,patch_5,26.339222,25.478003,25.479372,26.252592,27.958595
batch_02200_patch.tiff,patch_6,26.551003,24.191916,27.381712,24.79185,27.331745
batch_02200_patch.tiff,patch_7,26.183271,23.307863,25.867144,24.534721,26.350687
batch_02200_patch.tiff,patch_8,26.26847,24.350367,25.185148,25.296507,26.108288
batch_02200_patch.tiff,patch_9,24.362707,22.740913,24.437815,25.811523,25.233837
batch_02200_patch.tiff,patch_10,26.242228,23.6061,25.25317,24.234575,25.386175
batch_02200_patch.tiff,patch_11,26.225916,23.704727,26.91557,24.501915,26.046982
batch_02200_patch.tiff,patch_12,24.62583,22.990313,24.292448,25.666716,27.167192
batch_02200_patch.tiff,patch_13,24.649485,21.818462,25.157663,23.641003,26.665535
batch_02200_patch.tiff,patch_14,24.658201,24.258526,25.434109,26.28833,26.297129
batch_02200_patch.tiff,patch_15,26.062546,24.55758,25.500399,25.14074,27.300234
batch_02200_patch.tiff,patch_16,26.949451,24.77862,26.50396,24.363052,27.300552
batch_02200_patch.tiff,patch_17,25.257093,22.68358,23.425558,25.513699,25.847654
batch_02200_patch.tiff,patch_18,25.435328,23.263985,25.050947,26.617178,26.101023
batch_02200_patch.tiff,patch_19,23.754282,23.44758,23.730417,25.853575,25.133074
batch_02200_patch.tiff,patch_20,25.52831,24.04793,24.573263,24.928085,25.851664
batch_02200_patch.tiff,patch_21,25.853224,23.441324,26.174883,23.931065,25.316805
batch_02200_patch.tiff,patch_22,24.347046,23.681574,25.672487,25.617477,25.884943
batch_02200_patch.tiff,patch_23,22.61612,21.577944,20.96876,25.370064,24.145454
batch_02200_patch.tiff,patch_24,24.423203,22.53619,23.420404,25.430752,25.504383
batch_02200_patch.tiff,patch_25,25.812344,23.95173,25.722046,24.225222,25.506868
batch_02200_patch.tiff,patch_26,26.974504,24.09813,28.223906,25.938465,26.83929
batch_02200_patch.tiff,patch_27,25.183725,23.858969,24.720627,26.441135,26.718876
batch_02200_patch.tiff,patch_28,24.227888,22.899479,23.167526,25.400127,25.652718
batch_02200_patch.tiff,patch_29,23.995886,22.78275,22.965069,26.638126,26.86151
batch_02200_patch.tiff,patch_30,25.455805,23.981596,26.874107,23.665579,25.462032
batch_02200_patch.tiff,patch_31,25.254456,23.874924,25.795694,23.809603,25.04554
batch_02200_patch.tiff,patch_32,25.242754,23.02075,23.687527,24.97333,26.288612
batch_02200_patch.tiff,patch_33,23.136284,22.616453,23.413082,26.168045,26.812254
batch_02200_patch.tiff,patch_34,25.223116,23.371838,25.611164,22.57989,23.35486
batch_02200_patch.tiff,patch_35,27.692987,24.82693,26.395704,25.052246,26.59527
batch_02200_patch.tiff,patch_36,27.012707,24.59317,27.155859,24.964169,26.199656
batch_02200_patch.tiff,patch_37,25.977165,23.504238,25.84917,24.150526,25.870012
batch_02200_patch.tiff,patch_38,26.321943,23.697798,24.722103,25.49543,26.670748
batch_02200_patch.tiff,patch_39,24.205194,23.399733,22.0454,24.870405,26.228624
batch_02200_patch.tiff,patch_40,24.567194,22.727287,23.227673,25.0167,25.5571
batch_02200_patch.tiff,patch_41,26.383524,23.7144,24.766748,25.5132,28.113478
batch_02200_patch.tiff,patch_42,27.073427,25.340927,26.021778,24.708176,27.25604
batch_02200_patch.tiff,patch_43,23.634766,22.098557,23.235235,26.0513,25.387804
batch_02200_patch.tiff,patch_44,23.38011,21.400694,22.63063,25.697536,24.950628
batch_02200_patch.tiff,patch_45,23.553217,23.255457,23.338348,26.597965,25.93888
batch_02200_patch.tiff,patch_46,27.407654,24.071863,27.491037,24.469723,27.162216
batch_02200_patch.tiff,patch_47,26.349089,23.85691,24.590023,25.171812,26.050474
batch_02200_patch.tiff,patch_48,24.845484,23.24721,22.114853,25.97385,25.978395
batch_02200_patch.tiff,patch_49,23.816803,22.715143,22.03759,25.780987,26.047424
batch_02200_patch.tiff,patch_50,23.782545,22.355047,21.878859,25.815592,25.864973
batch_02200_patch.tiff,patch_51,26.786066,24.364258,26.533619,25.83392,28.034758
batch_02200_patch.tiff,patch_52,26.733063,24.501572,27.040548,25.050074,28.046246
batch_02200_patch.tiff,patch_53,24.182772,22.023005,23.460703,25.672358,25.183086
batch_02200_patch.tiff,patch_54,24.04778,22.007227,24.348381,24.80487,25.836958
batch_02200_patch.tiff,patch_55,25.24293,24.775265,25.59205,26.845701,26.493303
batch_02200_patch.tiff,patch_56,26.863775,24.144522,26.303698,25.121067,26.088915
batch_02200_patch.tiff,patch_57,26.011118,23.26944,24.080435,26.24819,25.779078
batch_02200_patch.tiff,patch_58,24.612494,22.169987,22.950027,23.634714,24.257557
batch_02200_patch.tiff,patch_59,23.897566,22.809784,21.977459,26.18314,26.287556
batch_02200_patch.tiff,patch_60,23.832655,22.775496,22.131845,25.477495,25.984392
batch_02200_patch.tiff,patch_61,25.75575,24.530443,26.712234,25.057365,26.2778
batch_02200_patch.tiff,patch_62,25.95977,24.384527,26.212854,25.12891,26.30296
batch_02200_patch.tiff,patch_63,25.515625,23.3735,25.090315,25.891441,26.694227
batch_02200_patch.tiff,patch_64,26.19468,22.28293,26.33816,24.237972,25.752304
batch_02200_patch.tiff,patch_65,23.559351,22.492523,22.413004,24.875233,24.652359
batch_02200_patch.tiff,patch_66,24.423485,22.692474,22.809826,23.883505,25.46558
batch_02200_patch.tiff,patch_67,26.132769,24.581017,26.35452,25.460785,26.632055
batch_02200_patch.tiff,patch_68,27.042837,24.587439,26.292912,24.518383,27.416843
batch_02200_patch.tiff,patch_69,26.562733,23.99921,26.599636,24.745916,27.137518
batch_02200_patch.tiff,patch_70,23.7145,22.932543,20.855778,24.429358,25.62902
batch_02200_patch.tiff,patch_71,25.199663,22.903131,22.473452,23.50288,26.16684
batch_02200_patch.tiff,patch_72,24.964886,22.482067,25.818155,24.009422,25.273355
batch_02200_patch.tiff,patch_73,26.658627,24.631296,26.733162,24.94326,26.591587
batch_02200_patch.tiff,patch_74,23.910362,21.840649,24.46679,24.175648,24.369709
batch_02200_patch.tiff,patch_75,25.541985,21.979025,24.607021,24.917957,26.08475
batch_02200_patch.tiff,patch_76,24.526194,22.80955,22.071585,24.406277,25.393677
batch_02200_patch.tiff,patch_77,23.958939,22.876211,21.721773,24.812153,24.920246
batch_02200_patch.tiff,patch_78,26.809292,24.991217,26.752916,24.657429,27.214468
batch_02200_patch.tiff,patch_79,27.55156,24.294725,26.298037,24.523985,27.168936
batch_02200_patch.tiff,patch_80,24.7448,24.150963,23.757885,26.492626,26.744421
batch_02200_patch.tiff,patch_81,24.306425,23.054857,22.151808,23.853802,26.554327
batch_02200_patch.tiff,patch_82,24.54811,23.249315,21.671618,24.31962,26.644966
batch_02200_patch.tiff,patch_83,27.126343,22.759668,26.132227,24.18634,26.557793
batch_02200_patch.tiff,patch_84,26.485998,23.249477,25.44895,24.748205,27.044676
batch_02200_patch.tiff,patch_85,24.05111,22.532856,23.95676,25.636183,26.712757
batch_02200_patch.tiff,patch_86,23.093702,22.897053,22.918688,25.76236,26.075916
batch_02200_patch.tiff,patch_87,24.163715,22.961292,22.872025,24.730274,25.392426
batch_02200_patch.tiff,patch_88,23.503342,22.314087,22.127737,25.159157,24.781567
batch_02200_patch.tiff,patch_89,27.054457,24.043537,25.830574,25.078934,25.877743
batch_02200_patch.tiff,patch_90,27.136587,24.22774,27.042837,23.939043,25.63202
batch_02200_patch.tiff,patch_91,25.86903,23.590958,23.826567,26.34462,26.101103
batch_02200_patch.tiff,patch_92,25.136133,23.283268,24.526045,25.906883,26.212353
batch_02200_patch.tiff,patch_93,23.958345,22.63488,22.716564,25.437271,25.551325
batch_02200_patch.tiff,patch_94,24.547085,23.072895,21.729807,24.424301,26.729477
batch_02200_patch.tiff,patch_95,25.638968,22.138546,24.989439,24.214317,25.939587
batch_02200_patch.tiff,patch_96,24.499924,22.51494,25.09076,24.007769,24.927227
batch_02200_patch.tiff,patch_97,23.908476,23.103172,24.217552,25.594414,26.553297
batch_02200_patch.tiff,patch_98,24.503078,22.607983,23.188452,24.523487,26.070957
batch_02200_patch.tiff,patch_99,23.990015,22.609722,21.972775,25.685339,25.413269
batch_02200_patch.tiff,patch_100,25.62603,25.143461,26.13742,26.20219,27.0675
batch_02200_patch.tiff,patch_101,26.303396,23.41556,25.301868,24.877172,26.76665
batch_02200_patch.tiff,patch_102,25.045729,23.206188,23.795076,25.957323,25.83709
batch_02200_patch.tiff,patch_103,25.668615,23.27982,24.003546,25.542612,26.116331
batch_02200_patch.tiff,patch_104,24.367952,23.507639,23.289978,26.449015,26.778952
batch_02200_patch.tiff,patch_105,24.162853,23.514235,22.72711,24.76253,26.669252
batch_02200_patch.tiff,patch_106,25.315134,22.612137,24.773106,24.872253,25.361494
batch_02200_patch.tiff,patch_107,25.320139,22.829329,24.684483,25.300869,26.436054
batch_02200_patch.tiff,patch_108,26.034405,24.374983,25.074217,25.082638,27.050514
batch_02200_patch.tiff,patch_109,26.3309,25.184313,26.195297,24.63688,27.546953
batch_02200_patch.tiff,patch_110,24.498402,22.58527,23.05293,25.191093,24.77048
batch_02200_patch.tiff,patch_111,25.308672,23.742165,23.146427,25.93006,25.982979
batch_02200_patch.tiff,patch_112,24.558165,23.489733,25.32436,25.763014,26.24924
batch_02200_patch.tiff,patch_113,24.514809,23.70154,23.828829,26.047167,26.338528
batch_02200_patch.tiff,patch_114,24.273058,22.988884,23.60574,25.263319,25.29406
batch_02200_patch.tiff,patch_115,24.767593,23.381506,23.441757,26.978008,26.685116
batch_02200_patch.tiff,patch_116,25.245214,21.53781,24.735704,23.684204,24.988018
batch_02200_patch.tiff,patch_117,25.96709,23.132679,25.911798,24.02288,26.07553
batch_02200_patch.tiff,patch_118,26.066078,24.028774,25.406336,25.532936,27.462753
batch_02200_patch.tiff,patch_119,26.208263,24.4997,25.552824,25.976404,28.195442
batch_02200_patch.tiff,patch_120,24.394415,23.406736,22.664457,24.552385,25.083712
batch_02200_patch.tiff,patch_121,24.998816,23.46776,22.376549,26.079199,25.223122
batch_02200_patch.tiff,patch_122,25.231586,23.689228,25.23544,26.36058,26.316652
batch_02200_patch.tiff,patch_123,24.957413,23.805592,24.89243,26.398323,26.445845
batch_02200_patch.tiff,patch_124,24.287922,22.18844,24.48006,25.140875,25.284412
batch_02200_patch.tiff,patch_125,25.462683,22.988922,23.445827,26.40171,26.59208
batch_02200_patch.tiff,patch_126,25.670265,23.770182,24.270412,25.448364,26.312447
batch_02200_patch.tiff,patch_127,25.35085,22.839388,24.273577,24.84959,26.265583
batch_02200_patch.tiff,patch_128,24.435333,22.968836,24.643232,24.233955,26.261257
batch_02200_patch.tiff,patch_129,23.646616,22.147594,21.772188,24.373165,24.313745
batch_02200_patch.tiff,patch_130,23.068142,22.147293,22.379059,25.16438,24.951067
batch_02200_patch.tiff,patch_131,25.809607,23.73682,24.931307,25.139133,26.172266
batch_02200_patch.tiff,patch_132,24.79497,23.51048,22.751093,26.094707,27.479996
batch_02200_patch.tiff,patch_133,25.74814,22.769314,24.284065,24.462227,25.044466
batch_02200_patch.tiff,patch_134,26.373146,23.252548,24.457914,26.523008,27.09871
batch_02200_patch.tiff,patch_135,27.523895,23.269352,26.541748,23.28237,27.59128
batch_02200_patch.tiff,patch_136,26.171007,24.805773,25.412245,26.83214,28.78839
batch_02200_patch.tiff,patch_137,26.165014,23.43261,24.938463,25.360718,26.702261
batch_02200_patch.tiff,patch_138,25.495693,23.012257,25.1296,24.737146,25.59333
batch_02200_patch.tiff,patch_139,25.45417,22.310244,25.7471,23.342983,26.575813
batch_02200_patch.tiff,patch_140,25.340973,23.56505,25.647001,24.676273,26.208328
batch_02200_patch.tiff,patch_141,23.76158,22.511524,22.153883,25.283564,25.735018
batch_02200_patch.tiff,patch_142,23.366007,22.655228,21.738907,25.972279,25.56445
batch_02200_patch.tiff,patch_143,25.378239,23.711458,23.509972,25.775938,27.085354
batch_02200_patch.tiff,patch_144,25.719818,23.207022,24.654613,24.38528,25.739555
batch_02200_patch.tiff,patch_145,24.891582,22.75423,22.992796,26.080238,25.876812
batch_02200_patch.tiff,patch_146,25.101753,22.65476,23.30513,26.2562,26.060722
batch_02200_patch.tiff,patch_147,25.463484,24.830898,22.892416,26.97213,28.678411
batch_02200_patch.tiff,patch_148,25.329462,24.188961,24.340763,26.454975,28.268759
batch_02200_patch.tiff,patch_149,24.680782,22.79154,24.816908,23.933931,25.66175
batch_02200_patch.tiff,patch_150,25.002508,23.672817,26.170132,23.913273,26.38797
batch_02200_patch.tiff,patch_151,24.749493,23.568195,25.855316,23.226568,24.672403
batch_02200_patch.tiff,patch_152,26.146824,24.174866,25.561678,25.753254,26.399351
batch_02200_patch.tiff,patch_153,25.98878,22.0298,25.136003,24.930174,26.566772
batch_02200_patch.tiff,patch_154,25.09121,23.142843,23.746845,24.917557,25.397467
batch_02200_patch.tiff,patch_155,25.206799,23.561747,24.168823,26.684706,26.22977
batch_02250_patch.tiff,patch_0,25.735033,24.021643,26.25525,24.613605,25.771893
batch_02250_patch.tiff,patch_1,25.50839,23.85143,24.647963,25.585497,25.480265
batch_02250_patch.tiff,patch_2,24.51066,24.742685,24.175673,25.676764,26.404465
batch_02250_patch.tiff,patch_3,24.970768,24.293686,25.283178,25.591967,26.153028
batch_02250_patch.tiff,patch_4,25.964285,23.352804,23.340862,24.604033,26.601955
batch_02250_patch.tiff,patch_5,25.665634,23.144081,24.420776,25.213303,27.12524
batch_02250_patch.tiff,patch_6,26.04047,22.94582,24.310583,22.920826,25.30997
batch_02250_patch.tiff,patch_7,25.349934,24.287529,23.908329,25.622131,26.455278
batch_02250_patch.tiff,patch_8,26.515795,23.752386,25.487719,25.610626,26.961576
batch_02250_patch.tiff,patch_9,24.828516,24.330166,23.216509,26.703497,27.832739
batch_02250_patch.tiff,patch_10,25.416407,25.63305,24.683216,26.11029,28.56354
batch_02250_patch.tiff,patch_11,24.70531,22.767046,24.051758,24.330374,25.35391
batch_02250_patch.tiff,patch_12,25.433554,24.27216,24.115839,25.617598,26.065018
batch_02250_patch.tiff,patch_13,26.371317,24.520412,25.459112,25.349216,26.644571
batch_02250_patch.tiff,patch_14,25.64373,24.05655,23.828503,26.92809,27.243795
batch_02250_patch.tiff,patch_15,26.532572,24.217287,23.89664,26.000134,28.52876
batch_02250_patch.tiff,patch_16,25.1387,23.968613,24.369635,25.98141,27.4413
batch_02250_patch.tiff,patch_17,26.85149,23.582111,25.30235,24.170507,26.655844
batch_02250_patch.tiff,patch_18,25.043266,24.09451,22.767248,26.600346,27.763168
batch_02250_patch.tiff,patch_19,25.689852,23.679445,24.53351,26.393383,28.152454
batch_02250_patch.tiff,patch_20,26.47408,25.083681,24.812555,26.470078,28.50915
batch_02250_patch.tiff,patch_21,25.145775,25.16172,25.436998,24.791344,27.466509
batch_02250_patch.tiff,patch_22,23.879728,23.669561,23.677742,25.857567,26.488426
batch_02250_patch.tiff,patch_23,24.448288,23.797096,24.451597,25.463482,25.620762
batch_02250_patch.tiff,patch_24,26.777891,24.743896,25.331888,25.879631,26.836329
batch_02250_patch.tiff,patch_25,25.285961,24.378744,24.979034,24.994776,25.472338
batch_02250_patch.tiff,patch_26,26.042074,23.603767,24.279057,25.415764,26.060226
batch_02250_patch.tiff,patch_27,27.063566,24.240137,26.01926,23.605593,27.657148
batch_02250_patch.tiff,patch_28,26.02501,25.1768,24.232079,25.042276,27.519768
batch_02250_patch.tiff,patch_29,28.058832,25.487082,26.699713,24.69206,27.23379
batch_02250_patch.tiff,patch_30,25.385332,24.310476,24.4623,27.519833,27.509968
batch_02250_patch.tiff,patch_31,26.787516,24.591444,23.642912,26.534348,28.022804
batch_02250_patch.tiff,patch_32,25.676174,24.487486,23.970716,25.62119,26.290474
batch_02250_patch.tiff,patch_33,26.137985,23.986732,23.639982,25.281998,27.323084
batch_02250_patch.tiff,patch_34,24.603508,22.79485,23.788177,25.285725,25.177446
batch_02250_patch.tiff,patch_35,25.16766,22.955437,24.572721,26.368357,25.468548
batch_02250_patch.tiff,patch_36,26.508907,23.522745,26.661982,24.904024,25.48377
batch_02250_patch.tiff,patch_37,26.02582,23.252304,24.387285,24.53033,24.26583
batch_02250_patch.tiff,patch_38,27.375662,24.146223,24.8977,25.286465,26.241247
batch_02250_patch.tiff,patch_39,24.750751,24.609713,24.192507,25.30236,26.58651
batch_02250_patch.tiff,patch_40,26.626934,24.659126,24.951782,23.75923,28.095612
batch_02250_patch.tiff,patch_41,26.027729,25.181145,25.0523,26.975342,28.15826
batch_02250_patch.tiff,patch_42,25.449427,26.100677,25.459211,27.492945,28.541979
batch_02250_patch.tiff,patch_43,25.012018,22.911394,24.021887,23.057352,24.342628
batch_02250_patch.tiff,patch_44,26.915947,24.225903,24.891026,24.72414,27.15609
batch_02250_patch.tiff,patch_45,24.909143,23.444168,23.91736,25.342018,26.256617
batch_02250_patch.tiff,patch_46,24.18053,22.06615,23.689344,25.147789,26.621264
batch_02250_patch.tiff,patch_47,24.677103,22.807476,24.709553,24.38861,25.402308
batch_02250_patch.tiff,patch_48,26.01709,24.217934,25.184307,25.282244,26.015934
batch_02250_patch.tiff,patch_49,24.515596,22.89292,22.577734,25.817532,25.9955
batch_02250_patch.tiff,patch_50,25.883242,23.927488,24.681593,23.747326,27.112148
batch_02250_patch.tiff,patch_51,26.718801,23.948586,26.514292,24.668077,28.196838
batch_02250_patch.tiff,patch_52,25.22621,23.281532,23.56575,25.151356,26.703695
batch_02250_patch.tiff,patch_53,26.37047,24.686985,25.851498,25.399942,28.532839
batch_02250_patch.tiff,patch_54,26.83718,25.776466,25.89133,26.47363,28.925253
batch_02250_patch.tiff,patch_55,25.76187,25.385696,25.491713,24.998861,27.54351
batch_02250_patch.tiff,patch_56,26.684393,22.154913,25.55197,22.561705,25.03878
batch_02250_patch.tiff,patch_57,27.097198,24.355818,24.530165,25.076906,27.187304
batch_02250_patch.tiff,patch_58,24.699644,23.716442,24.683218,26.015354,27.098753
batch_02250_patch.tiff,patch_59,25.34871,23.600365,24.601475,24.046507,25.298445
batch_02250_patch.tiff,patch_60,25.829687,23.136042,24.935423,25.605694,26.0417
batch_02250_patch.tiff,patch_61,26.45577,23.483622,24.771244,26.667545,26.546217
batch_02250_patch.tiff,patch_62,26.032242,24.933287,24.552654,26.098991,27.866581
batch_02250_patch.tiff,patch_63,26.441353,24.185991,26.211037,25.584509,27.447613
batch_02250_patch.tiff,patch_64,24.729671,24.430593,23.991676,25.194508,26.98071
batch_02250_patch.tiff,patch_65,24.995466,24.51382,23.676315,24.39887,27.341259
batch_02250_patch.tiff,patch_66,26.606995,24.758356,25.074041,26.120306,27.832718
batch_02250_patch.tiff,patch_67,25.78534,25.483543,25.37241,25.102854,27.4447
batch_02250_patch.tiff,patch_68,26.37843,22.76859,23.347267,23.35326,25.281553
batch_02250_patch.tiff,patch_69,26.137487,24.402693,21.88069,26.111046,27.692724
batch_02250_patch.tiff,patch_70,26.148476,24.87977,24.58586,26.439217,26.377106
batch_02250_patch.tiff,patch_71,24.279902,23.544737,24.789318,26.014894,26.05458
batch_02250_patch.tiff,patch_72,23.613491,22.376495,21.984327,25.16525,24.587202
batch_02250_patch.tiff,patch_73,24.602373,23.250475,22.272917,25.743324,26.089157
batch_02250_patch.tiff,patch_74,25.120579,23.336096,23.689243,26.301958,25.708477
batch_02250_patch.tiff,patch_75,26.168802,23.694948,24.717829,25.112238,26.354218
batch_02250_patch.tiff,patch_76,26.26699,22.595993,21.375452,25.268589,26.412464
batch_02250_patch.tiff,patch_77,26.814505,22.412086,22.127686,24.68278,26.60915
batch_02250_patch.tiff,patch_78,26.332815,25.149012,26.106613,25.887362,27.452557
batch_02250_patch.tiff,patch_79,26.758764,24.8525,25.687227,24.152956,27.690954
batch_02250_patch.tiff,patch_80,26.966637,24.483925,22.017035,26.238876,28.19638
batch_02250_patch.tiff,patch_81,26.994705,23.248888,25.127024,23.083979,25.866398
batch_02250_patch.tiff,patch_82,24.885498,24.30126,25.982616,24.830572,25.434835
batch_02250_patch.tiff,patch_83,26.046585,23.84313,25.661379,24.153883,25.2545
batch_02250_patch.tiff,patch_84,23.116945,22.254637,22.104027,24.627966,24.330215
batch_02250_patch.tiff,patch_85,23.859606,22.306616,22.294462,25.457253,25.196564
batch_02250_patch.tiff,patch_86,25.45658,22.05839,24.103168,23.112001,24.376438
batch_02250_patch.tiff,patch_87,25.030788,22.462305,23.844711,23.906776,24.757599
batch_02250_patch.tiff,patch_88,24.613089,22.778587,22.396793,24.876131,25.256237
batch_02250_patch.tiff,patch_89,27.441198,22.415293,23.49179,22.649683,26.643969
batch_02250_patch.tiff,patch_90,26.387787,25.008848,25.905907,26.851536,27.833633
batch_02250_patch.tiff,patch_91,26.32446,25.333143,25.164103,23.649181,27.29176
batch_02250_patch.tiff,patch_92,27.89652,24.598564,23.07422,25.52443,28.038624
batch_02250_patch.tiff,patch_93,27.065342,23.552305,24.297688,26.07934,27.711393
batch_02250_patch.tiff,patch_94,23.301798,22.043467,23.005219,26.325659,26.114422
batch_02250_patch.tiff,patch_95,25.124853,23.750334,24.22807,25.683872,26.320232
batch_02250_patch.tiff,patch_96,24.31757,22.747435,22.20319,25.088804,25.229504
batch_02250_patch.tiff,patch_97,24.055834,22.405508,22.415466,25.51227,25.189342
batch_02250_patch.tiff,patch_98,27.099834,24.779097,25.791046,24.524515,27.335802
batch_02250_patch.tiff,patch_99,25.991076,24.723505,25.266254,25.020811,27.541346
batch_02250_patch.tiff,patch_100,26.492287,22.924473,22.505661,25.2434,26.56028
batch_02250_patch.tiff,patch_101,26.410347,21.726873,23.148218,24.09604,26.448404
batch_02250_patch.tiff,patch_102,26.080627,24.663101,24.82812,26.061338,26.980682
batch_02250_patch.tiff,patch_103,26.066757,24.66721,24.657682,24.936619,26.85932
batch_02250_patch.tiff,patch_104,25.698763,22.121471,23.562445,22.176077,24.092834
batch_02250_patch.tiff,patch_105,26.253101,23.219164,25.636866,23.600008,25.711126
batch_02250_patch.tiff,patch_106,25.383133,23.097883,24.878315,24.813416,25.825731
batch_02250_patch.tiff,patch_107,24.905664,23.491224,22.806501,26.71175,26.369934
batch_02250_patch.tiff,patch_108,24.482353,22.885336,22.503008,26.382664,25.80245
batch_02250_patch.tiff,patch_109,23.260353,21.500336,21.803741,25.049782,24.183414
batch_02250_patch.tiff,patch_110,25.984245,24.489498,24.986307,25.754784,28.066933
batch_02250_patch.tiff,patch_111,26.970118,24.28579,24.403097,23.642097,27.07663
batch_02250_patch.tiff,patch_112,24.568016,22.526909,22.420626,26.061989,25.997936
batch_02250_patch.tiff,patch_113,25.33579,23.455965,22.625433,26.50351,27.224339
batch_02250_patch.tiff,patch_114,26.445473,25.49972,25.604113,25.19875,27.33764
batch_02250_patch.tiff,patch_115,26.228811,24.85994,26.51438,23.53945,26.73961
batch_02250_patch.tiff,patch_116,25.830832,24.097273,21.73732,26.07975,27.690924
batch_02250_patch.tiff,patch_117,25.80701,23.990976,23.876787,24.922535,27.166044
batch_02250_patch.tiff,patch_118,25.907686,23.339981,23.820984,25.587011,25.594387
batch_02250_patch.tiff,patch_119,26.085587,24.072306,25.03517,26.4738,25.946432
batch_02250_patch.tiff,patch_120,26.986294,22.533087,25.633154,25.006609,25.968637
batch_02250_patch.tiff,patch_121,27.111223,23.1168,26.776243,23.844168,26.194012
batch_02250_patch.tiff,patch_122,26.885548,24.909164,26.36909,24.701746,27.670734
batch_02250_patch.tiff,patch_123,26.946232,23.527431,24.498472,22.24041,26.45364
batch_02250_patch.tiff,patch_124,25.54248,24.455328,24.065416,25.384974,27.705193
batch_02250_patch.tiff,patch_125,26.623941,25.640688,25.24525,26.238848,28.51903
batch_02250_patch.tiff,patch_126,26.255033,24.360422,25.539288,25.182959,27.54478
batch_02250_patch.tiff,patch_127,27.910862,24.885473,25.395796,24.082693,27.196016
batch_02250_patch.tiff,patch_128,26.127577,24.789976,24.530418,24.12488,27.43526
batch_02250_patch.tiff,patch_129,25.69174,25.608526,25.583115,24.844753,27.894413
batch_02250_patch.tiff,patch_130,23.846481,23.28362,22.839602,26.08938,26.61604
batch_02250_patch.tiff,patch_131,25.128393,23.138945,23.933279,27.198135,26.338768
batch_02250_patch.tiff,patch_132,27.419312,23.10897,26.973158,23.25677,24.950377
batch_02250_patch.tiff,patch_133,27.240677,22.936491,26.036795,24.597996,25.740677
batch_02250_patch.tiff,patch_134,26.561897,24.338846,25.440317,23.980135,27.545628
batch_02250_patch.tiff,patch_135,26.032455,24.28529,24.197077,24.698128,27.33312
batch_02250_patch.tiff,patch_136,26.521755,24.099163,24.782852,23.306921,27.125725
batch_02250_patch.tiff,patch_137,26.479149,23.972105,26.096542,24.631897,27.025759
batch_02250_patch.tiff,patch_138,27.011776,24.404648,25.857096,22.816856,26.943748
batch_02250_patch.tiff,patch_139,27.525505,23.822517,26.872446,22.709435,26.86215
batch_02250_patch.tiff,patch_140,26.207851,25.638737,24.35651,23.879026,27.413595
batch_02250_patch.tiff,patch_141,26.47599,24.938568,26.22162,24.640932,27.364311
batch_02250_patch.tiff,patch_142,25.877201,24.209906,26.756668,26.350765,26.272861
batch_02250_patch.tiff,patch_143,25.644104,23.780025,25.77636,25.23116,24.640434
batch_02250_patch.tiff,patch_144,26.987158,23.977621,26.337513,24.354296,26.265284
batch_02250_patch.tiff,patch_145,24.786331,23.489067,24.562147,25.214876,26.427708
batch_02250_patch.tiff,patch_146,25.345167,22.584137,21.934675,24.685001,26.385983
batch_02250_patch.tiff,patch_147,25.625116,22.901413,24.218418,25.755604,27.259491
batch_02250_patch.tiff,patch_148,26.175962,24.248312,25.092428,25.46328,26.728447
batch_02250_patch.tiff,patch_149,25.639679,23.328718,22.748978,24.673548,26.153492
batch_02250_patch.tiff,patch_150,28.613503,23.569273,27.025644,23.159664,27.077501
batch_02250_patch.tiff,patch_151,27.896397,24.121546,24.704647,23.67377,27.692358
batch_02250_patch.tiff,patch_152,26.45255,24.421316,25.429842,22.87286,26.488306
batch_02250_patch.tiff,patch_153,26.300331,25.238571,25.901808,23.096464,26.110905
batch_02250_patch.tiff,patch_154,25.84783,23.575941,26.171505,24.613707,25.129482
batch_02250_patch.tiff,patch_155,25.05299,23.609507,24.972956,24.207907,25.096107
batch_02250_patch.tiff,patch_156,26.93753,24.533361,24.930424,25.199575,25.736237
batch_02250_patch.tiff,patch_157,25.421099,22.64015,23.287529,25.077663,25.816166
batch_02250_patch.tiff,patch_158,26.24185,22.532923,23.156351,25.086714,25.452303
batch_02250_patch.tiff,patch_159,26.12973,23.785376,25.108807,25.083822,26.279217
batch_02250_patch.tiff,patch_160,26.514965,23.561916,26.249592,23.043367,24.183268
batch_02250_patch.tiff,patch_161,28.05189,24.378412,26.073433,23.647638,26.498386
batch_02250_patch.tiff,patch_162,26.929493,23.497416,24.98608,23.426636,27.089027
batch_02250_patch.tiff,patch_163,24.561735,24.320648,24.280825,24.963781,26.153152
batch_02250_patch.tiff,patch_164,26.207283,25.12223,24.990479,24.314436,27.292233
batch_02250_patch.tiff,patch_165,25.776037,23.727165,24.903276,23.362448,26.040787
batch_02250_patch.tiff,patch_166,25.619421,24.105309,24.83547,25.336384,27.495514
batch_02250_patch.tiff,patch_167,26.229155,23.0763,26.826645,24.15643,25.357435
batch_02250_patch.tiff,patch_168,24.731298,23.807077,25.157316,25.109682,26.15928
batch_02250_patch.tiff,patch_169,25.834429,23.881975,24.987543,23.655235,26.543884
batch_02250_patch.tiff,patch_170,24.874462,23.616735,23.547716,24.639887,25.905266
batch_02250_patch.tiff,patch_171,26.343586,24.101934,23.878712,25.89072,26.712133
batch_02250_patch.tiff,patch_172,27.641928,24.325815,25.248068,24.44509,27.318083
batch_02250_patch.tiff,patch_173,28.090754,24.401283,27.627758,24.126379,27.081762
batch_02250_patch.tiff,patch_174,27.198095,23.601824,25.512165,24.453894,26.745823
batch_02250_patch.tiff,patch_175,26.65004,25.50659,25.349054,24.539759,28.036024
batch_02250_patch.tiff,patch_176,26.799929,26.47632,26.26624,24.414309,27.756313
batch_02300_patch.tiff,patch_0,25.421038,23.65044,24.028957,24.429626,27.594273
batch_02300_patch.tiff,patch_1,24.996199,22.997904,23.411541,25.237034,27.541492
batch_02300_patch.tiff,patch_2,25.232447,23.380072,24.835077,25.761545,26.977484
batch_02300_patch.tiff,patch_3,25.218752,23.705423,25.066313,24.913483,25.698933
batch_02300_patch.tiff,patch_4,25.201838,23.859367,24.477964,25.283745,26.525045
batch_02300_patch.tiff,patch_5,26.303719,23.387506,25.526964,24.400434,26.733656
batch_02300_patch.tiff,patch_6,26.64362,24.10887,25.495745,25.394194,28.192617
batch_02300_patch.tiff,patch_7,25.93908,23.667202,25.96314,24.452951,26.287136
batch_02300_patch.tiff,patch_8,27.068693,24.163958,25.485,23.978502,26.631714
batch_02300_patch.tiff,patch_9,26.902613,24.72535,26.378656,23.862686,27.199379
batch_02300_patch.tiff,patch_10,24.030067,23.722607,23.39372,24.37205,24.612297
batch_02300_patch.tiff,patch_11,26.442957,24.45059,23.312456,25.620474,25.999153
batch_02300_patch.tiff,patch_12,26.997501,23.758734,22.946499,22.521868,26.314932
batch_02300_patch.tiff,patch_13,25.38882,22.109121,23.569464,24.039639,26.110435
batch_02300_patch.tiff,patch_14,24.856562,22.999294,23.84256,24.790577,26.678036
batch_02300_patch.tiff,patch_15,24.724646,23.124893,24.489973,25.672558,27.190918
batch_02300_patch.tiff,patch_16,24.87731,23.448078,23.407576,25.793547,26.999102
batch_02300_patch.tiff,patch_17,24.54773,23.066526,23.257463,25.432732,26.894394
batch_02300_patch.tiff,patch_18,25.279835,22.912027,24.428493,25.47157,27.21949
batch_02300_patch.tiff,patch_19,26.741238,25.059769,24.517727,26.475504,29.09609
batch_02300_patch.tiff,patch_20,25.569048,24.31551,24.404793,24.586277,26.184916
batch_02300_patch.tiff,patch_21,26.877048,25.638142,23.748192,25.660767,28.233744
batch_02300_patch.tiff,patch_22,26.243782,25.164955,22.782032,25.707651,28.316936
batch_02300_patch.tiff,patch_23,24.619184,23.055292,21.542593,23.887976,24.207907
batch_02300_patch.tiff,patch_24,25.71707,23.27398,22.759218,23.242533,24.321926
batch_02300_patch.tiff,patch_25,26.12398,23.37306,23.544,23.791906,26.118038
batch_02300_patch.tiff,patch_26,26.354372,23.736822,25.655455,24.909773,27.751497
batch_02300_patch.tiff,patch_27,24.7497,24.609125,25.36572,26.437588,28.52198
batch_02300_patch.tiff,patch_28,25.923239,23.65406,24.868393,25.977743,26.97284
batch_02300_patch.tiff,patch_29,24.469267,23.518618,25.462118,25.350908,27.377205
batch_02300_patch.tiff,patch_30,26.697529,21.79987,24.07729,24.036661,26.170597
batch_02300_patch.tiff,patch_31,25.856356,22.367222,23.383982,24.391867,25.49989
batch_02300_patch.tiff,patch_32,26.075476,23.649038,22.343193,26.073832,27.315258
batch_02300_patch.tiff,patch_33,25.45056,23.272936,23.520525,25.768843,26.59675
batch_02300_patch.tiff,patch_34,24.794035,24.983622,22.96524,26.00182,26.61642
batch_02300_patch.tiff,patch_35,25.79618,25.953745,23.286312,25.28604,27.857424
batch_02300_patch.tiff,patch_36,24.08566,22.876225,21.984264,24.121546,25.29029
batch_02300_patch.tiff,patch_37,24.084055,22.981655,21.770056,24.40914,24.28314
batch_02300_patch.tiff,patch_38,25.811682,23.210138,23.814888,23.544691,26.811087
batch_02300_patch.tiff,patch_39,24.062302,23.676693,25.299109,26.422579,27.409204
batch_02300_patch.tiff,patch_40,25.710505,24.48013,25.17519,26.013027,27.865788
batch_02300_patch.tiff,patch_41,25.900032,24.077911,25.14792,25.564646,27.26564
batch_02300_patch.tiff,patch_42,24.357761,23.935339,24.029451,26.091166,26.9867
batch_02300_patch.tiff,patch_43,26.053448,22.721102,22.68249,25.704203,27.482819
batch_02300_patch.tiff,patch_44,26.013367,22.647959,23.614012,25.856007,26.511559
batch_02300_patch.tiff,patch_45,26.683716,23.38584,23.540394,23.818295,26.72224
batch_02300_patch.tiff,patch_46,26.05165,22.884508,23.493809,23.30321,26.408676
batch_02300_patch.tiff,patch_47,25.79577,25.224493,24.104357,25.492865,26.752737
batch_02300_patch.tiff,patch_48,25.86379,25.116276,23.473969,25.167568,26.913624
batch_02300_patch.tiff,patch_49,25.256407,22.879013,22.498028,24.40572,24.909065
batch_02300_patch.tiff,patch_50,25.416632,22.735338,22.423864,24.240822,24.96422
batch_02300_patch.tiff,patch_51,26.502108,23.031569,23.38257,23.801582,26.520145
batch_02300_patch.tiff,patch_52,26.578669,23.949217,24.118835,24.98134,26.786863
batch_02300_patch.tiff,patch_53,26.488665,24.015694,25.438818,24.665268,27.949013
batch_02300_patch.tiff,patch_54,25.160065,22.236492,23.019848,24.24357,25.368837
batch_02300_patch.tiff,patch_55,25.402456,23.437574,24.02933,24.376183,26.020544
batch_02300_patch.tiff,patch_56,25.536282,22.25748,23.238802,24.908363,25.135214
batch_02300_patch.tiff,patch_57,27.33376,22.444603,23.743065,22.50843,27.276655
batch_02300_patch.tiff,patch_58,26.113834,23.34683,25.24712,23.368723,26.649603
batch_02300_patch.tiff,patch_59,27.942509,23.673311,25.875753,22.380564,26.820507
batch_02300_patch.tiff,patch_60,25.873352,22.020927,23.042185,23.66099,25.257774
batch_02300_patch.tiff,patch_61,25.919596,22.400084,23.208961,24.520851,26.470188
batch_02300_patch.tiff,patch_62,25.425161,22.578636,21.798517,24.85287,26.949585
batch_02300_patch.tiff,patch_63,25.458654,21.943531,22.674263,24.13477,26.123455
batch_02300_patch.tiff,patch_64,26.600834,23.905458,24.79379,24.065084,26.557037
batch_02300_patch.tiff,patch_65,25.1646,24.627642,23.396679,25.419773,27.129618
batch_02300_patch.tiff,patch_66,25.52837,23.74729,24.907402,24.475359,26.966045
batch_02300_patch.tiff,patch_67,24.46131,23.68464,24.784058,24.480333,26.429972
batch_02300_patch.tiff,patch_68,25.439423,22.680664,23.471863,25.124243,26.645706
batch_02300_patch.tiff,patch_69,25.507576,21.164333,23.303051,23.44916,26.495085
batch_02300_patch.tiff,patch_70,25.90185,22.568205,25.14606,22.580452,24.683256
batch_02300_patch.tiff,patch_71,27.502926,22.977016,25.955242,23.24863,26.266876
batch_02300_patch.tiff,patch_72,24.613556,22.99219,24.60563,24.456888,25.956282
batch_02300_patch.tiff,patch_73,25.548191,21.793804,21.799168,24.75453,26.288778
batch_02300_patch.tiff,patch_74,25.450546,22.21407,22.884428,24.39951,26.027477
batch_02300_patch.tiff,patch_75,25.528612,22.143162,21.982563,22.086178,26.724567
batch_02300_patch.tiff,patch_76,24.579138,22.995777,24.16254,24.056177,26.305016
batch_02300_patch.tiff,patch_77,25.869627,23.251102,23.514112,25.015982,26.39063
batch_02300_patch.tiff,patch_78,25.353865,22.567223,22.75385,24.638094,25.554308
batch_02300_patch.tiff,patch_79,24.239258,22.832747,23.558119,24.263285,26.261784
batch_02300_patch.tiff,patch_80,25.26425,26.181017,23.38299,26.361282,28.314156
batch_02300_patch.tiff,patch_81,24.71064,25.425396,25.752663,26.299673,27.375689
batch_02300_patch.tiff,patch_82,26.991617,23.087143,24.616188,24.853483,27.87588
batch_02300_patch.tiff,patch_83,26.926348,23.47111,24.061071,23.920147,26.747179
batch_02300_patch.tiff,patch_84,26.125328,24.50737,24.066021,25.41278,27.194843
batch_02300_patch.tiff,patch_85,26.634813,25.290249,26.0878,23.844141,26.543446
batch_02300_patch.tiff,patch_86,25.791424,21.924118,22.192026,24.244343,26.227255
batch_02300_patch.tiff,patch_87,25.923008,22.288462,22.014204,23.375984,26.489832
batch_02300_patch.tiff,patch_88,25.0304,23.73998,25.088493,24.339407,26.790983
batch_02300_patch.tiff,patch_89,25.751383,24.42152,25.627523,24.50333,26.557009
batch_02300_patch.tiff,patch_90,24.447378,23.611485,23.976927,25.085964,26.657581
batch_02300_patch.tiff,patch_91,24.545801,23.5452,24.710775,25.339838,26.753492
batch_02300_patch.tiff,patch_92,25.409227,25.999159,24.187546,25.438225,27.62063
batch_02300_patch.tiff,patch_93,24.474392,25.56217,23.968964,26.554403,27.428804
batch_02300_patch.tiff,patch_94,26.684235,23.438913,23.875982,22.454952,27.463541
batch_02300_patch.tiff,patch_95,25.189392,23.14718,23.30132,25.09152,26.14179
batch_02300_patch.tiff,patch_96,25.34935,23.677843,25.592493,24.678064,25.603024
batch_02300_patch.tiff,patch_97,26.413275,23.931244,25.664654,24.730404,26.84919
batch_02300_patch.tiff,patch_98,26.529612,21.84807,24.551422,21.79104,25.775076
batch_02300_patch.tiff,patch_99,25.403183,22.004831,22.890457,24.52757,25.771883
batch_02300_patch.tiff,patch_100,25.278185,23.238987,23.464191,25.018013,26.5997
batch_02300_patch.tiff,patch_101,25.635563,22.308819,23.74749,23.932058,26.158827
batch_02300_patch.tiff,patch_102,26.83409,23.266,25.752703,24.160942,26.124365
batch_02300_patch.tiff,patch_103,24.297274,23.474213,24.573896,25.010796,26.887804
batch_02300_patch.tiff,patch_104,25.36198,26.195986,23.456558,25.202639,27.965927
batch_02300_patch.tiff,patch_105,24.490618,26.257946,23.76983,25.582144,27.42032
batch_02300_patch.tiff,patch_106,27.30631,23.470648,25.27834,24.484959,26.732763
batch_02300_patch.tiff,patch_107,26.898052,24.136778,24.858149,24.464495,26.781498
batch_02300_patch.tiff,patch_108,25.456188,21.822128,22.470638,25.329681,26.08071
batch_02300_patch.tiff,patch_109,27.178648,22.863874,23.579704,24.29428,27.550995
batch_02300_patch.tiff,patch_110,26.677614,22.775412,24.27486,22.945332,26.724682
batch_02300_patch.tiff,patch_111,25.374628,22.682676,22.357824,25.36456,27.199705
batch_02300_patch.tiff,patch_112,24.797335,23.409384,23.478115,25.080286,27.189161
batch_02300_patch.tiff,patch_113,25.047417,22.642618,23.731499,23.868042,26.631588
batch_02300_patch.tiff,patch_114,26.83857,23.573606,25.418058,24.123425,26.102272
batch_02300_patch.tiff,patch_115,24.9866,23.865463,25.00917,25.704142,27.474798
batch_02300_patch.tiff,patch_116,25.83531,26.005339,24.403128,25.477528,27.41063
batch_02300_patch.tiff,patch_117,26.189522,25.56807,25.062353,26.342754,27.213133
batch_02300_patch.tiff,patch_118,27.247484,22.731987,25.985022,22.04131,27.324642
batch_02300_patch.tiff,patch_119,26.465012,23.356348,25.01468,22.659575,24.223114
batch_02300_patch.tiff,patch_120,24.548569,23.05526,22.127565,26.071941,27.080267
batch_02300_patch.tiff,patch_121,25.506392,23.195333,22.184698,24.677801,26.993708
batch_02300_patch.tiff,patch_122,25.78526,22.548018,22.777153,24.44239,26.843134
batch_02300_patch.tiff,patch_123,25.329353,22.336584,22.263155,23.914978,26.840918
batch_02300_patch.tiff,patch_124,25.94936,23.762339,25.527359,25.469385,27.920256
batch_02300_patch.tiff,patch_125,24.7106,23.10893,24.590576,24.902578,26.7561
batch_02300_patch.tiff,patch_126,25.96134,23.032135,24.92599,23.662926,25.825964
batch_02300_patch.tiff,patch_127,26.391851,22.744137,26.231876,22.512619,26.52217
batch_02300_patch.tiff,patch_128,24.946396,24.806013,23.614147,26.093927,26.181553
batch_02300_patch.tiff,patch_129,25.227594,25.519705,24.948214,25.631756,27.67282
batch_02300_patch.tiff,patch_130,26.18087,25.4843,23.862503,25.051851,26.673786
batch_02300_patch.tiff,patch_131,25.01196,24.061443,24.76668,25.288668,25.679695
batch_02300_patch.tiff,patch_132,25.875488,22.74838,24.763481,23.962214,25.67345
batch_02300_patch.tiff,patch_133,25.47496,22.980623,23.786129,25.463106,25.593632
batch_02300_patch.tiff,patch_134,26.153263,22.479853,22.345396,23.560312,26.326641
batch_02300_patch.tiff,patch_135,24.561296,22.139488,22.863733,23.98485,25.945824
batch_02300_patch.tiff,patch_136,24.700893,24.058104,23.32234,25.279669,27.52198
batch_02300_patch.tiff,patch_137,25.885443,22.998535,23.631615,24.396849,26.344446
batch_02300_patch.tiff,patch_138,26.38694,23.742712,25.93721,24.053389,26.357794
batch_02300_patch.tiff,patch_139,24.691635,25.055717,24.30083,25.953438,26.759987
batch_02300_patch.tiff,patch_140,25.085718,25.097752,23.905346,26.156004,26.943432
batch_02300_patch.tiff,patch_141,26.307257,25.08995,24.879198,25.083088,27.286993
batch_02300_patch.tiff,patch_142,27.377972,24.900343,25.631662,25.003344,26.391872
batch_02300_patch.tiff,patch_143,25.9997,22.356375,25.68574,22.487274,25.121597
batch_02300_patch.tiff,patch_144,26.232924,22.510353,23.651972,24.086021,25.78074
batch_02300_patch.tiff,patch_145,25.200228,23.096273,22.577927,24.621872,27.42739
batch_02300_patch.tiff,patch_146,26.479286,22.631273,21.324646,23.971586,26.505312
batch_02300_patch.tiff,patch_147,25.522469,23.001623,24.178675,25.490032,27.362104
batch_02300_patch.tiff,patch_148,25.892714,23.733753,23.152338,25.23653,26.62924
batch_02300_patch.tiff,patch_149,26.209297,23.372208,26.217537,24.39083,25.815563
batch_02300_patch.tiff,patch_150,24.87232,23.675955,24.884832,24.676435,26.37765
batch_02300_patch.tiff,patch_151,25.051565,26.088331,24.837214,25.677067,26.374392
batch_02300_patch.tiff,patch_152,25.244835,25.638447,24.488514,26.879103,27.458445
batch_02300_patch.tiff,patch_153,26.133785,23.868832,25.220354,24.173468,26.671225
batch_02300_patch.tiff,patch_154,27.38468,24.090696,25.867527,23.518297,25.714605
batch_02300_patch.tiff,patch_155,25.3099,23.771168,23.240118,23.416111,24.102375
batch_02300_patch.tiff,patch_156,24.575617,23.120348,22.275011,24.653898,24.376049
batch_02300_patch.tiff,patch_157,26.774221,23.888641,26.209131,23.786024,26.3961
batch_02300_patch.tiff,patch_158,26.597038,23.088425,26.99631,24.014837,26.401674
batch_02300_patch.tiff,patch_159,25.641384,24.900585,25.028587,25.11503,28.070414
batch_02300_patch.tiff,patch_160,24.766026,23.933737,24.637571,24.54146,27.08807
batch_02300_patch.tiff,patch_161,24.634016,23.23809,24.990238,24.35596,25.91001
batch_02300_patch.tiff,patch_162,24.83219,23.698792,24.541023,25.858355,26.181356
batch_02300_patch.tiff,patch_163,24.642208,25.693377,24.311918,25.933636,27.87645
batch_02300_patch.tiff,patch_164,25.650028,24.600183,24.560839,26.301256,27.623022
batch_02300_patch.tiff,patch_165,27.172832,24.162897,24.864733,23.826193,26.374676
batch_02300_patch.tiff,patch_166,26.08911,24.792452,24.24958,25.200748,26.035694
batch_02300_patch.tiff,patch_167,25.491894,23.73555,22.723309,24.799822,25.778606
batch_02300_patch.tiff,patch_168,25.066147,23.819637,22.216246,24.155962,25.322815
batch_02300_patch.tiff,patch_169,25.879545,24.014936,24.717066,24.241896,27.237879
batch_02300_patch.tiff,patch_170,26.491274,24.884083,26.424335,25.259745,28.400845
batch_02300_patch.tiff,patch_171,25.156216,24.15887,25.693087,23.46827,27.111639
batch_02300_patch.tiff,patch_172,24.574024,23.668655,23.835938,24.49907,26.7187
batch_02300_patch.tiff,patch_173,24.935987,24.128756,24.017967,25.507002,27.023848
batch_02300_patch.tiff,patch_174,25.736792,24.671297,24.678125,24.884296,27.117943
batch_02300_patch.tiff,patch_175,24.646341,25.69174,24.027874,26.64016,27.844582
batch_02300_patch.tiff,patch_176,26.041548,25.222794,24.022984,25.550854,26.50091
batch_02300_patch.tiff,patch_177,25.554161,24.723042,22.28395,26.510868,27.092564
batch_02300_patch.tiff,patch_178,26.331228,24.783796,23.964401,25.532045,26.621592
batch_02300_patch.tiff,patch_179,25.581537,23.699327,22.99503,25.26636,25.525345
batch_02300_patch.tiff,patch_180,25.638382,22.753393,23.146227,22.343588,24.053236
batch_02300_patch.tiff,patch_181,24.33166,21.224304,21.528404,25.083525,25.524282
batch_02300_patch.tiff,patch_182,25.665646,21.43904,21.527597,23.829023,26.031063
batch_02350_patch.tiff,patch_0,25.669016,23.338673,23.968313,23.34966,26.453875
batch_02350_patch.tiff,patch_1,25.66843,23.588455,22.311178,24.228985,26.806406
batch_02350_patch.tiff,patch_2,26.02556,24.88534,24.521914,25.63212,27.907772
batch_02350_patch.tiff,patch_3,27.34883,24.446169,25.767097,21.958536,26.156208
batch_02350_patch.tiff,patch_4,25.120375,23.839817,21.907045,25.00644,26.281998
batch_02350_patch.tiff,patch_5,26.246964,23.919933,21.899597,24.779781,26.138477
batch_02350_patch.tiff,patch_6,24.878496,22.132696,22.85755,24.460005,25.81615
batch_02350_patch.tiff,patch_7,25.249916,22.80319,22.722101,24.494467,26.465746
batch_02350_patch.tiff,patch_8,25.732746,22.630114,22.890867,24.3885,25.937263
batch_02350_patch.tiff,patch_9,25.871391,22.968185,24.218454,25.049868,26.705797
batch_02350_patch.tiff,patch_10,25.473967,25.12185,27.01492,25.68476,28.366772
batch_02350_patch.tiff,patch_11,25.760769,24.777607,26.8493,25.71059,27.463049
batch_02350_patch.tiff,patch_12,26.904673,23.428003,25.760342,22.991667,25.066591
batch_02350_patch.tiff,patch_13,27.129879,22.907133,24.975443,20.288366,26.08043
batch_02350_patch.tiff,patch_14,27.17971,23.381706,25.306025,21.761316,25.993416
batch_02350_patch.tiff,patch_15,26.108583,25.840605,24.093658,24.586382,27.396328
batch_02350_patch.tiff,patch_16,26.14073,25.468832,24.743141,24.261002,27.553064
batch_02350_patch.tiff,patch_17,24.469973,23.204971,20.76688,24.860569,25.4816
batch_02350_patch.tiff,patch_18,24.9166,25.03945,21.32319,24.250877,27.117926
batch_02350_patch.tiff,patch_19,25.799128,22.489777,22.760916,24.07903,26.607792
batch_02350_patch.tiff,patch_20,25.479685,21.883097,21.52271,24.430496,25.847542
batch_02350_patch.tiff,patch_21,25.55933,22.588587,22.299406,23.950006,26.235304
batch_02350_patch.tiff,patch_22,25.55491,22.896717,23.415861,23.500475,26.614397
batch_02350_patch.tiff,patch_23,25.412518,24.506962,25.825207,25.955427,28.153572
batch_02350_patch.tiff,patch_24,25.076649,23.764835,24.165491,26.113417,27.507154
batch_02350_patch.tiff,patch_25,27.607992,22.600248,23.616993,22.894197,24.509726
batch_02350_patch.tiff,patch_26,26.313837,23.350786,23.650768,24.514135,26.49954
batch_02350_patch.tiff,patch_27,25.552523,23.317858,23.353546,24.58904,26.093788
batch_02350_patch.tiff,patch_28,25.469803,24.862015,23.935045,24.196964,27.265614
batch_02350_patch.tiff,patch_29,26.821835,25.030132,25.31031,24.348076,27.447594
batch_02350_patch.tiff,patch_30,25.54942,24.94568,21.701914,24.383123,26.222147
batch_02350_patch.tiff,patch_31,25.0685,24.266876,22.009161,23.776342,25.834448
batch_02350_patch.tiff,patch_32,24.978165,23.347591,22.747396,24.94074,27.245213
batch_02350_patch.tiff,patch_33,25.053358,22.573755,21.554335,25.662935,26.52834
batch_02350_patch.tiff,patch_34,26.13559,22.976593,24.16544,24.930408,26.54091
batch_02350_patch.tiff,patch_35,26.156214,22.839533,22.732658,23.56118,26.385681
batch_02350_patch.tiff,patch_36,27.16371,22.363493,25.684452,21.420824,25.68391
batch_02350_patch.tiff,patch_37,26.991825,22.941986,26.281025,21.99986,24.834267
batch_02350_patch.tiff,patch_38,26.68486,22.995615,24.195423,23.675747,25.664555
batch_02350_patch.tiff,patch_39,24.576683,23.035343,22.150995,25.710667,26.118685
batch_02350_patch.tiff,patch_40,24.779366,22.90895,22.94602,24.493023,25.97164
batch_02350_patch.tiff,patch_41,25.719183,25.096115,24.514227,25.41001,27.799137
batch_02350_patch.tiff,patch_42,26.862505,25.320898,26.219269,24.421377,27.919502
batch_02350_patch.tiff,patch_43,24.02381,24.539093,21.060858,25.322182,26.431015
batch_02350_patch.tiff,patch_44,24.54705,24.199305,21.09178,25.650646,26.455004
batch_02350_patch.tiff,patch_45,25.431873,22.316944,22.9347,24.147312,25.856258
batch_02350_patch.tiff,patch_46,24.64796,22.408686,22.623035,24.725979,25.908546
batch_02350_patch.tiff,patch_47,24.67413,23.00651,22.62896,25.193922,26.515808
batch_02350_patch.tiff,patch_48,26.607018,22.681263,22.652266,24.514502,26.030264
batch_02350_patch.tiff,patch_49,26.12243,23.29625,25.901648,22.425358,25.547758
batch_02350_patch.tiff,patch_50,24.832642,25.146585,21.1274,24.76301,27.232607
batch_02350_patch.tiff,patch_51,24.369606,24.435667,20.700153,26.455536,26.632427
batch_02350_patch.tiff,patch_52,26.702242,24.175142,24.854244,23.231066,26.636353
batch_02350_patch.tiff,patch_53,25.828787,25.083347,25.276796,23.782034,26.778204
batch_02350_patch.tiff,patch_54,26.777344,22.806847,26.353594,22.99437,26.26364
batch_02350_patch.tiff,patch_55,25.617815,23.628233,26.234516,24.315023,26.138426
batch_02350_patch.tiff,patch_56,24.965082,22.66278,23.479904,25.164202,26.262014
batch_02350_patch.tiff,patch_57,25.549046,22.950974,23.190718,24.958712,26.13981
batch_02350_patch.tiff,patch_58,26.481926,22.898968,23.772463,25.34101,26.431261
batch_02350_patch.tiff,patch_59,26.36769,22.121109,22.611427,24.768957,25.453672
batch_02350_patch.tiff,patch_60,26.695969,22.413383,25.96616,21.795467,25.737383
batch_02350_patch.tiff,patch_61,26.841871,22.445662,26.022335,22.08323,25.912298
batch_02350_patch.tiff,patch_62,24.160717,24.032326,20.760239,25.107195,26.24198
batch_02350_patch.tiff,patch_63,24.283215,24.213966,21.002682,26.120535,26.921274
batch_02350_patch.tiff,patch_64,26.033146,24.238829,24.586018,23.967415,26.089611
batch_02350_patch.tiff,patch_65,24.60716,24.902748,23.372623,25.886847,27.740402
batch_02350_patch.tiff,patch_66,27.400667,23.59888,27.103144,23.711737,26.952024
batch_02350_patch.tiff,patch_67,24.211426,23.094318,22.983252,26.7787,27.19424
batch_02350_patch.tiff,patch_68,25.377817,22.43516,22.619833,25.429052,25.588064
batch_02350_patch.tiff,patch_69,25.17104,22.849373,22.992226,25.802534,27.266682
batch_02350_patch.tiff,patch_70,24.964458,22.470278,23.60334,24.503439,26.352144
batch_02350_patch.tiff,patch_71,25.676798,22.484987,23.393997,24.668211,26.169386
batch_02350_patch.tiff,patch_72,26.993834,22.446077,26.45285,20.999023,25.450647
batch_02350_patch.tiff,patch_73,24.29202,24.374939,20.469929,26.144337,26.851656
batch_02350_patch.tiff,patch_74,25.69629,24.56921,22.341871,25.406578,26.53661
batch_02350_patch.tiff,patch_75,26.744255,25.420506,25.224703,24.672983,27.460896
batch_02350_patch.tiff,patch_76,25.176245,24.833971,25.13874,25.057276,26.823795
batch_02350_patch.tiff,patch_77,27.309565,21.872438,27.843548,20.877361,25.5135
batch_02350_patch.tiff,patch_78,26.52942,22.045383,25.432114,23.476122,24.731215
batch_02350_patch.tiff,patch_79,25.916004,22.363075,22.10445,24.582783,25.062637
batch_02350_patch.tiff,patch_80,24.83895,22.87023,22.117226,25.434174,25.474909
batch_02350_patch.tiff,patch_81,25.749569,22.476498,22.939991,24.372929,26.11711
batch_02350_patch.tiff,patch_82,25.55809,22.527565,23.449934,25.078325,26.121523
batch_02350_patch.tiff,patch_83,27.148554,23.799536,25.730646,22.421354,24.957857
batch_02350_patch.tiff,patch_84,26.613361,22.495985,25.676748,22.07388,25.563932
batch_02350_patch.tiff,patch_85,24.177847,24.309296,20.613539,26.552532,26.886461
batch_02350_patch.tiff,patch_86,25.18117,25.007633,22.11969,24.897007,27.142155
batch_02350_patch.tiff,patch_87,27.509464,24.607895,24.481447,23.316257,27.06123
batch_02350_patch.tiff,patch_88,27.449493,25.174248,25.02271,25.787941,27.700558
batch_02350_patch.tiff,patch_89,27.244274,22.106,26.901651,19.600672,24.483204
batch_02350_patch.tiff,patch_90,27.493093,21.891539,27.007242,20.653292,25.627558
batch_02350_patch.tiff,patch_91,25.144016,21.925325,22.356161,24.135138,25.867552
batch_02350_patch.tiff,patch_92,25.627745,22.966255,24.240465,24.187729,26.529238
batch_02350_patch.tiff,patch_93,24.830828,22.84651,20.976973,23.923826,25.913519
batch_02350_patch.tiff,patch_94,25.110666,23.689974,22.015068,25.170126,27.769312
batch_02350_patch.tiff,patch_95,27.092735,23.14396,26.251436,22.309309,25.05022
batch_02350_patch.tiff,patch_96,26.223482,22.857391,25.323326,24.203348,26.492393
batch_02350_patch.tiff,patch_97,24.843964,24.519451,21.103092,25.910864,26.652176
batch_02350_patch.tiff,patch_98,24.591677,24.794094,21.872082,23.970854,26.580755
batch_02350_patch.tiff,patch_99,25.017134,24.161171,23.459059,25.199183,26.83813
batch_02350_patch.tiff,patch_100,24.63005,23.279446,22.404497,25.705368,26.681376
batch_02350_patch.tiff,patch_101,25.272612,22.850613,23.713127,23.68082,25.095253
batch_02350_patch.tiff,patch_102,25.325235,23.54505,23.755527,25.179815,26.268202
batch_02350_patch.tiff,patch_103,25.874632,23.120878,22.384665,24.91983,26.498446
batch_02350_patch.tiff,patch_104,25.192114,23.040133,22.708267,24.734266,26.171446
batch_02350_patch.tiff,patch_105,24.989782,23.54746,23.475279,25.870811,26.230568
batch_02350_patch.tiff,patch_106,25.634357,22.848642,23.837717,23.980425,25.96795
batch_02350_patch.tiff,patch_107,26.493359,23.496521,25.280092,23.246115,25.635607
batch_02350_patch.tiff,patch_108,23.899033,23.654116,20.707094,25.86822,25.31257
batch_02350_patch.tiff,patch_109,24.643438,23.837269,20.672045,25.462782,25.857752
batch_02350_patch.tiff,patch_110,25.76905,24.462713,24.832739,23.67628,26.56513
batch_02350_patch.tiff,patch_111,26.351097,23.692474,24.773062,24.143835,25.981693
batch_02350_patch.tiff,patch_112,25.771505,23.095346,24.03073,23.43177,25.019075
batch_02350_patch.tiff,patch_113,26.04357,23.785223,25.26424,23.678764,25.438824
batch_02350_patch.tiff,patch_114,24.634996,22.230255,23.785917,24.165257,25.851252
batch_02350_patch.tiff,patch_115,25.532753,23.258883,23.38231,24.832695,26.531609
batch_02350_patch.tiff,patch_116,24.914667,22.167452,22.583715,23.550728,25.714144
batch_02350_patch.tiff,patch_117,24.599997,22.031506,21.484556,24.773773,25.672035
batch_02350_patch.tiff,patch_118,26.596786,23.956022,25.553503,22.955847,25.620007
batch_02350_patch.tiff,patch_119,26.613728,23.185366,26.230377,22.661379,25.446093
batch_02350_patch.tiff,patch_120,24.510942,23.660616,21.632187,24.273512,25.195784
batch_02350_patch.tiff,patch_121,25.146587,24.88192,21.759972,23.42805,26.640574
batch_02350_patch.tiff,patch_122,26.415724,24.1295,23.992718,24.733587,27.315136
batch_02350_patch.tiff,patch_123,27.23063,24.38307,24.767012,24.295269,27.623686
batch_02350_patch.tiff,patch_124,26.397009,21.956614,23.44596,25.227741,26.000856
batch_02350_patch.tiff,patch_125,25.247862,22.478298,22.933645,25.199642,25.95995
batch_02350_patch.tiff,patch_126,26.680382,25.011858,26.341331,26.005505,28.187532
batch_02350_patch.tiff,patch_127,25.195942,25.132574,25.786152,27.587688,28.921476
batch_02350_patch.tiff,patch_128,25.665785,23.437525,23.078384,23.874992,26.800308
batch_02350_patch.tiff,patch_129,25.735098,23.118832,22.205555,23.880632,25.931417
batch_02350_patch.tiff,patch_130,26.200245,22.804768,25.355942,21.87326,25.600859
batch_02350_patch.tiff,patch_131,26.810076,23.289724,25.585579,22.537886,25.904715
batch_02350_patch.tiff,patch_132,24.562475,23.804901,21.508837,25.311312,26.284101
batch_02350_patch.tiff,patch_133,24.085735,23.476444,21.189959,25.457739,25.92847
batch_02350_patch.tiff,patch_134,26.047121,24.843882,22.877237,24.669792,26.481762
batch_02350_patch.tiff,patch_135,25.3213,23.49999,22.883045,25.75333,26.194618
batch_02350_patch.tiff,patch_136,25.84869,21.882732,22.465221,24.890614,25.857101
batch_02350_patch.tiff,patch_137,25.423033,22.26513,23.110641,24.526718,25.784233
batch_02350_patch.tiff,patch_138,25.787678,25.188244,26.409925,27.205788,28.593702
batch_02350_patch.tiff,patch_139,25.608667,24.405468,25.064024,27.088884,28.333323
batch_02350_patch.tiff,patch_140,24.81322,21.959955,21.345173,24.682966,25.173557
batch_02350_patch.tiff,patch_141,24.079754,21.733028,22.595867,24.308212,24.992805
batch_02350_patch.tiff,patch_142,26.557014,22.236517,25.92126,21.46137,25.505793
batch_02350_patch.tiff,patch_143,27.297243,22.770151,26.114077,22.357927,25.263239
batch_02350_patch.tiff,patch_144,26.099096,25.153059,24.737452,23.94665,27.193956
batch_02350_patch.tiff,patch_145,25.549885,25.963814,24.105677,23.776575,27.159943
batch_02350_patch.tiff,patch_146,24.034067,23.230787,21.736443,23.98878,24.513233
batch_02350_patch.tiff,patch_147,25.274242,24.72656,21.780148,25.181053,26.533312
batch_02350_patch.tiff,patch_148,24.2768,21.698725,21.62701,25.724602,25.5677
batch_02350_patch.tiff,patch_149,26.013718,22.093304,21.69179,25.101982,26.134642
batch_02350_patch.tiff,patch_150,25.321545,22.62616,23.594702,25.002243,26.692049
batch_02350_patch.tiff,patch_151,24.715702,21.99583,21.428865,23.822727,25.91279
batch_02350_patch.tiff,patch_152,26.245878,22.687696,25.959341,21.629406,25.454823
batch_02350_patch.tiff,patch_153,26.812132,22.37296,25.930332,21.306501,25.28313
batch_02350_patch.tiff,patch_154,26.982117,23.932236,24.953924,23.416471,24.122293
batch_02350_patch.tiff,patch_155,25.338173,24.558752,24.975012,24.556004,25.768415
batch_02350_patch.tiff,patch_156,25.982561,24.713715,25.27011,24.437536,26.862732
batch_02350_patch.tiff,patch_157,26.693645,25.263935,24.24069,24.395203,27.786085
batch_02350_patch.tiff,patch_158,24.70025,24.782082,20.881233,25.948633,27.27539
batch_02350_patch.tiff,patch_159,24.930784,24.286615,20.6466,24.8437,26.195005
batch_02350_patch.tiff,patch_160,25.64503,22.379793,22.201097,25.402334,26.487576
batch_02350_patch.tiff,patch_161,25.341322,22.341295,23.176758,24.694344,26.140427
batch_02350_patch.tiff,patch_162,25.935583,21.890118,22.265568,23.296286,26.004831
batch_02350_patch.tiff,patch_163,24.97385,22.325684,22.556252,23.933508,26.444084
batch_02350_patch.tiff,patch_164,26.225388,22.92447,25.382408,21.983728,25.09743
batch_02350_patch.tiff,patch_165,26.976406,23.132416,27.06693,22.355787,25.845333
batch_02350_patch.tiff,patch_166,27.282724,23.787012,27.103144,24.662588,27.729713
batch_02350_patch.tiff,patch_167,27.024609,23.553005,26.870523,24.42475,26.854282
batch_02350_patch.tiff,patch_168,25.595602,24.796986,23.69513,24.04117,26.706837
batch_02350_patch.tiff,patch_169,25.295177,24.244558,21.888754,25.293715,25.820477
batch_02350_patch.tiff,patch_170,27.252434,22.434454,24.473562,23.953642,25.70516
batch_02350_patch.tiff,patch_171,26.006035,23.426294,24.546734,24.446848,26.444605
batch_02350_patch.tiff,patch_172,25.652344,22.641077,23.733791,23.327251,25.727186
batch_02350_patch.tiff,patch_173,25.43437,23.004816,22.18889,23.515968,25.988968
batch_02350_patch.tiff,patch_174,27.607061,23.429754,26.172794,22.257843,26.008133
batch_02350_patch.tiff,patch_175,26.687773,22.732956,25.697517,22.78467,25.705341
batch_02350_patch.tiff,patch_176,26.538858,23.849966,26.99823,23.3118,25.969526
batch_02400_patch.tiff,patch_0,27.122272,23.342169,26.721348,22.10229,26.126038
batch_02400_patch.tiff,patch_1,26.817553,22.365751,25.852144,22.284166,25.545317
batch_02400_patch.tiff,patch_2,25.734175,22.270895,24.774612,20.658178,23.38425
batch_02400_patch.tiff,patch_3,24.111946,23.731503,24.500742,23.151255,24.69388
batch_02400_patch.tiff,patch_4,25.209618,22.291727,22.47509,23.223242,24.967745
batch_02400_patch.tiff,patch_5,25.645763,22.859459,23.612925,21.956264,24.277773
batch_02400_patch.tiff,patch_6,26.592453,25.198263,26.502075,24.990341,28.07631
batch_02400_patch.tiff,patch_7,24.654566,22.656702,26.152325,23.015463,25.09848
batch_02400_patch.tiff,patch_8,24.712973,22.718273,25.617422,23.274448,24.870453
batch_02400_patch.tiff,patch_9,26.193842,22.95001,24.758812,25.032288,25.87713
batch_02400_patch.tiff,patch_10,25.69567,22.760202,24.799412,24.369635,25.863354
batch_02400_patch.tiff,patch_11,25.155682,23.642874,21.048512,21.929356,25.255945
batch_02400_patch.tiff,patch_12,27.14152,22.511055,26.220625,21.803951,26.008036
batch_02400_patch.tiff,patch_13,26.718405,22.49744,26.402786,21.41493,26.02827
batch_02400_patch.tiff,patch_14,24.690655,23.456387,24.000128,22.954086,24.854635
batch_02400_patch.tiff,patch_15,23.456036,23.975468,23.994688,23.039349,23.915234
batch_02400_patch.tiff,patch_16,25.05793,22.57739,22.997026,24.0894,24.73043
batch_02400_patch.tiff,patch_17,25.188066,23.84373,23.862373,22.841248,25.121206
batch_02400_patch.tiff,patch_18,26.33731,23.800892,25.486103,24.413101,26.567785
batch_02400_patch.tiff,patch_19,25.626638,23.551575,25.514057,24.219038,26.467192
batch_02400_patch.tiff,patch_20,26.01699,23.427324,25.077925,24.34759,26.304432
batch_02400_patch.tiff,patch_21,25.878683,23.436438,25.95502,24.50767,26.383572
batch_02400_patch.tiff,patch_22,27.019955,24.145147,25.82933,23.26646,25.788258
batch_02400_patch.tiff,patch_23,25.75907,24.623034,22.939045,23.912254,26.503286
batch_02400_patch.tiff,patch_24,26.372593,25.996317,25.532467,26.755978,29.27275
batch_02400_patch.tiff,patch_25,24.600399,24.3034,25.618128,27.497932,28.092281
batch_02400_patch.tiff,patch_26,22.993542,23.92378,23.694065,23.885471,25.16179
batch_02400_patch.tiff,patch_27,24.703371,23.257288,23.534039,23.812977,24.899334
batch_02400_patch.tiff,patch_28,24.864988,23.910711,22.028893,24.40123,25.828505
batch_02400_patch.tiff,patch_29,24.474731,23.216118,23.733324,22.93845,23.84179
batch_02400_patch.tiff,patch_30,25.568851,22.311722,24.285072,21.571508,23.907375
batch_02400_patch.tiff,patch_31,24.459713,22.694725,22.74503,22.058506,23.958735
batch_02400_patch.tiff,patch_32,25.37649,23.883192,25.153507,24.943855,26.860569
batch_02400_patch.tiff,patch_33,25.409605,22.781153,25.62668,23.130928,25.818495
batch_02400_patch.tiff,patch_34,26.358994,23.189219,24.726862,24.295809,25.96321
batch_02400_patch.tiff,patch_35,25.801628,22.364851,24.842573,23.508135,26.033138
batch_02400_patch.tiff,patch_36,25.109606,22.168623,22.07718,23.85682,25.14847
batch_02400_patch.tiff,patch_37,24.13941,23.490625,23.257492,25.448088,26.973541
batch_02400_patch.tiff,patch_38,25.276329,23.584557,24.904312,27.822298,27.628773
batch_02400_patch.tiff,patch_39,26.07923,22.575476,24.562405,23.17271,24.972223
batch_02400_patch.tiff,patch_40,24.594133,22.60702,24.412426,23.015968,24.834562
batch_02400_patch.tiff,patch_41,24.746952,23.112318,22.694296,23.101377,24.175432
batch_02400_patch.tiff,patch_42,23.9732,22.932549,22.395899,23.700098,24.038868
batch_02400_patch.tiff,patch_43,24.972305,23.201582,22.770042,22.876263,24.973867
batch_02400_patch.tiff,patch_44,24.810646,23.603748,22.433773,22.907885,24.39354
batch_02400_patch.tiff,patch_45,27.011278,23.465544,26.101864,23.844547,27.032915
batch_02400_patch.tiff,patch_46,24.969612,23.704409,25.21094,23.589909,25.292158
batch_02400_patch.tiff,patch_47,26.184254,23.374138,25.886242,22.553705,26.29947
batch_02400_patch.tiff,patch_48,25.953024,22.291819,24.338596,22.92878,25.96729
batch_02400_patch.tiff,patch_49,23.441189,21.711386,20.13599,25.363432,24.46223
batch_02400_patch.tiff,patch_50,26.32774,23.012585,25.825657,23.322515,25.156546
batch_02400_patch.tiff,patch_51,26.741714,22.73425,25.093405,23.117113,24.83463
batch_02400_patch.tiff,patch_52,25.30773,23.010908,23.913855,23.553017,24.550476
batch_02400_patch.tiff,patch_53,24.98324,22.516254,24.038565,22.447664,24.690214
batch_02400_patch.tiff,patch_54,23.715946,23.735184,23.736942,23.604202,24.318707
batch_02400_patch.tiff,patch_55,23.496819,23.386393,23.194443,22.862642,23.975733
batch_02400_patch.tiff,patch_56,24.541168,23.957693,22.372236,24.699453,25.062872
batch_02400_patch.tiff,patch_57,25.209242,22.960188,23.550522,23.177872,23.951658
batch_02400_patch.tiff,patch_58,26.034153,23.213623,25.667967,24.129324,26.336658
batch_02400_patch.tiff,patch_59,25.096731,22.399168,24.843847,22.885199,25.44813
batch_02400_patch.tiff,patch_60,26.384674,23.243607,26.184774,22.570549,26.082344
batch_02400_patch.tiff,patch_61,27.088924,24.634651,24.396996,25.100143,27.436888
batch_02400_patch.tiff,patch_62,26.58437,23.412394,25.653156,22.928127,24.280668
batch_02400_patch.tiff,patch_63,26.26035,23.533491,24.426462,22.720581,25.355356
batch_02400_patch.tiff,patch_64,25.72125,22.967127,24.55223,22.065113,24.483263
batch_02400_patch.tiff,patch_65,23.276733,22.886257,22.716692,24.310005,24.875868
batch_02400_patch.tiff,patch_66,24.24653,22.726562,22.984259,23.351376,24.271957
batch_02400_patch.tiff,patch_67,25.212297,23.639236,22.66124,22.627094,24.98239
batch_02400_patch.tiff,patch_68,25.555769,22.346132,23.307085,22.4873,24.402493
batch_02400_patch.tiff,patch_69,24.450306,23.676382,25.193043,24.17043,25.600842
batch_02400_patch.tiff,patch_70,24.415934,23.416101,24.535044,25.021837,25.90992
batch_02400_patch.tiff,patch_71,26.242205,23.607504,26.524097,23.297884,26.279596
batch_02400_patch.tiff,patch_72,26.227493,24.81731,24.686289,25.790394,27.721956
batch_02400_patch.tiff,patch_73,27.099173,23.192966,26.647627,21.807821,25.436571
batch_02400_patch.tiff,patch_74,26.921362,22.623747,26.514208,20.975187,25.12199
batch_02400_patch.tiff,patch_75,26.088467,23.155054,24.684456,21.607286,23.83706
batch_02400_patch.tiff,patch_76,26.19855,22.793789,24.378706,21.681072,24.176281
batch_02400_patch.tiff,patch_77,24.690653,22.925987,22.68374,23.906004,24.86922
batch_02400_patch.tiff,patch_78,24.116957,23.948637,23.107946,24.320482,25.128891
batch_02400_patch.tiff,patch_79,26.149048,23.416948,24.800539,24.384367,25.640144
batch_02400_patch.tiff,patch_80,26.897888,23.521786,26.415949,22.073427,26.451334
batch_02400_patch.tiff,patch_81,26.110664,23.517004,26.485222,24.640646,27.16388
batch_02400_patch.tiff,patch_82,26.186127,23.71379,25.681847,24.290169,26.219494
batch_02400_patch.tiff,patch_83,25.401207,23.376217,24.920717,25.980913,26.445066
batch_02400_patch.tiff,patch_84,26.844557,23.569061,26.670235,23.529959,26.44551
batch_02400_patch.tiff,patch_85,25.98422,22.520277,24.398405,21.187853,23.812162
batch_02400_patch.tiff,patch_86,25.814915,22.016798,25.527672,20.685163,24.031822
batch_02400_patch.tiff,patch_87,25.571177,23.008078,23.09008,23.274618,24.347387
batch_02400_patch.tiff,patch_88,25.458572,22.945477,24.991114,23.128496,24.154531
batch_02400_patch.tiff,patch_89,26.386032,23.692698,24.38241,24.150997,26.661009
batch_02400_patch.tiff,patch_90,24.957775,23.078249,24.738594,22.842398,25.17726
batch_02400_patch.tiff,patch_91,26.580767,23.399841,24.555693,24.41053,26.486996
batch_02400_patch.tiff,patch_92,25.720566,22.75412,23.861683,23.767244,24.687916
batch_02400_patch.tiff,patch_93,27.22237,23.620226,25.42695,23.728477,27.023531
batch_02400_patch.tiff,patch_94,26.329893,23.753597,24.30725,25.02735,25.250366
batch_02400_patch.tiff,patch_95,24.23376,23.049017,24.982012,26.389463,27.321594
batch_02400_patch.tiff,patch_96,25.026424,24.367323,26.135221,25.832989,27.911667
batch_02400_patch.tiff,patch_97,26.075418,22.752253,22.513655,22.551746,24.82978
batch_02400_patch.tiff,patch_98,26.884407,22.381683,24.09727,21.35085,24.48888
batch_02400_patch.tiff,patch_99,26.10133,23.724716,23.686268,24.55676,26.333155
batch_02400_patch.tiff,patch_100,24.318245,24.157032,23.400234,26.071472,26.841854
batch_02400_patch.tiff,patch_101,25.216581,23.4395,23.806284,25.075506,25.790308
batch_02400_patch.tiff,patch_102,24.944706,23.09345,23.927578,23.920944,25.33403
batch_02400_patch.tiff,patch_103,26.468079,23.504818,24.88799,24.396454,25.922516
batch_02400_patch.tiff,patch_104,26.552635,23.568684,25.236826,23.557043,25.696032
batch_02400_patch.tiff,patch_105,28.323605,23.591536,25.875652,22.112963,26.44106
batch_02400_patch.tiff,patch_106,25.029797,24.400331,25.152536,24.935757,25.520536
batch_02400_patch.tiff,patch_107,24.152895,23.817377,24.704182,26.415407,26.84878
batch_02400_patch.tiff,patch_108,25.532785,24.265743,25.692085,25.521652,27.815153
batch_02400_patch.tiff,patch_109,25.57045,23.445406,24.420609,22.109726,24.388783
batch_02400_patch.tiff,patch_110,25.455976,22.782396,24.560127,22.48423,24.591385
batch_02400_patch.tiff,patch_111,24.83046,23.19716,23.996204,25.990282,26.297012
batch_02400_patch.tiff,patch_112,23.954466,23.971128,23.136036,25.943594,25.97307
batch_02400_patch.tiff,patch_113,25.928028,22.810295,24.1114,24.334538,24.559113
batch_02400_patch.tiff,patch_114,25.998974,23.063335,24.920164,24.167654,25.271305
batch_02400_patch.tiff,patch_115,25.765099,24.243237,24.240084,24.775894,26.542156
batch_02400_patch.tiff,patch_116,26.845844,23.783339,25.90127,23.209698,25.7535
batch_02400_patch.tiff,patch_117,24.543253,22.828043,21.619593,25.78423,26.927586
batch_02400_patch.tiff,patch_118,24.843811,23.430096,21.185743,25.629505,27.189838
batch_02400_patch.tiff,patch_119,25.575777,23.645342,26.623293,26.113472,27.378675
batch_02400_patch.tiff,patch_120,25.733583,24.726204,23.666862,24.817665,27.993889
batch_02400_patch.tiff,patch_121,24.941227,23.97576,23.292526,23.660221,25.70204
batch_02400_patch.tiff,patch_122,24.60609,24.318676,23.016369,23.993645,25.529943
batch_02400_patch.tiff,patch_123,26.283127,24.010527,23.488995,23.918667,26.188183
batch_02400_patch.tiff,patch_124,25.183702,24.3583,23.21121,24.902292,26.48809
batch_02400_patch.tiff,patch_125,26.927982,23.757132,26.660002,23.296986,26.201265
batch_02400_patch.tiff,patch_126,25.726126,23.556143,24.8755,24.675983,26.809994
batch_02400_patch.tiff,patch_127,26.692476,24.067532,26.236109,23.342678,25.702864
batch_02400_patch.tiff,patch_128,27.19191,24.100836,25.209694,22.828516,26.307816
batch_02400_patch.tiff,patch_129,24.213518,23.595251,20.570465,26.079931,26.772455
batch_02400_patch.tiff,patch_130,24.224512,23.3261,21.13348,25.748493,26.981081
batch_02400_patch.tiff,patch_131,25.765345,24.276354,25.54709,25.682627,26.412754
batch_02400_patch.tiff,patch_132,24.778576,23.949408,24.60304,28.404877,28.029797
batch_02400_patch.tiff,patch_133,24.284697,23.878576,23.890898,22.985683,24.413246
batch_02400_patch.tiff,patch_134,23.659613,23.123802,22.557718,23.44962,23.97094
batch_02400_patch.tiff,patch_135,25.16189,23.994463,23.416672,26.387718,26.563208
batch_02400_patch.tiff,patch_136,24.81443,23.249561,24.646664,24.270004,25.825737
batch_02400_patch.tiff,patch_137,24.443909,22.781557,25.287838,23.449606,25.559021
batch_02400_patch.tiff,patch_138,25.64453,24.019648,26.089579,23.218786,25.643976
batch_02400_patch.tiff,patch_139,26.229382,23.55718,23.808792,25.744522,26.503439
batch_02400_patch.tiff,patch_140,25.388924,23.07112,26.484938,23.773092,26.491638
batch_02400_patch.tiff,patch_141,25.146587,23.587141,21.014765,23.880066,26.90516
batch_02400_patch.tiff,patch_142,24.954512,24.048697,21.125437,24.862091,27.06419
batch_02400_patch.tiff,patch_143,24.588106,23.832981,23.255001,23.77569,25.338531
batch_02400_patch.tiff,patch_144,24.952042,22.774723,22.847118,22.758593,24.032969
batch_02400_patch.tiff,patch_145,26.476332,23.735966,24.286386,21.257265,24.390512
batch_02400_patch.tiff,patch_146,26.700983,23.891542,24.144201,22.533026,24.577238
batch_02400_patch.tiff,patch_147,25.585796,23.472479,26.5653,22.833513,25.828136
batch_02400_patch.tiff,patch_148,25.370321,24.07633,26.28531,21.478884,25.565775
batch_02400_patch.tiff,patch_149,25.035805,23.287287,25.493319,23.435179,26.251556
batch_02400_patch.tiff,patch_150,26.673666,24.070782,26.659245,23.760334,26.152967
batch_02400_patch.tiff,patch_151,25.57087,24.98376,23.927572,25.761007,27.663317
batch_02400_patch.tiff,patch_152,26.249296,24.556051,25.840227,26.22765,28.23036
batch_02400_patch.tiff,patch_153,25.64574,23.736504,21.881216,24.89254,27.376007
batch_02400_patch.tiff,patch_154,23.636572,23.314745,20.165577,24.849344,25.783857
batch_02400_patch.tiff,patch_155,23.865156,23.551785,22.532759,23.833946,24.819038
batch_02400_patch.tiff,patch_156,26.412552,24.201221,24.68608,23.646877,25.524517
batch_02400_patch.tiff,patch_157,26.618282,23.121367,24.857449,22.791027,24.727808
batch_02400_patch.tiff,patch_158,24.965773,23.361296,23.79684,23.258247,24.834146
batch_02400_patch.tiff,patch_159,24.906572,22.578762,24.763136,23.769897,25.779915
batch_02400_patch.tiff,patch_160,26.57142,23.591011,26.338528,22.353235,25.99917
batch_02400_patch.tiff,patch_161,25.941984,23.497702,24.642694,24.2039,26.349697
batch_02400_patch.tiff,patch_162,24.774559,22.724913,24.82995,24.2618,25.136356
batch_02400_patch.tiff,patch_163,25.763369,24.59616,25.188742,25.720928,27.945723
batch_02400_patch.tiff,patch_164,26.036806,23.92857,26.689053,24.44727,26.844805
batch_02400_patch.tiff,patch_165,26.118446,22.98832,24.5731,22.6451,24.538942
batch_02400_patch.tiff,patch_166,24.9651,22.567503,23.947308,23.104717,24.084486
batch_02400_patch.tiff,patch_167,25.39835,23.024626,23.571632,22.73591,24.44595
batch_02400_patch.tiff,patch_168,24.71579,23.410242,23.033047,23.791075,24.96286
batch_02400_patch.tiff,patch_169,24.264906,24.073364,23.489986,23.999004,25.001375
batch_02400_patch.tiff,patch_170,24.31458,23.408768,23.327084,23.828596,24.749458
batch_02400_patch.tiff,patch_171,25.375372,24.020844,25.217625,24.937235,26.086998
batch_02400_patch.tiff,patch_172,25.893496,23.433403,25.549566,24.740944,26.018919
batch_02400_patch.tiff,patch_173,24.554737,23.002165,23.550844,25.222979,25.79368
batch_02400_patch.tiff,patch_174,25.046928,23.40041,25.798668,23.663132,26.29474
batch_02400_patch.tiff,patch_175,25.29556,23.28195,23.784422,23.660181,26.390078
batch_02400_patch.tiff,patch_176,25.16965,22.774809,25.174816,23.808876,27.3924
batch_02450_patch.tiff,patch_0,25.607615,24.51107,24.050867,24.774677,27.229498
batch_02450_patch.tiff,patch_1,26.84321,23.716917,26.779451,22.401367,26.56235
batch_02450_patch.tiff,patch_2,26.59363,23.81933,24.707561,25.317944,27.579927
batch_02450_patch.tiff,patch_3,27.938698,23.422539,26.00026,22.815357,26.605274
batch_02450_patch.tiff,patch_4,27.390589,23.407064,28.384556,21.14299,25.684906
batch_02450_patch.tiff,patch_5,26.881176,23.202278,27.676512,21.624384,26.229692
batch_02450_patch.tiff,patch_6,23.937498,22.809185,23.392376,25.082874,27.241714
batch_02450_patch.tiff,patch_7,25.34245,22.897924,24.056974,23.828476,26.075615
batch_02450_patch.tiff,patch_8,24.163923,22.059992,20.318064,24.795639,25.475824
batch_02450_patch.tiff,patch_9,25.121925,22.80564,20.626144,25.854145,26.44826
batch_02450_patch.tiff,patch_10,26.612514,23.622879,24.997168,24.421347,28.039867
batch_02450_patch.tiff,patch_11,26.350998,24.17245,27.23576,24.975918,27.7303
batch_02450_patch.tiff,patch_12,24.87098,22.802206,24.7541,24.099623,25.965366
batch_02450_patch.tiff,patch_13,27.257593,24.219938,26.008997,23.489384,27.956034
batch_02450_patch.tiff,patch_14,26.337563,24.934006,25.37227,23.546354,26.983004
batch_02450_patch.tiff,patch_15,27.501053,23.704967,26.785769,22.484003,27.366966
batch_02450_patch.tiff,patch_16,27.717262,23.355652,25.769978,22.168072,26.26169
batch_02450_patch.tiff,patch_17,27.086245,23.935905,27.814276,21.27392,26.15596
batch_02450_patch.tiff,patch_18,27.196695,22.599073,27.428339,19.908623,25.566385
batch_02450_patch.tiff,patch_19,25.343534,23.2417,22.327805,25.931347,27.245441
batch_02450_patch.tiff,patch_20,25.0535,23.131186,22.99399,25.576477,26.726772
batch_02450_patch.tiff,patch_21,24.570255,22.283342,20.005169,23.327799,24.992115
batch_02450_patch.tiff,patch_22,23.325214,21.002087,19.89563,24.808561,24.553255
batch_02450_patch.tiff,patch_23,25.007107,23.775148,26.002245,25.247957,27.502773
batch_02450_patch.tiff,patch_24,26.737087,22.975094,25.165695,23.148863,27.628382
batch_02450_patch.tiff,patch_25,24.748007,22.056892,24.596046,22.480139,23.655981
batch_02450_patch.tiff,patch_26,25.957777,25.321234,24.240114,26.762482,27.518978
batch_02450_patch.tiff,patch_27,27.174612,24.176453,26.26253,23.605019,26.54746
batch_02450_patch.tiff,patch_28,27.687433,24.011272,26.44709,22.960754,26.553772
batch_02450_patch.tiff,patch_29,26.425531,23.722822,26.318865,23.190058,27.037241
batch_02450_patch.tiff,patch_30,25.852207,24.064411,25.5037,25.07084,27.79487
batch_02450_patch.tiff,patch_31,26.37947,22.663204,27.796461,21.27225,25.677713
batch_02450_patch.tiff,patch_32,26.064804,23.332453,24.639744,23.95439,26.688133
batch_02450_patch.tiff,patch_33,26.092321,22.588709,23.420012,25.66957,26.374674
batch_02450_patch.tiff,patch_34,25.094784,22.93666,20.954033,23.014206,25.314499
batch_02450_patch.tiff,patch_35,24.784557,22.735464,20.767305,25.536161,25.80838
batch_02450_patch.tiff,patch_36,24.780005,23.095444,23.370632,23.896963,27.3364
batch_02450_patch.tiff,patch_37,24.86679,22.548607,23.40917,25.218386,26.987547
batch_02450_patch.tiff,patch_38,27.210505,23.451214,26.928436,22.153648,25.468908
batch_02450_patch.tiff,patch_39,26.173744,26.093729,24.917519,28.613619,29.480865
batch_02450_patch.tiff,patch_40,28.309856,24.236952,24.839342,23.859068,26.447332
batch_02450_patch.tiff,patch_41,27.167702,24.152603,26.044134,23.77778,27.35176
batch_02450_patch.tiff,patch_42,27.214193,23.265795,27.229477,21.839636,26.856108
batch_02450_patch.tiff,patch_43,26.423285,25.162968,25.229204,26.351328,28.545782
batch_02450_patch.tiff,patch_44,26.776844,24.665964,26.250805,24.563625,28.037008
batch_02450_patch.tiff,patch_45,26.881222,23.076754,24.584822,24.555128,27.305798
batch_02450_patch.tiff,patch_46,26.039068,24.657206,25.66706,24.607334,27.603344
batch_02450_patch.tiff,patch_47,24.336464,21.04559,19.407267,25.049673,24.164663
batch_02450_patch.tiff,patch_48,25.349632,22.63472,21.133104,25.13246,25.568808
batch_02450_patch.tiff,patch_49,24.69682,23.000042,22.409721,24.81946,26.760847
batch_02450_patch.tiff,patch_50,24.41856,22.296217,21.917961,24.460312,26.353325
batch_02450_patch.tiff,patch_51,27.46103,23.145716,27.29212,22.145248,24.96073
batch_02450_patch.tiff,patch_52,26.486546,24.876114,25.391388,26.943455,29.220451
batch_02450_patch.tiff,patch_53,26.64934,23.396477,25.87416,22.794374,25.700636
batch_02450_patch.tiff,patch_54,26.49072,23.889324,27.677065,22.703123,26.390455
batch_02450_patch.tiff,patch_55,26.989414,23.265797,25.597984,22.588562,26.951153
batch_02450_patch.tiff,patch_56,24.857368,24.88465,25.202627,25.546803,27.951324
batch_02450_patch.tiff,patch_57,23.907986,24.709986,23.14004,27.255796,27.352036
batch_02450_patch.tiff,patch_58,26.83889,22.827154,23.835318,23.79937,27.063128
batch_02450_patch.tiff,patch_59,26.214891,22.473509,24.682423,24.610632,26.415756
batch_02450_patch.tiff,patch_60,27.127935,22.956402,26.819841,22.243591,25.94509
batch_02450_patch.tiff,patch_61,26.538525,22.539944,25.502869,22.582819,24.058493
batch_02450_patch.tiff,patch_62,25.780457,22.836885,22.75625,24.207426,26.241055
batch_02450_patch.tiff,patch_63,24.934004,22.547302,22.400429,25.35396,27.114
batch_02450_patch.tiff,patch_64,26.357796,23.563711,25.896404,22.930882,26.644226
batch_02450_patch.tiff,patch_65,25.41698,24.277296,24.176437,23.482485,26.554173
batch_02450_patch.tiff,patch_66,27.801134,23.438532,26.630638,20.410084,25.509113
batch_02450_patch.tiff,patch_67,27.189308,22.255135,27.923586,20.147139,25.431288
batch_02450_patch.tiff,patch_68,25.875841,24.129015,25.631252,25.18912,26.717066
batch_02450_patch.tiff,patch_69,25.798592,25.42181,25.31395,26.366703,27.940203
batch_02450_patch.tiff,patch_70,26.300686,22.556997,24.138885,22.481009,25.841145
batch_02450_patch.tiff,patch_71,25.112577,22.6092,24.229698,24.750782,26.820665
batch_02450_patch.tiff,patch_72,26.233553,22.867151,23.348053,22.99672,26.979273
batch_02450_patch.tiff,patch_73,25.852547,22.583416,21.994493,22.823513,26.430567
batch_02450_patch.tiff,patch_74,25.39214,22.497343,22.909378,25.79069,26.375996
batch_02450_patch.tiff,patch_75,25.303438,23.163923,22.979218,24.776766,26.19413
batch_02450_patch.tiff,patch_76,26.469088,24.088955,25.776245,24.75475,28.026302
batch_02450_patch.tiff,patch_77,27.109438,25.031805,26.186031,23.217688,27.572868
batch_02450_patch.tiff,patch_78,28.313313,23.63333,26.305807,20.504797,26.439783
batch_02450_patch.tiff,patch_79,28.299232,23.423944,27.285517,21.32535,26.793554
batch_02450_patch.tiff,patch_80,27.300919,25.141914,25.367067,25.059254,27.514946
batch_02450_patch.tiff,patch_81,26.393705,25.268293,25.033684,24.793608,27.989746
batch_02450_patch.tiff,patch_82,26.450058,23.852825,24.899025,24.358507,26.818205
batch_02450_patch.tiff,patch_83,25.030262,23.514399,23.859901,26.22803,27.210827
batch_02450_patch.tiff,patch_84,25.007204,22.879103,23.168802,22.896067,26.621103
batch_02450_patch.tiff,patch_85,25.171402,22.205734,24.33236,23.421747,26.273819
batch_02450_patch.tiff,patch_86,26.573034,23.02154,26.793026,22.909254,24.6435
batch_02450_patch.tiff,patch_87,26.848993,22.135578,24.83813,23.116701,23.90049
batch_02450_patch.tiff,patch_88,26.560028,23.340797,25.434654,22.278214,26.051115
batch_02450_patch.tiff,patch_89,25.499067,23.517471,26.60287,23.302225,26.349516
batch_02450_patch.tiff,patch_90,27.862978,23.976503,27.41664,21.85953,26.092468
batch_02450_patch.tiff,patch_91,27.88405,24.078894,25.764448,22.700758,27.089334
batch_02450_patch.tiff,patch_92,25.494047,23.9542,25.282984,23.551949,25.620197
batch_02450_patch.tiff,patch_93,25.404158,23.236996,23.37537,24.714668,26.567516
batch_02450_patch.tiff,patch_94,25.38647,23.316755,23.409853,25.035814,26.736038
batch_02450_patch.tiff,patch_95,24.163307,23.051256,23.280546,24.115795,27.088957
batch_02450_patch.tiff,patch_96,24.129812,23.710747,22.382595,22.98466,26.22484
batch_02450_patch.tiff,patch_97,26.197914,22.661362,25.590961,22.015234,23.67719
batch_02450_patch.tiff,patch_98,27.188547,23.525137,24.73279,25.104849,26.549873
batch_02450_patch.tiff,patch_99,27.290478,23.888586,28.009981,21.34749,25.686052
batch_02450_patch.tiff,patch_100,26.68152,22.60448,25.7528,22.690638,26.871492
batch_02450_patch.tiff,patch_101,27.675428,23.241669,26.694408,21.838804,26.885086
batch_02450_patch.tiff,patch_102,28.279852,23.865229,25.017664,23.171759,27.041512
batch_02450_patch.tiff,patch_103,25.207867,23.589235,26.178938,24.36425,26.240938
batch_02450_patch.tiff,patch_104,25.288568,23.457958,26.08734,23.82113,26.569946
batch_02450_patch.tiff,patch_105,23.852516,21.914991,19.84846,25.285007,25.001923
batch_02450_patch.tiff,patch_106,25.555336,23.008005,22.281788,24.152308,26.043804
batch_02450_patch.tiff,patch_107,26.808098,22.923428,25.749258,23.582787,26.04675
batch_02450_patch.tiff,patch_108,27.521559,23.237827,27.423008,23.18476,27.153
batch_02450_patch.tiff,patch_109,27.542452,23.337826,25.401617,24.518494,26.3324
batch_02450_patch.tiff,patch_110,25.80208,23.190449,24.956163,24.082159,25.458017
batch_02450_patch.tiff,patch_111,27.599562,23.733473,26.67048,22.38793,27.505177
batch_02450_patch.tiff,patch_112,27.55394,24.304338,27.741257,21.75153,26.414831
batch_02450_patch.tiff,patch_113,27.604275,23.592237,27.429354,22.726639,26.639019
batch_02450_patch.tiff,patch_114,26.62283,25.030918,25.560753,25.907007,28.883108
batch_02450_patch.tiff,patch_115,26.413631,25.605053,26.139513,23.971691,27.749146
batch_02450_patch.tiff,patch_116,26.164951,24.970251,25.737541,24.182047,25.930815
batch_02450_patch.tiff,patch_117,23.657398,21.928703,19.48297,24.797028,24.276165
batch_02450_patch.tiff,patch_118,23.895866,21.439098,19.622663,25.403254,24.89122
batch_02450_patch.tiff,patch_119,26.57215,23.318445,23.915398,23.181875,25.634586
batch_02450_patch.tiff,patch_120,27.582998,23.70047,26.191145,23.249868,26.493073
batch_02450_patch.tiff,patch_121,27.155806,23.54335,25.77959,24.808285,27.044857
batch_02450_patch.tiff,patch_122,26.054647,22.550106,25.108204,22.775898,24.134718
batch_02450_patch.tiff,patch_123,25.862558,24.633808,24.867361,25.485516,27.044184
batch_02450_patch.tiff,patch_124,27.477915,25.21345,26.407257,24.576902,28.42393
batch_02450_patch.tiff,patch_125,28.465935,23.276007,26.870365,22.467375,26.650774
batch_02450_patch.tiff,patch_126,27.04291,24.268984,27.214556,22.0452,25.852415
batch_02450_patch.tiff,patch_127,26.147217,24.032396,24.113085,25.275635,27.639776
batch_02450_patch.tiff,patch_128,25.250366,23.726545,24.809399,25.306746,26.88744
batch_02450_patch.tiff,patch_129,24.779753,22.865309,24.309223,26.450134,26.844421
batch_02450_patch.tiff,patch_130,25.376837,23.465296,23.520697,24.517088,28.015247
batch_02450_patch.tiff,patch_131,24.533686,22.296455,22.586325,24.070509,25.842886
batch_02450_patch.tiff,patch_132,26.294243,22.866629,23.134226,23.832518,26.862215
batch_02450_patch.tiff,patch_133,25.210537,22.172363,24.675953,24.711006,24.275223
batch_02450_patch.tiff,patch_134,27.062925,22.70026,26.58863,21.139194,24.812183
batch_02450_patch.tiff,patch_135,26.341812,25.816013,25.563978,24.270678,27.082628
batch_02450_patch.tiff,patch_136,25.839382,24.9891,24.786652,24.020433,27.724783
batch_02450_patch.tiff,patch_137,27.156828,23.682459,28.374622,21.847553,26.482447
batch_02450_patch.tiff,patch_138,27.093527,23.156832,27.905079,21.254425,25.842941
batch_02450_patch.tiff,patch_139,25.958878,22.769285,23.24232,23.361637,25.77671
batch_02450_patch.tiff,patch_140,25.670965,23.345541,24.273762,26.13332,26.916895
batch_02450_patch.tiff,patch_141,25.971376,23.4209,24.394527,24.997557,27.714893
batch_02450_patch.tiff,patch_142,25.848614,23.885365,24.367054,25.089373,27.338627
batch_02450_patch.tiff,patch_143,24.936052,23.717133,23.672228,23.462196,27.191587
batch_02450_patch.tiff,patch_144,26.532183,21.700937,23.487421,21.871305,25.686905
batch_02450_patch.tiff,patch_145,26.447613,22.835506,26.359211,22.628296,25.825464
batch_02450_patch.tiff,patch_146,26.906242,23.151602,25.92061,21.523342,24.74728
batch_02450_patch.tiff,patch_147,26.677149,23.63786,27.070944,22.51956,26.407839
batch_02450_patch.tiff,patch_148,27.049809,23.86147,25.803156,22.50917,26.75118
batch_02450_patch.tiff,patch_149,26.282831,24.16392,25.067894,24.462896,27.611813
batch_02450_patch.tiff,patch_150,25.374365,24.694973,26.443565,23.824835,27.577621
batch_02450_patch.tiff,patch_151,27.275465,22.910875,24.89448,22.05282,26.962154
batch_02450_patch.tiff,patch_152,25.668266,23.09351,24.012022,23.088343,25.60206
batch_02450_patch.tiff,patch_153,24.224512,21.747253,19.673414,25.70136,25.29734
batch_02450_patch.tiff,patch_154,24.439106,22.612188,19.968092,25.10132,25.386534
batch_02450_patch.tiff,patch_155,24.593346,23.99707,24.97628,25.655031,26.972923
batch_02450_patch.tiff,patch_156,24.79692,23.76943,24.106739,26.030857,26.703205
batch_02450_patch.tiff,patch_157,27.312044,22.825289,26.730074,20.993141,25.038662
batch_02450_patch.tiff,patch_158,27.436098,24.144236,26.631067,22.251263,26.510754
batch_02450_patch.tiff,patch_159,28.245527,23.097687,27.686844,22.67723,26.961205
batch_02450_patch.tiff,patch_160,27.556736,24.476347,26.44144,23.420044,27.121666
batch_02450_patch.tiff,patch_161,26.3898,23.276917,26.641594,22.433392,26.796535
batch_02450_patch.tiff,patch_162,26.476452,23.610502,24.550446,24.310947,27.20631
batch_02450_patch.tiff,patch_163,26.01888,23.856646,25.29879,24.239834,26.662783
batch_02450_patch.tiff,patch_164,24.24728,21.845413,20.059977,25.365355,25.375816
batch_02450_patch.tiff,patch_165,23.960361,21.201574,19.634777,24.8704,24.839731
batch_02450_patch.tiff,patch_166,24.18308,24.276468,24.851042,25.95317,27.054304
batch_02450_patch.tiff,patch_167,24.14204,24.073706,24.29156,26.331585,26.687323
batch_02450_patch.tiff,patch_168,27.262684,23.43388,26.52943,22.382235,25.957087
batch_02450_patch.tiff,patch_169,27.404888,22.59624,26.546621,21.538689,25.032534
batch_02450_patch.tiff,patch_170,26.155443,23.375523,26.417961,25.186628,27.10904
batch_02450_patch.tiff,patch_171,27.567413,25.490705,26.379498,24.685188,28.089226
batch_02450_patch.tiff,patch_172,25.081429,22.022404,23.615063,24.763208,26.230175
batch_02450_patch.tiff,patch_173,26.225657,23.6415,24.292953,23.09024,26.918499
batch_02450_patch.tiff,patch_174,23.503902,21.85764,20.204748,24.6434,24.587635
batch_02450_patch.tiff,patch_175,24.091501,21.639944,19.74936,25.273308,24.227158
batch_02450_patch.tiff,patch_176,25.87467,22.779623,23.375284,24.946741,26.713324
batch_02450_patch.tiff,patch_177,24.64452,23.32724,22.96436,25.23566,26.615545
batch_02450_patch.tiff,patch_178,27.33245,23.479326,26.694124,21.836517,25.222683
batch_02500_patch.tiff,patch_0,26.920902,22.810558,26.144339,21.476967,24.586382
batch_02500_patch.tiff,patch_1,27.305977,23.56003,24.840755,24.779232,27.496656
batch_02500_patch.tiff,patch_2,26.559938,23.444805,23.635664,24.889753,26.636183
batch_02500_patch.tiff,patch_3,25.759546,24.594294,25.580957,24.3519,25.05147
batch_02500_patch.tiff,patch_4,25.08058,23.18101,22.695953,26.170563,26.541641
batch_02500_patch.tiff,patch_5,27.423534,23.367584,25.38259,24.205206,26.246334
batch_02500_patch.tiff,patch_6,26.70794,23.935354,25.864899,23.057898,25.063395
batch_02500_patch.tiff,patch_7,27.694935,24.173101,26.480803,23.266804,25.138176
batch_02500_patch.tiff,patch_8,27.046637,24.154829,26.48569,22.215158,25.277405
batch_02500_patch.tiff,patch_9,26.303205,22.874426,25.754927,23.537678,25.50786
batch_02500_patch.tiff,patch_10,25.642122,23.951366,23.891232,25.067408,26.916378
batch_02500_patch.tiff,patch_11,25.25306,23.864202,23.244165,24.973686,26.200356
batch_02500_patch.tiff,patch_12,25.34401,23.80224,22.938597,26.834888,28.042828
batch_02500_patch.tiff,patch_13,25.27753,24.190424,23.685764,26.74725,28.02049
batch_02500_patch.tiff,patch_14,27.606266,23.734661,26.412703,22.702274,25.317472
batch_02500_patch.tiff,patch_15,26.624262,23.791498,26.82794,23.008142,25.232681
batch_02500_patch.tiff,patch_16,26.954382,24.312372,26.734497,23.26998,25.83654
batch_02500_patch.tiff,patch_17,25.603155,24.112299,24.352272,26.294577,28.225853
batch_02500_patch.tiff,patch_18,25.58049,23.410084,23.1568,25.82801,27.694897
batch_02500_patch.tiff,patch_19,23.935995,23.434793,24.65771,25.422033,26.487816
batch_02500_patch.tiff,patch_20,25.024218,24.24352,24.848179,26.269794,26.949526
batch_02500_patch.tiff,patch_21,25.558107,22.465824,23.656534,24.85974,25.571817
batch_02500_patch.tiff,patch_22,25.295725,23.464478,22.242512,25.893354,25.68945
batch_02500_patch.tiff,patch_23,26.18163,22.645485,25.030975,23.099777,23.787443
batch_02500_patch.tiff,patch_24,27.798119,24.30826,26.535896,24.616486,25.932415
batch_02500_patch.tiff,patch_25,27.665161,23.496151,25.968918,24.61845,26.462805
batch_02500_patch.tiff,patch_26,26.750082,25.07964,25.343897,25.503841,27.907232
batch_02500_patch.tiff,patch_27,25.347342,23.616646,24.628109,25.185621,26.422306
batch_02500_patch.tiff,patch_28,25.03876,23.323383,23.226484,25.454393,27.192078
batch_02500_patch.tiff,patch_29,26.017786,23.273151,24.825127,26.14505,26.861933
batch_02500_patch.tiff,patch_30,25.130424,23.388172,23.657148,26.413599,27.314962
batch_02500_patch.tiff,patch_31,25.572983,23.79562,23.478065,26.37612,27.304947
batch_02500_patch.tiff,patch_32,27.1797,23.917059,26.160933,22.762327,24.620228
batch_02500_patch.tiff,patch_33,28.124138,23.8697,26.507124,23.54627,25.183823
batch_02500_patch.tiff,patch_34,26.9908,23.450333,24.83609,24.205265,25.880058
batch_02500_patch.tiff,patch_35,26.43307,23.699112,24.339533,23.417143,25.098667
batch_02500_patch.tiff,patch_36,25.227495,22.548258,25.484926,21.894398,22.847368
batch_02500_patch.tiff,patch_37,24.075327,23.155556,23.285097,26.179226,26.163218
batch_02500_patch.tiff,patch_38,25.273703,24.023455,23.71582,26.836475,27.630667
batch_02500_patch.tiff,patch_39,25.945549,23.967024,25.307846,25.169064,27.787321
batch_02500_patch.tiff,patch_40,26.161043,23.175043,25.51747,25.230436,27.329723
batch_02500_patch.tiff,patch_41,27.658072,22.701508,26.487772,22.647585,25.621622
batch_02500_patch.tiff,patch_42,27.72543,23.262808,26.394108,22.664633,25.48011
batch_02500_patch.tiff,patch_43,28.133604,22.626808,26.946877,22.542885,24.945038
batch_02500_patch.tiff,patch_44,26.05274,22.496191,25.294687,22.327707,25.037083
batch_02500_patch.tiff,patch_45,25.703505,23.191498,23.240448,25.204208,25.712519
batch_02500_patch.tiff,patch_46,25.819689,23.546246,23.787039,24.93499,27.230816
batch_02500_patch.tiff,patch_47,25.606073,23.776312,24.971855,24.60551,26.546858
batch_02500_patch.tiff,patch_48,27.006683,24.690176,25.687124,24.000988,27.330435
batch_02500_patch.tiff,patch_49,27.911322,23.73278,26.655064,22.117456,24.669432
batch_02500_patch.tiff,patch_50,28.258076,23.334742,26.627958,23.08056,25.215225
batch_02500_patch.tiff,patch_51,28.13746,23.26497,27.457663,22.288412,25.746843
batch_02500_patch.tiff,patch_52,25.65914,24.215872,26.30147,23.62129,25.107683
batch_02500_patch.tiff,patch_53,26.081085,22.973234,26.142,23.487286,25.135601
batch_02500_patch.tiff,patch_54,27.83655,23.673355,26.404678,24.4986,27.417921
batch_02500_patch.tiff,patch_55,27.214195,24.181227,26.275206,23.176285,25.076273
batch_02500_patch.tiff,patch_56,27.424873,23.232418,26.751999,22.774773,24.882734
batch_02500_patch.tiff,patch_57,28.419056,23.673561,26.615032,23.492985,25.469198
batch_02500_patch.tiff,patch_58,26.192911,23.549522,26.756897,23.152002,25.985302
batch_02500_patch.tiff,patch_59,26.50545,23.521662,24.105516,25.477674,26.783169
batch_02500_patch.tiff,patch_60,27.018122,23.459019,25.14513,24.903355,26.931683
batch_02500_patch.tiff,patch_61,25.071438,22.634775,22.01548,25.732338,25.52779
batch_02500_patch.tiff,patch_62,26.757101,22.801388,26.474567,22.399181,24.080849
batch_02500_patch.tiff,patch_63,27.17043,23.080193,25.580662,21.802338,22.814045
batch_02500_patch.tiff,patch_64,27.854477,22.667479,26.690094,22.13789,24.407463
batch_02500_patch.tiff,patch_65,28.011465,23.174572,27.115002,21.60938,25.518646
batch_02500_patch.tiff,patch_66,25.623589,23.158854,23.75509,24.78075,25.090782
batch_02500_patch.tiff,patch_67,25.562456,23.222742,23.865515,26.143326,27.135572
batch_02500_patch.tiff,patch_68,26.30458,22.47487,23.279264,24.019398,26.331781
batch_02500_patch.tiff,patch_69,24.893822,21.55886,23.913902,24.446888,25.188427
batch_02500_patch.tiff,patch_70,27.305168,23.915632,26.621735,23.18558,24.996243
batch_02500_patch.tiff,patch_71,27.4804,23.605782,26.71955,22.7991,25.178196
batch_02500_patch.tiff,patch_72,27.204552,23.398153,26.261763,22.680492,25.907347
batch_02500_patch.tiff,patch_73,27.842606,22.453577,26.422194,21.535145,26.150202
