source_image,spot_id,Epithelial,Dead Cells,Connective/Soft tissue cells,Inflammatory,Neoplastic cells
batch_00000_patch.tiff,patch_0,25.764078,23.813808,25.258175,24.593243,26.313608
batch_00000_patch.tiff,patch_1,26.58965,24.017052,28.769644,24.565908,27.518728
batch_00000_patch.tiff,patch_2,26.811308,23.834028,25.137053,24.722797,25.965923
batch_00000_patch.tiff,patch_3,27.005333,23.774397,25.744095,24.660149,25.462635
batch_00000_patch.tiff,patch_4,25.337387,24.224245,23.568737,24.268053,25.603218
batch_00000_patch.tiff,patch_5,25.647497,24.196499,25.4796,23.678486,25.934637
batch_00000_patch.tiff,patch_6,25.10367,23.691736,24.177029,24.322336,25.68255
batch_00000_patch.tiff,patch_7,24.763601,23.751328,22.958344,24.372429,24.90764
batch_00000_patch.tiff,patch_8,25.071827,23.899647,25.809223,23.71488,27.487469
batch_00000_patch.tiff,patch_9,25.284708,23.901043,25.307676,24.668121,26.381386
batch_00000_patch.tiff,patch_10,26.338432,23.098114,25.38997,23.928423,25.628752
batch_00000_patch.tiff,patch_11,25.822777,23.798674,25.484386,23.803242,25.921984
batch_00000_patch.tiff,patch_12,25.207132,24.003529,23.10304,24.443052,26.268925
batch_00000_patch.tiff,patch_13,28.39002,23.88222,26.849295,25.306822,28.338247
batch_00000_patch.tiff,patch_14,26.599144,24.403685,27.267195,24.79475,24.766815
batch_00000_patch.tiff,patch_15,25.049223,23.883314,24.755947,23.134659,26.253386
batch_00000_patch.tiff,patch_16,26.40327,23.288551,24.43498,22.824966,25.756227
batch_00000_patch.tiff,patch_17,24.89408,24.147303,23.625502,24.434515,25.59645
batch_00000_patch.tiff,patch_18,26.922323,24.261808,23.226189,25.463627,25.712353
batch_00000_patch.tiff,patch_19,25.79064,23.532726,26.973286,22.550299,26.608511
batch_00000_patch.tiff,patch_20,25.715471,23.730217,25.104113,24.308092,26.043297
batch_00000_patch.tiff,patch_21,26.194258,23.155563,25.179865,24.155577,25.923874
batch_00000_patch.tiff,patch_22,25.849056,24.09912,25.17618,24.318914,25.753014
batch_00000_patch.tiff,patch_23,26.550745,24.146547,26.130709,24.212673,28.299282
batch_00000_patch.tiff,patch_24,27.016407,25.189814,26.305286,25.160854,27.260134
batch_00000_patch.tiff,patch_25,26.74057,24.24928,26.598232,24.69822,25.87277
batch_00000_patch.tiff,patch_26,27.183796,23.938625,25.663395,25.704437,26.122963
batch_00000_patch.tiff,patch_27,25.919195,23.080801,23.33646,23.924826,25.717457
batch_00000_patch.tiff,patch_28,27.009201,23.824423,23.995415,24.585155,25.541529
batch_00000_patch.tiff,patch_29,26.443336,25.078989,25.295586,25.2603,28.113783
batch_00000_patch.tiff,patch_30,27.58047,24.295694,28.504778,25.203722,27.322683
batch_00000_patch.tiff,patch_31,24.475245,23.333347,24.856363,21.286137,26.535841
batch_00000_patch.tiff,patch_32,24.557869,23.797926,25.754324,24.04174,23.628748
batch_00000_patch.tiff,patch_33,26.24529,23.278648,26.671751,25.363602,25.600887
batch_00000_patch.tiff,patch_34,25.831076,23.192265,24.122889,24.038324,25.880453
batch_00000_patch.tiff,patch_35,26.872965,22.753479,26.749332,25.475151,27.380983
batch_00000_patch.tiff,patch_36,25.529427,23.867771,24.445429,24.464664,26.730913
batch_00000_patch.tiff,patch_37,25.502928,23.18456,26.138138,24.019194,25.95231
batch_00000_patch.tiff,patch_38,25.793968,23.804579,26.681465,24.420992,25.247398
batch_00000_patch.tiff,patch_39,26.445591,23.331896,23.689194,24.126368,26.176357
batch_00000_patch.tiff,patch_40,26.630001,23.792356,24.218945,23.900381,25.829367
batch_00000_patch.tiff,patch_41,26.705532,24.318144,26.11426,25.213484,27.341057
batch_00000_patch.tiff,patch_42,26.541313,24.19038,26.431925,25.787165,27.474874
batch_00000_patch.tiff,patch_43,25.508911,23.613125,25.831379,24.698246,26.032078
batch_00000_patch.tiff,patch_44,25.700914,23.17594,24.839508,23.987663,27.002155
batch_00000_patch.tiff,patch_45,25.827084,23.615974,25.498404,24.09403,26.560783
batch_00000_patch.tiff,patch_46,24.934462,23.269958,23.963795,24.479689,26.857159
batch_00000_patch.tiff,patch_47,24.524035,24.243568,24.186052,25.005114,27.67396
batch_00000_patch.tiff,patch_48,26.098652,23.438099,26.880596,25.212105,24.77994
batch_00000_patch.tiff,patch_49,27.44642,23.13925,27.907156,25.133226,25.66788
batch_00000_patch.tiff,patch_50,26.055925,23.944698,23.822079,22.360573,26.81749
batch_00000_patch.tiff,patch_51,25.96077,23.57382,23.5622,24.305086,25.87104
batch_00000_patch.tiff,patch_52,24.7626,23.496286,23.954136,24.857893,26.495777
batch_00000_patch.tiff,patch_53,26.657549,22.532423,24.57376,25.329727,25.687752
batch_00000_patch.tiff,patch_54,24.825743,22.745167,23.477003,24.663326,25.692703
batch_00000_patch.tiff,patch_55,25.202682,23.307014,24.088995,24.61929,26.800076
batch_00000_patch.tiff,patch_56,25.065283,23.64017,24.78923,24.636244,26.539476
batch_00000_patch.tiff,patch_57,24.933722,23.555733,24.196054,24.444136,26.19636
batch_00000_patch.tiff,patch_58,27.00467,24.602413,26.775103,25.055006,25.945675
batch_00000_patch.tiff,patch_59,28.479963,23.540901,27.168755,24.969507,25.768549
batch_00000_patch.tiff,patch_60,27.405329,23.485992,23.098928,23.27546,27.07781
batch_00000_patch.tiff,patch_61,26.181925,23.347443,22.419268,22.805552,25.45986
batch_00000_patch.tiff,patch_62,26.393286,23.341234,25.134775,26.331413,25.31836
batch_00000_patch.tiff,patch_63,26.876993,22.742313,25.529308,25.728354,25.526417
batch_00000_patch.tiff,patch_64,25.68972,22.557505,24.394756,24.310007,25.310879
batch_00000_patch.tiff,patch_65,26.014765,23.444033,25.670921,24.670439,26.16574
batch_00000_patch.tiff,patch_66,26.511278,23.890541,24.080091,25.3488,27.703646
batch_00000_patch.tiff,patch_67,24.211912,23.957148,23.65377,24.354584,27.020853
batch_00000_patch.tiff,patch_68,26.001123,24.42078,23.965593,24.296227,25.675495
batch_00000_patch.tiff,patch_69,25.398825,23.569324,23.760818,24.134293,26.000418
batch_00000_patch.tiff,patch_70,26.633444,23.063183,23.58485,24.496902,25.62709
batch_00000_patch.tiff,patch_71,26.962967,23.72082,24.0306,24.915615,26.637552
batch_00000_patch.tiff,patch_72,27.48828,22.891676,25.92609,25.45071,25.687408
batch_00000_patch.tiff,patch_73,25.45378,23.635664,25.098993,23.583027,27.503716
batch_00000_patch.tiff,patch_74,25.843573,22.98535,24.283703,23.542488,25.933077
batch_00000_patch.tiff,patch_75,26.055962,23.380976,25.071453,24.57624,25.948458
batch_00000_patch.tiff,patch_76,25.716484,24.884941,25.586245,24.389645,29.028429
batch_00000_patch.tiff,patch_77,25.813643,24.69374,25.090002,24.971567,27.695648
batch_00000_patch.tiff,patch_78,26.581594,23.136301,24.686207,23.194101,26.290457
batch_00000_patch.tiff,patch_79,25.35633,23.29805,22.746859,24.939854,26.38389
batch_00000_patch.tiff,patch_80,27.169916,24.244112,26.071762,25.287443,27.26531
batch_00000_patch.tiff,patch_81,26.99014,22.166275,25.703009,24.99879,25.356949
batch_00000_patch.tiff,patch_82,26.308926,22.348356,24.685019,25.64346,26.16359
batch_00000_patch.tiff,patch_83,25.317575,22.5777,23.85445,25.175322,26.46978
batch_00000_patch.tiff,patch_84,25.963718,23.747314,24.669655,24.567963,25.64326
batch_00000_patch.tiff,patch_85,25.93894,23.264229,25.73489,24.202957,25.969807
batch_00000_patch.tiff,patch_86,27.97436,23.775305,27.060112,24.50699,25.582214
batch_00000_patch.tiff,patch_87,26.941986,24.312248,26.66105,25.681625,26.111303
batch_00000_patch.tiff,patch_88,25.859285,23.717201,23.646881,24.616522,26.276726
batch_00000_patch.tiff,patch_89,26.544237,22.750797,24.026754,24.667727,26.38499
batch_00000_patch.tiff,patch_90,25.952124,23.912851,23.548386,25.065529,26.162964
batch_00000_patch.tiff,patch_91,27.713985,22.510887,27.577757,25.03592,26.204397
batch_00000_patch.tiff,patch_92,25.222633,22.822672,24.641693,25.290445,25.57984
batch_00000_patch.tiff,patch_93,26.921497,22.040428,24.156834,24.828424,26.121862
batch_00000_patch.tiff,patch_94,27.044851,24.522362,25.60081,24.790125,27.17706
batch_00000_patch.tiff,patch_95,25.920784,24.073824,25.074896,23.947586,27.131433
batch_00000_patch.tiff,patch_96,25.58606,24.10258,26.23889,24.07941,26.138245
batch_00000_patch.tiff,patch_97,26.320316,23.132177,24.206121,24.421095,25.538834
batch_00000_patch.tiff,patch_98,27.203888,22.395912,26.305948,24.01756,26.349993
batch_00000_patch.tiff,patch_99,27.637407,23.95228,27.2259,25.46608,25.787384
batch_00000_patch.tiff,patch_100,25.654999,22.163876,22.51954,22.779041,25.33483
batch_00000_patch.tiff,patch_101,25.431244,23.552118,23.143408,24.525614,26.328726
batch_00000_patch.tiff,patch_102,27.019693,24.013334,24.99889,24.645235,27.098337
batch_00000_patch.tiff,patch_103,26.440374,23.169922,25.795565,24.895786,26.180536
batch_00000_patch.tiff,patch_104,26.543966,23.050207,25.56799,25.057081,25.827703
batch_00000_patch.tiff,patch_105,25.151201,21.582527,24.051733,24.142387,25.935791
batch_00000_patch.tiff,patch_106,25.365946,24.506895,25.979607,24.578354,28.065197
batch_00000_patch.tiff,patch_107,24.77517,23.419453,22.814938,24.994825,25.96592
batch_00000_patch.tiff,patch_108,25.798653,23.586107,24.719978,24.816046,25.613134
batch_00000_patch.tiff,patch_109,24.093685,22.301367,22.884224,23.994127,24.686903
batch_00000_patch.tiff,patch_110,28.455502,24.295172,26.905943,24.509237,26.787197
batch_00000_patch.tiff,patch_111,26.930292,24.156708,26.476652,25.064085,25.66778
batch_00000_patch.tiff,patch_112,24.871298,23.022156,22.991451,23.746689,25.826794
batch_00000_patch.tiff,patch_113,25.54465,22.838696,22.710775,23.390291,25.33944
batch_00000_patch.tiff,patch_114,24.797318,21.921432,22.872541,24.664722,25.068731
batch_00000_patch.tiff,patch_115,26.133627,24.023731,24.467518,24.39685,26.401127
batch_00000_patch.tiff,patch_116,24.944757,23.179958,24.189127,23.349422,26.557606
batch_00000_patch.tiff,patch_117,24.930777,23.187023,24.76457,23.535458,26.276863
batch_00000_patch.tiff,patch_118,25.346678,22.530188,26.145117,23.010042,26.12029
batch_00000_patch.tiff,patch_119,25.179777,23.09311,23.171839,23.584576,25.712736
batch_00000_patch.tiff,patch_120,25.600021,23.292324,25.663477,23.233175,26.264734
batch_00000_patch.tiff,patch_121,27.491915,22.580517,27.036766,25.21147,25.35263
batch_00000_patch.tiff,patch_122,26.97951,24.507793,27.223349,24.948952,25.57754
batch_00000_patch.tiff,patch_123,26.4833,24.404778,24.72661,24.306557,26.66352
batch_00000_patch.tiff,patch_124,25.816984,24.470217,25.49622,24.31648,26.119598
batch_00000_patch.tiff,patch_125,25.186426,24.166061,22.408937,25.161556,26.046669
batch_00000_patch.tiff,patch_126,26.745932,23.304432,25.196564,24.446896,26.98106
batch_00000_patch.tiff,patch_127,25.779787,23.897362,25.91941,23.757826,26.652088
batch_00000_patch.tiff,patch_128,26.739729,23.121197,25.687836,23.88363,26.899714
batch_00000_patch.tiff,patch_129,26.597483,23.334358,26.460798,24.639093,26.030893
batch_00000_patch.tiff,patch_130,25.143576,23.31048,23.485249,23.553051,25.894053
batch_00000_patch.tiff,patch_131,25.849556,23.825148,26.194548,24.757393,24.582607
batch_00000_patch.tiff,patch_132,24.87389,23.972948,23.316153,24.896624,26.192183
batch_00000_patch.tiff,patch_133,26.157341,23.912292,26.757133,24.108131,26.515896
batch_00000_patch.tiff,patch_134,25.495535,21.949776,23.542944,25.421001,25.343134
batch_00000_patch.tiff,patch_135,26.40833,23.363287,25.21517,25.336155,25.64982
batch_00000_patch.tiff,patch_136,25.890297,23.99457,24.507492,24.246252,26.685045
batch_00000_patch.tiff,patch_137,25.487848,23.23826,25.514874,23.461468,26.534931
batch_00000_patch.tiff,patch_138,25.1172,23.739723,24.73086,24.487934,25.065495
batch_00000_patch.tiff,patch_139,24.892233,23.019812,24.489035,23.370623,25.793232
batch_00000_patch.tiff,patch_140,25.044214,24.021011,26.464163,24.783312,24.833603
batch_00000_patch.tiff,patch_141,25.194117,24.342136,24.538666,24.302277,24.656153
batch_00000_patch.tiff,patch_142,26.424364,23.784626,25.062824,24.954462,26.463585
batch_00000_patch.tiff,patch_143,27.635418,24.44418,27.24872,24.902786,26.935566
batch_00000_patch.tiff,patch_144,26.752468,23.36093,26.713045,25.819403,25.10592
batch_00000_patch.tiff,patch_145,25.99728,23.321493,24.458483,24.777832,26.457424
batch_00000_patch.tiff,patch_146,25.32333,23.818062,24.137833,22.5344,27.452957
batch_00000_patch.tiff,patch_147,26.576677,24.82433,25.387207,25.330624,26.459948
batch_00000_patch.tiff,patch_148,27.260687,24.619095,27.838432,24.916605,26.133635
batch_00000_patch.tiff,patch_149,26.230387,23.44604,25.372993,25.65303,25.487656
batch_00000_patch.tiff,patch_150,26.514093,22.860863,28.762924,24.062948,25.182339
batch_00000_patch.tiff,patch_151,27.077162,23.822239,26.761545,25.644957,25.200558
batch_00000_patch.tiff,patch_152,27.951849,23.995703,25.868721,25.203377,26.1246
batch_00000_patch.tiff,patch_153,25.815771,23.382036,23.659727,23.635035,26.096582
batch_00000_patch.tiff,patch_154,25.798532,23.172403,23.0772,23.053051,26.430206
batch_00000_patch.tiff,patch_155,26.453259,22.674845,24.914114,24.880972,25.905725
batch_00000_patch.tiff,patch_156,26.27223,22.77061,23.05023,24.271812,26.535648
batch_00000_patch.tiff,patch_157,24.14613,24.174252,23.28025,23.742708,24.531593
batch_00000_patch.tiff,patch_158,25.642988,23.469492,24.744198,24.317451,25.676289
batch_00000_patch.tiff,patch_159,26.658264,23.41616,24.890432,24.96557,26.871979
batch_00000_patch.tiff,patch_160,26.475256,24.402273,25.82364,24.288189,27.124052
batch_00050_patch.tiff,patch_0,25.657513,23.507286,24.921036,24.06144,26.074417
batch_00050_patch.tiff,patch_1,24.199858,22.952627,23.144009,22.371153,25.238415
batch_00050_patch.tiff,patch_2,24.560484,24.665318,24.093454,24.075476,26.478247
batch_00050_patch.tiff,patch_3,25.010448,24.8026,24.530344,24.127207,27.200026
batch_00050_patch.tiff,patch_4,26.195723,22.914251,23.70415,23.694685,24.975323
batch_00050_patch.tiff,patch_5,24.935358,24.398565,22.904867,24.32398,25.49034
batch_00050_patch.tiff,patch_6,26.256351,23.012325,24.348806,23.703485,25.238747
batch_00050_patch.tiff,patch_7,25.431147,24.072193,24.28163,22.956799,26.337837
batch_00050_patch.tiff,patch_8,25.412046,23.690762,24.90686,22.912664,25.413336
batch_00050_patch.tiff,patch_9,25.760038,23.319427,24.943808,23.16758,25.99651
batch_00050_patch.tiff,patch_10,24.982754,23.015186,22.787079,23.842972,25.095144
batch_00050_patch.tiff,patch_11,24.808027,24.215748,23.915173,23.68252,24.631086
batch_00050_patch.tiff,patch_12,25.57692,24.725065,22.949957,24.918226,24.139456
batch_00050_patch.tiff,patch_13,25.948786,23.76632,25.349028,24.180647,26.351849
batch_00050_patch.tiff,patch_14,25.373024,23.948568,26.128307,24.380337,25.56638
batch_00050_patch.tiff,patch_15,26.048233,24.41049,26.615963,23.12899,26.924524
batch_00050_patch.tiff,patch_16,24.267504,25.047476,24.393177,24.203045,27.199974
batch_00050_patch.tiff,patch_17,26.3096,24.196693,24.127022,23.938068,26.22104
batch_00050_patch.tiff,patch_18,26.36934,24.956406,26.04739,24.487328,26.030039
batch_00050_patch.tiff,patch_19,25.654419,22.268545,24.931852,23.29936,25.054546
batch_00050_patch.tiff,patch_20,25.887894,23.609955,25.60718,23.631495,25.782827
batch_00050_patch.tiff,patch_21,25.411846,23.380802,24.198502,23.183084,25.93134
batch_00050_patch.tiff,patch_22,24.701572,23.388384,24.568937,23.652828,25.7388
batch_00050_patch.tiff,patch_23,24.280819,22.917452,21.819462,23.082012,22.813555
batch_00050_patch.tiff,patch_24,25.448616,23.651941,24.819805,24.113129,24.98012
batch_00050_patch.tiff,patch_25,23.95588,23.498598,21.551395,24.26444,22.813633
batch_00050_patch.tiff,patch_26,25.241058,24.010763,26.101456,23.601107,25.822344
batch_00050_patch.tiff,patch_27,24.144054,23.535555,23.117216,24.421665,25.644442
batch_00050_patch.tiff,patch_28,26.101345,23.270506,24.259317,24.013145,25.580246
batch_00050_patch.tiff,patch_29,25.195562,22.352852,23.622402,24.715336,25.928741
batch_00050_patch.tiff,patch_30,24.672468,23.058084,21.002197,25.025234,23.482603
batch_00050_patch.tiff,patch_31,24.506245,22.843966,23.44341,24.033941,25.063936
batch_00050_patch.tiff,patch_32,26.062704,22.410475,25.205513,24.24115,25.60168
batch_00050_patch.tiff,patch_33,26.206886,22.813007,24.584646,23.484833,25.630737
batch_00050_patch.tiff,patch_34,26.005344,23.13965,24.717941,23.614748,25.639055
batch_00050_patch.tiff,patch_35,25.522644,23.544872,24.429398,24.276297,25.860943
batch_00050_patch.tiff,patch_36,24.571493,23.777277,24.169285,24.415417,26.792429
batch_00050_patch.tiff,patch_37,24.793596,24.202229,25.017756,24.180805,26.994457
batch_00050_patch.tiff,patch_38,26.159758,22.829361,22.670496,23.101551,24.265299
batch_00050_patch.tiff,patch_39,25.868986,23.50778,25.59737,24.843586,25.942194
batch_00050_patch.tiff,patch_40,26.105612,22.991322,23.971241,23.294209,26.0851
batch_00050_patch.tiff,patch_41,25.434935,23.605167,23.639482,25.038006,24.88621
batch_00050_patch.tiff,patch_42,24.854477,23.233393,23.586973,25.032413,24.928343
batch_00050_patch.tiff,patch_43,25.39336,23.426218,23.48891,23.886595,24.422897
batch_00050_patch.tiff,patch_44,25.78529,23.704515,24.60054,24.371525,24.35849
batch_00050_patch.tiff,patch_45,27.234503,23.76213,25.94637,24.731194,26.005796
batch_00050_patch.tiff,patch_46,25.413412,23.17857,24.74253,23.938616,25.158674
batch_00050_patch.tiff,patch_47,25.483938,23.335857,24.243803,23.00124,25.955477
batch_00050_patch.tiff,patch_48,24.67835,23.82352,25.52265,22.856697,24.32477
batch_00050_patch.tiff,patch_49,24.798042,24.848583,24.477854,24.72195,27.719
batch_00050_patch.tiff,patch_50,24.714088,24.794363,24.67891,24.23607,26.986382
batch_00050_patch.tiff,patch_51,24.962927,22.905254,23.014965,23.624752,24.175917
batch_00050_patch.tiff,patch_52,25.611652,23.659653,25.442024,24.50681,25.570442
batch_00050_patch.tiff,patch_53,25.251339,22.6244,23.632072,24.22444,25.789352
batch_00050_patch.tiff,patch_54,26.107931,23.963634,24.00097,24.13412,25.938957
batch_00050_patch.tiff,patch_55,24.920755,23.921122,22.932981,24.065435,25.615582
batch_00050_patch.tiff,patch_56,25.4327,24.47616,24.36501,23.735304,26.33384
batch_00050_patch.tiff,patch_57,27.010939,23.661875,26.021837,23.519047,25.774094
batch_00050_patch.tiff,patch_58,26.205591,22.778574,25.647938,24.437807,24.903112
batch_00050_patch.tiff,patch_59,26.110058,22.587854,25.474575,24.194948,25.144148
batch_00050_patch.tiff,patch_60,24.725044,23.814547,24.940996,23.900917,23.813002
batch_00050_patch.tiff,patch_61,24.983091,23.950834,24.892693,23.666405,26.073557
batch_00050_patch.tiff,patch_62,26.297855,23.370853,23.720491,24.184141,24.563461
batch_00050_patch.tiff,patch_63,25.81599,22.783188,23.75778,24.549316,23.455322
batch_00050_patch.tiff,patch_64,25.541206,24.195518,26.171198,23.996561,26.136345
batch_00050_patch.tiff,patch_65,25.383905,22.632637,24.372118,22.901056,26.056454
batch_00050_patch.tiff,patch_66,24.893517,23.450075,23.973206,24.386295,25.650032
batch_00050_patch.tiff,patch_67,24.942465,23.059666,22.480783,24.416134,25.541014
batch_00050_patch.tiff,patch_68,26.184078,23.82786,25.524874,22.906,24.993332
batch_00050_patch.tiff,patch_69,26.332283,22.142267,24.56309,23.27361,25.656254
batch_00050_patch.tiff,patch_70,26.14748,22.758242,24.595331,23.58224,26.490543
batch_00050_patch.tiff,patch_71,26.145527,23.491842,27.455313,24.04598,25.297945
batch_00050_patch.tiff,patch_72,25.8177,23.363455,25.855528,24.704395,25.74594
batch_00050_patch.tiff,patch_73,24.956612,23.764128,23.625103,23.547815,24.65324
batch_00050_patch.tiff,patch_74,26.019554,23.882912,24.076944,23.905115,24.941235
batch_00050_patch.tiff,patch_75,25.768637,23.315424,24.80074,24.694847,23.940529
batch_00050_patch.tiff,patch_76,25.47631,22.183968,23.42777,23.649977,25.43315
batch_00050_patch.tiff,patch_77,27.070547,22.37943,25.88115,23.816874,25.824148
batch_00050_patch.tiff,patch_78,26.013685,24.600058,23.464064,24.432158,24.777767
batch_00050_patch.tiff,patch_79,25.114923,22.389973,22.294464,24.172482,24.627214
batch_00050_patch.tiff,patch_80,26.82274,24.146618,26.174786,24.360931,27.470957
batch_00050_patch.tiff,patch_81,24.810295,23.828161,24.503708,24.02548,26.994497
batch_00050_patch.tiff,patch_82,26.644978,25.208204,25.438406,23.60187,26.57978
batch_00050_patch.tiff,patch_83,26.338451,23.536263,25.515465,22.889053,25.427921
batch_00050_patch.tiff,patch_84,24.792133,23.936092,24.419252,23.696747,25.532253
batch_00050_patch.tiff,patch_85,25.217945,23.396101,23.725775,23.000816,25.662758
batch_00050_patch.tiff,patch_86,25.72478,24.061453,23.249077,24.724113,25.284826
batch_00050_patch.tiff,patch_87,26.554749,23.281258,25.58548,22.710506,25.903969
batch_00050_patch.tiff,patch_88,25.687595,22.54252,27.099482,23.530472,25.096548
batch_00050_patch.tiff,patch_89,26.922674,22.584118,29.040071,24.552347,25.346672
batch_00050_patch.tiff,patch_90,24.49697,22.586285,22.423983,24.712746,24.893435
batch_00050_patch.tiff,patch_91,25.299025,22.718906,22.740423,24.66745,24.915976
batch_00050_patch.tiff,patch_92,25.781355,23.918133,27.153805,23.535206,25.438522
batch_00050_patch.tiff,patch_93,25.274824,24.733706,25.782787,23.973057,27.007805
batch_00050_patch.tiff,patch_94,26.172901,22.967926,23.586084,23.586609,25.370993
batch_00050_patch.tiff,patch_95,25.63334,22.769417,24.56639,24.253948,24.57303
batch_00050_patch.tiff,patch_96,25.066751,23.761848,25.38873,23.537216,24.963026
batch_00050_patch.tiff,patch_97,24.787785,23.353458,24.320715,23.454391,25.193296
batch_00050_patch.tiff,patch_98,25.82765,22.962475,23.137905,24.25445,25.630274
batch_00050_patch.tiff,patch_99,26.393549,23.86437,23.063389,23.721014,25.854155
batch_00050_patch.tiff,patch_100,25.755613,22.05776,26.490274,24.377552,25.175665
batch_00050_patch.tiff,patch_101,27.03782,22.042904,29.81646,24.821089,24.959133
batch_00050_patch.tiff,patch_102,24.927505,23.044353,22.267168,23.642237,25.481443
batch_00050_patch.tiff,patch_103,25.71409,22.450718,24.466103,24.156343,25.624632
batch_00050_patch.tiff,patch_104,26.140892,23.219694,25.43494,24.725597,25.762556
batch_00050_patch.tiff,patch_105,26.696373,23.41552,25.577414,24.083271,25.880459
batch_00050_patch.tiff,patch_106,26.06565,23.360098,26.519537,23.486874,25.806923
batch_00050_patch.tiff,patch_107,25.96894,23.673517,25.639214,23.38397,25.742891
batch_00050_patch.tiff,patch_108,24.949255,22.845833,21.649128,22.490953,23.594015
batch_00050_patch.tiff,patch_109,24.981564,22.65715,22.316822,22.88676,24.19382
batch_00050_patch.tiff,patch_110,25.314306,24.0239,22.857775,24.49842,24.633322
batch_00050_patch.tiff,patch_111,25.362495,24.116673,25.54223,24.586458,25.064077
batch_00050_patch.tiff,patch_112,27.203913,23.20754,29.602417,24.372866,25.581291
batch_00050_patch.tiff,patch_113,24.539757,21.977627,22.234568,23.887024,24.257069
batch_00050_patch.tiff,patch_114,24.67545,21.865845,22.429714,23.183365,24.473063
batch_00050_patch.tiff,patch_115,25.861212,23.212532,26.359606,23.867477,25.56791
batch_00050_patch.tiff,patch_116,25.345846,23.967773,23.155243,23.409206,25.396349
batch_00050_patch.tiff,patch_117,25.820778,22.624186,25.242004,23.813513,26.354256
batch_00050_patch.tiff,patch_118,25.447577,23.425205,24.959877,23.07256,25.948921
batch_00050_patch.tiff,patch_119,26.791386,24.439499,24.494225,23.690565,25.407726
batch_00050_patch.tiff,patch_120,24.896023,24.315859,23.142143,24.084911,24.54426
batch_00050_patch.tiff,patch_121,25.222672,23.908432,22.236294,24.106709,23.479082
batch_00050_patch.tiff,patch_122,25.422878,23.79189,22.939291,23.21209,24.681915
batch_00050_patch.tiff,patch_123,25.096981,23.526707,24.917513,24.095108,26.228674
batch_00050_patch.tiff,patch_124,25.210363,22.862324,24.0728,23.769089,24.646904
batch_00050_patch.tiff,patch_125,25.584063,22.78849,23.37921,24.469084,25.345154
batch_00050_patch.tiff,patch_126,25.33743,22.043198,21.68392,24.462236,24.33037
batch_00050_patch.tiff,patch_127,25.618298,23.449944,23.815916,24.25483,25.235014
batch_00050_patch.tiff,patch_128,25.298214,23.605366,25.490833,23.864243,25.774433
batch_00050_patch.tiff,patch_129,26.054995,23.182123,24.087917,23.324415,25.456995
batch_00050_patch.tiff,patch_130,26.721571,22.325026,24.898,23.252619,25.516968
batch_00050_patch.tiff,patch_131,24.790035,23.312498,22.364552,23.826168,24.648577
batch_00050_patch.tiff,patch_132,26.322084,24.04468,24.5218,24.134039,25.13933
batch_00050_patch.tiff,patch_133,25.181276,24.152534,24.144985,24.23852,24.971357
batch_00050_patch.tiff,patch_134,24.624928,23.00593,22.806171,22.921284,25.799698
batch_00050_patch.tiff,patch_135,23.249153,22.736376,21.329153,23.882122,23.966759
batch_00050_patch.tiff,patch_136,25.288847,23.481926,24.038378,23.822374,25.273952
batch_00050_patch.tiff,patch_137,25.345976,22.122099,21.534126,23.812761,24.69573
batch_00050_patch.tiff,patch_138,24.582018,23.715946,24.511564,24.163458,25.137367
batch_00050_patch.tiff,patch_139,26.286314,23.354607,24.373362,22.970844,25.763292
batch_00050_patch.tiff,patch_140,25.16789,23.889254,24.952524,23.027935,25.953575
batch_00050_patch.tiff,patch_141,24.941156,23.00749,24.506521,23.364168,25.439232
batch_00050_patch.tiff,patch_142,25.50502,23.375225,23.24356,23.99428,25.08604
batch_00050_patch.tiff,patch_143,26.227236,23.905176,22.397625,24.059547,25.662184
batch_00050_patch.tiff,patch_144,25.429781,22.589256,21.677708,23.350554,23.106321
batch_00050_patch.tiff,patch_145,25.515396,24.185633,23.677769,24.516891,25.823969
batch_00050_patch.tiff,patch_146,26.344242,24.03672,23.245802,24.84146,25.795061
batch_00050_patch.tiff,patch_147,25.521967,23.171864,23.659315,24.4401,25.017138
batch_00050_patch.tiff,patch_148,25.02392,23.399378,23.84364,24.082632,25.645155
batch_00050_patch.tiff,patch_149,23.665607,22.029682,21.312246,23.29076,23.940195
batch_00050_patch.tiff,patch_150,25.937551,23.078712,23.163877,24.426105,24.607681
batch_00050_patch.tiff,patch_151,25.635794,22.489595,23.655071,22.686195,24.77925
batch_00050_patch.tiff,patch_152,26.795532,22.681168,25.982271,23.850512,26.480076
batch_00050_patch.tiff,patch_153,24.58835,23.888916,23.36396,24.223099,26.227568
batch_00050_patch.tiff,patch_154,24.727997,24.30608,23.540419,23.625473,26.759588
batch_00050_patch.tiff,patch_155,25.17623,22.991444,21.486559,24.048162,25.080322
batch_00050_patch.tiff,patch_156,25.427134,23.426908,22.285704,23.61477,25.596514
batch_00050_patch.tiff,patch_157,25.550283,24.151873,23.520718,24.202448,25.920422
batch_00050_patch.tiff,patch_158,24.306803,24.695314,24.799187,23.573687,25.052656
batch_00050_patch.tiff,patch_159,24.13692,22.64585,21.98272,24.370024,24.97142
batch_00050_patch.tiff,patch_160,25.321062,23.639866,25.37146,24.307947,25.715546
batch_00050_patch.tiff,patch_161,25.087694,22.06115,23.549953,24.06267,24.840641
batch_00050_patch.tiff,patch_162,24.835361,22.199818,22.708263,23.600916,24.81253
batch_00050_patch.tiff,patch_163,25.632792,22.755224,23.882448,23.01098,26.352829
batch_00050_patch.tiff,patch_164,24.99844,23.18585,24.698341,23.880352,25.775917
batch_00050_patch.tiff,patch_165,25.301523,24.535341,24.414564,23.783754,27.220432
batch_00050_patch.tiff,patch_166,23.695166,23.48554,23.731974,23.845592,26.413363
batch_00050_patch.tiff,patch_167,25.196651,23.240759,22.882912,23.941433,24.238375
batch_00050_patch.tiff,patch_168,25.973612,23.444002,23.427467,24.03536,23.733952
batch_00050_patch.tiff,patch_169,25.66819,23.091103,23.029533,23.799196,25.455187
batch_00050_patch.tiff,patch_170,25.983751,24.524881,22.653496,25.585068,24.686125
batch_00050_patch.tiff,patch_171,24.606136,22.026012,21.450943,23.526632,24.507162
batch_00050_patch.tiff,patch_172,24.944506,22.375275,21.954638,24.273827,25.057632
batch_00050_patch.tiff,patch_173,24.801725,22.590708,22.771654,23.683636,25.007303
batch_00050_patch.tiff,patch_174,24.753248,23.214212,22.825823,23.961176,24.948694
batch_00050_patch.tiff,patch_175,25.864328,24.07316,24.843735,23.07082,25.910835
batch_00050_patch.tiff,patch_176,27.135422,22.731236,25.829138,24.323381,26.363495
batch_00050_patch.tiff,patch_177,25.951262,23.409006,25.716822,23.23852,25.765137
batch_00050_patch.tiff,patch_178,26.085312,23.319183,25.711517,23.613396,25.958975
batch_00050_patch.tiff,patch_179,25.796741,23.080507,23.64843,23.550966,26.068653
batch_00050_patch.tiff,patch_180,25.315615,23.429989,23.64944,23.595179,25.984976
batch_00050_patch.tiff,patch_181,25.408167,23.567797,22.51209,24.393324,25.46085
batch_00050_patch.tiff,patch_182,26.82078,23.995443,23.37289,24.931503,24.801996
batch_00100_patch.tiff,patch_0,26.15548,23.341425,22.939049,25.433495,25.837269
batch_00100_patch.tiff,patch_1,25.914242,22.350597,22.964664,24.073618,25.484394
batch_00100_patch.tiff,patch_2,26.711424,23.265245,25.506268,25.42659,24.187025
batch_00100_patch.tiff,patch_3,26.673439,24.712648,23.469868,25.412956,24.454464
batch_00100_patch.tiff,patch_4,25.733011,23.050058,25.536211,24.847868,24.213032
batch_00100_patch.tiff,patch_5,25.645636,23.160408,23.339298,25.139406,22.679125
batch_00100_patch.tiff,patch_6,24.955536,22.25697,23.435171,24.377903,25.222168
batch_00100_patch.tiff,patch_7,25.372543,22.424015,23.958405,24.571613,25.589092
batch_00100_patch.tiff,patch_8,24.921753,21.93744,22.817032,24.012089,25.191435
batch_00100_patch.tiff,patch_9,24.152485,22.283566,21.931908,25.092697,24.709206
batch_00100_patch.tiff,patch_10,25.841473,22.975496,25.570066,23.50586,25.810669
batch_00100_patch.tiff,patch_11,26.578844,22.97546,23.298159,24.880177,25.530195
batch_00100_patch.tiff,patch_12,27.16466,22.442898,28.205002,24.973248,26.965471
batch_00100_patch.tiff,patch_13,26.646486,24.017876,25.175573,24.573332,26.36323
batch_00100_patch.tiff,patch_14,25.55765,22.965519,21.93284,25.413778,25.152071
batch_00100_patch.tiff,patch_15,25.146503,24.297346,22.03204,25.008707,25.43048
batch_00100_patch.tiff,patch_16,25.636143,24.069347,25.037851,24.215239,23.792122
batch_00100_patch.tiff,patch_17,25.643599,23.077976,23.06576,24.917536,25.099277
batch_00100_patch.tiff,patch_18,25.86947,22.39537,23.926514,25.205227,22.109484
batch_00100_patch.tiff,patch_19,23.907331,22.263443,23.403034,24.39006,24.626783
batch_00100_patch.tiff,patch_20,24.910019,22.18735,23.637745,23.241728,25.257175
batch_00100_patch.tiff,patch_21,25.259653,22.67809,23.77025,23.73536,26.46358
batch_00100_patch.tiff,patch_22,24.787205,23.131704,23.260014,24.246077,25.613298
batch_00100_patch.tiff,patch_23,25.56043,22.963829,24.582407,24.874296,26.565907
batch_00100_patch.tiff,patch_24,25.884243,23.214748,25.593924,24.956043,25.906292
batch_00100_patch.tiff,patch_25,27.399982,22.743317,25.760828,24.078138,27.77374
batch_00100_patch.tiff,patch_26,25.343025,23.83409,22.614609,23.899569,24.652418
batch_00100_patch.tiff,patch_27,25.407814,23.782213,25.466297,23.488781,25.023354
batch_00100_patch.tiff,patch_28,26.278423,23.728458,23.413677,24.866133,25.614908
batch_00100_patch.tiff,patch_29,26.59061,23.513273,23.586575,23.985882,25.290216
batch_00100_patch.tiff,patch_30,25.896862,23.040953,24.202662,24.265154,24.62351
batch_00100_patch.tiff,patch_31,25.520527,22.611076,22.058056,24.281063,23.398363
batch_00100_patch.tiff,patch_32,23.681446,23.253605,22.040106,24.8753,25.46252
batch_00100_patch.tiff,patch_33,22.786133,22.319788,21.675556,24.84864,24.820536
batch_00100_patch.tiff,patch_34,24.48143,23.006275,23.159233,24.439856,24.076818
batch_00100_patch.tiff,patch_35,25.25854,22.505445,23.113737,23.943466,25.55756
batch_00100_patch.tiff,patch_36,26.973356,23.101585,22.590862,25.660181,26.020563
batch_00100_patch.tiff,patch_37,26.817741,23.896824,23.937738,23.34061,26.784878
batch_00100_patch.tiff,patch_38,27.386904,22.943508,26.569254,24.453537,27.119968
batch_00100_patch.tiff,patch_39,25.32343,24.656832,23.898474,23.829893,24.97542
batch_00100_patch.tiff,patch_40,26.244005,23.331917,25.456728,24.114883,23.787502
batch_00100_patch.tiff,patch_41,23.82788,23.755486,22.212196,24.684826,23.604633
batch_00100_patch.tiff,patch_42,25.609016,23.81541,24.937576,23.598473,24.361065
batch_00100_patch.tiff,patch_43,24.602839,23.09438,22.948095,23.73984,22.39154
batch_00100_patch.tiff,patch_44,24.982801,24.331745,23.964705,24.59372,26.319298
batch_00100_patch.tiff,patch_45,23.528938,23.345266,23.121674,23.921368,25.144405
batch_00100_patch.tiff,patch_46,25.126293,23.823195,24.38748,24.507013,25.54096
batch_00100_patch.tiff,patch_47,25.701365,22.444685,25.10246,23.892307,24.800674
batch_00100_patch.tiff,patch_48,26.946821,22.407248,21.631094,24.429764,25.70003
batch_00100_patch.tiff,patch_49,25.658861,23.702597,24.831577,23.577927,26.823631
batch_00100_patch.tiff,patch_50,27.21674,22.57753,28.742704,25.188177,26.547247
batch_00100_patch.tiff,patch_51,23.34213,23.15574,22.347717,24.548025,26.135292
batch_00100_patch.tiff,patch_52,24.974693,24.063839,24.28281,24.501457,26.73803
batch_00100_patch.tiff,patch_53,25.401731,23.822805,22.618488,23.95063,24.285269
batch_00100_patch.tiff,patch_54,26.443014,23.463379,23.523506,25.365328,25.52691
batch_00100_patch.tiff,patch_55,25.66537,23.881577,23.276152,24.923302,23.554502
batch_00100_patch.tiff,patch_56,25.919546,22.928673,21.842855,24.91908,25.03146
batch_00100_patch.tiff,patch_57,25.201214,21.911182,24.478346,24.805103,25.657755
batch_00100_patch.tiff,patch_58,24.472925,22.33832,23.786684,24.570534,25.356712
batch_00100_patch.tiff,patch_59,25.132515,22.015406,24.960642,23.727198,25.024551
batch_00100_patch.tiff,patch_60,25.107794,22.553453,23.200521,24.783247,24.481874
batch_00100_patch.tiff,patch_61,25.464321,22.443447,23.162106,26.593487,24.682428
batch_00100_patch.tiff,patch_62,26.341894,22.98086,26.611626,24.777,26.075697
batch_00100_patch.tiff,patch_63,23.942211,23.698896,23.275017,24.448639,25.62466
batch_00100_patch.tiff,patch_64,24.81789,23.910526,23.779081,24.183174,26.152216
batch_00100_patch.tiff,patch_65,24.685238,23.573584,22.541107,24.0455,24.18472
batch_00100_patch.tiff,patch_66,26.083921,24.213251,24.298458,24.580835,25.481544
batch_00100_patch.tiff,patch_67,25.925262,24.250488,23.42979,24.264645,24.603601
batch_00100_patch.tiff,patch_68,25.44087,23.616396,22.101599,24.774366,23.464306
batch_00100_patch.tiff,patch_69,24.63842,22.536255,23.206522,24.299923,25.37378
batch_00100_patch.tiff,patch_70,24.085375,21.916948,25.003881,24.133602,25.140102
batch_00100_patch.tiff,patch_71,24.955925,22.604214,24.51281,23.63992,24.741373
batch_00100_patch.tiff,patch_72,25.05286,23.455149,24.05105,24.295847,24.622492
batch_00100_patch.tiff,patch_73,25.811403,23.03028,23.951456,24.31167,26.649126
batch_00100_patch.tiff,patch_74,27.260471,23.754002,26.838442,24.544323,26.121845
batch_00100_patch.tiff,patch_75,25.058226,24.230778,21.37977,24.917881,25.41975
batch_00100_patch.tiff,patch_76,25.425978,23.566067,24.053583,23.939365,25.54663
batch_00100_patch.tiff,patch_77,25.603294,23.31172,23.324621,24.948656,23.540852
batch_00100_patch.tiff,patch_78,26.352406,23.015823,25.07407,24.32346,23.727467
batch_00100_patch.tiff,patch_79,25.069586,23.948626,24.51817,24.099453,24.027573
batch_00100_patch.tiff,patch_80,24.445171,22.693851,23.755436,24.591057,25.262648
batch_00100_patch.tiff,patch_81,24.100426,22.315014,21.681122,24.609531,23.744822
batch_00100_patch.tiff,patch_82,24.739393,23.49404,24.114086,24.75283,25.731337
batch_00100_patch.tiff,patch_83,25.521687,22.821955,25.15253,23.519026,25.855703
batch_00100_patch.tiff,patch_84,26.261427,24.193596,25.212366,23.21422,27.036186
batch_00100_patch.tiff,patch_85,25.375397,23.734646,23.695765,24.53792,26.565321
batch_00100_patch.tiff,patch_86,25.90203,23.930054,22.058493,26.227285,25.619658
batch_00100_patch.tiff,patch_87,25.741985,24.07578,22.179031,24.611454,25.390398
batch_00100_patch.tiff,patch_88,25.120735,22.743391,21.457592,24.404182,24.32439
batch_00100_patch.tiff,patch_89,25.613491,22.696669,21.699112,24.520363,24.526293
batch_00100_patch.tiff,patch_90,26.239948,23.42242,24.340488,25.654633,24.584131
batch_00100_patch.tiff,patch_91,24.092455,22.428108,23.931387,24.175941,24.96943
batch_00100_patch.tiff,patch_92,25.140991,21.945045,21.734808,24.528595,24.818197
batch_00100_patch.tiff,patch_93,25.187624,23.076115,23.348942,25.108906,25.33536
batch_00100_patch.tiff,patch_94,25.659275,23.584642,24.829184,24.418224,26.060232
batch_00100_patch.tiff,patch_95,26.31813,23.725996,23.25165,24.3887,27.105799
batch_00100_patch.tiff,patch_96,24.898312,23.348494,23.709988,24.170336,26.374945
batch_00100_patch.tiff,patch_97,24.254505,23.507847,25.259615,23.013515,23.983358
batch_00100_patch.tiff,patch_98,26.781342,24.132778,24.594622,23.499893,25.168083
batch_00100_patch.tiff,patch_99,25.2622,22.644499,20.545347,24.521814,24.772686
batch_00100_patch.tiff,patch_100,24.327997,22.278368,21.283184,22.556013,25.267155
batch_00100_patch.tiff,patch_101,25.74692,22.63562,20.891277,23.498177,25.230837
batch_00100_patch.tiff,patch_102,25.196352,22.896898,22.08047,24.125425,25.824118
batch_00100_patch.tiff,patch_103,25.477057,22.863503,25.746305,24.579514,25.45752
batch_00100_patch.tiff,patch_104,24.429756,22.426502,22.859074,23.769514,24.607952
batch_00100_patch.tiff,patch_105,24.812672,23.598057,22.192738,25.143229,26.303118
batch_00100_patch.tiff,patch_106,24.03629,23.579193,20.777431,25.726782,25.265724
batch_00100_patch.tiff,patch_107,27.469828,22.253542,26.552483,25.403519,26.833904
batch_00100_patch.tiff,patch_108,26.934473,22.666403,27.78798,24.977716,27.152565
batch_00100_patch.tiff,patch_109,24.387486,23.247107,22.631094,23.822727,25.36237
batch_00100_patch.tiff,patch_110,25.6421,23.485064,22.958014,25.366907,25.703138
batch_00100_patch.tiff,patch_111,25.677153,22.927912,23.975174,25.66288,23.35493
batch_00100_patch.tiff,patch_112,25.845066,23.42826,24.482843,25.091055,24.71076
batch_00100_patch.tiff,patch_113,25.317703,23.240902,22.611805,24.198719,26.128918
batch_00100_patch.tiff,patch_114,25.194708,23.484617,21.791239,23.826656,26.289703
batch_00100_patch.tiff,patch_115,24.640839,22.701904,23.998146,25.32292,25.439215
batch_00100_patch.tiff,patch_116,24.150618,22.065752,22.32281,23.64893,23.901464
batch_00100_patch.tiff,patch_117,22.855692,22.274368,21.683298,24.672941,24.745964
batch_00100_patch.tiff,patch_118,25.029984,23.639597,23.903368,25.079794,25.931292
batch_00100_patch.tiff,patch_119,27.20264,22.778145,25.962645,25.853355,26.344751
batch_00100_patch.tiff,patch_120,26.881176,22.417849,28.340195,24.75293,26.236858
batch_00100_patch.tiff,patch_121,26.289534,24.561636,24.834635,24.349422,25.52164
batch_00100_patch.tiff,patch_122,24.71993,23.797419,25.244585,22.394104,25.415201
batch_00100_patch.tiff,patch_123,24.877047,22.906996,23.877737,24.998852,26.093336
batch_00100_patch.tiff,patch_124,24.932615,22.747822,23.611088,24.110058,26.794912
batch_00100_patch.tiff,patch_125,25.71467,22.528215,23.856089,24.358221,23.684223
batch_00100_patch.tiff,patch_126,25.149931,22.573566,23.69389,23.996637,23.182274
batch_00100_patch.tiff,patch_127,24.152956,22.05361,22.546406,23.962086,25.2665
batch_00100_patch.tiff,patch_128,25.930302,22.610994,24.842823,24.65969,25.40977
batch_00100_patch.tiff,patch_129,25.183018,22.984621,23.51294,24.665264,25.969732
batch_00100_patch.tiff,patch_130,25.307365,23.34896,23.11977,24.266209,24.840685
batch_00100_patch.tiff,patch_131,27.523169,23.571608,27.166647,24.634535,26.498466
batch_00100_patch.tiff,patch_132,25.711544,24.765928,23.021523,25.317165,25.601833
batch_00100_patch.tiff,patch_133,25.570833,24.377956,25.117407,24.068773,25.91441
batch_00100_patch.tiff,patch_134,25.84933,24.111639,26.171368,24.130617,27.820553
batch_00100_patch.tiff,patch_135,25.473305,23.734472,25.080437,24.301,27.400229
batch_00100_patch.tiff,patch_136,25.465136,22.918932,24.4524,24.554607,23.273756
batch_00100_patch.tiff,patch_137,25.625065,23.545528,21.997877,26.018991,22.532063
batch_00100_patch.tiff,patch_138,26.08109,23.026283,23.807634,24.39013,25.979624
batch_00100_patch.tiff,patch_139,24.950584,22.229761,23.253725,25.408735,24.717464
batch_00100_patch.tiff,patch_140,24.202585,22.151163,22.933641,23.889502,24.326515
batch_00100_patch.tiff,patch_141,24.85827,22.302223,24.017506,24.622019,24.652456
batch_00100_patch.tiff,patch_142,26.362492,22.760326,26.143444,26.095392,26.375929
batch_00100_patch.tiff,patch_143,26.745241,23.214533,28.460423,24.930891,26.364344
batch_00100_patch.tiff,patch_144,24.72643,22.348232,21.733696,24.031433,23.892641
batch_00100_patch.tiff,patch_145,25.991602,23.090582,23.20178,23.961966,25.213587
batch_00100_patch.tiff,patch_146,24.13348,24.070063,23.002384,25.150896,25.968958
batch_00100_patch.tiff,patch_147,24.557291,23.589523,23.789192,25.32015,26.479368
batch_00100_patch.tiff,patch_148,24.927874,23.609589,21.435072,24.817533,22.294334
batch_00100_patch.tiff,patch_149,24.46553,23.95422,23.512232,23.922625,23.910254
batch_00100_patch.tiff,patch_150,24.537924,22.00604,23.14946,24.61568,24.242292
batch_00100_patch.tiff,patch_151,23.757702,21.862932,23.695024,23.336264,23.213043
batch_00100_patch.tiff,patch_152,24.752562,22.023226,24.661783,23.545046,23.7773
batch_00100_patch.tiff,patch_153,24.065763,21.851004,24.716866,23.238134,23.27545
batch_00100_patch.tiff,patch_154,26.913143,23.422169,27.122902,24.88622,26.0875
batch_00100_patch.tiff,patch_155,27.020885,21.772654,26.39715,24.896662,27.293093
batch_00100_patch.tiff,patch_156,26.081038,23.56556,22.872568,24.753088,24.854973
batch_00100_patch.tiff,patch_157,25.857079,23.540756,22.540703,24.286003,25.170063
batch_00100_patch.tiff,patch_158,23.960005,22.784487,22.81654,24.381447,25.933416
batch_00100_patch.tiff,patch_159,23.729652,23.192335,22.385323,24.702257,25.315037
batch_00100_patch.tiff,patch_160,25.967703,23.29296,22.458735,23.688173,25.355732
batch_00100_patch.tiff,patch_161,26.084787,24.182957,22.544136,25.750256,24.201807
batch_00100_patch.tiff,patch_162,25.137192,22.911646,24.436554,24.16396,25.226757
batch_00100_patch.tiff,patch_163,25.237345,23.327782,23.331244,25.04615,25.954916
batch_00100_patch.tiff,patch_164,25.590122,23.075006,24.848454,24.801163,24.623695
batch_00100_patch.tiff,patch_165,26.138325,23.00701,25.039669,24.948439,24.97553
batch_00100_patch.tiff,patch_166,26.959534,22.913326,28.155785,25.267029,25.962713
batch_00100_patch.tiff,patch_167,27.354713,22.408325,26.445421,25.099493,26.612993
batch_00100_patch.tiff,patch_168,25.598892,22.634127,20.862558,24.525047,23.594908
batch_00100_patch.tiff,patch_169,26.19927,22.837042,22.966383,24.15664,24.131163
batch_00100_patch.tiff,patch_170,25.75549,23.904102,22.356232,24.779612,24.98461
batch_00100_patch.tiff,patch_171,25.967232,23.56866,21.654747,23.935976,25.288435
batch_00100_patch.tiff,patch_172,26.538305,22.357851,25.21032,25.271923,25.719429
batch_00100_patch.tiff,patch_173,24.976915,22.360786,25.287561,23.621338,25.528492
batch_00100_patch.tiff,patch_174,24.916796,22.553034,24.110855,24.030397,24.47809
batch_00100_patch.tiff,patch_175,25.973349,22.34722,25.058214,25.21108,24.811516
batch_00100_patch.tiff,patch_176,25.703337,22.6765,24.4086,24.249722,25.612532
batch_00100_patch.tiff,patch_177,24.693945,22.104906,24.695948,23.710987,24.606049
batch_00100_patch.tiff,patch_178,24.062643,23.210875,23.546728,24.122648,27.177597
batch_00100_patch.tiff,patch_179,25.165026,22.983656,25.013388,23.69503,28.1829
batch_00150_patch.tiff,patch_0,26.96452,23.54204,26.956972,24.886873,26.192028
batch_00150_patch.tiff,patch_1,27.06119,23.408474,27.734058,26.262035,26.53708
batch_00150_patch.tiff,patch_2,25.549232,24.133177,24.177513,25.434698,26.44183
batch_00150_patch.tiff,patch_3,25.530226,23.458624,22.692047,25.081938,25.94967
batch_00150_patch.tiff,patch_4,26.634518,22.949337,27.309513,24.86748,25.243143
batch_00150_patch.tiff,patch_5,26.346416,22.806116,24.737858,24.501102,26.520018
batch_00150_patch.tiff,patch_6,23.967232,23.809565,21.359089,24.397839,26.651257
batch_00150_patch.tiff,patch_7,26.370857,23.489109,23.677362,24.466463,27.0677
batch_00150_patch.tiff,patch_8,24.505661,23.03694,23.964735,24.464626,26.752708
batch_00150_patch.tiff,patch_9,25.10471,23.366085,23.330719,24.031355,26.127666
batch_00150_patch.tiff,patch_10,25.860676,23.38471,24.373676,22.955603,26.022736
batch_00150_patch.tiff,patch_11,25.05959,23.214201,22.787294,23.836582,25.59804
batch_00150_patch.tiff,patch_12,25.985699,23.819162,23.596304,22.34489,27.286835
batch_00150_patch.tiff,patch_13,26.911577,22.757809,28.321228,25.176414,26.360218
batch_00150_patch.tiff,patch_14,27.657675,22.82118,27.357714,24.6882,26.870731
batch_00150_patch.tiff,patch_15,26.402294,23.786547,23.925093,25.497595,26.372206
batch_00150_patch.tiff,patch_16,24.975433,24.007442,23.801727,24.988852,26.755884
batch_00150_patch.tiff,patch_17,27.189121,21.943613,29.03206,24.119547,26.480515
batch_00150_patch.tiff,patch_18,26.385391,23.541435,25.590286,25.693333,25.806498
batch_00150_patch.tiff,patch_19,24.352615,23.375086,23.56904,24.5961,26.435545
batch_00150_patch.tiff,patch_20,25.198048,23.528826,23.69872,23.967188,25.977242
batch_00150_patch.tiff,patch_21,24.405914,22.817118,24.380936,24.782375,25.485292
batch_00150_patch.tiff,patch_22,26.003277,23.542246,25.996853,24.689713,25.745672
batch_00150_patch.tiff,patch_23,25.295515,23.076365,24.268532,24.143787,25.873922
batch_00150_patch.tiff,patch_24,24.468992,23.214691,24.086805,23.307314,25.948774
batch_00150_patch.tiff,patch_25,25.4541,23.494843,23.980639,25.052284,26.654049
batch_00150_patch.tiff,patch_26,27.15288,22.149515,27.488274,24.900911,26.66674
batch_00150_patch.tiff,patch_27,27.222342,22.55545,28.422785,25.23046,26.26313
batch_00150_patch.tiff,patch_28,26.355106,22.687134,26.5765,24.683304,26.300293
batch_00150_patch.tiff,patch_29,26.385052,22.73971,24.301815,25.662004,26.053782
batch_00150_patch.tiff,patch_30,27.169659,23.06882,26.968826,25.11886,26.402615
batch_00150_patch.tiff,patch_31,26.70082,22.61519,27.551233,24.924715,27.005333
batch_00150_patch.tiff,patch_32,24.05909,24.110804,24.690857,23.098242,26.830471
batch_00150_patch.tiff,patch_33,24.995777,24.114662,24.776714,23.81176,27.25551
batch_00150_patch.tiff,patch_34,24.666945,23.958096,23.424818,24.176092,26.752989
batch_00150_patch.tiff,patch_35,23.851328,24.419273,23.983116,23.911726,25.904928
batch_00150_patch.tiff,patch_36,26.885803,24.402977,27.159933,24.739746,27.9188
batch_00150_patch.tiff,patch_37,25.254282,25.303669,22.497438,24.285643,26.402058
batch_00150_patch.tiff,patch_38,25.696241,24.389719,24.082571,24.46521,26.86565
batch_00150_patch.tiff,patch_39,26.975222,22.772808,26.790993,26.229353,26.867956
batch_00150_patch.tiff,patch_40,27.38974,23.220205,27.848053,24.496967,27.487267
batch_00150_patch.tiff,patch_41,26.216228,22.024448,27.305098,24.755491,25.390112
batch_00150_patch.tiff,patch_42,27.53004,21.992765,25.814518,25.221483,26.252089
batch_00150_patch.tiff,patch_43,26.741764,22.801449,26.313023,25.57818,25.980837
batch_00150_patch.tiff,patch_44,26.633528,22.151154,27.609509,24.992056,25.722698
batch_00150_patch.tiff,patch_45,23.517757,23.59004,24.936813,22.79074,25.310408
batch_00150_patch.tiff,patch_46,24.189093,23.70193,25.335312,23.510078,26.038198
batch_00150_patch.tiff,patch_47,24.670105,23.309204,21.288115,24.567162,25.356731
batch_00150_patch.tiff,patch_48,24.062372,23.548283,23.149376,24.68297,26.964579
batch_00150_patch.tiff,patch_49,26.33482,25.6497,25.441597,25.360481,28.098993
batch_00150_patch.tiff,patch_50,26.27728,25.249641,25.787285,24.639032,27.750977
batch_00150_patch.tiff,patch_51,25.223116,23.931719,25.88952,23.804464,27.55803
batch_00150_patch.tiff,patch_52,25.175764,22.49829,23.098211,25.051352,24.60509
batch_00150_patch.tiff,patch_53,27.242321,23.079004,27.01976,24.835487,26.245281
batch_00150_patch.tiff,patch_54,26.60276,22.912865,25.124098,24.24245,27.504313
batch_00150_patch.tiff,patch_55,27.363386,22.481659,26.739733,24.323349,27.137518
batch_00150_patch.tiff,patch_56,25.093431,22.26292,24.057291,25.060137,24.36436
batch_00150_patch.tiff,patch_57,26.576918,23.517345,25.802748,24.933453,25.07314
batch_00150_patch.tiff,patch_58,23.830393,23.93781,25.195433,23.718744,27.121819
batch_00150_patch.tiff,patch_59,24.234917,23.49666,25.656301,23.716116,26.775053
batch_00150_patch.tiff,patch_60,24.133253,22.748594,23.898354,23.777859,25.629757
batch_00150_patch.tiff,patch_61,23.521574,23.820597,23.966345,23.707357,26.21169
batch_00150_patch.tiff,patch_62,24.620289,23.692188,22.745243,23.904835,25.76036
batch_00150_patch.tiff,patch_63,24.572008,24.140722,24.72309,23.336685,26.14909
batch_00150_patch.tiff,patch_64,25.683186,23.398882,26.09548,24.680983,26.4109
batch_00150_patch.tiff,patch_65,27.209328,22.816294,27.94363,25.232347,26.904081
batch_00150_patch.tiff,patch_66,27.68313,23.098772,26.723366,25.328213,27.569775
batch_00150_patch.tiff,patch_67,26.429216,22.463373,24.654139,24.120193,26.314806
batch_00150_patch.tiff,patch_68,26.054026,23.741205,25.614597,25.274994,26.728662
batch_00150_patch.tiff,patch_69,25.22219,22.767078,23.136736,24.34285,26.577078
batch_00150_patch.tiff,patch_70,24.78484,23.845768,24.639656,24.232195,26.385775
batch_00150_patch.tiff,patch_71,24.67426,24.449812,24.240137,24.145058,27.445581
batch_00150_patch.tiff,patch_72,25.312704,22.525139,23.836206,23.690018,25.67549
batch_00150_patch.tiff,patch_73,25.23673,23.728546,24.185694,24.096397,26.255146
batch_00150_patch.tiff,patch_74,27.421024,22.519657,26.483486,24.924023,26.37926
batch_00150_patch.tiff,patch_75,27.43486,22.817623,25.883453,25.542782,27.184929
batch_00150_patch.tiff,patch_76,26.555475,22.483253,24.102562,24.91476,26.55697
batch_00150_patch.tiff,patch_77,27.23707,22.054193,25.73787,25.21199,27.297886
batch_00150_patch.tiff,patch_78,26.339167,24.67737,24.980383,25.253784,27.69535
batch_00150_patch.tiff,patch_79,25.063879,22.847721,22.999441,24.581703,25.215609
batch_00150_patch.tiff,patch_80,24.841722,23.419834,23.025343,23.788261,27.113235
batch_00150_patch.tiff,patch_81,24.515442,23.4974,24.108488,23.287905,27.010899
batch_00150_patch.tiff,patch_82,23.913626,24.062334,23.807056,23.537346,25.636799
batch_00150_patch.tiff,patch_83,25.156977,23.13537,23.976902,24.40067,25.887156
batch_00150_patch.tiff,patch_84,25.76177,23.234457,24.008577,22.415384,27.54806
batch_00150_patch.tiff,patch_85,27.061804,24.67294,25.524937,24.221706,27.367815
batch_00150_patch.tiff,patch_86,27.599522,22.921925,28.706606,24.810837,27.332922
batch_00150_patch.tiff,patch_87,27.373758,23.322863,28.378332,23.881474,26.463024
batch_00150_patch.tiff,patch_88,26.109165,23.102821,26.02854,24.509558,25.993814
batch_00150_patch.tiff,patch_89,25.224545,22.899921,24.61898,24.800028,26.566866
batch_00150_patch.tiff,patch_90,26.66517,24.390785,26.130478,24.157583,28.424719
batch_00150_patch.tiff,patch_91,25.041182,23.814499,23.630419,24.089157,26.375977
batch_00150_patch.tiff,patch_92,24.50696,23.208395,23.091297,24.060162,27.180542
batch_00150_patch.tiff,patch_93,24.547523,23.712118,25.204817,23.809984,26.752905
batch_00150_patch.tiff,patch_94,24.949934,23.918188,24.101973,23.732447,26.095392
batch_00150_patch.tiff,patch_95,24.376152,23.807674,23.556248,24.375622,26.394434
batch_00150_patch.tiff,patch_96,24.943527,23.67986,23.508657,23.39531,27.510296
batch_00150_patch.tiff,patch_97,26.133709,22.715935,23.241783,23.213282,26.335571
batch_00150_patch.tiff,patch_98,26.124737,24.12154,26.151953,24.338356,25.866661
batch_00150_patch.tiff,patch_99,26.395113,22.39296,22.378708,25.088196,25.555613
batch_00150_patch.tiff,patch_100,27.245827,22.842562,25.295479,24.997766,25.999685
batch_00150_patch.tiff,patch_101,26.160166,22.556637,25.589231,24.03362,26.218637
batch_00150_patch.tiff,patch_102,25.336884,22.978062,25.413843,23.512335,26.843676
batch_00150_patch.tiff,patch_103,25.99015,23.689371,24.969158,25.308542,26.178728
batch_00150_patch.tiff,patch_104,24.856306,22.862963,23.649977,24.26618,25.81306
batch_00150_patch.tiff,patch_105,24.61221,24.022705,23.251253,23.938314,27.038815
batch_00150_patch.tiff,patch_106,24.554836,23.892351,24.12642,23.600107,25.531647
batch_00150_patch.tiff,patch_107,24.831207,24.37632,23.14024,24.292583,27.240255
batch_00150_patch.tiff,patch_108,25.807175,24.794712,25.578566,23.549421,27.046856
batch_00150_patch.tiff,patch_109,25.334532,24.605762,23.773432,24.317225,26.818316
batch_00150_patch.tiff,patch_110,26.933622,23.190735,27.550798,25.539696,25.73759
batch_00150_patch.tiff,patch_111,26.954718,24.064373,27.981508,24.982237,26.607357
batch_00150_patch.tiff,patch_112,24.611572,21.937967,21.944557,24.744576,25.322037
batch_00150_patch.tiff,patch_113,26.139837,22.380342,23.723604,24.684286,27.315878
batch_00150_patch.tiff,patch_114,24.809036,23.64594,25.037453,23.044762,27.361662
batch_00150_patch.tiff,patch_115,25.740356,23.00228,22.999973,24.271473,25.9887
batch_00150_patch.tiff,patch_116,24.911589,23.343845,24.615494,24.728092,26.271742
batch_00150_patch.tiff,patch_117,24.401659,23.697813,24.100126,23.473602,27.137802
batch_00150_patch.tiff,patch_118,24.728832,23.516388,22.98109,24.026499,25.968367
batch_00150_patch.tiff,patch_119,24.991348,22.915855,23.315847,24.08568,26.06717
batch_00150_patch.tiff,patch_120,25.724031,23.86325,24.716568,23.922934,26.46617
batch_00150_patch.tiff,patch_121,26.093925,23.192291,22.811697,24.69706,26.38637
batch_00150_patch.tiff,patch_122,26.961784,22.976921,27.68922,24.215508,26.73843
batch_00150_patch.tiff,patch_123,26.822733,22.467184,25.953823,24.52843,26.419891
batch_00150_patch.tiff,patch_124,25.752686,23.48334,26.658243,24.698406,24.919846
batch_00150_patch.tiff,patch_125,25.89993,23.118944,25.312395,25.201925,25.190279
batch_00150_patch.tiff,patch_126,24.605469,23.125357,24.071926,23.456318,26.482857
batch_00150_patch.tiff,patch_127,25.130972,23.124304,25.500982,24.120419,26.440413
batch_00150_patch.tiff,patch_128,23.915722,23.0924,24.511684,23.735998,26.904852
batch_00150_patch.tiff,patch_129,25.023167,22.767633,25.596561,24.66587,25.978561
batch_00150_patch.tiff,patch_130,24.237083,24.37758,24.081926,24.184443,25.833479
batch_00150_patch.tiff,patch_131,23.876694,23.586815,22.35085,24.738634,25.702028
batch_00150_patch.tiff,patch_132,26.269636,23.784248,24.068077,22.648382,27.52448
batch_00150_patch.tiff,patch_133,26.056076,23.8589,23.016615,23.085258,26.79802
batch_00150_patch.tiff,patch_134,27.30374,21.93914,28.725283,25.720573,25.80387
batch_00150_patch.tiff,patch_135,27.00953,22.448845,29.190018,24.787527,26.320408
batch_00150_patch.tiff,patch_136,26.538492,22.774595,25.311892,25.160204,25.865965
batch_00150_patch.tiff,patch_137,26.43232,23.165554,24.912422,25.679945,26.695482
batch_00150_patch.tiff,patch_138,24.973482,22.958464,25.059055,23.952675,26.096975
batch_00150_patch.tiff,patch_139,26.250729,22.078571,25.485964,24.671436,26.316006
batch_00150_patch.tiff,patch_140,25.675274,22.963072,26.367317,24.686762,26.186794
batch_00150_patch.tiff,patch_141,24.20971,22.90627,25.175295,24.217997,24.323513
batch_00150_patch.tiff,patch_142,24.568056,24.016735,23.280075,23.638018,25.55687
batch_00150_patch.tiff,patch_143,25.434814,23.197876,26.363855,24.42984,26.404985
batch_00150_patch.tiff,patch_144,25.665562,24.440779,24.888248,22.98609,27.517818
batch_00150_patch.tiff,patch_145,26.660686,23.871569,24.093214,24.43656,26.989737
batch_00150_patch.tiff,patch_146,26.597227,23.289337,22.811152,24.273996,26.319983
batch_00150_patch.tiff,patch_147,25.735645,23.179737,25.617472,24.688692,25.920017
batch_00150_patch.tiff,patch_148,27.350426,22.277523,28.093704,25.229889,26.532648
batch_00150_patch.tiff,patch_149,26.66949,23.719316,28.002354,25.05385,26.543594
batch_00150_patch.tiff,patch_150,24.636208,22.253674,24.305376,23.938978,25.949959
batch_00150_patch.tiff,patch_151,26.457829,23.701206,26.055895,25.702957,26.796265
batch_00150_patch.tiff,patch_152,26.510141,24.013636,24.54928,24.148506,27.501995
batch_00150_patch.tiff,patch_153,26.729395,25.267202,25.385042,24.409586,28.62805
batch_00150_patch.tiff,patch_154,25.785265,24.753696,25.278782,23.643381,25.995878
batch_00150_patch.tiff,patch_155,24.119267,23.75962,22.8365,24.278,27.11826
batch_00150_patch.tiff,patch_156,26.541962,24.31466,25.557177,23.640945,27.709604
batch_00150_patch.tiff,patch_157,25.36623,24.210146,23.753578,23.870697,26.751352
batch_00150_patch.tiff,patch_158,27.089363,22.522167,27.765749,24.892864,27.213327
batch_00150_patch.tiff,patch_159,26.849833,22.582834,27.774881,25.27328,26.522669
batch_00150_patch.tiff,patch_160,27.173628,23.094685,26.786839,24.863434,26.984613
batch_00150_patch.tiff,patch_161,27.213242,21.909409,27.798744,25.093315,26.662882
batch_00150_patch.tiff,patch_162,24.700037,22.526844,24.978886,24.531141,26.0088
batch_00150_patch.tiff,patch_163,24.799034,23.601576,25.831848,23.05219,26.793007
batch_00150_patch.tiff,patch_164,24.71954,22.910744,23.736834,25.283607,27.009174
batch_00150_patch.tiff,patch_165,23.935856,23.121933,23.806744,25.070053,27.721436
batch_00150_patch.tiff,patch_166,24.58839,24.105305,22.513775,23.656885,26.948006
batch_00150_patch.tiff,patch_167,25.146524,23.555183,24.385141,23.463995,27.054747
batch_00150_patch.tiff,patch_168,26.354652,24.919413,26.507605,23.085653,27.280659
batch_00150_patch.tiff,patch_169,24.80423,24.008432,24.551311,23.917494,26.503242
batch_00150_patch.tiff,patch_170,27.043177,22.295008,24.21609,24.592934,26.222536
batch_00150_patch.tiff,patch_171,26.789177,23.323114,25.648643,23.992664,27.028639
batch_00150_patch.tiff,patch_172,25.417782,23.214226,24.561445,24.1849,26.451391
batch_00150_patch.tiff,patch_173,26.055687,22.656803,24.277445,24.66626,26.482168
batch_00150_patch.tiff,patch_174,25.217716,22.85451,25.585058,24.336739,25.715338
batch_00150_patch.tiff,patch_175,24.03991,23.438633,24.128675,23.054705,26.440407
batch_00150_patch.tiff,patch_176,24.314991,24.723871,23.2542,24.722973,25.515678
batch_00150_patch.tiff,patch_177,25.834072,23.654306,23.904482,25.632612,27.011591
batch_00150_patch.tiff,patch_178,24.795923,22.819292,24.03757,23.58611,26.837938
batch_00150_patch.tiff,patch_179,25.65345,23.28807,24.86594,24.888102,26.528906
batch_00150_patch.tiff,patch_180,25.487644,22.975544,22.82716,23.515287,25.758593
batch_00150_patch.tiff,patch_181,25.635838,24.022188,24.237953,23.851227,27.305462
batch_00200_patch.tiff,patch_0,25.438845,25.1001,23.975193,23.349136,27.108536
batch_00200_patch.tiff,patch_1,26.317194,25.38136,25.922144,23.736843,26.808025
batch_00200_patch.tiff,patch_2,27.357956,24.57994,24.425112,24.515446,26.642788
batch_00200_patch.tiff,patch_3,24.942625,22.861238,20.749226,23.274282,25.087475
batch_00200_patch.tiff,patch_4,23.870283,22.353548,22.249327,25.655817,23.382027
batch_00200_patch.tiff,patch_5,26.138102,23.213558,25.659456,25.648302,24.720057
batch_00200_patch.tiff,patch_6,25.625608,24.404764,24.601217,25.200907,27.01435
batch_00200_patch.tiff,patch_7,25.8757,24.427961,24.404444,24.773544,28.09858
batch_00200_patch.tiff,patch_8,25.485067,22.658491,26.04001,23.685211,25.651632
batch_00200_patch.tiff,patch_9,25.221998,23.496233,24.997646,23.876652,26.449326
batch_00200_patch.tiff,patch_10,27.1714,23.823383,25.499851,25.472464,27.191448
batch_00200_patch.tiff,patch_11,25.877468,23.161634,26.008192,25.7961,26.7233
batch_00200_patch.tiff,patch_12,24.52794,23.48964,23.148006,23.751661,26.15876
batch_00200_patch.tiff,patch_13,26.092957,24.214834,23.816967,24.295141,26.141907
batch_00200_patch.tiff,patch_14,26.095121,23.28937,23.030247,23.533497,26.683456
batch_00200_patch.tiff,patch_15,26.700249,23.718187,22.987738,25.594885,26.312403
batch_00200_patch.tiff,patch_16,26.101286,24.055365,23.863,23.463661,26.870955
batch_00200_patch.tiff,patch_17,26.756086,24.13129,25.682392,24.949966,25.311806
batch_00200_patch.tiff,patch_18,25.664244,22.595364,25.665123,24.946463,25.270493
batch_00200_patch.tiff,patch_19,25.31706,22.804047,26.135872,22.813663,27.558321
batch_00200_patch.tiff,patch_20,25.66692,24.272957,25.377201,24.433487,28.627687
batch_00200_patch.tiff,patch_21,25.706768,23.22004,23.746561,24.228777,25.983143
batch_00200_patch.tiff,patch_22,25.814886,22.579725,24.942163,23.432188,26.666046
batch_00200_patch.tiff,patch_23,25.89742,23.86007,24.069063,24.491327,26.68967
batch_00200_patch.tiff,patch_24,25.617905,23.435923,23.808706,24.840218,26.872553
batch_00200_patch.tiff,patch_25,25.693968,24.04801,25.420452,23.73642,26.235405
batch_00200_patch.tiff,patch_26,26.184893,24.541239,24.83583,22.935257,27.472685
batch_00200_patch.tiff,patch_27,25.669323,23.9229,23.452839,23.466555,26.406094
batch_00200_patch.tiff,patch_28,26.959148,23.44213,24.246965,24.603312,26.187082
batch_00200_patch.tiff,patch_29,26.38263,23.71841,22.843323,24.552668,25.58798
batch_00200_patch.tiff,patch_30,24.750624,22.746284,22.52096,24.05587,24.205864
batch_00200_patch.tiff,patch_31,25.31637,23.575605,25.087927,25.531586,25.307951
batch_00200_patch.tiff,patch_32,26.76868,23.441322,26.689589,25.182795,25.801619
batch_00200_patch.tiff,patch_33,25.801373,24.807514,24.02415,24.667088,27.255342
batch_00200_patch.tiff,patch_34,25.869143,23.3341,25.143404,22.883064,27.250359
batch_00200_patch.tiff,patch_35,26.114422,23.04737,26.032537,24.072655,25.440754
batch_00200_patch.tiff,patch_36,25.78902,23.34325,24.421938,24.57128,25.798378
batch_00200_patch.tiff,patch_37,26.03167,23.868221,23.687534,24.220781,25.994019
batch_00200_patch.tiff,patch_38,24.246801,22.80704,22.463318,24.366667,25.296162
batch_00200_patch.tiff,patch_39,26.263535,24.925371,26.757545,23.816238,26.282887
batch_00200_patch.tiff,patch_40,25.975243,23.325426,23.83181,23.28956,25.438456
batch_00200_patch.tiff,patch_41,26.239744,23.555206,23.299208,24.187576,25.997953
batch_00200_patch.tiff,patch_42,26.845402,24.29645,23.122265,23.427677,26.329378
batch_00200_patch.tiff,patch_43,24.014175,23.479069,22.830502,24.252811,24.22681
batch_00200_patch.tiff,patch_44,24.409647,22.388716,21.514006,25.089949,24.658989
batch_00200_patch.tiff,patch_45,25.86813,24.897831,24.659811,24.896027,26.098032
batch_00200_patch.tiff,patch_46,25.539597,24.675907,24.263687,23.565062,26.740774
batch_00200_patch.tiff,patch_47,25.36584,23.096071,25.04845,24.118975,26.565529
batch_00200_patch.tiff,patch_48,25.863655,23.148075,24.128769,22.947672,26.728605
batch_00200_patch.tiff,patch_49,24.931087,23.618778,22.09263,24.211275,24.9681
batch_00200_patch.tiff,patch_50,25.156048,24.054161,23.111374,24.79711,26.45765
batch_00200_patch.tiff,patch_51,24.96665,22.964716,22.203754,24.377075,25.820356
batch_00200_patch.tiff,patch_52,25.235882,24.866474,24.354025,24.557207,27.212355
batch_00200_patch.tiff,patch_53,25.77283,25.347225,24.685976,24.186047,27.29956
batch_00200_patch.tiff,patch_54,26.801205,23.695938,23.435076,23.907814,25.84327
batch_00200_patch.tiff,patch_55,27.481693,24.819574,22.90528,24.871,25.84351
batch_00200_patch.tiff,patch_56,26.335499,23.483856,24.892376,24.18836,25.670086
batch_00200_patch.tiff,patch_57,26.035612,23.179003,23.061024,23.119833,25.546171
batch_00200_patch.tiff,patch_58,27.715643,22.883587,23.625795,23.344776,26.168612
batch_00200_patch.tiff,patch_59,27.164818,22.409328,26.572462,24.120619,25.167522
batch_00200_patch.tiff,patch_60,24.580181,22.55201,23.93103,24.274609,24.958841
batch_00200_patch.tiff,patch_61,25.063278,22.859856,24.818783,24.574736,25.690777
batch_00200_patch.tiff,patch_62,25.24576,24.571432,23.88405,24.415781,25.800545
batch_00200_patch.tiff,patch_63,25.45033,23.680834,24.54744,23.764091,25.687555
batch_00200_patch.tiff,patch_64,26.306814,24.938349,24.761143,24.716614,26.328478
batch_00200_patch.tiff,patch_65,25.754398,25.429157,24.26748,25.229506,26.330822
batch_00200_patch.tiff,patch_66,26.582918,24.177841,23.97431,24.31885,25.398275
batch_00200_patch.tiff,patch_67,26.620459,24.358421,24.205719,23.25614,26.209167
batch_00200_patch.tiff,patch_68,26.56387,23.57172,26.10239,25.193169,25.376366
batch_00200_patch.tiff,patch_69,27.014206,22.582003,27.300299,24.710272,25.271982
batch_00200_patch.tiff,patch_70,26.3543,23.265377,23.882513,24.728844,25.317482
batch_00200_patch.tiff,patch_71,27.986202,22.751554,26.586735,25.211304,26.489992
batch_00200_patch.tiff,patch_72,25.016567,23.408495,23.823433,24.732117,25.690453
batch_00200_patch.tiff,patch_73,26.054163,22.591131,24.556168,23.80278,26.156858
batch_00200_patch.tiff,patch_74,24.22936,23.082476,22.827076,24.467022,24.959959
batch_00200_patch.tiff,patch_75,25.023912,23.088514,23.379896,24.028732,24.555866
batch_00200_patch.tiff,patch_76,25.132393,23.605291,24.621977,23.914349,26.83492
batch_00200_patch.tiff,patch_77,25.70539,25.096321,24.723303,23.73946,26.611841
batch_00200_patch.tiff,patch_78,26.51843,23.614395,23.379126,24.217808,26.133404
batch_00200_patch.tiff,patch_79,25.62546,23.375053,23.648123,24.865042,24.883425
batch_00200_patch.tiff,patch_80,25.551575,23.725698,26.344418,23.82916,25.80202
batch_00200_patch.tiff,patch_81,25.199099,25.031898,25.130007,23.930382,25.692112
batch_00200_patch.tiff,patch_82,25.632092,23.284145,23.766973,24.63221,25.491072
batch_00200_patch.tiff,patch_83,26.121428,23.27967,23.23104,24.03067,26.48706
batch_00200_patch.tiff,patch_84,25.149292,23.271265,25.862686,23.923655,26.201643
batch_00200_patch.tiff,patch_85,25.233454,22.857439,23.690483,24.01062,26.125628
batch_00200_patch.tiff,patch_86,25.759026,23.040327,23.644156,24.044382,26.222235
batch_00200_patch.tiff,patch_87,24.914618,23.516546,22.721071,24.362242,25.772413
batch_00200_patch.tiff,patch_88,25.230095,23.270742,23.262993,23.746088,26.217648
batch_00200_patch.tiff,patch_89,25.716347,24.171188,24.27234,24.177797,26.925001
batch_00200_patch.tiff,patch_90,26.885792,24.73007,25.824537,23.292105,26.145546
batch_00200_patch.tiff,patch_91,28.629333,24.08376,24.576263,24.45492,26.506413
batch_00200_patch.tiff,patch_92,25.610294,24.201195,23.603876,24.165495,25.54264
batch_00200_patch.tiff,patch_93,26.495285,22.94886,23.923506,24.193989,25.62857
batch_00200_patch.tiff,patch_94,26.351782,22.017784,24.699913,25.25519,26.068394
batch_00200_patch.tiff,patch_95,26.257217,22.3754,23.35244,24.711685,26.307678
batch_00200_patch.tiff,patch_96,25.749718,23.106934,24.955542,23.644243,26.780338
batch_00200_patch.tiff,patch_97,25.3884,22.987446,24.945312,24.680693,26.754911
batch_00200_patch.tiff,patch_98,25.519522,23.610611,23.443035,25.118734,25.552206
batch_00200_patch.tiff,patch_99,24.458399,22.852428,22.9051,23.694725,25.456459
batch_00200_patch.tiff,patch_100,27.422104,24.51962,27.141464,23.762962,27.359932
batch_00200_patch.tiff,patch_101,24.94314,23.096006,25.101566,23.391333,26.451588
batch_00200_patch.tiff,patch_102,26.871862,23.574535,24.05299,24.055433,26.465767
batch_00200_patch.tiff,patch_103,27.065115,24.665253,25.456108,25.051434,26.480076
batch_00200_patch.tiff,patch_104,24.7667,23.479298,22.352488,24.019257,25.274878
batch_00200_patch.tiff,patch_105,25.746445,25.102491,24.80666,23.96154,25.827337
batch_00200_patch.tiff,patch_106,24.949633,23.656227,23.519058,24.403215,26.542505
batch_00200_patch.tiff,patch_107,25.408808,23.08931,23.972435,24.45041,26.083998
batch_00200_patch.tiff,patch_108,25.93255,24.452066,25.583345,24.940466,26.393494
batch_00200_patch.tiff,patch_109,27.442463,24.882492,25.363235,24.550905,27.714846
batch_00200_patch.tiff,patch_110,26.04595,23.072176,22.92433,25.471148,25.7981
batch_00200_patch.tiff,patch_111,24.593153,22.656712,22.247906,24.788843,25.152184
batch_00200_patch.tiff,patch_112,27.209112,23.059093,23.96454,24.130198,25.544912
batch_00200_patch.tiff,patch_113,26.417973,24.567167,25.027618,24.156971,26.300346
batch_00200_patch.tiff,patch_114,27.722845,24.849741,23.658718,24.32001,27.175823
batch_00200_patch.tiff,patch_115,28.051123,24.520643,23.572136,24.855156,26.444736
batch_00200_patch.tiff,patch_116,26.986692,22.873308,25.774603,25.432728,26.021667
batch_00200_patch.tiff,patch_117,25.43153,22.694412,24.684008,22.698166,25.06669
batch_00200_patch.tiff,patch_118,25.545527,23.606747,26.673302,23.940554,26.182299
batch_00200_patch.tiff,patch_119,25.913458,22.608555,23.504507,24.223654,24.960926
batch_00200_patch.tiff,patch_120,26.72503,25.080114,24.137323,25.183304,26.692951
batch_00200_patch.tiff,patch_121,26.652243,25.37003,26.016855,24.782047,26.49702
batch_00200_patch.tiff,patch_122,24.77337,22.584711,22.476225,24.57986,24.479628
batch_00200_patch.tiff,patch_123,24.722765,22.882998,23.221407,24.337133,25.51127
batch_00200_patch.tiff,patch_124,24.793486,23.827961,23.395618,23.375092,26.675928
batch_00200_patch.tiff,patch_125,26.145098,23.684683,23.340881,23.293512,27.159956
batch_00200_patch.tiff,patch_126,26.005127,24.344408,24.030407,25.012094,26.585613
batch_00200_patch.tiff,patch_127,25.257439,24.072964,22.658958,24.611025,25.316263
batch_00200_patch.tiff,patch_128,26.472137,23.015968,24.80516,24.23921,24.6324
batch_00200_patch.tiff,patch_129,25.898851,24.219786,25.284857,24.292616,26.256248
batch_00200_patch.tiff,patch_130,25.70407,23.10594,24.586172,24.631601,25.836575
batch_00200_patch.tiff,patch_131,25.879885,23.542276,24.270882,24.694338,26.026022
batch_00200_patch.tiff,patch_132,25.942225,23.349104,24.59531,24.489668,26.00166
batch_00200_patch.tiff,patch_133,25.01733,22.86283,24.472204,24.21158,26.066587
batch_00200_patch.tiff,patch_134,25.282385,23.311035,24.891006,25.4317,25.531094
batch_00200_patch.tiff,patch_135,24.782143,22.77355,24.804688,25.2026,24.94502
batch_00200_patch.tiff,patch_136,25.249172,24.267601,25.116024,24.029818,26.867758
batch_00200_patch.tiff,patch_137,26.101553,24.230669,24.02982,24.38994,26.376719
batch_00200_patch.tiff,patch_138,25.887852,24.145914,26.120346,25.296282,28.026665
batch_00200_patch.tiff,patch_139,25.555304,24.284788,24.097715,25.208921,26.812962
batch_00200_patch.tiff,patch_140,25.233706,23.38109,23.464947,24.074108,25.681028
batch_00200_patch.tiff,patch_141,27.183706,24.018734,28.293436,23.640903,25.361681
batch_00200_patch.tiff,patch_142,25.17934,24.08267,24.45019,24.165375,25.790653
batch_00200_patch.tiff,patch_143,26.126596,23.649654,25.154444,25.08192,26.362507
batch_00200_patch.tiff,patch_144,25.030542,23.036007,24.858877,24.216593,25.574978
batch_00200_patch.tiff,patch_145,25.71859,22.830122,24.199228,23.67608,25.879381
batch_00200_patch.tiff,patch_146,25.149317,22.8782,25.29931,24.855341,26.243738
batch_00200_patch.tiff,patch_147,24.498302,23.81478,22.642246,25.114773,24.691217
batch_00200_patch.tiff,patch_148,26.426401,24.414804,22.129776,25.09709,25.455797
batch_00200_patch.tiff,patch_149,26.383793,23.234573,22.810497,25.581774,24.611353
batch_00200_patch.tiff,patch_150,24.580643,22.437305,23.412115,25.382706,24.418594
batch_00200_patch.tiff,patch_151,24.47878,21.584053,22.673687,25.369478,23.877335
batch_00200_patch.tiff,patch_152,24.204777,22.25949,22.844536,24.472317,26.02826
batch_00200_patch.tiff,patch_153,25.898653,24.304087,26.349602,23.533464,25.2276
batch_00200_patch.tiff,patch_154,25.961777,23.368786,23.429626,23.981802,25.116352
batch_00200_patch.tiff,patch_155,26.553608,23.54615,27.41961,23.886263,26.249098
batch_00200_patch.tiff,patch_156,26.033945,23.341703,25.192492,24.072838,26.371
batch_00200_patch.tiff,patch_157,26.636059,22.890755,25.309326,25.253088,26.836515
batch_00200_patch.tiff,patch_158,24.350842,24.313944,23.96325,24.899755,24.969503
batch_00200_patch.tiff,patch_159,25.757614,23.569832,22.64469,24.563763,26.336994
batch_00200_patch.tiff,patch_160,27.323355,24.14167,24.879436,24.189621,26.554117
batch_00200_patch.tiff,patch_161,24.981098,23.019571,26.252876,23.861029,25.011902
batch_00200_patch.tiff,patch_162,24.217592,24.025558,22.400148,24.65118,23.88707
batch_00200_patch.tiff,patch_163,24.684767,23.899363,20.775438,24.865997,23.87851
batch_00200_patch.tiff,patch_164,24.363857,23.207006,23.695509,24.389116,25.36946
batch_00200_patch.tiff,patch_165,25.313627,24.11189,25.192394,24.34645,25.905422
batch_00200_patch.tiff,patch_166,25.689632,23.622162,25.168617,24.41642,26.184982
batch_00200_patch.tiff,patch_167,24.893078,22.51925,24.522757,23.894426,25.359999
batch_00200_patch.tiff,patch_168,25.926994,22.731918,25.389786,23.853983,25.114458
batch_00200_patch.tiff,patch_169,25.244583,23.292439,24.5592,23.784546,25.98173
batch_00200_patch.tiff,patch_170,25.277699,24.627457,24.21058,23.820208,25.788504
batch_00200_patch.tiff,patch_171,24.104025,24.77493,23.145378,23.962797,24.992498
batch_00200_patch.tiff,patch_172,26.767483,24.747877,23.085993,23.722786,26.578053
batch_00200_patch.tiff,patch_173,27.433285,24.212282,23.370903,23.352701,27.410622
batch_00200_patch.tiff,patch_174,25.45763,23.213852,23.539213,25.091059,24.285353
batch_00200_patch.tiff,patch_175,23.710133,23.192696,22.705564,24.73607,24.716621
batch_00200_patch.tiff,patch_176,24.402239,23.390203,22.346489,24.945295,25.990578
batch_00200_patch.tiff,patch_177,24.616165,23.38758,23.672491,24.691568,25.487034
batch_00200_patch.tiff,patch_178,26.43828,23.159044,24.761309,23.447634,25.71986
batch_00200_patch.tiff,patch_179,26.171768,23.384047,25.372274,23.065645,26.855143
batch_00200_patch.tiff,patch_180,25.53602,22.54073,25.328423,24.272861,26.623585
batch_00200_patch.tiff,patch_181,25.962069,22.284105,24.037054,24.519909,26.328629
batch_00200_patch.tiff,patch_182,26.5409,25.814705,24.74476,24.134647,27.477087
batch_00200_patch.tiff,patch_183,27.057934,24.10403,28.449112,24.727688,27.30755
batch_00250_patch.tiff,patch_0,24.902746,22.1343,20.89805,24.286858,23.916412
batch_00250_patch.tiff,patch_1,25.636028,23.422546,24.243996,23.911959,25.872787
batch_00250_patch.tiff,patch_2,26.465296,24.436193,27.123287,24.836233,27.989653
batch_00250_patch.tiff,patch_3,26.237286,24.924795,26.123144,23.431181,28.995573
batch_00250_patch.tiff,patch_4,27.70472,23.596436,24.789646,23.849512,26.609978
batch_00250_patch.tiff,patch_5,27.311634,23.633614,25.859417,24.652906,27.122274
batch_00250_patch.tiff,patch_6,26.657831,24.94851,25.292377,23.534546,26.63377
batch_00250_patch.tiff,patch_7,26.693422,23.626667,24.757977,24.972956,26.611752
batch_00250_patch.tiff,patch_8,26.262478,23.86696,26.110216,25.003017,26.73647
batch_00250_patch.tiff,patch_9,26.986267,22.91252,28.086742,24.947819,27.437462
batch_00250_patch.tiff,patch_10,27.10829,23.358053,24.5436,23.623257,27.052267
batch_00250_patch.tiff,patch_11,25.252308,23.54264,24.722782,23.542347,26.18773
batch_00250_patch.tiff,patch_12,24.787453,23.027987,23.321304,23.89898,25.614286
batch_00250_patch.tiff,patch_13,26.74023,25.700686,25.943174,23.684572,28.824232
batch_00250_patch.tiff,patch_14,26.279802,24.906689,24.62333,24.525024,26.713858
batch_00250_patch.tiff,patch_15,26.603403,24.91437,21.522902,23.974695,25.190012
batch_00250_patch.tiff,patch_16,26.879082,24.641106,23.681864,23.972124,27.661509
batch_00250_patch.tiff,patch_17,26.720316,25.997583,23.303135,24.23029,25.714912
batch_00250_patch.tiff,patch_18,24.945066,25.209934,25.647198,24.382248,24.921144
batch_00250_patch.tiff,patch_19,27.035666,24.02387,25.746883,24.615158,27.155323
batch_00250_patch.tiff,patch_20,27.316221,24.420391,26.742607,23.423864,27.535181
batch_00250_patch.tiff,patch_21,26.607224,23.218552,26.396965,24.773834,26.285557
batch_00250_patch.tiff,patch_22,26.531582,23.275946,26.587246,24.698263,26.807972
batch_00250_patch.tiff,patch_23,26.47281,23.914343,25.554266,24.624998,25.07661
batch_00250_patch.tiff,patch_24,24.858961,22.249214,22.097284,23.651043,25.744364
batch_00250_patch.tiff,patch_25,24.994228,23.0253,23.259079,24.705404,25.409916
batch_00250_patch.tiff,patch_26,26.08601,22.938292,22.839678,24.602232,26.329433
batch_00250_patch.tiff,patch_27,24.66399,22.315268,24.117895,25.704634,25.249523
batch_00250_patch.tiff,patch_28,28.838621,24.55132,25.642971,24.49852,27.45228
batch_00250_patch.tiff,patch_29,27.152061,25.334476,23.271639,23.651258,26.69178
batch_00250_patch.tiff,patch_30,26.784176,24.429132,26.43052,26.175251,26.80923
batch_00250_patch.tiff,patch_31,28.297157,25.039642,25.796244,25.830706,27.818089
batch_00250_patch.tiff,patch_32,25.559582,24.8411,25.502981,24.656805,28.658958
batch_00250_patch.tiff,patch_33,24.954493,23.438038,24.364727,24.524565,26.97554
batch_00250_patch.tiff,patch_34,25.079512,22.44175,22.932716,25.098763,23.4268
batch_00250_patch.tiff,patch_35,24.709406,23.07875,22.909775,24.083967,25.903385
batch_00250_patch.tiff,patch_36,24.609749,22.314701,22.904434,23.857204,25.559744
batch_00250_patch.tiff,patch_37,25.941004,23.095814,24.165178,25.771801,25.015139
batch_00250_patch.tiff,patch_38,24.950813,21.96475,22.961912,24.451918,25.233776
batch_00250_patch.tiff,patch_39,27.676817,23.75583,26.139185,24.353718,26.869585
batch_00250_patch.tiff,patch_40,28.00504,24.684586,24.409077,22.93383,27.308939
batch_00250_patch.tiff,patch_41,25.168623,21.79798,23.020971,22.698406,23.128786
batch_00250_patch.tiff,patch_42,26.7645,24.166582,25.342472,24.776363,25.630869
batch_00250_patch.tiff,patch_43,25.724142,22.679249,25.684885,24.975698,26.236916
batch_00250_patch.tiff,patch_44,27.538895,23.925474,24.767593,23.87094,27.570747
batch_00250_patch.tiff,patch_45,26.067986,24.046143,25.449675,24.61695,27.345842
batch_00250_patch.tiff,patch_46,25.530226,24.431358,25.394373,24.628962,25.967571
batch_00250_patch.tiff,patch_47,26.615194,23.133944,25.876709,24.959383,24.961792
batch_00250_patch.tiff,patch_48,25.419062,23.144094,24.49405,25.065777,27.355185
batch_00250_patch.tiff,patch_49,25.64153,23.127481,24.466318,25.640045,25.779316
batch_00250_patch.tiff,patch_50,25.823261,22.947514,24.199379,24.234379,26.812849
batch_00250_patch.tiff,patch_51,25.533697,23.279623,24.331743,23.68673,24.95131
batch_00250_patch.tiff,patch_52,26.877275,22.74548,27.526638,23.95001,25.881975
batch_00250_patch.tiff,patch_53,27.945274,23.129585,24.39062,23.133543,27.31914
batch_00250_patch.tiff,patch_54,27.447235,26.275616,24.80085,23.55459,26.876656
batch_00250_patch.tiff,patch_55,27.656872,25.48666,24.587011,23.145294,28.32372
batch_00250_patch.tiff,patch_56,25.953686,24.09345,26.425488,24.546976,27.224976
batch_00250_patch.tiff,patch_57,26.70383,22.08021,27.088327,23.631897,26.074165
batch_00250_patch.tiff,patch_58,26.231688,24.155373,25.306213,24.209686,26.458578
batch_00250_patch.tiff,patch_59,24.517809,22.649391,24.029236,24.730198,26.34386
batch_00250_patch.tiff,patch_60,25.279736,22.87888,23.450552,23.665392,26.787449
batch_00250_patch.tiff,patch_61,25.038136,22.80776,23.899847,24.680033,25.934877
batch_00250_patch.tiff,patch_62,24.861818,23.014318,23.919107,25.024364,25.65078
batch_00250_patch.tiff,patch_63,25.401854,23.760998,26.45529,24.276993,25.474998
batch_00250_patch.tiff,patch_64,27.669964,23.772236,26.408792,24.494251,27.720434
batch_00250_patch.tiff,patch_65,27.603277,24.216572,23.363237,24.2097,25.360798
batch_00250_patch.tiff,patch_66,23.97802,23.48652,23.242634,23.67751,24.914211
batch_00250_patch.tiff,patch_67,25.62936,23.402409,24.925386,25.182917,24.619408
batch_00250_patch.tiff,patch_68,26.202202,23.302347,27.155401,23.869482,25.888342
batch_00250_patch.tiff,patch_69,25.425041,23.166332,24.955338,24.1725,26.07651
batch_00250_patch.tiff,patch_70,26.048496,23.533907,26.0035,24.584463,26.79753
batch_00250_patch.tiff,patch_71,25.273232,22.34804,23.798937,25.31831,26.396748
batch_00250_patch.tiff,patch_72,24.717604,22.334599,22.433094,24.828354,25.924603
batch_00250_patch.tiff,patch_73,27.573624,23.581112,26.90411,23.896196,26.488365
batch_00250_patch.tiff,patch_74,27.424276,23.531359,25.468752,25.345089,26.797169
batch_00250_patch.tiff,patch_75,26.301628,24.025894,26.255028,23.94947,27.85082
batch_00250_patch.tiff,patch_76,26.050001,23.131737,24.665045,25.08989,27.367088
batch_00250_patch.tiff,patch_77,27.058437,24.340794,21.954397,24.471413,25.64868
batch_00250_patch.tiff,patch_78,27.295841,24.944323,23.03362,23.398516,26.586418
batch_00250_patch.tiff,patch_79,27.041224,23.10709,28.13608,24.319572,26.715494
batch_00250_patch.tiff,patch_80,28.121527,24.471788,24.330812,24.086084,27.51612
batch_00250_patch.tiff,patch_81,25.463177,23.751692,25.140034,24.060509,27.024693
batch_00250_patch.tiff,patch_82,25.098452,23.782768,24.521206,23.622122,26.364626
batch_00250_patch.tiff,patch_83,24.886469,23.004578,23.281527,24.683086,27.113462
batch_00250_patch.tiff,patch_84,24.12759,21.857904,20.922337,24.17107,24.951324
batch_00250_patch.tiff,patch_85,26.079306,23.722954,25.099821,26.010494,27.009136
batch_00250_patch.tiff,patch_86,27.233118,23.403364,27.500559,26.07882,26.265589
batch_00250_patch.tiff,patch_87,26.128994,23.433784,24.980062,24.283674,26.666231
batch_00250_patch.tiff,patch_88,25.1176,23.201145,25.290707,24.635302,26.629211
batch_00250_patch.tiff,patch_89,26.517134,24.20187,26.550419,24.385025,26.589489
batch_00250_patch.tiff,patch_90,27.726606,23.807484,26.006025,24.670395,26.546772
batch_00250_patch.tiff,patch_91,26.74005,22.73149,27.979084,24.68329,25.602468
batch_00250_patch.tiff,patch_92,27.82283,24.461319,23.23043,24.753813,27.266249
batch_00250_patch.tiff,patch_93,25.52241,25.961422,24.494513,23.673557,27.21424
batch_00250_patch.tiff,patch_94,25.885042,24.632626,24.625206,24.306782,27.309097
batch_00250_patch.tiff,patch_95,24.815409,23.231236,24.302275,24.290613,25.58323
batch_00250_patch.tiff,patch_96,25.013268,24.03911,24.614323,24.042168,25.281712
batch_00250_patch.tiff,patch_97,26.376322,23.361635,26.289999,23.42766,24.66758
batch_00250_patch.tiff,patch_98,25.965508,23.160315,26.428041,24.823961,26.587002
batch_00250_patch.tiff,patch_99,26.277828,23.527557,27.178402,25.241556,26.075184
batch_00250_patch.tiff,patch_100,27.034847,22.906984,23.214794,24.839205,26.22741
batch_00250_patch.tiff,patch_101,25.743406,23.690018,27.199333,25.690277,26.394194
batch_00250_patch.tiff,patch_102,27.403385,23.095844,28.643862,24.99033,26.059025
batch_00250_patch.tiff,patch_103,25.126036,22.585436,24.1985,24.68128,25.528091
batch_00250_patch.tiff,patch_104,24.370422,24.055204,24.17045,25.070543,25.77674
batch_00250_patch.tiff,patch_105,26.689161,23.297777,26.551737,25.049255,26.531824
batch_00250_patch.tiff,patch_106,25.286037,23.640203,26.125252,24.823914,26.22892
batch_00250_patch.tiff,patch_107,27.213522,24.25781,27.00888,25.553091,27.106966
batch_00250_patch.tiff,patch_108,27.251411,24.479906,22.796526,23.809208,25.858103
batch_00250_patch.tiff,patch_109,25.949722,23.300623,25.392464,23.97642,25.950249
batch_00250_patch.tiff,patch_110,26.473993,23.359135,27.901268,24.721167,26.065302
batch_00250_patch.tiff,patch_111,24.563313,22.663267,23.181158,23.885687,25.686483
batch_00250_patch.tiff,patch_112,25.063755,22.132996,24.917196,24.898603,25.716383
batch_00250_patch.tiff,patch_113,26.86131,23.330555,25.800907,25.025236,25.648245
batch_00250_patch.tiff,patch_114,26.808428,23.270754,26.849382,25.710333,26.512775
batch_00250_patch.tiff,patch_115,25.751585,24.16242,25.15347,24.3204,26.29895
batch_00250_patch.tiff,patch_116,26.97071,24.361362,26.605772,23.404903,27.171984
batch_00250_patch.tiff,patch_117,27.474464,23.424498,28.22112,23.74222,26.443808
batch_00250_patch.tiff,patch_118,24.733772,23.890507,24.2799,24.33147,26.135933
batch_00250_patch.tiff,patch_119,25.299355,23.042084,23.94879,24.901367,25.636366
batch_00250_patch.tiff,patch_120,25.463526,22.888903,25.123564,25.217163,25.731606
batch_00250_patch.tiff,patch_121,27.032112,23.678452,24.214085,25.272734,25.55167
batch_00250_patch.tiff,patch_122,25.419641,23.756119,23.506815,24.676172,25.31788
batch_00250_patch.tiff,patch_123,26.209658,24.229847,26.731142,24.702019,26.64484
batch_00250_patch.tiff,patch_124,26.829458,24.399965,23.493237,24.077063,27.05984
batch_00250_patch.tiff,patch_125,27.028141,23.601015,26.461826,23.823942,28.0433
batch_00250_patch.tiff,patch_126,25.683985,23.825209,24.489605,25.53286,25.977892
batch_00250_patch.tiff,patch_127,25.655624,22.61311,22.89591,24.38561,25.711527
batch_00250_patch.tiff,patch_128,27.183659,23.65601,26.56093,25.866343,26.77529
batch_00250_patch.tiff,patch_129,26.48624,23.176064,24.71278,24.40029,26.88753
batch_00250_patch.tiff,patch_130,26.065454,24.8198,23.695427,24.247993,24.661005
batch_00250_patch.tiff,patch_131,27.819592,24.18327,24.755812,25.156372,26.41758
batch_00250_patch.tiff,patch_132,27.522783,24.746355,24.68733,24.821606,28.029697
batch_00250_patch.tiff,patch_133,26.15612,24.148716,24.768087,24.081356,26.78914
batch_00250_patch.tiff,patch_134,28.217505,25.10396,24.74152,23.70745,28.231558
batch_00250_patch.tiff,patch_135,25.310474,25.81972,23.34109,24.600815,25.552282
batch_00250_patch.tiff,patch_136,27.877281,23.124226,29.066683,25.359661,26.38741
batch_00250_patch.tiff,patch_137,27.620245,24.70166,28.839521,23.827314,25.94474
batch_00250_patch.tiff,patch_138,25.871666,23.495596,24.36345,24.947168,27.008158
batch_00250_patch.tiff,patch_139,24.762293,22.813902,22.204487,24.911322,25.864805
batch_00250_patch.tiff,patch_140,26.800766,23.182829,23.7809,25.94406,25.532282
batch_00250_patch.tiff,patch_141,25.466854,22.180063,25.189945,24.164154,26.001453
batch_00250_patch.tiff,patch_142,28.011374,26.515112,25.946842,23.608046,27.201736
batch_00250_patch.tiff,patch_143,27.516521,23.005814,29.096077,24.074894,25.376776
batch_00250_patch.tiff,patch_144,25.983778,23.56926,25.747704,24.281178,26.795855
batch_00250_patch.tiff,patch_145,26.056736,23.610138,23.65603,24.029844,27.36905
batch_00250_patch.tiff,patch_146,26.730612,21.995073,28.108353,23.696518,26.286324
batch_00250_patch.tiff,patch_147,27.535631,24.072237,23.6408,24.362976,27.263676
batch_00250_patch.tiff,patch_148,27.660587,24.208435,27.575123,24.930517,26.110788
batch_00250_patch.tiff,patch_149,27.817217,23.982422,26.330767,24.379805,26.322927
batch_00250_patch.tiff,patch_150,24.322546,22.281214,23.12188,24.79738,25.924978
batch_00250_patch.tiff,patch_151,25.639423,22.49739,25.009947,23.627861,26.583738
batch_00250_patch.tiff,patch_152,26.23934,23.231068,25.568626,25.087238,24.81719
batch_00250_patch.tiff,patch_153,25.380056,23.601118,25.342915,24.491554,24.430162
batch_00250_patch.tiff,patch_154,24.581802,23.035595,23.700743,23.048672,22.18395
batch_00250_patch.tiff,patch_155,25.5303,23.540564,24.393255,24.0898,26.706009
batch_00250_patch.tiff,patch_156,25.443426,23.165697,25.285162,25.111933,26.38752
batch_00250_patch.tiff,patch_157,27.0142,23.656027,24.796099,23.469398,26.073967
batch_00250_patch.tiff,patch_158,24.192472,22.58217,21.82558,23.369299,26.174845
batch_00300_patch.tiff,patch_0,25.68852,22.506636,22.737791,24.724476,25.325844
batch_00300_patch.tiff,patch_1,27.19846,23.027166,24.352524,23.675253,26.27615
batch_00300_patch.tiff,patch_2,27.665401,23.395601,26.234379,25.709911,24.82776
batch_00300_patch.tiff,patch_3,26.59492,23.294456,25.58411,25.283323,24.272404
batch_00300_patch.tiff,patch_4,25.891441,23.7681,23.789412,24.500242,26.784855
batch_00300_patch.tiff,patch_5,25.209389,24.303993,24.015026,24.2658,25.269796
batch_00300_patch.tiff,patch_6,25.943388,24.554836,26.327862,24.070892,26.432947
batch_00300_patch.tiff,patch_7,24.575853,23.99841,23.564077,23.410282,25.90208
batch_00300_patch.tiff,patch_8,25.262592,23.094852,20.769604,24.163242,25.17109
batch_00300_patch.tiff,patch_9,25.115042,23.632406,21.184137,24.886562,25.245077
batch_00300_patch.tiff,patch_10,25.648468,23.39266,23.40822,24.703138,24.740858
batch_00300_patch.tiff,patch_11,25.582184,22.526262,22.89518,24.862343,25.471352
batch_00300_patch.tiff,patch_12,26.49494,23.236107,24.52291,24.953083,25.557636
batch_00300_patch.tiff,patch_13,26.629705,23.36567,24.082064,25.234869,24.92282
batch_00300_patch.tiff,patch_14,27.431168,23.616196,26.602947,24.35339,25.789219
batch_00300_patch.tiff,patch_15,25.20727,23.376072,21.700605,26.005537,24.372122
batch_00300_patch.tiff,patch_16,27.209352,23.78317,24.416838,25.891283,26.391518
batch_00300_patch.tiff,patch_17,27.081837,25.752718,25.605791,24.350391,28.027206
batch_00300_patch.tiff,patch_18,27.04287,25.10256,24.537682,24.618307,28.081966
batch_00300_patch.tiff,patch_19,23.283333,22.597414,20.3134,24.47324,24.954266
batch_00300_patch.tiff,patch_20,25.149952,23.107782,20.106668,23.026508,24.837852
batch_00300_patch.tiff,patch_21,23.164108,22.835146,23.019392,23.51068,25.190783
batch_00300_patch.tiff,patch_22,25.916162,23.057533,24.65052,24.159088,25.959776
batch_00300_patch.tiff,patch_23,26.271437,23.906357,24.78848,24.080448,27.082928
batch_00300_patch.tiff,patch_24,27.6548,24.36734,26.934553,25.894947,26.476671
batch_00300_patch.tiff,patch_25,25.841074,23.66327,24.449953,24.586731,24.557783
batch_00300_patch.tiff,patch_26,27.270573,24.539713,27.022257,25.303707,25.677656
batch_00300_patch.tiff,patch_27,25.32264,23.183907,24.483965,25.669247,25.120092
batch_00300_patch.tiff,patch_28,25.809061,23.563112,23.881132,24.205423,26.285507
batch_00300_patch.tiff,patch_29,24.945448,23.594748,22.222277,24.587097,24.903387
batch_00300_patch.tiff,patch_30,25.271362,24.518688,24.570618,24.286541,25.962046
batch_00300_patch.tiff,patch_31,25.47672,24.139063,20.950037,24.768446,25.441761
batch_00300_patch.tiff,patch_32,25.14163,24.059507,20.385378,24.084581,25.253088
batch_00300_patch.tiff,patch_33,23.587868,21.891586,19.510782,23.02346,24.567495
batch_00300_patch.tiff,patch_34,23.736292,22.935743,22.087902,22.909883,25.556858
batch_00300_patch.tiff,patch_35,26.222494,24.634624,26.106863,24.788876,25.818413
batch_00300_patch.tiff,patch_36,26.63202,23.270412,24.968937,24.47843,26.473577
batch_00300_patch.tiff,patch_37,27.156122,22.961197,25.959648,23.355991,26.688482
batch_00300_patch.tiff,patch_38,26.208689,23.873518,24.50803,24.683678,26.606327
batch_00300_patch.tiff,patch_39,27.019245,23.953804,25.976873,25.77802,25.62172
batch_00300_patch.tiff,patch_40,24.337997,23.747538,23.388157,24.391035,25.666487
batch_00300_patch.tiff,patch_41,25.631386,23.321985,23.873661,25.251894,25.736359
batch_00300_patch.tiff,patch_42,25.506931,24.167124,23.875603,23.372297,26.309677
batch_00300_patch.tiff,patch_43,24.449116,23.597939,22.673464,23.66271,25.3474
batch_00300_patch.tiff,patch_44,23.879555,23.180883,20.647242,25.206123,24.586224
batch_00300_patch.tiff,patch_45,25.650663,22.4983,20.3104,23.164011,24.2843
batch_00300_patch.tiff,patch_46,23.271868,22.151901,21.389496,22.438469,25.385624
batch_00300_patch.tiff,patch_47,23.689585,22.225054,20.414728,23.181152,24.495327
batch_00300_patch.tiff,patch_48,25.618587,24.400108,24.62056,23.758957,26.95062
batch_00300_patch.tiff,patch_49,25.49258,25.308554,23.78992,24.333714,28.296753
batch_00300_patch.tiff,patch_50,25.864855,24.249456,24.375557,24.157795,26.240025
batch_00300_patch.tiff,patch_51,27.18236,23.006697,26.309715,24.622326,24.573978
batch_00300_patch.tiff,patch_52,25.79903,23.24426,22.538528,25.355247,25.86403
batch_00300_patch.tiff,patch_53,24.929186,23.816416,23.041521,24.579603,26.693306
batch_00300_patch.tiff,patch_54,25.126696,24.323336,23.089306,24.07093,26.251497
batch_00300_patch.tiff,patch_55,25.161396,24.525944,25.132124,23.87607,26.873732
batch_00300_patch.tiff,patch_56,24.972692,22.853148,22.337315,26.126867,24.355005
batch_00300_patch.tiff,patch_57,25.029709,23.029802,22.478508,24.505384,25.176245
batch_00300_patch.tiff,patch_58,25.44071,23.397148,23.640856,25.018253,26.706411
batch_00300_patch.tiff,patch_59,25.405144,23.633728,25.409277,24.491486,25.710537
batch_00300_patch.tiff,patch_60,27.078543,24.59581,26.836344,25.686325,25.782236
batch_00300_patch.tiff,patch_61,26.583662,24.206171,26.31156,24.384922,25.384222
batch_00300_patch.tiff,patch_62,25.272985,23.517159,24.202919,25.791485,25.165136
batch_00300_patch.tiff,patch_63,25.224297,22.53422,22.318443,26.470757,25.192507
batch_00300_patch.tiff,patch_64,26.918674,24.50225,26.499847,25.241232,27.863901
batch_00300_patch.tiff,patch_65,25.518616,23.889559,23.14569,26.09807,26.326454
batch_00300_patch.tiff,patch_66,24.499144,22.266817,20.623152,24.501951,24.233051
batch_00300_patch.tiff,patch_67,24.885298,21.901386,19.981756,23.409304,23.853632
batch_00300_patch.tiff,patch_68,24.322601,22.594213,23.1257,23.270735,25.833448
batch_00300_patch.tiff,patch_69,23.306694,21.584724,21.950203,22.723804,24.373009
batch_00300_patch.tiff,patch_70,26.722256,23.03016,24.586897,25.66714,25.237286
batch_00300_patch.tiff,patch_71,27.083534,23.45219,27.449596,24.58534,26.822592
batch_00300_patch.tiff,patch_72,27.867857,24.446342,28.44409,24.430098,25.91883
batch_00300_patch.tiff,patch_73,27.75648,24.385906,26.111542,25.38234,26.373852
batch_00300_patch.tiff,patch_74,25.21522,23.33054,22.855007,25.481815,26.348047
batch_00300_patch.tiff,patch_75,24.103367,22.516144,22.034695,26.176083,25.087955
batch_00300_patch.tiff,patch_76,25.419615,22.710152,23.448994,26.328934,25.454458
batch_00300_patch.tiff,patch_77,25.40467,22.698845,24.249142,25.89894,24.146187
batch_00300_patch.tiff,patch_78,25.209406,24.126377,25.551697,23.539257,26.478472
batch_00300_patch.tiff,patch_79,26.02582,24.719679,25.09233,25.206959,26.855192
batch_00300_patch.tiff,patch_80,25.13659,23.70667,21.87601,23.298563,25.643475
batch_00300_patch.tiff,patch_81,23.995842,22.9302,21.00003,23.915016,24.65998
batch_00300_patch.tiff,patch_82,27.42735,22.887695,27.52542,24.365932,25.844637
batch_00300_patch.tiff,patch_83,27.401697,23.439014,26.131018,24.665115,25.159882
batch_00300_patch.tiff,patch_84,26.400597,23.282104,25.27572,24.449505,24.624386
batch_00300_patch.tiff,patch_85,25.411823,23.066095,23.822508,26.078995,25.723093
batch_00300_patch.tiff,patch_86,25.254118,24.319195,23.33544,25.07186,26.563576
batch_00300_patch.tiff,patch_87,25.196072,22.27473,23.349598,26.05548,25.394642
batch_00300_patch.tiff,patch_88,26.940685,23.190525,23.806833,27.487736,26.154034
batch_00300_patch.tiff,patch_89,25.00197,23.675936,26.147533,24.119547,27.417599
batch_00300_patch.tiff,patch_90,25.569643,24.401247,25.63167,24.599434,27.985052
batch_00300_patch.tiff,patch_91,24.150394,22.536404,19.764067,23.560349,24.478735
batch_00300_patch.tiff,patch_92,24.399208,22.226103,20.075848,22.989252,24.436363
batch_00300_patch.tiff,patch_93,26.628227,23.535744,26.492455,23.974127,24.661257
batch_00300_patch.tiff,patch_94,26.778582,22.97417,25.590351,23.439596,26.176445
batch_00300_patch.tiff,patch_95,27.577394,24.895601,26.81388,25.614916,26.086172
batch_00300_patch.tiff,patch_96,25.577152,24.66078,23.502758,24.085918,26.882624
batch_00300_patch.tiff,patch_97,26.205973,24.290754,24.03849,23.501657,25.782446
batch_00300_patch.tiff,patch_98,25.622038,22.911572,23.999783,25.571396,25.476204
batch_00300_patch.tiff,patch_99,26.417156,23.758064,24.769625,26.44781,26.169842
batch_00300_patch.tiff,patch_100,26.307398,25.258766,25.568253,23.687075,27.70076
batch_00300_patch.tiff,patch_101,26.253094,25.358213,25.379108,23.299273,27.827396
batch_00300_patch.tiff,patch_102,26.249573,22.296083,21.658861,24.091269,25.368322
batch_00300_patch.tiff,patch_103,25.23689,23.736776,23.656345,25.240257,25.892097
batch_00300_patch.tiff,patch_104,26.700245,22.594893,26.719097,24.210312,24.154823
batch_00300_patch.tiff,patch_105,27.073624,24.284266,25.346375,25.081587,25.742785
batch_00300_patch.tiff,patch_106,26.677359,23.29296,25.325056,24.734732,24.894032
batch_00300_patch.tiff,patch_107,25.710722,24.83372,23.636995,24.09144,26.629307
batch_00300_patch.tiff,patch_108,26.916185,23.906582,25.255722,23.859894,26.684488
batch_00300_patch.tiff,patch_109,24.522434,23.174065,22.580595,25.489153,24.845018
batch_00300_patch.tiff,patch_110,25.68253,23.13982,23.149496,25.828968,25.149078
batch_00300_patch.tiff,patch_111,25.880207,24.49729,25.906948,24.610933,27.887247
batch_00300_patch.tiff,patch_112,26.049026,25.519524,25.65461,25.001291,28.433008
batch_00300_patch.tiff,patch_113,25.446598,22.675795,21.907057,25.843866,24.358856
batch_00300_patch.tiff,patch_114,24.818953,23.089098,21.708376,24.754711,24.641489
batch_00300_patch.tiff,patch_115,27.010073,23.132736,26.300379,25.688044,25.646502
batch_00300_patch.tiff,patch_116,25.414852,22.745844,23.818306,24.648333,23.254469
batch_00300_patch.tiff,patch_117,25.557348,23.527151,24.999386,24.594946,26.994787
batch_00300_patch.tiff,patch_118,24.725437,23.2371,25.076883,23.693928,25.385092
batch_00300_patch.tiff,patch_119,25.544796,23.63862,22.877474,25.12623,26.408243
batch_00300_patch.tiff,patch_120,24.942348,22.645536,22.881115,25.315968,25.624804
batch_00300_patch.tiff,patch_121,25.702229,24.064423,24.728203,25.118732,26.419048
batch_00300_patch.tiff,patch_122,25.230299,22.556164,24.668964,26.58897,24.852722
batch_00300_patch.tiff,patch_123,25.532314,23.268541,24.000706,23.98789,25.562147
batch_00300_patch.tiff,patch_124,25.637035,22.393272,21.71067,24.005196,24.348372
batch_00300_patch.tiff,patch_125,25.044847,22.794577,23.796473,24.119368,25.373852
batch_00300_patch.tiff,patch_126,27.273874,22.363386,27.43795,23.853354,25.014816
batch_00300_patch.tiff,patch_127,27.14958,23.762247,26.179499,25.772425,25.615387
batch_00300_patch.tiff,patch_128,25.243374,22.828062,25.759832,22.999332,25.955927
batch_00300_patch.tiff,patch_129,24.540537,23.902908,25.54414,23.29481,25.906593
batch_00300_patch.tiff,patch_130,24.913652,23.542341,23.66402,25.443768,25.839645
batch_00300_patch.tiff,patch_131,24.866428,23.47273,23.312162,24.6343,25.633493
batch_00300_patch.tiff,patch_132,26.6427,23.733704,24.015974,25.935217,26.23317
batch_00300_patch.tiff,patch_133,26.64475,24.053358,25.016508,25.747198,26.513657
batch_00300_patch.tiff,patch_134,25.482796,23.720085,22.086388,25.1085,25.022669
batch_00300_patch.tiff,patch_135,26.224377,23.719433,25.979692,24.54189,27.236116
batch_00300_patch.tiff,patch_136,25.724873,23.383814,23.945873,24.54783,26.261494
batch_00300_patch.tiff,patch_137,27.404428,24.063276,25.646484,25.196785,25.498384
batch_00300_patch.tiff,patch_138,25.972183,23.551075,25.8273,24.685522,25.44215
batch_00300_patch.tiff,patch_139,26.326765,22.768154,25.357435,24.910254,26.22124
batch_00300_patch.tiff,patch_140,26.358852,23.236992,23.215534,26.094238,26.177305
batch_00300_patch.tiff,patch_141,25.996603,23.326777,23.954855,25.14669,25.966187
batch_00300_patch.tiff,patch_142,25.823137,23.186184,22.984447,24.412426,26.05214
batch_00300_patch.tiff,patch_143,24.822912,23.302988,22.1557,25.422783,25.47381
batch_00300_patch.tiff,patch_144,25.655294,22.817883,22.54126,25.442753,24.763378
batch_00300_patch.tiff,patch_145,25.758907,22.998985,21.81875,24.629045,25.472483
batch_00300_patch.tiff,patch_146,24.432566,21.547735,23.609308,25.221872,23.111216
batch_00300_patch.tiff,patch_147,24.99777,22.054712,22.717766,24.330162,23.93343
batch_00300_patch.tiff,patch_148,27.144962,23.755232,27.279587,25.05755,25.79588
batch_00300_patch.tiff,patch_149,27.638445,23.789217,27.371704,25.204834,25.764704
batch_00300_patch.tiff,patch_150,26.475674,23.178799,23.581757,24.183422,25.01107
batch_00300_patch.tiff,patch_151,27.395126,23.077438,25.6388,25.006796,25.81177
batch_00300_patch.tiff,patch_152,25.935345,23.398882,23.805376,25.501038,26.456045
batch_00300_patch.tiff,patch_153,25.72439,24.282818,23.29577,25.156404,26.513134
batch_00300_patch.tiff,patch_154,25.848593,23.649553,22.194458,25.324623,25.885582
batch_00300_patch.tiff,patch_155,26.251923,23.605818,22.521608,25.105652,26.281124
batch_00300_patch.tiff,patch_156,26.497257,23.996227,24.327265,24.176456,26.39041
batch_00300_patch.tiff,patch_157,25.052967,22.464773,20.056055,24.472433,24.164762
batch_00300_patch.tiff,patch_158,25.54939,21.592297,22.911379,25.132154,23.118464
batch_00300_patch.tiff,patch_159,26.177223,21.7264,25.804144,25.168982,23.220718
batch_00300_patch.tiff,patch_160,26.993237,23.33993,27.782951,23.953327,25.609505
batch_00300_patch.tiff,patch_161,26.410648,22.919533,23.621115,24.618242,23.790138
batch_00300_patch.tiff,patch_162,25.34031,23.55661,24.278555,26.136326,25.341223
batch_00300_patch.tiff,patch_163,24.621511,23.28488,24.488213,25.139341,26.45345
batch_00300_patch.tiff,patch_164,26.106619,23.381401,21.756594,24.255909,25.866945
batch_00300_patch.tiff,patch_165,25.341682,23.348076,22.64755,24.295208,25.11795
batch_00300_patch.tiff,patch_166,25.411747,23.900064,23.359652,25.658144,26.517279
batch_00300_patch.tiff,patch_167,24.712433,22.739784,21.280626,24.720352,24.682068
batch_00300_patch.tiff,patch_168,23.335058,22.003681,20.514732,23.907925,24.940226
batch_00300_patch.tiff,patch_169,24.209322,22.927324,22.06169,22.872913,25.641907
batch_00300_patch.tiff,patch_170,27.67039,24.845861,27.651976,25.304937,27.052303
batch_00300_patch.tiff,patch_171,25.653233,25.545393,23.36211,24.322174,26.43313
batch_00350_patch.tiff,patch_0,25.100773,24.065584,23.720306,23.460125,26.480495
batch_00350_patch.tiff,patch_1,24.567654,22.856012,18.858082,23.882906,24.458363
batch_00350_patch.tiff,patch_2,27.135075,24.750433,25.478952,24.61822,27.316715
batch_00350_patch.tiff,patch_3,26.629877,24.733274,24.222057,23.840792,27.011572
batch_00350_patch.tiff,patch_4,26.407766,23.91938,24.220146,25.385218,25.305355
batch_00350_patch.tiff,patch_5,25.94343,23.402315,24.690538,25.00428,25.674038
batch_00350_patch.tiff,patch_6,25.81459,23.078682,25.009565,23.847557,26.665768
batch_00350_patch.tiff,patch_7,25.203758,23.36586,23.036003,24.326078,26.49327
batch_00350_patch.tiff,patch_8,26.389551,25.946005,26.471659,23.218681,27.106115
batch_00350_patch.tiff,patch_9,26.872385,24.004576,23.25258,24.732626,26.636265
batch_00350_patch.tiff,patch_10,25.760483,22.896835,22.296942,24.235676,25.873451
batch_00350_patch.tiff,patch_11,26.628538,22.38926,29.349487,22.14483,25.505365
batch_00350_patch.tiff,patch_12,25.853226,23.236889,22.8593,23.946339,25.285976
batch_00350_patch.tiff,patch_13,25.509224,22.592157,22.844719,22.715485,25.16726
batch_00350_patch.tiff,patch_14,26.813076,24.195341,25.868046,24.508854,27.685051
batch_00350_patch.tiff,patch_15,25.652485,25.345999,25.364717,23.85622,28.02595
batch_00350_patch.tiff,patch_16,25.236284,22.7983,22.153286,23.758629,25.260262
batch_00350_patch.tiff,patch_17,26.359594,22.601608,24.292353,24.712347,25.395742
batch_00350_patch.tiff,patch_18,26.710745,23.622787,26.190357,23.429487,28.264086
batch_00350_patch.tiff,patch_19,25.19369,22.49764,25.488562,23.731417,27.01521
batch_00350_patch.tiff,patch_20,27.378153,25.007915,26.54205,24.243633,26.187725
batch_00350_patch.tiff,patch_21,26.172493,22.236128,22.68585,22.936686,25.643381
batch_00350_patch.tiff,patch_22,24.992859,21.793533,22.68622,23.74191,25.492443
batch_00350_patch.tiff,patch_23,26.80957,22.57609,30.052359,22.945215,25.90605
batch_00350_patch.tiff,patch_24,23.745546,21.701143,20.67273,22.237934,23.90103
batch_00350_patch.tiff,patch_25,24.292221,22.375063,20.476618,23.753178,23.761047
batch_00350_patch.tiff,patch_26,25.894323,23.284403,24.001139,25.093546,24.39628
batch_00350_patch.tiff,patch_27,26.911745,23.25873,23.957525,25.306812,25.294497
batch_00350_patch.tiff,patch_28,25.78257,22.556286,23.943548,24.387152,25.11381
batch_00350_patch.tiff,patch_29,25.66454,23.109425,24.663689,24.032974,27.265532
batch_00350_patch.tiff,patch_30,25.492989,23.531946,24.572342,23.761295,27.713507
batch_00350_patch.tiff,patch_31,25.862898,22.893803,23.380701,23.57563,26.432947
batch_00350_patch.tiff,patch_32,24.73011,23.678982,23.487183,23.735655,25.377598
batch_00350_patch.tiff,patch_33,27.103477,24.107235,26.29394,24.610281,25.314585
batch_00350_patch.tiff,patch_34,25.896124,24.071556,23.986736,23.984879,26.542156
batch_00350_patch.tiff,patch_35,24.986881,23.391615,23.839771,23.975513,24.911167
batch_00350_patch.tiff,patch_36,25.719208,21.767977,22.175861,24.3505,23.45128
batch_00350_patch.tiff,patch_37,26.539719,23.848808,26.430897,24.801651,26.653446
batch_00350_patch.tiff,patch_38,26.275484,23.849947,24.74285,25.511206,26.114422
batch_00350_patch.tiff,patch_39,24.788105,23.040339,22.576925,24.675568,25.498426
batch_00350_patch.tiff,patch_40,24.450077,22.70954,22.737343,23.972979,25.091114
batch_00350_patch.tiff,patch_41,25.842339,23.003157,25.504976,24.09654,27.290054
batch_00350_patch.tiff,patch_42,25.46421,23.477804,24.548607,23.209562,27.619804
batch_00350_patch.tiff,patch_43,26.319872,23.201529,24.23228,23.25292,26.48117
batch_00350_patch.tiff,patch_44,25.610588,23.600613,25.024837,24.521032,26.355856
batch_00350_patch.tiff,patch_45,26.051006,23.864885,26.217232,24.40877,25.859356
batch_00350_patch.tiff,patch_46,23.617323,22.681307,22.608305,23.900608,25.252434
batch_00350_patch.tiff,patch_47,26.96608,22.588448,27.924644,23.149288,25.674759
batch_00350_patch.tiff,patch_48,24.934114,22.604773,22.138159,22.366978,25.775297
batch_00350_patch.tiff,patch_49,25.41828,23.066814,22.57098,23.513945,25.673456
batch_00350_patch.tiff,patch_50,25.739853,25.465448,24.042135,25.09954,25.228214
batch_00350_patch.tiff,patch_51,26.3878,22.859028,23.173264,25.690798,25.885155
batch_00350_patch.tiff,patch_52,27.56137,23.011944,28.011147,25.565712,25.155455
batch_00350_patch.tiff,patch_53,26.265566,23.385439,24.045559,24.17193,24.710178
batch_00350_patch.tiff,patch_54,25.687687,23.857986,25.533276,23.836565,27.016665
batch_00350_patch.tiff,patch_55,25.84234,23.131203,25.015205,23.292543,27.373652
batch_00350_patch.tiff,patch_56,25.976294,24.090937,22.850267,24.678848,26.614265
batch_00350_patch.tiff,patch_57,26.256756,23.463074,24.654898,24.858452,26.531286
batch_00350_patch.tiff,patch_58,26.129368,23.144354,23.4697,23.67956,26.93143
batch_00350_patch.tiff,patch_59,26.766531,23.203905,24.094263,24.629368,27.0474
batch_00350_patch.tiff,patch_60,25.18505,21.901066,21.719294,22.986067,24.060604
batch_00350_patch.tiff,patch_61,23.526167,22.08001,20.018126,23.248356,23.911234
batch_00350_patch.tiff,patch_62,26.344358,23.132944,24.684258,25.755747,25.835457
batch_00350_patch.tiff,patch_63,26.381306,23.495583,24.921148,24.570509,25.535982
batch_00350_patch.tiff,patch_64,26.632488,23.373632,27.286993,24.34165,25.181114
batch_00350_patch.tiff,patch_65,27.058994,23.998777,24.615166,25.693825,25.34107
batch_00350_patch.tiff,patch_66,25.417364,23.028784,24.618675,23.546621,27.06024
batch_00350_patch.tiff,patch_67,26.33488,23.136375,25.832575,22.29421,27.646715
batch_00350_patch.tiff,patch_68,25.407032,23.111254,23.814209,23.99481,26.813885
batch_00350_patch.tiff,patch_69,25.23123,23.54573,24.622082,24.36846,26.655296
batch_00350_patch.tiff,patch_70,25.69582,23.266943,23.73507,24.100918,25.485424
batch_00350_patch.tiff,patch_71,27.086515,24.221006,24.99804,24.036856,27.02296
batch_00350_patch.tiff,patch_72,24.895098,22.29294,21.747318,22.483885,24.635954
batch_00350_patch.tiff,patch_73,25.063406,23.87705,23.709904,23.98526,24.612768
batch_00350_patch.tiff,patch_74,26.22627,23.433664,24.27135,24.621855,26.425728
batch_00350_patch.tiff,patch_75,26.486141,22.682981,23.067024,23.063894,25.603264
batch_00350_patch.tiff,patch_76,25.330091,23.773878,24.811258,25.239956,26.54245
batch_00350_patch.tiff,patch_77,25.977568,24.81577,25.066843,24.202448,28.679142
batch_00350_patch.tiff,patch_78,28.108175,24.19242,27.009771,25.153196,25.505938
batch_00350_patch.tiff,patch_79,26.276564,24.391493,25.645025,25.013065,25.173767
batch_00350_patch.tiff,patch_80,25.302267,24.99182,24.322033,24.613024,24.553429
batch_00350_patch.tiff,patch_81,27.01595,24.12627,25.33,24.78813,26.423613
batch_00350_patch.tiff,patch_82,25.329697,22.78885,23.10692,23.66012,26.077778
batch_00350_patch.tiff,patch_83,24.280155,22.849243,22.135923,24.418098,25.156794
batch_00350_patch.tiff,patch_84,24.695993,23.098701,21.71376,22.833202,24.742764
batch_00350_patch.tiff,patch_85,24.96809,22.554955,22.556852,24.06824,24.242722
batch_00350_patch.tiff,patch_86,25.222765,23.113789,24.572266,25.22785,25.352253
batch_00350_patch.tiff,patch_87,25.51446,22.645737,22.364016,25.392921,24.575327
batch_00350_patch.tiff,patch_88,26.053484,25.037529,25.573153,24.140404,28.580803
batch_00350_patch.tiff,patch_89,24.325369,24.509289,23.280674,24.389532,26.969687
batch_00350_patch.tiff,patch_90,25.56983,24.734343,26.0449,24.505066,24.73576
batch_00350_patch.tiff,patch_91,26.486591,24.503874,27.284027,24.904741,25.143543
batch_00350_patch.tiff,patch_92,24.181786,24.628504,24.544062,24.085117,24.475307
batch_00350_patch.tiff,patch_93,26.21535,24.344057,23.581152,24.822598,25.32212
batch_00350_patch.tiff,patch_94,25.555002,23.315393,24.234692,24.182503,24.79767
batch_00350_patch.tiff,patch_95,24.996183,23.669832,23.737673,25.027327,25.446798
batch_00350_patch.tiff,patch_96,25.926313,22.72609,21.402481,24.645844,23.662731
batch_00350_patch.tiff,patch_97,25.072325,22.951677,21.766006,24.260399,24.568314
batch_00350_patch.tiff,patch_98,26.248835,23.97415,23.65067,25.387138,24.613447
batch_00350_patch.tiff,patch_99,26.258587,22.901186,25.211699,24.829014,23.206799
batch_00350_patch.tiff,patch_100,27.117796,23.108013,26.65089,24.873323,24.790224
batch_00350_patch.tiff,patch_101,26.695368,22.997633,24.573097,24.515913,24.571062
batch_00350_patch.tiff,patch_102,25.786386,24.942717,25.669724,24.243284,25.822048
batch_00350_patch.tiff,patch_103,25.924288,24.905172,25.02631,24.427885,25.112343
batch_00350_patch.tiff,patch_104,25.839367,23.343117,25.295477,25.137367,24.988043
batch_00350_patch.tiff,patch_105,25.124369,24.015032,25.526388,24.280943,26.166857
batch_00350_patch.tiff,patch_106,24.940039,22.749416,22.2401,24.545618,24.294811
batch_00350_patch.tiff,patch_107,25.219946,22.403654,24.14751,24.484901,24.581797
batch_00350_patch.tiff,patch_108,25.887308,22.864573,21.431295,24.537912,24.682888
batch_00350_patch.tiff,patch_109,25.925482,23.472454,21.804192,25.89325,24.909552
batch_00350_patch.tiff,patch_110,25.276186,22.866665,23.622482,25.354698,23.574306
batch_00350_patch.tiff,patch_111,25.961084,22.342482,21.111574,26.151684,24.018002
batch_00350_patch.tiff,patch_112,27.085255,22.993137,27.24065,24.980425,25.383965
batch_00350_patch.tiff,patch_113,27.216833,23.379763,26.248806,24.505123,25.495485
batch_00350_patch.tiff,patch_114,26.701357,23.89978,26.650253,24.36058,25.626083
batch_00350_patch.tiff,patch_115,25.761145,24.500774,23.9246,24.655294,24.137913
batch_00350_patch.tiff,patch_116,26.3448,24.060738,25.609324,24.992231,26.569366
batch_00350_patch.tiff,patch_117,26.709896,23.593369,23.642275,25.747765,27.139494
batch_00350_patch.tiff,patch_118,24.66902,23.576742,23.997826,24.258047,24.89658
batch_00350_patch.tiff,patch_119,26.137516,21.316444,24.631735,24.449322,25.103937
batch_00350_patch.tiff,patch_120,25.495377,22.132713,22.618393,23.475069,24.336727
batch_00350_patch.tiff,patch_121,25.642117,23.154152,23.165943,24.39994,25.85616
batch_00350_patch.tiff,patch_122,26.497803,22.254581,23.496887,24.88858,24.596437
batch_00350_patch.tiff,patch_123,24.894623,22.026846,24.135237,25.061161,24.155
batch_00350_patch.tiff,patch_124,26.586258,23.54947,27.225468,24.707012,25.182098
batch_00350_patch.tiff,patch_125,27.744598,22.792332,28.200481,24.696861,25.63004
batch_00350_patch.tiff,patch_126,26.58243,23.203396,28.234735,24.687794,25.082693
batch_00350_patch.tiff,patch_127,27.379393,24.266047,28.834084,24.786062,25.594612
batch_00350_patch.tiff,patch_128,26.091232,23.706535,23.315754,24.354982,26.66103
batch_00350_patch.tiff,patch_129,25.09049,23.638231,24.744476,23.942074,25.496065
batch_00350_patch.tiff,patch_130,24.24782,22.399343,23.521807,23.475748,24.701561
batch_00350_patch.tiff,patch_131,24.678894,22.19066,23.567072,23.619137,24.955172
batch_00350_patch.tiff,patch_132,25.234444,22.257988,21.162582,25.048807,24.355387
batch_00350_patch.tiff,patch_133,26.108107,23.047258,22.993902,25.323336,24.457447
batch_00350_patch.tiff,patch_134,27.13773,23.086058,27.505692,24.62158,25.343748
batch_00350_patch.tiff,patch_135,26.470806,22.383085,25.516502,25.486092,25.061167
batch_00350_patch.tiff,patch_136,26.57731,24.486725,27.711132,24.103605,24.995632
batch_00350_patch.tiff,patch_137,27.664762,23.401886,28.050577,24.435858,26.180601
batch_00350_patch.tiff,patch_138,25.579222,23.28168,23.89172,24.518744,26.328987
batch_00350_patch.tiff,patch_139,24.88902,23.286678,23.024115,24.894512,25.93471
batch_00350_patch.tiff,patch_140,24.921429,22.403637,24.414505,24.519863,24.909105
batch_00350_patch.tiff,patch_141,25.17007,23.008333,21.043446,25.63345,23.635303
batch_00350_patch.tiff,patch_142,25.663164,22.396791,22.981096,25.311543,23.860075
batch_00350_patch.tiff,patch_143,25.80346,23.903646,22.211277,25.292772,24.905008
batch_00350_patch.tiff,patch_144,23.798216,22.79,20.263145,24.722536,25.188698
batch_00350_patch.tiff,patch_145,26.553696,23.207983,24.19021,23.061172,27.025866
batch_00350_patch.tiff,patch_146,26.257862,24.55793,25.935064,23.600441,27.777033
batch_00350_patch.tiff,patch_147,25.27408,24.836075,23.583166,24.283918,26.642294
batch_00350_patch.tiff,patch_148,25.148788,24.61751,23.588346,24.998976,27.849161
batch_00350_patch.tiff,patch_149,25.557096,23.394855,23.873522,24.47682,26.234241
batch_00350_patch.tiff,patch_150,26.202284,23.071733,24.09775,23.930729,27.14848
batch_00350_patch.tiff,patch_151,24.579306,23.021997,24.261992,24.174946,25.262753
batch_00350_patch.tiff,patch_152,24.608519,21.809715,23.457954,23.5235,25.094131
batch_00350_patch.tiff,patch_153,24.979918,24.27967,22.147257,24.49299,24.300827
batch_00350_patch.tiff,patch_154,26.04444,22.530792,21.145023,24.12417,23.473183
batch_00350_patch.tiff,patch_155,24.435019,22.272728,22.041176,24.343172,23.949717
batch_00350_patch.tiff,patch_156,26.28654,23.869072,26.542215,23.289999,27.18243
batch_00350_patch.tiff,patch_157,25.809875,23.88136,25.694109,22.537941,28.474522
batch_00350_patch.tiff,patch_158,25.976486,25.286562,24.053617,24.468403,27.610588
batch_00350_patch.tiff,patch_159,25.263315,24.033638,24.452036,25.00836,26.590431
batch_00350_patch.tiff,patch_160,26.264774,23.17882,21.601053,24.789818,25.624989
batch_00350_patch.tiff,patch_161,26.101099,23.611559,23.75003,23.667284,26.2883
batch_00350_patch.tiff,patch_162,25.202078,22.306593,24.577494,23.70618,25.673376
batch_00350_patch.tiff,patch_163,25.185986,22.868395,25.289318,23.082872,25.175106
batch_00350_patch.tiff,patch_164,25.644941,23.76228,24.110447,24.51984,24.577696
batch_00350_patch.tiff,patch_165,24.966509,22.525293,22.319633,25.151129,24.444912
batch_00350_patch.tiff,patch_166,24.757507,22.054113,20.613258,23.226189,24.83155
batch_00350_patch.tiff,patch_167,24.234901,22.355356,20.392414,23.36478,24.479177
batch_00350_patch.tiff,patch_168,25.503649,22.913204,24.262344,23.172382,27.952623
batch_00350_patch.tiff,patch_169,26.149988,23.025928,26.076208,24.500456,27.109829
batch_00350_patch.tiff,patch_170,25.426136,24.902548,24.462103,23.975088,24.889095
batch_00350_patch.tiff,patch_171,25.434923,23.694551,22.26793,24.16692,26.204351
batch_00350_patch.tiff,patch_172,25.778042,22.8616,22.429066,24.47931,26.101772
batch_00350_patch.tiff,patch_173,25.362001,23.79042,26.312202,23.840479,25.815083
batch_00350_patch.tiff,patch_174,26.063429,22.230627,24.534071,23.624678,23.846676
batch_00400_patch.tiff,patch_0,26.427765,22.558584,29.527943,22.046007,26.10024
batch_00400_patch.tiff,patch_1,26.363626,24.44709,25.54075,24.364962,26.74225
batch_00400_patch.tiff,patch_2,24.825838,23.64602,21.551403,24.441507,26.087313
batch_00400_patch.tiff,patch_3,25.55599,23.567991,22.587101,25.16525,25.646091
batch_00400_patch.tiff,patch_4,23.666477,23.308111,23.752995,24.380554,26.71401
batch_00400_patch.tiff,patch_5,25.696096,23.524454,26.179468,24.578087,26.52822
batch_00400_patch.tiff,patch_6,26.19552,23.4878,26.717026,23.061626,26.016531
batch_00400_patch.tiff,patch_7,25.92972,23.293808,25.72149,23.766205,26.284868
batch_00400_patch.tiff,patch_8,25.578274,23.699266,25.31416,23.935768,27.279089
batch_00400_patch.tiff,patch_9,27.63387,23.27451,28.80074,24.389343,27.125418
batch_00400_patch.tiff,patch_10,27.07166,23.3888,27.521442,24.377983,25.750858
batch_00400_patch.tiff,patch_11,27.510443,23.418125,26.163921,24.528185,26.52288
batch_00400_patch.tiff,patch_12,27.39884,23.179037,25.71604,25.893286,26.301332
batch_00400_patch.tiff,patch_13,26.56487,25.236465,24.31896,24.67996,26.353994
batch_00400_patch.tiff,patch_14,24.734121,24.296022,23.797623,24.421268,26.323952
batch_00400_patch.tiff,patch_15,25.871325,23.351915,25.792633,24.683043,27.243279
batch_00400_patch.tiff,patch_16,25.874098,24.05486,26.180569,24.860636,26.994385
batch_00400_patch.tiff,patch_17,24.884592,23.890192,24.77442,24.342081,26.19713
batch_00400_patch.tiff,patch_18,25.242004,24.225468,26.192919,23.127895,26.194803
batch_00400_patch.tiff,patch_19,25.504038,23.633537,24.302034,24.5323,26.558828
batch_00400_patch.tiff,patch_20,26.033226,24.201347,27.924997,22.8506,25.1344
batch_00400_patch.tiff,patch_21,26.771023,22.700739,29.892057,23.183962,26.090252
batch_00400_patch.tiff,patch_22,26.71178,22.813301,29.691864,22.912235,26.228148
batch_00400_patch.tiff,patch_23,26.177008,21.737938,24.536905,24.337896,24.934092
batch_00400_patch.tiff,patch_24,27.007895,23.031387,24.37485,24.03111,25.8234
batch_00400_patch.tiff,patch_25,25.08962,23.770193,22.98536,25.55871,25.315521
batch_00400_patch.tiff,patch_26,26.048536,24.3735,23.892544,25.546877,26.461344
batch_00400_patch.tiff,patch_27,24.395605,23.347088,23.509726,23.431854,26.251995
batch_00400_patch.tiff,patch_28,25.103907,23.628923,23.84583,22.674784,27.109627
batch_00400_patch.tiff,patch_29,25.463463,25.71321,25.799023,23.667677,26.00407
batch_00400_patch.tiff,patch_30,25.241377,25.192822,25.789518,22.939686,26.088701
batch_00400_patch.tiff,patch_31,26.792007,22.766596,27.090418,23.54424,26.571619
batch_00400_patch.tiff,patch_32,26.6721,23.659912,27.555784,23.45125,26.317976
batch_00400_patch.tiff,patch_33,27.581322,24.579967,26.064863,25.241755,25.85466
batch_00400_patch.tiff,patch_34,26.853697,22.687227,29.295588,23.625118,25.662237
batch_00400_patch.tiff,patch_35,26.461502,22.455236,29.501368,21.799028,26.633186
batch_00400_patch.tiff,patch_36,26.06224,22.278545,26.056175,23.988884,25.45458
batch_00400_patch.tiff,patch_37,26.427267,23.78938,23.87166,24.76771,25.379026
batch_00400_patch.tiff,patch_38,26.254305,23.551193,22.755243,24.602358,25.189804
batch_00400_patch.tiff,patch_39,25.242804,23.859406,23.013735,25.029589,25.217184
batch_00400_patch.tiff,patch_40,25.672247,23.256521,23.10184,23.630005,26.43933
batch_00400_patch.tiff,patch_41,25.075323,22.233492,25.442764,23.802177,26.48047
batch_00400_patch.tiff,patch_42,25.455856,24.937141,26.75737,24.069168,25.020006
batch_00400_patch.tiff,patch_43,27.539831,23.812431,26.692904,24.555214,26.616495
batch_00400_patch.tiff,patch_44,27.655174,22.487091,28.526794,23.951868,25.901876
batch_00400_patch.tiff,patch_45,27.153385,24.91562,26.824223,25.64183,26.259518
batch_00400_patch.tiff,patch_46,27.041584,24.46872,27.935719,25.112108,26.99404
batch_00400_patch.tiff,patch_47,26.195986,23.44304,25.391651,24.250803,26.606123
batch_00400_patch.tiff,patch_48,25.987284,23.563066,24.771902,24.125116,24.987473
batch_00400_patch.tiff,patch_49,25.514618,22.712072,23.841846,24.232925,25.708473
batch_00400_patch.tiff,patch_50,24.118517,22.503061,24.199656,22.257774,26.046066
batch_00400_patch.tiff,patch_51,24.98262,22.435356,23.479395,24.017874,26.530907
batch_00400_patch.tiff,patch_52,25.515081,23.227987,24.875574,23.397089,26.547844
batch_00400_patch.tiff,patch_53,26.829468,23.263016,25.377253,23.043837,26.360123
batch_00400_patch.tiff,patch_54,27.255598,24.99056,27.209469,24.638716,27.26965
batch_00400_patch.tiff,patch_55,26.455914,23.28417,24.853828,24.41791,26.108786
batch_00400_patch.tiff,patch_56,25.980915,23.991865,25.308115,24.547964,25.789661
batch_00400_patch.tiff,patch_57,24.687374,22.017365,23.76974,23.550411,26.960657
batch_00400_patch.tiff,patch_58,24.383444,21.842953,23.822063,22.849573,25.69122
batch_00400_patch.tiff,patch_59,25.475607,24.211943,24.346363,23.118471,26.652931
batch_00400_patch.tiff,patch_60,24.537104,22.88379,25.25658,23.481642,26.951088
batch_00400_patch.tiff,patch_61,26.44836,24.42634,26.279678,23.66939,25.82322
batch_00400_patch.tiff,patch_62,26.816805,23.842554,26.054924,24.205605,25.803606
batch_00400_patch.tiff,patch_63,26.640076,23.016413,28.090794,23.25553,25.834082
batch_00400_patch.tiff,patch_64,26.74338,22.502228,30.408882,22.326443,26.047222
batch_00400_patch.tiff,patch_65,26.725975,22.79333,30.43526,22.4567,25.973618
batch_00400_patch.tiff,patch_66,25.527256,23.350245,23.304972,24.052738,25.43229
batch_00400_patch.tiff,patch_67,26.28104,24.524641,26.08383,24.58106,26.06344
batch_00400_patch.tiff,patch_68,24.423336,22.986692,23.191544,22.662,26.188404
batch_00400_patch.tiff,patch_69,25.427143,22.580915,24.248638,22.37616,25.95073
batch_00400_patch.tiff,patch_70,25.382126,22.752787,24.980793,23.747566,26.724937
batch_00400_patch.tiff,patch_71,24.868576,21.341745,23.182638,24.080484,25.647959
batch_00400_patch.tiff,patch_72,26.761814,23.417181,28.004288,24.560658,27.146212
batch_00400_patch.tiff,patch_73,25.413706,23.86455,23.9804,23.622326,26.344095
batch_00400_patch.tiff,patch_74,27.821854,23.800749,27.777954,24.41988,27.392778
batch_00400_patch.tiff,patch_75,25.80994,25.328539,24.942852,24.227844,27.232985
batch_00400_patch.tiff,patch_76,26.600258,22.870018,29.910913,23.406357,25.771461
batch_00400_patch.tiff,patch_77,26.854147,22.57804,29.651487,22.814478,25.667551
batch_00400_patch.tiff,patch_78,26.975344,23.357866,22.587416,24.56027,25.509794
batch_00400_patch.tiff,patch_79,25.261444,23.935678,22.554237,24.690495,25.172966
batch_00400_patch.tiff,patch_80,24.096756,22.108032,24.287613,22.853418,25.064041
batch_00400_patch.tiff,patch_81,25.329779,21.916288,24.65318,22.718515,26.53546
batch_00400_patch.tiff,patch_82,24.978537,22.50065,24.43239,23.578165,26.13336
batch_00400_patch.tiff,patch_83,24.826578,22.748564,23.42737,24.164438,26.260273
batch_00400_patch.tiff,patch_84,26.111414,23.724081,25.396826,24.723883,27.26788
batch_00400_patch.tiff,patch_85,25.003418,24.357962,22.852541,25.035025,26.41873
batch_00400_patch.tiff,patch_86,27.175335,22.8294,29.823631,22.977194,25.67315
batch_00400_patch.tiff,patch_87,26.763834,22.243608,30.29822,22.53483,25.594282
batch_00400_patch.tiff,patch_88,26.337496,24.613184,25.999489,24.55995,25.500868
batch_00400_patch.tiff,patch_89,25.35806,22.396303,23.900614,22.816706,27.157948
batch_00400_patch.tiff,patch_90,25.13533,22.659239,23.436007,25.024895,26.193748
batch_00400_patch.tiff,patch_91,25.960295,24.151882,26.587202,22.937717,25.798214
batch_00400_patch.tiff,patch_92,28.055296,23.388405,26.036932,25.098452,26.88062
batch_00400_patch.tiff,patch_93,27.46402,24.451208,25.275463,24.503878,26.26548
batch_00400_patch.tiff,patch_94,24.488333,22.361317,21.87271,23.488136,25.958834
batch_00400_patch.tiff,patch_95,27.143135,23.116316,27.499346,24.000349,24.882751
batch_00400_patch.tiff,patch_96,26.803734,22.491018,29.711008,22.422525,26.205849
batch_00400_patch.tiff,patch_97,24.863506,22.277733,24.746824,22.947311,25.811983
batch_00400_patch.tiff,patch_98,24.214792,21.922726,23.567244,22.737349,26.899866
batch_00400_patch.tiff,patch_99,26.399729,22.993563,26.557821,23.47745,25.37118
batch_00400_patch.tiff,patch_100,25.847996,23.384659,26.864878,23.492434,27.214012
batch_00400_patch.tiff,patch_101,26.195599,25.684145,23.43679,24.168144,24.948257
batch_00400_patch.tiff,patch_102,27.168283,23.904898,26.173384,24.451057,27.304115
batch_00400_patch.tiff,patch_103,27.910614,22.913904,29.114943,23.81847,25.59562
batch_00400_patch.tiff,patch_104,26.292282,23.16219,28.600357,23.225153,26.319807
batch_00400_patch.tiff,patch_105,26.932013,22.525824,29.30258,23.068007,26.22965
batch_00400_patch.tiff,patch_106,27.830471,25.388136,27.352785,25.238628,29.047474
batch_00400_patch.tiff,patch_107,27.221113,23.954573,28.125917,24.920973,27.05225
batch_00400_patch.tiff,patch_108,25.273142,22.676243,23.65063,23.799932,26.085012
batch_00400_patch.tiff,patch_109,24.547989,23.988504,23.174713,23.47247,26.54142
batch_00400_patch.tiff,patch_110,25.020536,24.359035,24.039589,24.6146,26.866493
batch_00400_patch.tiff,patch_111,27.605211,24.422264,25.509554,24.698915,26.967918
batch_00400_patch.tiff,patch_112,24.796091,24.102036,24.604778,23.92706,24.843092
batch_00400_patch.tiff,patch_113,26.559397,24.658289,24.01745,24.155012,25.194725
batch_00400_patch.tiff,patch_114,27.261814,24.82376,27.302664,25.615746,27.812054
batch_00400_patch.tiff,patch_115,24.67221,22.030828,24.384659,23.449945,25.65097
batch_00400_patch.tiff,patch_116,24.642378,23.309195,24.090382,23.132307,25.972494
batch_00400_patch.tiff,patch_117,25.877977,23.091188,26.953785,23.043219,26.389118
batch_00400_patch.tiff,patch_118,26.349916,23.427507,27.16451,23.853598,25.830967
batch_00400_patch.tiff,patch_119,26.207453,23.255028,25.138664,25.392307,25.9451
batch_00400_patch.tiff,patch_120,26.422754,23.561596,23.293821,24.21751,24.433634
batch_00400_patch.tiff,patch_121,25.79249,24.086388,25.408329,23.74137,25.714184
batch_00400_patch.tiff,patch_122,27.496113,25.203558,27.150467,24.363949,26.959036
batch_00400_patch.tiff,patch_123,26.749458,22.809847,29.937695,22.23556,25.874836
batch_00400_patch.tiff,patch_124,26.321678,22.945011,29.685595,22.596096,25.491156
batch_00400_patch.tiff,patch_125,25.104246,23.849874,23.392584,24.906004,25.240011
batch_00400_patch.tiff,patch_126,25.295752,23.196918,21.030245,24.26477,25.55576
batch_00400_patch.tiff,patch_127,24.71842,22.463398,25.044106,23.059517,26.587366
batch_00400_patch.tiff,patch_128,25.161177,22.538883,24.876575,23.684334,25.839
batch_00400_patch.tiff,patch_129,27.249413,23.726492,28.014055,23.84435,26.364534
batch_00400_patch.tiff,patch_130,25.18055,23.987614,25.159008,24.18753,26.436455
batch_00400_patch.tiff,patch_131,24.91832,24.519728,26.155224,23.755993,24.994553
batch_00400_patch.tiff,patch_132,25.589466,24.277052,22.220972,23.889345,24.789236
batch_00400_patch.tiff,patch_133,25.48135,23.632528,25.216978,24.307495,27.843328
batch_00400_patch.tiff,patch_134,25.443033,24.807793,27.021397,24.317745,27.482399
batch_00400_patch.tiff,patch_135,26.691778,23.400385,29.694517,22.924124,26.543476
batch_00400_patch.tiff,patch_136,25.77014,23.690239,23.298319,24.555817,25.813972
batch_00400_patch.tiff,patch_137,25.038979,23.272125,22.639568,24.355717,25.550924
batch_00400_patch.tiff,patch_138,24.870235,23.983871,24.2597,23.231215,27.100029
batch_00400_patch.tiff,patch_139,24.771053,23.092691,23.628113,23.261662,26.355127
batch_00400_patch.tiff,patch_140,25.722578,23.57215,26.394896,23.894958,25.651571
batch_00400_patch.tiff,patch_141,25.155182,23.491081,25.115767,22.793455,25.394432
batch_00400_patch.tiff,patch_142,25.368744,23.915342,25.908794,23.762997,25.575012
batch_00400_patch.tiff,patch_143,26.096012,25.569277,22.912209,24.367224,24.976816
batch_00400_patch.tiff,patch_144,25.369001,23.038826,25.532818,23.293858,27.424572
batch_00400_patch.tiff,patch_145,25.682098,24.580105,24.761328,24.267794,27.383839
batch_00400_patch.tiff,patch_146,25.757126,24.187927,23.237915,24.51799,26.778519
batch_00400_patch.tiff,patch_147,25.884926,23.734167,22.963514,24.431244,25.528185
batch_00400_patch.tiff,patch_148,24.15095,23.629562,22.12152,24.897573,24.86721
batch_00400_patch.tiff,patch_149,25.524704,24.506382,22.315361,25.050854,25.98471
batch_00400_patch.tiff,patch_150,24.123865,22.410418,22.976229,22.739885,25.77983
batch_00400_patch.tiff,patch_151,24.871443,23.149424,24.995796,23.265388,26.306057
batch_00400_patch.tiff,patch_152,25.81843,23.588762,25.682322,24.068134,25.752954
batch_00400_patch.tiff,patch_153,25.676907,24.433735,24.17867,24.805117,26.788265
batch_00400_patch.tiff,patch_154,27.249866,24.227257,27.35162,24.150492,26.36206
batch_00400_patch.tiff,patch_155,26.515982,23.50884,26.954458,23.944847,26.680485
batch_00450_patch.tiff,patch_0,25.379145,26.252054,25.854517,23.39432,25.327278
batch_00450_patch.tiff,patch_1,26.769972,25.029627,25.302547,24.764462,26.956514
batch_00450_patch.tiff,patch_2,25.66466,23.167826,25.688503,24.75989,27.004477
batch_00450_patch.tiff,patch_3,26.220594,23.905882,25.96145,25.294096,26.931969
batch_00450_patch.tiff,patch_4,25.294455,22.098398,22.145079,23.115469,22.429834
batch_00450_patch.tiff,patch_5,25.637615,23.423712,21.997337,24.600622,22.868603
batch_00450_patch.tiff,patch_6,27.001453,24.492239,27.976627,25.585243,24.801424
batch_00450_patch.tiff,patch_7,27.36952,23.600319,29.070942,24.679697,26.074795
batch_00450_patch.tiff,patch_8,26.684332,21.63402,24.290567,23.062742,26.622318
batch_00450_patch.tiff,patch_9,25.676846,22.867188,23.656862,23.526136,26.4458
batch_00450_patch.tiff,patch_10,25.350689,21.73181,22.40316,24.834427,25.373255
batch_00450_patch.tiff,patch_11,25.618776,23.095312,23.885403,23.921246,25.907846
batch_00450_patch.tiff,patch_12,25.738888,22.093079,23.721516,24.176311,26.637531
batch_00450_patch.tiff,patch_13,25.770624,23.462624,25.51748,24.044353,26.404163
batch_00450_patch.tiff,patch_14,27.417341,24.877436,26.670206,25.810806,28.066694
batch_00450_patch.tiff,patch_15,24.558737,22.528202,22.349026,23.11709,22.858938
batch_00450_patch.tiff,patch_16,23.558527,22.470325,22.693798,25.737726,23.34242
batch_00450_patch.tiff,patch_17,27.178823,24.909622,28.082191,25.72337,26.370821
batch_00450_patch.tiff,patch_18,27.256575,23.645369,28.64577,25.04094,25.805527
batch_00450_patch.tiff,patch_19,25.750933,21.711288,23.61713,23.314117,25.843023
batch_00450_patch.tiff,patch_20,24.999825,22.248806,23.861547,23.375835,25.928
batch_00450_patch.tiff,patch_21,25.513851,22.799795,22.600906,24.081776,25.426876
batch_00450_patch.tiff,patch_22,25.539907,21.748928,23.474556,24.629875,24.518265
batch_00450_patch.tiff,patch_23,25.914804,23.446167,24.73686,25.098814,25.925585
batch_00450_patch.tiff,patch_24,26.609753,23.830248,27.675558,25.541891,25.30054
batch_00450_patch.tiff,patch_25,26.48545,22.620394,28.174911,24.535519,23.903343
batch_00450_patch.tiff,patch_26,25.820246,23.253296,24.254705,24.50808,22.865227
batch_00450_patch.tiff,patch_27,24.61807,23.56428,23.012398,24.731167,22.89486
batch_00450_patch.tiff,patch_28,27.628984,24.23173,26.298464,24.733284,26.019209
batch_00450_patch.tiff,patch_29,26.833242,23.667416,27.525368,24.092768,25.452307
batch_00450_patch.tiff,patch_30,25.209705,21.974491,24.784933,24.199537,25.577267
batch_00450_patch.tiff,patch_31,24.989527,21.518564,21.552807,23.401316,25.919174
batch_00450_patch.tiff,patch_32,26.289194,23.765268,26.77828,25.051628,27.40047
batch_00450_patch.tiff,patch_33,26.153913,23.489103,25.932512,24.42418,27.578268
batch_00450_patch.tiff,patch_34,25.38195,22.088457,22.226875,25.544046,25.049093
batch_00450_patch.tiff,patch_35,26.496626,23.987272,27.294315,25.11115,27.184261
batch_00450_patch.tiff,patch_36,26.728207,22.77923,27.197767,25.654673,23.870724
batch_00450_patch.tiff,patch_37,25.91163,23.264427,24.008396,24.569473,23.05756
batch_00450_patch.tiff,patch_38,25.940792,23.4367,23.78468,26.304081,24.703716
batch_00450_patch.tiff,patch_39,27.343567,24.342266,28.682716,25.491945,25.595432
batch_00450_patch.tiff,patch_40,27.414473,23.379066,28.883886,24.24983,26.068089
batch_00450_patch.tiff,patch_41,25.624687,21.641052,24.270563,23.182781,27.015154
batch_00450_patch.tiff,patch_42,24.92611,21.884758,23.601591,23.349955,25.417551
batch_00450_patch.tiff,patch_43,26.507397,23.412476,26.89499,24.334023,26.826775
batch_00450_patch.tiff,patch_44,25.691385,22.664549,26.708525,24.997766,27.179298
batch_00450_patch.tiff,patch_45,25.740088,23.254053,23.889843,25.376259,23.137497
batch_00450_patch.tiff,patch_46,26.342691,23.757648,26.08676,24.705208,26.13557
batch_00450_patch.tiff,patch_47,26.726252,23.462843,27.53665,26.131414,26.781675
batch_00450_patch.tiff,patch_48,23.730618,23.33685,20.632238,25.755287,22.901136
batch_00450_patch.tiff,patch_49,25.459612,23.101883,23.489265,25.989538,22.579105
batch_00450_patch.tiff,patch_50,27.26571,23.747328,29.254654,24.666649,25.32695
batch_00450_patch.tiff,patch_51,27.176588,23.887865,27.886194,24.606684,25.16264
batch_00450_patch.tiff,patch_52,26.382778,22.46581,23.31002,22.660778,26.896915
batch_00450_patch.tiff,patch_53,25.999584,21.548481,23.919807,23.399393,26.374823
batch_00450_patch.tiff,patch_54,26.325506,23.55259,24.983519,25.235445,26.475113
batch_00450_patch.tiff,patch_55,25.34782,22.671677,24.257427,24.516184,26.483437
batch_00450_patch.tiff,patch_56,24.410631,22.55378,22.395998,24.875118,23.225943
batch_00450_patch.tiff,patch_57,26.45353,22.874819,24.488016,24.88768,23.229063
batch_00450_patch.tiff,patch_58,27.170221,23.163055,27.928406,25.959227,25.167616
batch_00450_patch.tiff,patch_59,26.97828,23.681,28.53825,25.271847,24.798994
batch_00450_patch.tiff,patch_60,26.404839,21.479067,25.523388,24.1899,25.720207
batch_00450_patch.tiff,patch_61,25.041853,21.683857,22.51696,23.343563,25.666803
batch_00450_patch.tiff,patch_62,27.374174,22.66058,27.463312,23.76712,25.189125
batch_00450_patch.tiff,patch_63,26.35883,23.150305,27.147987,25.348368,25.765236
batch_00450_patch.tiff,patch_64,25.476738,23.131233,25.707113,25.246824,24.823288
batch_00450_patch.tiff,patch_65,26.195965,23.149502,25.375647,25.824179,25.824425
batch_00450_patch.tiff,patch_66,26.011953,23.029707,25.791883,24.515131,26.296246
batch_00450_patch.tiff,patch_67,26.501162,24.047789,26.206074,25.10224,27.685705
batch_00450_patch.tiff,patch_68,27.926334,23.039154,30.01465,23.847033,26.09149
batch_00450_patch.tiff,patch_69,26.674377,23.058779,28.095465,25.741335,24.802849
batch_00450_patch.tiff,patch_70,24.49325,25.278355,26.290783,22.56682,24.640734
batch_00450_patch.tiff,patch_71,25.469177,25.554138,25.926214,23.301952,25.710773
batch_00450_patch.tiff,patch_72,26.147427,23.169035,27.51747,24.079704,25.023287
batch_00450_patch.tiff,patch_73,26.910667,23.812408,27.925404,24.85422,26.355734
batch_00450_patch.tiff,patch_74,26.197212,23.333433,26.740269,25.587723,25.80826
batch_00450_patch.tiff,patch_75,24.951183,22.67267,23.378544,25.318981,26.03172
batch_00450_patch.tiff,patch_76,26.554607,23.897938,27.396217,24.754288,27.604734
batch_00450_patch.tiff,patch_77,26.347736,23.712717,26.869661,25.35085,26.833591
batch_00450_patch.tiff,patch_78,26.71449,23.515417,28.212175,25.361422,25.071337
batch_00450_patch.tiff,patch_79,27.587032,23.39166,27.571066,26.414679,25.831175
batch_00450_patch.tiff,patch_80,24.80826,25.186314,25.976091,23.13319,25.861399
batch_00450_patch.tiff,patch_81,26.196232,24.999683,25.642632,24.065369,25.77221
batch_00450_patch.tiff,patch_82,28.002655,25.299952,27.674633,25.054325,26.506788
batch_00450_patch.tiff,patch_83,25.98881,24.738682,27.74717,24.819605,24.555637
batch_00450_patch.tiff,patch_84,26.68199,24.488705,27.306847,24.10982,25.908278
batch_00450_patch.tiff,patch_85,24.74741,22.692715,23.138773,25.098656,22.256248
batch_00450_patch.tiff,patch_86,24.131653,23.24748,22.37795,25.486847,23.383038
batch_00450_patch.tiff,patch_87,27.576483,23.350088,28.468243,25.178375,25.662912
batch_00450_patch.tiff,patch_88,26.819464,24.38294,27.539719,24.42292,25.463364
batch_00450_patch.tiff,patch_89,23.922071,25.653658,24.725811,22.741003,24.04312
batch_00450_patch.tiff,patch_90,23.563814,25.483232,25.018347,22.782001,24.12
batch_00450_patch.tiff,patch_91,25.25397,24.24342,24.141167,25.73518,26.272789
batch_00450_patch.tiff,patch_92,26.76338,23.921982,25.717014,24.78185,27.35973
batch_00450_patch.tiff,patch_93,25.234165,23.501295,28.87154,23.556076,24.333471
batch_00450_patch.tiff,patch_94,26.581738,24.16257,27.214603,23.934786,26.329514
batch_00450_patch.tiff,patch_95,24.406483,22.716137,22.53927,25.456184,22.777372
batch_00450_patch.tiff,patch_96,24.17979,23.133827,21.881968,24.719772,21.642931
batch_00450_patch.tiff,patch_97,27.946226,24.13241,28.286617,26.088411,25.971508
batch_00450_patch.tiff,patch_98,27.370626,24.730337,27.03019,25.7048,26.558884
batch_00450_patch.tiff,patch_99,26.665535,23.592346,26.118866,25.16156,25.608782
batch_00450_patch.tiff,patch_100,26.7817,24.046755,25.857445,23.195957,27.156221
batch_00450_patch.tiff,patch_101,25.659058,23.668201,25.669596,23.732498,25.154135
batch_00450_patch.tiff,patch_102,25.910824,24.505735,25.379076,24.040308,26.136135
batch_00450_patch.tiff,patch_103,25.199326,22.586454,25.479898,23.925705,25.594296
batch_00450_patch.tiff,patch_104,25.35586,21.882204,24.65007,24.1395,27.00596
batch_00450_patch.tiff,patch_105,27.531908,22.896484,29.276125,24.863602,25.658766
batch_00450_patch.tiff,patch_106,26.814552,24.483114,25.418505,26.247272,26.22027
batch_00450_patch.tiff,patch_107,25.817678,25.532429,25.028023,24.623798,26.279966
batch_00450_patch.tiff,patch_108,26.539593,23.916468,25.946646,25.526033,26.078426
batch_00450_patch.tiff,patch_109,25.605219,23.72939,26.914999,24.888132,26.083128
batch_00450_patch.tiff,patch_110,26.786798,24.879122,28.623138,24.116673,25.248453
batch_00450_patch.tiff,patch_111,25.216429,23.03477,26.13768,24.158573,25.94078
batch_00450_patch.tiff,patch_112,26.09006,22.28723,25.97643,25.060822,26.452347
batch_00450_patch.tiff,patch_113,27.559881,23.52009,27.909164,25.32027,25.991076
batch_00450_patch.tiff,patch_114,25.41662,24.353323,24.9599,24.705296,26.857912
batch_00450_patch.tiff,patch_115,24.666456,26.697544,25.488106,23.747005,25.325788
batch_00450_patch.tiff,patch_116,24.755985,26.076788,25.2443,23.998623,26.092213
batch_00450_patch.tiff,patch_117,27.857433,23.68132,28.140827,25.50202,26.877481
batch_00450_patch.tiff,patch_118,25.67303,23.000998,26.011988,24.551628,27.767687
batch_00450_patch.tiff,patch_119,26.621891,24.170866,26.638498,24.39823,25.51464
batch_00450_patch.tiff,patch_120,27.267153,23.32434,28.275223,25.05513,25.740313
batch_00450_patch.tiff,patch_121,24.76849,23.167328,24.756418,24.110943,26.179844
batch_00450_patch.tiff,patch_122,24.268576,23.466372,26.090006,22.925856,25.691154
batch_00450_patch.tiff,patch_123,26.634014,24.16991,26.827114,24.949982,27.32962
batch_00450_patch.tiff,patch_124,27.251469,23.413557,27.736555,24.349932,27.330858
batch_00450_patch.tiff,patch_125,26.25888,21.99305,24.227028,23.957508,25.311499
batch_00450_patch.tiff,patch_126,26.797894,22.415344,24.803144,23.604164,27.099703
batch_00450_patch.tiff,patch_127,27.576796,22.179926,29.782837,23.693493,25.501333
batch_00450_patch.tiff,patch_128,27.371458,23.515293,27.551817,24.195265,26.617579
batch_00450_patch.tiff,patch_129,25.76667,24.056965,24.526815,24.268093,26.555656
batch_00450_patch.tiff,patch_130,26.064068,24.450867,25.16386,23.994757,27.10334
batch_00450_patch.tiff,patch_131,24.844835,24.141163,25.178032,24.035936,26.003445
batch_00450_patch.tiff,patch_132,25.272816,23.169172,25.67752,24.464123,26.27705
batch_00450_patch.tiff,patch_133,25.994171,23.732746,25.94119,25.053587,27.133455
batch_00450_patch.tiff,patch_134,27.42645,22.735907,25.943233,23.62475,27.539906
batch_00450_patch.tiff,patch_135,27.476316,22.094296,24.600786,23.48394,26.584166
batch_00450_patch.tiff,patch_136,23.77254,24.417904,27.134062,21.796284,24.638655
batch_00450_patch.tiff,patch_137,27.085848,23.28498,27.5642,24.90957,26.734526
batch_00450_patch.tiff,patch_138,26.233707,23.244371,24.649456,25.520483,26.63774
batch_00450_patch.tiff,patch_139,25.92414,23.75026,25.979355,24.286188,25.329489
batch_00450_patch.tiff,patch_140,25.71534,25.869425,23.779764,23.900938,25.443586
batch_00450_patch.tiff,patch_141,25.066263,23.102213,25.537079,23.621023,26.944836
batch_00450_patch.tiff,patch_142,24.504957,23.315151,24.996431,23.21935,26.444824
batch_00450_patch.tiff,patch_143,25.180643,22.390158,24.661661,23.50406,24.846483
batch_00450_patch.tiff,patch_144,25.389479,21.678242,22.003727,21.98661,26.52824
batch_00450_patch.tiff,patch_145,26.512403,22.688969,23.583126,24.041393,25.860352
batch_00450_patch.tiff,patch_146,25.692806,22.491327,23.678057,24.348028,25.736816
batch_00450_patch.tiff,patch_147,24.606585,22.745014,23.626747,24.804537,25.65373
batch_00450_patch.tiff,patch_148,26.113457,22.936466,24.362616,24.078262,26.541437
batch_00500_patch.tiff,patch_0,25.602766,24.336971,24.376244,23.660955,25.9312
batch_00500_patch.tiff,patch_1,24.797653,23.91812,23.878534,24.24171,25.91526
batch_00500_patch.tiff,patch_2,26.495121,24.234594,25.229895,23.135052,26.79787
batch_00500_patch.tiff,patch_3,27.182203,23.641064,26.299646,23.882635,27.393475
batch_00500_patch.tiff,patch_4,26.359585,23.68771,27.194313,25.037184,25.942259
batch_00500_patch.tiff,patch_5,26.375769,23.929886,24.574783,25.390345,26.042929
batch_00500_patch.tiff,patch_6,27.438885,25.035145,27.235777,25.09205,26.5372
batch_00500_patch.tiff,patch_7,25.796886,25.090431,24.815569,24.846395,26.020851
batch_00500_patch.tiff,patch_8,27.507872,23.59626,28.7528,24.611212,24.898108
batch_00500_patch.tiff,patch_9,26.89312,23.825357,27.71872,24.046995,24.643417
batch_00500_patch.tiff,patch_10,25.295153,22.17848,22.229162,24.958271,24.56954
batch_00500_patch.tiff,patch_11,24.352406,24.291845,22.652517,24.663809,25.73003
batch_00500_patch.tiff,patch_12,25.174143,24.58194,22.491684,24.052677,26.135014
batch_00500_patch.tiff,patch_13,25.609035,23.435701,25.232977,23.338215,26.964998
batch_00500_patch.tiff,patch_14,26.909637,24.633495,26.429726,24.663403,26.430506
batch_00500_patch.tiff,patch_15,26.65483,22.557943,24.968714,23.4851,25.666275
batch_00500_patch.tiff,patch_16,27.168953,24.345705,24.906767,23.908878,27.416422
batch_00500_patch.tiff,patch_17,26.927937,24.910013,25.409815,25.588276,26.016073
batch_00500_patch.tiff,patch_18,24.558117,24.003601,23.08953,24.190897,26.059448
batch_00500_patch.tiff,patch_19,27.043709,24.030924,27.96091,24.48302,24.660507
batch_00500_patch.tiff,patch_20,26.812286,23.413988,27.660015,24.377956,25.28169
batch_00500_patch.tiff,patch_21,27.804432,23.547508,28.080034,25.880684,25.731358
batch_00500_patch.tiff,patch_22,25.804237,23.109169,24.883644,24.922583,24.764994
batch_00500_patch.tiff,patch_23,26.614916,24.667685,26.900833,25.575365,25.191544
batch_00500_patch.tiff,patch_24,25.117462,23.594067,23.41256,24.378088,26.052713
batch_00500_patch.tiff,patch_25,25.84639,23.154232,23.952765,23.071575,26.970366
batch_00500_patch.tiff,patch_26,26.664158,24.9588,27.102015,24.872519,25.604874
batch_00500_patch.tiff,patch_27,26.487495,25.463833,27.641489,25.52831,25.126936
batch_00500_patch.tiff,patch_28,27.400547,24.063848,27.02881,24.218605,24.1448
batch_00500_patch.tiff,patch_29,26.945585,23.860378,28.68967,24.017254,24.955568
batch_00500_patch.tiff,patch_30,26.179045,22.27402,23.010593,24.772575,24.585073
batch_00500_patch.tiff,patch_31,25.76879,23.370348,22.092539,24.712973,23.507883
batch_00500_patch.tiff,patch_32,25.607319,24.506163,24.97436,25.04504,25.161598
batch_00500_patch.tiff,patch_33,26.567642,24.248262,25.193804,24.771961,27.80387
batch_00500_patch.tiff,patch_34,26.354673,22.683727,25.658552,23.359104,26.729143
batch_00500_patch.tiff,patch_35,26.177605,24.184896,25.214968,26.375671,24.860472
batch_00500_patch.tiff,patch_36,25.89909,24.188524,24.204924,25.820078,25.585447
batch_00500_patch.tiff,patch_37,26.991982,23.56271,27.065428,24.176018,24.236101
batch_00500_patch.tiff,patch_38,26.740736,23.765694,28.589602,24.439734,25.340387
batch_00500_patch.tiff,patch_39,25.935528,23.030369,25.00779,26.242336,25.861712
batch_00500_patch.tiff,patch_40,26.057152,22.999908,26.827015,25.065569,26.377762
batch_00500_patch.tiff,patch_41,25.920301,23.515213,25.381805,24.274149,27.520288
batch_00500_patch.tiff,patch_42,26.117743,25.146109,26.388668,23.759684,27.75211
batch_00500_patch.tiff,patch_43,25.429033,24.483097,25.356697,24.88119,25.053162
batch_00500_patch.tiff,patch_44,26.846842,23.596098,24.43222,24.44981,26.551441
batch_00500_patch.tiff,patch_45,26.252913,23.31104,27.02905,24.038927,24.784922
batch_00500_patch.tiff,patch_46,27.395561,24.13497,27.79245,25.605923,25.554537
batch_00500_patch.tiff,patch_47,27.01828,22.946453,29.055468,24.008736,25.866869
batch_00500_patch.tiff,patch_48,27.450274,23.77447,28.863068,23.642994,25.309786
batch_00500_patch.tiff,patch_49,26.11944,23.183815,27.706043,25.135893,26.300089
batch_00500_patch.tiff,patch_50,26.628716,23.655024,25.96969,24.963371,27.531837
batch_00500_patch.tiff,patch_51,26.869497,25.043018,25.89489,23.164055,26.43849
batch_00500_patch.tiff,patch_52,25.528502,25.069685,24.871576,23.404448,25.824123
batch_00500_patch.tiff,patch_53,25.737999,24.165714,24.762342,24.383003,26.343746
batch_00500_patch.tiff,patch_54,26.46995,25.590408,26.04814,24.313068,26.491362
batch_00500_patch.tiff,patch_55,26.530645,23.354507,28.089035,24.177362,24.77562
batch_00500_patch.tiff,patch_56,26.818184,24.026182,27.701742,24.207348,25.436544
batch_00500_patch.tiff,patch_57,26.487019,23.48925,27.972214,24.051285,25.518646
batch_00500_patch.tiff,patch_58,27.559053,23.36468,29.055204,24.794884,25.126005
batch_00500_patch.tiff,patch_59,27.307238,24.176624,26.566607,25.023586,25.237389
batch_00500_patch.tiff,patch_60,24.952171,22.680439,22.549345,23.75714,23.724
batch_00500_patch.tiff,patch_61,26.38783,23.445456,25.351545,25.259445,26.378359
batch_00500_patch.tiff,patch_62,26.978552,24.436264,27.199312,25.004354,26.528023
batch_00500_patch.tiff,patch_63,26.881754,23.617802,26.04976,24.104527,25.916994
batch_00500_patch.tiff,patch_64,26.619867,23.093191,26.40401,25.83917,25.648024
batch_00500_patch.tiff,patch_65,26.687094,23.861717,26.098362,24.978453,27.077925
batch_00500_patch.tiff,patch_66,27.119078,25.085936,26.385166,25.136625,26.245161
batch_00500_patch.tiff,patch_67,26.933456,23.235128,28.838398,23.991203,24.852074
batch_00500_patch.tiff,patch_68,27.337854,23.429491,27.606771,25.264427,25.08103
batch_00500_patch.tiff,patch_69,26.231325,24.835827,24.721722,26.232195,25.212795
batch_00500_patch.tiff,patch_70,26.742126,24.87358,24.901245,24.183437,27.556314
batch_00500_patch.tiff,patch_71,25.647043,24.165188,24.841389,23.491339,26.89221
batch_00500_patch.tiff,patch_72,26.621021,24.46806,25.636477,23.651081,26.828993
batch_00500_patch.tiff,patch_73,27.62024,24.441341,26.92848,25.242874,26.627127
batch_00500_patch.tiff,patch_74,27.300848,24.84423,26.474632,25.185093,26.373766
batch_00500_patch.tiff,patch_75,26.02554,23.99411,26.235147,24.51856,27.333145
batch_00500_patch.tiff,patch_76,26.730486,24.901608,24.336609,25.143822,25.820004
batch_00500_patch.tiff,patch_77,27.175022,23.210533,29.043215,24.20297,25.134277
batch_00500_patch.tiff,patch_78,26.816734,23.814547,26.967546,25.033525,24.870584
batch_00500_patch.tiff,patch_79,24.784628,22.916332,22.729307,23.910017,23.455883
batch_00500_patch.tiff,patch_80,24.266926,23.161743,23.865889,24.205404,23.915989
batch_00500_patch.tiff,patch_81,25.05738,24.34888,24.887518,23.903,27.519217
batch_00500_patch.tiff,patch_82,26.073849,24.24868,25.87334,23.524601,26.816936
batch_00500_patch.tiff,patch_83,26.35936,24.448593,26.817339,25.513573,25.730438
batch_00500_patch.tiff,patch_84,26.068201,25.35753,26.467226,25.710491,26.530197
batch_00500_patch.tiff,patch_85,27.36811,24.451218,27.610855,25.55225,25.326424
batch_00500_patch.tiff,patch_86,26.771332,25.070444,27.052599,23.390095,25.804626
batch_00500_patch.tiff,patch_87,25.315702,22.789005,22.606247,24.313501,25.494625
batch_00500_patch.tiff,patch_88,24.402813,22.70004,20.346628,22.961407,24.568888
batch_00500_patch.tiff,patch_89,25.558826,24.311407,23.902641,25.046206,24.214989
batch_00500_patch.tiff,patch_90,26.35833,24.214321,27.000378,24.519218,25.726934
batch_00500_patch.tiff,patch_91,25.864395,23.69293,25.719011,24.39844,26.491327
batch_00500_patch.tiff,patch_92,25.587082,23.552986,25.085579,23.42537,26.95686
batch_00500_patch.tiff,patch_93,24.686739,23.665592,25.33189,24.215197,24.532137
batch_00500_patch.tiff,patch_94,26.115717,25.28377,25.699099,24.753323,25.90475
batch_00500_patch.tiff,patch_95,27.561834,23.710188,25.832867,25.409473,24.687485
batch_00500_patch.tiff,patch_96,26.507786,24.088377,28.34731,23.664257,25.764282
batch_00500_patch.tiff,patch_97,24.7251,25.111479,20.737785,24.250921,23.180607
batch_00500_patch.tiff,patch_98,24.642553,23.152178,22.06382,23.345749,24.928614
batch_00500_patch.tiff,patch_99,26.095942,23.56457,24.18592,24.566456,25.147348
batch_00500_patch.tiff,patch_100,25.817783,23.914145,23.519438,23.46747,26.07561
batch_00500_patch.tiff,patch_101,27.001196,25.477808,26.832577,25.174541,25.429028
batch_00500_patch.tiff,patch_102,25.925652,24.03683,25.595274,25.474215,24.742329
batch_00500_patch.tiff,patch_103,26.46283,24.353168,27.680387,23.353489,24.585413
batch_00500_patch.tiff,patch_104,26.99271,23.146782,28.339914,24.815842,24.524328
batch_00500_patch.tiff,patch_105,27.0638,23.88776,25.716297,24.64124,25.718115
batch_00500_patch.tiff,patch_106,26.453455,23.702759,24.314327,23.501072,26.917095
batch_00500_patch.tiff,patch_107,25.325514,23.85593,24.982906,25.043139,25.96352
batch_00500_patch.tiff,patch_108,26.060476,24.517859,23.745941,24.42034,25.327356
batch_00500_patch.tiff,patch_109,25.786064,23.68155,25.079754,24.360409,26.972988
batch_00500_patch.tiff,patch_110,25.265425,22.542652,24.82354,23.573542,26.61519
batch_00500_patch.tiff,patch_111,26.401114,24.348078,27.383049,24.129108,25.48558
batch_00500_patch.tiff,patch_112,24.868246,25.213844,25.29146,24.454327,25.048779
batch_00500_patch.tiff,patch_113,26.578209,23.353327,27.868008,23.928408,24.539688
batch_00500_patch.tiff,patch_114,26.550116,23.752453,27.282024,24.517967,24.675543
batch_00500_patch.tiff,patch_115,25.953012,23.01496,21.269722,23.28034,25.008934
batch_00500_patch.tiff,patch_116,25.470076,23.44975,21.620588,25.076738,25.067993
batch_00500_patch.tiff,patch_117,25.828146,23.232609,25.505402,22.92042,26.391308
batch_00500_patch.tiff,patch_118,25.607388,23.649323,23.620298,24.275934,25.591211
batch_00500_patch.tiff,patch_119,27.557238,24.711533,28.813915,24.706144,25.969833
batch_00500_patch.tiff,patch_120,26.497915,24.32855,26.302652,25.048239,25.846107
batch_00500_patch.tiff,patch_121,27.140478,23.548988,26.687159,24.26351,26.195177
batch_00500_patch.tiff,patch_122,26.509226,24.146,26.838728,23.763117,26.468237
batch_00500_patch.tiff,patch_123,26.470203,24.546305,28.866238,23.069695,24.775608
batch_00500_patch.tiff,patch_124,26.143368,24.250858,28.483587,23.992289,25.77647
batch_00500_patch.tiff,patch_125,26.384136,24.773462,27.279736,25.680029,26.929071
batch_00500_patch.tiff,patch_126,27.08759,25.608904,26.220144,24.95987,27.15246
batch_00500_patch.tiff,patch_127,26.875341,23.713331,27.895403,23.604818,26.915285
batch_00500_patch.tiff,patch_128,25.681725,23.736698,24.4382,23.395071,26.924105
batch_00500_patch.tiff,patch_129,27.331625,23.523851,27.031607,25.092386,25.29124
batch_00500_patch.tiff,patch_130,27.444883,24.223375,25.739573,25.273,26.950691
batch_00500_patch.tiff,patch_131,26.515768,24.426645,25.89362,25.558416,26.083872
batch_00500_patch.tiff,patch_132,25.540884,23.199951,24.792812,25.557253,25.878147
batch_00500_patch.tiff,patch_133,26.831089,24.63837,28.435427,23.139524,25.529774
batch_00500_patch.tiff,patch_134,26.397938,24.642273,27.440134,23.766594,24.732952
batch_00500_patch.tiff,patch_135,27.95685,24.40888,28.333683,26.089096,26.167454
batch_00500_patch.tiff,patch_136,25.77635,24.355453,23.527874,24.00981,25.191004
batch_00500_patch.tiff,patch_137,25.427355,23.259115,23.548326,23.842281,26.804266
batch_00500_patch.tiff,patch_138,26.911444,24.185682,25.731869,24.205597,27.272867
batch_00500_patch.tiff,patch_139,26.17576,24.447645,25.182236,25.351276,24.91182
batch_00500_patch.tiff,patch_140,26.829824,24.08236,25.562538,25.670387,25.310452
batch_00500_patch.tiff,patch_141,25.42336,25.044289,26.763157,24.915628,25.817184
batch_00500_patch.tiff,patch_142,26.012371,25.108767,25.927038,25.200645,26.39496
batch_00500_patch.tiff,patch_143,27.566576,23.902563,26.607119,25.345413,25.006456
batch_00500_patch.tiff,patch_144,26.342602,23.601315,27.228271,23.843851,25.276674
batch_00500_patch.tiff,patch_145,25.01722,22.56726,21.149563,25.437689,24.518911
batch_00500_patch.tiff,patch_146,25.855375,23.612623,24.074419,24.908955,27.056976
batch_00550_patch.tiff,patch_0,25.070671,22.552689,22.153996,23.402624,25.529564
batch_00550_patch.tiff,patch_1,25.421883,22.15584,20.053762,23.02255,24.871706
batch_00550_patch.tiff,patch_2,25.31463,24.118807,25.27533,24.809166,27.641901
batch_00550_patch.tiff,patch_3,26.21613,24.846575,24.883436,25.54257,26.984104
batch_00550_patch.tiff,patch_4,26.09206,24.551853,23.732662,25.441954,25.199516
batch_00550_patch.tiff,patch_5,26.347479,23.874044,24.30942,25.675598,26.038925
batch_00550_patch.tiff,patch_6,26.991077,22.01802,27.159327,23.499352,26.232733
batch_00550_patch.tiff,patch_7,26.45636,23.986721,24.818613,24.69131,25.468613
batch_00550_patch.tiff,patch_8,25.713125,22.995758,22.171202,24.097218,26.208355
batch_00550_patch.tiff,patch_9,26.485722,23.023468,23.218998,24.798227,25.689987
batch_00550_patch.tiff,patch_10,26.543375,24.926218,26.975155,24.819778,26.688477
batch_00550_patch.tiff,patch_11,25.238178,22.047483,21.398466,22.789827,24.601913
batch_00550_patch.tiff,patch_12,24.372864,22.012312,20.894655,23.71636,24.632238
batch_00550_patch.tiff,patch_13,26.615086,25.238111,26.074213,25.583372,27.297337
batch_00550_patch.tiff,patch_14,26.859522,24.640882,24.110594,25.0096,26.013563
batch_00550_patch.tiff,patch_15,25.395971,24.523815,22.906849,25.677399,25.370436
batch_00550_patch.tiff,patch_16,25.119942,23.950775,23.048634,25.355186,25.295418
batch_00550_patch.tiff,patch_17,26.41621,23.037207,27.352787,22.742764,25.981817
batch_00550_patch.tiff,patch_18,26.318745,22.933338,27.055775,23.948051,25.80653
batch_00550_patch.tiff,patch_19,26.47095,23.480577,22.865742,25.002476,26.017872
batch_00550_patch.tiff,patch_20,26.54503,23.378166,24.180996,24.571543,25.78946
batch_00550_patch.tiff,patch_21,26.107395,24.763937,26.416584,24.641933,25.66994
batch_00550_patch.tiff,patch_22,26.781084,24.00824,25.192802,24.18655,26.103458
batch_00550_patch.tiff,patch_23,26.94018,23.405787,24.056038,23.898872,26.321712
batch_00550_patch.tiff,patch_24,25.211842,22.931967,24.927485,24.798004,26.500254
batch_00550_patch.tiff,patch_25,27.11093,23.074558,25.005869,24.217587,26.440605
batch_00550_patch.tiff,patch_26,25.828312,24.504768,25.158987,25.16425,26.08589
batch_00550_patch.tiff,patch_27,25.697674,23.953773,23.210863,25.49162,25.58776
batch_00550_patch.tiff,patch_28,25.612953,22.614573,24.707485,23.202122,26.133137
batch_00550_patch.tiff,patch_29,25.66496,22.59676,22.577642,22.40232,26.460913
batch_00550_patch.tiff,patch_30,23.686234,22.911863,21.650305,23.729553,24.809273
batch_00550_patch.tiff,patch_31,24.516867,23.537254,21.145168,23.826944,24.91904
batch_00550_patch.tiff,patch_32,25.910442,25.475725,26.027445,25.150873,26.334343
batch_00550_patch.tiff,patch_33,25.553942,22.732672,25.474268,25.140377,25.249866
batch_00550_patch.tiff,patch_34,26.309813,22.146286,22.50804,24.440237,25.689182
batch_00550_patch.tiff,patch_35,26.04386,22.736036,24.715046,25.4765,26.688116
batch_00550_patch.tiff,patch_36,26.323881,22.954096,26.14355,23.43447,27.666342
batch_00550_patch.tiff,patch_37,27.507591,23.922405,24.95105,25.748064,26.46498
batch_00550_patch.tiff,patch_38,26.74557,24.760147,24.862087,25.071901,27.33544
batch_00550_patch.tiff,patch_39,24.89789,22.85895,23.412844,23.993938,26.351753
batch_00550_patch.tiff,patch_40,25.006054,22.120823,23.009407,23.545727,26.195002
batch_00550_patch.tiff,patch_41,24.97939,23.308874,25.343218,23.928957,25.824894
batch_00550_patch.tiff,patch_42,24.429886,23.671186,22.89182,24.104532,25.81286
batch_00550_patch.tiff,patch_43,25.324726,24.065172,25.30646,24.971863,26.504412
batch_00550_patch.tiff,patch_44,27.291195,25.500246,26.33339,24.83251,27.87382
batch_00550_patch.tiff,patch_45,26.157833,23.750793,23.369902,23.583197,26.62383
batch_00550_patch.tiff,patch_46,24.682463,21.853195,21.524885,23.423182,25.310328
batch_00550_patch.tiff,patch_47,27.340927,22.84309,27.67905,24.50222,26.269363
batch_00550_patch.tiff,patch_48,25.77363,22.881924,24.210722,25.370522,25.409605
batch_00550_patch.tiff,patch_49,25.488083,24.991058,23.921946,24.768621,26.051458
batch_00550_patch.tiff,patch_50,25.299511,25.682825,23.696655,24.929466,26.765062
batch_00550_patch.tiff,patch_51,25.556664,23.334295,23.012627,23.954521,25.414759
batch_00550_patch.tiff,patch_52,26.297903,23.39654,25.063162,24.309578,26.334993
batch_00550_patch.tiff,patch_53,26.266344,24.835094,25.066612,23.349148,26.127073
batch_00550_patch.tiff,patch_54,26.853191,22.80329,22.445627,24.408411,25.540691
batch_00550_patch.tiff,patch_55,26.370895,23.328802,23.50773,25.261997,25.94861
batch_00550_patch.tiff,patch_56,25.189068,22.635695,22.542381,23.80411,26.08631
batch_00550_patch.tiff,patch_57,26.847082,23.61749,24.209007,23.461548,26.826939
batch_00550_patch.tiff,patch_58,26.275265,24.581629,26.443308,23.470116,28.250963
batch_00550_patch.tiff,patch_59,26.381578,23.572132,24.4074,23.898857,26.574493
batch_00550_patch.tiff,patch_60,26.131832,25.055285,24.217598,25.465635,26.318222
batch_00550_patch.tiff,patch_61,26.891378,25.724936,24.374323,25.622011,26.262316
batch_00550_patch.tiff,patch_62,24.59231,22.76984,23.67387,24.01801,26.125788
batch_00550_patch.tiff,patch_63,26.302723,23.025843,25.22001,23.891123,26.630932
batch_00550_patch.tiff,patch_64,27.396343,23.945103,27.641008,23.14024,25.351606
batch_00550_patch.tiff,patch_65,26.782145,25.184679,27.911589,23.44333,25.907534
batch_00550_patch.tiff,patch_66,25.232521,22.066015,21.394688,24.257828,25.005386
batch_00550_patch.tiff,patch_67,26.087679,23.079296,22.265419,25.197199,25.166239
batch_00550_patch.tiff,patch_68,25.182766,22.364851,20.917576,22.601,25.130314
batch_00550_patch.tiff,patch_69,26.009602,22.616041,20.295332,23.499985,24.86656
batch_00550_patch.tiff,patch_70,27.95056,23.307901,25.663979,23.920376,27.559647
batch_00550_patch.tiff,patch_71,26.70734,23.397467,25.672985,23.28911,27.512316
batch_00550_patch.tiff,patch_72,27.406252,24.320202,25.928959,25.102158,28.13262
batch_00550_patch.tiff,patch_73,24.405624,24.489723,22.996387,23.96932,26.53933
batch_00550_patch.tiff,patch_74,26.252121,23.534895,25.515022,24.374779,26.443707
batch_00550_patch.tiff,patch_75,25.787165,23.320593,26.752857,25.44839,26.94661
batch_00550_patch.tiff,patch_76,26.858953,23.177626,24.031624,24.970554,25.787018
batch_00550_patch.tiff,patch_77,26.461706,22.294556,23.249104,23.815008,25.712585
batch_00550_patch.tiff,patch_78,27.830795,23.846546,26.938778,25.02725,27.117422
batch_00550_patch.tiff,patch_79,26.340393,23.72679,23.458649,24.043846,26.288305
batch_00550_patch.tiff,patch_80,26.080593,22.187748,25.166277,22.862856,26.627434
batch_00550_patch.tiff,patch_81,26.081547,23.55828,26.779911,24.387959,27.17026
batch_00550_patch.tiff,patch_82,27.546438,23.954344,27.759817,24.749722,28.117973
batch_00550_patch.tiff,patch_83,24.313206,23.934298,23.663048,23.915232,26.535805
batch_00550_patch.tiff,patch_84,25.919271,23.501997,25.002518,24.59547,25.249521
batch_00550_patch.tiff,patch_85,26.350025,22.393581,25.68276,24.711798,25.845022
batch_00550_patch.tiff,patch_86,26.292616,23.133629,23.476702,24.365353,26.709488
batch_00550_patch.tiff,patch_87,26.0973,23.186373,22.811298,24.671446,25.922306
batch_00550_patch.tiff,patch_88,26.212292,23.037642,25.00126,24.202822,27.30054
batch_00550_patch.tiff,patch_89,26.428246,23.41637,24.14566,24.134209,27.772106
batch_00550_patch.tiff,patch_90,25.813143,23.220413,22.595642,24.421637,26.283337
batch_00550_patch.tiff,patch_91,25.485888,23.487808,24.760054,23.881008,27.204042
batch_00550_patch.tiff,patch_92,25.283485,25.052448,23.658,24.867739,25.879517
batch_00550_patch.tiff,patch_93,25.9525,24.343447,23.608307,24.863033,25.9349
batch_00550_patch.tiff,patch_94,25.348402,23.564856,23.738989,24.150969,25.481241
batch_00550_patch.tiff,patch_95,24.983194,23.27183,22.63749,23.5148,26.175224
batch_00550_patch.tiff,patch_96,26.139015,25.925669,26.181486,24.17335,26.22615
batch_00550_patch.tiff,patch_97,25.263948,24.889437,24.938501,25.125113,25.585018
batch_00550_patch.tiff,patch_98,25.088617,22.809181,24.202875,23.84266,27.139555
batch_00550_patch.tiff,patch_99,26.543728,23.486273,24.61915,24.5307,27.127295
batch_00550_patch.tiff,patch_100,25.52305,23.5145,24.858023,23.316837,28.088755
batch_00550_patch.tiff,patch_101,25.938255,23.026192,22.728275,23.673882,26.849651
batch_00550_patch.tiff,patch_102,25.544403,24.220924,23.405527,25.623112,27.549833
batch_00550_patch.tiff,patch_103,26.862253,25.248455,23.777834,25.810728,27.336668
batch_00550_patch.tiff,patch_104,26.553131,23.02338,24.006046,23.429747,26.56836
batch_00550_patch.tiff,patch_105,26.478973,23.258661,23.866623,23.323925,25.600262
batch_00550_patch.tiff,patch_106,26.600107,22.87229,25.898348,23.028309,25.876139
batch_00550_patch.tiff,patch_107,25.59727,23.025091,25.4088,22.81884,24.867596
batch_00550_patch.tiff,patch_108,25.611864,24.686573,25.116615,25.005148,26.170662
batch_00550_patch.tiff,patch_109,25.299147,23.833971,25.247616,24.354807,25.031641
batch_00550_patch.tiff,patch_110,26.421543,23.681837,25.07023,24.44823,26.771145
batch_00550_patch.tiff,patch_111,25.686708,22.555025,24.61024,24.118622,26.81315
batch_00550_patch.tiff,patch_112,26.899914,24.555225,27.978188,25.509623,24.918509
batch_00550_patch.tiff,patch_113,25.473673,24.376553,25.655937,24.99533,23.587988
batch_00550_patch.tiff,patch_114,25.908163,22.38119,27.793863,23.941288,25.394747
batch_00550_patch.tiff,patch_115,26.42876,22.296572,25.911919,24.919842,25.967106
batch_00550_patch.tiff,patch_116,26.02887,24.342546,24.98663,25.078411,24.737692
batch_00550_patch.tiff,patch_117,24.991655,22.881445,24.050022,24.936869,26.60949
batch_00550_patch.tiff,patch_118,27.09557,22.025974,26.423756,23.652098,26.583117
batch_00550_patch.tiff,patch_119,26.505424,24.931038,27.203018,25.346573,24.249195
batch_00550_patch.tiff,patch_120,26.195646,22.142832,25.3535,24.56581,24.735228
batch_00550_patch.tiff,patch_121,26.786663,22.71046,24.007933,23.726864,25.984585
batch_00550_patch.tiff,patch_122,27.49663,23.844206,28.4938,24.68599,26.315126
batch_00550_patch.tiff,patch_123,25.824852,24.07732,25.819681,24.066479,25.66898
batch_00550_patch.tiff,patch_124,26.89357,24.50525,26.598349,24.737928,26.49405
batch_00550_patch.tiff,patch_125,25.201387,22.584204,24.274054,24.267134,26.516737
batch_00550_patch.tiff,patch_126,24.851782,22.688301,22.417934,24.028255,26.08623
batch_00550_patch.tiff,patch_127,26.535212,24.16676,27.465096,25.27123,24.405525
batch_00550_patch.tiff,patch_128,26.195704,21.599401,25.31027,25.568686,24.549109
batch_00550_patch.tiff,patch_129,25.754963,23.580612,24.544779,23.883207,26.531982
batch_00550_patch.tiff,patch_130,27.786581,24.881262,27.248299,25.271423,28.521072
batch_00550_patch.tiff,patch_131,26.315393,24.314358,24.823458,24.9625,26.541704
batch_00550_patch.tiff,patch_132,27.05924,23.707378,23.887083,24.958853,26.404842
batch_00550_patch.tiff,patch_133,26.734081,22.945982,21.995682,24.700619,26.01901
batch_00550_patch.tiff,patch_134,26.157835,24.19093,25.915869,24.619518,25.560518
batch_00550_patch.tiff,patch_135,26.363483,24.414743,26.318306,25.13742,26.121038
batch_00550_patch.tiff,patch_136,25.90977,23.078878,26.12917,24.674885,27.482233
batch_00550_patch.tiff,patch_137,27.09181,23.430233,25.100641,23.452267,27.141623
batch_00550_patch.tiff,patch_138,26.129246,24.155346,27.25611,24.214811,24.316088
batch_00550_patch.tiff,patch_139,27.715464,23.589561,28.898365,25.453583,26.7829
batch_00550_patch.tiff,patch_140,27.218132,23.896284,24.219131,24.09142,27.056883
batch_00550_patch.tiff,patch_141,27.461615,24.361874,23.919558,26.101795,26.579706
batch_00550_patch.tiff,patch_142,25.748798,24.261322,24.064903,24.94863,26.804905
batch_00550_patch.tiff,patch_143,26.637032,22.14911,23.591448,24.019133,26.183107
batch_00550_patch.tiff,patch_144,26.322948,22.93312,23.5148,23.803076,25.951437
batch_00550_patch.tiff,patch_145,26.238613,24.722214,26.133465,25.11025,25.33307
batch_00550_patch.tiff,patch_146,25.661034,23.767834,25.11398,23.858341,25.209595
batch_00550_patch.tiff,patch_147,26.09675,24.057934,24.943182,23.540337,27.875216
batch_00550_patch.tiff,patch_148,26.103628,24.398506,25.764473,23.713346,28.094296
batch_00550_patch.tiff,patch_149,25.954365,24.634798,26.370895,24.798145,23.25494
batch_00550_patch.tiff,patch_150,25.745584,23.838537,26.356342,24.652166,23.873278
batch_00550_patch.tiff,patch_151,26.276224,21.499592,26.219782,23.697962,25.275475
batch_00550_patch.tiff,patch_152,26.337395,23.275953,25.343935,24.0517,26.426355
batch_00550_patch.tiff,patch_153,27.422691,23.58636,26.68026,23.666294,26.264658
batch_00550_patch.tiff,patch_154,26.173876,22.294376,22.379238,24.655523,25.478907
batch_00550_patch.tiff,patch_155,26.650818,23.677162,23.71776,25.572649,26.135315
batch_00600_patch.tiff,patch_0,25.85664,22.609497,24.141644,21.955816,26.245895
batch_00600_patch.tiff,patch_1,23.90448,21.930332,21.962471,21.487524,25.42816
batch_00600_patch.tiff,patch_2,25.579151,22.802017,25.24473,24.619284,24.6257
batch_00600_patch.tiff,patch_3,25.810078,23.317802,27.491312,24.723675,26.528849
batch_00600_patch.tiff,patch_4,26.397547,24.153383,23.795166,24.11562,26.060099
batch_00600_patch.tiff,patch_5,26.39702,25.23854,22.356638,25.297947,25.340708
batch_00600_patch.tiff,patch_6,24.398361,24.149857,25.255453,23.479538,25.79744
batch_00600_patch.tiff,patch_7,24.925854,23.516815,24.590784,23.734898,24.863632
batch_00600_patch.tiff,patch_8,25.79466,25.087341,25.589678,24.534086,26.95947
batch_00600_patch.tiff,patch_9,24.991266,23.108944,23.569155,23.286367,26.184587
batch_00600_patch.tiff,patch_10,25.577366,22.385162,22.340252,21.320864,25.208645
batch_00600_patch.tiff,patch_11,26.427097,23.498802,27.43471,24.761482,26.89209
batch_00600_patch.tiff,patch_12,27.149279,24.259935,27.478327,24.016047,28.008368
batch_00600_patch.tiff,patch_13,26.95274,25.331495,22.30846,25.01248,26.373459
batch_00600_patch.tiff,patch_14,27.73813,24.452442,24.368748,25.20686,26.591745
batch_00600_patch.tiff,patch_15,25.775711,24.786276,24.385052,23.512495,26.575775
batch_00600_patch.tiff,patch_16,25.223059,22.703642,23.537174,24.294981,25.239338
batch_00600_patch.tiff,patch_17,25.471369,24.14715,24.548077,24.643291,26.610092
batch_00600_patch.tiff,patch_18,24.820927,22.128342,22.856955,21.074184,25.317177
batch_00600_patch.tiff,patch_19,24.564123,21.848392,22.912193,21.460747,24.802782
batch_00600_patch.tiff,patch_20,24.741093,23.41017,23.290295,24.636124,24.397278
batch_00600_patch.tiff,patch_21,26.306128,25.326857,23.14805,24.380804,25.99632
batch_00600_patch.tiff,patch_22,25.686811,25.42445,25.977417,24.740442,27.206911
batch_00600_patch.tiff,patch_23,26.775663,25.014662,26.026913,25.067806,26.496098
batch_00600_patch.tiff,patch_24,25.852787,24.657534,25.284285,24.426704,26.985582
batch_00600_patch.tiff,patch_25,23.41386,22.065401,22.004944,23.066383,25.506159
batch_00600_patch.tiff,patch_26,26.21203,22.395382,25.925804,21.864359,26.395832
batch_00600_patch.tiff,patch_27,26.23506,24.074608,23.507862,25.373363,24.809572
batch_00600_patch.tiff,patch_28,26.368141,24.071512,23.640072,24.994865,24.879154
batch_00600_patch.tiff,patch_29,25.783009,25.205189,24.982162,24.545649,26.645851
batch_00600_patch.tiff,patch_30,25.939707,24.8194,24.26038,24.965145,27.327524
batch_00600_patch.tiff,patch_31,24.722717,25.629366,23.323874,24.317616,26.988861
batch_00600_patch.tiff,patch_32,25.77184,24.2848,25.969538,24.77689,26.98989
batch_00600_patch.tiff,patch_33,25.962967,25.08422,26.800323,24.741558,26.632387
batch_00600_patch.tiff,patch_34,25.26194,22.996069,22.947401,22.458233,26.401865
batch_00600_patch.tiff,patch_35,25.211336,22.605947,24.104355,22.552317,26.351097
batch_00600_patch.tiff,patch_36,26.463007,24.166748,24.977491,23.387058,27.42148
batch_00600_patch.tiff,patch_37,26.778744,23.417788,26.00218,22.599518,27.640488
batch_00600_patch.tiff,patch_38,24.84622,23.516682,22.123463,24.908585,25.892483
batch_00600_patch.tiff,patch_39,23.877766,24.576908,20.83816,24.204437,25.623499
batch_00600_patch.tiff,patch_40,25.478529,23.98391,20.787277,23.869577,25.866617
batch_00600_patch.tiff,patch_41,25.112244,23.561409,22.725636,24.490568,26.201447
batch_00600_patch.tiff,patch_42,25.490185,24.604334,23.895496,24.121859,26.103125
batch_00600_patch.tiff,patch_43,25.871965,25.238987,26.356491,24.14476,27.49179
batch_00600_patch.tiff,patch_44,26.918612,23.76169,26.439865,23.706923,27.149542
batch_00600_patch.tiff,patch_45,27.282385,24.666744,27.79203,25.434864,26.877623
batch_00600_patch.tiff,patch_46,24.10808,23.251348,23.166683,22.75157,26.275414
batch_00600_patch.tiff,patch_47,25.00144,23.043184,24.395061,22.984184,26.622534
batch_00600_patch.tiff,patch_48,26.666527,23.380577,25.684683,22.771452,26.697563
batch_00600_patch.tiff,patch_49,26.21343,23.590128,25.276955,22.737032,27.245134
batch_00600_patch.tiff,patch_50,25.338884,24.336811,22.532711,23.9833,25.679842
batch_00600_patch.tiff,patch_51,25.683374,25.237762,23.29182,24.487234,26.384651
batch_00600_patch.tiff,patch_52,24.708025,23.834093,19.258976,24.704954,25.843264
batch_00600_patch.tiff,patch_53,24.514658,23.874865,21.283401,24.74587,26.283873
batch_00600_patch.tiff,patch_54,26.393898,25.007692,26.023054,24.877687,26.813553
batch_00600_patch.tiff,patch_55,25.63086,24.979452,24.868431,24.34407,26.583082
batch_00600_patch.tiff,patch_56,25.4862,22.07585,23.938204,22.374508,25.689041
batch_00600_patch.tiff,patch_57,25.1225,23.259523,24.878613,22.375698,26.30498
batch_00600_patch.tiff,patch_58,25.435192,22.75774,24.903584,24.665367,25.977491
batch_00600_patch.tiff,patch_59,26.761026,22.944496,25.990688,25.28969,25.311508
batch_00600_patch.tiff,patch_60,26.835438,24.56736,23.785233,24.079803,25.998709
batch_00600_patch.tiff,patch_61,25.927126,24.75979,24.375662,23.468721,27.133121
batch_00600_patch.tiff,patch_62,26.194668,23.536636,26.476967,25.097202,27.127705
batch_00600_patch.tiff,patch_63,26.858957,23.799303,26.601984,24.6082,27.412539
batch_00600_patch.tiff,patch_64,25.023943,24.792446,22.703285,24.162474,25.792498
batch_00600_patch.tiff,patch_65,25.353615,26.250134,23.717022,24.650902,27.336523
batch_00600_patch.tiff,patch_66,25.218895,23.222717,24.051405,21.39808,26.409595
batch_00600_patch.tiff,patch_67,25.735388,23.272337,24.769037,22.985996,25.985157
batch_00600_patch.tiff,patch_68,26.70894,22.630522,24.712307,24.126003,25.834005
batch_00600_patch.tiff,patch_69,26.51131,22.568003,26.3892,25.049395,26.68686
batch_00600_patch.tiff,patch_70,24.447466,25.665169,23.279985,24.013979,25.30972
batch_00600_patch.tiff,patch_71,26.020224,25.836391,22.449337,24.20614,26.324629
batch_00600_patch.tiff,patch_72,26.381466,23.66413,26.613472,25.054266,27.072277
batch_00600_patch.tiff,patch_73,25.480291,24.580338,24.088634,24.801435,25.504631
batch_00600_patch.tiff,patch_74,25.46897,24.678427,25.05155,24.377054,26.456285
batch_00600_patch.tiff,patch_75,26.572401,23.146727,24.660362,21.644274,26.900599
batch_00600_patch.tiff,patch_76,24.503807,21.687468,22.097202,21.83604,26.032913
batch_00600_patch.tiff,patch_77,26.394014,22.124575,25.311018,23.716356,26.22906
batch_00600_patch.tiff,patch_78,27.424799,23.42819,25.50666,26.18205,25.676939
batch_00600_patch.tiff,patch_79,26.096243,25.049969,24.820812,23.964077,25.989828
batch_00600_patch.tiff,patch_80,26.282103,25.913996,25.236246,23.943773,27.465895
batch_00600_patch.tiff,patch_81,26.554708,24.93474,27.628557,24.00075,25.920877
batch_00600_patch.tiff,patch_82,26.696238,23.705605,24.186878,24.529465,25.849703
batch_00600_patch.tiff,patch_83,24.194576,24.356905,23.371222,23.917946,26.237116
batch_00600_patch.tiff,patch_84,24.332361,23.754816,23.28329,24.38831,25.873505
batch_00600_patch.tiff,patch_85,25.790314,23.214363,23.989897,23.124998,27.322432
batch_00600_patch.tiff,patch_86,25.283926,23.166664,23.429953,23.182966,25.711304
batch_00600_patch.tiff,patch_87,26.697638,23.465958,25.975298,25.584766,26.688364
batch_00600_patch.tiff,patch_88,27.134954,23.709425,24.950953,23.982252,26.016928
batch_00600_patch.tiff,patch_89,25.978758,25.086922,22.467388,24.103891,25.949907
batch_00600_patch.tiff,patch_90,26.576796,24.232738,24.559265,24.124454,26.377014
batch_00600_patch.tiff,patch_91,26.479923,24.442081,28.515282,23.723497,25.375336
batch_00600_patch.tiff,patch_92,27.160765,24.124962,27.87438,23.76021,25.245924
batch_00600_patch.tiff,patch_93,26.505552,25.376194,23.890408,24.064674,27.703106
batch_00600_patch.tiff,patch_94,25.24991,24.100477,23.507256,25.444061,25.838074
batch_00600_patch.tiff,patch_95,25.428648,23.812874,26.123379,24.970882,27.588243
batch_00600_patch.tiff,patch_96,26.488407,24.545504,25.898605,25.05081,28.118118
batch_00600_patch.tiff,patch_97,26.932657,24.975288,25.908997,24.341011,26.826233
batch_00600_patch.tiff,patch_98,27.107998,22.534277,22.980804,23.188667,26.807714
batch_00600_patch.tiff,patch_99,26.610153,23.035738,27.505558,25.63189,25.706486
batch_00600_patch.tiff,patch_100,26.957815,22.654196,27.22942,24.94125,25.287857
batch_00600_patch.tiff,patch_101,25.22736,23.176731,22.936064,25.429209,25.516533
batch_00600_patch.tiff,patch_102,26.322636,26.249353,23.962345,23.7208,26.859283
batch_00600_patch.tiff,patch_103,24.80651,25.112606,24.052898,24.403065,26.873913
batch_00600_patch.tiff,patch_104,25.196241,24.759089,24.191238,24.19474,26.664484
batch_00600_patch.tiff,patch_105,26.733383,23.432343,27.463037,24.791039,26.020742
batch_00600_patch.tiff,patch_106,26.08424,22.747305,26.334185,25.749987,25.692478
batch_00600_patch.tiff,patch_107,26.585278,22.069431,23.704565,22.771133,25.728327
batch_00600_patch.tiff,patch_108,27.091364,22.16708,23.993927,24.450426,26.358128
batch_00600_patch.tiff,patch_109,26.039598,21.52579,24.81097,24.32589,24.042778
batch_00600_patch.tiff,patch_110,26.017752,22.089914,26.642933,23.647484,24.027466
batch_00600_patch.tiff,patch_111,26.580313,24.735157,25.675928,25.021881,25.698408
batch_00600_patch.tiff,patch_112,25.31361,24.410889,22.961388,24.827904,26.093098
batch_00600_patch.tiff,patch_113,25.649471,25.09402,25.439222,24.254763,27.08371
batch_00600_patch.tiff,patch_114,24.863253,22.45007,23.92579,22.088913,26.51556
batch_00600_patch.tiff,patch_115,25.860058,23.319302,25.482193,24.224377,25.985016
batch_00600_patch.tiff,patch_116,25.808064,23.36997,26.515234,23.773586,25.333187
batch_00600_patch.tiff,patch_117,27.06233,22.383862,26.803926,24.335573,25.771008
batch_00600_patch.tiff,patch_118,25.03832,21.957983,24.526104,23.943995,25.231756
batch_00600_patch.tiff,patch_119,25.257631,24.387325,23.643286,23.065071,26.419655
batch_00600_patch.tiff,patch_120,26.681442,24.503181,26.228317,24.91803,28.154531
batch_00600_patch.tiff,patch_121,26.649384,23.599615,27.185907,25.237587,26.680677
batch_00600_patch.tiff,patch_122,25.389013,22.562128,23.951235,21.438131,26.128124
batch_00600_patch.tiff,patch_123,25.040995,22.560726,25.217262,22.542536,26.403202
batch_00600_patch.tiff,patch_124,26.67766,22.228,27.504108,24.684881,25.336094
batch_00600_patch.tiff,patch_125,26.815212,22.820934,27.863445,24.066668,25.377947
batch_00600_patch.tiff,patch_126,24.730825,23.774426,24.116444,23.28954,26.433104
batch_00600_patch.tiff,patch_127,25.511913,23.556303,24.861265,22.66924,26.525982
batch_00600_patch.tiff,patch_128,25.808731,23.534462,24.512299,24.005697,26.56028
batch_00600_patch.tiff,patch_129,26.634687,23.626574,27.351704,24.270243,26.829046
batch_00600_patch.tiff,patch_130,26.011072,22.105885,23.602816,23.19456,25.32705
batch_00600_patch.tiff,patch_131,25.617916,22.3962,21.850273,21.40477,25.311821
batch_00600_patch.tiff,patch_132,26.288794,25.577068,23.524668,24.701263,25.502096
batch_00600_patch.tiff,patch_133,26.657333,24.453564,23.387337,24.215847,25.5802
batch_00600_patch.tiff,patch_134,24.45442,23.201279,23.889126,23.725851,26.117935
batch_00600_patch.tiff,patch_135,25.071793,23.705194,24.882498,23.932098,26.26698
batch_00600_patch.tiff,patch_136,25.346218,24.54685,24.32832,24.673416,26.592026
batch_00600_patch.tiff,patch_137,23.972734,23.43584,23.215353,23.399311,25.661087
batch_00650_patch.tiff,patch_0,24.753082,24.07936,24.332518,24.619146,25.698425
batch_00650_patch.tiff,patch_1,24.891035,24.214214,23.90998,24.500523,25.098251
batch_00650_patch.tiff,patch_2,23.97834,23.301878,23.35086,24.064116,26.801392
batch_00650_patch.tiff,patch_3,27.042957,25.747288,25.3052,24.311684,26.960815
batch_00650_patch.tiff,patch_4,25.256231,24.467121,23.012945,24.565498,26.63769
batch_00650_patch.tiff,patch_5,26.32009,25.006308,24.78721,24.274782,26.52415
batch_00650_patch.tiff,patch_6,26.245434,24.761992,25.3791,24.736387,26.545816
batch_00650_patch.tiff,patch_7,25.17409,24.622534,24.120789,24.269617,25.900871
batch_00650_patch.tiff,patch_8,25.145487,25.334549,23.970684,23.862303,26.20306
batch_00650_patch.tiff,patch_9,26.302406,24.253881,24.520424,24.811161,26.298529
batch_00650_patch.tiff,patch_10,25.677229,25.091372,24.337631,24.84512,27.277214
batch_00650_patch.tiff,patch_11,24.465197,24.749031,23.569483,23.815556,25.386652
batch_00650_patch.tiff,patch_12,26.323442,25.683563,25.33334,25.357508,27.146093
batch_00650_patch.tiff,patch_13,25.452412,24.70995,23.065052,25.722395,25.529669
batch_00650_patch.tiff,patch_14,25.411976,24.870626,24.833597,25.00212,27.443474
batch_00650_patch.tiff,patch_15,23.859732,23.358301,22.139341,24.413813,25.71892
batch_00650_patch.tiff,patch_16,26.144682,24.489096,22.622038,24.155487,25.715694
batch_00650_patch.tiff,patch_17,25.727673,23.940767,22.710209,24.796871,25.871807
batch_00650_patch.tiff,patch_18,26.077671,23.533503,24.350142,24.808975,26.54163
batch_00650_patch.tiff,patch_19,26.620256,24.051079,24.964584,24.440216,26.317133
batch_00650_patch.tiff,patch_20,24.380013,24.16137,21.630112,24.37907,24.492502
batch_00650_patch.tiff,patch_21,24.10128,24.70571,24.877817,23.746187,26.341011
batch_00650_patch.tiff,patch_22,26.389761,24.418615,23.525064,24.59284,26.533283
batch_00650_patch.tiff,patch_23,25.198168,23.761534,24.258978,24.963516,25.681309
batch_00650_patch.tiff,patch_24,25.276966,25.045885,25.09107,24.454102,26.456932
batch_00650_patch.tiff,patch_25,25.296326,24.235144,24.43032,24.711666,26.679783
batch_00650_patch.tiff,patch_26,24.944809,24.879122,23.142475,24.883009,25.857363
batch_00650_patch.tiff,patch_27,25.084036,24.072206,23.408564,24.550526,25.878132
batch_00650_patch.tiff,patch_28,23.596207,23.59736,22.486443,24.39587,26.801926
batch_00650_patch.tiff,patch_29,23.247536,22.685293,22.441557,23.990107,25.264732
batch_00650_patch.tiff,patch_30,26.158627,24.36851,23.660545,24.543816,26.213892
batch_00650_patch.tiff,patch_31,26.43251,25.137941,23.760828,25.491987,26.912107
batch_00650_patch.tiff,patch_32,24.67334,24.428629,24.464014,24.259016,27.368906
batch_00650_patch.tiff,patch_33,26.703707,24.703396,25.956324,24.01996,26.750568
batch_00650_patch.tiff,patch_34,27.21853,24.059366,27.28183,25.436007,28.136984
batch_00650_patch.tiff,patch_35,27.760603,23.98845,28.096624,25.443674,28.025236
batch_00650_patch.tiff,patch_36,24.801874,25.162996,22.936975,24.3199,27.275475
batch_00650_patch.tiff,patch_37,24.868176,26.043476,23.708597,24.383287,26.963604
batch_00650_patch.tiff,patch_38,25.047176,24.934536,25.133545,24.024761,27.660046
batch_00650_patch.tiff,patch_39,25.320412,24.415,23.568583,24.974222,26.694363
batch_00650_patch.tiff,patch_40,24.658857,24.403677,23.132849,24.54937,27.090364
batch_00650_patch.tiff,patch_41,26.580389,24.852112,24.862892,25.42925,26.466805
batch_00650_patch.tiff,patch_42,24.789402,24.214743,23.630302,24.822989,26.393066
batch_00650_patch.tiff,patch_43,24.414398,24.66899,24.726337,24.116295,25.408852
batch_00650_patch.tiff,patch_44,24.903452,24.031345,26.375853,23.547783,25.023205
batch_00650_patch.tiff,patch_45,25.927557,24.6413,27.954287,23.719423,26.453247
batch_00650_patch.tiff,patch_46,26.403824,23.958815,25.578754,24.65456,27.479528
batch_00650_patch.tiff,patch_47,26.740002,23.935701,26.710773,25.348917,26.614977
batch_00650_patch.tiff,patch_48,25.260288,24.354937,24.279972,24.894478,25.945452
batch_00650_patch.tiff,patch_49,24.858341,23.783928,23.926933,25.168749,25.840734
batch_00650_patch.tiff,patch_50,25.705976,23.507008,24.741373,24.12887,25.866528
batch_00650_patch.tiff,patch_51,25.612291,25.29132,24.75695,24.445276,26.759083
batch_00650_patch.tiff,patch_52,25.27333,25.249037,23.785534,23.719795,27.156075
batch_00650_patch.tiff,patch_53,26.10578,23.833344,25.987106,23.957712,27.46343
batch_00650_patch.tiff,patch_54,25.34918,24.421667,25.909817,24.82958,27.352686
batch_00650_patch.tiff,patch_55,25.882965,25.629347,24.932003,24.928963,27.66511
batch_00650_patch.tiff,patch_56,25.545965,24.855022,25.09739,25.032402,26.482418
batch_00650_patch.tiff,patch_57,25.124733,25.320438,25.47653,23.870762,26.181248
batch_00650_patch.tiff,patch_58,24.237404,24.60746,25.000782,22.923405,25.549273
batch_00650_patch.tiff,patch_59,26.11211,24.546455,24.789183,24.53747,27.041513
batch_00650_patch.tiff,patch_60,25.178507,24.443434,23.724722,23.64561,26.537308
batch_00650_patch.tiff,patch_61,25.82638,24.703554,25.866468,23.663137,26.817785
batch_00650_patch.tiff,patch_62,25.656778,23.437023,25.386702,25.154001,26.236471
batch_00650_patch.tiff,patch_63,26.153206,24.25262,25.363821,25.165499,27.526974
batch_00650_patch.tiff,patch_64,25.923561,25.271814,24.83178,25.430641,26.378159
batch_00650_patch.tiff,patch_65,25.851648,23.841576,25.552956,24.663363,26.834223
batch_00650_patch.tiff,patch_66,26.399427,24.705194,25.31716,24.8031,26.45525
batch_00650_patch.tiff,patch_67,24.643932,24.11511,22.675777,25.056528,25.959593
batch_00650_patch.tiff,patch_68,25.33509,24.208492,23.76903,24.495602,26.460852
batch_00650_patch.tiff,patch_69,26.337358,24.798162,23.069363,25.04061,27.069008
batch_00650_patch.tiff,patch_70,26.200563,24.556004,26.037725,24.496717,26.606382
batch_00650_patch.tiff,patch_71,26.019625,24.007774,26.178524,24.867207,27.051039
batch_00650_patch.tiff,patch_72,24.379845,23.503994,21.41401,25.070057,25.314472
batch_00650_patch.tiff,patch_73,26.70472,25.459301,25.36778,24.853577,27.962648
batch_00650_patch.tiff,patch_74,24.95265,24.906881,25.505053,23.355629,25.099958
batch_00650_patch.tiff,patch_75,24.964602,24.099533,24.029005,24.935577,25.494633
batch_00650_patch.tiff,patch_76,26.021608,24.555424,24.204472,23.466612,26.606415
batch_00650_patch.tiff,patch_77,25.14838,24.016659,23.018913,24.442535,25.782171
batch_00650_patch.tiff,patch_78,26.043875,25.187647,26.159609,24.387056,26.564756
batch_00650_patch.tiff,patch_79,25.76973,23.841778,24.808764,25.534267,26.770823
batch_00650_patch.tiff,patch_80,24.154125,23.784735,21.730875,24.501305,25.345861
batch_00650_patch.tiff,patch_81,26.126623,25.124504,26.001476,24.736662,27.765629
batch_00650_patch.tiff,patch_82,25.187098,24.807606,26.164934,23.302729,26.55598
batch_00650_patch.tiff,patch_83,24.510504,24.873514,25.347773,22.835928,26.93115
batch_00650_patch.tiff,patch_84,24.988163,24.643297,22.836353,24.10632,26.478716
batch_00650_patch.tiff,patch_85,26.360193,24.91132,23.716204,23.992163,26.739716
batch_00650_patch.tiff,patch_86,24.625113,24.38372,22.464552,24.790268,25.652195
batch_00650_patch.tiff,patch_87,23.629244,23.227596,21.923643,24.528204,27.090204
batch_00650_patch.tiff,patch_88,24.329134,24.43742,24.456627,24.798733,27.806837
batch_00650_patch.tiff,patch_89,26.560022,25.404142,23.875889,24.429949,27.79129
batch_00650_patch.tiff,patch_90,25.490005,25.044956,23.39513,24.279264,26.951864
batch_00650_patch.tiff,patch_91,24.220161,24.259832,24.567753,23.132904,25.919056
batch_00650_patch.tiff,patch_92,26.523052,24.613884,25.688889,24.077372,27.257378
batch_00650_patch.tiff,patch_93,23.813408,23.69894,23.355219,23.690226,26.034323
batch_00650_patch.tiff,patch_94,25.147335,24.2717,22.353582,24.118238,26.196688
batch_00650_patch.tiff,patch_95,26.12894,25.137014,25.072851,24.02835,27.938435
batch_00650_patch.tiff,patch_96,24.338928,23.614935,22.72598,24.6992,26.685186
batch_00650_patch.tiff,patch_97,25.615845,25.774881,24.60872,24.523134,26.321327
batch_00650_patch.tiff,patch_98,25.654264,25.301516,25.290419,23.961842,27.282578
batch_00650_patch.tiff,patch_99,26.290632,24.924835,25.969492,24.755869,27.350151
batch_00650_patch.tiff,patch_100,25.672281,24.227772,24.32956,25.586,26.737679
batch_00650_patch.tiff,patch_101,26.595457,24.515446,25.52117,23.956219,26.827793
batch_00650_patch.tiff,patch_102,25.171953,24.4933,22.093664,24.88584,25.504028
batch_00650_patch.tiff,patch_103,26.329315,24.42346,26.137648,24.502853,26.760769
batch_00650_patch.tiff,patch_104,25.920494,24.753023,24.22537,24.55551,27.16564
batch_00650_patch.tiff,patch_105,26.80793,24.836906,26.168638,25.192501,26.725058
batch_00650_patch.tiff,patch_106,25.685757,24.965164,24.770336,24.53926,25.881771
batch_00650_patch.tiff,patch_107,25.55693,24.438496,25.058329,24.036526,26.804857
batch_00650_patch.tiff,patch_108,25.954405,24.538712,25.646824,24.655912,27.149952
batch_00650_patch.tiff,patch_109,25.951174,25.168705,24.915642,24.18592,27.026423
batch_00650_patch.tiff,patch_110,25.144386,24.577438,23.80343,25.077793,25.806091
batch_00650_patch.tiff,patch_111,25.841572,24.084692,26.208855,23.862814,26.24609
batch_00650_patch.tiff,patch_112,25.661865,24.522238,23.329378,23.919928,25.888983
batch_00650_patch.tiff,patch_113,25.42943,25.29524,25.067019,23.979721,26.370298
batch_00650_patch.tiff,patch_114,25.811148,24.529049,24.288345,24.257881,26.605265
batch_00650_patch.tiff,patch_115,25.740475,24.366848,24.306608,24.856936,27.174294
batch_00650_patch.tiff,patch_116,25.607777,24.704414,24.90334,24.06258,27.067646
batch_00650_patch.tiff,patch_117,26.5201,24.775385,27.12633,24.268291,27.65742
batch_00650_patch.tiff,patch_118,26.599377,23.889647,25.663841,24.941244,26.82586
batch_00650_patch.tiff,patch_119,25.532215,24.227451,25.093206,24.268173,25.677536
batch_00650_patch.tiff,patch_120,25.161884,24.777487,23.123026,23.840008,26.146435
batch_00650_patch.tiff,patch_121,25.703775,25.522594,24.613987,24.28475,26.857347
batch_00650_patch.tiff,patch_122,24.07322,23.821737,21.65897,24.773302,25.255985
batch_00650_patch.tiff,patch_123,24.445557,24.545832,24.94732,23.451027,26.676481
batch_00650_patch.tiff,patch_124,26.15421,24.547762,23.821259,24.945372,26.998997
batch_00650_patch.tiff,patch_125,26.784813,24.132053,26.861805,25.366964,26.284737
batch_00650_patch.tiff,patch_126,25.704157,24.987066,25.23021,24.766157,27.443228
batch_00650_patch.tiff,patch_127,25.626171,24.396786,22.779642,24.159904,26.868092
batch_00650_patch.tiff,patch_128,26.490545,25.147255,23.562584,24.636522,26.687317
batch_00650_patch.tiff,patch_129,25.48995,24.147442,24.458147,25.12591,26.932564
batch_00650_patch.tiff,patch_130,24.23136,23.684404,21.970465,24.375515,24.736685
batch_00650_patch.tiff,patch_131,23.458256,23.358416,22.805758,25.298117,26.034431
batch_00650_patch.tiff,patch_132,26.680426,23.95174,24.657423,25.179094,26.413818
batch_00650_patch.tiff,patch_133,26.258997,24.54274,24.167633,24.750385,26.479086
batch_00650_patch.tiff,patch_134,25.42338,23.606375,23.295172,24.735865,25.314695
batch_00650_patch.tiff,patch_135,26.267391,23.99954,24.028603,24.846785,25.945713
batch_00650_patch.tiff,patch_136,24.4714,24.353718,25.005075,23.846498,25.351305
batch_00650_patch.tiff,patch_137,26.620052,23.377884,25.844782,25.260004,25.672544
batch_00650_patch.tiff,patch_138,26.311096,24.308592,25.440388,24.398664,27.329878
batch_00650_patch.tiff,patch_139,25.171225,24.131525,23.026066,25.345978,26.228802
batch_00650_patch.tiff,patch_140,25.014845,24.703068,23.981844,25.267551,27.260593
batch_00650_patch.tiff,patch_141,25.500599,24.638414,25.74898,23.993738,27.057528
batch_00650_patch.tiff,patch_142,26.077719,24.770119,25.992807,24.294512,27.333853
batch_00650_patch.tiff,patch_143,25.287188,24.529064,23.576294,25.00682,26.102467
batch_00650_patch.tiff,patch_144,25.134134,24.771088,23.895237,24.40254,27.072006
batch_00650_patch.tiff,patch_145,23.61402,23.83179,25.036406,24.194475,25.981089
batch_00650_patch.tiff,patch_146,24.24325,24.471283,25.416613,22.897438,25.067827
batch_00650_patch.tiff,patch_147,25.689674,25.249151,25.102549,23.877613,27.263466
batch_00650_patch.tiff,patch_148,26.226812,24.301779,25.215828,25.76575,27.378963
batch_00700_patch.tiff,patch_0,24.169567,24.208042,23.61847,24.417988,26.286013
batch_00700_patch.tiff,patch_1,24.939936,24.848167,24.420012,24.811298,26.724249
batch_00700_patch.tiff,patch_2,26.430935,24.592596,25.413147,25.07943,26.967693
batch_00700_patch.tiff,patch_3,26.520796,25.212952,25.256765,24.23461,27.271673
batch_00700_patch.tiff,patch_4,25.16453,25.375242,24.20681,24.619682,26.499136
batch_00700_patch.tiff,patch_5,26.339506,25.43807,24.645803,24.434242,26.666214
batch_00700_patch.tiff,patch_6,26.764984,23.798265,26.050041,25.737322,25.98604
batch_00700_patch.tiff,patch_7,26.14056,25.075457,23.835281,24.820885,27.198973
batch_00700_patch.tiff,patch_8,25.3048,24.42865,22.46418,24.731142,26.18602
batch_00700_patch.tiff,patch_9,26.81923,25.416405,24.90392,24.370527,27.380547
batch_00700_patch.tiff,patch_10,25.965818,24.78714,23.970602,24.915499,26.838799
batch_00700_patch.tiff,patch_11,25.016727,24.727453,23.946417,24.79413,26.340881
batch_00700_patch.tiff,patch_12,24.681103,24.353466,23.988594,24.76366,26.288494
batch_00700_patch.tiff,patch_13,26.385794,25.057936,25.967396,25.041288,26.457726
batch_00700_patch.tiff,patch_14,25.80544,24.225302,23.367474,23.685843,26.141798
batch_00700_patch.tiff,patch_15,26.282923,25.61187,24.99003,24.78076,27.0032
batch_00700_patch.tiff,patch_16,24.906448,24.966331,23.932755,24.821915,26.656733
batch_00700_patch.tiff,patch_17,26.496582,24.60836,26.756657,24.840464,26.422338
batch_00700_patch.tiff,patch_18,26.208317,23.960264,26.682325,25.469023,27.533176
batch_00700_patch.tiff,patch_19,24.259491,24.254602,23.71996,25.084896,27.299889
batch_00700_patch.tiff,patch_20,26.060806,24.915596,24.639603,24.289148,26.81703
batch_00700_patch.tiff,patch_21,25.602388,25.02663,24.16903,24.366686,27.009508
batch_00700_patch.tiff,patch_22,25.89065,25.26123,23.418823,25.353226,26.986183
batch_00700_patch.tiff,patch_23,24.20431,24.411482,22.851988,24.566652,25.97747
batch_00700_patch.tiff,patch_24,25.704414,24.805895,24.711641,24.669836,26.960148
batch_00700_patch.tiff,patch_25,24.768234,25.380259,23.697092,24.77251,25.823448
batch_00700_patch.tiff,patch_26,25.45115,24.869522,23.427938,24.414768,25.119156
batch_00700_patch.tiff,patch_27,25.65661,24.75246,24.55173,25.032661,26.40652
batch_00700_patch.tiff,patch_28,25.505386,24.663803,25.124033,24.173977,26.835749
batch_00700_patch.tiff,patch_29,25.060152,24.209166,23.46376,25.061218,25.591238
batch_00700_patch.tiff,patch_30,24.238514,24.212458,22.733143,24.726194,26.306376
batch_00700_patch.tiff,patch_31,25.620451,24.832396,25.229164,25.08928,26.98062
batch_00700_patch.tiff,patch_32,25.3669,24.706526,24.099344,24.339983,25.88595
batch_00700_patch.tiff,patch_33,25.378496,25.379068,25.296803,24.120205,25.3702
batch_00700_patch.tiff,patch_34,24.438993,24.288113,22.72731,24.992548,25.70106
batch_00700_patch.tiff,patch_35,25.526718,25.198324,24.804531,24.88994,26.9759
batch_00700_patch.tiff,patch_36,25.427078,24.568136,21.988651,23.99977,26.528477
batch_00700_patch.tiff,patch_37,25.272764,24.052391,23.362188,26.054522,26.618282
batch_00700_patch.tiff,patch_38,25.494562,24.038752,24.235083,24.13216,26.740559
batch_00700_patch.tiff,patch_39,26.788782,25.045555,25.26513,24.908018,26.612673
batch_00700_patch.tiff,patch_40,23.548424,23.344725,20.8569,24.806358,25.169447
batch_00700_patch.tiff,patch_41,26.519209,24.808226,23.544413,25.124489,27.636284
batch_00700_patch.tiff,patch_42,25.693766,24.20167,25.127998,24.260775,27.195402
batch_00700_patch.tiff,patch_43,25.567707,24.999294,23.63237,24.817732,27.096489
batch_00700_patch.tiff,patch_44,25.251312,24.690643,25.029314,24.273525,27.796055
batch_00700_patch.tiff,patch_45,25.244184,24.616735,24.64028,24.877554,26.582098
batch_00700_patch.tiff,patch_46,24.717566,24.260984,23.576273,25.093979,26.477623
batch_00700_patch.tiff,patch_47,25.094969,23.385298,25.248444,24.985495,26.029694
batch_00700_patch.tiff,patch_48,25.796783,23.753366,24.453426,25.91744,25.044313
batch_00700_patch.tiff,patch_49,24.432388,24.076963,23.471817,24.199043,26.287079
batch_00700_patch.tiff,patch_50,26.693762,23.763489,25.508724,25.417404,27.258533
batch_00700_patch.tiff,patch_51,25.963757,25.178082,23.75482,25.38942,26.91439
batch_00700_patch.tiff,patch_52,25.067883,24.374144,23.479544,24.863884,26.552952
batch_00700_patch.tiff,patch_53,26.430883,24.568987,24.413507,24.689655,26.327423
batch_00700_patch.tiff,patch_54,24.982855,23.900286,23.9996,24.64149,26.819427
batch_00700_patch.tiff,patch_55,24.704254,24.583948,23.954897,24.45582,27.157797
batch_00700_patch.tiff,patch_56,25.809214,24.561272,24.63226,24.331854,26.872528
batch_00700_patch.tiff,patch_57,24.534098,23.931913,21.853205,24.823103,26.090582
batch_00700_patch.tiff,patch_58,24.293669,24.285614,23.085781,24.135077,24.621653
batch_00700_patch.tiff,patch_59,25.795109,24.372005,23.81866,24.739422,25.911274
batch_00700_patch.tiff,patch_60,24.626389,24.873787,21.908747,25.128473,25.28985
batch_00700_patch.tiff,patch_61,24.953455,24.232996,22.907461,25.36035,26.063334
batch_00700_patch.tiff,patch_62,25.66072,24.354776,24.773628,24.889912,27.653542
batch_00700_patch.tiff,patch_63,26.32226,24.275396,25.069035,24.742855,26.58907
batch_00700_patch.tiff,patch_64,25.45458,25.064615,23.964073,25.351358,26.879316
batch_00700_patch.tiff,patch_65,25.384972,24.043827,23.518473,25.279758,26.640514
batch_00700_patch.tiff,patch_66,26.652235,25.51095,25.75388,23.761007,29.157045
batch_00700_patch.tiff,patch_67,25.470709,24.188417,22.80088,25.424263,26.202307
batch_00700_patch.tiff,patch_68,25.675203,24.298622,24.53729,23.977896,27.031996
batch_00700_patch.tiff,patch_69,26.22827,25.036034,23.66756,25.125013,26.182135
batch_00700_patch.tiff,patch_70,26.962767,24.560888,23.71518,25.299732,26.593092
batch_00700_patch.tiff,patch_71,26.088518,24.995615,24.185802,25.427471,27.102058
batch_00700_patch.tiff,patch_72,25.351507,25.064331,23.933636,24.36855,25.758955
batch_00700_patch.tiff,patch_73,25.115322,25.101027,22.896475,24.991135,26.835205
batch_00700_patch.tiff,patch_74,24.34612,23.39482,22.752602,24.75126,26.346127
batch_00700_patch.tiff,patch_75,25.537525,24.479322,24.069416,24.897934,26.932713
batch_00700_patch.tiff,patch_76,24.513401,23.5742,23.145157,24.898943,26.56594
batch_00700_patch.tiff,patch_77,24.195591,24.37488,23.661177,23.609999,26.429878
batch_00700_patch.tiff,patch_78,27.054932,24.330584,24.703499,25.08007,26.651098
batch_00700_patch.tiff,patch_79,26.313728,24.774477,24.988213,24.388836,27.149765
batch_00700_patch.tiff,patch_80,25.58473,25.28628,24.778307,24.866823,26.792702
batch_00700_patch.tiff,patch_81,27.239447,24.755651,25.941395,25.244589,26.773067
batch_00700_patch.tiff,patch_82,24.889994,23.899513,21.808357,26.097862,25.799603
batch_00700_patch.tiff,patch_83,25.305618,25.179516,23.6726,25.200129,25.200161
batch_00700_patch.tiff,patch_84,25.157465,24.436256,24.139183,24.549936,26.367167
batch_00700_patch.tiff,patch_85,26.529604,24.629534,24.474598,24.82692,26.554216
batch_00700_patch.tiff,patch_86,25.79259,24.845211,22.953217,25.219057,25.426756
batch_00700_patch.tiff,patch_87,25.483297,25.292593,24.564697,24.462229,27.30624
batch_00700_patch.tiff,patch_88,25.578678,24.80506,24.954325,24.021496,26.37028
batch_00700_patch.tiff,patch_89,24.261417,24.757168,22.404184,23.771778,26.755503
batch_00700_patch.tiff,patch_90,25.1255,25.83809,25.348022,24.450998,25.648521
batch_00700_patch.tiff,patch_91,25.465103,24.698547,24.786707,24.987396,27.507902
batch_00700_patch.tiff,patch_92,26.49696,24.664371,23.802435,25.613075,26.865555
batch_00700_patch.tiff,patch_93,25.776617,24.374489,25.000656,24.462393,27.330454
batch_00700_patch.tiff,patch_94,25.880362,25.25754,25.047829,24.656382,26.790321
batch_00700_patch.tiff,patch_95,24.080954,23.880459,23.882399,24.492586,25.55986
batch_00700_patch.tiff,patch_96,24.362516,24.22788,22.368034,24.672075,25.085772
batch_00700_patch.tiff,patch_97,27.182507,24.675207,25.415125,24.758942,26.2336
batch_00700_patch.tiff,patch_98,26.417746,24.50537,25.270346,25.467196,26.764708
batch_00700_patch.tiff,patch_99,25.093924,24.819517,23.811365,24.990631,26.960379
batch_00700_patch.tiff,patch_100,26.273678,25.447397,24.61395,25.901768,27.098856
batch_00700_patch.tiff,patch_101,26.474697,24.652336,23.367382,25.818594,25.526203
batch_00700_patch.tiff,patch_102,26.098373,23.733204,24.242212,24.1984,25.757757
batch_00700_patch.tiff,patch_103,25.128614,25.24329,23.211151,24.467237,27.043325
batch_00700_patch.tiff,patch_104,25.390665,24.61954,24.606388,25.474997,26.809017
batch_00700_patch.tiff,patch_105,24.54757,24.03496,22.846354,24.803984,24.517605
batch_00700_patch.tiff,patch_106,25.497349,24.689543,25.083675,24.781052,26.56347
batch_00700_patch.tiff,patch_107,26.142668,23.961946,26.387854,24.60319,27.211298
batch_00700_patch.tiff,patch_108,27.379965,24.452202,26.255291,25.146015,27.522926
batch_00700_patch.tiff,patch_109,25.453264,24.898417,23.92798,25.064827,26.132215
batch_00700_patch.tiff,patch_110,25.374882,24.643011,24.746944,24.250942,26.164852
batch_00700_patch.tiff,patch_111,25.263025,24.347178,23.439798,24.805199,25.689943
batch_00700_patch.tiff,patch_112,26.3877,24.643236,23.632477,23.965097,27.129831
batch_00700_patch.tiff,patch_113,26.65452,25.161598,25.382627,24.25136,26.293207
batch_00700_patch.tiff,patch_114,26.199741,25.463554,24.25026,24.886686,26.97112
batch_00700_patch.tiff,patch_115,25.739017,24.123865,23.476822,24.99863,25.78463
batch_00700_patch.tiff,patch_116,25.224617,24.986794,23.259226,24.473537,26.744995
batch_00700_patch.tiff,patch_117,25.197218,24.417145,24.1191,25.521461,25.519167
batch_00700_patch.tiff,patch_118,25.702065,23.579227,24.16255,25.704771,26.929228
batch_00700_patch.tiff,patch_119,24.884876,23.690445,23.0573,25.17112,26.282318
batch_00700_patch.tiff,patch_120,25.147789,24.733217,23.456474,25.42348,26.03679
batch_00700_patch.tiff,patch_121,25.795334,24.914345,23.948332,23.532923,27.746956
batch_00700_patch.tiff,patch_122,25.268589,24.047955,24.263752,25.50313,26.463598
batch_00700_patch.tiff,patch_123,25.306936,24.050402,22.716122,23.95561,26.401274
batch_00700_patch.tiff,patch_124,26.376423,24.870367,27.044365,24.079325,26.117382
batch_00700_patch.tiff,patch_125,25.990454,24.786264,25.479336,24.98744,27.279572
batch_00700_patch.tiff,patch_126,25.718592,24.12224,22.475376,25.638798,25.291807
batch_00700_patch.tiff,patch_127,25.269386,23.948698,23.85644,24.938675,25.851582
batch_00700_patch.tiff,patch_128,24.9599,23.675358,23.068314,24.885656,26.15036
batch_00700_patch.tiff,patch_129,25.44087,23.75099,25.390936,24.876568,26.070992
batch_00700_patch.tiff,patch_130,24.648539,23.91301,25.38823,24.25519,25.917292
batch_00700_patch.tiff,patch_131,24.98186,24.432205,24.360006,24.52031,26.132938
batch_00700_patch.tiff,patch_132,23.093494,23.088243,22.956396,23.599277,25.797523
batch_00700_patch.tiff,patch_133,25.00466,24.471125,24.983053,24.294518,26.310097
batch_00700_patch.tiff,patch_134,25.70106,24.46769,23.9287,25.707882,25.79995
batch_00700_patch.tiff,patch_135,25.441427,24.983137,25.621967,24.765112,27.452858
batch_00700_patch.tiff,patch_136,26.09166,24.914715,25.875425,24.706198,27.230614
batch_00700_patch.tiff,patch_137,25.361467,23.87349,24.219936,24.029634,25.74173
batch_00700_patch.tiff,patch_138,24.70066,24.220201,24.256887,24.79751,25.770512
batch_00700_patch.tiff,patch_139,24.68049,24.639854,22.162573,24.978048,26.444145
batch_00700_patch.tiff,patch_140,24.654932,24.492002,25.11698,23.786835,25.64436
batch_00700_patch.tiff,patch_141,25.786692,24.863066,24.619589,24.496626,26.451965
batch_00700_patch.tiff,patch_142,25.328867,24.085943,23.915623,25.029497,27.027231
batch_00750_patch.tiff,patch_0,25.574896,24.534853,22.952269,24.58153,25.648825
batch_00750_patch.tiff,patch_1,23.384584,23.231827,21.39868,25.120653,25.344336
batch_00750_patch.tiff,patch_2,25.469915,24.775906,24.521729,24.415396,26.356066
batch_00750_patch.tiff,patch_3,25.124022,24.427414,25.26411,24.378592,26.888515
batch_00750_patch.tiff,patch_4,24.609081,24.346151,23.99688,23.863245,26.701675
batch_00750_patch.tiff,patch_5,25.189062,24.226217,24.120386,24.847933,25.681034
batch_00750_patch.tiff,patch_6,25.425442,24.370296,25.069864,24.634855,26.406723
batch_00750_patch.tiff,patch_7,24.459597,23.937836,23.501787,25.560045,26.175518
batch_00750_patch.tiff,patch_8,23.940243,23.659084,22.658522,24.485603,25.93726
batch_00750_patch.tiff,patch_9,25.895144,24.87595,26.337902,24.514643,27.575562
batch_00750_patch.tiff,patch_10,25.25347,25.278389,23.296476,24.56617,26.91599
batch_00750_patch.tiff,patch_11,24.158209,23.451942,23.42057,24.626066,25.926868
batch_00750_patch.tiff,patch_12,26.109224,25.092825,24.805029,24.178036,27.265554
batch_00750_patch.tiff,patch_13,27.858803,25.346392,26.719463,25.125868,27.299187
batch_00750_patch.tiff,patch_14,25.697632,24.706844,23.286644,25.440672,26.89948
batch_00750_patch.tiff,patch_15,25.199444,24.53463,24.266996,25.57259,26.764694
batch_00750_patch.tiff,patch_16,26.166218,23.386688,24.49729,25.128084,26.217833
batch_00750_patch.tiff,patch_17,26.48469,23.75793,24.841532,25.283371,25.625914
batch_00750_patch.tiff,patch_18,25.052696,23.67202,23.16902,24.09774,27.20734
batch_00750_patch.tiff,patch_19,25.96116,24.386023,23.356354,24.900076,26.035576
batch_00750_patch.tiff,patch_20,27.117373,24.051067,26.919888,24.228254,26.754187
batch_00750_patch.tiff,patch_21,24.492294,24.694283,24.147316,24.285295,27.37284
batch_00750_patch.tiff,patch_22,24.58892,24.172188,26.369097,22.990818,26.31727
batch_00750_patch.tiff,patch_23,25.341011,23.362267,24.117758,24.321335,25.533216
batch_00750_patch.tiff,patch_24,25.941635,23.748522,26.341248,24.189877,25.776962
batch_00750_patch.tiff,patch_25,24.592978,23.943161,23.714672,24.108042,26.41004
batch_00750_patch.tiff,patch_26,25.663805,25.007715,24.392427,24.334705,26.7431
batch_00750_patch.tiff,patch_27,23.968777,24.149887,23.481352,24.563538,25.810463
batch_00750_patch.tiff,patch_28,25.784805,24.667942,23.508902,25.047329,27.072788
batch_00750_patch.tiff,patch_29,24.411293,24.006527,21.484478,24.999163,25.897137
batch_00750_patch.tiff,patch_30,26.154264,24.191557,24.388039,24.304056,26.790966
batch_00750_patch.tiff,patch_31,25.960304,23.468807,26.690159,25.128242,26.565485
batch_00750_patch.tiff,patch_32,24.062632,24.095417,22.438587,23.873072,26.24768
batch_00750_patch.tiff,patch_33,24.70461,24.259808,22.846844,24.706358,26.360325
batch_00750_patch.tiff,patch_34,24.99787,24.76392,24.77022,24.144365,27.515207
batch_00750_patch.tiff,patch_35,25.226816,24.692862,23.63662,24.589458,26.331835
batch_00750_patch.tiff,patch_36,25.672531,24.73559,23.119982,25.013958,26.52585
batch_00750_patch.tiff,patch_37,26.603096,24.891445,25.30553,25.439167,27.164818
batch_00750_patch.tiff,patch_38,24.990444,24.401373,24.481688,24.61436,26.530958
batch_00750_patch.tiff,patch_39,23.951168,23.231997,23.16681,24.500948,25.6807
batch_00750_patch.tiff,patch_40,25.478733,23.519743,26.11897,25.672077,27.280254
batch_00750_patch.tiff,patch_41,24.531958,23.466433,22.954262,24.532877,26.15887
batch_00750_patch.tiff,patch_42,25.121492,23.954481,22.177343,24.862947,26.110447
batch_00750_patch.tiff,patch_43,25.209185,24.376122,23.842514,24.109867,26.889467
batch_00750_patch.tiff,patch_44,26.231325,23.804634,25.22309,24.55846,26.677023
batch_00750_patch.tiff,patch_45,23.986996,23.362904,22.67195,24.563843,25.935316
batch_00750_patch.tiff,patch_46,26.78801,24.6757,22.834127,26.072533,26.985449
batch_00750_patch.tiff,patch_47,25.601425,24.788124,24.92046,24.068403,26.630194
batch_00750_patch.tiff,patch_48,25.466307,25.361696,24.451576,25.157822,27.235483
batch_00750_patch.tiff,patch_49,23.494473,23.326788,22.10444,24.557415,25.870007
batch_00750_patch.tiff,patch_50,24.332998,24.409191,23.103405,25.173523,26.677916
batch_00750_patch.tiff,patch_51,24.983696,24.456322,23.530602,24.531826,26.369226
batch_00750_patch.tiff,patch_52,25.243383,24.177715,24.838226,23.706268,27.603865
batch_00750_patch.tiff,patch_53,24.793684,24.052576,22.187641,24.433777,26.828074
batch_00750_patch.tiff,patch_54,25.95402,23.723204,24.855589,24.29588,26.564608
batch_00750_patch.tiff,patch_55,24.687605,25.049137,25.238245,24.782644,26.225971
batch_00750_patch.tiff,patch_56,25.663439,25.011646,24.71314,24.539927,26.20505
batch_00750_patch.tiff,patch_57,23.645628,24.232988,22.314774,24.67772,25.674765
batch_00750_patch.tiff,patch_58,23.528435,23.80304,23.735107,23.696198,25.60115
batch_00750_patch.tiff,patch_59,25.727713,24.639868,24.798532,24.127615,26.737865
batch_00750_patch.tiff,patch_60,24.859436,24.150259,24.693565,23.916437,26.43637
batch_00750_patch.tiff,patch_61,26.156548,24.734127,22.469599,24.863861,26.849049
batch_00750_patch.tiff,patch_62,26.123251,23.583153,25.95695,23.671196,27.094896
batch_00750_patch.tiff,patch_63,23.200716,23.625353,21.747494,24.526775,26.268803
batch_00750_patch.tiff,patch_64,22.635452,23.119024,22.227362,24.283577,25.813187
batch_00750_patch.tiff,patch_65,24.928991,24.337065,24.724146,24.007456,26.881912
batch_00750_patch.tiff,patch_66,24.036016,24.129225,23.472006,23.78527,27.41
batch_00750_patch.tiff,patch_67,26.468313,25.121937,23.432934,24.622393,26.942635
batch_00750_patch.tiff,patch_68,23.266582,22.731607,23.278395,24.254076,26.466377
batch_00750_patch.tiff,patch_69,24.149645,23.483433,23.149258,24.236248,26.25741
batch_00750_patch.tiff,patch_70,24.954199,24.327211,24.923334,23.981682,26.802334
batch_00750_patch.tiff,patch_71,26.089529,24.670301,25.4194,24.188238,27.464485
batch_00750_patch.tiff,patch_72,26.27977,25.72234,25.954096,24.173544,27.550453
batch_00750_patch.tiff,patch_73,24.718702,24.32016,24.330103,23.915154,27.416756
batch_00750_patch.tiff,patch_74,26.019165,23.95386,25.784842,23.660172,28.177351
batch_00750_patch.tiff,patch_75,24.972397,23.951958,24.268263,24.888706,26.57216
batch_00750_patch.tiff,patch_76,25.41766,24.069572,24.006077,23.948305,26.324192
batch_00750_patch.tiff,patch_77,25.388624,24.878063,23.986034,24.09227,26.974735
batch_00750_patch.tiff,patch_78,25.226114,24.250824,24.121582,24.383503,26.174528
batch_00750_patch.tiff,patch_79,25.377947,24.607038,24.582481,23.773817,27.41652
batch_00750_patch.tiff,patch_80,25.764574,24.994656,26.234598,23.279404,26.712141
batch_00750_patch.tiff,patch_81,26.603157,25.301802,25.572403,25.115557,27.423944
batch_00750_patch.tiff,patch_82,26.023563,24.607126,26.55736,24.325966,27.487207
batch_00750_patch.tiff,patch_83,26.001049,24.956844,23.745592,24.605223,26.393751
batch_00750_patch.tiff,patch_84,24.294876,23.997292,22.766493,23.994642,26.798956
batch_00750_patch.tiff,patch_85,25.820158,24.75265,26.557049,23.8674,27.591524
batch_00750_patch.tiff,patch_86,24.951342,24.647238,25.081505,25.014362,27.728626
batch_00750_patch.tiff,patch_87,27.938845,23.905746,28.014816,25.476488,26.786388
batch_00750_patch.tiff,patch_88,26.42531,25.153152,26.117285,24.78586,27.816473
batch_00750_patch.tiff,patch_89,24.853054,25.249413,22.931208,24.422674,27.14108
batch_00750_patch.tiff,patch_90,24.295908,23.956629,23.858545,24.116282,26.499153
batch_00750_patch.tiff,patch_91,23.294231,23.00487,20.6838,24.65323,25.962255
batch_00750_patch.tiff,patch_92,25.747276,25.013233,25.08352,25.078518,26.827168
batch_00750_patch.tiff,patch_93,25.274412,24.861423,25.42065,24.100271,26.944855
batch_00750_patch.tiff,patch_94,25.222391,23.568005,24.853611,24.891222,26.62192
batch_00750_patch.tiff,patch_95,26.76494,23.990118,27.143574,25.19486,27.207811
batch_00750_patch.tiff,patch_96,25.766556,24.13682,26.08916,24.266756,26.651
batch_00750_patch.tiff,patch_97,26.867977,25.20786,24.218863,24.74706,26.652597
batch_00750_patch.tiff,patch_98,25.546778,24.338121,23.505442,24.281193,26.414104
batch_00750_patch.tiff,patch_99,26.093718,23.61654,23.47864,24.100836,25.690435
batch_00750_patch.tiff,patch_100,25.423223,24.071901,23.162476,24.52899,26.836071
batch_00750_patch.tiff,patch_101,26.066868,25.154783,24.175116,24.206982,26.894426
batch_00750_patch.tiff,patch_102,26.028025,24.507362,23.365608,23.929781,26.470478
batch_00750_patch.tiff,patch_103,24.398407,23.653414,24.020212,24.753729,26.13711
batch_00800_patch.tiff,patch_0,26.572752,24.69374,25.462885,23.647701,27.852985
batch_00800_patch.tiff,patch_1,25.003016,24.412542,25.737978,24.11927,26.956512
batch_00800_patch.tiff,patch_2,25.910738,24.513842,25.346453,24.466536,27.555075
batch_00800_patch.tiff,patch_3,25.696077,24.023056,24.41536,23.950993,25.645313
batch_00800_patch.tiff,patch_4,25.922962,25.008745,23.69058,25.019283,26.635231
batch_00800_patch.tiff,patch_5,26.733852,24.37055,25.99595,24.95295,27.61084
batch_00800_patch.tiff,patch_6,26.404982,24.513533,25.525064,25.930527,27.592344
batch_00800_patch.tiff,patch_7,26.135847,24.4463,24.887201,25.161282,27.208149
batch_00800_patch.tiff,patch_8,24.413347,24.024366,24.02777,24.577375,26.685318
batch_00800_patch.tiff,patch_9,24.362452,24.110418,23.316986,24.553366,26.707832
batch_00800_patch.tiff,patch_10,25.508535,24.531765,24.648214,24.044123,26.257278
batch_00800_patch.tiff,patch_11,24.745922,24.697912,23.993704,23.745955,25.785654
batch_00800_patch.tiff,patch_12,25.59359,23.811176,25.8631,24.480452,25.411268
batch_00800_patch.tiff,patch_13,24.291649,23.680819,22.265444,24.78752,26.64883
batch_00800_patch.tiff,patch_14,25.30186,24.96799,25.34626,24.194519,27.474756
batch_00800_patch.tiff,patch_15,26.2123,24.904964,24.218542,23.852135,26.782715
batch_00800_patch.tiff,patch_16,24.687473,24.976456,23.736227,24.465385,26.72529
batch_00800_patch.tiff,patch_17,25.626709,25.099405,23.500326,25.282463,26.991943
batch_00800_patch.tiff,patch_18,25.601572,24.528473,25.274199,24.693144,27.285799
batch_00800_patch.tiff,patch_19,25.311924,24.088982,25.677708,24.069323,26.97516
batch_00800_patch.tiff,patch_20,25.3917,23.246183,24.318228,24.505526,25.678429
batch_00800_patch.tiff,patch_21,25.613895,24.589558,23.488846,25.30646,26.4874
batch_00800_patch.tiff,patch_22,25.865921,23.94422,25.868658,24.801003,25.904774
batch_00800_patch.tiff,patch_23,24.56621,23.821938,24.738857,24.199394,26.027018
batch_00800_patch.tiff,patch_24,24.196198,23.751455,24.160814,23.652582,25.08391
batch_00800_patch.tiff,patch_25,25.005877,23.726412,25.131409,24.305714,24.986986
batch_00800_patch.tiff,patch_26,26.798178,24.347666,26.487446,25.382858,27.312016
batch_00800_patch.tiff,patch_27,25.806147,24.603813,25.792786,24.667696,25.873072
batch_00800_patch.tiff,patch_28,25.82323,25.485548,24.237894,24.674622,27.568663
batch_00800_patch.tiff,patch_29,25.572973,24.632936,25.088026,24.909472,27.515575
batch_00800_patch.tiff,patch_30,24.78088,24.45472,23.27964,25.409473,27.053263
batch_00800_patch.tiff,patch_31,25.821955,24.858715,23.558388,25.676432,25.89787
batch_00800_patch.tiff,patch_32,25.56143,24.577816,24.980349,25.080044,27.565126
batch_00800_patch.tiff,patch_33,26.473854,25.078209,25.996344,25.126953,27.288363
batch_00800_patch.tiff,patch_34,25.823816,24.352621,24.590418,24.656399,27.33205
batch_00800_patch.tiff,patch_35,25.46191,25.321175,25.012074,24.947666,27.397345
batch_00800_patch.tiff,patch_36,25.364801,24.048817,24.515709,24.130875,26.05664
batch_00800_patch.tiff,patch_37,23.624947,23.28903,23.37314,23.50621,25.068409
batch_00800_patch.tiff,patch_38,26.390684,24.880146,24.541422,25.825584,25.492842
batch_00800_patch.tiff,patch_39,25.050608,24.108496,24.596878,24.288294,27.057812
batch_00800_patch.tiff,patch_40,25.68241,24.03384,24.979927,24.374975,26.444103
batch_00800_patch.tiff,patch_41,25.19065,24.743502,25.132965,24.45149,27.475565
batch_00800_patch.tiff,patch_42,24.975103,24.899033,24.336329,24.787672,27.145248
batch_00800_patch.tiff,patch_43,25.357733,24.88614,23.702782,24.336239,26.889944
batch_00800_patch.tiff,patch_44,25.626995,25.551178,23.75583,24.94604,27.044353
batch_00800_patch.tiff,patch_45,24.658632,23.994957,22.95575,24.059877,25.894733
batch_00800_patch.tiff,patch_46,26.405266,25.334646,24.314075,25.528206,27.157738
batch_00800_patch.tiff,patch_47,25.436632,24.443878,24.657797,24.370657,26.694563
batch_00800_patch.tiff,patch_48,25.948097,24.74745,24.134165,25.009068,27.942385
batch_00800_patch.tiff,patch_49,24.318747,24.02886,23.93131,24.005579,25.694235
batch_00800_patch.tiff,patch_50,24.20358,23.887339,24.113901,23.89903,25.390175
batch_00800_patch.tiff,patch_51,24.801538,23.87924,24.623499,23.659624,25.129366
batch_00800_patch.tiff,patch_52,25.684862,23.273767,24.846645,25.104958,25.89636
batch_00800_patch.tiff,patch_53,26.011772,24.072493,26.149786,24.505817,27.082792
batch_00800_patch.tiff,patch_54,24.666601,24.584507,24.002562,24.173779,26.759668
batch_00800_patch.tiff,patch_55,25.81738,24.615614,24.38434,24.387333,26.695255
batch_00800_patch.tiff,patch_56,25.19085,24.565071,25.268507,24.585783,26.62043
batch_00800_patch.tiff,patch_57,26.226337,24.47228,26.47098,23.946276,26.058447
batch_00800_patch.tiff,patch_58,25.209997,24.575884,23.770388,24.512184,27.236162
batch_00800_patch.tiff,patch_59,25.541473,24.642365,24.44542,25.536459,27.307112
batch_00800_patch.tiff,patch_60,26.39955,24.642006,25.508648,24.602062,26.896011
batch_00800_patch.tiff,patch_61,25.297491,23.75524,24.85494,23.910313,24.938128
batch_00800_patch.tiff,patch_62,25.695938,24.849297,25.828722,24.7966,26.044975
batch_00800_patch.tiff,patch_63,23.967232,24.66586,21.980568,24.043922,25.996181
batch_00800_patch.tiff,patch_64,25.489754,25.0001,24.618818,24.42391,27.50417
batch_00800_patch.tiff,patch_65,26.04121,24.371078,24.664907,25.496769,27.119411
batch_00800_patch.tiff,patch_66,25.846718,24.53391,26.902092,24.873184,27.747925
batch_00800_patch.tiff,patch_67,24.733963,23.937063,23.105885,24.875929,25.571884
batch_00800_patch.tiff,patch_68,24.354927,24.378904,23.39357,24.682571,26.048397
batch_00800_patch.tiff,patch_69,25.226543,23.63868,24.31533,26.055931,26.420847
batch_00800_patch.tiff,patch_70,27.330845,25.039242,27.874285,24.51035,26.847614
batch_00800_patch.tiff,patch_71,26.341988,25.302612,25.86768,24.784485,25.854467
batch_00800_patch.tiff,patch_72,25.659477,24.705442,25.868347,24.462997,26.868328
batch_00800_patch.tiff,patch_73,24.524475,24.376131,25.104305,24.229069,26.745346
batch_00800_patch.tiff,patch_74,23.936377,23.629795,22.943438,24.748293,26.791931
batch_00800_patch.tiff,patch_75,25.33682,24.66107,24.211039,25.354923,27.36378
batch_00800_patch.tiff,patch_76,23.795782,24.273153,21.93304,24.646315,25.022816
batch_00800_patch.tiff,patch_77,25.577108,24.97352,25.567383,24.45045,26.799612
batch_00800_patch.tiff,patch_78,25.997131,24.330751,25.191414,25.11097,27.950886
batch_00800_patch.tiff,patch_79,25.205614,24.07757,23.186352,24.711666,26.588152
batch_00800_patch.tiff,patch_80,27.236425,24.783329,28.167057,25.503296,26.468063
batch_00800_patch.tiff,patch_81,26.6133,24.589474,27.657024,24.540638,26.794415
batch_00800_patch.tiff,patch_82,24.232021,23.509815,22.184353,24.999533,25.251
batch_00800_patch.tiff,patch_83,24.246153,23.725887,24.908138,24.002277,26.458662
batch_00800_patch.tiff,patch_84,23.903637,24.460896,22.65364,24.526623,26.243862
batch_00800_patch.tiff,patch_85,24.458668,24.06941,22.322628,24.834639,26.61793
batch_00800_patch.tiff,patch_86,25.189123,24.697699,24.322683,25.190975,26.733656
batch_00800_patch.tiff,patch_87,23.741621,22.860075,22.728786,24.85606,26.131361
batch_00800_patch.tiff,patch_88,25.586897,25.768448,24.822,24.777294,28.231142
batch_00800_patch.tiff,patch_89,25.700697,24.216875,25.980755,24.641802,25.54098
batch_00800_patch.tiff,patch_90,24.230688,23.501852,22.793861,24.430006,24.990324
batch_00800_patch.tiff,patch_91,25.736391,24.117851,21.769127,25.276205,25.980433
batch_00800_patch.tiff,patch_92,25.524221,24.532793,23.020056,24.633358,26.150179
batch_00800_patch.tiff,patch_93,26.738993,25.185791,25.625957,24.303198,28.15637
batch_00800_patch.tiff,patch_94,25.169538,24.399618,24.158484,23.830952,27.357988
batch_00800_patch.tiff,patch_95,25.213314,24.283865,24.773918,24.655046,26.879808
batch_00800_patch.tiff,patch_96,25.376749,24.523333,25.165743,24.547955,25.841692
batch_00800_patch.tiff,patch_97,26.01479,25.305305,24.744781,24.793066,26.930122
batch_00800_patch.tiff,patch_98,26.993347,25.126791,26.816875,24.882418,26.556652
batch_00800_patch.tiff,patch_99,24.377602,23.771944,24.21245,23.683592,25.136732
batch_00800_patch.tiff,patch_100,26.107208,24.593498,25.612835,24.246246,26.529642
batch_00800_patch.tiff,patch_101,23.63928,23.772507,21.403368,25.068064,26.609217
batch_00800_patch.tiff,patch_102,26.162785,24.68343,23.023914,24.52542,26.638039
batch_00800_patch.tiff,patch_103,26.041033,24.40375,23.628138,25.186852,27.27068
batch_00800_patch.tiff,patch_104,25.085688,24.2933,22.377094,24.8728,26.38175
batch_00800_patch.tiff,patch_105,25.394583,24.174383,24.82222,24.958021,26.809673
batch_00800_patch.tiff,patch_106,24.071098,23.373655,22.913092,24.89436,24.949272
batch_00800_patch.tiff,patch_107,24.43026,24.429924,23.087437,24.852112,26.120272
batch_00800_patch.tiff,patch_108,25.34095,26.139584,23.669006,24.673275,27.806894
batch_00800_patch.tiff,patch_109,26.13244,24.874062,25.566814,25.0815,27.292728
batch_00800_patch.tiff,patch_110,27.195496,25.386389,27.802505,24.578583,26.935799
batch_00800_patch.tiff,patch_111,25.57345,24.42814,25.511852,24.081724,25.57138
batch_00800_patch.tiff,patch_112,24.257734,24.523418,23.574915,24.032515,26.089293
batch_00800_patch.tiff,patch_113,25.59125,25.226318,23.400112,24.78408,26.562754
batch_00800_patch.tiff,patch_114,24.715212,24.953447,22.441643,24.810959,26.219433
batch_00800_patch.tiff,patch_115,25.482292,24.622147,23.243383,25.025526,26.66074
batch_00800_patch.tiff,patch_116,26.557487,24.647175,25.174986,24.897736,26.796686
batch_00800_patch.tiff,patch_117,27.010717,25.095665,26.450178,25.542044,27.09389
batch_00800_patch.tiff,patch_118,25.634893,24.952911,23.525406,25.318968,26.12227
batch_00800_patch.tiff,patch_119,24.578966,24.720806,22.935734,25.137005,25.869925
batch_00800_patch.tiff,patch_120,26.184664,24.720613,24.63664,25.01314,27.548662
batch_00800_patch.tiff,patch_121,25.41089,24.429596,24.651976,24.492525,26.502108
batch_00800_patch.tiff,patch_122,26.192684,24.47055,28.049961,23.648834,26.257076
batch_00800_patch.tiff,patch_123,26.368187,24.885685,26.34773,24.112461,26.414047
batch_00800_patch.tiff,patch_124,25.56111,24.035595,24.960152,24.432415,27.192228
batch_00800_patch.tiff,patch_125,24.275574,23.807829,22.450693,23.99416,25.94348
batch_00800_patch.tiff,patch_126,25.397646,23.723318,23.191378,24.450062,26.426846
batch_00800_patch.tiff,patch_127,25.467924,24.452497,25.063135,24.6718,27.010904
batch_00800_patch.tiff,patch_128,23.474384,23.981283,21.58838,24.796715,26.123158
batch_00800_patch.tiff,patch_129,25.61292,24.08912,24.289167,25.03208,27.070597
batch_00800_patch.tiff,patch_130,26.376461,25.584578,25.459146,24.538069,27.256672
batch_00800_patch.tiff,patch_131,24.739416,24.374344,24.13721,24.413456,26.648415
batch_00800_patch.tiff,patch_132,25.325575,22.119104,24.38457,24.328863,26.014927
batch_00800_patch.tiff,patch_133,26.287916,22.544884,27.980366,25.300383,27.969
batch_00800_patch.tiff,patch_134,24.841503,24.018133,23.774809,24.260115,25.643124
batch_00800_patch.tiff,patch_135,23.836693,23.354149,22.0659,24.688255,25.909088
batch_00800_patch.tiff,patch_136,25.842169,24.77816,25.664145,24.228825,27.213072
batch_00800_patch.tiff,patch_137,24.881973,24.495533,23.811308,24.281874,25.818975
batch_00800_patch.tiff,patch_138,23.044586,22.99228,21.555128,24.392075,26.059109
batch_00800_patch.tiff,patch_139,25.161106,24.928623,23.443756,25.053074,27.354427
batch_00800_patch.tiff,patch_140,26.445456,23.468473,27.363766,25.4653,27.697088
batch_00800_patch.tiff,patch_141,25.046898,24.86765,22.98168,24.313812,26.688232
batch_00800_patch.tiff,patch_142,24.406849,23.852991,22.838081,24.40495,25.720333
batch_00800_patch.tiff,patch_143,25.040688,24.739899,23.369839,24.787046,26.95802
batch_00800_patch.tiff,patch_144,24.084377,23.873003,22.27906,24.871807,25.716072
batch_00800_patch.tiff,patch_145,25.15646,25.003223,23.89124,24.481377,27.162046
batch_00800_patch.tiff,patch_146,25.46579,24.898333,25.703972,24.754152,27.359686
batch_00800_patch.tiff,patch_147,24.75822,24.491205,24.89506,23.66342,25.84591
batch_00800_patch.tiff,patch_148,26.014627,23.465635,27.042984,23.975597,25.8572
batch_00800_patch.tiff,patch_149,26.087677,24.851545,25.363037,24.403559,26.125309
batch_00800_patch.tiff,patch_150,26.979166,25.30133,27.521023,24.37257,26.741337
batch_00850_patch.tiff,patch_0,25.505579,24.817448,25.339493,24.390036,25.530897
batch_00850_patch.tiff,patch_1,26.38574,24.74003,28.029621,24.088694,26.298727
batch_00850_patch.tiff,patch_2,26.015594,24.162352,26.432232,23.578173,26.069145
batch_00850_patch.tiff,patch_3,26.348501,24.788475,27.879684,23.772429,26.957253
batch_00850_patch.tiff,patch_4,25.775627,24.586092,25.5022,24.3416,27.0191
batch_00850_patch.tiff,patch_5,24.553102,24.555138,24.70716,24.030037,26.92769
batch_00850_patch.tiff,patch_6,25.345768,24.928179,23.234749,25.018574,26.081049
batch_00850_patch.tiff,patch_7,24.052856,23.930391,23.447958,24.66892,25.925188
batch_00850_patch.tiff,patch_8,25.209639,24.15027,24.199,22.317776,26.419123
batch_00850_patch.tiff,patch_9,25.080708,24.974945,24.124182,24.338562,25.922405
batch_00850_patch.tiff,patch_10,25.62061,23.056307,24.498934,24.12194,26.781477
batch_00850_patch.tiff,patch_11,27.020975,24.737835,27.200922,24.389473,28.527514
batch_00850_patch.tiff,patch_12,24.71513,24.788954,23.29016,23.844978,24.32952
batch_00850_patch.tiff,patch_13,23.802008,23.312737,23.12382,23.63442,25.32355
batch_00850_patch.tiff,patch_14,24.923958,24.421572,23.50754,24.380684,26.192066
batch_00850_patch.tiff,patch_15,26.170467,24.31353,26.411753,23.931337,26.319572
batch_00850_patch.tiff,patch_16,25.36398,24.571959,25.667446,24.409756,26.098587
batch_00850_patch.tiff,patch_17,24.581186,24.988468,25.201965,24.366392,27.025053
batch_00850_patch.tiff,patch_18,24.763422,24.810596,23.24687,24.985407,26.128508
batch_00850_patch.tiff,patch_19,26.081831,24.581316,25.795044,24.511051,27.857176
batch_00850_patch.tiff,patch_20,25.286482,24.801517,24.64911,24.469416,26.004269
batch_00850_patch.tiff,patch_21,23.577288,23.499315,24.158571,23.878767,26.16722
batch_00850_patch.tiff,patch_22,24.197256,23.790539,24.22917,23.616781,24.899254
batch_00850_patch.tiff,patch_23,25.139462,23.877241,25.686934,24.18944,28.088379
batch_00850_patch.tiff,patch_24,25.215334,23.665653,24.217058,24.164701,26.915146
batch_00850_patch.tiff,patch_25,24.536928,24.719738,25.350292,23.380156,25.204779
batch_00850_patch.tiff,patch_26,25.980234,23.887823,26.639078,24.3147,25.967379
batch_00850_patch.tiff,patch_27,26.672781,24.862274,28.034988,24.727737,26.908167
batch_00850_patch.tiff,patch_28,27.372591,24.606657,28.311596,24.836548,27.494104
batch_00850_patch.tiff,patch_29,25.07455,24.400915,23.399931,24.768354,26.828112
batch_00850_patch.tiff,patch_30,25.499073,24.689455,24.536589,24.424881,26.064108
batch_00850_patch.tiff,patch_31,24.348667,23.783236,24.045597,24.096508,26.046051
batch_00850_patch.tiff,patch_32,26.16568,25.375315,25.61335,24.92028,26.182194
batch_00850_patch.tiff,patch_33,24.79318,25.342457,24.01158,24.293,26.702337
batch_00850_patch.tiff,patch_34,25.337286,24.500793,24.588394,24.357471,26.123234
batch_00850_patch.tiff,patch_35,27.307587,23.882301,28.06519,24.657154,28.108892
batch_00850_patch.tiff,patch_36,27.313452,23.788137,27.886177,24.839804,26.883707
batch_00850_patch.tiff,patch_37,23.657818,24.560953,24.16387,23.111942,24.108088
batch_00850_patch.tiff,patch_38,27.006634,25.19524,29.05815,24.899364,27.294287
batch_00850_patch.tiff,patch_39,27.231634,24.665556,28.019789,25.29274,27.079216
batch_00850_patch.tiff,patch_40,27.212427,24.395393,27.16035,24.924385,27.070467
batch_00850_patch.tiff,patch_41,27.515148,24.90843,28.648685,25.12347,27.81837
batch_00850_patch.tiff,patch_42,23.594328,23.195158,23.31244,24.30222,25.15614
batch_00850_patch.tiff,patch_43,24.519663,24.691025,25.005283,24.186275,26.462019
batch_00850_patch.tiff,patch_44,24.90332,23.601534,24.886879,23.903137,26.768053
batch_00850_patch.tiff,patch_45,24.68883,24.745451,24.013384,24.591501,26.801228
batch_00850_patch.tiff,patch_46,24.788538,24.881487,25.21182,23.297771,26.580915
batch_00850_patch.tiff,patch_47,25.681643,23.633291,24.775532,23.687927,26.217598
batch_00850_patch.tiff,patch_48,26.54951,23.181591,26.610384,25.125551,27.530663
batch_00850_patch.tiff,patch_49,27.780231,24.746595,28.496378,25.58332,28.788546
batch_00850_patch.tiff,patch_50,26.02992,24.810345,26.654684,23.797632,25.056063
batch_00850_patch.tiff,patch_51,26.543634,24.756617,26.06484,24.894068,25.633472
batch_00850_patch.tiff,patch_52,27.193983,24.232466,27.545156,25.787125,25.99752
batch_00850_patch.tiff,patch_53,27.000504,24.626421,28.478558,24.213984,27.087181
batch_00850_patch.tiff,patch_54,26.565813,24.33997,28.461306,24.277613,26.56043
batch_00850_patch.tiff,patch_55,24.814007,24.652193,23.933634,24.619755,26.7473
batch_00850_patch.tiff,patch_56,25.635366,24.018887,23.45576,23.550604,27.307734
batch_00850_patch.tiff,patch_57,24.936556,24.784939,24.914936,24.05404,26.698334
batch_00850_patch.tiff,patch_58,25.352306,25.522263,24.475882,24.97385,26.263165
batch_00850_patch.tiff,patch_59,25.105915,24.51718,25.889305,23.387781,27.737309
batch_00850_patch.tiff,patch_60,26.020443,24.665482,26.15404,24.129221,27.12931
batch_00850_patch.tiff,patch_61,27.343544,24.619593,27.666777,25.328049,26.972763
batch_00850_patch.tiff,patch_62,27.64465,24.521198,28.03719,24.762667,26.45823
batch_00850_patch.tiff,patch_63,27.305319,24.465534,27.707218,24.428833,25.800518
batch_00850_patch.tiff,patch_64,26.632132,24.517984,27.101652,24.351706,25.547234
batch_00850_patch.tiff,patch_65,25.772097,24.152632,24.220459,24.607925,27.448074
batch_00850_patch.tiff,patch_66,25.667025,24.006554,24.14512,24.946714,27.183521
batch_00850_patch.tiff,patch_67,25.246044,25.037779,25.63324,24.783054,27.200195
batch_00850_patch.tiff,patch_68,25.072538,25.012249,24.238852,24.817568,26.965921
batch_00850_patch.tiff,patch_69,25.459219,25.277693,25.430878,24.068811,27.681225
batch_00850_patch.tiff,patch_70,25.46695,24.463194,25.280983,24.27394,27.988281
batch_00850_patch.tiff,patch_71,25.62308,24.920135,25.923992,23.557053,25.999489
batch_00850_patch.tiff,patch_72,23.95191,23.637873,24.461128,22.063526,25.439472
batch_00850_patch.tiff,patch_73,27.049046,24.414673,27.516949,24.753035,26.92076
batch_00850_patch.tiff,patch_74,26.757763,24.749775,28.445189,24.04731,26.457401
batch_00850_patch.tiff,patch_75,26.39972,24.71383,28.576675,23.777481,26.800838
batch_00850_patch.tiff,patch_76,25.435213,24.97632,25.337774,24.032259,26.848299
batch_00850_patch.tiff,patch_77,25.988289,24.889162,25.73437,24.00524,27.540989
batch_00850_patch.tiff,patch_78,26.22392,24.599808,24.81021,23.711367,27.056158
batch_00850_patch.tiff,patch_79,24.07318,23.477993,23.62353,23.555954,26.645605
batch_00850_patch.tiff,patch_80,23.755743,23.626364,25.188374,21.749468,25.380493
batch_00850_patch.tiff,patch_81,23.987097,24.290802,25.47881,22.56423,25.390402
batch_00850_patch.tiff,patch_82,26.950468,25.216335,26.061686,25.164736,26.629004
batch_00850_patch.tiff,patch_83,26.709587,24.46693,26.491879,24.843542,25.752182
batch_00850_patch.tiff,patch_84,26.635494,24.134745,26.881006,25.22132,25.72485
batch_00850_patch.tiff,patch_85,26.466043,24.507061,27.590015,24.476267,25.63161
batch_00850_patch.tiff,patch_86,25.680174,23.84714,24.951363,24.3187,26.768501
batch_00850_patch.tiff,patch_87,25.517572,24.440615,24.449085,24.510458,26.770796
batch_00850_patch.tiff,patch_88,26.210163,24.74303,25.952486,24.930464,27.890078
batch_00850_patch.tiff,patch_89,24.82503,25.085146,23.670755,25.084555,26.079012
batch_00850_patch.tiff,patch_90,26.207249,25.109194,26.488821,24.08412,27.232094
batch_00850_patch.tiff,patch_91,25.685646,24.921007,25.649569,24.206749,26.079678
batch_00850_patch.tiff,patch_92,24.886572,24.232002,24.996916,23.103737,25.549028
batch_00850_patch.tiff,patch_93,24.989296,25.475544,25.148245,23.107866,26.250454
batch_00850_patch.tiff,patch_94,24.777077,23.861134,24.971245,23.394514,25.38719
batch_00850_patch.tiff,patch_95,27.510601,24.468832,27.881792,24.615778,26.800268
batch_00850_patch.tiff,patch_96,25.785484,24.539255,24.205046,24.325188,25.928936
batch_00850_patch.tiff,patch_97,27.119614,24.144669,27.712265,25.43461,26.815971
batch_00850_patch.tiff,patch_98,23.863426,23.742863,23.410866,24.475782,25.626528
batch_00850_patch.tiff,patch_99,25.08202,24.764515,24.079655,24.21661,25.100786
batch_00850_patch.tiff,patch_100,25.044783,24.87842,25.06376,24.372156,26.561445
batch_00850_patch.tiff,patch_101,26.46954,24.793884,25.615757,25.089302,27.013214
batch_00850_patch.tiff,patch_102,25.610134,25.10786,25.614943,24.59233,27.38024
batch_00850_patch.tiff,patch_103,25.908031,24.775652,25.541431,24.207108,27.106619
batch_00850_patch.tiff,patch_104,24.882284,23.994959,24.952724,23.050964,24.933104
batch_00850_patch.tiff,patch_105,24.697454,25.251762,24.841646,23.381958,25.91865
batch_00850_patch.tiff,patch_106,27.290434,25.098661,27.019144,24.71082,27.400661
batch_00850_patch.tiff,patch_107,26.47042,24.972918,27.5985,24.117374,26.744936
batch_00850_patch.tiff,patch_108,25.81625,24.857405,25.259697,24.70361,26.513206
batch_00850_patch.tiff,patch_109,25.853088,23.402534,25.185886,24.298855,25.759607
batch_00850_patch.tiff,patch_110,24.537945,24.046844,23.149603,24.408293,25.964424
batch_00850_patch.tiff,patch_111,25.621065,24.753038,24.196959,24.80095,26.658134
batch_00850_patch.tiff,patch_112,25.809317,24.641369,25.71688,24.627954,26.404297
batch_00850_patch.tiff,patch_113,25.507456,24.23891,24.76825,24.425295,27.030073
batch_00850_patch.tiff,patch_114,25.806694,24.76185,24.680008,24.773464,27.002562
batch_00850_patch.tiff,patch_115,23.56978,24.373627,24.653395,22.91856,25.791348
batch_00850_patch.tiff,patch_116,27.145275,25.549034,28.104942,24.55817,27.066668
batch_00850_patch.tiff,patch_117,26.57061,25.721087,27.67173,24.632095,27.490772
batch_00850_patch.tiff,patch_118,26.624706,24.723286,26.041767,24.396223,26.987612
batch_00850_patch.tiff,patch_119,26.397968,23.912535,27.103865,24.625551,25.495289
batch_00850_patch.tiff,patch_120,24.884047,24.59516,24.72293,24.535511,25.74425
batch_00850_patch.tiff,patch_121,23.970318,24.044565,22.818426,24.155043,25.142889
batch_00850_patch.tiff,patch_122,26.020649,24.132322,23.01399,23.753935,26.367022
batch_00850_patch.tiff,patch_123,24.535757,23.705696,22.058558,23.378147,25.855474
batch_00850_patch.tiff,patch_124,26.876047,25.26148,24.14326,24.151249,27.04423
batch_00850_patch.tiff,patch_125,26.53693,24.42458,27.115889,23.945755,25.896648
batch_00850_patch.tiff,patch_126,24.000921,23.984804,24.734297,22.511961,25.333109
batch_00850_patch.tiff,patch_127,24.325434,24.749853,25.563353,22.835127,25.375616
batch_00850_patch.tiff,patch_128,25.85555,25.109013,27.061253,24.33608,26.277029
batch_00850_patch.tiff,patch_129,26.326147,23.946507,27.684093,24.301208,26.39866
batch_00850_patch.tiff,patch_130,26.6459,24.68568,27.186773,24.585253,26.238186
batch_00850_patch.tiff,patch_131,26.836931,24.00832,25.327919,25.844194,25.886633
batch_00850_patch.tiff,patch_132,25.819525,23.966297,25.141905,24.174591,26.585327
batch_00850_patch.tiff,patch_133,25.588545,24.522345,23.741774,24.922207,26.903725
batch_00850_patch.tiff,patch_134,27.340712,25.763784,24.747702,24.18606,28.241732
batch_00850_patch.tiff,patch_135,24.212772,23.802519,23.55379,23.96172,26.412619
batch_00850_patch.tiff,patch_136,25.67549,23.89659,23.456848,24.656656,26.6969
batch_00850_patch.tiff,patch_137,25.87395,24.280632,25.431007,23.76954,25.632101
batch_00850_patch.tiff,patch_138,25.313799,24.487293,24.791721,24.148893,26.154165
batch_00850_patch.tiff,patch_139,24.332146,24.069202,24.735327,24.637308,27.344076
batch_00850_patch.tiff,patch_140,26.736227,24.668325,27.982992,24.654314,26.410686
batch_00850_patch.tiff,patch_141,26.1179,23.808397,25.563013,24.296484,25.241629
batch_00850_patch.tiff,patch_142,26.467037,24.114166,27.732115,24.283682,26.0054
batch_00850_patch.tiff,patch_143,26.842537,24.618687,26.575127,24.856682,25.898527
batch_00850_patch.tiff,patch_144,26.198345,24.651205,26.083696,24.875303,27.460257
batch_00850_patch.tiff,patch_145,25.521362,24.057436,24.605867,23.850706,26.540956
batch_00850_patch.tiff,patch_146,24.86565,24.255981,23.17293,24.075329,25.390945
batch_00850_patch.tiff,patch_147,24.727749,24.70402,24.64654,23.827951,26.272367
batch_00850_patch.tiff,patch_148,25.761644,24.562284,26.87523,22.79698,26.031776
batch_00850_patch.tiff,patch_149,25.694147,24.619001,25.661903,23.393223,26.487362
batch_00850_patch.tiff,patch_150,25.53746,24.75506,25.225096,24.04204,26.59728
batch_00850_patch.tiff,patch_151,25.349567,23.31361,25.022886,23.848385,25.909555
batch_00850_patch.tiff,patch_152,25.839964,23.23903,26.087248,24.04694,25.158442
batch_00850_patch.tiff,patch_153,26.626617,24.640308,27.63687,23.685358,26.53692
batch_00850_patch.tiff,patch_154,25.817568,23.840002,26.89458,24.072617,25.357037
batch_00850_patch.tiff,patch_155,25.93126,23.928467,25.758915,23.911108,25.543987
batch_00850_patch.tiff,patch_156,25.32108,24.26298,25.236258,24.81719,26.729465
batch_00850_patch.tiff,patch_157,25.84256,24.532581,23.285671,24.708557,26.60722
batch_00850_patch.tiff,patch_158,26.027481,24.962711,25.757505,24.262634,28.331186
batch_00850_patch.tiff,patch_159,25.746595,25.137386,25.867317,24.080082,27.24865
batch_00850_patch.tiff,patch_160,26.700953,25.494593,26.167248,24.119806,27.165775
batch_00850_patch.tiff,patch_161,24.754158,24.633474,24.914755,23.315155,25.305914
batch_00850_patch.tiff,patch_162,24.268833,24.255676,25.746378,22.880697,26.4691
batch_00850_patch.tiff,patch_163,24.942799,24.426554,26.201351,23.429697,26.959415
batch_00850_patch.tiff,patch_164,26.712448,23.478224,27.283955,25.202978,26.708889
batch_00850_patch.tiff,patch_165,26.661026,24.103773,27.85687,25.401257,28.334167
batch_00850_patch.tiff,patch_166,25.138647,24.271835,25.114883,23.87523,26.72212
batch_00850_patch.tiff,patch_167,24.534101,24.46345,25.258526,23.849422,27.044807
batch_00850_patch.tiff,patch_168,24.915508,24.055136,23.834808,24.37743,26.47747
batch_00850_patch.tiff,patch_169,25.601461,24.297945,24.797659,24.263178,27.096178
batch_00850_patch.tiff,patch_170,25.315939,24.736185,24.260124,24.855988,26.7417
batch_00850_patch.tiff,patch_171,25.205866,24.886694,24.991255,24.45862,27.416388
batch_00850_patch.tiff,patch_172,25.557808,24.810291,25.485472,24.353804,26.783373
batch_00850_patch.tiff,patch_173,25.027185,24.161991,25.65583,23.13231,25.381254
batch_00850_patch.tiff,patch_174,23.888798,23.920372,24.035936,23.681131,25.681917
batch_00900_patch.tiff,patch_0,24.835968,26.434477,25.11352,22.948784,24.629698
batch_00900_patch.tiff,patch_1,25.776176,25.127176,26.42473,23.723873,24.522003
batch_00900_patch.tiff,patch_2,25.065002,24.780865,24.671162,23.325773,26.295984
batch_00900_patch.tiff,patch_3,26.571377,23.678745,24.764746,24.600222,25.819052
batch_00900_patch.tiff,patch_4,24.742405,23.0004,22.162336,23.492561,25.224323
batch_00900_patch.tiff,patch_5,25.118753,22.812006,22.592175,24.245228,25.346342
batch_00900_patch.tiff,patch_6,25.373709,23.389174,26.036943,25.099176,26.68603
batch_00900_patch.tiff,patch_7,26.317343,23.492445,26.331135,24.619785,27.270931
batch_00900_patch.tiff,patch_8,25.426546,21.94916,23.063251,25.594513,23.529823
batch_00900_patch.tiff,patch_9,26.114607,22.157236,25.652824,25.673014,23.552486
batch_00900_patch.tiff,patch_10,25.90454,24.105867,23.708002,26.620312,23.659557
batch_00900_patch.tiff,patch_11,26.12215,25.28827,24.127325,25.156092,26.105068
batch_00900_patch.tiff,patch_12,24.829294,25.68571,24.270844,23.24517,24.92011
batch_00900_patch.tiff,patch_13,26.13449,24.424044,25.49369,22.986862,27.234957
batch_00900_patch.tiff,patch_14,25.865753,24.902807,25.149399,22.456575,26.880379
batch_00900_patch.tiff,patch_15,24.980068,23.151794,23.624859,24.012054,26.105928
batch_00900_patch.tiff,patch_16,24.513088,22.576876,22.897324,23.41498,26.083168
batch_00900_patch.tiff,patch_17,25.999815,23.943022,23.824772,25.278236,27.448023
batch_00900_patch.tiff,patch_18,23.948706,23.29255,23.012142,23.620323,26.307228
batch_00900_patch.tiff,patch_19,27.601662,22.779133,24.519077,23.133127,26.050415
batch_00900_patch.tiff,patch_20,27.083744,22.63312,26.378084,24.203323,25.605957
batch_00900_patch.tiff,patch_21,25.31847,23.24366,23.446663,26.383923,24.307339
batch_00900_patch.tiff,patch_22,25.063217,25.65397,24.920082,23.191847,24.928108
batch_00900_patch.tiff,patch_23,25.431763,24.957457,23.8891,24.225811,24.384317
batch_00900_patch.tiff,patch_24,26.792997,22.15592,28.342047,24.73882,25.810274
batch_00900_patch.tiff,patch_25,27.263489,23.051216,28.456184,24.23626,26.161865
batch_00900_patch.tiff,patch_26,25.910217,23.425325,23.142359,24.46657,26.034906
batch_00900_patch.tiff,patch_27,25.702328,23.4104,23.060371,23.998234,25.904737
batch_00900_patch.tiff,patch_28,26.163086,24.984587,26.306128,24.473719,25.682608
batch_00900_patch.tiff,patch_29,26.194832,25.48077,26.504934,25.139523,25.751324
batch_00900_patch.tiff,patch_30,25.184685,21.020857,20.816103,23.439354,24.612888
batch_00900_patch.tiff,patch_31,27.404966,22.664597,27.336227,24.31061,25.890562
batch_00900_patch.tiff,patch_32,25.16339,25.491064,24.559961,23.70893,25.355593
batch_00900_patch.tiff,patch_33,24.18479,25.363464,25.23119,23.050804,24.444307
batch_00900_patch.tiff,patch_34,27.123663,23.490309,26.824783,23.815117,26.630882
batch_00900_patch.tiff,patch_35,27.25232,22.62914,28.37048,24.546963,25.324694
batch_00900_patch.tiff,patch_36,25.25262,23.290686,23.258892,22.958347,26.305313
batch_00900_patch.tiff,patch_37,24.6424,22.896086,22.788944,23.685019,26.022142
batch_00900_patch.tiff,patch_38,26.911264,23.895622,26.641106,23.817019,25.975906
batch_00900_patch.tiff,patch_39,25.798157,23.399931,26.315994,23.600103,26.395891
batch_00900_patch.tiff,patch_40,25.793734,22.749592,24.967278,24.52416,24.508524
batch_00900_patch.tiff,patch_41,26.570593,22.234028,25.949606,24.616869,24.956379
batch_00900_patch.tiff,patch_42,24.79233,24.16532,23.234941,25.181307,27.023119
batch_00900_patch.tiff,patch_43,27.070854,24.471506,27.221935,25.558134,27.061201
batch_00900_patch.tiff,patch_44,26.0756,23.540194,25.502556,23.796461,25.435843
batch_00900_patch.tiff,patch_45,26.499765,23.753017,28.258726,24.995665,25.217373
batch_00900_patch.tiff,patch_46,24.370571,24.150694,21.399643,24.338224,24.780493
batch_00900_patch.tiff,patch_47,23.811693,23.718899,21.894205,24.22812,25.258093
batch_00900_patch.tiff,patch_48,25.704203,23.546034,26.64843,24.114218,26.122068
batch_00900_patch.tiff,patch_49,25.87898,23.803352,27.2922,23.863745,25.371262
batch_00900_patch.tiff,patch_50,26.271849,21.780478,23.948458,25.217052,24.676231
batch_00900_patch.tiff,patch_51,24.78474,21.948738,24.450312,23.80282,23.484224
batch_00900_patch.tiff,patch_52,24.925058,23.890923,26.145882,24.255533,27.211208
batch_00900_patch.tiff,patch_53,26.354761,24.026257,25.884735,24.830881,27.885117
batch_00900_patch.tiff,patch_54,24.620033,22.41342,27.31586,23.169504,25.000696
batch_00900_patch.tiff,patch_55,25.04613,23.346697,25.53768,24.75893,25.10268
batch_00900_patch.tiff,patch_56,26.163364,23.820616,25.623714,24.78483,25.474379
batch_00900_patch.tiff,patch_57,25.780346,22.998278,25.39783,25.646694,24.977184
batch_00900_patch.tiff,patch_58,26.042583,24.09949,25.784477,24.769402,24.904493
batch_00900_patch.tiff,patch_59,25.897081,23.49719,23.315065,24.987621,25.267702
batch_00900_patch.tiff,patch_60,27.111132,22.240324,27.002392,25.036678,25.815067
batch_00900_patch.tiff,patch_61,26.3725,22.577883,24.792639,24.525396,25.997356
batch_00900_patch.tiff,patch_62,24.957893,24.507093,24.659044,23.072483,24.914375
batch_00900_patch.tiff,patch_63,24.559633,24.135098,25.188862,22.868948,24.386814
batch_00900_patch.tiff,patch_64,25.467775,23.650305,25.363428,23.294252,25.485992
batch_00900_patch.tiff,patch_65,25.422215,24.183586,24.722137,23.451456,26.169004
batch_00900_patch.tiff,patch_66,24.761843,22.685015,22.957426,25.813467,24.386549
batch_00900_patch.tiff,patch_67,24.518728,23.317806,23.437935,24.32485,24.09978
batch_00900_patch.tiff,patch_68,26.787653,23.17572,25.694351,23.2542,25.904654
batch_00900_patch.tiff,patch_69,26.475113,23.111462,25.86206,24.497883,25.854544
batch_00900_patch.tiff,patch_70,27.099564,24.66543,26.38214,25.09255,27.357605
batch_00900_patch.tiff,patch_71,25.119268,26.001863,25.049805,23.337498,24.610237
batch_00900_patch.tiff,patch_72,24.514912,24.5713,25.65823,22.80781,24.534424
batch_00900_patch.tiff,patch_73,25.754023,22.948898,23.263107,24.082111,26.836
batch_00900_patch.tiff,patch_74,25.878412,23.658735,24.126509,24.098616,25.62649
batch_00900_patch.tiff,patch_75,24.85249,23.27641,23.469383,25.90302,25.501886
batch_00900_patch.tiff,patch_76,24.478222,23.041264,21.463842,24.73799,24.682861
batch_00900_patch.tiff,patch_77,25.993996,22.891304,26.959272,25.271563,24.913818
batch_00900_patch.tiff,patch_78,26.92612,23.609913,27.637508,25.239958,25.752642
batch_00900_patch.tiff,patch_79,27.37322,25.237904,26.891182,25.25008,28.546856
batch_00900_patch.tiff,patch_80,26.183472,24.354038,25.327957,24.717712,27.835663
batch_00900_patch.tiff,patch_81,27.579062,23.889446,24.875065,24.859053,26.272772
batch_00900_patch.tiff,patch_82,27.786129,23.83417,28.043238,25.067791,25.978806
batch_00900_patch.tiff,patch_83,25.387547,24.62434,25.185856,23.687038,26.430927
batch_00900_patch.tiff,patch_84,24.118505,23.216366,25.103456,22.431116,23.936369
batch_00900_patch.tiff,patch_85,25.292982,22.630543,22.271263,23.529726,26.160677
batch_00900_patch.tiff,patch_86,26.02718,22.820566,23.352575,23.889816,25.72493
batch_00900_patch.tiff,patch_87,27.783928,23.718481,28.605236,23.878284,26.069675
batch_00900_patch.tiff,patch_88,25.660633,21.781954,26.551113,23.984465,23.419163
batch_00900_patch.tiff,patch_89,26.382246,23.144497,25.806551,25.830393,26.081863
batch_00900_patch.tiff,patch_90,26.17421,23.003403,23.442661,23.21828,25.84636
batch_00900_patch.tiff,patch_91,26.568436,24.530104,25.974283,24.828753,26.564608
batch_00900_patch.tiff,patch_92,27.547287,24.088434,28.110323,24.773628,26.534391
batch_00900_patch.tiff,patch_93,25.715672,24.213438,24.443764,23.646782,25.430807
batch_00900_patch.tiff,patch_94,25.338406,24.46387,24.940285,23.750015,25.236124
batch_00900_patch.tiff,patch_95,24.66436,23.318808,23.827024,23.704248,24.744854
batch_00900_patch.tiff,patch_96,25.220009,22.910845,23.03818,24.616035,24.132738
batch_00900_patch.tiff,patch_97,27.079659,23.8541,28.13769,23.673897,25.531746
batch_00900_patch.tiff,patch_98,26.404018,23.553972,25.418362,25.01907,25.071781
batch_00900_patch.tiff,patch_99,24.841307,21.677523,21.361227,24.676767,24.612154
batch_00900_patch.tiff,patch_100,26.2976,22.499027,25.160532,24.582739,24.83771
batch_00900_patch.tiff,patch_101,26.546288,25.234259,27.333267,24.316174,26.334305
batch_00900_patch.tiff,patch_102,27.56206,24.752089,25.667507,24.92052,26.726492
batch_00900_patch.tiff,patch_103,25.879528,23.447329,25.909002,24.840609,26.40451
batch_00900_patch.tiff,patch_104,25.206953,23.289589,24.531382,25.572302,25.779104
batch_00900_patch.tiff,patch_105,24.917606,22.409853,22.593533,24.389568,25.870914
batch_00900_patch.tiff,patch_106,24.93261,23.588602,22.876858,22.98712,26.204187
batch_00900_patch.tiff,patch_107,26.55899,22.567965,25.534237,24.534859,25.466835
batch_00900_patch.tiff,patch_108,27.707207,22.885918,26.381947,24.972271,25.474867
batch_00900_patch.tiff,patch_109,25.79207,23.449072,24.951843,25.69613,24.744986
batch_00900_patch.tiff,patch_110,25.787338,22.829268,24.362654,25.384155,24.273676
batch_00900_patch.tiff,patch_111,27.331223,23.850739,26.36073,24.922388,26.018114
batch_00900_patch.tiff,patch_112,27.136448,24.446928,25.248585,24.343027,26.61748
batch_00900_patch.tiff,patch_113,25.74231,25.044062,23.91072,25.714396,27.134787
batch_00900_patch.tiff,patch_114,26.63887,23.115053,25.773678,25.768684,27.416025
batch_00900_patch.tiff,patch_115,25.967697,22.807627,24.836767,25.455206,25.93164
batch_00900_patch.tiff,patch_116,24.513916,22.336294,21.682775,25.425472,23.961061
batch_00900_patch.tiff,patch_117,26.184351,24.64174,26.736668,25.005262,24.880789
batch_00900_patch.tiff,patch_118,26.143806,24.28011,27.0731,24.473116,24.64414
batch_00900_patch.tiff,patch_119,26.05199,23.011238,23.687271,24.896547,25.363815
batch_00900_patch.tiff,patch_120,26.708035,21.499166,24.432043,25.077448,23.56916
batch_00900_patch.tiff,patch_121,26.22149,25.184162,23.669191,24.847145,25.929216
batch_00900_patch.tiff,patch_122,25.931435,24.5267,24.332415,24.126364,26.075823
batch_00900_patch.tiff,patch_123,25.611034,23.471407,25.262613,24.961567,25.229122
batch_00900_patch.tiff,patch_124,25.05104,23.982758,24.829245,23.80363,25.681051
batch_00900_patch.tiff,patch_125,24.95028,22.332462,22.951591,26.00994,24.98869
batch_00900_patch.tiff,patch_126,25.982687,23.194645,23.466522,23.431498,26.62106
batch_00900_patch.tiff,patch_127,26.86634,21.90348,24.51657,22.188408,26.068422
batch_00900_patch.tiff,patch_128,26.266356,21.913008,23.1416,25.864296,24.578058
batch_00900_patch.tiff,patch_129,24.595076,23.799261,23.891861,25.010162,25.752216
batch_00900_patch.tiff,patch_130,24.701345,23.569633,23.719831,25.369612,25.862728
batch_00900_patch.tiff,patch_131,26.45412,24.240805,26.74091,25.430744,27.251284
batch_00900_patch.tiff,patch_132,26.4446,23.98371,24.092537,23.214094,26.694593
batch_00900_patch.tiff,patch_133,24.78703,23.774576,22.653057,23.157993,24.652046
batch_00900_patch.tiff,patch_134,25.189703,23.551414,25.28755,23.443321,25.705719
batch_00900_patch.tiff,patch_135,25.181137,22.933624,22.836971,23.737663,25.63518
batch_00900_patch.tiff,patch_136,25.835863,22.08365,22.108278,24.327496,25.098223
batch_00900_patch.tiff,patch_137,25.485191,22.508284,23.418793,24.286572,24.739073
batch_00900_patch.tiff,patch_138,26.363443,22.107449,22.631886,23.974493,25.100012
batch_00900_patch.tiff,patch_139,26.405924,22.680208,23.81517,24.717522,24.865067
batch_00900_patch.tiff,patch_140,27.211761,23.428656,25.33278,25.27946,25.224945
batch_00900_patch.tiff,patch_141,25.930452,23.712149,23.560219,25.488115,25.704906
batch_00900_patch.tiff,patch_142,26.52724,23.594435,27.805925,25.469507,26.847767
batch_00900_patch.tiff,patch_143,24.952217,24.258255,24.292307,23.987617,26.032537
batch_00900_patch.tiff,patch_144,24.74901,24.864376,24.683502,23.848566,26.13151
batch_00900_patch.tiff,patch_145,25.799515,24.156576,24.927393,24.517313,24.980595
batch_00900_patch.tiff,patch_146,25.60611,22.237701,25.05945,24.809168,24.418953
batch_00900_patch.tiff,patch_147,25.515514,23.53507,26.08996,24.806593,24.620573
batch_00900_patch.tiff,patch_148,24.37122,23.257519,23.090109,24.550997,25.089216
batch_00900_patch.tiff,patch_149,26.28706,21.46455,23.996292,25.154093,24.536592
batch_00900_patch.tiff,patch_150,27.164583,22.171333,26.653097,24.56915,24.895674
batch_00900_patch.tiff,patch_151,26.737707,25.038809,25.809362,26.228992,24.46433
batch_00900_patch.tiff,patch_152,25.005356,23.869743,22.77299,25.734978,24.60215
batch_00950_patch.tiff,patch_0,26.786097,23.888817,26.76821,24.850256,25.64217
batch_00950_patch.tiff,patch_1,27.080393,24.12694,29.415089,24.321314,26.95055
batch_00950_patch.tiff,patch_2,26.171917,23.040565,26.671297,23.27768,27.317085
batch_00950_patch.tiff,patch_3,25.471329,22.746605,24.782064,24.726198,26.001507
batch_00950_patch.tiff,patch_4,25.671743,22.878239,24.190142,23.69374,26.067972
batch_00950_patch.tiff,patch_5,25.213402,23.352364,21.670008,24.322523,25.752056
batch_00950_patch.tiff,patch_6,23.928278,23.244097,22.262297,23.47601,25.339909
batch_00950_patch.tiff,patch_7,24.174332,22.727358,22.645561,22.853481,25.060705
batch_00950_patch.tiff,patch_8,26.764841,25.420244,25.34003,24.488415,28.95404
batch_00950_patch.tiff,patch_9,26.254862,24.71971,25.617794,24.293959,28.200832
batch_00950_patch.tiff,patch_10,25.305393,23.853043,24.60721,23.788115,25.948534
batch_00950_patch.tiff,patch_11,27.04114,24.425264,27.735168,24.607916,26.248528
batch_00950_patch.tiff,patch_12,26.71716,23.859558,27.980541,24.025213,26.041058
batch_00950_patch.tiff,patch_13,25.195343,23.294935,24.289331,24.342083,26.15455
batch_00950_patch.tiff,patch_14,25.22115,22.363651,24.75307,24.316391,25.97817
batch_00950_patch.tiff,patch_15,25.289904,23.128178,24.095905,24.105036,24.75242
batch_00950_patch.tiff,patch_16,25.441116,24.627445,24.148266,24.147898,25.517376
batch_00950_patch.tiff,patch_17,24.997383,24.000383,23.547861,23.348902,25.73851
batch_00950_patch.tiff,patch_18,24.12016,23.214207,22.43725,24.28989,25.569136
batch_00950_patch.tiff,patch_19,26.159,23.84628,24.88959,23.59856,28.022213
batch_00950_patch.tiff,patch_20,26.793297,23.383272,25.036125,24.286825,26.81026
batch_00950_patch.tiff,patch_21,24.75741,23.032017,24.694515,22.685333,24.230204
batch_00950_patch.tiff,patch_22,25.692303,23.930586,26.085764,23.485178,27.05261
batch_00950_patch.tiff,patch_23,26.102676,22.899096,25.543917,23.028437,24.96963
batch_00950_patch.tiff,patch_24,26.390974,24.657282,28.38259,24.280472,27.385626
batch_00950_patch.tiff,patch_25,26.451363,23.535114,27.051998,24.99533,24.909323
batch_00950_patch.tiff,patch_26,25.457905,23.320835,25.094122,23.906746,27.082878
batch_00950_patch.tiff,patch_27,26.289877,23.5451,25.122885,25.501434,26.239082
batch_00950_patch.tiff,patch_28,25.742496,24.15293,25.300781,23.17316,26.644066
batch_00950_patch.tiff,patch_29,25.98465,23.865604,25.063082,23.577784,25.851208
batch_00950_patch.tiff,patch_30,25.588589,22.532827,23.100561,22.703865,25.419308
batch_00950_patch.tiff,patch_31,24.633282,23.873156,24.595324,22.825438,26.198812
batch_00950_patch.tiff,patch_32,24.594727,23.849525,24.49011,22.899565,24.956593
batch_00950_patch.tiff,patch_33,24.936739,23.034462,25.26338,23.233961,26.136776
batch_00950_patch.tiff,patch_34,25.939238,23.237532,26.759604,23.715897,26.267277
batch_00950_patch.tiff,patch_35,26.570932,24.320858,27.698427,25.141947,25.994385
batch_00950_patch.tiff,patch_36,26.884819,24.076033,26.078169,25.083317,25.584341
batch_00950_patch.tiff,patch_37,25.413012,23.01681,24.15698,24.709911,25.291327
batch_00950_patch.tiff,patch_38,25.50393,23.294905,24.575468,24.588703,26.980066
batch_00950_patch.tiff,patch_39,24.586473,24.242027,23.867487,23.573166,26.351574
batch_00950_patch.tiff,patch_40,24.092094,23.144522,22.140747,23.655594,24.933481
batch_00950_patch.tiff,patch_41,25.868029,23.894981,26.661226,23.25104,25.888058
batch_00950_patch.tiff,patch_42,25.219938,23.94872,25.06763,23.142673,25.866495
batch_00950_patch.tiff,patch_43,24.555887,23.29179,24.973011,21.499922,25.874886
batch_00950_patch.tiff,patch_44,25.132639,23.117453,23.925192,23.749119,24.865585
batch_00950_patch.tiff,patch_45,25.743504,24.120588,24.172447,24.284048,26.45985
batch_00950_patch.tiff,patch_46,26.942125,23.224262,28.60777,25.015612,26.038895
batch_00950_patch.tiff,patch_47,24.932817,22.64358,25.416714,22.685137,26.132418
batch_00950_patch.tiff,patch_48,24.97971,23.89105,22.056482,24.861847,25.707388
batch_00950_patch.tiff,patch_49,26.94536,24.109049,25.935955,23.857304,28.356895
batch_00950_patch.tiff,patch_50,24.613308,22.606714,22.235052,22.404194,26.20498
batch_00950_patch.tiff,patch_51,23.579994,23.126743,21.012304,23.049326,25.974136
batch_00950_patch.tiff,patch_52,25.049377,22.552803,22.799137,24.488974,24.682095
batch_00950_patch.tiff,patch_53,25.191313,23.343973,23.269768,23.474937,25.678291
batch_00950_patch.tiff,patch_54,25.532938,23.860613,26.276484,23.874327,25.5166
batch_00950_patch.tiff,patch_55,24.827324,23.485184,23.63899,24.009039,25.521116
batch_00950_patch.tiff,patch_56,24.084604,24.154182,24.285784,23.871008,26.457327
batch_00950_patch.tiff,patch_57,27.021282,23.187033,29.415998,24.694508,26.593662
batch_00950_patch.tiff,patch_58,25.527182,22.847757,26.635815,23.812643,25.199438
batch_00950_patch.tiff,patch_59,25.652655,24.004301,24.736242,24.097174,26.996082
batch_00950_patch.tiff,patch_60,26.625517,24.51026,25.115911,24.014385,28.25138
batch_00950_patch.tiff,patch_61,26.071175,23.873981,26.32726,23.94029,26.037743
batch_00950_patch.tiff,patch_62,26.64713,23.978333,27.183681,25.017246,27.299168
batch_00950_patch.tiff,patch_63,24.175161,21.986305,21.741327,23.472145,24.744411
batch_00950_patch.tiff,patch_64,24.428709,23.533348,22.950153,23.198944,25.095299
batch_00950_patch.tiff,patch_65,25.45593,23.523241,24.632893,24.118982,24.956429
batch_00950_patch.tiff,patch_66,25.973835,23.13289,24.341331,23.850069,26.727835
batch_00950_patch.tiff,patch_67,26.45306,24.117321,27.195835,23.651257,27.66348
batch_00950_patch.tiff,patch_68,26.836782,23.578638,27.86178,25.375774,25.351248
batch_00950_patch.tiff,patch_69,26.383158,23.376299,28.529139,24.93589,26.063505
batch_00950_patch.tiff,patch_70,25.639095,23.702784,25.224346,24.072664,25.663986
batch_00950_patch.tiff,patch_71,25.269173,23.9348,26.174648,23.695124,27.4369
batch_00950_patch.tiff,patch_72,25.397478,23.487762,25.595428,25.34105,26.812248
batch_00950_patch.tiff,patch_73,24.576973,23.318027,23.849583,24.115633,26.628601
batch_00950_patch.tiff,patch_74,25.397446,23.50093,23.635311,23.480566,25.858349
batch_00950_patch.tiff,patch_75,25.353603,23.941795,23.906958,23.092073,25.928465
batch_00950_patch.tiff,patch_76,25.182232,23.776093,24.02613,22.63514,26.218763
batch_00950_patch.tiff,patch_77,26.672167,23.980005,26.298763,24.2901,26.610157
batch_00950_patch.tiff,patch_78,26.431667,24.488478,27.366196,24.727863,27.691463
batch_00950_patch.tiff,patch_79,27.38535,23.025213,26.809616,25.223404,26.362915
batch_00950_patch.tiff,patch_80,26.312393,23.673485,27.600266,25.873976,26.448887
batch_00950_patch.tiff,patch_81,26.285294,22.806175,26.194069,24.8474,26.559488
batch_00950_patch.tiff,patch_82,25.890572,24.303202,25.543123,24.475943,27.77854
batch_00950_patch.tiff,patch_83,26.272854,23.64241,24.725773,24.536943,26.28184
batch_00950_patch.tiff,patch_84,23.570406,22.598171,23.211811,24.311941,25.34016
batch_00950_patch.tiff,patch_85,25.785608,23.785135,25.143059,23.956644,26.382166
batch_00950_patch.tiff,patch_86,25.25982,22.919794,25.28111,22.632883,25.182274
batch_00950_patch.tiff,patch_87,26.210934,24.136904,25.899414,23.999653,26.245504
batch_00950_patch.tiff,patch_88,25.358416,24.315363,26.26098,23.09984,26.82822
batch_00950_patch.tiff,patch_89,25.537466,23.697979,25.747244,23.175228,26.975342
batch_00950_patch.tiff,patch_90,26.078224,24.45128,27.3568,23.599535,27.42213
batch_00950_patch.tiff,patch_91,25.37475,23.5445,25.77993,24.126959,25.864706
batch_00950_patch.tiff,patch_92,25.739708,23.188004,25.390099,23.760641,25.871538
batch_00950_patch.tiff,patch_93,25.046238,22.767591,23.289577,24.930809,25.387716
batch_00950_patch.tiff,patch_94,23.657366,22.851542,23.174587,24.548632,25.660885
batch_00950_patch.tiff,patch_95,25.3962,22.472015,23.426624,25.582064,25.878466
batch_00950_patch.tiff,patch_96,24.103918,23.286358,22.412579,23.275034,24.838022
batch_00950_patch.tiff,patch_97,23.999125,22.499596,22.417698,21.760536,25.147058
batch_00950_patch.tiff,patch_98,25.18614,24.750433,24.074091,24.471537,25.05165
batch_00950_patch.tiff,patch_99,25.359802,24.33626,24.921211,23.675873,25.706549
batch_00950_patch.tiff,patch_100,24.741198,23.393492,25.358318,22.891846,26.242094
batch_00950_patch.tiff,patch_101,24.460066,22.645975,22.498476,23.600359,26.007181
batch_00950_patch.tiff,patch_102,24.984873,22.83079,26.236763,23.02736,24.573875
batch_00950_patch.tiff,patch_103,24.619068,23.847939,24.47314,23.518253,26.083506
batch_00950_patch.tiff,patch_104,25.35718,23.163664,24.52809,25.605366,24.817373
batch_00950_patch.tiff,patch_105,24.66311,23.075426,23.82728,25.043232,25.578794
batch_00950_patch.tiff,patch_106,26.421364,24.385519,23.79857,26.191523,25.85305
batch_00950_patch.tiff,patch_107,25.352055,23.302462,24.82692,23.558138,25.751245
batch_00950_patch.tiff,patch_108,25.323816,23.026947,23.633677,23.548254,25.093725
batch_00950_patch.tiff,patch_109,24.618073,23.806177,25.229492,23.680742,24.811626
batch_00950_patch.tiff,patch_110,25.467928,24.704462,25.59396,23.415998,26.14005
batch_00950_patch.tiff,patch_111,25.400608,23.563034,26.871323,24.449684,25.91083
batch_00950_patch.tiff,patch_112,26.917896,24.490665,26.267385,25.127903,26.180296
batch_00950_patch.tiff,patch_113,25.026209,23.633448,24.782679,23.318674,25.846792
batch_00950_patch.tiff,patch_114,26.584293,24.021397,24.30713,24.90825,25.933586
batch_00950_patch.tiff,patch_115,24.90975,23.132069,24.453506,24.479872,25.999165
batch_00950_patch.tiff,patch_116,24.349014,23.204823,23.977701,24.251394,26.388187
batch_00950_patch.tiff,patch_117,25.157421,22.62466,24.516981,24.899094,26.77142
batch_00950_patch.tiff,patch_118,26.880554,23.969765,23.743729,24.423635,25.995052
batch_00950_patch.tiff,patch_119,25.318272,23.484509,23.239317,22.357626,25.74319
batch_00950_patch.tiff,patch_120,24.956509,23.63113,22.593008,24.312847,25.046085
batch_00950_patch.tiff,patch_121,23.553104,23.211792,21.226133,23.588436,25.427132
batch_00950_patch.tiff,patch_122,23.194202,23.394287,21.258966,22.61008,26.025692
batch_00950_patch.tiff,patch_123,26.61794,23.140501,27.84237,24.92813,26.620125
batch_00950_patch.tiff,patch_124,27.590466,24.463064,28.053917,25.203985,26.741161
batch_00950_patch.tiff,patch_125,25.796417,22.976744,25.774456,25.000563,26.377773
batch_00950_patch.tiff,patch_126,24.776474,22.484093,22.69821,24.084711,24.491234
batch_00950_patch.tiff,patch_127,25.185396,22.940643,24.169252,23.748888,25.96249
batch_00950_patch.tiff,patch_128,24.731873,22.586964,24.036598,24.556599,26.067602
batch_00950_patch.tiff,patch_129,26.468605,23.013992,25.698765,24.655375,25.752106
batch_00950_patch.tiff,patch_130,25.284561,24.737745,24.057632,24.560202,26.03764
batch_00950_patch.tiff,patch_131,24.377306,23.09286,22.729733,24.11368,24.526697
batch_00950_patch.tiff,patch_132,25.69763,23.193535,23.517048,24.233175,24.887241
batch_00950_patch.tiff,patch_133,23.997883,22.830256,22.017729,23.063265,25.745512
batch_00950_patch.tiff,patch_134,23.146769,22.322405,21.207424,23.643839,25.349327
batch_00950_patch.tiff,patch_135,26.61944,23.153147,27.259958,25.711752,25.075024
batch_00950_patch.tiff,patch_136,27.164408,23.63128,26.910011,24.861425,26.403606
batch_00950_patch.tiff,patch_137,26.26998,23.624784,26.086906,23.90018,26.830256
batch_00950_patch.tiff,patch_138,25.600004,23.865032,26.749067,24.228716,25.839153
batch_00950_patch.tiff,patch_139,24.815851,23.301922,22.400698,23.132421,25.062742
batch_00950_patch.tiff,patch_140,24.696638,23.593262,25.348812,23.49228,26.26513
batch_00950_patch.tiff,patch_141,26.669842,24.70234,23.397625,26.327839,26.153551
batch_00950_patch.tiff,patch_142,25.41348,23.882868,24.06303,24.90176,25.566769
batch_00950_patch.tiff,patch_143,25.740356,23.174168,24.972595,24.27416,25.270252
batch_00950_patch.tiff,patch_144,24.333548,22.580198,22.5457,22.624128,26.325249
batch_00950_patch.tiff,patch_145,22.60368,21.568943,20.98586,23.842194,24.734657
batch_00950_patch.tiff,patch_146,27.349184,24.369858,27.294325,25.405142,26.751219
batch_00950_patch.tiff,patch_147,25.503725,24.111217,26.486948,23.86953,25.330437
batch_00950_patch.tiff,patch_148,25.564623,22.768888,23.422112,23.632492,25.946463
batch_00950_patch.tiff,patch_149,25.95411,23.677635,26.008455,24.068619,26.114578
batch_00950_patch.tiff,patch_150,26.145565,23.844645,25.283337,23.399837,25.789152
batch_00950_patch.tiff,patch_151,25.4419,23.581999,23.421146,22.327202,26.417803
batch_00950_patch.tiff,patch_152,26.089977,25.13106,23.922394,24.860636,24.823574
batch_00950_patch.tiff,patch_153,26.087744,23.770306,26.31646,24.476856,25.357246
batch_00950_patch.tiff,patch_154,25.633646,23.288801,24.2961,24.262012,25.666761
batch_00950_patch.tiff,patch_155,24.18909,22.776466,23.20788,23.115253,26.24239
batch_00950_patch.tiff,patch_156,22.599941,22.616816,22.229603,23.718355,25.708391
batch_00950_patch.tiff,patch_157,25.7351,23.684395,23.947723,24.55827,26.467749
batch_00950_patch.tiff,patch_158,26.102781,22.805326,25.19464,23.628624,26.44426
batch_00950_patch.tiff,patch_159,25.816683,22.67461,26.343657,24.3281,24.73984
batch_00950_patch.tiff,patch_160,25.003897,22.227428,25.608023,23.18021,24.906355
batch_00950_patch.tiff,patch_161,25.775791,22.471638,25.363054,23.909306,25.527168
batch_00950_patch.tiff,patch_162,26.076378,23.247162,26.107246,24.414942,25.4729
batch_00950_patch.tiff,patch_163,24.072414,22.346413,23.26082,23.756584,26.121353
batch_00950_patch.tiff,patch_164,24.58637,22.880192,23.49691,23.965332,26.60845
batch_00950_patch.tiff,patch_165,25.341682,23.574593,23.360378,22.337559,26.695778
batch_00950_patch.tiff,patch_166,24.338781,22.962723,23.0634,22.188038,26.586319
batch_01000_patch.tiff,patch_0,24.895294,23.82609,25.447906,23.197378,25.468554
batch_01000_patch.tiff,patch_1,25.232403,23.46988,24.780487,23.876787,25.204758
batch_01000_patch.tiff,patch_2,23.975851,22.318531,23.288961,24.569132,24.813675
batch_01000_patch.tiff,patch_3,24.335854,23.61258,25.343538,23.420856,25.106987
batch_01000_patch.tiff,patch_4,24.760355,21.611483,25.010042,23.294981,24.307587
batch_01000_patch.tiff,patch_5,23.715073,22.631313,23.252266,25.047838,24.135788
batch_01000_patch.tiff,patch_6,25.31031,24.54992,22.323137,25.871244,25.622814
batch_01000_patch.tiff,patch_7,26.735548,24.623642,26.735102,24.8733,27.379644
batch_01000_patch.tiff,patch_8,26.781462,24.061605,23.973074,25.053198,25.80221
batch_01000_patch.tiff,patch_9,25.122124,24.328262,22.03139,24.593636,24.024008
batch_01000_patch.tiff,patch_10,25.375559,23.54381,24.655119,25.11473,24.962456
batch_01000_patch.tiff,patch_11,26.164066,24.105042,27.569408,25.46738,24.878628
batch_01000_patch.tiff,patch_12,24.036572,22.81798,23.375673,21.870451,24.776503
batch_01000_patch.tiff,patch_13,25.114105,23.75175,24.399078,23.758596,26.543146
batch_01000_patch.tiff,patch_14,24.197521,23.414621,24.745008,24.174444,25.676775
batch_01000_patch.tiff,patch_15,24.366226,22.300753,21.89512,23.970798,23.399426
batch_01000_patch.tiff,patch_16,23.902868,23.35803,22.701532,24.918762,24.295267
batch_01000_patch.tiff,patch_17,24.352856,22.671078,24.769756,24.724142,24.423712
batch_01000_patch.tiff,patch_18,25.957228,23.82201,24.685211,25.128746,26.09052
batch_01000_patch.tiff,patch_19,26.803492,25.181316,25.807045,25.864191,27.569954
batch_01000_patch.tiff,patch_20,26.198112,24.44814,25.019459,24.572195,26.379215
batch_01000_patch.tiff,patch_21,25.292877,25.075407,26.054514,24.905962,25.386597
batch_01000_patch.tiff,patch_22,26.560028,23.916983,27.733658,25.182495,24.891895
batch_01000_patch.tiff,patch_23,26.034224,24.716991,26.643002,23.423664,27.958931
batch_01000_patch.tiff,patch_24,26.408848,24.398909,25.04732,24.713358,27.793468
batch_01000_patch.tiff,patch_25,24.961748,22.320686,23.44959,25.018229,24.141695
batch_01000_patch.tiff,patch_26,24.182137,23.081823,25.546827,23.983624,25.08253
batch_01000_patch.tiff,patch_27,24.078346,22.207373,23.76893,23.672747,25.441778
batch_01000_patch.tiff,patch_28,25.59787,24.683542,25.323898,24.54807,25.752285
batch_01000_patch.tiff,patch_29,26.251217,24.364283,25.945116,24.887348,26.024366
batch_01000_patch.tiff,patch_30,25.738771,24.452131,25.021744,25.019524,25.255957
batch_01000_patch.tiff,patch_31,26.86181,24.540285,26.757288,23.947264,28.109194
batch_01000_patch.tiff,patch_32,25.389713,24.817738,25.298084,24.510286,26.70918
batch_01000_patch.tiff,patch_33,23.853626,21.912376,22.768343,23.134415,23.987127
batch_01000_patch.tiff,patch_34,22.991371,22.468012,23.383656,24.568218,24.040686
batch_01000_patch.tiff,patch_35,23.926966,22.52096,22.663607,24.73333,24.497252
batch_01000_patch.tiff,patch_36,26.340414,23.779537,25.79673,24.010553,25.144405
batch_01000_patch.tiff,patch_37,25.540253,23.155922,24.796257,24.330902,25.247005
batch_01000_patch.tiff,patch_38,26.915958,23.83985,27.383245,25.392359,25.318195
batch_01000_patch.tiff,patch_39,25.597586,23.737938,24.176193,24.334295,26.662104
batch_01000_patch.tiff,patch_40,25.738865,24.161512,23.742472,23.519012,26.248041
batch_01000_patch.tiff,patch_41,24.670933,22.445154,24.943275,25.188204,24.262972
batch_01000_patch.tiff,patch_42,24.82572,22.20154,23.2253,24.75136,24.659472
batch_01000_patch.tiff,patch_43,24.98677,22.759588,25.078688,23.652422,24.617212
batch_01000_patch.tiff,patch_44,25.57722,22.371841,23.877768,25.208826,25.806337
batch_01000_patch.tiff,patch_45,26.137571,23.94643,24.157534,24.413616,25.551708
batch_01000_patch.tiff,patch_46,26.372368,24.246132,25.069708,24.345932,26.571362
batch_01000_patch.tiff,patch_47,26.145115,23.540508,25.132235,24.84341,26.215385
batch_01000_patch.tiff,patch_48,24.964806,23.107847,24.181828,25.099926,24.148485
batch_01000_patch.tiff,patch_49,24.25261,22.812166,23.425955,23.713436,25.199242
batch_01000_patch.tiff,patch_50,25.242937,23.404922,23.709837,23.927458,25.344305
batch_01000_patch.tiff,patch_51,24.814632,22.949196,23.885748,22.968983,24.774967
batch_01000_patch.tiff,patch_52,24.637815,23.121424,25.103346,23.258064,25.930891
batch_01000_patch.tiff,patch_53,23.58038,22.249743,22.340145,23.600615,24.048132
batch_01000_patch.tiff,patch_54,25.777752,24.487535,23.910261,23.232775,26.614014
batch_01000_patch.tiff,patch_55,25.062172,23.379436,24.685694,24.583324,25.723602
batch_01000_patch.tiff,patch_56,24.901274,23.670158,21.3264,25.168072,24.364466
batch_01000_patch.tiff,patch_57,27.327831,23.751911,25.37803,25.422346,26.5
batch_01000_patch.tiff,patch_58,25.848778,23.929024,25.179365,24.838509,25.55391
batch_01000_patch.tiff,patch_59,26.253017,24.411686,25.31423,25.14605,26.424414
batch_01000_patch.tiff,patch_60,25.180412,24.148458,23.660048,23.695536,26.675983
batch_01000_patch.tiff,patch_61,25.411217,24.30913,24.038912,25.140787,24.803314
batch_01000_patch.tiff,patch_62,25.686314,24.200148,24.728006,25.080511,24.877516
batch_01000_patch.tiff,patch_63,24.361107,22.978018,23.625996,22.80472,24.628157
batch_01000_patch.tiff,patch_64,23.791298,22.39858,23.004913,22.407068,25.006123
batch_01000_patch.tiff,patch_65,24.465357,22.866753,23.927292,24.182959,24.011843
batch_01000_patch.tiff,patch_66,25.415493,23.55563,23.896797,22.74646,26.713524
batch_01000_patch.tiff,patch_67,23.702581,22.612127,21.458382,25.09128,24.360813
batch_01000_patch.tiff,patch_68,24.81185,23.77717,21.657656,25.37419,24.72486
batch_01000_patch.tiff,patch_69,25.897493,24.781122,24.637259,24.138035,27.061611
batch_01000_patch.tiff,patch_70,25.629808,23.6156,25.33543,24.032963,25.737375
batch_01000_patch.tiff,patch_71,24.948849,24.42712,22.32201,25.355175,25.638449
batch_01000_patch.tiff,patch_72,26.484133,23.513893,24.70293,25.685745,26.051197
batch_01000_patch.tiff,patch_73,25.365267,23.684872,24.510386,24.444817,24.398159
batch_01000_patch.tiff,patch_74,24.3715,22.897167,25.026209,24.741442,24.51899
batch_01000_patch.tiff,patch_75,24.318752,23.288244,25.138197,23.863483,24.306585
batch_01000_patch.tiff,patch_76,25.24806,22.950655,22.730034,24.941437,24.610413
batch_01000_patch.tiff,patch_77,24.783627,22.641003,23.395151,24.580086,24.828371
batch_01000_patch.tiff,patch_78,23.849808,22.121729,24.493736,24.049383,26.506
batch_01000_patch.tiff,patch_79,24.106508,23.08082,25.385586,23.935581,26.44576
batch_01000_patch.tiff,patch_80,24.614918,24.084816,23.634663,24.498692,24.933048
batch_01000_patch.tiff,patch_81,24.629631,22.399609,24.197699,24.35548,23.904129
batch_01000_patch.tiff,patch_82,24.290405,22.110209,22.236671,23.988739,23.807169
batch_01000_patch.tiff,patch_83,24.62802,22.8096,25.883978,23.610777,24.549591
batch_01000_patch.tiff,patch_84,24.291164,22.621067,23.09892,25.90346,24.424118
batch_01000_patch.tiff,patch_85,24.06354,22.944954,21.657112,24.4352,25.064209
batch_01000_patch.tiff,patch_86,26.922346,22.909695,27.135265,24.285353,25.61352
batch_01000_patch.tiff,patch_87,25.211601,24.16188,22.967955,24.883566,25.192345
batch_01000_patch.tiff,patch_88,25.262772,24.370552,22.824884,24.05892,25.053762
batch_01000_patch.tiff,patch_89,24.427893,22.575712,22.682709,24.172577,24.35176
batch_01000_patch.tiff,patch_90,24.741877,24.00447,23.935951,24.399412,26.303709
batch_01000_patch.tiff,patch_91,27.056078,24.243078,27.37496,25.496817,27.26581
batch_01000_patch.tiff,patch_92,26.679876,25.010973,26.898865,24.487835,27.94691
batch_01000_patch.tiff,patch_93,24.185556,23.629799,23.831991,22.686228,26.240381
batch_01000_patch.tiff,patch_94,25.490532,22.850077,23.722713,24.18378,25.759087
batch_01000_patch.tiff,patch_95,24.90332,23.762566,24.122482,24.510004,25.60104
batch_01000_patch.tiff,patch_96,25.999962,24.594551,25.375647,24.092484,27.412819
batch_01000_patch.tiff,patch_97,24.393335,23.500656,22.28352,23.895971,25.455471
batch_01000_patch.tiff,patch_98,23.81631,23.217974,24.921684,23.083912,25.422619
batch_01000_patch.tiff,patch_99,24.500723,24.068958,25.350576,22.218718,26.297544
batch_01000_patch.tiff,patch_100,26.88984,23.204155,27.71417,24.054024,25.534317
batch_01000_patch.tiff,patch_101,25.93329,24.07398,24.945845,24.874392,24.948877
batch_01000_patch.tiff,patch_102,24.989832,23.935719,24.264914,24.670242,25.358442
batch_01000_patch.tiff,patch_103,24.862738,22.568203,23.712767,23.414629,25.20158
batch_01000_patch.tiff,patch_104,25.000431,23.75841,25.284657,23.205227,26.633507
batch_01000_patch.tiff,patch_105,26.066496,23.923838,24.256966,23.814877,26.436838
batch_01000_patch.tiff,patch_106,24.142014,22.976099,25.810791,21.783031,24.658371
batch_01000_patch.tiff,patch_107,24.345652,23.296658,24.240442,23.019133,25.275366
batch_01000_patch.tiff,patch_108,26.109224,23.81303,26.334398,24.536669,27.509834
batch_01000_patch.tiff,patch_109,25.712233,23.932161,26.998098,24.75488,27.37466
batch_01000_patch.tiff,patch_110,24.667995,22.924894,22.193193,24.601393,23.17599
batch_01000_patch.tiff,patch_111,24.007221,22.226065,23.106356,23.24464,23.506542
batch_01000_patch.tiff,patch_112,25.013458,23.568872,24.33836,23.77079,25.505638
batch_01000_patch.tiff,patch_113,25.088936,22.912472,24.675072,24.400967,24.861605
batch_01000_patch.tiff,patch_114,26.11862,24.469345,26.836123,23.951443,27.280912
batch_01000_patch.tiff,patch_115,24.41503,23.590254,24.800463,23.541903,25.288479
batch_01000_patch.tiff,patch_116,25.538704,23.567297,25.410997,24.02036,25.191736
batch_01000_patch.tiff,patch_117,25.874151,23.35364,26.602785,24.094032,25.958855
batch_01000_patch.tiff,patch_118,25.405695,23.920574,24.795528,25.275705,25.353214
batch_01000_patch.tiff,patch_119,24.85422,23.16663,25.525354,24.326817,25.851944
batch_01000_patch.tiff,patch_120,24.93544,23.69599,22.873566,24.542566,25.347658
batch_01000_patch.tiff,patch_121,23.87534,22.664566,23.366817,24.84916,24.274342
batch_01000_patch.tiff,patch_122,24.145645,22.651533,22.15231,24.957363,24.172132
batch_01000_patch.tiff,patch_123,23.561752,23.485851,24.157717,23.049776,26.421614
batch_01000_patch.tiff,patch_124,26.70428,23.93282,25.564335,25.286203,26.34852
batch_01000_patch.tiff,patch_125,25.67672,23.169529,25.666805,24.774302,25.701725
batch_01050_patch.tiff,patch_0,26.053867,23.360685,24.788837,25.27464,24.389488
batch_01050_patch.tiff,patch_1,26.11417,24.464323,25.415573,25.252863,24.732485
batch_01050_patch.tiff,patch_2,26.993114,24.972776,26.65931,26.253664,26.46797
batch_01050_patch.tiff,patch_3,26.804485,25.354889,25.11085,26.588573,25.401321
batch_01050_patch.tiff,patch_4,26.443056,22.85381,26.245056,24.277044,26.065401
batch_01050_patch.tiff,patch_5,27.121714,23.640842,27.511385,24.637947,26.67818
batch_01050_patch.tiff,patch_6,26.45988,23.860497,27.183632,24.501627,25.330853
batch_01050_patch.tiff,patch_7,27.502615,22.14331,27.910042,24.932724,25.20413
batch_01050_patch.tiff,patch_8,26.884453,24.297066,27.445997,25.325361,25.957058
batch_01050_patch.tiff,patch_9,26.877861,23.24607,24.328255,25.306503,25.305212
batch_01050_patch.tiff,patch_10,27.644464,24.837767,25.997309,25.152122,27.354816
batch_01050_patch.tiff,patch_11,24.266388,24.175055,21.756424,24.324947,24.804886
batch_01050_patch.tiff,patch_12,24.358145,23.669413,24.39025,24.510174,26.001316
batch_01050_patch.tiff,patch_13,26.27221,24.978962,25.696968,25.592937,25.497326
batch_01050_patch.tiff,patch_14,25.960169,24.221027,27.025703,26.311813,24.890322
batch_01050_patch.tiff,patch_15,26.185333,24.778698,25.188112,25.749268,25.024668
batch_01050_patch.tiff,patch_16,26.844513,22.086048,25.987223,23.388117,25.362535
batch_01050_patch.tiff,patch_17,25.658203,22.722357,26.150488,23.930624,26.275938
batch_01050_patch.tiff,patch_18,26.547358,22.666508,25.46505,25.429087,24.598684
batch_01050_patch.tiff,patch_19,27.127403,22.05806,27.275185,24.590641,25.383095
batch_01050_patch.tiff,patch_20,28.125425,24.06081,26.090553,25.298767,26.719837
batch_01050_patch.tiff,patch_21,26.403646,23.74968,25.12895,25.451323,26.232508
batch_01050_patch.tiff,patch_22,26.909678,24.963392,25.364435,25.811909,26.427052
batch_01050_patch.tiff,patch_23,26.116064,24.637207,24.906666,24.143373,26.74444
batch_01050_patch.tiff,patch_24,25.022919,23.146267,24.081104,24.545212,25.891726
batch_01050_patch.tiff,patch_25,26.328747,23.865774,25.89141,25.21627,24.795275
batch_01050_patch.tiff,patch_26,25.702131,23.879742,25.847214,25.660257,25.372269
batch_01050_patch.tiff,patch_27,28.038683,24.057858,27.434534,26.489088,26.14731
batch_01050_patch.tiff,patch_28,26.939238,24.766066,25.667559,26.173225,24.693922
batch_01050_patch.tiff,patch_29,27.378647,22.717644,26.40906,23.7358,25.751152
batch_01050_patch.tiff,patch_30,26.029594,22.109411,26.474287,23.54252,26.412378
batch_01050_patch.tiff,patch_31,27.678257,23.04794,26.044434,26.447294,25.17515
batch_01050_patch.tiff,patch_32,27.742779,23.212395,26.054794,25.992462,25.504631
batch_01050_patch.tiff,patch_33,26.849195,23.795794,25.79794,25.859089,25.73237
batch_01050_patch.tiff,patch_34,26.829983,24.989613,25.29348,25.048676,26.540524
batch_01050_patch.tiff,patch_35,24.835201,25.208261,22.83506,25.211897,26.009254
batch_01050_patch.tiff,patch_36,26.677565,25.133352,24.527996,25.754295,25.945286
batch_01050_patch.tiff,patch_37,26.733398,22.529291,25.41019,24.441137,26.76624
batch_01050_patch.tiff,patch_38,26.80327,24.198418,26.865498,25.286362,25.3706
batch_01050_patch.tiff,patch_39,26.656769,23.325708,26.22696,26.076237,26.05425
batch_01050_patch.tiff,patch_40,27.640604,23.926498,25.36382,27.190655,26.800465
batch_01050_patch.tiff,patch_41,27.356133,25.23422,25.823881,26.553888,24.917038
batch_01050_patch.tiff,patch_42,27.781267,21.858803,27.242397,24.052803,25.67117
batch_01050_patch.tiff,patch_43,26.772655,22.820063,25.789595,23.385414,25.935497
batch_01050_patch.tiff,patch_44,28.356007,23.35088,27.273806,27.185585,26.079908
batch_01050_patch.tiff,patch_45,27.70467,22.73746,25.501604,24.901684,25.415066
batch_01050_patch.tiff,patch_46,26.633112,22.74622,24.575151,24.6098,25.427801
batch_01050_patch.tiff,patch_47,28.004305,23.098679,26.439283,25.034515,26.166628
batch_01050_patch.tiff,patch_48,24.502188,24.680859,23.139557,25.345867,25.437798
batch_01050_patch.tiff,patch_49,25.242874,24.398138,24.035862,25.651577,25.283096
batch_01050_patch.tiff,patch_50,26.911901,22.702793,25.921503,25.928598,26.82314
batch_01050_patch.tiff,patch_51,26.627457,24.126934,26.44414,25.284067,24.280197
batch_01050_patch.tiff,patch_52,26.365707,24.063078,25.402205,25.262177,24.782164
batch_01050_patch.tiff,patch_53,26.778065,25.291414,25.921036,25.469007,26.313377
batch_01050_patch.tiff,patch_54,27.769636,25.039408,24.446007,25.461514,26.804037
batch_01050_patch.tiff,patch_55,26.891598,23.856255,25.47726,24.81182,25.818302
batch_01050_patch.tiff,patch_56,26.786901,22.239824,26.784983,23.973743,24.62119
batch_01050_patch.tiff,patch_57,26.57367,23.500546,25.894485,24.852772,25.96117
batch_01050_patch.tiff,patch_58,26.437284,23.427044,24.691961,23.92257,26.52909
batch_01050_patch.tiff,patch_59,24.597015,24.667625,22.185658,25.765581,25.204302
batch_01050_patch.tiff,patch_60,24.45032,24.52365,24.809015,24.193134,25.605541
batch_01050_patch.tiff,patch_61,27.264027,24.34229,26.166967,25.976902,25.117144
batch_01050_patch.tiff,patch_62,26.786377,23.61611,27.158804,25.655745,25.49489
batch_01050_patch.tiff,patch_63,27.373695,24.574959,26.506132,26.087702,25.882954
batch_01050_patch.tiff,patch_64,26.592709,24.612915,25.694849,25.089128,24.586409
batch_01050_patch.tiff,patch_65,26.552328,25.16502,27.950968,25.3627,28.482597
batch_01050_patch.tiff,patch_66,26.510405,25.257055,26.091688,24.522385,28.6266
batch_01050_patch.tiff,patch_67,27.451014,24.263607,25.876507,25.875086,26.16016
batch_01050_patch.tiff,patch_68,26.66194,22.257124,25.708216,24.671911,24.625542
batch_01050_patch.tiff,patch_69,26.690086,23.269917,26.250269,24.915636,25.901901
batch_01050_patch.tiff,patch_70,26.160818,23.552202,24.456741,24.311535,25.419592
batch_01050_patch.tiff,patch_71,25.99149,25.404541,24.121504,24.791723,26.257633
batch_01050_patch.tiff,patch_72,25.525957,25.159945,25.016487,24.982374,25.928324
batch_01050_patch.tiff,patch_73,27.26764,24.347567,26.872686,25.371296,25.037346
batch_01050_patch.tiff,patch_74,26.503614,24.639627,25.351463,26.105713,24.912527
batch_01050_patch.tiff,patch_75,27.95929,22.458845,26.50829,24.874834,25.519999
batch_01050_patch.tiff,patch_76,25.458406,22.306784,23.547333,24.1946,23.677631
batch_01050_patch.tiff,patch_77,26.642744,23.041512,24.819914,25.258568,25.352438
batch_01050_patch.tiff,patch_78,26.890612,23.590042,25.882753,24.855007,25.975264
batch_01050_patch.tiff,patch_79,26.49574,23.311954,24.995275,23.914274,26.203165
batch_01050_patch.tiff,patch_80,25.588667,22.912012,25.356398,25.061771,25.877726
batch_01050_patch.tiff,patch_81,23.856306,22.042904,22.956755,23.909733,25.37917
batch_01050_patch.tiff,patch_82,27.424656,24.283176,26.751898,26.006594,25.381233
batch_01050_patch.tiff,patch_83,26.432865,24.638502,26.3006,25.43454,23.970835
batch_01050_patch.tiff,patch_84,26.02556,21.524673,25.026697,22.761335,24.940336
batch_01050_patch.tiff,patch_85,27.46304,23.47138,26.356487,25.515488,26.360558
batch_01050_patch.tiff,patch_86,26.23053,21.194923,23.394066,24.667826,23.816645
batch_01050_patch.tiff,patch_87,27.626389,23.229073,27.646587,23.908846,26.15323
batch_01050_patch.tiff,patch_88,26.33573,22.761627,28.340382,23.980951,25.945726
batch_01050_patch.tiff,patch_89,26.46102,22.592247,25.968115,25.26884,25.464447
batch_01050_patch.tiff,patch_90,27.673111,24.062542,26.15818,25.209198,26.078075
batch_01050_patch.tiff,patch_91,26.752895,23.891298,25.994452,23.927477,26.513453
batch_01050_patch.tiff,patch_92,25.053078,22.791742,23.989641,24.327353,24.979805
batch_01050_patch.tiff,patch_93,24.944496,23.19594,24.06703,23.74298,26.278307
batch_01050_patch.tiff,patch_94,27.296118,25.109686,27.44065,26.192116,26.043932
batch_01050_patch.tiff,patch_95,25.26147,25.589565,25.711412,25.330406,25.211912
batch_01050_patch.tiff,patch_96,27.61782,23.235922,26.862091,24.935478,25.415274
batch_01050_patch.tiff,patch_97,27.422077,23.306562,28.249102,24.590168,26.757742
batch_01050_patch.tiff,patch_98,26.284727,23.652773,23.836239,22.353542,26.43394
batch_01050_patch.tiff,patch_99,25.130598,23.221815,22.62949,22.842316,26.027746
batch_01050_patch.tiff,patch_100,26.369993,22.882751,24.701939,24.908604,24.819202
batch_01050_patch.tiff,patch_101,26.020266,23.774797,23.297773,24.092104,26.093035
batch_01050_patch.tiff,patch_102,24.510231,22.766481,24.04911,24.583113,25.538933
batch_01050_patch.tiff,patch_103,24.520178,23.236431,22.852158,24.313902,26.089632
batch_01050_patch.tiff,patch_104,26.56115,24.082653,26.27609,25.748846,25.79395
batch_01050_patch.tiff,patch_105,26.071175,24.168106,26.046822,25.506163,25.420172
batch_01050_patch.tiff,patch_106,28.116346,23.435806,26.929842,24.828726,26.17338
batch_01050_patch.tiff,patch_107,26.747377,23.249754,24.921265,24.601526,26.097912
batch_01050_patch.tiff,patch_108,28.08064,22.188433,27.048111,24.004173,26.999271
batch_01050_patch.tiff,patch_109,25.484076,23.546616,23.741491,23.980637,26.188982
batch_01050_patch.tiff,patch_110,26.064682,23.102139,23.709238,22.94929,26.05068
batch_01050_patch.tiff,patch_111,27.272114,23.87731,26.126368,24.406115,26.676382
batch_01050_patch.tiff,patch_112,26.451077,23.62937,24.337181,23.900105,26.000206
batch_01050_patch.tiff,patch_113,24.382555,23.508806,24.275173,24.300182,25.675676
batch_01050_patch.tiff,patch_114,24.850918,22.865252,24.010159,24.521652,26.52989
batch_01050_patch.tiff,patch_115,25.217743,23.412842,25.517534,24.407688,24.990622
batch_01050_patch.tiff,patch_116,26.654406,24.104666,26.261698,25.143959,26.436224
batch_01050_patch.tiff,patch_117,27.795282,22.506245,28.898598,24.54907,25.953238
batch_01050_patch.tiff,patch_118,26.095848,22.595354,22.615217,22.715744,26.105259
batch_01050_patch.tiff,patch_119,26.660084,23.337425,24.706959,24.52444,26.931128
batch_01050_patch.tiff,patch_120,26.124527,24.718853,24.861057,26.21501,25.84661
batch_01050_patch.tiff,patch_121,26.941616,25.495213,26.183891,24.747488,28.352032
batch_01050_patch.tiff,patch_122,26.179811,23.73243,25.260862,25.02159,26.140324
batch_01050_patch.tiff,patch_123,26.875643,24.958782,23.996832,25.894115,26.334934
batch_01050_patch.tiff,patch_124,24.1082,21.994999,22.874332,23.20051,26.033861
batch_01050_patch.tiff,patch_125,24.34511,22.60843,22.863562,23.545734,25.59199
batch_01050_patch.tiff,patch_126,26.202574,24.58863,24.827892,25.726542,25.856148
batch_01050_patch.tiff,patch_127,26.111202,24.456142,25.381502,25.872715,25.649185
batch_01050_patch.tiff,patch_128,27.124353,22.319489,28.212374,24.40223,24.982857
batch_01050_patch.tiff,patch_129,26.086489,22.549374,24.104687,22.986473,27.196045
batch_01050_patch.tiff,patch_130,26.531176,22.90024,25.666319,24.051811,26.494617
batch_01050_patch.tiff,patch_131,25.783653,25.13765,24.236917,24.49861,26.765068
batch_01050_patch.tiff,patch_132,27.512299,25.262592,26.340586,24.886738,28.32872
batch_01050_patch.tiff,patch_133,26.084394,24.297962,24.588078,24.211195,26.216175
batch_01050_patch.tiff,patch_134,26.721933,24.162632,22.662062,26.008257,26.123783
batch_01050_patch.tiff,patch_135,24.533548,22.141663,22.775604,22.478664,26.210775
batch_01050_patch.tiff,patch_136,24.622448,22.690027,24.047686,23.00461,26.589287
batch_01050_patch.tiff,patch_137,26.142168,23.067547,26.271313,26.167366,24.421883
batch_01050_patch.tiff,patch_138,27.042154,24.702612,25.810444,27.081581,25.747467
batch_01050_patch.tiff,patch_139,26.378681,23.46236,25.106731,23.774055,26.678339
batch_01050_patch.tiff,patch_140,26.700005,23.467138,24.323631,25.224577,27.056301
batch_01050_patch.tiff,patch_141,24.951817,22.474035,22.31723,25.361235,25.045637
batch_01050_patch.tiff,patch_142,25.726507,23.25068,25.047367,24.13179,24.427206
batch_01050_patch.tiff,patch_143,24.925217,24.339977,23.436966,25.838026,26.236664
batch_01050_patch.tiff,patch_144,25.306067,24.920738,25.165989,25.509926,26.230225
batch_01050_patch.tiff,patch_145,25.640932,23.140152,24.777784,25.360283,26.119158
batch_01050_patch.tiff,patch_146,26.875515,22.823032,26.454582,25.723528,25.46816
batch_01050_patch.tiff,patch_147,26.854254,24.586615,27.571695,26.715017,25.933847
batch_01050_patch.tiff,patch_148,26.06039,24.294294,25.736204,26.44,25.29015
batch_01050_patch.tiff,patch_149,27.348528,22.07681,25.731653,24.614674,25.26445
batch_01050_patch.tiff,patch_150,26.895994,23.104301,27.010511,23.866894,25.30163
batch_01050_patch.tiff,patch_151,26.980352,23.324091,23.923271,23.686636,27.025984
batch_01050_patch.tiff,patch_152,27.503277,23.867218,26.342018,22.644234,27.849953
batch_01050_patch.tiff,patch_153,26.237123,22.989386,23.74461,24.253168,25.917276
batch_01050_patch.tiff,patch_154,25.562159,23.067251,23.768559,23.935328,25.436926
batch_01050_patch.tiff,patch_155,25.245527,24.577559,24.709627,25.40799,26.284977
batch_01050_patch.tiff,patch_156,25.72384,24.720425,23.890358,25.488285,25.61582
batch_01050_patch.tiff,patch_157,24.946367,22.767538,24.001215,24.884726,25.93029
batch_01050_patch.tiff,patch_158,26.471144,22.460226,26.047987,25.645096,26.266218
batch_01050_patch.tiff,patch_159,26.504229,24.174282,23.276697,25.52944,25.79375
batch_01050_patch.tiff,patch_160,26.133898,24.829147,23.287407,25.100248,26.586227
batch_01050_patch.tiff,patch_161,26.982794,22.1388,25.751328,24.56921,25.638245
batch_01050_patch.tiff,patch_162,26.531044,22.459059,25.376026,24.607216,25.142075
batch_01050_patch.tiff,patch_163,26.261854,22.24968,23.148973,23.068468,26.253712
batch_01050_patch.tiff,patch_164,26.842516,23.29832,24.445574,25.505428,25.632097
batch_01050_patch.tiff,patch_165,26.063961,23.71328,23.913824,24.070723,25.806042
batch_01050_patch.tiff,patch_166,25.839487,23.534399,24.42798,24.022602,25.622963
batch_01050_patch.tiff,patch_167,25.343374,26.101154,22.9647,25.719774,25.962759
batch_01050_patch.tiff,patch_168,25.504396,24.035046,24.151163,24.91701,25.99726
batch_01050_patch.tiff,patch_169,25.618298,22.962412,24.680498,23.685226,26.668402
batch_01050_patch.tiff,patch_170,25.20945,22.856256,23.59768,24.682291,25.599752
batch_01100_patch.tiff,patch_0,25.735247,23.696423,25.050308,25.170753,25.989887
batch_01100_patch.tiff,patch_1,25.559536,22.97361,23.117151,25.29838,26.4984
batch_01100_patch.tiff,patch_2,24.365486,23.542006,25.096397,23.597685,25.900871
batch_01100_patch.tiff,patch_3,23.09397,22.800026,24.17839,24.367338,25.973743
batch_01100_patch.tiff,patch_4,25.785936,23.217672,24.208834,24.026037,26.200768
batch_01100_patch.tiff,patch_5,25.802357,23.222855,23.700752,24.68974,26.051899
batch_01100_patch.tiff,patch_6,26.042719,24.193771,25.80259,24.392134,25.057755
batch_01100_patch.tiff,patch_7,25.90231,24.54036,25.357096,24.913715,25.62407
batch_01100_patch.tiff,patch_8,24.512194,24.75686,24.197931,23.309443,26.247547
batch_01100_patch.tiff,patch_9,24.665243,20.792746,22.620306,24.110836,24.339252
batch_01100_patch.tiff,patch_10,24.99013,23.279278,24.039694,25.505606,25.248613
batch_01100_patch.tiff,patch_11,26.033598,23.195837,24.764696,24.575583,26.614117
batch_01100_patch.tiff,patch_12,23.305431,23.228249,24.810047,23.384031,24.96624
batch_01100_patch.tiff,patch_13,24.106201,24.12452,24.826075,24.166502,25.376894
batch_01100_patch.tiff,patch_14,26.20719,22.85933,27.079916,25.10799,26.143112
batch_01100_patch.tiff,patch_15,25.43663,22.799026,24.538073,23.284294,26.67582
batch_01100_patch.tiff,patch_16,25.557549,23.821087,23.68469,24.868526,26.915579
batch_01100_patch.tiff,patch_17,25.991865,24.079296,25.72971,24.559097,26.33621
batch_01100_patch.tiff,patch_18,25.886026,23.953707,26.406004,24.100779,24.837648
batch_01100_patch.tiff,patch_19,25.036667,21.897467,24.11115,25.156687,25.063114
batch_01100_patch.tiff,patch_20,25.838276,23.18524,27.56496,25.460325,24.910769
batch_01100_patch.tiff,patch_21,26.664053,24.391708,28.146667,24.404964,27.205032
batch_01100_patch.tiff,patch_22,23.551735,23.739258,24.907835,23.657995,26.082176
batch_01100_patch.tiff,patch_23,24.691692,21.943375,22.702272,24.755598,24.636354
batch_01100_patch.tiff,patch_24,24.391054,22.332247,22.67888,24.278095,24.626152
batch_01100_patch.tiff,patch_25,26.40521,25.07815,24.710032,24.902422,26.99624
batch_01100_patch.tiff,patch_26,26.386276,24.730192,25.365934,25.275482,27.483215
batch_01100_patch.tiff,patch_27,24.801601,23.767328,23.814264,25.250284,25.375126
batch_01100_patch.tiff,patch_28,24.594824,24.923618,25.258514,24.570158,25.872433
batch_01100_patch.tiff,patch_29,25.438635,25.36172,25.71666,22.445047,27.087923
batch_01100_patch.tiff,patch_30,24.450985,24.338442,25.482334,22.740402,26.419918
batch_01100_patch.tiff,patch_31,24.91993,20.85065,21.296774,24.574099,24.742876
batch_01100_patch.tiff,patch_32,24.772806,24.234816,22.435951,24.359285,26.112738
batch_01100_patch.tiff,patch_33,25.666458,25.062452,25.530664,24.345226,28.360958
batch_01100_patch.tiff,patch_34,24.23027,24.331957,23.667377,24.090836,25.960848
batch_01100_patch.tiff,patch_35,24.304316,23.263231,24.741184,24.355247,25.557701
batch_01100_patch.tiff,patch_36,25.980417,25.018261,25.736786,25.583088,28.176056
batch_01100_patch.tiff,patch_37,25.351353,24.256243,23.97308,25.101381,26.049618
batch_01100_patch.tiff,patch_38,24.199753,24.663769,23.924519,24.485394,23.316956
batch_01100_patch.tiff,patch_39,25.191813,23.365627,25.329803,24.035559,25.511896
batch_01100_patch.tiff,patch_40,25.72676,21.25946,20.615393,23.178576,25.390884
batch_01100_patch.tiff,patch_41,25.115978,22.440561,24.022346,25.122839,25.909845
batch_01100_patch.tiff,patch_42,26.11605,22.904085,26.018547,25.483135,26.037825
batch_01100_patch.tiff,patch_43,26.108423,23.44972,26.06769,24.945236,26.901073
batch_01100_patch.tiff,patch_44,25.848648,23.118355,26.101637,23.930876,26.606857
batch_01100_patch.tiff,patch_45,25.846855,23.637278,25.357246,25.124603,26.691195
batch_01100_patch.tiff,patch_46,26.257853,23.854628,26.8334,24.788855,26.646832
batch_01100_patch.tiff,patch_47,26.376617,23.698187,26.377829,25.479916,24.307783
batch_01100_patch.tiff,patch_48,25.709265,23.491999,26.867277,24.599024,24.46974
batch_01100_patch.tiff,patch_49,24.946405,22.669231,23.432798,22.895206,26.455973
batch_01100_patch.tiff,patch_50,26.929081,22.595251,25.562965,25.676086,25.55323
batch_01100_patch.tiff,patch_51,26.445147,23.28524,26.818853,24.775465,26.791113
batch_01100_patch.tiff,patch_52,25.98876,24.88978,23.843767,24.678585,26.686024
batch_01100_patch.tiff,patch_53,25.46903,23.207073,25.30134,25.015106,25.584982
batch_01100_patch.tiff,patch_54,25.577015,24.273294,26.172634,24.437195,25.859484
batch_01100_patch.tiff,patch_55,26.34529,23.01844,25.755379,24.187933,24.515633
batch_01100_patch.tiff,patch_56,25.841831,22.81546,26.078194,24.861982,24.67818
batch_01100_patch.tiff,patch_57,25.113314,23.906181,24.967464,24.155437,26.7675
batch_01100_patch.tiff,patch_58,24.458654,23.666826,22.273829,23.298868,26.868607
batch_01100_patch.tiff,patch_59,25.150908,23.814037,24.121758,24.530312,26.289396
batch_01100_patch.tiff,patch_60,24.642527,23.097233,22.559927,24.934963,25.608456
batch_01100_patch.tiff,patch_61,26.323523,22.753891,25.91487,24.142717,25.12991
batch_01100_patch.tiff,patch_62,24.894073,24.07391,23.203142,22.436686,26.14784
batch_01100_patch.tiff,patch_63,25.248547,23.868933,22.97512,24.707348,27.021801
batch_01100_patch.tiff,patch_64,23.773933,22.851208,23.808578,22.493109,26.018513
batch_01100_patch.tiff,patch_65,25.092335,23.116655,24.299751,25.114391,26.370945
batch_01100_patch.tiff,patch_66,27.22564,22.67148,26.283928,25.109314,25.96745
batch_01100_patch.tiff,patch_67,26.19678,22.635511,25.22667,24.6438,24.498455
batch_01100_patch.tiff,patch_68,23.413485,23.968924,25.256603,23.92869,25.93778
batch_01100_patch.tiff,patch_69,23.637161,24.231522,24.651796,23.68894,25.690273
batch_01100_patch.tiff,patch_70,25.838064,22.291061,23.856333,24.907164,26.69852
batch_01100_patch.tiff,patch_71,25.399723,24.725302,24.239704,24.554136,26.680346
batch_01100_patch.tiff,patch_72,25.554203,22.479708,24.25255,23.459278,26.493078
batch_01100_patch.tiff,patch_73,25.52501,23.482908,25.306488,22.84588,26.267637
batch_01100_patch.tiff,patch_74,27.604486,24.643702,27.097193,24.419558,27.88312
batch_01100_patch.tiff,patch_75,23.400799,22.87143,22.2877,24.528255,25.641151
batch_01100_patch.tiff,patch_76,25.65162,22.36944,23.746742,24.812136,24.136034
batch_01100_patch.tiff,patch_77,25.438215,22.465303,25.30856,24.714722,23.857542
batch_01100_patch.tiff,patch_78,23.794825,24.473734,24.483862,24.399954,25.457514
batch_01100_patch.tiff,patch_79,26.196144,24.666973,26.770922,24.097942,26.575489
batch_01100_patch.tiff,patch_80,26.347687,24.72455,26.694645,25.393284,28.612238
batch_01100_patch.tiff,patch_81,26.175745,24.276554,25.428127,24.235136,26.629827
batch_01100_patch.tiff,patch_82,25.087732,24.037106,24.747505,22.109497,25.73195
batch_01100_patch.tiff,patch_83,27.331696,25.5576,26.611427,25.242634,28.002897
batch_01100_patch.tiff,patch_84,25.668583,24.361134,23.881643,24.513218,26.971472
batch_01100_patch.tiff,patch_85,26.542923,23.200825,26.253105,24.87348,24.282364
batch_01100_patch.tiff,patch_86,26.516617,23.346165,26.527918,25.074852,24.132183
batch_01100_patch.tiff,patch_87,24.13297,22.866413,23.381327,24.753752,26.030949
batch_01100_patch.tiff,patch_88,24.736937,23.66192,22.712963,24.698647,26.35585
batch_01100_patch.tiff,patch_89,25.966066,23.674242,26.035511,23.19797,27.311655
batch_01100_patch.tiff,patch_90,26.320793,23.687775,26.879717,24.199131,27.98952
batch_01100_patch.tiff,patch_91,24.377728,22.896141,23.366861,22.669018,26.160233
batch_01100_patch.tiff,patch_92,24.23303,23.365211,23.047863,22.381594,25.379206
batch_01100_patch.tiff,patch_93,25.053867,24.14272,24.024979,23.766087,26.573145
batch_01100_patch.tiff,patch_94,25.264454,23.006683,25.050207,24.951883,23.880844
batch_01100_patch.tiff,patch_95,25.51302,23.423483,26.660278,24.26326,24.473753
batch_01100_patch.tiff,patch_96,25.515722,22.600605,24.940386,24.44036,25.826504
batch_01100_patch.tiff,patch_97,24.371433,22.223131,23.10977,25.477356,25.662678
batch_01100_patch.tiff,patch_98,25.645058,24.24205,25.5776,24.913877,27.446085
batch_01100_patch.tiff,patch_99,25.093239,24.152988,24.087925,24.723764,26.599531
batch_01100_patch.tiff,patch_100,26.108232,22.532455,25.566162,24.935297,25.836393
batch_01100_patch.tiff,patch_101,24.539288,23.619253,24.194653,22.02557,25.764425
batch_01100_patch.tiff,patch_102,24.878475,23.824635,23.76115,23.019892,26.631058
batch_01100_patch.tiff,patch_103,25.167786,23.534292,24.584671,24.830648,24.993402
batch_01100_patch.tiff,patch_104,25.094225,22.529783,25.470333,24.64915,23.893997
batch_01100_patch.tiff,patch_105,25.097046,24.915812,23.665865,24.583595,26.213984
batch_01100_patch.tiff,patch_106,23.577475,23.133709,22.183039,25.08033,25.676846
batch_01100_patch.tiff,patch_107,24.545246,23.607317,22.426376,24.350325,25.510063
batch_01100_patch.tiff,patch_108,25.630033,23.966822,24.920776,24.34167,27.200373
batch_01100_patch.tiff,patch_109,25.878242,23.403458,23.663816,24.361626,26.009205
batch_01100_patch.tiff,patch_110,25.648516,23.128736,23.893036,24.717232,26.416391
batch_01100_patch.tiff,patch_111,26.143236,23.755672,26.482962,23.39189,25.683964
batch_01100_patch.tiff,patch_112,27.557533,23.75159,26.282011,24.47823,26.58283
batch_01100_patch.tiff,patch_113,24.690144,22.771046,24.08525,23.917698,24.085886
batch_01100_patch.tiff,patch_114,25.259783,22.393929,25.615253,24.08279,25.362064
batch_01100_patch.tiff,patch_115,24.887136,22.90421,24.86091,22.700897,26.057842
batch_01100_patch.tiff,patch_116,24.699873,22.899933,25.07609,24.858429,26.442743
batch_01100_patch.tiff,patch_117,26.272203,24.609491,25.361462,24.136892,27.242907
batch_01100_patch.tiff,patch_118,25.266863,24.213,24.004095,24.261469,26.053377
batch_01100_patch.tiff,patch_119,26.82469,23.843758,26.634485,24.543333,26.845877
batch_01100_patch.tiff,patch_120,24.607964,23.464334,23.38253,22.98612,25.72948
batch_01100_patch.tiff,patch_121,24.814928,23.321432,24.534342,24.654182,24.890913
batch_01100_patch.tiff,patch_122,26.759281,23.833893,25.245914,25.79169,25.970057
batch_01100_patch.tiff,patch_123,25.473974,23.870615,26.03453,24.180847,24.860445
batch_01100_patch.tiff,patch_124,26.508015,23.326824,27.033693,24.676794,24.766962
batch_01100_patch.tiff,patch_125,26.157526,25.208605,23.64348,24.665148,26.896372
batch_01100_patch.tiff,patch_126,24.01248,25.691416,24.1239,23.278353,27.137812
batch_01100_patch.tiff,patch_127,26.470926,23.905613,24.598022,25.677094,26.148039
batch_01100_patch.tiff,patch_128,25.418251,23.951942,24.583057,22.184881,26.030857
batch_01100_patch.tiff,patch_129,26.914858,23.836174,26.462679,24.890734,25.449547
batch_01100_patch.tiff,patch_130,25.96571,23.1825,26.165129,24.393915,25.97298
batch_01100_patch.tiff,patch_131,25.007507,24.235168,23.300688,24.424725,26.288229
batch_01100_patch.tiff,patch_132,24.707386,24.69137,25.45588,23.305107,26.368471
batch_01100_patch.tiff,patch_133,26.30128,23.684826,27.666725,24.667164,26.764767
batch_01100_patch.tiff,patch_134,27.119125,24.347668,26.199024,24.997538,28.332415
batch_01150_patch.tiff,patch_0,26.221186,23.89407,23.375387,24.545607,26.038574
batch_01150_patch.tiff,patch_1,24.59046,21.479866,20.830154,23.56242,24.22024
batch_01150_patch.tiff,patch_2,26.414152,25.187191,25.87781,24.441607,28.186184
batch_01150_patch.tiff,patch_3,25.014984,24.080667,25.522316,24.899061,27.342505
batch_01150_patch.tiff,patch_4,25.121218,21.797237,23.205534,23.225018,25.206017
batch_01150_patch.tiff,patch_5,25.666288,22.310556,23.301664,22.789703,26.21043
batch_01150_patch.tiff,patch_6,25.122816,23.166517,24.410215,25.96619,24.532997
batch_01150_patch.tiff,patch_7,24.67101,22.97214,24.265247,25.295794,24.049639
batch_01150_patch.tiff,patch_8,25.579428,24.37879,24.439568,23.59791,26.695833
batch_01150_patch.tiff,patch_9,25.351856,23.509708,23.918734,22.57748,26.62952
batch_01150_patch.tiff,patch_10,26.342615,22.050262,24.397858,25.473558,24.80614
batch_01150_patch.tiff,patch_11,25.821133,21.688381,24.1642,25.055847,23.239054
batch_01150_patch.tiff,patch_12,25.869946,22.340956,22.819336,24.595251,25.676004
batch_01150_patch.tiff,patch_13,25.470503,21.018595,20.162924,23.03741,24.22885
batch_01150_patch.tiff,patch_14,23.77974,21.93534,21.990921,25.214788,23.3902
batch_01150_patch.tiff,patch_15,26.403475,24.35122,25.842781,24.866446,27.387222
batch_01150_patch.tiff,patch_16,27.641047,24.798637,25.416088,24.740286,26.682516
batch_01150_patch.tiff,patch_17,26.01783,22.835527,25.157177,24.627441,26.502148
batch_01150_patch.tiff,patch_18,24.30923,22.595648,23.60056,24.321753,25.720642
batch_01150_patch.tiff,patch_19,26.260168,23.500702,25.014744,23.35464,23.856571
batch_01150_patch.tiff,patch_20,26.969555,24.28487,25.29118,23.989344,25.183603
batch_01150_patch.tiff,patch_21,25.414232,24.889153,24.099897,24.847073,26.477032
batch_01150_patch.tiff,patch_22,26.089142,24.77307,25.254484,23.785751,27.048367
batch_01150_patch.tiff,patch_23,26.970722,22.30504,25.727942,25.79334,24.401833
batch_01150_patch.tiff,patch_24,26.234241,22.031483,24.86029,25.861452,23.681465
batch_01150_patch.tiff,patch_25,26.977139,22.633707,26.41025,25.235151,25.960129
batch_01150_patch.tiff,patch_26,25.114546,21.851994,22.909336,22.90167,25.436998
batch_01150_patch.tiff,patch_27,25.811651,22.193478,21.601223,23.293444,25.551105
batch_01150_patch.tiff,patch_28,25.76455,23.606937,26.124052,24.577621,26.064919
batch_01150_patch.tiff,patch_29,26.039719,23.818455,25.09567,25.154171,25.714504
batch_01150_patch.tiff,patch_30,25.488688,22.25719,24.261385,23.0711,26.56853
batch_01150_patch.tiff,patch_31,26.43251,22.098015,26.239471,22.031002,26.261019
batch_01150_patch.tiff,patch_32,25.15284,22.75474,24.148586,24.499163,24.919922
batch_01150_patch.tiff,patch_33,25.586721,23.54008,25.653374,24.12435,25.34613
batch_01150_patch.tiff,patch_34,27.286867,24.937933,28.157722,23.996178,25.052023
batch_01150_patch.tiff,patch_35,26.159767,24.15587,25.630093,23.414803,23.209108
batch_01150_patch.tiff,patch_36,26.853065,25.09458,26.209965,24.923841,27.499664
batch_01150_patch.tiff,patch_37,26.137964,24.141787,25.576681,24.437868,27.611946
batch_01150_patch.tiff,patch_38,27.088287,23.673584,26.329285,25.027414,26.723394
batch_01150_patch.tiff,patch_39,25.466501,21.792372,22.47015,24.521307,25.218925
batch_01150_patch.tiff,patch_40,25.69239,22.052065,21.302994,23.546383,25.28111
batch_01150_patch.tiff,patch_41,26.850876,22.611237,27.277254,24.262344,26.074018
batch_01150_patch.tiff,patch_42,26.319433,22.794378,26.961983,24.294176,25.464687
batch_01150_patch.tiff,patch_43,25.360847,22.750261,24.29502,23.715258,25.837738
batch_01150_patch.tiff,patch_44,25.582365,23.129887,25.339779,23.043896,26.093576
batch_01150_patch.tiff,patch_45,25.474566,22.690565,26.451122,25.32552,25.55809
batch_01150_patch.tiff,patch_46,25.118399,23.217531,24.827087,25.635284,25.29783
batch_01150_patch.tiff,patch_47,27.000114,24.030125,26.414772,25.006071,25.795696
batch_01150_patch.tiff,patch_48,26.774122,23.935617,27.06349,24.2567,26.062351
batch_01150_patch.tiff,patch_49,26.364279,24.294868,27.152164,24.767113,27.211555
batch_01150_patch.tiff,patch_50,26.045862,24.819735,25.800093,25.050587,27.087824
batch_01150_patch.tiff,patch_51,24.98929,22.527157,23.227333,25.259848,25.30878
batch_01150_patch.tiff,patch_52,26.403994,22.364594,23.209753,23.684443,26.478226
batch_01150_patch.tiff,patch_53,24.24532,21.018871,19.735418,23.367607,23.891413
batch_01150_patch.tiff,patch_54,25.419744,22.094072,26.164526,24.581797,25.295132
batch_01150_patch.tiff,patch_55,25.251877,23.162073,27.315952,24.47699,25.12338
batch_01150_patch.tiff,patch_56,25.901846,22.0621,23.368935,23.677963,26.018223
batch_01150_patch.tiff,patch_57,25.505146,23.445623,26.206669,23.838848,25.591984
batch_01150_patch.tiff,patch_58,26.543678,22.757576,27.955048,24.346254,25.571617
batch_01150_patch.tiff,patch_59,26.062082,22.613642,26.886232,23.768847,23.695387
batch_01150_patch.tiff,patch_60,25.985115,21.672419,24.882132,25.913273,22.864798
batch_01150_patch.tiff,patch_61,24.945526,21.566032,23.14476,25.282381,21.540283
batch_01150_patch.tiff,patch_62,25.608503,21.203722,21.242992,23.562141,24.80716
batch_01150_patch.tiff,patch_63,25.603294,22.817263,21.815195,24.3198,25.707844
batch_01150_patch.tiff,patch_64,25.632523,23.320215,25.454247,23.434357,25.96831
batch_01150_patch.tiff,patch_65,26.130129,22.399023,25.244244,24.58662,26.9126
batch_01150_patch.tiff,patch_66,25.47491,23.10229,25.46666,22.784294,26.792799
batch_01150_patch.tiff,patch_67,24.53758,22.038687,23.432077,22.028738,25.851774
batch_01150_patch.tiff,patch_68,25.456717,22.927057,25.972723,25.710234,25.362907
batch_01150_patch.tiff,patch_69,25.153528,22.925379,24.590635,25.364202,24.915886
batch_01150_patch.tiff,patch_70,25.537695,23.581244,23.683714,23.128881,26.110231
batch_01150_patch.tiff,patch_71,27.602686,23.681917,25.61838,23.823397,26.244982
batch_01150_patch.tiff,patch_72,25.783653,22.482044,25.55974,25.509716,22.604427
batch_01150_patch.tiff,patch_73,25.776146,21.586386,24.62478,25.423147,22.423296
batch_01150_patch.tiff,patch_74,24.29317,21.996084,19.288979,24.195248,24.901806
batch_01150_patch.tiff,patch_75,25.216259,21.505392,20.769983,23.543589,24.117506
batch_01150_patch.tiff,patch_76,24.562546,25.355953,24.287836,24.090729,25.19178
batch_01150_patch.tiff,patch_77,24.860022,25.01958,24.60606,24.047886,25.763872
batch_01150_patch.tiff,patch_78,26.214073,24.524363,25.123476,24.828981,27.168514
batch_01150_patch.tiff,patch_79,26.6725,25.105558,25.470781,24.658749,27.270163
batch_01150_patch.tiff,patch_80,25.448195,23.295204,25.453434,25.870893,25.499243
batch_01150_patch.tiff,patch_81,25.587729,22.08113,25.77092,24.130344,25.15468
batch_01150_patch.tiff,patch_82,23.645819,21.502825,23.414257,21.790915,25.3008
batch_01150_patch.tiff,patch_83,24.452797,22.626862,23.253729,22.562456,25.808193
batch_01150_patch.tiff,patch_84,24.808172,22.864584,24.96976,24.169653,27.337008
batch_01150_patch.tiff,patch_85,24.246702,22.778162,25.334095,23.180359,26.798094
batch_01150_patch.tiff,patch_86,25.891048,23.159979,23.016981,23.135777,27.1031
batch_01150_patch.tiff,patch_87,25.875055,23.0296,21.214693,24.042612,26.49094
batch_01150_patch.tiff,patch_88,25.837439,24.1154,22.610085,24.913567,25.74968
batch_01150_patch.tiff,patch_89,25.701317,25.210712,23.25542,24.601126,25.832302
batch_01150_patch.tiff,patch_90,25.291918,24.242231,23.300837,25.002546,25.663767
batch_01150_patch.tiff,patch_91,24.66716,23.761625,24.596039,24.831837,25.41287
batch_01150_patch.tiff,patch_92,23.405428,21.904226,23.569218,21.841944,25.552206
batch_01150_patch.tiff,patch_93,23.384026,21.964054,24.222046,23.03445,25.122236
batch_01150_patch.tiff,patch_94,25.036997,22.880348,26.08491,23.606836,27.05433
batch_01150_patch.tiff,patch_95,24.290743,23.11434,24.370806,24.28752,25.57314
batch_01150_patch.tiff,patch_96,26.245316,23.320015,26.262949,24.175905,25.81933
batch_01150_patch.tiff,patch_97,25.05856,24.411207,23.945875,24.196524,25.98151
batch_01150_patch.tiff,patch_98,25.38685,25.296793,24.724798,24.323076,25.969427
batch_01150_patch.tiff,patch_99,25.002464,23.174028,24.900213,23.424227,26.270834
batch_01150_patch.tiff,patch_100,25.219183,22.518353,24.635365,24.349686,25.326118
batch_01150_patch.tiff,patch_101,24.98516,22.830229,24.304127,24.855505,25.497713
batch_01150_patch.tiff,patch_102,25.773071,22.026642,26.24838,24.695312,26.138414
batch_01150_patch.tiff,patch_103,24.597399,22.7433,23.309002,25.300907,24.455204
batch_01150_patch.tiff,patch_104,24.783796,22.57167,23.564438,23.184706,24.444534
batch_01150_patch.tiff,patch_105,25.8495,23.198465,24.986319,24.121435,27.065348
batch_01150_patch.tiff,patch_106,24.9184,23.982035,25.245443,24.603115,26.571657
batch_01150_patch.tiff,patch_107,26.731285,23.519913,27.597961,23.98188,26.858648
batch_01150_patch.tiff,patch_108,24.952063,22.850243,26.18443,24.43136,24.092653
batch_01150_patch.tiff,patch_109,24.155567,24.38612,23.124567,24.45031,25.60376
batch_01150_patch.tiff,patch_110,24.699408,24.822145,23.737019,24.639322,25.63087
batch_01150_patch.tiff,patch_111,24.768692,20.995783,23.947956,22.5686,25.32379
batch_01150_patch.tiff,patch_112,24.389736,23.047888,24.257338,24.153412,25.17591
batch_01150_patch.tiff,patch_113,24.943565,21.324133,23.542826,24.636705,25.294304
batch_01150_patch.tiff,patch_114,25.319399,22.988075,24.84531,24.37869,25.85175
batch_01150_patch.tiff,patch_115,24.774597,23.350851,23.390245,23.405378,25.260271
batch_01150_patch.tiff,patch_116,24.133028,21.80902,23.986496,22.766016,24.163727
batch_01150_patch.tiff,patch_117,26.097282,23.692635,26.023386,23.432653,27.109938
batch_01150_patch.tiff,patch_118,25.686943,23.128891,24.362144,23.13936,26.735468
batch_01150_patch.tiff,patch_119,26.718933,22.585907,26.625381,23.418684,25.758217
batch_01150_patch.tiff,patch_120,25.403101,22.330225,25.10259,25.041006,24.866343
batch_01150_patch.tiff,patch_121,26.73762,23.911959,24.995564,25.614197,26.27321
batch_01150_patch.tiff,patch_122,24.75903,24.655315,22.702269,25.003746,26.059277
batch_01150_patch.tiff,patch_123,25.458729,23.227749,25.189304,24.672562,25.195644
batch_01150_patch.tiff,patch_124,25.925388,21.84047,23.765514,25.465532,25.139626
batch_01150_patch.tiff,patch_125,25.730818,22.566322,25.86708,25.229763,25.52849
batch_01150_patch.tiff,patch_126,24.510677,21.990793,23.955006,24.155622,24.17132
batch_01150_patch.tiff,patch_127,26.015137,21.894104,23.67077,23.730331,25.876074
batch_01150_patch.tiff,patch_128,26.839401,22.109089,23.7644,23.836475,26.81622
batch_01150_patch.tiff,patch_129,26.751549,23.405573,26.349604,25.684835,26.860367
batch_01150_patch.tiff,patch_130,25.79231,22.445108,25.804796,23.26401,26.758318
batch_01150_patch.tiff,patch_131,26.483149,24.068304,25.773104,25.060015,27.008183
batch_01150_patch.tiff,patch_132,26.278484,23.643854,26.15749,25.258884,26.15202
batch_01150_patch.tiff,patch_133,25.875526,25.661043,24.630068,24.732746,26.97726
batch_01150_patch.tiff,patch_134,25.728304,23.031807,25.341574,25.599129,24.791098
batch_01150_patch.tiff,patch_135,26.426893,23.481691,25.628384,25.640995,26.023617
batch_01150_patch.tiff,patch_136,26.123459,22.32681,24.63855,25.664701,24.35335
batch_01150_patch.tiff,patch_137,25.151365,22.3517,25.027092,24.843893,24.755283
batch_01150_patch.tiff,patch_138,24.078335,21.86904,23.820433,25.915632,23.159454
batch_01150_patch.tiff,patch_139,26.641592,22.10785,25.488703,25.152925,24.48135
batch_01150_patch.tiff,patch_140,26.017025,22.376535,23.111437,24.79917,26.41593
batch_01150_patch.tiff,patch_141,25.405325,22.682491,23.086676,24.600145,26.426758
batch_01150_patch.tiff,patch_142,26.770893,22.59224,24.145151,24.357302,26.740503
batch_01150_patch.tiff,patch_143,26.270823,21.957253,25.214663,23.819239,27.255949
batch_01150_patch.tiff,patch_144,25.36662,22.251305,24.027096,23.245764,25.9046
batch_01150_patch.tiff,patch_145,24.963161,22.831617,25.382975,23.643559,26.535683
batch_01150_patch.tiff,patch_146,25.780676,23.152079,26.842537,24.746355,25.394093
batch_01150_patch.tiff,patch_147,27.122335,25.385393,25.551527,25.40391,27.604778
batch_01150_patch.tiff,patch_148,25.454733,24.27252,23.755661,23.727388,26.657093
batch_01150_patch.tiff,patch_149,25.861937,22.25735,24.75499,24.537285,25.04601
batch_01150_patch.tiff,patch_150,26.944336,23.371922,25.612122,25.19179,24.564398
batch_01150_patch.tiff,patch_151,24.994547,22.621393,22.531282,24.048311,26.325428
batch_01150_patch.tiff,patch_152,25.167738,23.025904,23.018574,24.100208,27.16627
batch_01150_patch.tiff,patch_153,26.531649,22.28933,23.952652,24.048525,25.324345
batch_01150_patch.tiff,patch_154,25.307123,22.899626,25.679148,24.191242,25.774462
batch_01150_patch.tiff,patch_155,26.062042,22.761633,26.258076,22.895155,26.343552
batch_01150_patch.tiff,patch_156,25.827412,23.505548,23.819742,24.625465,26.417624
batch_01150_patch.tiff,patch_157,25.298586,22.447073,25.070932,24.8145,25.338701
batch_01150_patch.tiff,patch_158,25.5679,22.636404,24.398096,25.176964,26.556992
batch_01150_patch.tiff,patch_159,25.26895,24.44345,23.887304,25.549929,27.173658
batch_01150_patch.tiff,patch_160,23.385063,22.776352,22.703674,24.183405,25.604753
batch_01150_patch.tiff,patch_161,25.433008,22.321508,24.472494,24.377213,24.893219
batch_01150_patch.tiff,patch_162,26.515007,22.245455,25.719511,25.705215,23.043991
batch_01150_patch.tiff,patch_163,24.261261,22.402645,22.765009,24.300499,25.860336
batch_01150_patch.tiff,patch_164,25.816195,22.06431,23.543573,23.844723,26.367382
batch_01150_patch.tiff,patch_165,26.240273,22.788038,25.008657,24.520248,26.022078
batch_01150_patch.tiff,patch_166,24.915987,22.756596,24.93158,24.624496,25.991678
batch_01150_patch.tiff,patch_167,24.763964,23.033827,23.126234,24.251143,25.842848
batch_01150_patch.tiff,patch_168,25.626078,22.345127,24.152096,22.96342,26.207836
batch_01150_patch.tiff,patch_169,25.364576,22.009571,24.6677,24.561058,25.354946
batch_01150_patch.tiff,patch_170,25.565746,22.630419,27.054539,24.903515,25.335524
batch_01150_patch.tiff,patch_171,25.902857,25.14619,27.978756,24.228464,25.74396
batch_01150_patch.tiff,patch_172,26.171122,24.44708,28.154587,24.705841,25.178333
batch_01150_patch.tiff,patch_173,25.511951,22.7046,25.744883,26.224213,25.622593
batch_01150_patch.tiff,patch_174,25.615562,21.799387,24.63117,25.468117,22.82157
batch_01150_patch.tiff,patch_175,25.893467,22.924799,23.800024,24.432055,25.771345
batch_01150_patch.tiff,patch_176,26.25936,22.255768,23.301952,23.718267,27.055536
batch_01200_patch.tiff,patch_0,25.203775,22.034626,22.73153,23.478964,26.42761
batch_01200_patch.tiff,patch_1,24.301502,21.806854,21.529173,23.82256,25.380465
batch_01200_patch.tiff,patch_2,26.183607,23.684008,25.096718,23.377068,27.66302
batch_01200_patch.tiff,patch_3,27.533594,23.087498,23.689028,22.847935,27.019527
batch_01200_patch.tiff,patch_4,26.208805,24.244219,27.067072,24.226704,26.397516
batch_01200_patch.tiff,patch_5,25.560833,23.937876,23.893147,23.744553,26.520346
batch_01200_patch.tiff,patch_6,25.42706,24.149755,25.533062,24.324852,27.559452
batch_01200_patch.tiff,patch_7,24.966228,23.883818,26.479942,24.125505,27.516443
batch_01200_patch.tiff,patch_8,24.890404,22.960468,23.43543,23.115417,25.713787
batch_01200_patch.tiff,patch_9,25.643217,23.899376,26.41467,23.606937,27.620724
batch_01200_patch.tiff,patch_10,24.86609,24.213366,22.55989,25.342138,26.112026
batch_01200_patch.tiff,patch_11,24.54518,23.949757,23.917349,25.198893,25.484222
batch_01200_patch.tiff,patch_12,26.152895,22.394749,24.323513,25.51144,25.771538
batch_01200_patch.tiff,patch_13,24.936432,22.85166,21.8366,24.425924,25.803892
batch_01200_patch.tiff,patch_14,25.011093,22.868853,22.334112,24.728662,26.244707
batch_01200_patch.tiff,patch_15,24.993277,23.288301,23.672165,24.093967,26.828747
batch_01200_patch.tiff,patch_16,25.695864,23.667091,25.032875,24.361397,26.55472
batch_01200_patch.tiff,patch_17,24.784721,24.213646,25.712013,24.532854,26.555603
batch_01200_patch.tiff,patch_18,26.61344,23.259857,25.710686,24.516417,26.897928
batch_01200_patch.tiff,patch_19,25.723425,24.190014,25.197386,24.612679,28.153397
batch_01200_patch.tiff,patch_20,26.11714,24.480297,26.469727,24.53389,27.694069
batch_01200_patch.tiff,patch_21,24.456732,23.369293,24.654554,24.610073,25.615572
batch_01200_patch.tiff,patch_22,25.813532,23.504555,24.801985,24.556808,26.552378
batch_01200_patch.tiff,patch_23,24.368355,23.823841,23.701454,24.553825,25.468998
batch_01200_patch.tiff,patch_24,24.510172,23.594164,23.390713,24.994438,25.474401
batch_01200_patch.tiff,patch_25,26.670458,22.027887,25.237406,25.01923,25.851145
batch_01200_patch.tiff,patch_26,25.168139,22.60049,22.43651,24.061926,25.859045
batch_01200_patch.tiff,patch_27,26.549524,23.514412,25.857143,23.185074,27.234228
batch_01200_patch.tiff,patch_28,26.638027,24.056135,24.88046,24.812798,25.642105
batch_01200_patch.tiff,patch_29,27.660336,24.402596,27.248114,24.861393,26.003971
batch_01200_patch.tiff,patch_30,26.24676,23.581104,27.632616,24.219715,25.642561
batch_01200_patch.tiff,patch_31,26.22356,23.202076,26.389967,24.894129,26.283087
batch_01200_patch.tiff,patch_32,26.932367,23.825516,27.187506,24.647999,26.258253
batch_01200_patch.tiff,patch_33,25.931427,24.254171,24.112751,24.925798,26.032047
batch_01200_patch.tiff,patch_34,24.577911,22.578255,22.83405,23.368765,25.09473
batch_01200_patch.tiff,patch_35,24.61614,23.153088,23.977745,23.046604,26.094938
batch_01200_patch.tiff,patch_36,25.017714,23.542631,22.972902,23.979834,26.425014
batch_01200_patch.tiff,patch_37,25.76568,23.617628,24.256512,23.254396,26.481176
batch_01200_patch.tiff,patch_38,25.186272,21.919184,24.786867,24.507492,25.149954
batch_01200_patch.tiff,patch_39,25.685493,23.81824,22.916843,24.476276,26.027681
batch_01200_patch.tiff,patch_40,25.370424,22.754696,22.017017,24.13846,25.550066
batch_01200_patch.tiff,patch_41,26.423563,24.193567,27.910019,24.775986,25.823664
batch_01200_patch.tiff,patch_42,26.262392,22.974472,24.97344,25.501476,25.761448
batch_01200_patch.tiff,patch_43,26.266203,23.890041,25.590137,23.565504,26.844152
batch_01200_patch.tiff,patch_44,26.307367,23.920252,24.433382,23.807238,26.516108
batch_01200_patch.tiff,patch_45,27.104877,25.22993,24.988369,24.93238,26.283274
batch_01200_patch.tiff,patch_46,26.323479,25.003592,25.102262,24.989628,26.715336
batch_01200_patch.tiff,patch_47,25.880219,23.777542,25.975313,23.728361,26.992592
batch_01200_patch.tiff,patch_48,25.5902,23.42243,25.5984,24.738588,26.670698
batch_01200_patch.tiff,patch_49,24.984835,25.10949,22.941914,23.771757,26.541044
batch_01200_patch.tiff,patch_50,24.531082,24.649748,22.522448,24.120613,24.608446
batch_01200_patch.tiff,patch_51,25.918785,23.597656,23.067871,26.080828,26.07786
batch_01200_patch.tiff,patch_52,25.508629,25.08812,23.90034,24.741032,26.753754
batch_01200_patch.tiff,patch_53,24.29586,23.911047,22.4749,24.513752,25.456062
batch_01200_patch.tiff,patch_54,26.950787,22.838764,25.726395,23.450832,26.32003
batch_01200_patch.tiff,patch_55,25.383081,22.611393,23.779758,23.965801,26.335144
batch_01200_patch.tiff,patch_56,25.613913,23.822433,25.445448,24.782246,25.917566
batch_01200_patch.tiff,patch_57,24.93382,23.184322,23.54952,23.448385,26.543901
batch_01200_patch.tiff,patch_58,26.583826,22.345572,23.23213,24.2606,26.581133
batch_01200_patch.tiff,patch_59,27.073313,22.572851,26.876919,24.331944,26.137615
batch_01200_patch.tiff,patch_60,25.832697,23.09535,21.067476,24.973143,24.608358
batch_01200_patch.tiff,patch_61,24.942562,24.310633,23.454987,24.597725,25.892084
batch_01200_patch.tiff,patch_62,25.048018,23.53244,23.759148,24.503736,26.543234
batch_01200_patch.tiff,patch_63,26.906809,24.439142,28.772326,23.997145,26.68769
batch_01200_patch.tiff,patch_64,26.33703,24.378103,26.161535,25.090086,26.056704
batch_01200_patch.tiff,patch_65,26.23232,23.056572,25.078022,25.232237,26.464487
batch_01200_patch.tiff,patch_66,26.401867,22.19599,22.93594,23.25372,26.26272
batch_01200_patch.tiff,patch_67,26.095512,23.408354,26.177797,24.394459,26.486158
batch_01200_patch.tiff,patch_68,25.462975,23.884682,22.873117,24.662943,26.165575
batch_01200_patch.tiff,patch_69,25.39036,23.674997,24.427668,24.287592,27.039389
batch_01200_patch.tiff,patch_70,25.623594,23.504692,22.786236,25.14794,26.769438
batch_01200_patch.tiff,patch_71,26.314867,24.041248,21.917917,24.932821,26.026411
batch_01200_patch.tiff,patch_72,26.873594,23.39526,21.452013,25.63083,26.174221
batch_01200_patch.tiff,patch_73,25.059929,23.852518,23.17133,23.918697,26.438982
batch_01200_patch.tiff,patch_74,24.851826,25.762295,23.34499,24.733847,25.994669
batch_01200_patch.tiff,patch_75,27.535461,24.140663,28.263079,25.202244,26.426182
batch_01200_patch.tiff,patch_76,27.328693,22.887463,28.783987,24.94348,24.878977
batch_01200_patch.tiff,patch_77,26.699827,22.96247,27.384314,24.639854,26.681082
batch_01200_patch.tiff,patch_78,26.972319,22.818008,28.046005,24.361868,26.24723
batch_01200_patch.tiff,patch_79,26.493528,23.685085,24.846376,24.634918,27.598059
batch_01200_patch.tiff,patch_80,26.179543,23.792322,25.411911,24.469902,26.64823
batch_01200_patch.tiff,patch_81,27.014284,23.982286,25.578924,24.784172,27.340204
batch_01200_patch.tiff,patch_82,25.947618,23.183605,21.978075,25.387566,25.01781
batch_01200_patch.tiff,patch_83,26.393353,23.348896,23.053543,24.962465,26.439907
batch_01200_patch.tiff,patch_84,26.578838,22.52871,26.4013,25.069563,26.385681
batch_01200_patch.tiff,patch_85,23.918112,25.070084,21.720224,24.309788,24.319973
batch_01200_patch.tiff,patch_86,24.830025,24.946615,20.911375,25.62387,24.469618
batch_01200_patch.tiff,patch_87,27.03186,23.39836,28.035666,24.353952,25.343664
batch_01200_patch.tiff,patch_88,27.066235,22.542784,28.418814,25.094406,25.118792
batch_01200_patch.tiff,patch_89,26.970383,23.584524,28.801308,24.577862,26.153006
batch_01200_patch.tiff,patch_90,26.220783,22.81896,27.581726,24.764906,25.53091
batch_01200_patch.tiff,patch_91,26.207342,23.654602,24.562641,24.372414,26.127813
batch_01200_patch.tiff,patch_92,25.525934,24.448233,23.593693,25.000248,25.929441
batch_01200_patch.tiff,patch_93,27.500753,23.718128,27.570065,25.670374,26.475748
batch_01200_patch.tiff,patch_94,26.461302,23.895605,24.282684,25.990805,26.461063
batch_01200_patch.tiff,patch_95,25.761583,22.143877,23.331924,23.223068,25.793402
batch_01200_patch.tiff,patch_96,26.895424,23.322386,21.72203,25.12315,25.765089
batch_01200_patch.tiff,patch_97,26.279903,23.069815,26.75092,26.425816,24.71965
batch_01200_patch.tiff,patch_98,26.580318,22.936777,25.767637,24.534798,25.007664
batch_01200_patch.tiff,patch_99,25.73598,23.22378,26.442543,23.489967,26.232605
batch_01200_patch.tiff,patch_100,27.690592,22.839025,26.681854,23.393333,27.715435
batch_01200_patch.tiff,patch_101,26.038017,24.108212,24.07863,24.738663,26.455994
batch_01200_patch.tiff,patch_102,26.260174,23.603354,25.554472,24.49197,26.154469
batch_01200_patch.tiff,patch_103,25.440441,23.19654,24.398474,23.058086,27.252478
batch_01200_patch.tiff,patch_104,25.849297,22.933275,24.282455,23.373516,27.375252
batch_01200_patch.tiff,patch_105,26.232355,23.543692,24.762817,25.072308,25.644756
batch_01200_patch.tiff,patch_106,25.052364,23.905722,23.987421,24.832596,26.755123
batch_01200_patch.tiff,patch_107,24.4099,21.589134,24.560804,24.479004,24.612072
batch_01200_patch.tiff,patch_108,26.499857,21.943108,26.35303,24.814688,24.50895
batch_01200_patch.tiff,patch_109,27.056223,23.127121,28.186634,25.55864,25.97592
batch_01200_patch.tiff,patch_110,26.830399,22.922777,26.00424,25.010084,25.715853
batch_01200_patch.tiff,patch_111,26.777256,23.167517,25.01498,24.548597,26.743107
batch_01200_patch.tiff,patch_112,26.947132,23.291988,25.671173,24.16608,27.082489
batch_01200_patch.tiff,patch_113,26.453701,23.402931,26.280218,24.65468,27.471798
batch_01200_patch.tiff,patch_114,25.926506,23.550358,25.221827,23.498293,27.235
batch_01200_patch.tiff,patch_115,24.289352,23.431093,22.601591,23.342234,25.970232
batch_01200_patch.tiff,patch_116,25.667479,23.217056,24.104979,24.153566,26.27838
batch_01200_patch.tiff,patch_117,24.524668,23.85242,23.167633,24.883928,26.900621
batch_01200_patch.tiff,patch_118,25.714687,24.279165,24.075415,25.39041,26.038712
batch_01200_patch.tiff,patch_119,26.088285,22.062199,25.780478,25.179148,25.369564
batch_01200_patch.tiff,patch_120,27.179678,22.591003,27.560944,25.439905,25.573994
batch_01200_patch.tiff,patch_121,26.594265,22.84104,28.07624,25.140764,24.251797
batch_01200_patch.tiff,patch_122,25.618265,23.996056,25.445152,24.76895,26.606562
batch_01200_patch.tiff,patch_123,26.91333,25.030865,25.940676,24.787558,26.442049
batch_01200_patch.tiff,patch_124,25.952751,23.967283,24.618105,24.302061,26.536324
batch_01200_patch.tiff,patch_125,24.779814,23.311192,24.885992,24.489948,26.45446
batch_01200_patch.tiff,patch_126,25.409195,23.453625,24.52174,23.15808,27.152245
batch_01200_patch.tiff,patch_127,23.91138,22.729908,21.425406,22.950926,24.614092
batch_01200_patch.tiff,patch_128,25.914787,21.894876,21.786089,22.852037,25.5958
batch_01200_patch.tiff,patch_129,26.55102,23.331736,21.948324,24.81011,25.803087
batch_01200_patch.tiff,patch_130,25.432812,23.105528,23.601202,25.273006,25.305399
batch_01200_patch.tiff,patch_131,26.091305,21.59728,24.845068,24.321148,25.64468
batch_01200_patch.tiff,patch_132,27.388285,23.56132,25.844492,24.483772,26.031425
batch_01200_patch.tiff,patch_133,25.441647,23.54289,24.810108,24.82678,24.949413
batch_01200_patch.tiff,patch_134,24.347668,23.717323,22.647821,24.435366,26.147327
batch_01200_patch.tiff,patch_135,25.928062,25.198273,23.0341,25.145676,25.761513
batch_01200_patch.tiff,patch_136,26.828438,24.58188,25.53078,24.601658,26.203648
batch_01200_patch.tiff,patch_137,25.132738,22.85892,24.904842,23.444084,25.735264
batch_01200_patch.tiff,patch_138,25.605963,22.881243,24.225918,23.770168,26.997496
batch_01200_patch.tiff,patch_139,23.892782,23.43949,22.659658,23.961494,26.711706
batch_01200_patch.tiff,patch_140,26.904764,23.5019,22.356142,23.823917,26.897507
batch_01200_patch.tiff,patch_141,25.685236,23.056526,21.582817,23.919106,26.45002
batch_01200_patch.tiff,patch_142,25.871483,21.451298,21.780018,26.585663,24.534191
batch_01200_patch.tiff,patch_143,25.613047,24.051876,24.709967,23.115685,27.875158
batch_01200_patch.tiff,patch_144,26.02049,23.901188,25.216606,24.404198,27.368895
batch_01200_patch.tiff,patch_145,25.750473,23.21984,23.372631,23.916988,25.754322
batch_01200_patch.tiff,patch_146,24.006777,22.613392,23.633041,24.338743,25.852615
batch_01200_patch.tiff,patch_147,26.273773,23.502962,24.231342,24.333534,26.360418
batch_01200_patch.tiff,patch_148,26.259201,24.381105,25.843819,24.476755,26.591856
batch_01200_patch.tiff,patch_149,25.01205,23.306078,24.206951,23.53529,26.913319
batch_01200_patch.tiff,patch_150,24.14693,23.182228,24.72126,23.157417,26.238028
batch_01200_patch.tiff,patch_151,25.870842,22.177052,22.850672,23.908375,26.214224
batch_01200_patch.tiff,patch_152,26.656721,22.843517,23.798111,24.94357,25.71183
batch_01200_patch.tiff,patch_153,27.134417,22.995459,25.940725,24.765173,26.415525
batch_01200_patch.tiff,patch_154,27.169437,22.851751,25.162775,25.182508,25.941246
batch_01200_patch.tiff,patch_155,24.611254,22.342611,23.648968,24.12153,26.923342
batch_01200_patch.tiff,patch_156,26.225506,23.98491,24.694824,24.055681,27.306515
batch_01200_patch.tiff,patch_157,24.418327,23.131899,23.814812,24.3835,25.418573
batch_01200_patch.tiff,patch_158,23.514204,23.311527,23.16729,23.616722,24.206053
batch_01200_patch.tiff,patch_159,26.892218,23.742603,26.301945,24.68883,26.526627
batch_01200_patch.tiff,patch_160,26.036537,23.67084,24.954638,23.785362,26.128107
batch_01200_patch.tiff,patch_161,25.294266,23.118292,24.620028,23.634909,26.641697
batch_01200_patch.tiff,patch_162,25.674404,23.474289,24.50962,22.297731,27.048368
batch_01200_patch.tiff,patch_163,26.216438,22.213783,23.382383,24.39931,26.741518
batch_01200_patch.tiff,patch_164,26.318016,23.411161,22.411507,24.326696,26.448717
batch_01200_patch.tiff,patch_165,25.856094,22.677114,25.323835,25.034225,26.018448
batch_01200_patch.tiff,patch_166,25.51425,22.456633,24.67385,25.752478,25.874506
batch_01200_patch.tiff,patch_167,25.28594,23.81574,24.429089,24.089771,27.117422
batch_01200_patch.tiff,patch_168,25.838291,23.142042,23.331978,25.174786,26.259956
batch_01200_patch.tiff,patch_169,26.382439,23.57105,24.733486,24.23256,27.656685
batch_01200_patch.tiff,patch_170,25.9941,23.909319,24.656212,24.576532,25.425844
batch_01200_patch.tiff,patch_171,26.715166,23.510204,27.754,25.494171,26.602705
batch_01200_patch.tiff,patch_172,24.181028,22.902172,24.426273,24.758963,26.376492
batch_01200_patch.tiff,patch_173,25.421726,23.342886,25.036207,23.57877,26.531994
batch_01200_patch.tiff,patch_174,25.701973,22.5537,23.009357,24.735968,25.550995
batch_01200_patch.tiff,patch_175,26.994913,22.50474,20.105923,26.509188,26.067415
batch_01200_patch.tiff,patch_176,26.667692,23.822803,26.773603,24.576685,26.424341
batch_01200_patch.tiff,patch_177,26.474188,24.360771,26.798609,25.61816,26.823822
batch_01250_patch.tiff,patch_0,26.308159,22.243816,26.276901,24.697142,26.072847
batch_01250_patch.tiff,patch_1,25.67117,22.814135,23.934755,24.77867,25.14762
batch_01250_patch.tiff,patch_2,27.434439,24.84501,25.54968,24.672285,27.417822
batch_01250_patch.tiff,patch_3,26.987131,24.872408,27.663403,25.211634,26.874136
batch_01250_patch.tiff,patch_4,27.580456,21.463915,27.188196,24.909477,26.667227
batch_01250_patch.tiff,patch_5,26.799496,21.574417,25.148573,26.298185,25.21764
batch_01250_patch.tiff,patch_6,25.386742,23.68053,24.247139,23.422144,26.637545
batch_01250_patch.tiff,patch_7,25.114748,23.846924,23.507435,23.95044,26.45986
batch_01250_patch.tiff,patch_8,24.383635,22.85079,21.49609,23.341656,24.826235
batch_01250_patch.tiff,patch_9,25.148819,23.7838,22.132055,23.539133,25.895405
batch_01250_patch.tiff,patch_10,25.768166,22.840073,25.156687,24.128532,25.902988
batch_01250_patch.tiff,patch_11,25.71004,23.201132,25.858591,23.906265,26.263475
batch_01250_patch.tiff,patch_12,26.027487,22.552065,24.020023,26.422594,26.502468
batch_01250_patch.tiff,patch_13,26.218073,22.9686,25.682877,23.933779,26.333044
batch_01250_patch.tiff,patch_14,26.151438,22.758034,24.57836,24.621643,26.716387
batch_01250_patch.tiff,patch_15,27.087778,24.328098,26.203794,25.156235,26.899878
batch_01250_patch.tiff,patch_16,26.34293,24.606047,24.670208,23.991858,26.334366
batch_01250_patch.tiff,patch_17,27.579914,22.176022,26.756552,23.633703,26.433271
batch_01250_patch.tiff,patch_18,27.3238,22.229486,26.169458,25.59545,26.440638
batch_01250_patch.tiff,patch_19,25.46925,23.77013,23.600975,24.14975,25.683533
batch_01250_patch.tiff,patch_20,25.573265,23.28415,24.657024,23.002224,26.964846
batch_01250_patch.tiff,patch_21,25.400866,24.020323,23.947762,23.881933,25.443825
batch_01250_patch.tiff,patch_22,24.749552,23.61006,21.473354,23.953371,25.561995
batch_01250_patch.tiff,patch_23,26.680151,23.742525,27.807995,24.94087,26.022018
batch_01250_patch.tiff,patch_24,24.415157,23.40041,24.42091,24.628448,26.76719
batch_01250_patch.tiff,patch_25,26.609354,23.970135,24.671349,26.37284,26.818281
batch_01250_patch.tiff,patch_26,26.444536,21.918629,25.925383,25.090918,25.574501
batch_01250_patch.tiff,patch_27,27.354614,23.298573,25.051983,25.73315,26.258312
batch_01250_patch.tiff,patch_28,26.215965,22.774977,25.122906,25.749506,26.561707
batch_01250_patch.tiff,patch_29,26.8262,21.93061,24.999924,25.36664,26.45906
batch_01250_patch.tiff,patch_30,27.68469,22.553953,24.546856,24.73576,26.233986
batch_01250_patch.tiff,patch_31,28.073912,22.195738,26.99957,24.89093,25.655563
batch_01250_patch.tiff,patch_32,24.23639,23.513739,23.110315,24.151276,25.30712
batch_01250_patch.tiff,patch_33,25.153145,23.25155,24.72784,22.666065,26.709549
batch_01250_patch.tiff,patch_34,24.922401,22.336815,25.410225,24.99188,24.834124
batch_01250_patch.tiff,patch_35,25.248663,23.396492,26.112017,24.702509,26.213541
batch_01250_patch.tiff,patch_36,27.162426,23.73178,28.285158,24.22244,26.786568
batch_01250_patch.tiff,patch_37,24.342262,22.999132,24.068419,24.338612,24.381546
batch_01250_patch.tiff,patch_38,27.327305,21.208519,26.97104,24.799984,25.76299
batch_01250_patch.tiff,patch_39,26.442318,23.361853,23.826578,25.203863,25.598675
batch_01250_patch.tiff,patch_40,27.26582,23.08586,24.705173,25.734293,26.536427
batch_01250_patch.tiff,patch_41,27.117159,22.020576,25.839731,24.733387,26.544773
batch_01250_patch.tiff,patch_42,27.570168,23.153908,25.773315,25.433624,27.018356
batch_01250_patch.tiff,patch_43,27.612768,22.273466,27.321993,25.628473,26.645864
batch_01250_patch.tiff,patch_44,24.857973,23.04243,23.291134,23.22386,26.241964
batch_01250_patch.tiff,patch_45,25.598745,23.937807,24.599745,23.634523,27.430098
batch_01250_patch.tiff,patch_46,25.816353,23.605434,25.142649,24.619541,26.199217
batch_01250_patch.tiff,patch_47,24.237263,23.524902,24.143888,24.648472,26.395826
batch_01250_patch.tiff,patch_48,26.357641,24.22034,27.039919,25.002443,25.993351
batch_01250_patch.tiff,patch_49,27.022846,24.442846,26.538994,25.95574,25.995398
batch_01250_patch.tiff,patch_50,25.460976,23.29249,24.813229,25.840813,25.23944
batch_01250_patch.tiff,patch_51,26.082565,22.66083,23.925297,23.608727,26.307335
batch_01250_patch.tiff,patch_52,25.392107,22.820318,24.157942,25.116074,24.693535
batch_01250_patch.tiff,patch_53,25.826273,22.836788,23.879303,23.464708,26.925138
batch_01250_patch.tiff,patch_54,26.449638,22.254179,23.39975,22.076477,27.416754
batch_01250_patch.tiff,patch_55,27.393955,21.015486,26.993448,24.657991,25.206816
batch_01250_patch.tiff,patch_56,26.433464,21.584433,25.13949,25.107443,24.029488
batch_01250_patch.tiff,patch_57,25.665426,22.98306,25.559975,23.448866,26.315931
batch_01250_patch.tiff,patch_58,25.50555,23.188786,24.569307,24.079304,26.923824
batch_01250_patch.tiff,patch_59,22.572836,22.608658,22.793081,24.278519,25.147882
batch_01250_patch.tiff,patch_60,27.004505,23.582579,26.00798,24.929955,27.018717
batch_01250_patch.tiff,patch_61,24.980288,23.500072,24.24858,25.485682,24.913836
batch_01250_patch.tiff,patch_62,26.791548,23.723549,26.148891,25.621902,25.889896
batch_01250_patch.tiff,patch_63,26.239056,22.356785,26.588095,24.778214,25.5239
batch_01250_patch.tiff,patch_64,25.811659,22.497211,24.233854,24.472694,24.510124
batch_01250_patch.tiff,patch_65,26.160019,23.432308,24.016579,24.097408,25.387886
batch_01250_patch.tiff,patch_66,26.374844,23.736452,24.809525,23.510365,26.180426
batch_01250_patch.tiff,patch_67,26.248829,21.686153,24.151388,24.513903,22.777475
batch_01250_patch.tiff,patch_68,26.681902,22.79204,27.392769,24.548492,24.903566
batch_01250_patch.tiff,patch_69,26.42144,23.777098,23.432306,23.858105,26.64877
batch_01250_patch.tiff,patch_70,25.878925,23.311604,22.730755,23.874403,25.953117
batch_01250_patch.tiff,patch_71,25.246792,23.15046,25.724318,24.339083,25.358292
batch_01250_patch.tiff,patch_72,24.881464,22.53295,25.736715,23.717165,25.496412
batch_01250_patch.tiff,patch_73,24.738663,23.054,24.732277,25.06818,25.235577
batch_01250_patch.tiff,patch_74,26.042162,23.423092,23.719814,25.534355,26.017086
batch_01250_patch.tiff,patch_75,26.633478,21.679386,27.085295,24.57164,25.281393
batch_01250_patch.tiff,patch_76,25.281404,23.277208,22.634577,24.503914,26.28174
batch_01250_patch.tiff,patch_77,26.476227,22.42095,23.270472,22.176662,27.26
batch_01250_patch.tiff,patch_78,25.783037,22.662548,24.56569,21.678833,27.413881
batch_01250_patch.tiff,patch_79,27.50827,24.547228,28.685581,25.824242,27.523157
batch_01250_patch.tiff,patch_80,25.719822,24.55457,25.314177,25.449722,26.351904
batch_01250_patch.tiff,patch_81,25.167635,21.920809,26.001892,22.69528,26.078087
batch_01250_patch.tiff,patch_82,25.79188,23.122534,23.172314,22.919064,26.83138
batch_01250_patch.tiff,patch_83,25.390615,23.88939,24.76405,25.182377,25.727673
batch_01250_patch.tiff,patch_84,25.15781,23.24601,23.590324,23.81622,26.451893
batch_01250_patch.tiff,patch_85,25.409388,23.56624,24.133375,24.280615,25.845366
batch_01250_patch.tiff,patch_86,26.581846,21.921194,24.849897,25.52011,25.21916
batch_01250_patch.tiff,patch_87,27.877012,23.215357,23.201157,24.850878,26.077375
batch_01250_patch.tiff,patch_88,25.731798,23.014633,25.74674,23.890326,26.858103
batch_01250_patch.tiff,patch_89,26.053577,22.79822,25.687508,22.109505,27.109549
batch_01250_patch.tiff,patch_90,26.132942,23.510916,26.712933,25.600899,26.548424
batch_01250_patch.tiff,patch_91,26.195658,23.940805,25.464169,24.651632,28.077374
batch_01250_patch.tiff,patch_92,25.885742,23.038918,24.361427,23.542955,27.042223
batch_01250_patch.tiff,patch_93,25.252682,23.014385,26.092705,23.125177,27.262278
batch_01250_patch.tiff,patch_94,25.200438,23.176785,25.726742,24.705967,25.893179
batch_01250_patch.tiff,patch_95,24.43373,22.003586,24.51676,22.551317,25.523153
batch_01250_patch.tiff,patch_96,25.793566,22.794294,24.293758,24.099417,26.026224
batch_01250_patch.tiff,patch_97,25.828033,24.038605,22.204584,24.3426,26.6828
batch_01250_patch.tiff,patch_98,25.414932,25.246561,23.598711,24.917372,26.210709
batch_01250_patch.tiff,patch_99,26.3816,22.593592,22.75684,22.899096,25.909172
batch_01250_patch.tiff,patch_100,25.766228,23.316187,24.20488,23.502495,25.561256
batch_01250_patch.tiff,patch_101,27.113277,22.249172,27.641678,24.576754,24.890541
batch_01250_patch.tiff,patch_102,26.216936,22.275187,24.172838,25.645422,26.536905
batch_01250_patch.tiff,patch_103,25.585714,23.747818,22.978476,23.850456,26.52202
batch_01250_patch.tiff,patch_104,24.913929,23.23594,23.913733,24.469093,26.075232
batch_01250_patch.tiff,patch_105,25.02931,22.454802,25.98144,24.955996,25.265991
batch_01250_patch.tiff,patch_106,24.890793,23.145407,23.88384,24.5589,26.121078
batch_01250_patch.tiff,patch_107,25.904654,23.801924,23.671785,25.531658,25.16268
batch_01250_patch.tiff,patch_108,26.028885,23.04688,22.833612,24.815216,27.12165
batch_01250_patch.tiff,patch_109,25.719494,25.388924,21.883144,24.020935,25.522896
batch_01250_patch.tiff,patch_110,25.346008,23.544704,24.533428,24.13399,27.38422
batch_01250_patch.tiff,patch_111,26.324743,22.88079,23.787884,24.122257,25.714445
batch_01250_patch.tiff,patch_112,27.156363,22.856422,27.250065,25.289623,25.054293
batch_01250_patch.tiff,patch_113,25.658285,21.497625,24.32543,25.548735,24.35076
batch_01250_patch.tiff,patch_114,25.317997,24.0451,24.70145,24.076807,25.506645
batch_01250_patch.tiff,patch_115,26.692652,23.377834,25.599846,23.680017,27.436361
batch_01250_patch.tiff,patch_116,24.099195,21.906118,23.66843,23.605787,25.674744
batch_01250_patch.tiff,patch_117,24.941889,23.5295,24.184786,24.38214,25.800741
batch_01250_patch.tiff,patch_118,27.260046,23.1025,24.259523,24.664639,26.397118
batch_01250_patch.tiff,patch_119,27.940264,22.40397,23.475206,26.046333,26.020985
batch_01250_patch.tiff,patch_120,27.014294,22.241505,26.597347,24.886929,26.826212
batch_01250_patch.tiff,patch_121,26.20857,24.33376,25.248259,23.161749,26.669483
batch_01250_patch.tiff,patch_122,26.242313,22.965992,24.987514,23.57166,26.409384
batch_01250_patch.tiff,patch_123,25.8091,23.80146,23.873352,24.296286,26.094604
batch_01250_patch.tiff,patch_124,25.38253,24.133575,24.81133,25.393747,25.369005
batch_01250_patch.tiff,patch_125,25.099728,23.992874,24.20743,24.616692,25.935741
batch_01250_patch.tiff,patch_126,26.361694,22.786346,23.367943,25.312887,26.106028
batch_01250_patch.tiff,patch_127,24.299671,22.751297,23.395756,25.494616,25.764048
batch_01250_patch.tiff,patch_128,24.740133,23.882727,24.10076,24.73612,26.093237
batch_01250_patch.tiff,patch_129,26.887571,22.507935,25.832632,25.213318,24.52545
batch_01250_patch.tiff,patch_130,27.601116,22.726767,27.379501,24.333324,26.275375
batch_01250_patch.tiff,patch_131,27.344667,23.835312,22.850037,25.702078,27.763208
batch_01250_patch.tiff,patch_132,26.172163,21.719265,24.17855,24.292755,26.404839
batch_01250_patch.tiff,patch_133,27.115133,23.91218,24.574,23.440638,27.113914
batch_01250_patch.tiff,patch_134,27.24014,23.947268,25.482027,24.96079,26.327454
batch_01250_patch.tiff,patch_135,24.43222,23.832256,21.532522,24.786297,25.582869
batch_01250_patch.tiff,patch_136,24.851885,23.503061,23.647867,23.591488,26.41952
batch_01250_patch.tiff,patch_137,26.052637,23.118631,23.226303,23.427183,26.407028
batch_01250_patch.tiff,patch_138,24.918653,23.735384,24.102797,24.612762,26.630116
batch_01250_patch.tiff,patch_139,25.384409,23.438745,24.19809,24.153296,26.17216
batch_01250_patch.tiff,patch_140,26.832945,22.913305,27.375881,26.188774,25.434856
batch_01250_patch.tiff,patch_141,27.225779,22.809076,24.775997,25.177288,26.065279
batch_01250_patch.tiff,patch_142,27.039268,23.068296,23.349773,22.925753,26.835966
batch_01250_patch.tiff,patch_143,26.837545,22.473375,24.86389,25.866858,26.68074
batch_01250_patch.tiff,patch_144,26.01413,22.893011,26.10741,23.55282,26.379875
batch_01250_patch.tiff,patch_145,25.353695,22.912855,23.367617,22.99219,27.318878
batch_01250_patch.tiff,patch_146,25.588629,23.692495,24.27858,25.23747,25.216303
batch_01250_patch.tiff,patch_147,24.839157,23.903025,23.701675,25.128874,26.253658
batch_01250_patch.tiff,patch_148,27.547035,25.167183,26.94686,24.972185,28.304342
batch_01250_patch.tiff,patch_149,24.497908,23.324444,23.081612,24.45994,26.143976
batch_01250_patch.tiff,patch_150,24.966831,23.199642,24.107737,24.479944,26.728086
batch_01250_patch.tiff,patch_151,24.332779,23.572706,24.015522,25.240927,25.175835
batch_01250_patch.tiff,patch_152,27.882412,23.473795,26.64185,26.00161,25.641655
batch_01250_patch.tiff,patch_153,25.885664,23.57464,24.08064,25.179937,26.496368
batch_01250_patch.tiff,patch_154,27.253517,22.326195,22.793882,25.771269,25.627575
batch_01250_patch.tiff,patch_155,26.348124,22.871302,25.02409,24.59084,26.943256
batch_01250_patch.tiff,patch_156,26.761036,23.135492,24.643684,23.340097,27.159643
batch_01250_patch.tiff,patch_157,24.854393,22.745728,24.18958,22.881489,26.637388
batch_01250_patch.tiff,patch_158,25.554834,24.96295,24.685661,24.42319,26.592299
batch_01250_patch.tiff,patch_159,26.085686,25.005556,23.591635,24.398846,27.021389
batch_01250_patch.tiff,patch_160,26.984285,24.119009,26.436235,25.061144,27.126999
batch_01250_patch.tiff,patch_161,26.796988,24.375023,25.849754,25.07918,26.877924
batch_01250_patch.tiff,patch_162,23.863546,23.356476,24.258291,24.561474,25.351469
batch_01250_patch.tiff,patch_163,24.250269,23.023382,24.434198,24.39647,25.186617
batch_01250_patch.tiff,patch_164,27.071785,23.550358,27.917576,26.312426,26.244877
batch_01250_patch.tiff,patch_165,26.379864,23.82925,25.988592,26.125252,25.658976
batch_01250_patch.tiff,patch_166,26.206566,22.797773,22.889692,24.64962,26.751616
batch_01250_patch.tiff,patch_167,26.580462,22.068336,23.233875,23.847252,26.333347
batch_01250_patch.tiff,patch_168,24.824585,22.7324,22.345812,24.006626,26.56703
batch_01250_patch.tiff,patch_169,25.746088,22.160875,23.16652,22.702604,26.8834
batch_01250_patch.tiff,patch_170,24.911125,23.883402,24.60205,23.611923,26.226748
batch_01250_patch.tiff,patch_171,25.054857,22.999346,22.927158,23.408773,26.07113
batch_01250_patch.tiff,patch_172,23.915297,23.149899,22.484676,24.601027,25.076475
batch_01250_patch.tiff,patch_173,26.097078,23.310602,22.615156,22.6978,26.304506
batch_01250_patch.tiff,patch_174,25.901089,23.666887,25.74696,25.242962,26.547546
batch_01250_patch.tiff,patch_175,23.914124,22.241982,23.878044,22.959658,25.019623
batch_01250_patch.tiff,patch_176,25.8287,22.792738,25.294277,26.28962,26.839077
batch_01250_patch.tiff,patch_177,27.3215,23.148603,25.780252,26.257101,26.091774
batch_01300_patch.tiff,patch_0,25.010736,23.800264,22.85277,24.63769,26.367317
batch_01300_patch.tiff,patch_1,25.629929,23.442371,24.267939,24.817732,25.973852
batch_01300_patch.tiff,patch_2,24.838778,24.393423,26.258362,25.417889,24.529192
batch_01300_patch.tiff,patch_3,24.611914,23.003384,25.648527,24.238255,24.562069
batch_01300_patch.tiff,patch_4,25.85284,23.472546,25.046692,25.894476,24.712866
batch_01300_patch.tiff,patch_5,26.541536,23.743107,24.527615,25.277008,26.64611
batch_01300_patch.tiff,patch_6,26.259296,24.632538,25.793678,25.72406,27.233435
batch_01300_patch.tiff,patch_7,25.554111,24.10636,24.622332,24.270475,26.93288
batch_01300_patch.tiff,patch_8,27.66658,23.530521,28.250414,24.93626,25.631697
batch_01300_patch.tiff,patch_9,27.182348,22.624529,27.97395,26.55783,25.429075
batch_01300_patch.tiff,patch_10,26.588444,25.455357,27.17705,25.121967,25.437826
batch_01300_patch.tiff,patch_11,25.275438,24.027918,24.208633,23.636496,23.209486
batch_01300_patch.tiff,patch_12,27.003815,23.09254,26.656689,25.423622,25.939028
batch_01300_patch.tiff,patch_13,24.640388,23.24972,23.607117,25.041832,25.53571
batch_01300_patch.tiff,patch_14,25.40032,22.610857,25.104897,23.946384,25.866785
batch_01300_patch.tiff,patch_15,26.844357,24.50713,24.115143,25.02194,25.290644
batch_01300_patch.tiff,patch_16,27.058405,24.62289,25.635712,24.04038,26.421871
batch_01300_patch.tiff,patch_17,27.383247,24.57998,25.182245,25.927654,27.30325
batch_01300_patch.tiff,patch_18,25.699585,24.55544,25.166012,24.251688,28.445393
batch_01300_patch.tiff,patch_19,27.719378,23.198252,26.178453,25.058504,25.728292
batch_01300_patch.tiff,patch_20,27.288214,23.742453,27.671524,26.589249,26.228292
batch_01300_patch.tiff,patch_21,27.063536,24.772816,27.432158,24.811241,25.278498
batch_01300_patch.tiff,patch_22,25.816725,24.12396,24.562815,24.010426,23.384277
batch_01300_patch.tiff,patch_23,26.84528,23.058926,25.037737,25.114464,25.401024
batch_01300_patch.tiff,patch_24,24.93122,22.799767,23.541237,23.929258,26.254189
batch_01300_patch.tiff,patch_25,24.482227,22.127462,22.128468,23.756212,26.073996
batch_01300_patch.tiff,patch_26,28.02139,24.08373,26.261269,24.908138,26.142065
batch_01300_patch.tiff,patch_27,26.141489,23.975111,25.09452,24.466581,25.518723
batch_01300_patch.tiff,patch_28,25.881105,23.696901,24.907341,25.059978,25.816227
batch_01300_patch.tiff,patch_29,27.08051,24.789347,26.385237,24.667683,25.901194
batch_01300_patch.tiff,patch_30,26.418055,24.813192,23.944077,24.302029,26.15345
batch_01300_patch.tiff,patch_31,26.008324,26.162865,23.522568,23.710094,26.814877
batch_01300_patch.tiff,patch_32,26.522453,25.283213,27.003025,24.877756,24.705273
batch_01300_patch.tiff,patch_33,26.635586,25.194862,28.280575,23.746868,24.634727
batch_01300_patch.tiff,patch_34,26.624243,26.526814,27.043768,23.72143,24.986694
batch_01300_patch.tiff,patch_35,27.215101,24.287844,27.99078,24.703018,24.803555
batch_01300_patch.tiff,patch_36,27.260702,24.15018,27.391157,25.088827,26.484833
batch_01300_patch.tiff,patch_37,25.461813,22.657114,23.18964,24.477114,26.31374
batch_01300_patch.tiff,patch_38,26.19005,23.90803,24.000076,24.838388,27.152279
batch_01300_patch.tiff,patch_39,26.256527,23.987179,25.370636,25.21908,25.343178
batch_01300_patch.tiff,patch_40,26.372631,23.772928,27.425013,23.961983,26.088406
batch_01300_patch.tiff,patch_41,26.06309,24.873405,26.229265,23.838121,24.82932
batch_01300_patch.tiff,patch_42,25.452291,23.944584,25.895357,25.170744,24.474977
batch_01300_patch.tiff,patch_43,27.699041,24.725498,25.065166,24.473078,26.451597
batch_01300_patch.tiff,patch_44,26.188328,25.74213,23.890808,24.271282,25.890297
batch_01300_patch.tiff,patch_45,26.511333,25.56874,27.483116,24.852089,24.90147
batch_01300_patch.tiff,patch_46,25.261934,23.240046,24.396252,23.741428,23.343477
batch_01300_patch.tiff,patch_47,25.074778,25.291552,25.820251,24.672543,25.753317
batch_01300_patch.tiff,patch_48,26.231133,23.241924,24.650837,26.288105,24.301615
batch_01300_patch.tiff,patch_49,24.893875,23.61027,22.32045,24.485476,25.75814
batch_01300_patch.tiff,patch_50,26.526781,23.695375,26.162342,25.176657,25.594992
batch_01300_patch.tiff,patch_51,27.16388,23.655357,26.149353,24.808052,25.963585
batch_01300_patch.tiff,patch_52,25.865034,23.67607,25.03921,25.256094,25.465502
batch_01300_patch.tiff,patch_53,25.816809,25.540789,24.780964,24.420736,25.651606
batch_01300_patch.tiff,patch_54,25.815668,25.53994,26.833796,24.360321,25.02723
batch_01300_patch.tiff,patch_55,27.008987,23.242767,27.690994,24.60948,26.920435
batch_01300_patch.tiff,patch_56,27.3268,23.982958,27.266386,25.15404,26.304323
batch_01300_patch.tiff,patch_57,26.828394,24.732294,28.160875,24.688282,24.801645
batch_01300_patch.tiff,patch_58,25.842707,23.889772,26.825335,24.302477,23.96359
batch_01300_patch.tiff,patch_59,26.653492,25.12284,27.021599,24.39081,25.624765
batch_01300_patch.tiff,patch_60,26.539936,24.353657,26.698761,24.897038,25.674553
batch_01300_patch.tiff,patch_61,25.294306,25.066898,24.414742,24.703382,27.323067
batch_01300_patch.tiff,patch_62,26.590168,24.477184,26.858925,24.884607,27.596462
batch_01300_patch.tiff,patch_63,26.812384,23.68674,24.598854,25.726147,26.582212
batch_01300_patch.tiff,patch_64,26.856203,23.271978,27.02776,25.054852,24.816137
batch_01300_patch.tiff,patch_65,25.645893,24.468195,24.196337,24.735235,26.339441
batch_01300_patch.tiff,patch_66,25.847572,24.631683,24.088581,24.677513,26.135614
batch_01300_patch.tiff,patch_67,27.566055,22.512856,26.30263,24.626188,26.031628
batch_01300_patch.tiff,patch_68,27.14579,23.941515,28.294165,24.82889,25.762508
batch_01300_patch.tiff,patch_69,26.275976,24.634735,26.791348,24.217426,24.217606
batch_01300_patch.tiff,patch_70,26.599226,25.725813,25.70505,24.261917,26.464148
batch_01300_patch.tiff,patch_71,26.820751,25.254974,25.513138,25.244064,24.135305
batch_01300_patch.tiff,patch_72,24.830257,22.894863,22.271742,24.792637,26.078798
batch_01300_patch.tiff,patch_73,24.154598,23.128107,23.298056,25.388622,25.957245
batch_01300_patch.tiff,patch_74,25.959572,23.734388,25.735077,24.219067,25.259941
batch_01300_patch.tiff,patch_75,25.191992,24.134216,25.020084,24.822674,25.350334
batch_01300_patch.tiff,patch_76,25.832434,25.174541,24.7972,25.101963,26.663635
batch_01300_patch.tiff,patch_77,25.232082,25.71906,24.510899,24.159266,26.672182
batch_01300_patch.tiff,patch_78,27.30566,23.00529,26.729044,25.417194,26.600193
batch_01300_patch.tiff,patch_79,27.21692,23.945822,27.617004,25.147764,25.64965
batch_01300_patch.tiff,patch_80,25.909422,24.277834,26.787598,25.124882,27.806118
batch_01300_patch.tiff,patch_81,25.928093,23.608274,25.874382,24.259405,26.377747
batch_01300_patch.tiff,patch_82,24.47701,22.71724,25.72122,24.549417,24.246536
batch_01300_patch.tiff,patch_83,26.797836,23.965422,27.51279,26.54881,26.265621
batch_01300_patch.tiff,patch_84,24.680628,22.915976,23.100708,24.938818,25.066372
batch_01300_patch.tiff,patch_85,24.148579,23.110533,23.809399,25.236698,24.473993
batch_01300_patch.tiff,patch_86,26.838589,23.60739,26.482382,24.706886,25.407064
batch_01300_patch.tiff,patch_87,26.525005,23.253153,26.893185,24.445944,25.049662
batch_01300_patch.tiff,patch_88,25.012367,26.084152,24.92679,22.999283,26.271475
batch_01300_patch.tiff,patch_89,25.365074,25.269476,25.844002,22.937563,26.232786
batch_01300_patch.tiff,patch_90,27.663965,23.681995,28.553596,24.522274,25.786583
batch_01300_patch.tiff,patch_91,26.51211,24.145838,27.92328,24.49434,25.530561
batch_01300_patch.tiff,patch_92,25.38196,23.884102,25.442295,25.560204,26.599127
batch_01300_patch.tiff,patch_93,24.845076,23.716091,26.41484,24.148066,26.820353
batch_01300_patch.tiff,patch_94,24.419575,22.768261,25.971025,24.702229,25.802828
batch_01300_patch.tiff,patch_95,26.184828,23.22142,25.713552,25.831354,25.781605
batch_01300_patch.tiff,patch_96,25.228052,22.850706,25.30503,24.965126,24.751472
batch_01300_patch.tiff,patch_97,25.035103,23.553139,23.490223,23.965721,25.7483
batch_01300_patch.tiff,patch_98,25.470634,24.365673,24.080793,25.268402,24.95419
batch_01300_patch.tiff,patch_99,26.140823,23.926353,25.606323,24.274397,25.475801
batch_01300_patch.tiff,patch_100,26.119923,24.336744,25.460829,23.654175,25.428543
batch_01300_patch.tiff,patch_101,26.081816,24.85827,25.832611,25.052044,25.658987
batch_01300_patch.tiff,patch_102,27.636,24.31657,28.297373,25.50791,25.322893
batch_01300_patch.tiff,patch_103,26.629646,24.218967,26.264986,24.848349,26.665384
batch_01300_patch.tiff,patch_104,24.47473,24.174759,25.219917,24.18662,27.421309
batch_01300_patch.tiff,patch_105,27.303635,23.740286,27.96183,25.357273,25.905174
batch_01300_patch.tiff,patch_106,27.475801,23.28599,28.570078,24.958946,26.287289
batch_01300_patch.tiff,patch_107,25.970135,22.676996,24.470778,25.734118,24.892628
batch_01300_patch.tiff,patch_108,23.726807,23.10524,24.002829,23.378916,25.827059
batch_01300_patch.tiff,patch_109,27.207754,24.224098,26.726736,25.159761,25.526081
batch_01300_patch.tiff,patch_110,26.033714,24.687233,24.497835,25.2374,25.630701
batch_01300_patch.tiff,patch_111,25.9575,23.796051,26.621576,25.006926,25.400713
batch_01300_patch.tiff,patch_112,25.893309,25.021786,24.637077,25.495354,25.13322
batch_01300_patch.tiff,patch_113,27.963955,24.513552,27.483944,25.539284,25.485691
batch_01300_patch.tiff,patch_114,27.869625,25.374931,26.049608,25.24561,26.293716
batch_01300_patch.tiff,patch_115,27.447372,24.44499,27.565536,25.788275,27.547462
batch_01300_patch.tiff,patch_116,25.310974,24.372377,23.764301,24.351456,26.947206
batch_01300_patch.tiff,patch_117,26.916796,23.29955,26.592075,25.607527,24.580019
batch_01300_patch.tiff,patch_118,26.07047,23.48623,24.248802,25.936018,24.118721
batch_01300_patch.tiff,patch_119,24.283989,22.988312,22.843231,24.371565,26.312672
batch_01300_patch.tiff,patch_120,24.427486,22.451958,21.546812,24.664465,26.045347
batch_01300_patch.tiff,patch_121,22.704542,23.21583,21.499474,23.842003,25.158478
batch_01300_patch.tiff,patch_122,23.280678,23.190674,21.606415,24.258299,25.626522
batch_01300_patch.tiff,patch_123,25.406544,24.444414,24.012075,24.773441,26.007689
batch_01300_patch.tiff,patch_124,25.602695,26.198362,23.551077,24.383383,26.499557
batch_01300_patch.tiff,patch_125,27.378181,22.231953,25.539898,24.077847,25.469625
batch_01300_patch.tiff,patch_126,27.493917,24.243563,25.507849,24.910358,26.451254
batch_01300_patch.tiff,patch_127,25.962456,23.899086,26.87061,23.987354,24.788897
batch_01300_patch.tiff,patch_128,27.134731,24.442509,26.785666,24.90668,23.883314
batch_01300_patch.tiff,patch_129,26.401018,22.748556,25.842438,25.450495,23.970055
batch_01300_patch.tiff,patch_130,25.407959,24.303312,24.663683,26.203646,26.08825
batch_01300_patch.tiff,patch_131,24.72977,22.488686,23.1574,23.844988,25.517153
batch_01300_patch.tiff,patch_132,24.41919,23.089602,22.587164,24.942207,25.899408
batch_01300_patch.tiff,patch_133,25.343405,24.46925,24.739998,24.903574,26.958696
batch_01300_patch.tiff,patch_134,24.298496,23.889162,24.128601,23.94439,26.663963
batch_01300_patch.tiff,patch_135,24.630352,25.134212,22.51072,24.939236,24.968178
batch_01300_patch.tiff,patch_136,25.353659,24.896667,24.349026,24.584827,25.660778
batch_01300_patch.tiff,patch_137,28.039768,23.91357,27.391186,25.38137,26.473911
batch_01300_patch.tiff,patch_138,25.637817,24.92946,27.224777,23.776535,24.841955
batch_01300_patch.tiff,patch_139,26.688118,24.249983,27.67264,24.568853,23.937454
batch_01300_patch.tiff,patch_140,26.696218,24.569456,24.777628,26.21199,24.474583
batch_01300_patch.tiff,patch_141,27.20228,23.635712,27.110538,26.045486,25.775085
batch_01300_patch.tiff,patch_142,23.556927,23.017447,24.76524,22.959639,25.137161
batch_01300_patch.tiff,patch_143,23.9064,23.76953,24.542618,23.938965,24.658257
batch_01300_patch.tiff,patch_144,26.300053,24.038715,25.44429,24.94214,24.986422
batch_01300_patch.tiff,patch_145,25.827276,22.939281,23.885199,25.413122,25.678305
batch_01300_patch.tiff,patch_146,25.13028,24.84386,23.472466,24.953228,25.741018
batch_01300_patch.tiff,patch_147,25.172966,24.205055,24.377275,24.95474,25.163465
batch_01300_patch.tiff,patch_148,27.34576,24.641924,28.604116,25.094017,25.588566
batch_01300_patch.tiff,patch_149,27.208893,23.025822,26.568974,24.151731,26.074728
batch_01300_patch.tiff,patch_150,26.130966,24.034462,25.081264,24.355728,24.049398
batch_01300_patch.tiff,patch_151,26.432926,23.397896,26.883358,25.678051,25.789572
batch_01300_patch.tiff,patch_152,25.956379,22.667091,26.673887,25.594465,26.623274
batch_01300_patch.tiff,patch_153,23.186848,22.64434,23.966269,23.07159,23.900553
batch_01300_patch.tiff,patch_154,25.978067,23.914423,26.314302,25.666697,25.631895
batch_01300_patch.tiff,patch_155,26.976076,23.942862,24.983866,26.15098,25.682734
batch_01300_patch.tiff,patch_156,26.7108,24.190733,24.766739,25.070282,24.9314
batch_01300_patch.tiff,patch_157,24.923363,25.673073,23.489727,25.044754,26.018372
batch_01300_patch.tiff,patch_158,25.035315,25.049099,23.933073,23.994326,25.257233
batch_01300_patch.tiff,patch_159,27.074451,23.244217,27.284683,25.57824,25.484964
batch_01300_patch.tiff,patch_160,27.162037,22.798754,26.614307,25.893198,25.022766
batch_01300_patch.tiff,patch_161,27.547836,23.459146,24.323324,24.466389,24.801235
batch_01300_patch.tiff,patch_162,25.794998,26.037455,27.358728,24.968857,25.976551
batch_01300_patch.tiff,patch_163,25.079584,22.866692,25.467178,25.823626,25.57633
batch_01300_patch.tiff,patch_164,28.109749,24.364716,27.78669,26.086355,25.911503
batch_01300_patch.tiff,patch_165,25.921347,23.894142,23.567753,24.595465,25.58486
batch_01300_patch.tiff,patch_166,24.931606,24.474852,23.925617,23.92046,26.982504
batch_01300_patch.tiff,patch_167,27.302807,23.43623,26.745434,24.940966,25.37992
batch_01300_patch.tiff,patch_168,26.204079,23.245905,27.05691,25.114643,24.603842
batch_01300_patch.tiff,patch_169,24.744947,23.453236,23.27919,24.46938,25.286404
batch_01300_patch.tiff,patch_170,25.489897,23.7597,25.48118,24.276367,25.739359
batch_01300_patch.tiff,patch_171,27.775751,23.160662,25.676342,25.943752,25.534739
batch_01300_patch.tiff,patch_172,26.324488,23.109362,27.429665,24.676691,25.351141
batch_01300_patch.tiff,patch_173,26.290325,25.09582,27.260386,25.72372,25.704563
batch_01300_patch.tiff,patch_174,23.677216,23.14168,22.953413,24.196386,26.318531
batch_01300_patch.tiff,patch_175,25.750626,24.71989,25.18117,25.535885,27.48612
batch_01350_patch.tiff,patch_0,26.47708,23.570244,22.55904,25.26137,25.633339
batch_01350_patch.tiff,patch_1,26.859587,23.622797,24.496548,24.96839,25.45176
batch_01350_patch.tiff,patch_2,25.062122,24.358873,25.036423,24.17062,27.274237
batch_01350_patch.tiff,patch_3,26.369864,24.066452,27.031357,25.670256,26.809933
batch_01350_patch.tiff,patch_4,26.588898,23.216879,27.610714,25.902359,25.104923
batch_01350_patch.tiff,patch_5,26.5831,23.540144,24.550034,25.459562,26.308018
batch_01350_patch.tiff,patch_6,27.12108,23.789858,27.543526,25.186441,25.492022
batch_01350_patch.tiff,patch_7,26.845703,23.152603,26.678495,25.160057,24.694574
batch_01350_patch.tiff,patch_8,26.313087,23.868868,27.52366,24.004519,25.202557
batch_01350_patch.tiff,patch_9,25.702938,23.232117,25.163992,24.903584,25.052778
batch_01350_patch.tiff,patch_10,24.730925,25.508245,24.001272,23.871868,26.113705
batch_01350_patch.tiff,patch_11,24.235224,24.271454,24.545303,23.031078,26.28569
batch_01350_patch.tiff,patch_12,26.121687,23.528097,24.66506,24.173092,24.997103
batch_01350_patch.tiff,patch_13,25.42757,23.251642,22.77695,23.980978,24.862272
batch_01350_patch.tiff,patch_14,27.108343,24.346384,24.010803,25.729786,25.945484
batch_01350_patch.tiff,patch_15,24.073996,24.044817,23.057642,24.4725,25.829739
batch_01350_patch.tiff,patch_16,26.808903,24.71854,26.063189,25.048338,26.599573
batch_01350_patch.tiff,patch_17,26.672594,22.90167,24.96422,24.474836,25.248903
batch_01350_patch.tiff,patch_18,26.8841,22.67315,26.785185,24.63538,25.214857
batch_01350_patch.tiff,patch_19,26.402473,22.822752,26.776249,25.015759,23.836077
batch_01350_patch.tiff,patch_20,26.597975,23.597746,26.492981,24.724104,25.995945
batch_01350_patch.tiff,patch_21,25.59459,23.206259,24.577427,24.57111,24.96211
batch_01350_patch.tiff,patch_22,25.09409,26.182062,24.635452,23.456156,26.935324
batch_01350_patch.tiff,patch_23,24.635933,25.43741,24.858511,23.372927,26.38414
batch_01350_patch.tiff,patch_24,26.15601,24.110262,24.42837,25.864344,25.28906
batch_01350_patch.tiff,patch_25,26.140877,23.261366,23.269842,24.726671,24.013271
batch_01350_patch.tiff,patch_26,24.719639,24.281454,24.310217,23.246765,24.826443
batch_01350_patch.tiff,patch_27,26.584202,23.050627,27.376726,23.325573,27.309767
batch_01350_patch.tiff,patch_28,26.0539,23.330275,27.16023,24.173635,26.292757
batch_01350_patch.tiff,patch_29,26.205334,22.504686,25.38662,23.962358,26.086432
batch_01350_patch.tiff,patch_30,26.771166,23.179443,27.129955,25.585003,25.525097
batch_01350_patch.tiff,patch_31,27.345072,23.636929,27.205997,25.386225,25.34174
batch_01350_patch.tiff,patch_32,25.6195,22.486113,22.73371,22.564062,24.544775
batch_01350_patch.tiff,patch_33,25.08783,22.587284,23.394938,23.98553,25.850452
batch_01350_patch.tiff,patch_34,26.89721,23.621212,27.503086,24.8206,26.88913
batch_01350_patch.tiff,patch_35,27.163181,24.11831,28.549026,24.26723,27.346573
batch_01350_patch.tiff,patch_36,24.73461,23.233372,23.315388,24.339876,23.95218
batch_01350_patch.tiff,patch_37,26.696941,24.614391,22.638136,25.535292,25.784657
batch_01350_patch.tiff,patch_38,24.698364,23.659895,22.284084,23.863909,24.465166
batch_01350_patch.tiff,patch_39,26.777239,23.839653,27.280676,24.020805,26.616982
batch_01350_patch.tiff,patch_40,27.298641,23.54505,25.972221,25.167103,27.374529
batch_01350_patch.tiff,patch_41,25.958456,23.526205,26.603155,25.265572,25.459597
batch_01350_patch.tiff,patch_42,24.585941,23.161089,21.462965,24.738482,23.801624
batch_01350_patch.tiff,patch_43,27.431982,22.60916,28.040232,25.51689,25.058804
batch_01350_patch.tiff,patch_44,27.773167,23.62781,26.255684,26.528933,25.097395
batch_01350_patch.tiff,patch_45,26.482195,23.250227,27.904686,24.804354,25.60115
batch_01350_patch.tiff,patch_46,26.577135,22.971405,25.023342,23.803268,25.214031
batch_01350_patch.tiff,patch_47,27.731176,24.649242,27.562899,25.130701,28.351583
batch_01350_patch.tiff,patch_48,26.431164,24.920937,26.094156,25.476896,27.63519
batch_01350_patch.tiff,patch_49,24.453182,22.703997,24.256905,23.881594,22.742275
batch_01350_patch.tiff,patch_50,24.629297,24.304913,25.39069,23.243277,24.821316
batch_01350_patch.tiff,patch_51,24.729813,23.753395,22.412518,23.962606,24.56351
batch_01350_patch.tiff,patch_52,26.594685,23.591465,27.556744,23.766855,27.744247
batch_01350_patch.tiff,patch_53,27.105093,23.230211,26.853127,23.512617,26.78819
batch_01350_patch.tiff,patch_54,26.138992,24.870163,23.998388,24.507668,26.969593
batch_01350_patch.tiff,patch_55,26.026426,25.352388,22.393387,23.5277,26.50609
batch_01350_patch.tiff,patch_56,26.739145,22.751062,26.607283,23.99001,24.712742
batch_01350_patch.tiff,patch_57,27.817364,23.08528,28.656599,25.074268,25.636187
batch_01350_patch.tiff,patch_58,26.100485,25.187614,22.662012,23.41112,27.239927
batch_01350_patch.tiff,patch_59,26.020973,25.619488,22.201235,23.215187,27.214725
batch_01350_patch.tiff,patch_60,24.746244,24.39101,25.356369,24.682812,26.555105
batch_01350_patch.tiff,patch_61,25.724888,24.113195,22.273909,25.332087,24.15174
batch_01350_patch.tiff,patch_62,26.704525,23.55032,27.593323,24.21137,26.786724
batch_01350_patch.tiff,patch_63,26.949022,22.896885,28.328018,23.182653,26.580027
batch_01350_patch.tiff,patch_64,26.710405,24.628145,25.403414,23.678198,27.233715
batch_01350_patch.tiff,patch_65,26.21986,25.374744,24.22337,24.029352,27.493355
batch_01350_patch.tiff,patch_66,26.482676,22.75357,25.6905,24.57976,24.423698
batch_01350_patch.tiff,patch_67,27.515116,22.971254,26.791662,25.055672,24.89836
batch_01350_patch.tiff,patch_68,26.905676,22.720592,23.327063,24.071503,26.68745
batch_01350_patch.tiff,patch_69,25.68505,23.062466,24.82232,24.740057,25.87817
batch_01350_patch.tiff,patch_70,24.769136,25.256695,22.530315,24.767342,26.779007
batch_01350_patch.tiff,patch_71,25.074322,24.747355,23.874557,23.214033,26.985115
batch_01350_patch.tiff,patch_72,24.70012,24.106533,23.858543,23.66934,24.08812
batch_01350_patch.tiff,patch_73,25.370201,24.49779,24.868538,23.06059,25.025532
batch_01350_patch.tiff,patch_74,26.258736,23.996887,26.190763,23.914337,26.957531
batch_01350_patch.tiff,patch_75,26.280203,23.372337,26.742062,24.337082,26.889797
batch_01350_patch.tiff,patch_76,26.867126,23.806557,25.464144,26.324558,26.76083
batch_01350_patch.tiff,patch_77,24.879356,24.587318,22.357647,23.953697,26.589615
batch_01350_patch.tiff,patch_78,25.75992,24.722261,26.125729,23.348475,27.372633
batch_01350_patch.tiff,patch_79,25.724619,24.122465,25.080116,23.98724,26.916899
batch_01350_patch.tiff,patch_80,26.105736,22.611935,24.322803,23.293747,26.636223
batch_01350_patch.tiff,patch_81,25.340437,22.386238,22.259546,23.666862,26.137142
batch_01350_patch.tiff,patch_82,25.921206,23.67375,26.492876,23.84918,25.348692
batch_01350_patch.tiff,patch_83,26.05798,22.082104,23.760254,24.227037,24.14159
batch_01350_patch.tiff,patch_84,23.764328,23.772524,20.732342,25.162619,24.607746
batch_01350_patch.tiff,patch_85,25.527615,24.312363,24.659887,23.687956,25.856213
batch_01350_patch.tiff,patch_86,25.435057,22.523396,26.60665,23.937216,25.752764
batch_01350_patch.tiff,patch_87,26.512384,22.981989,26.871655,24.087156,27.023455
batch_01350_patch.tiff,patch_88,27.045897,23.926563,26.298643,25.33687,27.263714
batch_01350_patch.tiff,patch_89,25.268915,25.28118,22.206324,24.459135,26.163656
batch_01350_patch.tiff,patch_90,23.630545,23.537441,21.96859,22.93097,25.323483
batch_01350_patch.tiff,patch_91,23.187729,23.774288,21.80672,23.593008,25.227554
batch_01350_patch.tiff,patch_92,26.1179,22.681242,23.081017,22.471214,26.165966
batch_01350_patch.tiff,patch_93,25.708559,23.344055,24.602846,24.482376,25.254482
batch_01350_patch.tiff,patch_94,24.88158,22.661356,23.541311,23.522253,24.10429
batch_01350_patch.tiff,patch_95,25.16675,23.006413,23.657482,24.172613,25.275236
batch_01350_patch.tiff,patch_96,24.822056,23.807428,23.771988,23.881508,23.850409
batch_01350_patch.tiff,patch_97,24.388704,23.41791,24.76699,22.550123,24.5421
batch_01350_patch.tiff,patch_98,26.227299,22.844435,28.116997,23.539295,26.403372
batch_01350_patch.tiff,patch_99,26.411438,23.09618,26.829582,24.80853,26.898008
batch_01350_patch.tiff,patch_100,28.230814,26.359184,25.3432,24.83207,27.531294
batch_01350_patch.tiff,patch_101,29.369272,25.049726,25.737387,24.847063,27.187305
batch_01350_patch.tiff,patch_102,26.78514,24.340757,25.668552,23.748636,26.414305
batch_01350_patch.tiff,patch_103,25.85612,23.21081,23.735214,24.648756,24.580057
batch_01350_patch.tiff,patch_104,24.884277,25.69245,24.924118,23.742397,26.47627
batch_01350_patch.tiff,patch_105,25.203518,26.25363,25.196035,23.94739,26.839079
batch_01350_patch.tiff,patch_106,25.840614,22.551073,25.876522,24.531063,24.61333
batch_01350_patch.tiff,patch_107,25.579655,23.301588,23.76488,25.44801,24.465765
batch_01350_patch.tiff,patch_108,25.643522,23.556236,24.051262,23.918953,24.841578
batch_01350_patch.tiff,patch_109,25.191036,23.350037,23.483097,24.599253,24.325493
batch_01350_patch.tiff,patch_110,26.813715,23.330246,26.934504,24.18296,27.59721
batch_01350_patch.tiff,patch_111,26.536736,22.667002,26.755802,24.003397,27.143448
batch_01350_patch.tiff,patch_112,26.22638,26.811285,23.638153,23.247822,27.499016
batch_01350_patch.tiff,patch_113,28.611788,25.474613,27.060839,24.288279,27.42818
batch_01350_patch.tiff,patch_114,26.661375,23.501272,26.83293,24.575403,25.764883
batch_01350_patch.tiff,patch_115,27.166996,23.286665,28.24879,24.18091,25.947487
batch_01350_patch.tiff,patch_116,24.880308,26.239351,24.848623,23.704412,26.652515
batch_01350_patch.tiff,patch_117,25.177626,25.605082,24.322966,23.835758,26.432472
batch_01350_patch.tiff,patch_118,25.65891,24.007675,24.745308,24.88678,25.951605
batch_01350_patch.tiff,patch_119,26.00493,22.67421,24.083403,24.60709,25.443695
batch_01350_patch.tiff,patch_120,26.291597,23.572285,26.285475,24.367357,25.179789
batch_01350_patch.tiff,patch_121,24.696808,22.801502,20.524776,25.764984,22.612768
batch_01350_patch.tiff,patch_122,26.713688,23.216766,27.917004,24.146013,26.334755
batch_01350_patch.tiff,patch_123,26.149857,23.15139,27.937412,24.363436,26.146414
batch_01350_patch.tiff,patch_124,27.029993,25.976988,24.333193,23.191551,25.591301
batch_01350_patch.tiff,patch_125,28.065147,25.411625,25.551226,23.659517,27.596561
batch_01350_patch.tiff,patch_126,26.48933,23.117449,26.440948,24.191746,25.51034
batch_01350_patch.tiff,patch_127,26.312216,23.713255,25.274298,24.689695,25.726099
batch_01350_patch.tiff,patch_128,24.410824,24.31188,23.50331,23.315733,27.294376
batch_01350_patch.tiff,patch_129,24.97748,24.73139,24.092075,24.09977,26.598425
batch_01350_patch.tiff,patch_130,26.854359,24.268177,24.741953,25.384407,26.36668
batch_01350_patch.tiff,patch_131,24.859085,22.98563,22.594572,24.007307,24.246784
batch_01350_patch.tiff,patch_132,24.208569,23.137001,25.366104,23.884003,24.513609
batch_01350_patch.tiff,patch_133,25.792786,23.63828,23.437105,24.269876,24.642788
batch_01350_patch.tiff,patch_134,26.215988,22.347124,26.83541,24.345081,26.471272
batch_01350_patch.tiff,patch_135,26.36176,23.663437,26.97972,24.099134,26.739548
batch_01350_patch.tiff,patch_136,27.64135,25.170956,23.983215,24.132719,26.553259
batch_01350_patch.tiff,patch_137,27.76493,26.124031,24.60002,24.445444,27.086695
batch_01350_patch.tiff,patch_138,25.875036,24.81314,23.935242,24.468445,26.210936
batch_01350_patch.tiff,patch_139,26.948025,24.780678,25.670595,23.69088,27.69727
batch_01350_patch.tiff,patch_140,24.59737,25.72503,24.269028,23.488852,27.052336
batch_01350_patch.tiff,patch_141,24.64494,26.36401,23.319016,22.934612,26.44403
batch_01350_patch.tiff,patch_142,26.62694,24.011255,25.210173,24.965368,25.387207
batch_01350_patch.tiff,patch_143,26.178192,23.134659,24.38945,25.082994,25.327808
batch_01350_patch.tiff,patch_144,25.441023,24.865582,25.146618,23.814678,25.22763
batch_01350_patch.tiff,patch_145,24.795654,23.614548,24.404724,23.102226,23.646029
batch_01350_patch.tiff,patch_146,25.819475,23.241606,26.845184,24.945887,25.356794
batch_01350_patch.tiff,patch_147,26.311495,22.860943,24.955118,24.88903,25.921577
batch_01350_patch.tiff,patch_148,25.91145,24.377989,24.360126,23.627087,26.621477
batch_01350_patch.tiff,patch_149,28.473915,24.730152,27.327642,24.58106,27.371376
batch_01350_patch.tiff,patch_150,24.372812,22.11572,24.725027,24.13894,26.919538
batch_01350_patch.tiff,patch_151,24.92157,26.130936,25.236893,24.14794,26.00103
batch_01350_patch.tiff,patch_152,24.674381,25.806934,25.119698,23.846228,26.153954
batch_01350_patch.tiff,patch_153,27.810207,24.135014,22.981817,25.808859,26.100525
batch_01350_patch.tiff,patch_154,26.084349,23.768349,25.46189,25.666138,25.62234
batch_01350_patch.tiff,patch_155,25.445465,22.98404,26.167559,25.50325,24.754265
batch_01350_patch.tiff,patch_156,25.804258,23.803988,24.215683,25.415424,25.792162
batch_01350_patch.tiff,patch_157,27.280647,25.60898,23.60031,25.124395,26.23894
batch_01350_patch.tiff,patch_158,27.97247,25.066225,27.30676,24.12847,26.65389
batch_01350_patch.tiff,patch_159,25.058125,23.193542,27.258291,23.032082,27.146397
batch_01350_patch.tiff,patch_160,24.790375,26.447844,24.586884,24.108936,25.072483
batch_01350_patch.tiff,patch_161,25.391897,26.88444,23.601109,23.409056,26.775694
batch_01350_patch.tiff,patch_162,26.018223,23.926653,21.86781,26.337294,25.563057
batch_01350_patch.tiff,patch_163,24.701576,23.895987,25.449888,24.172577,24.890942
batch_01350_patch.tiff,patch_164,24.436502,23.46887,23.243608,24.42535,25.954355
batch_01350_patch.tiff,patch_165,24.944569,23.132528,23.797926,24.56627,25.856937
batch_01350_patch.tiff,patch_166,26.196503,22.28765,25.662418,25.100046,25.36503
batch_01350_patch.tiff,patch_167,26.500143,22.877892,26.000118,25.4645,26.278923
batch_01350_patch.tiff,patch_168,27.603159,23.09385,29.205244,25.942816,25.610119
batch_01350_patch.tiff,patch_169,27.57813,22.48782,26.538176,26.323809,24.59628
batch_01350_patch.tiff,patch_170,24.586332,25.143356,22.446083,24.046474,24.218824
batch_01350_patch.tiff,patch_171,24.843197,24.861628,23.68471,23.510433,25.484114
batch_01350_patch.tiff,patch_172,26.069904,26.234367,22.973639,23.062302,25.368908
batch_01350_patch.tiff,patch_173,25.190372,26.065086,24.200325,23.629156,26.527185
batch_01350_patch.tiff,patch_174,24.322086,23.30758,23.354816,24.840578,26.266571
batch_01350_patch.tiff,patch_175,25.12845,22.81318,25.518429,23.976316,25.197218
batch_01400_patch.tiff,patch_0,25.101372,23.675552,22.444294,24.131285,25.373419
batch_01400_patch.tiff,patch_1,24.73206,22.794628,22.014452,24.695372,24.472908
batch_01400_patch.tiff,patch_2,24.887014,22.867336,23.245857,24.27424,24.492496
batch_01400_patch.tiff,patch_3,24.492342,22.982237,23.217888,23.618742,24.857803
batch_01400_patch.tiff,patch_4,24.195509,23.246906,22.334438,24.169188,26.559359
batch_01400_patch.tiff,patch_5,24.071505,22.587439,23.962263,24.249477,26.867823
batch_01400_patch.tiff,patch_6,25.474325,23.437742,25.4324,24.651663,26.542025
batch_01400_patch.tiff,patch_7,24.744045,23.735052,24.849154,24.911085,26.54941
batch_01400_patch.tiff,patch_8,28.065075,24.62778,26.89163,24.365093,26.678244
batch_01400_patch.tiff,patch_9,27.073172,25.706112,27.741472,23.391918,26.609194
batch_01400_patch.tiff,patch_10,27.462984,25.596935,25.345665,23.864336,26.947687
batch_01400_patch.tiff,patch_11,25.928144,26.73954,24.205317,23.551357,26.766813
batch_01400_patch.tiff,patch_12,25.900187,24.005365,24.807295,24.318651,24.924736
batch_01400_patch.tiff,patch_13,25.263779,24.370817,24.07054,24.834557,25.708067
batch_01400_patch.tiff,patch_14,23.709072,23.774586,22.920874,23.902653,25.008877
batch_01400_patch.tiff,patch_15,23.698421,23.348785,22.44068,23.157408,25.065746
batch_01400_patch.tiff,patch_16,24.73714,23.436369,22.480639,24.220716,25.658356
batch_01400_patch.tiff,patch_17,23.386543,22.634626,23.02973,24.519669,26.172564
batch_01400_patch.tiff,patch_18,23.87614,22.68272,23.238382,24.524574,26.46528
batch_01400_patch.tiff,patch_19,25.934008,24.179829,24.525354,25.244993,26.807667
batch_01400_patch.tiff,patch_20,26.041878,24.170326,24.81878,24.253988,25.89147
batch_01400_patch.tiff,patch_21,27.379677,25.030493,27.154196,23.565916,26.286697
batch_01400_patch.tiff,patch_22,27.178751,25.551888,26.871119,23.14324,25.91532
batch_01400_patch.tiff,patch_23,26.22306,24.98196,25.841463,23.606577,24.956865
batch_01400_patch.tiff,patch_24,27.221903,26.400528,25.0838,23.936655,26.582386
batch_01400_patch.tiff,patch_25,23.846714,23.618868,22.739075,24.504961,25.429958
batch_01400_patch.tiff,patch_26,26.09062,23.22223,24.280111,24.205172,24.459766
batch_01400_patch.tiff,patch_27,25.556152,23.455626,22.442461,24.187204,26.157192
batch_01400_patch.tiff,patch_28,26.885738,23.205112,26.874302,24.725615,24.380535
batch_01400_patch.tiff,patch_29,24.948246,22.423384,23.394247,23.70436,22.723795
batch_01400_patch.tiff,patch_30,23.417072,22.74432,23.353477,24.032614,25.513414
batch_01400_patch.tiff,patch_31,23.88178,23.227932,23.61095,23.988438,26.062508
batch_01400_patch.tiff,patch_32,23.692402,24.360653,24.804903,21.112062,23.014233
batch_01400_patch.tiff,patch_33,24.384754,24.866701,25.371553,22.734608,25.581438
batch_01400_patch.tiff,patch_34,27.021055,24.861113,22.774952,25.375643,26.45134
batch_01400_patch.tiff,patch_35,26.112568,25.877928,23.471798,25.069658,25.339016
batch_01400_patch.tiff,patch_36,24.601892,24.277573,22.518528,24.121262,24.673756
batch_01400_patch.tiff,patch_37,24.009567,24.32821,22.921862,24.288218,24.294653
batch_01400_patch.tiff,patch_38,25.601105,24.83795,24.100576,24.417704,25.634085
batch_01400_patch.tiff,patch_39,26.784466,24.893969,24.07299,23.378696,25.554192
batch_01400_patch.tiff,patch_40,25.876186,23.954872,22.693897,24.165144,24.330965
batch_01400_patch.tiff,patch_41,24.723204,21.879354,26.216349,22.13166,22.987478
batch_01400_patch.tiff,patch_42,24.173922,22.618029,23.517365,23.993286,26.18519
batch_01400_patch.tiff,patch_43,23.603266,22.759565,22.398653,24.128803,26.203602
batch_01400_patch.tiff,patch_44,23.370169,24.724632,24.560547,21.162083,23.91445
batch_01400_patch.tiff,patch_45,24.327154,23.687902,24.973936,20.769196,23.892637
batch_01400_patch.tiff,patch_46,26.205433,25.969738,27.359657,23.343864,26.026693
batch_01400_patch.tiff,patch_47,26.703907,26.173248,25.357496,24.26634,26.05251
batch_01400_patch.tiff,patch_48,24.877647,24.422554,22.356083,24.588066,24.629078
batch_01400_patch.tiff,patch_49,25.210917,24.287796,23.81572,24.510399,25.324438
batch_01400_patch.tiff,patch_50,24.894762,24.560488,23.82045,24.806776,25.154234
batch_01400_patch.tiff,patch_51,23.649384,22.95515,22.154404,25.702713,25.27161
batch_01400_patch.tiff,patch_52,25.60608,24.437895,24.570906,24.564693,27.395626
batch_01400_patch.tiff,patch_53,26.250774,22.628635,28.151423,23.572758,24.64683
batch_01400_patch.tiff,patch_54,25.873714,24.067562,24.616507,24.765062,27.580866
batch_01400_patch.tiff,patch_55,24.084051,23.42198,23.835941,24.496643,26.76603
batch_01400_patch.tiff,patch_56,23.930449,24.383596,24.338926,20.588003,24.504583
batch_01400_patch.tiff,patch_57,23.031328,24.787819,24.22506,20.169271,23.008501
batch_01400_patch.tiff,patch_58,25.624332,26.548803,25.636948,22.994463,26.465807
batch_01400_patch.tiff,patch_59,27.908195,25.757954,27.38734,24.359045,26.30855
batch_01400_patch.tiff,patch_60,24.023722,23.756962,20.990004,25.566578,24.065638
batch_01400_patch.tiff,patch_61,24.240194,24.472786,22.878633,23.855827,24.1701
batch_01400_patch.tiff,patch_62,25.145758,24.141264,24.841757,24.899664,26.645397
batch_01400_patch.tiff,patch_63,26.264,24.285011,25.809832,22.428791,27.10655
batch_01400_patch.tiff,patch_64,26.765429,24.17073,28.118586,23.984957,25.407164
batch_01400_patch.tiff,patch_65,23.57406,23.407673,20.065203,24.568777,25.606651
batch_01400_patch.tiff,patch_66,24.863548,23.371838,23.235008,24.885818,26.832014
batch_01400_patch.tiff,patch_67,24.177515,24.371546,24.488977,20.65711,24.428265
batch_01400_patch.tiff,patch_68,22.389736,24.205933,24.252033,20.408882,22.9537
batch_01400_patch.tiff,patch_69,26.88032,25.839888,23.790539,24.092726,25.8453
batch_01400_patch.tiff,patch_70,27.134491,25.341175,27.967575,24.1163,26.237858
batch_01400_patch.tiff,patch_71,24.836746,24.150139,23.335903,24.317389,24.569977
batch_01400_patch.tiff,patch_72,26.323677,23.917921,24.212557,24.017431,25.309156
batch_01400_patch.tiff,patch_73,24.783295,23.561274,22.779556,24.017214,25.893162
batch_01400_patch.tiff,patch_74,24.394575,23.947443,23.18659,24.246853,24.543877
batch_01400_patch.tiff,patch_75,24.002697,22.90136,23.688587,23.361526,26.524935
batch_01400_patch.tiff,patch_76,24.983276,23.02292,24.018736,24.3121,26.123444
batch_01400_patch.tiff,patch_77,21.927988,24.405605,23.942793,20.58956,22.494587
batch_01400_patch.tiff,patch_78,22.82249,25.511347,23.695557,21.758524,22.667067
batch_01400_patch.tiff,patch_79,26.018337,23.656618,25.265862,25.362621,26.80842
batch_01400_patch.tiff,patch_80,26.031832,24.158388,25.1509,24.709476,27.44698
batch_01400_patch.tiff,patch_81,23.992634,24.802723,23.694468,24.120865,24.552454
batch_01400_patch.tiff,patch_82,25.311169,24.649778,24.271355,23.403229,25.30369
batch_01400_patch.tiff,patch_83,24.830875,24.07844,22.992702,24.23195,25.619339
batch_01400_patch.tiff,patch_84,24.534803,23.716179,23.747202,23.929003,25.244223
batch_01400_patch.tiff,patch_85,24.322039,22.980688,23.023508,24.108986,26.051931
batch_01400_patch.tiff,patch_86,25.36316,23.285337,23.299612,24.456844,26.178728
batch_01400_patch.tiff,patch_87,22.643171,24.581766,24.589245,20.975452,22.845882
batch_01400_patch.tiff,patch_88,23.171635,24.626963,24.462503,20.674467,23.319914
batch_01400_patch.tiff,patch_89,25.12925,23.199497,25.326672,24.792555,26.870478
batch_01400_patch.tiff,patch_90,26.175755,23.182297,26.589193,23.615742,27.04567
batch_01400_patch.tiff,patch_91,23.525368,25.684868,23.250679,22.909931,24.220833
batch_01400_patch.tiff,patch_92,24.806692,25.297913,24.749712,24.431005,26.116161
batch_01400_patch.tiff,patch_93,23.453718,24.063139,23.691133,23.984543,24.975985
batch_01400_patch.tiff,patch_94,24.306671,23.261711,22.676628,23.931051,25.208223
batch_01400_patch.tiff,patch_95,23.624384,23.316486,23.889753,23.947868,26.68073
batch_01400_patch.tiff,patch_96,23.938631,23.61349,24.154146,24.208714,26.372847
batch_01400_patch.tiff,patch_97,22.84549,23.89622,24.63896,20.848694,24.221254
batch_01400_patch.tiff,patch_98,22.623396,23.97679,24.267672,20.633526,23.971117
batch_01400_patch.tiff,patch_99,27.116825,25.57715,26.559534,23.136465,26.384153
batch_01400_patch.tiff,patch_100,28.26777,24.221516,28.233196,25.267733,26.552507
batch_01400_patch.tiff,patch_101,24.456728,23.82265,23.4409,24.538284,25.053904
batch_01400_patch.tiff,patch_102,25.418505,24.752644,23.281136,24.444176,24.623817
batch_01400_patch.tiff,patch_103,23.23669,23.733624,22.056736,23.222857,24.839396
batch_01400_patch.tiff,patch_104,23.889414,23.236422,22.776274,23.433376,25.486311
batch_01400_patch.tiff,patch_105,23.902294,22.237764,22.27872,23.96791,26.5414
batch_01400_patch.tiff,patch_106,23.62379,22.341305,20.811543,24.745325,25.394867
batch_01400_patch.tiff,patch_107,22.190838,24.035534,23.650288,20.375792,23.10377
batch_01400_patch.tiff,patch_108,22.58364,24.740036,24.23737,20.857746,22.965782
batch_01400_patch.tiff,patch_109,27.069891,25.463099,26.463749,23.322044,25.745848
batch_01400_patch.tiff,patch_110,28.613573,25.038162,26.9003,24.304348,26.194244
batch_01400_patch.tiff,patch_111,24.593866,23.758911,23.340244,24.362194,24.334597
batch_01400_patch.tiff,patch_112,23.445135,25.094164,23.080172,23.06647,23.112574
batch_01400_patch.tiff,patch_113,23.995726,23.566782,23.978449,23.45213,24.415205
batch_01400_patch.tiff,patch_114,24.355177,22.984009,23.753517,24.169506,24.493975
batch_01400_patch.tiff,patch_115,25.058138,24.04386,23.412134,24.634361,26.011728
batch_01400_patch.tiff,patch_116,25.659096,23.826677,24.967007,24.663883,27.25575
batch_01400_patch.tiff,patch_117,24.725931,22.975903,24.647655,25.381937,27.466574
batch_01400_patch.tiff,patch_118,24.054817,22.269457,22.911564,24.467436,26.31017
batch_01400_patch.tiff,patch_119,22.336514,24.351643,23.083735,20.602617,22.983646
batch_01400_patch.tiff,patch_120,21.389711,24.963987,23.233686,20.745493,21.87848
batch_01400_patch.tiff,patch_121,26.679317,26.367966,25.824823,23.999203,26.98389
batch_01400_patch.tiff,patch_122,28.313957,25.750484,26.286545,25.125616,27.157616
batch_01400_patch.tiff,patch_123,24.584332,25.070368,23.954693,23.861254,24.0371
batch_01400_patch.tiff,patch_124,24.374731,24.151768,24.40148,23.714863,25.074503
batch_01400_patch.tiff,patch_125,23.567463,22.740229,22.102428,22.114712,24.348587
batch_01400_patch.tiff,patch_126,23.991566,22.962374,22.496216,23.640026,25.25
batch_01400_patch.tiff,patch_127,25.579006,24.378475,24.997576,25.20572,26.817467
batch_01400_patch.tiff,patch_128,25.011778,23.684137,25.336105,24.463324,26.91278
batch_01400_patch.tiff,patch_129,26.458704,23.640821,24.355469,24.31927,28.261606
batch_01400_patch.tiff,patch_130,23.302343,22.459566,23.271158,23.907503,26.175877
batch_01400_patch.tiff,patch_131,23.901278,23.750101,24.598843,20.26258,23.928795
batch_01400_patch.tiff,patch_132,23.730259,24.555473,24.24574,21.299807,23.82429
batch_01400_patch.tiff,patch_133,26.200874,26.071297,24.63969,24.058195,25.24734
batch_01400_patch.tiff,patch_134,28.324594,24.195059,26.308828,24.799799,27.017843
batch_01400_patch.tiff,patch_135,25.415726,23.808556,22.629053,24.740194,23.854332
batch_01400_patch.tiff,patch_136,24.436413,24.983181,23.09426,23.262167,24.58498
batch_01400_patch.tiff,patch_137,24.21741,22.68767,22.281488,24.260532,25.088945
batch_01400_patch.tiff,patch_138,23.642262,22.043428,23.104942,24.336298,23.316912
batch_01400_patch.tiff,patch_139,24.075098,22.83465,27.225351,22.1738,23.262094
batch_01400_patch.tiff,patch_140,25.630842,23.187082,28.20947,23.33727,24.77394
batch_01400_patch.tiff,patch_141,21.925886,24.777405,23.274498,20.799807,22.595926
batch_01400_patch.tiff,patch_142,23.09511,25.36221,23.346844,22.352875,24.112253
batch_01400_patch.tiff,patch_143,21.79493,23.506733,22.672327,20.3275,22.18605
batch_01400_patch.tiff,patch_144,22.41191,23.729265,23.37272,20.070045,22.078413
batch_01400_patch.tiff,patch_145,27.213453,25.601578,26.70993,25.01243,25.510452
batch_01400_patch.tiff,patch_146,26.257853,26.59832,24.641956,24.108397,24.941967
batch_01400_patch.tiff,patch_147,26.72432,24.777056,26.94356,25.393114,27.418392
batch_01400_patch.tiff,patch_148,26.543987,23.670473,26.699516,24.88476,27.226778
batch_01400_patch.tiff,patch_149,25.33581,22.867079,24.354689,24.578283,24.446518
batch_01400_patch.tiff,patch_150,25.854843,22.986145,25.487663,24.15967,25.412151
batch_01400_patch.tiff,patch_151,22.129572,24.35014,22.738684,20.51868,21.928984
batch_01400_patch.tiff,patch_152,23.084257,24.435709,23.802208,21.155397,23.538591
batch_01400_patch.tiff,patch_153,22.232504,24.47178,23.959312,20.988628,22.559631
batch_01400_patch.tiff,patch_154,23.040112,25.307655,24.08762,21.935724,22.958294
batch_01400_patch.tiff,patch_155,26.600456,26.802591,25.33207,23.557001,26.694128
batch_01400_patch.tiff,patch_156,27.423243,26.031256,25.861504,24.584452,26.473473
batch_01400_patch.tiff,patch_157,25.8357,23.762213,26.300474,24.553513,27.235493
batch_01400_patch.tiff,patch_158,26.080791,23.930605,25.998621,25.545713,26.788507
batch_01400_patch.tiff,patch_159,23.528517,23.174595,23.584991,22.874014,24.897486
batch_01400_patch.tiff,patch_160,24.286873,23.609352,24.536842,23.93159,25.538584
batch_01400_patch.tiff,patch_161,25.385923,22.539013,23.84292,22.731075,25.91406
batch_01400_patch.tiff,patch_162,26.167078,22.895237,26.258448,22.712725,26.170439
batch_01400_patch.tiff,patch_163,23.374191,24.182846,24.108679,20.144806,23.257906
batch_01400_patch.tiff,patch_164,24.51091,24.826727,25.434496,20.683243,25.021963
batch_01400_patch.tiff,patch_165,27.89546,25.614006,25.282581,25.052082,26.603403
batch_01400_patch.tiff,patch_166,27.49232,25.181194,25.956148,23.854336,26.894527
batch_01400_patch.tiff,patch_167,27.251207,26.269949,26.758299,23.990818,26.727932
batch_01400_patch.tiff,patch_168,26.894506,26.349045,25.287592,23.686466,26.827284
batch_01400_patch.tiff,patch_169,25.867071,24.1484,25.407808,23.859074,26.226759
batch_01400_patch.tiff,patch_170,25.41754,23.6926,23.422857,24.909674,25.918451
batch_01450_patch.tiff,patch_0,23.99769,24.73686,24.185242,23.337397,24.034935
batch_01450_patch.tiff,patch_1,26.086067,24.916962,24.070631,24.436226,25.272295
batch_01450_patch.tiff,patch_2,25.20037,23.765549,23.780066,25.000965,25.782963
batch_01450_patch.tiff,patch_3,26.115126,24.405266,26.078453,25.496317,27.280718
batch_01450_patch.tiff,patch_4,26.99191,25.015121,25.468472,26.022884,25.356106
batch_01450_patch.tiff,patch_5,28.517548,23.946613,28.174746,25.823612,26.621372
batch_01450_patch.tiff,patch_6,26.681257,23.317715,23.114334,25.764185,26.848803
batch_01450_patch.tiff,patch_7,26.480234,22.057034,24.038633,24.315527,27.556337
batch_01450_patch.tiff,patch_8,24.971828,23.351477,24.51979,24.243284,26.871256
batch_01450_patch.tiff,patch_9,24.961748,23.324993,22.400276,24.538149,26.323446
batch_01450_patch.tiff,patch_10,25.925323,23.658672,24.220478,24.07242,27.16202
batch_01450_patch.tiff,patch_11,25.329632,23.376795,22.44599,23.821342,26.625645
batch_01450_patch.tiff,patch_12,25.896458,24.579771,24.7073,24.27921,27.859093
batch_01450_patch.tiff,patch_13,25.475683,23.763386,23.799946,24.923191,24.80815
batch_01450_patch.tiff,patch_14,25.342999,25.327734,25.032328,23.901356,25.127674
batch_01450_patch.tiff,patch_15,25.953981,24.903627,28.729425,24.528318,28.402153
batch_01450_patch.tiff,patch_16,26.048227,23.848162,27.434906,24.814266,27.208748
batch_01450_patch.tiff,patch_17,28.315561,24.565487,27.658005,25.145496,25.788559
batch_01450_patch.tiff,patch_18,27.331163,24.810415,25.914553,26.846128,26.258768
batch_01450_patch.tiff,patch_19,26.565432,23.291044,24.32532,25.082481,27.166174
batch_01450_patch.tiff,patch_20,26.889587,23.046364,24.578665,24.30863,26.786816
batch_01450_patch.tiff,patch_21,25.976501,24.353737,24.203241,23.856323,27.62359
batch_01450_patch.tiff,patch_22,24.778637,23.259674,23.170694,24.38993,26.72087
batch_01450_patch.tiff,patch_23,24.648308,23.273172,23.576233,23.179773,27.001339
batch_01450_patch.tiff,patch_24,25.891552,24.211668,25.551846,24.020174,27.689323
batch_01450_patch.tiff,patch_25,25.294605,23.399761,23.121935,24.969492,26.908268
batch_01450_patch.tiff,patch_26,26.255817,22.676653,24.595512,22.643566,27.377974
batch_01450_patch.tiff,patch_27,25.520685,23.288118,23.682686,24.386295,26.607647
batch_01450_patch.tiff,patch_28,28.26055,23.596956,27.197926,26.024454,25.95915
batch_01450_patch.tiff,patch_29,27.817562,24.269724,27.96946,24.96498,25.086058
batch_01450_patch.tiff,patch_30,24.423717,23.479912,23.613766,24.006731,26.745886
batch_01450_patch.tiff,patch_31,24.994562,22.60749,23.239496,24.091536,26.616362
batch_01450_patch.tiff,patch_32,24.93813,23.19446,22.390415,23.302042,26.363802
batch_01450_patch.tiff,patch_33,25.295471,22.74916,23.00477,22.840445,27.046331
batch_01450_patch.tiff,patch_34,26.185644,23.941713,27.056505,25.371458,27.18068
batch_01450_patch.tiff,patch_35,26.22615,23.815111,25.269321,25.09358,27.160267
batch_01450_patch.tiff,patch_36,26.848469,23.33179,28.116516,24.966434,25.828863
batch_01450_patch.tiff,patch_37,26.624887,22.607841,24.688314,24.406565,27.790096
batch_01450_patch.tiff,patch_38,26.778637,22.19623,25.678709,24.867842,27.333303
batch_01450_patch.tiff,patch_39,27.974638,23.958616,26.994753,26.353807,25.506184
batch_01450_patch.tiff,patch_40,28.04867,24.300175,28.92308,25.02646,25.849018
batch_01450_patch.tiff,patch_41,25.244162,23.184519,23.36018,24.982666,26.359789
batch_01450_patch.tiff,patch_42,25.31993,22.488962,23.974363,25.017248,26.540571
batch_01450_patch.tiff,patch_43,25.477903,23.638783,24.074888,24.377773,27.582539
batch_01450_patch.tiff,patch_44,24.13812,22.224266,21.350145,24.669777,25.985579
batch_01450_patch.tiff,patch_45,24.056387,23.692772,22.752659,23.831469,25.814796
batch_01450_patch.tiff,patch_46,25.910727,23.908325,26.051897,25.086348,26.324368
batch_01450_patch.tiff,patch_47,27.286114,22.480078,28.63886,24.619823,26.091545
batch_01450_patch.tiff,patch_48,26.644958,23.748125,25.345745,24.38016,27.151468
batch_01450_patch.tiff,patch_49,26.09507,23.610981,25.94782,24.781424,28.2836
batch_01450_patch.tiff,patch_50,27.880861,24.15298,28.662989,24.685045,25.986397
batch_01450_patch.tiff,patch_51,27.523798,24.906141,27.232618,24.41024,25.939466
batch_01450_patch.tiff,patch_52,24.633257,23.969414,21.73296,23.729433,25.58704
batch_01450_patch.tiff,patch_53,25.871664,22.836287,24.0475,23.9209,26.844273
batch_01450_patch.tiff,patch_54,24.21362,22.346151,22.457108,24.141756,26.268164
batch_01450_patch.tiff,patch_55,25.45266,22.637632,23.893974,24.243996,27.172514
batch_01450_patch.tiff,patch_56,25.76778,23.134727,23.97781,24.204405,27.016962
batch_01450_patch.tiff,patch_57,25.958527,23.37217,24.58147,23.326761,27.29292
batch_01450_patch.tiff,patch_58,26.500559,22.459736,25.923332,23.034695,27.615509
batch_01450_patch.tiff,patch_59,25.51644,23.499603,25.09487,24.085424,28.413492
batch_01450_patch.tiff,patch_60,27.941347,24.056822,27.691164,24.836813,26.549696
batch_01450_patch.tiff,patch_61,27.849768,24.380339,28.603132,24.92468,25.81817
batch_01450_patch.tiff,patch_62,27.886951,22.99185,26.578691,25.378988,25.272907
batch_01450_patch.tiff,patch_63,25.883678,23.452652,23.209131,25.43533,26.63248
batch_01450_patch.tiff,patch_64,24.756687,23.269115,21.267353,24.324408,25.773165
batch_01450_patch.tiff,patch_65,24.474354,23.596964,22.985983,24.471298,26.69649
batch_01450_patch.tiff,patch_66,24.20516,24.186106,21.944576,24.871449,26.345835
batch_01450_patch.tiff,patch_67,25.82399,22.921879,22.71924,25.016382,26.565184
batch_01450_patch.tiff,patch_68,25.691877,23.054453,23.415968,22.963205,27.192984
batch_01450_patch.tiff,patch_69,26.486393,22.976635,23.945433,23.948782,28.031704
batch_01450_patch.tiff,patch_70,25.770546,23.084705,23.800049,23.833508,27.210127
batch_01450_patch.tiff,patch_71,26.894451,24.30955,26.985012,24.027346,27.458834
batch_01450_patch.tiff,patch_72,26.730015,24.308462,27.166761,25.232775,27.86553
batch_01450_patch.tiff,patch_73,26.331747,23.961752,27.724375,24.020788,27.504925
batch_01450_patch.tiff,patch_74,23.698656,22.708132,21.98676,24.496952,26.174158
batch_01450_patch.tiff,patch_75,25.070019,24.031385,23.16246,24.469933,25.58039
batch_01450_patch.tiff,patch_76,24.38342,24.080505,22.639296,24.774305,27.271969
batch_01450_patch.tiff,patch_77,25.566957,22.90824,23.318897,24.60121,26.141615
batch_01450_patch.tiff,patch_78,25.63508,22.5917,23.030102,22.891376,27.599863
batch_01450_patch.tiff,patch_79,25.256514,23.666588,23.172688,23.925194,26.995066
batch_01450_patch.tiff,patch_80,25.51172,21.903479,25.544048,24.630207,27.734566
batch_01450_patch.tiff,patch_81,25.813993,23.257187,23.915863,24.359146,26.879162
batch_01450_patch.tiff,patch_82,24.337067,24.32755,23.712662,23.385454,26.446981
batch_01450_patch.tiff,patch_83,26.180925,24.804607,25.468777,25.153355,27.859875
batch_01450_patch.tiff,patch_84,25.276903,23.925817,23.262505,24.48813,26.824831
batch_01450_patch.tiff,patch_85,24.937437,23.329372,22.44651,24.636232,26.514172
batch_01450_patch.tiff,patch_86,24.995768,23.04938,23.291914,25.069159,26.392109
batch_01450_patch.tiff,patch_87,25.204683,22.760845,23.467394,24.692926,26.112717
batch_01450_patch.tiff,patch_88,25.099283,23.009478,22.320637,23.730675,27.031548
batch_01450_patch.tiff,patch_89,25.779818,22.995415,23.075836,23.938845,26.340704
batch_01450_patch.tiff,patch_90,26.899426,22.264858,26.99131,24.505379,26.866346
batch_01450_patch.tiff,patch_91,26.651857,22.028942,25.57269,24.31112,26.541527
batch_01450_patch.tiff,patch_92,26.869572,23.479134,24.559805,25.314472,26.204584
batch_01450_patch.tiff,patch_93,25.240717,22.443285,25.429192,24.697332,25.727747
batch_01450_patch.tiff,patch_94,25.42918,23.409964,23.157663,25.084316,26.429686
batch_01450_patch.tiff,patch_95,26.217476,24.145384,25.296885,23.470139,27.805395
batch_01450_patch.tiff,patch_96,24.870129,22.25912,21.756641,23.514587,26.104582
batch_01450_patch.tiff,patch_97,24.309746,22.415665,22.596172,23.793844,25.906427
batch_01450_patch.tiff,patch_98,26.340765,23.991858,26.12922,25.180237,27.115978
batch_01450_patch.tiff,patch_99,26.006313,23.978224,23.788143,24.312536,27.096315
batch_01450_patch.tiff,patch_100,26.009415,23.012978,25.075943,24.23774,26.675638
batch_01450_patch.tiff,patch_101,26.06988,22.196497,25.319185,23.734272,26.49772
batch_01450_patch.tiff,patch_102,26.295195,24.436684,28.05413,22.544542,25.899485
batch_01450_patch.tiff,patch_103,25.684406,25.39694,27.201233,23.86513,26.57101
batch_01450_patch.tiff,patch_104,26.443876,23.165089,24.188868,24.056765,27.8312
batch_01450_patch.tiff,patch_105,26.285275,22.789948,23.39685,25.05037,26.81773
batch_01450_patch.tiff,patch_106,26.072666,23.32388,25.141542,23.652739,26.47454
batch_01450_patch.tiff,patch_107,25.511744,22.685638,23.115028,23.543293,26.312191
batch_01450_patch.tiff,patch_108,25.750988,22.543068,24.383081,23.40405,27.603148
batch_01450_patch.tiff,patch_109,25.253553,23.1925,23.186401,23.11956,26.349915
batch_01450_patch.tiff,patch_110,24.474836,23.087767,24.263771,24.347445,26.070223
batch_01450_patch.tiff,patch_111,25.370407,22.214848,26.362658,25.33916,25.880716
batch_01450_patch.tiff,patch_112,26.35508,22.417236,23.838919,24.6779,26.26577
batch_01450_patch.tiff,patch_113,27.496521,23.36941,26.772,24.99619,27.83274
batch_01450_patch.tiff,patch_114,26.891514,23.0652,28.05086,23.860458,25.078518
batch_01450_patch.tiff,patch_115,24.953053,22.631771,22.774166,24.112621,26.836128
batch_01450_patch.tiff,patch_116,26.112913,22.32454,22.708574,25.253378,25.957727
batch_01450_patch.tiff,patch_117,25.73465,23.67876,23.549088,23.414984,27.090319
batch_01450_patch.tiff,patch_118,25.02602,23.321606,23.163176,23.250399,26.864422
batch_01450_patch.tiff,patch_119,24.365181,22.958092,23.424099,23.267527,27.141745
batch_01450_patch.tiff,patch_120,25.068716,22.411715,22.128544,24.337421,26.619728
batch_01450_patch.tiff,patch_121,25.787855,22.562117,23.471987,23.601812,25.974192
batch_01450_patch.tiff,patch_122,26.32873,23.63128,25.09715,23.895985,28.1259
batch_01450_patch.tiff,patch_123,26.01128,22.65538,25.595879,25.237242,26.989157
batch_01450_patch.tiff,patch_124,27.025925,23.337662,26.409672,25.717245,27.289343
batch_01450_patch.tiff,patch_125,25.203766,23.089993,22.975832,24.05579,25.629747
batch_01450_patch.tiff,patch_126,26.83843,23.515223,25.229696,24.230835,26.699022
batch_01450_patch.tiff,patch_127,27.120703,23.632387,23.450642,23.32113,27.677315
batch_01450_patch.tiff,patch_128,27.289457,22.963299,24.820513,24.054276,27.153725
batch_01450_patch.tiff,patch_129,25.745026,23.338163,23.28557,23.944687,26.496462
batch_01450_patch.tiff,patch_130,24.979593,23.876617,22.88582,24.20126,26.855412
batch_01450_patch.tiff,patch_131,24.801086,23.617258,23.434746,25.014368,26.15199
batch_01450_patch.tiff,patch_132,25.546803,23.645863,23.776745,23.476122,27.644617
batch_01450_patch.tiff,patch_133,26.286194,23.970497,24.254324,23.128508,27.54443
batch_01450_patch.tiff,patch_134,25.607311,23.25553,23.823446,24.277199,26.462421
batch_01450_patch.tiff,patch_135,24.857,24.249916,26.901676,23.436903,27.459826
batch_01450_patch.tiff,patch_136,25.953926,22.10536,26.558683,24.575716,25.847935
batch_01450_patch.tiff,patch_137,25.526646,22.364428,24.188116,25.599287,25.915289
batch_01450_patch.tiff,patch_138,25.046501,24.342169,23.4905,25.268599,26.722277
batch_01450_patch.tiff,patch_139,26.289713,24.445395,26.731472,24.629723,26.23238
batch_01450_patch.tiff,patch_140,26.121687,23.555017,22.826292,24.929653,26.683052
batch_01450_patch.tiff,patch_141,28.203705,23.561241,26.772099,24.065887,25.958723
batch_01450_patch.tiff,patch_142,25.36208,22.862768,23.279541,25.071135,25.931816
batch_01450_patch.tiff,patch_143,25.356483,23.228369,24.374264,23.88533,27.414497
batch_01450_patch.tiff,patch_144,26.914045,23.45611,25.779848,24.220665,26.408207
batch_01450_patch.tiff,patch_145,27.057735,24.101719,25.82093,25.432892,26.034014
batch_01450_patch.tiff,patch_146,25.879494,22.81369,25.757969,24.528181,26.320686
batch_01450_patch.tiff,patch_147,26.354147,22.328814,25.016502,24.474989,26.116774
batch_01450_patch.tiff,patch_148,22.766508,22.307346,21.393438,23.919947,25.128544
batch_01450_patch.tiff,patch_149,26.436026,24.774586,23.909382,25.463865,26.36942
batch_01450_patch.tiff,patch_150,26.6573,23.19793,25.256557,25.261827,26.979258
batch_01450_patch.tiff,patch_151,26.936441,23.627716,27.322886,25.052044,24.779219
batch_01450_patch.tiff,patch_152,26.242643,23.951012,25.307402,24.148014,26.461159
batch_01450_patch.tiff,patch_153,25.555662,23.831558,23.554419,24.319948,26.705463
batch_01450_patch.tiff,patch_154,27.032627,24.89985,26.680326,24.080038,26.123667
batch_01450_patch.tiff,patch_155,26.655407,24.401775,26.949215,23.783804,26.135078
batch_01450_patch.tiff,patch_156,27.826262,25.015396,27.681705,25.304178,25.798458
batch_01450_patch.tiff,patch_157,27.60493,25.690046,26.021723,25.970737,25.798159
batch_01450_patch.tiff,patch_158,25.711195,24.004225,23.600542,24.680153,26.25821
batch_01450_patch.tiff,patch_159,26.176744,23.171154,25.003954,23.928968,26.935871
batch_01450_patch.tiff,patch_160,25.011833,23.412138,23.293692,24.323776,26.68134
batch_01450_patch.tiff,patch_161,25.952936,23.67297,24.130356,23.74688,27.317858
batch_01450_patch.tiff,patch_162,27.241726,23.74908,26.138895,26.276394,25.327175
batch_01450_patch.tiff,patch_163,27.033684,22.26447,23.105944,23.363823,26.179556
batch_01450_patch.tiff,patch_164,26.264704,23.210674,23.57424,24.375574,27.162539
batch_01450_patch.tiff,patch_165,25.348776,23.134092,23.311058,23.216545,26.370584
batch_01500_patch.tiff,patch_0,28.116867,22.874235,28.937037,24.426641,26.796041
batch_01500_patch.tiff,patch_1,27.17751,23.391918,26.10296,24.714493,26.455057
batch_01500_patch.tiff,patch_2,25.335558,25.006357,23.847475,26.205389,27.052366
batch_01500_patch.tiff,patch_3,24.14729,23.235126,22.945473,26.028708,25.742683
batch_01500_patch.tiff,patch_4,25.10626,23.962385,24.024912,24.304335,25.285004
batch_01500_patch.tiff,patch_5,25.93311,23.625868,23.234068,25.530375,24.53058
batch_01500_patch.tiff,patch_6,26.613943,24.354053,25.266594,25.294636,27.190172
batch_01500_patch.tiff,patch_7,24.34545,23.548735,22.759436,24.961985,25.328093
batch_01500_patch.tiff,patch_8,25.047823,23.73681,22.198254,25.299458,25.601194
batch_01500_patch.tiff,patch_9,24.74653,24.430504,23.186008,24.913681,25.786749
batch_01500_patch.tiff,patch_10,25.901484,23.652683,23.613314,23.424614,26.59373
batch_01500_patch.tiff,patch_11,25.08442,23.257544,24.64839,24.295395,25.997314
batch_01500_patch.tiff,patch_12,26.476892,22.33398,27.484835,23.629301,25.235006
batch_01500_patch.tiff,patch_13,26.822481,22.966455,26.286411,24.737286,25.816393
batch_01500_patch.tiff,patch_14,23.784826,23.791658,23.059559,25.89699,25.760805
batch_01500_patch.tiff,patch_15,24.763054,24.062548,24.444952,24.337812,24.376297
batch_01500_patch.tiff,patch_16,25.546288,23.295897,24.485771,24.870743,25.604418
batch_01500_patch.tiff,patch_17,24.900808,23.78602,22.749329,25.383648,26.405485
batch_01500_patch.tiff,patch_18,26.080172,23.4758,24.726343,24.896866,25.723703
batch_01500_patch.tiff,patch_19,25.103012,23.582514,23.19239,25.177544,26.375706
batch_01500_patch.tiff,patch_20,24.890371,22.920654,22.149466,25.236052,26.114136
batch_01500_patch.tiff,patch_21,24.900572,24.187817,26.289774,22.72256,25.81914
batch_01500_patch.tiff,patch_22,25.484383,24.290321,25.635841,24.43533,27.417799
batch_01500_patch.tiff,patch_23,25.811438,24.412266,24.456244,23.61644,26.288477
batch_01500_patch.tiff,patch_24,27.637815,22.746887,27.184757,24.058037,26.062258
batch_01500_patch.tiff,patch_25,27.752094,22.570099,28.280365,24.459324,25.751848
batch_01500_patch.tiff,patch_26,24.023584,23.759798,22.822283,25.62889,24.819235
batch_01500_patch.tiff,patch_27,24.804607,24.507534,23.490438,25.128752,26.226683
batch_01500_patch.tiff,patch_28,24.744766,24.205408,24.031841,24.786066,25.638525
batch_01500_patch.tiff,patch_29,25.28236,24.02634,25.053894,24.606087,25.628775
batch_01500_patch.tiff,patch_30,25.187366,23.863718,23.822842,24.146938,27.576647
batch_01500_patch.tiff,patch_31,26.259045,23.399605,24.065668,24.324413,27.427118
batch_01500_patch.tiff,patch_32,25.972383,23.091274,24.220068,24.547554,26.800806
batch_01500_patch.tiff,patch_33,26.248945,24.368738,23.020638,23.989054,26.6112
batch_01500_patch.tiff,patch_34,26.693779,24.730743,27.340181,23.958183,26.951601
batch_01500_patch.tiff,patch_35,27.132637,23.690548,27.711056,24.325651,25.318193
batch_01500_patch.tiff,patch_36,27.589632,23.657467,26.887037,24.772238,26.721313
batch_01500_patch.tiff,patch_37,24.13612,23.451225,24.686209,25.339882,25.901955
batch_01500_patch.tiff,patch_38,25.04757,24.215137,24.014874,24.902452,25.810703
batch_01500_patch.tiff,patch_39,25.284576,23.939442,25.500317,23.63,25.71359
batch_01500_patch.tiff,patch_40,26.268692,23.416517,23.495115,25.00785,27.349155
batch_01500_patch.tiff,patch_41,25.226318,23.49068,23.236542,25.009138,27.501919
batch_01500_patch.tiff,patch_42,27.087332,23.901127,25.085503,23.97636,26.543793
batch_01500_patch.tiff,patch_43,26.06715,24.247267,25.2537,24.676058,25.863665
batch_01500_patch.tiff,patch_44,25.909878,24.177204,26.5524,24.053547,26.380566
batch_01500_patch.tiff,patch_45,24.582006,24.300924,24.375319,23.378426,25.180983
batch_01500_patch.tiff,patch_46,26.736427,24.35577,28.031471,24.70277,28.140362
batch_01500_patch.tiff,patch_47,26.93597,24.058859,25.86861,25.257256,27.485334
batch_01500_patch.tiff,patch_48,24.951591,24.307722,25.222118,24.279646,25.908937
batch_01500_patch.tiff,patch_49,24.481709,22.856457,22.98701,23.699364,23.403692
batch_01500_patch.tiff,patch_50,25.417084,24.472967,22.994152,24.89432,25.359167
batch_01500_patch.tiff,patch_51,25.212996,24.717262,24.647278,24.653559,25.20489
batch_01500_patch.tiff,patch_52,26.784575,23.110523,22.637724,25.114676,26.686327
batch_01500_patch.tiff,patch_53,25.566288,22.668365,21.662533,24.351044,26.130955
batch_01500_patch.tiff,patch_54,25.769176,24.781239,22.245092,24.432432,26.005728
batch_01500_patch.tiff,patch_55,25.383965,23.2056,22.141432,24.663174,26.905003
batch_01500_patch.tiff,patch_56,24.32524,24.377583,24.404493,23.833405,27.331602
batch_01500_patch.tiff,patch_57,25.058355,24.870985,24.822834,23.515379,26.198599
batch_01500_patch.tiff,patch_58,25.35351,23.936707,24.218903,24.407675,25.181486
batch_01500_patch.tiff,patch_59,25.95207,24.014235,25.572151,24.554258,25.650742
batch_01500_patch.tiff,patch_60,24.212957,24.04557,23.247732,24.45547,24.295364
batch_01500_patch.tiff,patch_61,26.644876,24.464653,26.296518,25.044903,25.533298
batch_01500_patch.tiff,patch_62,25.326748,23.095934,22.043688,24.749868,27.307299
batch_01500_patch.tiff,patch_63,25.125154,22.374102,23.047817,23.912184,27.233713
batch_01500_patch.tiff,patch_64,25.309608,24.335209,23.834377,25.31842,26.403027
batch_01500_patch.tiff,patch_65,25.238699,24.568132,22.917034,24.883818,26.803045
batch_01500_patch.tiff,patch_66,25.411396,23.920458,23.660286,23.734514,26.674244
batch_01500_patch.tiff,patch_67,25.57602,23.46636,24.133791,25.291485,25.383192
batch_01500_patch.tiff,patch_68,26.713442,23.103094,26.020426,24.962587,26.183048
batch_01500_patch.tiff,patch_69,27.5858,22.571146,27.587896,24.7113,25.96998
batch_01500_patch.tiff,patch_70,25.597006,24.491829,25.18948,24.758833,25.459452
batch_01500_patch.tiff,patch_71,25.053709,23.759895,25.732618,23.915577,25.928452
batch_01500_patch.tiff,patch_72,24.618275,22.81559,23.88672,24.38278,23.990463
batch_01500_patch.tiff,patch_73,24.867453,22.540691,22.228983,23.193155,25.777454
batch_01500_patch.tiff,patch_74,23.367224,23.299559,21.133722,23.789635,24.202286
batch_01500_patch.tiff,patch_75,26.053057,24.311039,25.06318,24.770819,26.861027
batch_01500_patch.tiff,patch_76,25.313124,24.172604,24.511026,24.007128,26.428524
batch_01500_patch.tiff,patch_77,24.034132,23.839657,22.27276,24.078352,26.6414
batch_01500_patch.tiff,patch_78,25.4131,23.943214,25.769518,25.14426,25.155712
batch_01500_patch.tiff,patch_79,27.538363,23.11155,27.641916,24.930445,26.450756
batch_01500_patch.tiff,patch_80,27.323969,23.611753,26.62055,25.16683,24.933634
batch_01500_patch.tiff,patch_81,25.540768,24.601995,24.07451,24.84259,24.924145
batch_01500_patch.tiff,patch_82,25.637976,23.01855,25.468267,24.425478,25.739204
batch_01500_patch.tiff,patch_83,23.780758,23.822987,22.655148,25.362967,24.269762
batch_01500_patch.tiff,patch_84,25.927296,23.320457,22.52029,24.038765,27.546373
batch_01500_patch.tiff,patch_85,24.746832,22.91707,20.344698,24.213547,25.693813
batch_01500_patch.tiff,patch_86,25.794342,24.40655,24.324236,24.699717,27.655985
batch_01500_patch.tiff,patch_87,24.493006,23.596739,23.672577,24.559605,26.842083
batch_01500_patch.tiff,patch_88,26.091726,24.14648,25.879824,23.550274,26.6006
batch_01500_patch.tiff,patch_89,27.484743,24.106457,26.631956,23.834063,26.661064
batch_01500_patch.tiff,patch_90,27.31063,22.894947,28.084314,24.537914,26.242756
batch_01500_patch.tiff,patch_91,26.607439,22.428228,26.3506,25.551855,24.442987
batch_01500_patch.tiff,patch_92,24.461477,24.117138,23.494534,23.990942,24.14197
batch_01500_patch.tiff,patch_93,24.452482,23.764023,26.486526,22.233408,24.650892
batch_01500_patch.tiff,patch_94,26.631561,23.913418,25.58646,25.64284,26.0065
batch_01500_patch.tiff,patch_95,25.794521,23.939428,23.68123,25.104729,26.83521
batch_01500_patch.tiff,patch_96,25.414434,23.737146,23.32673,25.77529,26.46211
batch_01500_patch.tiff,patch_97,26.018148,24.832478,24.631994,24.57818,25.986143
batch_01500_patch.tiff,patch_98,25.64752,23.86876,23.81413,25.031368,26.77504
batch_01500_patch.tiff,patch_99,27.146755,24.26097,25.695309,22.980316,27.59473
batch_01500_patch.tiff,patch_100,25.817295,23.494717,25.680668,22.517223,25.8628
batch_01500_patch.tiff,patch_101,27.066809,23.391289,26.665285,24.411104,26.023891
batch_01500_patch.tiff,patch_102,27.57706,22.349241,28.410614,23.799374,25.946693
batch_01500_patch.tiff,patch_103,24.447832,23.27164,24.447771,23.395443,24.433224
batch_01500_patch.tiff,patch_104,25.347635,24.132206,26.511303,23.260014,25.945047
batch_01500_patch.tiff,patch_105,26.498116,23.810917,25.899824,24.938868,24.842842
batch_01500_patch.tiff,patch_106,27.002878,23.694126,24.5615,24.426807,25.841297
batch_01500_patch.tiff,patch_107,25.218555,23.20813,23.339373,25.128004,26.49556
batch_01500_patch.tiff,patch_108,25.542158,23.030966,23.195469,25.235468,25.914717
batch_01500_patch.tiff,patch_109,25.265215,23.686192,23.048517,23.973509,27.066996
batch_01500_patch.tiff,patch_110,25.78514,24.073755,25.208721,24.47984,26.32106
batch_01500_patch.tiff,patch_111,26.610754,24.005085,25.887115,22.421476,27.283527
batch_01500_patch.tiff,patch_112,25.234442,23.97662,24.850796,23.518326,26.193703
batch_01500_patch.tiff,patch_113,26.552208,21.76239,23.970509,24.499119,25.542141
batch_01500_patch.tiff,patch_114,25.374208,21.833855,24.505707,24.132036,25.141533
batch_01500_patch.tiff,patch_115,25.95865,23.109072,26.224342,24.619167,26.075708
batch_01500_patch.tiff,patch_116,23.741112,23.309229,22.399464,24.997425,25.22427
batch_01500_patch.tiff,patch_117,24.2047,23.444538,22.15655,24.028389,26.641773
batch_01500_patch.tiff,patch_118,24.944254,22.76699,22.295704,24.089497,25.526924
batch_01500_patch.tiff,patch_119,25.179918,23.162445,23.803007,24.559338,26.286219
batch_01500_patch.tiff,patch_120,24.384556,22.92216,22.575115,24.909405,25.570898
batch_01500_patch.tiff,patch_121,25.56987,23.438868,22.024525,24.459425,26.630981
batch_01500_patch.tiff,patch_122,26.870441,24.757809,23.854412,24.575552,27.42234
batch_01500_patch.tiff,patch_123,26.249027,25.170597,25.864706,23.473942,27.107868
batch_01500_patch.tiff,patch_124,27.107563,23.663319,24.438438,24.096443,26.319468
batch_01500_patch.tiff,patch_125,25.76914,22.961926,24.47482,24.720724,26.415733
batch_01500_patch.tiff,patch_126,25.546007,21.836245,24.454573,24.121084,25.838984
batch_01500_patch.tiff,patch_127,24.794422,23.449442,23.41449,25.87092,25.909702
batch_01500_patch.tiff,patch_128,23.124498,23.262938,23.204767,24.268078,25.786453
batch_01500_patch.tiff,patch_129,24.523895,23.463333,22.059,23.96658,26.103172
batch_01500_patch.tiff,patch_130,25.200047,23.520992,22.722517,24.348309,26.47073
batch_01500_patch.tiff,patch_131,24.366383,23.417118,23.757706,24.896402,26.730938
batch_01500_patch.tiff,patch_132,25.66634,24.385935,23.563934,24.964567,26.583094
batch_01500_patch.tiff,patch_133,25.103231,23.704329,21.808084,24.250816,24.449306
batch_01500_patch.tiff,patch_134,25.16632,23.211302,22.588394,24.831429,26.295774
batch_01500_patch.tiff,patch_135,24.969185,25.071186,23.756609,23.320517,26.096292
batch_01500_patch.tiff,patch_136,25.717276,24.110556,24.055582,24.286522,26.986824
batch_01500_patch.tiff,patch_137,26.110987,21.884964,24.756676,22.374228,25.87511
batch_01500_patch.tiff,patch_138,27.22412,21.964981,24.896341,24.832695,26.061293
batch_01500_patch.tiff,patch_139,25.01182,24.859827,24.95196,23.50875,25.660322
batch_01500_patch.tiff,patch_140,26.058975,24.253517,26.890501,23.761232,25.607819
batch_01500_patch.tiff,patch_141,24.76443,22.851292,21.750097,24.94968,24.613588
batch_01500_patch.tiff,patch_142,25.139194,23.679384,23.766584,24.432209,26.67423
batch_01500_patch.tiff,patch_143,25.256361,24.362547,23.304895,24.55802,26.501411
batch_01500_patch.tiff,patch_144,25.411203,24.966194,22.999847,24.145805,26.042397
batch_01500_patch.tiff,patch_145,27.696245,25.198948,27.720734,24.130548,27.0328
batch_01500_patch.tiff,patch_146,26.300303,24.394964,25.399647,23.809654,26.418991
batch_01500_patch.tiff,patch_147,24.916107,23.36239,23.769539,25.46879,26.307274
batch_01500_patch.tiff,patch_148,24.14296,23.24382,22.055187,25.066711,25.645237
batch_01500_patch.tiff,patch_149,27.606985,21.78937,23.948748,25.212345,26.177786
batch_01500_patch.tiff,patch_150,26.911144,22.552517,24.567722,23.66327,26.376575
batch_01500_patch.tiff,patch_151,24.124317,24.071398,23.58857,24.44827,25.028954
batch_01500_patch.tiff,patch_152,24.70548,23.334887,25.085558,24.06748,25.975164
batch_01500_patch.tiff,patch_153,24.743587,22.93742,22.183182,24.781403,24.940329
batch_01500_patch.tiff,patch_154,24.408178,22.33843,21.994808,24.879383,25.264048
batch_01500_patch.tiff,patch_155,24.828379,23.08234,22.782183,24.969765,25.673464
batch_01500_patch.tiff,patch_156,25.221231,24.021261,23.5847,25.110767,26.46315
batch_01500_patch.tiff,patch_157,25.86552,24.734056,25.441725,24.363993,24.992022
batch_01500_patch.tiff,patch_158,26.5709,24.304798,26.705406,23.650871,28.340168
batch_01500_patch.tiff,patch_159,26.45316,24.657675,25.088438,25.265232,27.34351
batch_01500_patch.tiff,patch_160,25.530195,24.483555,21.648449,24.00957,26.847816
batch_01500_patch.tiff,patch_161,24.892744,22.770498,23.011415,24.850418,26.2285
batch_01500_patch.tiff,patch_162,23.80883,21.739305,22.594378,24.35582,25.322372
batch_01500_patch.tiff,patch_163,26.060131,23.857147,25.182426,25.081116,26.072977
batch_01500_patch.tiff,patch_164,23.904036,22.41024,21.321518,23.908978,23.906363
batch_01500_patch.tiff,patch_165,25.93981,23.443846,22.537695,24.500967,27.053707
batch_01500_patch.tiff,patch_166,24.320696,22.974394,22.711575,24.651356,25.502605
batch_01500_patch.tiff,patch_167,25.226988,23.093498,22.9597,24.431978,26.120558
batch_01500_patch.tiff,patch_168,27.511724,24.537142,25.96494,24.021576,27.12942
batch_01500_patch.tiff,patch_169,25.30998,24.909622,26.26478,22.898027,26.587284
batch_01500_patch.tiff,patch_170,24.939978,25.342701,23.541826,23.112095,25.284506
batch_01500_patch.tiff,patch_171,25.741915,25.159126,25.475754,23.461142,27.56667
batch_01550_patch.tiff,patch_0,26.681402,25.14043,27.507217,24.28221,26.838612
batch_01550_patch.tiff,patch_1,25.91365,24.665934,25.776985,24.598465,24.956787
batch_01550_patch.tiff,patch_2,24.946707,23.233044,22.181425,24.411564,26.24361
batch_01550_patch.tiff,patch_3,25.284424,23.383427,24.279242,25.669542,26.169361
batch_01550_patch.tiff,patch_4,26.596443,24.00391,24.199455,24.495773,27.095358
batch_01550_patch.tiff,patch_5,26.327816,24.369081,22.95704,25.784094,25.57386
batch_01550_patch.tiff,patch_6,27.435156,23.846428,24.096117,24.129599,26.657728
batch_01550_patch.tiff,patch_7,26.496227,23.577173,22.323366,24.631742,26.231642
batch_01550_patch.tiff,patch_8,25.756361,24.72955,25.77751,24.58157,25.300398
batch_01550_patch.tiff,patch_9,25.929363,24.60948,23.566738,23.87915,25.249851
batch_01550_patch.tiff,patch_10,26.697561,24.152605,25.352377,23.836325,26.462948
batch_01550_patch.tiff,patch_11,25.734415,23.88467,25.192524,22.164354,26.438847
batch_01550_patch.tiff,patch_12,26.088127,24.024603,25.093618,25.184734,24.79677
batch_01550_patch.tiff,patch_13,26.17336,24.854565,25.68052,24.792057,25.54345
batch_01550_patch.tiff,patch_14,25.715923,24.10293,25.945253,23.94602,24.86847
batch_01550_patch.tiff,patch_15,23.799686,23.40076,21.298723,24.84789,24.805
batch_01550_patch.tiff,patch_16,24.610096,23.827795,23.411182,24.61444,26.655466
batch_01550_patch.tiff,patch_17,25.295872,23.83712,23.859976,24.670034,27.289337
batch_01550_patch.tiff,patch_18,27.612204,24.4044,25.58668,25.304188,27.070198
batch_01550_patch.tiff,patch_19,25.933641,23.556618,24.36088,24.53433,26.894302
batch_01550_patch.tiff,patch_20,26.62629,25.454964,24.964931,25.269016,27.012169
batch_01550_patch.tiff,patch_21,25.689528,23.690578,22.951662,23.462976,25.790579
batch_01550_patch.tiff,patch_22,26.705198,24.734589,25.471663,23.605217,26.77413
batch_01550_patch.tiff,patch_23,26.897642,23.561735,25.554296,22.424091,26.067797
batch_01550_patch.tiff,patch_24,26.44154,23.083685,23.612963,21.983717,25.551487
batch_01550_patch.tiff,patch_25,26.498241,24.999037,26.476835,25.126673,27.403051
batch_01550_patch.tiff,patch_26,24.195354,22.519304,23.245417,24.160206,26.308996
batch_01550_patch.tiff,patch_27,25.25204,23.600782,23.981205,24.568335,27.17011
batch_01550_patch.tiff,patch_28,25.029419,22.831999,23.68366,26.204288,25.594498
batch_01550_patch.tiff,patch_29,25.44815,23.557533,23.769093,25.926283,25.798471
batch_01550_patch.tiff,patch_30,26.632433,24.738455,25.794682,25.102432,26.275463
batch_01550_patch.tiff,patch_31,26.640198,24.64593,25.428452,24.976961,27.483707
batch_01550_patch.tiff,patch_32,25.851679,24.066368,24.302042,24.932959,26.709028
batch_01550_patch.tiff,patch_33,26.124146,23.215694,25.351557,24.018396,25.118004
batch_01550_patch.tiff,patch_34,26.120153,23.78662,25.327747,24.257385,27.079336
batch_01550_patch.tiff,patch_35,24.84388,23.974934,22.50968,24.5531,26.535551
batch_01550_patch.tiff,patch_36,25.850874,23.23314,24.92853,24.63408,23.977045
batch_01550_patch.tiff,patch_37,26.996662,26.09267,25.062414,25.348543,26.155737
batch_01550_patch.tiff,patch_38,25.988592,23.533592,26.234896,23.68908,26.613358
batch_01550_patch.tiff,patch_39,25.038551,23.640743,24.428589,25.393415,27.071222
batch_01550_patch.tiff,patch_40,25.131344,24.005579,24.7615,25.039341,26.574915
batch_01550_patch.tiff,patch_41,26.791311,23.989885,25.295958,26.22402,26.097815
batch_01550_patch.tiff,patch_42,25.461714,23.375944,23.70397,25.437473,25.386295
batch_01550_patch.tiff,patch_43,26.5949,24.842857,25.743448,24.558441,25.539507
batch_01550_patch.tiff,patch_44,24.510101,23.059235,24.466928,24.971556,26.001026
batch_01550_patch.tiff,patch_45,25.840298,23.63142,24.608599,24.360638,25.784554
batch_01550_patch.tiff,patch_46,26.285168,24.570597,25.078724,24.203222,27.869516
batch_01550_patch.tiff,patch_47,25.868664,24.409063,24.899078,24.014765,27.950245
batch_01550_patch.tiff,patch_48,26.004404,23.384087,24.222517,24.211515,25.539732
batch_01550_patch.tiff,patch_49,25.484827,23.787807,21.375843,24.786257,24.342316
batch_01550_patch.tiff,patch_50,26.158567,23.477386,24.700905,23.816168,26.617092
batch_01550_patch.tiff,patch_51,25.309345,23.55259,23.57976,25.222246,27.147459
batch_01550_patch.tiff,patch_52,27.754814,24.323774,24.777641,23.756126,26.34051
batch_01550_patch.tiff,patch_53,26.619596,23.179392,24.202303,25.024206,27.974924
batch_01550_patch.tiff,patch_54,25.16593,24.22514,23.770706,24.97185,25.599731
batch_01550_patch.tiff,patch_55,25.72971,24.647457,23.868254,25.52094,25.530025
batch_01550_patch.tiff,patch_56,26.908789,24.625847,24.0902,24.510946,26.461739
batch_01550_patch.tiff,patch_57,26.20332,23.97352,23.245052,25.098812,26.181782
batch_01550_patch.tiff,patch_58,26.559359,24.327223,22.184893,24.393429,26.04492
batch_01550_patch.tiff,patch_59,27.058474,24.350786,23.543707,23.906452,26.447329
batch_01550_patch.tiff,patch_60,25.844524,23.771883,24.586145,24.109564,27.033525
batch_01550_patch.tiff,patch_61,25.10758,24.127758,23.591806,25.270794,27.32831
batch_01550_patch.tiff,patch_62,28.367588,23.431175,23.525602,24.746643,26.038456
batch_01550_patch.tiff,patch_63,25.961843,23.436373,23.913883,23.545277,26.927643
batch_01550_patch.tiff,patch_64,24.924423,23.718996,21.892569,25.641071,25.466137
batch_01550_patch.tiff,patch_65,27.756014,25.364313,25.416653,23.470663,27.248701
batch_01550_patch.tiff,patch_66,27.454391,24.21847,24.030191,24.086416,25.875547
batch_01550_patch.tiff,patch_67,26.909569,24.683409,22.957794,24.443615,26.51657
batch_01550_patch.tiff,patch_68,26.707773,25.306213,22.300486,25.3331,25.638065
batch_01550_patch.tiff,patch_69,27.026402,25.440685,25.388847,23.96021,27.675095
batch_01550_patch.tiff,patch_70,25.763468,25.473797,27.428549,24.062876,25.714548
batch_01550_patch.tiff,patch_71,25.940313,24.196926,23.616508,24.924297,27.430214
batch_01550_patch.tiff,patch_72,26.264637,23.855703,24.204424,24.879366,26.677822
batch_01550_patch.tiff,patch_73,24.58371,24.177908,22.994396,24.794651,25.748907
batch_01550_patch.tiff,patch_74,26.073586,24.455914,24.022612,24.211407,26.496508
batch_01550_patch.tiff,patch_75,25.67112,24.485298,23.877327,24.894014,26.62636
batch_01550_patch.tiff,patch_76,26.151197,24.424667,23.632292,25.264032,26.310486
batch_01550_patch.tiff,patch_77,26.506466,24.329004,23.442953,23.064295,26.486967
batch_01550_patch.tiff,patch_78,27.205706,23.985752,25.049622,24.753769,27.594656
batch_01550_patch.tiff,patch_79,26.297165,23.983753,23.025372,25.281971,26.495296
batch_01550_patch.tiff,patch_80,25.485752,24.727348,23.47868,24.061846,26.357916
batch_01550_patch.tiff,patch_81,25.198261,25.30483,26.572838,24.087278,25.321293
batch_01550_patch.tiff,patch_82,26.403206,23.714304,25.021196,24.546568,27.536776
batch_01550_patch.tiff,patch_83,24.860514,24.509968,24.691553,24.630686,25.65044
batch_01550_patch.tiff,patch_84,25.430576,24.068699,25.08731,25.119722,26.593102
batch_01550_patch.tiff,patch_85,24.836374,24.221718,22.836687,25.496044,26.098541
batch_01550_patch.tiff,patch_86,25.894201,24.543571,25.184738,24.031078,25.359285
batch_01550_patch.tiff,patch_87,25.667078,24.115072,25.402182,24.759504,25.26554
batch_01550_patch.tiff,patch_88,26.883081,23.228085,24.41983,25.413612,26.42461
batch_01550_patch.tiff,patch_89,27.319382,24.691246,24.30409,24.230522,26.77931
batch_01550_patch.tiff,patch_90,26.764141,23.859285,23.572845,23.923256,27.099289
batch_01550_patch.tiff,patch_91,25.12624,23.901798,23.037474,24.851578,26.450075
batch_01550_patch.tiff,patch_92,27.271488,24.885391,24.040943,24.656498,26.751078
batch_01550_patch.tiff,patch_93,27.086782,24.001842,23.815325,23.979618,26.860672
batch_01550_patch.tiff,patch_94,27.860981,24.423021,26.729265,24.194248,27.955196
batch_01550_patch.tiff,patch_95,24.152477,23.292559,23.034212,24.942017,25.708944
batch_01550_patch.tiff,patch_96,24.675465,23.384472,22.547865,25.02348,25.472078
batch_01550_patch.tiff,patch_97,25.805265,24.52254,22.305794,24.16762,25.982798
batch_01550_patch.tiff,patch_98,26.354311,24.451208,23.312733,24.215435,26.56296
batch_01550_patch.tiff,patch_99,24.938255,23.413496,22.814558,23.577082,25.983618
batch_01550_patch.tiff,patch_100,24.70708,22.95328,21.264784,23.490005,25.071764
batch_01550_patch.tiff,patch_101,26.180508,23.955673,23.756283,24.68653,27.053864
batch_01550_patch.tiff,patch_102,28.226719,25.775038,25.412619,24.934767,27.496313
batch_01550_patch.tiff,patch_103,26.62216,23.927603,22.935148,23.741158,27.410797
batch_01550_patch.tiff,patch_104,27.569244,23.628597,25.29118,24.405464,26.992836
batch_01550_patch.tiff,patch_105,24.863615,23.941265,23.874893,24.591478,26.37473
batch_01550_patch.tiff,patch_106,26.649817,25.12521,24.920383,25.0906,26.47177
batch_01550_patch.tiff,patch_107,26.193579,24.95831,23.847649,24.043337,27.373796
batch_01550_patch.tiff,patch_108,26.852385,24.935009,22.297386,24.189257,27.071413
batch_01550_patch.tiff,patch_109,25.511665,23.224863,21.55096,23.695269,25.372139
batch_01550_patch.tiff,patch_110,25.46299,23.125736,23.13437,22.727177,26.532923
batch_01550_patch.tiff,patch_111,26.917742,24.250425,25.03448,24.70938,27.553627
batch_01550_patch.tiff,patch_112,26.753023,23.849934,24.847576,25.411177,27.44557
batch_01550_patch.tiff,patch_113,26.007273,24.783077,23.69085,25.44117,26.876087
batch_01550_patch.tiff,patch_114,26.228434,24.056734,24.615957,23.795107,27.517365
batch_01550_patch.tiff,patch_115,27.52182,24.613398,25.052427,24.576214,26.630537
batch_01550_patch.tiff,patch_116,25.876589,23.527859,25.022,24.792862,25.617653
batch_01550_patch.tiff,patch_117,26.052465,25.409142,25.228947,24.828873,26.145422
batch_01550_patch.tiff,patch_118,27.106243,25.252491,23.230701,24.785118,26.16878
batch_01550_patch.tiff,patch_119,24.746344,23.771746,25.415392,23.526949,26.728361
batch_01550_patch.tiff,patch_120,24.541803,22.785606,22.053581,23.765148,25.22416
batch_01550_patch.tiff,patch_121,24.661217,22.975367,22.58957,23.76598,25.355274
batch_01550_patch.tiff,patch_122,25.348473,25.50089,25.409206,24.258211,26.285288
batch_01550_patch.tiff,patch_123,27.26069,25.60435,26.354176,24.439281,28.199373
batch_01550_patch.tiff,patch_124,26.914776,24.47587,24.926033,25.54788,26.553669
batch_01550_patch.tiff,patch_125,25.653755,25.002235,24.134668,24.416943,26.737526
batch_01550_patch.tiff,patch_126,25.88257,23.624493,23.748478,24.173508,27.618002
batch_01550_patch.tiff,patch_127,25.220242,25.298998,24.313665,24.292686,25.70182
batch_01550_patch.tiff,patch_128,25.6746,23.74471,23.792372,25.306236,25.967806
batch_01550_patch.tiff,patch_129,25.337587,24.011389,23.137527,24.827488,26.130157
batch_01550_patch.tiff,patch_130,26.781126,24.871483,24.644545,23.885578,28.146
batch_01550_patch.tiff,patch_131,27.125237,25.267582,24.292133,23.597824,27.483427
batch_01550_patch.tiff,patch_132,23.336374,21.461582,20.672388,24.008987,24.794384
batch_01550_patch.tiff,patch_133,24.762358,23.649063,22.581125,24.166962,24.806013
batch_01550_patch.tiff,patch_134,25.08148,24.514118,24.5581,25.370039,27.160847
batch_01550_patch.tiff,patch_135,26.265858,24.090126,25.509192,25.54903,26.188452
batch_01550_patch.tiff,patch_136,25.886536,23.920776,24.363503,25.695042,25.529203
batch_01550_patch.tiff,patch_137,25.031591,23.420061,23.641031,25.477888,25.512001
batch_01550_patch.tiff,patch_138,25.78388,24.843191,24.064154,24.493008,26.643707
batch_01550_patch.tiff,patch_139,26.790321,23.674292,22.744139,24.053383,26.132822
batch_01550_patch.tiff,patch_140,25.018839,24.58982,23.003874,24.296734,26.998442
batch_01550_patch.tiff,patch_141,26.197578,24.53952,24.017494,24.775766,27.374113
batch_01550_patch.tiff,patch_142,27.204744,23.627356,24.429321,24.982988,25.728802
batch_01550_patch.tiff,patch_143,26.835968,23.669846,24.140062,24.64621,24.870424
batch_01550_patch.tiff,patch_144,25.565182,21.941494,22.63616,24.891949,24.928135
batch_01550_patch.tiff,patch_145,24.178099,23.323946,24.423439,22.835634,24.099127
batch_01550_patch.tiff,patch_146,25.208902,24.089602,26.045498,23.537634,25.17311
batch_01550_patch.tiff,patch_147,26.200941,24.649643,26.349854,24.311703,26.202656
batch_01550_patch.tiff,patch_148,25.31953,23.701315,23.343735,25.736078,26.862398
batch_01550_patch.tiff,patch_149,26.525303,24.934694,24.494196,24.701836,28.278202
batch_01550_patch.tiff,patch_150,25.429043,23.809738,25.319635,25.04781,24.586178
batch_01550_patch.tiff,patch_151,25.492476,23.834646,23.765318,24.17343,25.788889
batch_01550_patch.tiff,patch_152,25.29844,24.160118,23.93551,24.093277,26.26341
batch_01550_patch.tiff,patch_153,26.096949,24.001131,23.164227,24.688469,27.473753
batch_01550_patch.tiff,patch_154,27.124624,23.589996,24.790962,24.43916,26.29415
batch_01550_patch.tiff,patch_155,26.295425,24.281181,23.570873,25.65027,25.72814
batch_01550_patch.tiff,patch_156,25.638044,22.517149,22.508665,22.571777,25.503218
batch_01550_patch.tiff,patch_157,24.888172,22.859613,23.610235,23.772085,24.825653
batch_01550_patch.tiff,patch_158,25.771763,23.428907,25.637194,24.503376,26.695196
batch_01550_patch.tiff,patch_159,26.058628,24.07082,25.360584,24.55089,27.290264
batch_01550_patch.tiff,patch_160,26.617725,24.758379,24.273722,23.76604,27.82612
batch_01550_patch.tiff,patch_161,27.528957,24.09003,25.056011,25.477148,27.413633
batch_01550_patch.tiff,patch_162,25.457703,23.421219,22.055792,23.95869,25.70855
batch_01550_patch.tiff,patch_163,27.938757,23.262842,24.354013,24.37971,26.59619
batch_01550_patch.tiff,patch_164,26.278652,24.131744,24.545008,24.361536,26.394869
batch_01550_patch.tiff,patch_165,25.542427,23.712723,24.522709,24.834183,25.675455
batch_01550_patch.tiff,patch_166,26.866476,23.921019,21.003725,24.94666,26.610214
batch_01550_patch.tiff,patch_167,27.749826,24.075096,22.730188,24.728601,26.116434
batch_01550_patch.tiff,patch_168,25.62431,24.628283,24.000404,25.371677,25.540106
batch_01600_patch.tiff,patch_0,25.205616,22.413542,21.55619,24.089222,25.423788
batch_01600_patch.tiff,patch_1,24.98779,23.138058,24.336073,23.565445,24.097511
batch_01600_patch.tiff,patch_2,26.662476,24.62941,23.999357,24.538391,25.885004
batch_01600_patch.tiff,patch_3,26.550602,24.752321,26.038477,24.846487,26.122238
batch_01600_patch.tiff,patch_4,26.478828,24.288345,24.009623,24.008944,26.101334
batch_01600_patch.tiff,patch_5,25.676256,23.008038,20.482151,23.237547,25.80584
batch_01600_patch.tiff,patch_6,25.65321,22.493341,23.930275,24.426971,24.67814
batch_01600_patch.tiff,patch_7,25.91769,23.496517,25.44731,26.016493,24.650532
batch_01600_patch.tiff,patch_8,26.769646,24.152773,25.051321,24.555685,26.131147
batch_01600_patch.tiff,patch_9,22.770454,23.269396,22.662802,23.067858,25.683712
batch_01600_patch.tiff,patch_10,25.273396,23.077873,22.58692,25.178518,25.136402
batch_01600_patch.tiff,patch_11,25.422226,22.156298,19.891676,25.351402,24.158022
batch_01600_patch.tiff,patch_12,25.056156,24.128782,23.670086,24.597456,25.967873
batch_01600_patch.tiff,patch_13,25.627897,24.64861,24.377243,24.154713,24.6321
batch_01600_patch.tiff,patch_14,26.06119,24.988615,24.197586,25.370518,25.727203
batch_01600_patch.tiff,patch_15,26.861986,24.597637,25.246151,24.339022,26.752804
batch_01600_patch.tiff,patch_16,26.293962,22.911997,22.041246,23.375244,26.235775
batch_01600_patch.tiff,patch_17,25.807928,22.69422,23.433134,24.196722,25.547213
batch_01600_patch.tiff,patch_18,25.946108,22.710745,24.400124,23.919462,24.493156
batch_01600_patch.tiff,patch_19,25.689657,23.06154,24.596659,24.26868,24.788597
batch_01600_patch.tiff,patch_20,26.075676,23.229742,25.225798,25.335163,24.990593
batch_01600_patch.tiff,patch_21,23.098244,22.583567,23.499702,23.37211,25.617361
batch_01600_patch.tiff,patch_22,24.975264,23.237627,26.01495,24.639973,24.813833
batch_01600_patch.tiff,patch_23,25.363081,23.266998,21.876425,24.269375,24.950212
batch_01600_patch.tiff,patch_24,24.84267,22.37166,21.515665,23.07521,25.482027
batch_01600_patch.tiff,patch_25,25.403069,22.933247,22.759325,24.990253,24.187752
batch_01600_patch.tiff,patch_26,25.439407,23.192253,24.468386,24.375362,24.863165
batch_01600_patch.tiff,patch_27,23.463102,21.976711,19.818888,24.147224,24.202078
batch_01600_patch.tiff,patch_28,23.637146,22.722908,21.464249,24.04988,25.200218
batch_01600_patch.tiff,patch_29,24.1962,23.6588,21.956575,24.671223,24.758894
batch_01600_patch.tiff,patch_30,26.983316,24.012526,24.636892,25.59654,25.775633
batch_01600_patch.tiff,patch_31,25.479717,23.128542,24.16765,24.880474,25.244278
batch_01600_patch.tiff,patch_32,25.991785,23.537424,24.465467,24.654106,25.0421
batch_01600_patch.tiff,patch_33,26.61772,23.713205,25.682796,25.253563,26.00383
batch_01600_patch.tiff,patch_34,24.303028,23.473684,22.921349,24.732792,24.9173
batch_01600_patch.tiff,patch_35,25.794626,22.092928,23.52459,24.1652,24.130264
batch_01600_patch.tiff,patch_36,26.587864,22.951797,23.607569,24.890661,25.572613
batch_01600_patch.tiff,patch_37,24.84605,22.26313,23.988583,23.658411,24.684582
batch_01600_patch.tiff,patch_38,25.548695,22.311121,22.46294,24.79211,24.180075
batch_01600_patch.tiff,patch_39,22.944458,22.406473,20.536089,23.503727,24.901543
batch_01600_patch.tiff,patch_40,22.896358,22.265572,20.329922,23.360973,23.989738
batch_01600_patch.tiff,patch_41,24.531116,23.485086,21.277813,24.886316,25.582693
batch_01600_patch.tiff,patch_42,27.346058,23.378653,22.158352,25.181562,25.77248
batch_01600_patch.tiff,patch_43,26.01144,23.113274,24.265291,25.185816,24.800463
batch_01600_patch.tiff,patch_44,26.046581,23.051172,26.285854,24.823467,25.210554
batch_01600_patch.tiff,patch_45,25.143152,23.435953,22.312843,24.029955,25.22814
batch_01600_patch.tiff,patch_46,26.514631,24.049473,25.076052,24.72828,26.823513
batch_01600_patch.tiff,patch_47,26.043121,23.966719,23.307442,24.60692,25.469532
batch_01600_patch.tiff,patch_48,26.850067,23.236656,26.222153,26.003162,25.897387
batch_01600_patch.tiff,patch_49,27.233824,24.666672,24.493185,24.382294,26.801735
batch_01600_patch.tiff,patch_50,25.869785,23.616749,26.715263,24.314035,25.81648
batch_01600_patch.tiff,patch_51,25.192064,22.535528,23.059654,25.512075,23.390043
batch_01600_patch.tiff,patch_52,26.051514,24.704342,22.70534,24.66074,25.15878
batch_01600_patch.tiff,patch_53,26.577728,22.40041,22.038836,25.65986,24.957108
batch_01600_patch.tiff,patch_54,25.329105,23.982111,22.393261,23.712843,25.400627
batch_01600_patch.tiff,patch_55,24.786818,23.709936,22.409958,23.934559,25.403923
batch_01600_patch.tiff,patch_56,26.03103,23.460165,23.720757,25.611864,24.68003
batch_01600_patch.tiff,patch_57,26.639631,23.004509,24.20275,25.462997,25.840807
batch_01600_patch.tiff,patch_58,26.405182,24.138178,26.374613,25.333881,26.518923
batch_01600_patch.tiff,patch_59,25.403915,24.776604,22.689913,25.532911,26.610882
batch_01600_patch.tiff,patch_60,26.16527,23.03777,25.395468,25.243435,24.25446
batch_01600_patch.tiff,patch_61,26.82581,24.417933,25.9242,24.978434,26.282173
batch_01600_patch.tiff,patch_62,25.549397,23.5383,21.521679,25.10391,25.52197
batch_01600_patch.tiff,patch_63,26.445164,23.459743,20.915144,23.396578,25.632233
batch_01600_patch.tiff,patch_64,23.789959,22.597338,20.72457,25.721273,24.365654
batch_01600_patch.tiff,patch_65,23.323046,22.118364,20.809805,24.32308,23.56402
batch_01600_patch.tiff,patch_66,25.92331,23.807224,24.003393,25.984858,24.311148
batch_01600_patch.tiff,patch_67,26.100174,23.58324,25.58681,25.187979,25.855183
batch_01600_patch.tiff,patch_68,24.840492,24.123987,22.90665,24.360283,25.645494
batch_01600_patch.tiff,patch_69,24.535719,23.640497,22.546022,24.343916,24.190805
batch_01600_patch.tiff,patch_70,26.407692,23.601353,24.678009,24.416777,26.316734
batch_01600_patch.tiff,patch_71,26.529793,24.28784,25.697208,24.9606,26.441856
batch_01600_patch.tiff,patch_72,25.49691,22.77116,21.354141,23.583668,25.33237
batch_01600_patch.tiff,patch_73,25.043852,22.744091,21.433994,22.31077,24.900547
batch_01600_patch.tiff,patch_74,27.27663,22.573078,26.04307,25.176706,26.096685
batch_01600_patch.tiff,patch_75,26.271431,24.347275,25.173973,25.425732,25.686687
batch_01600_patch.tiff,patch_76,25.991367,25.189123,26.74927,24.298887,28.764233
batch_01600_patch.tiff,patch_77,26.351624,24.518883,26.120083,23.878485,28.7616
batch_01600_patch.tiff,patch_78,25.514917,22.311554,23.894072,24.577545,24.405905
batch_01600_patch.tiff,patch_79,26.138649,23.481844,25.102787,24.480482,25.632944
batch_01600_patch.tiff,patch_80,24.029396,23.622204,23.436426,23.34305,24.858555
batch_01600_patch.tiff,patch_81,24.649237,23.208044,23.828495,22.923092,24.401299
batch_01600_patch.tiff,patch_82,26.648306,24.008469,25.42337,23.95803,26.008226
batch_01600_patch.tiff,patch_83,26.619593,23.231941,25.687305,25.4855,25.64729
batch_01600_patch.tiff,patch_84,23.77031,21.84738,19.94403,23.537643,25.075817
batch_01600_patch.tiff,patch_85,26.026802,23.507181,23.295206,24.007893,26.766052
batch_01600_patch.tiff,patch_86,26.848825,23.829792,25.13421,24.471376,26.68093
batch_01600_patch.tiff,patch_87,26.175701,24.596478,23.57312,25.14518,26.038895
batch_01600_patch.tiff,patch_88,26.889389,24.055834,25.851034,23.19534,28.892944
batch_01600_patch.tiff,patch_89,25.568167,24.858212,25.981321,22.935951,27.661617
batch_01600_patch.tiff,patch_90,25.57393,22.977882,24.34173,24.555006,24.356998
batch_01600_patch.tiff,patch_91,25.746609,23.702423,24.116682,25.614054,25.398863
batch_01600_patch.tiff,patch_92,25.105106,22.540062,20.673527,25.691254,23.901781
batch_01600_patch.tiff,patch_93,25.02247,23.479244,21.841707,24.272043,25.62028
batch_01600_patch.tiff,patch_94,24.467089,22.478998,24.833479,24.199034,25.620506
batch_01600_patch.tiff,patch_95,24.030733,22.934107,24.898182,24.11109,24.920275
batch_01600_patch.tiff,patch_96,24.628448,22.177465,22.226713,22.580656,25.718805
batch_01600_patch.tiff,patch_97,25.79593,23.471397,22.483456,23.640985,25.938673
batch_01600_patch.tiff,patch_98,24.88241,23.58708,23.496887,23.5753,26.385647
batch_01600_patch.tiff,patch_99,26.741629,23.87267,23.250698,26.024794,25.837284
batch_01600_patch.tiff,patch_100,26.006037,23.659578,25.680935,24.970566,25.256332
batch_01600_patch.tiff,patch_101,25.501102,22.790886,25.213852,24.182232,24.447985
batch_01600_patch.tiff,patch_102,25.115793,22.23643,21.03074,24.20685,23.726416
batch_01600_patch.tiff,patch_103,25.138079,22.259077,21.109503,23.813131,24.434044
batch_01600_patch.tiff,patch_104,24.112516,22.861712,24.42542,22.150795,25.962276
batch_01600_patch.tiff,patch_105,25.601664,22.990269,25.320385,24.344912,25.575891
batch_01600_patch.tiff,patch_106,25.724121,23.618904,22.395407,24.155025,25.786503
batch_01600_patch.tiff,patch_107,24.81972,22.201668,20.956842,24.025896,25.402515
batch_01600_patch.tiff,patch_108,24.703339,23.565348,21.183727,24.652382,24.479647
batch_01600_patch.tiff,patch_109,25.938902,23.905935,21.55043,24.96354,25.640244
batch_01600_patch.tiff,patch_110,24.807343,22.899855,21.39964,23.348072,24.270319
batch_01600_patch.tiff,patch_111,26.015038,23.706766,25.272142,25.277588,25.315899
batch_01600_patch.tiff,patch_112,26.23497,23.430109,26.442091,24.926432,24.735397
batch_01600_patch.tiff,patch_113,25.302797,22.937023,21.07699,24.622446,24.59168
batch_01600_patch.tiff,patch_114,26.55994,23.109076,23.516508,25.559875,25.235462
batch_01600_patch.tiff,patch_115,26.574284,24.989006,24.80659,25.11611,27.717525
batch_01600_patch.tiff,patch_116,26.583662,24.066095,23.736147,25.143394,25.489414
batch_01600_patch.tiff,patch_117,25.778957,21.892807,20.146326,24.902252,24.751736
batch_01600_patch.tiff,patch_118,26.964666,23.441418,24.334684,24.01182,26.362091
batch_01600_patch.tiff,patch_119,25.334324,22.923471,21.611727,23.189945,25.94816
batch_01600_patch.tiff,patch_120,25.142946,23.78724,21.05168,24.623875,24.925112
batch_01600_patch.tiff,patch_121,26.62338,21.745573,21.576347,24.022194,24.342674
batch_01600_patch.tiff,patch_122,25.115852,23.167486,21.438684,25.033146,24.669333
batch_01600_patch.tiff,patch_123,25.259188,22.166857,23.439877,23.279207,25.031467
batch_01600_patch.tiff,patch_124,24.875961,22.232317,24.775747,24.221548,25.161358
batch_01600_patch.tiff,patch_125,25.148573,22.731735,23.105986,24.43213,25.157373
batch_01600_patch.tiff,patch_126,25.407854,22.550228,23.623226,24.489872,25.548784
batch_01600_patch.tiff,patch_127,26.90561,25.248169,23.900124,25.165892,26.744896
batch_01600_patch.tiff,patch_128,26.953558,25.032408,25.10817,24.854307,27.117039
batch_01600_patch.tiff,patch_129,25.54292,23.17054,21.0185,23.511946,25.947554
batch_01600_patch.tiff,patch_130,25.253115,23.293562,21.393572,24.660275,25.378222
batch_01600_patch.tiff,patch_131,25.495722,22.957003,21.954788,23.153866,26.290293
batch_01600_patch.tiff,patch_132,24.897884,23.280197,24.719526,23.10699,27.48893
batch_01600_patch.tiff,patch_133,27.168564,22.620249,21.86565,24.087257,26.105337
batch_01600_patch.tiff,patch_134,26.724983,22.117067,21.943325,24.976269,25.224524
batch_01600_patch.tiff,patch_135,24.8343,22.53516,22.66221,24.628809,25.598253
batch_01600_patch.tiff,patch_136,25.012762,22.714096,22.974585,23.133709,26.06201
batch_01600_patch.tiff,patch_137,26.329636,23.173883,24.873808,24.614882,25.505505
batch_01600_patch.tiff,patch_138,26.112719,22.793213,22.384336,24.710337,25.304861
batch_01600_patch.tiff,patch_139,24.554773,22.22865,22.567116,21.676996,25.22421
batch_01600_patch.tiff,patch_140,25.65731,23.583729,22.578636,24.775473,24.762024
batch_01600_patch.tiff,patch_141,25.270515,23.381725,19.610298,23.935204,24.834661
batch_01600_patch.tiff,patch_142,26.029272,23.757385,23.650417,23.673256,25.50795
batch_01600_patch.tiff,patch_143,25.950586,22.718145,20.812227,25.164349,24.896643
batch_01600_patch.tiff,patch_144,25.84734,22.317024,23.251846,22.356209,25.436108
batch_01600_patch.tiff,patch_145,24.441319,23.69407,25.186283,23.517612,27.084911
batch_01600_patch.tiff,patch_146,24.580368,23.539825,23.528631,22.904827,26.76625
batch_01600_patch.tiff,patch_147,24.871433,23.278646,24.228014,25.313463,25.081305
batch_01600_patch.tiff,patch_148,24.925837,22.326134,21.089409,23.769096,24.53458
batch_01600_patch.tiff,patch_149,26.008583,23.202127,21.77297,23.905447,25.831306
batch_01600_patch.tiff,patch_150,24.94396,22.17683,20.56691,24.265368,24.165161
batch_01600_patch.tiff,patch_151,26.51986,23.409021,24.240313,25.38507,26.062191
batch_01600_patch.tiff,patch_152,25.369535,22.552254,20.072554,21.801922,25.378845
batch_01600_patch.tiff,patch_153,26.428677,22.690977,22.524193,26.034262,24.972158
batch_01600_patch.tiff,patch_154,24.268291,22.924309,22.159191,23.552725,25.383696
batch_01600_patch.tiff,patch_155,24.892443,25.233835,26.14989,24.129025,27.512
batch_01600_patch.tiff,patch_156,25.63967,24.604216,24.791016,23.424002,28.322653
batch_01600_patch.tiff,patch_157,25.780079,22.730919,22.35421,23.246822,26.261889
batch_01600_patch.tiff,patch_158,25.343752,22.105354,23.173002,21.990406,25.431765
batch_01600_patch.tiff,patch_159,24.240936,22.824068,24.02387,25.125998,25.581467
batch_01600_patch.tiff,patch_160,23.306942,22.409813,21.160532,24.502499,24.586557
batch_01600_patch.tiff,patch_161,22.728943,21.110281,19.31912,24.451616,23.510645
batch_01600_patch.tiff,patch_162,22.932163,21.910057,18.51411,24.577965,23.239569
batch_01600_patch.tiff,patch_163,25.939215,22.753561,22.124275,25.184671,24.878628
batch_01600_patch.tiff,patch_164,26.222582,22.481884,18.932692,26.009403,24.705667
batch_01600_patch.tiff,patch_165,24.779644,22.483332,20.974411,23.50484,24.858162
batch_01600_patch.tiff,patch_166,24.75328,22.627909,21.972599,23.443073,24.923264
batch_01650_patch.tiff,patch_0,25.974968,23.882988,25.160986,24.75564,25.85011
batch_01650_patch.tiff,patch_1,25.004362,22.970263,21.128828,25.36042,24.669294
batch_01650_patch.tiff,patch_2,25.900826,22.30019,21.288929,23.40838,25.011497
batch_01650_patch.tiff,patch_3,24.9364,23.538654,22.993193,24.065277,25.03917
batch_01650_patch.tiff,patch_4,25.420153,24.389402,26.008232,23.770035,24.759932
batch_01650_patch.tiff,patch_5,25.860012,22.95511,26.436584,23.668753,25.813513
batch_01650_patch.tiff,patch_6,25.670527,23.451368,23.49193,24.608566,26.479063
batch_01650_patch.tiff,patch_7,26.76169,23.018929,23.226248,24.48249,26.568869
batch_01650_patch.tiff,patch_8,22.53969,23.10975,22.919968,24.535782,25.886635
batch_01650_patch.tiff,patch_9,26.216387,23.279379,25.70507,24.895536,25.578531
batch_01650_patch.tiff,patch_10,26.235807,24.008932,25.03757,25.329966,26.413866
batch_01650_patch.tiff,patch_11,25.223053,22.72811,22.697157,23.643513,25.705292
batch_01650_patch.tiff,patch_12,25.166088,22.798344,21.707788,25.747774,24.439571
batch_01650_patch.tiff,patch_13,25.03605,24.331543,26.708897,22.954294,25.283781
batch_01650_patch.tiff,patch_14,24.381086,22.32823,24.519964,23.215994,25.2617
batch_01650_patch.tiff,patch_15,25.181301,22.03796,24.866407,24.452415,25.036366
batch_01650_patch.tiff,patch_16,24.461845,22.754753,22.723558,24.04164,25.12857
batch_01650_patch.tiff,patch_17,25.615976,22.133118,24.57332,25.044767,25.750917
batch_01650_patch.tiff,patch_18,24.01357,23.694008,23.698112,24.409668,26.291904
batch_01650_patch.tiff,patch_19,26.040474,23.619772,25.38424,24.529865,24.812449
batch_01650_patch.tiff,patch_20,24.852663,23.168089,21.57905,24.913385,24.38967
batch_01650_patch.tiff,patch_21,25.36358,22.354677,21.9678,24.01119,24.197685
batch_01650_patch.tiff,patch_22,26.76292,23.221123,24.6476,25.327318,25.899801
batch_01650_patch.tiff,patch_23,26.735332,22.989956,24.293943,24.622091,24.51639
batch_01650_patch.tiff,patch_24,27.184404,22.486792,26.340027,25.143116,25.052305
batch_01650_patch.tiff,patch_25,24.208761,24.119688,23.998898,23.663336,23.779085
batch_01650_patch.tiff,patch_26,25.84029,22.808168,24.140152,26.011942,24.789785
batch_01650_patch.tiff,patch_27,25.242685,23.754337,23.351677,24.525076,24.293388
batch_01650_patch.tiff,patch_28,25.554121,25.031536,25.594383,23.671602,28.290644
batch_01650_patch.tiff,patch_29,25.153694,23.263315,24.205196,23.133717,27.405083
batch_01650_patch.tiff,patch_30,24.86274,24.359255,25.013546,23.755867,27.02757
batch_01650_patch.tiff,patch_31,26.00601,24.053152,24.009869,25.269997,23.942413
batch_01650_patch.tiff,patch_32,25.782072,23.258383,24.724655,24.593483,25.535429
batch_01650_patch.tiff,patch_33,25.473946,23.706667,23.495615,25.15342,25.341438
batch_01650_patch.tiff,patch_34,25.026226,22.427141,20.803131,23.04837,24.429556
batch_01650_patch.tiff,patch_35,26.569902,23.490059,25.529018,24.927757,24.140905
batch_01650_patch.tiff,patch_36,27.94505,23.05961,26.782051,25.402039,24.776026
batch_01650_patch.tiff,patch_37,24.456797,25.586718,24.55573,23.722744,25.13736
batch_01650_patch.tiff,patch_38,25.34531,23.266933,26.877296,24.541264,25.520727
batch_01650_patch.tiff,patch_39,25.28343,24.129707,24.610117,23.418907,27.98006
batch_01650_patch.tiff,patch_40,24.847889,23.753464,23.466064,23.992783,27.188776
batch_01650_patch.tiff,patch_41,25.558376,25.387987,26.594526,23.576593,28.308653
batch_01650_patch.tiff,patch_42,25.93596,23.785328,23.040785,24.46635,25.134764
batch_01650_patch.tiff,patch_43,25.030083,23.041027,22.992167,25.607946,24.124058
batch_01650_patch.tiff,patch_44,25.759481,25.146132,25.625443,25.209635,28.17485
batch_01650_patch.tiff,patch_45,25.698341,24.735895,25.353489,25.015003,26.846699
batch_01650_patch.tiff,patch_46,25.441154,22.82279,25.448381,24.458244,24.95146
batch_01650_patch.tiff,patch_47,26.187462,22.811144,27.443539,24.558632,26.123625
batch_01650_patch.tiff,patch_48,25.073917,22.669882,22.431831,24.703346,25.284367
batch_01650_patch.tiff,patch_49,25.621643,23.819258,23.394636,24.161434,26.06305
batch_01650_patch.tiff,patch_50,27.27351,22.821838,26.412882,25.554525,24.854042
batch_01650_patch.tiff,patch_51,26.018633,22.285046,23.694517,25.74627,25.405582
batch_01650_patch.tiff,patch_52,26.011822,23.70873,25.213665,25.144878,25.797659
batch_01650_patch.tiff,patch_53,25.08379,23.32649,21.770948,24.521994,24.318243
batch_01650_patch.tiff,patch_54,25.286345,23.381996,22.867043,23.53308,25.613962
batch_01650_patch.tiff,patch_55,26.268124,23.867989,23.66021,24.43796,25.004337
batch_01650_patch.tiff,patch_56,25.927794,24.556402,24.746695,24.852423,27.372272
batch_01650_patch.tiff,patch_57,25.853865,23.335587,23.856073,25.494308,26.2717
batch_01650_patch.tiff,patch_58,25.365507,21.663809,24.920313,22.246664,25.784098
batch_01650_patch.tiff,patch_59,25.833973,22.542692,25.209677,24.285093,25.529133
batch_01650_patch.tiff,patch_60,25.756317,23.0436,23.12658,25.437557,25.600037
batch_01650_patch.tiff,patch_61,27.029833,22.925526,26.673092,25.33513,25.533854
batch_01650_patch.tiff,patch_62,26.446741,22.312073,26.228123,25.398752,25.17107
batch_01650_patch.tiff,patch_63,25.369617,23.569805,22.240309,24.952793,24.758215
batch_01650_patch.tiff,patch_64,25.132902,23.84269,23.319231,24.683355,24.297503
batch_01650_patch.tiff,patch_65,25.166166,24.001554,24.353745,23.644545,25.345675
batch_01650_patch.tiff,patch_66,25.403927,23.622793,24.19545,23.738434,25.699335
batch_01650_patch.tiff,patch_67,25.611519,24.389153,25.66915,25.13145,27.748095
batch_01650_patch.tiff,patch_68,25.458353,23.85677,25.10043,23.69137,26.838903
batch_01650_patch.tiff,patch_69,25.84053,24.087227,23.085272,24.841034,26.002794
batch_01650_patch.tiff,patch_70,25.211222,23.643644,21.3111,24.444262,26.28661
batch_01650_patch.tiff,patch_71,24.377563,22.272955,22.177221,23.574165,25.202312
batch_01650_patch.tiff,patch_72,25.55357,23.360527,23.645903,24.314274,26.108255
batch_01650_patch.tiff,patch_73,27.128685,22.646074,27.433815,25.504158,24.800123
batch_01650_patch.tiff,patch_74,25.566957,22.886415,24.436193,25.039698,25.61703
batch_01650_patch.tiff,patch_75,24.018265,22.994104,20.15961,23.937853,23.770567
batch_01650_patch.tiff,patch_76,23.846632,22.946941,22.066727,24.24091,24.36038
batch_01650_patch.tiff,patch_77,25.227316,25.237225,26.982971,23.62635,27.216368
batch_01650_patch.tiff,patch_78,24.60104,24.376095,24.83202,24.105673,25.493443
batch_01650_patch.tiff,patch_79,25.205872,23.046288,23.50363,24.256132,26.500664
batch_01650_patch.tiff,patch_80,25.201597,24.580841,23.796394,24.697044,27.634487
batch_01650_patch.tiff,patch_81,24.981005,23.214197,21.675852,24.564234,25.187792
batch_01650_patch.tiff,patch_82,25.430052,22.779163,21.765652,24.842834,25.450699
batch_01650_patch.tiff,patch_83,25.568033,23.210573,23.154144,24.01136,24.857504
batch_01650_patch.tiff,patch_84,25.867722,22.411364,22.05095,22.555008,25.33191
batch_01650_patch.tiff,patch_85,27.11223,22.435009,28.300493,25.495556,25.612482
batch_01650_patch.tiff,patch_86,26.809336,22.62642,25.640434,24.89899,25.222918
batch_01650_patch.tiff,patch_87,25.179504,22.88737,22.333954,24.7913,25.216402
batch_01650_patch.tiff,patch_88,23.796934,22.733534,22.538614,23.956123,24.70639
batch_01650_patch.tiff,patch_89,25.741274,22.59643,25.683144,24.273113,23.955599
batch_01650_patch.tiff,patch_90,26.628628,22.86915,25.790789,24.898579,23.234684
batch_01650_patch.tiff,patch_91,26.553543,23.214455,24.367804,25.874853,26.041357
batch_01650_patch.tiff,patch_92,24.323446,22.536634,21.077555,25.263615,25.10349
batch_01650_patch.tiff,patch_93,26.635103,22.667572,24.450106,25.850086,25.209465
batch_01650_patch.tiff,patch_94,26.167845,22.02904,26.537413,25.54971,24.841112
batch_01650_patch.tiff,patch_95,24.89551,23.624699,22.801828,23.986097,26.059958
batch_01650_patch.tiff,patch_96,23.271149,22.728945,20.375391,22.924284,23.713675
batch_01650_patch.tiff,patch_97,25.60489,23.384632,24.556334,24.450182,23.77397
batch_01650_patch.tiff,patch_98,26.783754,23.174532,27.289234,24.122135,25.054895
batch_01650_patch.tiff,patch_99,24.977627,21.988415,21.49115,25.443356,24.365532
batch_01650_patch.tiff,patch_100,25.328707,23.184874,22.701567,23.290262,24.727179
batch_01650_patch.tiff,patch_101,26.100578,22.44856,24.477518,25.878504,24.970543
batch_01650_patch.tiff,patch_102,26.980522,22.726316,26.783789,26.755684,25.887197
batch_01650_patch.tiff,patch_103,26.840607,23.859789,27.418623,25.660107,26.650993
batch_01650_patch.tiff,patch_104,25.927963,22.681356,24.846727,24.457066,25.757444
batch_01650_patch.tiff,patch_105,24.511473,23.099665,22.196293,25.255342,24.35097
batch_01650_patch.tiff,patch_106,24.530626,23.078728,22.924229,24.407265,22.950613
batch_01650_patch.tiff,patch_107,26.21147,22.491138,27.31397,24.47414,24.369513
batch_01650_patch.tiff,patch_108,24.76873,23.21656,21.747883,24.876272,24.395535
batch_01650_patch.tiff,patch_109,25.102139,22.862553,22.288479,24.468288,24.483828
batch_01650_patch.tiff,patch_110,25.438936,23.430092,23.802616,23.805862,26.895046
batch_01650_patch.tiff,patch_111,26.594296,24.319897,25.68495,24.464052,27.233986
batch_01650_patch.tiff,patch_112,26.15703,22.35096,23.398378,25.188063,25.359554
batch_01650_patch.tiff,patch_113,26.535892,22.547337,25.05805,25.954826,25.410023
batch_01650_patch.tiff,patch_114,25.034828,24.49544,27.085835,22.332138,25.835379
batch_01650_patch.tiff,patch_115,25.128796,23.232456,23.553617,25.304075,25.287745
batch_01650_patch.tiff,patch_116,24.19074,23.140427,23.452276,25.301283,25.817076
batch_01650_patch.tiff,patch_117,24.48897,23.325397,24.072006,23.822,23.180971
batch_01650_patch.tiff,patch_118,26.495647,23.029266,29.184391,24.241983,25.519125
batch_01650_patch.tiff,patch_119,25.701914,22.858908,21.10927,23.655134,24.767439
batch_01650_patch.tiff,patch_120,25.062393,22.925993,20.27169,24.808243,23.947752
batch_01650_patch.tiff,patch_121,25.097088,24.935062,24.705898,24.987236,28.314625
batch_01650_patch.tiff,patch_122,25.844341,24.006754,25.003574,24.324043,26.542156
batch_01650_patch.tiff,patch_123,25.284418,21.98271,21.304724,23.891771,25.028608
batch_01650_patch.tiff,patch_124,25.859873,22.318382,23.583103,24.186241,25.827475
batch_01650_patch.tiff,patch_125,25.312704,24.778122,26.898289,22.98099,26.116785
batch_01650_patch.tiff,patch_126,24.554335,23.450058,20.731138,24.586988,24.714916
batch_01650_patch.tiff,patch_127,24.789139,23.141527,24.355843,23.761995,28.245754
batch_01650_patch.tiff,patch_128,24.44055,24.405859,24.504025,23.418516,27.140018
batch_01650_patch.tiff,patch_129,25.135477,23.712122,21.09066,23.750006,26.075722
batch_01650_patch.tiff,patch_130,25.241615,22.57677,20.000856,23.544819,24.589489
batch_01650_patch.tiff,patch_131,24.673141,23.512484,23.878376,24.552675,26.439667
batch_01650_patch.tiff,patch_132,23.650728,22.7858,22.83163,23.553358,26.177437
batch_01650_patch.tiff,patch_133,25.607967,22.235643,22.635748,23.320232,25.592363
batch_01650_patch.tiff,patch_134,25.797337,23.6565,24.446825,24.337269,25.562181
batch_01650_patch.tiff,patch_135,24.081345,24.652897,27.029211,22.879929,24.988344
batch_01650_patch.tiff,patch_136,23.81284,23.280256,22.877262,23.843563,26.391659
batch_01650_patch.tiff,patch_137,24.775892,24.484266,25.281164,23.946665,26.94037
batch_01650_patch.tiff,patch_138,25.099215,23.134295,21.952549,23.169891,24.831617
batch_01650_patch.tiff,patch_139,24.57566,23.109694,22.293495,23.511124,25.03243
batch_01650_patch.tiff,patch_140,24.669693,23.894241,22.83164,24.715084,26.411135
batch_01650_patch.tiff,patch_141,24.61241,23.371971,24.126266,24.610258,27.030945
batch_01650_patch.tiff,patch_142,25.148266,23.490763,24.080208,23.75594,27.179749
batch_01650_patch.tiff,patch_143,25.780725,23.21522,24.22404,25.128187,27.50457
batch_01650_patch.tiff,patch_144,25.699614,25.51956,26.175285,23.52323,25.911787
batch_01650_patch.tiff,patch_145,26.840462,23.774412,25.441145,25.094088,25.720755
batch_01650_patch.tiff,patch_146,26.330673,23.842735,25.86661,24.7625,25.59908
batch_01650_patch.tiff,patch_147,25.45348,23.351336,26.864307,24.302395,25.804369
batch_01650_patch.tiff,patch_148,25.036673,22.473398,19.92438,23.187513,23.95609
batch_01650_patch.tiff,patch_149,25.737896,23.254665,21.66323,23.358986,25.30453
batch_01650_patch.tiff,patch_150,24.374407,23.66768,23.042025,24.389929,27.065258
batch_01650_patch.tiff,patch_151,25.014524,25.043705,23.51134,24.622648,27.120718
batch_01700_patch.tiff,patch_0,24.610153,23.221775,23.91218,23.8431,26.448248
batch_01700_patch.tiff,patch_1,23.921165,24.56756,25.496641,23.791103,27.42196
batch_01700_patch.tiff,patch_2,24.560532,23.261648,24.157206,25.066772,26.632318
batch_01700_patch.tiff,patch_3,26.53784,23.608603,24.875902,25.190985,27.086138
batch_01700_patch.tiff,patch_4,25.13757,22.965456,22.998058,25.800781,26.480316
batch_01700_patch.tiff,patch_5,25.125904,23.468903,23.550344,25.541533,26.848612
batch_01700_patch.tiff,patch_6,26.340143,24.227076,24.20411,25.352613,26.457994
batch_01700_patch.tiff,patch_7,26.105402,23.912766,25.041777,24.273098,27.646862
batch_01700_patch.tiff,patch_8,26.47258,24.913681,25.946978,24.605267,27.645483
batch_01700_patch.tiff,patch_9,26.006968,23.153347,25.970524,23.541496,27.287788
batch_01700_patch.tiff,patch_10,23.986122,24.316313,22.54398,23.842823,26.797827
batch_01700_patch.tiff,patch_11,25.605997,25.574133,26.00857,22.431799,27.778376
batch_01700_patch.tiff,patch_12,26.79539,23.46417,27.419044,23.722525,28.577665
batch_01700_patch.tiff,patch_13,25.16827,23.860071,23.423885,23.263918,27.043123
batch_01700_patch.tiff,patch_14,24.81141,23.834085,23.914305,24.085243,26.657
batch_01700_patch.tiff,patch_15,25.212729,24.101822,23.059296,24.614038,27.005447
batch_01700_patch.tiff,patch_16,26.88905,24.596575,25.933905,24.699583,27.378374
batch_01700_patch.tiff,patch_17,26.637512,23.378914,25.576365,24.24377,26.919022
batch_01700_patch.tiff,patch_18,26.394896,24.609888,24.893389,24.915247,27.717539
batch_01700_patch.tiff,patch_19,26.967293,24.47992,26.80678,25.097717,27.317242
batch_01700_patch.tiff,patch_20,26.234953,23.505611,26.717623,24.535568,26.967617
batch_01700_patch.tiff,patch_21,27.094294,24.335287,27.547325,24.23591,28.245642
batch_01700_patch.tiff,patch_22,26.114464,25.215784,25.28158,23.745634,27.41087
batch_01700_patch.tiff,patch_23,26.290386,23.977205,23.941364,25.34825,25.885878
batch_01700_patch.tiff,patch_24,24.830374,24.650852,24.526316,23.412392,26.862442
batch_01700_patch.tiff,patch_25,25.851295,22.821516,27.114172,24.231068,26.19349
batch_01700_patch.tiff,patch_26,24.569029,23.536516,24.626093,23.788092,27.153389
batch_01700_patch.tiff,patch_27,25.014389,23.17192,23.543226,24.888271,26.018278
batch_01700_patch.tiff,patch_28,26.351213,24.51167,24.782633,25.115223,27.38124
batch_01700_patch.tiff,patch_29,25.693184,24.27771,23.270748,24.245544,26.278093
batch_01700_patch.tiff,patch_30,26.293348,24.869572,24.556536,24.355858,27.826529
batch_01700_patch.tiff,patch_31,25.425112,24.153881,24.093534,24.135256,27.029665
batch_01700_patch.tiff,patch_32,24.81604,24.633568,24.480663,23.927532,27.970654
batch_01700_patch.tiff,patch_33,25.28268,24.211128,24.401493,25.710127,26.601345
batch_01700_patch.tiff,patch_34,26.156828,24.896347,26.020447,24.571587,27.815487
batch_01700_patch.tiff,patch_35,26.97444,23.769096,26.15323,24.151936,27.58735
batch_01700_patch.tiff,patch_36,25.677486,24.273403,25.072088,24.938633,26.862278
batch_01700_patch.tiff,patch_37,24.89132,23.412401,25.052914,24.136179,26.419424
batch_01700_patch.tiff,patch_38,25.843483,23.129686,23.495346,24.787018,25.568844
batch_01700_patch.tiff,patch_39,25.305622,24.085949,24.763174,23.403543,27.25324
batch_01700_patch.tiff,patch_40,26.144442,26.227053,25.860943,24.406784,28.588102
batch_01700_patch.tiff,patch_41,25.910004,25.48926,24.619648,23.750433,27.495785
batch_01700_patch.tiff,patch_42,25.760105,25.119005,23.822002,24.271141,26.653486
batch_01700_patch.tiff,patch_43,24.362602,22.979803,22.500807,24.823797,25.756546
batch_01700_patch.tiff,patch_44,24.559635,23.91083,22.072886,24.886047,26.21884
batch_01700_patch.tiff,patch_45,25.859774,25.284462,25.23297,24.562414,27.497353
batch_01700_patch.tiff,patch_46,25.867062,23.232468,24.874445,25.431059,26.021229
batch_01700_patch.tiff,patch_47,26.897633,24.29314,26.072872,24.714886,26.782064
batch_01700_patch.tiff,patch_48,24.261864,24.48453,22.017456,24.602665,24.996834
batch_01700_patch.tiff,patch_49,25.119162,24.064837,22.797024,24.512835,26.581583
batch_01700_patch.tiff,patch_50,25.55377,23.612326,25.073248,24.685919,27.274609
batch_01700_patch.tiff,patch_51,25.62633,23.642601,26.77063,25.035517,27.38067
batch_01700_patch.tiff,patch_52,26.471529,23.844652,25.422241,24.73841,26.722511
batch_01700_patch.tiff,patch_53,26.178339,24.967634,24.630293,23.54112,28.14414
batch_01700_patch.tiff,patch_54,24.626581,23.758308,23.27,23.479609,26.02453
batch_01700_patch.tiff,patch_55,24.445171,24.588884,22.522202,24.708246,26.660757
batch_01700_patch.tiff,patch_56,22.981455,22.12389,21.570112,24.929527,25.254576
batch_01700_patch.tiff,patch_57,25.703009,23.36269,25.79796,25.70984,26.58455
batch_01700_patch.tiff,patch_58,26.363966,24.497385,25.679495,25.071375,27.225922
batch_01700_patch.tiff,patch_59,27.133486,25.39672,26.071922,24.790863,26.61719
batch_01700_patch.tiff,patch_60,25.170988,25.287844,24.872116,24.607964,27.168274
batch_01700_patch.tiff,patch_61,27.137962,23.915474,25.551878,24.676096,27.902397
batch_01700_patch.tiff,patch_62,25.392948,23.400314,24.876602,24.724628,27.033398
batch_01700_patch.tiff,patch_63,26.949741,23.510353,27.78413,24.720182,27.133856
batch_01700_patch.tiff,patch_64,26.022242,22.435757,24.907572,23.679457,27.091284
batch_01700_patch.tiff,patch_65,24.383345,23.369423,24.300003,23.671656,26.238924
batch_01700_patch.tiff,patch_66,24.830805,24.303867,23.627584,24.193787,27.213196
batch_01700_patch.tiff,patch_67,25.567122,24.612213,24.127909,24.267542,26.821436
batch_01700_patch.tiff,patch_68,24.074396,22.916412,22.30111,24.758356,25.544683
batch_01700_patch.tiff,patch_69,26.405634,23.735632,27.128498,24.599718,26.807081
batch_01700_patch.tiff,patch_70,26.373423,24.081991,27.795238,24.888271,27.731884
batch_01700_patch.tiff,patch_71,27.821909,25.970314,26.610044,24.958452,28.573994
batch_01700_patch.tiff,patch_72,25.429739,24.337648,24.92359,23.855976,26.125685
batch_01700_patch.tiff,patch_73,24.912926,23.714518,24.553627,23.738272,26.782917
batch_01700_patch.tiff,patch_74,25.45015,22.6668,25.60057,23.552053,26.834846
batch_01700_patch.tiff,patch_75,25.536009,24.241251,26.070929,23.952477,27.201
batch_01700_patch.tiff,patch_76,26.286034,24.98619,24.920006,25.03073,28.0326
batch_01700_patch.tiff,patch_77,25.432247,23.742731,23.91891,23.914312,26.522072
batch_01700_patch.tiff,patch_78,26.277882,24.684204,24.589693,23.743427,27.9955
batch_01700_patch.tiff,patch_79,26.066101,23.109777,27.349277,23.769888,26.592201
batch_01700_patch.tiff,patch_80,26.80864,24.3496,27.114717,24.588263,28.016367
batch_01700_patch.tiff,patch_81,25.638662,23.391207,27.597895,24.33459,26.95884
batch_01700_patch.tiff,patch_82,25.324974,23.262772,25.698309,25.06866,26.404514
batch_01700_patch.tiff,patch_83,26.499481,23.159538,26.882942,24.341206,27.458355
batch_01700_patch.tiff,patch_84,26.628414,23.878166,26.29635,25.392376,26.422413
batch_01700_patch.tiff,patch_85,23.990093,23.322275,22.93843,24.198019,25.87546
batch_01700_patch.tiff,patch_86,24.740847,23.13146,23.596834,25.22943,25.726974
batch_01700_patch.tiff,patch_87,27.18096,24.012686,27.365131,24.59357,28.304518
batch_01700_patch.tiff,patch_88,26.424469,25.490509,25.34056,24.85821,27.260334
batch_01700_patch.tiff,patch_89,25.276255,23.759111,23.007097,24.1876,25.950188
batch_01700_patch.tiff,patch_90,25.109539,23.85258,22.880226,24.301592,26.353489
batch_01700_patch.tiff,patch_91,25.26784,23.985767,24.362616,25.282051,27.38693
batch_01700_patch.tiff,patch_92,26.301338,24.467304,24.220057,24.207857,27.490147
batch_01700_patch.tiff,patch_93,25.70689,23.45,27.000555,24.789192,26.763014
batch_01700_patch.tiff,patch_94,24.390299,23.701847,26.34992,24.746574,27.276754
batch_01700_patch.tiff,patch_95,27.13085,23.123615,27.781672,24.831059,26.900412
batch_01700_patch.tiff,patch_96,26.637278,23.31648,27.347595,24.589167,27.71461
batch_01700_patch.tiff,patch_97,25.219994,23.933556,23.74315,24.259457,26.898281
batch_01700_patch.tiff,patch_98,24.95572,23.55959,24.8323,24.126974,26.164612
batch_01700_patch.tiff,patch_99,24.77144,23.770967,24.725475,23.744678,27.328053
batch_01700_patch.tiff,patch_100,24.78674,24.446754,23.753006,24.193047,27.275717
batch_01700_patch.tiff,patch_101,26.008728,23.542059,23.222515,22.961456,26.237528
batch_01700_patch.tiff,patch_102,25.98341,23.953936,22.829702,23.882553,25.822065
batch_01700_patch.tiff,patch_103,24.279877,23.272936,23.360794,24.85974,25.865063
batch_01700_patch.tiff,patch_104,23.807596,23.977613,23.49197,24.505829,26.485079
batch_01700_patch.tiff,patch_105,25.702177,22.919678,25.56885,24.649736,25.813414
batch_01700_patch.tiff,patch_106,26.447334,23.944122,25.983034,25.421925,27.245272
batch_01700_patch.tiff,patch_107,26.455414,24.373306,26.393183,24.780138,27.010992
batch_01700_patch.tiff,patch_108,26.263176,24.612125,25.383823,24.130444,27.431313
batch_01700_patch.tiff,patch_109,25.743097,24.014868,24.650858,24.239172,26.56358
batch_01700_patch.tiff,patch_110,25.649931,23.7102,24.021227,24.678366,26.438385
batch_01700_patch.tiff,patch_111,26.116133,24.832964,24.861261,24.970488,27.948105
batch_01700_patch.tiff,patch_112,24.230013,23.170277,22.349876,24.341787,26.226105
batch_01700_patch.tiff,patch_113,25.991982,23.71051,24.597572,24.833685,26.362217
batch_01700_patch.tiff,patch_114,26.44679,25.54369,25.113018,23.840017,27.981314
batch_01700_patch.tiff,patch_115,26.39539,23.392857,25.37325,26.576889,26.452671
batch_01700_patch.tiff,patch_116,25.791391,23.351439,24.34053,25.444384,25.628849
batch_01700_patch.tiff,patch_117,25.81558,23.302294,27.058212,24.534313,27.315826
batch_01700_patch.tiff,patch_118,25.260883,23.332132,26.372763,24.718977,27.043873
batch_01700_patch.tiff,patch_119,26.558088,25.052755,24.98998,24.52538,27.776917
batch_01700_patch.tiff,patch_120,25.156813,24.022425,23.386248,24.673311,26.097878
batch_01700_patch.tiff,patch_121,25.839327,24.282202,24.422634,24.396725,27.492172
batch_01700_patch.tiff,patch_122,25.59315,23.623854,23.437248,23.649445,27.046364
batch_01700_patch.tiff,patch_123,27.044462,23.553427,28.926971,24.468443,27.340197
batch_01700_patch.tiff,patch_124,26.111725,23.247454,24.502827,26.361277,25.996431
batch_01700_patch.tiff,patch_125,26.18884,22.288176,28.112087,23.754543,25.892115
batch_01700_patch.tiff,patch_126,25.041433,24.558756,24.784233,24.815329,27.58659
batch_01700_patch.tiff,patch_127,25.171171,23.739843,24.377792,25.862844,26.122044
batch_01700_patch.tiff,patch_128,25.684069,25.118711,25.035255,24.377108,27.4213
batch_01700_patch.tiff,patch_129,26.04195,23.710472,27.107237,25.31576,27.437935
batch_01700_patch.tiff,patch_130,25.8408,24.682364,26.414068,25.596643,28.83273
batch_01700_patch.tiff,patch_131,26.167751,23.783607,28.102585,24.818897,26.608244
batch_01700_patch.tiff,patch_132,26.594213,25.228168,25.546532,24.809555,27.68265
batch_01700_patch.tiff,patch_133,24.180714,22.79478,23.497187,25.196407,25.366388
batch_01700_patch.tiff,patch_134,26.102106,23.548363,25.45102,24.119257,27.135157
batch_01700_patch.tiff,patch_135,27.578419,23.872152,26.785315,26.070187,27.427197
batch_01700_patch.tiff,patch_136,25.51603,23.918104,24.664143,24.42939,26.976864
batch_01700_patch.tiff,patch_137,25.682764,23.207615,28.022848,24.611622,27.568186
batch_01700_patch.tiff,patch_138,26.211119,23.395449,28.54763,23.831326,27.634924
batch_01700_patch.tiff,patch_139,23.848072,23.797098,21.897423,24.545774,25.381617
batch_01700_patch.tiff,patch_140,23.75268,23.28851,21.406054,24.187412,25.000372
batch_01700_patch.tiff,patch_141,26.041958,23.998203,26.463814,24.402695,28.052881
batch_01700_patch.tiff,patch_142,26.305593,24.385883,25.834229,25.90365,27.54342
batch_01700_patch.tiff,patch_143,25.791458,23.656807,26.049698,24.717838,25.777811
batch_01700_patch.tiff,patch_144,27.461205,24.944456,26.390057,24.675898,28.062538
batch_01700_patch.tiff,patch_145,25.520536,23.52713,25.577496,24.060091,27.726469
batch_01700_patch.tiff,patch_146,25.023817,23.947235,23.428902,24.23923,26.489285
batch_01700_patch.tiff,patch_147,27.20153,24.79774,26.265442,25.220793,27.44585
batch_01700_patch.tiff,patch_148,25.368282,24.306559,22.777374,23.991241,26.945826
batch_01700_patch.tiff,patch_149,25.509163,23.433096,23.456152,25.379284,26.36287
batch_01700_patch.tiff,patch_150,24.89426,24.330029,24.541742,25.477036,27.191568
batch_01700_patch.tiff,patch_151,23.071432,23.379316,21.453224,24.013283,25.558405
batch_01700_patch.tiff,patch_152,24.452208,24.26084,22.636984,24.339329,26.794662
batch_01700_patch.tiff,patch_153,26.220839,23.998468,27.198725,24.438639,28.107279
batch_01700_patch.tiff,patch_154,25.999214,24.05665,27.161598,24.815748,27.584538
batch_01700_patch.tiff,patch_155,26.92642,24.661772,28.335085,24.94467,27.363672
batch_01700_patch.tiff,patch_156,24.915241,24.210045,24.016369,24.692537,25.940193
batch_01700_patch.tiff,patch_157,24.751741,23.715559,23.270603,25.027601,26.923786
batch_01700_patch.tiff,patch_158,25.5282,24.441622,22.783941,24.82441,26.238327
batch_01700_patch.tiff,patch_159,25.016113,23.518534,23.293467,24.13914,26.035295
batch_01700_patch.tiff,patch_160,25.276762,23.334145,22.937176,25.170109,25.290009
batch_01700_patch.tiff,patch_161,24.29611,23.830547,23.213526,24.874784,27.289427
batch_01700_patch.tiff,patch_162,25.760494,23.685637,24.39125,25.732428,26.747421
batch_01700_patch.tiff,patch_163,24.134436,23.5156,22.46968,25.524797,24.684
batch_01700_patch.tiff,patch_164,25.807648,23.971249,25.506405,24.250265,27.063738
batch_01700_patch.tiff,patch_165,25.187132,24.66395,24.899422,24.992018,26.397354
batch_01700_patch.tiff,patch_166,25.149832,24.697218,27.018959,24.96024,27.414043
batch_01700_patch.tiff,patch_167,25.813824,24.675827,27.66776,25.968283,27.096054
batch_01700_patch.tiff,patch_168,25.814596,24.701975,24.904144,25.300652,28.525705
batch_01700_patch.tiff,patch_169,24.858786,23.552135,22.69623,25.174011,27.068642
batch_01700_patch.tiff,patch_170,24.692543,24.078207,23.09438,24.072636,26.517214
batch_01700_patch.tiff,patch_171,26.523418,23.626743,25.30894,23.972971,27.191948
batch_01700_patch.tiff,patch_172,24.88066,23.150229,23.784098,25.224417,26.752655
batch_01700_patch.tiff,patch_173,23.512844,22.507866,22.245762,24.911661,25.63573
batch_01700_patch.tiff,patch_174,25.994406,24.635466,24.218594,24.543573,26.73756
batch_01700_patch.tiff,patch_175,24.855839,22.744314,24.725199,25.496357,25.476685
batch_01700_patch.tiff,patch_176,25.87477,23.848478,25.39171,24.593557,26.346016
batch_01700_patch.tiff,patch_177,25.614954,23.898901,25.357838,24.564703,27.044886
batch_01700_patch.tiff,patch_178,27.36852,24.298187,25.826756,25.357542,27.438787
batch_01700_patch.tiff,patch_179,26.720028,24.71963,25.882654,24.071697,27.939611
batch_01700_patch.tiff,patch_180,26.635519,24.051485,24.935669,25.0144,27.292032
batch_01750_patch.tiff,patch_0,25.607815,23.86787,24.51208,23.890282,27.896559
batch_01750_patch.tiff,patch_1,24.395138,24.041174,24.500315,24.214598,27.017935
batch_01750_patch.tiff,patch_2,25.877672,23.780714,24.7954,25.498245,26.58787
batch_01750_patch.tiff,patch_3,26.646772,23.42403,26.80039,24.971434,26.471922
batch_01750_patch.tiff,patch_4,25.388557,24.768057,26.407974,22.572977,28.475304
batch_01750_patch.tiff,patch_5,24.886463,24.897568,24.374866,23.791431,27.777225
batch_01750_patch.tiff,patch_6,25.387545,24.630709,23.6765,24.905693,25.260824
batch_01750_patch.tiff,patch_7,25.89395,25.64617,27.302605,23.762241,28.215828
batch_01750_patch.tiff,patch_8,26.145735,24.350803,25.868313,24.5995,27.024303
batch_01750_patch.tiff,patch_9,27.03486,25.513578,25.37197,24.923073,27.605106
batch_01750_patch.tiff,patch_10,25.706232,23.556124,26.732315,23.52456,28.521698
batch_01750_patch.tiff,patch_11,25.153278,24.534277,25.781126,24.503057,27.561535
batch_01750_patch.tiff,patch_12,25.388952,24.055883,24.078289,23.508339,27.308037
batch_01750_patch.tiff,patch_13,26.09531,23.90328,24.574118,24.651176,27.272139
batch_01750_patch.tiff,patch_14,26.958687,23.527256,28.027,26.190878,26.303028
batch_01750_patch.tiff,patch_15,24.851696,24.899986,24.78519,23.223747,27.29753
batch_01750_patch.tiff,patch_16,26.327862,24.970476,27.269512,23.783298,28.281544
batch_01750_patch.tiff,patch_17,24.797707,23.864851,23.758945,23.585863,26.671328
batch_01750_patch.tiff,patch_18,25.932817,25.17127,25.678905,24.443527,27.778193
batch_01750_patch.tiff,patch_19,26.288242,24.395252,24.698854,24.934448,26.615608
batch_01750_patch.tiff,patch_20,25.616655,24.64283,26.29237,23.865232,26.91335
batch_01750_patch.tiff,patch_21,25.959244,24.78933,26.613909,24.962898,27.042492
batch_01750_patch.tiff,patch_22,25.468143,23.111795,26.478542,24.861666,26.710117
batch_01750_patch.tiff,patch_23,25.074942,24.057417,24.949633,23.76205,26.412289
batch_01750_patch.tiff,patch_24,24.382761,23.455172,22.949158,23.680807,25.518522
batch_01750_patch.tiff,patch_25,24.440786,24.329203,24.497572,23.85565,27.159544
batch_01750_patch.tiff,patch_26,26.516283,25.285355,27.052704,23.933071,28.020636
batch_01750_patch.tiff,patch_27,24.963024,24.43063,24.095568,24.135048,26.439304
batch_01750_patch.tiff,patch_28,25.863201,24.55747,24.625525,25.028728,27.380934
batch_01750_patch.tiff,patch_29,26.818058,24.74734,26.346987,24.513357,28.314898
batch_01750_patch.tiff,patch_30,27.094652,25.161627,26.082958,24.70313,28.054394
batch_01750_patch.tiff,patch_31,26.267546,24.830893,26.61776,24.81812,26.855768
batch_01750_patch.tiff,patch_32,26.3421,23.937271,25.49985,25.333614,27.209106
batch_01750_patch.tiff,patch_33,24.962559,23.19329,24.05262,24.776861,27.182014
batch_01750_patch.tiff,patch_34,24.791077,24.796186,25.939133,23.976475,28.31346
batch_01750_patch.tiff,patch_35,25.75179,23.17677,24.401844,24.42506,27.032352
batch_01750_patch.tiff,patch_36,24.533674,23.57146,22.700747,24.148952,26.473835
batch_01750_patch.tiff,patch_37,25.265713,24.604269,24.618593,24.346325,27.67737
batch_01750_patch.tiff,patch_38,25.581203,24.472614,24.985043,23.5373,27.79018
batch_01750_patch.tiff,patch_39,26.138508,25.379124,26.30239,23.58094,27.540897
batch_01750_patch.tiff,patch_40,24.809057,25.332474,26.425093,23.019642,28.189798
batch_01750_patch.tiff,patch_41,26.007383,24.511265,26.05128,25.678955,27.231024
batch_01750_patch.tiff,patch_42,25.670336,25.138136,24.719526,24.288906,28.17801
batch_01750_patch.tiff,patch_43,25.133385,24.572987,24.002714,25.257973,25.863562
batch_01750_patch.tiff,patch_44,26.120329,24.102644,26.044386,24.824366,27.492266
batch_01750_patch.tiff,patch_45,25.673113,23.109343,24.14463,24.50149,25.548777
batch_01750_patch.tiff,patch_46,25.409424,23.483612,24.907598,24.677052,25.16252
batch_01750_patch.tiff,patch_47,24.554157,23.117216,23.570932,24.588932,25.918352
batch_01750_patch.tiff,patch_48,25.646208,23.930481,25.87294,23.938696,26.768177
batch_01750_patch.tiff,patch_49,26.139164,23.745039,24.414543,24.984358,26.924044
batch_01750_patch.tiff,patch_50,24.971395,24.096958,24.01948,23.782593,26.450926
batch_01750_patch.tiff,patch_51,24.7736,25.150446,26.701426,23.647984,27.273417
batch_01750_patch.tiff,patch_52,25.668728,25.077179,27.50215,24.74333,28.25317
batch_01750_patch.tiff,patch_53,25.061756,24.965216,25.30218,24.44183,27.859798
batch_01750_patch.tiff,patch_54,25.103851,24.593193,23.660166,23.968964,28.02278
batch_01750_patch.tiff,patch_55,24.986723,24.972124,25.615025,23.234884,26.952488
batch_01750_patch.tiff,patch_56,26.475718,25.465935,27.27472,24.38572,28.238928
batch_01750_patch.tiff,patch_57,25.958767,24.524822,23.5429,24.587658,26.900402
batch_01750_patch.tiff,patch_58,24.689486,23.535742,24.09105,23.320524,25.563686
batch_01750_patch.tiff,patch_59,24.892328,23.465511,23.728863,24.166122,25.61715
batch_01750_patch.tiff,patch_60,24.905811,23.845541,25.064165,23.798096,27.525797
batch_01750_patch.tiff,patch_61,24.208256,22.854095,22.502329,24.30108,25.826363
batch_01750_patch.tiff,patch_62,24.433575,24.073235,23.63864,23.219223,26.30436
batch_01750_patch.tiff,patch_63,25.013027,24.439453,23.927395,23.4934,26.167114
batch_01750_patch.tiff,patch_64,24.867449,23.583916,23.633505,24.232471,27.308828
batch_01750_patch.tiff,patch_65,26.575266,25.336388,26.89785,24.874506,28.679499
batch_01750_patch.tiff,patch_66,24.560043,23.627897,24.632034,23.625982,27.576136
batch_01750_patch.tiff,patch_67,24.140839,23.925812,23.848007,23.62866,27.394552
batch_01750_patch.tiff,patch_68,25.347475,24.866976,24.357805,24.597353,27.948204
batch_01750_patch.tiff,patch_69,25.88533,25.32867,24.409466,23.61518,27.904596
batch_01750_patch.tiff,patch_70,24.65612,23.741478,23.771292,24.831589,26.337585
batch_01750_patch.tiff,patch_71,27.108305,23.64389,26.589718,25.124323,28.114494
batch_01750_patch.tiff,patch_72,24.723288,23.945215,23.096167,24.24147,26.66907
batch_01750_patch.tiff,patch_73,24.910019,23.541546,23.54698,23.984234,27.2445
batch_01750_patch.tiff,patch_74,25.178825,23.60047,24.510374,24.255817,27.879362
batch_01750_patch.tiff,patch_75,27.300251,23.773325,28.054798,25.465822,26.92277
batch_01750_patch.tiff,patch_76,26.501759,25.23551,26.159475,24.69097,28.822342
batch_01750_patch.tiff,patch_77,26.037373,25.47025,24.555817,24.237888,27.378576
batch_01750_patch.tiff,patch_78,24.01206,23.334984,23.644346,23.191393,26.757816
batch_01750_patch.tiff,patch_79,26.006067,24.785997,25.400362,23.774153,28.389765
batch_01750_patch.tiff,patch_80,25.915817,22.995916,27.599241,24.189098,26.925108
batch_01750_patch.tiff,patch_81,25.657782,24.486557,24.943241,24.78954,27.68756
batch_01750_patch.tiff,patch_82,24.890213,23.26988,23.745628,24.365591,25.659298
batch_01750_patch.tiff,patch_83,26.866146,23.836374,25.789917,24.867622,26.956024
batch_01750_patch.tiff,patch_84,25.394089,25.503824,25.529112,23.631527,28.074907
batch_01750_patch.tiff,patch_85,25.384907,24.143349,23.953363,23.68964,26.893059
batch_01750_patch.tiff,patch_86,26.331835,23.888542,28.155758,23.912605,27.614471
batch_01750_patch.tiff,patch_87,27.07346,24.001055,27.800077,25.23795,27.058958
batch_01750_patch.tiff,patch_88,25.97297,25.00206,26.449015,24.55673,27.84376
batch_01750_patch.tiff,patch_89,25.383818,24.588827,24.848312,24.81842,27.521004
batch_01750_patch.tiff,patch_90,24.166668,23.711838,23.943253,23.49465,26.824617
batch_01750_patch.tiff,patch_91,25.620817,24.925306,24.477554,24.487364,27.231188
batch_01750_patch.tiff,patch_92,26.23253,22.784027,27.37657,23.45036,26.835613
batch_01750_patch.tiff,patch_93,25.566463,23.937077,24.985195,24.10088,26.7924
batch_01750_patch.tiff,patch_94,23.976263,23.097013,23.190083,24.558409,24.99712
batch_01750_patch.tiff,patch_95,24.988834,24.069473,25.021498,23.567692,26.208223
batch_01750_patch.tiff,patch_96,24.342703,23.249166,22.155096,23.478262,25.754023
batch_01750_patch.tiff,patch_97,24.436338,23.850412,22.427185,23.891165,26.173374
batch_01750_patch.tiff,patch_98,25.77265,23.729658,25.979425,23.692678,27.985798
batch_01750_patch.tiff,patch_99,24.726143,24.293097,24.894085,23.44678,28.534307
batch_01750_patch.tiff,patch_100,26.874937,24.037716,26.066456,24.456032,28.341152
batch_01750_patch.tiff,patch_101,25.240707,24.75098,25.330343,25.096403,28.644098
batch_01750_patch.tiff,patch_102,26.66122,25.159315,24.810635,24.235144,27.610603
batch_01750_patch.tiff,patch_103,25.78695,24.888302,24.768003,24.209848,27.859499
batch_01750_patch.tiff,patch_104,25.481617,24.617908,25.318129,24.743084,28.36285
batch_01750_patch.tiff,patch_105,25.566196,25.047516,25.389647,25.057907,28.152319
batch_01750_patch.tiff,patch_106,24.967854,24.3917,24.738552,23.828949,25.874002
batch_01750_patch.tiff,patch_107,24.25297,23.145086,22.86529,23.765873,25.50171
batch_01750_patch.tiff,patch_108,26.276886,23.567778,24.592878,24.485882,27.27085
batch_01750_patch.tiff,patch_109,25.488682,24.85683,23.887354,23.784458,26.87074
batch_01750_patch.tiff,patch_110,25.605822,24.457556,26.021624,22.172861,28.469116
batch_01750_patch.tiff,patch_111,25.095228,24.317406,24.093851,24.253134,27.953444
batch_01750_patch.tiff,patch_112,26.11339,24.621155,26.626015,24.395144,28.295284
batch_01750_patch.tiff,patch_113,26.193047,25.367096,25.068989,25.076979,28.757921
batch_01750_patch.tiff,patch_114,24.988567,23.911224,24.827888,24.099691,26.193375
batch_01750_patch.tiff,patch_115,25.45689,23.932657,24.725367,23.939304,27.635828
batch_01750_patch.tiff,patch_116,25.680466,22.992188,27.170506,24.280237,26.622309
batch_01750_patch.tiff,patch_117,25.880432,23.615309,26.551111,24.584831,27.029633
batch_01750_patch.tiff,patch_118,26.98889,24.780209,25.714933,25.48822,27.00848
batch_01750_patch.tiff,patch_119,25.537066,24.11464,22.79741,24.912865,26.403383
batch_01750_patch.tiff,patch_120,26.27839,23.911343,22.583063,24.223919,27.302244
batch_01750_patch.tiff,patch_121,25.527954,24.111502,23.317589,24.479813,26.99225
batch_01750_patch.tiff,patch_122,25.1096,23.727167,24.26955,23.73663,27.430717
batch_01750_patch.tiff,patch_123,24.88607,23.629362,25.107197,22.612984,27.27232
batch_01750_patch.tiff,patch_124,25.606133,24.61794,22.67004,24.933699,26.02307
batch_01750_patch.tiff,patch_125,26.085657,25.045553,26.195724,24.236364,26.904896
batch_01750_patch.tiff,patch_126,24.812923,24.931948,25.294674,24.49049,27.49844
batch_01750_patch.tiff,patch_127,26.221632,25.079731,26.378435,24.218689,28.428032
batch_01750_patch.tiff,patch_128,26.136345,24.802235,25.91724,23.970776,28.518545
batch_01750_patch.tiff,patch_129,26.464622,22.7801,26.484724,24.075115,27.832191
batch_01750_patch.tiff,patch_130,25.378326,24.562874,24.6128,24.682434,27.069126
batch_01750_patch.tiff,patch_131,24.66885,24.312714,22.521776,24.213444,26.471441
batch_01750_patch.tiff,patch_132,26.653618,25.532614,25.421907,24.17684,27.737806
batch_01750_patch.tiff,patch_133,26.126892,23.8809,23.305723,24.186245,26.802557
batch_01750_patch.tiff,patch_134,25.637653,24.674545,25.352951,23.300526,28.078285
batch_01750_patch.tiff,patch_135,25.840076,24.812256,26.443851,23.601763,28.241322
batch_01750_patch.tiff,patch_136,26.026962,24.882444,24.03204,25.474854,26.097107
batch_01750_patch.tiff,patch_137,25.129902,23.835573,23.388447,24.737797,27.584589
batch_01750_patch.tiff,patch_138,24.621527,23.824385,24.214165,24.347813,26.361753
batch_01750_patch.tiff,patch_139,24.45293,24.489878,24.67713,23.525333,26.971783
batch_01750_patch.tiff,patch_140,25.755373,23.768003,26.742674,24.400751,27.530148
batch_01750_patch.tiff,patch_141,26.213268,23.954573,26.015995,25.050747,27.05861
batch_01750_patch.tiff,patch_142,24.912724,24.573753,24.804941,24.263153,26.933655
batch_01750_patch.tiff,patch_143,25.679564,24.412153,24.98821,24.291796,27.245667
batch_01750_patch.tiff,patch_144,26.525438,24.908106,25.314415,23.578045,27.690496
batch_01750_patch.tiff,patch_145,25.722967,24.274397,24.45848,23.803438,26.027948
batch_01750_patch.tiff,patch_146,25.42661,24.445917,25.951403,23.09701,27.836403
batch_01750_patch.tiff,patch_147,25.11871,24.330835,25.715853,24.550404,27.955328
batch_01750_patch.tiff,patch_148,27.569824,24.024456,26.642628,24.915281,27.365816
batch_01750_patch.tiff,patch_149,25.01251,23.511969,24.628174,24.280865,27.617207
batch_01750_patch.tiff,patch_150,24.379278,23.625532,22.50536,23.731012,25.874634
batch_01750_patch.tiff,patch_151,24.746134,24.619144,23.296206,24.16386,26.527973
batch_01750_patch.tiff,patch_152,26.313192,24.370432,26.103065,24.98308,27.958168
batch_01750_patch.tiff,patch_153,25.088547,23.759798,25.309593,24.161673,27.57277
batch_01750_patch.tiff,patch_154,26.138401,24.449163,26.022331,24.94454,26.8919
batch_01750_patch.tiff,patch_155,24.034979,24.002268,22.502638,24.275051,26.262913
batch_01750_patch.tiff,patch_156,24.89249,23.989695,23.277414,25.136028,26.866234
batch_01750_patch.tiff,patch_157,25.434397,22.800762,23.330318,24.29001,26.05555
batch_01750_patch.tiff,patch_158,25.622423,24.856392,26.86765,22.49753,27.23338
batch_01750_patch.tiff,patch_159,25.623835,24.642914,26.44471,23.226713,27.633432
batch_01750_patch.tiff,patch_160,25.850044,23.767487,25.192924,25.465288,27.16225
batch_01750_patch.tiff,patch_161,25.3561,24.00256,24.315083,25.08029,27.06575
batch_01750_patch.tiff,patch_162,25.23795,24.295542,23.56763,24.826832,26.538065
batch_01750_patch.tiff,patch_163,25.314163,24.926867,24.770151,24.115974,26.742476
batch_01750_patch.tiff,patch_164,25.727585,23.853933,24.296755,24.260933,26.505497
batch_01750_patch.tiff,patch_165,25.71064,24.183395,26.769382,23.807001,27.914854
batch_01750_patch.tiff,patch_166,25.898123,25.174166,25.345615,25.007355,28.212399
batch_01750_patch.tiff,patch_167,25.644842,24.61085,24.789083,23.947227,27.243351
batch_01750_patch.tiff,patch_168,24.686733,23.330744,22.541986,24.617968,26.77948
batch_01750_patch.tiff,patch_169,25.323225,23.63967,21.876709,24.965403,25.912134
batch_01750_patch.tiff,patch_170,26.417076,24.756895,27.101933,23.504488,27.597141
batch_01750_patch.tiff,patch_171,25.096283,24.387812,25.777412,23.095123,27.55693
batch_01750_patch.tiff,patch_172,26.244122,25.124268,24.48439,24.905928,26.973557
batch_01750_patch.tiff,patch_173,25.499184,25.303667,23.866976,24.887388,27.195408
batch_01750_patch.tiff,patch_174,25.225769,24.542675,24.69995,23.942654,27.484354
batch_01750_patch.tiff,patch_175,24.848572,24.544092,25.349728,23.607252,27.24531
batch_01750_patch.tiff,patch_176,26.003561,24.818052,25.084883,24.28491,27.82173
batch_01750_patch.tiff,patch_177,25.531,23.802284,25.882168,23.677387,27.46631
batch_01800_patch.tiff,patch_0,26.7597,24.068605,26.445415,24.637062,28.978918
batch_01800_patch.tiff,patch_1,25.938147,23.966375,24.55736,24.509949,27.445446
batch_01800_patch.tiff,patch_2,25.62582,24.74546,24.01038,23.3978,27.42326
batch_01800_patch.tiff,patch_3,28.027666,24.493082,26.97982,24.423721,28.982635
batch_01800_patch.tiff,patch_4,26.87781,25.411116,25.21325,24.348602,28.788506
batch_01800_patch.tiff,patch_5,24.0487,22.891546,24.448948,23.88502,27.001432
batch_01800_patch.tiff,patch_6,26.248102,24.315067,27.258303,24.373396,26.951086
batch_01800_patch.tiff,patch_7,25.58924,23.48154,25.2617,24.389135,27.468294
batch_01800_patch.tiff,patch_8,25.281849,24.844501,25.244043,24.66655,28.36502
batch_01800_patch.tiff,patch_9,26.336802,25.82921,26.045498,24.000727,28.611143
batch_01800_patch.tiff,patch_10,25.087019,24.791979,25.51515,25.154203,26.95652
batch_01800_patch.tiff,patch_11,26.276218,24.51137,26.322498,25.331049,27.175499
batch_01800_patch.tiff,patch_12,23.888992,23.615807,24.365358,23.009977,26.923891
batch_01800_patch.tiff,patch_13,25.310013,24.494345,25.332315,23.515102,27.465807
batch_01800_patch.tiff,patch_14,25.454088,25.637117,26.428432,22.920328,28.273039
batch_01800_patch.tiff,patch_15,26.6983,24.839857,25.806635,24.792236,28.252213
batch_01800_patch.tiff,patch_16,26.353863,23.355124,25.771997,24.134357,27.78063
batch_01800_patch.tiff,patch_17,26.118303,24.481617,24.078915,24.569685,27.48863
batch_01800_patch.tiff,patch_18,26.16589,25.188307,26.475891,24.647232,27.079058
batch_01800_patch.tiff,patch_19,26.232283,24.123554,26.18299,24.87675,27.13626
batch_01800_patch.tiff,patch_20,26.726357,24.180124,27.293522,24.243086,26.667294
batch_01800_patch.tiff,patch_21,25.609205,24.703032,25.062666,24.126846,28.008932
batch_01800_patch.tiff,patch_22,25.240763,24.461817,25.288277,23.82545,27.928444
batch_01800_patch.tiff,patch_23,25.800846,24.33511,25.66408,24.58364,27.141586
batch_01800_patch.tiff,patch_24,25.6794,24.459173,25.369816,24.792244,26.78238
batch_01800_patch.tiff,patch_25,24.242758,24.358597,22.441454,24.066914,26.093187
batch_01800_patch.tiff,patch_26,25.452421,22.834425,26.916199,24.20114,26.480791
batch_01800_patch.tiff,patch_27,25.95719,22.338116,27.879215,23.825113,27.858522
batch_01800_patch.tiff,patch_28,26.867956,24.133493,25.951555,25.007812,28.293633
batch_01800_patch.tiff,patch_29,25.545908,23.912863,25.532745,24.325216,27.53836
batch_01800_patch.tiff,patch_30,25.597235,23.823273,25.367752,24.44941,27.647968
batch_01800_patch.tiff,patch_31,25.142239,23.97095,23.08612,24.88188,26.3411
batch_01800_patch.tiff,patch_32,24.976873,23.578447,23.064682,25.13091,26.265665
batch_01800_patch.tiff,patch_33,25.280128,24.540785,26.612234,24.271168,27.890541
batch_01800_patch.tiff,patch_34,25.361927,25.774515,24.073984,24.07713,26.063925
batch_01800_patch.tiff,patch_35,24.855988,25.481544,23.379114,24.46031,26.018032
batch_01800_patch.tiff,patch_36,25.61052,22.949196,25.095873,23.4266,26.77916
batch_01800_patch.tiff,patch_37,25.142048,24.76109,26.41384,23.508299,28.238144
batch_01800_patch.tiff,patch_38,26.567013,24.766018,26.923136,24.380186,28.127823
batch_01800_patch.tiff,patch_39,27.074938,24.477938,24.759094,24.41068,27.488422
batch_01800_patch.tiff,patch_40,25.999645,24.22261,24.813974,25.182268,28.006342
batch_01800_patch.tiff,patch_41,25.72754,24.828007,23.942957,23.387098,27.708553
batch_01800_patch.tiff,patch_42,24.745571,23.65717,21.998999,23.473145,25.530382
batch_01800_patch.tiff,patch_43,27.697393,24.611856,25.443089,24.83961,27.916136
batch_01800_patch.tiff,patch_44,25.929544,24.65318,25.683159,25.411789,27.729374
batch_01800_patch.tiff,patch_45,25.793873,25.047466,24.236225,24.47321,27.454725
batch_01800_patch.tiff,patch_46,26.775312,24.58199,23.871607,24.215584,26.823927
batch_01800_patch.tiff,patch_47,25.623888,25.802515,24.74135,25.059446,27.117588
batch_01800_patch.tiff,patch_48,25.65269,23.543903,27.130268,23.531248,26.576147
batch_01800_patch.tiff,patch_49,25.065758,23.431948,24.832138,23.756535,27.310099
batch_01800_patch.tiff,patch_50,25.835085,23.58557,26.052149,24.308607,27.478386
batch_01800_patch.tiff,patch_51,26.119925,24.669403,26.764881,24.333818,27.191568
batch_01800_patch.tiff,patch_52,25.561207,24.562092,25.018917,23.514084,27.458324
batch_01800_patch.tiff,patch_53,24.362528,24.117424,24.172993,24.40439,26.237577
batch_01800_patch.tiff,patch_54,26.595627,24.859758,25.034018,24.721272,27.46536
batch_01800_patch.tiff,patch_55,25.732262,24.063732,24.320805,24.511433,27.086092
batch_01800_patch.tiff,patch_56,25.54921,24.47545,24.587328,24.857367,27.139242
batch_01800_patch.tiff,patch_57,24.720856,24.401173,24.64165,23.84974,27.341604
batch_01800_patch.tiff,patch_58,25.088186,25.020372,24.613983,24.131857,26.887978
batch_01800_patch.tiff,patch_59,24.855944,24.21736,24.363653,24.724766,26.67151
batch_01800_patch.tiff,patch_60,26.486307,24.561682,26.644167,24.788193,28.083424
batch_01800_patch.tiff,patch_61,25.878384,24.488005,25.98512,23.694323,28.13684
batch_01800_patch.tiff,patch_62,25.046656,22.764256,24.181318,24.706936,27.193914
batch_01800_patch.tiff,patch_63,26.899214,23.643305,27.155571,23.631714,28.480762
batch_01800_patch.tiff,patch_64,24.917074,24.248018,24.7797,23.306461,27.253584
batch_01800_patch.tiff,patch_65,26.122677,24.481945,25.953478,24.516846,27.455217
batch_01800_patch.tiff,patch_66,25.982365,24.714733,26.268389,24.128754,28.643026
batch_01800_patch.tiff,patch_67,24.209919,23.075895,22.330519,24.997475,26.309914
batch_01800_patch.tiff,patch_68,24.013134,23.239933,22.478815,24.777143,26.48992
batch_01800_patch.tiff,patch_69,24.899986,25.331293,24.098,24.196594,26.866962
batch_01800_patch.tiff,patch_70,24.568361,24.389559,24.055262,23.999866,27.318361
batch_01800_patch.tiff,patch_71,24.562075,23.644028,23.323654,24.27792,26.220772
batch_01800_patch.tiff,patch_72,24.735895,23.753466,25.422192,24.434446,27.055853
batch_01800_patch.tiff,patch_73,26.917227,23.9467,27.99781,25.0713,27.792637
batch_01800_patch.tiff,patch_74,25.797184,24.747503,26.39539,24.154108,28.745853
batch_01800_patch.tiff,patch_75,25.929327,25.581043,24.3577,25.123407,27.248102
batch_01800_patch.tiff,patch_76,26.42509,24.657928,24.180761,23.989346,26.983622
batch_01800_patch.tiff,patch_77,25.730467,24.207487,26.373787,23.60595,27.202646
batch_01800_patch.tiff,patch_78,26.155191,24.904905,25.721794,24.352627,27.879637
batch_01800_patch.tiff,patch_79,25.140547,24.49085,23.36207,23.874947,26.858932
batch_01800_patch.tiff,patch_80,25.899134,24.55184,23.732145,24.143698,27.596073
batch_01800_patch.tiff,patch_81,26.531038,23.885899,24.866173,24.144697,27.794697
batch_01800_patch.tiff,patch_82,26.650314,23.264791,27.849777,25.12686,26.855986
batch_01800_patch.tiff,patch_83,25.902424,26.455284,24.357363,24.748802,27.009573
batch_01800_patch.tiff,patch_84,26.449749,25.231148,25.41538,24.237486,27.272814
batch_01800_patch.tiff,patch_85,26.373362,22.482983,27.811228,23.87939,26.541685
batch_01800_patch.tiff,patch_86,25.84068,23.395653,26.67666,24.844553,27.275288
batch_01800_patch.tiff,patch_87,25.953861,24.572008,25.202166,24.06553,27.770622
batch_01800_patch.tiff,patch_88,24.712769,23.77132,25.773718,23.768526,28.292542
batch_01800_patch.tiff,patch_89,25.690084,24.111275,26.355778,24.12105,27.382944
batch_01800_patch.tiff,patch_90,26.716574,25.413559,26.9338,24.504288,28.172382
batch_01800_patch.tiff,patch_91,25.669214,24.475988,23.412695,24.78012,26.700254
batch_01800_patch.tiff,patch_92,24.18162,23.424213,20.355965,23.880157,24.371778
batch_01800_patch.tiff,patch_93,25.197054,24.088778,24.988451,25.067757,26.727674
batch_01800_patch.tiff,patch_94,27.00941,24.940676,28.050495,25.486046,28.008986
batch_01800_patch.tiff,patch_95,24.332905,24.63663,23.685432,23.843733,25.5036
batch_01800_patch.tiff,patch_96,25.41225,25.817059,23.393707,24.413498,27.017859
batch_01800_patch.tiff,patch_97,25.906374,24.06826,23.78751,23.921658,27.629532
batch_01800_patch.tiff,patch_98,25.550173,23.957253,26.066462,23.686308,27.093168
batch_01800_patch.tiff,patch_99,26.303324,24.39552,25.220312,24.978601,27.673668
batch_01800_patch.tiff,patch_100,26.005745,24.632374,25.887806,24.037085,27.444197
batch_01800_patch.tiff,patch_101,25.954971,24.445667,27.071737,25.378817,27.873165
batch_01800_patch.tiff,patch_102,25.369423,24.73098,24.54821,23.881084,27.657166
batch_01800_patch.tiff,patch_103,25.820421,24.305702,26.369486,23.61881,27.818048
batch_01800_patch.tiff,patch_104,26.910076,25.43875,27.066511,23.978098,28.45828
batch_01800_patch.tiff,patch_105,26.387388,25.161861,26.168097,24.943317,27.918182
batch_01800_patch.tiff,patch_106,25.560184,25.543411,26.295332,24.404161,29.028902
batch_01800_patch.tiff,patch_107,26.140635,24.478867,26.242914,26.227066,27.191877
batch_01800_patch.tiff,patch_108,25.470936,25.524342,24.943888,24.629608,27.363512
batch_01800_patch.tiff,patch_109,26.232084,24.674355,25.083542,23.280287,28.029152
batch_01800_patch.tiff,patch_110,26.178185,24.29079,26.158796,24.149658,27.8559
batch_01800_patch.tiff,patch_111,25.449137,25.080421,25.310303,23.718988,28.241035
batch_01800_patch.tiff,patch_112,27.3347,24.470398,26.446571,24.119774,28.770329
batch_01800_patch.tiff,patch_113,25.810879,23.796404,26.845057,24.408594,27.942133
batch_01800_patch.tiff,patch_114,25.044521,24.517628,26.600052,23.788977,28.238764
batch_01800_patch.tiff,patch_115,25.648434,24.084936,26.31352,24.69846,26.091518
batch_01800_patch.tiff,patch_116,26.091463,24.754354,24.828094,24.267721,26.946438
batch_01800_patch.tiff,patch_117,25.13332,24.791285,24.088665,24.12235,27.001608
batch_01800_patch.tiff,patch_118,26.061863,24.512169,25.639793,25.123781,27.083038
batch_01800_patch.tiff,patch_119,24.85342,24.50794,24.873705,25.218782,27.068718
batch_01800_patch.tiff,patch_120,24.6669,21.824379,25.4494,23.795147,26.265202
batch_01800_patch.tiff,patch_121,25.894255,24.070398,24.745958,23.984716,27.304972
batch_01800_patch.tiff,patch_122,25.351068,23.299065,25.035164,21.9376,26.837414
batch_01800_patch.tiff,patch_123,25.95716,24.681723,25.678347,23.89081,26.991995
batch_01800_patch.tiff,patch_124,26.066013,24.298634,26.675434,24.414236,27.601965
batch_01800_patch.tiff,patch_125,26.073332,24.622217,26.224722,24.595545,27.688366
batch_01800_patch.tiff,patch_126,24.865705,24.42144,21.569145,24.991432,26.053905
batch_01800_patch.tiff,patch_127,26.18746,24.04328,25.988596,24.38688,27.158915
batch_01800_patch.tiff,patch_128,25.7685,24.65329,24.797028,24.695005,27.550097
batch_01800_patch.tiff,patch_129,26.18378,24.850754,25.521242,24.330986,28.156792
batch_01800_patch.tiff,patch_130,26.687908,25.177593,24.75677,24.84846,27.49366
batch_01800_patch.tiff,patch_131,25.743355,24.820305,25.628412,23.799505,28.320639
batch_01800_patch.tiff,patch_132,26.473438,23.873547,27.578064,23.867674,27.038347
batch_01800_patch.tiff,patch_133,25.84835,22.60637,23.280567,24.186066,25.985033
batch_01800_patch.tiff,patch_134,25.273438,23.534971,25.96825,22.541674,27.938637
batch_01800_patch.tiff,patch_135,25.02604,24.292824,26.635054,22.619284,27.773237
batch_01800_patch.tiff,patch_136,23.971117,23.432732,23.927921,24.02822,25.814602
batch_01800_patch.tiff,patch_137,25.333042,24.027124,25.154247,24.668882,27.338976
batch_01800_patch.tiff,patch_138,25.349312,25.523283,26.28911,23.66898,28.494352
batch_01800_patch.tiff,patch_139,25.750864,25.328548,23.937159,24.566786,26.226683
batch_01800_patch.tiff,patch_140,25.825857,22.78051,25.469154,24.658575,25.893436
batch_01800_patch.tiff,patch_141,26.264473,24.518217,25.423273,24.268295,27.795517
batch_01800_patch.tiff,patch_142,26.195024,24.136034,25.723692,24.582243,27.835745
batch_01800_patch.tiff,patch_143,26.362213,23.284868,27.194183,25.162903,27.775116
batch_01800_patch.tiff,patch_144,25.476837,24.840185,25.086758,23.718018,28.032648
batch_01800_patch.tiff,patch_145,25.384272,24.790014,22.879885,23.713629,27.009535
batch_01800_patch.tiff,patch_146,25.753487,24.029938,22.396114,24.060417,26.157776
batch_01800_patch.tiff,patch_147,25.19647,24.425644,22.977486,24.270058,26.462187
batch_01800_patch.tiff,patch_148,26.252037,24.541378,25.62696,24.405405,28.448843
batch_01800_patch.tiff,patch_149,25.790817,24.632603,24.825773,25.066431,27.403685
batch_01800_patch.tiff,patch_150,25.93042,24.876091,25.048916,24.277674,26.950281
batch_01800_patch.tiff,patch_151,25.835922,24.828167,26.169394,23.914375,27.841476
batch_01800_patch.tiff,patch_152,25.979776,23.963192,26.782396,24.073404,27.406006
batch_01800_patch.tiff,patch_153,26.22118,23.877613,27.640112,24.542204,26.935965
batch_01800_patch.tiff,patch_154,25.482756,25.005028,24.886639,24.283361,28.057508
batch_01800_patch.tiff,patch_155,26.719946,25.005672,25.775288,23.543825,28.273384
batch_01800_patch.tiff,patch_156,25.728516,24.137459,24.13952,23.484621,27.67749
batch_01800_patch.tiff,patch_157,25.394215,24.352457,23.196703,23.15712,26.615267
batch_01800_patch.tiff,patch_158,25.775024,24.63618,22.464308,24.358107,25.966896
batch_01800_patch.tiff,patch_159,24.865295,23.876513,23.087914,25.074263,26.833061
batch_01800_patch.tiff,patch_160,26.410418,24.55085,25.204004,25.02214,27.686546
batch_01800_patch.tiff,patch_161,26.062756,24.635866,24.922646,23.343704,27.792946
batch_01800_patch.tiff,patch_162,25.071383,24.171667,23.359941,24.61432,25.461464
batch_01800_patch.tiff,patch_163,25.486607,24.402374,25.73609,25.077465,26.278696
batch_01800_patch.tiff,patch_164,26.065876,24.086031,25.085077,23.965378,26.065908
batch_01800_patch.tiff,patch_165,26.271875,25.011116,25.250053,24.68136,27.12009
batch_01800_patch.tiff,patch_166,26.605602,26.135113,25.674536,23.95149,29.396194
batch_01800_patch.tiff,patch_167,26.841248,25.016638,27.784332,24.410633,28.285217
batch_01800_patch.tiff,patch_168,26.672792,24.80541,25.370407,23.652561,26.773914
batch_01800_patch.tiff,patch_169,26.805923,26.10268,25.703787,24.148354,27.854212
batch_01800_patch.tiff,patch_170,25.462238,22.4884,23.309128,25.20181,26.379953
batch_01800_patch.tiff,patch_171,23.765125,24.073328,22.153145,23.920923,26.87257
batch_01800_patch.tiff,patch_172,24.733086,24.583506,25.287838,24.195211,27.723274
batch_01800_patch.tiff,patch_173,24.699785,23.906075,24.799383,24.280266,26.981236
batch_01800_patch.tiff,patch_174,25.779339,24.281908,26.801468,24.647545,26.368431
batch_01800_patch.tiff,patch_175,25.127668,24.162361,25.676746,24.060741,27.562433
batch_01800_patch.tiff,patch_176,26.067503,23.524574,26.535738,24.100075,26.550596
batch_01850_patch.tiff,patch_0,25.769419,23.98677,25.89067,24.382593,27.42195
batch_01850_patch.tiff,patch_1,25.182163,24.879442,25.131702,24.669008,27.840527
batch_01850_patch.tiff,patch_2,25.924791,24.618948,27.918337,25.275417,26.605246
batch_01850_patch.tiff,patch_3,26.305758,24.24335,26.704405,24.44559,27.782154
batch_01850_patch.tiff,patch_4,25.249283,23.703962,23.493425,24.087427,26.137262
batch_01850_patch.tiff,patch_5,25.01642,24.491377,25.056555,23.881495,26.403646
batch_01850_patch.tiff,patch_6,25.15269,24.342533,24.941801,24.268711,26.39057
batch_01850_patch.tiff,patch_7,26.956161,23.742641,27.321701,24.061388,28.25046
batch_01850_patch.tiff,patch_8,27.44703,24.129948,27.028376,25.93105,28.58761
batch_01850_patch.tiff,patch_9,25.225328,22.907194,23.62025,24.107645,25.380438
batch_01850_patch.tiff,patch_10,25.562796,24.095072,24.111614,24.779665,27.049826
batch_01850_patch.tiff,patch_11,25.044777,23.92724,25.875532,25.094378,26.247152
batch_01850_patch.tiff,patch_12,25.542877,24.333088,25.5499,24.948957,28.18987
batch_01850_patch.tiff,patch_13,25.182264,24.198524,23.152735,24.53544,27.342241
batch_01850_patch.tiff,patch_14,26.333725,24.552324,26.241108,24.838345,28.054459
batch_01850_patch.tiff,patch_15,25.934666,23.657368,24.945814,24.253555,27.241526
batch_01850_patch.tiff,patch_16,26.693066,24.69405,25.354425,23.615698,26.694588
batch_01850_patch.tiff,patch_17,25.519276,23.906467,25.974945,23.771471,26.860634
batch_01850_patch.tiff,patch_18,24.827314,24.508488,24.800253,23.520296,26.528582
batch_01850_patch.tiff,patch_19,24.395235,24.515125,24.514332,23.556213,26.895376
batch_01850_patch.tiff,patch_20,25.143713,24.644276,23.731012,24.343517,28.171684
batch_01850_patch.tiff,patch_21,27.155767,23.44907,27.04339,24.961634,27.531002
batch_01850_patch.tiff,patch_22,24.49376,24.2106,23.460554,24.273645,26.771273
batch_01850_patch.tiff,patch_23,25.602104,23.896633,25.273355,25.21735,27.814905
batch_01850_patch.tiff,patch_24,25.648182,23.31161,26.81105,24.696451,27.032587
batch_01850_patch.tiff,patch_25,24.587708,24.001465,22.723804,23.507664,26.31932
batch_01850_patch.tiff,patch_26,26.56391,23.853346,24.796711,24.401012,27.426874
batch_01850_patch.tiff,patch_27,27.895021,24.991014,27.05943,24.98209,28.153578
batch_01850_patch.tiff,patch_28,24.781593,24.332169,23.325516,24.635471,26.070662
batch_01850_patch.tiff,patch_29,26.062384,24.70721,25.2253,23.870676,26.681776
batch_01850_patch.tiff,patch_30,25.190012,24.855724,26.119232,24.01663,28.253042
batch_01850_patch.tiff,patch_31,25.87594,23.359398,26.681492,25.256086,26.470247
batch_01850_patch.tiff,patch_32,26.23351,24.260082,25.772478,25.146833,27.325048
batch_01850_patch.tiff,patch_33,26.964605,24.670586,26.733042,25.64704,28.001171
batch_01850_patch.tiff,patch_34,27.157633,24.259846,28.233267,23.590132,27.443558
batch_01850_patch.tiff,patch_35,26.722546,24.378767,26.329132,24.043562,27.949392
batch_01850_patch.tiff,patch_36,26.382746,23.275658,28.791965,24.403624,27.185684
batch_01850_patch.tiff,patch_37,24.933552,23.894264,25.887068,24.351067,27.14983
batch_01850_patch.tiff,patch_38,25.013699,24.484636,22.986774,23.586235,27.202625
batch_01850_patch.tiff,patch_39,27.262815,24.644785,27.716322,25.322657,28.323118
batch_01850_patch.tiff,patch_40,25.019611,24.647161,22.194153,25.085947,24.948591
batch_01850_patch.tiff,patch_41,25.873476,24.78954,26.911856,24.571388,28.566153
batch_01850_patch.tiff,patch_42,24.777662,23.836994,24.620087,25.570013,26.783821
batch_01850_patch.tiff,patch_43,26.33153,23.112995,29.430725,24.463696,26.288656
batch_01850_patch.tiff,patch_44,26.444555,24.119652,28.184109,24.833252,27.399832
batch_01850_patch.tiff,patch_45,26.218803,23.894768,25.30674,25.112787,26.716095
batch_01850_patch.tiff,patch_46,26.093952,23.801378,25.42031,24.154263,26.576889
batch_01850_patch.tiff,patch_47,27.1735,23.923168,28.788303,25.23007,27.65088
batch_01850_patch.tiff,patch_48,26.152105,23.939753,25.937037,23.92434,27.219753
batch_01850_patch.tiff,patch_49,24.688513,22.982826,25.334885,24.892727,24.700396
batch_01850_patch.tiff,patch_50,26.599558,23.540174,26.906172,24.900091,27.75202
batch_01850_patch.tiff,patch_51,25.804285,24.01671,25.12418,24.746174,26.512741
batch_01850_patch.tiff,patch_52,24.168287,23.643682,22.239546,25.50342,25.443722
batch_01850_patch.tiff,patch_53,25.28566,25.483671,25.938326,24.076475,26.220034
batch_01850_patch.tiff,patch_54,24.66118,24.1883,23.442722,25.218029,26.484314
batch_01850_patch.tiff,patch_55,25.561016,24.755535,26.156412,24.294933,28.350456
batch_01850_patch.tiff,patch_56,25.366488,24.680157,24.063904,24.246008,26.913975
batch_01850_patch.tiff,patch_57,25.683292,24.51536,24.050985,24.631756,26.178236
batch_01850_patch.tiff,patch_58,27.047262,23.507978,28.074186,24.980558,27.263466
batch_01850_patch.tiff,patch_59,26.74446,24.321964,26.942228,25.12037,27.714226
batch_01850_patch.tiff,patch_60,25.44242,23.487423,24.628283,23.761684,26.880148
batch_01850_patch.tiff,patch_61,25.894455,23.470097,26.035889,24.987001,26.508804
batch_01850_patch.tiff,patch_62,27.054907,25.00511,26.006998,24.10499,29.081978
batch_01850_patch.tiff,patch_63,25.545506,24.969156,25.232296,24.224031,27.642591
batch_01850_patch.tiff,patch_64,26.579575,24.336216,23.797855,25.261646,26.697556
batch_01850_patch.tiff,patch_65,26.55465,25.318348,25.60728,24.750523,27.204384
batch_01850_patch.tiff,patch_66,24.577248,23.113548,24.149323,24.767927,26.14049
batch_01850_patch.tiff,patch_67,25.711403,23.74217,25.03876,25.73729,27.162907
batch_01850_patch.tiff,patch_68,23.461712,23.315058,22.931095,23.633003,25.788002
batch_01850_patch.tiff,patch_69,25.222994,24.230104,23.072775,24.016102,26.236002
batch_01850_patch.tiff,patch_70,24.751024,23.802322,22.944466,24.434647,27.14286
batch_01850_patch.tiff,patch_71,26.687065,24.615433,26.84637,24.246721,28.775978
batch_01850_patch.tiff,patch_72,25.793087,23.607723,25.09715,24.181318,27.266823
batch_01850_patch.tiff,patch_73,25.909693,22.875862,26.078777,25.14429,26.72156
batch_01850_patch.tiff,patch_74,25.708878,25.049097,24.94655,25.699215,27.231697
batch_01850_patch.tiff,patch_75,25.186289,23.99816,24.684193,24.328,26.14391
batch_01850_patch.tiff,patch_76,24.781342,24.669643,24.492477,23.93909,27.48033
batch_01850_patch.tiff,patch_77,26.557772,24.096184,26.306894,24.082218,28.277906
batch_01850_patch.tiff,patch_78,25.119833,23.454308,25.344776,24.205976,27.525293
batch_01850_patch.tiff,patch_79,25.874868,24.376625,25.88504,24.148064,26.972363
batch_01850_patch.tiff,patch_80,26.23219,24.615099,24.682787,24.52375,27.185509
batch_01850_patch.tiff,patch_81,25.928005,24.05666,23.031916,24.061752,26.641357
batch_01850_patch.tiff,patch_82,26.7979,23.255877,27.733883,25.01053,27.60853
batch_01850_patch.tiff,patch_83,25.9163,24.139908,24.768257,24.599852,26.017078
batch_01850_patch.tiff,patch_84,26.432758,23.64398,27.120993,25.245924,27.623926
batch_01850_patch.tiff,patch_85,25.807247,23.4553,26.060345,25.68934,26.894432
batch_01850_patch.tiff,patch_86,26.19564,24.612284,26.23702,25.727654,26.223598
batch_01850_patch.tiff,patch_87,25.054688,24.66814,25.427362,24.138556,26.684452
batch_01850_patch.tiff,patch_88,25.142479,25.021612,24.636234,24.455275,26.933943
batch_01850_patch.tiff,patch_89,26.589176,23.418804,27.260456,24.641714,26.44185
batch_01850_patch.tiff,patch_90,25.864624,23.729824,26.416136,24.561659,26.373526
batch_01850_patch.tiff,patch_91,26.41892,24.001045,26.10727,24.405865,28.121782
batch_01850_patch.tiff,patch_92,25.609581,24.427723,23.459457,23.964605,27.283566
batch_01850_patch.tiff,patch_93,27.112452,23.535372,27.367582,24.880474,27.691854
batch_01850_patch.tiff,patch_94,26.429914,23.22797,26.253424,24.544392,26.535545
batch_01850_patch.tiff,patch_95,26.770782,23.295576,26.587923,25.02207,27.599222
batch_01850_patch.tiff,patch_96,27.033325,25.302946,27.737703,25.323017,29.341797
batch_01850_patch.tiff,patch_97,25.813198,24.16159,23.667158,25.15867,26.827969
batch_01850_patch.tiff,patch_98,24.551794,23.703794,24.24097,23.954563,26.999302
batch_01850_patch.tiff,patch_99,24.566763,24.34934,23.664127,24.002605,26.633356
batch_01850_patch.tiff,patch_100,25.408056,24.922617,25.396723,25.357693,27.314804
batch_01850_patch.tiff,patch_101,25.525837,24.708536,23.855927,24.845287,27.309788
batch_01850_patch.tiff,patch_102,26.39231,25.22167,26.44414,25.430655,27.856493
batch_01850_patch.tiff,patch_103,27.415506,24.418879,28.51804,25.570345,27.805342
batch_01850_patch.tiff,patch_104,26.968657,24.193108,27.02933,24.913982,27.993814
batch_01850_patch.tiff,patch_105,26.60088,23.570332,26.076612,24.70391,27.43627
batch_01850_patch.tiff,patch_106,25.29094,23.370195,25.977253,24.629877,27.085196
batch_01850_patch.tiff,patch_107,27.53407,24.012344,27.069246,24.584087,28.067493
batch_01850_patch.tiff,patch_108,26.713762,24.007315,25.911488,25.802567,26.985752
batch_01850_patch.tiff,patch_109,26.21787,25.100586,23.491339,25.05642,26.723558
batch_01850_patch.tiff,patch_110,25.571209,25.018654,26.12184,24.100603,28.119034
batch_01850_patch.tiff,patch_111,24.651722,24.242105,23.203756,24.38342,25.648228
batch_01850_patch.tiff,patch_112,24.734045,24.756632,24.59753,24.708422,27.013962
batch_01850_patch.tiff,patch_113,24.704472,24.510344,25.400526,24.26696,27.344858
batch_01850_patch.tiff,patch_114,25.420927,23.302229,23.658833,24.809261,27.207766
batch_01850_patch.tiff,patch_115,26.847492,24.462297,27.225813,25.099422,27.282063
batch_01850_patch.tiff,patch_116,26.057768,24.009014,23.194595,25.29873,26.413523
batch_01850_patch.tiff,patch_117,25.835047,24.530228,25.712528,24.536093,28.695858
batch_01850_patch.tiff,patch_118,27.245173,24.016483,27.207203,25.312605,27.75851
batch_01850_patch.tiff,patch_119,26.408886,22.416471,27.912016,23.984951,27.198862
batch_01850_patch.tiff,patch_120,26.47178,24.269463,25.903116,25.030912,26.982687
batch_01850_patch.tiff,patch_121,24.970083,24.45208,23.359882,24.385696,26.573185
batch_01850_patch.tiff,patch_122,24.671612,24.45102,24.930485,24.54024,28.285906
batch_01850_patch.tiff,patch_123,25.703182,24.546698,26.526365,24.345837,28.868172
batch_01850_patch.tiff,patch_124,25.448711,24.99587,25.929173,24.785378,27.14854
batch_01850_patch.tiff,patch_125,26.01483,24.444813,24.36675,24.98877,28.152008
batch_01850_patch.tiff,patch_126,26.400206,24.531229,26.628532,25.759306,27.728687
batch_01850_patch.tiff,patch_127,26.632946,23.321827,25.87174,24.660309,27.04367
batch_01850_patch.tiff,patch_128,26.20091,22.888586,27.459522,24.650389,27.41544
batch_01850_patch.tiff,patch_129,26.756346,23.282654,27.205454,26.07664,27.151867
batch_01850_patch.tiff,patch_130,27.016396,24.170595,26.905645,25.56994,28.477028
batch_01850_patch.tiff,patch_131,26.561844,25.49857,24.396053,25.122803,27.394026
batch_01850_patch.tiff,patch_132,24.84198,24.611786,22.23353,24.91869,26.60994
batch_01850_patch.tiff,patch_133,25.235489,24.422113,24.01368,24.877987,26.75471
batch_01850_patch.tiff,patch_134,24.585651,24.887371,23.601402,24.212166,26.549738
batch_01850_patch.tiff,patch_135,25.63333,24.08784,25.685217,24.718035,27.567822
batch_01850_patch.tiff,patch_136,26.36437,24.04432,27.360458,25.03339,28.6358
batch_01850_patch.tiff,patch_137,26.390139,24.387035,24.713545,26.151499,27.68111
batch_01850_patch.tiff,patch_138,24.972464,23.968351,26.239002,24.67315,28.20583
batch_01850_patch.tiff,patch_139,25.964884,24.076513,25.966722,24.265026,28.15445
batch_01850_patch.tiff,patch_140,24.97651,24.669966,23.894716,24.753538,26.557102
batch_01850_patch.tiff,patch_141,27.47908,23.670046,28.080046,24.842796,28.301598
batch_01850_patch.tiff,patch_142,26.575209,22.704111,26.946596,25.230413,27.551414
batch_01850_patch.tiff,patch_143,25.06369,25.040052,23.617338,23.84892,26.849693
batch_01850_patch.tiff,patch_144,25.889849,24.730442,24.816132,24.206495,27.580376
batch_01850_patch.tiff,patch_145,26.397346,24.540398,25.170671,24.846947,26.59215
batch_01850_patch.tiff,patch_146,26.25539,24.600254,26.762613,24.95797,27.858944
batch_01850_patch.tiff,patch_147,25.95728,24.817636,26.486765,24.356165,26.980797
batch_01850_patch.tiff,patch_148,23.702557,23.977335,21.973707,24.282646,26.681925
batch_01850_patch.tiff,patch_149,24.453815,24.464943,21.170923,24.661028,26.189344
batch_01850_patch.tiff,patch_150,25.670502,24.185127,24.322378,25.62672,26.280165
batch_01850_patch.tiff,patch_151,26.737837,24.401497,26.775991,25.107914,27.623346
batch_01850_patch.tiff,patch_152,25.192444,25.291016,23.339685,24.357447,27.40946
batch_01850_patch.tiff,patch_153,26.020004,24.625212,25.720295,26.037348,27.396297
batch_01850_patch.tiff,patch_154,24.078869,24.605078,24.451834,23.949873,26.490368
batch_01850_patch.tiff,patch_155,24.544342,24.914547,24.437572,24.221869,25.927973
batch_01850_patch.tiff,patch_156,25.311224,23.391895,23.528381,24.598513,25.613523
batch_01850_patch.tiff,patch_157,26.03118,23.425507,26.47023,24.535059,26.866295
batch_01850_patch.tiff,patch_158,24.983454,24.89422,24.467972,24.392717,27.086214
batch_01850_patch.tiff,patch_159,26.346478,25.652798,26.715784,24.39637,28.330202
batch_01850_patch.tiff,patch_160,26.048882,25.06713,25.714167,25.161528,26.857367
batch_01850_patch.tiff,patch_161,25.063345,24.666573,22.640676,23.184626,26.066801
batch_01850_patch.tiff,patch_162,26.635319,23.715935,28.97007,24.589067,28.283453
batch_01850_patch.tiff,patch_163,25.18276,23.994663,24.15926,24.570677,27.2309
batch_01850_patch.tiff,patch_164,26.363964,23.83772,25.535069,24.976707,27.2455
batch_01850_patch.tiff,patch_165,25.775183,23.838882,25.316153,25.301096,26.47942
batch_01850_patch.tiff,patch_166,25.536776,25.13189,24.778772,24.795355,28.275784
batch_01850_patch.tiff,patch_167,26.327799,24.833265,26.04617,24.79878,27.386333
batch_01850_patch.tiff,patch_168,26.324427,23.173054,26.018694,25.741877,25.965256
batch_01850_patch.tiff,patch_169,25.278515,24.539097,23.641035,24.691721,27.45442
batch_01850_patch.tiff,patch_170,26.058699,24.09695,24.788475,24.257101,26.44004
batch_01850_patch.tiff,patch_171,24.254263,23.721241,24.198473,23.232725,26.36057
batch_01850_patch.tiff,patch_172,26.491476,24.009863,27.048674,25.494242,28.636883
batch_01850_patch.tiff,patch_173,25.756016,23.734447,24.687138,25.071342,27.106668
batch_01850_patch.tiff,patch_174,24.064474,23.832937,23.389524,24.40362,27.1124
batch_01850_patch.tiff,patch_175,25.403305,24.06131,25.134518,24.297544,27.955463
batch_01850_patch.tiff,patch_176,25.900866,23.990965,25.720337,25.288511,26.924099
batch_01850_patch.tiff,patch_177,25.147238,22.387638,25.275946,23.717844,26.397541
batch_01900_patch.tiff,patch_0,25.990316,23.30477,26.668339,24.7083,26.156597
batch_01900_patch.tiff,patch_1,26.42806,24.139893,25.952047,24.495724,27.853174
batch_01900_patch.tiff,patch_2,24.85806,22.210922,25.584352,24.662355,25.46559
batch_01900_patch.tiff,patch_3,26.971237,23.471954,28.452427,25.75343,27.942924
batch_01900_patch.tiff,patch_4,26.213875,23.91042,25.729586,25.059856,26.570335
batch_01900_patch.tiff,patch_5,25.958,23.491524,26.493984,24.250736,26.378874
batch_01900_patch.tiff,patch_6,24.950613,23.635147,23.78336,25.11871,25.513313
batch_01900_patch.tiff,patch_7,26.214563,24.244593,25.417423,24.649862,26.856543
batch_01900_patch.tiff,patch_8,25.7537,23.900105,27.025618,23.79044,27.496756
batch_01900_patch.tiff,patch_9,25.166336,23.5267,24.883003,23.825108,27.36583
batch_01900_patch.tiff,patch_10,25.471079,24.073942,26.353052,23.421795,27.370394
batch_01900_patch.tiff,patch_11,25.096788,24.752813,25.145153,24.272001,26.969294
batch_01900_patch.tiff,patch_12,26.287792,24.913439,26.554508,23.7708,27.988316
batch_01900_patch.tiff,patch_13,24.825325,22.661583,25.064514,23.20112,26.040224
batch_01900_patch.tiff,patch_14,25.301044,23.56407,25.383406,24.227232,26.249397
batch_01900_patch.tiff,patch_15,26.591818,24.181248,27.73179,24.669266,27.45702
batch_01900_patch.tiff,patch_16,26.907684,23.254448,27.775145,25.890747,27.530785
batch_01900_patch.tiff,patch_17,26.163267,23.088894,26.765846,24.039816,26.900883
batch_01900_patch.tiff,patch_18,24.637262,23.188425,25.231071,23.074852,26.946692
batch_01900_patch.tiff,patch_19,26.777277,24.458788,27.234114,24.449623,27.611097
batch_01900_patch.tiff,patch_20,24.88524,23.909348,25.313238,23.73687,26.97746
batch_01900_patch.tiff,patch_21,24.6464,23.439304,24.225286,23.942577,26.385477
batch_01900_patch.tiff,patch_22,25.948698,23.844778,26.651844,23.098372,27.392733
batch_01900_patch.tiff,patch_23,25.009674,25.341677,24.934788,23.798248,27.110655
batch_01900_patch.tiff,patch_24,25.295828,23.909136,23.740383,24.422781,26.725027
batch_01900_patch.tiff,patch_25,26.388292,24.14742,26.584118,24.537283,27.456606
batch_01900_patch.tiff,patch_26,26.161003,23.29515,27.651136,24.493183,27.614435
batch_01900_patch.tiff,patch_27,26.3738,22.92378,26.059057,25.163876,26.758337
batch_01900_patch.tiff,patch_28,26.627344,23.486147,27.71974,25.773598,26.428005
batch_01900_patch.tiff,patch_29,25.983154,24.45177,26.895184,24.701866,28.712305
batch_01900_patch.tiff,patch_30,26.598196,24.609388,27.344606,24.592245,27.977438
batch_01900_patch.tiff,patch_31,25.516428,24.932653,26.866447,23.623343,25.75782
batch_01900_patch.tiff,patch_32,24.167816,24.485912,23.095755,24.082693,25.534943
batch_01900_patch.tiff,patch_33,24.514484,23.332386,24.653383,24.318544,26.523724
batch_01900_patch.tiff,patch_34,23.913685,23.754305,23.810202,24.184418,27.11182
batch_01900_patch.tiff,patch_35,24.747398,25.097252,25.24734,23.933483,27.139517
batch_01900_patch.tiff,patch_36,25.108883,25.60581,25.044098,24.925995,26.432688
batch_01900_patch.tiff,patch_37,26.22817,23.633265,26.355352,24.141823,27.938557
batch_01900_patch.tiff,patch_38,25.656374,23.701193,25.853634,25.591099,26.780764
batch_01900_patch.tiff,patch_39,25.88237,23.46148,26.32521,24.040083,26.738478
batch_01900_patch.tiff,patch_40,27.45304,24.021101,27.873842,25.480637,27.093857
batch_01900_patch.tiff,patch_41,27.556389,25.313442,26.381618,24.738337,28.238096
batch_01900_patch.tiff,patch_42,26.843687,25.268133,27.631659,25.098497,27.855156
batch_01900_patch.tiff,patch_43,25.898659,25.038963,27.327818,24.383251,28.351881
batch_01900_patch.tiff,patch_44,26.236307,23.843243,26.611116,23.861443,27.526152
batch_01900_patch.tiff,patch_45,25.522314,24.577854,24.146904,24.732016,27.766531
batch_01900_patch.tiff,patch_46,26.112925,24.352453,27.418676,25.126158,26.513206
batch_01900_patch.tiff,patch_47,26.99436,24.616474,26.268837,24.40273,26.702682
batch_01900_patch.tiff,patch_48,25.333864,23.763645,24.920586,23.128212,26.9571
batch_01900_patch.tiff,patch_49,26.663303,23.698061,27.199816,23.52903,27.456808
batch_01900_patch.tiff,patch_50,24.809063,23.753191,23.673832,25.08401,26.757917
batch_01900_patch.tiff,patch_51,26.209906,24.690994,28.390638,24.462708,28.14472
batch_01900_patch.tiff,patch_52,24.592821,23.626299,23.58513,24.948229,26.757376
batch_01900_patch.tiff,patch_53,27.377909,24.190123,28.418442,25.772085,28.310627
batch_01900_patch.tiff,patch_54,24.95484,23.23376,24.674013,25.115793,26.714233
batch_01900_patch.tiff,patch_55,24.631168,24.235125,22.22928,24.411102,26.025852
batch_01900_patch.tiff,patch_56,25.264942,24.769,25.111351,24.28275,26.918026
batch_01900_patch.tiff,patch_57,25.210972,23.846457,24.277052,23.714905,27.057913
batch_01900_patch.tiff,patch_58,25.96506,24.839804,25.047125,25.894157,27.63491
batch_01900_patch.tiff,patch_59,25.335798,24.189922,26.916756,23.9182,27.41233
batch_01900_patch.tiff,patch_60,26.376537,23.973448,25.889324,24.655167,27.863756
batch_01900_patch.tiff,patch_61,24.17193,23.58824,21.35636,25.083225,24.85378
batch_01900_patch.tiff,patch_62,25.12516,24.75173,24.439953,24.043642,26.640432
batch_01900_patch.tiff,patch_63,25.829443,24.364283,23.397984,25.253294,26.29977
batch_01900_patch.tiff,patch_64,25.328083,23.847908,23.766853,24.666847,26.525959
batch_01900_patch.tiff,patch_65,26.438593,23.715015,27.120857,25.932161,26.991375
batch_01900_patch.tiff,patch_66,24.884556,23.263885,25.805815,24.994545,26.178026
batch_01900_patch.tiff,patch_67,23.772745,23.194344,22.02245,24.070204,25.854416
batch_01900_patch.tiff,patch_68,25.37146,23.670776,26.233091,23.651752,27.380503
batch_01900_patch.tiff,patch_69,25.69815,24.861801,25.870634,25.294754,27.797543
batch_01900_patch.tiff,patch_70,25.021753,24.876368,24.079227,24.319895,27.871937
batch_01900_patch.tiff,patch_71,24.924282,24.054457,25.70461,23.935322,27.058342
batch_01900_patch.tiff,patch_72,25.891588,23.470192,26.260145,23.80741,26.332886
batch_01900_patch.tiff,patch_73,24.603016,24.145096,21.953703,24.477236,25.309069
batch_01900_patch.tiff,patch_74,25.325388,25.264896,23.74536,23.840727,26.628494
batch_01900_patch.tiff,patch_75,24.702627,23.93946,25.86693,23.84689,26.332691
batch_01900_patch.tiff,patch_76,24.633234,24.885017,23.906057,24.074602,26.555416
batch_01900_patch.tiff,patch_77,26.928291,24.244953,26.113194,25.138668,26.930647
batch_01900_patch.tiff,patch_78,27.401907,25.13748,26.365202,25.553165,28.29879
batch_01900_patch.tiff,patch_79,26.296011,24.5126,25.879639,24.5225,26.840786
batch_01900_patch.tiff,patch_80,25.23612,25.184578,25.691904,24.78704,27.446869
batch_01900_patch.tiff,patch_81,25.6633,23.379833,24.18186,25.664106,26.162937
batch_01900_patch.tiff,patch_82,25.71806,23.112658,26.234241,24.862028,26.976034
batch_01900_patch.tiff,patch_83,26.538475,24.227634,27.452223,24.695045,27.606283
batch_01900_patch.tiff,patch_84,26.896973,23.266645,28.96881,24.923548,26.185934
batch_01900_patch.tiff,patch_85,25.692028,25.398388,24.735128,24.443855,28.752378
batch_01900_patch.tiff,patch_86,26.109745,24.23787,25.664227,24.3468,27.957954
batch_01900_patch.tiff,patch_87,25.92269,24.344736,25.105911,24.98081,27.626396
batch_01900_patch.tiff,patch_88,24.746857,24.188654,25.702839,24.576445,27.362186
batch_01900_patch.tiff,patch_89,26.729181,24.808413,25.512104,25.23971,27.32094
batch_01900_patch.tiff,patch_90,26.658644,24.191126,25.663206,25.860031,27.10101
batch_01900_patch.tiff,patch_91,26.551374,25.124697,26.669184,23.921663,29.384127
batch_01900_patch.tiff,patch_92,26.235807,24.340405,26.416023,24.804201,27.117609
batch_01900_patch.tiff,patch_93,26.317331,25.236267,25.293762,24.632685,27.503458
batch_01900_patch.tiff,patch_94,25.951183,23.680439,24.44776,24.860647,26.941025
batch_01900_patch.tiff,patch_95,26.851446,23.943913,26.310875,23.831347,27.475243
batch_01900_patch.tiff,patch_96,25.802721,24.156828,24.524807,25.57378,26.397358
batch_01900_patch.tiff,patch_97,25.409683,24.552643,23.26174,24.282522,26.86722
batch_01900_patch.tiff,patch_98,25.797968,23.569548,23.937716,25.57856,26.863768
batch_01900_patch.tiff,patch_99,26.073313,24.762249,24.379793,25.013487,27.564108
batch_01900_patch.tiff,patch_100,26.44183,24.015371,26.577631,25.300447,28.177502
batch_01900_patch.tiff,patch_101,25.560003,24.732317,25.406431,24.861567,28.091192
batch_01900_patch.tiff,patch_102,25.257725,24.663155,25.384327,24.516384,26.799704
batch_01900_patch.tiff,patch_103,25.425194,24.436605,26.360802,23.679296,27.260197
batch_01900_patch.tiff,patch_104,26.738018,24.329878,25.221846,26.017141,25.921612
batch_01900_patch.tiff,patch_105,25.822742,24.427776,25.392622,24.896948,27.272902
batch_01900_patch.tiff,patch_106,25.577475,25.082756,24.179482,24.489368,25.770142
batch_01900_patch.tiff,patch_107,26.684996,24.259682,26.505798,25.504625,27.47907
batch_01900_patch.tiff,patch_108,25.829702,23.980305,24.0238,23.781925,26.90138
batch_01900_patch.tiff,patch_109,25.786327,24.851866,24.902409,24.852232,27.871597
batch_01900_patch.tiff,patch_110,26.000145,23.699522,25.85946,25.06577,28.306805
batch_01900_patch.tiff,patch_111,26.485912,24.441423,26.768335,24.94754,27.960648
batch_01900_patch.tiff,patch_112,27.259737,23.84888,27.180082,25.733614,27.93809
batch_01900_patch.tiff,patch_113,25.239706,23.83294,24.090462,24.105967,27.950071
batch_01900_patch.tiff,patch_114,26.528893,25.268116,26.178812,23.97835,28.777113
batch_01900_patch.tiff,patch_115,26.283186,23.323229,26.807705,23.86129,26.528353
batch_01900_patch.tiff,patch_116,28.072594,25.651436,27.561453,24.414442,28.74089
batch_01900_patch.tiff,patch_117,25.883863,24.142832,25.584593,25.061893,26.549534
batch_01900_patch.tiff,patch_118,25.512527,24.922892,23.641306,24.728466,27.42419
batch_01900_patch.tiff,patch_119,26.130058,23.858995,27.346846,24.534449,27.543749
batch_01900_patch.tiff,patch_120,26.555094,24.480028,25.763348,24.60052,27.709364
batch_01900_patch.tiff,patch_121,24.262337,23.570509,22.65606,25.262405,25.62672
batch_01900_patch.tiff,patch_122,25.894274,23.810637,26.168348,24.569561,27.743788
batch_01900_patch.tiff,patch_123,27.241802,23.859205,27.604599,25.528728,28.63045
batch_01900_patch.tiff,patch_124,26.526983,23.513016,25.978325,25.159103,26.848198
batch_01900_patch.tiff,patch_125,25.64615,23.832026,24.703909,25.317942,26.720821
batch_01900_patch.tiff,patch_126,26.619802,24.051243,24.676857,25.070707,26.935717
batch_01900_patch.tiff,patch_127,26.686867,24.78276,26.863976,25.65766,28.333445
batch_01900_patch.tiff,patch_128,26.842072,23.60402,28.386936,24.460009,27.725801
batch_01900_patch.tiff,patch_129,25.689066,24.370148,25.161304,25.555689,26.047209
batch_01900_patch.tiff,patch_130,25.560736,24.866373,24.724327,25.251461,27.039951
batch_01900_patch.tiff,patch_131,26.758488,23.731009,27.27368,24.282316,28.474237
batch_01900_patch.tiff,patch_132,26.466764,24.13151,26.72467,23.924437,28.06451
batch_01900_patch.tiff,patch_133,25.36893,24.062233,26.123318,24.349623,27.76415
batch_01900_patch.tiff,patch_134,26.039179,23.756796,24.500929,25.418734,25.865532
batch_01900_patch.tiff,patch_135,26.443012,22.954697,26.963364,25.152182,27.500523
batch_01900_patch.tiff,patch_136,25.617495,22.681948,27.823042,25.216764,27.422089
batch_01900_patch.tiff,patch_137,25.05066,24.256721,23.699146,25.297564,26.54237
batch_01900_patch.tiff,patch_138,26.605597,24.703505,25.223948,24.754364,27.054808
batch_01900_patch.tiff,patch_139,26.89031,24.162256,29.042501,25.162842,28.588842
batch_01900_patch.tiff,patch_140,26.488178,24.513672,26.917248,24.7081,27.751503
batch_01900_patch.tiff,patch_141,25.101042,23.337034,26.019068,24.370829,26.273046
batch_01900_patch.tiff,patch_142,25.626007,24.139343,25.805693,23.956518,26.141401
batch_01900_patch.tiff,patch_143,24.861168,23.10914,25.174597,24.074434,26.347599
batch_01900_patch.tiff,patch_144,27.037317,24.301924,26.736881,24.302029,27.895973
batch_01900_patch.tiff,patch_145,25.668676,23.517769,24.941858,25.448317,26.257498
batch_01900_patch.tiff,patch_146,25.510468,23.25706,24.535488,24.033741,26.308914
batch_01900_patch.tiff,patch_147,27.214636,24.176123,26.102242,25.272491,29.231604
batch_01900_patch.tiff,patch_148,27.31791,22.990541,26.44615,25.511383,27.95753
batch_01900_patch.tiff,patch_149,24.331821,25.274538,25.747845,23.23481,26.412067
batch_01900_patch.tiff,patch_150,25.951359,24.414555,26.971739,24.338028,27.97945
batch_01900_patch.tiff,patch_151,26.967667,24.512814,27.139736,24.71821,27.70005
batch_01900_patch.tiff,patch_152,23.082426,22.839865,21.989864,23.76487,25.632353
batch_01900_patch.tiff,patch_153,24.400099,23.862106,23.467173,25.235397,25.636122
batch_01900_patch.tiff,patch_154,23.232544,23.838778,21.5065,24.57116,25.351656
batch_01900_patch.tiff,patch_155,24.897232,24.454567,23.835873,24.041662,25.51098
batch_01900_patch.tiff,patch_156,24.766617,23.727404,23.687515,24.579924,25.868277
batch_01900_patch.tiff,patch_157,27.31896,24.340523,27.774586,24.569178,27.323904
batch_01900_patch.tiff,patch_158,27.160076,23.508947,26.59635,25.273624,27.773945
batch_01900_patch.tiff,patch_159,26.305676,24.642326,24.428158,24.394468,28.491756
batch_01900_patch.tiff,patch_160,26.362442,24.7417,26.53272,24.770931,28.059736
batch_01900_patch.tiff,patch_161,26.620693,24.65582,26.404642,25.706661,27.958572
batch_01900_patch.tiff,patch_162,27.278545,24.173067,27.229065,25.314667,27.839338
batch_01900_patch.tiff,patch_163,25.42591,24.058622,24.832027,25.444881,27.202744
batch_01900_patch.tiff,patch_164,25.135021,24.880259,24.72885,25.192835,27.090008
batch_01900_patch.tiff,patch_165,25.07452,24.01187,24.880205,24.39933,27.228174
batch_01900_patch.tiff,patch_166,26.23369,24.497665,26.650951,24.485426,27.548033
batch_01900_patch.tiff,patch_167,24.83979,24.289207,23.651865,24.084854,25.962912
batch_01900_patch.tiff,patch_168,24.875835,22.988754,24.237604,23.93874,26.288212
batch_01900_patch.tiff,patch_169,26.13181,24.003038,24.788115,25.174149,27.60431
batch_01900_patch.tiff,patch_170,27.481693,24.680172,26.579622,25.361767,27.726933
batch_01900_patch.tiff,patch_171,26.96127,24.16158,27.407026,25.292395,27.452114
batch_01900_patch.tiff,patch_172,25.477045,24.553518,25.768902,25.031866,27.079014
batch_01900_patch.tiff,patch_173,24.804588,24.526236,25.184206,25.097225,27.98054
batch_01900_patch.tiff,patch_174,27.015968,24.883814,25.962513,25.065956,26.957848
batch_01900_patch.tiff,patch_175,25.470211,24.791294,23.991985,24.065125,27.864218
batch_01900_patch.tiff,patch_176,25.382502,24.608528,24.183426,25.20733,27.805592
batch_01900_patch.tiff,patch_177,25.426926,24.177608,25.224047,24.99114,26.753021
batch_01900_patch.tiff,patch_178,25.113647,23.79446,25.755112,23.127913,26.986347
batch_01900_patch.tiff,patch_179,25.213615,23.691874,24.851732,24.198135,26.352259
batch_01900_patch.tiff,patch_180,24.983913,25.558601,24.724003,24.440771,28.126343
batch_01900_patch.tiff,patch_181,25.686466,24.897013,24.932035,23.973383,27.248392
batch_01950_patch.tiff,patch_0,23.70815,23.846172,22.332382,24.50162,25.223398
batch_01950_patch.tiff,patch_1,26.19943,24.680288,26.166218,25.081757,27.646118
batch_01950_patch.tiff,patch_2,24.585443,23.445505,25.210243,23.805126,27.403257
batch_01950_patch.tiff,patch_3,22.837078,22.412268,22.715864,23.581934,25.027405
batch_01950_patch.tiff,patch_4,24.734823,23.237179,26.11005,24.084417,25.967802
batch_01950_patch.tiff,patch_5,24.882568,23.232891,23.66831,26.10537,24.57964
batch_01950_patch.tiff,patch_6,24.512089,23.395332,22.886948,24.028383,25.328651
batch_01950_patch.tiff,patch_7,25.905376,23.711008,25.705652,23.840202,27.529795
batch_01950_patch.tiff,patch_8,25.61739,24.487278,27.071386,23.212084,27.364634
batch_01950_patch.tiff,patch_9,24.978483,24.142942,26.099964,22.82238,26.85394
batch_01950_patch.tiff,patch_10,25.052425,23.827679,24.855373,24.692383,25.884481
batch_01950_patch.tiff,patch_11,25.996092,23.86443,26.963263,24.67238,27.440172
batch_01950_patch.tiff,patch_12,26.37041,24.085617,28.702845,23.654097,26.355324
batch_01950_patch.tiff,patch_13,24.960297,22.934559,23.682535,24.210411,25.700926
batch_01950_patch.tiff,patch_14,26.516043,23.881092,24.802505,24.23575,27.103062
batch_01950_patch.tiff,patch_15,24.293667,24.131739,24.483404,23.666063,27.984488
batch_01950_patch.tiff,patch_16,24.624542,24.74527,24.709805,23.500551,27.474176
batch_01950_patch.tiff,patch_17,24.671267,23.35996,23.591316,25.420835,25.59218
batch_01950_patch.tiff,patch_18,24.107014,23.727238,24.188175,24.756243,26.431225
batch_01950_patch.tiff,patch_19,26.307116,23.40142,24.316193,23.341497,26.233398
batch_01950_patch.tiff,patch_20,24.074606,23.442236,23.402496,24.391283,25.979574
batch_01950_patch.tiff,patch_21,25.839317,24.243313,26.15581,24.415,27.344881
batch_01950_patch.tiff,patch_22,23.994764,24.372839,26.010653,23.523752,26.589155
batch_01950_patch.tiff,patch_23,25.10833,23.83315,23.813152,24.662449,25.525509
batch_01950_patch.tiff,patch_24,26.215725,24.77362,26.939037,23.656721,28.266014
batch_01950_patch.tiff,patch_25,25.688246,24.76492,27.679623,23.570356,26.995026
batch_01950_patch.tiff,patch_26,24.197405,24.065895,24.447927,24.66964,27.977169
batch_01950_patch.tiff,patch_27,24.303738,24.237211,24.41277,24.256708,26.73865
batch_01950_patch.tiff,patch_28,24.917278,24.597368,25.781397,23.7631,27.850912
batch_01950_patch.tiff,patch_29,24.53949,24.293367,24.165813,23.651838,26.373787
batch_01950_patch.tiff,patch_30,26.088572,24.22981,26.160267,24.571445,25.607462
batch_01950_patch.tiff,patch_31,25.437857,24.841673,25.036383,25.27219,26.64634
batch_01950_patch.tiff,patch_32,24.63857,23.3709,24.145445,24.224346,26.424324
batch_01950_patch.tiff,patch_33,25.688173,22.778347,23.838219,24.72488,25.917028
batch_01950_patch.tiff,patch_34,25.163881,24.081831,25.419312,23.412676,27.239231
batch_01950_patch.tiff,patch_35,25.802769,24.504665,24.602255,24.306746,26.219822
batch_01950_patch.tiff,patch_36,24.484253,24.619255,23.769625,24.884388,27.182623
batch_01950_patch.tiff,patch_37,25.659561,24.044722,23.930044,25.266897,26.594444
batch_01950_patch.tiff,patch_38,26.173681,24.249552,26.956186,24.903206,25.530424
batch_01950_patch.tiff,patch_39,25.476526,24.495653,23.649078,23.305174,27.308836
batch_01950_patch.tiff,patch_40,24.161898,22.514446,23.597916,25.348972,26.652813
batch_01950_patch.tiff,patch_41,26.13244,24.462872,24.83069,24.086159,26.920666
batch_01950_patch.tiff,patch_42,25.585337,24.48055,24.79262,23.750994,27.102406
batch_01950_patch.tiff,patch_43,24.968082,23.166595,23.980982,24.689777,25.491314
batch_01950_patch.tiff,patch_44,25.405714,23.794605,25.78308,25.170654,26.404755
batch_01950_patch.tiff,patch_45,25.324684,23.634953,24.249226,24.672771,26.787878
batch_01950_patch.tiff,patch_46,26.12249,24.23707,27.169796,23.737774,27.06503
batch_01950_patch.tiff,patch_47,25.049973,23.837225,24.94533,23.782663,27.071423
batch_01950_patch.tiff,patch_48,24.212358,23.305117,23.866152,23.059164,25.225195
batch_01950_patch.tiff,patch_49,25.82853,23.816854,24.731487,24.57094,25.767818
batch_01950_patch.tiff,patch_50,24.27848,23.436054,22.749521,25.093761,25.946728
batch_01950_patch.tiff,patch_51,26.569872,25.116812,26.910454,24.218985,26.671953
batch_01950_patch.tiff,patch_52,27.68935,25.450901,26.311857,24.714762,28.74674
batch_01950_patch.tiff,patch_53,24.553524,24.2941,23.938,23.844957,27.200363
batch_01950_patch.tiff,patch_54,24.806293,24.71691,25.340702,23.555447,27.353088
batch_01950_patch.tiff,patch_55,25.7559,25.150621,25.918785,23.609728,28.092007
batch_01950_patch.tiff,patch_56,26.166807,23.685755,24.765358,24.632236,27.528662
batch_01950_patch.tiff,patch_57,25.828934,22.992418,24.993807,24.635906,26.611116
batch_01950_patch.tiff,patch_58,23.62004,22.820263,22.461304,24.160982,25.38628
batch_01950_patch.tiff,patch_59,24.739971,23.612062,24.222403,23.807604,26.31146
batch_01950_patch.tiff,patch_60,24.154478,24.071026,23.950977,24.709106,25.140854
batch_01950_patch.tiff,patch_61,25.555262,24.767143,25.728464,24.099255,27.992714
batch_01950_patch.tiff,patch_62,26.321127,23.540571,27.457512,24.350574,27.550682
batch_01950_patch.tiff,patch_63,25.663103,23.506744,25.10862,24.314302,26.720926
batch_01950_patch.tiff,patch_64,25.768,24.731949,26.741182,23.843576,28.263075
batch_01950_patch.tiff,patch_65,27.078718,25.585428,26.709398,23.857676,29.022636
batch_01950_patch.tiff,patch_66,25.71583,24.681581,23.401314,24.113922,26.8144
batch_01950_patch.tiff,patch_67,24.947435,24.43144,25.330969,23.831509,27.39717
batch_01950_patch.tiff,patch_68,26.21696,23.908646,24.356997,24.757303,28.302279
batch_01950_patch.tiff,patch_69,25.918737,23.559116,24.559317,24.61216,27.55602
batch_01950_patch.tiff,patch_70,25.48591,24.184795,24.166954,24.54571,27.259453
batch_01950_patch.tiff,patch_71,24.322458,24.016691,24.821497,24.83944,26.866844
batch_01950_patch.tiff,patch_72,24.635567,24.978045,25.289377,23.97511,26.535788
batch_01950_patch.tiff,patch_73,24.335354,23.812414,23.386908,24.095686,25.87137
batch_01950_patch.tiff,patch_74,26.198013,24.170788,27.2429,24.872414,27.023005
batch_01950_patch.tiff,patch_75,24.923536,22.941563,23.993635,24.522375,26.385468
batch_01950_patch.tiff,patch_76,24.651045,23.079803,24.260178,25.133165,25.668703
batch_01950_patch.tiff,patch_77,24.792364,23.661297,25.03502,24.98998,27.186386
batch_01950_patch.tiff,patch_78,24.082674,24.127731,23.887037,24.079004,26.749298
batch_01950_patch.tiff,patch_79,23.921705,23.03975,23.444323,23.527422,26.653534
batch_01950_patch.tiff,patch_80,26.524961,24.005684,27.128668,24.320364,27.840498
batch_01950_patch.tiff,patch_81,26.10697,23.510216,26.129227,24.326445,26.718533
batch_01950_patch.tiff,patch_82,24.644087,23.88912,24.31976,23.659046,27.157578
batch_01950_patch.tiff,patch_83,25.221834,24.148014,25.732924,24.25528,27.05184
batch_01950_patch.tiff,patch_84,26.067629,25.130203,25.604206,25.12036,27.749826
batch_01950_patch.tiff,patch_85,24.77349,25.018276,24.091572,24.682358,26.155113
batch_01950_patch.tiff,patch_86,26.183016,23.290312,26.289522,24.09061,26.71596
batch_01950_patch.tiff,patch_87,24.990917,23.223072,24.246275,25.505585,25.958073
batch_01950_patch.tiff,patch_88,25.620296,24.243834,25.68082,25.018599,26.538776
batch_01950_patch.tiff,patch_89,24.282598,24.091213,23.712399,24.26977,26.837921
batch_01950_patch.tiff,patch_90,24.607697,24.360561,24.284863,24.228554,26.874437
batch_01950_patch.tiff,patch_91,24.79303,24.116405,23.614672,24.680902,26.504972
batch_01950_patch.tiff,patch_92,26.109558,22.242083,26.569916,24.771019,26.032745
batch_01950_patch.tiff,patch_93,25.784044,23.411654,23.671854,24.689108,25.649164
batch_01950_patch.tiff,patch_94,26.251226,23.62832,25.663498,25.07781,27.011044
batch_01950_patch.tiff,patch_95,24.306803,23.379683,23.378883,24.613697,25.985367
batch_01950_patch.tiff,patch_96,25.327087,24.590635,26.34152,23.417711,27.885145
batch_01950_patch.tiff,patch_97,24.608196,24.320513,24.390865,23.947855,26.345913
batch_01950_patch.tiff,patch_98,25.908327,23.811382,25.169641,23.65651,27.074009
batch_01950_patch.tiff,patch_99,24.02244,23.955418,23.211424,24.558773,25.73277
batch_01950_patch.tiff,patch_100,26.6414,23.96535,25.0932,25.256668,27.273727
batch_01950_patch.tiff,patch_101,26.200563,24.42801,24.755432,24.596384,26.953684
batch_01950_patch.tiff,patch_102,23.982048,23.841124,25.305628,23.596956,26.164553
batch_01950_patch.tiff,patch_103,26.303638,24.456331,25.430202,23.693232,24.902527
batch_01950_patch.tiff,patch_104,24.515194,23.493767,23.356283,23.334063,26.063263
batch_01950_patch.tiff,patch_105,24.79501,23.504475,24.591583,24.700535,26.85285
batch_01950_patch.tiff,patch_106,25.570183,23.934328,27.36671,24.56253,26.108341
batch_01950_patch.tiff,patch_107,25.108215,23.480957,26.463785,23.930191,26.085001
batch_01950_patch.tiff,patch_108,26.747026,23.887804,26.164072,24.49773,26.359228
batch_01950_patch.tiff,patch_109,26.815342,24.292923,27.20999,24.542027,27.403543
batch_01950_patch.tiff,patch_110,25.816069,23.055082,26.033022,24.083313,26.5948
batch_01950_patch.tiff,patch_111,25.421423,23.488363,25.688469,23.91714,27.420673
batch_01950_patch.tiff,patch_112,27.013456,24.50027,25.954798,25.188742,26.97773
batch_01950_patch.tiff,patch_113,26.463984,23.557251,25.606613,24.864582,26.7678
batch_01950_patch.tiff,patch_114,23.904613,24.118181,24.009438,23.918028,25.299498
batch_01950_patch.tiff,patch_115,24.792215,22.653252,25.952808,23.052568,25.72026
batch_01950_patch.tiff,patch_116,25.936504,23.817698,25.643654,24.240816,27.2509
batch_01950_patch.tiff,patch_117,24.715836,23.54647,23.549192,24.235498,26.062742
batch_01950_patch.tiff,patch_118,24.774887,23.313522,24.281887,24.315746,24.273537
batch_01950_patch.tiff,patch_119,25.007738,24.076046,25.477304,23.511549,26.258543
batch_01950_patch.tiff,patch_120,27.879707,24.460861,27.209469,25.663641,26.28068
batch_01950_patch.tiff,patch_121,25.97578,23.732023,25.546116,24.671856,26.6164
batch_01950_patch.tiff,patch_122,26.45085,23.546577,26.581396,23.381475,27.815126
batch_01950_patch.tiff,patch_123,26.545277,24.54305,26.489569,24.617706,27.948427
batch_01950_patch.tiff,patch_124,23.190151,23.52915,24.583622,24.108425,27.921658
batch_01950_patch.tiff,patch_125,24.498606,22.93293,25.326784,24.455175,27.403423
batch_01950_patch.tiff,patch_126,25.520771,23.309132,23.69352,25.446081,25.553003
batch_01950_patch.tiff,patch_127,25.12508,25.311218,25.11849,24.530704,27.286987
batch_01950_patch.tiff,patch_128,23.77364,23.610727,23.54611,24.201765,26.161356
batch_01950_patch.tiff,patch_129,24.399157,23.64596,23.238205,23.41268,26.040157
batch_01950_patch.tiff,patch_130,24.9639,23.777802,26.476131,23.204544,26.788446
batch_01950_patch.tiff,patch_131,24.500643,23.552433,25.51205,22.86751,25.926659
batch_01950_patch.tiff,patch_132,25.09947,24.057116,25.131828,25.125381,25.985476
batch_01950_patch.tiff,patch_133,24.890656,24.02859,25.015594,24.894365,26.400667
batch_01950_patch.tiff,patch_134,25.451454,24.657827,24.092604,25.012012,26.394352
batch_01950_patch.tiff,patch_135,25.483627,24.360056,25.24028,24.486177,27.12041
batch_01950_patch.tiff,patch_136,25.0564,24.00952,24.776497,24.324726,27.884434
batch_01950_patch.tiff,patch_137,24.413738,23.160166,25.463198,23.64864,27.00882
batch_01950_patch.tiff,patch_138,25.90709,24.766672,26.52017,24.619535,25.909044
batch_01950_patch.tiff,patch_139,26.870962,25.184082,24.839075,24.708887,26.377375
batch_01950_patch.tiff,patch_140,25.92868,24.591293,25.604101,24.995369,27.146622
batch_01950_patch.tiff,patch_141,25.810835,24.448967,23.706306,25.538198,26.623941
batch_01950_patch.tiff,patch_142,26.103312,24.161592,24.702326,23.111982,27.592947
batch_01950_patch.tiff,patch_143,24.795206,24.202976,24.986694,23.74281,26.650995
batch_01950_patch.tiff,patch_144,24.239614,23.53766,23.14998,24.654396,25.517141
batch_01950_patch.tiff,patch_145,24.695423,23.62776,24.58913,24.273167,26.911915
batch_01950_patch.tiff,patch_146,24.56738,24.833836,25.916092,24.082443,26.858395
batch_01950_patch.tiff,patch_147,26.121843,25.157694,25.577076,24.59288,27.500528
batch_01950_patch.tiff,patch_148,25.005096,24.579716,24.040142,23.938862,27.562864
batch_01950_patch.tiff,patch_149,24.87163,22.979874,25.391502,24.550135,27.390568
batch_01950_patch.tiff,patch_150,25.930235,26.053114,25.969109,24.11686,27.204279
batch_01950_patch.tiff,patch_151,25.650068,24.94506,24.903902,23.72958,26.59015
batch_01950_patch.tiff,patch_152,23.547564,24.021729,24.455397,23.037949,25.66452
batch_01950_patch.tiff,patch_153,24.737726,24.37639,24.502695,24.033064,26.100864
batch_01950_patch.tiff,patch_154,26.525522,24.543945,27.090899,24.29566,27.490896
batch_01950_patch.tiff,patch_155,26.681017,24.981997,25.727144,25.690443,26.97138
batch_01950_patch.tiff,patch_156,26.004978,24.429535,26.075073,24.497128,26.883139
batch_01950_patch.tiff,patch_157,25.246748,23.309486,24.827362,23.618372,26.657812
batch_01950_patch.tiff,patch_158,23.69801,23.63405,22.460672,24.29466,25.665913
batch_01950_patch.tiff,patch_159,24.616516,24.595085,23.101677,25.02903,26.037306
batch_01950_patch.tiff,patch_160,24.105547,24.295595,24.287825,23.790905,27.564062
batch_01950_patch.tiff,patch_161,23.827843,23.535316,24.848017,23.407894,27.508844
batch_01950_patch.tiff,patch_162,25.94081,25.308601,26.6142,24.481184,27.41849
batch_01950_patch.tiff,patch_163,25.914352,24.927275,25.848333,24.11757,26.285389
batch_01950_patch.tiff,patch_164,24.673342,23.741634,24.54599,23.877598,27.025438
batch_01950_patch.tiff,patch_165,23.972414,23.134533,23.44292,23.156935,24.822844
batch_01950_patch.tiff,patch_166,26.256939,23.565336,26.538267,25.052109,26.74868
batch_01950_patch.tiff,patch_167,25.747168,23.672035,25.122494,24.502018,27.2916
batch_01950_patch.tiff,patch_168,25.66473,24.205376,26.589094,23.848118,26.997704
batch_01950_patch.tiff,patch_169,26.851337,23.361988,27.083855,25.232101,26.292885
batch_01950_patch.tiff,patch_170,26.72652,24.477713,25.504602,24.194962,26.469967
batch_01950_patch.tiff,patch_171,26.1385,24.89194,25.86206,24.528294,26.430681
batch_01950_patch.tiff,patch_172,26.33097,24.324417,24.76681,25.117342,27.14044
batch_01950_patch.tiff,patch_173,26.280323,23.04937,27.541264,24.152824,26.89118
batch_01950_patch.tiff,patch_174,25.187962,24.192423,26.625063,24.089716,25.988356
batch_01950_patch.tiff,patch_175,24.56784,24.166252,26.250492,22.74442,26.985739
batch_01950_patch.tiff,patch_176,25.141045,23.774363,25.233715,24.734364,26.910292
batch_01950_patch.tiff,patch_177,24.327072,23.555323,24.525545,23.678396,26.841871
batch_01950_patch.tiff,patch_178,24.61248,23.529928,24.252821,24.071058,25.779684
batch_01950_patch.tiff,patch_179,25.596123,23.654253,25.301882,24.007462,26.560694
batch_01950_patch.tiff,patch_180,25.37977,24.23974,24.630173,24.344425,27.033096
batch_01950_patch.tiff,patch_181,25.750261,25.614893,25.926207,24.131512,28.24837
batch_01950_patch.tiff,patch_182,24.323456,24.527897,23.985126,24.625841,27.073368
batch_01950_patch.tiff,patch_183,24.459759,24.306946,23.750969,24.565723,26.060942
batch_02000_patch.tiff,patch_0,23.756014,23.869154,21.694475,23.717674,25.087967
batch_02000_patch.tiff,patch_1,26.024519,25.254723,25.403927,24.233772,27.456362
batch_02000_patch.tiff,patch_2,25.859373,24.86813,27.18747,23.881935,26.998272
batch_02000_patch.tiff,patch_3,25.1412,23.438633,25.97079,23.971909,25.708708
batch_02000_patch.tiff,patch_4,25.637108,24.258766,24.423208,24.64333,26.491909
batch_02000_patch.tiff,patch_5,26.099073,25.046188,24.508886,25.536219,26.00551
batch_02000_patch.tiff,patch_6,26.011797,25.219824,23.169952,24.194548,26.077438
batch_02000_patch.tiff,patch_7,25.69008,25.57343,25.386646,23.942867,26.615858
batch_02000_patch.tiff,patch_8,26.379078,24.237587,25.452353,25.297052,26.926584
batch_02000_patch.tiff,patch_9,26.382761,25.698084,25.067675,24.088566,28.622406
batch_02000_patch.tiff,patch_10,24.405176,24.474213,23.34607,24.826756,25.956894
batch_02000_patch.tiff,patch_11,26.439339,24.36412,26.590364,24.299343,26.864527
batch_02000_patch.tiff,patch_12,26.04681,25.15532,26.36884,24.590574,28.108944
batch_02000_patch.tiff,patch_13,25.130297,23.22066,24.724316,23.371317,25.44748
batch_02000_patch.tiff,patch_14,24.746277,23.804125,24.636114,23.771603,26.607376
batch_02000_patch.tiff,patch_15,25.127766,23.737925,26.265278,22.906168,25.791441
batch_02000_patch.tiff,patch_16,25.468449,24.394602,27.136017,22.678225,24.891447
batch_02000_patch.tiff,patch_17,26.399895,24.80816,27.639334,24.727594,27.663774
batch_02000_patch.tiff,patch_18,26.512342,24.062616,29.38122,24.722109,26.481358
batch_02000_patch.tiff,patch_19,24.895727,25.39018,22.765852,24.164024,26.264904
batch_02000_patch.tiff,patch_20,27.362772,26.259792,24.775812,23.789705,27.24975
batch_02000_patch.tiff,patch_21,26.295097,24.236944,24.901152,23.374874,27.769413
batch_02000_patch.tiff,patch_22,26.506626,23.764496,24.394278,24.502256,26.749622
batch_02000_patch.tiff,patch_23,23.702696,23.36243,24.58047,23.790476,25.532297
batch_02000_patch.tiff,patch_24,26.027822,25.175182,28.180265,24.383406,27.962517
batch_02000_patch.tiff,patch_25,25.26935,24.378967,26.382378,24.140024,28.053762
batch_02000_patch.tiff,patch_26,25.031986,23.467667,24.525677,23.410057,26.453485
batch_02000_patch.tiff,patch_27,25.363598,24.457506,25.027721,23.775877,25.828613
batch_02000_patch.tiff,patch_28,26.724413,24.37454,23.272799,24.989307,24.812115
batch_02000_patch.tiff,patch_29,25.931105,24.493847,22.90189,23.757496,25.234762
batch_02000_patch.tiff,patch_30,25.664005,23.753553,23.717075,24.528988,24.219837
batch_02000_patch.tiff,patch_31,25.54449,25.399515,26.15847,24.667114,26.569977
batch_02000_patch.tiff,patch_32,25.54823,24.795353,25.33701,23.601305,28.444998
batch_02000_patch.tiff,patch_33,26.02228,25.301416,25.927393,24.920914,27.83501
batch_02000_patch.tiff,patch_34,26.342497,23.968166,25.39406,23.92751,27.37921
batch_02000_patch.tiff,patch_35,26.616259,24.708586,28.625023,23.939554,28.259361
batch_02000_patch.tiff,patch_36,26.046492,24.302862,26.871712,23.23921,27.03901
batch_02000_patch.tiff,patch_37,24.5955,24.712818,25.816683,24.151257,27.584486
batch_02000_patch.tiff,patch_38,24.705698,24.437235,23.662388,24.406681,26.744629
batch_02000_patch.tiff,patch_39,25.985882,25.188877,23.76054,24.4449,25.055208
batch_02000_patch.tiff,patch_40,25.575422,25.864618,24.36415,23.474428,26.78527
batch_02000_patch.tiff,patch_41,25.20446,23.286612,25.066864,23.674494,25.611168
batch_02000_patch.tiff,patch_42,26.177448,24.106018,24.43871,25.475122,24.97041
batch_02000_patch.tiff,patch_43,26.005636,26.134367,23.45573,23.596727,26.735565
batch_02000_patch.tiff,patch_44,24.602282,24.883505,21.523092,22.128527,27.126791
batch_02000_patch.tiff,patch_45,25.918913,23.866926,24.606487,23.95619,28.171997
batch_02000_patch.tiff,patch_46,25.551191,24.07875,25.128775,24.289616,27.410555
batch_02000_patch.tiff,patch_47,25.207188,23.89272,23.073975,25.260824,26.262293
batch_02000_patch.tiff,patch_48,25.728796,23.852764,24.300669,24.226368,27.242289
batch_02000_patch.tiff,patch_49,25.101715,23.527475,23.623573,24.270424,25.860878
batch_02000_patch.tiff,patch_50,26.540157,25.924147,24.597567,24.546553,28.108725
batch_02000_patch.tiff,patch_51,25.248642,24.813204,23.978735,23.171865,26.51897
batch_02000_patch.tiff,patch_52,25.586838,25.886267,22.675999,23.260498,26.177639
batch_02000_patch.tiff,patch_53,24.219723,24.541956,22.034052,23.43964,26.839746
batch_02000_patch.tiff,patch_54,24.615553,25.152729,23.199482,23.30293,27.161074
batch_02000_patch.tiff,patch_55,25.679688,24.14995,27.357855,24.569113,26.727161
batch_02000_patch.tiff,patch_56,25.098524,24.269175,25.167643,24.247879,27.87248
batch_02000_patch.tiff,patch_57,26.248386,23.93021,27.721085,24.74765,26.921423
batch_02000_patch.tiff,patch_58,25.873346,23.508202,24.933577,24.725374,25.695528
batch_02000_patch.tiff,patch_59,26.122969,26.052904,26.413965,24.26067,26.948536
batch_02000_patch.tiff,patch_60,24.736187,24.786768,23.348848,23.430439,26.34759
batch_02000_patch.tiff,patch_61,24.62685,25.187788,23.746178,23.430073,27.320728
batch_02000_patch.tiff,patch_62,25.71998,24.867506,23.03178,23.574785,26.65648
batch_02000_patch.tiff,patch_63,24.305508,25.007944,22.99606,23.267408,26.468006
batch_02000_patch.tiff,patch_64,25.482681,22.937244,26.5501,23.698677,26.300785
batch_02000_patch.tiff,patch_65,25.56112,23.802916,25.999279,24.307243,26.311802
batch_02000_patch.tiff,patch_66,26.105536,24.69239,28.462278,22.725796,27.549221
batch_02000_patch.tiff,patch_67,26.489552,24.169735,27.981155,24.483057,26.805738
batch_02000_patch.tiff,patch_68,24.952278,25.155094,24.335997,23.557709,26.96008
batch_02000_patch.tiff,patch_69,26.083693,25.931213,24.010664,24.468029,27.346039
batch_02000_patch.tiff,patch_70,27.473715,24.468618,28.099148,25.249352,27.842758
batch_02000_patch.tiff,patch_71,26.612196,24.596285,25.709385,24.29404,27.986319
batch_02000_patch.tiff,patch_72,25.787968,24.42722,25.675148,25.199291,26.690865
batch_02000_patch.tiff,patch_73,24.953608,23.894321,25.132225,25.257599,26.041773
batch_02000_patch.tiff,patch_74,26.728174,24.88819,27.262518,24.763693,28.212952
batch_02000_patch.tiff,patch_75,26.09292,25.111616,28.130468,24.224045,28.531197
batch_02000_patch.tiff,patch_76,27.073318,23.649988,26.976225,23.922043,25.699554
batch_02000_patch.tiff,patch_77,27.21393,24.25652,26.352198,24.729631,26.404434
batch_02000_patch.tiff,patch_78,25.639719,23.738457,23.03258,24.695158,24.331339
batch_02000_patch.tiff,patch_79,25.757969,24.127453,24.322014,24.862022,25.993351
batch_02000_patch.tiff,patch_80,26.485144,24.178587,25.129986,24.866451,26.95952
batch_02000_patch.tiff,patch_81,27.621374,24.19661,26.706291,24.708464,27.372946
batch_02000_patch.tiff,patch_82,25.716274,23.614594,24.566854,24.52792,26.674446
batch_02000_patch.tiff,patch_83,26.223265,24.748417,24.765755,25.011333,27.60916
batch_02000_patch.tiff,patch_84,24.443998,22.949,24.364504,24.782343,26.492544
batch_02000_patch.tiff,patch_85,24.646347,24.702501,25.240295,23.539175,27.619226
batch_02000_patch.tiff,patch_86,23.956358,23.29478,25.015863,23.01668,26.384212
batch_02000_patch.tiff,patch_87,26.445147,25.182959,24.247303,24.634865,25.352915
batch_02000_patch.tiff,patch_88,26.962925,24.098732,24.559372,24.110231,26.817186
batch_02000_patch.tiff,patch_89,25.785784,24.474922,24.513672,23.574907,27.861336
batch_02000_patch.tiff,patch_90,26.0783,24.711021,25.359884,23.964159,27.935566
batch_02000_patch.tiff,patch_91,25.4176,23.878828,25.590391,24.454117,26.493067
batch_02000_patch.tiff,patch_92,25.776459,24.8373,24.629427,25.364033,27.794325
batch_02000_patch.tiff,patch_93,26.44599,25.304403,25.207943,23.850676,28.054152
batch_02000_patch.tiff,patch_94,25.659994,24.070564,26.727612,23.42946,26.315578
batch_02000_patch.tiff,patch_95,26.321503,25.864508,22.443369,24.830751,25.35447
batch_02000_patch.tiff,patch_96,27.311852,24.764921,25.549318,24.056503,25.91714
batch_02000_patch.tiff,patch_97,27.138119,24.254744,26.156393,25.61578,26.398365
batch_02000_patch.tiff,patch_98,25.548342,25.76058,23.414808,22.541805,26.436136
batch_02000_patch.tiff,patch_99,26.307673,24.062181,23.740347,24.421465,26.828613
batch_02000_patch.tiff,patch_100,26.04438,23.796461,22.951118,24.972492,27.000967
batch_02000_patch.tiff,patch_101,23.967447,23.326689,23.468338,25.185516,26.661888
batch_02000_patch.tiff,patch_102,26.107817,24.552183,25.475742,25.216084,27.222898
batch_02000_patch.tiff,patch_103,25.609777,24.274176,25.794426,24.871965,27.225468
batch_02000_patch.tiff,patch_104,26.04635,25.05708,26.105923,24.316864,28.424313
batch_02000_patch.tiff,patch_105,26.455273,24.282976,25.871178,24.233799,27.041584
batch_02000_patch.tiff,patch_106,26.570314,24.211567,26.670076,23.672146,28.213911
batch_02000_patch.tiff,patch_107,26.856894,25.062992,23.58893,24.354654,25.663914
batch_02000_patch.tiff,patch_108,26.505985,23.669184,26.395447,24.228153,26.23461
batch_02000_patch.tiff,patch_109,26.303915,24.866999,25.460642,24.540253,28.179893
batch_02000_patch.tiff,patch_110,25.51274,24.95527,26.859894,23.833187,26.512674
batch_02000_patch.tiff,patch_111,25.664276,23.99738,24.459131,24.439697,27.386103
batch_02000_patch.tiff,patch_112,24.625208,24.485699,23.186869,24.323357,27.923498
batch_02000_patch.tiff,patch_113,22.888168,23.33775,22.45566,23.898527,25.134453
batch_02000_patch.tiff,patch_114,26.426334,24.289232,24.651293,24.303911,27.013254
batch_02000_patch.tiff,patch_115,27.446611,25.744926,26.977928,24.939915,28.174301
batch_02000_patch.tiff,patch_116,26.896847,25.016403,24.39101,24.374193,27.30696
batch_02000_patch.tiff,patch_117,25.582949,24.841068,24.04089,23.890188,27.187792
batch_02000_patch.tiff,patch_118,25.722754,24.092585,23.32061,25.452215,25.720472
batch_02000_patch.tiff,patch_119,24.999487,24.676888,22.050385,22.656755,25.265715
batch_02000_patch.tiff,patch_120,26.830805,25.219341,23.396772,23.665464,26.102058
batch_02000_patch.tiff,patch_121,27.790375,23.96391,27.294588,24.772575,27.653765
batch_02000_patch.tiff,patch_122,24.552618,25.382322,23.012875,22.842377,26.460518
batch_02000_patch.tiff,patch_123,26.315311,24.032612,27.59557,24.849182,27.341288
batch_02000_patch.tiff,patch_124,25.770952,24.984373,24.9863,25.458801,27.519281
batch_02000_patch.tiff,patch_125,26.331205,23.926353,25.868237,24.286861,26.626575
batch_02000_patch.tiff,patch_126,26.8264,24.063204,24.484127,25.5343,27.038815
batch_02000_patch.tiff,patch_127,25.856054,24.317112,25.287931,23.009026,27.166153
batch_02000_patch.tiff,patch_128,26.047523,24.098223,26.44346,22.96394,27.833359
batch_02000_patch.tiff,patch_129,25.689007,24.235636,27.5482,23.794792,25.992304
batch_02000_patch.tiff,patch_130,26.13444,26.091183,26.565763,23.720093,27.615849
batch_02000_patch.tiff,patch_131,26.673277,23.248846,27.728443,24.4205,26.09778
batch_02000_patch.tiff,patch_132,25.716663,23.896898,25.558874,24.754698,25.784103
batch_02000_patch.tiff,patch_133,25.498339,24.939163,23.357811,22.171022,27.083565
batch_02000_patch.tiff,patch_134,25.714893,24.076973,26.377588,24.277378,26.59877
batch_02000_patch.tiff,patch_135,25.619387,23.552122,26.530636,23.936203,25.80987
batch_02000_patch.tiff,patch_136,26.736805,23.096235,27.047968,25.755215,27.161484
batch_02000_patch.tiff,patch_137,26.321291,23.707693,26.018099,24.329838,26.877888
batch_02000_patch.tiff,patch_138,25.629204,23.362717,25.953657,23.407007,26.84159
batch_02000_patch.tiff,patch_139,25.186169,24.771732,25.651043,24.062185,27.248152
batch_02000_patch.tiff,patch_140,26.12248,25.706486,23.487112,24.111828,27.780413
batch_02000_patch.tiff,patch_141,25.58236,24.075045,25.989079,24.478008,26.113308
batch_02000_patch.tiff,patch_142,24.423306,23.999224,23.208338,22.952879,26.90361
batch_02000_patch.tiff,patch_143,24.675535,25.2774,23.861681,23.2891,27.471777
batch_02000_patch.tiff,patch_144,25.226751,23.582506,25.48269,24.531893,26.294601
batch_02000_patch.tiff,patch_145,26.03022,24.278755,26.577614,24.939682,26.394567
batch_02000_patch.tiff,patch_146,25.972977,23.298204,27.38165,25.28299,26.815573
batch_02000_patch.tiff,patch_147,26.412111,24.087566,27.835209,24.759726,27.758636
batch_02000_patch.tiff,patch_148,24.873371,24.76064,25.925692,22.887735,28.203054
batch_02000_patch.tiff,patch_149,24.693666,23.074848,24.437815,23.180008,26.329477
batch_02000_patch.tiff,patch_150,26.212414,24.858309,22.404224,23.732141,26.008772
batch_02000_patch.tiff,patch_151,26.66108,24.50264,22.497,23.7325,25.616154
batch_02000_patch.tiff,patch_152,26.07886,24.690498,25.158329,24.371408,26.358467
batch_02000_patch.tiff,patch_153,24.73877,25.542795,26.931396,23.074871,27.887026
batch_02000_patch.tiff,patch_154,26.279991,22.847181,28.184937,23.527435,25.77219
batch_02000_patch.tiff,patch_155,27.269156,25.151848,26.055779,25.452868,27.543488
batch_02000_patch.tiff,patch_156,25.799107,25.250923,24.555956,23.884836,28.255178
batch_02000_patch.tiff,patch_157,24.594791,23.98368,23.577751,25.174963,26.012356
batch_02000_patch.tiff,patch_158,26.991253,23.375475,27.6878,24.678957,27.913792
batch_02050_patch.tiff,patch_0,25.858753,23.708939,27.551346,24.63376,25.876677
batch_02050_patch.tiff,patch_1,25.870384,24.366333,26.604996,24.871262,27.348137
batch_02050_patch.tiff,patch_2,25.16327,23.69515,25.878805,24.852993,26.117777
batch_02050_patch.tiff,patch_3,26.620687,22.94326,26.939459,25.215033,26.409998
batch_02050_patch.tiff,patch_4,24.258242,22.385887,23.83362,25.35994,26.475935
batch_02050_patch.tiff,patch_5,26.375612,23.154484,25.267021,26.23133,25.324184
batch_02050_patch.tiff,patch_6,26.467794,23.57315,26.683918,24.881947,26.867882
batch_02050_patch.tiff,patch_7,25.343359,24.164286,23.869637,24.572998,25.228086
batch_02050_patch.tiff,patch_8,25.657038,24.722261,26.23187,23.76079,27.531013
batch_02050_patch.tiff,patch_9,25.707258,25.152056,23.846771,24.318201,27.739948
batch_02050_patch.tiff,patch_10,25.980997,24.461105,26.332113,23.968954,29.125504
batch_02050_patch.tiff,patch_11,26.135338,23.634161,24.844017,25.011263,25.183643
batch_02050_patch.tiff,patch_12,25.771751,23.200731,26.903984,24.464588,25.19767
batch_02050_patch.tiff,patch_13,24.806095,23.8784,24.8054,24.748247,26.852196
batch_02050_patch.tiff,patch_14,25.539639,23.325075,23.28679,25.464912,26.159784
batch_02050_patch.tiff,patch_15,23.93343,22.824953,22.3313,25.870197,24.879253
batch_02050_patch.tiff,patch_16,25.870049,24.303726,26.198956,25.301752,27.154758
batch_02050_patch.tiff,patch_17,25.104645,23.539736,23.606556,24.577646,25.335863
batch_02050_patch.tiff,patch_18,25.588152,24.676342,23.870752,24.7531,26.14867
batch_02050_patch.tiff,patch_19,26.750147,23.824604,26.824217,24.923056,27.003508
batch_02050_patch.tiff,patch_20,26.659065,24.1308,26.832733,25.167946,26.457258
batch_02050_patch.tiff,patch_21,25.934628,24.138645,25.753916,23.869759,27.241232
batch_02050_patch.tiff,patch_22,25.461401,23.903038,24.326378,24.007048,26.554075
batch_02050_patch.tiff,patch_23,24.58504,23.880926,22.362741,24.868393,25.798756
batch_02050_patch.tiff,patch_24,27.406345,24.318344,27.23124,24.78154,28.258797
batch_02050_patch.tiff,patch_25,26.692947,24.156982,26.691309,25.221937,27.158232
batch_02050_patch.tiff,patch_26,25.231722,22.955656,25.750355,25.147745,27.075321
batch_02050_patch.tiff,patch_27,26.068031,23.410265,26.465845,24.862143,26.59041
batch_02050_patch.tiff,patch_28,25.708805,22.932453,25.147741,25.9107,26.499453
batch_02050_patch.tiff,patch_29,26.619759,25.296423,26.070194,24.259998,24.998098
batch_02050_patch.tiff,patch_30,27.04995,23.328321,27.655788,24.880178,27.75978
batch_02050_patch.tiff,patch_31,26.648394,23.671011,27.502668,25.148912,27.745956
batch_02050_patch.tiff,patch_32,25.607508,24.905085,25.612368,23.736286,28.38621
batch_02050_patch.tiff,patch_33,26.016603,24.078154,22.152971,24.56663,25.57787
batch_02050_patch.tiff,patch_34,25.361837,23.919859,24.589254,24.011396,26.702253
batch_02050_patch.tiff,patch_35,27.900408,24.592613,27.37576,25.20539,28.680103
batch_02050_patch.tiff,patch_36,24.836407,23.475311,23.807796,24.607237,26.748608
batch_02050_patch.tiff,patch_37,26.334875,24.266397,27.072563,25.61906,27.005806
batch_02050_patch.tiff,patch_38,25.643404,23.18353,27.01966,25.778725,26.656366
batch_02050_patch.tiff,patch_39,26.464546,23.016514,27.238379,25.17639,26.424803
batch_02050_patch.tiff,patch_40,26.443724,23.580683,25.411325,25.715048,26.446215
batch_02050_patch.tiff,patch_41,25.146477,24.664053,23.438435,26.431887,25.38781
batch_02050_patch.tiff,patch_42,25.474823,24.30171,24.291681,26.13315,25.783768
batch_02050_patch.tiff,patch_43,26.667717,23.9096,25.559708,23.5806,28.68787
batch_02050_patch.tiff,patch_44,25.002607,24.128555,25.248022,24.210457,27.866386
batch_02050_patch.tiff,patch_45,25.55065,23.881025,25.67892,24.212297,26.60105
batch_02050_patch.tiff,patch_46,25.621403,23.22265,26.04219,24.223623,25.298079
batch_02050_patch.tiff,patch_47,26.146435,24.241684,26.258516,25.054722,28.178076
batch_02050_patch.tiff,patch_48,23.92487,23.289486,22.964182,24.839117,26.327736
batch_02050_patch.tiff,patch_49,26.39229,24.521708,24.25498,24.97433,26.30889
batch_02050_patch.tiff,patch_50,25.6334,23.548975,25.072054,25.858284,25.964088
batch_02050_patch.tiff,patch_51,26.480375,23.020254,27.497906,25.074995,27.493723
batch_02050_patch.tiff,patch_52,26.428995,24.941841,25.299952,24.505829,26.609398
batch_02050_patch.tiff,patch_53,24.596899,25.149574,21.464314,24.839376,24.04551
batch_02050_patch.tiff,patch_54,26.189838,24.2805,26.021404,25.044312,27.219233
batch_02050_patch.tiff,patch_55,24.783827,23.43504,24.154383,24.899117,26.575285
batch_02050_patch.tiff,patch_56,25.705585,24.23737,26.856747,24.982965,27.21859
batch_02050_patch.tiff,patch_57,25.987358,24.141438,25.699026,24.946505,27.144268
batch_02050_patch.tiff,patch_58,25.88957,23.621141,27.823393,24.549849,26.91161
batch_02050_patch.tiff,patch_59,27.07651,24.563997,26.862585,25.050886,26.713955
batch_02050_patch.tiff,patch_60,25.022503,24.588903,24.625496,24.452433,26.881634
batch_02050_patch.tiff,patch_61,26.417042,24.424421,25.786966,24.808275,27.741266
batch_02050_patch.tiff,patch_62,26.493217,23.464025,26.707027,25.086504,26.432428
batch_02050_patch.tiff,patch_63,25.304392,22.623182,26.324661,24.758158,25.68245
batch_02050_patch.tiff,patch_64,25.899923,23.880013,22.980185,24.905401,25.640911
batch_02050_patch.tiff,patch_65,24.112204,23.90344,21.453772,24.96078,24.257828
batch_02050_patch.tiff,patch_66,25.331507,23.91288,24.964361,25.588917,26.689835
batch_02050_patch.tiff,patch_67,25.870005,22.486956,24.092182,25.439215,26.197426
batch_02050_patch.tiff,patch_68,25.86216,24.731264,25.685596,24.751146,27.821592
batch_02050_patch.tiff,patch_69,25.67263,23.67814,26.993427,24.967634,26.768002
batch_02050_patch.tiff,patch_70,25.868452,23.533554,24.026466,23.719677,26.801374
batch_02050_patch.tiff,patch_71,24.735783,25.267,23.322458,24.566446,26.337633
batch_02050_patch.tiff,patch_72,22.747107,22.892204,21.911398,23.81503,24.734938
batch_02050_patch.tiff,patch_73,24.141537,23.289022,24.24298,24.502117,26.11262
batch_02050_patch.tiff,patch_74,25.687744,23.419638,26.732018,25.442787,26.723637
batch_02050_patch.tiff,patch_75,25.687672,23.66177,25.959248,24.472599,26.994852
batch_02050_patch.tiff,patch_76,27.407503,25.140135,25.80965,26.104038,26.062126
batch_02050_patch.tiff,patch_77,27.15691,24.29411,25.522398,25.361378,25.741306
batch_02050_patch.tiff,patch_78,26.470999,23.513311,27.224428,24.64582,25.717106
batch_02050_patch.tiff,patch_79,26.334137,23.636148,26.613955,24.312914,26.417614
batch_02050_patch.tiff,patch_80,25.625185,22.649391,24.700188,25.047962,25.483599
batch_02050_patch.tiff,patch_81,25.860703,23.447721,26.249332,24.759972,26.81187
batch_02050_patch.tiff,patch_82,26.082703,23.863838,26.191431,24.593996,28.341518
batch_02050_patch.tiff,patch_83,25.035309,24.299515,24.00852,24.323456,26.325779
batch_02050_patch.tiff,patch_84,23.32954,23.00311,22.808527,24.270391,25.184277
batch_02050_patch.tiff,patch_85,23.864208,23.380373,24.450274,23.989534,26.078491
batch_02050_patch.tiff,patch_86,26.140985,22.560593,27.221113,23.553692,26.758804
batch_02050_patch.tiff,patch_87,26.545927,24.285988,25.728403,24.887827,27.16778
batch_02050_patch.tiff,patch_88,26.939714,23.91782,25.927513,25.664532,25.492613
batch_02050_patch.tiff,patch_89,26.500853,25.022701,23.413988,26.10302,25.520882
batch_02050_patch.tiff,patch_90,26.323952,23.496023,25.396948,24.553495,25.726923
batch_02050_patch.tiff,patch_91,26.103596,23.531105,26.540281,25.3064,26.228445
batch_02050_patch.tiff,patch_92,25.846899,23.660202,24.589607,25.551916,26.73944
batch_02050_patch.tiff,patch_93,25.549692,24.036068,26.320387,24.732677,27.466614
batch_02050_patch.tiff,patch_94,23.929537,24.473846,22.224506,24.785284,25.797514
batch_02050_patch.tiff,patch_95,24.559517,23.54963,22.935703,25.025248,25.115677
batch_02050_patch.tiff,patch_96,24.135092,22.634405,23.557808,24.76756,26.208841
batch_02050_patch.tiff,patch_97,24.28437,23.8469,24.594967,24.55936,26.754944
batch_02050_patch.tiff,patch_98,25.643732,24.259153,25.446636,24.584375,26.636135
batch_02050_patch.tiff,patch_99,25.320162,23.293999,25.793016,24.782343,26.86619
batch_02050_patch.tiff,patch_100,24.94828,24.02328,23.844707,25.465088,26.499605
batch_02050_patch.tiff,patch_101,25.678148,23.10608,26.108704,24.210976,27.31011
batch_02050_patch.tiff,patch_102,24.181183,23.445845,22.489708,24.465328,26.432934
batch_02050_patch.tiff,patch_103,26.71579,23.67151,24.420246,25.577091,27.467285
batch_02050_patch.tiff,patch_104,25.673332,23.424263,26.709438,24.631086,26.755453
batch_02050_patch.tiff,patch_105,25.709534,23.471073,27.213045,24.268614,26.177643
batch_02050_patch.tiff,patch_106,25.218296,23.968502,23.835796,24.077938,27.731348
batch_02050_patch.tiff,patch_107,25.179722,24.530645,24.621668,25.065506,26.833109
batch_02050_patch.tiff,patch_108,23.613523,23.015524,24.319952,23.805288,26.792898
batch_02050_patch.tiff,patch_109,24.31693,23.358389,23.998465,24.184544,26.266678
batch_02050_patch.tiff,patch_110,24.976439,23.558975,23.425976,24.880154,25.774555
batch_02050_patch.tiff,patch_111,25.691076,23.636856,25.52357,24.282803,26.979193
batch_02050_patch.tiff,patch_112,25.207756,23.507181,24.16676,24.484322,26.990568
batch_02050_patch.tiff,patch_113,25.124329,24.363302,24.209879,24.012207,26.811005
batch_02050_patch.tiff,patch_114,25.779177,24.13048,22.355562,24.633183,26.78077
batch_02050_patch.tiff,patch_115,25.026226,24.59033,24.363647,24.511421,26.584106
batch_02050_patch.tiff,patch_116,25.917192,24.573433,24.624233,24.314241,28.007551
batch_02050_patch.tiff,patch_117,25.860611,23.355593,26.108744,24.599323,26.689934
batch_02050_patch.tiff,patch_118,26.817822,23.443878,27.143963,24.228294,27.292366
batch_02050_patch.tiff,patch_119,26.321259,23.76579,29.445038,24.68412,27.523329
batch_02050_patch.tiff,patch_120,25.090908,22.545013,22.78109,25.00496,25.559769
batch_02050_patch.tiff,patch_121,25.436737,22.522135,22.562597,25.592209,24.328997
batch_02050_patch.tiff,patch_122,25.369278,23.614326,24.527903,24.279781,26.400793
batch_02050_patch.tiff,patch_123,25.721092,24.75801,24.426674,24.602083,27.83448
batch_02050_patch.tiff,patch_124,25.455666,24.909317,24.247978,25.362518,26.824398
batch_02050_patch.tiff,patch_125,25.818527,23.760973,24.289001,25.796427,26.944578
batch_02050_patch.tiff,patch_126,24.21063,23.647041,23.538979,24.194618,26.947746
batch_02050_patch.tiff,patch_127,23.674685,23.276966,22.456911,24.290491,26.362175
batch_02050_patch.tiff,patch_128,25.855421,23.24492,28.159185,24.780214,27.383612
batch_02050_patch.tiff,patch_129,26.420412,23.783356,27.710804,24.843437,26.031933
batch_02050_patch.tiff,patch_130,27.044048,26.014046,25.855907,25.05749,27.717653
batch_02050_patch.tiff,patch_131,26.689495,23.794939,26.97328,25.291271,27.39765
batch_02050_patch.tiff,patch_132,25.898184,23.735388,22.609074,24.992645,26.256752
batch_02050_patch.tiff,patch_133,25.562538,23.221905,22.437323,24.144175,25.786566
batch_02050_patch.tiff,patch_134,25.578169,24.63814,24.53404,24.28246,27.993982
batch_02050_patch.tiff,patch_135,25.762136,24.20884,23.76287,25.14853,26.379969
batch_02050_patch.tiff,patch_136,25.741598,23.95311,22.986498,25.862581,25.506195
batch_02050_patch.tiff,patch_137,26.887445,24.58607,25.80803,24.968857,27.472614
batch_02050_patch.tiff,patch_138,23.439081,23.765455,23.493866,23.493069,26.555779
batch_02050_patch.tiff,patch_139,24.815832,23.697983,23.981724,23.558544,26.515041
batch_02050_patch.tiff,patch_140,25.654257,23.586073,25.743752,25.200005,25.463806
batch_02050_patch.tiff,patch_141,24.418951,23.481718,26.720306,23.902723,25.920227
batch_02050_patch.tiff,patch_142,26.128202,24.643238,24.985582,24.586357,27.455984
batch_02050_patch.tiff,patch_143,25.50278,24.86409,24.778154,23.870611,27.254684
batch_02050_patch.tiff,patch_144,24.056318,22.760164,23.02423,24.650438,25.932928
batch_02050_patch.tiff,patch_145,24.571608,23.868166,23.472338,24.244755,26.947166
batch_02050_patch.tiff,patch_146,25.494661,23.422026,23.967669,24.736141,25.855213
batch_02050_patch.tiff,patch_147,26.162817,23.551188,24.972519,24.664558,28.0321
batch_02050_patch.tiff,patch_148,25.88582,24.203335,24.985348,24.755371,28.175945
batch_02050_patch.tiff,patch_149,25.038273,23.688559,24.76543,24.610374,27.043812
batch_02050_patch.tiff,patch_150,24.400211,24.71386,24.960112,23.878548,27.527708
batch_02050_patch.tiff,patch_151,25.846373,25.6977,24.789791,23.475458,27.304853
batch_02050_patch.tiff,patch_152,25.375454,22.565865,26.885244,24.646332,26.003403
batch_02050_patch.tiff,patch_153,26.057646,23.887732,28.315243,24.742275,26.713343
batch_02050_patch.tiff,patch_154,25.223743,24.433426,24.154572,24.320702,25.649446
batch_02050_patch.tiff,patch_155,25.802685,25.042006,24.072678,24.375679,27.698391
batch_02050_patch.tiff,patch_156,25.98144,23.818232,26.151718,23.325453,28.286444
batch_02050_patch.tiff,patch_157,24.880709,23.42933,23.98666,24.237879,25.606232
batch_02050_patch.tiff,patch_158,26.887064,24.198406,27.477913,24.838459,27.88099
batch_02050_patch.tiff,patch_159,26.843618,24.1773,26.6254,24.223223,27.965538
batch_02050_patch.tiff,patch_160,25.28947,23.323177,24.37337,23.668058,25.576717
batch_02050_patch.tiff,patch_161,26.234873,23.461338,26.863327,23.85208,25.981758
batch_02050_patch.tiff,patch_162,24.778036,24.163645,24.313927,24.192463,27.836168
batch_02050_patch.tiff,patch_163,24.727304,24.761192,25.63124,23.563778,28.478342
batch_02050_patch.tiff,patch_164,26.79788,24.584923,26.391178,24.825483,27.491932
batch_02050_patch.tiff,patch_165,25.933727,24.21528,25.599398,24.021784,26.585032
batch_02050_patch.tiff,patch_166,27.200644,23.695114,28.262499,25.02353,28.031857
batch_02050_patch.tiff,patch_167,26.864002,23.293348,28.459623,25.367369,27.711515
batch_02050_patch.tiff,patch_168,25.081335,23.326952,23.965822,24.616894,25.612543
batch_02050_patch.tiff,patch_169,25.962713,23.9387,24.880423,24.59855,26.252235
batch_02050_patch.tiff,patch_170,25.06336,23.770344,26.160233,24.449245,26.989216
batch_02050_patch.tiff,patch_171,25.21827,23.491148,24.582935,24.8497,25.990314
batch_02050_patch.tiff,patch_172,26.135538,23.512932,23.28166,24.444391,26.917095
batch_02050_patch.tiff,patch_173,25.523264,23.348219,23.36368,24.684872,25.028755
batch_02050_patch.tiff,patch_174,25.126608,24.69522,24.937708,23.368149,27.951843
batch_02050_patch.tiff,patch_175,25.866156,25.475851,26.567204,23.68002,28.240723
batch_02100_patch.tiff,patch_0,26.079615,23.761652,27.198832,25.597416,26.773012
batch_02100_patch.tiff,patch_1,26.233017,24.178009,24.97063,25.554094,26.365978
batch_02100_patch.tiff,patch_2,23.299242,23.241251,22.645538,23.749277,25.727121
batch_02100_patch.tiff,patch_3,26.132435,23.858757,24.504625,24.605574,26.64973
batch_02100_patch.tiff,patch_4,24.727066,23.685188,23.571821,24.660484,25.861698
batch_02100_patch.tiff,patch_5,24.767986,23.335762,23.349497,25.473015,25.651588
batch_02100_patch.tiff,patch_6,25.896801,25.445309,24.791176,24.133837,27.841347
batch_02100_patch.tiff,patch_7,25.02166,25.264585,24.680124,24.718042,27.236174
batch_02100_patch.tiff,patch_8,25.018335,24.159851,24.024277,23.93228,27.726387
batch_02100_patch.tiff,patch_9,25.012812,23.21415,25.721056,23.95857,26.691494
batch_02100_patch.tiff,patch_10,26.860613,24.578655,26.252798,24.636349,29.153486
batch_02100_patch.tiff,patch_11,24.725258,23.77667,23.663652,24.215168,26.637714
batch_02100_patch.tiff,patch_12,25.440887,25.212778,23.730724,25.486403,27.719728
batch_02100_patch.tiff,patch_13,27.346252,23.788965,26.017681,25.176798,27.579483
batch_02100_patch.tiff,patch_14,23.871386,23.292942,23.230324,24.135536,26.5906
batch_02100_patch.tiff,patch_15,24.399397,23.50784,23.88501,24.265104,26.598454
batch_02100_patch.tiff,patch_16,27.497911,24.34293,25.967407,25.169489,27.899008
batch_02100_patch.tiff,patch_17,24.941462,23.767235,23.547478,25.192728,27.244392
batch_02100_patch.tiff,patch_18,25.119865,24.527748,25.23457,24.970724,27.270718
batch_02100_patch.tiff,patch_19,26.752392,24.877945,27.053,24.761265,28.309237
batch_02100_patch.tiff,patch_20,26.056295,23.518917,27.380808,24.417175,27.044186
batch_02100_patch.tiff,patch_21,26.618158,23.406551,26.36011,24.065731,27.9825
batch_02100_patch.tiff,patch_22,24.573946,23.249361,23.567749,24.466663,27.07696
batch_02100_patch.tiff,patch_23,25.172445,24.0989,23.693312,24.4121,27.005135
batch_02100_patch.tiff,patch_24,24.618969,24.614124,23.504335,24.730316,27.973923
batch_02100_patch.tiff,patch_25,25.794577,24.542812,26.420553,25.276505,26.526825
batch_02100_patch.tiff,patch_26,25.242094,24.445675,25.071966,25.233963,27.679506
batch_02100_patch.tiff,patch_27,25.38695,23.865002,24.764055,24.106586,26.951136
batch_02100_patch.tiff,patch_28,24.194563,23.34156,22.466719,23.582722,26.714064
batch_02100_patch.tiff,patch_29,24.749098,23.803814,23.670567,24.090601,26.472767
batch_02100_patch.tiff,patch_30,25.999533,24.010675,24.059109,24.849005,27.289854
batch_02100_patch.tiff,patch_31,23.724838,24.070293,24.459135,24.168955,25.282959
batch_02100_patch.tiff,patch_32,24.848677,23.834545,25.336641,24.03144,24.86847
batch_02100_patch.tiff,patch_33,26.524788,24.240646,25.85449,24.080181,28.204197
batch_02100_patch.tiff,patch_34,26.597145,24.654121,27.042503,25.204899,27.957232
batch_02100_patch.tiff,patch_35,26.284452,24.302904,25.703829,25.457949,27.999453
batch_02100_patch.tiff,patch_36,24.664179,23.841732,23.149189,23.8333,26.517603
batch_02100_patch.tiff,patch_37,25.160324,24.72483,24.734858,24.676214,28.36779
batch_02100_patch.tiff,patch_38,26.063816,24.312138,25.63241,25.644733,26.251743
batch_02100_patch.tiff,patch_39,24.373789,24.014141,23.337343,24.882442,26.686354
batch_02100_patch.tiff,patch_40,25.51522,24.669529,25.051483,25.235313,26.812868
batch_02100_patch.tiff,patch_41,25.159945,23.555347,25.101847,23.63159,27.304613
batch_02100_patch.tiff,patch_42,24.62117,23.869976,24.705868,25.095516,27.099909
batch_02100_patch.tiff,patch_43,24.636969,23.038752,23.784224,25.240215,26.599314
batch_02100_patch.tiff,patch_44,23.891747,24.815191,25.699034,23.791203,25.578981
batch_02100_patch.tiff,patch_45,26.032984,24.007862,25.823586,25.352669,26.865086
batch_02100_patch.tiff,patch_46,25.603981,23.421665,24.26567,23.823572,27.26829
batch_02100_patch.tiff,patch_47,25.822546,23.8885,24.912748,23.77238,27.093018
batch_02100_patch.tiff,patch_48,25.256987,22.947086,24.887014,24.332945,27.659138
batch_02100_patch.tiff,patch_49,25.205297,24.433315,23.895012,24.942492,27.058256
batch_02100_patch.tiff,patch_50,26.009169,23.649107,24.7651,24.481997,26.476936
batch_02100_patch.tiff,patch_51,26.692585,24.178192,27.311579,24.999456,27.880281
batch_02100_patch.tiff,patch_52,24.604088,24.10645,23.530722,23.818468,26.600666
batch_02100_patch.tiff,patch_53,25.989073,23.612803,23.514355,24.47574,26.839537
batch_02100_patch.tiff,patch_54,24.912905,23.774387,23.284296,24.88099,26.329565
batch_02100_patch.tiff,patch_55,24.571428,23.268908,23.572384,24.643227,27.389269
batch_02100_patch.tiff,patch_56,26.288683,24.494333,25.684015,24.964125,26.22985
batch_02100_patch.tiff,patch_57,23.700659,23.800034,25.040573,23.308638,25.91018
batch_02100_patch.tiff,patch_58,26.142492,23.264742,27.166979,23.870499,28.381212
batch_02100_patch.tiff,patch_59,26.044922,24.880373,26.702303,25.641302,28.821758
batch_02100_patch.tiff,patch_60,25.315073,24.215733,25.02424,24.699999,27.67023
batch_02100_patch.tiff,patch_61,25.563698,24.21503,23.807844,24.92928,26.93694
batch_02100_patch.tiff,patch_62,25.821697,23.922531,25.294643,25.407585,26.93391
batch_02100_patch.tiff,patch_63,26.133404,24.234219,25.60886,24.801212,27.79578
batch_02100_patch.tiff,patch_64,24.773808,24.173595,23.842167,24.897184,27.628765
batch_02100_patch.tiff,patch_65,27.005428,24.985018,25.170471,24.841812,27.865456
batch_02100_patch.tiff,patch_66,25.624273,24.55429,25.131489,24.817366,27.183947
batch_02100_patch.tiff,patch_67,25.073221,23.053482,24.172224,24.082441,26.04484
batch_02100_patch.tiff,patch_68,25.013826,23.90635,24.852303,25.766592,25.83289
batch_02100_patch.tiff,patch_69,25.577457,24.50901,25.557814,23.976702,26.109804
batch_02100_patch.tiff,patch_70,26.338099,23.139128,24.865477,24.476522,26.399878
batch_02100_patch.tiff,patch_71,25.75794,23.729794,24.551405,24.439692,27.12642
batch_02100_patch.tiff,patch_72,24.266157,23.207924,23.702463,24.550209,26.741087
batch_02100_patch.tiff,patch_73,25.787182,23.969547,24.696215,23.915,27.960157
batch_02100_patch.tiff,patch_74,25.977184,24.316956,25.161905,25.158354,27.539358
batch_02100_patch.tiff,patch_75,25.549051,23.846933,24.402496,25.01238,26.739979
batch_02100_patch.tiff,patch_76,26.342655,25.516096,25.648863,24.334263,28.032612
batch_02100_patch.tiff,patch_77,26.078556,24.23311,25.454584,25.087046,26.121893
batch_02100_patch.tiff,patch_78,23.99197,23.802864,24.541079,24.465677,26.346073
batch_02100_patch.tiff,patch_79,23.573954,22.731606,24.187197,23.71407,26.478537
batch_02100_patch.tiff,patch_80,23.786839,23.550846,23.658073,24.44321,24.869062
batch_02100_patch.tiff,patch_81,24.87597,24.256136,25.292253,24.974974,26.859243
batch_02100_patch.tiff,patch_82,26.859146,23.620058,25.865742,25.792295,26.741436
batch_02100_patch.tiff,patch_83,26.84844,24.266363,25.65305,24.439402,27.975595
batch_02100_patch.tiff,patch_84,24.646336,23.043924,24.429098,25.102942,26.470636
batch_02100_patch.tiff,patch_85,26.375326,24.682123,25.199543,24.018774,28.163134
batch_02100_patch.tiff,patch_86,26.805876,23.345327,27.343729,24.975384,26.308235
batch_02100_patch.tiff,patch_87,26.276798,24.602516,24.377731,25.433214,26.839827
batch_02100_patch.tiff,patch_88,25.194973,25.228718,25.71612,24.447773,27.57889
batch_02100_patch.tiff,patch_89,26.172546,24.862602,26.986206,25.184328,28.411543
batch_02100_patch.tiff,patch_90,24.540579,23.764515,24.70947,24.625475,25.882215
batch_02100_patch.tiff,patch_91,23.71655,23.41752,23.818161,24.748346,26.090801
batch_02100_patch.tiff,patch_92,25.11351,24.691202,25.005014,23.983051,27.282988
batch_02100_patch.tiff,patch_93,25.23917,23.94698,26.12905,24.040733,26.84292
batch_02100_patch.tiff,patch_94,27.218182,24.08746,25.404488,26.526102,26.907131
batch_02100_patch.tiff,patch_95,27.106308,25.541927,27.14958,24.733776,28.189608
batch_02100_patch.tiff,patch_96,26.942091,23.784367,27.572042,24.656878,28.36049
batch_02100_patch.tiff,patch_97,23.690866,23.127373,23.794718,23.962376,26.989347
batch_02100_patch.tiff,patch_98,25.976706,22.827274,25.704288,25.272066,26.757576
batch_02100_patch.tiff,patch_99,24.431849,23.98387,23.500834,24.071096,26.723482
batch_02100_patch.tiff,patch_100,24.93279,24.140215,26.079048,23.299028,28.988766
batch_02100_patch.tiff,patch_101,25.234793,25.083286,25.479925,23.933636,27.279806
batch_02100_patch.tiff,patch_102,23.120243,23.293697,24.763027,23.872833,26.62991
batch_02100_patch.tiff,patch_103,24.243547,22.90438,24.467354,24.848232,25.880808
batch_02100_patch.tiff,patch_104,24.618324,23.959145,25.0987,24.58935,26.371275
batch_02100_patch.tiff,patch_105,24.653307,23.249443,25.714615,24.296272,25.223806
batch_02100_patch.tiff,patch_106,26.617737,24.415003,26.981283,24.201826,27.607403
batch_02100_patch.tiff,patch_107,26.610514,24.22769,25.916815,25.010147,27.221817
batch_02100_patch.tiff,patch_108,26.189116,24.181683,23.816881,25.849667,27.48335
batch_02100_patch.tiff,patch_109,24.584267,23.41261,24.285276,24.761799,26.680294
batch_02100_patch.tiff,patch_110,25.427757,24.07834,25.048243,25.038837,27.199804
batch_02100_patch.tiff,patch_111,24.696434,23.611635,23.644545,24.567112,27.022453
batch_02100_patch.tiff,patch_112,25.322388,24.513592,25.378614,24.443209,27.296867
batch_02100_patch.tiff,patch_113,24.13382,23.575457,26.506664,24.181885,25.793839
batch_02100_patch.tiff,patch_114,24.184671,23.343138,25.7824,23.814978,26.362822
batch_02100_patch.tiff,patch_115,25.618824,23.456886,23.997135,25.386917,25.047733
batch_02100_patch.tiff,patch_116,25.789589,23.844229,26.304329,24.51102,25.841568
batch_02100_patch.tiff,patch_117,25.071537,23.695307,24.3224,24.373484,28.404726
batch_02100_patch.tiff,patch_118,25.312082,24.539165,25.82277,24.073444,28.68358
batch_02100_patch.tiff,patch_119,26.119497,24.76594,26.973848,24.757572,27.282654
batch_02100_patch.tiff,patch_120,25.41511,25.379547,24.93613,24.926044,27.518475
batch_02100_patch.tiff,patch_121,25.609938,24.848476,23.9169,24.646692,27.006186
batch_02100_patch.tiff,patch_122,27.03965,24.069376,26.495905,25.002186,26.383715
batch_02100_patch.tiff,patch_123,26.500732,24.113691,26.112505,24.831484,27.240406
batch_02100_patch.tiff,patch_124,26.671019,23.310524,26.34916,25.367975,27.159496
batch_02100_patch.tiff,patch_125,26.061401,24.186045,26.090158,25.582975,27.187511
batch_02100_patch.tiff,patch_126,24.39877,24.836052,25.523973,23.199144,25.4157
batch_02100_patch.tiff,patch_127,24.365446,23.73762,25.248821,24.401411,27.005207
batch_02100_patch.tiff,patch_128,25.553059,23.887232,24.637596,24.222994,26.875
batch_02100_patch.tiff,patch_129,24.835957,25.034836,24.76332,24.818668,26.610613
batch_02100_patch.tiff,patch_130,25.935404,25.840109,25.018856,25.478727,27.457638
batch_02100_patch.tiff,patch_131,26.543491,24.577394,26.216667,24.705805,26.563086
batch_02100_patch.tiff,patch_132,25.45636,24.214241,24.78281,24.449017,26.439497
batch_02100_patch.tiff,patch_133,26.316027,23.86341,27.25969,25.043957,27.491478
batch_02100_patch.tiff,patch_134,25.945017,23.473911,27.80182,24.737812,27.045137
batch_02100_patch.tiff,patch_135,25.001402,24.03481,25.40726,25.16178,26.21637
batch_02100_patch.tiff,patch_136,23.746412,23.493439,25.763844,22.866116,25.8525
batch_02100_patch.tiff,patch_137,24.335875,24.048399,25.908669,24.56431,26.941149
batch_02100_patch.tiff,patch_138,25.24039,23.940163,24.226398,24.5225,27.17544
batch_02100_patch.tiff,patch_139,25.355114,24.494474,25.259068,23.650599,27.65047
batch_02100_patch.tiff,patch_140,24.931677,24.11116,23.659033,24.979862,27.006508
batch_02100_patch.tiff,patch_141,27.482086,25.594627,27.79935,25.324835,28.577501
batch_02100_patch.tiff,patch_142,27.01287,24.20596,26.848417,25.711597,27.938326
batch_02100_patch.tiff,patch_143,26.764751,23.557232,26.076815,24.83614,27.519867
batch_02100_patch.tiff,patch_144,25.523848,24.802372,25.434649,24.569584,27.218018
batch_02100_patch.tiff,patch_145,25.798067,23.774607,23.0963,24.639942,26.158714
batch_02100_patch.tiff,patch_146,24.09447,23.769075,23.313772,24.222736,25.518105
batch_02100_patch.tiff,patch_147,24.293724,23.467773,24.5901,24.178055,26.336731
batch_02100_patch.tiff,patch_148,25.941936,23.756992,26.832596,23.764563,27.954521
batch_02100_patch.tiff,patch_149,25.755945,24.417477,24.999052,24.119179,28.138636
batch_02100_patch.tiff,patch_150,25.957575,24.051985,24.313639,24.403732,27.42645
batch_02100_patch.tiff,patch_151,27.371645,23.335169,28.355642,24.967321,26.954082
batch_02100_patch.tiff,patch_152,26.144453,23.443705,25.400682,25.589037,26.247147
batch_02100_patch.tiff,patch_153,26.447668,23.17046,26.705238,25.72413,27.07322
batch_02100_patch.tiff,patch_154,26.813416,22.370697,28.93664,24.45818,26.85183
batch_02100_patch.tiff,patch_155,25.438553,24.468414,25.108698,24.075222,27.9366
batch_02100_patch.tiff,patch_156,25.325317,24.351528,23.966389,24.94423,26.605005
batch_02100_patch.tiff,patch_157,24.673784,23.564192,23.820251,24.839275,25.821182
batch_02100_patch.tiff,patch_158,24.731867,24.294197,25.628942,23.517202,25.957235
batch_02100_patch.tiff,patch_159,26.483185,24.462814,25.607538,23.432096,27.656937
batch_02100_patch.tiff,patch_160,26.28857,24.880346,26.373022,24.131971,28.243402
batch_02100_patch.tiff,patch_161,26.079432,23.652346,25.731968,23.1365,26.759531
batch_02100_patch.tiff,patch_162,26.635088,24.051565,28.136255,24.512875,28.031773
batch_02100_patch.tiff,patch_163,27.305979,23.57714,27.541857,25.202353,26.82919
batch_02100_patch.tiff,patch_164,27.400297,24.67067,27.70598,25.679081,26.801245
batch_02100_patch.tiff,patch_165,24.49452,24.179262,23.386831,24.514874,26.679762
batch_02100_patch.tiff,patch_166,26.157478,23.452394,25.921131,24.770699,26.81281
batch_02100_patch.tiff,patch_167,24.26709,24.683876,24.267971,24.34609,26.54666
batch_02100_patch.tiff,patch_168,23.238216,23.10291,21.26731,24.507944,24.90376
batch_02100_patch.tiff,patch_169,26.195444,23.48176,25.854961,25.397575,26.71814
batch_02100_patch.tiff,patch_170,25.816807,24.192446,25.020687,24.50401,27.42171
batch_02100_patch.tiff,patch_171,24.786922,23.40764,24.573893,24.38567,27.8002
batch_02100_patch.tiff,patch_172,25.48413,24.223757,26.077528,24.140957,28.190142
batch_02100_patch.tiff,patch_173,25.613058,24.528748,24.013649,24.694717,26.987562
batch_02100_patch.tiff,patch_174,25.62339,24.050587,24.187307,24.918344,26.801773
batch_02100_patch.tiff,patch_175,25.812138,23.990871,25.29975,24.945833,25.86803
batch_02150_patch.tiff,patch_0,25.219604,24.456758,25.955412,24.293009,28.618818
batch_02150_patch.tiff,patch_1,26.448782,24.401913,27.99469,23.527576,28.129581
batch_02150_patch.tiff,patch_2,26.117619,24.318777,25.095884,25.28968,27.47976
batch_02150_patch.tiff,patch_3,26.217815,23.182562,25.169172,25.283031,26.309364
batch_02150_patch.tiff,patch_4,24.907412,22.72309,23.769274,25.075167,25.320509
batch_02150_patch.tiff,patch_5,24.627287,23.316914,21.501015,24.169466,24.774542
batch_02150_patch.tiff,patch_6,27.757328,23.765812,28.47254,24.893711,25.917706
batch_02150_patch.tiff,patch_7,24.950397,22.61698,20.79723,22.68361,25.173082
batch_02150_patch.tiff,patch_8,25.52625,23.328747,21.046432,23.856455,25.111805
batch_02150_patch.tiff,patch_9,25.067343,23.037687,24.666613,24.298716,26.983929
batch_02150_patch.tiff,patch_10,26.380995,24.12274,25.748375,23.41593,27.414465
batch_02150_patch.tiff,patch_11,24.287666,24.590984,24.859629,24.064737,27.709942
batch_02150_patch.tiff,patch_12,26.103731,22.759996,25.202276,24.812529,26.780518
batch_02150_patch.tiff,patch_13,26.153887,23.89659,24.457289,25.490553,26.107439
batch_02150_patch.tiff,patch_14,25.393085,24.209038,24.759321,24.978516,26.497362
batch_02150_patch.tiff,patch_15,23.949636,23.298403,21.653238,25.065084,25.54061
batch_02150_patch.tiff,patch_16,23.82227,22.906044,21.948387,24.79601,24.619297
batch_02150_patch.tiff,patch_17,26.887144,23.206024,28.036488,24.620378,25.525974
batch_02150_patch.tiff,patch_18,27.69528,23.148106,28.226456,25.295898,25.227495
batch_02150_patch.tiff,patch_19,25.187975,24.0474,23.489197,24.252443,25.117956
batch_02150_patch.tiff,patch_20,24.978603,24.170357,22.127396,24.095882,26.007126
batch_02150_patch.tiff,patch_21,26.630438,24.035728,25.481796,25.155643,28.477524
batch_02150_patch.tiff,patch_22,26.081224,24.197977,25.988657,23.782145,28.722666
batch_02150_patch.tiff,patch_23,24.220364,23.092777,21.583563,24.596884,24.028656
batch_02150_patch.tiff,patch_24,26.058472,24.908731,24.885101,24.060228,28.368486
batch_02150_patch.tiff,patch_25,24.284698,23.52263,24.472933,23.800146,27.354698
batch_02150_patch.tiff,patch_26,24.020042,23.57727,22.709793,24.653826,26.170795
batch_02150_patch.tiff,patch_27,27.007051,23.839184,25.170994,24.912275,26.618158
batch_02150_patch.tiff,patch_28,27.606625,23.539543,28.542204,25.321226,25.56313
batch_02150_patch.tiff,patch_29,27.313217,23.670769,29.328299,24.60914,25.213154
batch_02150_patch.tiff,patch_30,24.614964,23.40758,21.168583,24.646057,25.267998
batch_02150_patch.tiff,patch_31,25.54692,23.637968,23.072805,24.444038,26.415478
batch_02150_patch.tiff,patch_32,26.96879,24.508335,26.709438,25.33317,27.120768
batch_02150_patch.tiff,patch_33,25.021906,24.293356,22.316282,25.029797,26.362934
batch_02150_patch.tiff,patch_34,24.526318,22.733643,21.551495,25.23346,24.524643
batch_02150_patch.tiff,patch_35,26.541384,23.716116,25.31002,24.120872,27.127762
batch_02150_patch.tiff,patch_36,26.066452,24.257706,24.419384,24.171293,26.955538
batch_02150_patch.tiff,patch_37,24.749842,24.179777,23.909073,24.32049,27.548956
batch_02150_patch.tiff,patch_38,25.006697,23.627886,24.848017,25.620323,26.998476
batch_02150_patch.tiff,patch_39,27.071867,22.57497,27.865877,24.973148,26.002525
batch_02150_patch.tiff,patch_40,27.233488,22.961538,27.547024,24.881605,25.15891
batch_02150_patch.tiff,patch_41,25.709671,23.591673,23.276352,24.820047,26.197157
batch_02150_patch.tiff,patch_42,26.67917,23.270008,22.443611,22.658667,26.149218
batch_02150_patch.tiff,patch_43,26.996252,24.331715,25.191391,25.40538,25.963896
batch_02150_patch.tiff,patch_44,25.193401,24.776464,23.798567,24.39648,26.642551
batch_02150_patch.tiff,patch_45,26.471062,22.524601,23.20397,24.412664,25.169899
batch_02150_patch.tiff,patch_46,24.258673,23.887384,23.019045,24.274164,27.616024
batch_02150_patch.tiff,patch_47,24.581615,23.792816,24.882652,24.215233,27.86516
batch_02150_patch.tiff,patch_48,27.120844,24.766806,24.424788,25.219995,26.802208
batch_02150_patch.tiff,patch_49,25.8727,23.45241,24.042635,23.981289,27.038763
batch_02150_patch.tiff,patch_50,26.916117,24.785284,27.137562,25.573439,27.534054
batch_02150_patch.tiff,patch_51,27.742058,25.848204,25.797977,25.493778,27.831648
batch_02150_patch.tiff,patch_52,24.75632,23.065582,24.869217,25.076519,27.2702
batch_02150_patch.tiff,patch_53,25.133669,22.436823,24.074419,25.32443,24.399307
batch_02150_patch.tiff,patch_54,26.34745,22.095705,21.638144,23.32675,24.762506
batch_02150_patch.tiff,patch_55,26.323402,23.330788,22.840725,24.34441,25.80547
batch_02150_patch.tiff,patch_56,25.94458,24.018805,22.99348,23.883385,25.886482
batch_02150_patch.tiff,patch_57,25.364079,24.275152,24.833784,24.063795,27.418304
batch_02150_patch.tiff,patch_58,26.059875,24.29493,23.969728,24.59799,27.115812
batch_02150_patch.tiff,patch_59,26.483706,22.917223,24.546696,25.4148,26.374002
batch_02150_patch.tiff,patch_60,25.272562,23.34336,25.961378,24.540493,27.135054
batch_02150_patch.tiff,patch_61,26.813076,25.290047,26.290318,25.15601,27.812923
batch_02150_patch.tiff,patch_62,27.237474,25.091105,26.080517,25.378681,26.54234
batch_02150_patch.tiff,patch_63,24.995543,22.534225,23.923145,24.598707,26.518633
batch_02150_patch.tiff,patch_64,25.956387,21.99149,25.72716,25.972982,25.781427
batch_02150_patch.tiff,patch_65,26.216074,23.481611,23.822973,24.354471,25.914417
batch_02150_patch.tiff,patch_66,25.706955,22.195547,22.059742,25.2766,24.23024
batch_02150_patch.tiff,patch_67,25.482637,24.145227,22.349747,24.717752,25.906368
batch_02150_patch.tiff,patch_68,26.656208,23.40674,27.168022,24.689636,27.987238
batch_02150_patch.tiff,patch_69,25.412462,23.619734,26.008347,23.425568,26.688013
batch_02150_patch.tiff,patch_70,26.85372,23.98538,26.045815,24.674242,27.136377
batch_02150_patch.tiff,patch_71,25.544497,25.356335,25.49355,24.353767,26.889124
batch_02150_patch.tiff,patch_72,27.245787,23.127977,26.432882,25.293512,25.141127
batch_02150_patch.tiff,patch_73,26.598118,22.66515,26.229736,24.628551,24.42127
batch_02150_patch.tiff,patch_74,26.404297,22.546085,23.444094,22.381079,25.966904
batch_02150_patch.tiff,patch_75,26.069483,23.186525,21.619686,24.022018,25.047651
batch_02150_patch.tiff,patch_76,24.275446,23.39347,21.737686,24.55132,25.442442
batch_02150_patch.tiff,patch_77,26.100962,23.455725,27.640697,23.58936,27.701538
batch_02150_patch.tiff,patch_78,25.719131,23.723234,26.059366,23.8408,26.736837
batch_02150_patch.tiff,patch_79,26.231226,22.81369,24.341034,24.906338,26.051775
batch_02150_patch.tiff,patch_80,25.495775,23.545727,23.249706,23.638237,26.217268
batch_02150_patch.tiff,patch_81,27.177471,23.084131,25.601297,26.22644,25.714714
batch_02150_patch.tiff,patch_82,26.372637,22.37809,27.106686,25.122581,25.023003
batch_02150_patch.tiff,patch_83,26.013071,23.779678,20.881155,25.392452,25.023108
batch_02150_patch.tiff,patch_84,26.215626,23.47226,22.834766,22.936125,25.897102
batch_02150_patch.tiff,patch_85,25.413877,22.663273,22.515009,25.251314,24.77816
batch_02150_patch.tiff,patch_86,25.015364,23.216381,21.054888,25.000292,24.050053
batch_02150_patch.tiff,patch_87,26.237387,23.285166,26.338894,23.96715,28.464052
batch_02150_patch.tiff,patch_88,24.697012,24.209715,24.478968,24.254726,28.272552
batch_02150_patch.tiff,patch_89,25.391691,23.178751,24.741,24.609869,26.46284
batch_02150_patch.tiff,patch_90,25.63175,23.33226,25.996674,24.098791,27.47607
batch_02150_patch.tiff,patch_91,22.298565,24.063839,20.009956,23.424494,24.42384
batch_02150_patch.tiff,patch_92,26.982115,22.371311,28.412666,24.982502,26.539604
batch_02150_patch.tiff,patch_93,26.596464,22.885813,25.665106,24.911818,25.702404
batch_02150_patch.tiff,patch_94,26.114227,23.970814,24.551353,24.302565,24.99136
batch_02150_patch.tiff,patch_95,26.323189,21.734636,21.837708,21.222046,25.160088
batch_02150_patch.tiff,patch_96,25.756432,24.258848,24.95612,23.96431,26.265911
batch_02150_patch.tiff,patch_97,26.345211,23.574257,25.61153,24.626637,24.955387
batch_02150_patch.tiff,patch_98,24.975782,23.860216,24.600973,24.466293,27.965836
batch_02150_patch.tiff,patch_99,25.647774,23.79761,23.668322,23.682981,26.599308
batch_02150_patch.tiff,patch_100,25.884007,23.044813,25.607363,23.756666,26.24279
batch_02150_patch.tiff,patch_101,25.864311,25.08581,24.75385,24.813673,27.206978
batch_02150_patch.tiff,patch_102,24.072128,25.174805,23.434507,23.432425,26.121412
batch_02150_patch.tiff,patch_103,23.521578,23.824253,22.510172,21.785097,25.140348
batch_02150_patch.tiff,patch_104,26.558998,21.54826,26.2644,25.846523,25.48529
batch_02150_patch.tiff,patch_105,26.89963,22.4165,25.393972,26.323473,26.038265
batch_02150_patch.tiff,patch_106,26.646158,23.329065,22.459797,24.697607,25.697369
batch_02150_patch.tiff,patch_107,26.134918,22.872673,23.749737,24.577757,25.85947
batch_02150_patch.tiff,patch_108,25.71525,24.104792,24.437576,24.664389,25.689882
batch_02150_patch.tiff,patch_109,25.726864,23.373703,25.4471,23.70468,27.888079
batch_02150_patch.tiff,patch_110,26.830421,23.5085,26.333073,26.196451,27.013872
batch_02150_patch.tiff,patch_111,25.791204,24.02674,25.418837,23.27809,26.907425
batch_02150_patch.tiff,patch_112,26.220367,23.279226,26.197056,23.8403,28.57644
batch_02150_patch.tiff,patch_113,22.861525,22.79356,22.115124,23.725702,26.411419
batch_02150_patch.tiff,patch_114,23.599277,22.347399,21.822395,24.342615,25.018703
batch_02150_patch.tiff,patch_115,27.138006,24.15438,27.18029,25.3845,27.700712
batch_02150_patch.tiff,patch_116,27.3774,24.092943,26.250605,25.457836,27.373669
batch_02150_patch.tiff,patch_117,25.001768,22.688559,21.45152,21.988369,25.544523
batch_02150_patch.tiff,patch_118,26.858105,23.660236,22.490608,24.290922,25.624403
batch_02150_patch.tiff,patch_119,25.210138,22.266874,22.385874,24.32369,24.7125
batch_02150_patch.tiff,patch_120,26.075605,22.522594,21.707552,23.444162,25.893166
batch_02150_patch.tiff,patch_121,26.051733,24.062899,25.331982,24.4983,27.276793
batch_02150_patch.tiff,patch_122,26.604694,24.10838,26.807966,24.580702,27.725607
batch_02150_patch.tiff,patch_123,25.58901,24.190914,25.82007,23.641066,27.454412
batch_02150_patch.tiff,patch_124,25.82302,24.654789,25.25783,25.037298,26.69925
batch_02150_patch.tiff,patch_125,22.688469,24.335852,25.109228,22.398924,24.393845
batch_02150_patch.tiff,patch_126,22.903427,23.741196,21.376493,24.319254,24.546118
batch_02150_patch.tiff,patch_127,25.74543,23.874498,26.050423,24.45712,26.101467
batch_02150_patch.tiff,patch_128,26.92349,23.649927,27.871012,25.423069,26.488464
batch_02150_patch.tiff,patch_129,25.26384,22.68857,21.767056,24.673006,24.54117
batch_02150_patch.tiff,patch_130,25.40886,22.948484,21.510427,23.90238,24.915466
batch_02150_patch.tiff,patch_131,24.837284,23.059328,22.127048,22.903664,25.575693
batch_02150_patch.tiff,patch_132,25.464193,23.122654,22.367952,22.120459,25.256586
batch_02150_patch.tiff,patch_133,26.148136,24.012657,26.809038,24.926395,28.11294
batch_02150_patch.tiff,patch_134,26.095339,23.212244,26.101128,24.475986,27.81548
batch_02150_patch.tiff,patch_135,26.274176,23.667595,24.791325,24.215862,27.55261
batch_02150_patch.tiff,patch_136,23.981848,23.86826,22.72229,24.363735,26.534134
batch_02150_patch.tiff,patch_137,22.40035,24.527699,24.92092,21.825987,24.459171
batch_02150_patch.tiff,patch_138,24.80188,22.456924,23.1695,24.379768,24.554699
batch_02150_patch.tiff,patch_139,25.712873,22.905298,22.335436,24.769203,25.10634
batch_02150_patch.tiff,patch_140,25.874544,25.048527,23.606188,24.248854,26.539265
batch_02150_patch.tiff,patch_141,25.015347,22.50215,22.297731,24.76404,24.58989
batch_02150_patch.tiff,patch_142,25.333147,22.877134,22.157845,25.26348,24.616413
batch_02150_patch.tiff,patch_143,26.391205,23.796078,24.779394,25.341633,26.979908
batch_02150_patch.tiff,patch_144,25.093996,24.547222,25.498613,24.384892,27.47941
batch_02150_patch.tiff,patch_145,26.345884,23.127163,26.060236,24.836348,26.685762
batch_02150_patch.tiff,patch_146,26.05964,22.63803,26.493786,24.452776,26.984299
batch_02150_patch.tiff,patch_147,24.651318,23.207808,21.147352,24.366201,25.160778
batch_02150_patch.tiff,patch_148,26.039434,23.965513,23.684021,25.65201,25.564096
batch_02150_patch.tiff,patch_149,24.850124,22.700209,20.77844,24.257023,24.400488
batch_02150_patch.tiff,patch_150,24.709078,23.108397,21.8168,25.072197,24.920586
batch_02150_patch.tiff,patch_151,26.573967,23.683704,27.718287,25.452805,26.459488
batch_02150_patch.tiff,patch_152,26.957243,24.539598,27.337982,24.791443,27.330431
batch_02150_patch.tiff,patch_153,26.29238,22.83187,23.862495,24.073614,25.986488
batch_02150_patch.tiff,patch_154,25.691399,23.690458,22.250547,24.403624,25.72094
batch_02150_patch.tiff,patch_155,24.159014,22.106495,20.553968,22.765482,24.22108
batch_02150_patch.tiff,patch_156,25.869476,23.524385,24.35328,22.918638,25.937988
batch_02150_patch.tiff,patch_157,23.269499,21.813704,19.56624,23.403563,24.11035
batch_02150_patch.tiff,patch_158,25.39274,23.221003,21.20109,25.233221,25.342438
batch_02150_patch.tiff,patch_159,26.216206,22.997803,23.033072,25.035246,26.50831
batch_02150_patch.tiff,patch_160,25.749186,21.84991,21.394207,25.04734,24.737198
batch_02200_patch.tiff,patch_0,25.520542,23.950642,25.061678,24.230106,25.890938
batch_02200_patch.tiff,patch_1,26.026222,23.658493,23.725946,24.985207,24.397076
batch_02200_patch.tiff,patch_2,25.075378,22.896116,25.67597,22.534618,26.200823
batch_02200_patch.tiff,patch_3,24.903605,23.405563,22.012444,24.38965,23.788475
batch_02200_patch.tiff,patch_4,24.915081,24.166008,24.764465,23.861336,23.931065
batch_02200_patch.tiff,patch_5,26.339226,25.478003,24.786772,24.994492,27.416656
batch_02200_patch.tiff,patch_6,26.550999,24.191914,26.126423,25.54754,26.872982
batch_02200_patch.tiff,patch_7,26.183273,23.307863,24.089502,24.85964,26.38481
batch_02200_patch.tiff,patch_8,26.268475,24.350367,23.534655,24.692686,25.417229
batch_02200_patch.tiff,patch_9,24.362709,22.740915,22.217436,24.362892,24.27583
batch_02200_patch.tiff,patch_10,26.242231,23.6061,22.310335,24.460854,25.385345
batch_02200_patch.tiff,patch_11,26.225916,23.704723,25.009407,25.972593,25.494621
batch_02200_patch.tiff,patch_12,24.62583,22.990314,24.546694,24.02503,26.098091
batch_02200_patch.tiff,patch_13,24.64949,21.818462,25.06008,22.861877,25.76829
batch_02200_patch.tiff,patch_14,24.658201,24.258526,24.373928,23.371155,24.736181
batch_02200_patch.tiff,patch_15,26.062548,24.557579,24.267057,25.201859,25.88821
batch_02200_patch.tiff,patch_16,26.949455,24.778622,25.194807,25.05351,26.853718
batch_02200_patch.tiff,patch_17,25.257095,22.683584,22.27106,23.741575,26.267761
batch_02200_patch.tiff,patch_18,25.43533,23.263985,22.607687,24.909376,25.66908
batch_02200_patch.tiff,patch_19,23.754282,23.447588,18.671965,25.617235,23.275314
batch_02200_patch.tiff,patch_20,25.52831,24.04793,23.181911,24.16671,25.18032
batch_02200_patch.tiff,patch_21,25.853224,23.441324,24.337324,24.76788,25.129047
batch_02200_patch.tiff,patch_22,24.347048,23.681576,24.627117,24.419287,24.495153
batch_02200_patch.tiff,patch_23,22.616123,21.577944,19.6531,24.939941,24.168097
batch_02200_patch.tiff,patch_24,24.423204,22.53619,21.599733,25.633541,25.130232
batch_02200_patch.tiff,patch_25,25.812346,23.951735,24.229239,24.719332,24.708153
batch_02200_patch.tiff,patch_26,26.974504,24.098127,25.15865,25.171455,26.381361
batch_02200_patch.tiff,patch_27,25.183725,23.858965,22.366903,24.38644,26.065443
batch_02200_patch.tiff,patch_28,24.227892,22.899479,21.656208,24.547297,24.896488
batch_02200_patch.tiff,patch_29,23.995886,22.78275,23.56,24.173256,25.913437
batch_02200_patch.tiff,patch_30,25.455805,23.981596,24.923931,23.752352,24.672613
batch_02200_patch.tiff,patch_31,25.254456,23.874926,23.476038,24.295727,24.615942
batch_02200_patch.tiff,patch_32,25.242754,23.020748,24.52166,25.122301,25.939308
batch_02200_patch.tiff,patch_33,23.136282,22.616453,24.548903,23.067732,26.836597
batch_02200_patch.tiff,patch_34,25.223116,23.37184,22.696962,24.140413,23.376667
batch_02200_patch.tiff,patch_35,27.692987,24.826925,25.219555,25.729284,26.728031
batch_02200_patch.tiff,patch_36,27.01271,24.59317,25.830637,24.848331,26.023874
batch_02200_patch.tiff,patch_37,25.97717,23.504236,23.891195,24.310658,25.044268
batch_02200_patch.tiff,patch_38,26.321943,23.697798,23.719873,24.859486,25.917034
batch_02200_patch.tiff,patch_39,24.205196,23.39973,22.150742,23.549112,25.402048
batch_02200_patch.tiff,patch_40,24.567196,22.727285,21.888378,24.564863,25.010242
batch_02200_patch.tiff,patch_41,26.383524,23.7144,25.036695,24.779425,28.137585
batch_02200_patch.tiff,patch_42,27.07343,25.340927,26.423296,24.805925,27.365704
batch_02200_patch.tiff,patch_43,23.634768,22.098558,22.523552,24.403067,25.331472
batch_02200_patch.tiff,patch_44,23.380112,21.400696,22.268394,24.19509,25.255068
batch_02200_patch.tiff,patch_45,23.553219,23.25546,21.67678,24.803993,24.918194
batch_02200_patch.tiff,patch_46,27.407654,24.071867,25.373013,25.130054,26.671793
batch_02200_patch.tiff,patch_47,26.349089,23.856913,23.48395,24.061121,25.106617
batch_02200_patch.tiff,patch_48,24.84548,23.247208,21.629576,24.297338,24.358847
batch_02200_patch.tiff,patch_49,23.816805,22.715141,21.407585,23.779072,25.044981
batch_02200_patch.tiff,patch_50,23.78255,22.355047,21.656935,23.926956,25.338272
batch_02200_patch.tiff,patch_51,26.786066,24.36426,26.24648,24.83144,28.132713
batch_02200_patch.tiff,patch_52,26.733063,24.501575,27.755856,25.150698,28.06777
batch_02200_patch.tiff,patch_53,24.182775,22.023006,21.073128,25.669516,24.856174
batch_02200_patch.tiff,patch_54,24.047783,22.007229,24.02631,24.175423,25.756788
batch_02200_patch.tiff,patch_55,25.242931,24.775263,25.321678,24.4087,25.254238
batch_02200_patch.tiff,patch_56,26.863775,24.144522,25.18481,25.103214,25.245735
batch_02200_patch.tiff,patch_57,26.011118,23.269438,22.143719,25.180347,25.124828
batch_02200_patch.tiff,patch_58,24.612497,22.169985,20.947308,24.04979,24.054255
batch_02200_patch.tiff,patch_59,23.89757,22.809784,21.456789,24.641682,24.908573
batch_02200_patch.tiff,patch_60,23.832655,22.775494,21.379278,24.372013,25.256475
batch_02200_patch.tiff,patch_61,25.75575,24.530445,25.955357,24.646292,25.973467
batch_02200_patch.tiff,patch_62,25.95977,24.38453,24.877625,25.392359,25.82956
batch_02200_patch.tiff,patch_63,25.515629,23.3735,25.015917,23.851908,25.938162
batch_02200_patch.tiff,patch_64,26.19468,22.282932,25.440811,25.06791,25.553436
batch_02200_patch.tiff,patch_65,23.559355,22.49252,20.456799,24.08817,23.963242
batch_02200_patch.tiff,patch_66,24.423487,22.692472,22.087072,24.171812,25.06639
batch_02200_patch.tiff,patch_67,26.132774,24.58102,25.67376,24.634258,25.460659
batch_02200_patch.tiff,patch_68,27.042837,24.587439,26.248823,25.449944,27.179874
batch_02200_patch.tiff,patch_69,26.562737,23.999208,24.390968,24.904854,26.258177
batch_02200_patch.tiff,patch_70,23.7145,22.932537,21.1643,23.18577,24.393759
batch_02200_patch.tiff,patch_71,25.199663,22.903128,21.795193,23.362494,25.720995
batch_02200_patch.tiff,patch_72,24.964888,22.482067,24.208939,25.164694,24.045185
batch_02200_patch.tiff,patch_73,26.65863,24.6313,25.568485,25.353802,25.850058
batch_02200_patch.tiff,patch_74,23.910364,21.840649,22.976873,25.052393,24.384716
batch_02200_patch.tiff,patch_75,25.541985,21.979023,24.261854,25.32045,26.114622
batch_02200_patch.tiff,patch_76,24.526196,22.809546,22.992296,23.808073,25.249973
batch_02200_patch.tiff,patch_77,23.95894,22.876205,21.39834,23.961477,24.737469
batch_02200_patch.tiff,patch_78,26.809296,24.991219,25.72683,25.546177,26.753471
batch_02200_patch.tiff,patch_79,27.55156,24.294725,26.774506,25.686192,26.738533
batch_02200_patch.tiff,patch_80,24.7448,24.150963,22.570171,24.512535,25.365381
batch_02200_patch.tiff,patch_81,24.306427,23.054857,22.462627,22.734835,26.06966
batch_02200_patch.tiff,patch_82,24.54811,23.249311,22.466146,22.9133,25.652138
batch_02200_patch.tiff,patch_83,27.126343,22.759668,27.653866,25.121033,26.07207
batch_02200_patch.tiff,patch_84,26.485998,23.249474,26.43809,24.377821,26.250998
batch_02200_patch.tiff,patch_85,24.05111,22.532854,25.500141,23.554132,26.784845
batch_02200_patch.tiff,patch_86,23.093704,22.897053,24.825626,22.692205,25.951204
batch_02200_patch.tiff,patch_87,24.16372,22.961287,22.172113,23.726044,24.576668
batch_02200_patch.tiff,patch_88,23.503345,22.314083,20.923798,24.213673,24.420782
batch_02200_patch.tiff,patch_89,27.054462,24.043533,23.68873,24.430912,25.788906
batch_02200_patch.tiff,patch_90,27.136587,24.22774,25.327986,25.116089,25.16058
batch_02200_patch.tiff,patch_91,25.869032,23.590958,21.640795,24.690813,25.079927
batch_02200_patch.tiff,patch_92,25.136133,23.28327,23.034092,24.757404,25.295593
batch_02200_patch.tiff,patch_93,23.95835,22.634878,20.705269,24.229996,24.362465
batch_02200_patch.tiff,patch_94,24.547085,23.072893,22.850431,23.373728,26.033173
batch_02200_patch.tiff,patch_95,25.63897,22.138546,26.006863,23.567991,25.399601
batch_02200_patch.tiff,patch_96,24.499924,22.51494,24.261389,24.552021,23.920673
batch_02200_patch.tiff,patch_97,23.908476,23.103172,24.763525,23.95885,26.07142
batch_02200_patch.tiff,patch_98,24.50308,22.607979,23.43698,24.037727,25.827599
batch_02200_patch.tiff,patch_99,23.990017,22.609722,22.045666,24.204168,24.96552
batch_02200_patch.tiff,patch_100,25.62603,25.143469,26.043749,23.99247,26.619894
batch_02200_patch.tiff,patch_101,26.303396,23.41556,23.979662,25.16073,26.186794
batch_02200_patch.tiff,patch_102,25.045729,23.206188,21.373236,25.049316,25.070644
batch_02200_patch.tiff,patch_103,25.668615,23.279818,22.255764,24.27601,24.850803
batch_02200_patch.tiff,patch_104,24.367954,23.507637,22.484241,25.105944,25.365725
batch_02200_patch.tiff,patch_105,24.162855,23.514235,22.00611,23.59133,25.879534
batch_02200_patch.tiff,patch_106,25.315134,22.612139,24.902578,25.06411,24.291647
batch_02200_patch.tiff,patch_107,25.320139,22.82933,25.448044,24.436193,25.761124
batch_02200_patch.tiff,patch_108,26.034405,24.374983,25.361275,24.359627,26.641088
batch_02200_patch.tiff,patch_109,26.330904,25.184313,24.3059,25.017588,26.332844
batch_02200_patch.tiff,patch_110,24.498404,22.585266,20.87508,24.765278,24.648067
batch_02200_patch.tiff,patch_111,25.308672,23.742163,22.368118,24.887775,26.224113
batch_02200_patch.tiff,patch_112,24.558167,23.489735,23.387775,24.858868,25.433834
batch_02200_patch.tiff,patch_113,24.514807,23.70154,22.629725,24.709927,25.295008
batch_02200_patch.tiff,patch_114,24.273058,22.988884,22.364536,24.702568,24.11254
batch_02200_patch.tiff,patch_115,24.767597,23.381506,23.610039,24.664371,25.882244
batch_02200_patch.tiff,patch_116,25.245218,21.53781,24.59611,24.653208,24.447767
batch_02200_patch.tiff,patch_117,25.967094,23.132679,27.982534,24.762878,25.411797
batch_02200_patch.tiff,patch_118,26.066074,24.028774,25.302935,25.962612,27.226929
batch_02200_patch.tiff,patch_119,26.208267,24.499704,26.187319,25.114023,28.599403
batch_02200_patch.tiff,patch_120,24.394415,23.40673,22.309942,23.539957,24.717905
batch_02200_patch.tiff,patch_121,24.998817,23.467756,21.141563,24.77353,25.119062
batch_02200_patch.tiff,patch_122,25.231586,23.689232,23.866108,24.498056,25.987173
batch_02200_patch.tiff,patch_123,24.957417,23.805593,22.052883,25.267893,25.547514
batch_02200_patch.tiff,patch_124,24.287924,22.188442,22.26808,23.73529,24.19354
batch_02200_patch.tiff,patch_125,25.462679,22.98892,22.261572,24.45277,25.924644
batch_02200_patch.tiff,patch_126,25.670269,23.770184,25.764889,23.566923,26.379148
batch_02200_patch.tiff,patch_127,25.35085,22.839386,25.602858,23.01281,26.193106
batch_02200_patch.tiff,patch_128,24.435335,22.968836,25.706059,23.149502,26.554111
batch_02200_patch.tiff,patch_129,23.646618,22.14759,20.16108,23.560781,24.201454
batch_02200_patch.tiff,patch_130,23.068142,22.147291,20.592846,23.98416,24.364925
batch_02200_patch.tiff,patch_131,25.809607,23.736818,23.21955,24.971003,25.80557
batch_02200_patch.tiff,patch_132,24.79497,23.510477,24.10192,23.953983,26.56965
batch_02200_patch.tiff,patch_133,25.74814,22.76931,21.969185,24.360725,24.506735
batch_02200_patch.tiff,patch_134,26.373146,23.252548,24.039478,25.032858,25.843176
batch_02200_patch.tiff,patch_135,27.523895,23.26935,27.239801,24.532068,27.112425
batch_02200_patch.tiff,patch_136,26.171007,24.805769,25.504139,24.28971,28.63231
batch_02200_patch.tiff,patch_137,26.165014,23.432608,27.467129,23.733711,26.062832
batch_02200_patch.tiff,patch_138,25.495693,23.012255,26.001074,24.653284,24.486567
batch_02200_patch.tiff,patch_139,25.45417,22.310246,27.961733,21.650656,27.001892
batch_02200_patch.tiff,patch_140,25.340977,23.565052,26.042095,23.29445,26.074183
batch_02200_patch.tiff,patch_141,23.76158,22.511522,21.854326,24.071854,25.020685
batch_02200_patch.tiff,patch_142,23.366009,22.655228,21.667978,24.063309,24.865173
batch_02200_patch.tiff,patch_143,25.378242,23.711454,23.370117,24.542511,26.44458
batch_02200_patch.tiff,patch_144,25.719822,23.207018,21.874435,24.842289,25.267197
batch_02200_patch.tiff,patch_145,24.891582,22.754229,22.055132,24.246471,24.84425
batch_02200_patch.tiff,patch_146,25.101753,22.654758,22.28432,24.751549,25.504005
batch_02200_patch.tiff,patch_147,25.463484,24.8309,23.771517,24.49169,28.162485
batch_02200_patch.tiff,patch_148,25.329462,24.18896,24.367949,23.88392,27.328213
batch_02200_patch.tiff,patch_149,24.680782,22.791538,22.799408,24.57306,25.113548
batch_02200_patch.tiff,patch_150,25.002508,23.672817,26.045053,24.686848,24.719322
batch_02200_patch.tiff,patch_151,24.749498,23.5682,24.329878,23.280607,23.991077
batch_02200_patch.tiff,patch_152,26.146824,24.174866,24.130613,24.489641,26.315037
batch_02200_patch.tiff,patch_153,25.98878,22.029802,24.089859,24.169687,26.973667
batch_02200_patch.tiff,patch_154,25.09121,23.142843,21.498589,24.856445,24.563702
batch_02200_patch.tiff,patch_155,25.206799,23.561749,23.49411,24.947712,25.373253
batch_02250_patch.tiff,patch_0,25.735033,24.02164,25.081802,25.735958,25.60813
batch_02250_patch.tiff,patch_1,25.508387,23.85143,23.118591,25.277891,25.256823
batch_02250_patch.tiff,patch_2,24.51066,24.742691,23.01612,24.243765,25.64375
batch_02250_patch.tiff,patch_3,24.970772,24.29369,22.868422,23.944283,25.482439
batch_02250_patch.tiff,patch_4,25.964281,23.352802,22.738853,23.478642,25.882133
batch_02250_patch.tiff,patch_5,25.665634,23.144081,23.954569,24.073284,25.999481
batch_02250_patch.tiff,patch_6,26.040474,22.94582,24.895649,26.676905,24.092793
batch_02250_patch.tiff,patch_7,25.349934,24.287533,24.301994,24.365484,25.543379
batch_02250_patch.tiff,patch_8,26.515797,23.752384,24.763508,25.797113,26.788572
batch_02250_patch.tiff,patch_9,24.828512,24.330162,23.611847,24.424135,27.130733
batch_02250_patch.tiff,patch_10,25.416412,25.633055,24.958208,24.40299,26.890238
batch_02250_patch.tiff,patch_11,24.705315,22.767046,23.093225,25.080029,24.782223
batch_02250_patch.tiff,patch_12,25.433554,24.272161,23.340033,25.375723,25.3125
batch_02250_patch.tiff,patch_13,26.371317,24.520412,23.305593,24.83208,25.98822
batch_02250_patch.tiff,patch_14,25.64373,24.056553,22.549337,23.712646,26.548344
batch_02250_patch.tiff,patch_15,26.532572,24.217283,24.124336,23.99946,27.670033
batch_02250_patch.tiff,patch_16,25.1387,23.968613,23.77506,24.6349,26.426828
batch_02250_patch.tiff,patch_17,26.85149,23.58211,25.60241,24.825151,25.477715
batch_02250_patch.tiff,patch_18,25.04326,24.09451,23.537334,24.591297,25.929968
batch_02250_patch.tiff,patch_19,25.689856,23.679441,24.336853,24.290773,27.161451
batch_02250_patch.tiff,patch_20,26.474075,25.083685,24.67989,24.078197,27.676786
batch_02250_patch.tiff,patch_21,25.145775,25.161718,24.477951,23.671915,25.726114
batch_02250_patch.tiff,patch_22,23.87973,23.669561,24.515032,24.783527,25.34338
batch_02250_patch.tiff,patch_23,24.448288,23.797096,25.198185,25.081923,24.272655
batch_02250_patch.tiff,patch_24,26.777895,24.743896,24.468945,24.733126,26.413095
batch_02250_patch.tiff,patch_25,25.285961,24.378746,23.275757,24.232765,24.578125
batch_02250_patch.tiff,patch_26,26.04207,23.603767,21.487984,24.384703,25.569902
batch_02250_patch.tiff,patch_27,27.063566,24.240137,24.986284,23.586594,27.515081
batch_02250_patch.tiff,patch_28,26.02501,25.1768,23.34021,24.423796,26.777388
batch_02250_patch.tiff,patch_29,28.058832,25.487082,25.224806,25.09173,26.072145
batch_02250_patch.tiff,patch_30,25.385332,24.310474,24.050415,23.912437,25.662792
batch_02250_patch.tiff,patch_31,26.787512,24.591444,24.231468,24.000095,26.864243
batch_02250_patch.tiff,patch_32,25.676172,24.487486,23.70347,24.548618,25.188625
batch_02250_patch.tiff,patch_33,26.137985,23.986732,25.060852,25.157114,26.308247
batch_02250_patch.tiff,patch_34,24.603508,22.794851,22.650429,24.730103,24.79763
batch_02250_patch.tiff,patch_35,25.16766,22.955437,21.075354,23.508192,24.952261
batch_02250_patch.tiff,patch_36,26.508907,23.522747,25.168055,24.652746,25.589043
batch_02250_patch.tiff,patch_37,26.025824,23.2523,21.6682,24.39055,23.839443
batch_02250_patch.tiff,patch_38,27.375662,24.146223,23.626038,24.837263,25.780243
batch_02250_patch.tiff,patch_39,24.750755,24.609713,21.957357,24.115942,25.90323
batch_02250_patch.tiff,patch_40,26.626934,24.659126,23.548729,23.641533,27.484276
batch_02250_patch.tiff,patch_41,26.027729,25.181145,23.847904,24.839943,26.62347
batch_02250_patch.tiff,patch_42,25.449427,26.100677,25.113472,23.81197,26.178072
batch_02250_patch.tiff,patch_43,25.012018,22.911394,22.197552,24.53149,23.522963
batch_02250_patch.tiff,patch_44,26.91595,24.225903,26.703865,25.06446,26.099707
batch_02250_patch.tiff,patch_45,24.909147,23.444174,24.71317,24.532053,25.351189
batch_02250_patch.tiff,patch_46,24.180532,22.06615,23.69346,23.153362,25.647022
batch_02250_patch.tiff,patch_47,24.677103,22.807476,23.723635,25.252485,24.487461
batch_02250_patch.tiff,patch_48,26.01709,24.217937,23.6688,25.77682,26.182253
batch_02250_patch.tiff,patch_49,24.515596,22.892921,21.264622,24.478401,25.64922
batch_02250_patch.tiff,patch_50,25.883242,23.927485,23.54804,24.107916,26.03316
batch_02250_patch.tiff,patch_51,26.7188,23.948586,27.948017,24.489712,28.560097
batch_02250_patch.tiff,patch_52,25.22621,23.281534,22.876028,24.718029,25.457209
batch_02250_patch.tiff,patch_53,26.37047,24.686981,24.389456,24.5711,27.84542
batch_02250_patch.tiff,patch_54,26.837177,25.77647,24.642773,24.395594,28.099377
batch_02250_patch.tiff,patch_55,25.76187,25.385696,26.388586,24.313019,26.180649
batch_02250_patch.tiff,patch_56,26.684393,22.154911,25.825836,24.161379,25.52841
batch_02250_patch.tiff,patch_57,27.097198,24.355818,25.263058,23.489735,26.050474
batch_02250_patch.tiff,patch_58,24.699644,23.716442,25.905388,25.014301,25.578491
batch_02250_patch.tiff,patch_59,25.348713,23.600367,25.244604,24.01999,24.943275
batch_02250_patch.tiff,patch_60,25.82969,23.136042,23.177588,25.064066,25.033146
batch_02250_patch.tiff,patch_61,26.45577,23.483622,22.133709,25.786497,26.517412
batch_02250_patch.tiff,patch_62,26.032242,24.933287,24.617458,24.48776,27.586847
batch_02250_patch.tiff,patch_63,26.441355,24.185991,24.9457,24.76646,26.58426
batch_02250_patch.tiff,patch_64,24.729671,24.430597,23.559488,23.464146,25.77314
batch_02250_patch.tiff,patch_65,24.995466,24.513819,22.875666,23.951103,26.843727
batch_02250_patch.tiff,patch_66,26.606995,24.758356,25.028072,24.150776,26.302088
batch_02250_patch.tiff,patch_67,25.78534,25.483543,25.61163,23.804413,26.07986
batch_02250_patch.tiff,patch_68,26.378431,22.76859,23.165663,23.440042,25.502846
batch_02250_patch.tiff,patch_69,26.137487,24.402695,24.904543,24.287148,26.916286
batch_02250_patch.tiff,patch_70,26.148472,24.879766,23.203138,25.55016,25.633236
batch_02250_patch.tiff,patch_71,24.279905,23.544739,23.540255,24.404718,24.92053
batch_02250_patch.tiff,patch_72,23.613487,22.376495,20.524849,24.30469,24.205275
batch_02250_patch.tiff,patch_73,24.602375,23.250473,23.010239,23.643934,25.493078
batch_02250_patch.tiff,patch_74,25.120583,23.3361,22.103397,24.858122,25.56419
batch_02250_patch.tiff,patch_75,26.168806,23.694948,22.330294,23.346231,26.392838
batch_02250_patch.tiff,patch_76,26.266987,22.59599,23.196375,23.555573,26.191835
batch_02250_patch.tiff,patch_77,26.814505,22.412086,25.122149,23.502811,26.381426
batch_02250_patch.tiff,patch_78,26.332815,25.149012,26.42195,24.309074,26.191624
batch_02250_patch.tiff,patch_79,26.758764,24.8525,27.50223,23.968645,26.487286
batch_02250_patch.tiff,patch_80,26.966637,24.483925,24.52972,24.271406,27.513487
batch_02250_patch.tiff,patch_81,26.994709,23.248888,26.02666,24.196003,25.114384
batch_02250_patch.tiff,patch_82,24.8855,24.301262,24.952633,24.437641,24.694693
batch_02250_patch.tiff,patch_83,26.046585,23.84313,24.541145,25.243242,25.566923
batch_02250_patch.tiff,patch_84,23.116947,22.254635,19.666729,24.141207,23.379568
batch_02250_patch.tiff,patch_85,23.859606,22.306614,22.266142,23.90802,24.771744
batch_02250_patch.tiff,patch_86,25.456583,22.05839,21.54768,24.273737,24.360575
batch_02250_patch.tiff,patch_87,25.030792,22.462305,21.861631,23.582212,24.706936
batch_02250_patch.tiff,patch_88,24.613089,22.778584,23.164923,23.837538,25.166018
batch_02250_patch.tiff,patch_89,27.441198,22.415289,24.654972,22.814035,26.754868
batch_02250_patch.tiff,patch_90,26.387783,25.008848,25.993206,23.443922,26.428864
batch_02250_patch.tiff,patch_91,26.32446,25.333143,25.745312,24.493937,25.939495
batch_02250_patch.tiff,patch_92,27.896517,24.598562,25.22565,24.083931,27.342613
batch_02250_patch.tiff,patch_93,27.06534,23.552303,25.954634,23.696709,26.589834
batch_02250_patch.tiff,patch_94,23.301798,22.043467,23.637194,24.13309,25.415274
batch_02250_patch.tiff,patch_95,25.124855,23.750334,24.073635,24.685118,25.584051
batch_02250_patch.tiff,patch_96,24.31757,22.747433,22.58411,24.037104,24.689028
batch_02250_patch.tiff,patch_97,24.055834,22.405508,22.129568,24.75904,24.277763
batch_02250_patch.tiff,patch_98,27.099834,24.779097,24.51944,23.627218,26.930265
batch_02250_patch.tiff,patch_99,25.991076,24.723505,25.079977,24.656136,26.496979
batch_02250_patch.tiff,patch_100,26.492287,22.924473,24.497202,24.321743,26.303707
batch_02250_patch.tiff,patch_101,26.410347,21.726873,24.642162,23.182571,26.068405
batch_02250_patch.tiff,patch_102,26.080627,24.663101,25.19546,24.538588,26.063602
batch_02250_patch.tiff,patch_103,26.066753,24.66721,23.771353,24.316017,25.868555
batch_02250_patch.tiff,patch_104,25.698765,22.121471,25.007156,24.845064,23.610876
batch_02250_patch.tiff,patch_105,26.253105,23.219166,27.240274,24.276598,24.943762
batch_02250_patch.tiff,patch_106,25.383137,23.097883,23.88987,24.885065,24.706049
batch_02250_patch.tiff,patch_107,24.905664,23.491228,22.547363,25.61167,25.890512
batch_02250_patch.tiff,patch_108,24.482353,22.885336,22.879986,24.376211,25.352482
batch_02250_patch.tiff,patch_109,23.260353,21.500334,20.486252,24.109188,23.566856
batch_02250_patch.tiff,patch_110,25.984245,24.489496,24.392626,23.362608,27.41065
batch_02250_patch.tiff,patch_111,26.970114,24.285793,23.895433,23.039812,26.68723
batch_02250_patch.tiff,patch_112,24.568016,22.52691,22.697021,24.36618,25.24316
batch_02250_patch.tiff,patch_113,25.335793,23.455969,24.263435,23.856485,26.41194
batch_02250_patch.tiff,patch_114,26.445473,25.499725,26.165745,25.581142,26.233559
batch_02250_patch.tiff,patch_115,26.228815,24.859941,26.595156,24.410652,25.500359
batch_02250_patch.tiff,patch_116,25.83083,24.097275,23.798395,24.104017,26.745306
batch_02250_patch.tiff,patch_117,25.807016,23.990976,24.69912,24.755962,25.823647
batch_02250_patch.tiff,patch_118,25.907686,23.339981,21.091108,25.345533,24.692049
batch_02250_patch.tiff,patch_119,26.085588,24.07231,23.909626,25.32645,25.310366
batch_02250_patch.tiff,patch_120,26.986294,22.533087,23.711256,26.028845,25.709938
batch_02250_patch.tiff,patch_121,27.111223,23.1168,26.796896,25.623665,25.995157
batch_02250_patch.tiff,patch_122,26.885546,24.909164,24.737463,23.39863,27.105356
batch_02250_patch.tiff,patch_123,26.946232,23.52743,23.43758,22.764425,25.82996
batch_02250_patch.tiff,patch_124,25.542477,24.455328,24.022827,24.894588,27.249393
batch_02250_patch.tiff,patch_125,26.623945,25.640688,25.196035,25.247566,27.372454
batch_02250_patch.tiff,patch_126,26.255033,24.360422,25.391136,25.362785,26.848692
batch_02250_patch.tiff,patch_127,27.910862,24.885473,25.926172,25.509054,27.032072
batch_02250_patch.tiff,patch_128,26.127579,24.789972,25.14502,24.141956,26.394114
batch_02250_patch.tiff,patch_129,25.69174,25.608524,25.618315,23.877625,26.474138
batch_02250_patch.tiff,patch_130,23.846481,23.28362,22.636728,23.846914,25.382137
batch_02250_patch.tiff,patch_131,25.128393,23.138943,22.74267,23.84473,26.003807
batch_02250_patch.tiff,patch_132,27.419313,23.108973,25.162634,26.105644,24.766
batch_02250_patch.tiff,patch_133,27.240677,22.936493,23.519606,26.003277,25.946274
batch_02250_patch.tiff,patch_134,26.5619,24.338846,24.258034,23.898949,26.627619
batch_02250_patch.tiff,patch_135,26.032455,24.285292,24.184782,24.468493,26.728767
batch_02250_patch.tiff,patch_136,26.521755,24.099157,23.284746,22.592611,26.740383
batch_02250_patch.tiff,patch_137,26.47915,23.972101,24.965899,24.569702,26.44165
batch_02250_patch.tiff,patch_138,27.011776,24.404644,26.486017,24.78205,27.15754
batch_02250_patch.tiff,patch_139,27.525505,23.822515,27.130491,25.697523,26.775688
batch_02250_patch.tiff,patch_140,26.207851,25.638733,22.945364,24.690748,26.891273
batch_02250_patch.tiff,patch_141,26.475992,24.938568,25.8375,24.976843,26.340548
batch_02250_patch.tiff,patch_142,25.877201,24.209908,24.733318,24.358332,26.107153
batch_02250_patch.tiff,patch_143,25.644108,23.78003,23.392065,24.560225,24.906168
batch_02250_patch.tiff,patch_144,26.98716,23.977621,24.238268,25.40899,25.912964
batch_02250_patch.tiff,patch_145,24.786331,23.48907,23.477783,25.070747,25.085447
batch_02250_patch.tiff,patch_146,25.345171,22.584137,23.402699,23.804277,26.562347
batch_02250_patch.tiff,patch_147,25.625116,22.901417,24.841335,24.081196,26.829771
batch_02250_patch.tiff,patch_148,26.175959,24.248312,25.427427,23.991135,26.051088
batch_02250_patch.tiff,patch_149,25.639679,23.328718,24.064701,26.016876,25.599068
batch_02250_patch.tiff,patch_150,28.613503,23.569273,28.46072,23.987722,27.806648
batch_02250_patch.tiff,patch_151,27.8964,24.121544,25.760143,23.540686,28.359407
batch_02250_patch.tiff,patch_152,26.45255,24.42131,24.38227,24.290913,26.31028
batch_02250_patch.tiff,patch_153,26.300331,25.238571,25.274868,24.606997,25.71042
batch_02250_patch.tiff,patch_154,25.84783,23.575941,24.3,25.15053,24.440712
batch_02250_patch.tiff,patch_155,25.052992,23.60951,25.60392,25.010069,24.471605
batch_02250_patch.tiff,patch_156,26.937536,24.533361,23.107948,25.30818,25.720528
batch_02250_patch.tiff,patch_157,25.421099,22.64015,24.013832,25.105629,25.777746
batch_02250_patch.tiff,patch_158,26.24185,22.532923,23.729877,24.94905,26.016193
batch_02250_patch.tiff,patch_159,26.12973,23.78538,25.323294,26.274137,25.785608
batch_02250_patch.tiff,patch_160,26.514965,23.561916,25.469646,24.452337,23.992643
batch_02250_patch.tiff,patch_161,28.051895,24.378408,26.868525,25.665394,26.314428
batch_02250_patch.tiff,patch_162,26.929493,23.497414,24.422901,24.10859,27.056925
batch_02250_patch.tiff,patch_163,24.561735,24.320648,24.014915,24.674398,25.61479
batch_02250_patch.tiff,patch_164,26.207281,25.12223,24.55453,24.789774,26.065931
batch_02250_patch.tiff,patch_165,25.776043,23.727161,22.904682,24.965076,24.583878
batch_02250_patch.tiff,patch_166,25.619421,24.105307,23.32707,24.26036,26.327503
batch_02250_patch.tiff,patch_167,26.22916,23.076298,24.36297,25.118507,25.726898
batch_02250_patch.tiff,patch_168,24.731302,23.807076,23.075994,23.790888,25.237144
batch_02250_patch.tiff,patch_169,25.834423,23.881975,24.198582,22.94912,25.76034
batch_02250_patch.tiff,patch_170,24.87446,23.616735,23.204683,23.151049,25.77157
batch_02250_patch.tiff,patch_171,26.343586,24.101934,25.223661,25.307207,26.408003
batch_02250_patch.tiff,patch_172,27.64193,24.325819,26.21703,25.186014,26.798378
batch_02250_patch.tiff,patch_173,28.090754,24.401281,28.262999,25.250322,27.519556
batch_02250_patch.tiff,patch_174,27.198095,23.60182,25.033974,24.256369,27.116104
batch_02250_patch.tiff,patch_175,26.65004,25.506586,25.11184,24.814713,26.211235
batch_02250_patch.tiff,patch_176,26.79993,26.476318,25.73585,24.774483,26.235994
batch_02300_patch.tiff,patch_0,25.421038,23.650444,25.435804,24.458197,27.25371
batch_02300_patch.tiff,patch_1,24.996195,22.99791,24.680195,23.819233,27.005167
batch_02300_patch.tiff,patch_2,25.23245,23.380075,24.6184,24.886873,27.04309
batch_02300_patch.tiff,patch_3,25.218752,23.705425,24.75102,24.15912,24.881655
batch_02300_patch.tiff,patch_4,25.201838,23.85937,23.697374,25.754026,25.50659
batch_02300_patch.tiff,patch_5,26.303719,23.387508,24.477995,24.726534,26.542496
batch_02300_patch.tiff,patch_6,26.643623,24.10887,25.321468,24.374233,27.26902
batch_02300_patch.tiff,patch_7,25.93908,23.667206,25.656143,24.712444,25.802105
batch_02300_patch.tiff,patch_8,27.068693,24.163956,25.073332,24.734255,26.232782
batch_02300_patch.tiff,patch_9,26.902618,24.725346,26.386234,24.384941,26.269842
batch_02300_patch.tiff,patch_10,24.030067,23.722612,24.716047,24.995358,24.501682
batch_02300_patch.tiff,patch_11,26.442957,24.450588,22.431902,25.22256,26.907991
batch_02300_patch.tiff,patch_12,26.997498,23.758732,22.505587,22.85236,27.44314
batch_02300_patch.tiff,patch_13,25.388823,22.109125,25.090054,24.811808,26.955175
batch_02300_patch.tiff,patch_14,24.856564,22.9993,24.886633,23.881514,25.819872
batch_02300_patch.tiff,patch_15,24.724646,23.124895,24.98083,24.501678,26.759117
batch_02300_patch.tiff,patch_16,24.87731,23.448082,23.387459,25.141525,26.864397
batch_02300_patch.tiff,patch_17,24.54773,23.066528,24.022154,24.835604,26.246435
batch_02300_patch.tiff,patch_18,25.279835,22.91203,24.811346,24.475769,26.965483
batch_02300_patch.tiff,patch_19,26.741234,25.059769,25.465263,24.817669,28.571402
batch_02300_patch.tiff,patch_20,25.569052,24.315508,22.867971,24.28026,25.512875
batch_02300_patch.tiff,patch_21,26.87705,25.638142,25.305937,24.35538,26.96277
batch_02300_patch.tiff,patch_22,26.243786,25.164955,25.377678,23.319418,26.569235
batch_02300_patch.tiff,patch_23,24.619184,23.055298,20.88606,25.817553,24.729387
batch_02300_patch.tiff,patch_24,25.71707,23.27398,22.492594,26.250702,24.435966
batch_02300_patch.tiff,patch_25,26.12398,23.37306,22.795523,24.49678,27.004307
batch_02300_patch.tiff,patch_26,26.354372,23.736824,26.066269,24.247805,27.96171
batch_02300_patch.tiff,patch_27,24.7497,24.609125,23.789652,24.476545,27.147558
batch_02300_patch.tiff,patch_28,25.923243,23.654066,24.465336,24.389183,27.21952
batch_02300_patch.tiff,patch_29,24.469267,23.518621,26.9134,24.350233,26.21428
batch_02300_patch.tiff,patch_30,26.697533,21.799868,24.044458,25.474747,26.381147
batch_02300_patch.tiff,patch_31,25.856356,22.367222,23.464523,24.946566,25.567383
batch_02300_patch.tiff,patch_32,26.075476,23.649038,23.630161,23.856392,25.999569
batch_02300_patch.tiff,patch_33,25.45056,23.272936,23.689396,23.863102,26.052038
batch_02300_patch.tiff,patch_34,24.794039,24.983624,22.163929,24.380077,25.066723
batch_02300_patch.tiff,patch_35,25.79618,25.953745,23.818035,23.730265,26.351576
batch_02300_patch.tiff,patch_36,24.085657,22.876228,21.409662,25.088049,26.000792
batch_02300_patch.tiff,patch_37,24.084055,22.981657,21.896723,25.454256,24.568338
batch_02300_patch.tiff,patch_38,25.811682,23.210138,24.130121,23.058264,27.41265
batch_02300_patch.tiff,patch_39,24.062304,23.676693,22.954473,24.58338,26.877798
batch_02300_patch.tiff,patch_40,25.710508,24.48013,24.692163,24.634783,27.605797
batch_02300_patch.tiff,patch_41,25.900034,24.077911,23.753225,25.60974,26.135523
batch_02300_patch.tiff,patch_42,24.357761,23.935345,25.0105,25.192558,26.419977
batch_02300_patch.tiff,patch_43,26.053446,22.721102,25.640741,23.87637,26.957224
batch_02300_patch.tiff,patch_44,26.013367,22.647963,24.036407,24.931538,26.288582
batch_02300_patch.tiff,patch_45,26.683714,23.385838,24.32631,24.608572,26.484888
batch_02300_patch.tiff,patch_46,26.051651,22.884502,24.183887,23.201687,25.73561
batch_02300_patch.tiff,patch_47,25.79577,25.224493,22.919975,24.370615,26.015152
batch_02300_patch.tiff,patch_48,25.86379,25.116276,22.738861,23.993242,25.85635
batch_02300_patch.tiff,patch_49,25.256407,22.879019,22.009495,25.34304,25.35408
batch_02300_patch.tiff,patch_50,25.41663,22.735344,20.99862,23.529053,26.44374
batch_02300_patch.tiff,patch_51,26.502104,23.031569,22.932283,23.70958,27.506233
batch_02300_patch.tiff,patch_52,26.578665,23.949217,24.822369,25.778574,26.49977
batch_02300_patch.tiff,patch_53,26.488665,24.015692,25.97158,24.042246,27.38687
batch_02300_patch.tiff,patch_54,25.160065,22.236498,24.054712,25.185797,25.562021
batch_02300_patch.tiff,patch_55,25.402456,23.437576,24.705156,25.774345,25.303411
batch_02300_patch.tiff,patch_56,25.536283,22.25748,22.767265,24.607904,25.20849
batch_02300_patch.tiff,patch_57,27.33376,22.444601,25.360853,23.122234,27.526787
batch_02300_patch.tiff,patch_58,26.113838,23.346832,26.3672,25.13409,26.22181
batch_02300_patch.tiff,patch_59,27.942505,23.67331,27.856628,24.703592,27.037668
batch_02300_patch.tiff,patch_60,25.873352,22.020927,22.837711,24.436176,25.05986
batch_02300_patch.tiff,patch_61,25.919598,22.400085,22.080465,23.64109,27.018467
batch_02300_patch.tiff,patch_62,25.42516,22.578638,23.893,23.159838,28.039993
batch_02300_patch.tiff,patch_63,25.458658,21.943531,23.34846,23.55781,26.677307
batch_02300_patch.tiff,patch_64,26.600836,23.905457,24.291582,24.552874,26.024664
batch_02300_patch.tiff,patch_65,25.1646,24.627638,22.583492,24.204071,26.584475
batch_02300_patch.tiff,patch_66,25.52837,23.747292,25.17466,25.880219,27.312082
batch_02300_patch.tiff,patch_67,24.461311,23.684647,24.557915,25.125692,26.585707
batch_02300_patch.tiff,patch_68,25.439425,22.680664,22.879677,25.610737,25.848799
batch_02300_patch.tiff,patch_69,25.507572,21.164331,22.61279,24.195326,26.56216
batch_02300_patch.tiff,patch_70,25.90185,22.568205,24.599867,25.024738,25.218287
batch_02300_patch.tiff,patch_71,27.50293,22.977016,27.235483,25.498672,25.500145
batch_02300_patch.tiff,patch_72,24.613556,22.99219,22.735518,24.953053,25.397049
batch_02300_patch.tiff,patch_73,25.548187,21.793804,22.271866,23.967392,27.164001
batch_02300_patch.tiff,patch_74,25.450546,22.214071,23.506311,23.61439,26.891727
batch_02300_patch.tiff,patch_75,25.528612,22.14316,22.933628,21.255651,27.76325
batch_02300_patch.tiff,patch_76,24.579138,22.995783,24.848652,23.896095,25.069569
batch_02300_patch.tiff,patch_77,25.869629,23.251104,25.165262,23.881811,25.554642
batch_02300_patch.tiff,patch_78,25.353865,22.567223,23.37262,25.18095,25.333778
batch_02300_patch.tiff,patch_79,24.23926,22.832752,24.460415,24.6871,25.88124
batch_02300_patch.tiff,patch_80,25.264252,26.181023,23.519228,23.601221,26.475208
batch_02300_patch.tiff,patch_81,24.71064,25.425402,24.944004,23.457586,25.765991
batch_02300_patch.tiff,patch_82,26.991615,23.087143,25.947773,24.39831,27.718397
batch_02300_patch.tiff,patch_83,26.92635,23.471111,25.39642,24.526867,26.601755
batch_02300_patch.tiff,patch_84,26.125332,24.507372,23.581717,24.885921,26.591465
batch_02300_patch.tiff,patch_85,26.634815,25.290243,24.599018,25.190964,26.5054
batch_02300_patch.tiff,patch_86,25.791428,21.924122,23.53969,24.180939,26.55608
batch_02300_patch.tiff,patch_87,25.923008,22.288462,24.659729,22.795053,27.538269
batch_02300_patch.tiff,patch_88,25.030403,23.739988,23.9592,24.744518,26.11292
batch_02300_patch.tiff,patch_89,25.751387,24.421522,24.52317,24.483006,25.94537
batch_02300_patch.tiff,patch_90,24.447378,23.611488,24.499798,24.874928,25.3151
batch_02300_patch.tiff,patch_91,24.545807,23.545208,24.120869,25.653088,26.417267
batch_02300_patch.tiff,patch_92,25.409227,25.999163,23.765402,24.40163,26.590788
batch_02300_patch.tiff,patch_93,24.474394,25.562176,23.701674,24.607243,26.423006
batch_02300_patch.tiff,patch_94,26.68423,23.438911,25.555973,23.274004,27.847046
batch_02300_patch.tiff,patch_95,25.189394,23.14718,23.476608,23.756254,26.714561
batch_02300_patch.tiff,patch_96,25.34935,23.67784,24.3967,25.443113,26.108675
batch_02300_patch.tiff,patch_97,26.413275,23.93124,25.646688,24.029232,26.830236
batch_02300_patch.tiff,patch_98,26.529612,21.848068,24.562897,24.225695,26.471283
batch_02300_patch.tiff,patch_99,25.403183,22.004831,23.9429,25.154028,26.528933
batch_02300_patch.tiff,patch_100,25.278185,23.23899,25.030083,24.252016,26.419216
batch_02300_patch.tiff,patch_101,25.635563,22.308825,25.654163,23.794893,26.147892
batch_02300_patch.tiff,patch_102,26.834091,23.266005,26.586275,26.603287,26.595064
batch_02300_patch.tiff,patch_103,24.297276,23.474216,24.805504,25.181038,26.413729
batch_02300_patch.tiff,patch_104,25.361982,26.195986,22.664566,23.816143,27.182781
batch_02300_patch.tiff,patch_105,24.490618,26.25795,22.300026,24.04873,25.966179
batch_02300_patch.tiff,patch_106,27.30631,23.470648,26.008877,25.26797,26.630186
batch_02300_patch.tiff,patch_107,26.898052,24.136778,25.338383,25.342876,26.925018
batch_02300_patch.tiff,patch_108,25.45619,21.822128,21.538269,25.475101,26.026033
batch_02300_patch.tiff,patch_109,27.178648,22.863873,24.207027,23.221846,27.814852
batch_02300_patch.tiff,patch_110,26.677614,22.775412,24.64103,23.91621,27.637138
batch_02300_patch.tiff,patch_111,25.374628,22.682676,23.77972,23.606524,28.128721
batch_02300_patch.tiff,patch_112,24.797335,23.40939,24.800209,24.48186,26.351723
batch_02300_patch.tiff,patch_113,25.047417,22.64262,24.183199,23.388353,26.247482
batch_02300_patch.tiff,patch_114,26.83857,23.573608,25.345222,26.508152,25.53204
batch_02300_patch.tiff,patch_115,24.9866,23.865467,24.911728,25.035164,27.194746
batch_02300_patch.tiff,patch_116,25.83531,26.00534,23.328337,24.225105,26.71826
batch_02300_patch.tiff,patch_117,26.189526,25.56807,24.257689,23.841042,26.507853
batch_02300_patch.tiff,patch_118,27.247484,22.731985,26.32151,23.08542,27.912334
batch_02300_patch.tiff,patch_119,26.465008,23.356346,23.370665,24.677994,24.473291
batch_02300_patch.tiff,patch_120,24.548567,23.055258,22.600697,24.32901,25.924955
batch_02300_patch.tiff,patch_121,25.506392,23.195333,22.685076,23.50197,26.616362
batch_02300_patch.tiff,patch_122,25.78526,22.54802,24.038616,24.159636,27.53334
batch_02300_patch.tiff,patch_123,25.329353,22.336584,23.65103,23.27967,28.03451
batch_02300_patch.tiff,patch_124,25.94936,23.76234,26.291061,23.565687,27.027124
batch_02300_patch.tiff,patch_125,24.710602,23.108938,25.852478,23.11985,25.690865
batch_02300_patch.tiff,patch_126,25.961342,23.032135,25.736137,24.638643,26.218891
batch_02300_patch.tiff,patch_127,26.391855,22.744137,28.241491,24.30249,26.63799
batch_02300_patch.tiff,patch_128,24.946398,24.806015,20.858656,23.908281,25.170387
batch_02300_patch.tiff,patch_129,25.227594,25.51971,23.982222,23.717054,26.938002
batch_02300_patch.tiff,patch_130,26.18087,25.4843,23.739063,24.391243,26.298042
batch_02300_patch.tiff,patch_131,25.01196,24.061445,24.312124,24.00197,25.63412
batch_02300_patch.tiff,patch_132,25.875488,22.748383,24.02749,25.348133,25.939117
batch_02300_patch.tiff,patch_133,25.47496,22.980629,22.885298,24.598602,25.783249
batch_02300_patch.tiff,patch_134,26.153263,22.479855,24.881721,24.205376,26.802114
batch_02300_patch.tiff,patch_135,24.561298,22.13949,23.43025,23.734285,26.174683
batch_02300_patch.tiff,patch_136,24.700897,24.05811,25.085316,24.148954,26.40457
batch_02300_patch.tiff,patch_137,25.885447,22.998539,24.376408,24.196886,26.57563
batch_02300_patch.tiff,patch_138,26.38694,23.742712,26.163502,24.953104,26.58862
batch_02300_patch.tiff,patch_139,24.691639,25.055723,23.628702,23.492916,25.891119
batch_02300_patch.tiff,patch_140,25.085718,25.097755,23.035612,24.256205,26.216152
batch_02300_patch.tiff,patch_141,26.307257,25.089954,24.488855,23.449774,26.729208
batch_02300_patch.tiff,patch_142,27.377974,24.900349,24.594463,25.03254,26.45431
batch_02300_patch.tiff,patch_143,25.999704,22.356373,23.639921,25.909794,26.41374
batch_02300_patch.tiff,patch_144,26.232924,22.510353,22.978542,24.23573,25.807104
batch_02300_patch.tiff,patch_145,25.200228,23.096273,24.97748,23.23264,28.019285
batch_02300_patch.tiff,patch_146,26.479286,22.631271,23.854422,24.347162,27.030787
batch_02300_patch.tiff,patch_147,25.522469,23.001625,25.940435,23.632435,26.455507
batch_02300_patch.tiff,patch_148,25.892717,23.733757,24.304298,24.416695,25.92817
batch_02300_patch.tiff,patch_149,26.209297,23.372211,23.6251,25.26174,25.260225
batch_02300_patch.tiff,patch_150,24.872326,23.675962,25.233074,24.9913,25.556
batch_02300_patch.tiff,patch_151,25.051565,26.088331,22.895071,24.158976,25.398125
batch_02300_patch.tiff,patch_152,25.244835,25.638447,23.585722,24.58378,26.2251
batch_02300_patch.tiff,patch_153,26.133787,23.868834,26.790009,23.06505,26.421526
batch_02300_patch.tiff,patch_154,27.384682,24.090696,25.374516,23.44668,26.55533
batch_02300_patch.tiff,patch_155,25.309904,23.77117,22.480682,26.624733,24.234938
batch_02300_patch.tiff,patch_156,24.575617,23.120354,23.325975,24.3351,24.577646
batch_02300_patch.tiff,patch_157,26.774223,23.888643,25.989801,25.384737,26.731016
batch_02300_patch.tiff,patch_158,26.59704,23.088427,28.584663,24.894283,26.476051
batch_02300_patch.tiff,patch_159,25.641384,24.900589,23.964157,24.123768,27.754469
batch_02300_patch.tiff,patch_160,24.766026,23.93374,24.8472,24.021341,26.49775
batch_02300_patch.tiff,patch_161,24.634018,23.238096,24.31479,25.770657,26.521235
batch_02300_patch.tiff,patch_162,24.832191,23.698797,25.272167,25.032085,25.648933
batch_02300_patch.tiff,patch_163,24.642206,25.69338,22.132545,23.63295,26.817862
batch_02300_patch.tiff,patch_164,25.650032,24.600185,23.929518,24.27658,26.842686
batch_02300_patch.tiff,patch_165,27.172834,24.162895,26.15796,24.146276,26.166147
batch_02300_patch.tiff,patch_166,26.089108,24.792452,24.394533,22.900702,26.082964
batch_02300_patch.tiff,patch_167,25.491896,23.735552,22.358652,25.176321,26.707592
batch_02300_patch.tiff,patch_168,25.066149,23.81964,21.695883,25.06797,25.439995
batch_02300_patch.tiff,patch_169,25.879545,24.014938,23.24119,24.242401,26.34847
batch_02300_patch.tiff,patch_170,26.491272,24.884087,25.473755,24.608894,27.80797
batch_02300_patch.tiff,patch_171,25.156218,24.158875,26.247604,23.8475,25.97476
batch_02300_patch.tiff,patch_172,24.574024,23.668661,23.801102,24.123978,26.638103
batch_02300_patch.tiff,patch_173,24.935991,24.128757,24.454004,24.652906,25.865833
batch_02300_patch.tiff,patch_174,25.736792,24.671303,24.567923,24.601412,25.857616
batch_02300_patch.tiff,patch_175,24.646341,25.691744,22.942028,23.694374,26.220701
batch_02300_patch.tiff,patch_176,26.04155,25.222794,23.079445,24.410294,25.972778
batch_02300_patch.tiff,patch_177,25.554161,24.723042,24.277441,25.172573,25.667025
batch_02300_patch.tiff,patch_178,26.331232,24.783804,23.111332,25.181738,25.962988
batch_02300_patch.tiff,patch_179,25.581537,23.699331,23.203403,23.62229,27.03285
batch_02300_patch.tiff,patch_180,25.638378,22.753397,21.320238,24.437696,25.237297
batch_02300_patch.tiff,patch_181,24.331661,21.224306,23.286703,22.952183,26.604156
batch_02300_patch.tiff,patch_182,25.665646,21.439037,23.80488,22.45063,27.395681
batch_02350_patch.tiff,patch_0,25.669016,23.338669,23.689543,22.709448,27.699772
batch_02350_patch.tiff,patch_1,25.668427,23.58845,24.301199,23.663153,27.34724
batch_02350_patch.tiff,patch_2,26.02556,24.88534,23.867134,24.01277,26.313707
batch_02350_patch.tiff,patch_3,27.348833,24.446163,24.778463,24.992464,25.769123
batch_02350_patch.tiff,patch_4,25.120375,23.839817,22.82601,25.404568,26.106756
batch_02350_patch.tiff,patch_5,26.246964,23.919933,23.269669,24.946598,25.60574
batch_02350_patch.tiff,patch_6,24.878496,22.132696,24.947819,22.311108,25.245571
batch_02350_patch.tiff,patch_7,25.249916,22.803188,24.957577,23.124714,25.633728
batch_02350_patch.tiff,patch_8,25.732746,22.630112,24.627762,23.977789,25.990774
batch_02350_patch.tiff,patch_9,25.871387,22.968182,24.76302,22.812023,26.179102
batch_02350_patch.tiff,patch_10,25.473969,25.12185,26.52365,23.934954,27.182564
batch_02350_patch.tiff,patch_11,25.760773,24.777607,26.260118,24.395597,27.447998
batch_02350_patch.tiff,patch_12,26.904676,23.428005,26.379221,24.08296,25.523323
batch_02350_patch.tiff,patch_13,27.129875,22.907127,24.655415,22.62285,27.136757
batch_02350_patch.tiff,patch_14,27.17971,23.3817,24.528015,22.986767,26.822355
batch_02350_patch.tiff,patch_15,26.108583,25.840605,22.69674,25.317772,26.113916
batch_02350_patch.tiff,patch_16,26.14073,25.468834,24.04142,24.780806,26.159298
batch_02350_patch.tiff,patch_17,24.469975,23.204971,21.61159,24.781685,24.877039
batch_02350_patch.tiff,patch_18,24.9166,25.03945,22.743938,23.57843,26.384466
batch_02350_patch.tiff,patch_19,25.799124,22.489777,24.627844,23.654652,25.920067
batch_02350_patch.tiff,patch_20,25.479685,21.883095,23.021868,24.764383,25.28595
batch_02350_patch.tiff,patch_21,25.559328,22.588585,23.824823,23.608772,26.148695
batch_02350_patch.tiff,patch_22,25.554914,22.896713,23.983374,23.228264,26.065575
batch_02350_patch.tiff,patch_23,25.41252,24.506962,24.06405,24.137447,26.583603
batch_02350_patch.tiff,patch_24,25.076645,23.764837,24.32559,24.034395,26.769337
batch_02350_patch.tiff,patch_25,27.607992,22.60025,25.604218,25.38305,25.08811
batch_02350_patch.tiff,patch_26,26.313837,23.350786,23.659317,23.687536,27.489326
batch_02350_patch.tiff,patch_27,25.552525,23.317858,23.917402,25.821241,26.486515
batch_02350_patch.tiff,patch_28,25.469807,24.862015,23.098736,25.167826,26.191744
batch_02350_patch.tiff,patch_29,26.821835,25.03013,23.899992,24.228537,26.747332
batch_02350_patch.tiff,patch_30,25.549423,24.945679,21.490545,24.66321,25.961275
batch_02350_patch.tiff,patch_31,25.068502,24.266876,22.208204,24.438635,26.140419
batch_02350_patch.tiff,patch_32,24.978165,23.34759,24.558445,23.327868,26.571135
batch_02350_patch.tiff,patch_33,25.053358,22.573753,23.504547,23.946331,25.465343
batch_02350_patch.tiff,patch_34,26.13559,22.976593,24.562168,24.223232,26.01459
batch_02350_patch.tiff,patch_35,26.156214,22.83953,25.062357,23.636797,25.664665
batch_02350_patch.tiff,patch_36,27.16371,22.363491,28.243238,23.97657,26.284819
batch_02350_patch.tiff,patch_37,26.991825,22.941986,27.992796,23.707148,25.43638
batch_02350_patch.tiff,patch_38,26.68486,22.995615,26.177853,24.005434,25.83992
batch_02350_patch.tiff,patch_39,24.576683,23.035343,22.46249,26.257195,26.872242
batch_02350_patch.tiff,patch_40,24.779366,22.908949,22.645308,25.25644,26.359097
batch_02350_patch.tiff,patch_41,25.719189,25.096115,24.656878,24.810925,26.61745
batch_02350_patch.tiff,patch_42,26.862507,25.320894,25.3125,24.335648,26.8762
batch_02350_patch.tiff,patch_43,24.02381,24.539093,22.02039,24.107912,26.02628
batch_02350_patch.tiff,patch_44,24.547049,24.199305,22.789934,24.63384,26.242243
batch_02350_patch.tiff,patch_45,25.431873,22.316944,23.809713,23.35825,25.411419
batch_02350_patch.tiff,patch_46,24.64796,22.40869,23.45836,23.436758,25.808245
batch_02350_patch.tiff,patch_47,24.67413,23.00651,24.463827,23.986069,26.24589
batch_02350_patch.tiff,patch_48,26.607018,22.68126,23.480562,24.636425,25.232307
batch_02350_patch.tiff,patch_49,26.12243,23.29625,27.974491,23.76098,25.444132
batch_02350_patch.tiff,patch_50,24.83264,25.146582,22.583714,23.438776,26.700382
batch_02350_patch.tiff,patch_51,24.369606,24.435669,22.012821,24.20085,26.578829
batch_02350_patch.tiff,patch_52,26.702244,24.175138,24.276672,25.327251,26.379816
batch_02350_patch.tiff,patch_53,25.828787,25.083347,23.916954,24.833927,26.588959
batch_02350_patch.tiff,patch_54,26.777344,22.806849,28.95041,24.94587,26.21549
batch_02350_patch.tiff,patch_55,25.617817,23.628235,24.79677,24.015974,25.912735
batch_02350_patch.tiff,patch_56,24.965082,22.66278,24.715857,24.144424,25.954529
batch_02350_patch.tiff,patch_57,25.549046,22.950972,24.648684,23.2317,25.32915
batch_02350_patch.tiff,patch_58,26.481926,22.898966,24.490858,24.34468,25.923374
batch_02350_patch.tiff,patch_59,26.36769,22.121107,24.024342,25.534426,25.732689
batch_02350_patch.tiff,patch_60,26.695974,22.413383,29.224054,23.929329,25.669056
batch_02350_patch.tiff,patch_61,26.841871,22.44566,29.4814,24.063595,25.945698
batch_02350_patch.tiff,patch_62,24.160715,24.03232,22.678455,24.468298,25.471645
batch_02350_patch.tiff,patch_63,24.283215,24.213966,22.635838,23.86546,26.535086
batch_02350_patch.tiff,patch_64,26.033146,24.238827,23.251587,25.259432,25.517282
batch_02350_patch.tiff,patch_65,24.60716,24.902748,22.472124,24.363708,26.244541
batch_02350_patch.tiff,patch_66,27.40067,23.598879,28.616734,25.520483,27.390976
batch_02350_patch.tiff,patch_67,24.211426,23.09432,22.787409,23.894789,26.449007
batch_02350_patch.tiff,patch_68,25.377817,22.435156,23.930752,24.179474,24.333265
batch_02350_patch.tiff,patch_69,25.17104,22.849373,25.035177,24.091478,26.00886
batch_02350_patch.tiff,patch_70,24.96446,22.470276,23.678804,23.522097,25.95482
batch_02350_patch.tiff,patch_71,25.676802,22.484983,23.922619,24.840218,25.597048
batch_02350_patch.tiff,patch_72,26.993834,22.446075,29.780312,23.650051,25.433512
batch_02350_patch.tiff,patch_73,24.292023,24.374937,22.828676,24.297785,26.555794
batch_02350_patch.tiff,patch_74,25.696291,24.569206,23.224113,24.88678,26.867441
batch_02350_patch.tiff,patch_75,26.744255,25.420502,23.656273,23.787518,26.649038
batch_02350_patch.tiff,patch_76,25.176245,24.833971,22.564459,24.221048,26.61125
batch_02350_patch.tiff,patch_77,27.309568,21.872438,28.984325,23.440758,25.535341
batch_02350_patch.tiff,patch_78,26.52942,22.045385,25.94747,25.751602,24.303217
batch_02350_patch.tiff,patch_79,25.916004,22.363071,23.159294,24.9169,24.865732
batch_02350_patch.tiff,patch_80,24.83895,22.87023,23.288332,23.541004,25.20285
batch_02350_patch.tiff,patch_81,25.74957,22.476496,24.854624,23.763847,25.388937
batch_02350_patch.tiff,patch_82,25.55809,22.527561,24.177794,24.210941,25.337578
batch_02350_patch.tiff,patch_83,27.148554,23.799536,27.256662,23.88987,25.24049
batch_02350_patch.tiff,patch_84,26.613363,22.495985,28.164288,24.276052,25.67412
batch_02350_patch.tiff,patch_85,24.177847,24.309294,22.883717,24.227772,26.466185
batch_02350_patch.tiff,patch_86,25.181173,25.007633,22.750677,24.841766,26.52534
batch_02350_patch.tiff,patch_87,27.509464,24.607893,24.448626,24.010023,27.314224
batch_02350_patch.tiff,patch_88,27.449493,25.174248,23.55691,25.060957,26.599064
batch_02350_patch.tiff,patch_89,27.244276,22.105997,29.189346,23.306217,25.03524
batch_02350_patch.tiff,patch_90,27.493097,21.891537,30.06411,23.93216,25.392962
batch_02350_patch.tiff,patch_91,25.144018,21.925323,24.273159,23.914183,25.644241
batch_02350_patch.tiff,patch_92,25.627745,22.966253,26.200197,23.384447,25.75152
batch_02350_patch.tiff,patch_93,24.830828,22.846506,24.20094,23.6032,25.347525
batch_02350_patch.tiff,patch_94,25.110666,23.689972,24.632444,23.061188,26.713852
batch_02350_patch.tiff,patch_95,27.092733,23.143963,27.953579,24.694027,25.147713
batch_02350_patch.tiff,patch_96,26.223482,22.857391,26.86917,24.105791,26.10889
batch_02350_patch.tiff,patch_97,24.843962,24.51945,22.777533,24.43258,26.541876
batch_02350_patch.tiff,patch_98,24.591677,24.794098,22.695724,23.89958,26.308975
batch_02350_patch.tiff,patch_99,25.017132,24.161171,23.524126,24.467506,26.401056
batch_02350_patch.tiff,patch_100,24.63005,23.279442,21.819448,25.186255,26.1197
batch_02350_patch.tiff,patch_101,25.272617,22.850615,22.696587,24.244556,25.29058
batch_02350_patch.tiff,patch_102,25.325235,23.545046,24.18765,23.748938,25.315456
batch_02350_patch.tiff,patch_103,25.874632,23.120876,23.967098,24.560799,26.225702
batch_02350_patch.tiff,patch_104,25.192114,23.040129,23.31078,23.456947,25.591188
batch_02350_patch.tiff,patch_105,24.989779,23.547459,24.827581,23.32409,25.246113
batch_02350_patch.tiff,patch_106,25.634357,22.84864,24.027779,23.227585,25.640062
batch_02350_patch.tiff,patch_107,26.493359,23.496521,25.876335,23.667725,25.404257
batch_02350_patch.tiff,patch_108,23.899033,23.654116,20.787188,24.779325,25.204273
batch_02350_patch.tiff,patch_109,24.64344,23.83727,21.51123,25.0353,25.97654
batch_02350_patch.tiff,patch_110,25.76905,24.462713,23.757679,24.79289,25.990776
batch_02350_patch.tiff,patch_111,26.351093,23.692472,24.416039,25.591825,25.508951
batch_02350_patch.tiff,patch_112,25.771505,23.095343,21.960703,23.95487,24.626247
batch_02350_patch.tiff,patch_113,26.043573,23.785223,23.26051,24.89897,25.36651
batch_02350_patch.tiff,patch_114,24.634996,22.230253,23.361727,23.326832,25.144165
batch_02350_patch.tiff,patch_115,25.532753,23.25888,25.124212,23.738056,25.844025
batch_02350_patch.tiff,patch_116,24.914667,22.167454,23.205374,23.323889,26.216381
batch_02350_patch.tiff,patch_117,24.599997,22.031504,23.108877,23.175474,25.699549
batch_02350_patch.tiff,patch_118,26.596788,23.956024,25.930077,24.038282,25.497671
batch_02350_patch.tiff,patch_119,26.61373,23.185364,27.792967,22.798662,25.368322
batch_02350_patch.tiff,patch_120,24.51094,23.660618,21.48519,23.79226,25.886728
batch_02350_patch.tiff,patch_121,25.146587,24.88192,22.260704,24.78724,26.51719
batch_02350_patch.tiff,patch_122,26.415728,24.1295,24.528461,24.846542,26.428196
batch_02350_patch.tiff,patch_123,27.23063,24.38307,26.251152,24.683989,26.954144
batch_02350_patch.tiff,patch_124,26.397009,21.956614,24.012886,23.759325,25.70648
batch_02350_patch.tiff,patch_125,25.247862,22.478298,23.711191,23.904562,25.694866
batch_02350_patch.tiff,patch_126,26.680386,25.011858,26.047934,24.467384,27.295715
batch_02350_patch.tiff,patch_127,25.195946,25.13257,24.638786,24.321007,27.065298
batch_02350_patch.tiff,patch_128,25.665785,23.437523,25.288475,22.250914,26.149128
batch_02350_patch.tiff,patch_129,25.7351,23.118826,23.829735,24.195223,26.000534
batch_02350_patch.tiff,patch_130,26.200247,22.804766,28.164227,23.82225,25.304434
batch_02350_patch.tiff,patch_131,26.810076,23.289724,27.415693,23.779533,26.241125
batch_02350_patch.tiff,patch_132,24.562475,23.804901,23.153254,24.876099,26.063833
batch_02350_patch.tiff,patch_133,24.085737,23.476446,21.56426,24.29141,26.04321
batch_02350_patch.tiff,patch_134,26.047121,24.843882,23.103228,25.208996,26.067333
batch_02350_patch.tiff,patch_135,25.3213,23.49999,23.48608,25.133472,26.36344
batch_02350_patch.tiff,patch_136,25.84869,21.882732,24.145098,24.9548,25.498766
batch_02350_patch.tiff,patch_137,25.423033,22.265127,23.168894,24.356176,25.923368
batch_02350_patch.tiff,patch_138,25.787678,25.188248,25.888391,24.508364,27.50765
batch_02350_patch.tiff,patch_139,25.608671,24.405468,25.42407,24.517418,28.035278
batch_02350_patch.tiff,patch_140,24.813223,21.959953,22.488548,24.473024,24.384655
batch_02350_patch.tiff,patch_141,24.079752,21.733023,21.629957,23.70686,24.934032
batch_02350_patch.tiff,patch_142,26.55702,22.236513,29.350512,24.168076,25.382217
batch_02350_patch.tiff,patch_143,27.297249,22.770151,28.70475,24.086218,25.022718
batch_02350_patch.tiff,patch_144,26.099096,25.153057,23.017382,24.56208,26.50651
batch_02350_patch.tiff,patch_145,25.549889,25.963814,22.04297,24.489882,26.546196
batch_02350_patch.tiff,patch_146,24.034067,23.23079,18.998549,24.46737,24.672216
batch_02350_patch.tiff,patch_147,25.274242,24.72656,22.735998,24.020964,26.401236
batch_02350_patch.tiff,patch_148,24.2768,21.698727,22.46812,22.995308,25.33657
batch_02350_patch.tiff,patch_149,26.013718,22.093304,23.337124,23.3096,25.187475
batch_02350_patch.tiff,patch_150,25.321547,22.626158,25.121191,24.055676,26.442171
batch_02350_patch.tiff,patch_151,24.715702,21.995829,23.604654,23.478157,25.142273
batch_02350_patch.tiff,patch_152,26.245882,22.687695,29.280144,23.401718,24.82889
batch_02350_patch.tiff,patch_153,26.812134,22.372955,28.530743,24.107843,25.574408
batch_02350_patch.tiff,patch_154,26.982117,23.932236,24.99304,24.913368,23.950687
batch_02350_patch.tiff,patch_155,25.338175,24.558756,25.949097,24.56527,25.304632
batch_02350_patch.tiff,patch_156,25.982561,24.713715,23.822329,25.02576,26.311193
batch_02350_patch.tiff,patch_157,26.693642,25.263935,24.11966,25.081636,27.019957
batch_02350_patch.tiff,patch_158,24.70025,24.782082,23.298998,24.25026,26.528324
batch_02350_patch.tiff,patch_159,24.930786,24.286613,22.081661,23.756874,25.97832
batch_02350_patch.tiff,patch_160,25.645025,22.379793,24.616919,23.466566,25.877295
batch_02350_patch.tiff,patch_161,25.341322,22.341293,23.963947,23.292803,25.493837
batch_02350_patch.tiff,patch_162,25.935585,21.890114,24.015385,23.295645,25.88105
batch_02350_patch.tiff,patch_163,24.97385,22.32568,23.661737,22.61347,25.84165
batch_02350_patch.tiff,patch_164,26.22539,22.924469,27.615467,23.681805,25.281153
batch_02350_patch.tiff,patch_165,26.97641,23.132418,28.227152,24.442432,25.623835
batch_02350_patch.tiff,patch_166,27.282724,23.787014,28.91115,24.904276,27.95611
batch_02350_patch.tiff,patch_167,27.02461,23.553005,26.921793,25.185213,26.043787
batch_02350_patch.tiff,patch_168,25.595602,24.796986,21.527279,24.66753,26.183666
batch_02350_patch.tiff,patch_169,25.295177,24.24456,21.643023,24.940111,25.830544
batch_02350_patch.tiff,patch_170,27.252434,22.434452,26.08596,23.612162,26.367071
batch_02350_patch.tiff,patch_171,26.006035,23.42629,25.201141,23.836803,25.976786
batch_02350_patch.tiff,patch_172,25.652344,22.641073,24.768475,24.406094,25.970018
batch_02350_patch.tiff,patch_173,25.434366,23.004814,24.009674,22.778957,25.169462
batch_02350_patch.tiff,patch_174,27.607061,23.429756,28.189657,24.208307,26.021374
batch_02350_patch.tiff,patch_175,26.687778,22.732956,26.90788,25.042725,26.157549
batch_02350_patch.tiff,patch_176,26.53886,23.849968,28.59279,24.447124,25.472424
batch_02400_patch.tiff,patch_0,27.12228,23.342169,29.175959,23.40159,25.984015
batch_02400_patch.tiff,patch_1,26.817553,22.365755,27.71318,23.616072,25.966154
batch_02400_patch.tiff,patch_2,25.734175,22.270893,23.852757,26.06899,23.802046
batch_02400_patch.tiff,patch_3,24.111946,23.731504,21.263632,25.05114,24.892403
batch_02400_patch.tiff,patch_4,25.209618,22.291729,22.603046,25.57551,25.200808
batch_02400_patch.tiff,patch_5,25.645763,22.859459,22.422466,25.836552,23.88964
batch_02400_patch.tiff,patch_6,26.592451,25.198261,24.945475,25.199701,28.211882
batch_02400_patch.tiff,patch_7,24.65457,22.656702,23.674318,24.140726,25.738714
batch_02400_patch.tiff,patch_8,24.712976,22.718273,22.859634,25.281914,24.727436
batch_02400_patch.tiff,patch_9,26.193846,22.95001,22.852945,26.04952,26.004744
batch_02400_patch.tiff,patch_10,25.69567,22.760204,25.416822,24.940739,25.521854
batch_02400_patch.tiff,patch_11,25.15568,23.642868,22.338673,21.169163,25.391527
batch_02400_patch.tiff,patch_12,27.141521,22.511053,29.147682,23.975626,26.073269
batch_02400_patch.tiff,patch_13,26.718407,22.49744,28.901348,24.00277,26.264822
batch_02400_patch.tiff,patch_14,24.69066,23.456388,22.458658,25.252872,25.507044
batch_02400_patch.tiff,patch_15,23.456034,23.97547,21.426342,24.549976,24.56869
batch_02400_patch.tiff,patch_16,25.057928,22.57739,21.495472,25.177362,24.86679
batch_02400_patch.tiff,patch_17,25.188066,23.843733,22.024357,25.584724,24.10781
batch_02400_patch.tiff,patch_18,26.33731,23.800892,26.847536,24.79294,27.240234
batch_02400_patch.tiff,patch_19,25.626642,23.551579,23.677372,25.511152,26.842651
batch_02400_patch.tiff,patch_20,26.016993,23.427326,23.722912,26.343054,26.591454
batch_02400_patch.tiff,patch_21,25.878683,23.436438,24.434393,25.305862,25.270569
batch_02400_patch.tiff,patch_22,27.01996,24.145145,24.575933,26.200306,25.541552
batch_02400_patch.tiff,patch_23,25.75907,24.623032,23.342445,23.291193,26.350008
batch_02400_patch.tiff,patch_24,26.372593,25.996317,27.187052,24.25249,28.89442
batch_02400_patch.tiff,patch_25,24.600399,24.303402,25.091944,24.247917,27.1293
batch_02400_patch.tiff,patch_26,22.993542,23.923782,20.925922,24.547731,25.52128
batch_02400_patch.tiff,patch_27,24.703371,23.25729,23.670742,26.051311,25.480232
batch_02400_patch.tiff,patch_28,24.864985,23.910715,22.944578,24.951744,25.984522
batch_02400_patch.tiff,patch_29,24.474731,23.216118,21.711699,25.729143,24.305805
batch_02400_patch.tiff,patch_30,25.568855,22.311718,22.325089,26.565388,24.303219
batch_02400_patch.tiff,patch_31,24.459713,22.694723,20.844158,26.280546,23.544626
batch_02400_patch.tiff,patch_32,25.37649,23.883194,21.788307,24.874023,26.279577
batch_02400_patch.tiff,patch_33,25.40961,22.781155,24.353836,24.512543,25.773935
batch_02400_patch.tiff,patch_34,26.358992,23.189222,24.137915,25.059248,26.331951
batch_02400_patch.tiff,patch_35,25.80163,22.36485,24.267084,25.282562,25.228558
batch_02400_patch.tiff,patch_36,25.109606,22.16862,23.374224,24.016996,25.075346
batch_02400_patch.tiff,patch_37,24.13941,23.490631,24.08088,23.807762,26.652405
batch_02400_patch.tiff,patch_38,25.276329,23.584557,24.97097,24.38228,26.74327
batch_02400_patch.tiff,patch_39,26.07923,22.575478,23.301722,25.831652,25.133165
batch_02400_patch.tiff,patch_40,24.594133,22.607025,22.793783,25.09536,24.940542
batch_02400_patch.tiff,patch_41,24.74695,23.112324,20.866793,26.193195,24.658413
batch_02400_patch.tiff,patch_42,23.973202,22.932552,21.05021,26.149393,24.30923
batch_02400_patch.tiff,patch_43,24.972305,23.201582,21.866655,25.403467,25.244787
batch_02400_patch.tiff,patch_44,24.81065,23.603748,20.269804,25.533749,24.11612
batch_02400_patch.tiff,patch_45,27.011284,23.465542,25.131268,25.063454,25.98983
batch_02400_patch.tiff,patch_46,24.969618,23.704407,23.819628,25.292936,24.684729
batch_02400_patch.tiff,patch_47,26.184258,23.374138,24.574017,24.815065,25.909353
batch_02400_patch.tiff,patch_48,25.953028,22.291817,22.656927,23.520023,26.669743
batch_02400_patch.tiff,patch_49,23.44119,21.711384,22.876421,24.802137,24.898403
batch_02400_patch.tiff,patch_50,26.32774,23.012583,26.838097,24.175745,25.162151
batch_02400_patch.tiff,patch_51,26.741716,22.734251,27.259256,24.221516,25.38334
batch_02400_patch.tiff,patch_52,25.30773,23.010908,22.017292,26.740757,24.939734
batch_02400_patch.tiff,patch_53,24.983244,22.516256,22.905148,25.170862,24.76507
batch_02400_patch.tiff,patch_54,23.715946,23.735186,21.798117,24.407272,24.909908
batch_02400_patch.tiff,patch_55,23.49682,23.386396,20.617786,25.437687,24.398062
batch_02400_patch.tiff,patch_56,24.541166,23.957697,21.249529,24.984318,25.095512
batch_02400_patch.tiff,patch_57,25.209242,22.960188,21.327478,25.950926,24.28174
batch_02400_patch.tiff,patch_58,26.034157,23.213623,25.026379,24.834211,25.824814
batch_02400_patch.tiff,patch_59,25.096733,22.399168,23.392542,24.163986,25.837105
batch_02400_patch.tiff,patch_60,26.38468,23.243607,24.814764,25.422337,25.715496
batch_02400_patch.tiff,patch_61,27.088924,24.634653,23.03453,24.820946,27.097502
batch_02400_patch.tiff,patch_62,26.58437,23.412395,23.941637,24.828327,24.228453
batch_02400_patch.tiff,patch_63,26.26035,23.533493,24.097599,25.60989,25.078976
batch_02400_patch.tiff,patch_64,25.72125,22.967129,23.030281,25.842888,24.473045
batch_02400_patch.tiff,patch_65,23.27673,22.886261,21.48226,25.59049,25.20037
batch_02400_patch.tiff,patch_66,24.24653,22.726564,20.42646,26.198225,24.246922
batch_02400_patch.tiff,patch_67,25.212297,23.639236,21.235006,24.869162,24.974272
batch_02400_patch.tiff,patch_68,25.555769,22.34613,22.254587,25.633389,24.07942
batch_02400_patch.tiff,patch_69,24.450306,23.676382,23.177624,24.547981,25.901094
batch_02400_patch.tiff,patch_70,24.415936,23.416101,22.268684,24.05029,26.251692
batch_02400_patch.tiff,patch_71,26.242208,23.607504,26.455284,25.433077,25.329754
batch_02400_patch.tiff,patch_72,26.227491,24.817314,24.211485,24.235327,27.45519
batch_02400_patch.tiff,patch_73,27.099178,23.192968,28.200613,24.782726,25.948221
batch_02400_patch.tiff,patch_74,26.921368,22.623745,29.078339,22.7462,25.52945
batch_02400_patch.tiff,patch_75,26.088467,23.155054,23.658096,25.67777,23.408869
batch_02400_patch.tiff,patch_76,26.19855,22.793793,23.368856,26.385035,24.479109
batch_02400_patch.tiff,patch_77,24.690653,22.925985,22.186354,25.329206,25.146072
batch_02400_patch.tiff,patch_78,24.116959,23.94864,21.620623,25.159613,25.101624
batch_02400_patch.tiff,patch_79,26.149048,23.41695,22.525372,25.543173,25.981966
batch_02400_patch.tiff,patch_80,26.89789,23.521786,25.557556,24.56425,25.68575
batch_02400_patch.tiff,patch_81,26.110668,23.517006,27.4587,24.642958,26.592354
batch_02400_patch.tiff,patch_82,26.186127,23.713793,23.382378,24.952118,26.388674
batch_02400_patch.tiff,patch_83,25.40121,23.376217,23.177242,25.194254,27.11889
batch_02400_patch.tiff,patch_84,26.844559,23.569061,28.378992,23.564873,26.551283
batch_02400_patch.tiff,patch_85,25.98422,22.520277,23.036913,26.215845,24.35181
batch_02400_patch.tiff,patch_86,25.814919,22.016798,23.384712,25.063261,24.372917
batch_02400_patch.tiff,patch_87,25.571173,23.00808,20.9228,25.24522,24.50506
batch_02400_patch.tiff,patch_88,25.458576,22.945478,22.501587,26.001003,24.236702
batch_02400_patch.tiff,patch_89,26.386032,23.6927,22.280016,24.146832,26.9016
batch_02400_patch.tiff,patch_90,24.957775,23.078249,24.604242,24.416784,25.120213
batch_02400_patch.tiff,patch_91,26.580767,23.39984,22.137632,25.820557,26.640436
batch_02400_patch.tiff,patch_92,25.720566,22.75412,22.41063,26.672062,24.89162
batch_02400_patch.tiff,patch_93,27.22237,23.62023,26.899557,24.166481,26.388779
batch_02400_patch.tiff,patch_94,26.329891,23.753601,23.285238,25.698725,25.270609
batch_02400_patch.tiff,patch_95,24.23376,23.049019,24.646622,23.871475,26.828093
batch_02400_patch.tiff,patch_96,25.02643,24.367323,24.132172,24.577974,26.700539
batch_02400_patch.tiff,patch_97,26.075418,22.75225,22.758036,25.37975,24.659138
batch_02400_patch.tiff,patch_98,26.884407,22.381681,23.684809,26.51534,24.221235
batch_02400_patch.tiff,patch_99,26.10133,23.724714,21.836794,25.03463,27.0239
batch_02400_patch.tiff,patch_100,24.318247,24.157032,21.65388,23.364262,25.939472
batch_02400_patch.tiff,patch_101,25.216581,23.439503,21.44384,25.304754,26.032093
batch_02400_patch.tiff,patch_102,24.94471,23.093452,22.041845,25.79505,25.51876
batch_02400_patch.tiff,patch_103,26.46808,23.504822,21.887568,25.232094,26.657763
batch_02400_patch.tiff,patch_104,26.552635,23.568684,24.13386,27.297108,25.489536
batch_02400_patch.tiff,patch_105,28.323605,23.591536,28.899736,23.74627,26.294172
batch_02400_patch.tiff,patch_106,25.029797,24.400335,24.06471,23.48659,25.19188
batch_02400_patch.tiff,patch_107,24.152897,23.817377,23.557547,24.504627,26.62972
batch_02400_patch.tiff,patch_108,25.53279,24.265743,25.132421,24.120306,27.386274
batch_02400_patch.tiff,patch_109,25.57045,23.445406,22.869602,25.36607,24.164457
batch_02400_patch.tiff,patch_110,25.45598,22.782394,23.479233,25.789322,24.57561
batch_02400_patch.tiff,patch_111,24.83046,23.197165,23.155087,23.488037,26.353348
batch_02400_patch.tiff,patch_112,23.954466,23.971132,21.454184,24.900404,25.679117
batch_02400_patch.tiff,patch_113,25.928028,22.810295,22.16868,25.145283,24.961996
batch_02400_patch.tiff,patch_114,25.998978,23.063335,23.043476,25.317175,25.529062
batch_02400_patch.tiff,patch_115,25.765099,24.243237,22.116585,24.988949,25.96179
batch_02400_patch.tiff,patch_116,26.845846,23.783339,23.303745,25.810036,25.5825
batch_02400_patch.tiff,patch_117,24.543257,22.828043,22.555395,24.468311,26.461466
batch_02400_patch.tiff,patch_118,24.843811,23.430098,23.08966,24.324232,27.026358
batch_02400_patch.tiff,patch_119,25.575777,23.645342,25.235298,23.639688,27.474382
batch_02400_patch.tiff,patch_120,25.733583,24.7262,23.696054,23.347773,27.215815
batch_02400_patch.tiff,patch_121,24.941227,23.975761,22.086765,24.922003,25.967062
batch_02400_patch.tiff,patch_122,24.60609,24.31868,21.352474,25.42832,25.14155
batch_02400_patch.tiff,patch_123,26.283127,24.010525,20.62678,23.897406,26.065231
batch_02400_patch.tiff,patch_124,25.183702,24.358301,21.569925,24.889935,26.22567
batch_02400_patch.tiff,patch_125,26.927982,23.757132,25.831362,26.025639,25.581078
batch_02400_patch.tiff,patch_126,25.72613,23.556143,23.79817,25.913437,26.344614
batch_02400_patch.tiff,patch_127,26.692476,24.06753,23.49735,25.27765,25.501995
batch_02400_patch.tiff,patch_128,27.19191,24.100832,23.63836,25.580109,26.232666
batch_02400_patch.tiff,patch_129,24.213522,23.595253,22.024504,24.521692,26.702168
batch_02400_patch.tiff,patch_130,24.224516,23.326097,22.712862,23.990526,26.673487
batch_02400_patch.tiff,patch_131,25.765345,24.276354,24.765112,24.198446,26.534058
batch_02400_patch.tiff,patch_132,24.778582,23.94941,24.883303,24.630331,27.190777
batch_02400_patch.tiff,patch_133,24.284698,23.878578,21.311968,26.091671,24.398575
batch_02400_patch.tiff,patch_134,23.659615,23.123804,20.732002,25.802917,23.855606
batch_02400_patch.tiff,patch_135,25.16189,23.994465,21.807423,24.089546,26.13493
batch_02400_patch.tiff,patch_136,24.81443,23.249561,22.325048,23.782946,25.565527
batch_02400_patch.tiff,patch_137,24.443909,22.781557,22.908934,24.961649,25.719786
batch_02400_patch.tiff,patch_138,25.644531,24.019648,22.626154,23.958986,25.546768
batch_02400_patch.tiff,patch_139,26.229382,23.55718,22.15029,24.724752,26.65217
batch_02400_patch.tiff,patch_140,25.38893,23.07112,24.172522,25.00116,26.11954
batch_02400_patch.tiff,patch_141,25.146593,23.587141,22.214151,24.061945,26.821835
batch_02400_patch.tiff,patch_142,24.954515,24.048698,22.789993,24.620848,26.18313
batch_02400_patch.tiff,patch_143,24.58811,23.832983,22.266983,25.581007,25.540998
batch_02400_patch.tiff,patch_144,24.952045,22.774723,22.024958,25.094856,23.866907
batch_02400_patch.tiff,patch_145,26.476332,23.735964,20.045076,24.851444,24.594599
batch_02400_patch.tiff,patch_146,26.700985,23.891542,21.757824,25.941645,24.74395
batch_02400_patch.tiff,patch_147,25.585796,23.472479,25.27209,24.593653,24.90556
batch_02400_patch.tiff,patch_148,25.370325,24.076332,24.721394,25.3026,25.346262
batch_02400_patch.tiff,patch_149,25.035809,23.287287,24.274488,24.812109,24.969114
batch_02400_patch.tiff,patch_150,26.673668,24.070782,23.635784,25.346298,26.863409
batch_02400_patch.tiff,patch_151,25.57087,24.98376,23.103357,24.663382,26.511251
batch_02400_patch.tiff,patch_152,26.249296,24.556051,26.791475,24.584042,27.717976
batch_02400_patch.tiff,patch_153,25.645742,23.736502,23.319908,23.87182,26.56977
batch_02400_patch.tiff,patch_154,23.636574,23.314743,21.409403,24.24478,25.696634
batch_02400_patch.tiff,patch_155,23.865158,23.551786,21.935734,25.226442,24.715002
batch_02400_patch.tiff,patch_156,26.412552,24.201221,22.996624,25.101496,25.324091
batch_02400_patch.tiff,patch_157,26.618282,23.121367,22.549305,26.3378,25.076675
batch_02400_patch.tiff,patch_158,24.965773,23.361296,22.179146,25.902294,24.44125
batch_02400_patch.tiff,patch_159,24.906572,22.578762,22.954992,25.306038,25.594225
batch_02400_patch.tiff,patch_160,26.57142,23.591011,26.067436,25.29465,26.430052
batch_02400_patch.tiff,patch_161,25.941984,23.497705,24.161043,25.001337,25.40023
batch_02400_patch.tiff,patch_162,24.774563,22.724909,21.666862,24.21525,26.335888
batch_02400_patch.tiff,patch_163,25.763369,24.59616,24.247423,24.502335,27.682653
batch_02400_patch.tiff,patch_164,26.036808,23.928568,26.77982,24.392818,26.774397
batch_02400_patch.tiff,patch_165,26.11845,22.988321,22.118616,27.708355,25.240707
batch_02400_patch.tiff,patch_166,24.9651,22.567505,20.799923,26.77546,24.348557
batch_02400_patch.tiff,patch_167,25.39835,23.024626,22.325443,25.441465,24.729218
batch_02400_patch.tiff,patch_168,24.71579,23.410242,22.054766,24.831226,24.954813
batch_02400_patch.tiff,patch_169,24.264906,24.073368,20.99569,25.126432,24.716934
batch_02400_patch.tiff,patch_170,24.314579,23.408773,21.58088,25.334888,25.242552
batch_02400_patch.tiff,patch_171,25.375372,24.020847,23.74398,24.850105,25.26447
batch_02400_patch.tiff,patch_172,25.893496,23.433403,24.37219,24.41181,25.949142
batch_02400_patch.tiff,patch_173,24.554733,23.002169,21.931671,25.051748,26.148296
batch_02400_patch.tiff,patch_174,25.046928,23.40041,24.551283,25.195251,25.700228
batch_02400_patch.tiff,patch_175,25.29556,23.281948,22.816011,24.24917,26.3886
batch_02400_patch.tiff,patch_176,25.16965,22.774807,24.61593,22.840757,26.750727
batch_02450_patch.tiff,patch_0,25.607615,24.511072,24.665668,24.764006,26.828768
batch_02450_patch.tiff,patch_1,26.84321,23.716915,26.589548,24.453396,26.263592
batch_02450_patch.tiff,patch_2,26.59363,23.819332,26.510632,24.990406,27.13429
batch_02450_patch.tiff,patch_3,27.938704,23.42254,26.627073,25.172592,26.492388
batch_02450_patch.tiff,patch_4,27.390589,23.407063,28.542261,24.363083,25.640612
batch_02450_patch.tiff,patch_5,26.881178,23.202282,27.741974,24.631472,26.426996
batch_02450_patch.tiff,patch_6,23.937498,22.80919,24.930883,23.853237,26.682713
batch_02450_patch.tiff,patch_7,25.342455,22.89792,24.11332,24.43739,25.461342
batch_02450_patch.tiff,patch_8,24.16392,22.05999,23.204298,24.408266,25.601263
batch_02450_patch.tiff,patch_9,25.121925,22.805635,24.17355,25.477018,26.048761
batch_02450_patch.tiff,patch_10,26.612514,23.622879,26.041,23.840607,26.921461
batch_02450_patch.tiff,patch_11,26.350998,24.172447,26.532766,24.463696,26.321177
batch_02450_patch.tiff,patch_12,24.870983,22.802206,25.14629,25.596922,25.667992
batch_02450_patch.tiff,patch_13,27.257597,24.219936,26.589003,24.279524,28.267033
batch_02450_patch.tiff,patch_14,26.337563,24.93401,24.556196,24.723999,26.463633
batch_02450_patch.tiff,patch_15,27.501053,23.704966,27.950323,24.089224,26.859152
batch_02450_patch.tiff,patch_16,27.717262,23.355646,23.757767,25.214716,26.096636
batch_02450_patch.tiff,patch_17,27.086246,23.935907,28.141542,24.220396,25.856564
batch_02450_patch.tiff,patch_18,27.196701,22.599072,29.111359,23.91518,25.748722
batch_02450_patch.tiff,patch_19,25.343538,23.241701,24.770931,24.851486,26.881742
batch_02450_patch.tiff,patch_20,25.0535,23.13119,25.126047,23.42099,26.544985
batch_02450_patch.tiff,patch_21,24.570257,22.283339,22.576693,23.88041,24.924215
batch_02450_patch.tiff,patch_22,23.325214,21.002085,21.104416,24.436363,24.773352
batch_02450_patch.tiff,patch_23,25.007107,23.77515,26.008188,24.456179,26.284506
batch_02450_patch.tiff,patch_24,26.737087,22.97509,26.18001,23.714706,27.488647
batch_02450_patch.tiff,patch_25,24.748009,22.056892,23.77045,24.490786,23.77166
batch_02450_patch.tiff,patch_26,25.95778,25.321234,22.36023,23.905931,26.351494
batch_02450_patch.tiff,patch_27,27.174614,24.17645,25.377625,24.159006,26.026869
batch_02450_patch.tiff,patch_28,27.687433,24.011274,26.054367,25.315151,26.498915
batch_02450_patch.tiff,patch_29,26.425535,23.722824,26.009092,24.702744,26.715473
batch_02450_patch.tiff,patch_30,25.852211,24.064413,25.683954,24.60613,26.888168
batch_02450_patch.tiff,patch_31,26.37947,22.663202,27.907703,23.825825,25.62987
batch_02450_patch.tiff,patch_32,26.064804,23.332453,25.21181,24.494926,25.923477
batch_02450_patch.tiff,patch_33,26.092321,22.58871,25.77375,24.476482,26.308083
batch_02450_patch.tiff,patch_34,25.094788,22.936659,24.064728,23.698635,25.51979
batch_02450_patch.tiff,patch_35,24.784561,22.735464,23.104815,24.762442,26.021645
batch_02450_patch.tiff,patch_36,24.780005,23.095444,24.349998,23.774387,27.526436
batch_02450_patch.tiff,patch_37,24.86679,22.548609,22.152586,25.36575,27.238522
batch_02450_patch.tiff,patch_38,27.210508,23.451212,27.006256,24.38127,25.255232
batch_02450_patch.tiff,patch_39,26.17374,26.093733,24.72621,22.751453,27.881968
batch_02450_patch.tiff,patch_40,28.30986,24.23695,24.275991,25.58266,26.36928
batch_02450_patch.tiff,patch_41,27.167704,24.152603,26.47029,24.392084,26.863064
batch_02450_patch.tiff,patch_42,27.214193,23.265795,26.83494,24.292376,26.731567
batch_02450_patch.tiff,patch_43,26.423285,25.162968,24.341028,23.679434,26.808083
batch_02450_patch.tiff,patch_44,26.77684,24.66596,26.28102,22.34304,26.655577
batch_02450_patch.tiff,patch_45,26.881226,23.076754,25.731113,24.85176,26.93517
batch_02450_patch.tiff,patch_46,26.039068,24.657206,25.173346,24.582394,26.988691
batch_02450_patch.tiff,patch_47,24.336462,21.04559,21.025343,25.203846,24.582346
batch_02450_patch.tiff,patch_48,25.349628,22.63472,23.487143,24.535183,26.336283
batch_02450_patch.tiff,patch_49,24.69682,23.000044,22.232674,25.069368,26.903654
batch_02450_patch.tiff,patch_50,24.418562,22.296219,22.775385,24.198168,26.538528
batch_02450_patch.tiff,patch_51,27.461033,23.145718,28.87948,24.340641,25.59844
batch_02450_patch.tiff,patch_52,26.486546,24.876114,25.222841,23.244179,28.064857
batch_02450_patch.tiff,patch_53,26.649342,23.396477,25.588654,23.556715,25.883123
batch_02450_patch.tiff,patch_54,26.490725,23.889322,26.251934,24.493908,25.874716
batch_02450_patch.tiff,patch_55,26.989416,23.265795,27.31395,24.328304,27.161692
batch_02450_patch.tiff,patch_56,24.857368,24.884645,23.920565,23.905966,26.959185
batch_02450_patch.tiff,patch_57,23.907986,24.709986,21.99443,24.766329,26.347462
batch_02450_patch.tiff,patch_58,26.838886,22.827152,23.944237,25.159868,26.743965
batch_02450_patch.tiff,patch_59,26.214888,22.473509,24.399132,23.649355,25.750134
batch_02450_patch.tiff,patch_60,27.127935,22.956402,26.334091,24.171276,26.379143
batch_02450_patch.tiff,patch_61,26.538528,22.539946,25.776356,25.009027,24.28197
batch_02450_patch.tiff,patch_62,25.78046,22.836885,21.985119,24.38298,26.27715
batch_02450_patch.tiff,patch_63,24.93401,22.5473,23.94061,24.431334,27.041677
batch_02450_patch.tiff,patch_64,26.357796,23.56371,25.714565,24.682009,26.017727
batch_02450_patch.tiff,patch_65,25.416985,24.277296,24.054018,24.576504,25.430246
batch_02450_patch.tiff,patch_66,27.801136,23.438526,26.413855,24.208216,24.917439
batch_02450_patch.tiff,patch_67,27.189314,22.25513,27.367777,24.51555,25.764376
batch_02450_patch.tiff,patch_68,25.875841,24.129015,26.057625,24.379807,27.148155
batch_02450_patch.tiff,patch_69,25.798592,25.42181,26.562227,24.539639,28.051731
batch_02450_patch.tiff,patch_70,26.300686,22.556992,23.215364,23.856161,25.798294
batch_02450_patch.tiff,patch_71,25.112577,22.6092,24.131475,23.042156,26.463825
batch_02450_patch.tiff,patch_72,26.233553,22.867151,25.527649,23.90236,26.320932
batch_02450_patch.tiff,patch_73,25.852547,22.583416,23.880318,22.765821,25.76879
batch_02450_patch.tiff,patch_74,25.392143,22.497345,21.918953,24.157394,27.078548
batch_02450_patch.tiff,patch_75,25.303438,23.163925,22.344646,24.31035,26.591005
batch_02450_patch.tiff,patch_76,26.469091,24.088959,26.341917,25.12094,26.93833
batch_02450_patch.tiff,patch_77,27.10944,25.031805,25.587702,25.127205,26.812988
batch_02450_patch.tiff,patch_78,28.313316,23.633326,26.74431,24.133976,26.871773
batch_02450_patch.tiff,patch_79,28.299234,23.423944,27.630917,25.313478,26.829275
batch_02450_patch.tiff,patch_80,27.300919,25.141916,24.45817,23.80073,26.860136
batch_02450_patch.tiff,patch_81,26.393707,25.268293,25.698355,23.678207,27.083328
batch_02450_patch.tiff,patch_82,26.450058,23.852825,24.238218,24.649742,26.242939
batch_02450_patch.tiff,patch_83,25.030262,23.5144,23.7168,24.631573,26.435375
batch_02450_patch.tiff,patch_84,25.007206,22.8791,24.004725,22.417025,25.56781
batch_02450_patch.tiff,patch_85,25.1714,22.205734,24.398808,22.65774,25.812712
batch_02450_patch.tiff,patch_86,26.573034,23.021538,26.68811,24.318151,24.129604
batch_02450_patch.tiff,patch_87,26.848995,22.135582,25.285072,25.465475,24.108578
batch_02450_patch.tiff,patch_88,26.560028,23.3408,26.687199,24.266531,26.501444
batch_02450_patch.tiff,patch_89,25.499071,23.51747,25.13309,24.218376,25.54245
batch_02450_patch.tiff,patch_90,27.862978,23.976501,27.439287,24.403572,26.318811
batch_02450_patch.tiff,patch_91,27.88405,24.078892,25.271473,23.374681,26.900658
batch_02450_patch.tiff,patch_92,25.494051,23.9542,26.399734,22.97507,25.502283
batch_02450_patch.tiff,patch_93,25.404158,23.236998,24.917969,23.701046,26.862371
batch_02450_patch.tiff,patch_94,25.38647,23.316753,24.143808,24.262669,26.351488
batch_02450_patch.tiff,patch_95,24.163307,23.051254,24.954035,21.935919,25.443373
batch_02450_patch.tiff,patch_96,24.129814,23.71075,23.981958,22.772573,25.260897
batch_02450_patch.tiff,patch_97,26.197918,22.661362,25.892675,24.620733,23.509636
batch_02450_patch.tiff,patch_98,27.188549,23.525137,24.889605,25.810938,26.018494
batch_02450_patch.tiff,patch_99,27.290482,23.888584,28.956654,24.020422,25.23658
batch_02450_patch.tiff,patch_100,26.681524,22.604479,26.83813,23.471453,26.138477
batch_02450_patch.tiff,patch_101,27.675436,23.241667,27.601284,24.32074,26.899426
batch_02450_patch.tiff,patch_102,28.279852,23.865225,24.26655,23.698126,27.04521
batch_02450_patch.tiff,patch_103,25.207867,23.589231,26.424353,23.878242,26.334402
batch_02450_patch.tiff,patch_104,25.288572,23.457958,26.313412,23.737604,26.239355
batch_02450_patch.tiff,patch_105,23.852518,21.914991,20.299402,24.582312,24.86016
batch_02450_patch.tiff,patch_106,25.555338,23.008005,22.765669,24.752306,25.712347
batch_02450_patch.tiff,patch_107,26.8081,22.923426,26.321218,24.270128,26.14729
batch_02450_patch.tiff,patch_108,27.521559,23.23783,28.701277,24.75517,26.914003
batch_02450_patch.tiff,patch_109,27.542448,23.33783,27.472134,24.066776,26.455101
batch_02450_patch.tiff,patch_110,25.802086,23.190449,24.963758,24.898756,24.329746
batch_02450_patch.tiff,patch_111,27.599566,23.733473,28.01707,24.564716,27.289974
batch_02450_patch.tiff,patch_112,27.553944,24.304337,29.895002,23.552067,26.152708
batch_02450_patch.tiff,patch_113,27.604279,23.592241,27.483078,24.657856,26.150852
batch_02450_patch.tiff,patch_114,26.622833,25.030918,25.33221,22.76113,27.15542
batch_02450_patch.tiff,patch_115,26.413631,25.60505,24.181726,22.880625,27.163893
batch_02450_patch.tiff,patch_116,26.164953,24.970251,25.103146,23.87129,25.3083
batch_02450_patch.tiff,patch_117,23.6574,21.928701,20.833076,24.186417,23.952541
batch_02450_patch.tiff,patch_118,23.895866,21.439098,21.471638,25.205933,25.232624
batch_02450_patch.tiff,patch_119,26.572147,23.318447,24.433363,25.07987,25.448353
batch_02450_patch.tiff,patch_120,27.583002,23.700476,26.991905,25.355448,26.652538
batch_02450_patch.tiff,patch_121,27.155806,23.543352,27.685106,23.878813,26.695272
batch_02450_patch.tiff,patch_122,26.054647,22.550106,25.579239,24.638418,24.30557
batch_02450_patch.tiff,patch_123,25.862558,24.633808,24.78848,23.173578,25.979498
batch_02450_patch.tiff,patch_124,27.477913,25.213446,25.783314,24.31673,27.215168
batch_02450_patch.tiff,patch_125,28.465937,23.276007,27.98612,24.918829,27.098167
batch_02450_patch.tiff,patch_126,27.042913,24.268984,26.551035,24.592152,25.733433
batch_02450_patch.tiff,patch_127,26.147217,24.032396,24.53955,24.294352,27.54512
batch_02450_patch.tiff,patch_128,25.250366,23.726547,24.863642,24.148626,26.675234
batch_02450_patch.tiff,patch_129,24.779753,22.865309,23.502739,24.229443,26.409039
batch_02450_patch.tiff,patch_130,25.37684,23.465296,26.382336,23.450945,27.640001
batch_02450_patch.tiff,patch_131,24.533684,22.296455,22.570963,22.752829,25.303152
batch_02450_patch.tiff,patch_132,26.294243,22.86663,23.374123,24.45708,26.869783
batch_02450_patch.tiff,patch_133,25.210543,22.172363,24.281876,25.041666,24.230127
batch_02450_patch.tiff,patch_134,27.062931,22.70026,27.894464,24.911552,24.465424
batch_02450_patch.tiff,patch_135,26.341816,25.816013,24.516844,23.691965,25.948156
batch_02450_patch.tiff,patch_136,25.839382,24.9891,23.720121,23.17736,26.374905
batch_02450_patch.tiff,patch_137,27.15683,23.68246,28.493494,24.31174,25.99363
batch_02450_patch.tiff,patch_138,27.093533,23.156828,28.355614,23.335884,25.761177
batch_02450_patch.tiff,patch_139,25.958878,22.769285,22.800161,24.43771,25.570328
batch_02450_patch.tiff,patch_140,25.670965,23.345545,24.82832,24.775183,26.788216
batch_02450_patch.tiff,patch_141,25.971376,23.4209,25.25674,24.28343,27.244287
batch_02450_patch.tiff,patch_142,25.848618,23.885365,26.231178,24.326324,26.941435
batch_02450_patch.tiff,patch_143,24.936052,23.71713,25.90751,21.30806,26.221895
batch_02450_patch.tiff,patch_144,26.532183,21.700937,25.273191,22.508062,26.266373
batch_02450_patch.tiff,patch_145,26.447617,22.835506,27.189177,23.877407,25.301626
batch_02450_patch.tiff,patch_146,26.906248,23.151604,26.692413,25.340067,24.743563
batch_02450_patch.tiff,patch_147,26.677149,23.63786,26.667633,24.812323,26.176825
batch_02450_patch.tiff,patch_148,27.049812,23.86147,26.048132,24.795979,26.662958
batch_02450_patch.tiff,patch_149,26.282831,24.163918,25.337852,24.090868,26.987505
batch_02450_patch.tiff,patch_150,25.37437,24.69497,25.749758,22.461746,26.374641
batch_02450_patch.tiff,patch_151,27.275463,22.91087,25.074327,23.002623,26.60322
batch_02450_patch.tiff,patch_152,25.668266,23.093508,22.272825,24.508816,25.70246
batch_02450_patch.tiff,patch_153,24.22451,21.747248,22.382,24.538801,25.346846
batch_02450_patch.tiff,patch_154,24.439104,22.612186,22.509903,24.460438,25.481789
batch_02450_patch.tiff,patch_155,24.593346,23.997072,25.764814,24.33548,27.332975
batch_02450_patch.tiff,patch_156,24.79692,23.769432,25.35041,24.988766,26.727026
batch_02450_patch.tiff,patch_157,27.312048,22.825287,28.343452,24.451412,24.930079
batch_02450_patch.tiff,patch_158,27.4361,24.14424,27.621288,24.94568,26.10826
batch_02450_patch.tiff,patch_159,28.245527,23.097689,28.233925,24.971304,26.998394
batch_02450_patch.tiff,patch_160,27.556742,24.476347,26.024261,25.390322,26.862616
batch_02450_patch.tiff,patch_161,26.389803,23.276913,26.798002,23.191626,26.206388
batch_02450_patch.tiff,patch_162,26.47645,23.610502,24.131311,24.339848,26.705347
batch_02450_patch.tiff,patch_163,26.01888,23.856647,25.148159,24.901947,26.245258
batch_02450_patch.tiff,patch_164,24.24728,21.845411,21.178253,24.62048,24.932306
batch_02450_patch.tiff,patch_165,23.960358,21.201569,22.413626,23.944498,25.19908
batch_02450_patch.tiff,patch_166,24.183083,24.27647,23.497942,24.536068,26.866447
batch_02450_patch.tiff,patch_167,24.142044,24.073706,24.278763,24.936733,26.37791
batch_02450_patch.tiff,patch_168,27.262688,23.43388,28.995441,24.302132,25.59056
batch_02450_patch.tiff,patch_169,27.40489,22.596237,28.580387,24.678251,25.072601
batch_02450_patch.tiff,patch_170,26.155447,23.37552,25.639334,24.123217,27.233505
batch_02450_patch.tiff,patch_171,27.567413,25.490707,26.825586,24.25111,27.427519
batch_02450_patch.tiff,patch_172,25.081425,22.022404,24.01819,23.971785,26.369417
batch_02450_patch.tiff,patch_173,26.225657,23.6415,24.194065,24.526114,26.333675
batch_02450_patch.tiff,patch_174,23.503902,21.857635,21.4033,24.784512,24.352127
batch_02450_patch.tiff,patch_175,24.091503,21.639944,21.0103,25.332386,24.622171
batch_02450_patch.tiff,patch_176,25.874672,22.779621,23.542633,24.547195,26.839422
batch_02450_patch.tiff,patch_177,24.644524,23.327242,21.721174,23.814949,27.08993
batch_02450_patch.tiff,patch_178,27.332455,23.479326,27.941889,25.407398,24.833666
batch_02500_patch.tiff,patch_0,26.920902,22.810558,26.85258,24.494364,24.57766
batch_02500_patch.tiff,patch_1,27.305977,23.56003,26.529284,24.254126,27.337717
batch_02500_patch.tiff,patch_2,26.559935,23.444803,24.422245,22.61267,26.40277
batch_02500_patch.tiff,patch_3,25.759546,24.594292,25.688158,24.006876,24.766054
batch_02500_patch.tiff,patch_4,25.080576,23.18101,22.882797,23.593626,25.25312
batch_02500_patch.tiff,patch_5,27.423534,23.36759,27.059462,24.801508,26.494272
batch_02500_patch.tiff,patch_6,26.70794,23.935354,26.007519,24.73029,24.837305
batch_02500_patch.tiff,patch_7,27.694937,24.1731,26.673723,26.345734,25.487646
batch_02500_patch.tiff,patch_8,27.046637,24.154823,27.752642,23.832428,25.1798
batch_02500_patch.tiff,patch_9,26.30321,22.874428,25.657654,24.740135,25.117357
batch_02500_patch.tiff,patch_10,25.642122,23.951366,24.883549,23.7868,25.829216
batch_02500_patch.tiff,patch_11,25.253056,23.864202,21.863974,23.936243,25.598238
batch_02500_patch.tiff,patch_12,25.344006,23.802244,23.815643,24.241606,26.214882
batch_02500_patch.tiff,patch_13,25.27753,24.190424,25.101387,24.644257,26.690659
batch_02500_patch.tiff,patch_14,27.606268,23.734663,27.632734,24.569883,25.688208
batch_02500_patch.tiff,patch_15,26.624264,23.7915,27.863586,24.573896,25.274864
batch_02500_patch.tiff,patch_16,26.954384,24.312376,27.284723,24.64283,25.470743
batch_02500_patch.tiff,patch_17,25.603159,24.112297,25.68327,24.391184,27.276936
batch_02500_patch.tiff,patch_18,25.580492,23.410086,25.058294,24.194641,26.854797
batch_02500_patch.tiff,patch_19,23.935997,23.434795,23.691088,23.873217,24.93748
batch_02500_patch.tiff,patch_20,25.024218,24.243525,23.275734,25.107168,25.910868
batch_02500_patch.tiff,patch_21,25.558107,22.465826,22.050364,23.874947,24.721525
batch_02500_patch.tiff,patch_22,25.295729,23.464481,22.05485,23.944407,24.15956
batch_02500_patch.tiff,patch_23,26.181631,22.64549,24.828346,26.247377,24.130304
batch_02500_patch.tiff,patch_24,27.798122,24.308266,27.029127,25.55756,26.198402
batch_02500_patch.tiff,patch_25,27.665161,23.49615,24.85223,22.793137,26.752949
batch_02500_patch.tiff,patch_26,26.750082,25.07964,25.559055,24.522623,28.056105
batch_02500_patch.tiff,patch_27,25.347342,23.616648,24.188934,24.56184,25.567806
batch_02500_patch.tiff,patch_28,25.038755,23.323383,24.103125,23.86172,26.426144
batch_02500_patch.tiff,patch_29,26.01779,23.273151,24.862318,22.679205,25.627165
batch_02500_patch.tiff,patch_30,25.130428,23.388172,24.01576,24.190186,26.398712
batch_02500_patch.tiff,patch_31,25.572979,23.79562,23.760105,23.81975,26.676289
batch_02500_patch.tiff,patch_32,27.179705,23.917059,24.101955,26.0009,25.499159
batch_02500_patch.tiff,patch_33,28.124138,23.869705,27.27485,25.374773,25.887287
batch_02500_patch.tiff,patch_34,26.9908,23.450338,24.15903,25.809351,25.814016
batch_02500_patch.tiff,patch_35,26.43307,23.699114,25.01763,25.141829,24.23203
batch_02500_patch.tiff,patch_36,25.227499,22.548256,24.047482,25.75694,23.016268
batch_02500_patch.tiff,patch_37,24.075323,23.155556,23.912342,23.004507,26.186157
batch_02500_patch.tiff,patch_38,25.2737,24.023455,23.472044,23.963137,26.024357
batch_02500_patch.tiff,patch_39,25.945549,23.967026,25.200092,24.874643,26.568804
batch_02500_patch.tiff,patch_40,26.161043,23.175043,26.769688,25.377985,27.277802
batch_02500_patch.tiff,patch_41,27.658075,22.701511,27.478586,25.247528,26.251371
batch_02500_patch.tiff,patch_42,27.725433,23.262808,27.532055,25.271353,26.36188
batch_02500_patch.tiff,patch_43,28.133606,22.62681,28.105686,25.031143,26.008772
batch_02500_patch.tiff,patch_44,26.052736,22.49619,25.997028,24.15962,24.888922
batch_02500_patch.tiff,patch_45,25.703505,23.191504,23.018993,24.533293,24.694756
batch_02500_patch.tiff,patch_46,25.819689,23.546246,23.97025,24.011381,26.53385
batch_02500_patch.tiff,patch_47,25.606077,23.77631,24.259802,25.11328,26.525473
batch_02500_patch.tiff,patch_48,27.00669,24.690176,25.282595,24.588217,27.459436
batch_02500_patch.tiff,patch_49,27.911325,23.73278,27.860191,24.655777,25.262087
batch_02500_patch.tiff,patch_50,28.258081,23.334743,27.15781,25.689352,26.05481
batch_02500_patch.tiff,patch_51,28.137468,23.264973,28.051086,24.797554,25.819206
batch_02500_patch.tiff,patch_52,25.659143,24.215868,25.399727,24.413052,24.319954
batch_02500_patch.tiff,patch_53,26.081085,22.973228,26.286707,24.870234,24.790287
batch_02500_patch.tiff,patch_54,27.836552,23.673355,27.083721,24.23972,27.027128
batch_02500_patch.tiff,patch_55,27.2142,24.181227,26.238426,25.254625,25.406796
batch_02500_patch.tiff,patch_56,27.424875,23.232418,28.318275,25.09745,25.467628
batch_02500_patch.tiff,patch_57,28.419058,23.673563,27.186937,25.686144,25.886576
batch_02500_patch.tiff,patch_58,26.192911,23.549522,27.136026,24.032686,25.2826
batch_02500_patch.tiff,patch_59,26.50545,23.521662,25.201588,24.467468,26.666899
batch_02500_patch.tiff,patch_60,27.018122,23.459019,24.34713,24.15861,25.997007
batch_02500_patch.tiff,patch_61,25.071438,22.634775,22.40796,24.159428,25.449575
batch_02500_patch.tiff,patch_62,26.757107,22.80139,27.25625,24.714565,24.56634
batch_02500_patch.tiff,patch_63,27.17043,23.080193,25.180359,25.1222,23.799355
batch_02500_patch.tiff,patch_64,27.854477,22.667479,26.558384,25.736986,25.443865
batch_02500_patch.tiff,patch_65,28.011467,23.174572,28.949726,24.827965,25.752909
batch_02500_patch.tiff,patch_66,25.623589,23.158852,21.998861,24.718655,25.486897
batch_02500_patch.tiff,patch_67,25.562454,23.222742,24.158665,24.203846,27.232012
batch_02500_patch.tiff,patch_68,26.30458,22.474869,24.14192,23.241848,25.930666
batch_02500_patch.tiff,patch_69,24.893826,21.558863,24.246006,24.581562,24.34567
batch_02500_patch.tiff,patch_70,27.305172,23.915632,26.37778,25.790445,25.481104
batch_02500_patch.tiff,patch_71,27.480402,23.605785,27.538752,25.677832,25.201044
batch_02500_patch.tiff,patch_72,27.204552,23.398157,26.89088,25.769106,25.290993
batch_02500_patch.tiff,patch_73,27.842611,22.453577,27.213625,24.688889,26.175322
