source_image,spot_id,Neutrophil,Epithelial,Lymphocyte,Plasma,Eosinophil,Connective tissue
crag_11_patch.tiff,patch_0,6.669492,-0.5181294,0.29614517,7.429767,11.691649,0.29088804
crag_11_patch.tiff,patch_1,5.1000767,-1.205573,-0.32777727,7.737121,11.524257,1.2381501
crag_11_patch.tiff,patch_2,-0.6176965,4.7911386,-5.9077754,2.4033077,2.753445,3.8265111
crag_11_patch.tiff,patch_3,4.1921263,-0.54255795,-0.28696546,2.1533988,9.630245,1.9178425
crag_11_patch.tiff,patch_4,4.4088683,0.1762871,2.0079257,5.906968,8.808456,3.4498005
crag_11_patch.tiff,patch_5,5.6687255,1.4689916,0.27827656,4.28719,11.0907,9.621431
crag_11_patch.tiff,patch_6,3.110524,-1.7808973,-2.7484758,6.446831,8.323363,-1.4550653
crag_11_patch.tiff,patch_7,0.8238579,2.1425593,-6.861303,4.9348383,7.997749,2.4312167
crag_11_patch.tiff,patch_8,3.040495,1.2729574,-2.720219,5.4565253,10.841657,1.6137398
crag_11_patch.tiff,patch_9,-0.01096095,5.3150187,-7.0995903,2.2011359,4.9146023,3.6146595
crag_11_patch.tiff,patch_10,0.18852967,2.764789,-2.0565245,3.0498507,4.3839054,4.990049
crag_11_patch.tiff,patch_11,2.4970877,1.5841382,1.1912402,5.82104,8.36319,3.8237762
crag_11_patch.tiff,patch_12,7.6796837,-2.8273373,0.19503771,1.7696499,7.8657036,1.1484606
crag_11_patch.tiff,patch_13,2.833203,0.37855473,-1.3137786,4.5947375,8.817038,2.0113065
crag_11_patch.tiff,patch_14,-3.1625211,1.7693663,-0.78915614,7.1179166,7.2677298,3.932055
crag_11_patch.tiff,patch_15,1.5556782,4.647929,-4.5299144,4.6279955,8.383372,2.8887687
crag_11_patch.tiff,patch_16,1.4108682,2.8565924,-2.886323,3.9499605,7.590666,0.98703367
crag_11_patch.tiff,patch_17,3.147911,0.67920244,0.21707979,6.028104,8.216506,2.9680326
crag_11_patch.tiff,patch_18,4.839941,-4.6433334,6.0056763,7.6765003,13.815279,1.7194455
crag_11_patch.tiff,patch_19,4.3347015,-0.08693196,2.3710375,5.5299683,12.957451,2.337981
crag_11_patch.tiff,patch_20,1.5965276,0.6327284,-2.9833627,6.119879,7.732357,-0.040188923
crag_11_patch.tiff,patch_21,1.7274269,2.7365782,-2.3443449,6.4850965,8.910929,-0.9829126
crag_11_patch.tiff,patch_22,1.579402,2.1750937,-0.69555026,5.90302,8.003982,-2.4691007
crag_11_patch.tiff,patch_23,1.9650414,3.315371,-1.9111726,7.1942306,9.408997,1.7248678
crag_11_patch.tiff,patch_24,3.004008,-0.85098517,5.364621,11.896448,6.3601317,5.2656207
crag_11_patch.tiff,patch_25,2.0385559,-2.511687,1.5626013,2.469811,10.440651,2.6274815
crag_11_patch.tiff,patch_26,1.1922926,0.048820406,0.23204045,5.412356,7.5758057,0.13181593
crag_11_patch.tiff,patch_27,2.4629123,-1.1539181,0.3509893,5.877373,9.791163,-0.88214624
crag_11_patch.tiff,patch_28,1.6434733,1.1753427,-1.4255797,6.544637,8.695131,-0.26791984
crag_11_patch.tiff,patch_29,1.7534182,0.023087643,-0.48742285,9.770582,10.9537,0.36291555
crag_11_patch.tiff,patch_30,7.879427,8.85164,-3.6234543,6.4764,1.2892406,17.86255
crag_11_patch.tiff,patch_31,4.0877953,-0.3573742,6.50441,5.8488975,11.241419,4.8061333
crag_11_patch.tiff,patch_32,-0.42272925,1.7353097,-1.4594898,2.5005083,5.985516,0.47657776
crag_11_patch.tiff,patch_33,1.4796526,-1.3160847,-0.947467,4.7971315,8.327937,-1.216128
crag_11_patch.tiff,patch_34,0.38324726,-0.67824125,-0.9461439,6.114028,7.6491017,-1.6681488
crag_11_patch.tiff,patch_35,2.8640385,-0.015552345,-0.28124627,7.107792,9.816914,-0.977048
crag_12_patch.tiff,patch_0,-0.4145867,-3.1188855,-7.4344373,-2.9285405,-3.046521,18.692736
crag_12_patch.tiff,patch_1,-3.3744829,-3.2225182,-9.675715,2.2381923,-7.019449,15.452403
crag_12_patch.tiff,patch_2,1.1986705,1.2979162,-4.0179157,2.598487,-0.6562288,15.775935
crag_12_patch.tiff,patch_3,5.8461013,2.394656,3.242752,1.0779586,0.51935047,4.271993
crag_12_patch.tiff,patch_4,5.2787156,2.4858024,1.160021,2.6153517,-0.3910304,6.809035
crag_12_patch.tiff,patch_5,9.880246,1.7808037,-0.21851642,1.5780112,1.348005,3.1637564
crag_12_patch.tiff,patch_6,-5.247575,-4.388406,-8.586589,-2.466651,-5.123582,15.724443
crag_12_patch.tiff,patch_7,-2.9367032,-5.642973,-6.281645,1.4531304,-2.152032,13.572435
crag_12_patch.tiff,patch_8,4.048633,-1.6541055,0.60505855,2.1530886,1.1805658,9.46716
crag_12_patch.tiff,patch_9,3.7272074,4.8538327,3.772864,-3.5784137,-1.4490014,8.807928
crag_12_patch.tiff,patch_10,2.0789306,3.9077687,0.90104455,-0.4616116,-2.4318628,10.907421
crag_12_patch.tiff,patch_11,6.2896123,-1.3912039,2.3277013,-2.5859587,0.37281796,6.2788987
crag_12_patch.tiff,patch_12,4.289385,0.16405934,-0.29242092,0.18455458,-1.3467313,8.018051
crag_12_patch.tiff,patch_13,10.905126,0.15546104,2.8953876,3.39793,4.2165484,-0.8845616
crag_12_patch.tiff,patch_14,7.295525,1.1742318,3.1169608,-3.4681673,1.6439089,4.2671866
crag_12_patch.tiff,patch_15,8.831077,2.1909347,2.0106213,2.4679036,3.4105265,-3.349125
crag_12_patch.tiff,patch_16,9.681254,-0.16301721,0.61565655,1.2407397,2.003806,-1.5222815
crag_12_patch.tiff,patch_17,12.471989,-2.2113597,4.2239385,3.04068,5.392451,-1.805504
crag_12_patch.tiff,patch_18,8.598163,-1.0451901,0.421952,1.8685426,1.6041652,0.65414727
crag_12_patch.tiff,patch_19,9.80471,-1.8077824,0.26023436,0.6525307,4.2021728,0.21436721
crag_12_patch.tiff,patch_20,7.8658934,-1.4527469,2.955774,1.6324257,2.9625366,-0.9649358
crag_12_patch.tiff,patch_21,7.3687053,-0.83831185,3.5916617,1.6552808,3.064582,6.97093
crag_12_patch.tiff,patch_22,10.745695,-2.958392,2.476978,1.4355406,4.632629,0.38940087
crag_12_patch.tiff,patch_23,13.997062,-2.7179294,1.4750924,3.6426167,8.194186,0.3724418
crag_12_patch.tiff,patch_24,7.7880883,1.5243087,-1.7973229,2.2254846,1.5871001,-2.5290246
crag_12_patch.tiff,patch_25,8.21798,1.7946104,-0.15914363,3.6665518,-0.77794856,4.1757045
crag_12_patch.tiff,patch_26,9.540876,0.9566609,1.8952899,0.5767595,2.2528946,1.1577413
crag_12_patch.tiff,patch_27,7.764648,-0.6649624,2.1962817,1.7253765,1.2939138,-2.3346868
crag_12_patch.tiff,patch_28,11.418738,0.02758101,4.3144183,0.89767265,3.8538063,2.5587504
crag_12_patch.tiff,patch_29,11.1421,-1.162843,5.9726067,3.710763,5.4572144,3.7998767
crag_12_patch.tiff,patch_30,5.723876,2.7629368,2.4061599,5.0075693,1.3717002,5.838331
crag_12_patch.tiff,patch_31,8.054582,2.7192237,2.2447586,5.497369,1.7528099,6.8704553
crag_12_patch.tiff,patch_32,5.330774,-3.4011276,-0.4962408,0.70796156,-0.16039161,0.4149407
crag_12_patch.tiff,patch_33,5.5736136,3.0090687,0.0054982123,0.8788112,-1.6492105,1.5372394
crag_12_patch.tiff,patch_34,9.630093,1.4353833,1.6026828,1.5115474,2.4273417,1.0349262
crag_12_patch.tiff,patch_35,11.012906,2.265302,1.4390199,0.3635347,3.5393753,2.9906056
crag_13_patch.tiff,patch_0,2.5378518,3.1719885,-10.997417,-5.7368526,-3.1925669,15.348761
crag_13_patch.tiff,patch_1,-1.5499115,4.1127644,-11.996457,-3.037693,-4.9633317,12.300919
crag_13_patch.tiff,patch_2,0.09688823,4.0634947,-9.215868,-2.912433,-5.773345,17.064388
crag_13_patch.tiff,patch_3,0.580631,4.6603036,-8.548289,-1.3433813,-4.3220944,23.672497
crag_13_patch.tiff,patch_4,4.732842,0.55093217,-0.0519372,2.7694676,1.7586523,2.4031618
crag_13_patch.tiff,patch_5,-6.2743564,2.801193,-6.9068127,2.2125773,-8.985023,5.003857
crag_13_patch.tiff,patch_6,3.7980907,2.655046,-8.568079,-1.4400476,2.6950214,15.904943
crag_13_patch.tiff,patch_7,-0.15240857,2.4644918,-7.453745,0.89398557,0.23331691,12.212538
crag_13_patch.tiff,patch_8,2.3570418,1.2114574,-3.5129304,-1.4395974,-1.3854706,6.7582374
crag_13_patch.tiff,patch_9,5.3573637,0.07264219,-3.495756,1.4420716,-1.078719,3.544097
crag_13_patch.tiff,patch_10,-2.209922,3.0498443,-4.751164,4.9675865,-5.1730895,5.2847066
crag_13_patch.tiff,patch_11,-2.035733,2.1591384,-4.672201,1.581979,-2.7085319,4.803275
crag_13_patch.tiff,patch_12,-2.2533138,3.1200383,-4.163964,-2.9066846,-7.3701196,3.93798
crag_13_patch.tiff,patch_13,3.627989,1.9611412,-5.899993,-2.4826865,-4.0465217,4.7431293
crag_13_patch.tiff,patch_14,-3.821234,5.882891,-4.4942307,3.1937816,-10.362221,6.2903624
crag_13_patch.tiff,patch_15,-0.5327035,1.2352812,-4.3638864,5.30158,-2.988191,1.0578877
crag_13_patch.tiff,patch_16,-2.2812626,2.3877907,-4.990323,1.158781,-5.6851015,7.724999
crag_13_patch.tiff,patch_17,1.7372953,-1.5046179,-1.2105391,5.0488777,-3.2738507,1.6838937
crag_13_patch.tiff,patch_18,0.5463962,1.5710222,-4.4620495,1.7386162,-3.0207925,5.0868917
crag_13_patch.tiff,patch_19,-0.96746045,1.387542,-4.182806,-2.4821446,-3.2447712,-0.68872976
crag_13_patch.tiff,patch_20,2.4455764,4.8591704,-4.4432054,3.3747592,-0.38273525,5.2558594
crag_13_patch.tiff,patch_21,2.416369,0.73066545,-3.927148,3.1396525,0.05981261,2.7965307
crag_13_patch.tiff,patch_22,-2.8011363,4.3707576,-7.477542,3.0887384,-6.886099,6.564447
crag_13_patch.tiff,patch_23,0.43376788,1.9667366,-3.8280103,2.428676,-1.671177,5.4745874
crag_13_patch.tiff,patch_24,0.0268012,7.087216,-4.9096346,6.3133264,2.6169424,3.1318173
crag_13_patch.tiff,patch_25,-2.3904474,3.029083,-4.991729,-0.27298427,-3.1973696,1.4776728
crag_13_patch.tiff,patch_26,-4.3412237,4.3388624,-5.824383,-0.6529191,-8.8257265,3.92712
crag_13_patch.tiff,patch_27,2.9477444,-0.20070879,-5.8745327,5.867736,0.3651734,3.6196873
crag_13_patch.tiff,patch_28,-3.5605302,4.732665,-4.720146,0.40035754,-7.6653247,6.968333
crag_13_patch.tiff,patch_29,-1.5029784,3.2008724,-8.08452,4.0496492,-4.0953393,3.198106
crag_13_patch.tiff,patch_30,-3.729041,2.683574,-8.200002,2.4294837,-5.2240424,6.594226
crag_13_patch.tiff,patch_31,-3.1891701,6.8158045,-5.8432508,3.1310859,-6.765163,5.218247
crag_13_patch.tiff,patch_32,-5.7226715,6.3510375,-6.768341,6.9133573,-6.448577,9.757801
crag_13_patch.tiff,patch_33,-3.3328168,4.616699,-5.855048,3.2087142,-5.0261917,5.429233
crag_13_patch.tiff,patch_34,-7.148519,6.1611214,-5.9018617,-0.13812752,-10.6102,9.946545
crag_13_patch.tiff,patch_35,-0.49950084,0.37795398,-8.965306,1.3209177,-3.9156203,3.2138245
crag_24_patch.tiff,patch_0,6.9262357,4.973454,-7.9630976,0.8678837,0.34762374,8.44938
crag_24_patch.tiff,patch_1,7.0478063,1.8081543,-4.705533,-3.33102,5.256466,12.980798
crag_24_patch.tiff,patch_2,7.8022213,1.6593409,-5.204271,-1.6463925,8.868686,7.543607
crag_24_patch.tiff,patch_3,6.0382175,2.0827475,-6.657263,-2.0337594,6.834871,4.764127
crag_24_patch.tiff,patch_4,4.383786,2.8825185,-9.187263,-2.1751022,5.823518,3.5248795
crag_24_patch.tiff,patch_5,5.152852,3.438731,-10.396348,-3.2210643,3.6639788,2.7271142
crag_24_patch.tiff,patch_6,2.993973,2.575522,-8.391856,3.1105804,-2.9776785,6.684996
crag_24_patch.tiff,patch_7,3.0487645,1.4357476,-3.4498773,-0.1253792,0.4473397,0.35587865
crag_24_patch.tiff,patch_8,5.941457,-0.28132772,-0.48498124,1.1538626,3.5860636,1.9916342
crag_24_patch.tiff,patch_9,5.772623,2.0108829,-3.52221,-3.765758,6.5442786,7.43117
crag_24_patch.tiff,patch_10,9.238723,1.7984573,-4.493809,-0.42215914,7.5808992,9.440478
crag_24_patch.tiff,patch_11,10.443537,6.1520114,-0.70903945,-1.7661577,11.962144,4.6229434
crag_24_patch.tiff,patch_12,9.317125,4.9697785,-8.087321,3.652067,6.3466125,14.591089
crag_24_patch.tiff,patch_13,8.798026,0.5025078,-3.304222,3.079276,4.026696,9.318426
crag_24_patch.tiff,patch_14,5.7687287,1.0338125,-4.275961,2.4225175,1.4453058,-1.4507495
crag_24_patch.tiff,patch_15,9.154745,8.308128,-2.1903038,0.6711903,5.791677,8.407322
crag_24_patch.tiff,patch_16,11.101074,5.3084517,-5.262603,2.392588,8.081524,7.8844805
crag_24_patch.tiff,patch_17,6.0688944,4.59506,-5.9498906,-0.109665126,8.437997,13.728591
crag_24_patch.tiff,patch_18,3.6542497,7.9864917,-6.082606,-2.9366975,5.2828565,0.7419651
crag_24_patch.tiff,patch_19,13.346988,10.887098,0.036346547,-1.9694272,9.133736,8.420124
crag_24_patch.tiff,patch_20,1.2799332,9.150016,-7.153954,1.4089466,-1.9619595,4.4867578
crag_24_patch.tiff,patch_21,-4.8031507,3.488166,-9.595733,5.006589,-7.846736,7.774724
crag_24_patch.tiff,patch_22,1.5187768,2.511734,-8.889414,2.5643392,-4.5948887,5.5726123
crag_24_patch.tiff,patch_23,0.3229514,1.8532636,-5.091105,-3.7549837,-2.824616,1.9003012
crag_24_patch.tiff,patch_24,0.54159176,3.2209802,-4.932674,3.775629,3.3791842,3.3539948
crag_24_patch.tiff,patch_25,1.4211382,5.304954,-7.086895,2.5783856,3.1795232,4.814387
crag_24_patch.tiff,patch_26,-1.1170995,2.1990826,-8.395009,0.6401737,-1.2577634,2.0729985
crag_24_patch.tiff,patch_27,-0.5646838,2.392341,-2.8372455,4.4284024,-1.1666349,-0.86306113
crag_24_patch.tiff,patch_28,1.3474993,8.385456,-3.958294,3.2291703,-0.814082,7.794165
crag_24_patch.tiff,patch_29,2.3368485,3.9057229,-8.593709,0.89608645,-0.32123157,5.8940897
crag_24_patch.tiff,patch_30,-1.0343881,3.5368257,-4.4041576,-1.6571578,2.311853,1.4922233
crag_24_patch.tiff,patch_31,2.4790905,1.4679517,-6.9578733,1.4476677,1.4264588,3.421428
crag_24_patch.tiff,patch_32,-2.5834568,7.967089,-9.05494,-2.5318837,-0.9120194,3.8920593
crag_24_patch.tiff,patch_33,-2.0536206,10.37983,-6.2835064,4.0721493,-1.9551038,12.661603
crag_24_patch.tiff,patch_34,2.195804,7.6166453,-5.9421587,7.8153586,-1.0222664,7.779358
crag_24_patch.tiff,patch_35,-2.443802,10.030655,-10.712386,2.068091,-6.0090575,12.256228
crag_26_patch.tiff,patch_0,9.02434,-2.3057659,3.0755486,4.437511,11.309693,3.07466
crag_26_patch.tiff,patch_1,5.248672,0.46126387,1.1618592,0.8173457,8.666848,3.260041
crag_26_patch.tiff,patch_2,8.038839,-1.541554,2.589235,3.316747,11.000089,3.0697806
crag_26_patch.tiff,patch_3,5.8251595,-2.524321,5.4615827,10.198328,8.160129,6.8512783
crag_26_patch.tiff,patch_4,5.37067,-1.2664311,0.31175923,4.2469716,4.3281736,10.615528
crag_26_patch.tiff,patch_5,4.835536,2.7291946,2.706799,1.5400869,0.8823196,17.154219
crag_26_patch.tiff,patch_6,7.6288347,0.074204564,1.1930398,6.2937126,12.394066,0.7336101
crag_26_patch.tiff,patch_7,7.091027,-0.6134536,0.6913187,5.074155,9.849943,1.1459585
crag_26_patch.tiff,patch_8,8.979557,-2.5732546,2.8964663,3.1243286,12.129087,3.6545813
crag_26_patch.tiff,patch_9,6.7003345,4.110142,0.4130896,3.21767,11.418341,2.8009932
crag_26_patch.tiff,patch_10,5.4974136,0.554584,8.830814,3.7668405,6.3911095,1.8474172
crag_26_patch.tiff,patch_11,2.5863285,-4.542438,-1.5843065,5.6326046,-0.21197012,11.783127
crag_26_patch.tiff,patch_12,3.7267516,1.8897413,-0.43669036,5.5803437,11.208048,3.115958
crag_26_patch.tiff,patch_13,7.2195196,-0.38996744,0.12563998,6.84198,13.331976,1.3273834
crag_26_patch.tiff,patch_14,6.8994675,-1.8843434,1.3160042,3.362269,11.2763815,0.9509243
crag_26_patch.tiff,patch_15,5.1558833,-1.684512,-0.3336671,3.8612463,7.677116,3.0841858
crag_26_patch.tiff,patch_16,4.464045,1.9412212,-1.1728485,1.9758507,7.164202,-0.6065512
crag_26_patch.tiff,patch_17,6.469437,-5.484634,7.171328,7.0330424,11.390578,2.9120197
crag_26_patch.tiff,patch_18,4.1431084,4.5359945,-0.82611275,5.6272326,10.219759,3.610672
crag_26_patch.tiff,patch_19,-0.6863394,4.1103935,-2.4213128,7.4309196,6.0584607,0.9252417
crag_26_patch.tiff,patch_20,2.9565446,1.4858925,-1.1706756,5.6147275,9.819701,0.30514145
crag_26_patch.tiff,patch_21,5.500508,-1.5817508,0.2898622,4.599172,9.2077465,0.94605213
crag_26_patch.tiff,patch_22,7.417113,-3.6997855,4.8291626,7.3478723,11.7208,1.4532897
crag_26_patch.tiff,patch_23,9.074827,-1.2078454,2.9954417,4.0050917,12.919197,2.0030866
crag_26_patch.tiff,patch_24,-0.35146052,6.1371017,-1.3104854,2.3358374,5.5065994,4.374471
crag_26_patch.tiff,patch_25,6.162187,0.12746575,0.6608832,6.937757,9.862869,2.723128
crag_26_patch.tiff,patch_26,2.1929073,4.150578,-4.0073814,7.0040784,9.9460945,2.7110684
crag_26_patch.tiff,patch_27,4.9314017,3.4842713,-1.7437252,10.07653,10.312348,1.8547469
crag_26_patch.tiff,patch_28,1.641672,1.4040471,-1.6456344,6.2421303,10.55052,0.32540122
crag_26_patch.tiff,patch_29,6.449309,2.2472653,3.8662739,6.647144,11.253275,0.98127
crag_26_patch.tiff,patch_30,1.4008938,6.527691,-4.310074,2.00187,6.0211883,4.703239
crag_26_patch.tiff,patch_31,6.21526,2.4012983,-1.0922498,1.1010354,11.160717,3.7048192
crag_26_patch.tiff,patch_32,2.0788693,4.2129207,-4.0293975,0.5128055,5.6432967,4.3862815
crag_26_patch.tiff,patch_33,6.394072,1.0199091,-0.05855172,4.9749575,10.812255,4.91751
crag_26_patch.tiff,patch_34,2.490104,2.1144803,-1.9665122,4.1812205,6.8199077,1.6607752
crag_26_patch.tiff,patch_35,3.0743284,7.6554527,-2.2953136,5.429954,7.180855,3.6519775
crag_29_patch.tiff,patch_0,6.524422,4.4713793,-0.06620426,-2.677607,1.3614262,-2.283587
crag_29_patch.tiff,patch_1,0.49143183,1.405362,-2.9591067,-2.0439947,-3.2966473,1.1591814
crag_29_patch.tiff,patch_2,1.0593749,5.608391,-4.774776,-1.3763525,-5.875175,1.3673307
crag_29_patch.tiff,patch_3,-0.20206754,2.334699,-8.923027,-4.921404,-3.0843854,15.150445
crag_29_patch.tiff,patch_4,1.9180872,0.21440132,-1.6936402,-1.8608509,-3.0422087,4.4657836
crag_29_patch.tiff,patch_5,5.753451,4.1653028,0.82280695,-1.95087,-1.2476746,2.0512657
crag_29_patch.tiff,patch_6,-0.21601453,1.5511125,-5.5989556,-1.3345101,-4.0105286,-1.4150329
crag_29_patch.tiff,patch_7,2.563111,-0.006751174,-3.940347,2.0266135,-1.3003896,-1.8578863
crag_29_patch.tiff,patch_8,4.261519,3.6171238,-0.3220982,-0.34600058,-2.9632792,5.1292124
crag_29_patch.tiff,patch_9,8.216916,0.56453234,-1.2242292,-0.5892745,1.0200423,-2.136671
crag_29_patch.tiff,patch_10,1.9547752,6.104467,-0.042086,-4.9652214,-4.472059,6.6061196
crag_29_patch.tiff,patch_11,-1.6148049,0.5212702,-6.559348,-5.196009,-5.7229323,1.6448373
crag_29_patch.tiff,patch_12,3.5387628,1.6254538,-2.3791354,0.7060589,-1.7538847,0.7724811
crag_29_patch.tiff,patch_13,4.2937407,-1.4841565,-1.8874005,1.2478039,-0.12421205,-0.41518557
crag_29_patch.tiff,patch_14,-1.4972402,3.6667223,-10.075032,-7.375257,-6.664965,13.744068
crag_29_patch.tiff,patch_15,6.281095,1.1130985,-2.4439096,-3.293398,0.8158404,1.564356
crag_29_patch.tiff,patch_16,4.332917,1.9165117,-1.0132984,1.2122233,-3.0309787,1.4160414
crag_29_patch.tiff,patch_17,-0.32401177,0.65383554,-2.994383,-1.5771645,-2.4144976,6.5885143
crag_29_patch.tiff,patch_18,1.4722776,-0.22448,-4.1903076,-4.9403844,-2.322688,4.139072
crag_29_patch.tiff,patch_19,8.027512,0.33025768,-0.77149886,-0.27729774,0.623283,-5.615788
crag_29_patch.tiff,patch_20,4.1847177,2.8003707,-0.6756129,2.3485024,-0.23530562,-3.2002683
crag_29_patch.tiff,patch_21,1.8605046,1.1207967,-3.8691094,-2.2955542,-6.4616103,-1.0365624
crag_29_patch.tiff,patch_22,6.0182567,1.8680058,-1.65736,-1.5104784,-1.9590539,-1.0288404
crag_29_patch.tiff,patch_23,-0.79314834,-0.20566134,-1.8068651,-1.7240292,-1.5636708,6.005576
crag_29_patch.tiff,patch_24,1.6443543,1.2218819,-1.3405898,2.2429352,0.24255659,0.5919042
crag_29_patch.tiff,patch_25,6.580201,-0.03574961,-2.6795554,4.419641,4.7136965,-1.769176
crag_29_patch.tiff,patch_26,7.7213492,-2.1724284,-3.423373,2.657354,3.0300589,-0.922432
crag_29_patch.tiff,patch_27,5.94418,4.807413,-0.60504514,1.3973492,-0.6307657,-0.4070157
crag_29_patch.tiff,patch_28,4.4013343,2.6102602,-1.4670166,3.1683943,-0.4750392,-3.7651904
crag_29_patch.tiff,patch_29,0.9117744,3.697372,-3.6753426,2.41683,-4.878329,6.4686794
crag_29_patch.tiff,patch_30,3.012529,3.872631,-1.772448,-1.4271405,0.4028375,13.704879
crag_29_patch.tiff,patch_31,1.7308626,2.3448312,1.1924804,-3.5074074,1.7528468,6.208077
crag_29_patch.tiff,patch_32,3.393033,2.2909024,-3.0125208,-4.2859797,-0.40043452,4.2665715
crag_29_patch.tiff,patch_33,2.1879494,6.6821637,0.3640126,-7.3609405,-1.3159262,6.34596
crag_29_patch.tiff,patch_34,1.5689282,1.049607,0.19054435,-5.4377017,-0.56593806,6.3147793
crag_29_patch.tiff,patch_35,3.31967,3.386282,-6.091757,-0.3425501,-2.9112356,9.935242
crag_2_patch.tiff,patch_0,0.24219497,3.6359155,-7.241182,0.059929214,7.507642,-0.14188896
crag_2_patch.tiff,patch_1,-0.28242505,6.481774,-5.8161736,3.5674279,7.0791435,0.10335865
crag_2_patch.tiff,patch_2,1.2637545,3.8690274,-6.656431,3.6359987,4.95754,2.0265944
crag_2_patch.tiff,patch_3,5.1008625,3.7741973,-2.0764906,6.506531,7.50871,2.0262053
crag_2_patch.tiff,patch_4,5.2237196,2.521932,-2.485959,4.70807,12.159409,2.0498104
crag_2_patch.tiff,patch_5,2.8134906,4.366447,-1.621301,2.635294,5.6833954,8.525136
crag_2_patch.tiff,patch_6,-0.44706273,2.6714008,-2.6880476,-3.3805215,6.398761,0.8161974
crag_2_patch.tiff,patch_7,-1.7813792,0.46840757,-3.9686744,2.5190961,5.582901,-0.21442336
crag_2_patch.tiff,patch_8,1.1198751,1.070789,-1.9606752,5.888867,7.662333,-2.3556933
crag_2_patch.tiff,patch_9,2.1646516,4.221565,-3.7056801,4.645908,9.562941,-1.3012537
crag_2_patch.tiff,patch_10,2.2512057,5.1964035,-1.6695409,1.7413607,5.153389,0.85271686
crag_2_patch.tiff,patch_11,3.4707284,5.6850624,-6.3577447,-5.071673,2.773813,4.061274
crag_2_patch.tiff,patch_12,0.17397393,0.79057914,-1.7317623,2.4390318,8.908085,4.0792804
crag_2_patch.tiff,patch_13,2.375418,2.0582643,-2.5239947,3.9526834,8.71021,-0.0019308712
crag_2_patch.tiff,patch_14,0.7443617,2.5637248,-0.7850605,1.5706202,8.366125,1.1115316
crag_2_patch.tiff,patch_15,0.81827134,-0.260964,-0.33952352,7.666365,9.079828,-1.4222913
crag_2_patch.tiff,patch_16,5.4402094,0.25245214,-0.5778799,7.5536947,8.2879715,-0.27192336
crag_2_patch.tiff,patch_17,2.6624515,4.0975056,-2.990549,0.79929984,5.9862585,2.3541873
crag_2_patch.tiff,patch_18,-1.8467228,2.6724007,-1.7667006,7.767492,-2.9763052,12.874624
crag_2_patch.tiff,patch_19,0.07354051,-1.5085864,0.6268358,2.7015893,9.274732,3.3037064
crag_2_patch.tiff,patch_20,-1.0487906,4.3565946,-5.2409,-0.40010977,6.0478945,3.1977346
crag_2_patch.tiff,patch_21,5.593951,0.75687176,-0.63895166,3.4094727,10.938573,3.6473634
crag_2_patch.tiff,patch_22,5.6603355,1.4618034,0.88533854,5.978003,11.931035,-1.8816869
crag_2_patch.tiff,patch_23,1.6749351,4.341124,1.0616974,4.1484814,7.613965,-2.0015244
crag_2_patch.tiff,patch_24,13.276721,7.49076,2.1118622,4.339677,7.814707,22.851404
crag_2_patch.tiff,patch_25,11.157613,0.08774491,2.576059,7.002512,12.187307,6.789165
crag_2_patch.tiff,patch_26,2.5790007,-2.5679655,0.3188935,3.5781577,11.970677,1.569389
crag_2_patch.tiff,patch_27,0.472866,4.679739,-1.5054661,4.4197655,10.371142,-0.07934188
crag_2_patch.tiff,patch_28,2.116818,1.5435176,0.28514892,4.7748365,11.685314,0.7162606
crag_2_patch.tiff,patch_29,10.880123,5.739767,5.237372,8.672993,11.032961,-0.012663332
crag_2_patch.tiff,patch_30,12.365429,5.8030686,-0.6239337,1.8080308,5.4703045,25.77351
crag_2_patch.tiff,patch_31,16.121881,7.5336943,1.8719686,8.498357,9.417013,18.924625
crag_2_patch.tiff,patch_32,11.567573,4.337851,4.061399,3.3613987,8.589456,5.4164143
crag_2_patch.tiff,patch_33,-2.1635096,4.6784925,-6.258651,1.5489053,7.4243646,0.0014411475
crag_2_patch.tiff,patch_34,10.543076,3.387929,3.448622,8.742401,13.072624,-0.5491525
crag_2_patch.tiff,patch_35,16.844566,4.6043687,5.3758183,3.9620364,18.626802,-0.7352659
crag_34_patch.tiff,patch_0,15.41568,4.3903813,8.661145,6.4634156,22.068804,3.9258502
crag_34_patch.tiff,patch_1,15.373631,6.5599666,6.663156,15.3670635,21.368986,1.8478125
crag_34_patch.tiff,patch_2,4.1480455,3.250392,3.7443593,7.460887,10.89321,2.4476957
crag_34_patch.tiff,patch_3,6.9541674,2.0730982,1.5948328,4.4738307,16.153532,1.5311954
crag_34_patch.tiff,patch_4,0.6871979,3.8942244,0.12747003,9.585326,9.153153,1.1122688
crag_34_patch.tiff,patch_5,3.2295685,4.2373214,1.1317778,7.167226,11.240722,2.8564358
crag_34_patch.tiff,patch_6,9.360698,4.6612387,8.2909775,12.816868,14.094007,14.957099
crag_34_patch.tiff,patch_7,0.38380045,3.2696087,-0.47796634,8.021393,9.625414,3.4691021
crag_34_patch.tiff,patch_8,3.7137055,3.8960276,-2.1544373,5.0579996,10.267775,1.6681613
crag_34_patch.tiff,patch_9,11.166678,-0.7839112,6.665286,11.450639,15.405178,2.0841556
crag_34_patch.tiff,patch_10,16.929012,1.6281894,11.668293,12.587768,24.298052,-1.2152952
crag_34_patch.tiff,patch_11,0.50374943,3.7585614,-3.9470901,7.372133,9.367261,-0.06480693
crag_34_patch.tiff,patch_12,1.8212394,5.294214,-3.197084,7.824803,8.664755,0.8773425
crag_34_patch.tiff,patch_13,7.008901,0.0017829884,3.8517907,9.545802,14.536846,3.362356
crag_34_patch.tiff,patch_14,3.2847123,1.6982795,0.11496245,8.791409,9.30889,-1.8794386
crag_34_patch.tiff,patch_15,10.100605,3.4111238,1.157259,9.089905,17.688427,1.5533419
crag_3_patch.tiff,patch_0,8.708438,5.341984,-0.04110162,-1.5869485,3.7731588,2.213661
crag_3_patch.tiff,patch_1,10.414341,4.433079,1.2529957,0.3788504,4.646339,-2.717759
crag_3_patch.tiff,patch_2,10.753526,0.486084,-0.6356224,1.2135359,4.66128,-2.9299011
crag_3_patch.tiff,patch_3,7.9124217,3.47412,-1.1174276,-1.3952084,5.6856923,0.17991495
crag_3_patch.tiff,patch_4,5.647343,3.3099604,-4.7601852,-0.3617151,3.2750704,2.2573135
crag_3_patch.tiff,patch_5,7.717747,4.0611935,1.292933,-2.1953213,4.615381,0.58914185
crag_3_patch.tiff,patch_6,9.251037,1.1421123,-1.6019127,1.04052,5.635776,-2.270689
crag_3_patch.tiff,patch_7,9.116635,3.388767,3.1012654,2.6859071,4.7285438,2.952291
crag_3_patch.tiff,patch_8,7.280497,3.5623589,-0.5052968,0.7917325,2.0987988,4.478588
crag_3_patch.tiff,patch_9,3.580156,-0.05191154,-6.063107,-0.48366794,-4.143226,2.9731638
crag_3_patch.tiff,patch_10,3.8072965,2.882704,-3.7050948,-2.3043823,-0.56969047,2.4508297
crag_3_patch.tiff,patch_11,0.81206834,1.6916244,-7.2501707,-3.021249,-1.5638893,2.7017014
crag_3_patch.tiff,patch_12,4.6347075,6.8475695,-0.69016063,-0.48733488,0.3188966,2.765297
crag_3_patch.tiff,patch_13,2.1897538,-1.0518402,-6.032688,-0.3839462,-2.155235,-0.93155414
crag_3_patch.tiff,patch_14,4.7708035,2.9060698,-1.3291371,1.6272568,0.5029631,-0.81364554
crag_3_patch.tiff,patch_15,3.3058755,3.0606465,-4.0256124,-1.7299387,0.9941279,2.8095946
crag_3_patch.tiff,patch_16,-0.16087821,-0.47946364,-7.581898,-1.2983574,-3.6971889,-0.32308027
crag_3_patch.tiff,patch_17,2.4358358,3.5643349,-1.5355139,-1.2865584,-2.0438259,4.3577876
crag_3_patch.tiff,patch_18,8.568073,3.1035788,-0.017924974,0.05065637,2.9878874,0.5132633
crag_3_patch.tiff,patch_19,4.5132194,0.20275354,-4.8278556,-4.7109375,-0.763325,0.054000366
crag_3_patch.tiff,patch_20,5.9763255,5.425972,-2.045088,-5.7568235,0.42462876,-1.9061127
crag_3_patch.tiff,patch_21,5.3196373,1.7330854,-2.6982577,-1.3233618,3.8067153,2.1782005
crag_3_patch.tiff,patch_22,4.2937093,2.5525599,-4.9885907,-9.123808,-1.5222151,0.11522064
crag_3_patch.tiff,patch_23,1.9765913,0.741819,-7.0711913,-5.513197,-2.1786473,0.8150297
crag_3_patch.tiff,patch_24,4.8232503,3.5682654,-2.4937825,-3.3629737,-0.17369805,0.7115564
crag_3_patch.tiff,patch_25,4.6494236,-4.070662,2.6473281,-1.7515082,4.2987475,1.8343745
crag_3_patch.tiff,patch_26,3.014749,5.0877337,-2.1101108,-4.1643023,0.038323335,1.4289978
crag_3_patch.tiff,patch_27,4.820208,5.7856326,-3.0308475,-6.734857,0.82316303,-0.1209443
crag_3_patch.tiff,patch_28,4.2108192,1.7390225,0.47669506,-7.587556,2.150421,2.4408422
crag_3_patch.tiff,patch_29,0.05465272,2.206228,-7.3451686,-6.630508,-5.75159,2.2154057
crag_3_patch.tiff,patch_30,4.8204503,3.226161,0.90999454,-3.504472,0.937305,3.9743006
crag_3_patch.tiff,patch_31,3.8277092,1.4426435,-0.9942096,-6.2204485,-0.9044767,4.4333715
crag_3_patch.tiff,patch_32,4.753319,0.43847513,-5.0422907,1.135961,0.4744117,-0.10147742
crag_3_patch.tiff,patch_33,-1.3117664,1.7613794,-1.6868411,-5.5821357,-1.855261,7.707373
crag_3_patch.tiff,patch_34,-0.3957145,-0.49531168,-4.5784736,-5.3091693,-5.979176,1.373421
crag_3_patch.tiff,patch_35,0.6972606,0.405784,1.5009893,-3.0259297,-0.1669463,4.8400745
crag_41_patch.tiff,patch_0,4.7376504,5.6863036,-1.2034551,-0.19575289,0.6411152,4.810827
crag_41_patch.tiff,patch_1,7.158794,5.0166044,2.227539,1.0443166,3.086968,2.1737316
crag_41_patch.tiff,patch_2,7.09885,2.6710184,1.9037809,0.7078191,1.4932142,1.6736805
crag_41_patch.tiff,patch_3,5.570212,0.7889279,-2.692377,-0.92906934,0.658473,3.85779
crag_41_patch.tiff,patch_4,8.071885,3.2000735,1.7295742,0.6279013,1.5074168,2.6387205
crag_41_patch.tiff,patch_5,5.780506,2.6730468,-2.1754234,3.8302295,1.6285771,0.60337114
crag_41_patch.tiff,patch_6,1.1934966,4.957762,-2.014862,0.4354457,-0.17349368,13.206123
crag_41_patch.tiff,patch_7,4.0171366,1.3250759,-5.062596,-2.6427972,1.2341039,0.34864917
crag_41_patch.tiff,patch_8,8.8777,-0.75152314,1.0317378,2.3736317,2.8689055,-0.69734
crag_41_patch.tiff,patch_9,2.557667,-0.11312252,-0.75533694,2.107698,-2.0751119,0.24964221
crag_41_patch.tiff,patch_10,6.9925203,7.145976,-2.4891162,-3.688451,3.599494,5.596786
crag_41_patch.tiff,patch_11,2.9262006,2.8056414,-1.6904896,-5.091346,0.0432249,5.18511
crag_41_patch.tiff,patch_12,7.918153,4.6188645,0.12783523,4.2672005,3.772442,4.085252
crag_41_patch.tiff,patch_13,4.1843715,3.6094072,-3.083361,-3.2870095,1.1240023,2.2934213
crag_41_patch.tiff,patch_14,4.932057,5.5490785,-3.1055877,-4.3024836,0.66791487,1.1965525
crag_41_patch.tiff,patch_15,8.692059,1.5097448,0.21492012,4.2424684,1.8593371,-0.24917316
crag_41_patch.tiff,patch_16,6.576245,2.332552,1.8289448,5.1976633,3.1961257,0.40067768
crag_41_patch.tiff,patch_17,1.9621452,6.5570674,1.3366508,-3.1737475,-2.8550136,5.113472
crag_41_patch.tiff,patch_18,5.5961394,5.3277335,-1.4582893,0.3228819,0.34186965,0.65506786
crag_41_patch.tiff,patch_19,6.8845706,2.7583575,-0.1323595,3.5923157,1.9956553,0.80785304
crag_41_patch.tiff,patch_20,3.51465,1.1391702,-3.273526,-1.9633163,-1.0980297,0.67811114
crag_41_patch.tiff,patch_21,4.54232,4.30741,-2.6367614,-3.9375954,1.7747431,0.007103196
crag_41_patch.tiff,patch_22,8.668973,1.4192951,2.9352055,6.4137473,3.5366204,0.77244675
crag_41_patch.tiff,patch_23,8.001671,3.2311459,-0.81383795,3.384158,3.8740706,0.8384519
crag_41_patch.tiff,patch_24,4.669159,5.290401,-2.9985628,-2.8080697,1.7499429,3.6046674
crag_41_patch.tiff,patch_25,6.123624,3.9627626,-2.9354122,-0.9457146,1.5046371,2.268331
crag_41_patch.tiff,patch_26,8.539514,5.080123,0.075558335,4.6323957,0.75809073,3.0534186
crag_41_patch.tiff,patch_27,5.900339,1.7867761,-1.8294121,-3.460135,0.54415387,0.59049517
crag_41_patch.tiff,patch_28,4.249967,4.0638256,-2.1565456,-4.4241266,0.077314034,1.5518345
crag_41_patch.tiff,patch_29,8.018385,2.9511845,1.3998337,3.2635868,1.0149039,-0.035150103
crag_41_patch.tiff,patch_30,8.62668,4.0605183,2.2597096,3.2300127,5.2477922,1.2919347
crag_41_patch.tiff,patch_31,5.4299536,5.2004633,-2.5602586,-1.5967109,2.669177,4.2878876
crag_41_patch.tiff,patch_32,8.950255,2.6951363,1.246966,3.4939616,2.7179978,1.4806722
crag_41_patch.tiff,patch_33,1.6924713,2.3386216,-3.935802,-0.9135067,-1.0556992,0.24395832
crag_41_patch.tiff,patch_34,7.464466,2.6529214,-1.5744512,-1.7901303,2.171494,1.5281907
crag_41_patch.tiff,patch_35,3.6741045,1.484939,-1.3597395,-3.2751276,2.2902982,7.433736
crag_45_patch.tiff,patch_0,4.9358897,3.1554492,-1.911283,-4.699793,-0.047168877,3.4855387
crag_45_patch.tiff,patch_1,-1.3881578,3.3254163,-5.651034,-1.0049798,-4.8957086,4.1621847
crag_45_patch.tiff,patch_2,-1.3523955,1.0292794,-3.9057784,-3.4328911,-3.1475236,13.006795
crag_45_patch.tiff,patch_3,2.983119,2.7477996,-2.3573492,-1.301656,-1.2842458,14.115472
crag_45_patch.tiff,patch_4,7.659469,-0.99093413,1.670132,3.3538303,2.7208838,-4.5967607
crag_45_patch.tiff,patch_5,1.2084638,-3.799047,-9.358712,-1.5385872,0.09514843,12.699643
crag_45_patch.tiff,patch_6,5.059722,4.124832,-3.1972654,2.9987984,2.888542,-2.8800933
crag_45_patch.tiff,patch_7,-0.64191216,1.8893157,-3.862859,-3.1478167,-2.9523232,5.6223063
crag_45_patch.tiff,patch_8,0.61999905,1.7302648,-4.4886136,-2.491793,-3.3959522,0.21487398
crag_45_patch.tiff,patch_9,0.5929885,-0.021959998,-7.952595,-3.7326617,-2.4693108,14.171164
crag_45_patch.tiff,patch_10,-1.9744445,-0.4840059,-11.492052,-5.0117297,-4.608817,17.275494
crag_45_patch.tiff,patch_11,-0.515385,0.11081764,-6.8402314,-6.239342,0.17868812,19.472683
crag_45_patch.tiff,patch_12,5.147968,3.1680608,-2.855916,-1.1708498,-0.06680135,2.3123424
crag_45_patch.tiff,patch_13,-3.6877003,-1.0863545,-10.36641,-4.515583,-4.4211764,10.8986845
crag_45_patch.tiff,patch_14,-0.4695053,3.28346,-6.057548,0.13507064,-4.470168,0.6853215
crag_45_patch.tiff,patch_15,-0.7529516,1.3273774,-2.403022,-3.5167482,-3.5931685,2.539781
crag_45_patch.tiff,patch_16,-2.864171,1.5952113,-11.169563,-6.7926598,-4.694436,13.719318
crag_45_patch.tiff,patch_17,-2.3173895,-2.336222,-9.456971,-3.8685853,-2.912716,12.905639
crag_45_patch.tiff,patch_18,-3.280027,2.5566702,-4.903174,2.1417542,-7.893397,3.3558264
crag_45_patch.tiff,patch_19,-0.3984426,1.137911,-3.7665691,-4.8655076,-4.955928,3.8067071
crag_45_patch.tiff,patch_20,-1.5388564,1.9476916,-5.513997,-0.011958056,-5.2075763,0.64920443
crag_45_patch.tiff,patch_21,0.116323516,0.5220897,-4.7084885,-3.0001197,-1.1346134,3.8087256
crag_45_patch.tiff,patch_22,-1.5350821,0.5982854,-2.0159461,-1.09391,-1.4365852,3.163514
crag_45_patch.tiff,patch_23,1.1061498,-1.0935975,-9.423147,-4.3573284,-0.38566855,18.644835
crag_45_patch.tiff,patch_24,0.9589422,3.8713331,-1.7623365,-2.329786,-3.4490063,-1.3214269
crag_45_patch.tiff,patch_25,0.85805416,3.8022847,-7.343533,-1.4438334,-2.8847556,-0.30810803
crag_45_patch.tiff,patch_26,-2.0761185,0.028083118,-5.4758873,-5.3364935,-4.2490025,3.4343102
crag_45_patch.tiff,patch_27,-3.5467842,-1.0099276,-7.998285,-4.4652042,-3.1206787,10.258667
crag_45_patch.tiff,patch_28,3.6341968,4.034687,-1.4119301,1.979668,-0.5336628,-0.6301336
crag_45_patch.tiff,patch_29,1.3776041,-0.87609965,-2.1949415,-0.9358982,-1.3260036,2.7178495
crag_45_patch.tiff,patch_30,1.0739384,1.0712775,-3.1643124,-5.7422013,-5.030297,-0.37777787
crag_45_patch.tiff,patch_31,2.9791987,1.5241055,-4.210507,1.9582083,0.05137411,2.2504363
crag_45_patch.tiff,patch_32,-0.687904,0.8060982,-6.8988585,-0.27792484,1.9688399,13.401143
crag_45_patch.tiff,patch_33,2.1871989,0.6000242,-5.3962426,-0.022961907,4.7672067,6.6312056
crag_45_patch.tiff,patch_34,1.3334303,3.1423934,-2.9989262,-4.410048,-3.45681,1.417739
crag_45_patch.tiff,patch_35,-0.6692279,4.435626,-2.564854,-2.021576,-2.2355607,6.8625484
crag_49_patch.tiff,patch_0,0.3480711,-2.5607412,5.8704133,0.39293915,5.016417,0.3502053
crag_49_patch.tiff,patch_1,-5.285307,-4.9868226,-11.799945,0.8353747,-3.0890863,7.4811425
crag_49_patch.tiff,patch_2,1.948301,-2.6790688,-4.050127,4.1968284,-1.4478607,13.802942
crag_49_patch.tiff,patch_3,5.573083,0.23105517,-0.060360897,2.7120767,6.0147595,17.159071
crag_49_patch.tiff,patch_4,9.456346,2.9821079,5.788043,11.494315,5.048554,15.104143
crag_49_patch.tiff,patch_5,4.82022,1.362198,3.6167717,7.7276683,-3.0022204,5.0236034
crag_49_patch.tiff,patch_6,5.6892233,4.105376,0.1666702,6.6200275,5.1842036,2.7969937
crag_49_patch.tiff,patch_7,-1.5482317,-2.6437123,0.6935096,-3.1934388,1.6407832,0.6030343
crag_49_patch.tiff,patch_8,-1.3123575,-3.4459164,-7.9897394,0.18263955,-1.5144148,16.205833
crag_49_patch.tiff,patch_9,7.069842,-1.6113297,3.745421,10.654093,5.812568,12.747567
crag_49_patch.tiff,patch_10,8.388105,-2.090011,-1.3383144,4.1329694,4.173351,15.421314
crag_49_patch.tiff,patch_11,10.046574,3.032933,6.109174,6.739734,2.0702753,5.740809
crag_49_patch.tiff,patch_12,4.840025,1.380345,0.44947436,3.6041234,2.9859138,0.3883065
crag_49_patch.tiff,patch_13,3.8413482,-0.6908938,1.2246835,4.728448,6.0420723,0.6358833
crag_49_patch.tiff,patch_14,-0.09092559,-2.0305667,-1.9778008,-1.4170514,4.9006734,3.9613535
crag_49_patch.tiff,patch_15,-3.7899532,-5.2112837,-3.9500537,1.4758663,-7.8069158,12.294841
crag_49_patch.tiff,patch_16,4.045146,0.3068476,2.6343617,8.10786,1.6187757,13.40839
crag_49_patch.tiff,patch_17,6.195986,1.1194812,3.58843,7.7450027,1.8752395,7.284524
crag_49_patch.tiff,patch_18,8.975222,-0.25057387,5.3657246,8.578642,8.317071,0.43374935
crag_49_patch.tiff,patch_19,5.118833,-0.4144208,1.9654423,6.384648,5.9891033,2.3186743
crag_49_patch.tiff,patch_20,0.2912283,-4.0912223,-0.776867,-0.30096695,0.2857056,8.149192
crag_49_patch.tiff,patch_21,-2.9771726,-2.486676,-1.1248367,3.078193,-2.858329,6.801806
crag_49_patch.tiff,patch_22,3.9550593,-1.9017488,-0.017434884,2.852163,2.809839,17.447517
crag_49_patch.tiff,patch_23,6.7173915,-4.081691,-5.149987,5.685844,6.5720787,16.502613
crag_49_patch.tiff,patch_24,8.3652725,0.53299785,4.164431,7.427088,7.80779,0.8352004
crag_49_patch.tiff,patch_25,6.9121046,-0.20893553,2.700599,9.274623,7.8271923,1.4529661
crag_49_patch.tiff,patch_26,-0.12696551,0.64002496,0.026116299,2.590472,3.484446,2.9698122
crag_49_patch.tiff,patch_27,0.28603783,-0.27230188,1.205123,1.4244502,0.14586389,5.604721
crag_49_patch.tiff,patch_28,7.4308906,-0.35262114,2.4582882,11.616181,5.389831,13.350737
crag_49_patch.tiff,patch_29,6.014945,-4.181798,1.8680888,5.5347714,7.9985676,14.57278
crag_49_patch.tiff,patch_30,6.6853843,2.0363605,1.3673788,8.242009,6.219944,3.1084926
crag_49_patch.tiff,patch_31,6.6274652,0.9572989,1.0937322,8.735509,7.0967493,2.905847
crag_49_patch.tiff,patch_32,6.9589844,4.0177283,3.2136197,6.196378,8.325566,1.3966639
crag_49_patch.tiff,patch_33,0.98509157,-4.7055993,2.540088,4.450031,2.3320942,3.7453325
crag_49_patch.tiff,patch_34,11.958347,0.72468376,2.275086,8.502069,6.7056856,12.251924
crag_49_patch.tiff,patch_35,4.5817966,-1.4333649,1.3470438,2.0928829,2.8306775,16.58998
crag_51_patch.tiff,patch_0,4.823627,4.5453215,-2.4035165,-2.3285205,-1.0113164,6.748165
crag_51_patch.tiff,patch_1,-0.3953457,1.1727765,-2.3722012,3.4090893,-4.5771008,2.4121177
crag_51_patch.tiff,patch_2,7.578296,-1.1185981,-0.5970308,3.298111,-0.7300011,-4.6768966
crag_51_patch.tiff,patch_3,5.5132966,-1.3829402,-4.32301,-2.5771022,-2.155833,3.9271474
crag_51_patch.tiff,patch_4,8.9433775,-1.2996576,-7.091382,-1.4405369,1.6272409,5.9004145
crag_51_patch.tiff,patch_5,1.4716196,-4.6178083,-6.824865,0.2562474,-3.3404715,4.9625998
crag_51_patch.tiff,patch_6,6.684894,4.936296,-0.54382807,5.1951447,-1.4501418,2.0942326
crag_51_patch.tiff,patch_7,0.8646615,3.4796326,-3.5753691,0.15612264,-2.5536923,2.6992908
crag_51_patch.tiff,patch_8,5.630166,-2.5482953,-1.627306,2.792494,-0.28767833,-3.298009
crag_51_patch.tiff,patch_9,6.2957354,-5.250333,-5.062671,0.9925929,-0.18502603,-0.0285619
crag_51_patch.tiff,patch_10,1.9228272,1.0571824,-8.000005,-3.1616373,-3.7213163,10.035372
crag_51_patch.tiff,patch_11,6.128905,-2.1101565,-6.383568,-3.361049,2.0268931,5.661983
crag_51_patch.tiff,patch_12,-1.2773712,3.2601168,-5.21537,-2.6961963,-4.7392,9.569316
crag_51_patch.tiff,patch_13,-3.0913076,8.628383,-7.141261,-0.7734516,-5.807023,16.349693
crag_51_patch.tiff,patch_14,-2.031986,4.858815,-5.8316407,-1.1930053,-7.4945073,8.604968
crag_51_patch.tiff,patch_15,-3.9853675,2.6884027,-5.8508644,0.5878968,-8.822089,8.863784
crag_51_patch.tiff,patch_16,0.2139425,-2.0840795,-6.0204406,1.307443,-1.3098607,-4.7565346
crag_51_patch.tiff,patch_17,2.0749447,1.52654,-2.91627,0.55598783,-0.7824613,6.5291743
crag_51_patch.tiff,patch_18,3.4417999,4.9616804,-4.160443,-4.6013627,-3.2324889,-0.45501933
crag_51_patch.tiff,patch_19,0.40339988,2.293096,-2.3133652,-2.8894837,-0.71587217,8.397453
crag_51_patch.tiff,patch_20,4.3759604,4.221527,-2.4792256,4.1098995,-1.1534442,6.9516015
crag_51_patch.tiff,patch_21,-1.4842902,5.088781,-4.731667,-2.157314,-7.339108,13.337692
crag_51_patch.tiff,patch_22,-2.4672623,5.7674623,-2.834391,-0.19501145,-5.749053,5.8605313
crag_51_patch.tiff,patch_23,1.0264843,1.2722211,-0.7240796,0.5709973,-1.2504053,1.8453189
crag_51_patch.tiff,patch_24,3.0525734,-0.09575964,-4.7673583,-1.7952256,-1.3177867,-2.3812838
crag_51_patch.tiff,patch_25,1.1890762,1.7869374,-3.550137,-7.610427,-1.0842035,9.276349
crag_51_patch.tiff,patch_26,-0.239779,-0.24370743,-1.73874,0.68793255,-2.1486216,3.6392074
crag_51_patch.tiff,patch_27,-1.5069988,6.2046494,-0.029721582,-1.814214,-3.6912193,14.953883
crag_51_patch.tiff,patch_28,3.8641655,3.1692958,-0.9091289,0.5639017,1.6065998,3.5245106
crag_51_patch.tiff,patch_29,3.2892702,-0.81610847,-7.5268865,-1.0262183,-1.148475,-1.5840343
crag_51_patch.tiff,patch_30,1.276054,1.6069372,-4.858614,-0.716521,-0.25714839,1.1298407
crag_51_patch.tiff,patch_31,4.8438907,3.016049,-2.0880864,2.0247693,-1.6756241,-0.9229095
crag_51_patch.tiff,patch_32,3.2109299,2.7567348,-2.5257137,-0.7536124,-1.4380289,4.061827
crag_51_patch.tiff,patch_33,1.9313753,4.0641775,-1.499289,-0.15119255,-1.0482137,10.054425
crag_51_patch.tiff,patch_34,5.047095,2.2485142,-3.577216,-0.6289205,2.9453719,8.254579
crag_51_patch.tiff,patch_35,6.06406,3.6464067,-1.779757,1.1767361,2.9401786,1.2305454
crag_52_patch.tiff,patch_0,18.130291,7.090242,8.543485,13.369139,9.969417,4.6847534
crag_52_patch.tiff,patch_1,15.631765,4.286896,3.8038604,9.9788685,10.408107,6.0312448
crag_52_patch.tiff,patch_2,9.330994,7.069521,-2.6866386,6.563195,4.129795,14.916237
crag_52_patch.tiff,patch_3,16.234293,8.863297,3.4777672,9.933757,10.420574,4.839853
crag_52_patch.tiff,patch_4,18.932709,4.850353,11.247952,15.285519,12.287139,2.4321947
crag_52_patch.tiff,patch_5,24.409872,2.356144,2.186341,3.5041819,18.907791,3.9605827
crag_52_patch.tiff,patch_6,12.681298,2.9755988,-4.4200377,8.637185,12.092415,10.623571
crag_52_patch.tiff,patch_7,12.182539,5.676639,-9.128643,3.8194778,2.2791398,18.489897
crag_52_patch.tiff,patch_8,12.37817,10.886907,-5.103094,3.0950253,9.862201,13.637282
crag_52_patch.tiff,patch_9,12.959896,6.084584,-1.5993153,8.118936,9.115192,9.439579
crag_52_patch.tiff,patch_10,13.448593,7.0325933,5.0166764,13.172066,9.4840555,9.614734
crag_52_patch.tiff,patch_11,8.759808,6.9425664,-1.0550581,7.7705297,8.936116,18.637743
crag_52_patch.tiff,patch_12,9.57637,5.022722,-3.3984787,7.3290977,6.4419813,18.01067
crag_52_patch.tiff,patch_13,12.418354,5.6089234,0.29646674,8.710927,9.731253,17.48906
crag_52_patch.tiff,patch_14,8.292457,4.8871207,-5.6643243,5.7263827,2.6544282,26.711737
crag_52_patch.tiff,patch_15,-0.22582828,-1.7024089,-6.4688334,5.8333364,1.0261391,13.188787
crag_52_patch.tiff,patch_16,6.2844768,0.544407,3.2045064,5.5779853,13.20526,3.7496922
crag_52_patch.tiff,patch_17,5.249872,3.3170621,-9.764422,0.7273788,6.853814,5.052903
crag_52_patch.tiff,patch_18,8.129427,4.4187045,-4.9473834,2.0985482,8.069546,0.62201285
crag_52_patch.tiff,patch_19,7.4447975,5.281171,-7.0176067,-0.35199633,8.422985,6.39732
crag_52_patch.tiff,patch_20,6.1396894,3.9623997,-12.581275,-1.8567165,5.93469,11.138093
crag_52_patch.tiff,patch_21,5.684123,5.7043023,-11.993838,-2.5921981,5.3929024,9.447331
crag_52_patch.tiff,patch_22,5.63934,5.823936,-4.6609287,2.5919726,10.993118,3.1050265
crag_52_patch.tiff,patch_23,9.953368,0.70212805,-1.0941161,7.5932636,15.289165,7.169292
crag_52_patch.tiff,patch_24,7.503272,2.646958,1.7854344,2.566495,18.54198,5.2668524
crag_52_patch.tiff,patch_25,11.570232,-2.832737,6.482466,5.322915,18.42454,3.318287
crag_52_patch.tiff,patch_26,14.777156,-0.41176447,7.544116,4.591105,19.358988,-0.103102505
crag_52_patch.tiff,patch_27,10.27521,-4.6421,2.9229646,3.3339267,17.876633,1.6933869
crag_52_patch.tiff,patch_28,7.7906947,4.4203167,-3.740281,5.083758,11.307389,6.294886
crag_52_patch.tiff,patch_29,4.3763843,7.0348086,-4.7194123,-2.340966,7.929735,7.0547113
crag_52_patch.tiff,patch_30,6.337836,3.2458572,-5.5107994,3.360584,8.65549,3.3509161
crag_52_patch.tiff,patch_31,7.1737647,3.7024345,-5.561134,2.810293,11.171357,4.560002
crag_52_patch.tiff,patch_32,3.7878017,9.1051,-3.603158,5.6036415,9.132343,7.40366
crag_52_patch.tiff,patch_33,7.5083303,1.9158112,-4.5515585,5.409987,13.410964,3.9791873
crag_53_patch.tiff,patch_0,7.5826893,1.6480563,0.25158477,1.2659672,3.6050136,-0.18063012
crag_53_patch.tiff,patch_1,4.4534483,1.0738786,-3.5096207,-1.8988281,0.2779237,-0.7875027
crag_53_patch.tiff,patch_2,3.8633947,0.22479272,2.6180103,-3.9596186,0.49805155,1.652462
crag_53_patch.tiff,patch_3,0.96873045,2.9738078,-2.7863045,1.3961507,4.854564,9.489551
crag_53_patch.tiff,patch_4,4.732188,0.13547353,6.242095,3.776726,2.0732167,10.259106
crag_53_patch.tiff,patch_5,5.4030123,0.7137473,-2.7860184,-0.9648554,2.1342132,1.5968927
crag_53_patch.tiff,patch_6,7.482672,0.5684994,-3.7289438,-3.0710878,1.5805162,1.0578735
crag_53_patch.tiff,patch_7,2.805779,0.73443055,-3.7194192,1.9105359,-0.5243541,-1.359625
crag_53_patch.tiff,patch_8,6.625601,0.19196527,-1.2630094,2.9241164,1.327675,-2.2349842
crag_53_patch.tiff,patch_9,0.9571577,3.4010272,-4.4563475,-3.452217,1.2720386,5.36835
crag_53_patch.tiff,patch_10,0.18830869,-0.013803414,-2.9209955,-0.7055818,0.6032727,16.722845
crag_53_patch.tiff,patch_11,2.117004,2.039266,-1.1804641,-4.8350177,-1.9549026,2.5430496
crag_53_patch.tiff,patch_12,0.37995413,2.3589847,-4.809725,0.43690726,-4.7862444,8.264034
crag_53_patch.tiff,patch_13,5.9391594,2.0177913,0.8648186,-3.0291631,0.65030503,3.009161
crag_53_patch.tiff,patch_14,7.557195,-0.9836034,0.3292742,5.038628,1.5046815,2.028081
crag_53_patch.tiff,patch_15,3.6060817,1.5835601,0.29215822,2.0967762,0.060592063,-0.6292402
crag_53_patch.tiff,patch_16,0.6320308,-1.3887898,-5.022873,0.5155082,4.4683967,5.8579545
crag_53_patch.tiff,patch_17,0.427624,2.6116447,-1.6438785,-5.367032,2.3037634,6.4440618
crag_53_patch.tiff,patch_18,6.3259892,0.32178926,-2.9970632,-1.1598933,1.0257072,1.152745
crag_53_patch.tiff,patch_19,4.245272,3.1443443,-1.4803387,-0.85387653,-0.38253504,3.5617514
crag_53_patch.tiff,patch_20,5.590204,0.8182902,-2.6325722,-2.3118203,0.5181188,-1.7497523
crag_53_patch.tiff,patch_21,6.847573,2.004555,0.030324396,0.15806888,2.6727226,-0.62653464
crag_53_patch.tiff,patch_22,1.5889724,-0.930795,0.62941736,2.311224,5.9292054,4.5674176
crag_53_patch.tiff,patch_23,2.4498842,-1.9631685,1.2577071,3.1981454,5.158107,5.673439
crag_53_patch.tiff,patch_24,3.9270222,2.7446632,-3.1866329,-0.54002976,0.5894882,1.9297596
crag_53_patch.tiff,patch_25,2.9633305,2.8169591,-3.543055,5.0719624,-1.3223985,3.3996334
crag_53_patch.tiff,patch_26,3.4168952,3.1956255,0.7499071,6.2655077,-1.2168536,1.1304562
crag_53_patch.tiff,patch_27,-1.1418983,3.0585077,-1.6689264,2.9181023,-4.6582346,1.2568324
crag_53_patch.tiff,patch_28,7.342255,5.2255597,0.02600216,-0.09356604,1.4691406,-0.6999755
crag_53_patch.tiff,patch_29,3.000682,-1.4485046,0.81797695,4.082183,6.1374993,2.7912545
crag_53_patch.tiff,patch_30,3.6091893,1.1559774,-2.494757,7.5798798,8.155729,14.821657
crag_53_patch.tiff,patch_31,6.5276866,0.21684526,4.917054,2.3422663,6.346967,7.370016
crag_53_patch.tiff,patch_32,3.93481,-0.27852315,4.013532,3.073109,2.8442988,5.129131
crag_53_patch.tiff,patch_33,2.3503683,3.7846863,-1.9054754,2.559886,-1.6436222,3.2302623
crag_53_patch.tiff,patch_34,3.9215956,1.7282213,0.5771748,2.445145,1.3691676,3.1470215
crag_53_patch.tiff,patch_35,0.09520312,6.759339,-1.2073057,-1.952018,1.1170622,7.9519925
crag_57_patch.tiff,patch_0,2.4145892,4.464864,-2.0058622,-5.6062927,0.52385366,7.2099285
crag_57_patch.tiff,patch_1,4.9179387,-0.37043464,-0.9204008,3.945624,3.8994691,2.5136893
crag_57_patch.tiff,patch_2,3.0993445,2.5983093,-1.9597553,-0.5928448,3.5897741,2.086767
crag_57_patch.tiff,patch_3,2.7820144,5.1955085,0.3008453,1.2284329,2.1991649,3.9056146
crag_57_patch.tiff,patch_4,2.8308706,4.825167,0.5022112,-1.347678,1.7663108,4.118016
crag_57_patch.tiff,patch_5,1.7245734,5.0199065,-2.3309655,-2.1237094,1.5496697,4.377293
crag_57_patch.tiff,patch_6,3.9334068,2.449828,-2.5301423,-3.2044735,-0.13890854,0.71502066
crag_57_patch.tiff,patch_7,4.273864,5.167587,-3.4282942,-4.3108025,2.8759332,3.0172343
crag_57_patch.tiff,patch_8,3.6149359,-0.08705178,1.7172108,5.0575294,4.928672,1.4360102
crag_57_patch.tiff,patch_9,4.464879,1.1888003,-4.088565,-1.2217791,2.630742,3.4342213
crag_57_patch.tiff,patch_10,3.1950443,5.8065886,-0.07288842,1.2120075,4.7847247,1.6666058
crag_57_patch.tiff,patch_11,2.0438616,5.1213903,-3.8668792,-2.4902391,3.7958972,2.7419457
crag_57_patch.tiff,patch_12,1.6104416,2.299086,-4.099586,-3.3519912,-3.326548,2.937203
crag_57_patch.tiff,patch_13,3.6975155,1.3461,-3.2286494,-3.3551419,2.582488,5.7459583
crag_57_patch.tiff,patch_14,6.288109,1.7325034,0.7262212,-1.1383843,6.7774525,-3.1127207
crag_57_patch.tiff,patch_15,3.930143,3.088901,-4.421427,-2.3144343,3.7060072,0.19914956
crag_57_patch.tiff,patch_16,6.3475327,2.1643755,-1.6414576,-0.9087794,3.8379362,-1.3724055
crag_57_patch.tiff,patch_17,2.2815156,3.3141801,-2.79504,-2.9500701,2.4828193,2.3261375
crag_57_patch.tiff,patch_18,5.0946517,2.8050652,-5.0810695,-2.7765372,0.25050253,5.681089
crag_57_patch.tiff,patch_19,2.6138813,0.91121656,-5.273761,0.97552526,0.12818734,2.6756837
crag_57_patch.tiff,patch_20,3.2369077,5.0606804,-1.259583,-2.5521443,3.7991407,5.406978
crag_57_patch.tiff,patch_21,5.379998,0.3919028,0.17391689,0.8053797,2.9673152,-0.6935015
crag_57_patch.tiff,patch_22,5.4291525,0.08047423,-1.6367146,1.8297032,4.8495827,-1.16891
crag_57_patch.tiff,patch_23,-0.15342197,3.6247237,-1.9526426,-1.2477041,0.9873203,1.1151578
crag_57_patch.tiff,patch_24,6.67624,-1.2673625,-1.5055436,2.5737784,2.7342117,0.18158837
crag_57_patch.tiff,patch_25,4.5512276,-0.37619948,-4.887564,-1.681792,0.682271,0.71764517
crag_57_patch.tiff,patch_26,0.7861271,0.30554453,-4.6380424,-6.134344,-0.20448048,6.090352
crag_57_patch.tiff,patch_27,-1.0476103,-1.0332341,-4.8527346,-4.150726,-3.1330793,4.961489
crag_57_patch.tiff,patch_28,3.5676382,1.262137,-0.6458444,-1.3121463,2.217233,1.4870486
crag_57_patch.tiff,patch_29,-2.7086134,5.7521877,-1.6093513,2.0659719,-2.3684154,-0.03149964
crag_57_patch.tiff,patch_30,4.5604362,-1.2144617,-3.265947,-0.5328668,1.581156,1.5146232
crag_57_patch.tiff,patch_31,3.7969613,-0.062874615,-3.1114464,-1.3265382,1.5623301,2.460518
crag_57_patch.tiff,patch_32,5.6083465,0.6207021,1.6647956,2.9669545,4.413466,-0.02578039
crag_57_patch.tiff,patch_33,5.721801,3.0753624,-3.4938984,-0.78375494,3.600613,3.9177725
crag_57_patch.tiff,patch_34,3.507481,1.2188905,-4.020667,-2.604451,-0.82935894,1.839264
crag_57_patch.tiff,patch_35,1.5789572,0.4457986,-6.173498,-1.5954671,0.8939783,1.9346703
crag_61_patch.tiff,patch_0,-0.10297315,3.974357,-3.7285736,-2.662387,1.3418201,5.4330435
crag_61_patch.tiff,patch_1,1.453267,1.5007432,-6.646883,0.768017,-0.19905317,3.2580655
crag_61_patch.tiff,patch_2,0.6879519,1.8191415,-4.60124,-0.8746815,-1.2238474,2.5337625
crag_61_patch.tiff,patch_3,4.7157016,6.9577875,-6.016761,-1.2654523,2.8109398,4.7969327
crag_61_patch.tiff,patch_4,-0.6264594,1.9168289,-10.350074,-0.39647862,-2.9942672,1.9200578
crag_61_patch.tiff,patch_5,1.5275501,-0.4807484,0.47029614,0.2561083,-1.505138,3.8194928
crag_61_patch.tiff,patch_6,-0.22579658,2.060741,-8.630319,1.1213855,-4.582873,2.5195904
crag_61_patch.tiff,patch_7,-1.4859177,5.4956346,-6.4193387,3.8052974,-6.347623,11.586011
crag_61_patch.tiff,patch_8,-0.7710434,0.8814615,-11.516036,0.50513107,-2.854863,3.6914923
crag_61_patch.tiff,patch_9,4.2545753,4.3144464,-9.230463,0.18651533,2.8889706,0.68067956
crag_61_patch.tiff,patch_10,8.014278,1.1178772,-1.235689,2.2241395,3.8637993,-2.4549057
crag_61_patch.tiff,patch_11,6.4075384,3.7065027,-1.938773,-1.2678409,0.32004657,2.3720682
crag_61_patch.tiff,patch_12,2.0628092,1.7228441,-7.5796943,-2.8017106,-1.4356263,-0.3972947
crag_61_patch.tiff,patch_13,-8.353264,2.17883,-13.673434,-3.0723636,-11.316619,14.738791
crag_61_patch.tiff,patch_14,-1.2129387,3.5887535,-6.9199643,-5.6235757,-4.538943,2.956885
crag_61_patch.tiff,patch_15,2.2971327,5.2614365,-2.4053383,3.5808878,-1.0963954,5.468924
crag_61_patch.tiff,patch_16,3.651616,1.4165484,-5.339401,2.2704449,-1.1721268,-0.8212756
crag_61_patch.tiff,patch_17,-2.225226,2.9056418,-8.909033,-5.391085,-4.3953123,2.4727857
crag_61_patch.tiff,patch_18,1.0127519,3.4618459,-7.2988276,-3.7843041,-3.2526221,3.3539455
crag_61_patch.tiff,patch_19,3.1823015,0.21815175,-2.2827063,2.3823338,5.432938,5.3791924
crag_61_patch.tiff,patch_20,0.4211481,-1.1181021,-3.7372227,-1.0687878,-0.43487448,-1.6486459
crag_61_patch.tiff,patch_21,0.22928363,3.4128964,-7.4632897,-0.8497074,-1.452815,1.6641301
crag_61_patch.tiff,patch_22,-1.2975168,4.3976874,-5.805419,1.8494318,-2.1998525,2.066186
crag_61_patch.tiff,patch_23,1.3360872,0.5584075,-5.638399,-1.471742,-1.9799545,5.9853063
crag_61_patch.tiff,patch_24,-3.1315439,0.99858665,-6.814237,-0.16832694,-0.7070645,7.5927634
crag_61_patch.tiff,patch_25,-0.49424952,1.2250711,-5.4901943,-1.9539313,-2.627773,2.9521792
crag_61_patch.tiff,patch_26,0.8613139,2.8064477,-8.874867,-1.9694314,-0.6429868,-0.9035674
crag_61_patch.tiff,patch_27,2.923743,3.52904,-7.263977,-1.7961746,-0.77148426,1.4967605
crag_61_patch.tiff,patch_28,1.0185654,1.1677629,-7.9651732,1.31366,-2.476138,3.4055338
crag_61_patch.tiff,patch_29,5.2977242,2.4466014,-2.1180239,-0.43730626,1.8740145,4.268284
crag_61_patch.tiff,patch_30,2.1507962,2.8125577,-7.875551,5.5039144,-1.8727208,-0.44392696
crag_61_patch.tiff,patch_31,-3.188582,3.4324403,-6.1762033,0.7078828,-1.2112389,1.9622806
crag_61_patch.tiff,patch_32,-2.2207475,0.70389545,-6.140984,-3.7442758,-5.358895,5.9418526
crag_61_patch.tiff,patch_33,1.0773855,1.7074618,-8.506173,2.3487408,-2.9815323,0.24759515
crag_61_patch.tiff,patch_34,6.0488386,3.7540753,-4.9097505,2.7211957,-0.46760258,2.3780956
crag_61_patch.tiff,patch_35,1.6609402,3.6406927,-8.131203,-2.8353136,-1.5634831,4.929736
crag_62_patch.tiff,patch_0,-0.83072567,-3.8094692,-2.855809,-0.46189865,6.7581797,-0.4179269
crag_62_patch.tiff,patch_1,-3.5709736,-3.6286561,-6.981817,-2.5483234,0.6183435,12.040387
crag_62_patch.tiff,patch_2,-4.820445,-2.0525503,-10.834309,-3.3019507,-0.04441006,11.203562
crag_62_patch.tiff,patch_3,-1.2139271,-0.48155913,-7.3987455,-2.3355756,1.0738621,10.620923
crag_62_patch.tiff,patch_4,1.0249982,-3.9060102,-6.627747,-0.7819689,2.6194212,4.5653505
crag_62_patch.tiff,patch_5,1.721091,4.265282,-5.3349166,-4.1505256,-0.2606043,5.58816
crag_62_patch.tiff,patch_6,-0.64581484,-4.5239997,-5.754068,0.6650506,4.203688,1.7873391
crag_62_patch.tiff,patch_7,-2.8388093,-3.5866098,-7.291006,-0.7307566,-0.16427246,8.689069
crag_62_patch.tiff,patch_8,0.8809401,-3.759506,-3.8551524,0.30533162,5.7645087,10.95991
crag_62_patch.tiff,patch_9,-4.1991706,-4.5429,-5.3784165,0.37090206,-2.98761,11.5808
crag_62_patch.tiff,patch_10,-2.5916343,-3.84482,-11.746326,-2.888674,-2.357315,8.80912
crag_62_patch.tiff,patch_11,-0.072268754,-5.457112,-4.644649,-1.1635191,1.020504,6.9514112
crag_62_patch.tiff,patch_12,5.8142905,-1.4994429,-6.71561,-1.5172323,8.562083,2.9595773
crag_62_patch.tiff,patch_13,-1.8724533,-6.3097725,-5.786811,-0.7183085,1.2177902,2.7331476
crag_62_patch.tiff,patch_14,0.53349316,-4.0790224,-2.7645042,3.623349,4.3818574,3.5632963
crag_62_patch.tiff,patch_15,3.4779115,0.79196423,-2.642407,0.055875927,6.1298738,4.7904897
crag_62_patch.tiff,patch_16,-0.2447721,-0.99889123,-6.6252875,-3.75202,1.281473,2.73936
crag_62_patch.tiff,patch_17,1.4418873,-1.9074231,-4.898108,-0.30588242,4.0166273,3.4262033
crag_62_patch.tiff,patch_18,-0.61391854,-4.287937,-5.4974318,-3.4145207,4.4051967,10.832035
crag_62_patch.tiff,patch_19,0.59164745,0.061587907,-5.4456196,0.7552474,3.7660742,4.6309032
crag_62_patch.tiff,patch_20,0.2881216,-2.593582,-4.1051908,2.46031,-1.7713891,11.503556
crag_62_patch.tiff,patch_21,3.1672907,4.861024,-0.65562874,0.48166853,1.6243122,7.4007463
crag_62_patch.tiff,patch_22,4.6505437,2.1052997,0.52408457,-1.3883252,2.8196676,2.305008
crag_62_patch.tiff,patch_23,1.2835543,-2.3840768,-6.2686386,-0.7411007,3.8887951,6.0073004
crag_62_patch.tiff,patch_24,-0.6240253,-2.5380921,-8.879027,-1.6539074,3.7833612,1.9594252
crag_62_patch.tiff,patch_25,8.241419,-2.0086143,1.5240618,4.1492095,11.954198,1.2842617
crag_62_patch.tiff,patch_26,4.921687,5.2167068,-2.2408078,-1.3856753,-0.8664184,2.032137
crag_62_patch.tiff,patch_27,5.6628127,5.004019,-5.116434,-2.1622446,1.6713006,3.6505313
crag_62_patch.tiff,patch_28,4.8632956,2.6300516,-3.1010642,0.43649337,1.7369683,1.3899714
crag_62_patch.tiff,patch_29,2.0459316,2.3535867,-3.8418438,0.44706348,0.71053493,4.782672
crag_62_patch.tiff,patch_30,-1.5683855,-3.1594298,-6.1429157,1.7562873,4.247165,0.08129002
crag_62_patch.tiff,patch_31,-0.34038275,-0.03559459,-2.7466369,-1.9467685,1.9443675,4.041151
crag_62_patch.tiff,patch_32,5.5959706,5.072761,-0.63738406,0.48893446,4.9256353,-0.6422813
crag_62_patch.tiff,patch_33,5.922926,2.782415,-2.4390516,0.8911104,4.155579,2.5434995
crag_62_patch.tiff,patch_34,3.0568428,1.5517027,-0.776104,2.4094918,2.895305,1.9297158
crag_62_patch.tiff,patch_35,2.9949572,1.955642,-3.046266,-1.9881893,1.0615133,1.8725692
crag_63_patch.tiff,patch_0,15.865173,8.952903,-7.4252095,5.487232,8.15253,18.29744
crag_63_patch.tiff,patch_1,17.005888,11.990999,-0.09386178,11.926474,15.647359,12.748338
crag_63_patch.tiff,patch_2,10.1482935,4.281978,0.36723548,12.171216,11.247699,7.512264
crag_63_patch.tiff,patch_3,13.430328,5.387568,-11.968088,4.029296,1.5840901,16.017603
crag_63_patch.tiff,patch_4,9.598275,6.6238112,-1.5129966,13.313208,9.77564,8.669284
crag_63_patch.tiff,patch_5,15.737532,6.395485,-6.2003775,5.3519325,10.837111,22.138884
crag_63_patch.tiff,patch_6,8.037868,3.5608714,-5.85305,8.100455,6.730042,18.954699
crag_63_patch.tiff,patch_7,7.435531,2.485829,-4.3388014,5.114494,13.830682,15.623143
crag_63_patch.tiff,patch_8,18.45892,6.2656236,-10.623105,1.8517003,10.067784,20.518778
crag_63_patch.tiff,patch_9,15.382147,5.797255,-3.3614566,1.7378755,10.965902,19.68962
crag_63_patch.tiff,patch_10,10.422991,4.8806705,0.13502905,3.4976118,14.535805,19.076384
crag_63_patch.tiff,patch_11,4.798141,5.080487,-0.21483468,1.0001146,8.998905,8.519267
crag_63_patch.tiff,patch_12,14.718204,5.3622932,1.8066026,8.044081,13.465508,16.118008
crag_63_patch.tiff,patch_13,7.661404,7.3796544,-6.276052,0.72517526,3.4036708,25.158157
crag_63_patch.tiff,patch_14,11.861059,1.8599731,6.067746,3.5241897,17.189768,3.8850794
crag_63_patch.tiff,patch_15,9.384281,4.143382,4.64413,2.7717967,11.688527,2.4104996
crag_63_patch.tiff,patch_16,17.407543,6.3158097,5.3996515,10.159898,13.975491,11.840093
crag_63_patch.tiff,patch_17,2.7963643,2.1266136,-3.643361,4.5487614,5.13803,11.879248
crag_63_patch.tiff,patch_18,7.2014647,0.13686638,2.427061,3.251231,14.273237,6.029912
crag_63_patch.tiff,patch_19,7.8330927,2.3919976,-1.4371055,2.073668,9.78366,1.551532
crag_7_patch.tiff,patch_0,5.402531,5.7647176,-5.406607,4.9244804,9.964682,7.037118
crag_7_patch.tiff,patch_1,5.079151,2.0567257,-5.064733,7.1312494,11.419549,5.6538587
crag_7_patch.tiff,patch_2,7.201023,2.6133304,-0.00063246343,6.4504585,13.102808,6.6400566
crag_7_patch.tiff,patch_3,2.4065454,7.0904713,-5.7081532,3.588574,6.925726,4.598042
crag_7_patch.tiff,patch_4,6.947062,9.307157,-2.7012594,1.4279245,10.487972,6.447998
crag_7_patch.tiff,patch_5,5.0394683,4.6489887,-3.306108,1.3527278,11.376784,2.806867
crag_7_patch.tiff,patch_6,8.588685,3.808582,-2.9954712,8.103111,17.571915,6.5934715
crag_7_patch.tiff,patch_7,5.626809,1.2657646,-4.0684204,6.874276,12.580727,7.6645646
crag_7_patch.tiff,patch_8,0.31672132,8.253454,-3.2013693,0.6141943,6.53122,0.28986546
crag_7_patch.tiff,patch_9,2.7631211,6.860028,-0.19844389,2.979195,9.880244,6.160585
crag_7_patch.tiff,patch_10,11.828737,0.34630495,3.7472048,5.321093,19.918549,6.2745366
crag_7_patch.tiff,patch_11,2.0879943,4.996399,-6.0252657,1.024809,7.179048,5.045319
crag_7_patch.tiff,patch_12,9.164568,3.3426087,0.04337155,9.814494,16.157246,4.8894815
crag_7_patch.tiff,patch_13,6.936753,2.8129492,0.9237275,7.2307844,15.209913,7.3761086
crag_7_patch.tiff,patch_14,4.592466,7.400891,-3.4527771,5.1788216,11.865885,3.6617591
crag_7_patch.tiff,patch_15,5.2006392,5.2302437,-4.330271,4.146973,10.626506,1.7297155
crag_7_patch.tiff,patch_16,8.211744,3.968687,-2.118564,6.65365,10.983007,3.2773175
crag_7_patch.tiff,patch_17,7.481234,1.4512028,0.26627952,6.624412,15.700691,7.2529745
crag_7_patch.tiff,patch_18,5.8666887,4.629951,-3.4277365,7.3773975,12.022879,7.858246
crag_7_patch.tiff,patch_19,8.7288475,5.529951,-1.8900346,8.387665,12.348735,8.913146
crag_7_patch.tiff,patch_20,6.376492,7.7239914,-1.2202413,6.24275,11.631186,3.9398386
crag_7_patch.tiff,patch_21,6.756988,7.127979,-1.6575251,5.1609297,12.55954,6.3928204
crag_7_patch.tiff,patch_22,9.583858,1.5144478,2.488544,8.110758,13.958134,4.6265187
crag_7_patch.tiff,patch_23,6.1331496,3.174446,-3.6636806,6.4221406,10.438386,7.274042
crag_7_patch.tiff,patch_24,8.086667,6.4826,-0.99454135,5.8505545,16.541431,4.35578
crag_7_patch.tiff,patch_25,7.4363413,7.602147,-5.3246746,5.2960377,11.902344,6.619474
crag_7_patch.tiff,patch_26,8.288231,5.5836177,1.0442978,8.026375,14.758879,6.347516
crag_7_patch.tiff,patch_27,8.4156685,6.394009,-1.6239578,3.420672,14.863294,6.5926523
crag_7_patch.tiff,patch_28,6.742789,6.55701,0.28092107,3.2824047,10.21753,2.6385202
crag_7_patch.tiff,patch_29,6.1520452,6.259192,-0.86761534,4.939441,11.470138,5.0132885
crag_7_patch.tiff,patch_30,8.901872,10.101499,-4.5303993,3.9696426,10.37092,5.896
crag_7_patch.tiff,patch_31,7.058254,8.180398,-1.775993,5.792798,11.009365,4.7938466
crag_7_patch.tiff,patch_32,7.689237,6.322561,2.4147537,12.616375,16.951159,4.4751363
crag_7_patch.tiff,patch_33,8.655137,6.592104,-1.8676846,3.0058477,13.004509,3.6798942
crag_7_patch.tiff,patch_34,6.3987236,5.090106,-0.06960598,9.860325,13.73554,5.786139
crag_7_patch.tiff,patch_35,3.4092696,2.3785648,-0.15405686,8.473609,12.5710535,0.9944674
crag_9_patch.tiff,patch_0,4.949758,1.875376,4.9235983,6.754119,2.6077833,1.2701668
crag_9_patch.tiff,patch_1,7.543219,1.1356666,4.8793125,8.07713,7.365921,-2.0036964
crag_9_patch.tiff,patch_2,-1.3003974,-1.2905078,-0.3644488,6.224638,-1.9663842,1.0099665
crag_9_patch.tiff,patch_3,7.3680153,-0.3192697,1.414866,5.895008,6.13591,-1.690906
crag_9_patch.tiff,patch_4,3.8026862,4.6680813,0.12213445,6.8509016,5.8415036,1.8377243
crag_9_patch.tiff,patch_5,6.732601,-0.8289437,3.1384623,5.795514,5.4750366,-1.4604808
crag_9_patch.tiff,patch_6,7.932601,-0.12609212,1.7899432,8.703901,4.569415,1.0105009
crag_9_patch.tiff,patch_7,3.33488,1.6154847,1.4895829,5.5552006,-0.28076833,-1.8108097
crag_9_patch.tiff,patch_8,6.607532,-3.8803513,4.0934935,7.258884,4.3632417,-1.5347941
crag_9_patch.tiff,patch_9,2.2127776,0.041950397,0.6864465,6.359105,2.5582492,1.1313452
crag_9_patch.tiff,patch_10,7.7679253,-3.2063024,3.2304082,8.582691,4.1712403,0.8114852
crag_9_patch.tiff,patch_11,7.10578,-2.9045084,5.5264673,8.856844,6.892973,0.055878446
crag_9_patch.tiff,patch_12,5.2353773,2.3238955,0.7961878,9.356335,3.2813334,-0.42247358
crag_9_patch.tiff,patch_13,8.446226,-0.61597276,4.271789,7.4486575,7.6305776,-1.8524761
crag_9_patch.tiff,patch_14,-0.33666852,-0.5951421,-0.95590717,6.942789,1.2695824,-0.22638895
crag_9_patch.tiff,patch_15,1.0802895,-0.4898333,-4.662203,4.742878,1.1137177,2.3502321
crag_9_patch.tiff,patch_16,1.5468597,4.5872955,2.4100928,7.237713,3.1798978,1.2755119
crag_9_patch.tiff,patch_17,4.4807854,3.3300068,-0.029008774,6.908855,2.920775,-1.222222
crag_9_patch.tiff,patch_18,3.7814367,3.8707771,1.105333,8.493422,3.2742012,0.54072106
crag_9_patch.tiff,patch_19,6.4842997,0.77286947,1.3910551,6.8909993,6.8296666,-1.6648464
crag_9_patch.tiff,patch_20,7.986602,0.41038898,2.3218431,7.440952,7.849265,1.1523184
crag_9_patch.tiff,patch_21,1.5672357,-0.6726874,-0.32021526,8.268968,2.8000455,1.1865041
crag_9_patch.tiff,patch_22,5.3544097,0.15725526,5.8695726,8.643897,9.654728,1.2236185
crag_9_patch.tiff,patch_23,1.22494,2.253208,-4.3581705,6.067864,-1.5002937,2.6412086
crag_9_patch.tiff,patch_24,-0.21143769,5.5360627,0.11783336,6.0026646,1.5462809,6.2381063
crag_9_patch.tiff,patch_25,4.251381,1.605235,-2.9116335,6.631261,4.592911,1.3419293
crag_9_patch.tiff,patch_26,4.60983,-0.75391525,0.059170753,7.8978815,4.8998685,2.1822217
crag_9_patch.tiff,patch_27,2.4708312,1.8631839,-1.0673728,6.3338094,6.287593,2.5515144
crag_9_patch.tiff,patch_28,1.1012368,3.3766644,-1.9271141,5.492296,1.9563663,1.2205534
crag_9_patch.tiff,patch_29,0.92390394,5.627484,2.1872559,8.152254,3.4907157,-0.040021587
crag_9_patch.tiff,patch_30,5.16276,5.228561,-1.3508314,2.5335212,2.4677665,5.5399065
crag_9_patch.tiff,patch_31,5.821216,1.3048123,0.987238,8.871895,3.763774,0.2409231
crag_9_patch.tiff,patch_32,3.0318542,-0.59591496,-0.39704922,5.6275935,1.5808653,-0.18687584
crag_9_patch.tiff,patch_33,0.5116444,1.8588868,-2.322752,5.1868343,1.5434699,1.1638615
crag_9_patch.tiff,patch_34,3.9689834,2.4720662,-1.2195964,5.917942,2.6657486,0.27763543
crag_9_patch.tiff,patch_35,7.441031,0.26143005,4.4583282,8.235084,7.3127337,0.72451955
dpath_16_patch.tiff,patch_0,17.010391,6.770291,9.294921,11.254594,16.332714,8.883144
dpath_16_patch.tiff,patch_1,14.991615,7.894647,5.364369,9.8660145,12.074636,9.1071205
dpath_16_patch.tiff,patch_2,14.791462,3.1324625,10.514726,11.043793,13.719624,6.8379745
dpath_16_patch.tiff,patch_3,10.7093115,8.291593,4.4679203,8.073562,10.6295595,7.0502224
dpath_16_patch.tiff,patch_4,17.81406,3.992721,10.539243,8.401203,15.73394,6.047951
dpath_16_patch.tiff,patch_5,16.292883,3.4430115,10.47488,8.005248,15.771046,7.325366
dpath_16_patch.tiff,patch_6,14.390602,5.234337,6.9670067,9.812372,11.650007,6.268717
dpath_16_patch.tiff,patch_7,20.238344,5.3956566,9.169594,10.993896,18.944393,3.3492014
dpath_16_patch.tiff,patch_8,15.058894,6.732783,8.007464,8.090557,10.609863,3.6548836
dpath_16_patch.tiff,patch_9,14.961637,5.957743,4.470402,12.171564,12.974422,5.496559
dpath_16_patch.tiff,patch_10,8.34215,6.2698474,3.6261976,5.7348933,4.7092752,5.9837646
dpath_16_patch.tiff,patch_11,12.287855,3.0724008,7.181454,7.1201787,6.4182596,5.2254934
dpath_17_patch.tiff,patch_0,14.162964,10.540786,11.023494,11.208496,12.033396,5.2587667
dpath_17_patch.tiff,patch_1,11.193364,6.5150304,13.198697,12.607404,11.967936,6.0165997
dpath_17_patch.tiff,patch_2,6.6373754,9.396582,2.5044024,6.733661,7.5477448,3.2537985
dpath_17_patch.tiff,patch_3,12.193156,6.925502,8.652625,10.426903,11.295752,6.4740543
dpath_17_patch.tiff,patch_4,6.5582614,11.302817,5.6273274,8.3469305,2.4267325,4.8150134
dpath_17_patch.tiff,patch_5,6.4677997,11.875238,3.4568784,8.191272,3.9715726,4.4544
dpath_17_patch.tiff,patch_6,12.658429,15.291926,7.561148,8.641065,10.485598,3.8259203
dpath_17_patch.tiff,patch_7,9.532599,9.810288,6.799077,5.619222,7.3777223,3.441609
dpath_17_patch.tiff,patch_8,11.362881,10.44436,5.8638673,7.4452376,8.019268,5.4705896
dpath_17_patch.tiff,patch_9,12.254047,13.929896,5.22261,8.797818,7.47614,5.593912
dpath_17_patch.tiff,patch_10,7.6350226,13.0740385,3.8122718,8.903419,5.263855,6.3343797
dpath_17_patch.tiff,patch_11,12.832844,12.416572,9.20793,10.293957,12.638207,8.485741
dpath_17_patch.tiff,patch_12,13.180764,9.883373,7.0016937,6.968007,8.649911,8.393985
dpath_17_patch.tiff,patch_13,14.668064,10.120572,6.013578,8.117204,11.555396,9.867758
dpath_17_patch.tiff,patch_14,10.9275,13.161187,6.3558493,10.857237,10.073595,6.8555098
dpath_17_patch.tiff,patch_15,11.041917,8.4810095,6.9455957,10.092973,9.228844,3.9209733
dpath_17_patch.tiff,patch_16,14.868332,10.712311,10.504307,10.7857275,11.58244,8.242685
dpath_17_patch.tiff,patch_17,10.793055,9.216522,5.366125,10.322421,9.326158,6.5254345
dpath_17_patch.tiff,patch_18,9.000684,8.711965,6.0666676,7.917028,4.2835584,3.7180738
dpath_17_patch.tiff,patch_19,8.858392,10.658667,7.32518,9.1521015,4.7544613,6.5493693
dpath_18_patch.tiff,patch_0,14.311222,14.570808,8.159292,4.3865275,17.84067,11.276348
dpath_18_patch.tiff,patch_1,15.400355,9.00469,13.070242,5.205753,14.57945,5.325156
dpath_18_patch.tiff,patch_2,18.545145,9.849238,10.185554,8.050768,18.669651,11.041538
dpath_18_patch.tiff,patch_3,12.003799,11.71663,6.6129847,6.677244,12.560228,7.6639585
dpath_18_patch.tiff,patch_4,15.912262,11.55317,9.737858,7.1580777,17.401278,12.031864
dpath_18_patch.tiff,patch_5,19.837454,13.460004,12.63146,7.123995,23.360992,12.12084
dpath_18_patch.tiff,patch_6,4.929149,9.639209,4.305496,3.8384273,-1.188016,5.53282
dpath_18_patch.tiff,patch_7,2.9203286,5.1447086,2.575276,4.4239807,-3.739373,3.781185
dpath_18_patch.tiff,patch_8,14.291209,9.899659,7.4127274,7.606453,12.438717,5.662826
dpath_18_patch.tiff,patch_9,15.3644,14.475789,10.289453,8.631042,16.477312,9.813244
dpath_18_patch.tiff,patch_10,18.219667,8.659228,10.005833,11.3047495,19.894148,8.700496
dpath_18_patch.tiff,patch_11,10.431999,7.9583488,4.894487,4.3266945,6.7641754,3.2229295
dpath_18_patch.tiff,patch_12,8.85283,14.253862,6.1692643,7.0707116,9.43555,9.458761
dpath_18_patch.tiff,patch_13,13.390039,8.131566,8.407051,11.069481,11.417482,3.0006754
dpath_18_patch.tiff,patch_14,10.185006,10.732691,4.9744825,8.417344,8.924454,1.1225171
dpath_18_patch.tiff,patch_15,10.61088,12.905579,7.158634,8.312528,9.40202,-0.17945667
dpath_18_patch.tiff,patch_16,14.341662,11.552243,11.436688,8.853463,13.695697,7.708282
dpath_18_patch.tiff,patch_17,14.880727,8.284072,10.023463,8.681904,18.017895,10.257875
dpath_18_patch.tiff,patch_18,13.96178,12.548482,10.906596,10.314221,16.626493,10.707588
dpath_18_patch.tiff,patch_19,8.110999,14.05875,-0.7391546,7.9235015,7.944484,5.4431915
dpath_19_patch.tiff,patch_0,10.532342,7.876452,2.4665155,6.463573,8.976236,6.7879634
dpath_19_patch.tiff,patch_1,18.725988,7.1570644,11.320419,8.57446,17.933195,7.74696
dpath_19_patch.tiff,patch_2,13.895236,8.795981,5.469636,6.255829,13.382191,10.722663
dpath_19_patch.tiff,patch_3,13.216076,4.898354,3.996911,5.159409,13.145682,11.436437
dpath_19_patch.tiff,patch_4,11.156107,7.5465264,6.2115965,5.2042165,9.790115,11.12234
dpath_19_patch.tiff,patch_5,13.303925,11.102012,3.3879552,7.184414,12.187046,10.674359
dpath_19_patch.tiff,patch_6,10.677199,9.061541,3.747489,5.618985,8.092136,7.4108253
dpath_19_patch.tiff,patch_7,10.511517,7.564833,7.7311454,5.284029,11.998528,6.663304
dpath_19_patch.tiff,patch_8,8.684959,6.647447,1.4458617,5.1520867,9.438405,12.808806
dpath_19_patch.tiff,patch_9,13.88456,8.110835,5.656197,5.619852,12.568282,11.812905
dpath_19_patch.tiff,patch_10,10.826806,6.949717,1.7971071,6.644628,11.184258,13.172775
dpath_19_patch.tiff,patch_11,14.291703,8.096902,8.167074,5.416967,15.07966,8.5374
dpath_19_patch.tiff,patch_12,10.987162,7.7152357,1.5294716,4.941887,8.680708,7.529103
dpath_19_patch.tiff,patch_13,12.596758,6.4995146,8.128071,5.6763816,11.970445,9.215091
dpath_19_patch.tiff,patch_14,9.349681,7.633355,7.1094413,3.4034362,9.848269,10.71343
dpath_19_patch.tiff,patch_15,15.526535,8.696068,6.795507,8.024679,14.5255375,9.405202
dpath_19_patch.tiff,patch_16,10.262466,6.2153006,4.8103366,8.830637,9.357446,7.1236553
dpath_19_patch.tiff,patch_17,16.401026,7.3055067,3.233149,13.528309,16.558233,8.975205
dpath_19_patch.tiff,patch_18,15.351207,10.172442,4.013334,6.0611215,15.522742,10.971156
dpath_19_patch.tiff,patch_19,14.515755,8.651712,8.773401,6.6037846,15.566357,11.3236475
dpath_19_patch.tiff,patch_20,12.216646,8.562819,7.343585,6.116468,10.711766,7.3983364
dpath_19_patch.tiff,patch_21,11.688638,6.1787877,7.001451,5.233169,11.038694,9.318933
dpath_19_patch.tiff,patch_22,10.549132,6.154106,4.919494,7.0148387,10.955145,9.842743
dpath_19_patch.tiff,patch_23,12.511311,8.07475,5.3023906,5.989316,12.343429,11.003354
dpath_19_patch.tiff,patch_24,16.92977,8.660092,7.0752115,7.4012637,16.488379,10.354285
dpath_21_patch.tiff,patch_0,15.563927,10.531655,9.120209,8.627994,10.531741,3.8139257
dpath_21_patch.tiff,patch_1,15.516923,8.033768,9.470025,10.9314785,12.0531225,3.1792412
dpath_21_patch.tiff,patch_2,12.24725,6.730589,9.937514,8.431778,11.037841,1.0176351
dpath_21_patch.tiff,patch_3,13.607208,8.4382515,6.127649,9.0508585,12.10851,8.856284
dpath_21_patch.tiff,patch_4,16.844536,11.180081,13.611531,10.011121,14.509112,7.0631437
dpath_21_patch.tiff,patch_5,14.048466,9.063212,11.634662,9.143735,10.934343,3.5284007
dpath_21_patch.tiff,patch_6,15.361893,9.794764,11.409716,8.900663,12.0297575,5.400108
dpath_21_patch.tiff,patch_7,14.940665,11.274569,12.167798,8.662853,10.086524,2.390744
dpath_21_patch.tiff,patch_8,14.296649,10.192279,13.382415,9.159216,12.462224,0.27137268
dpath_21_patch.tiff,patch_9,15.640129,8.763685,10.480758,9.491804,11.915405,6.1528544
dpath_21_patch.tiff,patch_10,19.165918,10.851695,10.051514,10.502632,15.709106,8.410747
dpath_21_patch.tiff,patch_11,13.590776,8.620915,12.124947,8.22933,10.677932,2.3269763
dpath_24_patch.tiff,patch_0,17.54033,8.217569,4.876921,7.374084,15.277943,7.098906
dpath_24_patch.tiff,patch_1,11.1873255,11.314136,8.356832,5.918539,10.777873,6.524939
dpath_24_patch.tiff,patch_2,12.924261,10.040098,8.194603,10.02716,13.352583,8.689514
dpath_24_patch.tiff,patch_3,8.828863,9.323282,6.3427434,8.524045,7.4130087,4.075213
dpath_24_patch.tiff,patch_4,13.787575,13.911554,7.3366065,7.2855954,13.035953,4.2866316
dpath_24_patch.tiff,patch_5,9.416251,12.40256,4.808286,6.2938113,11.565812,7.750273
dpath_24_patch.tiff,patch_6,3.3780804,14.423261,0.74975103,6.396001,9.161814,7.3919554
dpath_24_patch.tiff,patch_7,11.085949,8.415046,8.008596,11.504767,11.463584,8.557587
dpath_24_patch.tiff,patch_8,7.8674636,11.428079,6.7579956,7.445016,7.9947557,1.9363853
dpath_24_patch.tiff,patch_9,7.8295536,10.160342,2.7905116,8.097875,8.862271,5.151634
dpath_24_patch.tiff,patch_10,8.9737835,9.600856,1.9676801,10.285199,10.4894495,6.7900677
dpath_24_patch.tiff,patch_11,2.70438,11.928118,1.6367549,3.845092,4.691703,5.1774325
dpath_24_patch.tiff,patch_12,7.4435472,10.907372,5.1842904,5.623713,7.777415,2.8326266
dpath_24_patch.tiff,patch_13,6.359963,8.414664,1.5443864,7.2332926,11.127586,4.6316876
dpath_24_patch.tiff,patch_14,14.48415,4.8303604,11.40536,11.768015,14.335273,5.4515715
dpath_24_patch.tiff,patch_15,9.146451,7.949606,4.536461,11.937278,8.644922,7.3342237
dpath_24_patch.tiff,patch_16,4.97759,12.685017,0.17416863,6.1857505,3.966033,4.8930235
dpath_24_patch.tiff,patch_17,12.572087,7.12257,5.428589,9.607345,13.076312,4.6277876
dpath_24_patch.tiff,patch_18,14.435896,2.606672,7.1193156,11.582521,13.049441,4.285794
dpath_24_patch.tiff,patch_19,10.283327,9.186037,7.1702356,10.690278,10.533641,7.7331195
dpath_24_patch.tiff,patch_20,14.204958,9.235909,7.525153,11.191711,15.21659,11.106948
dpath_24_patch.tiff,patch_21,14.017619,5.8882976,5.842283,8.808153,16.014868,4.295868
dpath_24_patch.tiff,patch_22,7.7775803,11.680566,6.37297,6.6342425,9.26038,4.397339
dpath_24_patch.tiff,patch_23,13.877145,7.190876,10.555235,11.2173395,14.921333,5.955666
dpath_24_patch.tiff,patch_24,16.133438,10.317913,9.910313,8.355386,16.364279,5.4263315
dpath_27_patch.tiff,patch_0,12.896838,6.577352,4.779928,6.1159887,7.8226166,-1.9419454
dpath_27_patch.tiff,patch_1,10.161277,3.9905834,4.98971,3.5416439,4.5014663,-0.6319462
dpath_27_patch.tiff,patch_2,10.802056,7.2685094,4.869611,5.2522097,5.612945,-1.2056967
dpath_27_patch.tiff,patch_3,12.153641,6.1470547,7.613318,6.2570033,8.000367,0.22255963
dpath_27_patch.tiff,patch_4,12.391062,6.1130266,5.8088765,5.7746835,7.329886,-4.1181107
dpath_27_patch.tiff,patch_5,12.115407,7.794332,0.27137446,3.6099412,5.0029993,-0.5861138
dpath_27_patch.tiff,patch_6,9.692448,3.1788585,3.5276945,8.385013,7.8951836,-2.6778677
dpath_27_patch.tiff,patch_7,8.8325615,4.5046225,-0.20151936,6.7094364,3.656981,1.788196
dpath_27_patch.tiff,patch_8,12.689606,5.5127096,3.8728876,6.037741,5.4817734,-0.083399944
dpath_27_patch.tiff,patch_9,16.358444,8.338158,6.4503913,7.9205685,11.786269,2.3169353
dpath_27_patch.tiff,patch_10,17.025038,6.3827615,3.7943854,13.516283,14.6379795,5.6986227
dpath_27_patch.tiff,patch_11,12.215162,6.833277,2.0054586,4.641545,6.1912284,0.36225826
dpath_27_patch.tiff,patch_12,12.809261,2.9765851,2.249284,5.332038,8.148194,-0.39019307
dpath_27_patch.tiff,patch_13,11.658222,9.23073,-2.4639325,4.6439567,8.71024,0.7996508
dpath_27_patch.tiff,patch_14,14.602218,9.482389,3.950809,7.1718755,12.867221,10.3864155
dpath_27_patch.tiff,patch_15,15.36935,10.802512,4.769833,11.020121,13.19545,9.866634
dpath_27_patch.tiff,patch_16,17.688581,8.767797,3.6865387,14.197942,10.798851,3.1838417
dpath_27_patch.tiff,patch_17,10.992013,9.096928,1.1568092,10.870783,4.9231176,2.5039532
dpath_27_patch.tiff,patch_18,12.387449,4.953901,1.1694837,8.696049,8.191563,-1.2616483
dpath_27_patch.tiff,patch_19,11.48249,5.929659,2.1129258,8.916455,4.8198023,3.2550166
dpath_27_patch.tiff,patch_20,7.4116044,5.0384083,1.9523091,4.76601,4.357478,0.30637175
dpath_27_patch.tiff,patch_21,15.604063,4.9260983,4.8735986,6.575614,11.161372,-0.7801585
dpath_27_patch.tiff,patch_22,10.49849,5.2891636,-0.34718165,6.093074,5.5567904,6.0223227
dpath_27_patch.tiff,patch_23,12.445513,12.869347,-3.2214684,9.102548,7.900403,6.678075
dpath_27_patch.tiff,patch_24,11.321784,6.829046,1.7945999,8.781119,8.669166,0.14353435
dpath_27_patch.tiff,patch_25,11.935246,6.3509455,-1.4598459,5.2029524,3.6137326,0.9950222
dpath_27_patch.tiff,patch_26,11.727916,5.8298726,0.7374008,9.830833,9.040994,-0.78494334
dpath_27_patch.tiff,patch_27,11.093453,3.6897526,2.456536,6.4987907,5.4425454,-0.47167203
dpath_27_patch.tiff,patch_28,12.515418,5.9920425,4.367063,8.190312,7.787257,-2.6796331
dpath_27_patch.tiff,patch_29,12.1187105,9.834258,1.9891572,7.785818,6.846731,2.1640794
dpath_27_patch.tiff,patch_30,12.22241,8.006361,2.5415401,7.5186176,8.144919,2.8518856
dpath_27_patch.tiff,patch_31,11.265551,6.1600375,4.5673733,6.2795277,7.110802,-3.3384671
dpath_27_patch.tiff,patch_32,12.050719,10.37549,1.9643077,6.32873,6.418598,0.11143017
dpath_27_patch.tiff,patch_33,13.331298,4.8492155,5.2192326,7.653678,9.01447,-2.0651948
dpath_27_patch.tiff,patch_34,12.215396,7.632136,1.6009902,3.1091928,8.22465,1.0995902
dpath_27_patch.tiff,patch_35,18.220411,10.843767,3.4657564,10.856162,11.271019,3.763567
dpath_27_patch.tiff,patch_36,12.754134,7.940987,7.4548025,3.685058,6.8107595,1.529049
dpath_27_patch.tiff,patch_37,11.352736,7.2618413,5.8204484,8.709032,9.962224,-2.7776482
dpath_27_patch.tiff,patch_38,10.338124,6.0809855,2.0229561,6.164156,4.270467,2.3034477
dpath_27_patch.tiff,patch_39,5.685724,4.318239,0.5341035,6.89448,1.4270531,2.61499
dpath_27_patch.tiff,patch_40,12.040318,3.3212752,2.400981,5.844242,7.5830293,-2.8221016
dpath_27_patch.tiff,patch_41,11.652774,9.530053,12.580664,8.227691,9.884722,1.4852254
dpath_27_patch.tiff,patch_42,13.728724,9.439385,2.8477206,4.046342,5.7334495,-3.5105515
dpath_27_patch.tiff,patch_43,6.9421034,4.5942025,0.26575956,6.3098564,3.0663388,1.0879595
dpath_27_patch.tiff,patch_44,13.7134495,13.082863,1.2880851,7.0979548,7.6927543,-1.5548934
dpath_27_patch.tiff,patch_45,4.961449,6.7688904,2.0880134,2.2532084,3.7976933,7.27664
dpath_27_patch.tiff,patch_46,2.0733724,3.4003108,1.3388202,6.603194,-0.21086971,-0.29122368
dpath_27_patch.tiff,patch_47,11.5203705,3.6936576,3.428343,3.771748,5.219084,-3.0813448
dpath_27_patch.tiff,patch_48,13.676118,13.465728,7.1426964,9.124115,12.53542,9.409959
dpath_27_patch.tiff,patch_49,11.679715,6.54579,5.554305,6.880275,7.0966954,2.5452883
dpath_27_patch.tiff,patch_50,10.496886,6.051859,0.0728679,8.624393,8.09164,-1.5109509
dpath_27_patch.tiff,patch_51,10.432998,8.85076,2.7764025,9.183731,5.611516,-1.5269495
dpath_27_patch.tiff,patch_52,8.420505,2.8666093,3.66173,1.1316568,8.078579,5.070109
dpath_27_patch.tiff,patch_53,8.280655,5.1599574,1.9688936,7.825933,3.75021,2.0591104
dpath_27_patch.tiff,patch_54,7.9442577,7.113793,4.2054563,8.039765,6.2246985,1.4801762
dpath_27_patch.tiff,patch_55,10.730858,11.493328,8.224947,9.772103,11.032996,3.1792684
dpath_30_patch.tiff,patch_0,15.453011,9.442519,6.7336507,5.2457895,14.0259,6.273911
dpath_30_patch.tiff,patch_1,10.6960125,7.619765,8.724124,2.4331007,11.515558,3.033685
dpath_30_patch.tiff,patch_2,16.241455,7.7770925,9.848754,3.494083,17.210403,6.998773
dpath_30_patch.tiff,patch_3,16.095304,5.4011526,12.273014,5.121993,17.857018,7.839604
dpath_30_patch.tiff,patch_4,15.334386,8.814773,6.9794774,4.447777,14.655616,6.205851
dpath_30_patch.tiff,patch_5,13.050262,9.3165865,9.288284,6.4879093,14.2064705,4.5539017
dpath_30_patch.tiff,patch_6,15.355535,8.047447,8.029762,4.7121887,16.875647,9.808453
dpath_30_patch.tiff,patch_7,12.203736,9.553522,8.993622,4.0281425,12.815899,5.2340236
dpath_30_patch.tiff,patch_8,12.729388,6.490583,6.929294,2.2342901,13.160746,5.5829916
dpath_30_patch.tiff,patch_9,14.908294,8.610068,6.838551,2.9371853,15.9829855,6.6603065
dpath_30_patch.tiff,patch_10,14.750637,8.710038,8.558619,6.3682613,17.694073,8.449055
dpath_30_patch.tiff,patch_11,11.6460905,7.399051,7.04171,3.8529525,12.561593,4.9587564
dpath_30_patch.tiff,patch_12,12.02369,6.0737267,9.775946,3.776405,12.539735,5.284074
dpath_30_patch.tiff,patch_13,12.664219,6.7073836,9.326173,2.8049943,14.63769,6.20261
dpath_30_patch.tiff,patch_14,15.567114,6.719014,10.0359955,3.3488033,17.91124,8.766795
dpath_30_patch.tiff,patch_15,20.160822,14.410685,12.455307,4.4495463,24.733242,2.8561323
dpath_32_patch.tiff,patch_0,6.0571675,5.824636,2.6501217,-1.2721726,1.3211464,5.9782147
dpath_32_patch.tiff,patch_1,6.955129,4.1504493,8.154467,3.9481413,3.7542062,1.2191437
dpath_32_patch.tiff,patch_2,9.052859,5.909769,8.252563,2.4449892,5.352079,8.5728445
dpath_32_patch.tiff,patch_3,5.3775897,2.3529649,4.254295,1.4773985,1.1004727,3.3893964
dpath_32_patch.tiff,patch_4,2.214646,1.5216057,5.9504704,2.6653833,-1.1697577,2.1905408
dpath_32_patch.tiff,patch_5,5.253736,5.330853,8.093741,3.3604648,3.808271,6.6149535
dpath_32_patch.tiff,patch_6,7.1741853,4.6329923,6.404122,4.0549054,2.8795462,6.767988
dpath_32_patch.tiff,patch_7,7.679908,2.2557535,8.167664,4.438405,3.0401587,0.35742432
dpath_32_patch.tiff,patch_8,5.238413,1.7815477,7.3423405,4.482468,3.8273947,-0.1978119
dpath_32_patch.tiff,patch_9,9.590263,3.1894634,7.8986783,6.504487,2.5038784,0.54348916
dpath_32_patch.tiff,patch_10,7.3455925,5.8399954,7.1213055,5.2943397,5.2607274,0.9176972
dpath_32_patch.tiff,patch_11,9.122133,7.5255194,10.8096,2.5641131,5.750495,6.8600345
dpath_34_patch.tiff,patch_0,10.463552,11.197691,3.6899955,3.8544567,12.009149,4.793238
dpath_34_patch.tiff,patch_1,12.528984,12.300008,5.57692,7.7077174,14.416097,8.262339
dpath_34_patch.tiff,patch_2,15.381194,12.181434,4.135309,7.3517966,14.776426,9.732307
dpath_34_patch.tiff,patch_3,14.506236,11.094123,7.402098,6.6088,16.752352,9.499348
dpath_34_patch.tiff,patch_4,14.527521,11.810421,4.702163,5.224733,16.02528,10.373173
dpath_34_patch.tiff,patch_5,14.529885,9.760617,8.183572,9.568092,15.971696,8.588841
dpath_34_patch.tiff,patch_6,11.0602665,6.90079,2.3774734,7.0623436,10.867082,9.913323
dpath_34_patch.tiff,patch_7,9.648769,11.882835,2.895745,5.3940935,9.254512,7.0783014
dpath_34_patch.tiff,patch_8,13.013398,15.452253,2.073872,8.2313385,16.133598,6.6661177
dpath_34_patch.tiff,patch_9,15.048673,8.676956,4.894445,8.544917,14.275355,10.653314
dpath_34_patch.tiff,patch_10,13.411109,10.435432,4.419618,5.7165484,14.138759,9.041366
dpath_34_patch.tiff,patch_11,12.280242,15.772246,6.038667,2.613704,13.343598,10.286422
dpath_40_patch.tiff,patch_0,13.316471,9.198646,11.236098,9.281222,8.664073,5.590661
dpath_40_patch.tiff,patch_1,12.0110855,9.507433,8.014682,8.218857,11.366366,5.9129267
dpath_40_patch.tiff,patch_2,14.845926,13.513193,9.319283,8.8160515,12.329842,5.813095
dpath_40_patch.tiff,patch_3,12.297954,6.7563677,9.615005,3.3142629,10.915649,0.9299224
dpath_40_patch.tiff,patch_4,15.517993,5.5888395,10.348596,10.176536,16.248133,4.7796583
dpath_40_patch.tiff,patch_5,11.872822,7.5290675,7.656173,5.960108,11.909248,6.177046
dpath_40_patch.tiff,patch_6,11.749151,10.125247,9.651657,6.8321114,12.299006,4.2523403
dpath_40_patch.tiff,patch_7,10.515756,4.499164,10.120642,5.5137453,10.660947,-2.1298375
dpath_40_patch.tiff,patch_8,5.3052845,6.6599946,8.102625,4.13109,6.252743,0.3114314
dpath_40_patch.tiff,patch_9,11.730894,9.63271,7.502848,10.037363,10.487816,6.128122
dpath_40_patch.tiff,patch_10,9.681328,4.980093,9.027665,4.7272162,8.413516,-0.37367505
dpath_40_patch.tiff,patch_11,8.6008005,9.848932,8.386875,5.201759,9.423469,3.4634602
dpath_40_patch.tiff,patch_12,12.84021,7.5155907,3.9837654,9.898738,9.177219,5.40659
dpath_40_patch.tiff,patch_13,14.641416,9.385954,7.5972233,10.186745,12.058342,4.600685
dpath_40_patch.tiff,patch_14,12.358522,9.047193,10.559497,8.7364435,13.120577,4.728461
dpath_40_patch.tiff,patch_15,13.232489,11.866534,8.444214,8.578226,14.135779,8.545899
dpath_40_patch.tiff,patch_16,13.992598,7.817951,2.6501162,9.286863,9.268082,8.66546
dpath_40_patch.tiff,patch_17,14.417991,12.151589,10.355769,9.1542015,13.203912,7.5866456
dpath_40_patch.tiff,patch_18,12.036244,9.574227,7.1777277,6.739567,10.272692,5.4169683
dpath_40_patch.tiff,patch_19,13.541308,12.064302,10.079744,9.826773,12.609199,7.734084
dpath_42_patch.tiff,patch_0,14.2001095,7.13995,4.811642,10.580584,11.419376,3.5422199
dpath_42_patch.tiff,patch_1,16.828466,5.630618,2.0018075,10.264578,13.605151,2.0415974
dpath_42_patch.tiff,patch_2,14.00487,4.1431093,4.295803,8.903998,9.858777,0.7716518
dpath_42_patch.tiff,patch_3,12.9029665,4.724288,2.1683447,9.0543995,7.2133775,5.5038195
dpath_42_patch.tiff,patch_4,15.832639,9.681398,11.033381,7.686411,15.29527,6.151421
dpath_42_patch.tiff,patch_5,6.4965353,11.262255,1.1588457,5.5792994,8.753862,2.8107586
dpath_42_patch.tiff,patch_6,12.172128,9.467797,3.127983,5.532374,11.346031,12.732512
dpath_42_patch.tiff,patch_7,14.996806,9.223621,3.8571842,9.410427,10.423264,0.33576304
dpath_42_patch.tiff,patch_8,15.594972,5.7934947,-0.34344652,7.7939878,12.509871,4.27103
dpath_42_patch.tiff,patch_9,14.42489,8.296088,0.78078896,8.6457615,12.162171,4.4287467
dpath_42_patch.tiff,patch_10,17.727947,7.4618177,5.3557725,11.448269,15.617457,8.180583
dpath_42_patch.tiff,patch_11,12.61313,5.205987,2.9259696,8.684968,8.511242,1.356141
dpath_42_patch.tiff,patch_12,11.428431,7.041128,2.3023326,8.653591,11.071494,12.894374
dpath_42_patch.tiff,patch_13,12.991499,8.099181,3.0591369,7.669909,4.3614902,5.948513
dpath_42_patch.tiff,patch_14,8.711461,7.1030784,-0.91375303,3.9336982,7.9023376,-0.03666262
dpath_42_patch.tiff,patch_15,17.96015,9.7548685,1.3461019,5.1198936,17.491589,12.840736
dpath_42_patch.tiff,patch_16,13.487842,7.554608,3.1416194,6.406188,8.263031,4.666941
dpath_42_patch.tiff,patch_17,14.516384,3.2432725,5.7968163,10.519122,13.682518,4.692092
dpath_42_patch.tiff,patch_18,13.596108,7.851759,-0.9666546,10.998139,11.423225,8.21747
dpath_42_patch.tiff,patch_19,18.0281,9.342025,9.081249,7.6428194,17.902958,8.075619
dpath_42_patch.tiff,patch_20,8.031823,5.7323194,-3.8197708,3.3745522,3.5999305,4.266468
dpath_42_patch.tiff,patch_21,7.250228,9.678322,-3.351153,7.789029,8.715916,-4.5758934
dpath_42_patch.tiff,patch_22,12.784575,6.813017,6.843169,6.787175,8.651294,3.7732587
dpath_42_patch.tiff,patch_23,12.021966,6.9141006,-1.5462408,3.80605,9.058933,5.268148
dpath_42_patch.tiff,patch_24,13.230106,8.249056,1.4819564,15.119791,12.534703,8.440482
dpath_42_patch.tiff,patch_25,13.715582,9.441655,6.1082797,8.996594,11.748254,9.154046
dpath_42_patch.tiff,patch_26,14.093493,6.8482,3.0810356,6.5772624,7.8650537,4.1449785
dpath_42_patch.tiff,patch_27,11.75178,13.280794,0.38448685,7.731556,12.254854,0.6607418
dpath_42_patch.tiff,patch_28,13.069289,10.598515,0.1380545,11.1438265,17.380962,2.6426508
dpath_42_patch.tiff,patch_29,10.870541,6.5635147,2.7316744,4.6167874,4.87555,2.6653395
dpath_42_patch.tiff,patch_30,17.836416,8.592773,3.3834772,11.413399,18.176762,9.448646
dpath_42_patch.tiff,patch_31,19.645426,13.452147,4.3511434,12.787572,15.222516,7.110247
dpath_42_patch.tiff,patch_32,14.347057,7.63055,5.7010903,4.3248277,11.498266,1.8451048
dpath_42_patch.tiff,patch_33,9.700252,9.794614,-1.7699729,3.7409053,4.619178,6.1651936
dpath_42_patch.tiff,patch_34,9.33532,14.735433,0.75945723,10.534383,14.236061,2.6585886
dpath_46_patch.tiff,patch_0,9.256556,11.101431,3.0172575,9.734386,10.228957,7.8152895
dpath_46_patch.tiff,patch_1,13.4932785,9.574855,-0.078691155,2.8913822,9.308192,2.1746976
dpath_46_patch.tiff,patch_2,14.724581,13.582567,2.3916054,5.44204,11.611699,4.0971065
dpath_46_patch.tiff,patch_3,16.65257,7.23779,3.7628894,11.582607,15.518225,7.1762886
dpath_46_patch.tiff,patch_4,17.336485,8.976647,2.4891205,12.6404295,13.484664,9.486184
dpath_46_patch.tiff,patch_5,10.229838,1.513785,-2.0637078,2.9226408,2.3981454,9.282949
dpath_46_patch.tiff,patch_6,15.990505,7.8659506,2.01361,13.063249,14.134629,6.911624
dpath_46_patch.tiff,patch_7,12.448909,4.4031405,8.417168,22.335217,11.953631,2.8850937
dpath_46_patch.tiff,patch_8,10.973889,8.878849,4.6143627,2.032037,7.9437337,1.7712712
dpath_46_patch.tiff,patch_9,11.065171,6.232885,1.8220284,6.0816083,4.568468,2.8046093
dpath_46_patch.tiff,patch_10,17.752935,6.87717,6.729177,11.733698,14.020727,8.64996
dpath_46_patch.tiff,patch_11,12.888339,6.120198,-3.9252522,14.357552,10.50944,10.961719
dpath_46_patch.tiff,patch_12,12.414815,3.650039,1.7040455,8.871389,10.985968,0.8412266
dpath_46_patch.tiff,patch_13,10.4735775,0.94509125,-2.6322289,6.3175163,7.0238876,7.39256
dpath_46_patch.tiff,patch_14,11.574466,5.4427032,1.3160197,19.818304,9.421387,7.1524343
dpath_46_patch.tiff,patch_15,10.132583,8.269487,-3.701948,16.13768,8.584071,8.4652195
dpath_46_patch.tiff,patch_16,18.446615,9.290116,1.401213,12.967863,19.207323,5.826321
dpath_46_patch.tiff,patch_17,18.30645,8.701021,5.8318653,7.866981,16.894495,6.367403
dpath_46_patch.tiff,patch_18,15.16588,8.972907,2.3866708,11.326167,13.740791,9.560014
dpath_46_patch.tiff,patch_19,14.308616,6.162556,0.047677834,9.976596,13.355814,7.0530305
dpath_46_patch.tiff,patch_20,14.659891,3.431665,2.8434393,10.344298,15.041094,6.014984
dpath_46_patch.tiff,patch_21,15.47196,9.255736,1.4416131,12.30294,14.037916,7.8470526
dpath_46_patch.tiff,patch_22,14.009658,5.8231297,11.16851,16.073914,12.6165695,1.399708
dpath_46_patch.tiff,patch_23,12.444908,7.592792,9.897259,9.844638,13.257046,5.659103
dpath_46_patch.tiff,patch_24,19.632078,9.060512,5.5875416,10.968767,20.051538,9.164359
dpath_46_patch.tiff,patch_25,13.232556,5.210475,-2.1340365,8.385211,11.901055,12.128063
dpath_46_patch.tiff,patch_26,14.57637,6.109348,-0.112724796,11.881754,15.204327,8.512703
dpath_46_patch.tiff,patch_27,12.281228,4.5620785,3.3193562,8.23548,12.902786,3.4669914
dpath_46_patch.tiff,patch_28,15.073833,6.4876356,3.6441214,10.397416,14.738364,3.6335385
dpath_46_patch.tiff,patch_29,12.3021555,6.5534105,-2.5975304,13.183271,11.070382,8.739137
dpath_46_patch.tiff,patch_30,15.644452,11.63338,2.046152,7.61631,15.166292,5.9364867
dpath_46_patch.tiff,patch_31,18.742464,11.363468,7.836721,9.904873,20.68592,7.527663
dpath_46_patch.tiff,patch_32,16.442638,8.38537,-2.0059137,9.288117,14.917983,13.421551
dpath_46_patch.tiff,patch_33,11.381231,2.8826144,-1.4482114,7.897795,10.099478,9.600799
dpath_46_patch.tiff,patch_34,17.036356,6.962855,2.220094,9.838012,17.299665,7.0564218
dpath_46_patch.tiff,patch_35,14.726482,3.0933924,11.173253,9.813114,11.854656,1.5708057
dpath_46_patch.tiff,patch_36,15.410834,5.5071535,3.4656572,11.294423,12.678777,6.274284
dpath_46_patch.tiff,patch_37,9.728147,8.861617,0.74033225,4.944061,6.196343,6.5071282
dpath_46_patch.tiff,patch_38,10.526486,14.453977,-1.7882104,-1.3995147,10.300467,2.8319175
dpath_46_patch.tiff,patch_39,15.07426,9.6777115,1.1724937,7.665186,12.275944,7.711093
dpath_46_patch.tiff,patch_40,16.783033,6.1648383,0.26685223,12.685652,14.293782,12.297201
dpath_46_patch.tiff,patch_41,17.182032,7.234619,0.52472734,13.7566595,15.813525,9.573206
dpath_46_patch.tiff,patch_42,16.128258,5.871773,9.147588,13.0864525,15.129944,1.4226731
dpath_46_patch.tiff,patch_43,13.093218,2.3977873,5.655406,8.343082,7.373597,3.0993552
dpath_46_patch.tiff,patch_44,11.034404,13.342668,1.056089,2.6211548,8.734123,2.2291899
dpath_46_patch.tiff,patch_45,12.988744,4.533091,5.803826,6.2353883,11.569661,-0.89367366
dpath_46_patch.tiff,patch_46,15.768278,7.4339323,5.77778,5.088593,13.38818,1.6697389
dpath_46_patch.tiff,patch_47,17.397049,10.21071,4.4938655,7.2115774,14.838265,5.218009
dpath_46_patch.tiff,patch_48,14.891254,2.7856128,-0.6085513,7.311004,13.155523,5.502392
dpath_46_patch.tiff,patch_49,14.622371,4.71803,1.4975239,11.174391,14.115828,4.009373
dpath_46_patch.tiff,patch_50,14.015495,3.9006498,3.595335,8.163792,10.112109,4.1129436
dpath_46_patch.tiff,patch_51,14.717842,10.687824,3.6936378,6.0722685,11.02258,3.4593766
dpath_46_patch.tiff,patch_52,8.77635,9.058495,-0.39684114,3.0483294,6.7926593,3.0115743
dpath_46_patch.tiff,patch_53,13.729705,9.71905,1.059242,3.9105299,10.663111,2.985319
dpath_46_patch.tiff,patch_54,15.158067,9.063274,4.1610827,4.650174,14.308228,3.403968
dpath_46_patch.tiff,patch_55,15.044394,8.281774,5.6216893,9.468162,10.100225,2.7781582
dpath_46_patch.tiff,patch_56,14.479801,4.499648,0.34152666,11.359642,12.7024,7.3651857
dpath_46_patch.tiff,patch_57,16.779034,4.2364736,1.7493901,9.772704,17.153795,4.620967
dpath_46_patch.tiff,patch_58,12.194588,6.8388805,-1.2622188,3.0783722,9.006101,3.1070821
dpath_46_patch.tiff,patch_59,12.433659,10.0176525,1.949769,8.624213,12.55468,7.974548
dpath_46_patch.tiff,patch_60,12.369516,9.736166,2.81335,3.2437875,9.147078,2.8395617
dpath_46_patch.tiff,patch_61,18.486805,7.686005,7.1989527,10.65152,15.289332,4.447297
dpath_46_patch.tiff,patch_62,18.351913,10.818754,6.505991,9.887717,17.378716,8.953824
dpath_46_patch.tiff,patch_63,14.654499,5.26977,5.8253965,20.1227,14.951863,4.000341
dpath_46_patch.tiff,patch_64,17.36062,7.278844,5.456167,11.790974,18.679115,10.108634
dpath_46_patch.tiff,patch_65,12.864856,6.9705353,3.9365783,6.785616,10.894669,2.341538
dpath_46_patch.tiff,patch_66,12.984934,6.8339744,3.455742,5.946391,9.648105,4.076122
dpath_46_patch.tiff,patch_67,15.842231,4.303977,2.2570348,10.019265,15.923999,2.7836785
dpath_46_patch.tiff,patch_68,15.31428,4.775402,5.7703695,13.588107,12.104047,2.8376243
dpath_46_patch.tiff,patch_69,14.20798,7.8238306,0.34548822,14.852013,12.230043,8.4382
dpath_46_patch.tiff,patch_70,17.918602,9.335898,3.2796125,16.542894,15.956428,6.9059815
dpath_46_patch.tiff,patch_71,14.868542,6.5537224,11.343934,14.836946,13.058159,2.3049376
dpath_49_patch.tiff,patch_0,18.726028,11.891679,14.396257,8.879657,20.027426,0.061455533
dpath_49_patch.tiff,patch_1,16.948261,13.735317,7.5197344,7.2440753,17.30683,10.750914
dpath_49_patch.tiff,patch_2,10.839922,16.919672,7.361821,4.780058,15.099619,6.949001
dpath_49_patch.tiff,patch_3,18.342764,11.805819,10.041085,3.04271,16.554323,15.466489
dpath_49_patch.tiff,patch_4,9.269496,17.45323,4.093516,1.797735,14.628465,7.635948
dpath_49_patch.tiff,patch_5,14.747664,13.221887,6.8234677,9.188523,15.627641,10.863419
dpath_49_patch.tiff,patch_6,14.723147,15.058607,4.7594457,7.0107613,19.311977,11.430984
dpath_49_patch.tiff,patch_7,10.990524,15.027807,3.8212092,3.4072685,15.730316,8.4307995
dpath_49_patch.tiff,patch_8,16.5638,13.205698,9.879387,11.074532,20.196142,11.941282
dpath_49_patch.tiff,patch_9,12.909658,9.808472,2.6116116,6.567914,15.195404,11.480498
dpath_49_patch.tiff,patch_10,10.487671,13.090562,1.8375965,5.986004,11.422175,10.173949
dpath_49_patch.tiff,patch_11,6.672762,14.11397,3.572011,0.7655424,7.849585,7.5885935
dpath_4_patch.tiff,patch_0,12.021005,10.999793,6.641795,7.2223887,11.682851,4.984232
dpath_4_patch.tiff,patch_1,10.924951,9.264498,9.001669,3.1547728,12.353875,6.811827
dpath_4_patch.tiff,patch_2,16.418951,13.038556,7.178158,7.2707214,17.26909,9.194456
dpath_4_patch.tiff,patch_3,15.470954,12.5855055,4.76433,6.97274,19.337719,9.908482
dpath_4_patch.tiff,patch_4,10.918524,16.788021,-1.6312548,0.358955,13.94089,6.3256683
dpath_4_patch.tiff,patch_5,17.428154,11.583402,9.370311,8.884198,19.365084,8.8845415
dpath_4_patch.tiff,patch_6,9.303726,10.9863825,6.8112855,3.2630076,11.224533,5.9731765
dpath_4_patch.tiff,patch_7,13.503775,8.732099,12.00888,6.8063507,19.6352,9.290856
dpath_4_patch.tiff,patch_8,13.722285,8.548518,9.10376,8.065784,17.988367,7.9331784
dpath_4_patch.tiff,patch_9,12.010695,8.036805,6.3408327,8.884697,13.938748,4.8070536
dpath_4_patch.tiff,patch_10,11.823428,4.7582917,11.669472,4.8959084,16.469147,4.025644
dpath_4_patch.tiff,patch_11,12.884584,11.416357,12.361389,3.202593,17.1225,4.230851
dpath_4_patch.tiff,patch_12,14.037238,11.503731,9.259128,7.7306166,16.234453,6.3303685
dpath_4_patch.tiff,patch_13,18.898973,10.14004,13.427763,7.0422754,24.378796,7.5379343
dpath_4_patch.tiff,patch_14,10.884,9.482715,5.696244,4.6940265,12.04329,7.267654
dpath_4_patch.tiff,patch_15,4.9822583,11.64887,6.9895854,3.4603775,7.933867,4.3356013
dpath_4_patch.tiff,patch_16,15.15361,9.599476,9.258674,3.775323,16.280745,10.522651
dpath_4_patch.tiff,patch_17,7.013975,9.876342,6.1918216,3.646463,9.255503,5.2779408
dpath_4_patch.tiff,patch_18,11.604286,10.827713,7.55228,4.2491813,15.419577,10.876128
dpath_4_patch.tiff,patch_19,9.856071,11.816258,5.098786,5.749059,11.561632,9.514885
dpath_4_patch.tiff,patch_20,8.712774,12.457454,1.9974731,6.2803264,8.209285,7.4020286
dpath_4_patch.tiff,patch_21,6.551578,13.000031,1.1474609,7.310511,9.163232,5.99084
dpath_4_patch.tiff,patch_22,11.000027,11.968143,7.70491,7.4021435,12.78755,3.7187996
dpath_4_patch.tiff,patch_23,12.378923,10.88757,7.3002324,5.7590976,14.429504,5.447074
dpath_4_patch.tiff,patch_24,13.304248,11.612931,9.282346,6.0274997,16.41528,7.039788
dpath_50_patch.tiff,patch_0,16.73739,13.561759,9.630042,6.604886,19.947979,6.293151
dpath_50_patch.tiff,patch_1,11.221125,8.245301,3.4955556,7.1715307,9.453089,6.8485904
dpath_50_patch.tiff,patch_2,13.592839,9.630311,9.919662,6.0177684,14.587759,6.938314
dpath_50_patch.tiff,patch_3,13.51496,12.224619,5.8523874,8.960869,13.840065,4.8495393
dpath_50_patch.tiff,patch_4,14.670696,14.663139,11.317102,7.205538,16.084522,7.618809
dpath_50_patch.tiff,patch_5,13.984914,9.388753,7.156731,11.61987,12.279097,6.0627155
dpath_50_patch.tiff,patch_6,13.582043,8.285477,10.485065,10.645206,15.518057,6.672595
dpath_50_patch.tiff,patch_7,12.401143,10.711122,8.232091,7.451164,9.68504,2.7051153
dpath_50_patch.tiff,patch_8,16.524355,10.9517145,9.521544,11.907126,16.2469,6.195053
dpath_50_patch.tiff,patch_9,14.860448,9.674523,10.556767,6.627135,11.914467,3.3012223
dpath_50_patch.tiff,patch_10,14.960952,9.910215,10.994551,14.639709,16.534748,7.4575543
dpath_50_patch.tiff,patch_11,14.753893,2.770443,12.196045,10.993489,15.546752,6.9774427
dpath_50_patch.tiff,patch_12,9.907236,10.992754,6.885871,7.7403326,9.4100275,9.662259
dpath_50_patch.tiff,patch_13,4.013776,11.551203,2.570887,8.696336,1.1947545,6.029762
dpath_50_patch.tiff,patch_14,2.3801174,12.268905,2.2654097,9.835759,1.5872077,3.2658453
dpath_50_patch.tiff,patch_15,8.27798,14.178268,10.052675,6.470606,11.960583,1.2788918
dpath_50_patch.tiff,patch_16,14.289883,8.699908,5.4034104,8.965427,9.972211,2.041582
dpath_50_patch.tiff,patch_17,5.478279,5.766345,3.6165664,9.750666,0.41623354,4.9270554
dpath_50_patch.tiff,patch_18,7.8427043,9.527083,7.976704,12.37113,12.068424,-1.8727275
dpath_50_patch.tiff,patch_19,9.4110775,12.130515,-0.7347012,8.9622965,11.65712,2.1256862
dpath_52_patch.tiff,patch_0,12.114891,8.2320795,2.7381701,5.3872023,13.473013,7.7969794
dpath_52_patch.tiff,patch_1,12.534069,9.864024,2.5395114,6.788992,12.996652,10.113493
dpath_52_patch.tiff,patch_2,16.590364,11.421494,7.6282735,7.917037,15.880561,8.042925
dpath_52_patch.tiff,patch_3,14.0396385,10.209216,4.760047,4.3658867,13.029029,8.746232
dpath_52_patch.tiff,patch_4,12.691511,12.223025,0.9600828,4.459903,13.276012,12.212719
dpath_52_patch.tiff,patch_5,14.064414,7.4441066,4.862532,8.7725935,16.09531,11.630104
dpath_52_patch.tiff,patch_6,15.817949,10.258843,6.339769,6.8075914,16.568306,7.7986217
dpath_52_patch.tiff,patch_7,12.649148,10.380085,4.382972,5.4021764,13.270242,10.37571
dpath_52_patch.tiff,patch_8,17.335539,9.638547,7.501697,6.6992407,17.957779,12.043671
dpath_59_patch.tiff,patch_0,14.902316,14.962245,5.9270725,3.596781,17.211197,16.854017
dpath_59_patch.tiff,patch_1,7.852367,11.002606,5.340725,3.298376,9.185703,2.3056405
dpath_59_patch.tiff,patch_2,9.958141,9.925166,2.2675786,0.87217784,10.47116,11.091737
dpath_59_patch.tiff,patch_3,11.673565,8.416667,4.8659797,1.4695138,8.038343,1.7908698
dpath_59_patch.tiff,patch_4,13.162098,11.556615,5.8665032,3.6273131,15.7789755,9.6855955
dpath_59_patch.tiff,patch_5,10.730378,6.2039866,5.5839686,2.6708336,12.4576845,2.3444853
dpath_59_patch.tiff,patch_6,0.19098684,14.48381,0.034316912,-4.71638,1.6243066,10.692404
dpath_59_patch.tiff,patch_7,15.394816,11.981614,6.689476,6.3428855,19.626223,10.026593
dpath_59_patch.tiff,patch_8,13.250929,9.893307,8.661877,0.98051184,13.786174,8.719456
dpath_59_patch.tiff,patch_9,10.610051,9.584375,9.817851,2.4127884,11.770101,3.8039377
dpath_59_patch.tiff,patch_10,13.701835,15.324827,2.6620047,1.0478947,12.84096,4.3509293
dpath_59_patch.tiff,patch_11,4.286395,9.637615,-2.9932566,2.2996037,3.3555195,9.021844
dpath_59_patch.tiff,patch_12,7.2736945,10.720162,-3.0263531,-0.8607718,5.461582,8.956115
dpath_59_patch.tiff,patch_13,7.2515254,12.826214,3.828305,2.8435156,8.260694,3.2659943
dpath_59_patch.tiff,patch_14,10.677577,13.99645,10.003969,-0.5720198,15.015657,9.329926
dpath_59_patch.tiff,patch_15,9.671947,13.449926,-0.022598235,1.6734575,13.647704,10.917936
dpath_69_patch.tiff,patch_0,11.063706,6.1043873,10.283449,6.7467804,16.745384,6.508173
dpath_69_patch.tiff,patch_1,14.531324,7.292338,11.172107,12.007752,18.595167,8.426423
dpath_69_patch.tiff,patch_2,12.226426,7.9554005,9.169135,7.9155626,16.062147,5.965231
dpath_69_patch.tiff,patch_3,13.064563,7.0093117,12.9783325,12.584407,17.249916,5.8532515
dpath_69_patch.tiff,patch_4,9.930774,8.2604685,8.489784,8.084982,14.826252,6.5401683
dpath_69_patch.tiff,patch_5,12.608626,6.283466,10.128691,7.203067,16.563353,8.378894
dpath_69_patch.tiff,patch_6,13.3717985,9.361926,9.006773,9.358099,15.5788355,9.020143
dpath_69_patch.tiff,patch_7,10.069239,6.6245575,9.185994,4.2209396,17.32907,7.0844398
dpath_69_patch.tiff,patch_8,13.251323,7.634486,11.111345,5.4738336,19.197351,9.968999
dpath_69_patch.tiff,patch_9,11.731094,8.834004,9.632557,6.8047915,16.73245,7.32722
dpath_69_patch.tiff,patch_10,16.596556,8.430923,11.06343,9.457272,18.784273,7.5538993
dpath_69_patch.tiff,patch_11,14.3923,8.068732,6.935017,10.390123,16.37272,7.9416227
dpath_69_patch.tiff,patch_12,12.550049,7.1728044,9.530753,8.518455,18.24457,8.404958
dpath_69_patch.tiff,patch_13,14.077668,8.612204,8.540347,7.0795155,22.46041,10.053176
dpath_69_patch.tiff,patch_14,13.574235,7.8875093,9.128004,7.0868764,19.414421,9.740385
dpath_69_patch.tiff,patch_15,10.935979,8.307621,6.395049,8.703034,16.19684,8.047292
dpath_69_patch.tiff,patch_16,14.348846,7.878923,8.511276,10.0646305,17.760996,6.0169363
dpath_69_patch.tiff,patch_17,16.758926,8.18948,9.73845,9.298755,18.807999,8.47124
dpath_69_patch.tiff,patch_18,13.253505,11.51613,8.332192,9.314782,18.101574,7.8523717
dpath_69_patch.tiff,patch_19,13.751176,8.715897,10.326255,7.2808867,17.893684,7.939401
dpath_69_patch.tiff,patch_20,15.80632,8.696075,10.145259,5.820308,21.887152,8.213804
dpath_69_patch.tiff,patch_21,15.152063,8.478637,11.103925,5.7880197,20.775307,8.415183
dpath_69_patch.tiff,patch_22,9.703455,8.77348,8.255722,5.691968,15.402876,4.826279
dpath_69_patch.tiff,patch_23,16.239164,9.161444,9.265171,11.192186,19.923458,8.571672
dpath_69_patch.tiff,patch_24,12.741752,7.357816,10.649495,7.0014825,18.738071,6.9778223
dpath_69_patch.tiff,patch_25,14.335106,10.426809,10.755728,6.7333326,19.212084,8.036596
dpath_69_patch.tiff,patch_26,14.630064,8.849238,12.830266,4.8597865,20.057053,8.118719
dpath_69_patch.tiff,patch_27,11.383578,9.10653,6.9169936,5.403085,16.775957,6.386949
dpath_69_patch.tiff,patch_28,17.519938,9.634791,13.734388,9.274417,21.33276,10.456532
dpath_69_patch.tiff,patch_29,12.653709,6.9567385,4.162128,7.1406484,15.446472,6.731199
dpath_69_patch.tiff,patch_30,13.866176,6.7932615,12.773217,9.7437,19.808846,10.581468
dpath_69_patch.tiff,patch_31,13.837836,8.052247,9.362667,6.813147,18.188543,9.862478
dpath_69_patch.tiff,patch_32,14.923659,8.204499,9.65156,8.368547,18.547798,5.030213
dpath_69_patch.tiff,patch_33,16.267181,8.381807,12.5180435,9.120692,21.698208,8.852135
dpath_69_patch.tiff,patch_34,16.79228,10.287177,12.755229,7.737683,20.860466,9.143165
dpath_69_patch.tiff,patch_35,12.412695,7.5804105,7.7071867,8.175322,18.08911,10.482637
dpath_69_patch.tiff,patch_36,13.348778,9.640975,9.328218,8.202326,16.239836,6.070502
dpath_69_patch.tiff,patch_37,16.311783,7.8913727,11.418152,10.01266,19.768557,9.3878145
dpath_69_patch.tiff,patch_38,15.970295,11.190663,10.52493,9.24071,16.352802,6.544408
dpath_69_patch.tiff,patch_39,17.281397,9.91968,13.656013,10.223394,19.834404,7.8820934
dpath_69_patch.tiff,patch_40,18.456223,10.977357,12.115052,6.397555,20.344208,9.521584
dpath_69_patch.tiff,patch_41,11.39469,9.300187,6.727408,4.717255,10.936297,4.091251
dpath_7_patch.tiff,patch_0,4.4260864,3.1070511,4.012867,10.172243,-1.2166942,2.4578416
dpath_7_patch.tiff,patch_1,6.842638,1.2286851,7.025098,10.263491,5.7811384,-1.5173352
dpath_7_patch.tiff,patch_2,5.2330155,4.092894,3.0817652,7.934585,-2.4455721,0.5996477
dpath_7_patch.tiff,patch_3,7.285935,1.217606,6.278959,6.421012,-0.3576804,-1.963417
dpath_7_patch.tiff,patch_4,7.361342,3.6285734,3.6576905,8.383552,0.75659996,3.4828444
dpath_7_patch.tiff,patch_5,3.3683388,2.169593,2.7523818,7.312132,-2.9821937,-1.4002917
glas_11_patch.tiff,patch_0,14.410884,0.9449376,8.34695,7.92211,14.345353,-0.043207034
glas_11_patch.tiff,patch_1,13.496215,-0.9363565,7.8573146,8.326864,13.097238,-0.13624287
glas_11_patch.tiff,patch_2,15.314509,-1.9103687,6.7659564,8.422864,14.6082535,1.386396
glas_11_patch.tiff,patch_3,15.468047,-2.6195197,5.943233,8.800258,15.512811,0.07380227
glas_11_patch.tiff,patch_4,13.355485,1.9902587,5.7030525,8.775934,11.993041,2.4446409
glas_11_patch.tiff,patch_5,13.986742,1.5265001,5.8201027,10.416501,14.899288,-0.978472
glas_12_patch.tiff,patch_0,7.626139,-3.0995185,7.022631,9.535839,9.627016,-0.17329843
glas_12_patch.tiff,patch_1,11.230707,-4.8407655,6.791063,11.634119,12.067823,1.5715945
glas_12_patch.tiff,patch_2,6.777332,0.33535495,2.4441845,8.559534,2.920531,-1.4838403
glas_12_patch.tiff,patch_3,9.095263,-3.4045784,6.541823,7.510634,10.015414,-0.8125653
glas_12_patch.tiff,patch_4,4.4305305,0.27451572,1.1821184,9.227473,1.1168942,1.5635732
glas_12_patch.tiff,patch_5,10.336763,-1.9700058,5.877402,11.049976,11.644401,-0.36729982
glas_13_patch.tiff,patch_0,13.419605,-2.6871283,5.255365,4.042121,9.187352,-2.9893978
glas_13_patch.tiff,patch_1,16.143927,4.0120425,2.8958232,2.8764186,13.673813,-1.0302811
glas_13_patch.tiff,patch_2,17.452898,-0.20449202,5.641183,6.021687,14.591237,-4.658254
glas_13_patch.tiff,patch_3,15.873259,1.3942126,2.0355961,6.93947,10.829288,2.5869985
glas_13_patch.tiff,patch_4,17.40099,0.5839345,5.193219,7.217156,12.17782,3.6336684
glas_13_patch.tiff,patch_5,14.593638,-1.2000846,3.3199098,6.752645,10.845112,2.2568002
glas_14_patch.tiff,patch_0,14.842981,-0.75700265,5.4556274,8.781382,16.320217,-1.4541107
glas_14_patch.tiff,patch_1,16.954279,0.3199685,6.106787,12.137405,18.22973,1.4307989
glas_14_patch.tiff,patch_2,13.6936455,-1.4480338,4.586656,7.8504195,14.801748,-2.6249733
glas_14_patch.tiff,patch_3,15.64421,-0.45326683,6.1372156,10.226974,17.457987,0.06881608
glas_14_patch.tiff,patch_4,15.095282,1.7361417,6.28026,9.537459,15.076001,-1.3692404
glas_14_patch.tiff,patch_5,14.856259,3.8903682,3.5095317,7.1390142,14.349028,5.6521664
glas_17_patch.tiff,patch_0,15.221359,3.0839193,8.265061,11.084636,12.791775,2.3587377
glas_17_patch.tiff,patch_1,13.315442,7.491674,8.587642,7.8326135,11.775083,4.8890686
glas_17_patch.tiff,patch_2,12.520903,3.3526459,6.468068,9.026926,10.001955,2.9923942
glas_17_patch.tiff,patch_3,13.059591,6.112859,8.383301,8.354197,10.811119,4.088722
glas_17_patch.tiff,patch_4,14.83086,1.4801128,9.2844,10.70694,15.195048,3.1186664
glas_17_patch.tiff,patch_5,13.526514,2.9425423,6.708023,9.808642,13.549161,4.6121087
glas_1_patch.tiff,patch_0,15.611063,2.2677748,8.4804325,5.299924,9.359249,-0.45993224
glas_1_patch.tiff,patch_1,10.311366,-0.5221708,5.044127,3.6921844,6.37635,-2.4108775
glas_1_patch.tiff,patch_2,15.532928,0.058963962,5.9063435,7.585471,9.088932,1.697864
glas_1_patch.tiff,patch_3,14.216804,0.8231845,5.1729875,6.939803,10.87916,0.04003422
glas_1_patch.tiff,patch_4,15.577571,1.301058,3.7414134,5.678738,8.777335,1.8871877
glas_1_patch.tiff,patch_5,11.574605,0.30721146,2.269442,7.8128605,9.661144,0.41230494
glas_20_patch.tiff,patch_0,9.344338,4.6222596,2.442261,5.79976,8.421713,1.3121713
glas_20_patch.tiff,patch_1,13.860533,4.9268527,9.482841,8.579652,11.956134,3.5521405
glas_20_patch.tiff,patch_2,12.029964,4.471033,4.8193717,9.778374,12.205365,2.863696
glas_20_patch.tiff,patch_3,9.890272,1.9028647,3.5268023,10.216168,10.130602,2.9226737
glas_20_patch.tiff,patch_4,10.382576,3.4762497,3.9821904,8.27989,10.732771,3.3878584
glas_20_patch.tiff,patch_5,11.195132,0.59629303,4.5616293,8.720382,9.285011,3.213711
glas_22_patch.tiff,patch_0,13.25876,2.313788,8.483933,9.927283,14.260515,5.104693
glas_22_patch.tiff,patch_1,12.362753,2.7116356,8.4335985,9.17577,13.417553,2.863311
glas_22_patch.tiff,patch_2,11.015019,3.694337,5.2024593,10.196391,13.013653,4.4974732
glas_22_patch.tiff,patch_3,13.262908,4.8694735,5.8857923,9.79697,13.660178,4.376541
glas_22_patch.tiff,patch_4,13.754228,3.111935,3.81026,11.283676,13.20257,5.8584156
glas_22_patch.tiff,patch_5,12.593856,4.1786723,5.9896264,8.65999,12.028628,3.8709283
glas_23_patch.tiff,patch_0,10.938488,-0.51518744,2.2725775,7.4461513,5.6692147,-3.7003546
glas_23_patch.tiff,patch_1,9.052314,-0.34649917,-0.4427361,9.283501,3.9890585,-0.3064088
glas_23_patch.tiff,patch_2,5.4785624,2.974234,4.13712,-0.44309634,1.0716258,6.7060366
glas_23_patch.tiff,patch_3,3.8022542,1.7840619,2.2015193,-1.2690622,0.72383267,6.413288
glas_23_patch.tiff,patch_4,4.566563,3.2362623,0.37608105,-2.8063262,2.3949308,10.009108
glas_23_patch.tiff,patch_5,8.067774,0.29213458,0.55463254,3.1237528,2.754936,3.2443564
glas_27_patch.tiff,patch_0,4.001995,-2.7151227,3.8739796,5.7610903,6.683555,8.158492
glas_27_patch.tiff,patch_1,6.507985,3.9504151,-0.35118374,3.8458796,6.018608,5.0331054
glas_27_patch.tiff,patch_2,5.377757,-0.17707726,2.0388381,-0.26711544,1.2982744,7.513566
glas_27_patch.tiff,patch_3,6.46176,3.1644337,7.8801155,2.564598,5.904769,9.845056
glas_27_patch.tiff,patch_4,8.241834,0.22095643,1.1795484,7.336381,5.570081,-0.9920036
glas_27_patch.tiff,patch_5,10.335231,1.0941203,4.4199877,1.8423771,4.473055,5.9199862
glas_29_patch.tiff,patch_0,12.34907,5.2535906,4.0596848,10.314535,14.864194,-0.15616237
glas_29_patch.tiff,patch_1,12.1966305,1.173819,4.657134,7.5815473,15.395297,-1.0353467
glas_29_patch.tiff,patch_2,13.073026,3.3879356,6.091331,9.01153,15.637074,3.8124416
glas_29_patch.tiff,patch_3,14.616996,0.92571765,9.148952,10.001296,16.52182,1.5365286
glas_29_patch.tiff,patch_4,13.42425,1.137381,5.5540743,9.186007,14.104734,2.4659092
glas_29_patch.tiff,patch_5,15.163258,2.1444128,7.192216,10.996626,15.316092,4.1263933
glas_2_patch.tiff,patch_0,13.412582,3.6635695,7.1958423,7.731641,12.968847,5.081839
glas_2_patch.tiff,patch_1,15.561171,5.98004,9.575958,10.682544,14.1824465,6.3343596
glas_2_patch.tiff,patch_2,10.604299,4.277617,4.287119,9.015178,9.548593,2.417518
glas_2_patch.tiff,patch_3,12.489519,1.2460896,4.0878563,10.325258,10.780056,2.9240713
glas_2_patch.tiff,patch_4,10.309607,3.524765,5.037109,8.042637,10.51977,4.297648
glas_2_patch.tiff,patch_5,12.724387,0.94544643,1.4607722,7.8709598,10.694142,4.0591774
glas_30_patch.tiff,patch_0,15.154043,0.5157978,4.7466316,9.837527,14.925539,-2.1693797
glas_30_patch.tiff,patch_1,9.876891,1.8401039,4.989282,8.983567,14.110054,-2.4045649
glas_30_patch.tiff,patch_2,14.466773,1.0550323,5.7351966,8.365067,17.743132,-0.040308103
glas_30_patch.tiff,patch_3,12.8949,0.3791889,4.5438485,10.074992,13.638881,-0.21190292
glas_30_patch.tiff,patch_4,12.947859,-0.10618301,4.3644867,8.428678,13.448221,-1.483983
glas_30_patch.tiff,patch_5,13.902075,5.1405015,8.260347,12.057877,12.394039,4.71177
glas_31_patch.tiff,patch_0,7.755753,-0.9186642,5.9209294,8.9293585,8.275081,-3.2066324
glas_31_patch.tiff,patch_1,11.554936,0.4349649,6.24649,8.177106,12.913606,-3.2257493
glas_31_patch.tiff,patch_2,10.875406,3.8047037,2.2506764,8.660056,10.098051,-1.8227848
glas_31_patch.tiff,patch_3,10.437186,0.9420783,2.3791711,7.424652,10.829526,-1.2189559
glas_31_patch.tiff,patch_4,12.468406,-1.7118243,7.495941,9.712509,10.547595,-2.3226404
glas_31_patch.tiff,patch_5,9.056197,0.7477499,3.8939493,8.49253,9.552131,-0.5885053
glas_35_patch.tiff,patch_0,12.821266,4.5908933,8.614019,7.55055,14.361239,-0.0014439813
glas_35_patch.tiff,patch_1,12.161196,2.5837548,7.3365,10.02973,10.525723,1.8570843
glas_35_patch.tiff,patch_2,15.713115,0.9965176,6.7046704,9.394559,15.837643,0.17219426
glas_35_patch.tiff,patch_3,11.1482315,3.8699737,8.057377,10.355513,10.917002,-2.1061072
glas_35_patch.tiff,patch_4,13.673364,2.3216133,3.510235,10.617248,14.3998375,2.9140751
glas_35_patch.tiff,patch_5,13.670143,3.7951343,6.8773346,9.344008,15.5924225,0.5656353
glas_38_patch.tiff,patch_0,13.113896,0.94380414,2.1987948,6.300195,5.9443154,3.9370005
glas_38_patch.tiff,patch_1,14.107824,1.6982863,4.2215924,7.2413435,8.40483,4.454642
glas_38_patch.tiff,patch_2,15.490298,1.6191474,2.0900774,5.1432652,10.463425,2.7356372
glas_38_patch.tiff,patch_3,15.00584,1.8116584,1.9328649,6.8600125,8.330076,1.7367891
glas_38_patch.tiff,patch_4,15.460031,1.2894005,2.9782784,7.0183716,11.827527,0.8455866
glas_38_patch.tiff,patch_5,15.166057,-0.43163702,1.6015092,5.959262,11.392576,0.87173337
glas_39_patch.tiff,patch_0,2.8530545,-4.4132853,1.5010188,-2.3097765,-1.8390224,5.2894397
glas_39_patch.tiff,patch_1,2.5260618,2.3847537,-1.8933494,-1.0987448,-5.8892646,4.595696
glas_40_patch.tiff,patch_0,12.689699,5.683507,3.0812616,4.7492423,11.752618,-2.5905163
glas_40_patch.tiff,patch_1,9.053233,-0.5126401,2.7636163,5.5275893,9.358447,-1.4120811
glas_40_patch.tiff,patch_2,9.445355,-0.010575342,4.67619,8.584737,10.304905,-0.31265897
glas_40_patch.tiff,patch_3,9.26181,-1.0713195,4.466906,10.407131,13.808881,0.7679987
glas_40_patch.tiff,patch_4,8.841155,-0.3807289,7.573113,9.288332,8.695898,-2.963954
glas_40_patch.tiff,patch_5,10.259548,0.24259159,8.96426,10.374254,13.011154,-1.3960757
glas_43_patch.tiff,patch_0,9.766279,4.1368685,7.0601673,6.353995,11.700422,5.7405677
glas_43_patch.tiff,patch_1,15.406706,2.9528494,5.798809,11.576068,18.001749,5.159154
glas_43_patch.tiff,patch_2,12.762443,-2.649841,7.7151318,5.42876,14.219137,2.8944917
glas_43_patch.tiff,patch_3,17.53507,7.690481,11.690421,14.367669,19.48736,6.239265
glas_43_patch.tiff,patch_4,13.841529,3.3690267,4.2178745,10.165703,12.968371,4.0545273
glas_43_patch.tiff,patch_5,10.728509,6.2589564,7.884851,4.1618953,15.89421,3.0547352
glas_44_patch.tiff,patch_0,13.973142,3.3048553,9.300359,11.152979,12.526757,1.1942306
glas_44_patch.tiff,patch_1,15.119507,0.7497541,9.196607,12.047301,14.0933485,3.0503323
glas_44_patch.tiff,patch_2,15.200667,2.075142,6.8971014,12.0512085,16.105993,1.3146862
glas_44_patch.tiff,patch_3,12.949451,3.8623996,4.538269,8.696124,12.054764,2.2848854
glas_44_patch.tiff,patch_4,13.142604,0.48863402,4.950068,9.798698,15.114728,-1.5491592
glas_44_patch.tiff,patch_5,12.630009,4.396126,5.7094707,8.554562,14.359661,0.09044106
glas_45_patch.tiff,patch_0,10.030879,-0.6995235,7.080701,11.12213,9.5642185,-2.951708
glas_45_patch.tiff,patch_1,12.814436,0.41182426,8.096021,10.088037,13.952353,-3.1176624
glas_45_patch.tiff,patch_2,10.29595,-0.31841815,2.904428,10.116675,11.27758,-2.7388494
glas_45_patch.tiff,patch_3,9.553322,-3.3917227,4.282473,12.506015,11.154474,-1.5068198
glas_45_patch.tiff,patch_4,7.5583477,-2.186706,3.9510603,8.366035,9.409457,-2.5822887
glas_45_patch.tiff,patch_5,9.275365,0.5598551,3.1010373,11.369599,10.637493,-0.080901995
glas_48_patch.tiff,patch_0,13.22301,-0.30950463,1.2559339,9.105557,8.491858,-1.4035414
glas_48_patch.tiff,patch_1,11.21472,2.7972617,-0.08826144,8.061404,6.704744,3.2471745
glas_48_patch.tiff,patch_2,11.4986,-0.8135089,2.5011384,5.1446996,5.045272,6.3783784
glas_48_patch.tiff,patch_3,12.661028,1.6927638,1.8265874,7.0507693,8.022671,2.079626
glas_48_patch.tiff,patch_4,13.276136,1.4565374,8.970001,5.7182074,8.925823,2.1021907
glas_48_patch.tiff,patch_5,11.763336,-1.7142019,3.2946,6.4244514,4.566794,3.2156334
glas_49_patch.tiff,patch_0,15.161704,0.7040432,5.6472406,4.893132,10.46864,4.682413
glas_49_patch.tiff,patch_1,16.085356,1.028611,1.6047865,6.5043626,11.3682,3.5815809
glas_49_patch.tiff,patch_2,5.8901887,3.1228578,0.73288655,1.9028723,4.9329653,14.4074
glas_49_patch.tiff,patch_3,15.036139,1.471823,5.610559,6.8051977,13.065172,1.0054511
glas_49_patch.tiff,patch_4,7.7162213,-0.83689696,-0.45196375,3.7648797,6.573607,4.1857467
glas_49_patch.tiff,patch_5,14.716147,0.49116996,1.7043978,4.0245633,11.049771,-0.90349895
glas_4_patch.tiff,patch_0,12.931527,-2.479313,9.015691,11.712075,13.12766,-3.2950306
glas_4_patch.tiff,patch_1,10.202689,-1.1579381,4.7183022,7.9754977,11.560452,-1.331866
glas_4_patch.tiff,patch_2,9.335625,-1.7705121,3.4128582,8.659219,11.536283,-3.768225
glas_4_patch.tiff,patch_3,8.428099,0.10059275,-0.9207945,7.660627,7.8078656,0.76650435
glas_4_patch.tiff,patch_4,8.150217,-0.96440834,2.02574,10.404862,8.261844,-1.5125649
glas_4_patch.tiff,patch_5,9.49208,0.12036542,2.1501687,8.5968,7.8535657,-1.1249747
glas_54_patch.tiff,patch_0,14.226006,-2.6625412,2.0408807,8.387864,10.802976,5.4371095
glas_54_patch.tiff,patch_1,9.01268,-3.341565,-4.3346534,4.9345016,5.2505016,4.6459727
glas_54_patch.tiff,patch_2,12.236047,-6.6856666,-1.0053731,8.3439665,10.764748,2.813528
glas_54_patch.tiff,patch_3,13.276274,-1.8556997,1.2978672,11.229192,10.102058,2.4111292
glas_54_patch.tiff,patch_4,11.145884,-0.9533706,4.533539,9.571527,11.76906,2.666698
glas_54_patch.tiff,patch_5,14.637248,-2.9150274,6.532439,11.262999,16.449238,1.7994232
glas_55_patch.tiff,patch_0,12.3182125,-2.2193484,1.1218834,0.4326077,5.083491,7.6532407
glas_55_patch.tiff,patch_1,11.690995,-0.68193406,-0.061635114,3.6808157,6.254441,-0.19537441
glas_55_patch.tiff,patch_2,15.283137,-1.7104155,5.84016,4.2856517,7.861981,2.8443348
glas_55_patch.tiff,patch_3,13.565951,0.56521785,0.46480897,5.661906,7.5008717,6.449477
glas_55_patch.tiff,patch_4,13.011773,3.0740304,0.8165824,-0.12803018,4.205472,3.7896707
glas_55_patch.tiff,patch_5,13.789375,3.4683757,4.2988048,2.215784,6.0716023,2.7690966
glas_61_patch.tiff,patch_0,9.127384,3.61672,4.203494,3.555341,12.28264,0.15514608
glas_61_patch.tiff,patch_1,9.55471,5.3208723,3.2689877,5.2855034,10.236926,2.711815
glas_61_patch.tiff,patch_2,11.109557,-1.0098163,3.779962,7.8404655,15.678251,0.7522679
glas_61_patch.tiff,patch_3,13.835152,-0.08466603,5.713212,10.648185,13.013399,-0.027215553
glas_61_patch.tiff,patch_4,10.600993,3.3528075,3.038201,10.0907135,11.852194,1.8481133
glas_61_patch.tiff,patch_5,11.497814,4.0442677,4.5552435,7.4591317,11.454899,0.9143218
glas_6_patch.tiff,patch_0,13.73638,-0.110512905,1.7091969,8.4842,9.730888,1.2732838
glas_6_patch.tiff,patch_1,9.486545,-1.5364791,1.4802638,5.570466,3.349493,2.997474
glas_6_patch.tiff,patch_2,12.420177,0.39118803,3.5859592,6.7862053,4.994665,0.8981912
glas_6_patch.tiff,patch_3,10.157018,2.3844929,3.016588,6.529102,7.955865,1.0037786
glas_6_patch.tiff,patch_4,11.392404,-0.6813025,3.9373968,3.2102995,3.51875,2.0882573
glas_6_patch.tiff,patch_5,9.415708,2.990616,6.1700587,1.4187573,2.823462,6.4051385
glas_7_patch.tiff,patch_0,13.344769,1.1627913,7.5425105,9.623304,10.669242,3.287954
glas_7_patch.tiff,patch_1,11.946215,3.669776,3.9237304,9.195706,12.224315,3.325522
glas_7_patch.tiff,patch_2,13.991885,1.9713035,8.993862,9.755221,13.004252,4.8000875
glas_7_patch.tiff,patch_3,13.362646,4.725275,7.0196724,8.339023,11.997665,5.993528
glas_7_patch.tiff,patch_4,14.615595,2.086816,10.0434,6.402692,19.073814,5.974011
glas_7_patch.tiff,patch_5,17.38861,0.8300131,12.357708,10.960132,17.702295,4.775838
