source_image,spot_id,neutrophil,epithelial,lymphocyte,plasma,eosinophil,fibroblast
crag_11_patch.tiff,patch_0,14.694957,23.362995,19.564379,19.87913,19.700977,16.464014
crag_11_patch.tiff,patch_1,14.769246,23.137606,19.091808,19.415136,18.093636,15.861855
crag_11_patch.tiff,patch_2,15.970552,24.070225,20.060875,18.328745,16.318674,20.718477
crag_11_patch.tiff,patch_3,15.597829,22.671257,18.8187,19.389347,17.62364,19.316586
crag_11_patch.tiff,patch_4,17.027647,23.919899,20.032469,20.331831,18.002457,17.24982
crag_11_patch.tiff,patch_5,17.031351,23.558872,19.506536,21.312027,19.747892,17.786106
crag_11_patch.tiff,patch_6,15.806106,23.637884,20.216816,20.170174,19.397617,15.609657
crag_11_patch.tiff,patch_7,14.2448845,23.814167,19.61209,18.925346,17.91622,17.490202
crag_11_patch.tiff,patch_8,15.174274,24.367249,19.763601,18.502983,17.836565,18.040148
crag_11_patch.tiff,patch_9,16.049337,24.156841,19.054916,18.811758,16.73315,20.403112
crag_11_patch.tiff,patch_10,15.164416,23.910658,19.506502,19.438246,17.109594,18.604834
crag_11_patch.tiff,patch_11,19.129984,22.887297,20.474335,22.01226,20.353327,18.210066
crag_11_patch.tiff,patch_12,17.101822,24.767353,20.454155,19.843767,19.22913,15.193895
crag_11_patch.tiff,patch_13,14.352534,23.63881,19.151093,18.744318,18.857647,15.028485
crag_11_patch.tiff,patch_14,16.27526,24.625402,21.540936,20.403982,19.483118,16.084581
crag_11_patch.tiff,patch_15,14.708436,24.393497,20.29976,19.768595,18.99786,16.568419
crag_11_patch.tiff,patch_16,15.469984,24.594013,19.442019,19.276037,17.770597,19.627104
crag_11_patch.tiff,patch_17,16.992702,23.744875,20.17633,20.846725,20.257172,17.571938
crag_11_patch.tiff,patch_18,17.356947,25.392904,21.135984,22.49335,20.005636,16.802656
crag_11_patch.tiff,patch_19,14.914129,24.906925,19.84572,20.109991,19.854404,15.339956
crag_11_patch.tiff,patch_20,14.136045,24.593998,19.707952,17.424774,17.835724,15.93864
crag_11_patch.tiff,patch_21,13.637951,24.513987,18.926994,17.644323,17.539278,17.936167
crag_11_patch.tiff,patch_22,15.406129,24.326239,20.034657,18.948877,18.42245,18.560886
crag_11_patch.tiff,patch_23,15.040452,23.762188,18.855522,18.349646,17.15149,18.40296
crag_11_patch.tiff,patch_24,19.519249,25.803846,21.51423,22.684175,21.312536,21.956203
crag_11_patch.tiff,patch_25,15.038505,25.352356,20.31664,21.185701,20.28766,17.154522
crag_11_patch.tiff,patch_26,14.8879,23.801638,20.135159,19.782223,18.917988,15.934075
crag_11_patch.tiff,patch_27,13.95281,24.350891,19.551464,18.841871,18.409801,16.35357
crag_11_patch.tiff,patch_28,15.8772,24.0535,19.694149,19.671144,18.858438,17.26344
crag_11_patch.tiff,patch_29,16.048594,24.568855,20.943342,19.969006,19.918322,16.844313
crag_11_patch.tiff,patch_30,18.623156,23.942146,21.060751,20.631113,18.217707,23.578897
crag_11_patch.tiff,patch_31,18.348406,25.883398,20.628319,22.302326,20.785172,21.076653
crag_11_patch.tiff,patch_32,16.201036,25.528788,20.928654,21.944166,20.513058,17.231974
crag_11_patch.tiff,patch_33,15.474211,24.058262,20.49244,20.343523,18.909124,15.351234
crag_11_patch.tiff,patch_34,15.708909,24.839428,20.776722,20.263075,19.737606,15.058578
crag_11_patch.tiff,patch_35,13.969135,23.817795,20.269617,20.354877,18.597206,15.565552
crag_12_patch.tiff,patch_0,14.322971,23.506338,16.962772,19.484821,17.512142,24.05686
crag_12_patch.tiff,patch_1,13.494824,22.970692,17.179335,19.633814,17.109613,22.15065
crag_12_patch.tiff,patch_2,12.041056,22.763689,15.325999,17.829796,17.06644,22.853704
crag_12_patch.tiff,patch_3,14.122437,23.308065,17.400503,20.64808,19.93469,21.379269
crag_12_patch.tiff,patch_4,13.6669235,22.638563,15.9362335,20.553541,19.31116,21.863016
crag_12_patch.tiff,patch_5,13.466333,22.238178,15.309699,17.962128,17.495678,19.984587
crag_12_patch.tiff,patch_6,11.865195,22.902515,15.987586,19.002155,16.498434,23.130869
crag_12_patch.tiff,patch_7,12.691024,23.727938,17.028385,19.787289,18.706856,22.41419
crag_12_patch.tiff,patch_8,14.416986,22.96942,16.99366,20.452702,19.647133,20.67064
crag_12_patch.tiff,patch_9,16.403696,23.444141,18.947552,21.184746,18.334532,20.208847
crag_12_patch.tiff,patch_10,14.500973,24.290443,17.746593,20.752178,19.16155,25.33681
crag_12_patch.tiff,patch_11,14.435017,24.528324,18.11816,20.340124,19.85772,22.526957
crag_12_patch.tiff,patch_12,14.1108055,22.12845,15.651726,19.300291,17.807512,21.19686
crag_12_patch.tiff,patch_13,14.739564,22.31974,16.406033,19.772017,18.733559,19.644676
crag_12_patch.tiff,patch_14,13.012942,23.378101,16.680838,18.531622,18.367348,19.754791
crag_12_patch.tiff,patch_15,16.478172,23.41914,19.81064,18.656723,17.078568,20.343327
crag_12_patch.tiff,patch_16,16.61122,24.26517,18.197395,19.123703,19.497562,19.959381
crag_12_patch.tiff,patch_17,16.907024,23.288086,19.075457,21.536764,21.13775,19.66358
crag_12_patch.tiff,patch_18,13.820172,21.902252,15.662036,19.105827,17.650373,20.125792
crag_12_patch.tiff,patch_19,16.31765,24.280321,18.169851,19.470778,18.795265,18.614204
crag_12_patch.tiff,patch_20,16.992249,24.223612,19.34011,21.531097,20.130247,19.279263
crag_12_patch.tiff,patch_21,14.549124,23.34934,18.565744,20.712322,20.647608,19.692255
crag_12_patch.tiff,patch_22,15.811701,23.995693,18.408897,21.712912,20.252895,18.780258
crag_12_patch.tiff,patch_23,17.068388,24.256119,19.383488,20.762012,20.443516,18.31263
crag_12_patch.tiff,patch_24,14.280396,22.833155,16.837866,18.513723,18.125053,18.374195
crag_12_patch.tiff,patch_25,13.805825,22.058924,16.15846,17.76852,17.182734,19.138657
crag_12_patch.tiff,patch_26,13.9970045,21.118885,17.346357,18.085957,16.853037,18.125225
crag_12_patch.tiff,patch_27,16.392889,23.415937,18.5907,19.09977,20.351185,19.469137
crag_12_patch.tiff,patch_28,15.175071,23.745928,17.954767,19.915707,19.470207,19.583052
crag_12_patch.tiff,patch_29,15.859487,23.878698,19.005533,19.87029,20.137804,18.514162
crag_12_patch.tiff,patch_30,15.061667,23.338333,17.270653,20.968311,19.291779,19.38265
crag_12_patch.tiff,patch_31,14.678569,22.439905,17.630234,21.092802,20.18967,20.36376
crag_12_patch.tiff,patch_32,15.418149,22.428616,17.40468,19.269012,20.349344,19.741905
crag_12_patch.tiff,patch_33,15.125814,22.208748,16.691038,20.61835,20.948362,20.204628
crag_12_patch.tiff,patch_34,15.785056,22.764875,17.29071,21.276848,20.943039,21.656998
crag_12_patch.tiff,patch_35,13.970839,23.416332,16.930353,18.476048,19.08599,20.247322
crag_13_patch.tiff,patch_0,15.662853,23.052496,18.624298,19.20197,16.879793,24.510962
crag_13_patch.tiff,patch_1,15.387016,24.04576,19.073666,19.462528,18.116095,24.315075
crag_13_patch.tiff,patch_2,14.68701,22.95733,18.34501,19.213097,16.838188,25.120426
crag_13_patch.tiff,patch_3,13.925933,23.076721,17.586834,18.90785,16.660984,24.665518
crag_13_patch.tiff,patch_4,13.411908,22.549904,16.80223,18.392414,16.845564,21.693233
crag_13_patch.tiff,patch_5,14.015923,22.30819,16.984915,18.51697,17.62509,22.496298
crag_13_patch.tiff,patch_6,14.505646,23.602324,18.163235,19.403967,16.777061,24.857546
crag_13_patch.tiff,patch_7,13.505932,22.485727,17.319515,18.064491,15.536556,23.33319
crag_13_patch.tiff,patch_8,14.205219,22.805134,17.693295,18.956114,17.704708,21.925125
crag_13_patch.tiff,patch_9,13.752066,22.454271,16.660776,18.029505,17.383793,21.273096
crag_13_patch.tiff,patch_10,14.975831,21.987091,16.38256,19.44835,18.185045,20.818129
crag_13_patch.tiff,patch_11,13.622998,22.038692,16.912153,18.489813,17.217825,22.505709
crag_13_patch.tiff,patch_12,16.321356,23.21023,18.714497,18.394558,16.844748,21.58273
crag_13_patch.tiff,patch_13,15.770935,22.805239,18.030571,18.962969,17.822718,21.060356
crag_13_patch.tiff,patch_14,15.110415,22.15565,17.534115,18.27032,18.675377,20.302778
crag_13_patch.tiff,patch_15,16.052826,20.689386,16.85488,19.72642,19.815166,18.797974
crag_13_patch.tiff,patch_16,15.547885,22.152002,17.28927,20.062778,18.664371,21.230083
crag_13_patch.tiff,patch_17,14.451434,21.460716,16.906616,18.220451,18.591509,19.164587
crag_13_patch.tiff,patch_18,13.2604885,21.77905,16.83812,17.137146,16.498468,19.505978
crag_13_patch.tiff,patch_19,17.040356,22.961142,19.656664,19.463087,18.106728,20.664228
crag_13_patch.tiff,patch_20,15.733565,22.099525,17.72594,19.683935,18.626524,22.215614
crag_13_patch.tiff,patch_21,17.47344,22.959534,18.481268,20.742016,20.57583,21.07936
crag_13_patch.tiff,patch_22,15.343904,21.678404,16.959778,18.729172,18.529188,21.569582
crag_13_patch.tiff,patch_23,15.392566,22.178835,17.797758,19.801918,18.487576,21.483253
crag_13_patch.tiff,patch_24,16.106947,21.840546,18.689737,20.40193,18.26957,22.426075
crag_13_patch.tiff,patch_25,16.656607,23.373455,18.691689,20.17935,18.694178,22.802603
crag_13_patch.tiff,patch_26,13.656195,21.883205,16.523684,17.661846,17.551756,21.026892
crag_13_patch.tiff,patch_27,14.097954,22.229542,16.03757,18.03818,17.727123,20.688347
crag_13_patch.tiff,patch_28,13.914091,21.302986,16.22389,18.935074,17.945976,21.256718
crag_13_patch.tiff,patch_29,15.768385,21.88097,17.341257,19.314482,18.578901,22.165876
crag_13_patch.tiff,patch_30,14.371065,22.502584,17.420689,17.83349,17.112003,21.648277
crag_13_patch.tiff,patch_31,15.1225605,21.942524,17.183268,18.827047,18.68657,21.831501
crag_13_patch.tiff,patch_32,12.607111,20.432465,16.299206,17.535723,17.07182,20.953485
crag_13_patch.tiff,patch_33,14.361834,21.267664,16.530384,18.999626,18.11264,21.784199
crag_13_patch.tiff,patch_34,14.577081,21.694103,17.460173,19.494822,18.031359,21.124176
crag_13_patch.tiff,patch_35,13.072297,21.108908,15.796653,17.604395,18.408205,20.537252
crag_24_patch.tiff,patch_0,14.99718,23.711727,17.09821,20.910717,19.111181,21.824272
crag_24_patch.tiff,patch_1,14.929458,24.049177,17.654274,20.969002,18.155622,24.555862
crag_24_patch.tiff,patch_2,14.1276655,22.966032,16.534452,21.633375,18.684746,23.09724
crag_24_patch.tiff,patch_3,14.805265,23.873007,18.523844,21.53865,17.936142,26.127419
crag_24_patch.tiff,patch_4,15.983554,23.31941,18.93374,21.683197,17.491343,26.089556
crag_24_patch.tiff,patch_5,15.843352,23.49438,18.794186,21.134283,17.677454,24.631554
crag_24_patch.tiff,patch_6,17.17229,21.761612,19.077206,20.254799,17.790516,20.62441
crag_24_patch.tiff,patch_7,17.945309,21.89011,18.202013,22.435957,20.992996,20.22576
crag_24_patch.tiff,patch_8,15.651594,23.067017,18.243217,20.179293,20.285507,21.496613
crag_24_patch.tiff,patch_9,15.115299,23.775476,17.8663,20.341152,19.328257,23.297688
crag_24_patch.tiff,patch_10,16.538984,24.453587,18.344093,21.45972,19.225277,23.334818
crag_24_patch.tiff,patch_11,17.016016,23.146402,18.628403,21.538292,19.369476,23.83374
crag_24_patch.tiff,patch_12,18.848763,23.600351,20.329401,21.456385,17.79621,22.346464
crag_24_patch.tiff,patch_13,19.625978,24.184954,20.15127,22.387299,18.832651,22.22106
crag_24_patch.tiff,patch_14,15.913532,22.252768,17.28892,19.306385,19.39301,19.553112
crag_24_patch.tiff,patch_15,16.912352,23.327421,18.947626,21.95729,19.505909,20.655783
crag_24_patch.tiff,patch_16,15.868485,22.985344,18.311934,21.48221,20.245182,19.972477
crag_24_patch.tiff,patch_17,13.838162,22.077084,17.087183,20.303581,19.346256,19.26019
crag_24_patch.tiff,patch_18,17.646452,23.816086,18.7388,21.316614,19.100683,22.262722
crag_24_patch.tiff,patch_19,19.059874,23.158646,19.645828,21.123302,18.002686,21.153034
crag_24_patch.tiff,patch_20,16.652546,22.048353,18.028355,19.815758,18.204369,19.689941
crag_24_patch.tiff,patch_21,15.596065,21.572811,17.449389,19.819132,18.606497,20.514187
crag_24_patch.tiff,patch_22,14.850549,21.658405,16.392796,19.599874,18.165966,21.533823
crag_24_patch.tiff,patch_23,16.918455,23.230219,18.595736,20.666336,19.144812,20.300848
crag_24_patch.tiff,patch_24,17.238384,23.448881,18.166742,20.140425,18.810244,21.92173
crag_24_patch.tiff,patch_25,18.437742,23.600548,18.446053,22.078566,19.83357,21.728554
crag_24_patch.tiff,patch_26,16.117527,23.641356,17.949722,20.119978,18.595594,21.651869
crag_24_patch.tiff,patch_27,14.893752,22.251678,17.424812,18.89965,17.72411,21.444357
crag_24_patch.tiff,patch_28,16.728472,22.138493,18.091686,20.63896,19.372746,21.849087
crag_24_patch.tiff,patch_29,18.202126,23.049145,17.887796,22.39941,18.252941,21.446875
crag_24_patch.tiff,patch_30,19.240662,23.235384,20.478579,21.754139,19.935844,23.32033
crag_24_patch.tiff,patch_31,17.33641,24.129496,18.395882,20.719072,18.933659,22.703892
crag_24_patch.tiff,patch_32,17.711496,24.483719,18.961027,20.719776,19.592018,23.71331
crag_24_patch.tiff,patch_33,17.521746,22.899437,19.00642,20.911137,18.020128,21.876408
crag_24_patch.tiff,patch_34,17.460188,22.788063,17.537172,21.189386,19.387764,21.166447
crag_24_patch.tiff,patch_35,14.817188,22.930918,17.016958,19.824772,17.611626,23.906363
crag_26_patch.tiff,patch_0,14.563687,23.67355,19.951342,20.136541,18.827242,16.927975
crag_26_patch.tiff,patch_1,15.300174,24.592787,19.898388,20.790318,18.951405,18.83215
crag_26_patch.tiff,patch_2,15.321854,24.66923,19.500874,19.249176,18.576777,17.617807
crag_26_patch.tiff,patch_3,17.642067,23.944687,21.32982,24.551655,22.413624,19.67928
crag_26_patch.tiff,patch_4,19.703926,23.31847,21.940731,23.123186,18.917606,19.237995
crag_26_patch.tiff,patch_5,19.247398,22.622732,21.507954,22.573082,19.417194,21.205278
crag_26_patch.tiff,patch_6,16.22911,25.40419,21.185322,21.906872,20.264399,16.325874
crag_26_patch.tiff,patch_7,15.511,23.78386,20.437405,20.172287,19.473347,15.896218
crag_26_patch.tiff,patch_8,16.353077,24.851398,20.812916,21.923752,21.303003,18.111126
crag_26_patch.tiff,patch_9,16.527157,24.606903,20.494217,21.34777,20.267712,17.524387
crag_26_patch.tiff,patch_10,19.669441,24.043785,21.1412,23.804325,21.324429,18.328379
crag_26_patch.tiff,patch_11,19.329468,23.958195,21.203953,24.313993,20.025043,21.506105
crag_26_patch.tiff,patch_12,16.087198,25.50215,19.27139,20.41312,20.704147,18.32385
crag_26_patch.tiff,patch_13,15.912435,24.894089,20.448812,21.07225,20.090338,17.266718
crag_26_patch.tiff,patch_14,15.377849,23.577435,20.36715,19.923521,19.336124,16.120571
crag_26_patch.tiff,patch_15,15.326212,24.699594,20.73126,21.556622,20.740768,17.86272
crag_26_patch.tiff,patch_16,14.832679,23.56204,20.347824,19.01467,17.105623,15.886442
crag_26_patch.tiff,patch_17,19.230232,24.177866,22.25098,26.443247,23.689919,17.543037
crag_26_patch.tiff,patch_18,17.150736,25.029829,18.33412,20.499645,21.40027,20.055895
crag_26_patch.tiff,patch_19,15.189158,24.950552,19.600946,19.940414,18.852934,17.55489
crag_26_patch.tiff,patch_20,14.2543545,24.597298,19.743427,19.52178,19.275269,17.190186
crag_26_patch.tiff,patch_21,17.42492,25.302774,21.63527,22.666489,22.286592,16.813593
crag_26_patch.tiff,patch_22,15.044032,24.561666,20.54632,21.142996,20.189913,16.789616
crag_26_patch.tiff,patch_23,16.883242,24.40989,21.352015,23.423267,21.770126,16.420033
crag_26_patch.tiff,patch_24,15.874063,25.023468,18.75716,19.348635,19.692265,19.899342
crag_26_patch.tiff,patch_25,17.299791,24.551435,20.593271,21.840853,21.259356,19.793215
crag_26_patch.tiff,patch_26,12.641526,24.33687,17.042362,17.521801,17.011461,18.338163
crag_26_patch.tiff,patch_27,16.256733,25.454515,19.912289,20.190117,20.101143,16.845638
crag_26_patch.tiff,patch_28,15.507345,24.81453,19.930449,20.171286,19.645489,16.618906
crag_26_patch.tiff,patch_29,16.36706,24.9867,21.78707,23.656328,21.396172,17.990597
crag_26_patch.tiff,patch_30,16.918163,23.998848,18.484343,18.449278,16.485584,23.065384
crag_26_patch.tiff,patch_31,16.218216,24.90994,19.837526,22.604383,20.269743,21.263538
crag_26_patch.tiff,patch_32,14.435621,23.824562,17.381916,17.789057,17.193312,19.620394
crag_26_patch.tiff,patch_33,16.253206,24.713436,19.499983,21.321123,21.128305,17.639095
crag_26_patch.tiff,patch_34,14.364801,24.308804,17.834301,18.818842,18.666851,18.295351
crag_26_patch.tiff,patch_35,17.675837,25.254992,21.210342,21.155125,20.768465,16.425774
crag_29_patch.tiff,patch_0,13.790901,21.978785,16.060085,18.364279,18.945923,19.308508
crag_29_patch.tiff,patch_1,14.955451,22.688313,17.954329,18.69878,19.069906,19.693508
crag_29_patch.tiff,patch_2,17.033678,22.676262,17.955002,20.525215,20.012775,20.36402
crag_29_patch.tiff,patch_3,14.909631,23.008034,16.648453,19.421053,18.497559,22.739578
crag_29_patch.tiff,patch_4,14.037844,23.539831,16.21333,18.852182,18.938452,21.274073
crag_29_patch.tiff,patch_5,14.900386,22.246817,17.176832,19.400623,19.824154,18.315035
crag_29_patch.tiff,patch_6,12.018832,20.954315,15.713044,17.415865,17.1089,18.868788
crag_29_patch.tiff,patch_7,13.260721,21.338285,17.108564,16.982594,16.48914,16.85169
crag_29_patch.tiff,patch_8,14.688868,21.538923,16.319223,19.27254,18.740118,19.668358
crag_29_patch.tiff,patch_9,14.630104,21.902922,16.860699,19.262497,18.470049,19.688608
crag_29_patch.tiff,patch_10,15.735303,23.428274,18.034708,20.897131,19.17904,22.409067
crag_29_patch.tiff,patch_11,15.452731,22.58824,17.104134,20.524221,20.326141,20.304512
crag_29_patch.tiff,patch_12,14.924372,21.633802,16.54885,19.360226,18.701061,18.855341
crag_29_patch.tiff,patch_13,11.553835,20.912277,15.677257,15.8940525,16.255877,16.919317
crag_29_patch.tiff,patch_14,12.663111,21.958046,15.981657,18.769968,17.438501,22.78291
crag_29_patch.tiff,patch_15,15.31095,23.135582,18.014528,18.818491,17.56509,19.002316
crag_29_patch.tiff,patch_16,15.4038725,21.343624,17.11972,19.581373,19.432476,17.330585
crag_29_patch.tiff,patch_17,14.408538,23.41565,17.036827,19.945148,19.337265,22.941055
crag_29_patch.tiff,patch_18,11.522603,21.887096,15.883365,16.676321,15.533443,20.064009
crag_29_patch.tiff,patch_19,14.961302,20.800756,16.665762,18.66502,19.198465,17.986977
crag_29_patch.tiff,patch_20,15.379362,21.45023,18.201193,20.02796,20.309122,16.827805
crag_29_patch.tiff,patch_21,15.06809,22.40232,17.49657,20.07569,18.682383,19.048094
crag_29_patch.tiff,patch_22,15.220396,23.593819,17.134754,19.948952,19.063753,20.515413
crag_29_patch.tiff,patch_23,15.736141,22.71638,16.859093,22.043787,21.110617,21.626587
crag_29_patch.tiff,patch_24,15.949195,22.40791,18.135464,19.486467,20.032793,19.591997
crag_29_patch.tiff,patch_25,15.5608225,22.50334,17.216593,18.505531,19.499235,17.858597
crag_29_patch.tiff,patch_26,14.15616,22.251318,16.439156,18.217592,18.670843,18.89319
crag_29_patch.tiff,patch_27,14.9781065,22.547205,17.45337,19.022987,19.70736,17.526464
crag_29_patch.tiff,patch_28,14.5892105,21.914513,16.753729,19.311787,19.650272,18.462584
crag_29_patch.tiff,patch_29,15.533148,21.378548,16.557062,20.91609,21.385868,19.599182
crag_29_patch.tiff,patch_30,13.511054,23.91269,17.7509,19.5222,18.02514,24.828293
crag_29_patch.tiff,patch_31,15.797028,24.727995,18.62822,19.495337,19.606056,22.38233
crag_29_patch.tiff,patch_32,16.93269,24.32807,19.289661,19.634104,20.292528,22.0842
crag_29_patch.tiff,patch_33,16.042728,23.886091,18.979372,20.359074,19.342068,23.868502
crag_29_patch.tiff,patch_34,13.199845,22.969091,17.148293,18.136442,17.420425,23.509846
crag_29_patch.tiff,patch_35,14.573456,22.128727,16.168009,19.681704,18.66704,20.949945
crag_2_patch.tiff,patch_0,16.648571,24.196169,21.43493,20.211454,18.43192,18.547373
crag_2_patch.tiff,patch_1,17.025122,23.939892,21.322025,19.607712,16.407967,20.098303
crag_2_patch.tiff,patch_2,16.868795,24.096754,20.777246,20.099695,17.974623,19.453354
crag_2_patch.tiff,patch_3,18.390186,24.46045,21.223541,21.527796,20.529144,18.467878
crag_2_patch.tiff,patch_4,17.069538,23.028294,18.459026,19.921492,18.728243,18.298376
crag_2_patch.tiff,patch_5,17.350746,23.34054,18.898891,20.139587,18.39222,21.026678
crag_2_patch.tiff,patch_6,14.909781,25.073086,19.77594,20.136385,18.326086,18.522404
crag_2_patch.tiff,patch_7,15.133667,24.164417,19.965775,19.191034,17.224916,17.893064
crag_2_patch.tiff,patch_8,15.458349,24.61802,20.686167,19.017132,18.247742,16.185614
crag_2_patch.tiff,patch_9,15.356728,23.975994,20.291828,18.462952,17.52444,17.539076
crag_2_patch.tiff,patch_10,17.28956,24.993462,20.478598,19.89695,19.026133,20.438145
crag_2_patch.tiff,patch_11,16.877645,23.693275,19.455875,19.034248,16.789139,23.135738
crag_2_patch.tiff,patch_12,17.477037,25.85176,20.788807,21.315746,20.92057,19.108707
crag_2_patch.tiff,patch_13,15.870529,24.784649,19.886557,19.021694,18.359968,16.663574
crag_2_patch.tiff,patch_14,15.531447,24.65492,20.662403,19.969858,18.838276,17.444256
crag_2_patch.tiff,patch_15,16.277473,24.537312,20.627804,19.566235,18.775063,15.737353
crag_2_patch.tiff,patch_16,17.06497,25.154814,20.919828,20.4962,20.856422,15.589708
crag_2_patch.tiff,patch_17,16.143738,24.841318,20.02977,18.71859,17.0722,22.956587
crag_2_patch.tiff,patch_18,16.892605,25.608444,19.80902,21.315317,21.001175,24.47367
crag_2_patch.tiff,patch_19,16.592848,26.04958,20.12802,21.077723,21.043661,19.20208
crag_2_patch.tiff,patch_20,16.45433,25.593552,20.874832,21.217945,19.997202,18.224567
crag_2_patch.tiff,patch_21,17.55756,25.241425,21.848703,21.926992,22.15409,16.404638
crag_2_patch.tiff,patch_22,15.25048,24.541681,20.62459,20.089655,19.15136,17.201794
crag_2_patch.tiff,patch_23,16.830143,24.269499,22.325333,21.217182,17.857222,17.428556
crag_2_patch.tiff,patch_24,17.75692,24.312788,19.939219,22.108126,18.913984,23.961128
crag_2_patch.tiff,patch_25,17.433222,25.876068,20.312452,21.710875,20.04018,25.411003
crag_2_patch.tiff,patch_26,15.837725,24.819448,20.016924,22.064829,20.201498,17.364923
crag_2_patch.tiff,patch_27,15.606674,24.497082,19.99965,18.838253,17.989079,15.976158
crag_2_patch.tiff,patch_28,17.494354,24.94329,21.132591,21.465328,20.242416,16.488361
crag_2_patch.tiff,patch_29,19.067453,22.585335,21.737083,22.596123,19.303682,14.623548
crag_2_patch.tiff,patch_30,15.226907,24.119076,19.741585,21.512854,17.957474,25.975609
crag_2_patch.tiff,patch_31,17.129898,24.565891,19.980461,20.849213,19.624771,24.258493
crag_2_patch.tiff,patch_32,18.434336,24.509388,19.640045,20.272854,20.08454,22.02773
crag_2_patch.tiff,patch_33,18.549324,24.079275,21.164503,20.389927,18.971455,17.83539
crag_2_patch.tiff,patch_34,18.682457,23.90039,22.249735,21.452913,19.6505,18.573343
crag_2_patch.tiff,patch_35,20.785906,25.223196,21.9931,21.670538,21.357769,20.477316
crag_34_patch.tiff,patch_0,20.966509,24.343967,21.26183,21.98872,21.74702,18.716162
crag_34_patch.tiff,patch_1,22.102882,25.446428,24.146967,21.623007,23.141697,20.161972
crag_34_patch.tiff,patch_2,16.544363,24.95794,20.65212,21.520508,20.242893,17.583559
crag_34_patch.tiff,patch_3,18.960833,24.217182,19.678137,21.773518,20.047638,20.507746
crag_34_patch.tiff,patch_4,15.454949,25.25163,19.350025,17.719666,17.683947,17.447407
crag_34_patch.tiff,patch_5,16.779142,25.298647,19.992682,20.219082,20.07012,19.485563
crag_34_patch.tiff,patch_6,22.427876,25.041086,22.26069,22.313133,22.742443,19.26078
crag_34_patch.tiff,patch_7,12.962192,23.82671,18.548683,17.047428,16.491577,15.88695
crag_34_patch.tiff,patch_8,14.67556,25.262678,19.833696,19.25095,18.776617,19.084238
crag_34_patch.tiff,patch_9,18.494581,24.216585,20.645739,21.911825,20.677143,17.614788
crag_34_patch.tiff,patch_10,19.566833,25.433485,22.247484,22.868093,22.24129,19.066269
crag_34_patch.tiff,patch_11,13.743241,24.139439,19.130823,18.10491,16.914677,16.534103
crag_34_patch.tiff,patch_12,15.129803,23.77749,18.125633,19.552515,17.799688,18.079473
crag_34_patch.tiff,patch_13,16.544285,24.454111,20.001549,20.735846,19.390152,16.688072
crag_34_patch.tiff,patch_14,16.823164,24.665934,19.986654,20.646017,19.54636,14.416411
crag_34_patch.tiff,patch_15,17.075987,24.198744,20.254414,19.78596,19.996424,18.336035
crag_3_patch.tiff,patch_0,17.119814,23.320724,19.68134,21.071732,22.899506,19.153751
crag_3_patch.tiff,patch_1,16.970175,21.87111,19.694105,21.638693,21.462412,18.465626
crag_3_patch.tiff,patch_2,15.910635,22.50756,18.660149,19.501965,20.184351,18.164894
crag_3_patch.tiff,patch_3,18.217697,23.379118,21.768192,22.185915,21.407578,21.023365
crag_3_patch.tiff,patch_4,14.81695,22.437765,20.139822,20.679558,18.250307,19.32968
crag_3_patch.tiff,patch_5,18.154812,22.893578,20.195452,21.734987,22.588226,21.087347
crag_3_patch.tiff,patch_6,17.771881,23.245687,20.37964,21.236422,22.132126,18.050646
crag_3_patch.tiff,patch_7,17.54558,22.261509,20.224585,21.397501,22.553406,19.116457
crag_3_patch.tiff,patch_8,17.7547,22.173492,20.331373,22.014713,21.384623,18.641916
crag_3_patch.tiff,patch_9,14.624727,21.82566,18.690742,18.115324,17.744549,17.695896
crag_3_patch.tiff,patch_10,14.360065,22.279884,18.769037,18.743746,18.820915,18.191885
crag_3_patch.tiff,patch_11,16.403484,22.274908,19.826351,20.750044,19.111057,18.97953
crag_3_patch.tiff,patch_12,15.492349,23.517532,19.294342,19.559805,19.291517,16.728798
crag_3_patch.tiff,patch_13,16.731316,22.159517,19.112423,19.475927,19.009289,17.374598
crag_3_patch.tiff,patch_14,15.442195,21.815666,17.856482,18.515661,18.26342,17.966824
crag_3_patch.tiff,patch_15,15.672044,22.519806,18.673037,20.427742,19.720108,20.565294
crag_3_patch.tiff,patch_16,14.721797,21.991358,18.400389,18.524603,19.060196,18.324648
crag_3_patch.tiff,patch_17,14.722041,21.983921,18.488424,18.649107,18.29221,17.608679
crag_3_patch.tiff,patch_18,15.654529,23.17162,20.127298,19.745804,18.958803,19.273394
crag_3_patch.tiff,patch_19,15.704401,22.815498,19.225605,21.019068,19.122442,19.662352
crag_3_patch.tiff,patch_20,16.493734,22.912392,19.282541,20.169886,19.19535,20.060728
crag_3_patch.tiff,patch_21,16.883741,23.191881,19.749672,21.444378,19.363556,18.711428
crag_3_patch.tiff,patch_22,15.806081,22.996271,18.771687,20.12687,19.446093,20.974998
crag_3_patch.tiff,patch_23,14.474976,21.33614,18.653727,19.934725,18.163479,18.453566
crag_3_patch.tiff,patch_24,15.786842,22.450136,19.828608,19.350964,17.765823,18.050325
crag_3_patch.tiff,patch_25,16.408012,23.910166,17.952383,21.563795,22.210651,22.27086
crag_3_patch.tiff,patch_26,15.947923,23.538465,18.501635,20.149414,18.460611,19.26424
crag_3_patch.tiff,patch_27,15.675907,22.621284,18.571272,19.684916,18.893959,19.859932
crag_3_patch.tiff,patch_28,15.906414,23.343605,18.722404,21.454683,20.38078,20.139414
crag_3_patch.tiff,patch_29,14.917154,22.018225,17.682669,19.503664,18.896471,20.07619
crag_3_patch.tiff,patch_30,17.017727,23.66063,20.389713,21.578716,21.201595,20.683283
crag_3_patch.tiff,patch_31,14.878698,23.602125,19.210087,19.447374,18.45188,20.21983
crag_3_patch.tiff,patch_32,15.8146715,21.309387,19.058245,19.464186,18.716774,16.875782
crag_3_patch.tiff,patch_33,13.752351,23.516901,16.750898,19.675314,19.78775,21.56488
crag_3_patch.tiff,patch_34,14.2903385,22.999754,17.989758,17.62629,17.00571,17.415838
crag_3_patch.tiff,patch_35,15.479205,22.11335,19.765306,20.064352,18.359241,19.90008
crag_41_patch.tiff,patch_0,14.080053,23.26752,17.228542,17.899616,18.139559,20.098856
crag_41_patch.tiff,patch_1,14.694902,24.032814,17.929195,17.32638,17.441849,20.191267
crag_41_patch.tiff,patch_2,15.711483,24.397072,18.924217,18.856768,19.98869,22.0375
crag_41_patch.tiff,patch_3,13.07333,24.5691,17.479527,18.610691,17.99771,23.459106
crag_41_patch.tiff,patch_4,15.222562,24.764269,18.412539,18.649424,19.375463,21.8318
crag_41_patch.tiff,patch_5,17.282417,23.914177,18.524862,19.833935,20.28771,21.011398
crag_41_patch.tiff,patch_6,14.268892,22.668186,17.38684,18.942146,19.73212,21.28538
crag_41_patch.tiff,patch_7,14.540005,22.91966,18.179804,17.763369,18.09012,18.875969
crag_41_patch.tiff,patch_8,16.012634,22.739052,19.489092,18.171894,17.74704,19.921532
crag_41_patch.tiff,patch_9,15.84592,23.365425,19.092386,17.983944,18.651268,20.057049
crag_41_patch.tiff,patch_10,14.998167,24.544216,18.254969,19.174046,19.87201,21.339697
crag_41_patch.tiff,patch_11,14.120034,24.765604,17.466904,18.692661,20.638447,21.914862
crag_41_patch.tiff,patch_12,14.012541,22.36838,17.701534,17.518112,16.573048,18.42305
crag_41_patch.tiff,patch_13,14.525601,23.654676,17.822393,18.727339,17.793123,20.57987
crag_41_patch.tiff,patch_14,14.349662,23.76544,18.137085,17.359999,16.783747,18.908882
crag_41_patch.tiff,patch_15,17.116692,23.74343,19.316435,18.255798,18.000156,19.098095
crag_41_patch.tiff,patch_16,15.612059,23.583767,19.377499,19.137314,18.63562,20.384758
crag_41_patch.tiff,patch_17,14.040941,24.389404,17.270144,17.976826,18.4177,22.276587
crag_41_patch.tiff,patch_18,14.419562,23.021345,18.358109,17.354584,16.69837,18.954363
crag_41_patch.tiff,patch_19,15.652628,23.767847,19.216133,18.25943,18.703962,18.098936
crag_41_patch.tiff,patch_20,14.447118,23.73041,18.599707,17.407852,17.27792,18.988304
crag_41_patch.tiff,patch_21,13.729595,23.535465,17.830315,17.442461,17.843143,18.91473
crag_41_patch.tiff,patch_22,17.412828,22.279356,19.300255,19.720945,19.759819,18.53235
crag_41_patch.tiff,patch_23,16.39393,24.295816,18.925856,19.638922,19.422138,19.384989
crag_41_patch.tiff,patch_24,13.765564,23.884943,17.870153,18.502789,18.12061,20.492496
crag_41_patch.tiff,patch_25,15.685883,24.47168,18.638275,18.247835,18.443045,20.503027
crag_41_patch.tiff,patch_26,14.259934,22.314991,18.21076,17.452337,17.793398,18.251673
crag_41_patch.tiff,patch_27,16.294964,23.27776,18.080292,18.952158,19.268892,18.991999
crag_41_patch.tiff,patch_28,14.03161,24.008598,18.400118,17.76627,18.258055,19.62995
crag_41_patch.tiff,patch_29,15.472141,22.31651,17.52875,16.438047,17.761366,18.531517
crag_41_patch.tiff,patch_30,16.658915,23.59004,18.941103,19.075827,19.01503,19.382805
crag_41_patch.tiff,patch_31,12.5054035,23.256517,16.980997,16.644789,17.47829,19.538195
crag_41_patch.tiff,patch_32,15.324707,23.363785,18.534105,18.665674,18.615585,19.070225
crag_41_patch.tiff,patch_33,15.408472,23.497427,19.59698,18.260536,18.344494,20.707027
crag_41_patch.tiff,patch_34,16.31833,23.018711,18.374453,18.896673,18.717257,20.25535
crag_41_patch.tiff,patch_35,13.570435,23.266787,17.815289,18.405256,17.237291,22.11669
crag_45_patch.tiff,patch_0,13.855313,23.57224,17.050255,18.297367,17.025557,20.568815
crag_45_patch.tiff,patch_1,15.343877,24.479397,18.081707,18.602652,18.531912,21.852587
crag_45_patch.tiff,patch_2,13.711115,23.110155,16.083488,18.971354,17.01889,23.396109
crag_45_patch.tiff,patch_3,14.121641,23.566738,18.16294,19.654526,16.175926,22.409023
crag_45_patch.tiff,patch_4,15.515175,23.69027,17.33864,19.490242,19.288319,20.077374
crag_45_patch.tiff,patch_5,15.0822935,22.901867,18.302292,19.750885,17.106792,24.915308
crag_45_patch.tiff,patch_6,16.817955,24.93246,18.643064,20.67213,19.92453,21.562
crag_45_patch.tiff,patch_7,13.378211,23.728415,16.932178,17.953518,16.988764,22.233603
crag_45_patch.tiff,patch_8,15.652035,23.76792,17.87058,20.513815,18.509245,22.191954
crag_45_patch.tiff,patch_9,13.613919,23.59442,16.491646,20.220898,17.020754,25.640999
crag_45_patch.tiff,patch_10,16.018227,23.75589,17.848295,22.026756,19.294367,23.552786
crag_45_patch.tiff,patch_11,14.3126955,23.624565,16.768787,21.065065,18.09233,25.204428
crag_45_patch.tiff,patch_12,16.843582,23.7409,17.993359,21.109173,19.9835,20.909687
crag_45_patch.tiff,patch_13,15.372482,24.287607,17.639002,20.331442,18.835707,24.904024
crag_45_patch.tiff,patch_14,14.450345,23.0023,16.945192,19.399984,18.886436,20.032223
crag_45_patch.tiff,patch_15,14.572599,23.938429,16.948685,18.746815,19.090576,21.393278
crag_45_patch.tiff,patch_16,13.661042,24.363659,17.352516,20.073187,17.945084,24.983778
crag_45_patch.tiff,patch_17,15.533113,23.523523,18.252829,19.856339,18.554016,24.349535
crag_45_patch.tiff,patch_18,15.711834,23.100521,17.051321,20.651556,19.458445,21.352427
crag_45_patch.tiff,patch_19,15.359927,23.897535,17.910091,20.670706,18.722164,23.329126
crag_45_patch.tiff,patch_20,13.092066,23.728922,17.28433,19.43155,16.659603,20.172617
crag_45_patch.tiff,patch_21,13.993753,24.34559,17.243961,18.37909,18.478163,21.548426
crag_45_patch.tiff,patch_22,15.77645,22.969744,17.743122,19.170036,19.049768,20.828426
crag_45_patch.tiff,patch_23,13.128149,23.049316,16.813936,19.618582,17.234112,25.246088
crag_45_patch.tiff,patch_24,15.522575,21.858501,17.58777,19.480417,19.277376,19.069332
crag_45_patch.tiff,patch_25,14.521008,23.005411,16.929945,18.988743,18.72115,20.619907
crag_45_patch.tiff,patch_26,14.342103,23.956264,16.988956,19.48916,18.992495,21.663866
crag_45_patch.tiff,patch_27,15.713556,23.706833,17.269075,20.641005,20.773853,24.496923
crag_45_patch.tiff,patch_28,13.352057,22.389067,16.286116,18.291676,18.295502,17.266993
crag_45_patch.tiff,patch_29,13.661869,23.214613,17.496548,18.656565,18.765434,19.14164
crag_45_patch.tiff,patch_30,16.916342,22.450289,17.221449,21.059011,20.129757,21.156433
crag_45_patch.tiff,patch_31,15.224075,23.397268,16.382643,19.321554,18.85502,21.053997
crag_45_patch.tiff,patch_32,15.651317,24.634056,17.776056,21.191488,18.756073,26.026361
crag_45_patch.tiff,patch_33,13.715593,24.350048,17.389336,19.00078,17.8572,25.365232
crag_45_patch.tiff,patch_34,16.011677,23.567356,17.121021,20.820292,20.223812,21.971704
crag_45_patch.tiff,patch_35,14.979812,23.426931,17.213316,19.53877,20.10899,21.620329
crag_49_patch.tiff,patch_0,16.952332,24.005056,18.731707,21.771208,19.976448,17.043058
crag_49_patch.tiff,patch_1,15.686775,23.179806,17.988066,21.948233,18.615444,22.525122
crag_49_patch.tiff,patch_2,18.457966,23.715631,19.181559,22.39839,20.313932,22.37893
crag_49_patch.tiff,patch_3,15.989841,24.057085,18.218437,21.186369,18.356361,23.199648
crag_49_patch.tiff,patch_4,19.548637,23.991896,21.292255,23.555061,19.195711,18.856579
crag_49_patch.tiff,patch_5,18.022001,21.385277,20.120537,23.51062,20.715612,17.205381
crag_49_patch.tiff,patch_6,16.551569,23.890795,20.152817,21.433477,19.415693,15.873398
crag_49_patch.tiff,patch_7,16.513088,24.524214,18.846424,19.962942,19.620083,19.67659
crag_49_patch.tiff,patch_8,16.479074,23.86008,18.713758,23.042429,19.99652,23.456223
crag_49_patch.tiff,patch_9,17.062122,23.02321,17.660196,21.802109,18.781965,22.398571
crag_49_patch.tiff,patch_10,17.900301,25.404465,19.091652,21.529926,18.797165,23.87404
crag_49_patch.tiff,patch_11,18.292788,22.606691,20.405636,22.760054,20.290758,16.608517
crag_49_patch.tiff,patch_12,17.214693,23.766344,20.856752,21.673672,20.563025,15.869677
crag_49_patch.tiff,patch_13,15.98539,24.371805,19.509449,20.149038,19.999884,16.259857
crag_49_patch.tiff,patch_14,16.099617,23.777199,17.899706,22.272642,18.853981,23.318087
crag_49_patch.tiff,patch_15,16.868341,23.660334,18.336683,22.392534,19.881584,23.218067
crag_49_patch.tiff,patch_16,19.631353,24.619884,20.857342,22.721428,19.199163,21.598536
crag_49_patch.tiff,patch_17,17.590696,22.261436,21.068323,24.065071,21.520658,19.27449
crag_49_patch.tiff,patch_18,17.664024,25.221354,20.403757,22.045416,22.704947,16.354448
crag_49_patch.tiff,patch_19,14.977707,23.864105,19.458408,18.433956,19.523636,14.064733
crag_49_patch.tiff,patch_20,17.648064,23.582293,20.477573,22.581182,21.611124,21.360981
crag_49_patch.tiff,patch_21,17.164764,23.560942,19.82733,22.105951,20.872675,23.73558
crag_49_patch.tiff,patch_22,17.111217,24.490742,19.926014,22.335884,19.802616,23.820072
crag_49_patch.tiff,patch_23,17.169342,23.458813,19.5766,22.850964,19.332108,21.657225
crag_49_patch.tiff,patch_24,17.943676,23.72499,20.477127,21.863012,22.260452,16.737534
crag_49_patch.tiff,patch_25,15.63064,23.395378,19.509651,19.624065,20.988953,15.84593
crag_49_patch.tiff,patch_26,14.424118,24.61943,19.158087,18.417614,18.785776,16.778873
crag_49_patch.tiff,patch_27,17.165976,22.29823,18.597326,22.76196,20.189713,21.034452
crag_49_patch.tiff,patch_28,17.010271,24.374907,19.369312,23.098444,19.459436,22.99832
crag_49_patch.tiff,patch_29,17.294493,24.055344,19.06031,22.969719,20.3252,23.361814
crag_49_patch.tiff,patch_30,17.269148,24.364992,18.763014,20.689625,20.775661,18.673319
crag_49_patch.tiff,patch_31,15.650518,24.011549,18.704779,19.72692,20.325762,15.762718
crag_49_patch.tiff,patch_32,15.370113,24.232607,19.103659,18.763308,18.627365,17.185547
crag_49_patch.tiff,patch_33,15.528664,22.18412,17.390137,20.802256,18.73435,20.727613
crag_49_patch.tiff,patch_34,16.41585,24.246475,18.673344,22.849806,19.669044,25.661285
crag_49_patch.tiff,patch_35,18.258728,24.784561,19.395933,21.927256,20.224495,23.785063
crag_51_patch.tiff,patch_0,13.459664,23.862759,16.95915,18.270658,17.086588,21.781614
crag_51_patch.tiff,patch_1,14.902101,21.735651,16.338135,19.844841,17.238104,19.875746
crag_51_patch.tiff,patch_2,17.02203,20.933613,16.581764,21.072458,19.453232,17.535095
crag_51_patch.tiff,patch_3,15.023869,21.757101,16.32933,19.43272,18.665796,21.002417
crag_51_patch.tiff,patch_4,15.957715,23.477423,18.342972,19.15326,18.765757,23.356098
crag_51_patch.tiff,patch_5,17.126453,22.303719,18.247528,19.961079,18.286486,20.365456
crag_51_patch.tiff,patch_6,15.668139,21.953537,16.638409,20.373344,20.963936,19.514158
crag_51_patch.tiff,patch_7,15.493529,21.969048,16.68486,20.456905,20.517412,18.875313
crag_51_patch.tiff,patch_8,19.424097,22.856598,19.261152,22.203714,19.56586,20.571749
crag_51_patch.tiff,patch_9,18.289436,21.334099,17.18645,21.112432,18.62603,20.335094
crag_51_patch.tiff,patch_10,16.748793,24.495382,18.072248,21.659689,19.597897,23.659107
crag_51_patch.tiff,patch_11,18.866282,24.064379,18.977776,21.38791,19.360334,22.860916
crag_51_patch.tiff,patch_12,15.203368,22.73194,15.633271,20.382591,19.394434,22.253702
crag_51_patch.tiff,patch_13,15.340645,24.881317,17.741718,19.843462,18.946865,22.188635
crag_51_patch.tiff,patch_14,15.576551,22.422817,17.058756,19.475117,19.11895,21.889181
crag_51_patch.tiff,patch_15,15.169626,21.784441,17.287617,18.925823,18.008814,21.280193
crag_51_patch.tiff,patch_16,17.121267,23.03377,18.397957,21.448374,20.913126,18.774157
crag_51_patch.tiff,patch_17,13.842663,22.32423,16.073738,18.38504,18.39445,21.03899
crag_51_patch.tiff,patch_18,15.550781,21.846992,17.224201,19.45407,18.876799,20.09186
crag_51_patch.tiff,patch_19,14.381525,23.80346,16.70434,19.645096,19.18475,22.861753
crag_51_patch.tiff,patch_20,14.594556,22.820118,16.135738,18.731352,18.335638,20.582777
crag_51_patch.tiff,patch_21,15.668483,23.582977,17.044495,20.1837,19.075684,23.436888
crag_51_patch.tiff,patch_22,15.092675,23.509907,16.955791,19.85586,19.455088,21.756487
crag_51_patch.tiff,patch_23,16.699705,23.746172,18.979418,19.66806,17.978178,20.779413
crag_51_patch.tiff,patch_24,15.345626,22.646769,16.849447,20.061892,20.281578,20.750616
crag_51_patch.tiff,patch_25,13.780157,23.616457,17.490284,18.97009,18.480558,22.056046
crag_51_patch.tiff,patch_26,14.890555,23.480288,16.992329,19.507607,18.198204,20.697521
crag_51_patch.tiff,patch_27,15.864096,24.314682,17.2557,20.65154,19.927185,21.071047
crag_51_patch.tiff,patch_28,13.648424,22.302416,15.642034,17.624292,18.966064,20.095482
crag_51_patch.tiff,patch_29,16.019768,22.097166,16.823473,19.174986,19.204962,20.398474
crag_51_patch.tiff,patch_30,14.527498,21.403961,16.53535,20.814844,19.300083,20.778847
crag_51_patch.tiff,patch_31,13.578784,22.484898,16.573318,18.077858,17.970634,19.609318
crag_51_patch.tiff,patch_32,15.090294,23.249876,16.992817,19.933804,20.199589,20.744593
crag_51_patch.tiff,patch_33,16.696493,22.6501,17.021284,20.897804,20.573332,21.618845
crag_51_patch.tiff,patch_34,15.6798525,22.504889,16.565935,18.997131,18.912365,20.130983
crag_51_patch.tiff,patch_35,16.42129,23.001749,17.966557,20.180069,19.92553,20.492748
crag_52_patch.tiff,patch_0,20.80304,23.70727,21.532694,23.07076,21.10386,23.241688
crag_52_patch.tiff,patch_1,20.086824,23.711412,21.926851,20.944368,20.181519,22.078243
crag_52_patch.tiff,patch_2,17.60171,23.087626,20.71075,20.593763,17.97026,24.200436
crag_52_patch.tiff,patch_3,20.295332,24.993496,22.433708,21.453564,21.67653,23.48469
crag_52_patch.tiff,patch_4,21.435692,23.991919,22.097292,22.195951,22.673935,21.867104
crag_52_patch.tiff,patch_5,22.367123,21.80404,22.496977,21.902443,21.072218,21.256348
crag_52_patch.tiff,patch_6,20.30774,23.632278,21.878223,21.869596,20.29669,23.363617
crag_52_patch.tiff,patch_7,20.191341,22.155363,21.57203,20.851154,18.750034,22.154974
crag_52_patch.tiff,patch_8,20.422138,23.774387,22.019377,22.516397,19.631319,23.650845
crag_52_patch.tiff,patch_9,20.91646,22.901266,21.338259,21.002884,19.681843,23.06397
crag_52_patch.tiff,patch_10,20.320633,24.803518,22.75652,22.402859,23.08712,22.982712
crag_52_patch.tiff,patch_11,20.298971,23.69991,21.451708,22.259224,21.126171,25.04223
crag_52_patch.tiff,patch_12,22.33922,23.538826,23.05166,23.362919,22.805727,23.587446
crag_52_patch.tiff,patch_13,18.64676,24.175438,20.505047,21.840284,19.049236,24.781345
crag_52_patch.tiff,patch_14,20.3906,23.707733,21.57891,21.969732,19.797592,24.2341
crag_52_patch.tiff,patch_15,16.598902,23.892649,18.62009,19.260529,16.940714,21.841698
crag_52_patch.tiff,patch_16,16.198093,23.182835,18.691248,20.554789,19.675425,21.066704
crag_52_patch.tiff,patch_17,15.534503,24.541718,18.01914,20.551434,17.688072,24.555265
crag_52_patch.tiff,patch_18,18.33802,25.659834,19.972164,21.394175,21.367033,25.300026
crag_52_patch.tiff,patch_19,18.307919,26.05816,19.806726,20.575756,19.773294,24.837692
crag_52_patch.tiff,patch_20,15.673905,24.323456,18.52518,19.862276,17.320871,24.236479
crag_52_patch.tiff,patch_21,14.007565,24.237034,17.539663,19.782494,16.58569,24.978739
crag_52_patch.tiff,patch_22,18.700342,24.865921,20.080938,21.524607,20.181463,17.84309
crag_52_patch.tiff,patch_23,16.474422,24.10319,19.413393,20.698948,20.688047,17.084703
crag_52_patch.tiff,patch_24,16.5438,25.203562,19.9811,20.814333,19.348906,21.2295
crag_52_patch.tiff,patch_25,18.002396,24.75595,19.077421,21.243057,20.615705,21.478474
crag_52_patch.tiff,patch_26,18.672945,25.465834,19.427147,22.785137,22.510553,21.551344
crag_52_patch.tiff,patch_27,16.721117,25.122192,19.887833,21.187311,20.196316,19.134226
crag_52_patch.tiff,patch_28,17.001919,24.943811,19.248442,20.107758,20.279207,18.450975
crag_52_patch.tiff,patch_29,18.96279,23.87973,21.012075,20.227661,18.385344,20.478376
crag_52_patch.tiff,patch_30,16.497719,24.406301,19.537941,18.458378,18.891708,19.461882
crag_52_patch.tiff,patch_31,16.127165,25.094065,19.907324,18.075228,18.138988,17.586689
crag_52_patch.tiff,patch_32,17.70869,24.826567,20.445066,20.478485,19.47895,18.515856
crag_52_patch.tiff,patch_33,17.21193,24.925032,19.21109,20.797438,19.754728,18.001102
crag_53_patch.tiff,patch_0,14.3872,23.392372,18.730251,17.27776,15.890645,16.94072
crag_53_patch.tiff,patch_1,13.56956,22.220148,18.099554,16.183794,15.340334,16.617191
crag_53_patch.tiff,patch_2,16.004847,24.38757,18.818596,20.496866,18.529478,19.739931
crag_53_patch.tiff,patch_3,16.231848,25.638493,19.973358,21.671148,18.972803,25.988968
crag_53_patch.tiff,patch_4,16.024357,24.833357,18.794958,22.046124,19.349117,23.469492
crag_53_patch.tiff,patch_5,14.738976,23.069183,19.479471,17.917654,16.858128,16.509047
crag_53_patch.tiff,patch_6,15.575877,23.530693,19.319357,19.667198,18.046345,17.130947
crag_53_patch.tiff,patch_7,14.367181,22.343502,18.458025,17.975403,17.149094,15.256117
crag_53_patch.tiff,patch_8,15.301973,21.750267,18.233309,20.176914,19.107788,16.971527
crag_53_patch.tiff,patch_9,16.97902,23.659744,19.518095,22.660988,19.225132,24.572441
crag_53_patch.tiff,patch_10,15.269547,24.568113,18.585764,20.7348,18.098114,25.537237
crag_53_patch.tiff,patch_11,15.527235,23.457159,19.55479,18.934216,16.395075,20.049221
crag_53_patch.tiff,patch_12,15.979312,23.723253,19.530779,20.209385,18.456049,18.891287
crag_53_patch.tiff,patch_13,16.60253,24.394945,20.77224,18.720684,18.709112,16.915344
crag_53_patch.tiff,patch_14,15.921936,22.565727,18.71843,19.55982,18.463825,17.12373
crag_53_patch.tiff,patch_15,15.57133,23.411446,19.309807,21.027678,19.695068,21.648645
crag_53_patch.tiff,patch_16,17.22584,25.475262,19.672632,23.1712,20.42832,23.051802
crag_53_patch.tiff,patch_17,15.28615,24.075201,18.33796,21.49302,17.625648,22.67155
crag_53_patch.tiff,patch_18,14.841513,23.043295,19.907028,18.322496,16.765005,17.818153
crag_53_patch.tiff,patch_19,15.864612,23.057226,21.190048,18.892595,18.43866,17.239914
crag_53_patch.tiff,patch_20,15.551813,22.586737,19.038115,20.053268,18.53203,17.662632
crag_53_patch.tiff,patch_21,16.366323,23.131327,19.700829,20.976778,20.587029,18.606003
crag_53_patch.tiff,patch_22,17.078012,23.896284,18.889587,21.31339,20.711155,22.644623
crag_53_patch.tiff,patch_23,16.670988,24.760498,19.844223,22.83931,20.092138,25.14174
crag_53_patch.tiff,patch_24,15.867667,23.199251,20.701105,19.26535,18.148525,15.316462
crag_53_patch.tiff,patch_25,15.050932,22.790047,20.828527,19.378717,18.465824,14.730768
crag_53_patch.tiff,patch_26,14.993991,22.894447,18.769596,18.237087,18.067293,16.118288
crag_53_patch.tiff,patch_27,13.520786,22.112211,18.449715,17.175524,16.761307,15.9930725
crag_53_patch.tiff,patch_28,15.595375,23.346252,18.080885,18.989574,18.935955,19.20555
crag_53_patch.tiff,patch_29,16.12439,24.539276,20.583733,22.575562,20.780437,22.332464
crag_53_patch.tiff,patch_30,17.485296,25.08105,18.839039,20.808651,19.874872,22.41808
crag_53_patch.tiff,patch_31,20.097612,23.403282,20.401001,22.758537,21.55862,20.746067
crag_53_patch.tiff,patch_32,16.673874,23.494688,19.228731,21.680477,19.771997,18.473978
crag_53_patch.tiff,patch_33,16.513685,24.40011,20.044569,20.227316,18.52742,17.987925
crag_53_patch.tiff,patch_34,15.962679,24.513762,19.185493,20.24723,19.646965,19.067455
crag_53_patch.tiff,patch_35,15.463494,22.659658,17.621964,22.28254,20.34445,22.91647
crag_57_patch.tiff,patch_0,16.531702,25.351522,19.890882,21.540949,19.215626,20.66225
crag_57_patch.tiff,patch_1,16.998983,24.969221,20.63497,18.115252,20.163435,20.073378
crag_57_patch.tiff,patch_2,17.285269,23.52126,21.527863,19.482647,20.274527,17.103403
crag_57_patch.tiff,patch_3,15.809823,24.630568,21.3939,18.0725,18.70468,16.882793
crag_57_patch.tiff,patch_4,15.131566,23.577595,19.916132,17.371815,16.948954,16.740358
crag_57_patch.tiff,patch_5,15.576557,24.671402,20.080252,17.5232,17.931385,17.797308
crag_57_patch.tiff,patch_6,14.678282,24.873257,19.122503,18.206488,17.780077,19.037493
crag_57_patch.tiff,patch_7,16.415464,24.391037,19.467031,19.887495,19.817444,20.910887
crag_57_patch.tiff,patch_8,17.622812,24.31834,21.271252,19.661366,18.96601,18.113522
crag_57_patch.tiff,patch_9,14.281806,23.49072,19.364393,16.954508,16.792679,17.657211
crag_57_patch.tiff,patch_10,17.326782,24.726856,21.229076,20.320713,18.521442,17.436258
crag_57_patch.tiff,patch_11,14.744657,22.67348,20.336935,17.839558,17.118748,17.385242
crag_57_patch.tiff,patch_12,15.708138,25.352465,18.96687,19.95084,19.28452,20.24028
crag_57_patch.tiff,patch_13,15.483682,23.48606,18.673853,18.22508,17.433563,18.328295
crag_57_patch.tiff,patch_14,16.980732,24.523079,21.939302,20.214575,18.430307,18.332312
crag_57_patch.tiff,patch_15,15.384568,23.807322,19.565483,18.218063,17.46051,16.74295
crag_57_patch.tiff,patch_16,15.073744,24.057962,19.42494,17.728699,16.704147,16.770546
crag_57_patch.tiff,patch_17,14.271666,23.80657,19.446466,17.199724,16.698643,17.565857
crag_57_patch.tiff,patch_18,13.097919,22.786913,17.123556,16.011469,15.595638,17.88749
crag_57_patch.tiff,patch_19,15.556955,23.595951,19.270975,18.873352,19.147017,15.764515
crag_57_patch.tiff,patch_20,16.088255,25.2762,22.05144,20.396778,19.226784,16.79025
crag_57_patch.tiff,patch_21,14.849555,23.198309,18.690395,16.5891,17.400618,16.235891
crag_57_patch.tiff,patch_22,13.04678,22.752092,18.567974,16.346037,15.289076,16.162643
crag_57_patch.tiff,patch_23,15.040054,23.890352,20.162733,17.663574,16.03961,15.514943
crag_57_patch.tiff,patch_24,15.439854,23.554502,18.432571,18.222734,17.807047,19.288752
crag_57_patch.tiff,patch_25,14.223909,23.24331,19.477262,16.984653,16.348278,16.462612
crag_57_patch.tiff,patch_26,14.255304,24.015636,18.836458,18.159763,17.591322,18.509533
crag_57_patch.tiff,patch_27,13.904423,24.55117,19.834028,18.742258,18.490545,21.20812
crag_57_patch.tiff,patch_28,16.399563,24.474173,18.991314,19.190681,18.405535,18.350183
crag_57_patch.tiff,patch_29,15.821508,23.243645,21.523825,20.33546,18.088238,13.531069
crag_57_patch.tiff,patch_30,15.822305,23.703564,20.773308,18.90711,17.880302,17.20834
crag_57_patch.tiff,patch_31,13.562561,23.028746,18.869778,16.98017,17.612122,15.347823
crag_57_patch.tiff,patch_32,17.387136,23.799862,19.437372,19.846767,19.078243,16.121922
crag_57_patch.tiff,patch_33,17.036873,25.368969,22.364758,20.184507,19.812584,18.000248
crag_57_patch.tiff,patch_34,12.914369,22.86622,18.280418,15.784516,14.829547,17.33809
crag_57_patch.tiff,patch_35,14.520454,23.090929,19.250725,19.238144,17.103584,17.738668
crag_61_patch.tiff,patch_0,17.412447,23.545591,18.864378,20.775835,19.157995,24.063808
crag_61_patch.tiff,patch_1,15.577187,22.982159,17.162947,19.29775,18.259716,20.58981
crag_61_patch.tiff,patch_2,14.986675,22.57399,17.685686,19.76869,17.797781,22.517525
crag_61_patch.tiff,patch_3,18.352333,23.850845,19.012089,21.357777,19.12062,22.930328
crag_61_patch.tiff,patch_4,17.025959,23.58417,18.266394,19.676804,18.756636,21.819017
crag_61_patch.tiff,patch_5,18.34795,23.690063,19.286364,21.758093,19.69539,21.371704
crag_61_patch.tiff,patch_6,14.288203,21.633774,16.640047,18.586292,17.514803,19.729345
crag_61_patch.tiff,patch_7,15.20277,23.771841,17.122871,19.122454,17.912325,22.059664
crag_61_patch.tiff,patch_8,16.191778,22.45722,17.857037,20.141823,18.779852,21.43063
crag_61_patch.tiff,patch_9,19.717978,23.35012,18.929604,21.847427,20.0817,20.591536
crag_61_patch.tiff,patch_10,18.559195,22.503922,18.489798,19.705805,19.747389,20.405457
crag_61_patch.tiff,patch_11,15.77747,22.599943,17.4204,18.93235,17.922287,19.93518
crag_61_patch.tiff,patch_12,15.9405575,22.76628,18.62012,19.874992,17.823093,20.295752
crag_61_patch.tiff,patch_13,12.550053,21.921366,15.719759,18.380995,16.876936,22.300652
crag_61_patch.tiff,patch_14,15.656954,23.23364,18.227062,19.547503,19.366617,21.019705
crag_61_patch.tiff,patch_15,15.540879,22.36777,17.2979,17.383684,17.762133,19.24307
crag_61_patch.tiff,patch_16,16.363865,22.136698,17.81545,18.938766,17.2929,21.094795
crag_61_patch.tiff,patch_17,16.367977,23.960348,18.42442,20.15364,18.852642,21.336983
crag_61_patch.tiff,patch_18,15.803679,22.538042,17.337631,19.36597,17.603817,21.023926
crag_61_patch.tiff,patch_19,19.799246,24.274515,20.366602,21.83883,21.653452,23.391266
crag_61_patch.tiff,patch_20,17.109867,23.112398,18.709377,20.712095,19.653614,22.07452
crag_61_patch.tiff,patch_21,14.657833,23.558664,18.013796,17.713066,17.27933,19.404636
crag_61_patch.tiff,patch_22,16.235853,21.626432,18.42632,19.765135,18.788004,20.73192
crag_61_patch.tiff,patch_23,15.399016,23.66888,17.685755,19.056551,18.228926,21.167183
crag_61_patch.tiff,patch_24,17.909298,24.191202,19.075306,21.859655,19.573679,24.772701
crag_61_patch.tiff,patch_25,15.360053,22.425041,17.342737,18.426247,18.389221,20.641409
crag_61_patch.tiff,patch_26,15.359093,22.165806,16.989607,18.147783,18.068449,20.758965
crag_61_patch.tiff,patch_27,16.33183,22.825071,17.337278,19.266102,18.874678,20.99633
crag_61_patch.tiff,patch_28,15.259506,23.12293,16.444674,19.041397,18.164652,20.823439
crag_61_patch.tiff,patch_29,14.534055,22.891747,17.348913,16.826908,15.825289,18.119232
crag_61_patch.tiff,patch_30,17.43927,22.770815,17.445948,20.04342,18.40752,21.193872
crag_61_patch.tiff,patch_31,15.431259,21.915113,16.31463,19.924498,19.136194,21.850245
crag_61_patch.tiff,patch_32,15.906064,22.92628,18.366354,20.96506,18.638863,22.913927
crag_61_patch.tiff,patch_33,14.674395,22.337957,16.96798,18.547153,18.319128,20.442259
crag_61_patch.tiff,patch_34,15.134167,21.963625,16.985306,18.23956,17.90312,20.014772
crag_61_patch.tiff,patch_35,14.733572,23.855099,17.218237,17.952171,18.056704,22.090685
crag_62_patch.tiff,patch_0,15.014668,24.897621,19.755985,21.130898,18.227467,24.23748
crag_62_patch.tiff,patch_1,16.346502,24.150003,18.340923,21.044405,18.914988,25.175243
crag_62_patch.tiff,patch_2,14.346327,23.001936,17.606241,21.46466,17.598373,24.257565
crag_62_patch.tiff,patch_3,15.620216,23.264706,17.964655,22.172567,18.573725,25.835272
crag_62_patch.tiff,patch_4,13.743452,22.787903,17.467012,20.6412,18.223043,24.068726
crag_62_patch.tiff,patch_5,14.290637,23.988462,18.545237,19.072062,17.20424,20.13682
crag_62_patch.tiff,patch_6,13.09753,23.486126,17.414127,19.608978,17.538153,22.822847
crag_62_patch.tiff,patch_7,16.328623,23.504446,18.162762,22.16211,19.864784,26.47569
crag_62_patch.tiff,patch_8,16.706028,23.825476,19.606829,23.519278,20.297508,23.176876
crag_62_patch.tiff,patch_9,16.418406,24.593176,19.183146,21.96255,19.156733,26.700897
crag_62_patch.tiff,patch_10,14.09391,23.866814,17.73101,20.656792,17.756348,25.067297
crag_62_patch.tiff,patch_11,16.557364,24.193594,18.37246,22.367283,19.046747,24.888494
crag_62_patch.tiff,patch_12,14.363292,23.622,17.775879,21.267157,17.407251,25.050022
crag_62_patch.tiff,patch_13,16.411741,22.73224,18.658985,22.430132,19.922335,24.582394
crag_62_patch.tiff,patch_14,15.684963,24.40021,18.2365,21.949532,17.936714,23.680923
crag_62_patch.tiff,patch_15,18.639082,24.14736,20.267288,22.881151,18.578669,24.276127
crag_62_patch.tiff,patch_16,15.766938,23.578419,19.651527,21.48408,17.915339,24.1377
crag_62_patch.tiff,patch_17,15.668263,24.517382,18.725107,21.135014,18.442608,23.52639
crag_62_patch.tiff,patch_18,13.152853,23.368158,16.754793,20.295704,17.351631,24.688911
crag_62_patch.tiff,patch_19,13.473732,23.740292,17.699886,20.22229,17.299126,24.141317
crag_62_patch.tiff,patch_20,17.645792,23.172754,18.435415,23.288486,20.927908,21.227385
crag_62_patch.tiff,patch_21,17.975441,25.622395,20.913254,21.973078,20.514776,19.680485
crag_62_patch.tiff,patch_22,16.834044,24.246223,20.724224,21.664806,18.559536,19.236315
crag_62_patch.tiff,patch_23,13.478805,24.397707,17.704403,20.960842,17.361742,25.934942
crag_62_patch.tiff,patch_24,14.767648,23.32521,18.637804,20.799683,16.772966,24.158972
crag_62_patch.tiff,patch_25,14.882202,23.725796,18.017996,20.3503,17.748686,23.03361
crag_62_patch.tiff,patch_26,16.59719,23.873781,20.415577,21.249289,19.884827,17.445814
crag_62_patch.tiff,patch_27,15.668303,24.327381,19.688776,18.780565,18.595121,18.42833
crag_62_patch.tiff,patch_28,14.3683405,23.586525,19.703226,18.345638,17.222742,16.401726
crag_62_patch.tiff,patch_29,16.103046,24.083717,19.814056,20.058788,18.553095,17.492636
crag_62_patch.tiff,patch_30,13.999275,23.533535,17.265764,20.568901,17.531826,23.98913
crag_62_patch.tiff,patch_31,13.842286,23.901775,17.890955,18.840052,17.829912,21.051308
crag_62_patch.tiff,patch_32,17.19136,24.350004,21.194418,19.671347,19.678604,16.673466
crag_62_patch.tiff,patch_33,16.860628,24.944435,20.313475,18.505705,18.99207,17.249668
crag_62_patch.tiff,patch_34,15.90861,24.272282,19.858446,18.569345,19.111914,17.812407
crag_62_patch.tiff,patch_35,14.681457,22.940832,19.125265,17.931532,17.189865,17.159485
crag_63_patch.tiff,patch_0,23.035059,24.430874,23.967426,22.255486,21.984684,22.842815
crag_63_patch.tiff,patch_1,21.628956,24.908628,22.596716,22.774204,22.190222,22.814024
crag_63_patch.tiff,patch_2,19.47164,23.41477,20.739256,21.112194,18.481472,23.665567
crag_63_patch.tiff,patch_3,20.171942,22.960047,22.485916,20.901829,18.651352,22.40593
crag_63_patch.tiff,patch_4,19.022081,23.752779,21.030134,21.098698,19.331333,24.849854
crag_63_patch.tiff,patch_5,20.214048,22.566978,21.108635,21.03788,20.295202,23.101757
crag_63_patch.tiff,patch_6,20.034513,24.028307,21.242027,21.135807,19.017923,23.235912
crag_63_patch.tiff,patch_7,18.798265,24.747383,19.40083,21.85687,19.175821,25.395163
crag_63_patch.tiff,patch_8,22.871138,23.009691,21.78694,22.745031,21.94577,21.611692
crag_63_patch.tiff,patch_9,18.914015,23.997866,21.009693,21.525545,18.328545,24.502508
crag_63_patch.tiff,patch_10,19.984945,24.761887,21.04966,21.887184,18.98657,24.999035
crag_63_patch.tiff,patch_11,19.419073,25.373901,20.292402,23.129469,21.725727,24.951775
crag_63_patch.tiff,patch_12,18.7536,23.740538,20.18249,21.647446,18.636618,25.280474
crag_63_patch.tiff,patch_13,17.449028,24.656925,20.481297,20.8073,17.473969,24.696068
crag_63_patch.tiff,patch_14,18.580229,25.347916,18.767159,21.191755,19.830042,23.507397
crag_63_patch.tiff,patch_15,18.757437,24.470623,19.846895,22.318583,19.444973,20.254642
crag_63_patch.tiff,patch_16,19.821344,24.444614,20.547544,23.12653,19.769552,25.066065
crag_63_patch.tiff,patch_17,17.610895,24.264555,20.68338,20.55928,17.09465,23.475092
crag_63_patch.tiff,patch_18,18.082323,24.629194,19.98648,20.727644,20.025434,19.088457
crag_63_patch.tiff,patch_19,16.223257,24.477804,19.671217,19.829483,18.752724,18.304253
crag_7_patch.tiff,patch_0,17.478552,25.39727,19.640488,20.105928,19.548498,17.894
crag_7_patch.tiff,patch_1,16.417635,24.666008,18.822285,19.819693,19.12344,18.657047
crag_7_patch.tiff,patch_2,17.88696,25.249693,19.349451,21.056717,21.176382,19.428644
crag_7_patch.tiff,patch_3,17.85145,25.599424,20.055061,20.150684,18.210443,19.081018
crag_7_patch.tiff,patch_4,18.73514,25.581411,20.283117,21.046532,19.247097,19.90894
crag_7_patch.tiff,patch_5,17.602182,25.89272,20.45434,20.676014,20.175415,18.886875
crag_7_patch.tiff,patch_6,18.552153,25.402744,20.057041,21.819921,21.01589,18.692543
crag_7_patch.tiff,patch_7,17.315758,25.442009,19.342783,21.31295,20.648748,18.498549
crag_7_patch.tiff,patch_8,18.331547,25.191187,21.49309,20.86303,18.79949,21.131832
crag_7_patch.tiff,patch_9,18.639578,26.024296,20.439228,22.183205,21.225945,19.511196
crag_7_patch.tiff,patch_10,20.737965,24.504665,21.778257,23.69039,23.2792,16.856764
crag_7_patch.tiff,patch_11,16.95847,25.219584,19.656199,20.456211,18.722595,20.344654
crag_7_patch.tiff,patch_12,18.316652,25.35655,19.339748,22.003717,21.68483,19.747725
crag_7_patch.tiff,patch_13,17.134203,24.859325,19.859655,21.835072,20.574366,18.071154
crag_7_patch.tiff,patch_14,18.188848,25.424606,20.513336,22.672274,20.894264,17.986807
crag_7_patch.tiff,patch_15,17.599178,24.851536,20.207209,20.016638,19.783194,17.205305
crag_7_patch.tiff,patch_16,17.188267,24.777493,19.117874,21.235678,20.268936,17.643599
crag_7_patch.tiff,patch_17,17.588354,25.012493,20.500067,22.791317,22.685682,19.789305
crag_7_patch.tiff,patch_18,18.902327,25.985914,20.21612,21.41042,20.891985,18.435747
crag_7_patch.tiff,patch_19,17.316454,25.623247,20.196476,21.129547,20.73165,18.087883
crag_7_patch.tiff,patch_20,18.8511,25.168142,20.750309,22.434988,20.386438,17.036377
crag_7_patch.tiff,patch_21,19.345854,25.370884,20.066067,21.147215,20.604507,18.50669
crag_7_patch.tiff,patch_22,19.43015,25.022154,20.854576,22.385912,22.444603,18.348574
crag_7_patch.tiff,patch_23,16.837168,24.51476,19.52178,20.254047,19.59048,17.50003
crag_7_patch.tiff,patch_24,20.167967,24.80085,20.026049,22.661535,21.221302,17.3372
crag_7_patch.tiff,patch_25,18.640093,25.562302,21.069517,22.291594,21.067724,19.686218
crag_7_patch.tiff,patch_26,19.261818,25.185692,21.825052,22.644459,20.898808,17.794884
crag_7_patch.tiff,patch_27,19.218931,25.756273,19.869772,23.199045,21.167637,18.62921
crag_7_patch.tiff,patch_28,19.825712,25.199764,20.970709,22.956583,22.389656,18.577602
crag_7_patch.tiff,patch_29,17.550737,25.32032,20.337757,20.602863,20.281006,17.294294
crag_7_patch.tiff,patch_30,20.971313,25.81109,22.100325,21.82239,21.271933,20.82106
crag_7_patch.tiff,patch_31,19.005184,25.110395,21.169394,21.339224,20.495047,18.1265
crag_7_patch.tiff,patch_32,20.932955,25.40943,19.842842,23.03799,22.132647,17.651962
crag_7_patch.tiff,patch_33,18.931408,25.119728,19.93188,20.81532,18.19901,19.561245
crag_7_patch.tiff,patch_34,18.80895,25.255962,19.43039,21.43197,20.290354,17.577286
crag_7_patch.tiff,patch_35,18.364424,24.942924,19.921618,21.930117,20.46734,16.763487
crag_9_patch.tiff,patch_0,16.260117,22.74682,19.397867,20.046926,19.743069,15.519388
crag_9_patch.tiff,patch_1,16.678038,23.207539,19.557318,20.56236,20.553663,15.094054
crag_9_patch.tiff,patch_2,17.163921,22.708328,20.059221,21.130814,21.35801,14.917907
crag_9_patch.tiff,patch_3,16.486124,23.91197,19.798075,18.621368,19.552534,13.924224
crag_9_patch.tiff,patch_4,15.100107,24.076952,18.774227,17.48129,17.35827,15.674503
crag_9_patch.tiff,patch_5,16.119864,23.421982,20.218086,19.629824,19.347061,13.820346
crag_9_patch.tiff,patch_6,15.51388,21.67204,18.683481,19.361475,18.859257,17.51361
crag_9_patch.tiff,patch_7,13.275898,22.162304,16.920454,16.555576,16.741789,16.265257
crag_9_patch.tiff,patch_8,16.326448,21.982206,18.83626,20.709179,19.798239,15.040556
crag_9_patch.tiff,patch_9,16.06182,24.133127,20.54572,19.504034,19.92937,15.437919
crag_9_patch.tiff,patch_10,17.695597,22.688116,20.293957,21.79368,22.83643,16.45765
crag_9_patch.tiff,patch_11,16.653008,23.95052,20.380274,21.02168,20.552147,15.131588
crag_9_patch.tiff,patch_12,14.9913435,22.387676,17.939877,19.525719,19.707443,17.647663
crag_9_patch.tiff,patch_13,16.109285,22.944452,18.04872,20.423029,21.6147,17.076633
crag_9_patch.tiff,patch_14,14.2454195,22.322987,17.345613,19.031506,19.969656,16.996037
crag_9_patch.tiff,patch_15,13.888866,23.14103,17.133226,18.718113,18.39899,18.18398
crag_9_patch.tiff,patch_16,16.186796,23.768816,19.609787,21.744633,21.114866,18.65912
crag_9_patch.tiff,patch_17,16.539736,23.505316,19.563944,21.486547,21.000751,18.14301
crag_9_patch.tiff,patch_18,15.20812,23.455292,18.221687,18.19208,19.115166,17.994396
crag_9_patch.tiff,patch_19,14.822129,23.037537,17.41126,18.872183,19.193836,18.755978
crag_9_patch.tiff,patch_20,16.554117,22.232183,19.39385,21.461458,21.447685,14.682412
crag_9_patch.tiff,patch_21,15.285834,22.506474,18.25926,20.567238,20.838,17.463362
crag_9_patch.tiff,patch_22,17.008453,23.686415,20.556383,21.841698,22.982681,17.836506
crag_9_patch.tiff,patch_23,15.228762,22.701048,18.27254,19.5158,19.917368,18.445635
crag_9_patch.tiff,patch_24,14.186241,23.44074,17.616158,18.155804,18.3349,20.007614
crag_9_patch.tiff,patch_25,14.469738,22.951057,16.506224,20.034163,19.981129,19.668995
crag_9_patch.tiff,patch_26,14.874178,22.897884,18.230453,20.011942,20.622478,17.603983
crag_9_patch.tiff,patch_27,13.706116,22.869184,17.113289,19.41893,18.734364,20.404705
crag_9_patch.tiff,patch_28,17.747593,24.240047,19.87299,21.290817,20.443392,19.68816
crag_9_patch.tiff,patch_29,17.886486,22.907501,22.038076,22.73885,20.273712,17.127958
crag_9_patch.tiff,patch_30,15.389747,22.976915,17.21973,19.474531,17.15697,22.534613
crag_9_patch.tiff,patch_31,15.890497,22.621435,18.511623,20.3916,20.286398,17.726715
crag_9_patch.tiff,patch_32,14.366414,22.28872,18.36356,21.49367,20.96772,17.540102
crag_9_patch.tiff,patch_33,14.41881,22.73066,18.425035,20.046875,19.943214,16.690277
crag_9_patch.tiff,patch_34,15.63816,22.508009,17.752151,20.189247,18.292435,19.411325
crag_9_patch.tiff,patch_35,15.674125,23.012573,18.144627,19.86264,18.577969,20.326859
dpath_16_patch.tiff,patch_0,20.561451,24.959656,24.3002,22.988657,23.08036,20.739285
dpath_16_patch.tiff,patch_1,20.228703,25.843649,24.745308,22.58694,22.479176,19.958755
dpath_16_patch.tiff,patch_2,20.632177,25.391224,24.808805,23.001719,23.040033,20.4394
dpath_16_patch.tiff,patch_3,18.504732,26.854788,23.938646,19.601248,20.097239,20.239782
dpath_16_patch.tiff,patch_4,21.013239,26.094707,25.125847,21.99308,21.82541,19.398113
dpath_16_patch.tiff,patch_5,20.328068,26.964222,25.422487,22.279556,22.689922,20.17045
dpath_16_patch.tiff,patch_6,20.149857,25.406029,23.393354,22.476988,21.908855,19.196342
dpath_16_patch.tiff,patch_7,21.175072,25.29463,26.618557,23.25835,22.72953,19.023327
dpath_16_patch.tiff,patch_8,19.709742,25.784792,24.189413,22.512896,21.844254,20.105564
dpath_16_patch.tiff,patch_9,20.665827,25.37769,23.437645,21.767403,22.153316,20.130404
dpath_16_patch.tiff,patch_10,17.832216,26.582075,24.10565,20.172014,18.333036,24.765785
dpath_16_patch.tiff,patch_11,18.789263,26.100946,23.451794,21.67923,21.302439,23.243237
dpath_17_patch.tiff,patch_0,18.62192,24.986578,22.81993,21.963728,21.874897,17.376553
dpath_17_patch.tiff,patch_1,18.76205,25.393475,24.260965,22.037996,21.666727,20.283417
dpath_17_patch.tiff,patch_2,19.066929,25.956444,23.572947,21.17897,21.799822,21.847383
dpath_17_patch.tiff,patch_3,19.297588,25.33341,23.279957,22.512335,23.533443,22.874722
dpath_17_patch.tiff,patch_4,17.387917,25.011372,22.86492,20.576435,19.435108,23.195023
dpath_17_patch.tiff,patch_5,18.119041,25.29671,22.83741,19.488718,20.651367,20.744951
dpath_17_patch.tiff,patch_6,20.408573,26.655375,23.111938,20.512676,22.076414,23.318436
dpath_17_patch.tiff,patch_7,19.877295,26.461033,23.168917,22.039322,21.957819,24.291655
dpath_17_patch.tiff,patch_8,17.546045,25.685131,22.451366,20.050484,20.137112,22.893412
dpath_17_patch.tiff,patch_9,19.751703,24.93751,22.121992,21.033848,21.690582,22.13636
dpath_17_patch.tiff,patch_10,19.382202,25.750776,22.99901,20.617603,21.350077,22.051868
dpath_17_patch.tiff,patch_11,20.387257,25.832863,23.999493,22.692915,24.374144,22.80608
dpath_17_patch.tiff,patch_12,18.355263,26.20304,23.525991,21.910542,21.366135,20.346188
dpath_17_patch.tiff,patch_13,19.245174,25.639341,23.426767,21.957977,22.89496,21.3564
dpath_17_patch.tiff,patch_14,19.523142,25.51512,22.65546,21.343498,21.51414,21.901049
dpath_17_patch.tiff,patch_15,18.600344,25.972818,22.943392,21.246357,21.747166,19.415848
dpath_17_patch.tiff,patch_16,20.57169,25.438623,22.275093,21.869236,22.909794,20.928955
dpath_17_patch.tiff,patch_17,17.004227,25.306454,22.164097,22.120264,21.98185,20.436491
dpath_17_patch.tiff,patch_18,18.777695,26.018805,23.984257,21.99632,22.22967,19.245785
dpath_17_patch.tiff,patch_19,19.895237,25.979446,23.922794,22.187874,23.143509,19.818481
dpath_18_patch.tiff,patch_0,17.841387,25.605103,22.855938,22.103178,20.682995,20.598963
dpath_18_patch.tiff,patch_1,18.522358,24.269073,23.01269,21.830997,20.133598,20.679743
dpath_18_patch.tiff,patch_2,18.926083,24.944391,22.799156,21.447332,18.314053,21.962482
dpath_18_patch.tiff,patch_3,19.549099,26.214582,24.14758,22.326893,21.765806,22.49237
dpath_18_patch.tiff,patch_4,18.91426,25.17798,25.443338,23.945475,22.744114,19.147045
dpath_18_patch.tiff,patch_5,18.534225,24.61641,22.710865,23.078363,21.956713,19.72159
dpath_18_patch.tiff,patch_6,18.06817,24.38942,23.35529,20.256748,17.979473,21.830383
dpath_18_patch.tiff,patch_7,17.853971,25.30419,24.492346,19.302877,17.628233,21.275202
dpath_18_patch.tiff,patch_8,17.760258,24.516184,23.718822,22.961288,20.921507,19.569645
dpath_18_patch.tiff,patch_9,18.942537,25.205002,24.407827,23.929605,23.320662,18.865477
dpath_18_patch.tiff,patch_10,20.273159,24.246017,24.359793,22.239737,22.059752,18.466629
dpath_18_patch.tiff,patch_11,17.331675,25.210135,23.578798,19.686665,17.736395,21.115341
dpath_18_patch.tiff,patch_12,17.107391,24.960594,23.368319,22.513582,20.319002,19.02828
dpath_18_patch.tiff,patch_13,19.824074,24.767925,24.441256,23.293068,21.091078,19.485662
dpath_18_patch.tiff,patch_14,17.33539,25.188187,23.486982,22.838575,21.381647,19.30726
dpath_18_patch.tiff,patch_15,18.557745,24.20598,23.042528,22.264563,20.274054,20.381224
dpath_18_patch.tiff,patch_16,18.03934,25.213242,23.598274,22.485586,21.585318,18.582754
dpath_18_patch.tiff,patch_17,18.98371,24.35342,23.727724,23.240688,22.56363,18.62825
dpath_18_patch.tiff,patch_18,20.496187,24.553196,24.18703,23.917015,23.85765,17.48338
dpath_18_patch.tiff,patch_19,18.204569,24.774387,22.539778,21.396147,20.465849,20.620516
dpath_19_patch.tiff,patch_0,17.948181,26.392235,22.567995,19.312273,20.952635,19.318453
dpath_19_patch.tiff,patch_1,21.406216,23.998789,24.05439,23.7424,25.647837,18.920794
dpath_19_patch.tiff,patch_2,19.030518,23.937832,24.830564,24.344402,24.821005,16.581623
dpath_19_patch.tiff,patch_3,19.100397,25.40201,22.967411,22.328207,23.514603,17.526272
dpath_19_patch.tiff,patch_4,19.305683,25.82438,24.996967,22.519812,24.554094,17.861906
dpath_19_patch.tiff,patch_5,18.257505,26.45636,23.609583,20.633188,22.943243,19.633059
dpath_19_patch.tiff,patch_6,18.587042,25.63904,23.836527,21.63768,22.816206,18.807041
dpath_19_patch.tiff,patch_7,19.083319,24.89644,24.36942,22.35901,24.340796,17.569296
dpath_19_patch.tiff,patch_8,18.600464,25.741274,25.034801,23.50163,24.748907,18.52947
dpath_19_patch.tiff,patch_9,19.22122,25.717861,24.186733,22.322622,24.38086,17.509085
dpath_19_patch.tiff,patch_10,18.352934,26.385614,24.069725,21.925804,24.362188,18.296711
dpath_19_patch.tiff,patch_11,20.057161,25.246561,24.167255,22.329725,23.75269,18.165272
dpath_19_patch.tiff,patch_12,17.934105,26.458054,23.994944,21.837385,22.684845,19.215527
dpath_19_patch.tiff,patch_13,18.723717,25.407501,25.471865,22.96809,23.430145,17.224926
dpath_19_patch.tiff,patch_14,18.67992,25.765476,24.83645,23.422363,25.343298,19.387436
dpath_19_patch.tiff,patch_15,18.447441,25.699902,23.883034,22.457819,23.42615,18.57827
dpath_19_patch.tiff,patch_16,19.570496,26.04179,25.349764,22.066608,24.37945,17.8484
dpath_19_patch.tiff,patch_17,21.359877,24.651773,24.07344,22.377289,24.172783,19.198112
dpath_19_patch.tiff,patch_18,17.785694,25.913393,23.417019,21.978706,22.82928,19.644386
dpath_19_patch.tiff,patch_19,18.822687,25.80704,24.768738,22.763224,23.276997,18.344915
dpath_19_patch.tiff,patch_20,18.456326,24.353476,23.624702,22.863293,23.853117,16.65465
dpath_19_patch.tiff,patch_21,18.602674,25.568676,25.391613,23.152752,24.480099,18.202965
dpath_19_patch.tiff,patch_22,17.131065,25.408083,23.658772,22.122257,23.29596,18.944628
dpath_19_patch.tiff,patch_23,18.856869,26.230837,24.37674,22.290462,24.73006,18.135313
dpath_19_patch.tiff,patch_24,18.420889,25.804974,22.95421,21.941183,21.824581,19.92967
dpath_21_patch.tiff,patch_0,19.57508,24.740412,23.2658,22.386784,23.409494,16.271255
dpath_21_patch.tiff,patch_1,19.448015,23.551859,24.43822,23.830093,23.357126,16.366457
dpath_21_patch.tiff,patch_2,18.614676,24.542027,25.179712,23.272823,23.400755,16.120325
dpath_21_patch.tiff,patch_3,18.587284,25.102247,23.588423,23.186518,23.775972,18.246643
dpath_21_patch.tiff,patch_4,18.088148,24.110504,23.105907,23.451939,23.024113,15.9538555
dpath_21_patch.tiff,patch_5,20.013603,23.724813,24.527454,23.608215,24.73353,16.157766
dpath_21_patch.tiff,patch_6,18.431322,24.911884,22.626934,22.717224,23.815023,17.275795
dpath_21_patch.tiff,patch_7,18.737879,24.794828,22.46996,21.680765,22.27673,16.853922
dpath_21_patch.tiff,patch_8,18.995005,23.73179,23.059252,23.234953,23.873646,14.818768
dpath_21_patch.tiff,patch_9,18.421295,24.431786,23.334202,23.003355,23.396032,17.122467
dpath_21_patch.tiff,patch_10,19.803709,24.655392,23.17687,22.977262,23.80243,17.610725
dpath_21_patch.tiff,patch_11,18.477528,24.151463,23.809856,23.336498,22.50108,16.60171
dpath_24_patch.tiff,patch_0,21.965132,25.828661,23.703865,21.02095,23.21,17.287237
dpath_24_patch.tiff,patch_1,21.175627,26.050371,25.355228,23.08469,24.03721,17.728386
dpath_24_patch.tiff,patch_2,19.231173,26.278942,24.203068,22.061539,23.808718,17.96672
dpath_24_patch.tiff,patch_3,19.130293,26.263603,24.66077,22.746513,22.78079,18.306705
dpath_24_patch.tiff,patch_4,20.65394,26.206593,24.685223,23.70124,24.39748,21.332254
dpath_24_patch.tiff,patch_5,19.895164,26.866066,23.868258,20.312634,21.58772,20.614298
dpath_24_patch.tiff,patch_6,21.011084,27.90825,24.741114,21.698538,22.361267,21.893219
dpath_24_patch.tiff,patch_7,19.30608,26.008987,23.813442,22.673893,23.005724,18.544619
dpath_24_patch.tiff,patch_8,20.242077,26.414167,23.640102,23.207527,23.608185,19.299162
dpath_24_patch.tiff,patch_9,18.861849,26.285032,23.327194,20.94921,20.964954,20.352001
dpath_24_patch.tiff,patch_10,19.449034,26.771946,24.326153,21.659693,22.709757,19.408339
dpath_24_patch.tiff,patch_11,19.019861,25.832914,22.70817,21.272408,21.042706,22.720526
dpath_24_patch.tiff,patch_12,20.094393,26.377178,24.769823,23.393648,23.33454,19.306345
dpath_24_patch.tiff,patch_13,18.840353,27.117512,24.328285,21.146013,22.23992,18.764965
dpath_24_patch.tiff,patch_14,19.81088,25.30825,24.411186,21.085491,21.895096,17.146778
dpath_24_patch.tiff,patch_15,18.354757,26.073814,23.284016,22.137686,22.491858,18.381647
dpath_24_patch.tiff,patch_16,18.5964,25.493515,22.233908,21.29392,22.014,20.774656
dpath_24_patch.tiff,patch_17,17.386066,26.443024,22.620586,20.585974,21.164383,18.34933
dpath_24_patch.tiff,patch_18,20.726374,24.08751,25.471733,22.618046,22.180767,15.379088
dpath_24_patch.tiff,patch_19,20.574936,26.764864,25.973633,22.898685,23.65429,18.95589
dpath_24_patch.tiff,patch_20,20.170149,26.224825,24.186167,22.318031,24.106247,19.146376
dpath_24_patch.tiff,patch_21,19.669647,26.043924,24.7261,22.739182,20.810238,21.508242
dpath_24_patch.tiff,patch_22,18.665794,27.487886,24.21082,21.27754,22.044558,20.695316
dpath_24_patch.tiff,patch_23,20.629025,25.010298,25.868324,23.010948,22.409786,16.310144
dpath_24_patch.tiff,patch_24,21.138323,25.77163,25.400854,22.846807,23.303177,19.926762
dpath_27_patch.tiff,patch_0,20.243814,25.344027,23.087444,21.890568,21.775503,19.395882
dpath_27_patch.tiff,patch_1,18.359875,25.838572,23.33751,21.938269,20.657316,21.721655
dpath_27_patch.tiff,patch_2,20.138586,24.880041,23.009205,21.733309,21.093657,19.820738
dpath_27_patch.tiff,patch_3,19.763922,24.786144,23.253956,22.359844,22.246002,19.524815
dpath_27_patch.tiff,patch_4,20.598177,24.047926,20.756718,21.493355,23.083729,19.10246
dpath_27_patch.tiff,patch_5,20.461405,23.678293,22.450861,22.939156,22.19625,20.895739
dpath_27_patch.tiff,patch_6,21.33411,23.492203,23.094519,23.600008,24.24999,20.610092
dpath_27_patch.tiff,patch_7,19.067682,24.559856,23.785063,21.181307,18.650738,21.036411
dpath_27_patch.tiff,patch_8,19.97703,25.150124,23.772419,22.649965,23.008324,19.535576
dpath_27_patch.tiff,patch_9,18.967903,23.579481,22.53637,22.752487,22.547188,18.09019
dpath_27_patch.tiff,patch_10,18.003325,22.988438,20.340422,21.460392,20.988314,17.591629
dpath_27_patch.tiff,patch_11,19.046907,25.661999,22.452438,21.439194,21.899265,21.37708
dpath_27_patch.tiff,patch_12,19.465673,24.960693,22.160799,21.525406,21.803381,19.758297
dpath_27_patch.tiff,patch_13,18.372538,25.107513,21.637295,20.350588,19.738739,21.093702
dpath_27_patch.tiff,patch_14,18.106356,22.508675,20.908434,22.093084,21.059326,22.323006
dpath_27_patch.tiff,patch_15,19.489475,23.08717,22.03497,22.938622,21.154486,18.094973
dpath_27_patch.tiff,patch_16,18.318857,22.46489,20.89992,22.106014,21.95999,18.328333
dpath_27_patch.tiff,patch_17,19.002327,23.616302,21.519218,22.667002,22.633362,19.806574
dpath_27_patch.tiff,patch_18,19.679497,25.162962,22.538149,22.512922,22.35088,20.617693
dpath_27_patch.tiff,patch_19,19.883389,25.330343,22.306648,22.351883,22.197744,18.948421
dpath_27_patch.tiff,patch_20,17.711113,24.002253,21.468908,19.59827,20.091238,18.552734
dpath_27_patch.tiff,patch_21,18.775656,23.944632,22.074003,22.200315,22.154516,19.102968
dpath_27_patch.tiff,patch_22,19.262745,22.888258,21.989466,22.819786,22.419163,18.885899
dpath_27_patch.tiff,patch_23,18.075678,21.681093,21.04248,22.133884,21.224932,15.9507065
dpath_27_patch.tiff,patch_24,18.505552,24.053387,21.144194,22.146635,22.351572,19.72757
dpath_27_patch.tiff,patch_25,17.736128,23.897451,21.241484,20.643148,19.083672,19.079233
dpath_27_patch.tiff,patch_26,19.650024,25.381681,22.648647,21.436832,20.844854,20.531462
dpath_27_patch.tiff,patch_27,19.790972,24.386293,23.192327,21.429642,20.808859,18.850708
dpath_27_patch.tiff,patch_28,20.34768,23.601627,22.478489,22.67711,23.961359,18.865032
dpath_27_patch.tiff,patch_29,18.677372,22.808168,20.565397,21.91453,21.544708,18.880898
dpath_27_patch.tiff,patch_30,17.866161,24.346636,21.856544,22.02177,21.575459,18.072865
dpath_27_patch.tiff,patch_31,19.06355,25.002243,22.871353,20.12398,21.531593,18.876345
dpath_27_patch.tiff,patch_32,19.53134,24.654554,22.993214,21.871872,22.372313,21.281517
dpath_27_patch.tiff,patch_33,20.822441,24.617107,21.994232,20.834522,20.636723,20.254044
dpath_27_patch.tiff,patch_34,19.943878,24.381422,22.317516,21.206379,20.933596,20.138058
dpath_27_patch.tiff,patch_35,19.04643,22.106237,21.003492,22.397316,22.493443,18.325113
dpath_27_patch.tiff,patch_36,19.153322,24.387402,22.469112,22.537104,21.546124,20.918175
dpath_27_patch.tiff,patch_37,20.002651,23.92566,23.341993,22.490915,22.657267,18.553759
dpath_27_patch.tiff,patch_38,18.026217,24.279148,22.725931,21.59989,20.508774,21.300138
dpath_27_patch.tiff,patch_39,16.080402,24.536581,22.791039,17.71622,17.37171,19.83428
dpath_27_patch.tiff,patch_40,19.465044,24.180212,21.281599,19.739363,20.218712,19.496264
dpath_27_patch.tiff,patch_41,20.865833,23.336641,23.591928,20.180588,18.804605,18.730902
dpath_27_patch.tiff,patch_42,18.601006,23.220444,22.76258,22.578197,22.362398,19.356293
dpath_27_patch.tiff,patch_43,18.635809,24.649326,22.765556,21.333645,20.918497,20.960108
dpath_27_patch.tiff,patch_44,18.574099,23.40549,21.788857,21.215637,21.437307,19.574863
dpath_27_patch.tiff,patch_45,16.72624,25.983963,22.342718,19.638594,18.87459,20.336948
dpath_27_patch.tiff,patch_46,19.29846,23.563278,24.182903,20.588123,19.034464,17.713049
dpath_27_patch.tiff,patch_47,19.947227,24.724163,21.987144,20.561327,19.75528,20.283295
dpath_27_patch.tiff,patch_48,21.298946,23.602219,22.97426,22.044245,20.376574,20.346268
dpath_27_patch.tiff,patch_49,18.929508,25.26245,22.693344,22.179888,22.067926,19.79593
dpath_27_patch.tiff,patch_50,19.239664,23.693077,22.969301,21.654715,22.117289,19.307125
dpath_27_patch.tiff,patch_51,19.023306,24.11088,21.973755,20.105516,21.513332,17.4582
dpath_27_patch.tiff,patch_52,18.100554,25.5384,22.065628,22.53613,21.646759,21.526306
dpath_27_patch.tiff,patch_53,18.243555,24.397356,22.485683,20.281698,18.500862,20.101788
dpath_27_patch.tiff,patch_54,18.997244,24.63491,22.866898,20.330439,18.123943,19.990654
dpath_27_patch.tiff,patch_55,21.092083,24.07195,24.231207,21.442034,21.325441,20.701637
dpath_30_patch.tiff,patch_0,20.895184,24.458755,23.832853,22.915466,24.006102,15.607633
dpath_30_patch.tiff,patch_1,18.31239,24.739635,22.513412,22.683624,22.52056,16.969816
dpath_30_patch.tiff,patch_2,20.510546,25.441597,23.550314,22.12303,23.731958,17.628908
dpath_30_patch.tiff,patch_3,19.774395,24.676916,22.511982,22.483433,23.26556,17.040558
dpath_30_patch.tiff,patch_4,19.021702,24.619627,22.188295,22.918741,21.984411,17.168877
dpath_30_patch.tiff,patch_5,19.186228,24.256643,22.711733,22.609276,22.720856,16.196568
dpath_30_patch.tiff,patch_6,20.215927,26.137634,23.425062,21.439323,22.389296,17.601814
dpath_30_patch.tiff,patch_7,19.389927,25.060272,22.388718,21.452536,21.85882,17.371351
dpath_30_patch.tiff,patch_8,19.16089,26.14645,22.889862,20.853632,22.087265,18.67551
dpath_30_patch.tiff,patch_9,19.02911,25.065708,22.520044,21.092924,21.923424,16.70147
dpath_30_patch.tiff,patch_10,18.71341,24.249294,22.822283,21.825851,23.247316,14.397647
dpath_30_patch.tiff,patch_11,19.268887,25.48445,23.722172,21.500147,22.489025,17.144045
dpath_30_patch.tiff,patch_12,20.548729,25.708466,23.87061,21.611662,22.689713,17.536665
dpath_30_patch.tiff,patch_13,19.229273,25.14245,22.84963,21.924986,22.45669,16.099184
dpath_30_patch.tiff,patch_14,18.955833,25.137978,23.149784,21.913424,22.513187,17.166008
dpath_30_patch.tiff,patch_15,19.25434,25.035,23.010536,20.82315,23.171375,17.761776
dpath_32_patch.tiff,patch_0,17.446299,26.640543,22.769232,19.116535,19.142977,21.719301
dpath_32_patch.tiff,patch_1,18.111002,26.66995,23.769476,19.256855,19.822905,21.291214
dpath_32_patch.tiff,patch_2,16.586668,25.040415,22.74284,20.654957,18.865534,23.915014
dpath_32_patch.tiff,patch_3,18.537046,26.077145,23.002518,18.917593,18.07454,21.658058
dpath_32_patch.tiff,patch_4,19.25532,24.63716,24.035965,19.310476,19.064497,18.678865
dpath_32_patch.tiff,patch_5,18.16159,24.737581,23.353472,20.958094,20.57171,22.022396
dpath_32_patch.tiff,patch_6,17.732437,25.09913,23.449556,19.578934,17.638695,20.538128
dpath_32_patch.tiff,patch_7,19.188417,26.161737,23.481924,19.923136,19.473778,20.028227
dpath_32_patch.tiff,patch_8,18.490818,25.40587,22.918772,19.635256,19.366085,18.30717
dpath_32_patch.tiff,patch_9,18.642838,25.169096,24.132036,20.666197,20.059145,21.4936
dpath_32_patch.tiff,patch_10,18.456137,23.966146,23.290777,20.67018,19.50411,19.136309
dpath_32_patch.tiff,patch_11,17.580563,25.180729,23.61066,20.29647,19.557774,19.92677
dpath_34_patch.tiff,patch_0,19.437574,25.528208,23.74627,22.045698,21.23266,18.243774
dpath_34_patch.tiff,patch_1,20.239988,25.489714,23.727888,22.41675,22.35414,18.23456
dpath_34_patch.tiff,patch_2,18.632357,24.812124,21.773975,21.709257,20.734005,18.603884
dpath_34_patch.tiff,patch_3,20.812622,25.340157,23.97189,21.201914,20.514036,17.399601
dpath_34_patch.tiff,patch_4,21.232103,25.882652,24.491957,22.045904,23.050112,18.365614
dpath_34_patch.tiff,patch_5,18.86795,24.29681,21.912262,21.989632,20.193691,18.670923
dpath_34_patch.tiff,patch_6,19.68072,24.68209,22.638037,21.53326,19.387506,18.641489
dpath_34_patch.tiff,patch_7,19.167963,26.196896,23.760836,21.191612,20.372267,19.33497
dpath_34_patch.tiff,patch_8,21.230953,25.157389,23.294329,22.40832,21.93027,19.395002
dpath_34_patch.tiff,patch_9,20.059853,24.26326,22.036007,22.375244,20.562622,18.051964
dpath_34_patch.tiff,patch_10,18.202427,25.44645,22.58828,18.961372,18.512411,17.50859
dpath_34_patch.tiff,patch_11,22.5573,26.33688,25.266558,22.028719,22.713587,17.339193
dpath_40_patch.tiff,patch_0,20.403057,22.8971,25.318266,22.542147,21.911575,17.98847
dpath_40_patch.tiff,patch_1,21.20837,24.650463,23.402914,22.3634,22.974413,18.555317
dpath_40_patch.tiff,patch_2,19.978428,25.515673,23.214045,21.785635,23.532755,19.267893
dpath_40_patch.tiff,patch_3,21.0472,23.356369,26.742168,24.33431,22.396358,16.910604
dpath_40_patch.tiff,patch_4,19.654097,24.652561,23.27178,22.17746,20.033392,21.141148
dpath_40_patch.tiff,patch_5,20.523355,26.043718,23.88915,20.878197,22.48657,18.644342
dpath_40_patch.tiff,patch_6,19.771423,24.27905,24.489988,22.127432,19.896645,20.110323
dpath_40_patch.tiff,patch_7,21.501925,23.53508,27.134233,23.337585,21.663095,16.538986
dpath_40_patch.tiff,patch_8,19.54776,25.44354,23.947855,22.743282,22.341509,18.878237
dpath_40_patch.tiff,patch_9,20.330303,24.984953,24.0727,22.309038,22.557747,17.396582
dpath_40_patch.tiff,patch_10,20.406216,22.583546,27.094082,23.056208,20.867546,15.911753
dpath_40_patch.tiff,patch_11,18.920944,25.222115,23.217476,20.229948,20.037191,19.913374
dpath_40_patch.tiff,patch_12,18.888407,24.808947,22.124636,21.230925,19.412182,22.731348
dpath_40_patch.tiff,patch_13,19.78558,24.266733,25.028662,21.712292,19.579254,20.475338
dpath_40_patch.tiff,patch_14,19.863657,25.393038,23.678377,20.34537,21.207224,19.813175
dpath_40_patch.tiff,patch_15,19.119944,25.64947,23.017931,20.613924,21.103634,19.720257
dpath_40_patch.tiff,patch_16,17.215067,23.804615,21.155107,20.377672,18.264328,24.221771
dpath_40_patch.tiff,patch_17,19.078434,24.795698,23.423996,20.34432,20.584929,18.141243
dpath_40_patch.tiff,patch_18,19.090836,25.419401,22.993187,20.330492,19.75415,19.021614
dpath_40_patch.tiff,patch_19,19.233501,25.316893,23.852497,22.725904,23.623781,19.720654
dpath_42_patch.tiff,patch_0,20.535362,23.249247,22.55955,23.807358,22.902622,19.355272
dpath_42_patch.tiff,patch_1,18.308435,23.249224,21.900932,23.089527,19.972616,20.026737
dpath_42_patch.tiff,patch_2,20.526854,24.40421,23.823252,23.428667,21.746216,18.668259
dpath_42_patch.tiff,patch_3,19.181746,23.066008,23.27086,22.462015,19.99917,17.683056
dpath_42_patch.tiff,patch_4,20.317448,25.101328,24.73547,23.128063,20.801655,18.054884
dpath_42_patch.tiff,patch_5,19.202303,24.62098,22.530642,21.588718,19.904099,20.973364
dpath_42_patch.tiff,patch_6,19.724482,24.370817,21.681387,21.942085,21.328146,22.134651
dpath_42_patch.tiff,patch_7,20.826168,23.387962,24.16647,22.922646,22.063866,17.31113
dpath_42_patch.tiff,patch_8,19.997849,22.217138,21.21241,23.797604,21.585815,18.628439
dpath_42_patch.tiff,patch_9,20.104406,23.997593,22.94404,23.508564,23.237783,20.798105
dpath_42_patch.tiff,patch_10,19.336504,23.454237,23.950706,23.187183,22.13775,17.527903
dpath_42_patch.tiff,patch_11,18.566648,24.123625,21.845617,21.741638,20.00092,20.199501
dpath_42_patch.tiff,patch_12,19.497805,23.474852,21.318344,22.83201,22.617123,21.154423
dpath_42_patch.tiff,patch_13,19.698067,25.620533,22.90029,20.694157,19.282692,18.824175
dpath_42_patch.tiff,patch_14,19.350744,25.735804,22.0094,20.82239,19.331932,19.705582
dpath_42_patch.tiff,patch_15,20.309391,24.304146,22.935923,23.633802,22.618862,21.817627
dpath_42_patch.tiff,patch_16,19.567343,24.028069,22.996212,22.126675,19.566212,19.165464
dpath_42_patch.tiff,patch_17,21.538542,24.949518,23.577747,22.45503,21.111292,19.431795
dpath_42_patch.tiff,patch_18,18.307655,25.198257,21.981504,20.581121,20.364693,19.071314
dpath_42_patch.tiff,patch_19,20.238302,24.707891,21.989956,22.059938,22.484535,19.69799
dpath_42_patch.tiff,patch_20,17.43025,25.11088,21.48221,20.322756,18.8986,22.38738
dpath_42_patch.tiff,patch_21,19.57947,24.30632,22.432203,20.844385,19.904276,18.865742
dpath_42_patch.tiff,patch_22,18.725729,24.477526,21.450459,20.416983,19.503723,18.845156
dpath_42_patch.tiff,patch_23,17.794134,27.04743,22.07342,19.643896,19.021349,20.415339
dpath_42_patch.tiff,patch_24,18.406338,23.451405,23.110367,22.781467,21.25101,17.642464
dpath_42_patch.tiff,patch_25,19.206615,25.129328,23.920694,23.080719,22.113338,19.950247
dpath_42_patch.tiff,patch_26,18.508642,26.3756,23.272877,20.68063,19.578547,20.45184
dpath_42_patch.tiff,patch_27,19.303812,25.837936,22.257048,21.08647,19.914587,19.243652
dpath_42_patch.tiff,patch_28,22.15671,25.958433,25.04842,22.799728,23.604015,22.796236
dpath_42_patch.tiff,patch_29,18.565098,25.71964,22.832422,20.566822,18.17991,18.628757
dpath_42_patch.tiff,patch_30,19.398113,23.738146,22.91706,23.595345,23.165943,19.964466
dpath_42_patch.tiff,patch_31,18.598558,23.790808,21.555925,23.064781,21.536085,22.292002
dpath_42_patch.tiff,patch_32,19.254549,26.26593,24.692854,22.628084,20.08234,19.961931
dpath_42_patch.tiff,patch_33,17.67822,25.092499,22.186659,20.459238,17.82489,20.864511
dpath_42_patch.tiff,patch_34,22.43424,26.18207,23.46075,23.180605,23.84114,20.407936
dpath_46_patch.tiff,patch_0,16.877768,24.907406,22.241652,18.846712,18.100723,19.798485
dpath_46_patch.tiff,patch_1,18.282286,25.454195,21.60187,21.489017,19.442156,20.781864
dpath_46_patch.tiff,patch_2,19.765272,25.273903,22.608967,20.454369,19.545633,19.998972
dpath_46_patch.tiff,patch_3,18.366467,24.534224,21.712862,21.366861,19.78228,21.538427
dpath_46_patch.tiff,patch_4,19.441488,24.935343,23.0122,20.893862,21.371447,18.684362
dpath_46_patch.tiff,patch_5,18.691807,22.870955,24.953127,22.183836,20.27527,17.094868
dpath_46_patch.tiff,patch_6,18.12951,25.00694,22.723629,21.583822,22.115551,19.540691
dpath_46_patch.tiff,patch_7,20.070658,26.594236,24.17227,20.753988,20.648602,19.349737
dpath_46_patch.tiff,patch_8,18.592451,26.197624,24.340845,20.677362,21.133371,16.994822
dpath_46_patch.tiff,patch_9,18.954607,25.617203,20.493399,19.76791,19.560896,19.656776
dpath_46_patch.tiff,patch_10,21.843729,25.382074,22.112188,21.56876,22.462675,22.117271
dpath_46_patch.tiff,patch_11,19.014126,23.211836,23.330587,22.876186,22.161398,16.354801
dpath_46_patch.tiff,patch_12,20.385136,23.1631,25.223812,23.50835,22.884624,16.743086
dpath_46_patch.tiff,patch_13,18.7984,24.070435,24.378876,21.922134,21.029865,17.263166
dpath_46_patch.tiff,patch_14,18.791107,22.495531,24.106773,22.938892,20.952623,16.022255
dpath_46_patch.tiff,patch_15,22.609232,25.881887,23.378725,22.462814,23.611906,20.35817
dpath_46_patch.tiff,patch_16,18.779913,24.35086,21.18931,21.841259,20.495693,18.969015
dpath_46_patch.tiff,patch_17,21.2673,23.920656,22.172356,22.375439,21.045149,18.989637
dpath_46_patch.tiff,patch_18,20.296238,24.275177,24.363459,22.907562,22.733683,18.085264
dpath_46_patch.tiff,patch_19,19.144619,22.701267,24.100672,23.57632,21.884022,17.922691
dpath_46_patch.tiff,patch_20,18.18223,23.842638,23.398924,21.85188,21.248215,19.29853
dpath_46_patch.tiff,patch_21,17.30442,24.238503,23.028599,21.349892,20.605247,16.830162
dpath_46_patch.tiff,patch_22,22.516495,24.55643,23.922777,22.192802,22.31036,17.057037
dpath_46_patch.tiff,patch_23,20.621641,25.228224,22.05902,21.709652,21.341074,18.746609
dpath_46_patch.tiff,patch_24,18.81507,23.75452,20.737486,20.320425,20.224833,21.9425
dpath_46_patch.tiff,patch_25,19.375637,23.824049,22.615088,21.751299,19.818138,19.628939
dpath_46_patch.tiff,patch_26,17.946646,24.087221,23.891409,21.840353,19.941532,18.519117
dpath_46_patch.tiff,patch_27,18.948212,23.45196,22.80974,22.418854,20.877209,19.463326
dpath_46_patch.tiff,patch_28,19.145681,23.779608,23.650959,22.43517,21.946938,17.986452
dpath_46_patch.tiff,patch_29,20.394983,23.400667,23.600067,22.304869,22.892324,16.831936
dpath_46_patch.tiff,patch_30,20.574184,25.875858,22.528772,20.454006,21.950663,19.229729
dpath_46_patch.tiff,patch_31,20.755453,25.918724,21.78666,20.949677,22.920835,21.241497
dpath_46_patch.tiff,patch_32,18.989408,23.285833,21.879034,21.5384,20.336618,19.837069
dpath_46_patch.tiff,patch_33,18.207708,23.47839,23.89784,22.981756,20.679373,18.72688
dpath_46_patch.tiff,patch_34,19.342571,23.562757,24.677908,23.50559,22.139105,17.960892
dpath_46_patch.tiff,patch_35,18.023651,22.240335,24.19467,22.771477,20.18902,16.399582
dpath_46_patch.tiff,patch_36,19.641165,22.72902,24.110147,22.90142,22.290096,17.336542
dpath_46_patch.tiff,patch_37,19.654385,25.617495,23.471533,21.311962,20.52731,21.362017
dpath_46_patch.tiff,patch_38,17.974106,26.632872,22.55658,19.774855,20.005833,19.265886
dpath_46_patch.tiff,patch_39,18.135376,24.15133,20.276249,19.498438,17.965584,19.441236
dpath_46_patch.tiff,patch_40,18.918892,22.262226,21.782463,22.328575,19.642166,18.35727
dpath_46_patch.tiff,patch_41,19.37656,23.6425,23.883572,22.514614,22.622934,15.744951
dpath_46_patch.tiff,patch_42,17.61009,23.272207,23.238726,21.535988,18.24683,17.406618
dpath_46_patch.tiff,patch_43,19.813496,21.975435,26.163452,22.44124,20.35094,14.564629
dpath_46_patch.tiff,patch_44,17.960768,26.414465,21.785885,18.335499,19.38851,19.025757
dpath_46_patch.tiff,patch_45,18.975603,26.081808,23.229797,20.097149,21.195791,20.513596
dpath_46_patch.tiff,patch_46,20.68457,25.127565,22.08747,21.425587,22.694258,19.49281
dpath_46_patch.tiff,patch_47,20.976372,25.308012,24.50068,22.522402,23.268944,17.123804
dpath_46_patch.tiff,patch_48,19.210829,23.105642,24.125267,23.229883,21.762857,16.586023
dpath_46_patch.tiff,patch_49,18.16019,23.225029,22.844446,22.557175,20.875555,19.685547
dpath_46_patch.tiff,patch_50,19.902115,22.20691,25.3617,23.113997,21.218868,16.576355
dpath_46_patch.tiff,patch_51,18.264597,25.860163,22.644606,21.202682,20.773088,16.995203
dpath_46_patch.tiff,patch_52,17.43081,26.536678,21.764887,17.752867,19.735285,18.461107
dpath_46_patch.tiff,patch_53,17.734516,25.471312,22.745834,20.725304,19.510536,19.26884
dpath_46_patch.tiff,patch_54,19.146984,25.637226,22.876038,19.960382,22.541122,19.371162
dpath_46_patch.tiff,patch_55,20.170198,25.068525,24.323793,21.7496,23.621447,16.445538
dpath_46_patch.tiff,patch_56,18.286507,23.888338,23.310514,22.361143,20.149834,17.968365
dpath_46_patch.tiff,patch_57,18.82798,23.565336,23.955185,22.744738,20.933603,18.578323
dpath_46_patch.tiff,patch_58,18.459433,25.7618,22.142939,18.70095,17.885654,19.268824
dpath_46_patch.tiff,patch_59,18.688335,24.957346,22.907425,21.149261,21.793377,18.558033
dpath_46_patch.tiff,patch_60,18.260744,26.38492,21.652311,20.550592,20.136078,20.60431
dpath_46_patch.tiff,patch_61,19.549314,23.880516,24.102482,22.84204,23.237822,16.903112
dpath_46_patch.tiff,patch_62,19.842758,23.748877,22.654297,23.201792,23.591007,18.12651
dpath_46_patch.tiff,patch_63,19.480646,23.003862,23.828999,22.99782,21.224308,17.48671
dpath_46_patch.tiff,patch_64,19.638529,22.426764,22.99289,22.874023,21.470928,17.999693
dpath_46_patch.tiff,patch_65,18.504913,25.847092,22.768444,19.578543,20.489134,19.756163
dpath_46_patch.tiff,patch_66,18.379066,24.693737,23.073685,20.716116,18.731232,18.052982
dpath_46_patch.tiff,patch_67,18.441668,24.570433,21.68899,21.020718,20.671131,18.921808
dpath_46_patch.tiff,patch_68,19.988503,24.069235,25.210165,23.577515,23.05324,16.493238
dpath_46_patch.tiff,patch_69,20.909939,23.024103,24.736996,22.93645,23.107222,17.25471
dpath_46_patch.tiff,patch_70,20.474474,22.61934,24.691492,23.239763,23.55625,15.509167
dpath_46_patch.tiff,patch_71,20.507395,25.309702,22.635483,21.058783,20.88474,20.268105
dpath_49_patch.tiff,patch_0,20.943304,24.681948,22.273802,21.582912,23.545786,19.620674
dpath_49_patch.tiff,patch_1,19.10085,24.676313,21.767757,21.982874,23.832602,19.077557
dpath_49_patch.tiff,patch_2,18.643381,25.033543,23.236506,22.149235,23.308563,18.407206
dpath_49_patch.tiff,patch_3,20.248293,23.429695,22.446587,23.402248,23.98123,19.505795
dpath_49_patch.tiff,patch_4,18.642874,25.7631,22.868147,21.22842,23.568245,19.440792
dpath_49_patch.tiff,patch_5,19.389412,25.522907,23.932594,22.655869,25.086082,20.019691
dpath_49_patch.tiff,patch_6,17.53037,26.153109,22.679766,20.904984,21.736313,19.720057
dpath_49_patch.tiff,patch_7,16.242222,25.7229,21.832996,19.080612,19.802504,19.71075
dpath_49_patch.tiff,patch_8,18.73064,26.061764,23.858103,22.234707,23.559666,19.636866
dpath_49_patch.tiff,patch_9,16.274906,25.867235,22.126316,21.124884,20.378584,18.789116
dpath_49_patch.tiff,patch_10,19.082155,26.020292,23.796967,21.790573,22.393192,21.23312
dpath_49_patch.tiff,patch_11,18.208334,27.383389,22.922272,20.4073,22.428171,20.99925
dpath_4_patch.tiff,patch_0,18.128445,24.183525,24.183481,23.058102,21.350267,15.852144
dpath_4_patch.tiff,patch_1,20.611202,23.51709,26.009989,23.993118,24.346561,15.655999
dpath_4_patch.tiff,patch_2,18.707365,23.885332,24.598286,23.597103,22.738785,16.532236
dpath_4_patch.tiff,patch_3,17.71571,24.56801,23.926857,23.144936,22.447102,17.591679
dpath_4_patch.tiff,patch_4,17.381042,24.06577,22.422482,21.651196,19.828627,19.301682
dpath_4_patch.tiff,patch_5,19.069311,24.67327,22.54789,22.174805,20.898973,17.474823
dpath_4_patch.tiff,patch_6,18.471754,25.668468,24.556252,21.494278,20.65749,18.859364
dpath_4_patch.tiff,patch_7,18.933872,24.199108,23.935902,23.201967,22.888186,16.316631
dpath_4_patch.tiff,patch_8,19.157703,24.07883,23.981148,22.637335,21.49202,16.385294
dpath_4_patch.tiff,patch_9,19.22628,24.40362,25.273352,22.31185,21.20641,16.021725
dpath_4_patch.tiff,patch_10,19.859127,25.178265,23.041622,20.479143,20.479097,16.821701
dpath_4_patch.tiff,patch_11,17.73328,24.847124,22.732708,22.417267,19.993143,17.569065
dpath_4_patch.tiff,patch_12,19.0247,24.155466,23.486902,22.654081,20.907187,16.539639
dpath_4_patch.tiff,patch_13,17.868301,24.821806,21.632511,21.773966,20.601198,17.761963
dpath_4_patch.tiff,patch_14,17.617126,24.583227,22.572027,21.7528,21.297754,18.82297
dpath_4_patch.tiff,patch_15,17.688412,24.730877,23.813261,21.865604,20.548399,19.310623
dpath_4_patch.tiff,patch_16,18.712032,24.44032,23.033993,20.249832,19.544998,17.706596
dpath_4_patch.tiff,patch_17,16.572184,23.950623,20.433483,19.289797,16.274178,18.57352
dpath_4_patch.tiff,patch_18,17.127281,25.375795,22.377615,19.087343,18.290924,18.978365
dpath_4_patch.tiff,patch_19,17.779093,24.850927,23.284283,21.777891,20.604158,17.508036
dpath_4_patch.tiff,patch_20,17.63771,24.50566,23.565125,21.308527,19.345036,18.775629
dpath_4_patch.tiff,patch_21,17.071825,25.63576,23.115278,20.494932,19.130524,19.053234
dpath_4_patch.tiff,patch_22,17.582573,24.631214,23.525759,22.312738,21.19088,17.905952
dpath_4_patch.tiff,patch_23,17.934946,24.882132,24.111141,21.912548,20.87798,18.424265
dpath_4_patch.tiff,patch_24,17.094799,25.018353,23.298443,21.311144,20.58899,17.88631
dpath_50_patch.tiff,patch_0,20.012018,24.560488,22.310057,21.97823,22.213737,20.260572
dpath_50_patch.tiff,patch_1,19.840694,23.386185,23.07907,22.023933,19.847971,17.240803
dpath_50_patch.tiff,patch_2,18.022976,24.29621,21.995558,23.80349,23.001804,22.087524
dpath_50_patch.tiff,patch_3,18.8046,24.352015,21.83185,21.324862,21.766958,19.782423
dpath_50_patch.tiff,patch_4,20.966671,24.20541,23.800398,23.15003,23.55995,19.438725
dpath_50_patch.tiff,patch_5,20.237658,22.338163,23.204931,23.458124,23.749298,19.507612
dpath_50_patch.tiff,patch_6,20.5627,23.97029,24.742214,24.332739,24.79001,19.496525
dpath_50_patch.tiff,patch_7,18.485502,24.41579,21.457422,20.855312,20.488403,20.122786
dpath_50_patch.tiff,patch_8,19.229332,23.203669,23.950066,23.984983,25.169699,20.5691
dpath_50_patch.tiff,patch_9,18.933624,24.259588,22.863453,23.137175,22.42545,18.889471
dpath_50_patch.tiff,patch_10,20.182955,24.35163,24.310904,24.263197,25.789095,21.943665
dpath_50_patch.tiff,patch_11,21.000692,22.18245,24.911594,24.36071,24.343103,18.064054
dpath_50_patch.tiff,patch_12,19.696508,24.801754,22.586226,21.9923,22.133652,19.564825
dpath_50_patch.tiff,patch_13,17.14779,25.048292,21.895008,20.157686,19.337538,19.936117
dpath_50_patch.tiff,patch_14,18.316101,24.41582,21.179403,19.51624,18.194836,19.493193
dpath_50_patch.tiff,patch_15,20.923412,24.43402,24.241573,23.7787,24.385088,19.87867
dpath_50_patch.tiff,patch_16,19.802889,23.942604,21.326149,21.743189,22.076742,18.968784
dpath_50_patch.tiff,patch_17,18.565449,23.07554,20.563286,20.247923,20.435764,17.594297
dpath_50_patch.tiff,patch_18,20.56242,23.782288,22.44489,22.519041,22.445126,18.378912
dpath_50_patch.tiff,patch_19,18.705856,23.751827,21.430883,21.465628,21.546936,18.493153
dpath_52_patch.tiff,patch_0,19.1391,26.52028,24.65652,22.590109,24.019579,20.54929
dpath_52_patch.tiff,patch_1,19.378836,26.899574,24.782503,22.585844,24.505226,22.077871
dpath_52_patch.tiff,patch_2,19.001225,26.551325,23.4982,21.570906,23.610352,21.265356
dpath_52_patch.tiff,patch_3,19.572575,26.126461,24.58901,22.827133,23.83881,19.138636
dpath_52_patch.tiff,patch_4,19.076618,26.905367,24.02037,22.516758,23.405743,21.868904
dpath_52_patch.tiff,patch_5,18.422773,25.739702,23.134098,22.280325,22.763971,21.546535
dpath_52_patch.tiff,patch_6,18.71431,26.138521,24.205322,22.403675,23.028671,19.748272
dpath_52_patch.tiff,patch_7,17.993896,25.694643,23.498903,22.464027,23.780315,21.004147
dpath_52_patch.tiff,patch_8,18.97262,25.914818,23.657316,23.150843,23.29158,21.995258
dpath_59_patch.tiff,patch_0,17.035088,24.910473,21.586483,21.718836,21.929174,22.71553
dpath_59_patch.tiff,patch_1,16.509499,25.68764,20.71218,17.743526,18.36661,19.552464
dpath_59_patch.tiff,patch_2,16.033424,24.456917,19.804794,20.009476,20.75866,24.087296
dpath_59_patch.tiff,patch_3,16.424364,25.467607,22.059269,19.282286,19.313341,19.90462
dpath_59_patch.tiff,patch_4,17.512396,25.858887,22.557367,21.597816,20.728958,22.73513
dpath_59_patch.tiff,patch_5,16.251406,26.07145,22.387938,18.964663,19.81063,19.571459
dpath_59_patch.tiff,patch_6,13.860612,25.96365,20.242153,19.428125,18.408749,26.191671
dpath_59_patch.tiff,patch_7,17.849232,24.67039,21.756594,21.928036,21.877419,22.506153
dpath_59_patch.tiff,patch_8,18.703602,26.45807,23.453552,21.687052,21.026089,22.014568
dpath_59_patch.tiff,patch_9,18.629417,26.352407,23.837704,20.096737,21.293146,19.849447
dpath_59_patch.tiff,patch_10,16.686195,27.45184,23.28103,19.911985,20.412996,22.828758
dpath_59_patch.tiff,patch_11,16.175581,25.432394,20.147861,19.07264,19.296228,23.81586
dpath_59_patch.tiff,patch_12,15.577183,26.834696,21.916172,20.429329,20.545706,25.488605
dpath_59_patch.tiff,patch_13,15.278471,25.657553,21.253193,18.977816,19.763544,20.00698
dpath_59_patch.tiff,patch_14,18.746237,25.148043,22.641535,22.348034,21.811953,21.587048
dpath_59_patch.tiff,patch_15,20.03673,25.253464,23.833406,22.796509,23.392853,20.227968
dpath_69_patch.tiff,patch_0,21.348412,26.289013,24.648417,22.963037,25.54829,19.454853
dpath_69_patch.tiff,patch_1,20.67716,24.22637,23.66787,23.114506,25.125357,19.623892
dpath_69_patch.tiff,patch_2,18.647182,25.825972,23.174683,21.414377,21.878092,18.535328
dpath_69_patch.tiff,patch_3,20.700878,24.982359,23.608494,22.304169,22.602976,18.687504
dpath_69_patch.tiff,patch_4,19.344275,26.417633,24.268795,21.910383,23.069384,19.546347
dpath_69_patch.tiff,patch_5,18.676374,25.708334,24.497562,22.208727,24.299414,18.947065
dpath_69_patch.tiff,patch_6,20.637997,25.164799,23.610498,23.179247,23.36528,20.249413
dpath_69_patch.tiff,patch_7,22.19641,25.244501,24.342014,22.56074,24.589733,22.342941
dpath_69_patch.tiff,patch_8,20.069176,25.506716,23.057652,22.331364,24.132566,19.060936
dpath_69_patch.tiff,patch_9,20.629896,25.818384,23.717297,22.25011,23.84849,19.930313
dpath_69_patch.tiff,patch_10,19.629663,25.160494,21.896132,21.80904,22.085855,19.12012
dpath_69_patch.tiff,patch_11,19.05979,25.670023,23.57679,22.062721,22.825953,19.003319
dpath_69_patch.tiff,patch_12,20.421646,24.975689,23.34307,22.561481,23.728708,18.162102
dpath_69_patch.tiff,patch_13,20.955622,25.139338,23.18002,22.755392,24.57982,20.627592
dpath_69_patch.tiff,patch_14,19.88278,25.309088,23.069937,21.912762,23.6361,19.308266
dpath_69_patch.tiff,patch_15,20.201,25.49744,24.06436,22.15758,23.688005,19.961222
dpath_69_patch.tiff,patch_16,20.697784,25.546556,23.30645,22.79246,24.252256,19.58182
dpath_69_patch.tiff,patch_17,20.179222,25.241577,24.163048,23.15586,25.016644,18.95613
dpath_69_patch.tiff,patch_18,20.05892,25.16529,23.14444,22.196877,23.918516,18.910967
dpath_69_patch.tiff,patch_19,20.246044,25.032255,22.773914,22.312927,24.05888,19.214664
dpath_69_patch.tiff,patch_20,21.157873,25.102789,23.50552,23.49803,24.864862,19.316824
dpath_69_patch.tiff,patch_21,22.167896,24.876549,24.39965,23.760595,25.884499,19.578644
dpath_69_patch.tiff,patch_22,20.35115,26.206877,24.494905,21.962254,24.153667,21.083796
dpath_69_patch.tiff,patch_23,19.031857,24.915281,23.608944,23.540403,24.582922,18.411003
dpath_69_patch.tiff,patch_24,19.672356,24.959661,23.571861,23.66363,24.43343,18.588306
dpath_69_patch.tiff,patch_25,21.160387,24.957956,23.349258,23.063177,25.252426,18.403255
dpath_69_patch.tiff,patch_26,20.58223,24.111046,23.310926,24.450562,25.462284,18.643476
dpath_69_patch.tiff,patch_27,20.56847,26.080496,24.582481,22.941727,24.385693,21.742035
dpath_69_patch.tiff,patch_28,21.015516,25.368153,23.863033,23.236734,25.02783,20.422691
dpath_69_patch.tiff,patch_29,17.493324,25.784233,21.92835,20.892937,20.925642,18.895357
dpath_69_patch.tiff,patch_30,20.544178,25.224422,23.72495,23.990461,25.990213,19.13078
dpath_69_patch.tiff,patch_31,20.022242,25.099815,23.350157,23.251278,24.901367,20.09469
dpath_69_patch.tiff,patch_32,19.374014,24.456575,23.36102,22.797773,24.085884,16.80118
dpath_69_patch.tiff,patch_33,20.339882,24.642952,23.62054,22.966509,24.97586,16.996677
dpath_69_patch.tiff,patch_34,20.14939,24.636381,23.730366,23.867208,24.202143,19.045143
dpath_69_patch.tiff,patch_35,18.82135,25.963915,23.930096,22.705936,22.73654,20.835766
dpath_69_patch.tiff,patch_36,19.866934,25.205814,23.781874,23.383448,24.735847,19.713593
dpath_69_patch.tiff,patch_37,21.450413,23.84465,23.39672,24.606594,26.92546,18.216066
dpath_69_patch.tiff,patch_38,19.261673,23.779356,23.525408,23.183155,24.001703,18.121458
dpath_69_patch.tiff,patch_39,18.749943,24.355265,22.374414,22.68006,23.676493,17.686293
dpath_69_patch.tiff,patch_40,19.820547,24.82395,23.316202,23.20981,23.95007,19.253996
dpath_69_patch.tiff,patch_41,19.477203,26.119358,23.235096,21.67194,22.344374,19.82889
dpath_7_patch.tiff,patch_0,19.576715,23.69966,24.767477,21.100779,18.204388,19.552448
dpath_7_patch.tiff,patch_1,19.07,23.869455,23.98255,20.34804,18.631117,20.640684
dpath_7_patch.tiff,patch_2,18.964836,24.058128,24.185081,19.470692,17.887161,19.447958
dpath_7_patch.tiff,patch_3,19.361576,24.159954,23.805532,21.427906,20.358046,21.42534
dpath_7_patch.tiff,patch_4,18.31119,24.949078,22.993305,20.381645,17.957829,19.732466
dpath_7_patch.tiff,patch_5,18.67012,23.312166,24.052189,20.415565,18.02387,19.214163
glas_11_patch.tiff,patch_0,20.237778,26.36898,23.701162,22.830658,24.399529,16.888313
glas_11_patch.tiff,patch_1,18.904821,25.711214,23.570293,21.67661,22.776459,15.952487
glas_11_patch.tiff,patch_2,17.080832,26.322014,22.423523,20.798632,22.49872,18.38723
glas_11_patch.tiff,patch_3,18.378036,25.58664,23.94961,22.559765,23.24866,17.315212
glas_11_patch.tiff,patch_4,18.067581,26.446108,22.832706,20.721722,23.56533,17.877958
glas_11_patch.tiff,patch_5,18.03266,25.685225,23.130655,21.911667,23.904736,16.570456
glas_12_patch.tiff,patch_0,18.311346,26.052898,24.257814,22.719818,23.972773,18.325207
glas_12_patch.tiff,patch_1,18.085373,26.120476,24.336475,22.074799,23.37568,18.568316
glas_12_patch.tiff,patch_2,19.638205,25.46003,22.590012,22.22382,22.937641,17.751635
glas_12_patch.tiff,patch_3,17.030346,26.226025,23.450323,19.831614,21.830797,17.478125
glas_12_patch.tiff,patch_4,18.03643,25.541086,22.670145,21.86624,23.490648,19.131588
glas_12_patch.tiff,patch_5,17.786005,26.07242,24.666815,20.5516,22.92092,17.572384
glas_13_patch.tiff,patch_0,21.258791,24.464071,22.981302,23.725945,24.524395,17.39233
glas_13_patch.tiff,patch_1,19.076698,26.375587,23.21768,21.700916,22.408545,20.03489
glas_13_patch.tiff,patch_2,21.140047,25.626457,23.018904,22.65804,23.60019,17.329535
glas_13_patch.tiff,patch_3,18.568888,26.271185,21.918486,20.96625,21.366491,18.02026
glas_13_patch.tiff,patch_4,19.748753,24.98122,22.33945,21.667208,23.003006,18.03484
glas_13_patch.tiff,patch_5,17.538616,26.492601,22.24825,19.68424,21.816172,19.32563
glas_14_patch.tiff,patch_0,20.079248,26.606161,22.836527,20.04417,24.395653,17.6088
glas_14_patch.tiff,patch_1,18.951153,26.053057,23.671696,22.475052,24.364952,17.010536
glas_14_patch.tiff,patch_2,20.421614,25.31075,23.271881,21.923767,25.152308,16.3752
glas_14_patch.tiff,patch_3,20.726486,24.203407,23.253523,22.880278,26.929636,16.238073
glas_14_patch.tiff,patch_4,20.997688,24.512533,23.279503,22.738552,25.798475,16.699928
glas_14_patch.tiff,patch_5,21.527456,25.121904,23.665962,22.385138,25.504818,18.466799
glas_17_patch.tiff,patch_0,19.192533,26.776981,25.023,22.525087,24.405983,17.637856
glas_17_patch.tiff,patch_1,19.627613,26.806581,25.749811,23.570234,24.438448,18.219034
glas_17_patch.tiff,patch_2,20.467407,25.735767,25.548964,22.94328,24.269304,16.725933
glas_17_patch.tiff,patch_3,19.485355,26.33965,24.555166,22.938633,23.676704,18.262505
glas_17_patch.tiff,patch_4,19.148628,26.295704,25.390419,23.25326,23.5148,17.065462
glas_17_patch.tiff,patch_5,19.800262,26.472279,25.502226,22.881037,24.66222,18.097443
glas_1_patch.tiff,patch_0,20.73956,26.556353,22.803009,19.4032,22.840593,19.786457
glas_1_patch.tiff,patch_1,18.78416,26.183693,22.071068,20.118761,22.26797,18.732517
glas_1_patch.tiff,patch_2,18.604645,25.874292,20.85368,19.515533,22.03475,17.210403
glas_1_patch.tiff,patch_3,20.320896,25.721302,23.128054,21.857346,23.226547,19.532696
glas_1_patch.tiff,patch_4,18.126373,26.01461,20.995447,19.80422,21.631004,18.315205
glas_1_patch.tiff,patch_5,20.351112,26.433979,24.13043,22.172907,23.925863,18.110905
glas_20_patch.tiff,patch_0,18.274157,27.403805,23.35048,21.793634,22.846254,21.704575
glas_20_patch.tiff,patch_1,18.13836,26.095585,25.014322,23.038792,23.94146,18.323263
glas_20_patch.tiff,patch_2,18.83656,25.456985,24.135353,22.741484,24.323061,16.449152
glas_20_patch.tiff,patch_3,17.920338,25.533207,23.86792,21.981756,22.59547,17.446833
glas_20_patch.tiff,patch_4,18.958267,26.146633,24.925728,22.343174,24.194912,18.714792
glas_20_patch.tiff,patch_5,17.197075,26.038158,23.800934,22.25337,23.49147,17.85031
glas_22_patch.tiff,patch_0,19.125093,26.344666,25.020609,22.9599,23.448753,17.527273
glas_22_patch.tiff,patch_1,17.928885,26.293072,24.373302,22.293303,21.992332,17.521484
glas_22_patch.tiff,patch_2,19.93797,26.787296,25.753698,23.391436,24.347197,18.454617
glas_22_patch.tiff,patch_3,17.593206,26.729307,23.580154,21.802652,22.443428,18.444767
glas_22_patch.tiff,patch_4,18.840612,27.162092,25.163559,22.572174,23.328373,18.69518
glas_22_patch.tiff,patch_5,19.820652,26.512217,25.25233,23.123487,24.41048,17.370813
glas_23_patch.tiff,patch_0,17.910786,25.964396,23.449368,19.094137,21.670523,19.17218
glas_23_patch.tiff,patch_1,18.973269,25.499819,23.0112,19.36059,22.212736,19.11185
glas_23_patch.tiff,patch_2,14.262938,26.00354,20.71928,17.980276,19.82645,23.923662
glas_23_patch.tiff,patch_3,15.868421,26.301048,20.893911,18.147366,20.061375,24.529222
glas_23_patch.tiff,patch_4,16.719612,27.364609,21.674915,19.604263,20.894855,25.539728
glas_23_patch.tiff,patch_5,19.522453,26.915625,22.212029,20.36486,22.486826,20.29664
glas_27_patch.tiff,patch_0,18.437397,25.347054,23.561117,21.01253,21.27841,22.573591
glas_27_patch.tiff,patch_1,18.674591,25.643442,22.18521,19.359129,20.91769,19.538038
glas_27_patch.tiff,patch_2,17.946125,26.041325,21.748127,19.770798,20.473513,22.289724
glas_27_patch.tiff,patch_3,17.400845,25.942797,22.353369,21.419281,21.5963,25.511168
glas_27_patch.tiff,patch_4,19.289299,25.660263,21.81911,19.984697,23.118433,20.18667
glas_27_patch.tiff,patch_5,18.6255,25.916573,22.952831,21.221441,22.768425,21.487177
glas_29_patch.tiff,patch_0,19.37661,27.020931,24.811888,22.597149,23.903233,18.951752
glas_29_patch.tiff,patch_1,19.802996,26.778519,25.05079,23.233934,25.090038,19.536392
glas_29_patch.tiff,patch_2,19.983217,26.64853,25.202337,23.952038,26.044418,19.3556
glas_29_patch.tiff,patch_3,18.58922,26.143227,24.045433,22.242662,23.502092,18.274012
glas_29_patch.tiff,patch_4,20.091782,26.350775,23.63851,21.550964,23.71074,17.987103
glas_29_patch.tiff,patch_5,19.789587,25.967354,24.418764,22.806711,24.749126,16.90435
glas_2_patch.tiff,patch_0,20.474705,27.028837,25.65191,23.744545,24.74556,18.771587
glas_2_patch.tiff,patch_1,18.77222,25.9815,24.574001,22.828133,23.75976,16.908339
glas_2_patch.tiff,patch_2,20.422235,26.545319,25.628122,23.255503,24.482,17.685394
glas_2_patch.tiff,patch_3,19.113705,25.29973,24.70419,22.871866,23.577864,16.478657
glas_2_patch.tiff,patch_4,19.666096,26.226267,24.747044,22.864384,23.791306,18.13854
glas_2_patch.tiff,patch_5,20.039118,26.699469,25.567087,22.475965,23.731825,18.523798
glas_30_patch.tiff,patch_0,18.887772,26.456642,23.399763,20.671146,23.274471,17.695269
glas_30_patch.tiff,patch_1,19.695168,25.490046,23.567513,22.85251,24.59557,17.1324
glas_30_patch.tiff,patch_2,20.23141,26.299149,23.605347,21.48337,24.178823,17.01941
glas_30_patch.tiff,patch_3,19.642305,25.733936,23.71833,22.638897,24.022528,17.422968
glas_30_patch.tiff,patch_4,21.405981,25.663897,25.074972,23.85114,26.601435,19.122786
glas_30_patch.tiff,patch_5,20.843102,24.693144,24.78759,22.212288,24.74344,19.468924
glas_31_patch.tiff,patch_0,20.800795,25.745356,25.75487,23.43282,24.72938,18.653275
glas_31_patch.tiff,patch_1,18.691908,25.784586,24.478336,22.26173,23.814209,17.786245
glas_31_patch.tiff,patch_2,19.094858,26.693722,23.305904,21.448013,23.19199,19.85943
glas_31_patch.tiff,patch_3,19.275814,26.84762,22.806332,21.984959,23.24157,20.97402
glas_31_patch.tiff,patch_4,19.39705,26.580822,25.707743,22.842196,23.610811,18.868074
glas_31_patch.tiff,patch_5,19.396032,25.351908,24.74745,22.323421,23.840601,17.477083
glas_35_patch.tiff,patch_0,20.279167,26.247969,25.312822,23.630478,26.639133,18.194727
glas_35_patch.tiff,patch_1,21.03371,24.9735,25.003613,24.426113,26.305067,16.98603
glas_35_patch.tiff,patch_2,18.797503,25.74269,23.031946,20.718369,22.82886,16.055708
glas_35_patch.tiff,patch_3,20.87289,25.868898,25.318264,23.397223,25.76228,16.346497
glas_35_patch.tiff,patch_4,20.229053,25.885862,24.480492,22.681677,25.076704,18.381975
glas_35_patch.tiff,patch_5,19.720673,26.755978,24.026133,21.135191,23.64068,18.026913
glas_38_patch.tiff,patch_0,18.694159,24.916441,21.156399,22.626188,23.41512,18.312965
glas_38_patch.tiff,patch_1,18.407032,26.805262,22.745508,21.799152,21.541008,19.059986
glas_38_patch.tiff,patch_2,17.638826,25.774632,21.85624,21.073889,21.967632,16.549244
glas_38_patch.tiff,patch_3,16.23799,24.752157,21.069586,19.413794,19.759743,18.19457
glas_38_patch.tiff,patch_4,17.093128,26.451132,21.815145,19.065325,20.14686,17.811373
glas_38_patch.tiff,patch_5,17.12324,25.952726,21.320946,19.841465,21.490402,17.456585
glas_39_patch.tiff,patch_0,16.64342,25.722,22.336235,18.06223,20.392296,20.455135
glas_39_patch.tiff,patch_1,18.544388,25.086575,22.388332,19.696222,21.801472,18.658289
glas_40_patch.tiff,patch_0,19.734905,26.665915,23.19123,21.341644,23.093872,20.96981
glas_40_patch.tiff,patch_1,19.195911,27.44849,24.387676,21.108854,24.3297,19.623476
glas_40_patch.tiff,patch_2,19.716106,26.856926,25.661516,22.485788,24.212797,18.301914
glas_40_patch.tiff,patch_3,19.959,25.70833,25.55711,23.243069,25.424175,17.733677
glas_40_patch.tiff,patch_4,19.415741,25.290089,25.23434,23.446518,25.460144,18.51925
glas_40_patch.tiff,patch_5,20.574766,25.437033,26.811384,24.04867,26.690554,16.663353
glas_43_patch.tiff,patch_0,18.745922,27.392216,26.212095,23.882936,24.254145,18.310427
glas_43_patch.tiff,patch_1,21.592388,26.259577,25.919294,23.038866,24.428398,18.611004
glas_43_patch.tiff,patch_2,19.985025,26.393988,25.316837,23.31794,23.176308,20.854588
glas_43_patch.tiff,patch_3,22.090555,25.843071,24.767565,22.451344,24.321486,17.420683
glas_43_patch.tiff,patch_4,18.524311,26.60672,24.728092,22.680231,23.770086,17.521317
glas_43_patch.tiff,patch_5,21.201387,26.858084,22.575525,21.052794,23.292738,21.545612
glas_44_patch.tiff,patch_0,19.575596,24.784037,24.457907,22.989082,25.704458,14.740969
glas_44_patch.tiff,patch_1,19.637463,23.890118,22.48715,23.573809,25.090158,15.311813
glas_44_patch.tiff,patch_2,20.60211,24.794516,24.646036,22.97241,25.170345,15.820587
glas_44_patch.tiff,patch_3,20.081785,25.440899,23.056,21.921085,25.153759,19.35059
glas_44_patch.tiff,patch_4,18.958078,25.744747,22.690971,21.01104,22.680136,17.140257
glas_44_patch.tiff,patch_5,19.55843,26.716019,23.454334,22.02036,23.891407,19.232351
glas_45_patch.tiff,patch_0,19.335321,25.313864,25.62504,22.88923,25.504152,15.737324
glas_45_patch.tiff,patch_1,20.509224,25.888386,24.348135,22.594273,26.846315,15.874158
glas_45_patch.tiff,patch_2,20.290546,26.442448,25.624638,22.787315,25.537092,16.802076
glas_45_patch.tiff,patch_3,20.559898,25.357256,25.616367,22.878218,25.547968,16.872784
glas_45_patch.tiff,patch_4,20.270052,25.572487,25.55945,24.05857,26.114151,17.891016
glas_45_patch.tiff,patch_5,19.133335,26.050272,24.812109,23.973637,26.34315,18.41867
glas_48_patch.tiff,patch_0,18.601908,25.547316,21.945024,18.656662,22.067572,19.042788
glas_48_patch.tiff,patch_1,18.103403,25.745173,22.462912,17.598373,20.349411,19.927542
glas_48_patch.tiff,patch_2,17.911987,26.092196,22.709133,20.09531,22.202024,21.869812
glas_48_patch.tiff,patch_3,20.076843,26.291405,23.70374,20.766512,23.106743,20.24015
glas_48_patch.tiff,patch_4,20.737831,25.744944,24.65922,20.54908,21.346586,20.23306
glas_48_patch.tiff,patch_5,18.353115,25.364527,22.892374,17.79023,19.354292,19.34207
glas_49_patch.tiff,patch_0,18.96763,26.26964,24.697283,22.251724,22.656403,18.435844
glas_49_patch.tiff,patch_1,18.9262,25.727139,23.59011,22.763914,23.763708,19.999994
glas_49_patch.tiff,patch_2,16.937183,25.702087,22.874186,22.346178,22.160307,23.050097
glas_49_patch.tiff,patch_3,18.706789,25.678238,23.212343,22.345985,22.442194,16.791729
glas_49_patch.tiff,patch_4,17.819761,25.861996,22.34858,21.957552,23.303938,21.412308
glas_49_patch.tiff,patch_5,17.951586,26.068886,22.11851,19.47302,20.705082,17.732607
glas_4_patch.tiff,patch_0,19.74166,25.089989,26.080206,23.599072,25.176844,16.032232
glas_4_patch.tiff,patch_1,18.779167,25.01601,23.82387,22.630013,25.23889,16.373934
glas_4_patch.tiff,patch_2,18.983961,26.27533,24.915756,22.678345,25.415216,17.186193
glas_4_patch.tiff,patch_3,19.008608,26.146872,23.632456,22.199154,23.854204,20.030256
glas_4_patch.tiff,patch_4,20.516026,26.24246,26.751253,23.878654,25.45123,17.056017
glas_4_patch.tiff,patch_5,19.853046,25.191484,25.274097,23.47178,25.472857,19.155243
glas_54_patch.tiff,patch_0,19.953522,24.262115,23.811205,23.645971,23.381262,18.563585
glas_54_patch.tiff,patch_1,20.758974,23.61174,24.510231,24.131052,25.052105,17.72081
glas_54_patch.tiff,patch_2,18.62608,24.202131,22.715563,22.906204,23.58453,17.861248
glas_54_patch.tiff,patch_3,19.972054,25.410694,24.743303,23.74366,24.471277,19.191622
glas_54_patch.tiff,patch_4,19.925825,26.324438,23.8436,22.305506,23.024767,18.665222
glas_54_patch.tiff,patch_5,18.491606,26.703945,24.03488,21.54786,23.125202,17.342855
glas_55_patch.tiff,patch_0,18.791975,26.138561,22.89808,20.52197,22.531563,22.416082
glas_55_patch.tiff,patch_1,20.288504,26.32332,22.910402,21.386229,22.95179,21.000036
glas_55_patch.tiff,patch_2,20.496078,25.650532,22.845594,22.536919,23.606894,21.877028
glas_55_patch.tiff,patch_3,16.95507,26.319849,22.229221,19.83321,21.260855,22.311811
glas_55_patch.tiff,patch_4,17.47416,26.01726,21.988659,21.104107,21.929735,23.586952
glas_55_patch.tiff,patch_5,15.696548,25.066723,20.331776,18.763582,20.581423,20.9631
glas_61_patch.tiff,patch_0,18.946512,26.843145,23.680742,22.758598,23.285515,21.792715
glas_61_patch.tiff,patch_1,18.694412,26.964584,23.282158,22.34359,23.388546,20.22509
glas_61_patch.tiff,patch_2,17.666475,25.785461,22.696419,21.5344,24.260412,17.456524
glas_61_patch.tiff,patch_3,19.139666,25.603996,23.474493,21.656094,24.09569,15.450558
glas_61_patch.tiff,patch_4,18.261383,24.770966,23.708923,22.782543,24.1785,15.724575
glas_61_patch.tiff,patch_5,19.2412,25.713799,24.353056,22.41413,24.446035,16.304605
glas_6_patch.tiff,patch_0,18.764889,25.659157,23.305197,20.033796,22.307867,18.728937
glas_6_patch.tiff,patch_1,17.887457,26.054642,23.64184,18.81271,21.436642,19.202333
glas_6_patch.tiff,patch_2,19.88155,25.31548,23.945913,21.341902,23.798222,19.080433
glas_6_patch.tiff,patch_3,20.37216,26.184963,23.87291,22.399996,24.592667,20.367949
glas_6_patch.tiff,patch_4,19.806108,25.479624,25.468267,22.365385,24.06901,20.591898
glas_6_patch.tiff,patch_5,19.361916,25.75446,22.381775,19.695185,21.740541,20.72837
glas_7_patch.tiff,patch_0,21.98106,26.053976,25.47611,22.9443,25.497084,18.802187
glas_7_patch.tiff,patch_1,19.933447,25.794333,23.662807,21.88582,24.389088,18.905584
glas_7_patch.tiff,patch_2,22.566248,26.841475,25.778372,23.54712,25.986238,18.232641
glas_7_patch.tiff,patch_3,20.352615,26.74253,24.897919,22.889965,23.939322,18.727648
glas_7_patch.tiff,patch_4,20.09687,25.788301,22.648794,23.236177,24.208897,20.81228
glas_7_patch.tiff,patch_5,19.986992,25.007795,24.013546,24.210436,25.271915,15.502459
