external_gene_name,ensembl_gene_id
MT-TF,ENSG00000210049
MT-RNR1,ENSG00000211459
MT-TV,ENSG00000210077
MT-RNR2,ENSG00000210082
MT-TL1,ENSG00000209082
MT-ND1,ENSG00000198888
MT-TI,ENSG00000210100
MT-TQ,ENSG00000210107
MT-TM,ENSG00000210112
MT-ND2,ENSG00000198763
MT-TW,ENSG00000210117
MT-TA,ENSG00000210127
MT-TN,ENSG00000210135
MT-TC,ENSG00000210140
MT-TY,ENSG00000210144
MT-CO1,ENSG00000198804
MT-TS1,ENSG00000210151
MT-TD,ENSG00000210154
MT-CO2,ENSG00000198712
MT-TK,ENSG00000210156
MT-ATP8,ENSG00000228253
MT-ATP6,ENSG00000198899
MT-CO3,ENSG00000198938
MT-TG,ENSG00000210164
MT-ND3,ENSG00000198840
MT-TR,ENSG00000210174
MT-ND4L,ENSG00000212907
MT-ND4,ENSG00000198886
MT-TH,ENSG00000210176
MT-TS2,ENSG00000210184
MT-TL2,ENSG00000210191
MT-ND5,ENSG00000198786
MT-ND6,ENSG00000198695
MT-TE,ENSG00000210194
MT-CYB,ENSG00000198727
MT-TT,ENSG00000210195
MT-TP,ENSG00000210196
,ENSG00000299200
5S_rRNA,ENSG00000278457
U6,ENSG00000278625
5_8S_rRNA,ENSG00000278294
RNA5-8SN5,ENSG00000274917
Y_RNA,ENSG00000277428
U1,ENSG00000275987
MAFIP,ENSG00000274847
U2,ENSG00000276711
RNA5-8SN4,ENSG00000276700
RNU1-62P,ENSG00000281822
MTCO3P47,ENSG00000280505
RNA5SP136,ENSG00000280775
RYBP,ENSG00000281766
GCGR,ENSG00000288269
RPL23AP45,ENSG00000291360
MCRIP1,ENSG00000288213
RNU6-409P,ENSG00000291372
ACR,ENSG00000291368
C8orf33,ENSG00000291362
SNRPA1P2,ENSG00000291370
LINC01784,ENSG00000282162
SHANK3,ENSG00000292254
PRAMEF11,ENSG00000281934
PRAMEF30P,ENSG00000282116
HNRNPCL1,ENSG00000282175
PRAMEF2,ENSG00000282817
PRAMEF4,ENSG00000282584
PRAMEF10,ENSG00000282663
PRAMEF7,ENSG00000279195
RNU6-1072P,ENSG00000282338
PRAMEF29P,ENSG00000282549
PRAMEF6,ENSG00000282119
PPP1R27,ENSG00000288186
PRAMEF28P,ENSG00000282791
PRAMEF27,ENSG00000282437
HNRNPCL3,ENSG00000282559
PRAMEF25,ENSG00000282566
PRAMEF34P,ENSG00000282258
PRAMEF35P,ENSG00000282562
LINC02688,ENSG00000291364
HNRNPCL2,ENSG00000282530
MUC5AC,ENSG00000291363
PRAMEF36P,ENSG00000282468
MUC2,ENSG00000293532
PRAMEF26,ENSG00000281987
HNRNPCL4,ENSG00000282095
PRAMEF9,ENSG00000282298
PRAMEF13,ENSG00000282741
PRAMEF18,ENSG00000282212
PRAMEF31P,ENSG00000282289
PRAMEF5,ENSG00000282424
PRAMEF32P,ENSG00000282216
RNU6-771P,ENSG00000282288
PRAMEF8,ENSG00000282583
PRAMEF33,ENSG00000282125
PRAMEF22,ENSG00000293551
CNTNAP3C,ENSG00000291365
RN7SL462P,ENSG00000291366
OR9G1,ENSG00000261958
OR9G9,ENSG00000262191
OR9G3P,ENSG00000262268
OR9G4,ENSG00000262647
OR9G2P,ENSG00000281777
OR5G1P,ENSG00000281313
BCL2L14,ENSG00000281449
OR5G4P,ENSG00000281279
OR5G5P,ENSG00000262535
OR5G3,ENSG00000281107
LINC02735,ENSG00000281839
PTMAP9,ENSG00000281442
MIR1244-4,ENSG00000283344
LRP6,ENSG00000281324
SYT15B,ENSG00000288175
NPY4R2,ENSG00000288157
FAM25C,ENSG00000288481
AGAP12P,ENSG00000288424
RNA5SP315,ENSG00000288201
BMS1P7,ENSG00000288196
TOLLIP,ENSG00000291426
TOLLIP-DT,ENSG00000291427
LINC02689,ENSG00000291430
BRSK2,ENSG00000291428
RPL21P100,ENSG00000280475
RNU6-545P,ENSG00000206783
RNU6-318P,ENSG00000207477
MANSC1,ENSG00000281818
DUSP8,ENSG00000291431
KRTAP5-AS1,ENSG00000291432
RPL23AP66,ENSG00000281051
KRTAP5-1,ENSG00000291433
LOH12CR2,ENSG00000281234
KRTAP5-2,ENSG00000291434
KRTAP5-3,ENSG00000291435
KRTAP5-4,ENSG00000291440
KRTAP5-5,ENSG00000291443
BORCS5,ENSG00000280689
FAM99A,ENSG00000291437
FAM99B,ENSG00000291438
LINC02708,ENSG00000291439
MOB2,ENSG00000291442
DUSP16,ENSG00000280962
HMX1,ENSG00000288204
RBMY3AP,ENSG00000291444
CDY3P,ENSG00000291445
TSPY25P,ENSG00000291446
USP9YP22,ENSG00000291447
TSPY16P,ENSG00000291448
USP9YP4,ENSG00000291449
ELOCP4,ENSG00000291450
RBMY1A3P,ENSG00000291451
LINC03015,ENSG00000288472
TTTY20,ENSG00000291453
TSPY8,ENSG00000291455
FAM197Y7,ENSG00000291456
TSPY4,ENSG00000291458
TSPY9,ENSG00000291459
FAM197Y2,ENSG00000291460
FAM197Y4,ENSG00000291461
FAM197Y8,ENSG00000291454
LINC03014,ENSG00000288417
FAM20C,ENSG00000288499
SERTAD4-AS1,ENSG00000280963
SERTAD4,ENSG00000281230
OR4C12,ENSG00000284255
OR4C48P,ENSG00000284278
ST13P19,ENSG00000281067
OR4C49P,ENSG00000284123
OR4C45,ENSG00000292249
HHAT,ENSG00000280680
GRK1,ENSG00000288263
LINC00552,ENSG00000288305
RNU5A-8P,ENSG00000281499
BPNT2P1,ENSG00000280937
ARHGEF19,ENSG00000291381
ANO7L1,ENSG00000291404
CPLANE2,ENSG00000291382
MT1XP1,ENSG00000291377
FBXO42,ENSG00000291375
SZRD1,ENSG00000291379
RPL22P3,ENSG00000291374
SPATA21,ENSG00000291401
NECAP2,ENSG00000291380
LINC01772,ENSG00000291388
CROCCP3,ENSG00000291402
RNU1-1,ENSG00000291389
LINC01783,ENSG00000291392
RNU1-6P,ENSG00000291393
PDE4DIPP8,ENSG00000291394
RNU1-2,ENSG00000291385
LINC03126,ENSG00000291400
RNU1-5P,ENSG00000291383
ELOCP5,ENSG00000285019
CDY10P,ENSG00000285196
EIF1AXP1,ENSG00000291398
RNU1-3,ENSG00000291396
RNU1-4,ENSG00000291399
PADI2,ENSG00000291387
USP9YP3,ENSG00000285308
USP9YP8,ENSG00000285028
CROCCP4,ENSG00000291403
CDY11P,ENSG00000285455
OFD1P16Y,ENSG00000285477
LINC01300,ENSG00000291463
GPR20,ENSG00000291465
ASTILCS,ENSG00000291466
PTP4A3,ENSG00000291470
HNRNPA1P38,ENSG00000291469
C8orf90,ENSG00000291474
MROH5,ENSG00000291473
NBPF1,ENSG00000292225
RPL14P5,ENSG00000292328
DHRSX-IT1,ENSG00000292337
DHRSX,ENSG00000292338
RNU6-1004P,ENSG00000285481
ORAI1,ENSG00000293604
LINC00685,ENSG00000292342
MIR6089,ENSG00000292346
LINC00102,ENSG00000292347
Metazoa_SRP,ENSG00000292350
FABP5P13,ENSG00000292352
KRT18P53,ENSG00000292353
SHOX,ENSG00000292354
MIR3690,ENSG00000292355
RNA5SP498,ENSG00000292356
CD99P1,ENSG00000292361
CRLF2,ENSG00000292363
ASMT,ENSG00000292336
ASMTL-AS1,ENSG00000292331
MIR4740,ENSG00000291414
MIR3186,ENSG00000291415
LINC01971,ENSG00000291417
ACTG1,ENSG00000291420
LINC00106,ENSG00000292341
LINC02968,ENSG00000310540
BAHCC1,ENSG00000291421
LINC03048,ENSG00000291425
LINC03112,ENSG00000292360
ZBED1,ENSG00000292345
PPP2R3B,ENSG00000292327
RPL21P63,ENSG00000285209
GCNT2P1,ENSG00000284885
C6orf52,ENSG00000285312
CD99,ENSG00000292348
PAK1IP1,ENSG00000285226
TMEM14C,ENSG00000284936
PLCXD1,ENSG00000292344
GCNT2,ENSG00000285222
P2RY8,ENSG00000292333
IL3RA,ENSG00000292332
GTPBP6,ENSG00000292358
SLC25A6,ENSG00000292334
ASMTL,ENSG00000292339
CSF2RA,ENSG00000292357
RNU5B-4P,ENSG00000288430
ECSCR,ENSG00000288297
SMIM33,ENSG00000288274
STING1,ENSG00000288243
CTBP2P1,ENSG00000281211
AKAP17A,ENSG00000292343
AMD1P2,ENSG00000292364
DPH3P2,ENSG00000292365
ELOCP24,ENSG00000292367
TRPC6P1,ENSG00000292368
DDX11L16,ENSG00000292371
WASH6P,ENSG00000292372
WASIR1,ENSG00000292370
IL9R,ENSG00000292373
VAMP7,ENSG00000292366
NCOA4P4,ENSG00000288138
TSPY24P,ENSG00000215601
ZNF92P1Y,ENSG00000215603
SERBP1P2,ENSG00000225878
TSPY12P,ENSG00000236435
DUX4L19,ENSG00000258991
OFD1P3Y,ENSG00000231988
RBMY2HP,ENSG00000238073
ELOCP35,ENSG00000271595
SLC9B1P1,ENSG00000183704
USP12PY,ENSG00000232927
KDM5DP1,ENSG00000277438
DUX4L17,ENSG00000259154
ZNF736P6Y,ENSG00000224634
TUSC2P1,ENSG00000285470
PUDPP1,ENSG00000234620
CDRT15P10,ENSG00000273693
RNF19BPY,ENSG00000225653
TUBB1P2,ENSG00000228578
ACTR3BP1,ENSG00000270242
RPS24P1,ENSG00000236477
RCC2P2,ENSG00000237997
ZNF736P8Y,ENSG00000244246
BPY2,ENSG00000183753
MTND1P12,ENSG00000225433
MTND6P1,ENSG00000223955
PABPC1P5,ENSG00000270455
RCC2P1,ENSG00000234385
SHROOM2P1,ENSG00000226863
DUX4L18,ENSG00000259029
ZNF736P11Y,ENSG00000215537
BPY2DP,ENSG00000229745
CHEK2P1,ENSG00000275828
ZNF886P,ENSG00000232522
ASS1P6,ENSG00000215583
SNX18P1Y,ENSG00000274162
MED14P1,ENSG00000233774
ZNF885P,ENSG00000228764
ARSFP1,ENSG00000232226
ZNF736P7Y,ENSG00000241200
SURF6P1,ENSG00000228518
ANKRD20A6P,ENSG00000274502
RBMY2KP,ENSG00000225809
TTTY19,ENSG00000232419
TTTY4,ENSG00000226906
MXRA5Y,ENSG00000235649
DUX4L16,ENSG00000258567
MTCYBP1,ENSG00000234179
TTTY17A,ENSG00000228240
AGPAT5P1,ENSG00000234652
FAM41AY1,ENSG00000224989
TRIM60P3Y,ENSG00000227830
MTND1P1,ENSG00000226529
PRRC2CP1,ENSG00000216777
ZNF736P10Y,ENSG00000216824
MTND2P3,ENSG00000234850
ARSDP1,ENSG00000225117
CDY4P,ENSG00000228411
UBE2V1P3,ENSG00000229518
FAM8A4P,ENSG00000232730
TRIM60P8Y,ENSG00000232764
MED13P1,ENSG00000236131
CYCSP46,ENSG00000227949
RNU6-303P,ENSG00000252900
RN7SL702P,ENSG00000243980
RNA5SP520,ENSG00000252315
RNA5SP521,ENSG00000252012
RNU6-109P,ENSG00000252173
RNU6-184P,ENSG00000252323
HSFY2,ENSG00000169953
RNA5SP266,ENSG00000284058
GPM6BP2,ENSG00000236429
USP9YP2,ENSG00000249501
ELOCP14,ENSG00000228193
XKRYP2,ENSG00000230904
USP9YP10,ENSG00000238135
RNU1-41P,ENSG00000251970
OFD1P7Y,ENSG00000238088
MTCYBP2,ENSG00000217179
ZNF839P1,ENSG00000217896
CD24P4,ENSG00000185275
RNU6-255P,ENSG00000252766
GAPDHP19,ENSG00000234529
CLUHP1,ENSG00000238191
TAF9P1,ENSG00000226353
CDY5P,ENSG00000226449
ELOCP36,ENSG00000225896
ACTG1P2,ENSG00000229129
USP9YP23,ENSG00000223555
USP9YP27,ENSG00000235521
RNU1-128P,ENSG00000252513
TRAPPC2P3,ENSG00000224964
ELOCP6,ENSG00000225740
CDY6P,ENSG00000229138
USP9YP7,ENSG00000224485
USP9YP6,ENSG00000226116
CDY7P,ENSG00000237558
USP9YP34,ENSG00000233378
USP9YP32,ENSG00000237616
CDY8P,ENSG00000224033
ELOCP12,ENSG00000230412
TRAPPC2P8,ENSG00000225895
USP9YP15,ENSG00000233120
RNU1-95P,ENSG00000252166
USP9YP16,ENSG00000232744
ACTG1P11,ENSG00000229465
ELOCP26,ENSG00000236599
CDY9P,ENSG00000232899
TAF9P2,ENSG00000229302
CLUHP2,ENSG00000228945
RNA5SP522,ENSG00000251953
RNA5SP523,ENSG00000252667
TUBB1P1,ENSG00000249726
ELOCP13,ENSG00000225716
OFD1P4Y,ENSG00000229406
RNU1-48P,ENSG00000252209
USP9YP5,ENSG00000249634
XKRYP1,ENSG00000238067
ELOCP7,ENSG00000230377
USP9YP1,ENSG00000250951
GPM6BP1,ENSG00000230458
RAB9AP4,ENSG00000235479
TRAPPC2P7,ENSG00000249606
HSFY1,ENSG00000172468
TGIF2LY,ENSG00000176679
CDY2A,ENSG00000182415
ZNF736P3Y,ENSG00000233126
TRIM60P9Y,ENSG00000227251
RN7SKP282,ENSG00000252633
RNU6-941P,ENSG00000252155
RNU6-521P,ENSG00000252472
SRIP3,ENSG00000224953
GOT2P5,ENSG00000233634
ATP5PFP1,ENSG00000237701
TRIM60P10Y,ENSG00000232976
ZNF736P2Y,ENSG00000226270
TRIM60P11Y,ENSG00000227837
ZNF736P1Y,ENSG00000223978
ZNF736P5Y,ENSG00000230819
BPY2C,ENSG00000185894
TTTY4C,ENSG00000228296
DAZ4,ENSG00000205916
ITGA9,ENSG00000291488
RPL21P135,ENSG00000291489
NDUFAF4P3,ENSG00000291491
RNU7-73P,ENSG00000291493
ITGA9-AS1,ENSG00000291496
CDY2B,ENSG00000129873
RNU6-1334P,ENSG00000251841
SRY,ENSG00000184895
TOMM22P2,ENSG00000232195
RPS4Y1,ENSG00000129824
NAP1L1P2,ENSG00000229163
EEF1A1P41,ENSG00000223600
PSMA6P1,ENSG00000215414
SFPQP1,ENSG00000224035
DPPA2P1,ENSG00000223915
CASKP1,ENSG00000234059
TMSB4Y,ENSG00000154620
VCY,ENSG00000129864
DAZ3,ENSG00000187191
DAZ1,ENSG00000188120
SNORA70,ENSG00000251925
AMELY,ENSG00000099721
TBL1Y,ENSG00000092377
DAZ2,ENSG00000205944
C1R,ENSG00000288512
AGKP1,ENSG00000226555
NLGN4Y-AS1,ENSG00000228787
CDY22P,ENSG00000229343
ELOCP17,ENSG00000232695
OFD1P18Y,ENSG00000235511
TRAPPC2P4,ENSG00000232914
RAB9AP3,ENSG00000223655
USP9YP20,ENSG00000230854
RNU1-40P,ENSG00000252625
USP9YP21,ENSG00000227635
XKRYP6,ENSG00000237546
ELOCP11,ENSG00000227867
CDY23P,ENSG00000231716
USP9YP26,ENSG00000234744
HSFY8P,ENSG00000233156
RNU6-1314P,ENSG00000252948
CYCSP48,ENSG00000233843
VCY1B,ENSG00000129862
IBTK,ENSG00000283068
PNPLA4P1,ENSG00000235451
C1RL,ENSG00000288124
TBL1YP1,ENSG00000225624
RPS4Y2,ENSG00000280969
HSFY4P,ENSG00000224482
GAPDHP17,ENSG00000229551
TMEM167AP1,ENSG00000226504
TOMM22P1,ENSG00000237427
NEFLP1,ENSG00000232634
PRORY,ENSG00000183146
TSPY14P,ENSG00000169849
RBMY1HP,ENSG00000169811
TTTY13,ENSG00000184991
HSFY6P,ENSG00000224169
USP9YP18,ENSG00000223407
CDY14P,ENSG00000226873
ELOCP16,ENSG00000227915
XKRYP3,ENSG00000236620
USP9YP25,ENSG00000224866
USP9YP29,ENSG00000232424
RNU1-97P,ENSG00000252681
RAB9AP1,ENSG00000232910
TRAPPC2P9,ENSG00000232845
OFD1P11Y,ENSG00000237302
RNU2-57P,ENSG00000252468
VDAC1P6,ENSG00000231341
EIF4A1P2,ENSG00000235001
KRT18P10,ENSG00000214207
SNX3P1Y,ENSG00000278585
C1RL-AS1,ENSG00000288352
RPL26P37,ENSG00000235175
PCDH11Y,ENSG00000099715
RBP5,ENSG00000288369
ELOCP9,ENSG00000231540
CDY15P,ENSG00000223362
XKRYP4,ENSG00000231026
USP9YP13,ENSG00000224571
USP9YP11,ENSG00000226369
RNU6-485P,ENSG00000284403
TTTY3B,ENSG00000280961
USP9YP12,ENSG00000227871
RNU1-86P,ENSG00000251917
RAB9AP5,ENSG00000231423
CLSTN3,ENSG00000288427
TRAPPC2P10,ENSG00000228465
OFD1P12Y,ENSG00000232585
ELOCP10,ENSG00000234081
CDY1B,ENSG00000172352
CDY17P,ENSG00000231375
USP9YP35,ENSG00000237467
USP9YP31,ENSG00000229250
CDY18P,ENSG00000232205
RN7SL818P,ENSG00000274234
UBE2Q2P4Y,ENSG00000225491
LINC00265-2P,ENSG00000224827
CICP2,ENSG00000233740
RBMY2XP,ENSG00000234399
TTTY17B,ENSG00000227439
TRIM60P5Y,ENSG00000224210
ZNF736P12Y,ENSG00000232003
TTTY4B,ENSG00000235412
BPY2B,ENSG00000183795
ZNF736P4Y,ENSG00000236379
RBMY2YP,ENSG00000227633
CICP1,ENSG00000233652
LINC00265-3P,ENSG00000233944
UBE2Q2P5Y,ENSG00000223636
GOLGA2P3Y,ENSG00000172297
RN7SL725P,ENSG00000278242
CDY19P,ENSG00000237823
USP9YP36,ENSG00000229709
USP9YP33,ENSG00000232064
CDY20P,ENSG00000225609
ELOCP34,ENSG00000270535
OFD1P13Y,ENSG00000225287
TRAPPC2P5,ENSG00000225256
RAB9AP2,ENSG00000223856
USP9YP30,ENSG00000235004
RNU1-107P,ENSG00000252426
TTTY3,ENSG00000231141
USP9YP9,ENSG00000232614
USP9YP19,ENSG00000225326
XKRYP5,ENSG00000223406
CYCSP49,ENSG00000224240
SLC25A15P1,ENSG00000227629
PARP4P1,ENSG00000237917
CCNQP2,ENSG00000231514
CDY1,ENSG00000172288
RBMY1B,ENSG00000242875
RBMY1A1,ENSG00000234414
PEX5,ENSG00000288217
RFTN1P1,ENSG00000234795
TTTY11,ENSG00000180910
ARSLP1,ENSG00000224060
OFD1P6Y,ENSG00000242153
XKRY,ENSG00000250868
XKRYP7,ENSG00000244646
HSFY3P,ENSG00000227289
TAB3P1,ENSG00000235462
ANOS2P,ENSG00000241859
RBMY2EP,ENSG00000223637
GOLGA2P2Y,ENSG00000239533
TXLNGY,ENSG00000131002
GYG2P1,ENSG00000206159
RNU6-130P,ENSG00000282867
TPBG,ENSG00000283085
FAM197Y6,ENSG00000237802
TSPY3,ENSG00000228927
RBMY2CP,ENSG00000215540
RBMY2DP,ENSG00000215507
ZNF736P9Y,ENSG00000239893
PRKY,ENSG00000099725
BCORP1,ENSG00000215580
FAM197Y5,ENSG00000290330
TSPY1,ENSG00000258992
FAM197Y3,ENSG00000290607
TSPY10,ENSG00000236424
RPL30P4,ENSG00000291497
CNOT10-AS1,ENSG00000291498
SUGT1P2,ENSG00000291499
RPL23AP43,ENSG00000291500
TRIM71,ENSG00000291501
CNOT10,ENSG00000291502
FAM197Y1,ENSG00000224336
TTTY22,ENSG00000224075
TSPY18P,ENSG00000231874
RBMY2OP,ENSG00000234950
RBMY2QP,ENSG00000236718
TSPY20P,ENSG00000243643
TSPY5P,ENSG00000225685
RNA5SP518,ENSG00000251766
RNA5SP519,ENSG00000252289
DUX4L31,ENSG00000231411
PCMTD1P1,ENSG00000226061
CDC27P2,ENSG00000237447
RNA5-8SP6,ENSG00000251705
DLGAP5P1,ENSG00000237195
TTTY23B,ENSG00000250204
TSPY2,ENSG00000168757
FAM197Y9,ENSG00000290448
TSPY19P,ENSG00000234583
LINC00280,ENSG00000229643
TSPY17P,ENSG00000232620
TTTY23,ENSG00000239225
FAM224B,ENSG00000230663
TTTY2B,ENSG00000212856
TTTY1B,ENSG00000129816
TTTY7,ENSG00000147753
TTTY8B,ENSG00000185700
NAA50P1,ENSG00000281819
OR8J2,ENSG00000263150
OR5T2,ENSG00000262851
OR5T3,ENSG00000261897
OR5T1,ENSG00000262784
OR8H1,ENSG00000262611
OR8I1P,ENSG00000280712
OR8K3,ENSG00000262755
TTTY10,ENSG00000229236
FAM8A2P,ENSG00000281773
OR8K2P,ENSG00000280617
OR8K1,ENSG00000263328
RPL5P29,ENSG00000281820
OR8J1,ENSG00000262796
OR8U8,ENSG00000262315
OR8U9,ENSG00000281038
OR8L1P,ENSG00000280577
TTTY16,ENSG00000290323
TTTY12,ENSG00000237048
TTTY2,ENSG00000212855
TTTY7B,ENSG00000147761
ZFY-AS1,ENSG00000233070
TTTY17C,ENSG00000223641
SEPTIN14P23,ENSG00000228786
ABCD1P4,ENSG00000288394
PABPC1P9,ENSG00000288342
SLC9B1P4,ENSG00000288315
ACTR3BP6,ENSG00000288272
FAM41AY2,ENSG00000290726
LINC00278,ENSG00000231535
TTTY1,ENSG00000129845
H3-4,ENSG00000285435
RPL23AP15,ENSG00000284795
H2AC25,ENSG00000284841
LINC00279,ENSG00000286217
H2BC26,ENSG00000285449
MIR4666A,ENSG00000284998
H2BC27P,ENSG00000285234
RNF187,ENSG00000285426
RNA5S1,ENSG00000285166
TTTY18,ENSG00000233699
RNA5S2,ENSG00000285285
RNA5S3,ENSG00000285168
RNA5S16,ENSG00000284853
RNA5S17,ENSG00000285158
RNA5SP18,ENSG00000284877
DUSP5P1,ENSG00000285311
FTH1P2,ENSG00000285319
RHOU,ENSG00000284984
BTNL10P,ENSG00000285153
TTTY8,ENSG00000183385
STSP1,ENSG00000227166
RBMY2JP,ENSG00000227204
XGY1,ENSG00000227447
RBMY2WP,ENSG00000230727
USP9YP28,ENSG00000224151
TTTY14,ENSG00000176728
OFD1P1Y,ENSG00000226011
USP9YP14,ENSG00000227494
RNASEH2CP1,ENSG00000237659
XGY2,ENSG00000290840
PPP1R12BP2,ENSG00000205936
REREP1Y,ENSG00000225189
GPR143YP,ENSG00000232583
OFD1P15Y,ENSG00000234888
REREP2Y,ENSG00000235014
PPP1R12BP1,ENSG00000229238
ANKRD36P1,ENSG00000188399
OFD1P2Y,ENSG00000226611
OFD1P5Y,ENSG00000240438
RBMY2TP,ENSG00000237269
OFD1P10Y,ENSG00000225466
ELP5,ENSG00000288485
GOLGA6L11P,ENSG00000223698
DNM1P24,ENSG00000242854
CSPG4P2Y,ENSG00000244231
CSPG4P3Y,ENSG00000172342
SEPTIN14P22,ENSG00000248792
CSPG4P4Y,ENSG00000172294
CSPG4P1Y,ENSG00000240450
DNM1P48,ENSG00000239304
GOLGA6L16P,ENSG00000197092
TPTE2P4,ENSG00000215506
TSPY7P,ENSG00000188656
TSPY6P,ENSG00000270073
TSPY15P,ENSG00000236786
CLDN7,ENSG00000288292
RBMY2NP,ENSG00000229208
TSPY13P,ENSG00000187657
TSPY11P,ENSG00000238235
RBMY2GP,ENSG00000223744
RBMY1D,ENSG00000244395
SLC2A4,ENSG00000288174
LEUTX,ENSG00000280774
RBMY1E,ENSG00000242389
DYRK1B,ENSG00000281320
YBX2,ENSG00000288504
RBMY2AP,ENSG00000226092
OFD1P8Y,ENSG00000231159
HSFY5P,ENSG00000232475
USP9YP17,ENSG00000229553
CDY12P,ENSG00000228850
ELOCP15,ENSG00000232029
EIF5A,ENSG00000288145
TTTY6B,ENSG00000131548
RBMY1F,ENSG00000169800
MIR6719,ENSG00000281403
FBL,ENSG00000280548
TSPY23P,ENSG00000229159
RBMY2UP,ENSG00000225615
RBMY1KP,ENSG00000229234
TTTY5,ENSG00000215560
TSPY22P,ENSG00000229940
RBMY2FP,ENSG00000290336
TTTY25P,ENSG00000259247
TSPY21P,ENSG00000237902
RBMY1J,ENSG00000226941
PRR13P5,ENSG00000280932
PSMC4,ENSG00000281221
GPS2,ENSG00000288325
ZNF546,ENSG00000281526
TTTY6,ENSG00000131538
ELOCP8,ENSG00000234131
CDY13P,ENSG00000224873
USP9YP24,ENSG00000230814
HSFY7P,ENSG00000228571
OFD1P9Y,ENSG00000230476
RBMY2BP,ENSG00000224657
ZNF780B,ENSG00000281601
FAM224A,ENSG00000233522
ZNF780A,ENSG00000280568
NEURL4,ENSG00000288301
TTTY9B,ENSG00000131007
TTTY9A,ENSG00000290716
NLGN4Y,ENSG00000165246
FCGBP,ENSG00000281123
BRD7P1,ENSG00000284831
RN7SKP205,ENSG00000284911
LINC00596,ENSG00000285289
DHRS4-AS1,ENSG00000285282
DDX3Y,ENSG00000067048
DHRS4L1,ENSG00000286673
CARMIL3,ENSG00000284765
ACAP1,ENSG00000288169
CPNE6,ENSG00000285221
KCTD11,ENSG00000288399
FRG2,ENSG00000285063
FRG1,ENSG00000283153
TMEM95,ENSG00000288511
MLLT10P2,ENSG00000283508
TUBB7P,ENSG00000283593
RNA5SP174,ENSG00000283700
RNA5SP175,ENSG00000283581
DUX4L9,ENSG00000283181
RARRES2P4,ENSG00000283449
RPL23AP84,ENSG00000283660
DUX4L8,ENSG00000283363
DUX4,ENSG00000283949
USP9Y,ENSG00000114374
NRL,ENSG00000285493
PCK2,ENSG00000285241
PIMREGP3,ENSG00000288332
RPL22P14,ENSG00000288421
GJA10,ENSG00000288435
CASP8AP2,ENSG00000288475
DCAF11,ENSG00000284796
WDR82P1,ENSG00000285086
UTY,ENSG00000183878
LINC01822,ENSG00000291515
FITM1,ENSG00000285321
PSME1,ENSG00000284916
NXNL2,ENSG00000291520
EMC9,ENSG00000285377
MIR4289,ENSG00000291518
PSME2,ENSG00000284889
KDM5D,ENSG00000012817
MIR7703,ENSG00000285146
RNF31,ENSG00000285152
OBP2B,ENSG00000280584
LCN1P1,ENSG00000280820
LCN1P2,ENSG00000281430
SURF6,ENSG00000281309
MED22,ENSG00000281022
RNA5SP383,ENSG00000285306
IRF9,ENSG00000285048
RPL21P81,ENSG00000281699
RPL7A,ENSG00000280858
REC8,ENSG00000285007
SNORD24,ENSG00000280889
SNORD36B,ENSG00000281243
SNORD36A,ENSG00000281907
SNORD36C,ENSG00000281541
SURF1,ENSG00000280627
SURF2,ENSG00000281024
IPO4,ENSG00000285248
SURF4,ENSG00000280951
STKLD1,ENSG00000281245
REXO4,ENSG00000280706
ZFY,ENSG00000067646
ADAMTS13,ENSG00000281244
EIF1AY,ENSG00000198692
TM9SF1,ENSG00000285465
TSSK4,ENSG00000285140
RNU6-280P,ENSG00000252303
CHMP4A,ENSG00000285302
MDP1,ENSG00000285200
NEDD8-MDP1,ENSG00000285425
NEDD8,ENSG00000285246
CACFD1,ENSG00000280479
GMPR2,ENSG00000284752
SLC2A6,ENSG00000281165
ABO,ENSG00000281879
KAT6B,ENSG00000281813
TNK1,ENSG00000283781
PLSCR3,ENSG00000284009
TINF2,ENSG00000284915
TGM1,ENSG00000285348
TMEM256-PLSCR3,ENSG00000284483
TMEM256,ENSG00000283771
ISLR,ENSG00000288508
NLGN2,ENSG00000283859
RABGGTA,ENSG00000285193
STRA6,ENSG00000288257
SPEM1,ENSG00000284598
SPEM2,ENSG00000283714
SPEM3,ENSG00000284090
TMEM102,ENSG00000284228
FGF11,ENSG00000283903
CHRNB1,ENSG00000283946
ZBTB4,ENSG00000283868
SLC35G6,ENSG00000284515
POLR2A,ENSG00000284832
DHRS1,ENSG00000284868
NOP9,ENSG00000285326
DUSP29,ENSG00000281660
CIDEB,ENSG00000285199
LTB4R2,ENSG00000285203
LTB4R,ENSG00000285456
RPSAP28,ENSG00000291476
ALMS1-IT1,ENSG00000291477
ADCY4,ENSG00000284814
NAT8,ENSG00000291479
TPRKB,ENSG00000291480
DUSP11,ENSG00000291483
C2orf78,ENSG00000291484
NAT8B,ENSG00000291485
ALMS1P1,ENSG00000291486
CCDC33,ENSG00000288407
LTN1,ENSG00000291534
CCDC33-AS1,ENSG00000288125
CYP11A1,ENSG00000288362
RPL23P2,ENSG00000291528
RWDD2B,ENSG00000291523
USP16,ENSG00000291527
CCT8,ENSG00000291533
RIPK3,ENSG00000285379
LINC02255,ENSG00000288178
MAP3K7CL,ENSG00000291525
SEMA7A,ENSG00000288455
RPL12P9,ENSG00000291532
U3,ENSG00000291536
GAPDHP14,ENSG00000291529
NFATC4,ENSG00000285485
MIR6881,ENSG00000288497
UBL7,ENSG00000288408
APOB,ENSG00000291544
TDRD15,ENSG00000291547
DPPA2P2,ENSG00000281316
RPS6KA1,ENSG00000281877
UBL7-DT,ENSG00000288390
PPIAP46,ENSG00000288314
MIR1976,ENSG00000280948
RN7SL679P,ENSG00000281092
RNU7-29P,ENSG00000281679
SEL1L2,ENSG00000291539
RNU6-278P,ENSG00000291540
RPS3P1,ENSG00000291542
TRIM51FP,ENSG00000285143
GRM5P1,ENSG00000285164
SLC25A26,ENSG00000282739
DHRS4,ENSG00000284807
DHRS4L2,ENSG00000292270
RNU6-787P,ENSG00000282510
RN7SL482P,ENSG00000282585
MIR3649,ENSG00000284767
ADIPOR2,ENSG00000285070
RPS4XP14,ENSG00000284817
CACNA2D4,ENSG00000284953
INPP5D,ENSG00000281614
RN7SL32P,ENSG00000280669
ATG16L1,ENSG00000281089
EI24P3,ENSG00000280781
ZKSCAN7,ENSG00000281894
ZKSCAN7-AS1,ENSG00000281456
ZNF660,ENSG00000280661
MPRIPP1,ENSG00000280795
ZNF197,ENSG00000281709
ZNF197-AS1,ENSG00000280907
ZNF35,ENSG00000281306
SOCS5P3,ENSG00000280872
ZNF502,ENSG00000281448
ZNF501,ENSG00000281661
KIAA1143,ENSG00000281665
KIF15,ENSG00000280610
EP400P1,ENSG00000288400
LRTM2,ENSG00000285383
DDX51,ENSG00000288503
LINC00940,ENSG00000285233
DCP1B,ENSG00000284850
SCARNA5,ENSG00000280652
SCARNA6,ENSG00000281388
SAG,ENSG00000281857
NOC4L,ENSG00000288146
CENATAC-DT,ENSG00000281705
CENATAC,ENSG00000280975
CACNA1C-IT1,ENSG00000285291
CACNA1C-AS4,ENSG00000285107
CACNA1C-IT3,ENSG00000284775
CACNA1C-AS3,ENSG00000284942
CACNA1C-AS2,ENSG00000285101
ITFG2-AS1,ENSG00000285335
LINC02361,ENSG00000288291
CACNA1C,ENSG00000285479
GALNT9-AS1,ENSG00000288209
GALNT9,ENSG00000288490
RPL23AP64,ENSG00000281913
RPS25,ENSG00000280831
TRAPPC4,ENSG00000280495
MIR564,ENSG00000284275
TMEM42,ENSG00000280516
TGM4,ENSG00000281886
HYOU1-AS1,ENSG00000281860
HYOU1,ENSG00000280682
LINC00411,ENSG00000281865
ZNF852,ENSG00000281626
LINC02985,ENSG00000280651
MLXIP,ENSG00000281178
TCERG1P2,ENSG00000285145
XYLT1,ENSG00000285395
KPNA7,ENSG00000284068
RTP1,ENSG00000291554
RTP4,ENSG00000291555
LINC02041,ENSG00000291557
MASP1,ENSG00000291559
MCPH1-DT,ENSG00000291570
LINC02783,ENSG00000281226
VPS11-DT,ENSG00000280967
VPS11,ENSG00000280616
PADI1,ENSG00000281459
PADI3,ENSG00000280549
CYCSP41,ENSG00000278678
OR4K11P,ENSG00000179381
CTBP2P10,ENSG00000280330
HBP1,ENSG00000283847
RBPMSLP,ENSG00000234159
MIR3972,ENSG00000281810
SREK1IP1P1,ENSG00000229336
PADI4,ENSG00000280908
MIR548XHG,ENSG00000224141
IGKV2OR2-1,ENSG00000291573
TMEM131,ENSG00000291574
FDPSP6,ENSG00000233676
NEK4P1,ENSG00000225735
PPIAP22,ENSG00000198618
SLC6A6P1,ENSG00000226818
CTBP2P9,ENSG00000279177
IGKV2OR2-2,ENSG00000291575
IGKV1OR2-3,ENSG00000291576
TRIM43CP,ENSG00000291577
GPAT2P2,ENSG00000291579
SLC37A4,ENSG00000281500
CHODL-AS1,ENSG00000231755
RN7SL313P,ENSG00000291580
FAHD2B,ENSG00000291581
TUBAP1,ENSG00000237569
TMPRSS15,ENSG00000154646
ANKRD36,ENSG00000291582
PADI6,ENSG00000280949
RCC2-AS1,ENSG00000281391
RCC2,ENSG00000281540
VN1R7P,ENSG00000275592
ZNF299P,ENSG00000219368
SNX19P1,ENSG00000228184
SLC25A15P4,ENSG00000273872
IGKV1OR2-9,ENSG00000291585
GPX1P2,ENSG00000215326
IGKV2OR2-10,ENSG00000291586
IGKV2OR2-7D,ENSG00000291587
IGKV3OR2-5,ENSG00000291588
IGKV1OR2-6,ENSG00000291589
IGKV2OR2-7,ENSG00000291590
IGHV1OR21-1,ENSG00000277282
IGKV2OR2-8,ENSG00000291591
IGKV1OR2-11,ENSG00000291592
HSPD1P7,ENSG00000215005
MSANTD2P1,ENSG00000231058
UBTFL6,ENSG00000291595
C1QBPP1,ENSG00000215353
COX5B,ENSG00000291596
RPL10P1,ENSG00000217026
LINC00317,ENSG00000238265
ACTR1B,ENSG00000291597
COG5,ENSG00000284369
C2orf92,ENSG00000291598
LINC01689,ENSG00000224832
KRT18P2,ENSG00000234439
KRTAP25-1,ENSG00000232263
RPSAP68,ENSG00000279990
EEF1A1P1,ENSG00000223822
RPL8P2,ENSG00000225267
CLDN17,ENSG00000156282
BTF3L4P1,ENSG00000232260
RPL37P3,ENSG00000215369
THUMPD1P1,ENSG00000215317
PPIAP1,ENSG00000215351
LLPHP2,ENSG00000235514
KRTAP24-1,ENSG00000188694
RNU4-8P,ENSG00000291599
NCSTNP1,ENSG00000219592
ANKRD36B,ENSG00000291600
RPS3AP1,ENSG00000233206
EIF4A1P1,ENSG00000233300
LINC00307,ENSG00000227342
NCAM2,ENSG00000154654
HMGN1P36,ENSG00000291601
RNU7-96P,ENSG00000291602
ZAP70,ENSG00000291603
GPR22,ENSG00000283812
DUS4L,ENSG00000284103
PCP4,ENSG00000291560
DSCAM,ENSG00000291561
OR4K12P,ENSG00000218549
RPSAP64,ENSG00000227721
TPT1P1,ENSG00000234107
SLC16A1,ENSG00000281917
MIR4760,ENSG00000291562
CLDN8,ENSG00000156284
DSCAM-AS1,ENSG00000291563
DSCAM-IT1,ENSG00000291565
LINC02943,ENSG00000237609
YRDCP3,ENSG00000291567
HUNK-AS1,ENSG00000237138
EIF3FP1,ENSG00000275945
LINC00308,ENSG00000184856
MORC3,ENSG00000159256
BCAP29,ENSG00000283852
AKR7A2P1,ENSG00000280751
NIPA2P3,ENSG00000271486
LINC01700,ENSG00000232837
FDX1P2,ENSG00000227054
CHODL,ENSG00000154645
KLLN,ENSG00000283059
CFL1P1,ENSG00000290625
ADAMTSL3,ENSG00000291606
RN7SL78P,ENSG00000283092
PTEN,ENSG00000284792
PSMA6P3,ENSG00000233767
TUBAP4,ENSG00000291607
SH3GL3,ENSG00000291608
MAPK6P2,ENSG00000223488
ZNF355P,ENSG00000168122
BNIP3P43,ENSG00000237202
IGKV5-2,ENSG00000282172
RNU6-401P,ENSG00000291609
RNU6-1339P,ENSG00000291610
RPL11P3,ENSG00000283120
IGKV7-3,ENSG00000282050
CSPG4P11,ENSG00000291612
PGBD4P5,ENSG00000282699
IGKV2-4,ENSG00000282448
RN7SL331P,ENSG00000291613
ANKRD30BP1,ENSG00000175302
UBE2Q2P8,ENSG00000291614
IGKV1-5,ENSG00000282801
RN7SL417P,ENSG00000291616
VN1R8P,ENSG00000219280
IGKV1-6,ENSG00000282163
GTF2IP2,ENSG00000226930
CSPG4P5,ENSG00000291618
IGKV3-7,ENSG00000282310
UBE2Q2P11,ENSG00000291619
UBE2Q2P12,ENSG00000291620
IGKV1-8,ENSG00000283113
IGKV1-9,ENSG00000282758
IGKV2-10,ENSG00000282248
IGKV3-11,ENSG00000282823
ZSCAN2,ENSG00000291625
SNRPGP13,ENSG00000231480
IGKV1-12,ENSG00000282694
IGKV1-13,ENSG00000282603
MIR6724-2,ENSG00000274060
IGKV2-14,ENSG00000282251
IGKV3-15,ENSG00000282447
MIR6724-3,ENSG00000277379
RNA5-8SN3,ENSG00000275215
IGKV1-16,ENSG00000282282
MIR6724-4,ENSG00000275692
RNA5-8SN1,ENSG00000278189
IGKV1-17,ENSG00000281978
MIR6724-1,ENSG00000275950
MIR3648-1,ENSG00000275708
IGKV2-18,ENSG00000282200
RNA5-8SN2,ENSG00000278233
IGKV2-19,ENSG00000282244
MIR3118-1,ENSG00000266299
IGKV3-20,ENSG00000282402
EGLN1P1,ENSG00000291628
RNU6-286P,ENSG00000207476
WDR73,ENSG00000291629
RN7SL52P,ENSG00000264002
RNU6-113P,ENSG00000252462
RN7SKP147,ENSG00000252963
RNU6-772P,ENSG00000251851
RNU2-55P,ENSG00000223078
IGKV6-21,ENSG00000282210
RNU1-139P,ENSG00000212609
RNU4-45P,ENSG00000202339
MIR3156-3,ENSG00000266211
IGKV1-22,ENSG00000282762
RN7SKP236,ENSG00000274662
IGKV2-23,ENSG00000282093
RN7SL163P,ENSG00000266195
MIR6130,ENSG00000275469
IGKV2-24,ENSG00000282671
RNA5SP489,ENSG00000238627
MIR4759,ENSG00000266133
MIR548X,ENSG00000265841
IGKV3-25,ENSG00000282062
RNU6-614P,ENSG00000207097
IGKV2-26,ENSG00000282622
SNORA62,ENSG00000272015
IGKV1-27,ENSG00000282666
SNORA80A,ENSG00000200792
IGKV2-28,ENSG00000282025
IGKV2-29,ENSG00000282635
UMODL1-AS1,ENSG00000184385
IGKV2-30,ENSG00000281933
NMB,ENSG00000291631
IGKV3-31,ENSG00000282743
RUNX1-AS2,ENSG00000234703
IGKV1-32,ENSG00000282571
UBE2Q2P16,ENSG00000291633
IGKV1-33,ENSG00000282811
RPL34P3,ENSG00000223671
EZH2P1,ENSG00000231300
MIR802,ENSG00000211590
RPS20P1,ENSG00000229761
PPP1R2P2,ENSG00000234008
RPL23AP3,ENSG00000214914
GOLGA2P7,ENSG00000291635
IGKV3-34,ENSG00000282149
RIMKLBP1,ENSG00000189089
IGKV1-35,ENSG00000282157
DNM1P51,ENSG00000291636
RNU6-992P,ENSG00000200213
IGKV2-36,ENSG00000282646
GOLGA6L5P,ENSG00000291637
IGKV1-37,ENSG00000282394
CBR1,ENSG00000159228
UBE2Q2P1,ENSG00000291638
IGKV2-38,ENSG00000282387
IGKV1-39,ENSG00000282120
LINC00933,ENSG00000291639
EFL1P1,ENSG00000291640
IGKV2-40,ENSG00000282182
SCAND2P,ENSG00000291642
RPS9P1,ENSG00000214889
RPL3P1,ENSG00000228149
EXOSC3P1,ENSG00000229007
RNA5SP490,ENSG00000252950
OR7E23P,ENSG00000228433
CFAP298-TCP10L,ENSG00000265590
SIM2,ENSG00000159263
HLCS-IT1,ENSG00000237646
RNA5SP491,ENSG00000199806
DPRXP5,ENSG00000270652
MRPL20P1,ENSG00000215734
RIPPLY3,ENSG00000183145
RNF139,ENSG00000291729
RNU6-696P,ENSG00000212136
RRP1B,ENSG00000160208
TATDN1,ENSG00000291730
C13orf46,ENSG00000283302
RASA3,ENSG00000280477
MIR6844,ENSG00000291732
TMEM97P1,ENSG00000234030
MYL6P1,ENSG00000226543
AGPAT3,ENSG00000160216
RASA3-IT1,ENSG00000280531
OR4M2,ENSG00000288194
OR4N4,ENSG00000288501
POTEB,ENSG00000288347
NIPA1,ENSG00000288478
CYFIP1,ENSG00000288461
RNU6-859P,ENSG00000199598
RNU6-1150P,ENSG00000252606
H2AZP1,ENSG00000213440
MIR5692B,ENSG00000264580
MRPL51P2,ENSG00000232777
MTCO1P3,ENSG00000228930
GOLGA6L1,ENSG00000288214
COL18A1-AS2,ENSG00000224574
COL18A1-AS1,ENSG00000183535
GOLGA8DP,ENSG00000288344
MIR6815,ENSG00000275167
MX1-AS1,ENSG00000228318
TPTE,ENSG00000274391
GOLGA6L2,ENSG00000288517
MAGEL2,ENSG00000288188
NDN,ENSG00000288364
RNU6-978P,ENSG00000288222
FAM230C,ENSG00000281252
GGT4P,ENSG00000281616
IGSF3P1,ENSG00000281084
KMT5AP1,ENSG00000280895
GOLGA6L6,ENSG00000292284
POTEB2,ENSG00000288113
POTEB3,ENSG00000288142
OR4M2B,ENSG00000288469
OR4N4C,ENSG00000288193
ST13P5,ENSG00000288248
SAA1,ENSG00000288411
RNU6-954P,ENSG00000223287
NF1P3,ENSG00000183249
PPP6R2P1,ENSG00000233442
FRG2MP,ENSG00000275170
RNA5SP488,ENSG00000201812
PCBP2P1,ENSG00000235701
TIMM9P2,ENSG00000232608
BRWD1-IT1,ENSG00000237373
METTL21AP1,ENSG00000229623
RNF6P1,ENSG00000227406
GET1-SH3BGR,ENSG00000285815
MIR6508,ENSG00000275523
MYL6P2,ENSG00000235808
RPS26P4,ENSG00000228349
JCADP1,ENSG00000235012
RNA5SP334,ENSG00000288479
HPS5,ENSG00000288445
PCDHA1,ENSG00000291649
PCDHA2,ENSG00000291650
PCDHA3,ENSG00000291651
PCDHA4,ENSG00000291652
PCDHA5,ENSG00000291653
PCDHA6,ENSG00000291654
PCDHA7,ENSG00000291655
PCDHA8,ENSG00000291656
PCDHA9,ENSG00000291657
PCDHA10,ENSG00000291659
PCDHA14,ENSG00000291660
PCDHA11,ENSG00000291662
PCDHA12,ENSG00000291663
PCDHA13,ENSG00000291666
MIR3197,ENSG00000263681
PCSEAT,ENSG00000286027
PCDHAC2,ENSG00000291668
LINC00111,ENSG00000227702
RIPK4,ENSG00000183421
PCDHB1,ENSG00000291669
PCDHAC1,ENSG00000291670
PCDHB1-AS1,ENSG00000291699
PCDHB2,ENSG00000291672
PCDHB4,ENSG00000291676
PCDHB5,ENSG00000291677
ZNF558,ENSG00000291737
PCDHB6,ENSG00000291679
MIR6814,ENSG00000275166
RNA5SP492,ENSG00000223262
PCDHB17P,ENSG00000291701
MBD3L1,ENSG00000291743
TFF2,ENSG00000160181
PCDHB7,ENSG00000291681
BOLA3P2,ENSG00000291736
PCDHB8,ENSG00000291682
OR1M4P,ENSG00000291740
PCDHB16,ENSG00000291684
MUC16,ENSG00000291738
PCDHB9,ENSG00000291687
TFF1,ENSG00000160182
PCDHB10,ENSG00000291689
PCDHB11,ENSG00000291690
PCDHB12,ENSG00000291691
GTF2H1,ENSG00000288114
PCDHB13,ENSG00000291692
PCDHB14,ENSG00000291693
UBASH3A,ENSG00000160185
PCDHB18P,ENSG00000291704
PCDHB19P,ENSG00000291705
PCDHB15,ENSG00000291695
PCDHB3,ENSG00000291674
MIR3159,ENSG00000288358
LDHA,ENSG00000288299
RN7SL138P,ENSG00000291709
LINC02978,ENSG00000291710
LINC02145,ENSG00000291744
MED10,ENSG00000291745
RNF135,ENSG00000291712
UBE2QL1,ENSG00000291747
RNU6-1149P,ENSG00000252619
RSPH1-DT,ENSG00000239930
DPRXP4,ENSG00000291714
MIR4733HG,ENSG00000291717
MIR4733,ENSG00000291718
OMG,ENSG00000291720
HSF1,ENSG00000284774
RPL31P1,ENSG00000214326
H2BC12L,ENSG00000234289
EVI2B,ENSG00000291721
MIR6070,ENSG00000278433
DNMT3L,ENSG00000142182
AK4P1,ENSG00000291723
DNMT3L-AS1,ENSG00000232010
CFAP410,ENSG00000160226
DGAT1,ENSG00000285482
MIR1245A,ENSG00000291749
MIR1245B,ENSG00000291750
MIR3606,ENSG00000291751
COL3A1,ENSG00000291748
KRTAP10-1,ENSG00000215455
KRTAP10-2,ENSG00000205445
KRTAP10-3,ENSG00000212935
KRTAP10-5,ENSG00000241123
KRTAP10-6,ENSG00000188155
KRTAP10-7,ENSG00000272804
KRTAP10-8,ENSG00000187766
SLC14A2-AS1,ENSG00000285384
KRTAP10-10,ENSG00000221859
KRTAP10-11,ENSG00000243489
KRTAP12-4,ENSG00000212933
KRTAP12-3,ENSG00000205439
KRTAP12-2,ENSG00000221864
IMMTP1,ENSG00000229880
KRTAP12-1,ENSG00000187175
KRTAP12-5P,ENSG00000276647
KRTAP10-13P,ENSG00000236382
LINC00163,ENSG00000234880
LINC00165,ENSG00000261706
PCBP3-AS1,ENSG00000205424
FTCD-AS1,ENSG00000237338
OLIG1,ENSG00000184221
POTED,ENSG00000166351
MIR6848,ENSG00000285428
SCRT1,ENSG00000284923
TMEM249,ENSG00000285272
UMODL1,ENSG00000177398
FBXL6,ENSG00000285442
RPS2P6,ENSG00000285060
ADCK5,ENSG00000285451
CPSF1,ENSG00000285049
KRTAP8-2P,ENSG00000233036
KRTAP8-3P,ENSG00000227840
KRTAP8-1,ENSG00000183640
KRTAP7-1,ENSG00000274749
KRTAP11-1,ENSG00000182591
KRTAP19-8,ENSG00000206102
UBE3AP2,ENSG00000228941
MTRES1P2,ENSG00000237325
TIAM1-AS1,ENSG00000237594
FBXW11P1,ENSG00000230870
HMGN1P2,ENSG00000229046
SRSF9P1,ENSG00000214867
ERVH48-1,ENSG00000233056
LIPI,ENSG00000188992
OR4F4,ENSG00000288513
OR4G2P,ENSG00000288495
OR4G6P,ENSG00000288123
FAM138E,ENSG00000288464
KRTAP10-9,ENSG00000221837
KRTAP10-4,ENSG00000215454
MIR1302-10,ENSG00000288468
IGSF5,ENSG00000183067
MEF2D,ENSG00000291761
WASH3P,ENSG00000288207
LSP1P1,ENSG00000269099
IQGAP3,ENSG00000291754
ZNF962P,ENSG00000215604
RPL17P51,ENSG00000271429
MCM3AP,ENSG00000160294
HSPD1P9,ENSG00000228036
MIR6859-3,ENSG00000288355
C1QTNF9-AS1,ENSG00000240868
MTCO3P2,ENSG00000232102
TTC24,ENSG00000291760
DDX11L9,ENSG00000288170
HAPLN2,ENSG00000291756
RPS20P32,ENSG00000218198
FABP3P2,ENSG00000233259
BCAN-AS1,ENSG00000291757
MTUS2-AS1,ENSG00000179141
GPATCH4,ENSG00000292251
LINC00562,ENSG00000260388
RPS21P8,ENSG00000223782
CHCHD2P11,ENSG00000270809
TIMM9P3,ENSG00000232786
LINC00457,ENSG00000225179
MTUS2-AS2,ENSG00000236758
ZNF646P1,ENSG00000274316
RPP40P2,ENSG00000271190
MIR939,ENSG00000284918
MIR1234,ENSG00000285207
GAMTP2,ENSG00000231910
MIR6849,ENSG00000285088
GNG5P5,ENSG00000234590
SLC39A4,ENSG00000285243
FHP1,ENSG00000234213
FREM2-AS1,ENSG00000225350
POLR3KP1,ENSG00000232647
SLC25A5P4,ENSG00000234421
SPATA13-AS1,ENSG00000227213
PRR20FP,ENSG00000271140
DNAJA1P1,ENSG00000223717
ELL2P3,ENSG00000234765
KBTBD4,ENSG00000284900
MZT1,ENSG00000204899
LINC00374,ENSG00000232954
RPL37P21,ENSG00000236433
ERICH6B,ENSG00000165837
LINC00547,ENSG00000275226
RNU5E-10P,ENSG00000285092
FAM180B,ENSG00000284938
RPL13AP25,ENSG00000136149
MARK2P12,ENSG00000229708
FABP5P1,ENSG00000236972
C1QTNF4,ENSG00000284838
KLHL1,ENSG00000150361
AGBL2,ENSG00000285501
VPS28,ENSG00000285339
SNX18P23,ENSG00000288446
LINC01442,ENSG00000227510
MTCO3P39,ENSG00000288489
MTND3P22,ENSG00000288303
NAP1L4P3,ENSG00000234145
HNF4GP1,ENSG00000228611
RPL12P34,ENSG00000229824
RPL18AP2,ENSG00000225043
HMGN2P39,ENSG00000214281
DIP2A-IT1,ENSG00000223692
PLA2G12AP2,ENSG00000225221
ZDHHC20P4,ENSG00000232380
RNU6-396P,ENSG00000202239
COX4I1P2,ENSG00000228869
RPS5P3,ENSG00000215088
BTF3P6,ENSG00000233956
MIR6501,ENSG00000284448
RN7SL678P,ENSG00000263969
FGFR1OP2P1,ENSG00000230256
NPM1P22,ENSG00000227969
NIPA2P5,ENSG00000236277
RPL31P53,ENSG00000225352
RPL18AP17,ENSG00000227952
SPATA2P1,ENSG00000228319
HSPD1P8,ENSG00000215357
TTC3,ENSG00000182670
RPL21P111,ENSG00000237109
MTCL1P1,ENSG00000226554
FREM2,ENSG00000150893
CTAGE11P,ENSG00000214249
PRR20B,ENSG00000204918
FNBP4,ENSG00000285182
HNRNPA1P18,ENSG00000229910
VDAC1P12,ENSG00000227254
RPS3AP52,ENSG00000230405
CTAGE16P,ENSG00000214335
LINC00333,ENSG00000233349
PRR20D,ENSG00000227151
PRR20E,ENSG00000234278
MTND4P1,ENSG00000228597
MTCO2P3,ENSG00000230009
OR7E111P,ENSG00000231667
RPL31P54,ENSG00000229865
CBY2,ENSG00000174015
TCEAL2,ENSG00000291823
BEX5,ENSG00000291824
TCEAL6,ENSG00000291827
RNA5SP340,ENSG00000285046
UBE2D3P4,ENSG00000224188
YPEL5P2,ENSG00000284852
WASF3-AS1,ENSG00000237001
MTCH2,ENSG00000285121
LINC00377,ENSG00000229246
BCAS2P3,ENSG00000226670
RABEPKP1,ENSG00000225801
ANKRD26P2,ENSG00000235550
POU4F1,ENSG00000152192
PSMD10P3,ENSG00000232041
NHLRC3,ENSG00000188811
SLC52A2,ENSG00000285112
OLFM4,ENSG00000102837
ARF4P3,ENSG00000214051
CCT5P2,ENSG00000230584
PRR20A,ENSG00000204919
LINC01078,ENSG00000223880
SNRPFP3,ENSG00000225501
PFDN5,ENSG00000291834
DIAPH3,ENSG00000139734
MYG1,ENSG00000291835
AAAS,ENSG00000291836
KRTAP26-1,ENSG00000197683
KRTAP27-1,ENSG00000206107
KRTAP13-6P,ENSG00000250973
KRTAP13-2,ENSG00000182816
MIR4327,ENSG00000265007
KRTAP13-1,ENSG00000198390
KRTAP13-5P,ENSG00000233640
KRTAP15-1,ENSG00000186970
KRTAP19-1,ENSG00000184351
KRTAP19-2,ENSG00000186965
KRTAP19-3,ENSG00000244025
KRTAP19-4,ENSG00000186967
PNLIPRP1,ENSG00000291891
KRTAP19-5,ENSG00000186977
KRTAP19-9P,ENSG00000237841
KRTAP19-10P,ENSG00000235312
KRTAP19-11P,ENSG00000236612
SP7,ENSG00000291837
KRTAP19-6,ENSG00000186925
KRTAP19-7,ENSG00000244362
KRTAP22-2,ENSG00000206106
KRTAP22-1,ENSG00000186924
KRTAP20-1,ENSG00000244624
KRTAP20-4,ENSG00000206105
KRTAP20-2,ENSG00000184032
KRTAP20-3,ENSG00000206104
KRTAP21-3,ENSG00000231068
KRTAP21-4P,ENSG00000236400
SPMIP5,ENSG00000291892
KRTAP21-2,ENSG00000187026
KRTAP21-1,ENSG00000187005
KRTAP23-1,ENSG00000186980
HSPA12A-AS1,ENSG00000291893
KRTAP13-3,ENSG00000240432
OR4K2,ENSG00000291804
RPL5P27,ENSG00000291894
RNU6-426P,ENSG00000252273
VDAC2P1,ENSG00000214976
PNLIPRP2,ENSG00000291895
RPS26P5,ENSG00000224602
OR4K5,ENSG00000291822
SNORD74B,ENSG00000201025
OR4K1,ENSG00000291807
OR4K15,ENSG00000291812
OR4K14,ENSG00000291805
MIR99A,ENSG00000207638
MIRLET7C,ENSG00000199030
OR4K13,ENSG00000291806
MIR125B2,ENSG00000207863
RNU1-98P,ENSG00000239023
OR4L1,ENSG00000291772
KRTAP13-4,ENSG00000186971
RNA5SP380,ENSG00000291773
KRTAP6-2,ENSG00000186930
OR4K17,ENSG00000291811
OR4N5,ENSG00000291808
KRTAP6-1,ENSG00000184724
OR11G2,ENSG00000291810
OR11H6,ENSG00000291779
OR11H4,ENSG00000291809
TTC5,ENSG00000291781
CCNB1IP1,ENSG00000291784
SNORA79B,ENSG00000291786
SNORD126,ENSG00000291787
RPPH1,ENSG00000291789
PARP2,ENSG00000291803
TEP1,ENSG00000291791
H2AZP4,ENSG00000288378
VN1R17P,ENSG00000291881
MIR548K,ENSG00000288233
ZNF496,ENSG00000291884
CTTN-DT,ENSG00000288166
BNAT1,ENSG00000273796
CTTN,ENSG00000288401
LINC01671,ENSG00000225431
ZNF496-DT,ENSG00000291885
PCNT,ENSG00000160299
OR51P1P,ENSG00000291906
OR52J2P,ENSG00000291907
OR52J3,ENSG00000291908
OR52E2,ENSG00000291909
OR52S1P,ENSG00000291910
OR52E3P,ENSG00000291911
OR52J1P,ENSG00000291912
OR52A4P,ENSG00000291915
RNA5SP382,ENSG00000291792
OR52E1,ENSG00000292245
KLHL33,ENSG00000291793
VN1R5,ENSG00000291888
OSGEP,ENSG00000291794
APEX1,ENSG00000291796
PIP4P1,ENSG00000291802
PNP,ENSG00000291814
RNASE10,ENSG00000291813
OR4K6P,ENSG00000291799
OR4K3,ENSG00000291821
OR4K4P,ENSG00000291800
OR4K16P,ENSG00000291815
OR4U1P,ENSG00000291771
OR4T1P,ENSG00000291774
PSMB7P1,ENSG00000291775
MTND6P21,ENSG00000223431
GTF2IP22,ENSG00000291776
USF1P1,ENSG00000226501
OR11G1P,ENSG00000291777
OR11P1P,ENSG00000291778
OR11H5P,ENSG00000291817
SON,ENSG00000159140
SRSF1P1,ENSG00000224640
RPS26P47,ENSG00000234354
PCDH17,ENSG00000118946
OR4Q2,ENSG00000292258
OR11H7,ENSG00000291780
MPTX1,ENSG00000291896
OR10J2P,ENSG00000291897
FCER1A,ENSG00000291905
PPFIA1,ENSG00000288198
GPRC5C,ENSG00000291917
SP3P,ENSG00000225530
OR10J7P,ENSG00000291898
RPL21P110,ENSG00000226617
OR10J8P,ENSG00000291899
LINC00440,ENSG00000234660
OR10J9P,ENSG00000291900
OR10J1,ENSG00000291903
RPS12P24,ENSG00000230283
LINC02819,ENSG00000291904
HIGD1AP2,ENSG00000237148
OR10J3,ENSG00000291901
HNRNPA1P31,ENSG00000227862
OR10J4,ENSG00000292247
CD300A,ENSG00000291918
ELOCP23,ENSG00000224686
MTND5P3,ENSG00000232447
VENTXP2,ENSG00000215037
ATP6V1G1P7,ENSG00000230474
CD300LB,ENSG00000291919
ARF4P4,ENSG00000231222
LINC01309,ENSG00000234551
CD300C,ENSG00000291920
SRGNP1,ENSG00000271386
GAPDHP34,ENSG00000235306
CD300LD,ENSG00000291922
CD300LD-AS1,ENSG00000291923
LRCH1,ENSG00000136141
CD300H,ENSG00000291925
MIR766,ENSG00000291828
SCEL-AS1,ENSG00000224347
CDC42P6,ENSG00000291926
GBA3,ENSG00000291927
COX5BP6,ENSG00000237082
NXT1P1,ENSG00000214823
FTLP8,ENSG00000232217
ZDHHC4P1,ENSG00000238025
DDX6P2,ENSG00000277914
LINC00351,ENSG00000226317
LINC00383,ENSG00000235221
LINC00353,ENSG00000236176
PEX12P1,ENSG00000215418
PRR20C,ENSG00000229665
NDUFB11P1,ENSG00000283114
TCEAL4P1,ENSG00000223543
PGAM1P9,ENSG00000283062
GAPDHP69,ENSG00000223460
NUS1P4,ENSG00000217686
SLITRK6,ENSG00000184564
RPL27AP8,ENSG00000229423
CYCSP35,ENSG00000233549
NUS1P3,ENSG00000234627
NALF1-IT1,ENSG00000227248
BAGE2,ENSG00000187172
SOX1,ENSG00000182968
CALM2P4,ENSG00000233662
ANKRD30BP2,ENSG00000224309
MYO16,ENSG00000041515
ABCC13,ENSG00000243064
IFNAR2-IL10RB,ENSG00000249624
IFNL3P1,ENSG00000291869
IFNL3,ENSG00000291876
MSRB1P1,ENSG00000291870
IFNL4P1,ENSG00000291871
IFNL2,ENSG00000291875
IFNL1,ENSG00000291872
LRFN1,ENSG00000291874
COL6A2-DT,ENSG00000227438
GMFG,ENSG00000291873
GRAMD4P1,ENSG00000227874
CXADRP1,ENSG00000214319
LONRF2P5,ENSG00000273692
MIR8069,ENSG00000278618
FEM1AP1,ENSG00000229231
TERF1P1,ENSG00000173231
FAM207CP,ENSG00000232797
GXYLT1P2,ENSG00000224860
CNN2P7,ENSG00000215562
ZNF114P1,ENSG00000234538
CYP4F29P,ENSG00000228314
SNX18P13,ENSG00000230965
IFNL4,ENSG00000292250
ANKRD20A11P,ENSG00000215559
CMC2,ENSG00000291948
RHOT1P2,ENSG00000203616
POLR2CP1,ENSG00000228600
GAPDHP16,ENSG00000225502
RBMX2P1,ENSG00000226406
NRIP1,ENSG00000180530
CCDC40,ENSG00000291505
LINC02920,ENSG00000236471
CENPN,ENSG00000291964
RCAN1,ENSG00000159200
RPL7AP61,ENSG00000233291
DPPA3P3,ENSG00000270415
MIR1268B,ENSG00000291506
GAA,ENSG00000291507
AKR1B1P4,ENSG00000237876
IRS2,ENSG00000185950
SPACA7,ENSG00000153498
CENPN-AS1,ENSG00000291950
EIF4A3,ENSG00000291508
ATMIN,ENSG00000291953
C16orf46,ENSG00000291963
GYG1P2,ENSG00000237099
RIOK3P1,ENSG00000225944
LINC01043,ENSG00000260343
LINC01044,ENSG00000223626
C16orf46-DT,ENSG00000291957
GCSH,ENSG00000291958
SSR1P2,ENSG00000226665
RPL7L1P1,ENSG00000234227
NALF1,ENSG00000204442
RPL7P45,ENSG00000225823
RNU6-1191P,ENSG00000291959
PKD1L2,ENSG00000292248
BACH1-IT1,ENSG00000248476
TRIM60P13,ENSG00000227247
AZU1P1,ENSG00000270444
BACH1-AS1,ENSG00000232118
BNIP3P7,ENSG00000270496
UBL3,ENSG00000122042
BACH1-IT2,ENSG00000228817
BACH1-IT3,ENSG00000234293
GRIK1,ENSG00000171189
MOB1AP1,ENSG00000228241
LINC01040,ENSG00000226037
TIMM8BP1,ENSG00000236258
FAM216B,ENSG00000179813
GRPEL2P1,ENSG00000233211
MIR4499,ENSG00000263978
MIR2276,ENSG00000252695
RNU5A-4P,ENSG00000252397
RNA5SP26,ENSG00000199276
RNU6-56P,ENSG00000252795
RN7SKP1,ENSG00000202395
SNORD116,ENSG00000212553
RNY3P9,ENSG00000207458
RN7SKP2,ENSG00000252812
RNA5SP27,ENSG00000200709
RN7SL700P,ENSG00000244521
RN7SL618P,ENSG00000241613
MIR5007,ENSG00000264387
RN7SKP6,ENSG00000201665
RNA5SP30,ENSG00000202422
RNY4P29,ENSG00000222733
MIR3169,ENSG00000266663
RNU7-88P,ENSG00000239003
RNY3P5,ENSG00000206854
RN7SL375P,ENSG00000265745
RN7SL761P,ENSG00000243671
RNU6-80P,ENSG00000206922
RNY1P8,ENSG00000206697
RNU4-10P,ENSG00000201253
RNU6-66P,ENSG00000200267
RNU6-79P,ENSG00000199381
RNY3P10,ENSG00000207495
RN7SL571P,ENSG00000243274
RNA5SP33,ENSG00000252496
RNU6-61P,ENSG00000202398
RNU6-54P,ENSG00000202433
RNY3P7,ENSG00000206800
RNU6-77P,ENSG00000222486
RNY3P3,ENSG00000200686
RNU6-38P,ENSG00000206812
RNU6-67P,ENSG00000222791
RN7SL60P,ENSG00000243366
SNORD31B,ENSG00000201847
MIR1267,ENSG00000221650
RNA5SP38,ENSG00000222682
NME1P1,ENSG00000237175
MTND3P1,ENSG00000226118
FTH1P7,ENSG00000232187
DDX39AP1,ENSG00000225777
SNORD36,ENSG00000253094
IPMKP1,ENSG00000226507
RFESDP1,ENSG00000231650
BASP1P1,ENSG00000230535
HMGA1P6,ENSG00000233440
RNY3P4,ENSG00000207157
GRIK1-AS1,ENSG00000174680
RNU6-58P,ENSG00000252952
TATDN2P3,ENSG00000235205
SDAD1P4,ENSG00000236803
RPLP1P13,ENSG00000232163
LINC00327,ENSG00000232977
hsa-mir-8069-1,ENSG00000284550
LINC00352,ENSG00000227893
PPP1R26P1,ENSG00000238086
PCNPP5,ENSG00000177197
CTIF,ENSG00000282825
MIR3613,ENSG00000264864
KCNRG,ENSG00000198553
MIR16-1,ENSG00000208006
MIR15A,ENSG00000283785
RPL18P10,ENSG00000214359
RPL34P26,ENSG00000223676
RNA5SP28,ENSG00000200711
RNA5SP29,ENSG00000222920
RPL5P31,ENSG00000214878
RNU6-123P,ENSG00000251972
PRELID3BP2,ENSG00000271242
RNU6-926P,ENSG00000206802
KRTAP10-12,ENSG00000189169
DSCR4,ENSG00000184029
MIR5693,ENSG00000266072
FAM124A,ENSG00000150510
DSCR4-IT1,ENSG00000223608
LINC01667,ENSG00000280081
RPL13AP7,ENSG00000213885
SPATA13,ENSG00000228741
SSR4P1,ENSG00000235374
IPO7P2,ENSG00000225674
ZAR1L,ENSG00000189167
CYCSP42,ENSG00000224524
RNU6-1326P,ENSG00000212564
RAD23BP3,ENSG00000226298
RUNX1-AS1,ENSG00000286153
IFIT1P1,ENSG00000215515
TTC3-AS1,ENSG00000228677
ATP8A2P2,ENSG00000229800
NDE1P2,ENSG00000271337
ATP5MFP1,ENSG00000224421
SMAD9-IT1,ENSG00000236711
LAMTOR3P1,ENSG00000228825
PSMD4P1,ENSG00000223741
RPL29P28,ENSG00000232378
EIF4A1P5,ENSG00000226161
CSNK1A1L,ENSG00000180138
TRPM2-AS,ENSG00000230061
CTAGE3P,ENSG00000232872
MRPS6,ENSG00000243927
RFXAP,ENSG00000133111
RN7SL288P,ENSG00000240767
MIR4743,ENSG00000282900
RN7SKP5,ENSG00000252854
ABITRAMP1,ENSG00000251106
CTIF-AS1,ENSG00000282923
RNU2-6P,ENSG00000223336
RNU6-68P,ENSG00000252385
PPP1R2P4,ENSG00000241353
OR7E101P,ENSG00000227019
COX17P1,ENSG00000205105
FKBP1AP3,ENSG00000230243
SIAH3,ENSG00000215475
SLC5A3,ENSG00000198743
CCDC168,ENSG00000175820
RPS5P2,ENSG00000224598
KCNE2,ENSG00000159197
BIVM-ERCC5,ENSG00000270181
SNX18P10,ENSG00000279213
MTCO1P1,ENSG00000280243
MIR3648-2,ENSG00000264462
TEKT4P2,ENSG00000291050
POLR2KP2,ENSG00000224510
PSME2P2,ENSG00000225131
RNU6-1118P,ENSG00000288205
CICP9,ENSG00000288268
FAM204CP,ENSG00000230902
RN7SKP9,ENSG00000201793
H2AZP3,ENSG00000218502
ABCD1P2,ENSG00000288143
SNORA31B,ENSG00000253051
SNORA31,ENSG00000199477
PABPC1P12,ENSG00000288223
RCN1P2,ENSG00000214455
RNA5SP39,ENSG00000223177
SLC9B1P3,ENSG00000288155
HCFC2P1,ENSG00000232087
RNY4P28,ENSG00000202151
TARDBPP2,ENSG00000238213
RNA5SP31,ENSG00000223076
ACTR3BP5,ENSG00000288338
EIF4A1P6,ENSG00000236608
RNU6-71P,ENSG00000207203
PSMC1P13,ENSG00000232314
CHEK2P5,ENSG00000288509
SLITRK1,ENSG00000178235
CDRT15P9,ENSG00000279414
COL4A2-AS2,ENSG00000224821
SEPTIN7P9,ENSG00000288167
COL4A2-AS1,ENSG00000232814
NAXD-AS1,ENSG00000275880
SOWAHCP2,ENSG00000279720
MIR3168,ENSG00000264226
RN7SL597P,ENSG00000244264
KBTBD6,ENSG00000165572
LINC00314,ENSG00000178457
CALM2P3,ENSG00000215482
KBTBD7,ENSG00000120696
MORF4L1P4,ENSG00000225133
RAC1P3,ENSG00000231404
RNU6-57P,ENSG00000223280
CYYR1,ENSG00000166265
TUBBP2,ENSG00000214222
OR7E37P,ENSG00000215480
MIR5006,ENSG00000284584
RN7SL515P,ENSG00000241406
RNU6-74P,ENSG00000206962
KARS1P1,ENSG00000229696
RPS28P8,ENSG00000226093
MAPK6P3,ENSG00000237263
RNA5SP37,ENSG00000202290
RAP2A,ENSG00000125249
CRYAA,ENSG00000160202
PSMA6P4,ENSG00000271625
KRR1P1,ENSG00000237672
LINC00556,ENSG00000260131
SLC35E1P1,ENSG00000238286
RNU2-7P,ENSG00000222726
CBR1-AS1,ENSG00000230212
RPL23AP4,ENSG00000212932
RANP8,ENSG00000233524
LINC01683,ENSG00000233480
CNOT4P1,ENSG00000236704
PPIAP27,ENSG00000234363
RPSAP54,ENSG00000213621
LATS2-AS1,ENSG00000233851
RNU4-9P,ENSG00000201821
RPS12P23,ENSG00000180172
IPPKP1,ENSG00000225585
LINC00113,ENSG00000225298
RPL34P27,ENSG00000232858
ELOBP1,ENSG00000234152
RNU6-78P,ENSG00000199767
RN7SL741P,ENSG00000242381
RNY1P3,ENSG00000223158
SHISA2,ENSG00000180730
RXFP2,ENSG00000133105
CYYR1-AS1,ENSG00000197934
FRY,ENSG00000073910
LINC01678,ENSG00000225331
LINC01426,ENSG00000234380
LINC00320,ENSG00000224924
CDYLP1,ENSG00000284109
PLCL2,ENSG00000284017
MIR3714,ENSG00000283960
PLCL2-AS1,ENSG00000284477
SQSTM1,ENSG00000284099
U4,ENSG00000283939
RUFY1,ENSG00000284260
EEF1DP3,ENSG00000229715
RNY1P4,ENSG00000207325
SCAND3P1,ENSG00000232795
PHB1P13,ENSG00000234835
ATXN8,ENSG00000288330
RNY4P30,ENSG00000222148
CTAGE10P,ENSG00000181358
RNY4P9,ENSG00000200064
DAOA-AS1,ENSG00000232307
UTP14C,ENSG00000253797
MIR99AHG,ENSG00000215386
THSD1P1,ENSG00000285160
RN7SL320P,ENSG00000243900
SNRPGP11,ENSG00000229906
MIR4703,ENSG00000266611
RNU6-65P,ENSG00000252141
RNY1P6,ENSG00000206920
RN7SL413P,ENSG00000242893
ATP5PBP1,ENSG00000224451
CCDC70,ENSG00000123171
GPR18,ENSG00000125245
RPL23AP87,ENSG00000291549
TNFSF13B,ENSG00000102524
ZYX,ENSG00000285443
ATP8A2P3,ENSG00000233963
PRUNE1P1,ENSG00000234706
THAP12P6,ENSG00000227882
ATP8A2,ENSG00000132932
PRDX2P3,ENSG00000284556
RUFY1-AS1,ENSG00000283808
CBY3,ENSG00000283718
CANX,ENSG00000283777
MIR6892,ENSG00000285487
EPHA1,ENSG00000284816
EPHA1-AS1,ENSG00000285468
TAS2R62P,ENSG00000285054
TAS2R60,ENSG00000285341
TAS2R41,ENSG00000284982
OR2R1P,ENSG00000285299
OR10AC1,ENSG00000285252
PAICSP5,ENSG00000285495
SYT8,ENSG00000288149
CTAGE15,ENSG00000285172
RNU6-267P,ENSG00000284766
CTAGE6,ENSG00000285123
OR2F2,ENSG00000284965
OR2F1,ENSG00000284866
SACS,ENSG00000151835
CAPZA1P5,ENSG00000285391
OR2Q1P,ENSG00000284945
SLC16A1P1,ENSG00000285242
OR6B1,ENSG00000284939
LINC01892,ENSG00000265514
TCAF2,ENSG00000292264
EPB41L3-AS1,ENSG00000265316
LINC01928,ENSG00000267425
SLC25A3P3,ENSG00000263505
TCAF2P1,ENSG00000285351
ZNF415P1,ENSG00000266127
COX6CP3,ENSG00000266251
RPS4XP18,ENSG00000239490
TNNI2,ENSG00000288219
PPIAP57,ENSG00000266809
BOD1P2,ENSG00000215368
LINC01543,ENSG00000263862
AKAIN1,ENSG00000231824
SLC14A2,ENSG00000132874
ANKRD10-IT1,ENSG00000229152
PARP1P1,ENSG00000227105
ARHGEF7-IT1,ENSG00000233644
LSP1,ENSG00000288199
KCTD12,ENSG00000178695
BTF3P11,ENSG00000118903
RPL7P44,ENSG00000233873
DHX9P1,ENSG00000228002
CLN5,ENSG00000102805
MAML1,ENSG00000283780
TPMTP1,ENSG00000267156
RPS8P3,ENSG00000215457
NPM1P1,ENSG00000267652
LTC4S,ENSG00000283887
ZBTB7C-AS1,ENSG00000286583
MTCO2P2,ENSG00000267541
SINHCAFP1,ENSG00000263829
RPS24P18,ENSG00000243925
MAP1LC3P,ENSG00000267647
CTAGE1,ENSG00000212710
POLR3GP2,ENSG00000266984
MYCBP2-AS1,ENSG00000236051
HRH4,ENSG00000134489
MGAT4B,ENSG00000284501
MYCBP2-AS2,ENSG00000229521
ATP11AUN,ENSG00000197595
ATP11A-AS1,ENSG00000232684
L3MBTL4-AS1,ENSG00000264707
MCF2L-AS1,ENSG00000235280
SERPINE3,ENSG00000253309
ATP7BP1,ENSG00000270855
RPSAP57,ENSG00000267524
ZBTB7C-AS2,ENSG00000280197
ST8SIA3,ENSG00000177511
LIAT1,ENSG00000283985
RPLP0P11,ENSG00000239780
VPS53,ENSG00000283883
METTL21C,ENSG00000139780
MRPS5P4,ENSG00000266915
SLC10A2,ENSG00000125255
ARIH2P1,ENSG00000266296
HMGN1P31,ENSG00000267513
RPL7AP66,ENSG00000175886
RPIAP1,ENSG00000267597
BOD1L2,ENSG00000228075
RNY4P24,ENSG00000199605
HNRNPA1L2,ENSG00000139675
WDR7-OT1,ENSG00000267225
DAOA,ENSG00000182346
CDH7,ENSG00000081138
ZP2,ENSG00000284588
ZIC2,ENSG00000043355
LINC00554,ENSG00000260738
NDUFA12P1,ENSG00000225999
ASNSP3,ENSG00000236554
RPL15P18,ENSG00000228501
ZIC5,ENSG00000139800
NPM1P4,ENSG00000226703
GSX1,ENSG00000169840
PLUT,ENSG00000247381
RNU6-73P,ENSG00000207330
MC4R,ENSG00000166603
PDX1,ENSG00000139515
LINC01903,ENSG00000265555
LINC01039,ENSG00000234168
CFL1P8,ENSG00000234239
RPL31P9,ENSG00000264054
MIR4306,ENSG00000263615
LINC03111,ENSG00000267686
CTBP2P3,ENSG00000267153
NBEA,ENSG00000172915
DHFRP1,ENSG00000188985
BDP1P,ENSG00000264736
CDH20,ENSG00000101542
ANKS4B,ENSG00000284290
MIR1229,ENSG00000283912
MRNIP,ENSG00000283918
NPIPB5,ENSG00000284218
MTL3P,ENSG00000264697
RPL30P14,ENSG00000243256
POLR3E,ENSG00000284282
SINHCAFP2,ENSG00000267742
RPS3AP49,ENSG00000242060
MIR4298,ENSG00000288415
MIR7847,ENSG00000288331
PRR33,ENSG00000288160
LINC02565,ENSG00000267726
RAC1P1,ENSG00000266520
EEF2K,ENSG00000284161
TNNT3,ENSG00000288250
C18orf21,ENSG00000141428
MOSMO,ENSG00000284487
PDZD9,ENSG00000284316
NPIPB4,ENSG00000283855
METTL9,ENSG00000284548
IGSF6,ENSG00000283934
SLC39A6,ENSG00000141424
NPIPB11,ENSG00000284454
SNRPGP14,ENSG00000236577
SNORD27,ENSG00000252128
GRK6P1,ENSG00000215571
RNA5SP25,ENSG00000222747
ZDHHC20-IT1,ENSG00000236953
H2BP6,ENSG00000226908
FNTAP2,ENSG00000230022
RNU6-59P,ENSG00000207518
RPS7P10,ENSG00000226525
NRBF2P1,ENSG00000267797
FGF9,ENSG00000102678
AIDAP3,ENSG00000264189
NPM1P2,ENSG00000266227
GALR1,ENSG00000166573
RN7SL766P,ENSG00000244197
LINC00400,ENSG00000229928
RPL36P19,ENSG00000232540
ENOX1-AS1,ENSG00000233821
RN7SKP150,ENSG00000284026
LINC02974,ENSG00000266288
DGKZP1,ENSG00000179611
MRNIP-DT,ENSG00000284274
RPS4XP17,ENSG00000284153
MIR8075,ENSG00000277942
RFLNB,ENSG00000283979
LDHBP1,ENSG00000232662
TBC1D9B,ENSG00000284400
SCML2P1,ENSG00000264127
RNU1-16P,ENSG00000202347
AKR1B10P2,ENSG00000263355
PLEKHB2P1,ENSG00000267066
ADPRHL1,ENSG00000153531
SDHCP1,ENSG00000264444
KRT8P5,ENSG00000267573
LINC01898,ENSG00000261194
N4BP2L2-IT2,ENSG00000281026
MRPL3P1,ENSG00000215349
PARP4P2,ENSG00000224976
CCNQP3,ENSG00000231184
SLC25A15P2,ENSG00000237164
MBP,ENSG00000197971
CYCSP32,ENSG00000223625
MRPS31P2,ENSG00000232894
ESRRAP1,ENSG00000215572
GOLM2P1,ENSG00000238132
PSPC1-AS2,ENSG00000226352
RN7SL166P,ENSG00000275014
ST6GALNAC4P1,ENSG00000233469
FABP5P2,ENSG00000236044
LINC02339,ENSG00000279797
RAC1P8,ENSG00000234033
LINC01074,ENSG00000227611
LINC00459,ENSG00000229307
RPL32P28,ENSG00000232105
SQSTM1P1,ENSG00000271465
RNU6-81P,ENSG00000202478
LINC00355,ENSG00000227674
NFYAP1,ENSG00000237849
LGMNP1,ENSG00000214269
STARP1,ENSG00000214266
HNRNPA3P5,ENSG00000236565
MIR548X2,ENSG00000263581
MIR4704,ENSG00000263561
TRIM60P19,ENSG00000235737
LINC00561,ENSG00000261206
TPTE2,ENSG00000132958
CUBNP2,ENSG00000273495
MARCHF8,ENSG00000278545
OR6D1P,ENSG00000274650
ANKRD30BP3,ENSG00000275985
OR13A1,ENSG00000277495
EIF4A1P7,ENSG00000235472
RNU6-53P,ENSG00000202237
ALOX5,ENSG00000275565
CYP51A1P2,ENSG00000233588
POM121L13P,ENSG00000236339
TNFSF11,ENSG00000120659
TWIST2,ENSG00000288335
HNRNPH1,ENSG00000284254
LINC01150,ENSG00000288317
MRPL23,ENSG00000288141
ALG11,ENSG00000253710
LRRC63,ENSG00000173988
CBR3-AS1,ENSG00000236830
HMGB3P22,ENSG00000284207
MRPL23-AS1,ENSG00000288320
LINC01219,ENSG00000288486
PCDH20,ENSG00000280165
H19,ENSG00000288237
IRX1P1,ENSG00000231417
ANKRD20A10P,ENSG00000226695
RNY1P7,ENSG00000207474
RPL26P34,ENSG00000225404
RNU6-1207P,ENSG00000275615
RNF17,ENSG00000132972
HNRNPA1P11,ENSG00000264315
KRT18P8,ENSG00000264644
APP-DT,ENSG00000273492
EIF4A3P1,ENSG00000266181
PRPF19P1,ENSG00000264685
LINC01549,ENSG00000232560
SLC5A11,ENSG00000288216
LINC01910,ENSG00000266278
MIR675,ENSG00000288367
RPS3AP44,ENSG00000234031
MIR548AR,ENSG00000264539
LARP7P3,ENSG00000265698
MIR4502,ENSG00000265450
LINC01477,ENSG00000261715
CLCP2,ENSG00000226158
RPL23AP97,ENSG00000260615
RPL12P40,ENSG00000243516
LINC01055,ENSG00000235366
NDFIP2,ENSG00000102471
RPL17P45,ENSG00000267664
RPL7AP55,ENSG00000281118
LINC01916,ENSG00000264232
OR5P2,ENSG00000280931
LINC01922,ENSG00000259779
OR5P3,ENSG00000280808
ENTR1P1,ENSG00000256704
LINC01670,ENSG00000279094
OR5E1P,ENSG00000281056
SLC25A51P2,ENSG00000263716
RNU6-943P,ENSG00000281563
NFE2L3P1,ENSG00000267497
OR10A6,ENSG00000280899
RN7SKP72,ENSG00000199197
RNU6-349P,ENSG00000199272
RN7SL282P,ENSG00000243591
MIR4317,ENSG00000283532
RNU6-916P,ENSG00000251897
OR10A3,ENSG00000281680
RNU2-27P,ENSG00000251994
RNU6-903P,ENSG00000212572
NLRP10,ENSG00000281166
RN7SL97P,ENSG00000242216
RNU6-1289P,ENSG00000207160
MIR302F,ENSG00000283218
MIR3975,ENSG00000283514
MIR3929,ENSG00000265641
MIR4318,ENSG00000266530
MIR924,ENSG00000283615
MIR5583-2,ENSG00000283645
MIR5583-1,ENSG00000266148
RNU6-1242P,ENSG00000212354
RN7SKP182,ENSG00000222704
RNA5SP454,ENSG00000253040
RNA5SP455,ENSG00000202060
MIR187,ENSG00000207797
RNU6-706P,ENSG00000253038
RNU6-708P,ENSG00000206944
RNA5SP458,ENSG00000251997
RNU6-737P,ENSG00000202240
RNU6-116P,ENSG00000206769
RN7SL342P,ENSG00000239398
URB1-AS1,ENSG00000256073
RNA5SP456,ENSG00000200872
RNU4-17P,ENSG00000202468
RNU6-567P,ENSG00000252555
MIR5011,ENSG00000263354
LINC02573,ENSG00000233236
RNU6-142P,ENSG00000206746
RNU6-1037P,ENSG00000238680
RN7SL705P,ENSG00000243549
RN7SL795P,ENSG00000239748
RNA5SP460,ENSG00000252598
MIR548AV,ENSG00000263750
RNU6-39P,ENSG00000207072
RNU6-655P,ENSG00000199728
RPL31P59,ENSG00000240364
SAMSN1-AS1,ENSG00000223662
OOSP1,ENSG00000285029
IGLJCOR18,ENSG00000265243
RPL21P127,ENSG00000243720
BOD1P1,ENSG00000263460
OOSP4A,ENSG00000285375
PDE9A-AS1,ENSG00000225731
OOSP4B,ENSG00000285463
OOSP2,ENSG00000285422
SOD1-DT,ENSG00000234509
LINC02575,ENSG00000228709
RNU6-1131P,ENSG00000201825
MS4A3,ENSG00000284903
DSG4,ENSG00000175065
LINC01695,ENSG00000236532
RPL7L1P12,ENSG00000231981
RNU6-83P,ENSG00000207298
DOCK9-DT,ENSG00000260992
RPS6P23,ENSG00000230871
HSP90AB6P,ENSG00000235137
RN7SKP7,ENSG00000222472
ANKRD26P4,ENSG00000229427
RNY1P5,ENSG00000206617
KARS1P2,ENSG00000230371
F10-AS2,ENSG00000283828
ATP4B,ENSG00000186009
HLCS-AS1,ENSG00000224790
DLEU7,ENSG00000186047
ARHGAP17,ENSG00000288353
LINC00205,ENSG00000223768
ANKRD20A19P,ENSG00000196593
SPACA7BP,ENSG00000275989
LINC00431,ENSG00000225760
TPTE2P3,ENSG00000244471
RN7SKP44,ENSG00000200472
MRPS31P4,ENSG00000250299
OR7E156P,ENSG00000274052
MIR4744,ENSG00000263849
OR7E104P,ENSG00000219926
LINC00316,ENSG00000237664
MRPS31P5,ENSG00000243406
PRR13P4,ENSG00000264971
RPL17-C18orf32,ENSG00000215472
TPTE2P1,ENSG00000253771
LINC00334,ENSG00000182586
MIPEPP3,ENSG00000233325
SPTLC1P5,ENSG00000227922
MIR3665,ENSG00000266325
RN7SL810P,ENSG00000243035
SLAIN1,ENSG00000139737
LINC00315,ENSG00000184274
MIR1539,ENSG00000284239
SNORD58C,ENSG00000202093
SNORD58A,ENSG00000206602
SNORD58B,ENSG00000271982
SRP72P1,ENSG00000265182
SRSF10P1,ENSG00000267717
IMPDH1P5,ENSG00000282534
RNU1-46P,ENSG00000207154
DLG5,ENSG00000274429
MEX3C,ENSG00000176624
RNA5SP459,ENSG00000252437
TCF4-AS1,ENSG00000267028
MIR4529,ENSG00000264571
RPL21P126,ENSG00000242320
ONECUT2,ENSG00000119547
RNU6-742P,ENSG00000202159
RSL24D1P11,ENSG00000231544
LINC01897,ENSG00000267209
LINC03105,ENSG00000276077
HMGN1P30,ENSG00000235028
MIR122,ENSG00000284440
MIR3591,ENSG00000207778
SNORA108,ENSG00000252284
RPL9P31,ENSG00000239659
MRPL37P1,ENSG00000266946
RNU6-219P,ENSG00000201598
U8,ENSG00000199713
RNU2-69P,ENSG00000251870
PTPRM,ENSG00000173482
TOMM22P3,ENSG00000227604
KL,ENSG00000133116
STARD13-IT1,ENSG00000230300
MIR759,ENSG00000211579
PCDH8,ENSG00000136099
LONRF2P2,ENSG00000233905
LINC00388,ENSG00000229788
FEM1AP4,ENSG00000235876
LINC00387,ENSG00000231914
TERF1P5,ENSG00000226361
FAM207BP,ENSG00000228797
GXYLT1P1,ENSG00000230931
CNN2P12,ENSG00000204718
ZNF965P,ENSG00000227784
SNX18P26,ENSG00000227568
LINC00328-2P,ENSG00000225016
RHOT1P3,ENSG00000242756
LINC01692,ENSG00000226983
RNU6-55P,ENSG00000223024
RNU6-76P,ENSG00000206787
SNX19P2,ENSG00000235500
USP24P1,ENSG00000229375
GTF2IP3,ENSG00000187721
RNA5SP24,ENSG00000252287
CENPIP1,ENSG00000224778
SMPD4P2,ENSG00000229147
DACH1,ENSG00000276644
DLG5-AS1,ENSG00000282770
COL18A1,ENSG00000292234
RN7SL284P,ENSG00000276516
RNU6-1266P,ENSG00000276274
H3P36,ENSG00000236534
RPL21P109,ENSG00000237816
RPL35AP31,ENSG00000233460
LINC01697,ENSG00000232079
RPS10P21,ENSG00000232881
RNU1-24P,ENSG00000201155
HMGB3P7,ENSG00000215399
MIR2681,ENSG00000265164
LIPT1P1,ENSG00000229975
RNY1P2,ENSG00000201690
MIR4705,ENSG00000264482
RPL39P29,ENSG00000236860
FGF14-IT1,ENSG00000243319
KATNBL1P1,ENSG00000271026
CHCHD2P8,ENSG00000235115
EEF1A1P3,ENSG00000232587
RNU6-82P,ENSG00000200840
NUFIP1,ENSG00000083635
APCDD1,ENSG00000154856
RN7SL49P,ENSG00000265802
RN7SKP3,ENSG00000223341
LINC01673,ENSG00000234052
RN7SKP4,ENSG00000271818
KCTD4,ENSG00000180332
PABPC3,ENSG00000151846
AMER2,ENSG00000165566
RPL23AP69,ENSG00000235315
MIR623,ENSG00000207719
HMGB3P4,ENSG00000228808
CCR12P,ENSG00000238241
LNCARGI,ENSG00000285448
SOHLH2,ENSG00000120669
MIX23P1,ENSG00000264311
PMM2P1,ENSG00000265038
MIR6788,ENSG00000274838
RPL21P128,ENSG00000244527
RNU6-120P,ENSG00000251886
EXOGP1,ENSG00000263748
MIR320C1,ENSG00000221493
AP2A2,ENSG00000280759
CCDC169-SOHLH2,ENSG00000250709
ATP5MC1P6,ENSG00000214318
BCL2,ENSG00000171791
ANKRD62,ENSG00000181626
OR8U1,ENSG00000291846
OR5AL2P,ENSG00000291848
OR8U3,ENSG00000291849
CCDC169,ENSG00000242715
OR5M4P,ENSG00000291850
OR5M9,ENSG00000291852
OR5M3,ENSG00000291859
OR5M2P,ENSG00000291867
OR5M7P,ENSG00000291854
OR5M6P,ENSG00000291856
OR5M5P,ENSG00000291857
OR5AL1,ENSG00000292252
OR5M8,ENSG00000291862
RNU6-324P,ENSG00000200827
PMM2P2,ENSG00000267116
MCPH1-AS1,ENSG00000285400
MIX23P3,ENSG00000267076
PPIAP56,ENSG00000267663
CIDEA,ENSG00000176194
MIR8055,ENSG00000284905
MIR4659A,ENSG00000284880
MIR4659B,ENSG00000285083
RNU6-1025P,ENSG00000274980
GS1-24F4.2,ENSG00000285156
MUC6,ENSG00000277518
DEFA8P,ENSG00000284863
DEFA9P,ENSG00000284789
DEFA10P,ENSG00000285475
DEFA5,ENSG00000285251
VPS51P14,ENSG00000284960
RNU6-170P,ENSG00000199702
MLECP1,ENSG00000277899
RPS3AP30,ENSG00000285129
SETBP1-DT,ENSG00000267414
SNRPCP6,ENSG00000284771
MIR4319,ENSG00000265957
SNRPCP15,ENSG00000285418
RPS3AP33,ENSG00000285381
C18orf15,ENSG00000279020
VPS51P8,ENSG00000284777
MIR5190,ENSG00000266146
MIR4526,ENSG00000263527
RN7SL362P,ENSG00000242707
RNA5SP254,ENSG00000284894
LPIN2-AS1,ENSG00000265907
OR7E161P,ENSG00000285469
SNRPCP4,ENSG00000264186
SUB1P1,ENSG00000285173
BLK-AS1,ENSG00000285457
RNU7-25P,ENSG00000252353
RNU6-857P,ENSG00000251702
DSC3,ENSG00000134762
FAM167A-AS1,ENSG00000285275
RNU6-1084P,ENSG00000285464
RN7SL293P,ENSG00000285295
TDH,ENSG00000284856
LINC00558,ENSG00000261517
MIR1297,ENSG00000283126
RLIMP1,ENSG00000229456
MIR320D1,ENSG00000211491
MIR621,ENSG00000207652
TPTE2P5,ENSG00000168852
CYCSP34,ENSG00000176268
SMARCE1P5,ENSG00000230793
DSC1,ENSG00000134765
ACOD1,ENSG00000102794
LINC00559,ENSG00000261446
LINC01436,ENSG00000231106
RPL19P13,ENSG00000285195
RPL17P29,ENSG00000285026
RNA5SP34,ENSG00000252696
FAR1P1,ENSG00000235879
KRT18P27,ENSG00000224419
FRGCA,ENSG00000236663
MIR622,ENSG00000283783
RNU6-75P,ENSG00000251753
LINC00410,ENSG00000231674
BRK1P2,ENSG00000227983
MIR598,ENSG00000285056
GPC6,ENSG00000183098
MIR1322,ENSG00000284875
SOX7-AS1,ENSG00000285187
RNA5SP252,ENSG00000285126
MIR4286,ENSG00000285364
LINC03022,ENSG00000285229
LINC03104,ENSG00000274333
FAM138D,ENSG00000262927
DSG1,ENSG00000134760
IQSEC3-AS2,ENSG00000262226
HNRNPA1P29,ENSG00000235784
RNU6-729P,ENSG00000284813
PRSS52P,ENSG00000284793
GPC6-AS2,ENSG00000224394
IQSEC3,ENSG00000262607
MSRA,ENSG00000285250
RNA5SP35,ENSG00000212559
GPC6-AS1,ENSG00000236520
DCT,ENSG00000080166
RNU6-167P,ENSG00000207019
PSMA8,ENSG00000154611
DDX11L8,ENSG00000272877
IQSEC3-AS1,ENSG00000262193
WASH8P,ENSG00000262435
PHLDA2,ENSG00000274538
RNA5SP36,ENSG00000222129
RN7SL585P,ENSG00000274168
SOX21-AS1,ENSG00000227640
SOX21,ENSG00000125285
CARS1,ENSG00000278191
BRD7P5,ENSG00000235768
RPL21P112,ENSG00000237924
LINC00557,ENSG00000260962
RNU6-62P,ENSG00000252335
RNY3P8,ENSG00000223298
MIR124-1HG,ENSG00000284859
RNY4P27,ENSG00000200211
MEMO1P5,ENSG00000271492
CLDN10-AS1,ENSG00000223392
MTND5P2,ENSG00000229622
LINC01668,ENSG00000283051
MTND6P18,ENSG00000227714
MTCYBP3,ENSG00000232373
HMGN1P24,ENSG00000226977
HS6ST3,ENSG00000185352
RN7SL164P,ENSG00000242614
MIR4501,ENSG00000283487
AMMECR1LP1,ENSG00000233273
TPTE2P2,ENSG00000272281
MIR124-1,ENSG00000285161
MIR597,ENSG00000285033
ETS2-AS1,ENSG00000205622
NFATC1,ENSG00000131196
RPL21P107,ENSG00000225239
LINC00567,ENSG00000259831
H2ACP1,ENSG00000223383
TUBA3C,ENSG00000198033
PPP1R3B-DT,ENSG00000285236
GPC5,ENSG00000179399
RNU4ATAC3P,ENSG00000252508
FABP5P4,ENSG00000229287
GPC5-IT1,ENSG00000236240
MIR548AS,ENSG00000263741
GPC5-AS1,ENSG00000235984
PTMAP5,ENSG00000214182
PCDH8P1,ENSG00000225510
ARL2BPP3,ENSG00000215486
HNRNPA1P30,ENSG00000233780
LINC00367,ENSG00000293217
RPS4XP16,ENSG00000224892
ESRRAP2,ENSG00000235438
TULP3P1,ENSG00000234267
GUCY1B2,ENSG00000123201
RNU6-526P,ENSG00000285484
RNU6-1151P,ENSG00000284864
ATP5F1EP2,ENSG00000180389
URAD,ENSG00000183463
RN7SL272P,ENSG00000242360
C1QTNF9B,ENSG00000205863
EPCIP-AS1,ENSG00000205930
RNU7-55P,ENSG00000285167
MIR4660,ENSG00000285514
RNU6-682P,ENSG00000285414
RN7SL178P,ENSG00000284857
BRCA2,ENSG00000139618
LINC02950,ENSG00000285450
VPS51P16,ENSG00000284972
RPS3AP34,ENSG00000284920
RPS3AP35,ENSG00000284751
OR7E8P,ENSG00000284822
OR7E15P,ENSG00000285419
OR7E10P,ENSG00000285315
MIR5692A2,ENSG00000284785
MIR3926-1,ENSG00000285270
MIR3926-2,ENSG00000284855
LINC03019,ENSG00000285506
LINC00681,ENSG00000285297
RNU6-842P,ENSG00000284861
XKR5,ENSG00000285327
DEFT1P,ENSG00000284913
DEFA1B,ENSG00000285176
DEFT1P2,ENSG00000284924
DEFA11P,ENSG00000285439
DEFA7P,ENSG00000285113
ATP23,ENSG00000262145
OR7E125P,ENSG00000285474
FAM90A19,ENSG00000292275
FAM90A7,ENSG00000285832
FAM90A10,ENSG00000292276
PRR23D1,ENSG00000284870
DEFB107B,ENSG00000284979
LINC00945,ENSG00000232539
DEFB106B,ENSG00000285617
LINC02403,ENSG00000262201
DEFB104B,ENSG00000285034
DEFB103B,ENSG00000285376
LINC01690,ENSG00000228961
HSPD1P3,ENSG00000285504
GIHCG,ENSG00000262349
DEFB4B,ENSG00000285433
ING1,ENSG00000153487
RN7SKP65,ENSG00000262776
FAM66B,ENSG00000292278
USP17L4,ENSG00000284781
CYCSP33,ENSG00000233545
TPTE2P6,ENSG00000205822
PSPC1P2,ENSG00000244615
PHF2P2,ENSG00000226057
USP17L1,ENSG00000284806
FAM90A20,ENSG00000284799
MYO16-AS2,ENSG00000229938
FAM90A3,ENSG00000285074
MYO16-AS1,ENSG00000236242
FAM90A23,ENSG00000285795
LINC01067,ENSG00000236053
RPL35P9,ENSG00000174418
ALG1L11P,ENSG00000292280
FAM66D,ENSG00000292281
LINC01674,ENSG00000228159
PPIAP24,ENSG00000174408
CLYBL-AS2,ENSG00000227659
LINC00373,ENSG00000231019
RPL29P29,ENSG00000225289
USP17L7,ENSG00000284991
ZNF705D,ENSG00000285124
DEFB130B,ENSG00000285249
DEFB131C,ENSG00000284782
VPS51P12,ENSG00000292282
DEFB131E,ENSG00000285431
LINC00330,ENSG00000235097
DEFB134,ENSG00000284754
RBM22P2,ENSG00000213411
MFAP1P1,ENSG00000232489
PTPN2P2,ENSG00000224117
DEFB135,ENSG00000285365
RNY1P1,ENSG00000201242
GTF3A,ENSG00000122034
DEFB136,ENSG00000285087
OR7E158P,ENSG00000292283
KCNQ1,ENSG00000282076
CTSB,ENSG00000285132
KCNQ1-AS1,ENSG00000282343
NAP1L4,ENSG00000273562
RNU6-63P,ENSG00000252499
LINC00402,ENSG00000235532
LINC00313,ENSG00000185186
RPL21P108,ENSG00000232701
LINC00347,ENSG00000236678
RNF113B,ENSG00000139797
RN7SKP8,ENSG00000222969
MIR3170,ENSG00000263399
LRRC56,ENSG00000273831
FARP1-AS1,ENSG00000231194
GAS6-AS1,ENSG00000233695
LINC00452,ENSG00000229373
LAMA3,ENSG00000053747
FDFT1,ENSG00000284967
PHRF1,ENSG00000274780
ARHGEF7-AS1,ENSG00000227352
RN7SKP10,ENSG00000201161
LINC00396,ENSG00000231428
RN7SL783P,ENSG00000265885
MIR8073,ENSG00000276765
LINC00479,ENSG00000236384
TXNL1P1,ENSG00000231879
UBBP5,ENSG00000228074
LIN28AP2,ENSG00000228473
MIR4500,ENSG00000266052
LINC00397,ENSG00000223404
NEIL2,ENSG00000292286
TET1P1,ENSG00000232204
MIS18A-AS1,ENSG00000227256
C13orf42,ENSG00000226792
GATA4,ENSG00000285109
PPIAP23,ENSG00000214178
MIR4305,ENSG00000264171
RNY4P14,ENSG00000200526
CDKN2AIPNLP3,ENSG00000224351
SNORD102,ENSG00000207500
SNORA27,ENSG00000207051
RNU6-70P,ENSG00000252247
RB1-DT,ENSG00000231473
TAS2R7,ENSG00000273326
TAS2R8,ENSG00000272712
TAS2R9,ENSG00000273086
PRR4,ENSG00000263247
LINC00114,ENSG00000223806
LINC00442,ENSG00000232685
LINC00208,ENSG00000292287
BLK,ENSG00000285369
FAM167A,ENSG00000292288
CDKN1C,ENSG00000273707
TDH-AS1,ENSG00000292289
SLC35G5,ENSG00000285084
TAS2R10,ENSG00000272805
MTMR9,ENSG00000285032
TAS2R12P,ENSG00000272751
TAS2R13,ENSG00000273457
LINC00529,ENSG00000285284
PRH2,ENSG00000272803
XKR6,ENSG00000284927
CARS1-AS1,ENSG00000282355
PINX1-DT,ENSG00000292295
VWA8-AS1,ENSG00000278338
COX6CP18,ENSG00000282441
PINX1,ENSG00000284764
SLC67A1,ENSG00000276130
TAS2R14,ENSG00000261984
FRY-AS1,ENSG00000237637
TAS2R15P,ENSG00000273144
SOX7,ENSG00000285438
TAS2R50,ENSG00000273431
TAS2R20,ENSG00000273092
TAS2R19,ENSG00000263028
TAS2R31,ENSG00000263097
RP1L1,ENSG00000292297
TAS2R63P,ENSG00000263158
C8orf74,ENSG00000285147
TAS2R46,ENSG00000262525
LINC00540,ENSG00000276476
TAS2R64P,ENSG00000263083
TAS2R43,ENSG00000262612
TAS2R68P,ENSG00000262829
TAS2R45,ENSG00000261936
TAS2R30,ENSG00000262111
TAS2R18P,ENSG00000261853
SMIM10L1,ENSG00000262986
PRSS55,ENSG00000285141
LINC00375,ENSG00000226370
PRSS51,ENSG00000292298
TNKS,ENSG00000285372
SLC67A1-AS,ENSG00000274454
LMNTD2,ENSG00000275873
KCNQ1DN,ENSG00000278855
TSPEAR-AS1,ENSG00000235890
SNORA54,ENSG00000273525
PPP1R3B,ENSG00000285343
ERI1,ENSG00000292301
MAP4K1-AS1,ENSG00000282982
MFHAS1,ENSG00000285022
MIR210HG,ENSG00000282810
EIF3K,ENSG00000282986
CLDN23,ENSG00000285098
RNH1,ENSG00000276230
LINC02949,ENSG00000292307
PRAG1,ENSG00000292308
ALG1L13P,ENSG00000285027
RPS6P22,ENSG00000262159
LRIG3-DT,ENSG00000262592
FAM85B,ENSG00000292311
ENPP7P1,ENSG00000292312
SNRPCP17,ENSG00000292314
RPS3AP31,ENSG00000292315
OR7E96P,ENSG00000292319
FAM90A9,ENSG00000285962
FAM90A17,ENSG00000292321
FAM90A16,ENSG00000292322
ZNF705G,ENSG00000292386
PRR23D2,ENSG00000292388
PRR23D3P,ENSG00000292389
DEFB107A,ENSG00000285432
DEFB105A,ENSG00000285411
DEFB106A,ENSG00000284937
DEFB104A,ENSG00000285356
SPAG11A,ENSG00000288309
DEFB103A,ENSG00000284978
EDNRB-AS1,ENSG00000225579
HSPD1P2,ENSG00000285066
DEFB4A,ENSG00000285181
SLC5A8,ENSG00000262217
ASMER1,ENSG00000281903
ZNF705B,ENSG00000285286
DEFB108A,ENSG00000284907
LINC01069,ENSG00000236133
FAM66E,ENSG00000292390
USP17L8,ENSG00000285497
USP17L3,ENSG00000284990
ALG1L12P,ENSG00000292392
ANO4,ENSG00000262139
FAM86B2,ENSG00000285397
ACTN4,ENSG00000282844
VPS51P19,ENSG00000292410
LONRF1,ENSG00000285360
DRD4,ENSG00000276825
LINC01548,ENSG00000229086
DEAF1,ENSG00000282712
IRF7,ENSG00000276561
PRB1,ENSG00000282673
TRMT9B,ENSG00000284872
LINC02825,ENSG00000276226
LINC02350,ENSG00000278711
DLC1,ENSG00000288673
PRB3,ENSG00000275624
AGPAT5,ENSG00000284980
LINC00189,ENSG00000215533
TAS2R42,ENSG00000273505
RNU6-140P,ENSG00000283011
LGALS4,ENSG00000282992
HRAS,ENSG00000276536
DEFB1,ENSG00000284881
DEFA6,ENSG00000285136
DEFA4,ENSG00000285318
DEFA1,ENSG00000284983
LINC02335,ENSG00000278630
DEFA3,ENSG00000284835
LINC01075,ENSG00000230142
DEFB105B,ENSG00000285015
DLEU2,ENSG00000231607
SPAG11B,ENSG00000285507
ECH1,ENSG00000282853
LMNTD2-AS1,ENSG00000282005
PRB4,ENSG00000274839
DEFB108C,ENSG00000284958
DEFB109B,ENSG00000284851
DEFB109D,ENSG00000284926
RASSF7,ENSG00000273859
DEFB109C,ENSG00000285038
FAM90A12,ENSG00000292438
PRH1,ENSG00000277823
ENPP7P12,ENSG00000285452
FAM86B1,ENSG00000285316
DEFB108D,ENSG00000284778
RPL10P19,ENSG00000285368
FAM86B3P,ENSG00000285119
CDHR5,ENSG00000273572
USP17L2,ENSG00000284975
GNAL,ENSG00000141404
HNRNPL,ENSG00000282947
HEPFAL,ENSG00000274225
LINC00310,ENSG00000227456
SCT,ENSG00000274473
PTDSS2,ENSG00000282367
RNA5SP453,ENSG00000199373
MEP1B,ENSG00000141434
RINL,ENSG00000282895
MREGP1,ENSG00000282329
PIWIL1,ENSG00000275051
SINHCAF,ENSG00000276371
CLUHP6,ENSG00000265279
BTG3-AS1,ENSG00000280594
SIRT2,ENSG00000283100
LOXHD1,ENSG00000167210
SOX1-OT,ENSG00000224243
RPL13AP22,ENSG00000282388
AATBC,ENSG00000215458
FLJ13224,ENSG00000282176
LINC02940,ENSG00000235888
LINC00404,ENSG00000229520
IL10RB-DT,ENSG00000223799
LINC00446,ENSG00000229249
DSCR9,ENSG00000230366
LINC00649,ENSG00000237945
LINC00415,ENSG00000231983
LINC01046,ENSG00000233405
KRTAP5-6,ENSG00000277389
LINC00345,ENSG00000235660
TUBGCP3,ENSG00000282003
SERPINB13,ENSG00000197641
IFITM10,ENSG00000281618
LINC01070,ENSG00000282647
SERPINB4,ENSG00000206073
CYP4F34P,ENSG00000282782
ANKRD20A9P,ENSG00000282715
NFKBIB,ENSG00000282905
C21orf91-OT1,ENSG00000240770
CCER2,ENSG00000283099
SARS2,ENSG00000283104
LINC00112,ENSG00000232401
SERPINB11,ENSG00000206072
DNAJC3-DT,ENSG00000247400
LNCTSI,ENSG00000230479
CASP4LP,ENSG00000291985
LINC01694,ENSG00000233922
CASP12,ENSG00000291983
LINC00621,ENSG00000262619
ASXL3-DT,ENSG00000267642
DYNAPP2,ENSG00000267428
DYNAPP3,ENSG00000288484
DYNAP,ENSG00000178690
F10-AS1,ENSG00000231882
LINC01232,ENSG00000280734
DIPK1C,ENSG00000187773
LINC03138,ENSG00000232855
RN7SL551P,ENSG00000243856
C18orf63,ENSG00000206043
LINC00676,ENSG00000234854
FAUP1,ENSG00000235297
SERPINB12,ENSG00000166634
CKAP2-DT,ENSG00000278238
TMEM255B,ENSG00000282107
MRPS12,ENSG00000283018
RNU7-129P,ENSG00000251937
PRELID3A,ENSG00000141391
ERVK9-11,ENSG00000282930
FBXO17,ENSG00000282954
LINC00161,ENSG00000226935
MRAP-AS1,ENSG00000232623
LINC01684,ENSG00000237484
LGALS7B,ENSG00000282902
GRTP1-AS1,ENSG00000225083
LGALS7,ENSG00000283082
LINC01054,ENSG00000229723
AKR1B1P6,ENSG00000225212
RAB12,ENSG00000206418
PRECSIT,ENSG00000255874
ELOA2,ENSG00000206181
TXNL4A,ENSG00000141759
LINC00399,ENSG00000229792
LINC02344,ENSG00000227911
LINC02338,ENSG00000277448
DCUN1D2-AS,ENSG00000233613
LINC00460,ENSG00000233532
TMEM179,ENSG00000276342
RBFA,ENSG00000101546
LINC00564,ENSG00000260094
C14orf180,ENSG00000274126
LINC00424,ENSG00000226722
RBFADN,ENSG00000261126
LINC00539,ENSG00000224429
SLC25A6P4,ENSG00000266909
PARD6G,ENSG00000178184
IL9RP4,ENSG00000262081
MIR8078,ENSG00000277521
MSRB1,ENSG00000291928
BOLA2P1,ENSG00000266575
LINC01904,ENSG00000259837
RPL3L,ENSG00000291929
NDUFB10,ENSG00000291930
RPS2,ENSG00000291931
KATNBL1P3,ENSG00000235422
RNU6-340P,ENSG00000200875
WDR7,ENSG00000091157
NAALAD2,ENSG00000285516
SNORA10,ENSG00000291932
SNORA64,ENSG00000291933
SNHG9,ENSG00000291945
SNORA78,ENSG00000291935
RNF151,ENSG00000291936
TBL3,ENSG00000291938
NOXO1,ENSG00000291939
GFER,ENSG00000291944
SYNGR3,ENSG00000291941
NPW,ENSG00000291946
RN7SL219P,ENSG00000291943
ZNF598,ENSG00000292232
LINC00434,ENSG00000227336
TC2N,ENSG00000276776
LINC02203,ENSG00000280555
SPART-AS1,ENSG00000120664
LONRF2P4,ENSG00000281208
LINC00366,ENSG00000229437
GRAMD4P6,ENSG00000281718
NBEAP4,ENSG00000281804
CHORDC1,ENSG00000285023
CETN1,ENSG00000177143
ATXN8OS,ENSG00000230223
RN7SKP146,ENSG00000222174
RNU1-109P,ENSG00000206687
LRRC30,ENSG00000206422
LINC03101,ENSG00000286296
LONRF2P1,ENSG00000266605
GRAMD4P7,ENSG00000266242
POTEC,ENSG00000183206
CATSPERB,ENSG00000274338
LINC00448,ENSG00000228669
RPN2,ENSG00000291973
GHRH,ENSG00000291972
NF1P9,ENSG00000281688
LINC00572,ENSG00000224405
MANBAL,ENSG00000291969
NF1P2,ENSG00000290539
GAS6-DT,ENSG00000272695
RNU6-1021P,ENSG00000200132
CXADRP2,ENSG00000274439
OR4K7P,ENSG00000265340
OR4K8P,ENSG00000266693
SNX19P3,ENSG00000264570
SRC,ENSG00000291971
VN1R74P,ENSG00000273732
GTF2IP8,ENSG00000276318
LINC00454,ENSG00000226921
RNU6-1210P,ENSG00000200645
MIR3156-2,ENSG00000265499
LINC01906,ENSG00000265786
LINC00159,ENSG00000230323
RN7SL862P,ENSG00000242651
RPL7AP14,ENSG00000291970
MROH8,ENSG00000292233
RNA5SP449,ENSG00000252680
PIGPP4,ENSG00000265564
LINC02333,ENSG00000271564
TXNDC2,ENSG00000168454
POLR3GP1,ENSG00000281924
NANOGP7,ENSG00000276238
TUBAP2,ENSG00000284997
RNA5SP450,ENSG00000223138
ARHGEF7-AS2,ENSG00000235875
LINC00368,ENSG00000225870
PIEZO2,ENSG00000154864
LINC01049,ENSG00000234384
LINC00408,ENSG00000226250
ITGB2-AS1,ENSG00000227039
LINC01687,ENSG00000233215
TSC22D1-AS1,ENSG00000278156
LINC01424,ENSG00000236519
OBI1-AS1,ENSG00000234377
LINC01547,ENSG00000183250
KCNJ6-AS1,ENSG00000292434
C1GALT1C1,ENSG00000288368
H3P46,ENSG00000288412
GLRX5P1,ENSG00000288226
B3GALT5-AS1,ENSG00000184809
CT47B1,ENSG00000288466
CT47A6,ENSG00000288273
CT47A5,ENSG00000292266
CT47A4,ENSG00000288477
LINC02341,ENSG00000283554
CT47A3,ENSG00000292267
CT47A2,ENSG00000292268
CT47A1,ENSG00000288363
CBLL1P1,ENSG00000288220
LINC01425,ENSG00000233997
GLUD2,ENSG00000288118
LRRC3-DT,ENSG00000229356
LINC00158,ENSG00000185433
GOLGA8F,ENSG00000276896
RPS27P28,ENSG00000243355
CCDC178,ENSG00000166960
LINC00297,ENSG00000224329
HERC2P11,ENSG00000282090
ZNF295-AS1,ENSG00000237232
LINC00430,ENSG00000233528
GOLGA8G,ENSG00000273651
LINC01072,ENSG00000236076
INTS6-AS1,ENSG00000236778
LINC00160,ENSG00000230978
SETD4-AS1,ENSG00000236677
GOLGA6L24,ENSG00000276455
LINC00395,ENSG00000231061
ABCB10P4,ENSG00000274192
ABCB10P1,ENSG00000280461
TUBGCP5,ENSG00000276856
GOLGA6L25,ENSG00000276485
HERC2,ENSG00000277278
DSTNP1,ENSG00000230982
RPL36AP9,ENSG00000281764
FOXO6-AS1,ENSG00000281876
LINC01679,ENSG00000237989
FOXO6,ENSG00000281518
LINC00349,ENSG00000231238
LINC00359,ENSG00000293326
LINC00319,ENSG00000188660
LINC00363,ENSG00000232849
IGHA2,ENSG00000276173
LINC01080,ENSG00000281721
IGHEP1,ENSG00000281947
IGHG3,ENSG00000282184
ATP6V1G1P1,ENSG00000282819
IGHV3-11,ENSG00000282322
LINC00323,ENSG00000226496
IGHV3-20,ENSG00000282476
IGHE,ENSG00000276192
IGHV1-24,ENSG00000282284
ELK2BP,ENSG00000282219
MC5R,ENSG00000176136
IGHA1,ENSG00000282633
PLAC4,ENSG00000280109
IGHV4-31,ENSG00000282404
SNORA37,ENSG00000207233
CYB5AP3,ENSG00000281141
IGHV1-3,ENSG00000282213
STARD6,ENSG00000174448
PRIMA1,ENSG00000274089
LINC00382,ENSG00000229175
IGHVIII-38-1,ENSG00000282576
IGHV7-34-1,ENSG00000282123
IGHV4-34,ENSG00000276491
IGHGP,ENSG00000282094
IGHV4-39,ENSG00000282579
BACE2-IT1,ENSG00000224388
IFI27,ENSG00000275214
ODAD2P1,ENSG00000276777
IGHG1,ENSG00000277633
FAM210CP,ENSG00000273681
RN7SL233P,ENSG00000242971
TRIAP1P1,ENSG00000278364
SNORA73,ENSG00000199977
PTCHD3,ENSG00000276595
MIR133A1,ENSG00000283927
MIR1-2,ENSG00000284453
NUTM1,ENSG00000291987
LINC00544,ENSG00000122043
RNU6-1038P,ENSG00000252325
IGHV3-33,ENSG00000282642
RNA5SP451,ENSG00000222520
IGHVIII-47-1,ENSG00000282708
IGHV3-21,ENSG00000282281
RPS4XP19,ENSG00000242058
CDRT15P8,ENSG00000279062
ACTG1P15,ENSG00000291988
MIR1233-1,ENSG00000291989
IGHV1-17,ENSG00000282561
MPHOSPH10P5,ENSG00000280476
IGHV1-12,ENSG00000282366
LPCAT4,ENSG00000291994
SLC20A1P2,ENSG00000282659
ELMO2P1,ENSG00000280500
IGHV1-45,ENSG00000282776
RPL39P40,ENSG00000226580
IGHV3-50,ENSG00000282138
IGHV4-28,ENSG00000282726
IGHV3-53,ENSG00000282593
IGHG4,ENSG00000277016
GOLGA8A,ENSG00000291995
RNU5F-3P,ENSG00000200637
MIR3976,ENSG00000272380
GRP,ENSG00000134443
IGHV1-68,ENSG00000282055
IGHVIII-22-2,ENSG00000282687
RPL37P4,ENSG00000230198
IGHVII-40-1,ENSG00000282292
PPP4R4,ENSG00000278326
IGHV3-54,ENSG00000282383
NOP10,ENSG00000291996
IGHV3-16,ENSG00000282653
FGF7P2,ENSG00000185390
IGHV7-56,ENSG00000282504
IGHV3-13,ENSG00000282286
MEMO1P1,ENSG00000226054
ANKRD20A18P,ENSG00000249493
IGHV1-18,ENSG00000282716
ERLEC1P1,ENSG00000240755
IGHVIII-25-1,ENSG00000281926
RAX,ENSG00000134438
IGHVIII-2-1,ENSG00000282108
IGHVII-74-1,ENSG00000282186
IGHVII-15-1,ENSG00000282631
IGHVII-44-2,ENSG00000281956
IGHV3-19,ENSG00000281996
IGHVIII-11-1,ENSG00000281964
IGHVIII-5-1,ENSG00000282066
IGHVIII-13-1,ENSG00000282569
CPLX4,ENSG00000166569
IGHVIII-67-3,ENSG00000282161
IGHV3-30-2,ENSG00000282356
HOMER2P2,ENSG00000282601
IGHV3-64,ENSG00000274236
IGHV3-65,ENSG00000282821
IGHV3-35,ENSG00000282104
IGHVII-22-1,ENSG00000282127
ELK2AP,ENSG00000282360
IGHV3-15,ENSG00000282290
RPS26P54,ENSG00000224161
IGHV5-51,ENSG00000277574
GLUD1P4,ENSG00000267486
SIGLEC15,ENSG00000197046
IGHVII-46-1,ENSG00000282196
IGHV3-42,ENSG00000282180
IGHV3-6,ENSG00000281944
IGHV3-7,ENSG00000282211
IGHV2-26,ENSG00000282344
IGHV4-55,ENSG00000282616
IGHVII-67-1,ENSG00000282652
IGHV7-27,ENSG00000282267
IGHV3-41,ENSG00000282783
IGHVII-62-1,ENSG00000282099
MOAP1,ENSG00000278268
IGHVIII-5-2,ENSG00000282139
IGHV4-59,ENSG00000282691
KSR1P1,ENSG00000282764
IGKV1OR10-1,ENSG00000282178
PABPC1P8,ENSG00000282372
IGHV3-33-2,ENSG00000282526
IGHV2-70,ENSG00000282453
LYSET,ENSG00000275947
RN7SKP26,ENSG00000222179
IGHVIII-76-1,ENSG00000282473
IGHV3-43,ENSG00000282151
RNY4P37,ENSG00000252034
RNU6-1278P,ENSG00000251939
IGHV3-66,ENSG00000282045
SERPINA6,ENSG00000277405
ASXL3,ENSG00000141431
IGHVII-53-1,ENSG00000281923
IGHV3-22,ENSG00000282609
IGHV3-72,ENSG00000278042
IGHV3-48,ENSG00000282627
IGHV7-40,ENSG00000282194
MTCYBP21,ENSG00000224747
IGHV3-69-1,ENSG00000282421
MTND5P1,ENSG00000227999
FAM181A-AS1,ENSG00000281032
IGHV1-69D,ENSG00000282399
IGHV3-29,ENSG00000281983
HTR2A-AS1,ENSG00000224517
IGHV3-36,ENSG00000281986
IGHV1-58,ENSG00000282337
IGHV2-5,ENSG00000277318
LINC00348,ENSG00000226846
BTBD7,ENSG00000277222
IGHV3-47,ENSG00000282398
IGHVIII-44,ENSG00000282802
IGHV8-51-1,ENSG00000282294
IGHV3-57,ENSG00000282794
IGHV3-63,ENSG00000282560
LINC01666,ENSG00000279579
IGHVIII-26-1,ENSG00000282239
IGHVII-30-1,ENSG00000282136
IGHV3-60,ENSG00000282586
IGHV3-38,ENSG00000282425
IGHV3-73,ENSG00000273539
IGHV4-61,ENSG00000282451
IGHVII-51-2,ENSG00000282312
IGHV3-74,ENSG00000282305
IGHV3-25,ENSG00000282710
IGHVII-65-1,ENSG00000282018
IGHV3-75,ENSG00000276060
IGHV2-70D,ENSG00000282482
DIAPH3-AS2,ENSG00000223815
IGHVII-33-1,ENSG00000282552
IGHV3-37,ENSG00000281973
IGHVII-26-2,ENSG00000282452
IGHV3-62,ENSG00000282414
ATP5MC1P1,ENSG00000282751
IGHV1-67,ENSG00000282439
HOMER2P1,ENSG00000281971
IGHVIV-44-1,ENSG00000282553
IGHV1-69-2,ENSG00000275148
IGHV3-30,ENSG00000282777
IGHVIII-67-4,ENSG00000282808
IGHV4-4,ENSG00000282223
IGHG2,ENSG00000274497
IFI27L1,ENSG00000276880
SNTB2,ENSG00000260873
ELOA3DP,ENSG00000288616
IGHV3-71,ENSG00000282679
ELOA3BP,ENSG00000288607
IGHV1-69,ENSG00000282350
ELOA3P,ENSG00000288631
HMSD,ENSG00000221887
IGHV3-52,ENSG00000282188
IGHV3-49,ENSG00000275316
UTP4,ENSG00000262788
COPDA1,ENSG00000282430
IGHV3-76,ENSG00000281966
IGHVII-49-1,ENSG00000282465
IGHV1-46,ENSG00000282131
RPL12P39,ENSG00000237314
SLC20A1P1,ENSG00000282117
IGHVII-60-1,ENSG00000282082
IGHV5-78,ENSG00000276708
LINC01198,ENSG00000231817
IGHV3-23,ENSG00000281962
IGHVIII-67-2,ENSG00000282016
IGHV1-14,ENSG00000282796
SCARNA17,ENSG00000251992
IGHD,ENSG00000278801
RNA5SP457,ENSG00000200527
ADAD1P2,ENSG00000267511
IGHM,ENSG00000282657
MIR4320,ENSG00000283343
RN7SL310P,ENSG00000240663
IGHJ6,ENSG00000282797
IGHJ3P,ENSG00000282541
UNC79,ENSG00000276416
IGHJ5,ENSG00000282615
STK25P1,ENSG00000267570
EIF4A2P1,ENSG00000267336
IGHJ4,ENSG00000282065
IGHJ3,ENSG00000282471
RPL36AP49,ENSG00000243779
IGHJ2P,ENSG00000282778
IGHJ2,ENSG00000282342
IGHJ1,ENSG00000282409
ZNF519,ENSG00000175322
IGHD7-27,ENSG00000282455
DNAH10,ENSG00000281935
IGHJ1P,ENSG00000282672
IGHD1-26,ENSG00000282323
IGHD6-25,ENSG00000282724
IGHD5-24,ENSG00000282674
IGHD4-23,ENSG00000282640
IGHD3-22,ENSG00000282396
C21orf140,ENSG00000222018
IGHD2-21,ENSG00000281984
SMIM34,ENSG00000243627
IGHD1-20,ENSG00000282592
IGHD6-19,ENSG00000282487
IGHD5-18,ENSG00000282346
IGHD4-17,ENSG00000282274
IGHD3-16,ENSG00000282232
IGHD2-15,ENSG00000282818
IGHD1-14,ENSG00000282736
IGHD6-13,ENSG00000282042
FRG2LP,ENSG00000267704
IGHD5-12,ENSG00000282102
IGHD4-11,ENSG00000281940
IGHD3-10,ENSG00000282373
IGHD3-9,ENSG00000281939
IGHD2-8,ENSG00000282132
CLUL1,ENSG00000079101
IGHD1-7,ENSG00000282495
IGHD6-6,ENSG00000282010
IGHD5-5,ENSG00000282769
IGHD4-4,ENSG00000282227
IGHD3-3,ENSG00000282754
IGHD2-2,ENSG00000282578
FAM30A,ENSG00000277059
IGHD1-1,ENSG00000282714
LINC00380,ENSG00000234625
IGHV6-1,ENSG00000282745
CCDC92,ENSG00000275035
IGHVII-1-1,ENSG00000282197
ADAM6,ENSG00000290516
LINC00598,ENSG00000215483
IGHV1-2,ENSG00000282550
DNAH10OS,ENSG00000281954
SERPINB10,ENSG00000242550
RPL17P44,ENSG00000241088
ACTBP9,ENSG00000266920
SLC35G4,ENSG00000236396
MIR7153,ENSG00000283492
ASNSP6,ENSG00000267333
LINC02287,ENSG00000281811
CCDC197,ENSG00000280668
CHMP1B,ENSG00000255112
CHMP1B-AS1,ENSG00000267165
TSHZ1,ENSG00000179981
SERPINA10,ENSG00000278767
KRTAP6-3,ENSG00000212938
GOLGA6L10,ENSG00000274042
GAD3P,ENSG00000267382
ROCK1P1,ENSG00000263006
ADAMTS7P1,ENSG00000281976
NPIPB1P,ENSG00000257513
UBR7,ENSG00000278787
RNU6-346P,ENSG00000252097
ZNF236,ENSG00000130856
UBE2Q2P2,ENSG00000282084
EIF1P4,ENSG00000282845
ZG16B,ENSG00000283056
PRSS30P,ENSG00000292376
GOLGA6L9-AS1,ENSG00000282814
LINC02833,ENSG00000280805
GOLGA6L9,ENSG00000274320
ITPK1-AS1,ENSG00000280802
ASB2,ENSG00000278693
PRSS22,ENSG00000282937
PATL2,ENSG00000282077
SNX18P12,ENSG00000279718
TRIM69,ENSG00000278211
UBE2Q2P6,ENSG00000276228
CSPG4P10,ENSG00000282457
NALCN-AS1,ENSG00000233009
NCOR1P4,ENSG00000279864
MIR155HG,ENSG00000234883
ITPK1,ENSG00000274958
GOLGA2P10,ENSG00000282183
MIR155,ENSG00000283904
RNGTTP1,ENSG00000237731
RPL23AP12,ENSG00000228861
GOLGA6L17P,ENSG00000282209
BRWD1-AS1,ENSG00000238141
DNM1P38,ENSG00000282596
RPL26P35,ENSG00000244229
RPS17,ENSG00000278229
GET1,ENSG00000182093
ANKRD20A5P,ENSG00000186481
PCCA-DT,ENSG00000274605
PCCA-AS1,ENSG00000234650
RNU6-316P,ENSG00000212329
RHOT1P1,ENSG00000266145
B2M,ENSG00000273686
CYP4F35P,ENSG00000265787
TERF1P2,ENSG00000187589
FEM1AP2,ENSG00000265296
LINC00378,ENSG00000225249
TUBB8B,ENSG00000173213
CPEB1,ENSG00000277445
PTGR3,ENSG00000180011
RN7SL39P,ENSG00000241223
DLGAP1-AS3,ENSG00000263724
DOCK9-AS1,ENSG00000229918
MIR6718,ENSG00000275518
RNU6-831P,ENSG00000207278
GAPDHP66,ENSG00000250933
RPS28P1,ENSG00000285273
RNU7-116P,ENSG00000284769
ELOCP27,ENSG00000265545
SGPP1,ENSG00000285281
EIF2S2P1,ENSG00000284819
DLGAP1,ENSG00000170579
SORD2P,ENSG00000282195
RNASEH2B-AS1,ENSG00000233672
LINC00322,ENSG00000237864
PICSAR,ENSG00000275874
OTUB2,ENSG00000277276
RPL36AP4,ENSG00000281292
FAM181A,ENSG00000273533
LINC02343,ENSG00000271850
COX8C,ENSG00000277018
IFI27L2,ENSG00000276879
ITSN1,ENSG00000205726
CHGA,ENSG00000276781
DECR2,ENSG00000274296
STARD13-AS,ENSG00000236581
DDX24,ENSG00000273761
RAB11FIP3,ENSG00000275338
SUGT1-DT,ENSG00000273723
LINC00379,ENSG00000229557
LINC00393,ENSG00000224853
GON7,ENSG00000275619
RNU6-1258P,ENSG00000276881
SERPINA1,ENSG00000277377
LINC00235,ENSG00000282485
LINC00392,ENSG00000228295
CAPN15,ENSG00000282214
DCC,ENSG00000187323
SERPINA2,ENSG00000274821
LINC01077,ENSG00000233456
SWINGN,ENSG00000260910
ENOX1-AS2,ENSG00000238189
VN1R76P,ENSG00000273762
MIR4528,ENSG00000263872
RPL29P32,ENSG00000242945
SNRPGP2,ENSG00000264350
CUPIN1P,ENSG00000283613
LINC00370,ENSG00000223617
DYNAPP1,ENSG00000264564
RPL7AP67,ENSG00000239683
HNRNPA3P16,ENSG00000267233
ADRA1D,ENSG00000171873
RPL17P46,ENSG00000239689
LMO7DN,ENSG00000178734
SS18L2P2,ENSG00000266201
RSL24D1P9,ENSG00000265402
DEFB129,ENSG00000125903
RPS10P27,ENSG00000267752
KIAA0895LP1,ENSG00000264714
DYNLT3P1,ENSG00000232241
ADGRA3P1,ENSG00000256616
EEF1A1P34,ENSG00000233324
DEFB125,ENSG00000178591
CHORDC1P4,ENSG00000263606
SRSF10P2,ENSG00000215586
CBX3P2,ENSG00000266405
CXADRP3,ENSG00000265766
INSM1,ENSG00000173404
RPLP0P12,ENSG00000267669
ELOA3CP,ENSG00000275553
LIN28AP3,ENSG00000271397
RPL6P27,ENSG00000235552
DEFB128,ENSG00000185982
LINC00398,ENSG00000237879
LRRC37A7P,ENSG00000265158
ZNF271P,ENSG00000257267
ROCK1,ENSG00000067900
DEFB126,ENSG00000125788
LINC03086,ENSG00000226644
BTBD3,ENSG00000132640
MEGF11,ENSG00000277848
LINC01076,ENSG00000225105
DLGAP1-AS1,ENSG00000177337
LINC01053,ENSG00000238169
KBTBD6-DT,ENSG00000278390
DLGAP1-AS2,ENSG00000262001
RPL7P2,ENSG00000227663
EIF4E2P1,ENSG00000213384
PA2G4P2,ENSG00000235698
LINC00463,ENSG00000234056
ISM1,ENSG00000101230
RPL7AP13,ENSG00000235208
CENATACP1,ENSG00000271426
PGAM3P,ENSG00000237256
RPS11P1,ENSG00000235544
RN7SL401P,ENSG00000241866
DIS3L-AS1,ENSG00000277844
SMIM21,ENSG00000206026
GAPDHP2,ENSG00000236811
PCMTD1P7,ENSG00000282949
PDYN-AS1,ENSG00000233896
CFTRP2,ENSG00000282921
POM121L3P,ENSG00000167390
CST2,ENSG00000170369
METRNL,ENSG00000275031
CCND3P2,ENSG00000265836
ZNF516-DT,ENSG00000275763
CFTRP3,ENSG00000204555
DUX4L35,ENSG00000282911
SCRT2,ENSG00000215397
ARL2BPP1,ENSG00000265934
RNA5SP461,ENSG00000252260
DEFB127,ENSG00000088782
DUX4L32,ENSG00000283069
TBCD,ENSG00000278759
DUX4L33,ENSG00000282894
DEFB115,ENSG00000215547
LDLRAD4-AS2,ENSG00000266954
BNIP3P3,ENSG00000265631
CST2P1,ENSG00000232595
DUX4L37,ENSG00000283020
RNU6-721P,ENSG00000222087
RNU6ATAC20P,ENSG00000221363
LINC01734,ENSG00000230324
RNU6-702P,ENSG00000201852
RNU6-1032P,ENSG00000206827
NPM1P19,ENSG00000223864
UBE2CP2,ENSG00000265939
DHX35-DT,ENSG00000261431
MIR4741,ENSG00000284331
CDC27P3,ENSG00000283005
RN7SL745P,ENSG00000242182
RPL35AP,ENSG00000234075
ATG3P1,ENSG00000224357
FAM83D,ENSG00000101447
MIR8057,ENSG00000276221
CIAPIN1P,ENSG00000263846
ATP6V1E1P2,ENSG00000266549
SCGB1C2,ENSG00000277730
UBA52P9,ENSG00000244329
RBM22P1,ENSG00000265097
LINC00423,ENSG00000226968
PA2G4P3,ENSG00000263405
KCNB1,ENSG00000158445
LINC02091,ENSG00000282365
WBP11P1,ENSG00000293029
RPH3AL,ENSG00000262334
LINC01034,ENSG00000224933
CFAP61-AS1,ENSG00000243810
DUX4L34,ENSG00000282935
TP53RK-DT,ENSG00000271784
LINC01065,ENSG00000237092
MC3R,ENSG00000124089
DSCAS,ENSG00000265888
CBLN4,ENSG00000054803
LINC01538,ENSG00000266952
DKKL1P1,ENSG00000215546
LINC03082,ENSG00000275830
GAPDHP53,ENSG00000234069
B3GNTL1,ENSG00000277033
GOLGA6L22,ENSG00000274404
SLC25A52,ENSG00000141437
RBBP8NL,ENSG00000130701
HERC2P7,ENSG00000281828
RNU6-1050P,ENSG00000222320
SPATA31E3P,ENSG00000281846
PGDP1,ENSG00000265273
MPHOSPH10P9,ENSG00000280700
GOLGA8EP,ENSG00000278429
RNU5A-6P,ENSG00000206863
LINC00687,ENSG00000228422
RNA5SP452,ENSG00000199874
RNU6-435P,ENSG00000206766
MIR320C2,ENSG00000212051
HERC2P2,ENSG00000280787
RPL12P4,ENSG00000185834
CDH4-AS2,ENSG00000179253
CSTP2,ENSG00000277975
PMEPA1,ENSG00000124225
PARD6G-AS1,ENSG00000267270
GOLGA8IP,ENSG00000281356
LINC00462,ENSG00000233610
RPH3AL-AS1,ENSG00000263267
GPC5-AS2,ENSG00000232885
DOC2B,ENSG00000272670
PAN3-AS1,ENSG00000261485
RPH3AL-AS2,ENSG00000282634
LINC02887,ENSG00000282235
PHACTR3-AS1,ENSG00000238194
CDK5RAP3P1,ENSG00000224628
LINC01056,ENSG00000237119
LINC01429,ENSG00000227964
ANAPC13P1,ENSG00000271298
HIGD1AP16,ENSG00000219608
RPL17P1,ENSG00000229500
SALL4,ENSG00000101115
LINC01544,ENSG00000260440
SERPINF1,ENSG00000282307
LPIN2-AS2,ENSG00000266397
SCP2D1,ENSG00000132631
BHLHE23,ENSG00000125533
RPSAP1,ENSG00000228820
SCARF1,ENSG00000276336
CDH4,ENSG00000179242
LINC00354,ENSG00000226903
RPL29P35,ENSG00000215444
NKILA,ENSG00000278709
RPS2P1,ENSG00000225246
SS18L1,ENSG00000184402
TLCD2,ENSG00000275246
LINC00332,ENSG00000230710
WDR81,ENSG00000276021
SYCP2,ENSG00000196074
CLYBL-AS1,ENSG00000234303
LINC01415,ENSG00000267325
LINC02336,ENSG00000271395
LINC00456,ENSG00000233124
LINC01882,ENSG00000260302
SLC43A2,ENSG00000278550
LINC01038,ENSG00000229011
GLIS2,ENSG00000274636
TPT1-AS1,ENSG00000170919
VASN,ENSG00000274334
LINC02958,ENSG00000265752
CORO7-PAM16,ENSG00000278760
TTC39C-AS1,ENSG00000264745
LINC01443,ENSG00000266554
LINC01444,ENSG00000264301
LAMA5,ENSG00000130702
COSMOC,ENSG00000260552
GLIS2-AS1,ENSG00000282703
NMRAL1,ENSG00000274684
LINC-ROR,ENSG00000258609
RILP,ENSG00000274145
MIR22HG,ENSG00000282800
GTSCR1,ENSG00000263417
HMOX2,ENSG00000277424
LINC01047,ENSG00000232225
PRPF8,ENSG00000274442
LINC00364,ENSG00000230040
FRG2EP,ENSG00000282842
LINC01050,ENSG00000271216
AGGF1P10,ENSG00000282968
RPL7P3,ENSG00000226094
PIEZO1P1,ENSG00000233686
RN7SL740P,ENSG00000244294
LINC02970,ENSG00000273812
DIAPH3-AS1,ENSG00000227528
DSCR8,ENSG00000198054
COX7BP2,ENSG00000234274
LLPHP1,ENSG00000270793
MRPS11P1,ENSG00000225803
RN7SKP69,ENSG00000202260
RN7SL547P,ENSG00000240584
RN7SL607P,ENSG00000278525
RN7SKP111,ENSG00000222281
RNU6-1257P,ENSG00000207355
RN7SL690P,ENSG00000264879
LINC00563,ENSG00000261097
RNU1-23P,ENSG00000200231
RNA5SP528,ENSG00000275305
MIR4755,ENSG00000264616
RNU4-40P,ENSG00000201221
RNU6-937P,ENSG00000207053
RNU6-639P,ENSG00000206801
RNA5SP532,ENSG00000283433
RN7SL116P,ENSG00000240474
RN7SL680P,ENSG00000275337
DSCR10,ENSG00000233316
RNU6-347P,ENSG00000252467
RNU7-6P,ENSG00000252654
RNU6-497P,ENSG00000202186
RNA5SP487,ENSG00000222118
MIR3194,ENSG00000266761
RNU6-929P,ENSG00000207158
RNU4ATAC7P,ENSG00000252089
SPATA20P1,ENSG00000231123
RNU7-141P,ENSG00000238777
LINC01423,ENSG00000231231
MIR1-1,ENSG00000199017
MIR133A2,ENSG00000284508
MIR4758,ENSG00000284074
RNU6-563P,ENSG00000201742
LINC00421,ENSG00000236834
RBPJL,ENSG00000124232
MCM3AP-AS1,ENSG00000215424
LINC01048,ENSG00000230390
MIR133A1HG,ENSG00000265142
SYS1-DBNDD2,ENSG00000254806
LINC00428,ENSG00000229546
TP53TG5,ENSG00000124251
ABR-AS1,ENSG00000281590
TRARG1,ENSG00000280938
NXN,ENSG00000280563
NDUFB4P10,ENSG00000232880
LINC00331,ENSG00000225427
LINC01711,ENSG00000268941
YWHAE,ENSG00000274474
STX16-NPEPL1,ENSG00000254995
SERPINF2,ENSG00000276838
MIR296,ENSG00000284040
MIR298,ENSG00000216031
MIR6778,ENSG00000284492
FLII,ENSG00000284571
TUBB1,ENSG00000101162
PAXBP1-AS1,ENSG00000238197
MRPS16P2,ENSG00000232925
GDF5-AS1,ENSG00000204183
ABR,ENSG00000278741
PAM16,ENSG00000282228
MIR1289-1,ENSG00000221763
C20orf173,ENSG00000125975
LINC00391,ENSG00000238230
FTCD,ENSG00000160282
RPL36P4,ENSG00000224497
RPL37P1,ENSG00000227401
ENTREP2,ENSG00000273564
RN7SL105P,ENSG00000273968
RN7SKP271,ENSG00000222460
RNU6-759P,ENSG00000252549
FITM2,ENSG00000197296
RPL37AP1,ENSG00000226243
RN7SL156P,ENSG00000242509
RPS3AP3,ENSG00000231241
ACTR3BP7,ENSG00000226444
RPS27AP3,ENSG00000226144
RN7SL443P,ENSG00000241229
MPHOSPH10P7,ENSG00000282190
RNU6-743P,ENSG00000201021
EIF4EBP2P1,ENSG00000233711
ZNF73P,ENSG00000288262
RNU6-1251P,ENSG00000201372
BNIP3P2,ENSG00000236097
APBA2,ENSG00000276495
ZNF72BP,ENSG00000184624
LINC00907,ENSG00000267586
RPL27AP,ENSG00000215467
GTSF1L,ENSG00000124196
RPS10P30,ENSG00000214526
OSM,ENSG00000099985
DNAJA3,ENSG00000276726
OTOR,ENSG00000125879
ZNRF3-IT1,ENSG00000235786
LINC00343,ENSG00000226620
R3HDML,ENSG00000101074
NCF4,ENSG00000100365
MIR124-3,ENSG00000207598
BIRC7,ENSG00000101197
SEPTIN9-DT,ENSG00000282649
SEPTIN9,ENSG00000282302
MIR3196,ENSG00000266463
NKAIN4,ENSG00000101198
LINC00470,ENSG00000132204
CDIP1,ENSG00000274336
PWP2,ENSG00000241945
ABCB10P3,ENSG00000282479
FLJ16779,ENSG00000275620
MIR4326,ENSG00000266104
RNU6-994P,ENSG00000222439
CHRNA4,ENSG00000101204
ACO2P1,ENSG00000235485
CACNA1I,ENSG00000100346
HERC2P1,ENSG00000282567
OCA2,ENSG00000277361
HIGD1AP15,ENSG00000237005
RPL23AP6,ENSG00000214835
SDAD1P2,ENSG00000230750
MKKS,ENSG00000125863
COL6A1,ENSG00000142156
CORO7,ENSG00000282725
RPL5P32,ENSG00000282545
TIMM22,ENSG00000277649
RNU1-94P,ENSG00000199497
MIEF2,ENSG00000284495
GOLGA8M,ENSG00000278186
XKR7,ENSG00000260903
KC6,ENSG00000267313
NSMCE3,ENSG00000282130
RPL41P2,ENSG00000282105
CHRFAM7A,ENSG00000275917
RNA5SP481,ENSG00000252623
RNA5SP482,ENSG00000212571
RSL24D1P6,ENSG00000224452
KRT12,ENSG00000263243
PLAGL2,ENSG00000126003
MIR1825,ENSG00000284125
KRT20,ENSG00000263057
LINC01079,ENSG00000229609
BAK1P1,ENSG00000175730
LINC00543,ENSG00000260704
KRT23,ENSG00000263309
ARHGAP11B,ENSG00000274734
RNA5SP483,ENSG00000200301
MT1P3,ENSG00000229230
FAM83C,ENSG00000125998
ARHGAP11A,ENSG00000275568
TOP3A,ENSG00000284238
TGIF2-RAB5IF,ENSG00000259399
LINC00358,ENSG00000229578
HNRNPA3P2,ENSG00000227688
OXT,ENSG00000101405
MIR4500HG,ENSG00000228824
ICOSLG,ENSG00000160223
AVP,ENSG00000101200
LINC01254,ENSG00000260913
RN7SL555P,ENSG00000263905
RNU6-1019P,ENSG00000201294
UBE2V1P1,ENSG00000226632
HM13-IT1,ENSG00000235313
RNU6-384P,ENSG00000201770
LINC02856,ENSG00000285594
MIR3193,ENSG00000264395
ABALON,ENSG00000281376
ATP5MFP7,ENSG00000230801
KRT39,ENSG00000262164
FOXS1,ENSG00000179772
TRPM1,ENSG00000274965
RPL24P2,ENSG00000235065
RNA5SP477,ENSG00000199509
RPS15AP1,ENSG00000214535
ZNF877P,ENSG00000226875
RNU6-192P,ENSG00000212555
OVOL2,ENSG00000125850
KRT40,ENSG00000262845
HLCS,ENSG00000159267
SNORD17,ENSG00000212232
PTMAP3,ENSG00000218902
RPL15P1,ENSG00000227343
RNU7-137P,ENSG00000252597
GGCTP2,ENSG00000232943
RN7SL14P,ENSG00000266720
RNU2-56P,ENSG00000252635
RN7SKP74,ENSG00000199719
PET117,ENSG00000232838
ACTG1P3,ENSG00000215388
KRTAP3-3,ENSG00000263101
KRTAP3-2,ENSG00000263296
CLDN14,ENSG00000159261
KRTAP3-4P,ENSG00000262616
KRTAP3-1,ENSG00000262068
MIR6869,ENSG00000284436
RNU6-917P,ENSG00000252103
LINC00458,ENSG00000234787
KRTAP1-5,ENSG00000261862
SIRPD,ENSG00000125900
KRTAP1-4,ENSG00000263242
KRTAP1-3,ENSG00000262347
KRTAP1-1,ENSG00000262808
KRTAP2-1,ENSG00000261852
TVP23BP3,ENSG00000271523
KRTAP2-3,ENSG00000262862
SNX21,ENSG00000124104
KRTAP2-4,ENSG00000263091
LIF-AS2,ENSG00000268812
KRTAP2-5P,ENSG00000262376
ENTHD1,ENSG00000176177
KRTAP4-8,ENSG00000261968
RPL7AP65,ENSG00000284212
LINC00445,ENSG00000236036
KRTAP4-16,ENSG00000262520
RPL21P121,ENSG00000283753
KRTAP4-9,ENSG00000262121
ABCG1,ENSG00000160179
KRTAP4-11,ENSG00000263229
SMCR8,ENSG00000283741
KRTAP4-12,ENSG00000263236
LIF,ENSG00000128342
LINC00376,ENSG00000227564
SHMT1,ENSG00000284320
TYMSOS,ENSG00000176912
MRPS18CP6,ENSG00000228807
LINC00365,ENSG00000224511
EVPLL,ENSG00000284166
COX5BP7,ENSG00000226024
TRIOBP,ENSG00000100106
FTLP1,ENSG00000235525
TCEAL9P1,ENSG00000225116
C20orf144,ENSG00000149609
TBC1D3P4,ENSG00000284576
LINC02334,ENSG00000274317
RPL31P2,ENSG00000230837
RN7SL666P,ENSG00000240639
PPIAP21,ENSG00000226038
UBE2D3P1,ENSG00000225022
PROKR2,ENSG00000101292
LINC02076,ENSG00000284456
RNA5-8SP7,ENSG00000200313
BANF2,ENSG00000125888
LINC01541,ENSG00000260676
YWHAEP2,ENSG00000283850
KRT17P5,ENSG00000284350
TJP1,ENSG00000277401
LINC00571,ENSG00000223685
RNU2-52P,ENSG00000222612
TOP1,ENSG00000198900
DSEL-AS1,ENSG00000265533
KRT17P2,ENSG00000284257
CPB2-AS1,ENSG00000235903
LINC01925,ENSG00000264265
LINC01915,ENSG00000265485
KRT16P1,ENSG00000284527
LINC00566,ENSG00000261498
LINC00412,ENSG00000234772
TNPO1P2,ENSG00000283924
LGALS9C,ENSG00000284021
MIR6871,ENSG00000276169
RPL23AP81,ENSG00000242748
RN7SL615P,ENSG00000263989
RPL7AP12,ENSG00000228210
PRND,ENSG00000171864
USP12-AS1,ENSG00000232162
PRNT,ENSG00000180259
NDFIP2-AS1,ENSG00000232132
IDI1P3,ENSG00000231071
RPF2P1,ENSG00000225357
SLC24A3-AS1,ENSG00000179447
MTFR2P2,ENSG00000235647
GTSE1-DT,ENSG00000277232
GOLGA8J,ENSG00000278119
RTL6,ENSG00000188636
MAFB,ENSG00000204103
MIR3976HG,ENSG00000261738
RNA5SP484,ENSG00000238908
ADI1P1,ENSG00000235102
RPL35AP36,ENSG00000224856
GREM1,ENSG00000276886
RPL12P11,ENSG00000232493
CHRNA7,ENSG00000274542
RNU6-1018P,ENSG00000252386
PKDREJ,ENSG00000130943
SLPI,ENSG00000124107
LINC02556,ENSG00000236611
FUNDC2P4,ENSG00000227009
SKP1P4,ENSG00000236079
RBM26-AS1,ENSG00000227354
RPL5P2,ENSG00000237068
SPINT3,ENSG00000101446
YES1P1,ENSG00000224003
EPPIN-WFDC6,ENSG00000249139
FAN1,ENSG00000276787
KRTAP17-1,ENSG00000292024
SHISAL1,ENSG00000138944
TBC1D3P7,ENSG00000292025
SIK1,ENSG00000142178
KRT33A,ENSG00000292027
KRT33B,ENSG00000292028
KRT31,ENSG00000292029
SCUBE1-AS1,ENSG00000203527
LINC01068,ENSG00000227676
KRT41P,ENSG00000292031
HSPD1P21,ENSG00000229900
KRT37,ENSG00000292032
EPPIN,ENSG00000101448
KRT34,ENSG00000292033
SCG5,ENSG00000277614
TPTE2-AS1,ENSG00000225316
RNA5SP494,ENSG00000222585
KRTAP4-5,ENSG00000292040
RNU6-1066P,ENSG00000200443
KRTAP4-4,ENSG00000292041
RN7SKP169,ENSG00000223056
SNORD42,ENSG00000201209
KRTAP16-1,ENSG00000292043
KRTAP4-2,ENSG00000292044
MIR5739,ENSG00000276162
KRTAP4-17P,ENSG00000292045
SNORD83A,ENSG00000209482
KRTAP9-12P,ENSG00000292046
MIR6821,ENSG00000276753
KRTAP9-3,ENSG00000292047
SNORD83B,ENSG00000209480
SNORD43,ENSG00000263764
KRTAP9-8,ENSG00000292048
MTMR10,ENSG00000277086
MIR4535,ENSG00000266887
LINC00550,ENSG00000281778
MIR3201,ENSG00000266508
KRTAP9-4,ENSG00000292049
RNA5SP485,ENSG00000201923
RN7SKP214,ENSG00000201078
KRTAP29-1,ENSG00000292050
HNRNPA1P3,ENSG00000226188
KRTAP4-6,ENSG00000292051
IGLCOR22-1,ENSG00000254127
KRTAP4-7,ENSG00000292053
WFDC3,ENSG00000124116
SLC5A4-AS1,ENSG00000242082
KRTAP2-2,ENSG00000292054
KLF13,ENSG00000275746
NOS2P2,ENSG00000284312
LINC02342,ENSG00000280580
KRT16P4,ENSG00000284285
CPSF1P1,ENSG00000214076
RUNX1,ENSG00000159216
RFPL3,ENSG00000128276
WHAMMP2,ENSG00000282540
PDCD6IPP2,ENSG00000282655
IGLCOR22-2,ENSG00000271093
IGLVIVOR22-2,ENSG00000243519
HERC2P9,ENSG00000282417
RGL4P1,ENSG00000232218
RN7SL305P,ENSG00000240647
RPS3AP55,ENSG00000230203
MIR548J,ENSG00000221760
CRYBA4,ENSG00000196431
RNU6ATAC38P,ENSG00000221046
RPL39P41,ENSG00000226233
TNNC2,ENSG00000101470
RPS10P29,ENSG00000215464
SPECC1L-ADORA2A,ENSG00000258555
LINC00433,ENSG00000229443
LRRC3,ENSG00000160233
SNAP23P1,ENSG00000230758
ARPC3P1,ENSG00000226284
C2CD2,ENSG00000157617
SLCO4A1-AS2,ENSG00000277496
NTSR1,ENSG00000101188
STK24-AS1,ENSG00000224418
NTSR1-AS1,ENSG00000223669
DPH3P1,ENSG00000233838
ARF4P2,ENSG00000236527
MED4-AS1,ENSG00000229111
MIR103A2,ENSG00000199024
ARL5AP4,ENSG00000224806
MIR103B2,ENSG00000283320
ACTR2P1,ENSG00000224334
HMGB3P2,ENSG00000231470
DEFB132,ENSG00000186458
CRIP1P4,ENSG00000182351
LINC01899,ENSG00000265352
ZCCHC3,ENSG00000247315
SUCLA2-AS1,ENSG00000227848
FAM210B,ENSG00000124098
MYO18B,ENSG00000133454
LMO7-AS1,ENSG00000261105
RPL39P,ENSG00000228601
FAM209A,ENSG00000124103
LINC01905,ENSG00000267057
SKA1,ENSG00000262634
FAM209B,ENSG00000213714
ZNFX1,ENSG00000124201
MAPK4,ENSG00000282110
DLEU1,ENSG00000176124
TFF3,ENSG00000160180
IL10RB,ENSG00000243646
SNORD12C,ENSG00000209042
SNORD12B,ENSG00000222365
SNORD12,ENSG00000212304
TMSB4XP6,ENSG00000230043
PSMD10P1,ENSG00000228663
MOCS3,ENSG00000124217
RPL12P12,ENSG00000236992
FTLP3,ENSG00000226608
RPL21P2,ENSG00000215063
HCK,ENSG00000101336
LINC01539,ENSG00000267712
TCP10L,ENSG00000242220
PCOTH,ENSG00000205861
RBM11,ENSG00000185272
TUSC8,ENSG00000237361
TRPM2,ENSG00000142185
NRAD1,ENSG00000233725
LINC01416,ENSG00000260930
DSEL,ENSG00000262102
SYNGR2P1,ENSG00000282193
LINC00390,ENSG00000226519
RN7SL673P,ENSG00000282654
DNM1P28,ENSG00000282324
RPL7P52,ENSG00000228599
GOLGA8T,ENSG00000284076
ARHGAP28-AS1,ENSG00000266441
RN7SL469P,ENSG00000282328
DNM1P30,ENSG00000282400
COX6B1P3,ENSG00000172912
MIR8079,ENSG00000276319
RPL4P6,ENSG00000230071
LINC02938,ENSG00000230731
RNU6-17P,ENSG00000282009
MIR3200,ENSG00000264661
EIF4HP2,ENSG00000237977
SUGT1P3,ENSG00000239827
RGS17P1,ENSG00000229473
PPP1R26P4,ENSG00000278008
SOX12,ENSG00000177732
PCDH9,ENSG00000184226
E2F6P1,ENSG00000234764
CST1,ENSG00000170373
ARHGAP11B-DT,ENSG00000282554
RN7SL628P,ENSG00000282275
CELSR1P1,ENSG00000237517
DNM1P50,ENSG00000282701
NEURL2,ENSG00000124257
GOLGA8Q,ENSG00000282773
DGCR11,ENSG00000273311
DLGAP1-AS4,ENSG00000263878
RPL28P6,ENSG00000237347
WFDC13,ENSG00000168634
MIR3617,ENSG00000266071
SPINT4,ENSG00000149651
APOBEC3B,ENSG00000179750
RPL13P2,ENSG00000213820
RPSAP53,ENSG00000214263
PCDH9-AS1,ENSG00000234527
RNU7-87P,ENSG00000238500
PCDH9-AS2,ENSG00000228842
RPL19P1,ENSG00000226217
RN7SL796P,ENSG00000282547
PCDH9-AS3,ENSG00000225263
C20orf141,ENSG00000258713
MPHOSPH10P2,ENSG00000282109
GOLGA8N,ENSG00000283589
TMEM239,ENSG00000198326
TCF15,ENSG00000125878
RN7SL286P,ENSG00000282629
SPATA25,ENSG00000149634
SRMS,ENSG00000125508
LINC02337,ENSG00000215881
ZNF831,ENSG00000124203
LINC01917,ENSG00000260433
ATP9B,ENSG00000274273
SALL3,ENSG00000263310
DNAJA1P6,ENSG00000228045
CBFA2T2,ENSG00000078699
MIR3198-1,ENSG00000264757
LINC01919,ENSG00000263438
LINC01896,ENSG00000262280
MICAL3,ENSG00000243156
SPPL2C,ENSG00000277106
RPS7P11,ENSG00000282052
KANSL1-AS1,ENSG00000282799
MAPK8IP1P2,ENSG00000282351
NSFP1,ENSG00000282733
CEP192-DT,ENSG00000266969
WNT3,ENSG00000277641
ZNF24TR,ENSG00000267583
DND1P1,ENSG00000282614
SCG5-AS1,ENSG00000282081
ARHGAP27,ENSG00000276907
GREM1-AS1,ENSG00000282555
ULK4P3,ENSG00000282509
ULK4P2,ENSG00000282689
LINC00668,ENSG00000265933
CTDP1-DT,ENSG00000282606
CTDP1,ENSG00000282752
ACTL10,ENSG00000288649
TPM3P2,ENSG00000214200
SMIM2-AS1,ENSG00000227258
PIGPP3,ENSG00000228958
RNU7-173P,ENSG00000238950
SRMP1,ENSG00000215448
RNA5SP486,ENSG00000251770
RNU7-92P,ENSG00000238785
PEDS1-UBE2V1,ENSG00000124208
HSPA13,ENSG00000155304
RN7SL636P,ENSG00000244376
COX6CP2,ENSG00000231715
RN7SL672P,ENSG00000239742
MIR645,ENSG00000208018
MIR1302-5,ENSG00000221091
RPL36P2,ENSG00000231302
RNA5SP479,ENSG00000201728
MAPT-IT1,ENSG00000282620
CSTL1,ENSG00000125823
LINC01052,ENSG00000234767
SLC25A6P1,ENSG00000233015
WNT9B,ENSG00000276799
RPL41P1,ENSG00000227063
PARAL1,ENSG00000243961
OCSTAMP,ENSG00000149635
LINC03032,ENSG00000279965
SLC13A3,ENSG00000158296
MAPT-AS1,ENSG00000282067
LINC01478,ENSG00000267337
LINC02210-CRHR1,ENSG00000282456
MAPK8IP1P1,ENSG00000282723
NSF,ENSG00000276262
PRDX3P3,ENSG00000234701
LINC00437,ENSG00000236354
BCRP9,ENSG00000271287
PWWP2AP1,ENSG00000226683
OR7E33P,ENSG00000226537
RPL7AP73,ENSG00000237952
NUS1P2,ENSG00000234685
OR7E36P,ENSG00000205240
OR7E155P,ENSG00000234655
PLEKHM1,ENSG00000276358
PPIAP28,ENSG00000226633
SLC25A15P3,ENSG00000251299
GAPDHP52,ENSG00000235076
LINC01929,ENSG00000267013
MIR648,ENSG00000207780
RHEBP3,ENSG00000237446
UBE2G2,ENSG00000184787
ARL2BPP10,ENSG00000225225
GCNT7,ENSG00000124091
CRHR1,ENSG00000276191
SLC12A5,ENSG00000124140
KRTAP9-2,ENSG00000262573
MIR4764,ENSG00000266012
SNORA50B,ENSG00000253007
LARGE-IT1,ENSG00000232081
KRTAP9-9,ENSG00000262594
KRTAP9-6,ENSG00000263263
FAM136EP,ENSG00000230634
PPP1R2P10,ENSG00000213232
KRTAP9-11P,ENSG00000262946
KRTAP9-7,ENSG00000262221
KRTAP9-10P,ENSG00000263115
GAPDHP22,ENSG00000234005
CELSR1,ENSG00000075275
UBAC2-AS1,ENSG00000228889
PPIAP26,ENSG00000150276
TRAPPC10,ENSG00000160218
LINC01900,ENSG00000265758
GATA6-AS1,ENSG00000266010
KIR3DL3,ENSG00000284086
PSPC1P1,ENSG00000227879
PPIAP25,ENSG00000229303
MYL6P5,ENSG00000275193
SLC25A30-AS1,ENSG00000251015
PARVB,ENSG00000188677
ATP5MC1P5,ENSG00000227590
ARGLU1-DT,ENSG00000272274
MTND6P12,ENSG00000235039
HADHBP1,ENSG00000238193
PRKX-AS1,ENSG00000236188
DRAXINP1,ENSG00000225574
VCX2,ENSG00000177504
KIR2DL3,ENSG00000283702
ANAPC15P1,ENSG00000231619
GS1-600G8.3,ENSG00000231216
KIR2DP1,ENSG00000283832
KIR3DL2,ENSG00000288389
ANKRD26P3,ENSG00000237636
NOLC1P1,ENSG00000225271
RNU6-222P,ENSG00000284451
RPS5P8,ENSG00000237730
LILRP2,ENSG00000283800
MTCYBP12,ENSG00000226313
RPS27AP20,ENSG00000182888
RPL6P30,ENSG00000215313
AMELX,ENSG00000125363
SNHG22,ENSG00000267322
KAT14,ENSG00000149474
LINC01909,ENSG00000266258
SLC39A11,ENSG00000282291
RARRES2P3,ENSG00000231913
FAM9CP1,ENSG00000275194
RPL24P9,ENSG00000225722
FAM9B,ENSG00000177138
LIVAR,ENSG00000266304
LINC00384,ENSG00000232117
ARL17B,ENSG00000276276
YME1L1P1,ENSG00000236831
ARHGAP42P3,ENSG00000235759
CDH2-AS1,ENSG00000227279
USP10P3,ENSG00000215268
LINC00385,ENSG00000232643
SSBP3P3,ENSG00000213727
RNU6-64P,ENSG00000252928
PRDX2P1,ENSG00000215049
LINC00427,ENSG00000236463
RN7SKP221,ENSG00000222352
LINC02582,ENSG00000261780
RNU6-495P,ENSG00000199865
LINC00426,ENSG00000238121
SNU13,ENSG00000100138
HIKESHIP1,ENSG00000226774
GOT2P7,ENSG00000232392
FAM9A,ENSG00000183304
TGM3,ENSG00000125780
TGM6,ENSG00000166948
GRPR,ENSG00000126010
RNU6-476P,ENSG00000207457
HMGN2P10,ENSG00000231261
TMSB10P2,ENSG00000235211
RNU6ATAC22P,ENSG00000252603
MAPT,ENSG00000277956
RN7SL162P,ENSG00000266503
RPL8P5,ENSG00000232926
BEND2,ENSG00000177324
MIR4761,ENSG00000284031
MIR185,ENSG00000208023
LINC01058,ENSG00000225039
UBE2L5,ENSG00000236444
MIR3618,ENSG00000284140
MIR1306,ENSG00000284464
SNORA71E,ENSG00000274309
MIR6816,ENSG00000278278
RPL35AP37,ENSG00000236929
SNORA77B,ENSG00000264346
SNORA60,ENSG00000199266
UBE2E4P,ENSG00000233247
MIR548O2,ENSG00000275453
CCDC188,ENSG00000234409
RPS3P2,ENSG00000231307
TMEM272,ENSG00000281106
MDM4P1,ENSG00000225066
BRK1P1,ENSG00000219870
SRSF2P1,ENSG00000236072
SLC32A1,ENSG00000101438
KLHL34,ENSG00000185915
RN7SKP173,ENSG00000199691
KRT18P62,ENSG00000233471
RN7SL168P,ENSG00000244296
FGF14-AS1,ENSG00000234445
CNBD2,ENSG00000149646
FGF14-AS2,ENSG00000272143
LINC00555,ENSG00000261057
LINC01908,ENSG00000265374
RPL7AP70,ENSG00000235776
RTN4R,ENSG00000040608
KCNJ6,ENSG00000157542
METTL21EP,ENSG00000250878
MIR1286,ENSG00000221039
PRODHLP,ENSG00000161132
CNKSR2,ENSG00000149970
RRP1,ENSG00000160214
TXNRD2,ENSG00000184470
MIR1257,ENSG00000284193
RPL17P48,ENSG00000235018
ZNF516-AS1,ENSG00000265778
MIR3195,ENSG00000265306
TAF4,ENSG00000130699
LINC01901,ENSG00000267413
LINC01902,ENSG00000283503
C20orf202,ENSG00000215595
MIR17HG,ENSG00000215417
WFDC8,ENSG00000158901
MIR17,ENSG00000284536
RBBP8-AS1,ENSG00000266850
CCNB1IP1P2,ENSG00000230860
MIR18A,ENSG00000283815
MIR19A,ENSG00000284204
MIR20A,ENSG00000283762
MIR19B1,ENSG00000284375
ADIG,ENSG00000182035
MIR92A1,ENSG00000283705
RNU6-60P,ENSG00000201662
RAD17P2,ENSG00000223724
RNY3P2,ENSG00000199788
MIR4756,ENSG00000265595
FASTKD5,ENSG00000215251
TP53RK,ENSG00000172315
COX7CP1,ENSG00000235957
OGFOD1P1,ENSG00000231665
MLNR,ENSG00000102539
MIR499A,ENSG00000207635
MIR499B,ENSG00000283441
RNU6-407P,ENSG00000202150
HMGB1P1,ENSG00000124097
TEX26-AS1,ENSG00000224743
HSPD1P19,ENSG00000270411
CIMIP1,ENSG00000124237
ANKRD60,ENSG00000124227
MIR6812,ENSG00000273555
SUN5,ENSG00000167098
RPS26P8,ENSG00000282238
KANSL1,ENSG00000278458
LINC01066,ENSG00000230403
PUDPP3,ENSG00000214245
BPIFB4,ENSG00000186191
WDR95P,ENSG00000231894
RAB27B-AS1,ENSG00000267112
ST13P4,ENSG00000310585
BPIFA2,ENSG00000131050
ATP5PO,ENSG00000241837
LRRC37A2,ENSG00000277221
KIR2DL1,ENSG00000284145
SOCS2P1,ENSG00000237662
BPIFA3,ENSG00000131059
MAP3K14,ENSG00000282637
LINC02210,ENSG00000290467
LINC00362,ENSG00000229483
SACS-AS1,ENSG00000229558
RPL12P3,ENSG00000233106
BPIFB5P,ENSG00000233146
BPIFB3,ENSG00000186190
KIR3DP1,ENSG00000284102
LRRC37A4P,ENSG00000282331
KIR2DL4,ENSG00000283869
FGF14,ENSG00000102466
PPIAP2,ENSG00000227379
XPOTP1,ENSG00000214185
DENRP1,ENSG00000236456
AHCY,ENSG00000101444
KLF5,ENSG00000102554
LINC01912,ENSG00000264699
KDSR-DT,ENSG00000267390
CDC42P1,ENSG00000234933
ITCH-AS1,ENSG00000236388
ITCH-IT1,ENSG00000231795
MIR644A,ENSG00000207997
FDX1P1,ENSG00000181741
ST8SIA5-DT,ENSG00000270112
RUBCNL,ENSG00000102445
GINS1,ENSG00000101003
MIR924HG,ENSG00000267374
DYRK1A,ENSG00000157540
KRT18P3,ENSG00000215553
GCNT1P1,ENSG00000236474
RNA5SP476,ENSG00000252422
MIR3192,ENSG00000265137
RPL21P3,ENSG00000225419
RPS19P1,ENSG00000214612
SMIM26,ENSG00000232388
RN7SL638P,ENSG00000243702
RNU6ATAC34P,ENSG00000221806
DUXAP7,ENSG00000232136
RTEL1-TNFRSF6B,ENSG00000026036
KIR3DL1,ENSG00000283731
PANX2,ENSG00000073150
SLC15A1,ENSG00000088386
MIR33A,ENSG00000207932
MIR378I,ENSG00000283829
SNORD13P1,ENSG00000238498
RNU7-167P,ENSG00000238584
MIR3909,ENSG00000266320
MIR6069,ENSG00000274280
HMOX1,ENSG00000100292
MIR4325,ENSG00000266666
RPL39P39,ENSG00000231005
SPO11,ENSG00000054796
CACNG2,ENSG00000166862
LINC00908,ENSG00000266256
SLC5A4,ENSG00000100191
APOBEC3H,ENSG00000100298
KIR2DS4,ENSG00000283779
MTND1P9,ENSG00000228995
RBM38,ENSG00000132819
DEFB121,ENSG00000204548
DEFB123,ENSG00000180424
DEFB124,ENSG00000180383
NOL4L,ENSG00000197183
CIMIP4,ENSG00000185264
LINC01927,ENSG00000266312
LINC01283,ENSG00000234191
METTL1P1,ENSG00000176812
SC4MOP,ENSG00000224339
PLLPP1,ENSG00000237782
RNU6-900P,ENSG00000207227
RPS15AP40,ENSG00000233921
HMGB1P16,ENSG00000229384
MIR6820,ENSG00000284289
GAPDHP65,ENSG00000235587
MIR4534,ENSG00000284266
PGAM1P7,ENSG00000213997
RBM39P1,ENSG00000214019
KCNS1,ENSG00000124134
GAPDHP1,ENSG00000228232
CCDC116,ENSG00000161180
S100G,ENSG00000169906
MKI67P1,ENSG00000270499
H2AP,ENSG00000187516
MIR301B,ENSG00000212102
MIR130B,ENSG00000283871
MOB1AP2,ENSG00000233810
SIAH1P1,ENSG00000230227
MAGEB17,ENSG00000182798
WFDC12,ENSG00000168703
RPP40P1,ENSG00000229310
SEMG2,ENSG00000124157
FAM47B,ENSG00000189132
CTNNBL1P1,ENSG00000231235
YBX1P8,ENSG00000226048
DEFB116,ENSG00000215545
PPIL2,ENSG00000100023
PYY3,ENSG00000181977
RPL31P3,ENSG00000237929
NANOGP10,ENSG00000231750
HAUS6P2,ENSG00000236121
NFYCP1,ENSG00000233880
RNA5SP480,ENSG00000252649
CHTF8P1,ENSG00000233543
DEFB117,ENSG00000212717
CCNYL5,ENSG00000230039
DEFB118,ENSG00000131068
CHMP5P1,ENSG00000215284
MAGEB10,ENSG00000177689
DEFB119,ENSG00000180483
DLGAP1-AS6,ENSG00000266401
ITIH6,ENSG00000102313
PAX1,ENSG00000125813
KANK1P1,ENSG00000215589
MTMR8,ENSG00000102043
DSG1-AS1,ENSG00000266729
MTCO1P59,ENSG00000231961
RN7SL498P,ENSG00000263755
TARDBPP1,ENSG00000233402
RNU1-55P,ENSG00000202380
SYNCRIPP1,ENSG00000234241
FGFR3P3,ENSG00000276915
SF3A3P1,ENSG00000230568
LINC01433,ENSG00000230176
MIR3646,ENSG00000266151
DSG2-AS1,ENSG00000264859
WFDC5,ENSG00000175121
ZFRP1,ENSG00000234570
EBF4,ENSG00000088881
LINC00667,ENSG00000263753
CDKL5,ENSG00000008086
TTLL9,ENSG00000131044
U2AF1,ENSG00000160201
F10,ENSG00000126218
NPBWR2,ENSG00000125522
IL9RP5,ENSG00000278171
CICP4,ENSG00000232852
YPEL1,ENSG00000100027
IQSEC3P3,ENSG00000274727
CYB5AP4,ENSG00000213882
LINC01893,ENSG00000264260
SSTR4,ENSG00000132671
THBD,ENSG00000178726
RNA5SP478,ENSG00000201527
MIR6813,ENSG00000274034
EMILIN3,ENSG00000183798
RPS18P1,ENSG00000225831
EIF4EP1,ENSG00000233578
C20orf181,ENSG00000279610
RN7SL280P,ENSG00000244671
ABHD16B,ENSG00000183260
RNU6-225P,ENSG00000207343
RNU1-134P,ENSG00000199805
MIR941-1,ENSG00000283206
MIR941-2,ENSG00000216141
MIR941-3,ENSG00000283513
MIR941-4,ENSG00000216195
MIR941-5,ENSG00000275842
KLHL12P1,ENSG00000215493
MIR1914,ENSG00000284433
MIR647,ENSG00000207554
UCKL1-AS1,ENSG00000280213
RNY1P9,ENSG00000255156
SAMD10,ENSG00000130590
RN7SL812P,ENSG00000242876
KRT18P5,ENSG00000236670
GSTT3P,ENSG00000224205
RNU6-810P,ENSG00000200871
RNU6-1219P,ENSG00000251952
LDLRAD4-AS1,ENSG00000267690
PPIAP17,ENSG00000225622
SNORD125,ENSG00000239127
NEFH,ENSG00000100285
RPLP0P1,ENSG00000226229
GPR183,ENSG00000169508
RPEP4,ENSG00000233010
LINC01029,ENSG00000265843
FLT3,ENSG00000122025
THOC1-DT,ENSG00000263884
CFAP47,ENSG00000165164
TWSG1-DT,ENSG00000264964
SEC14L2,ENSG00000100003
MACROD2,ENSG00000172264
SSBL2P,ENSG00000236852
FAM236B,ENSG00000268994
TSC22D1,ENSG00000102804
YY2,ENSG00000230797
ETF1P3,ENSG00000233833
YWHAZP7,ENSG00000227261
AKAP4,ENSG00000147081
AIMP1P1,ENSG00000234187
RN7SL864P,ENSG00000239923
RNU6-228P,ENSG00000199570
RNF11P2,ENSG00000227563
MACROD2-IT1,ENSG00000227927
RPS10P2,ENSG00000213950
RNU6-1159P,ENSG00000199803
RNU6-115P,ENSG00000201180
RNA5SP475,ENSG00000222500
ENSAP1,ENSG00000224274
OXGR1,ENSG00000165621
YWHAZP8,ENSG00000225664
KPNA4P1,ENSG00000213754
PIGP,ENSG00000185808
RPL19P20,ENSG00000229168
JADE3,ENSG00000102221
L3MBTL1,ENSG00000185513
STOML3,ENSG00000133115
GPR12,ENSG00000132975
LINC01255,ENSG00000267252
GGACT,ENSG00000134864
RNU6-564P,ENSG00000222915
SLC39A1P1,ENSG00000230137
FOXR2,ENSG00000189299
SDC4P,ENSG00000214161
SIRPAP1,ENSG00000225774
PES1-AS1,ENSG00000223831
HNRNPDP1,ENSG00000232794
RBMXP5,ENSG00000217835
PHKA1-AS1,ENSG00000231944
MAGEH1,ENSG00000187601
RN7SL268P,ENSG00000244425
CPB2,ENSG00000080618
KLHL5P1,ENSG00000225282
SMIM15P1,ENSG00000270280
NDP-AS1,ENSG00000236276
SPIN4-AS1,ENSG00000233661
RPS29P31,ENSG00000224279
RPL23AP83,ENSG00000234135
PSMA5P1,ENSG00000235136
TERF1P7,ENSG00000232186
LDHBP2,ENSG00000213684
MTND1P31,ENSG00000235170
PRDX3P1,ENSG00000229598
TOMM20P4,ENSG00000230311
KRT8P27,ENSG00000226502
HEMK2,ENSG00000156239
SFR1P2,ENSG00000223707
HNRNPH3P1,ENSG00000230247
THAP12P1,ENSG00000230665
TSSK2,ENSG00000206203
PSMA1P1,ENSG00000225715
PCNPP4,ENSG00000237089
GSC2,ENSG00000063515
TPMTP4,ENSG00000223574
GGTLC5P,ENSG00000276160
SAR1AP4,ENSG00000233063
FGF16,ENSG00000196468
PPP1R26P3,ENSG00000275060
ATP5PFP2,ENSG00000237472
P2RY10BP,ENSG00000232168
RSPH14,ENSG00000100218
CPXCR1,ENSG00000147183
ZNF407-AS1,ENSG00000264247
HMGN1P34,ENSG00000224755
TUBB4BP8,ENSG00000227521
SETP4,ENSG00000237211
MTND2P25,ENSG00000228182
CTDSPL2P1,ENSG00000236988
CALM1P1,ENSG00000223467
CORO1CP1,ENSG00000270268
EIF3MP1,ENSG00000236365
UBE2V1P7,ENSG00000235061
U7,ENSG00000275635
BCRP8,ENSG00000236794
CYCSP43,ENSG00000231706
RN7SL263P,ENSG00000240160
UBE2V1P9,ENSG00000229667
FBXW4P1,ENSG00000230701
PABPC5,ENSG00000174740
TIAM1,ENSG00000156299
PABPC1L2A,ENSG00000186288
SRIP2,ENSG00000224065
NDUFV2-AS1,ENSG00000266053
ARL13A,ENSG00000174225
CSTP1,ENSG00000228476
MIR658,ENSG00000284197
MIR659,ENSG00000207696
ANKRD20A21P,ENSG00000277112
ZNF285DP,ENSG00000283443
EIF3L,ENSG00000100129
EEF1A1P15,ENSG00000213704
BPIFA4P,ENSG00000183566
ZNF236-DT,ENSG00000264278
DEFB122,ENSG00000204547
BRWD3,ENSG00000165288
PPP4R1L,ENSG00000124224
AQP4-AS1,ENSG00000260372
FRG1CP,ENSG00000282826
RNU6ATAC17P,ENSG00000251883
NANP,ENSG00000170191
RN7SL594P,ENSG00000242236
MED28P7,ENSG00000236542
BSNDP1,ENSG00000275048
BSNDP2,ENSG00000274973
NNAT,ENSG00000053438
DNAJC15,ENSG00000120675
COPS8P1,ENSG00000271290
PPIAP3,ENSG00000235044
GLRXP1,ENSG00000228234
RPSAP15,ENSG00000237506
LINC00489,ENSG00000225759
HSPBAP1P1,ENSG00000277315
EIF4A1P10,ENSG00000229132
PHKBP1,ENSG00000226262
SERP2,ENSG00000151778
RNU105B,ENSG00000201348
SHC1P1,ENSG00000230889
EDA,ENSG00000158813
PCAT18,ENSG00000265369
KLF12,ENSG00000118922
PLCB1,ENSG00000182621
DTNA-AS1,ENSG00000268873
STAU2P1,ENSG00000227581
HNRNPA1P25,ENSG00000231206
DLGAP1-AS5,ENSG00000261520
CRYL1,ENSG00000165475
PPATP2,ENSG00000271433
HNRNPDLP3,ENSG00000236185
FCF1P9,ENSG00000231478
RPS29P28,ENSG00000232069
TEX101P1,ENSG00000270308
STIP1P3,ENSG00000225536
NETO1-DT,ENSG00000263958
KAT7P1,ENSG00000232842
B3GNT2P1,ENSG00000229946
CAPZA1P3,ENSG00000213698
VDAC1P1,ENSG00000073905
RPL6P29,ENSG00000236243
WBP11P3,ENSG00000228051
IGBP1-AS2,ENSG00000220925
USP37P1,ENSG00000270826
RPS7P14,ENSG00000213695
MIR4527HG,ENSG00000267761
FOXN3P2,ENSG00000226753
MAGEE1,ENSG00000198934
ATG4AP1,ENSG00000232735
BUD31P2,ENSG00000229661
PAICSP7,ENSG00000232293
RPSAP8,ENSG00000230592
PHF10P2,ENSG00000231466
IGLVIVOR22-1,ENSG00000271138
MIR6817,ENSG00000277872
MRPS22P1,ENSG00000271056
GREB1L-DT,ENSG00000265984
RGCC,ENSG00000102760
RNF19BPX,ENSG00000227434
POMPP1,ENSG00000236870
BRAFP1,ENSG00000224775
SERBP1P4,ENSG00000230275
USP12PX,ENSG00000226081
PDK1P2,ENSG00000233446
MIR649,ENSG00000207575
TUBA3GP,ENSG00000249680
TGIF2LX,ENSG00000153779
TCF20,ENSG00000100207
F7,ENSG00000057593
MBP-AS1,ENSG00000266844
ST13P18,ENSG00000234322
ACTR3P2,ENSG00000232267
KRT18P11,ENSG00000215089
DLGAP5P2,ENSG00000237873
KIF4CP,ENSG00000225025
OOEPP1,ENSG00000270759
HMGB1P32,ENSG00000226837
GTF3C6P1,ENSG00000215085
TRAPPC13P1,ENSG00000235447
CSGALNACT2P1,ENSG00000182574
HK2P1,ENSG00000228612
PPP4R1-AS1,ENSG00000263627
ATP5MC2P4,ENSG00000228847
BRDTP1,ENSG00000271209
LRRFIP2P1,ENSG00000237014
NDUFA5P7,ENSG00000234039
MTCO1P20,ENSG00000233764
TEX13B,ENSG00000170925
MTCO2P20,ENSG00000231576
MTATP6P20,ENSG00000237948
MTCO3P20,ENSG00000225557
MTCYBP34,ENSG00000237129
HNRNPDLP1,ENSG00000226307
LINC02564,ENSG00000262352
C3orf49P1,ENSG00000226119
MTND1P10,ENSG00000229088
VDAC1P3,ENSG00000234702
TERF2IPP1,ENSG00000229492
CLCP1,ENSG00000232305
XRCC6P5,ENSG00000215070
SYCE3,ENSG00000217442
MAGEE2,ENSG00000186675
TERF1P4,ENSG00000215102
SERBP1P1,ENSG00000213740
CHKB-CPT1B,ENSG00000254413
CCNB1IP1P3,ENSG00000231001
NT5DC1P1,ENSG00000237381
XK,ENSG00000047597
RPL34P36,ENSG00000270446
RANBP1P1,ENSG00000228519
AP2B1P1,ENSG00000234130
LINC02837,ENSG00000264464
ARHGAP6,ENSG00000047648
TMEM191C,ENSG00000206140
NPIPA5,ENSG00000282705
NOMO1,ENSG00000274779
DYM-AS1,ENSG00000264269
H1-0,ENSG00000189060
CLDN5,ENSG00000184113
CCL23,ENSG00000276114
FAM227A,ENSG00000184949
LINC01924,ENSG00000267134
CCL3-AS1,ENSG00000282721
TBC1D3G,ENSG00000275760
LINC00305,ENSG00000179676
RIMBP3C,ENSG00000183246
KIR2DS1,ENSG00000284150
C22orf31,ENSG00000100249
C21orf91,ENSG00000154642
RNA5SP493,ENSG00000200985
MPPE1P2,ENSG00000225544
PPM1F,ENSG00000100034
TATDN2P1,ENSG00000198414
LMO7,ENSG00000136153
TUSC2P2,ENSG00000285445
TUBAP6,ENSG00000274374
LINC01630,ENSG00000227115
CCNB3,ENSG00000147082
CCL16,ENSG00000275095
CBR3,ENSG00000159231
FCAR,ENSG00000275136
IGLVI-70,ENSG00000253239
IGLV4-69,ENSG00000211637
CFAP298,ENSG00000159079
IGLVI-68,ENSG00000254355
DDX52,ENSG00000277594
IGLV10-54,ENSG00000211642
IGLV10-67,ENSG00000253794
ACTRT1P1,ENSG00000235239
IGLVIV-66-1,ENSG00000253874
POU3F4,ENSG00000196767
IGLVV-66,ENSG00000254075
IGLVIV-65,ENSG00000254161
IGLVIV-64,ENSG00000253242
IGLVI-63,ENSG00000253752
IGLV1-62,ENSG00000253823
EIF3JP1,ENSG00000228041
IGLV8-61,ENSG00000211638
SNX3P1X,ENSG00000230543
ABHD17AP5,ENSG00000263366
FAM236C,ENSG00000283594
IGLV4-60,ENSG00000211639
TPT1P13,ENSG00000213498
SOCS2P2,ENSG00000224465
IGLVIV-59,ENSG00000254308
MTCYBP31,ENSG00000226579
IGLVV-58,ENSG00000253637
BMP6P1,ENSG00000236323
IGLV6-57,ENSG00000211640
PPP1R2C,ENSG00000102055
RRN3,ENSG00000278494
CYLC1,ENSG00000183035
IGLVI-56,ENSG00000253126
IGLV11-55,ENSG00000211641
IGLVIV-53,ENSG00000253935
TOP3BP1,ENSG00000228050
VEZTP1,ENSG00000224072
RIPPLY1,ENSG00000147223
BMS1P20,ENSG00000272779
IGLV5-52,ENSG00000211643
IGLV1-51,ENSG00000211644
RPL36P1,ENSG00000230636
LINC02864,ENSG00000263711
TSHZ2,ENSG00000182463
IGLV1-50,ENSG00000211645
ASH2LP3,ENSG00000225724
MTND4P31,ENSG00000235382
IGLV9-49,ENSG00000223350
PGAM4P1,ENSG00000215197
FDPSP5,ENSG00000215035
IGLV5-48,ENSG00000211647
MTND6P13,ENSG00000234901
RN7SKP184,ENSG00000199218
IGLV1-47,ENSG00000211648
RPL36P18,ENSG00000235656
ASH2LP2,ENSG00000237428
EEF1A1P29,ENSG00000215093
IGLV7-46,ENSG00000211649
IGLV5-45,ENSG00000211650
TMEM230P1,ENSG00000225728
PPIAP10,ENSG00000224530
TSHZ2-AS1,ENSG00000259723
TMEM184CP1,ENSG00000230706
IGLV1-44,ENSG00000211651
RPL7AP72,ENSG00000235735
IGLV7-43,ENSG00000211652
ZNF217-AS1,ENSG00000197670
NLRP7P1,ENSG00000228450
TBC1D3K,ENSG00000275153
IGLVI-42,ENSG00000254175
IMPDH1P4,ENSG00000237206
IGLVVII-41-1,ENSG00000254073
ZNF217,ENSG00000171940
DCAF8L1,ENSG00000226372
IGLV1-41,ENSG00000253818
IGLV1-40,ENSG00000211653
RPL22P22,ENSG00000213653
ASH2LP1,ENSG00000224144
RPL31P63,ENSG00000236735
IGLVI-38,ENSG00000253889
SPIN4,ENSG00000186767
IGLV5-37,ENSG00000211654
IGLV1-36,ENSG00000211655
RRM2P3,ENSG00000214018
PCNAP3,ENSG00000214009
ASH2LP4,ENSG00000230821
RPL7P55,ENSG00000228301
IGLV7-35,ENSG00000253631
MTCO1P53,ENSG00000230916
PRPF4BP1,ENSG00000224217
SHISA8,ENSG00000234965
DCAF12L2,ENSG00000198354
RNU7-14P,ENSG00000238468
HMGB3P1,ENSG00000225336
NEFHP2,ENSG00000223651
COX6CP12,ENSG00000234463
HMGN2P9,ENSG00000180150
OTUD6A,ENSG00000189401
TRMT112P8,ENSG00000233388
UBE2V1P16,ENSG00000237891
PTPRT-AS1,ENSG00000227599
PNPLA10P,ENSG00000230538
RN7SKP100,ENSG00000223190
SPRYD7P1,ENSG00000234404
TCF4-AS2,ENSG00000267402
MRPS16P3,ENSG00000226336
GREB1L-AS1,ENSG00000265751
GEMIN8P3,ENSG00000223772
APOL5,ENSG00000128313
CAPZA1P1,ENSG00000230956
PTPRT,ENSG00000196090
RPS7P13,ENSG00000235425
PPIAP14,ENSG00000264775
LUZP4,ENSG00000102021
NDUFA9P1,ENSG00000237406
MIR6819,ENSG00000278420
RPS15AP38,ENSG00000237668
SEC14L6,ENSG00000214491
SPANXB1,ENSG00000227234
FAM32DP,ENSG00000265472
WBP2P1,ENSG00000229248
HSPA8P1,ENSG00000234176
LHX1-DT,ENSG00000281998
LINC01894,ENSG00000264345
RPL26P36,ENSG00000225912
MAGEC2,ENSG00000046774
LYZL6,ENSG00000277042
PARN,ENSG00000274829
STMN3P1,ENSG00000271181
CRYBB3,ENSG00000100053
VKORC1P1,ENSG00000233243
SUMO2P21,ENSG00000228532
DUTP4,ENSG00000229829
FERP1,ENSG00000232149
PHF5AP4,ENSG00000270431
SDHDP1,ENSG00000267162
OR11Q1P,ENSG00000237650
FGF7P1,ENSG00000264061
BTG3P1,ENSG00000235334
CYCSP44,ENSG00000233548
H2BP8,ENSG00000235976
SMUG1P1,ENSG00000267444
MRPL45,ENSG00000277936
NCR1,ENSG00000277442
TFDP3,ENSG00000183434
SNURFL,ENSG00000173954
SELENOO,ENSG00000073169
MTND4LP1,ENSG00000231501
OR5BH1P,ENSG00000242610
NF1P5,ENSG00000175319
YAP1P2,ENSG00000236080
SPANXN3,ENSG00000189252
RPL23AP77,ENSG00000267301
HNRNPA1P7,ENSG00000215492
SMIM11,ENSG00000205670
CT47A12,ENSG00000226685
KRT18P44,ENSG00000218728
LINC00850,ENSG00000280752
TBC1D3L,ENSG00000276349
HAX1P1,ENSG00000233467
CNOT7P1,ENSG00000233229
OR7L1P,ENSG00000232787
TUBB4AP1,ENSG00000228466
ORC1P1,ENSG00000224589
STK24P1,ENSG00000230079
LINC01282,ENSG00000236747
OR11H1,ENSG00000130538
TTC28,ENSG00000100154
SRD5A1P1,ENSG00000232549
CTDSPL2P2,ENSG00000230788
PLS3-AS1,ENSG00000271826
LINC01887,ENSG00000266604
BRS3,ENSG00000102239
PANK2,ENSG00000125779
ACACA,ENSG00000275176
ASB12,ENSG00000198881
CT47A11,ENSG00000226929
UFM1P1,ENSG00000270709
PA2G4P1,ENSG00000237828
GSTT4,ENSG00000276950
AMER1,ENSG00000184675
RPL32P35,ENSG00000223995
RPL3P12,ENSG00000232496
PRDM15,ENSG00000141956
SPANXC,ENSG00000198573
BPIFC,ENSG00000184459
RPL7L1P11,ENSG00000176970
SPANXN1,ENSG00000203923
PNMA6B,ENSG00000268883
TMEM185AP1,ENSG00000235254
RPS4XP2,ENSG00000226948
MKRN7P,ENSG00000225849
ADM2,ENSG00000128165
TRMT1P1,ENSG00000231093
MTND4P24,ENSG00000232177
SPRING1P3,ENSG00000282713
FER1L4,ENSG00000088340
OR11N1P,ENSG00000185903
PLA2G10,ENSG00000276870
HSFX1,ENSG00000171116
CMC4,ENSG00000182712
BBLNP2,ENSG00000224256
MIRLET7A3,ENSG00000283990
MIR4763,ENSG00000284175
MIRLET7B,ENSG00000284520
RN7SKP80,ENSG00000202058
RNU6-513P,ENSG00000251913
RPL5P34,ENSG00000234009
ADAMTS7P5,ENSG00000274717
COA1P1,ENSG00000226989
AFF2-IT1,ENSG00000223516
M6PRP1,ENSG00000228042
PGBD4P6,ENSG00000226064
ZFYVE9P1,ENSG00000229562
MAGEA8,ENSG00000156009
PIWIL3,ENSG00000184571
LINC01387,ENSG00000265944
CT47A7,ENSG00000228517
HNRNPH1P2,ENSG00000213924
LDOC1,ENSG00000182195
MTND1P33,ENSG00000235539
ZNF663P,ENSG00000215452
RFPL2,ENSG00000128253
BPIFB9P,ENSG00000125997
RBMX2P2,ENSG00000213423
MAGEA11,ENSG00000185247
ATP8B1-AS1,ENSG00000267040
WFDC6,ENSG00000243543
RN7SL197P,ENSG00000276031
TMEM121B,ENSG00000183307
SNRPFP1,ENSG00000231878
GPR50,ENSG00000102195
RNU6-919P,ENSG00000252540
GLYR1P1,ENSG00000237788
RPS21P7,ENSG00000234573
FAM226B,ENSG00000269911
RPL31P62,ENSG00000235328
IL17REL,ENSG00000188263
PASD1,ENSG00000166049
RNA5SP474,ENSG00000212536
PPP1R3D,ENSG00000132825
RPL32P5,ENSG00000236325
FAM32BP,ENSG00000203416
LINC00526,ENSG00000264575
MIR646,ENSG00000207802
CECR9,ENSG00000231004
MTCO2P1,ENSG00000229690
MIR4533,ENSG00000266140
RN7SL843P,ENSG00000239547
MIR548AG2,ENSG00000265617
LINC02557,ENSG00000225413
KCNK15,ENSG00000124249
CEP20,ENSG00000276914
IGLL1,ENSG00000128322
RIMS4,ENSG00000101098
MTCYBP38,ENSG00000226414
POM121L7P,ENSG00000239511
MAGEA7P,ENSG00000224732
E2F6P2,ENSG00000224688
PNMA6F,ENSG00000225110
NDUFB3P5,ENSG00000227779
LRRC74B,ENSG00000187905
EOLA1-DT,ENSG00000241769
PGBD4P2,ENSG00000277708
SIRPG-AS1,ENSG00000237914
RN7SL561P,ENSG00000242348
SLC9A3P2,ENSG00000238125
CKAP2LP1,ENSG00000271461
ABHD17AP4,ENSG00000229107
E2F6P3,ENSG00000226885
PDYN,ENSG00000101327
PPP1R26P5,ENSG00000232771
LINC01651,ENSG00000279920
SUSD2P1,ENSG00000226534
RN7SKP63,ENSG00000200057
RN7SKP210,ENSG00000238875
UQCRFS1P1,ENSG00000226085
RPL36AP52,ENSG00000214925
TMA7B,ENSG00000225528
SPANXD,ENSG00000196406
FAM246C,ENSG00000286025
ZNF280B,ENSG00000275004
RPL15P20,ENSG00000282445
MTND2P39,ENSG00000230130
PDXDC1,ENSG00000275498
RRM2P4,ENSG00000235598
ELL2P4,ENSG00000226388
ANKRD11P2,ENSG00000231686
IDSP1,ENSG00000176289
ZNF280A,ENSG00000169548
F8,ENSG00000185010
PRAME,ENSG00000185686
LINC01730,ENSG00000275491
LINC01751,ENSG00000261249
LINC01706,ENSG00000224711
MIR8062,ENSG00000278159
CENPB,ENSG00000125817
DNAJC9P1,ENSG00000235036
MIR6870,ENSG00000273745
LINC01752,ENSG00000224961
LL22NC03-63E9.3,ENSG00000220891
FAT1P1,ENSG00000217809
IGLV2-34,ENSG00000253120
LINC02871,ENSG00000125899
IGLV2-33,ENSG00000211656
IGLV3-32,ENSG00000211657
IGLV3-31,ENSG00000253920
IGLV3-30,ENSG00000253329
BCRP4,ENSG00000215456
NAB1P1,ENSG00000228717
HNRNPCP10,ENSG00000215054
GGTLC2,ENSG00000100121
HDGFP1,ENSG00000227183
PRR32,ENSG00000183631
LINC01722,ENSG00000233048
TCERG1P1,ENSG00000224314
RNU6-27P,ENSG00000251955
CXorf51B,ENSG00000235699
RNU1-131P,ENSG00000238833
ZNF133-AS1,ENSG00000237259
CFTRP1,ENSG00000228593
BSNDP3,ENSG00000277508
NCOR1P1,ENSG00000240108
AFF2,ENSG00000155966
MIR663A,ENSG00000284419
IGLV3-29,ENSG00000253338
IGLV2-28,ENSG00000253451
IGLV3-27,ENSG00000211658
IGLV3-26,ENSG00000253913
IGLVVI-25-1,ENSG00000253779
HSPE1P1,ENSG00000234878
IGLV3-25,ENSG00000211659
ERP29P1,ENSG00000233347
IGLV3-24,ENSG00000253822
IGLV2-23,ENSG00000211660
MRPS33P4,ENSG00000234821
IGLVVI-22-1,ENSG00000253546
IGLV3-22,ENSG00000211661
IGLV3-21,ENSG00000211662
IGLVI-20,ENSG00000254240
IGLV3-19,ENSG00000211663
IGLV2-18,ENSG00000211664
IGLV3-17,ENSG00000253152
IGLV3-16,ENSG00000211665
IGLV3-15,ENSG00000253786
IGLV2-14,ENSG00000211666
BMP7,ENSG00000101144
RNU6-331P,ENSG00000207455
RNU6-375P,ENSG00000252859
MIR6889,ENSG00000274552
RN7SL704P,ENSG00000241693
SLC35E4,ENSG00000100036
RPL13AP26,ENSG00000250318
MCHR1,ENSG00000128285
LINC02979,ENSG00000267480
TUG1,ENSG00000253352
ZNF840P,ENSG00000184617
C20orf203,ENSG00000198547
HMGB3P30,ENSG00000213652
DCAF12L1,ENSG00000198889
EFCAB8,ENSG00000215529
SETP8,ENSG00000213526
CBX1P1,ENSG00000230823
RN7SL385P,ENSG00000241333
OR1AA1P,ENSG00000234288
TJAP1P1,ENSG00000234592
EEF1GP5,ENSG00000234785
RUVBL2P1,ENSG00000226802
TPTEP2-CSNK1E,ENSG00000283900
KCNQ2-AS1,ENSG00000226390
GNAS-AS1,ENSG00000235590
DDX17,ENSG00000100201
SOD1,ENSG00000142168
CD84P1,ENSG00000224978
MATR3P1,ENSG00000225858
ADGRG4,ENSG00000156920
KIZ-AS1,ENSG00000232712
TMC2,ENSG00000149488
PKMP2,ENSG00000235892
HMGN2P48,ENSG00000229979
RPL21P134,ENSG00000233254
RAB39B,ENSG00000155961
MIR1292,ENSG00000284481
RNU6-408P,ENSG00000251719
SNORD110,ENSG00000221116
SNORA51,ENSG00000271798
SNORD86,ENSG00000212498
SNORD56,ENSG00000229686
SLIRPP1,ENSG00000227505
SNORD57,ENSG00000226572
LINC02879,ENSG00000302833
IDH3B-DT,ENSG00000228293
NAP1L3,ENSG00000186310
CEBPB,ENSG00000172216
MIR122HG,ENSG00000267391
SLC6A14P2,ENSG00000237860
PELATON,ENSG00000224397
SLC6A14P1,ENSG00000236077
ACTBP1,ENSG00000229145
OR5AW1P,ENSG00000229082
CT83,ENSG00000204019
ALOX5AP,ENSG00000132965
OR13K1P,ENSG00000237225
LINC03110,ENSG00000275418
SPANXA2,ENSG00000203926
MALT1-AS1,ENSG00000267226
LINC01270,ENSG00000203999
LGALS2,ENSG00000100079
RNU6-114P,ENSG00000207435
MIR651,ENSG00000207628
SNORA48B,ENSG00000212214
CCNA1,ENSG00000133101
MIR4770,ENSG00000265284
MIR548AX,ENSG00000263652
RNU6-146P,ENSG00000207332
RN7SL658P,ENSG00000239333
MIR548AM,ENSG00000265144
RNA5SP499,ENSG00000200852
LINC01926,ENSG00000267593
RN7SKP183,ENSG00000252978
RNU6-133P,ENSG00000206716
RNU6-641P,ENSG00000206733
RNU6-591P,ENSG00000207122
TTLL8,ENSG00000138892
RNU6-49P,ENSG00000206983
MIR548AJ2,ENSG00000221466
RNU6-1087P,ENSG00000252411
RN7SL732P,ENSG00000264618
MIR3937,ENSG00000263730
RNU7-164P,ENSG00000238730
RNU6-1124P,ENSG00000206896
RNU6-630P,ENSG00000212560
RNU6-50P,ENSG00000199226
BMP7-AS1,ENSG00000235032
LINC00028,ENSG00000233354
MIR532,ENSG00000207758
MIR188,ENSG00000207768
MIR500A,ENSG00000207785
MIR362,ENSG00000208015
MIR501,ENSG00000211538
MIR500B,ENSG00000239057
MIR660,ENSG00000207970
MIR502,ENSG00000272080
RIMBP3B,ENSG00000274600
HUNK,ENSG00000142149
RN7SL799P,ENSG00000244006
MIR223,ENSG00000284567
MIR8088,ENSG00000275335
MIR4536-2,ENSG00000266328
MIR676,ENSG00000211991
RNU6-562P,ENSG00000199601
MIR4536-1,ENSG00000283334
RNA5SP509,ENSG00000201447
MIR4328,ENSG00000283622
MRTFA,ENSG00000196588
RN7SL790P,ENSG00000239745
MIR1321,ENSG00000283435
RNU2-26P,ENSG00000222440
RNU6-332P,ENSG00000212495
RNA5SP510,ENSG00000201567
MIR548M,ENSG00000221187
MIR384,ENSG00000283242
MIR325,ENSG00000207995
RNU1-112P,ENSG00000201271
RNA5SP508,ENSG00000223259
MIR361,ENSG00000199051
RNU6-974P,ENSG00000206826
RNU6-995P,ENSG00000212546
RNU6-345P,ENSG00000252810
RNU6-493P,ENSG00000212623
RNU6-394P,ENSG00000222667
ABCC6,ENSG00000275331
CASC20,ENSG00000229876
RN7SKP194,ENSG00000223260
SUMO3,ENSG00000184900
RNU6-309P,ENSG00000201443
RNU6-648P,ENSG00000222122
SNORA35B,ENSG00000271907
LINC01370,ENSG00000237767
RNU6-555P,ENSG00000207515
RN7SL379P,ENSG00000242998
RNU6-1323P,ENSG00000206752
RNU6-154P,ENSG00000207033
MIR3672,ENSG00000265456
RNU6-1015P,ENSG00000252930
RN7SKP31,ENSG00000252163
MIR934,ENSG00000216060
RNU6-3P,ENSG00000207041
RN7SKP149,ENSG00000199878
RNA5SP517,ENSG00000201594
USPL1,ENSG00000132952
RNA5SP516,ENSG00000201000
MIR514A2,ENSG00000207866
MIR514A1,ENSG00000207868
RN7SKP81,ENSG00000202473
MIR320D2,ENSG00000221081
RN7SL325P,ENSG00000239579
MIR892C,ENSG00000252219
MIR514A3,ENSG00000207867
MIR890,ENSG00000216075
RNU6-985P,ENSG00000222114
MIR888,ENSG00000216005
MIR892A,ENSG00000215943
MIR892B,ENSG00000216098
MIR891B,ENSG00000216064
RNU1-115P,ENSG00000202199
MIR510,ENSG00000207641
MIR891A,ENSG00000216056
MIR4330,ENSG00000265789
RN7SKP267,ENSG00000222313
RN7SKP189,ENSG00000201912
MIR513C,ENSG00000216171
MIR513B,ENSG00000207871
MIR513A1,ENSG00000207873
MIR513A2,ENSG00000207984
MIR506,ENSG00000207731
MIR507,ENSG00000207969
MIR508,ENSG00000207589
MIR514B,ENSG00000252583
MIR509-2,ENSG00000212013
MIR509-3,ENSG00000212014
MIR509-1,ENSG00000208000
RNU6-382P,ENSG00000202051
NICN2P,ENSG00000237623
RN7SL785P,ENSG00000266158
SNORA11C,ENSG00000221459
NPM1P49,ENSG00000226556
OACYLP,ENSG00000224367
MIR4769,ENSG00000263858
SMSP1,ENSG00000224656
WASF4P,ENSG00000188459
RPL7P57,ENSG00000224401
ZCRB1P1,ENSG00000224208
ZBTB21,ENSG00000173276
PABPN1P1,ENSG00000213018
SOCS6P1,ENSG00000215120
LINC01427,ENSG00000225321
CXCR3,ENSG00000186810
SKOR2,ENSG00000215474
TWF1P2,ENSG00000225008
PHF10P1,ENSG00000228986
SRD5A2P1,ENSG00000230491
MIR1184-2,ENSG00000221190
MIR1184-3,ENSG00000221603
H2AB3,ENSG00000277745
MCM8-AS1,ENSG00000278719
MIR4527,ENSG00000266582
OPN1LW,ENSG00000102076
LINC00686,ENSG00000237687
COP1P1,ENSG00000266613
RN7SL50P,ENSG00000242985
THEMIS3P,ENSG00000229442
RAB12-AS1,ENSG00000266708
RSPH1,ENSG00000160188
LINC01723,ENSG00000234265
TOMM20P3,ENSG00000263935
GACAT2,ENSG00000265962
CKAP2,ENSG00000136108
OPN1MW,ENSG00000268221
MYL12-AS1,ENSG00000264235
TEX28P1,ENSG00000274962
TEX28P3,ENSG00000277009
MIR6858,ENSG00000276350
UBL4A,ENSG00000102178
PANK2-AS1,ENSG00000229539
LINC01895,ENSG00000259256
EPB41L1-AS1,ENSG00000232406
MPV17L,ENSG00000275543
MYO19,ENSG00000278372
NTAN1,ENSG00000275779
RN7SL697P,ENSG00000264484
ATF4P2,ENSG00000273041
LINC01754,ENSG00000224565
FMN2P1,ENSG00000231388
RPL7P58,ENSG00000216938
HMGA1P1,ENSG00000236683
RNU1-142P,ENSG00000252491
BMI1P1,ENSG00000234201
RNA5SP511,ENSG00000222419
H2BP9,ENSG00000231787
GAPLINC,ENSG00000266835
PDE9A,ENSG00000160191
ELF2P1,ENSG00000234345
SLC25A53P1,ENSG00000230312
DPPA3P1,ENSG00000227067
MSL3-DT,ENSG00000282840
LIMK2P1,ENSG00000223418
SCP2D1-AS1,ENSG00000149443
DSG3,ENSG00000134757
TBX1,ENSG00000184058
SLC25A15,ENSG00000102743
MSL3,ENSG00000005302
NPIPA3,ENSG00000278308
COLEC12,ENSG00000158270
APCDD1L-DT,ENSG00000231290
EBPL,ENSG00000123179
BMERB1,ENSG00000278823
CPMER,ENSG00000227838
PITPNB,ENSG00000180957
DSG2,ENSG00000046604
SAP18,ENSG00000150459
NPIPA6,ENSG00000273807
BFAR,ENSG00000275618
FAM242B,ENSG00000287889
DOCK9,ENSG00000088387
HNF4A-AS1,ENSG00000229005
R3HDML-AS1,ENSG00000226812
NDE1,ENSG00000275911
NRSN2-AS1,ENSG00000225377
MACROD2-AS1,ENSG00000235914
LINC00652,ENSG00000179935
PCGF2,ENSG00000278644
MIR3199-1,ENSG00000264073
MIR3199-2,ENSG00000283225
RN7SL757P,ENSG00000239249
MN1,ENSG00000169184
RPL17P40,ENSG00000281929
GSTT2,ENSG00000099984
MARF1,ENSG00000277140
LCDR,ENSG00000273148
RPS9P2,ENSG00000237214
ACTBP15,ENSG00000213857
MIR1281,ENSG00000284015
POTEH,ENSG00000198062
POTEH-AS1,ENSG00000236666
RNU6-816P,ENSG00000212216
IGLV3-10,ENSG00000211669
IGLV3-9,ENSG00000211670
MLLT6,ENSG00000275851
LINC01713,ENSG00000228482
IGLV2-8,ENSG00000278196
MIR650,ENSG00000284049
IGLV3-7,ENSG00000254077
IGLV3-6,ENSG00000253448
IGLV2-5,ENSG00000253234
IGLV3-4,ENSG00000226420
IGLV4-3,ENSG00000211672
IGLV3-2,ENSG00000253963
IGLV3-1,ENSG00000211673
MIR5571,ENSG00000264824
RIPOR3-AS1,ENSG00000234693
IGLL5,ENSG00000254709
SERPINB8,ENSG00000166401
IGLJ1,ENSG00000211674
IGLC1,ENSG00000211675
LINC01733,ENSG00000226203
IGLJ2,ENSG00000211676
IGLC2,ENSG00000211677
IGLJ3,ENSG00000211678
IGLC3,ENSG00000211679
IGLJ4,ENSG00000211680
IGLC4,ENSG00000254029
IGLC5,ENSG00000254030
IGLJ6,ENSG00000211682
IGLC6,ENSG00000222037
IGLJ7,ENSG00000211684
BTBD3-AS1,ENSG00000236526
IGLC7,ENSG00000211685
ZNHIT3,ENSG00000278574
ADNP-AS1,ENSG00000259456
POM121L9P,ENSG00000128262
BCRP3,ENSG00000284128
GGT3P,ENSG00000197421
ABCC1,ENSG00000278183
LRP5L,ENSG00000100068
SLCO4A1-AS1,ENSG00000232803
P2RX6P,ENSG00000206145
PRAMENP,ENSG00000197549
CECR7,ENSG00000237438
TTR,ENSG00000118271
USP41P,ENSG00000161133
TADA2A,ENSG00000277104
FAM247A,ENSG00000283972
SMPD4P1,ENSG00000223553
POM121L4P,ENSG00000217261
POM121L1P,ENSG00000183169
TPTEP2,ENSG00000244627
RRP7BP,ENSG00000182841
DSC2,ENSG00000134755
BCRP2,ENSG00000169668
LINC03083,ENSG00000234104
RPL23AP82,ENSG00000184319
TMEM191A,ENSG00000226287
CEBPB-AS1,ENSG00000277449
TEX29,ENSG00000153495
CRYBB2P1,ENSG00000100058
CLDN10,ENSG00000134873
ISCA2P1,ENSG00000226912
LINC01721,ENSG00000230133
AP1B1P1,ENSG00000234479
AP1B1P2,ENSG00000232707
PI4KAP1,ENSG00000274602
EEF1AKMT1,ENSG00000150456
RN7SKP131,ENSG00000222630
RIMBP3,ENSG00000275793
SUSD2P2,ENSG00000278110
CA15P2,ENSG00000273907
PPP1R26P2,ENSG00000273643
GUSBP11,ENSG00000272578
PROZ,ENSG00000126231
RGL4,ENSG00000159496
NPIPA1,ENSG00000281994
STK4-DT,ENSG00000227477
MRM1,ENSG00000274853
NOMO3,ENSG00000278087
GGNBP2,ENSG00000275099
LINC00659,ENSG00000228705
LILRP1,ENSG00000277570
OGFR-AS1,ENSG00000229873
HM13-AS1,ENSG00000230613
LINC01524,ENSG00000234948
CCL15,ENSG00000275528
VPREB3,ENSG00000128218
MIR1249,ENSG00000221598
RIBC2,ENSG00000128408
PIP4K2B,ENSG00000277292
RNU6-1161P,ENSG00000251985
MIR4762,ENSG00000264160
C22orf42,ENSG00000205856
PDXP,ENSG00000241360
RFPL1,ENSG00000128250
AATF,ENSG00000276072
RPL34P35,ENSG00000230194
KIR2DS3,ENSG00000288487
RN7SL633P,ENSG00000240186
SELENOM,ENSG00000198832
COL4A2,ENSG00000134871
RPS15AP37,ENSG00000235573
SNRPNP2,ENSG00000214125
FRMPD4-AS1,ENSG00000223487
MIR3928,ENSG00000264141
RPL17P49,ENSG00000231211
RNU6-1128P,ENSG00000199695
RNA5SP496,ENSG00000212542
RN7SKP290,ENSG00000271814
PSMA6P2,ENSG00000229083
RTL10,ENSG00000215012
MRPL35P4,ENSG00000230691
TLR7,ENSG00000196664
TBC1D3H,ENSG00000277974
TLR8-AS1,ENSG00000233338
RBM22P6,ENSG00000275643
XAGE1A,ENSG00000204379
SEPTIN3,ENSG00000100167
RBM22P7,ENSG00000223395
CCL4,ENSG00000275824
SSX14P,ENSG00000185319
SSX11P,ENSG00000197185
SSX7,ENSG00000187754
TMX4-AS1,ENSG00000229766
RNA5SP504,ENSG00000222608
SSX15P,ENSG00000225508
S100A11P10,ENSG00000237275
S100A11P8,ENSG00000269281
SSX21P,ENSG00000226867
SPANXN5,ENSG00000204363
EIF4A2P4,ENSG00000224781
KIR3DS1,ENSG00000283889
PPIHP2,ENSG00000220541
QTRT1P1,ENSG00000270524
SPMAP1,ENSG00000276913
RNU1-57P,ENSG00000207220
RN7SL93P,ENSG00000240327
SNORD30,ENSG00000212611
NPEPPSP1,ENSG00000282641
CBX1P4,ENSG00000214321
MIR4768,ENSG00000265465
SOCS7,ENSG00000274229
NHS-AS1,ENSG00000230020
CHP1P3,ENSG00000226153
FAM136GP,ENSG00000227873
F8A3,ENSG00000277150
PABPC1L2B,ENSG00000184388
RBMXL3,ENSG00000175718
SSX2B,ENSG00000268447
KIR2DS5,ENSG00000288206
RAB20,ENSG00000139832
CUL4A,ENSG00000139842
EPOP,ENSG00000277303
LINC01275,ENSG00000237595
LRRC37A9P,ENSG00000282486
RN7SL20P,ENSG00000242251
RPL17P52,ENSG00000236132
RDM1,ENSG00000276432
RNU6-201P,ENSG00000252909
RPS17P16,ENSG00000232346
RNA5SP497,ENSG00000251890
ETFRF1P1,ENSG00000228194
SYN3,ENSG00000185666
FAM236A,ENSG00000275520
LINC01273,ENSG00000231742
HSFX4,ENSG00000283463
ZNF275,ENSG00000063587
ZNF157,ENSG00000147117
NALF2,ENSG00000130054
PNMA6A,ENSG00000235961
RNA5SP502,ENSG00000199564
SHISA5P1,ENSG00000226641
DRICH1,ENSG00000189269
RN7SL15P,ENSG00000264573
GEMIN7P1,ENSG00000225238
RNU6-1321P,ENSG00000212207
YWHAZP10,ENSG00000217624
RN7SL144P,ENSG00000242559
RPS15AP39,ENSG00000229822
RNU6-202P,ENSG00000251807
FABP5P15,ENSG00000237106
RNU6-854P,ENSG00000200906
RN7SL460P,ENSG00000263410
ATXN10,ENSG00000130638
KIR2DS2,ENSG00000276258
SSX19P,ENSG00000227302
MYH11,ENSG00000276480
S100A11P9,ENSG00000270747
SSX3,ENSG00000165584
LINC01718,ENSG00000229606
ZNF337-AS1,ENSG00000213742
SSX4,ENSG00000268009
TRNT1P2,ENSG00000235347
WNT7B,ENSG00000188064
LAMP5-AS1,ENSG00000225988
APOBEC3A,ENSG00000128383
RNU6-800P,ENSG00000207202
PIGA,ENSG00000165195
PIAS2,ENSG00000078043
MOV10L1,ENSG00000073146
HEATR9,ENSG00000276986
OLA1P1,ENSG00000213790
CYP2D7,ENSG00000205702
TMEM191B,ENSG00000278558
FLT1,ENSG00000102755
MIR663AHG,ENSG00000227195
POM121L15P,ENSG00000161103
SLC25A5P1,ENSG00000215347
LINC01399,ENSG00000233080
PI4KAP2,ENSG00000183506
ACTG1P10,ENSG00000231340
MIR6895,ENSG00000276575
MIR6894,ENSG00000277474
KDM5C-IT1,ENSG00000235262
RPSAP62,ENSG00000226299
MPV17L2P1,ENSG00000234413
MIR6857,ENSG00000278204
TIPINP1,ENSG00000235416
VTRNA3-1P,ENSG00000199422
EEDP1,ENSG00000224942
RPS17P17,ENSG00000225758
SOX3,ENSG00000134595
RPL18AP16,ENSG00000237793
RN7SL687P,ENSG00000244335
CYCSP45,ENSG00000184844
C22orf46P,ENSG00000184208
SERHL,ENSG00000172250
MIR3202-1,ENSG00000265176
MIR3202-2,ENSG00000283694
MIR718,ENSG00000284286
RNU6-934P,ENSG00000202024
SERPINB5,ENSG00000206075
RPL36A-HNRNPH2,ENSG00000257529
TUBA3FP,ENSG00000284130
KRT18P48,ENSG00000217889
NUTF2P7,ENSG00000229324
RNU1-56P,ENSG00000212605
MIURF,ENSG00000285025
CXorf65,ENSG00000204165
SELENOO-AS1,ENSG00000273137
FAM83F,ENSG00000133477
NOL4,ENSG00000101746
SGSM3-AS1,ENSG00000229999
RNF185-AS1,ENSG00000254835
MIR98,ENSG00000271886
MIRLET7F2,ENSG00000208012
PABPC1P3,ENSG00000230673
CCL18,ENSG00000278167
RNU6-330P,ENSG00000199885
NEXMIF,ENSG00000050030
HNF1B,ENSG00000276194
RPSAP61,ENSG00000214016
RN7SL291P,ENSG00000242065
DUSP21,ENSG00000189037
LL22NC01-81G9.3,ENSG00000215403
KRT18P23,ENSG00000215333
CT45A11P,ENSG00000230162
ANP32BP2,ENSG00000231801
GAPDHP67,ENSG00000219930
E2F6P4,ENSG00000231513
KRT18P49,ENSG00000214720
PRR5,ENSG00000186654
PRPS1,ENSG00000147224
GAGE2E,ENSG00000275113
SETBP1,ENSG00000152217
GAGE12B,ENSG00000236737
VDAC1P2,ENSG00000213856
SALL1P1,ENSG00000227391
PAGE1,ENSG00000068985
MIR2114,ENSG00000252454
XRCC6P2,ENSG00000234825
PIGW,ENSG00000275600
LINC02967,ENSG00000274173
RPL7P56,ENSG00000231164
RAB28P5,ENSG00000225400
RPL22P23,ENSG00000232379
SRRM1P3,ENSG00000237307
GPR101,ENSG00000165370
TCEAL3-AS1,ENSG00000224031
CCL5,ENSG00000274233
CACNA1F,ENSG00000102001
FBXO15,ENSG00000141665
SRCIN1,ENSG00000273608
PRR5-ARHGAP8,ENSG00000248405
ATP7B,ENSG00000123191
CFAP53,ENSG00000172361
DUSP14,ENSG00000275932
KCTD1,ENSG00000134504
GPR179,ENSG00000276469
CISD3,ENSG00000274768
LHX1,ENSG00000274577
RPL6P28,ENSG00000223730
RFKP4,ENSG00000230769
JTBP1,ENSG00000233603
MIR4766,ENSG00000266594
DNAJB7,ENSG00000172404
RNU6-379P,ENSG00000200683
L3MBTL2-AS1,ENSG00000235513
CCL3,ENSG00000274221
RNU6-338P,ENSG00000206615
RNU6-28P,ENSG00000199248
H2AZP6,ENSG00000233733
RPS26P59,ENSG00000229169
DOK6,ENSG00000206052
RPS18P14,ENSG00000214093
MIR7109,ENSG00000284082
SEZ6L-AS1,ENSG00000224192
RN7SL274P,ENSG00000263947
RNA5SP495,ENSG00000252267
NPIPA7,ENSG00000277983
VPREB1,ENSG00000169575
SYNRG,ENSG00000274047
PKD1P3,ENSG00000281965
LHFPL7,ENSG00000206069
ABCC6P2,ENSG00000273808
RPS25P10,ENSG00000234735
PKD1P1,ENSG00000282522
TTLL12,ENSG00000100304
SERPINB7,ENSG00000166396
LINC00029,ENSG00000125514
PKD1P6,ENSG00000282086
SCUBE1-AS2,ENSG00000236272
INPP5J,ENSG00000185133
ZNF521,ENSG00000198795
LINC01620,ENSG00000168746
HSPB1P2,ENSG00000230216
ZNF630-AS1,ENSG00000277541
RNU6-707P,ENSG00000201517
SSX13P,ENSG00000225198
S100A11P5,ENSG00000238032
LINC01747,ENSG00000230400
RNA5SP503,ENSG00000252856
SSX20P,ENSG00000204368
S100A11P7,ENSG00000231568
UBQLN2,ENSG00000188021
ATRX,ENSG00000085224
SEC11C,ENSG00000166562
MIR1-1HG,ENSG00000174407
KIR2DL5A,ENSG00000288357
OR11H3P,ENSG00000258721
OR11J6P,ENSG00000285405
IGHV1OR15-1,ENSG00000270505
RPS8P10,ENSG00000223877
OR4M2-OT1,ENSG00000285472
HSBP1L1,ENSG00000226742
OR4N3P,ENSG00000259435
OR11J7P,ENSG00000283524
IGHV1OR15-3,ENSG00000271288
SERPINE4P,ENSG00000258624
SREBF2-AS1,ENSG00000184068
ANKRD30B,ENSG00000180777
NOL4L-AS1,ENSG00000233293
CES5AP1,ENSG00000215478
CRMA,ENSG00000174403
ZDHHC8BP,ENSG00000133519
ZFYVE19,ENSG00000166140
MIATNB,ENSG00000244625
RPL23AP54,ENSG00000240486
TMEM97P2,ENSG00000253866
OR6R2P,ENSG00000273484
EIF4EP5,ENSG00000214366
NOL4L-DT,ENSG00000204393
AQP4,ENSG00000171885
LINC03023,ENSG00000254026
SGCZ,ENSG00000185053
WBP1LP3,ENSG00000253612
LINC02099,ENSG00000253490
HAR1B,ENSG00000231133
LINC03021,ENSG00000277526
STC1,ENSG00000159167
RALY-AS1,ENSG00000285230
CES1P1,ENSG00000281948
MTND6P19,ENSG00000254384
CES5A,ENSG00000261972
UNC5D,ENSG00000156687
MYO5B,ENSG00000167306
ZNF519P3,ENSG00000258585
RPL15P22,ENSG00000231369
OR4H6P,ENSG00000284892
RPL35P8,ENSG00000226142
RPLP0P10,ENSG00000244705
C15orf62,ENSG00000188277
MIR3667,ENSG00000264139
BMS1P22,ENSG00000232775
CWC25,ENSG00000276761
DUXAP8,ENSG00000271672
TOMM40P2,ENSG00000215270
GABRG3,ENSG00000182256
NEK2P2,ENSG00000231565
MED15P7,ENSG00000234381
MIF-AS1,ENSG00000218537
MIR6818,ENSG00000275818
CNN2P1,ENSG00000227201
RPL36P17,ENSG00000226573
RPS3AP51,ENSG00000225971
DNAAF4-CCPG1,ENSG00000261771
APOBEC3B-AS1,ENSG00000249310
CSE1L-DT,ENSG00000227431
LINC00899,ENSG00000231711
DLGAP4-AS1,ENSG00000232907
PRR34,ENSG00000182257
C17orf78,ENSG00000278145
PRTG,ENSG00000166450
MIR3619,ENSG00000266533
CHEK2P4,ENSG00000235969
LINC01749,ENSG00000272259
CCL14,ENSG00000277236
KCNMB3P1,ENSG00000239435
CCT8L2,ENSG00000198445
LINC01432,ENSG00000234435
TPTEP1,ENSG00000100181
VSIG1,ENSG00000101842
SLC25A15P5,ENSG00000249288
PARP4P3,ENSG00000249263
ANKRD62P1-PARP4P3,ENSG00000189295
CDH4-AS1,ENSG00000225106
ANKRD62P1,ENSG00000259271
OR11K1P,ENSG00000283680
MMP28,ENSG00000278843
TNMD,ENSG00000000005
VWFP1,ENSG00000241717
SHC4,ENSG00000185634
MRPL49P2,ENSG00000253934
DNAJB6P2,ENSG00000251203
XKR3,ENSG00000172967
DPYSL2,ENSG00000092964
RAD21P1,ENSG00000238116
SPIN2P1,ENSG00000237708
RNU6-935P,ENSG00000222303
LINC00658,ENSG00000226995
HSFY1P1,ENSG00000229027
SPRING1P2,ENSG00000238188
GPM6BP3,ENSG00000234121
ZNF402P,ENSG00000220248
ARHGAP36,ENSG00000147256
MTND1P17,ENSG00000228122
IGKV1OR22-5,ENSG00000230481
IGKV2OR22-4,ENSG00000253691
IGKV2OR22-3,ENSG00000253460
IGKV3OR22-2,ENSG00000254264
IGKV1OR22-1,ENSG00000253481
GAB4,ENSG00000215568
CES1,ENSG00000262243
TBC1D3B,ENSG00000274939
IL9RP6,ENSG00000270226
MIAT,ENSG00000225783
RN7SL191P,ENSG00000241198
LINC00654,ENSG00000205181
KIAA1328,ENSG00000150477
NXF2,ENSG00000269405
FRMD5,ENSG00000171877
TAF15,ENSG00000276833
ATP12A,ENSG00000075673
CTHRC1P1,ENSG00000271005
INE2,ENSG00000281371
RNU5F-7P,ENSG00000200566
SETP15,ENSG00000226536
HDGFL3P1,ENSG00000234466
PAGE2,ENSG00000234068
MRPL57,ENSG00000173141
MTCO1P52,ENSG00000229760
MTND2P24,ENSG00000231947
MTND1P30,ENSG00000238047
MIR4329,ENSG00000283775
RN7SL266P,ENSG00000243011
ATF4P1,ENSG00000213338
INTS6,ENSG00000102786
OR3B1P,ENSG00000237619
PNKDP1,ENSG00000228089
HSPA8P13,ENSG00000253425
RNA5SP514,ENSG00000200587
AGKP2,ENSG00000228819
TLE1P1,ENSG00000228158
AP1M2P1,ENSG00000227534
FRMD8P1,ENSG00000227942
CKS1BP6,ENSG00000178556
NORAD,ENSG00000260032
FTLP2,ENSG00000232368
SLC25A37,ENSG00000147454
GK-IT1,ENSG00000229331
GK-AS1,ENSG00000243055
TAB3-AS1,ENSG00000231542
TAB3-AS2,ENSG00000235512
PCYT1B,ENSG00000102230
LNCNEF,ENSG00000237396
RNF125,ENSG00000101695
KCNK15-AS1,ENSG00000244558
MBOAT4,ENSG00000177669
LINC00254,ENSG00000282469
HS3ST6,ENSG00000276333
NPTXR,ENSG00000221890
H2BP7,ENSG00000226222
MEIOB,ENSG00000282650
PCYT1B-AS1,ENSG00000236836
DOCK5,ENSG00000147459
SCARNA23,ENSG00000251869
EEF1B2P3,ENSG00000232472
LINC02124,ENSG00000282069
ARX,ENSG00000004848
MTCL1,ENSG00000168502
LARGE-AS1,ENSG00000224973
ISM1-AS1,ENSG00000226263
PAFAH1B2P1,ENSG00000214111
RN7SL91P,ENSG00000240439
HAR1A,ENSG00000225978
OR4Q1P,ENSG00000285135
LDHAL6B,ENSG00000171989
GAPDHP43,ENSG00000250130
HERC1,ENSG00000103657
LPIN2,ENSG00000101577
ZFX-AS1,ENSG00000234230
RPS26P58,ENSG00000225071
ARHGEF9-IT1,ENSG00000231729
CCL15-CCL14,ENSG00000282521
BTF3P8,ENSG00000236813
MIR1468,ENSG00000222532
SNAP25-AS1,ENSG00000227906
PAGE5,ENSG00000158639
MRTFA-AS1,ENSG00000232564
DHRS11,ENSG00000275397
TAF7L,ENSG00000102387
TTC28-AS1,ENSG00000235954
SINHCAFP3,ENSG00000253488
HMBOX1-IT1,ENSG00000259196
CMTR2,ENSG00000292378
CCT3P1,ENSG00000253951
HMGB1P23,ENSG00000253770
CALB2,ENSG00000282830
RPL10P18,ENSG00000253995
LEPROTL1,ENSG00000104660
SSX1,ENSG00000126752
ARHGAP23,ENSG00000273780
LAMA5-AS1,ENSG00000228812
TEX11,ENSG00000120498
PLCG1-AS1,ENSG00000226648
GTF2F2,ENSG00000188342
ADRA1A,ENSG00000120907
LINC01746,ENSG00000274469
SALRNA2,ENSG00000280515
SKOR1,ENSG00000188779
RPS21-DT,ENSG00000273619
MTND5P41,ENSG00000253685
NKX3-1,ENSG00000167034
NUDT15,ENSG00000136159
KLHL14,ENSG00000197705
LINC01728,ENSG00000233277
TBC1D3I,ENSG00000282144
PAN3,ENSG00000152520
THAP10,ENSG00000129028
RPL17P33,ENSG00000243844
RPL21P80,ENSG00000243181
RPL10AP2,ENSG00000188873
PAICSP4,ENSG00000254244
FOXB1,ENSG00000171956
RPL23P10,ENSG00000244708
TPGS2,ENSG00000134779
MTCYBP19,ENSG00000253504
PSME2P5,ENSG00000253208
HNRNPA1P45,ENSG00000259411
MESTP2,ENSG00000259558
GCHFR,ENSG00000137880
CTRB2,ENSG00000284810
VENTXP5,ENSG00000253569
MTND6P20,ENSG00000254156
RN7SL712P,ENSG00000266828
CTRB1,ENSG00000285346
AKR1B1P8,ENSG00000231371
API5P1,ENSG00000234558
SALL4P2,ENSG00000238040
KIF13B,ENSG00000197892
PIK3IP1-DT,ENSG00000228839
BCORL1,ENSG00000085185
RBM38-AS1,ENSG00000218018
GEMIN8P1,ENSG00000259496
HNRNPMP1,ENSG00000259335
KRT8P9,ENSG00000259470
BUB1B-PAK6,ENSG00000259288
TEX30,ENSG00000151287
PLCB2-AS1,ENSG00000259307
REC114,ENSG00000183324
BCL2L1-AS1,ENSG00000236559
PSMB3,ENSG00000275903
NPTN-IT1,ENSG00000281183
IRS4,ENSG00000133124
TBC1D21,ENSG00000167139
LINC00261,ENSG00000259974
TBC1D3F,ENSG00000282087
ESX1,ENSG00000123576
TBC1D3JP,ENSG00000282656
POFUT2,ENSG00000186866
CTAG1A,ENSG00000268651
CCL4L2,ENSG00000276125
SASH3,ENSG00000122122
FEM1B,ENSG00000169018
ZNF341-AS1,ENSG00000230753
DCLK1,ENSG00000133083
SALRNA3,ENSG00000281264
LINC01440,ENSG00000235166
NDUFAF4P1,ENSG00000259467
NPM1P43,ENSG00000259440
HCN4,ENSG00000138622
SNX18P27,ENSG00000253418
FCF1P4,ENSG00000226112
IDI1P2,ENSG00000253654
GLUD1P9,ENSG00000234349
RNU6-496P,ENSG00000251954
HMGB1P12,ENSG00000223904
CCL3L3,ENSG00000277336
COX6B1P4,ENSG00000253813
EIF4BP7,ENSG00000225031
ENTPD4-DT,ENSG00000253390
MAP2K1P1,ENSG00000254013
SRPX2,ENSG00000102359
ATP6V1G1P2,ENSG00000253502
LSM12P1,ENSG00000232024
MAPK6P4,ENSG00000215179
LINC01441,ENSG00000224008
RPS15AP24,ENSG00000241511
7SK,ENSG00000274262
CTDSPL2-DT,ENSG00000259595
PSAT1P1,ENSG00000253810
RFPL4AP7,ENSG00000254268
MRPS15P1,ENSG00000259186
CNOT6LP1,ENSG00000230183
NDUFA5P12,ENSG00000248531
HNRNPA3P11,ENSG00000260689
YWHAEP7,ENSG00000282630
HSP90AB4P,ENSG00000282100
RPL6P22,ENSG00000240738
PAK6-AS1,ENSG00000176753
HMGB1P24,ENSG00000282695
FKBP1AP2,ENSG00000259691
CPLX3,ENSG00000213578
OSER1-DT,ENSG00000223891
CYCSP22,ENSG00000254358
GOLGA6A,ENSG00000159289
RNU7-37P,ENSG00000251707
BUD31P1,ENSG00000253684
MGAT2P2,ENSG00000238200
CT45A3,ENSG00000269096
KCTD9P6,ENSG00000229211
CT45A6,ENSG00000278289
FAM242A,ENSG00000231934
R3HCC1,ENSG00000104679
CT45A2,ENSG00000271449
RPL15P19,ENSG00000259545
RN7SL301P,ENSG00000274169
CT45A8,ENSG00000278085
TCF12-DT,ENSG00000285331
LINC01597,ENSG00000205611
LIPC-AS1,ENSG00000259293
RPL21P14,ENSG00000242747
LINC02204,ENSG00000280639
FBXL3,ENSG00000005812
CT45A9,ENSG00000270946
MIR505,ENSG00000207633
CXorf66,ENSG00000203933
CCBE1,ENSG00000183287
MTND5P40,ENSG00000259593
HNRNPA3P3,ENSG00000214653
RN7SL727P,ENSG00000241248
RPL21P113,ENSG00000241640
MIR652,ENSG00000208013
MIR3978,ENSG00000265584
SNORD96B,ENSG00000208883
AMMECR1-IT1,ENSG00000224142
SOWAHD,ENSG00000187808
SNORA69,ENSG00000206622
RNF113A,ENSG00000125352
MIR1587,ENSG00000263972
RPS11P7,ENSG00000214047
IMPDH1P2,ENSG00000214045
FTHL17,ENSG00000132446
ZNF444P1,ENSG00000259738
RNU6-894P,ENSG00000252903
RNA5SP501,ENSG00000222922
DCAF13P3,ENSG00000259378
NPM1P8,ENSG00000236285
MIR3915,ENSG00000263600
MIR548F5,ENSG00000221348
DMD-AS3,ENSG00000236828
TBCAP1,ENSG00000226781
RN7SL667P,ENSG00000265170
OBI1,ENSG00000152193
GSPT2,ENSG00000189369
NEFM,ENSG00000104722
NETO1,ENSG00000166342
HYKK,ENSG00000188266
RNU6-504P,ENSG00000252377
LINC00237,ENSG00000225127
PGK1P1,ENSG00000228328
RNU6-1225P,ENSG00000252145
CNMD,ENSG00000136110
AKIRIN1P2,ENSG00000228125
RNU6-245P,ENSG00000206747
SSX5,ENSG00000165583
LINC01521,ENSG00000213888
HSFX3,ENSG00000283697
CSTB,ENSG00000160213
MAGEB18,ENSG00000176774
SUMO2P15,ENSG00000271236
PDCL3P1,ENSG00000226301
LINC01640,ENSG00000231253
MAGEB6,ENSG00000176746
IGLV8OR8-1,ENSG00000215177
RPL3P9,ENSG00000240540
MAGEB5,ENSG00000188408
ZFHX4,ENSG00000091656
LINC01428,ENSG00000228888
GK4P,ENSG00000178146
ATXN7L3P1,ENSG00000215168
EIF4BP9,ENSG00000237294
GATD3,ENSG00000160221
MTFR1P1,ENSG00000231356
MRRFP1,ENSG00000224236
H3P47,ENSG00000179101
LARP6,ENSG00000166173
RPL30P15,ENSG00000233357
MIR6086,ENSG00000283493
RN7SKP20,ENSG00000199622
LINC01742,ENSG00000275852
CACNG2-DT,ENSG00000234688
RNU4-52P,ENSG00000206936
RN7SL262P,ENSG00000265033
MAGEA9,ENSG00000123584
CT47A10,ENSG00000224089
ZFAS1,ENSG00000177410
TTLL1-AS1,ENSG00000230319
RNMT,ENSG00000101654
CT47A9,ENSG00000226600
RORA,ENSG00000069667
LINC01656,ENSG00000232655
TOMM22-DT,ENSG00000228274
CT47A8,ENSG00000230347
LINC00207,ENSG00000187012
MRPL9P1,ENSG00000254305
VENTXP6,ENSG00000254105
MYH9-DT,ENSG00000223695
COX6CP8,ENSG00000253231
IFITM8P,ENSG00000215096
RLIG1P3,ENSG00000250962
DPPA3P9,ENSG00000253581
PCAT14,ENSG00000280623
HNF4G,ENSG00000164749
CECR3,ENSG00000241832
HSFX2,ENSG00000268738
RFPL3S,ENSG00000205853
NCLP2,ENSG00000234228
SMIM10L2B,ENSG00000196972
ETDB,ENSG00000224107
CT55,ENSG00000169551
RPL13AP18,ENSG00000241746
HIGD1AP18,ENSG00000253952
NPM1P6,ENSG00000213881
DGKH,ENSG00000102780
UFD1-AS1,ENSG00000185065
ETDA,ENSG00000238210
SMIM10L2A,ENSG00000178947
LINC02558,ENSG00000230866
RNA5SP515,ENSG00000201440
CROCCP1,ENSG00000225769
WDR4P1,ENSG00000271158
RPL31P40,ENSG00000253964
RPL9P7,ENSG00000238103
HMGN1P37,ENSG00000229237
H2AB1,ENSG00000274183
HNRNPA1P4,ENSG00000206228
SLC2A13P1,ENSG00000254954
F8A1,ENSG00000288722
ACTBP6,ENSG00000203413
EEF1A1P31,ENSG00000237859
ZNF622P1,ENSG00000233688
FOXN3P1,ENSG00000176318
BRWD1,ENSG00000185658
H3P45,ENSG00000227211
MMP16,ENSG00000156103
RNU6-589P,ENSG00000252294
BEND7P1,ENSG00000230320
GAPDHP77,ENSG00000215000
GUCY2F,ENSG00000101890
MFN1P1,ENSG00000233874
KCNE5,ENSG00000176076
RPS5P7,ENSG00000225381
H2AB2,ENSG00000277858
F8A2,ENSG00000288709
AKR7A2P2,ENSG00000224341
COBLP1,ENSG00000231270
GYG2-AS1,ENSG00000235483
THAP7-AS1,ENSG00000230513
ARSD-AS1,ENSG00000229851
ARSH,ENSG00000205667
TPM3P3,ENSG00000254195
PSKH2,ENSG00000147613
RN7SL578P,ENSG00000239228
RPS24P21,ENSG00000230249
PGAM4,ENSG00000226784
FNDC3CP,ENSG00000223592
FAM230E,ENSG00000182824
MTND1P32,ENSG00000232282
MTND2P2,ENSG00000229954
MTCO1P19,ENSG00000237300
HMGB1P51,ENSG00000270986
EID1,ENSG00000255302
MTCO2P19,ENSG00000237628
MTATP6P19,ENSG00000228316
THRAP3P2,ENSG00000259057
MTCO3P19,ENSG00000224471
RPS15AP25,ENSG00000236191
MTND4P32,ENSG00000226056
HAUS1P3,ENSG00000253226
MTND5P26,ENSG00000234886
MTND6P32,ENSG00000227649
MTCYBP32,ENSG00000229794
RPL7L1P15,ENSG00000259208
JCHAINP1,ENSG00000253655
RNU6-1130P,ENSG00000202304
LINC02157,ENSG00000259763
PGAM1P12,ENSG00000250825
PSMA2P2,ENSG00000251234
SLC25A14,ENSG00000102078
PSMC2P2,ENSG00000253137
STAU2-AS1,ENSG00000253302
RTTN,ENSG00000176225
TRIM60P15,ENSG00000250857
KRT8P24,ENSG00000259500
TUBAP12,ENSG00000259614
IRF5P1,ENSG00000251347
RPS23P1,ENSG00000243504
DCAF4L2,ENSG00000176566
RPL6P23,ENSG00000249510
IGF1R,ENSG00000140443
SLC7A13,ENSG00000164893
ELFN2,ENSG00000243902
CA13,ENSG00000185015
MIR646HG,ENSG00000228340
OGFRP1,ENSG00000182057
RPS4XP10,ENSG00000244217
MYL12AP1,ENSG00000254387
FSBP,ENSG00000265817
TFIP11-DT,ENSG00000261188
RPS29P2,ENSG00000239281
HORMAD2-AS1,ENSG00000227117
HSPA8P11,ENSG00000248159
TMEM69P1,ENSG00000270861
MIR378D2HG,ENSG00000264448
MCF2L,ENSG00000126217
RPL34P18,ENSG00000240509
RALYL,ENSG00000184672
KIR2DL2,ENSG00000278692
EFCAB6-DT,ENSG00000261251
FAM230F,ENSG00000276095
SYN3-AS1,ENSG00000236054
CEP152,ENSG00000103995
LINC01637,ENSG00000237476
LINC01644,ENSG00000218357
UFM1P3,ENSG00000253299
CYP4F44P,ENSG00000253748
KCNV1,ENSG00000164794
MTCYBP20,ENSG00000254118
BRIX1P1,ENSG00000254025
RPL10AP3,ENSG00000215264
GPR119,ENSG00000147262
RPL7L1P17,ENSG00000255361
CYTH1P1,ENSG00000271286
METTL15P3,ENSG00000224396
CHRNB3,ENSG00000147432
RNU6-266P,ENSG00000201095
PHEX,ENSG00000102174
BNIP3P6,ENSG00000257356
TRDJ1,ENSG00000211825
TRDV2,ENSG00000211821
TRAJ60,ENSG00000249446
MTND2P38,ENSG00000253828
LARGE1-AS1,ENSG00000273082
TRDD1,ENSG00000223997
RPL30-AS1,ENSG00000245970
TRAJ54,ENSG00000211836
TRAJ49,ENSG00000211840
SRSF3P2,ENSG00000254079
TRDJ3,ENSG00000211828
UBE2HP1,ENSG00000253677
TRDD3,ENSG00000228985
TSPYL5,ENSG00000180543
TRAJ48,ENSG00000211841
TRAJ59,ENSG00000211832
TRAJ61,ENSG00000211831
TRDC,ENSG00000211829
TRAJ58,ENSG00000211833
TRDJ4,ENSG00000211826
KCNS2,ENSG00000156486
TRAJ47,ENSG00000211842
TRDJ2,ENSG00000211827
TRAJ56,ENSG00000211835
KIAA1143P1,ENSG00000259086
ARHGAP16P,ENSG00000258894
TRDD2,ENSG00000237235
TRAJ53,ENSG00000211837
KRT8P2,ENSG00000258828
TRAJ45,ENSG00000211844
PDXK,ENSG00000160209
MTCO2P4,ENSG00000253977
ATP5MC2P2,ENSG00000258401
UBOX5-AS1,ENSG00000235958
TRAJ52,ENSG00000211838
TRAJ55,ENSG00000250688
KCNB2-AS1,ENSG00000253784
TRPS1-AS1,ENSG00000227170
BTF3P1,ENSG00000254225
GLRX5P3,ENSG00000271424
NPM1P52,ENSG00000253663
TRDV3,ENSG00000256590
RPL30P10,ENSG00000243050
RPS26P6,ENSG00000212994
PLCB1-IT1,ENSG00000225479
LINC02307,ENSG00000258969
KRT8P1,ENSG00000258948
SUMO2P18,ENSG00000253639
DGCR5,ENSG00000273032
TRAJ51,ENSG00000248366
HMGN2P6,ENSG00000257179
NASPP1,ENSG00000255397
SDCBPP2,ENSG00000247570
RPS3AP46,ENSG00000226132
PSMA3P1,ENSG00000258563
PPIAP5,ENSG00000258996
SNAI2,ENSG00000019549
TRAJ57,ENSG00000211834
MAD2L1P1,ENSG00000258445
GNRHR2P1,ENSG00000259169
RPL31P4,ENSG00000213598
RPS12P15,ENSG00000240724
RPL31P41,ENSG00000239261
RPSAP48,ENSG00000240590
ATP5F1CP1,ENSG00000224004
EIF1AXP2,ENSG00000258980
MTND1P5,ENSG00000253795
RPL17P2,ENSG00000242135
NRBF2P4,ENSG00000253228
SIX6,ENSG00000184302
SUMO2P20,ENSG00000253721
NSA2P4,ENSG00000259750
FER1L6-AS1,ENSG00000181171
TFDP1P3,ENSG00000259493
MAGEB2,ENSG00000099399
NMNAT1P5,ENSG00000259573
SIX4,ENSG00000100625
MAGEB4,ENSG00000120289
MRPS36P3,ENSG00000253814
PLCE1P1,ENSG00000276940
FBXO43,ENSG00000156509
GABRE,ENSG00000102287
MIR5701-3,ENSG00000264902
RNU6-631P,ENSG00000200790
RNA5SP390,ENSG00000222123
MIR4715,ENSG00000266517
MIR3118-4,ENSG00000265793
MIR4510,ENSG00000265098
MIR3942,ENSG00000265102
RNU6-1014P,ENSG00000238456
RN7SKP101,ENSG00000223308
RNU1-119P,ENSG00000212424
RN7SKP139,ENSG00000222343
RNA5SP394,ENSG00000201086
RN7SL577P,ENSG00000265942
SALL4P7,ENSG00000258692
SUMO2P19,ENSG00000253328
MIR4716,ENSG00000264210
RN7SL307P,ENSG00000243338
CCDC175,ENSG00000151838
RN7SL494P,ENSG00000241175
RN7SL568P,ENSG00000239703
RN7SKP95,ENSG00000199730
CABP7-DT,ENSG00000232396
LINC01181,ENSG00000250929
SNORD3P1,ENSG00000200318
RNA5SP397,ENSG00000212625
MIR2116,ENSG00000253030
RNU4-80P,ENSG00000200070
RNU6-212P,ENSG00000199512
EEF1A1P37,ENSG00000254124
LINC01310,ENSG00000205632
RNU6-1,ENSG00000206625
NDUFS5P6,ENSG00000255531
RNU6-745P,ENSG00000200216
MIR629,ENSG00000207965
RN7SL429P,ENSG00000278604
MTND1P7,ENSG00000282321
MIR6882,ENSG00000275411
RNU6-380P,ENSG00000222139
MIR4513,ENSG00000264386
MIR5572,ENSG00000284059
MIR3713,ENSG00000266449
RN7SKP217,ENSG00000201510
MIR1179,ENSG00000221630
RNU6-185P,ENSG00000207150
MIR7-2,ENSG00000207703
MIR3529,ENSG00000283484
FAM230I,ENSG00000178248
MIR1469,ENSG00000283888
RN7SKP254,ENSG00000222617
RNU2-3P,ENSG00000222076
SNORD116-29,ENSG00000207245
SNORD116-30,ENSG00000252277
PWAR1,ENSG00000279050
SNORD115,ENSG00000212428
NCALD,ENSG00000104490
DMAC1P1,ENSG00000270814
SNORD115-1,ENSG00000201831
SNORD115-2,ENSG00000199712
SNORD115-3,ENSG00000199970
SCOCP1,ENSG00000258896
SNORD115-4,ENSG00000200680
SNORD115-5,ENSG00000200503
SNORD115-6,ENSG00000200812
SNORD115-7,ENSG00000278089
SNORD115-8,ENSG00000200726
SNORD115-9,ENSG00000199782
SNORD115-10,ENSG00000201943
SNORD115-11,ENSG00000200486
SNORD115-12,ENSG00000199453
PCNX1,ENSG00000100731
SNORD115-13,ENSG00000273835
SNORD115-14,ENSG00000199960
SNORD115-15,ENSG00000201679
SNORD115-16,ENSG00000200757
SNORD115-17,ENSG00000201482
SNORD115-18,ENSG00000200163
SNORD115-19,ENSG00000199968
SNORD115-20,ENSG00000201969
MIR224,ENSG00000284363
MIR452,ENSG00000283751
SNORD115-21,ENSG00000199833
SNORD115-22,ENSG00000201326
FRMPD3,ENSG00000147234
SNORD115-23,ENSG00000201331
SNORD115-24,ENSG00000200398
SNORD115-25,ENSG00000199489
SNORD115-26,ENSG00000275524
SNORD115-27,ENSG00000201300
SNORD115-28,ENSG00000200801
SNORD115-29,ENSG00000199704
SNORD115-30,ENSG00000200987
SNORD115-31,ENSG00000202188
SNORD115-32,ENSG00000200949
SNORD115-33,ENSG00000200593
SNORD115-34,ENSG00000199311
SNORD115-35,ENSG00000201992
SNORD115-36,ENSG00000202499
SNORD115-37,ENSG00000200638
SNORD115-38,ENSG00000201907
SNORD115-39,ENSG00000200564
SNORD115-40,ENSG00000272460
SNORD115-41,ENSG00000200478
SNORD115-42,ENSG00000201143
SNORD115-43,ENSG00000202373
SNORD115-44,ENSG00000202261
SNORD115-45,ENSG00000212380
SNORD115-46,ENSG00000276844
SNORD115-47,ENSG00000212528
SNORD115-48,ENSG00000201634
TYMS,ENSG00000176890
SNORD109B,ENSG00000239169
SEPHS1P4,ENSG00000230146
FXYD6P3,ENSG00000182707
SHISA5P2,ENSG00000203397
UHRF2P1,ENSG00000223650
RNU6-90P,ENSG00000272337
DDX3P1,ENSG00000232928
DDX3P2,ENSG00000230986
MKRN5P,ENSG00000224430
SDCBPP3,ENSG00000232801
RPL32P36,ENSG00000189145
STRC,ENSG00000242866
RPS2P55,ENSG00000216866
CLIC4P3,ENSG00000237931
TRMT2B-AS1,ENSG00000225839
TMEM35A,ENSG00000126950
YWHAQP8,ENSG00000231643
SAT1,ENSG00000130066
OR13H1,ENSG00000171054
SPACA5B,ENSG00000171478
STARD8,ENSG00000130052
ARF1P3,ENSG00000253885
SLEAR,ENSG00000248599
RPL29P18,ENSG00000240271
CYCSP23,ENSG00000253495
ODF1,ENSG00000155087
CYB5A,ENSG00000166347
RPL17P31,ENSG00000241961
NDUFA5P2,ENSG00000253454
RPS10P16,ENSG00000239917
LINC03084,ENSG00000254041
RPS20P20,ENSG00000241942
SNTB1-AS1,ENSG00000272502
MTCO1P4,ENSG00000253556
MAGEB3,ENSG00000198798
CXorf49B,ENSG00000215113
PDCL3P2,ENSG00000282989
RPL30P16,ENSG00000230169
H2AZP2,ENSG00000253173
TRMT10BP1,ENSG00000253580
OPN1MW2,ENSG00000166160
PRXL2AP2,ENSG00000254213
NACAP10,ENSG00000254253
PPIAP86,ENSG00000213873
B3GALT5,ENSG00000183778
SOD1P3,ENSG00000253651
TRAPPC2P2,ENSG00000253124
ATP5PFP3,ENSG00000254112
PGAM1P13,ENSG00000248838
BHLHE22,ENSG00000180828
GPHB5,ENSG00000179600
NDUFB9P3,ENSG00000253994
FAM236D,ENSG00000225396
KCNB2,ENSG00000182674
ACTRT1,ENSG00000123165
CXorf49,ENSG00000215115
ATP5F1AP4,ENSG00000258877
BTF3P12,ENSG00000213003
SALRNA1,ENSG00000258952
TMCC1P1,ENSG00000253318
CCDC177,ENSG00000267909
RPS26P35,ENSG00000242206
PTCSC1,ENSG00000287736
CTAG1B,ENSG00000184033
RPL36AP31,ENSG00000227753
CARS1P2,ENSG00000253756
RPSAP74,ENSG00000253621
KCNH5,ENSG00000140015
CTAG2,ENSG00000126890
LINC01299,ENSG00000254081
PMAIP1,ENSG00000141682
PKHD1L1,ENSG00000205038
TTC39C,ENSG00000168234
AMOT,ENSG00000126016
RNU6-554P,ENSG00000222398
USP25,ENSG00000155313
RNU6-610P,ENSG00000206991
LINC01589,ENSG00000238120
PDIA3P2,ENSG00000224677
PPIP5K1P1,ENSG00000249839
SKA3,ENSG00000165480
RNU6-353P,ENSG00000201136
RNU6-354P,ENSG00000206589
ELL3,ENSG00000128886
PARP1P2,ENSG00000258995
AKR1B1P5,ENSG00000258685
PTTG1P1,ENSG00000258571
RAP1AP,ENSG00000258769
MIRLET7BHG,ENSG00000197182
RMB8AP1,ENSG00000258427
TUBBP3,ENSG00000258406
NCOA4P1,ENSG00000258629
RPL23AP71,ENSG00000237450
PAGE3,ENSG00000204279
SPTSSA,ENSG00000165389
PTPRT-DT,ENSG00000233508
SSX4B,ENSG00000269791
GTF3AP2,ENSG00000258966
HNRNPUP1,ENSG00000259051
RPL9P6,ENSG00000241891
YBX1P1,ENSG00000224861
RPL21P8,ENSG00000180662
SLC35F4,ENSG00000151812
MPC1L,ENSG00000238205
METTL4,ENSG00000101574
MIR1282,ENSG00000221792
TARM1,ENSG00000274889
DMRTC1B,ENSG00000184911
SNORD13E,ENSG00000238311
MIR4511,ENSG00000264737
VSTM1,ENSG00000276159
HNRNPA1P44,ENSG00000249271
PDS5B,ENSG00000083642
FTH1P13,ENSG00000258960
RNU6-18P,ENSG00000207257
RPL21P11,ENSG00000242571
OR7E159P,ENSG00000258849
DNM1P31,ENSG00000261491
RN7SL185P,ENSG00000275776
EIF3LP1,ENSG00000258501
COILP1,ENSG00000259100
TRAJ50,ENSG00000211839
KRT8P4,ENSG00000248231
GOLGA8O,ENSG00000206127
RPL32P4,ENSG00000243761
FKBP1BP1,ENSG00000258536
LY6D,ENSG00000167656
CAP2P1,ENSG00000259151
RPS19P3,ENSG00000240463
RAB42P1,ENSG00000230997
ENSAP2,ENSG00000259032
UBA52P3,ENSG00000243023
CYB5AP5,ENSG00000257503
LINC01639,ENSG00000236117
XG,ENSG00000124343
CLEC14A,ENSG00000176435
TG,ENSG00000042832
LINC02939,ENSG00000235159
LINC01271,ENSG00000233077
RN7SL539P,ENSG00000274076
GOLGA6L23P,ENSG00000261375
NKX2-4,ENSG00000125816
ZNRF3-AS1,ENSG00000177993
NLRP2,ENSG00000275399
RGS6,ENSG00000182732
RN7SL214P,ENSG00000242066
SNORA63,ENSG00000199633
RN7SKP140,ENSG00000223128
RPL5P3,ENSG00000242276
HMGB1P6,ENSG00000259781
GSTM3P1,ENSG00000227693
NKX2-2,ENSG00000125820
NKX2-2-AS1,ENSG00000258197
LINC01727,ENSG00000279082
GP6,ENSG00000274566
LINC02885,ENSG00000286592
PIN4P1,ENSG00000227973
C18orf54,ENSG00000166845
LINC01634,ENSG00000235295
MRPL32P2,ENSG00000229037
H2BW1,ENSG00000123569
PCDH11X,ENSG00000102290
OSCAR,ENSG00000275644
H3P29,ENSG00000228783
RCL1,ENSG00000120158
SNX33,ENSG00000173548
LINC01643,ENSG00000236052
CATSPER2,ENSG00000166762
BETALINC1,ENSG00000233492
LINC01726,ENSG00000280350
RPS9,ENSG00000278081
NDUFA3,ENSG00000276220
TFPT,ENSG00000276323
KRT18P4,ENSG00000229222
RNU6-147P,ENSG00000206710
SNAI1,ENSG00000124216
PNMA3,ENSG00000183837
SCREEM1,ENSG00000293596
PRPF31,ENSG00000275117
RDH13,ENSG00000275474
DMRTC1,ENSG00000269502
TRERNA1,ENSG00000231265
NLRP7,ENSG00000277776
TRABD-AS1,ENSG00000273253
F9,ENSG00000101981
LINC01311,ENSG00000260924
CNOT3,ENSG00000274176
HNRNPA1P41,ENSG00000220937
RPS29P33,ENSG00000226470
JKAMPP1,ENSG00000231491
LINC01638,ENSG00000233521
PABPC1P11,ENSG00000228810
BRD10,ENSG00000183354
MBOAT7,ENSG00000277733
NCF4-AS1,ENSG00000183822
LINC00656,ENSG00000233746
EPIC1,ENSG00000224271
TSEN34,ENSG00000275165
HAUS1,ENSG00000152240
RPS27AP14,ENSG00000236594
AKAP8P1,ENSG00000234146
LINC03125,ENSG00000230387
LENG1,ENSG00000276774
FTH1P12,ENSG00000213362
DMRTA1,ENSG00000176399
TMC4,ENSG00000276260
RPL31P42,ENSG00000237083
LRRC37A,ENSG00000278742
MTCO3P30,ENSG00000229080
LINC01242,ENSG00000280683
RNU6ATAC23P,ENSG00000221375
RPSAP60,ENSG00000228965
CLIC4P1,ENSG00000236739
DEPDC1P1,ENSG00000259358
TPMTP3,ENSG00000232562
SAMM50P1,ENSG00000224488
RPL32P2,ENSG00000243094
SNORA11E,ENSG00000221705
SNORA11D,ENSG00000221475
PGBD4,ENSG00000182405
HMGB3P23,ENSG00000235148
RNU6-203P,ENSG00000206765
RPS24P19,ENSG00000227008
RPSAP63,ENSG00000233260
GPC3-AS1,ENSG00000286096
RPS26P2,ENSG00000233278
CHCHD4P3,ENSG00000236156
TIMM8BP2,ENSG00000224908
LURAP1L,ENSG00000153714
LARP1BP3,ENSG00000232664
FLICR,ENSG00000286181
RNU7-195P,ENSG00000239151
HMGB1P8,ENSG00000259699
LINC01627,ENSG00000224648
FMR1-IT1,ENSG00000236337
MIR6766,ENSG00000275101
FMR1NB,ENSG00000176988
HMGN2P16,ENSG00000231376
MIR9-3,ENSG00000284329
BOLA3P4,ENSG00000223807
ASS1P12,ENSG00000237437
SLC4A1APP1,ENSG00000232060
KCTD9P3,ENSG00000187988
RBPJP6,ENSG00000227924
RNA5SP524,ENSG00000201285
FTH1P8,ENSG00000219507
FTLP4,ENSG00000214020
ATP5F1AP1,ENSG00000234861
ATP5F1AP10,ENSG00000277297
MAGEA10,ENSG00000124260
FKBP4P7,ENSG00000235256
LRRC37A3,ENSG00000275621
GML,ENSG00000104499
LILRA3,ENSG00000273884
PAX5,ENSG00000196092
TMX1P2,ENSG00000271113
H2AZP7,ENSG00000253156
CD93,ENSG00000125810
SLC12A6,ENSG00000140199
XAGE3,ENSG00000171402
LYPD2,ENSG00000197353
BBLNP1,ENSG00000270838
FRG1EP,ENSG00000282995
ZNHIT1P1,ENSG00000253421
LILRA5,ENSG00000278355
FRMD7,ENSG00000165694
RPL21P78,ENSG00000240237
SLURP1,ENSG00000126233
RPS27AP2,ENSG00000232333
FRG1DP,ENSG00000282870
PROSER1,ENSG00000120685
LYNX1-SLURP2,ENSG00000284505
MXRA5,ENSG00000101825
MLLT10P1,ENSG00000238151
FRG1BP,ENSG00000149531
MAPK6P1,ENSG00000206144
LILRA4,ENSG00000276798
ASS1P4,ENSG00000213487
GAGE12D,ENSG00000227488
KNOP1P5,ENSG00000250563
GAGE12E,ENSG00000216649
PSLNR,ENSG00000225255
CSMD3,ENSG00000164796
LAIR1,ENSG00000276163
LINC00898,ENSG00000205634
GAGE12G,ENSG00000215269
RBBP8,ENSG00000101773
RARRES2P11,ENSG00000283123
PIEZO1P2,ENSG00000237121
GAGE12H,ENSG00000224902
RPS10P5,ENSG00000101278
VN1R108P,ENSG00000230772
GAGE1,ENSG00000205777
LINC00895,ENSG00000281548
GAGE10,ENSG00000215274
GAGE12J,ENSG00000224659
CDK8,ENSG00000132964
FAM182B,ENSG00000175170
NDUFV3,ENSG00000160194
GABRQ,ENSG00000268089
RDM1P2,ENSG00000281797
STH,ENSG00000281139
MAGEA6-DT,ENSG00000286051
PNMA5,ENSG00000198883
KCNE1,ENSG00000180509
PPIAP91,ENSG00000228728
MORF4L1P5,ENSG00000231857
PRXL2CP1,ENSG00000237963
NHS,ENSG00000188158
LINC01315,ENSG00000229891
RPL7P54,ENSG00000227645
NT5DC1P2,ENSG00000214961
RPL36AP54,ENSG00000226107
MIR450B,ENSG00000216001
MIR450A1,ENSG00000199132
MIR450A2,ENSG00000207755
MIR542,ENSG00000207784
MIR503,ENSG00000208005
MIR424,ENSG00000284231
RPL21P133,ENSG00000236509
LINC02925,ENSG00000234869
RPS7P12,ENSG00000237432
RNU4-44P,ENSG00000199920
VPS26C,ENSG00000157538
MRPS18CP7,ENSG00000235916
RNA5SP505,ENSG00000201618
FAM120C,ENSG00000184083
HDHD5-AS1,ENSG00000185837
NUP50-DT,ENSG00000226328
SIRPB3P,ENSG00000223750
RPL37P24,ENSG00000224949
RPL7AP71,ENSG00000234566
TMEM185A,ENSG00000269556
KRT18P40,ENSG00000277976
ZNF430,ENSG00000278780
DACH2,ENSG00000126733
MTCO1P2,ENSG00000259045
LINC00520,ENSG00000258791
FAM182A,ENSG00000125804
ZNF85,ENSG00000278091
MTCYBP27,ENSG00000259012
EEF1A1P2,ENSG00000258841
YWHAQP1,ENSG00000258934
FOXN3-AS1,ENSG00000258920
MTND4P33,ENSG00000258762
OR7K1P,ENSG00000258275
DNAJC19P9,ENSG00000258608
CCDC85C,ENSG00000205476
SNTB1,ENSG00000172164
ATXN3L,ENSG00000123594
VCX3B,ENSG00000205642
IMPA2,ENSG00000141401
BNIP3P24,ENSG00000280428
ZNF66,ENSG00000275050
ARHGEF7,ENSG00000102606
GRK3-AS1,ENSG00000234884
BRCC3,ENSG00000185515
DOP1B,ENSG00000142197
DNAJC8P3,ENSG00000254183
RFPL4AP5,ENSG00000248720
NCAPGP1,ENSG00000250290
RPL21P79,ENSG00000240919
FOXN3-AS4,ENSG00000258380
RPL19P14,ENSG00000240870
MTCO1P47,ENSG00000254241
MTND5P35,ENSG00000258923
HAS2,ENSG00000170961
CHORDC2P,ENSG00000259050
SLC35F4-AS1,ENSG00000259039
RPL35AP19,ENSG00000239872
YWHAH-AS1,ENSG00000128254
RN7SKP159,ENSG00000222589
RN7SL318P,ENSG00000242079
RPL23AP10,ENSG00000240051
RNA5SP251,ENSG00000222546
IGHVIII-16-1,ENSG00000283948
RN7SL474P,ENSG00000264092
RNU7-153P,ENSG00000252264
RNU6-397P,ENSG00000252035
MIR383,ENSG00000199127
RNU4-71P,ENSG00000252067
MIR3148,ENSG00000264788
RN7SL621P,ENSG00000240189
RNU6-1218P,ENSG00000239175
RNA5SP260,ENSG00000200719
MIR548H4,ENSG00000221616
RNA5SP258,ENSG00000199620
RN7SL457P,ENSG00000263794
RNU6-528P,ENSG00000252735
RNU6-533P,ENSG00000206871
SNORD65B,ENSG00000238936
RNU6-295P,ENSG00000252710
RN7SKP32,ENSG00000222099
RNU6-356P,ENSG00000206867
SNORD13,ENSG00000239039
FAM47A,ENSG00000185448
RNA5SP531,ENSG00000277418
XIAP-AS1,ENSG00000237331
RN7SKP294,ENSG00000199640
LINC01716,ENSG00000225657
RNU6-122P,ENSG00000252627
MIR548AO,ENSG00000263372
PARD6BP1,ENSG00000237025
ZNF43,ENSG00000279566
RNU6-895P,ENSG00000206852
ZIK1P1,ENSG00000237426
RNU6-819P,ENSG00000200986
RNA5SP267,ENSG00000201763
RNU6-596P,ENSG00000202265
HSPA8P20,ENSG00000234564
RNU6-13P,ENSG00000206975
TEX13D,ENSG00000282419
RN7SL675P,ENSG00000239580
NPM1P34,ENSG00000232054
RNU1-101P,ENSG00000212473
ZNF100,ENSG00000274746
CNGA2,ENSG00000183862
RN7SKP29,ENSG00000222889
IGHV3-64D,ENSG00000282639
MIR124-2,ENSG00000207816
RN7SL19P,ENSG00000243532
IGHVII-30-21,ENSG00000283607
RPS4XP3,ENSG00000214541
RNU6-656P,ENSG00000252594
RNU6-1146P,ENSG00000252091
RN7SL203P,ENSG00000275128
PEBP1P1,ENSG00000259059
RN7SL170P,ENSG00000241821
B4GALT6,ENSG00000118276
PTMAP6,ENSG00000237000
RNA5SP271,ENSG00000252509
RNA5SP269,ENSG00000239184
RNA5SP270,ENSG00000223293
RNU2-54P,ENSG00000222231
RNA5SP272,ENSG00000251904
LINC00896,ENSG00000236499
MIR8084,ENSG00000277063
MIR5708,ENSG00000265588
RNY3P14,ENSG00000207036
RNU6-1040P,ENSG00000206701
CCNYL6,ENSG00000279280
RNU6-690P,ENSG00000202112
MIR378D2,ENSG00000284288
RN7SL685P,ENSG00000242315
RNU6-1220P,ENSG00000252935
VN1R84P,ENSG00000280218
RPL32P21,ENSG00000125385
RNU6-703P,ENSG00000252755
MTDHP4,ENSG00000280066
SNORD3H,ENSG00000207215
CLBA1,ENSG00000140104
RNA5SP274,ENSG00000222416
BRI3BPP1,ENSG00000279112
CDCA7P2,ENSG00000235707
RNU6-748P,ENSG00000207378
RN7SL41P,ENSG00000241550
TCEA1P4,ENSG00000236184
SNORA72,ENSG00000207067
RPL21P84,ENSG00000228781
LINC02891,ENSG00000249923
SNORD77B,ENSG00000212414
RNU6ATAC8P,ENSG00000221387
HSPA8P17,ENSG00000228557
RNU6-914P,ENSG00000252558
RPS27AP17,ENSG00000237490
RNU6-1224P,ENSG00000252593
MIR4767,ENSG00000264268
MIR5680,ENSG00000266756
RNA5SP275,ENSG00000200806
CHIC1,ENSG00000204116
RNA5SP276,ENSG00000199450
RNU6-12P,ENSG00000207334
RNU7-67P,ENSG00000239115
RN7SL228P,ENSG00000244033
RN7SL826P,ENSG00000240151
MIR2053,ENSG00000238399
MIR548AZ,ENSG00000276479
FKBP4P6,ENSG00000268234
RNU4-83P,ENSG00000222795
SLC28A3,ENSG00000197506
SNHG17,ENSG00000196756
RNU4-37P,ENSG00000222146
MIR7848,ENSG00000276961
MIR3149,ENSG00000266712
MIR1302-7,ENSG00000221768
RNU6-442P,ENSG00000206695
NPBWR1,ENSG00000288611
RNF5P1,ENSG00000253570
C8orf17,ENSG00000250733
MIR1205,ENSG00000221771
RNVU1-32,ENSG00000207110
MIR1206,ENSG00000283200
RNU4-25P,ENSG00000222501
HAPSTR2,ENSG00000230707
MIR1207,ENSG00000221176
LINC02912,ENSG00000280055
SSX2,ENSG00000241476
GLRXP2,ENSG00000258544
AHNAK2,ENSG00000185567
RNA5SP264,ENSG00000199985
LINC02886,ENSG00000253712
HIGD1AP6,ENSG00000253229
PKMP4,ENSG00000254023
CCN4,ENSG00000104415
SDR42E1P2,ENSG00000277213
OR7E105P,ENSG00000258423
MTCO3P40,ENSG00000228046
IGHV5-10-1,ENSG00000282651
HNRNPA1P14,ENSG00000227638
LINC02312,ENSG00000258869
TRAPPC8,ENSG00000153339
IGHV3-32,ENSG00000254289
SLC28A3-AS1,ENSG00000233262
RPS20P25,ENSG00000228375
VCX,ENSG00000182583
TYRP1,ENSG00000107165
RPL32P20,ENSG00000243537
DPPA3P7,ENSG00000253638
RPL10L,ENSG00000165496
MIR5681A,ENSG00000266502
MIR5681B,ENSG00000283505
PCBP2P2,ENSG00000253341
MIR2052,ENSG00000283188
LINC00226,ENSG00000276210
ABRAXAS1P2,ENSG00000253384
MTND4LP26,ENSG00000254015
FOXN3-AS2,ENSG00000259073
SERTM2,ENSG00000260802
CEACAM4,ENSG00000274131
XRCC6P4,ENSG00000253517
RNU6-1189P,ENSG00000206685
RNU12-2P,ENSG00000201659
SRPK2P,ENSG00000253431
ITPK1P1,ENSG00000237351
INE1,ENSG00000224975
GTF3C6P2,ENSG00000213569
TARDBPP4,ENSG00000253555
MYCLP1,ENSG00000204053
IGHVII-28-1,ENSG00000253149
TRAJ46,ENSG00000211843
DNAJA1P3,ENSG00000215007
RN7SL135P,ENSG00000241964
RNU6-458P,ENSG00000206906
PI15,ENSG00000137558
RNU1-27P,ENSG00000206596
RN7SL660P,ENSG00000278746
RNU6-8,ENSG00000202337
MIR3171,ENSG00000264657
PLEKHA3P1,ENSG00000274857
RNU6-1261P,ENSG00000253003
RNA5SP385,ENSG00000251756
DNAJC19P2,ENSG00000281505
RNU6-7,ENSG00000201654
CEACAM21,ENSG00000278565
RNU6-301P,ENSG00000207004
MIR5580,ENSG00000266431
ATP7A,ENSG00000165240
MIR4708,ENSG00000266740
RN7SL598P,ENSG00000243700
GNA14,ENSG00000156049
RN7SKP99,ENSG00000252837
MIR5586,ENSG00000263629
SNORD56B,ENSG00000207444
RN7SL683P,ENSG00000242330
RNU1-28P,ENSG00000206588
RNU6-552P,ENSG00000199739
MIR625,ENSG00000207781
RNU6-976P,ENSG00000251895
RNU6ATAC28P,ENSG00000238561
MIR4709,ENSG00000283944
RNU7-30P,ENSG00000252644
SNORA11B,ENSG00000221102
RN7SKP107,ENSG00000201027
RN7SKP255,ENSG00000200312
RN7SL714P,ENSG00000241757
RNU2-33P,ENSG00000222276
RNU6-91P,ENSG00000272439
TRAJ44,ENSG00000211845
TSPEAR,ENSG00000175894
TRAJ43,ENSG00000211846
TRAJ42,ENSG00000211847
TRAJ41,ENSG00000211848
MIR6841,ENSG00000283327
FOXD4L3,ENSG00000187559
TRAJ40,ENSG00000211849
RN7SKP206,ENSG00000222755
MIR3686,ENSG00000263763
MTRF1LP2,ENSG00000224110
TRAJ39,ENSG00000211850
TRAJ37,ENSG00000278661
TRAJ36,ENSG00000276699
MIR7112,ENSG00000284054
ATP5F1AP7,ENSG00000241571
FAM74A7,ENSG00000277260
TRAJ35,ENSG00000211854
TRAJ34,ENSG00000211855
RPL21P85,ENSG00000231804
TRAJ33,ENSG00000211856
TRAJ32,ENSG00000211857
TRAJ31,ENSG00000211858
RPL21P83,ENSG00000230188
TRAJ30,ENSG00000211859
GNA14-AS1,ENSG00000231373
TRAJ29,ENSG00000211860
DNAJC19P3,ENSG00000281659
TRAJ28,ENSG00000211861
TPM3P5,ENSG00000276944
MTCO1P51,ENSG00000232981
TRAJ27,ENSG00000211862
TRAJ26,ENSG00000211863
LINC01480,ENSG00000280540
TRAJ25,ENSG00000211864
CDRT15P7,ENSG00000268951
TRAJ24,ENSG00000211865
TRAJ23,ENSG00000211866
CEACAM7,ENSG00000280501
TRAJ22,ENSG00000211867
SDR42E1P4,ENSG00000273849
ASS1P3,ENSG00000233947
TRAJ21,ENSG00000211868
PA2G4P6,ENSG00000231799
OR7E31P,ENSG00000185074
TRAJ20,ENSG00000211869
SDR42E1P3,ENSG00000234276
TRAJ19,ENSG00000211870
TRAJ18,ENSG00000211871
MTND3P4,ENSG00000230302
TRAJ17,ENSG00000211872
TRAJ16,ENSG00000211873
TRAJ14,ENSG00000211875
LINC00583,ENSG00000205636
CEACAMP3,ENSG00000280470
TRAJ13,ENSG00000211876
TRAJ12,ENSG00000211877
IL6RP1,ENSG00000234910
TRAJ11,ENSG00000211878
TRAJ10,ENSG00000211879
RBPJP2,ENSG00000274181
TRAJ9,ENSG00000211880
TRAJ8,ENSG00000211881
TRAJ7,ENSG00000211882
GRIN3A,ENSG00000198785
TRAJ6,ENSG00000211883
SLX9,ENSG00000160256
TRAJ5,ENSG00000211884
TRAJ4,ENSG00000211885
TRAJ3,ENSG00000211886
TRAJ2,ENSG00000211887
TRAJ1,ENSG00000211888
TRAC,ENSG00000277734
OR6E1P,ENSG00000235213
KIAA1671-AS1,ENSG00000203280
PSMB11,ENSG00000222028
THTPA,ENSG00000259431
RPL7AP46,ENSG00000233555
NATP,ENSG00000253937
CYLC2,ENSG00000155833
NHIP,ENSG00000286381
MYO18B-AS1,ENSG00000231933
SLC45A4-AS1,ENSG00000254019
SLC45A4-AS2,ENSG00000254197
OR7E116P,ENSG00000225072
RN7SL798P,ENSG00000240905
RN7SL323P,ENSG00000241997
BARX1,ENSG00000131668
SNORD54,ENSG00000238650
NPM1P21,ENSG00000248578
SNORA71,ENSG00000277034
SNORA71B,ENSG00000235408
MOS,ENSG00000172680
SNORA71A,ENSG00000225091
SNORA71C,ENSG00000201512
SNORA71D,ENSG00000200354
TRAJ38,ENSG00000211851
TCL1A,ENSG00000100721
FAM230A,ENSG00000277870
LINC02578,ENSG00000235201
GAPDHP26,ENSG00000229541
MTND2P9,ENSG00000225901
TUBB4BP6,ENSG00000231166
ARL2BPP7,ENSG00000230418
SLC25A6P2,ENSG00000232203
BNIP3P4,ENSG00000271225
SNHG11,ENSG00000174365
IGKV1OR-2,ENSG00000156755
KRT18P66,ENSG00000235626
CXADR,ENSG00000154639
FAM230D,ENSG00000187979
NDRG1,ENSG00000104419
VPS13A,ENSG00000197969
FAM230J,ENSG00000274044
COX6CP11,ENSG00000258668
RPL21P10,ENSG00000239272
ZMYND19P1,ENSG00000258917
LINC02914,ENSG00000176605
ZSCAN30,ENSG00000186814
SBNO2,ENSG00000278788
SNRPGP1,ENSG00000258577
RN7SL452P,ENSG00000243103
LINC00229,ENSG00000234300
ZFP64P1,ENSG00000258491
METTL5P1,ENSG00000258587
RNU6-689P,ENSG00000206924
MORC2-AS1,ENSG00000235989
HIF1AP1,ENSG00000258978
RNU4ATAC14P,ENSG00000252013
RPSAP4,ENSG00000239269
GSC-DT,ENSG00000285205
RPL15P2,ENSG00000240914
EFCAB6-AS1,ENSG00000223843
ADIPOR1P2,ENSG00000258805
PCGF7P,ENSG00000275641
ZNF729,ENSG00000279552
RNU6ATAC9P,ENSG00000252019
MIR4308,ENSG00000265432
ZNF676,ENSG00000276219
FDPSP3,ENSG00000258872
RPSAP13,ENSG00000233924
TGIF1,ENSG00000177426
ZNF92P2,ENSG00000274875
MTDHP5,ENSG00000279661
VN1R85P,ENSG00000280210
BNIP3P31,ENSG00000279984
BNIP3P30,ENSG00000279350
LINC02554,ENSG00000226741
MRPS31,ENSG00000102738
GJA6P,ENSG00000236187
RS1,ENSG00000102104
PTCD2P1,ENSG00000258456
BLOC1S6P1,ENSG00000196564
HAUS1P2,ENSG00000224224
SETP1,ENSG00000258863
PHKA2-AS1,ENSG00000237836
RN7SL48P,ENSG00000266710
SUPT20HL1,ENSG00000223731
RNASE11-AS1,ENSG00000258573
RNU6-1056P,ENSG00000206723
GLOD5,ENSG00000171433
LINC01665,ENSG00000235343
RNU6-29P,ENSG00000207367
ERAS,ENSG00000187682
OR6S1,ENSG00000181803
LINC02559,ENSG00000236464
RNU6-722P,ENSG00000223309
RANBP20P,ENSG00000259144
SNORA11G,ENSG00000221750
PRMT2,ENSG00000160310
SUPT20HL2,ENSG00000223611
EDDM3DP,ENSG00000258963
SNRPEP9,ENSG00000214124
PRKCIP1,ENSG00000237682
EDDM3A,ENSG00000181562
ARMCX3-AS1,ENSG00000228275
RNU6-30P,ENSG00000207291
PDXP-DT,ENSG00000233360
EDDM3B,ENSG00000181552
RNU6-587P,ENSG00000212584
ARMCX4,ENSG00000196440
RNASE2,ENSG00000169385
STARD13,ENSG00000133121
RN7SL189P,ENSG00000243817
SLC39A2,ENSG00000165794
LIF-AS1,ENSG00000232530
EIF5P1,ENSG00000215319
HMGN1P33,ENSG00000230326
FRMPD4,ENSG00000169933
MIR6717,ENSG00000284122
FAM230G,ENSG00000188280
TPPP2,ENSG00000179636
RPS26P56,ENSG00000226339
LINC02063,ENSG00000250921
RNA5SP513,ENSG00000201518
SNORA36A,ENSG00000206948
MIR664B,ENSG00000284450
SNORA56,ENSG00000206693
SMIM9,ENSG00000203870
RNASE13,ENSG00000206150
ICE1,ENSG00000164151
MIR1184-1,ENSG00000221533
ARL5AP1,ENSG00000227864
RNASE7,ENSG00000165799
KIAA1210,ENSG00000250423
RNASE8,ENSG00000173431
CKAP2P1,ENSG00000258722
RNU6-252P,ENSG00000200102
OR5AU1,ENSG00000169327
TIMM21,ENSG00000075336
CXorf51A,ENSG00000224440
SPACA5,ENSG00000171489
SMARCE1P3,ENSG00000259102
CT45A7,ENSG00000273696
LINC00641,ENSG00000258441
SNORD9,ENSG00000199436
HMGB3P26,ENSG00000259428
RPSAP5,ENSG00000243904
RPL10AP1,ENSG00000244691
RNU7-160P,ENSG00000252469
LAGE3,ENSG00000196976
MIR23C,ENSG00000264566
RNU4-68P,ENSG00000201184
KLC1-AS1,ENSG00000246451
EIF1AX-AS1,ENSG00000225037
RNU6-98P,ENSG00000206900
HS6ST2-AS1,ENSG00000235849
NAA20P1,ENSG00000227064
EIF4A1P12,ENSG00000257662
USP26,ENSG00000134588
NDUFA11,ENSG00000292058
BTF3P2,ENSG00000258282
TNRC6B-DT,ENSG00000261202
MTCO1P31,ENSG00000251476
TGFB3-AS1,ENSG00000258876
VMAC,ENSG00000292061
MARCHF11,ENSG00000183654
TMSB15B-AS1,ENSG00000231728
ADARB2,ENSG00000185736
FUT3,ENSG00000292063
RPL13P6,ENSG00000213176
RPL21P12,ENSG00000259535
MIR3667HG,ENSG00000188511
GCSHP2,ENSG00000259525
LILRB3,ENSG00000277816
MTCO1P30,ENSG00000248729
RPL21P13,ENSG00000242837
RPL17P4,ENSG00000240624
SNORA28,ENSG00000272533
MIR3173,ENSG00000264607
HMGB3P3,ENSG00000250730
HS6ST2,ENSG00000171004
CEND1P1,ENSG00000213159
CHCHD3P1,ENSG00000236420
HSP90AB7P,ENSG00000235838
H2AL1Q,ENSG00000249467
IGBP1-AS1,ENSG00000203588
DGAT2L6,ENSG00000184210
MTND1P37,ENSG00000283456
MYO10,ENSG00000145555
NDC80,ENSG00000080986
RN7SL581P,ENSG00000242657
AWAT1,ENSG00000204195
HMGN1P20,ENSG00000239539
LINC02280,ENSG00000260792
ACBD7,ENSG00000176244
MIR4710,ENSG00000265291
RNA5SP507,ENSG00000200473
RNU4-22P,ENSG00000222990
P2RY4,ENSG00000186912
LINC01664,ENSG00000235478
MTND2P16,ENSG00000230818
ARR3,ENSG00000120500
RNU4-92P,ENSG00000200653
CKS1BP2,ENSG00000225976
MPPE1P1,ENSG00000258990
RPL31P5,ENSG00000205767
GCATP1,ENSG00000270878
CUBN,ENSG00000107611
HSPE1P2,ENSG00000258645
RNU6-597P,ENSG00000202490
RNU6-1162P,ENSG00000207172
CPAP,ENSG00000151849
MIR548H1,ENSG00000221537
NBPF26,ENSG00000291975
MIR2392,ENSG00000266461
MIR770,ENSG00000211574
MIR493,ENSG00000207989
MIR337,ENSG00000199151
MIR665,ENSG00000283159
MIR431,ENSG00000208001
MIR433,ENSG00000207569
MIR127,ENSG00000207608
MIR432,ENSG00000272458
MIR136,ENSG00000207942
SNORD112,ENSG00000275662
MIR370,ENSG00000199005
SNORD113-1,ENSG00000202191
SNORD113-2,ENSG00000212384
SNORD113-3,ENSG00000201700
SNORD113-4,ENSG00000201672
SNORD113-5,ENSG00000272474
SNORD113-6,ENSG00000200215
SNORD113-7,ENSG00000200632
SNORD113-8,ENSG00000200367
SNORD113-9,ENSG00000201950
SNORD114-1,ENSG00000199575
RAB41,ENSG00000147127
SNORD114-2,ENSG00000200823
SNORD114-3,ENSG00000201839
SNORD114-4,ENSG00000200832
SNORD114-5,ENSG00000199798
RNVU1-19,ENSG00000291977
SNORD114-6,ENSG00000201263
PPIAL4A,ENSG00000291978
SNORD114-7,ENSG00000199390
SNORD114-9,ENSG00000201240
NOTCH2NLR,ENSG00000291980
SNORD114-10,ENSG00000200279
SNORD114-11,ENSG00000200608
SNORD114-12,ENSG00000202270
SNORD114-13,ENSG00000201247
SNORD114-14,ENSG00000199593
SNORD114-15,ENSG00000201557
SNORD114-16,ENSG00000199914
SNORD114-17,ENSG00000201569
PPM1F-AS1,ENSG00000224086
SNORD114-18,ENSG00000202142
SNORD114-19,ENSG00000199942
SNORD114-20,ENSG00000202048
SNORD114-21,ENSG00000272344
SNORD114-22,ENSG00000202293
SNORD114-23,ENSG00000200406
SNORD114-24,ENSG00000201899
SNORD114-25,ENSG00000200612
SNORD114-26,ENSG00000200413
SNORD114-27,ENSG00000200636
SNORD114-28,ENSG00000200480
SNORD114-29,ENSG00000201689
SNORD114-30,ENSG00000201318
SNORD114-31,ENSG00000200089
MIR379,ENSG00000199088
MIR411,ENSG00000199109
MIR299,ENSG00000207749
MIR380,ENSG00000198982
TRAPPC2LP1,ENSG00000231053
MIR1197,ENSG00000221745
MIR323A,ENSG00000199069
RNY4P23,ENSG00000201377
MIR758,ENSG00000211582
MIR329-1,ENSG00000207761
RNU4-81P,ENSG00000200431
MIR329-2,ENSG00000207762
MIR494,ENSG00000194717
MIR1193,ENSG00000221036
TRPC5,ENSG00000072315
MIR543,ENSG00000212040
MIR495,ENSG00000207743
MIR376C,ENSG00000283279
MIR376A2,ENSG00000283561
MIR654,ENSG00000207934
MIR376B,ENSG00000283556
MIR376A1,ENSG00000283588
MIR300,ENSG00000215957
MIR1185-1,ENSG00000221525
MIR1185-2,ENSG00000221614
MIR381,ENSG00000199020
MIR487B,ENSG00000207754
MIR539,ENSG00000202560
MIR889,ENSG00000216099
MIR544A,ENSG00000207587
MIR655,ENSG00000207646
MIR487A,ENSG00000207742
MIR382,ENSG00000283170
MIR134,ENSG00000207993
MIR668,ENSG00000276352
MIR485,ENSG00000208027
MIR323B,ENSG00000208004
MIR154,ENSG00000207978
MIR496,ENSG00000207961
MIR377,ENSG00000199015
MIR541,ENSG00000216179
MIR409,ENSG00000199107
MIR412,ENSG00000199012
MIR369,ENSG00000199025
MIR410,ENSG00000199092
MIR656,ENSG00000207959
GRAMD4P3,ENSG00000278301
DPRXP7,ENSG00000271464
CCDC121P1,ENSG00000271400
FBLIM1P1,ENSG00000213489
POTEG,ENSG00000187537
TEX13C,ENSG00000282815
TPT1P14,ENSG00000235929
NPM1P9,ENSG00000231066
GRPEL2P2,ENSG00000225814
BLOC1S2P1,ENSG00000236982
CCT4P2,ENSG00000225569
NANOGP9,ENSG00000231809
RTL9,ENSG00000243978
ADNP2,ENSG00000101544
MRPL32P1,ENSG00000220125
TFDP1P2,ENSG00000223723
FAM47C,ENSG00000198173
FTH1P29,ENSG00000214071
HNRNPA1P28,ENSG00000230170
ZNF33BP1,ENSG00000225192
NUDT19P6,ENSG00000270625
LINC03098,ENSG00000230392
RNU6-1268P,ENSG00000212516
MRPS17P9,ENSG00000227814
ARMC3,ENSG00000165309
RNU1-67P,ENSG00000207175
RN7SL118P,ENSG00000266420
RNY3P16,ENSG00000252147
SSBP3P5,ENSG00000257846
ARHGAP42P4,ENSG00000258080
OR4N2,ENSG00000176294
H3P39,ENSG00000259338
OR11K2P,ENSG00000258438
VPS4B,ENSG00000119541
OR4H12P,ENSG00000176312
OR4N1P,ENSG00000258564
RNU6-953P,ENSG00000238941
MIR147B,ENSG00000284386
SNORA41B,ENSG00000207516
KIR2DL5B,ENSG00000274707
DPPA5P2,ENSG00000259427
BLOC1S6,ENSG00000104164
EIF5P2,ENSG00000275800
RPS23P8,ENSG00000230629
IL2RG,ENSG00000147168
VSX1,ENSG00000100987
LILRA6,ENSG00000275584
IL2RB-AS1,ENSG00000235237
RNU1-124P,ENSG00000200731
VN1R46P,ENSG00000253611
RN7SKP252,ENSG00000223142
RPL5P35,ENSG00000214727
AMMECR1,ENSG00000101935
AFG3L2P1,ENSG00000253606
POTEA,ENSG00000188877
MGAT3-AS1,ENSG00000227188
LINC01659,ENSG00000234928
VTCN1P1,ENSG00000225069
MAGEA1,ENSG00000198681
PWWP4,ENSG00000278803
CT47C1,ENSG00000277535
SH2D1A,ENSG00000183918
RNU6-104P,ENSG00000238509
NIPAL1P1,ENSG00000225344
DLGAP2,ENSG00000198010
RN7SKP33,ENSG00000222874
RPL13P14,ENSG00000235922
EYA2-AS1,ENSG00000236028
GAPDHP54,ENSG00000226769
TNPO3P1,ENSG00000271686
AHCYP7,ENSG00000259465
RPL27AP9,ENSG00000239783
RPS2P54,ENSG00000215450
SSU72P1,ENSG00000226547
RNA5SP395,ENSG00000252376
MIR3616,ENSG00000264901
RPL36AP53,ENSG00000224664
SNORA35,ENSG00000208839
MIR764,ENSG00000212100
TNFRSF14,ENSG00000273936
USP50,ENSG00000170236
MIR1912,ENSG00000222321
MIR1264,ENSG00000276158
MIR1298,ENSG00000221710
MIR1911,ENSG00000222715
PTPN2,ENSG00000175354
LILRB5,ENSG00000277414
HSPA8P7,ENSG00000224773
HELZ2,ENSG00000130589
MIR448,ENSG00000199001
RPS26P57,ENSG00000236880
RN7SL190P,ENSG00000264933
TLR8,ENSG00000101916
RPP38-DT,ENSG00000176236
FKBP4P8,ENSG00000276457
RPS24P13,ENSG00000233190
RPL21P87,ENSG00000228053
ZNF37CP,ENSG00000151963
DEPDC1P2,ENSG00000232486
PLXDC2-AS1,ENSG00000238246
FAM9C,ENSG00000187268
RPS4XP11,ENSG00000234335
ADAMTS16-AS1,ENSG00000250866
HNRNPA1P15,ENSG00000214761
RPS20P24,ENSG00000236862
RPL32P14,ENSG00000242654
MALRD1,ENSG00000204740
PHB1P7,ENSG00000213711
LMX1B,ENSG00000136944
ALG3P1,ENSG00000251568
MTCO2P30,ENSG00000250808
TRPM7,ENSG00000092439
UBE2V1P12,ENSG00000249191
RNU7-69P,ENSG00000252178
FER1L6,ENSG00000214814
CHCHD2P1,ENSG00000226902
CDR1,ENSG00000288642
FBXL7,ENSG00000183580
TUBB4BP3,ENSG00000237458
RPL12P43,ENSG00000234524
SAGE4P,ENSG00000224539
SAGE3P,ENSG00000277486
SAGE2P,ENSG00000198022
ST8SIA6,ENSG00000148488
RPS23P5,ENSG00000242608
CT45A1,ENSG00000268940
HPRT1P2,ENSG00000250587
MARK2P5,ENSG00000248834
PTPN11P4,ENSG00000250332
NBEAP3,ENSG00000223875
MTND6P2,ENSG00000250389
HSPD1P15,ENSG00000249557
LINC02146,ENSG00000249490
RNA5SP268,ENSG00000252637
LINC02878,ENSG00000181097
GDF2,ENSG00000263761
CCDC166,ENSG00000255181
FXYD6P1,ENSG00000270762
MGAT2P1,ENSG00000233861
ANKH-DT,ENSG00000272057
CT45A5,ENSG00000228836
HNRNPRP1,ENSG00000223984
MIR4664,ENSG00000265660
AMD1P1,ENSG00000228339
MIR937,ENSG00000284224
MIR6845,ENSG00000284142
EPPK1,ENSG00000261150
RPSAP59,ENSG00000233071
MIR661,ENSG00000207574
RPL36AP6,ENSG00000231293
SPATC1,ENSG00000186583
FTLP19,ENSG00000237913
ZNF33CP,ENSG00000235197
RPS15AP27,ENSG00000236783
WWC3,ENSG00000047644
ADH5P5,ENSG00000234865
SPATA31A6,ENSG00000185775
PTF1A,ENSG00000168267
GCSHP1,ENSG00000248651
RPL21P56,ENSG00000241739
DAPK1-IT1,ENSG00000236709
AK4P2,ENSG00000249410
MIR6846,ENSG00000277888
MIR6847,ENSG00000284200
LINC02120,ENSG00000248279
WDR97,ENSG00000179698
RPS27AP15,ENSG00000229753
RPL36AP55,ENSG00000226016
MYO5BP3,ENSG00000228656
HIRAP1,ENSG00000271563
CDRT15P5,ENSG00000239792
CTSLP2,ENSG00000266217
GNAS,ENSG00000087460
CCSER2P1,ENSG00000235901
EIF3LP2,ENSG00000233837
GAS1,ENSG00000180447
GCNT1P2,ENSG00000249206
UQCRBP3,ENSG00000249928
MKX-AS1,ENSG00000230500
KRT18P36,ENSG00000226246
CDH9,ENSG00000113100
ZYG11AP1,ENSG00000232242
ENKUR,ENSG00000151023
FXNP2,ENSG00000177736
MSANTD3-TMEFF1,ENSG00000251349
LILRB2,ENSG00000276146
GRTP1,ENSG00000139835
GPN3P1,ENSG00000227465
MRPS35P3,ENSG00000270192
TTC34,ENSG00000275571
UBE2V2P1,ENSG00000226255
MYL6P3,ENSG00000227173
PHYHIPL,ENSG00000165443
LINC01243,ENSG00000260720
FRG1GP,ENSG00000283023
ADAMTS12,ENSG00000151388
HGH1,ENSG00000235173
MMEL1,ENSG00000277131
COL27A1,ENSG00000196739
TCP11X1,ENSG00000268235
FRG1FP,ENSG00000283047
NAMPTP1,ENSG00000229644
RBP3,ENSG00000265203
TCP11X2,ENSG00000215029
HMGB1P10,ENSG00000213707
TATDN1P1,ENSG00000234369
SNRPEP8,ENSG00000231399
TSSK5P,ENSG00000227473
GGTLC4P,ENSG00000230712
YWHAZP3,ENSG00000229932
RPL31P44,ENSG00000213657
VCPIP1,ENSG00000175073
NEK4P3,ENSG00000270754
MRPS21P5,ENSG00000226395
GATA1,ENSG00000102145
POM121L10P,ENSG00000224124
PRELID1P3,ENSG00000235816
GAPDHP37,ENSG00000231907
RN7SL354P,ENSG00000243027
JCAD,ENSG00000165757
RPL32P30,ENSG00000241130
MIR549A,ENSG00000208003
BCRP7,ENSG00000215544
MIR4514,ENSG00000265855
POLR1D,ENSG00000186184
CFAP161,ENSG00000156206
C8orf44-SGK3,ENSG00000288602
THAP12P3,ENSG00000227972
DKK1,ENSG00000107984
PTTG3P,ENSG00000213005
LINC02225,ENSG00000249584
SNORD87,ENSG00000254341
TRHR,ENSG00000174417
RPL18AP15,ENSG00000236189
RNA5SP512,ENSG00000201420
ANP32BP3,ENSG00000259461
ALG13-AS1,ENSG00000229487
TRPC5OS,ENSG00000204025
GRID1-AS2,ENSG00000270002
HMGB1P47,ENSG00000249338
RNU6-339P,ENSG00000207037
RNU6-796P,ENSG00000212388
RLIG1P1,ENSG00000250480
ENY2,ENSG00000120533
NUTM2A,ENSG00000184923
CHRM5,ENSG00000184984
IER3IP1,ENSG00000134049
AKTIPP2,ENSG00000226432
RAB3C,ENSG00000152932
CA15P1,ENSG00000241527
MIR548I4,ENSG00000221494
NDUFA6-DT,ENSG00000237037
POMP,ENSG00000132963
MIR422A,ENSG00000199156
GAPDHP61,ENSG00000248415
LINC00603,ENSG00000250048
MCF2,ENSG00000101977
LINC01520,ENSG00000230962
MINPP1,ENSG00000107789
SUCLG2P4,ENSG00000249226
CYP2D8P,ENSG00000226450
TUBB6,ENSG00000176014
RPS17P11,ENSG00000244621
ITGA1,ENSG00000213949
FARSBP1,ENSG00000231060
RPS3AP5,ENSG00000178429
PPIAP30,ENSG00000206448
FAM133CP,ENSG00000183055
MMEL1-AS1,ENSG00000280645
GRID1,ENSG00000182771
IPO5,ENSG00000065150
PANK4,ENSG00000273494
MAPK6P5,ENSG00000254185
RFPL1S,ENSG00000225465
GAPDHP62,ENSG00000251013
RNU6-1092P,ENSG00000252764
MIR7705,ENSG00000284570
RNU6ATAC41P,ENSG00000221527
RPL5P23,ENSG00000240395
AURKBP1,ENSG00000230948
STK33P1,ENSG00000227412
RPS17P14,ENSG00000243287
NUTF2P3,ENSG00000228248
RBMXP2,ENSG00000215210
RFPL4AP6,ENSG00000278292
KCNK9,ENSG00000169427
ISCA1,ENSG00000135070
TSSK1A,ENSG00000231086
TTYH1,ENSG00000276537
IGLL3P,ENSG00000206066
LINC02671,ENSG00000224714
RSU1P3,ENSG00000213659
WARS2P1,ENSG00000227209
EIF2S2P3,ENSG00000236493
NPAP1P3,ENSG00000237740
RN7SL82P,ENSG00000278696
FDPSP4,ENSG00000254793
RPS3AP47,ENSG00000205871
ARHGAP19-SLIT1,ENSG00000269891
SPCS2P1,ENSG00000260928
ATP5PDP1,ENSG00000261679
GOLGA2P4,ENSG00000229608
TGM7,ENSG00000159495
RXRA,ENSG00000186350
HTRA4,ENSG00000169495
BCRP1,ENSG00000225098
SDHCP2,ENSG00000214549
NPM1P26,ENSG00000235677
LINC02628,ENSG00000226412
MKNK2P1,ENSG00000233533
EIF4A1P8,ENSG00000213484
CYP26C1,ENSG00000187553
ASLP1,ENSG00000244723
LCMT2,ENSG00000168806
MIR7973-2,ENSG00000283614
MIR7973-1,ENSG00000278098
SNORD38D,ENSG00000207199
RPL3P10,ENSG00000243095
DBF4P1,ENSG00000235489
RPL17P34,ENSG00000213432
RPA2P2,ENSG00000226466
RNU6-285P,ENSG00000222488
SMARCE1P7,ENSG00000270973
RPLP1P10,ENSG00000226888
RPL17P30,ENSG00000244235
SCG3-AS1,ENSG00000259241
DKK4,ENSG00000104371
FBXL22,ENSG00000197361
EXOC6,ENSG00000138190
PLCH2,ENSG00000276429
PEX11A,ENSG00000166821
TRMT12,ENSG00000183665
MIR4662B,ENSG00000263735
MIR4662A,ENSG00000283609
MRS2P1,ENSG00000250428
HIKESHIP3,ENSG00000271081
TEX15,ENSG00000133863
UBL5P1,ENSG00000248418
RPL36AP43,ENSG00000241362
MTATP6P30,ENSG00000226998
JMJD7-PLA2G4B,ENSG00000168970
CHCHD4P2,ENSG00000237360
VCAN,ENSG00000038427
CAMSAP1,ENSG00000130559
NKAIN3,ENSG00000185942
ARHGAP28,ENSG00000088756
IQANK1,ENSG00000203499
HES5,ENSG00000273529
FGF17,ENSG00000158815
TNFRSF14-AS1,ENSG00000281197
PRXL2B,ENSG00000275125
BMP1,ENSG00000168487
SPTBN5,ENSG00000137877
LENG8,ENSG00000276458
BICC1,ENSG00000122870
RPL36P14,ENSG00000169253
PTGES,ENSG00000148344
NPAP1P4,ENSG00000236521
PAPPA,ENSG00000182752
LENG9,ENSG00000278312
CDC42EP5,ENSG00000273633
LAIR2,ENSG00000274084
RPL7AP50,ENSG00000213609
RPL7P37,ENSG00000226646
NHP2P1,ENSG00000105988
TLK2P2,ENSG00000228828
LINC01514,ENSG00000237579
MRPL35P2,ENSG00000232075
RPS2P36,ENSG00000227032
RPL17P35,ENSG00000233900
ACTG1P19,ENSG00000237999
KRT18P24,ENSG00000226234
SPATA31B1P,ENSG00000231649
DNTT,ENSG00000107447
MTND2P8,ENSG00000237257
DDX10P2,ENSG00000230360
RPS19P6,ENSG00000234637
NFYCP2,ENSG00000224887
RNA5SP279,ENSG00000202383
RNU6-1073P,ENSG00000252991
MIR101-2,ENSG00000199065
RNU2-47P,ENSG00000222581
RN7SL98P,ENSG00000240613
KIR3DX1,ENSG00000276848
RNU6-246P,ENSG00000207433
SCARNA8,ENSG00000251733
RNA5SP393,ENSG00000200293
RNU6-264P,ENSG00000252943
MIR4310,ENSG00000264850
RN7SL720P,ENSG00000241152
RNU6-14P,ENSG00000207360
RN7SL849P,ENSG00000243115
RNU6-677P,ENSG00000252723
RNA5SP530,ENSG00000277049
RPL36AP44,ENSG00000240163
RN7SL565P,ENSG00000276562
MIR4477A,ENSG00000276029
CYCSP38,ENSG00000259513
RN7SL343P,ENSG00000273717
RNU6-1293P,ENSG00000206804
RNA5SP285,ENSG00000252428
RN7SL422P,ENSG00000274852
RNU6-132P,ENSG00000206590
RN7SKP59,ENSG00000222452
LILRA2,ENSG00000274000
MRPL15P1,ENSG00000259441
RNU6-1303P,ENSG00000201711
RN7SKP242,ENSG00000251776
RNU2-36P,ENSG00000222293
MESP2,ENSG00000188095
RNU4-29P,ENSG00000251752
RN7SKP264,ENSG00000223012
RNU6-1228P,ENSG00000212316
MIR4290,ENSG00000263967
MIR4291,ENSG00000265347
INO80C,ENSG00000153391
RN7SKP87,ENSG00000200966
RNU6-996P,ENSG00000202308
SPANXN4,ENSG00000189326
RNU6-329P,ENSG00000238882
RNA5SP291,ENSG00000253031
RN7SL659P,ENSG00000244104
RNU6-1064P,ENSG00000222558
ARPIN-AP3S2,ENSG00000250021
MIR7702,ENSG00000274263
MAPKAPK5P1,ENSG00000224498
RNA5SP293,ENSG00000222459
MAGEB16,ENSG00000189023
MTND5P17,ENSG00000236626
MIR3927,ENSG00000263861
RNU6-432P,ENSG00000206923
RNY4P18,ENSG00000212409
COX7CP4,ENSG00000230609
SNRPGP6,ENSG00000205433
RNA5SP294,ENSG00000223238
ZNF248-AS1,ENSG00000236514
MIR147A,ENSG00000207814
RNU4-82P,ENSG00000199313
RN7SL302P,ENSG00000241246
MIR455,ENSG00000207726
PPIAP78,ENSG00000234838
MIR181A2,ENSG00000207595
OPN1MW3,ENSG00000269433
MIR181B2,ENSG00000207737
YWHAZP5,ENSG00000213260
KRT18P56,ENSG00000249668
NRON,ENSG00000253079
MTND4P18,ENSG00000228694
TOMM22P5,ENSG00000225155
RN7SL30P,ENSG00000243845
CCNB3P1,ENSG00000249616
MIR4669,ENSG00000263897
CSTF2T,ENSG00000177613
SNORA65,ENSG00000201302
CYP2C61P,ENSG00000270648
RPL21P91,ENSG00000224907
NT5ELP,ENSG00000236068
MIR3911,ENSG00000283874
RPS6P15,ENSG00000230809
CFAP157,ENSG00000160401
ZC3H13,ENSG00000123200
PHB2P1,ENSG00000232728
ZSWIM6,ENSG00000130449
H2AL3,ENSG00000229674
MAGEB6B,ENSG00000232030
PNLIPRP3,ENSG00000203837
SPANXA1,ENSG00000198021
MIR5094,ENSG00000264966
MIR5009,ENSG00000264796
RNU6-1111P,ENSG00000212420
NXF2B,ENSG00000269437
RNU7-111P,ENSG00000252645
CDK9,ENSG00000136807
RNU6-667P,ENSG00000252995
ST20-MTHFS,ENSG00000259332
HMGN2P34,ENSG00000231471
LYZL1,ENSG00000120563
RPL5P15,ENSG00000240412
EPG5,ENSG00000152223
RPS27AP9,ENSG00000242706
RPS2P25,ENSG00000241965
RPL17P22,ENSG00000243592
TEX28,ENSG00000278057
BCL2A1,ENSG00000140379
NIPBL,ENSG00000164190
PTGES3P5,ENSG00000234544
AGAP9,ENSG00000204172
SPANXN2,ENSG00000268988
NR0B1,ENSG00000169297
CYP26A1,ENSG00000095596
RASL12,ENSG00000103710
RNU7-56P,ENSG00000238709
RPL12P49,ENSG00000230180
RNU4-6P,ENSG00000222736
MIR3960,ENSG00000283863
LILRA1,ENSG00000274935
MIR2861,ENSG00000284547
SLC35C2P1,ENSG00000223498
CCIN,ENSG00000185972
CBX1P2,ENSG00000214322
RNU6-616P,ENSG00000207081
RNU4-53P,ENSG00000222760
HMGB3P31,ENSG00000231929
SMIM10,ENSG00000184785
NAIF1,ENSG00000171169
RAD1P1,ENSG00000234569
RPL17P36,ENSG00000236058
CFAP58,ENSG00000120051
PDCD7,ENSG00000090470
BBLN,ENSG00000171159
RPGR,ENSG00000156313
TPT1,ENSG00000133112
TMSB4XP4,ENSG00000223551
MIR219A2HG,ENSG00000207955
ANXA2P3,ENSG00000216740
MIR219A2,ENSG00000284185
MIR219B,ENSG00000283335
SPATA31F3,ENSG00000187791
LINC02624,ENSG00000229775
RNU6-686P,ENSG00000201709
SNORA24B,ENSG00000206903
MIR4508,ENSG00000265673
TMEM26,ENSG00000196932
MRO,ENSG00000134042
GLULP4,ENSG00000178723
RNU6-741P,ENSG00000206616
YWHAZP6,ENSG00000215199
SYF2P2,ENSG00000233148
RNU6-984P,ENSG00000200106
RPL21P82,ENSG00000227399
LINC02896,ENSG00000259215
MAPK6-DT,ENSG00000259438
HSPE1P22,ENSG00000237306
LILRB1,ENSG00000274669
MTATP6P29,ENSG00000232179
MTCO3P29,ENSG00000228069
MTND3P23,ENSG00000238288
MTND4LP7,ENSG00000240791
BTF3P15,ENSG00000237242
MTND4P15,ENSG00000227321
RPL19P16,ENSG00000236762
BEND3P2,ENSG00000224809
RPS8P4,ENSG00000227437
MIR3651,ENSG00000281156
SNORA84,ENSG00000239183
HMX3,ENSG00000188620
MIR4670,ENSG00000264158
MIR1266,ENSG00000221052
EEF1B2P1,ENSG00000231169
RPL21P86,ENSG00000213669
QNG1,ENSG00000165118
DUX4L24,ENSG00000274599
RPSAP55,ENSG00000214896
EEF1A1P22,ENSG00000259612
XIAPP1,ENSG00000270294
BTBD16,ENSG00000138152
KBTBD13,ENSG00000234438
SNRPCP18,ENSG00000259464
RNU6-807P,ENSG00000252614
MIR7-1,ENSG00000284179
MIR4667,ENSG00000263892
CCDC107,ENSG00000159884
PCSK6,ENSG00000140479
FRG2B,ENSG00000225899
SLC25A18P1,ENSG00000234309
DUX4L28,ENSG00000279626
NTAN1P1,ENSG00000270965
LINC01153,ENSG00000227143
CCDC74BP1,ENSG00000250261
TXNP1,ENSG00000232823
LINC02661,ENSG00000223381
NKX1-2,ENSG00000229544
RN7SL22P,ENSG00000243136
MIR6852,ENSG00000284195
MIR6853,ENSG00000273945
IGLL4P,ENSG00000276427
MSMP,ENSG00000215183
DUX4L14,ENSG00000276904
BCRP5,ENSG00000235062
DUX4L20,ENSG00000276164
RARRES2P2,ENSG00000213543
DUX4L25,ENSG00000280337
LILRB4,ENSG00000278555
DUX4L23,ENSG00000276964
FAM221B,ENSG00000204930
GARRE1,ENSG00000279389
SAR1AP2,ENSG00000213170
AGGF1P2,ENSG00000233435
WDR11,ENSG00000120008
LSM14A,ENSG00000262860
POM121L8P,ENSG00000229266
BCRP6,ENSG00000169662
OR13E1P,ENSG00000236083
NDUFA5P4,ENSG00000233659
CLK2,ENSG00000261893
HRCT1,ENSG00000196196
PGAM1P2,ENSG00000225639
OR2S2,ENSG00000278889
YBX1P10,ENSG00000213866
CHCHD2P9,ENSG00000186940
TMTC4,ENSG00000125247
MLLT3,ENSG00000171843
LRRC37A14P,ENSG00000215771
EP300-AS1,ENSG00000231993
LINC02118,ENSG00000248789
RPL13AP14,ENSG00000242858
MFSD4BP1,ENSG00000250827
VCAN-AS1,ENSG00000249835
CSF2RBP1,ENSG00000232254
HNRNPKP5,ENSG00000250662
MTND5P10,ENSG00000271687
PSME2P1,ENSG00000238000
PSMC1P5,ENSG00000250273
ATG10-IT1,ENSG00000236447
GRAMD4P2,ENSG00000235992
CCDC188BP,ENSG00000248409
LINC00504,ENSG00000248360
CD180,ENSG00000134061
NF1P6,ENSG00000224435
RPL7P24,ENSG00000240003
RPL21P46,ENSG00000241612
RGS7BP,ENSG00000186479
ZNF595,ENSG00000272602
FABP5P11,ENSG00000240122
PKLR,ENSG00000262785
VN1R9P,ENSG00000276400
PPIAP79,ENSG00000214853
NEDD4L,ENSG00000049759
MTCO1P22,ENSG00000271207
C1GALT1P2,ENSG00000251435
TMEM184B-AS1,ENSG00000235246
CCNO,ENSG00000152669
MIR4473,ENSG00000263790
RNU4-26P,ENSG00000222202
MIR4474,ENSG00000264941
RPL7AP48,ENSG00000237088
MIR491,ENSG00000207609
SNORA30B,ENSG00000202189
MIR7114,ENSG00000284317
MRPL41,ENSG00000182154
RPL21P77,ENSG00000241026
IGLV3-13,ENSG00000253590
IGLV3-12,ENSG00000211667
DPPA3P12,ENSG00000271035
CRLF3P2,ENSG00000250391
MTCO3P22,ENSG00000270388
MRPL57P7,ENSG00000254312
ISCA1P1,ENSG00000217416
RN7SKP85,ENSG00000223281
SETP5,ENSG00000233998
MSX1,ENSG00000163132
IGLV2-11,ENSG00000211668
RNU6-86P,ENSG00000271923
RPS10P3,ENSG00000217716
IGLJ5,ENSG00000211681
HMGN1P14,ENSG00000249439
SNORD8,ENSG00000200785
RPS21P4,ENSG00000242358
PPIAP11,ENSG00000251495
MSL3P3,ENSG00000237704
WEE1P1,ENSG00000250238
MTND4P35,ENSG00000270906
EIF4EBP1P1,ENSG00000258870
SNRPCP13,ENSG00000249799
RNU6-1327P,ENSG00000202172
RN7SL650P,ENSG00000274475
EIF1P1,ENSG00000229875
KANK1-AS1,ENSG00000227914
MIR599,ENSG00000207804
MIR875,ENSG00000216069
RAB2B,ENSG00000129472
RN7SL350P,ENSG00000243254
DMRT1,ENSG00000137090
ZC4H2,ENSG00000126970
ECM1P2,ENSG00000249995
GPI,ENSG00000282019
NTAN1P2,ENSG00000250569
LINC00528,ENSG00000269220
VPS51P18,ENSG00000249443
SLC2A3P4,ENSG00000254088
RACK1P1,ENSG00000249921
MIOXP1,ENSG00000253292
RPL5P14,ENSG00000243914
UBE2Q2P10,ENSG00000233915
MTX1LP,ENSG00000263037
GOLGA2P1,ENSG00000205333
LINC02215,ENSG00000249128
SCAMP3,ENSG00000263290
MIR548I3,ENSG00000221305
NREP-AS1,ENSG00000250095
CNGB3,ENSG00000170289
GPR78,ENSG00000155269
MTATP6P2,ENSG00000270307
ZP3P1,ENSG00000250013
SERBP1P6,ENSG00000248873
FOXF2-DT,ENSG00000261730
RNU6-829P,ENSG00000200570
TRPC6P6,ENSG00000250099
DUX4L15,ENSG00000278641
FAM120AOS,ENSG00000188938
DUX4L29,ENSG00000237635
RPL34P16,ENSG00000217239
DUX4L21,ENSG00000275610
RPS3P4,ENSG00000220472
FOXI2,ENSG00000186766
RPL5P20,ENSG00000218643
JARID2-DT,ENSG00000271888
EEF1E1-BLOC1S5,ENSG00000265818
RPS10P18,ENSG00000229455
GPR26,ENSG00000154478
RPL21P61,ENSG00000217379
LSP1P3,ENSG00000162685
BLOC1S5-TXNDC5,ENSG00000259040
SPMIP10,ENSG00000196900
DUX4L11,ENSG00000278761
RNU6-366P,ENSG00000201097
YBX2P1,ENSG00000213438
CLUHP5,ENSG00000230468
DMD,ENSG00000198947
SPTLC1P2,ENSG00000218512
ARMS2,ENSG00000254636
SLC24A4,ENSG00000140090
PIP5K1P1,ENSG00000219294
EEF1A1P20,ENSG00000249963
RFPL4AP3,ENSG00000251220
B3GNTL1P1,ENSG00000251237
TOMM5P1,ENSG00000270477
RPL17P21,ENSG00000241809
RPL6P18,ENSG00000218476
OR7E84P,ENSG00000284689
DUX4L10,ENSG00000278664
HDGFL1,ENSG00000112273
PSMC1P4,ENSG00000248781
RPL6P17,ENSG00000216754
OR7E86P,ENSG00000248364
RPL21P55,ENSG00000239870
FOXQ1,ENSG00000164379
MTCO3P44,ENSG00000248654
HMGN1P13,ENSG00000249619
RPL7AP36,ENSG00000216368
ISG20L2P1,ENSG00000220748
LINC02270,ENSG00000251210
RPL13P,ENSG00000213916
NUP50P2,ENSG00000219682
ADGRV1,ENSG00000164199
MIR548AU,ENSG00000283146
RN7SL181P,ENSG00000243738
NOP56P1,ENSG00000235559
GBA1,ENSG00000262446
MTCO3P27,ENSG00000251430
GSN-AS1,ENSG00000235865
GFOD1,ENSG00000145990
TRPC6P4,ENSG00000238143
RPS3AP17,ENSG00000244031
TRMT112P4,ENSG00000236763
PPIAP38,ENSG00000233477
DUX4L12,ENSG00000278790
HMGB3P8,ENSG00000227096
FYTTD1P1,ENSG00000234502
NIP7P1,ENSG00000232805
MRPL50,ENSG00000136897
MTND4P9,ENSG00000250050
SLC16A14P1,ENSG00000213708
DUX4L22,ENSG00000277274
DUX4L13,ENSG00000276046
RPS27P13,ENSG00000244538
TAGLN2P1,ENSG00000253676
RPS26P39,ENSG00000227586
OR2U2P,ENSG00000242524
BTBD7P2,ENSG00000237618
OR7E85P,ENSG00000250884
RNU7-84P,ENSG00000251892
RPS18P8,ENSG00000217030
PPP3R2,ENSG00000188386
MIR4288,ENSG00000265251
RNA5SP259,ENSG00000202411
INTS9-AS1,ENSG00000254034
OR2J4P,ENSG00000224233
NRG3,ENSG00000185737
RPL36AP32,ENSG00000242958
MTCO3P42,ENSG00000268391
H3P31,ENSG00000232466
HNRNPA1P37,ENSG00000218574
MTND3P24,ENSG00000249045
RN7SL100P,ENSG00000240306
ZNF90P2,ENSG00000233366
RPS29P11,ENSG00000242640
RNA5SP280,ENSG00000223162
RBM24,ENSG00000112183
RPL36AP34,ENSG00000232867
RPL12P24,ENSG00000243601
EQTN,ENSG00000120160
ZNF718,ENSG00000250312
OXR1,ENSG00000164830
HMGN1P11,ENSG00000248336
TMC1,ENSG00000165091
LINC02271,ENSG00000240152
MTND4LP22,ENSG00000248133
RPL31P31,ENSG00000239983
RAC1P2,ENSG00000249936
KRT18P38,ENSG00000214012
GABRB1,ENSG00000163288
GPR158,ENSG00000151025
DDX18P3,ENSG00000217414
FOXF2,ENSG00000137273
UQCRFS1P3,ENSG00000217314
SOX4,ENSG00000124766
RPL21P62,ENSG00000229765
OR2G1P,ENSG00000213911
ACCSLP1,ENSG00000230570
BOLA2P3,ENSG00000220771
MTCYBP16,ENSG00000251385
PPIAP31,ENSG00000217094
EMX2,ENSG00000170370
MTCO3P28,ENSG00000248328
LINC02483,ENSG00000251383
SNX18P24,ENSG00000251539
KIF13A,ENSG00000137177
HMGB1P14,ENSG00000180189
EXOC5P1,ENSG00000180673
LINC00216,ENSG00000279636
RNU6-341P,ENSG00000252782
LDHAP1,ENSG00000251587
TOMM20L,ENSG00000196860
GAPDHP45,ENSG00000228312
SRIP1,ENSG00000248660
RPL34P19,ENSG00000230240
THAP12P9,ENSG00000248320
PTCHD3P1,ENSG00000274985
HMGB1P7,ENSG00000231148
RNU6-576P,ENSG00000212156
MIR6078,ENSG00000274809
RNU6-163P,ENSG00000207124
RNU6-889P,ENSG00000252998
MIR6072,ENSG00000278069
RNA5SP299,ENSG00000212505
RNA5SP300,ENSG00000212499
MESTP3,ENSG00000250927
RNU6-1212P,ENSG00000252832
RPS26P24,ENSG00000243920
RNA5SP303,ENSG00000252001
MIR511,ENSG00000207938
RNU6-1141P,ENSG00000201390
RNU6ATAC39P,ENSG00000252118
MIR4480,ENSG00000263584
MIR4481,ENSG00000283699
RNU12,ENSG00000276027
MIR548Q,ENSG00000221331
FAM247B,ENSG00000278044
RN7SKP219,ENSG00000252634
RN7SKP37,ENSG00000201364
OCIAD1-AS1,ENSG00000248256
RNA5SP306,ENSG00000223019
RNU6-413P,ENSG00000206842
RNA5SP304,ENSG00000223131
SNX18P25,ENSG00000249337
RN7SKP132,ENSG00000251810
MIR604,ENSG00000207612
MIR938,ENSG00000216035
HMGB1P44,ENSG00000248956
RNU6-908P,ENSG00000222092
RNU6-632P,ENSG00000251711
RN7SL825P,ENSG00000239731
MTND3P5,ENSG00000251353
RN7SKP220,ENSG00000222543
RNU7-22P,ENSG00000252482
RN7SL398P,ENSG00000244356
MTND6P16,ENSG00000249893
HNRNPA1P67,ENSG00000270665
SEC63P2,ENSG00000250416
RNU6-795P,ENSG00000252132
HCN3,ENSG00000263324
RNU6-1170P,ENSG00000251783
RNA5SP312,ENSG00000252877
MIR605,ENSG00000207813
RNA5SP318,ENSG00000252161
LINC02493,ENSG00000250819
RN7SKP196,ENSG00000252076
RNU6-543P,ENSG00000199446
MIR3924,ENSG00000264747
MIR1296,ENSG00000221063
SLIRPP2,ENSG00000249277
MIR4676,ENSG00000266719
RN7SL840P,ENSG00000272536
COX7B2,ENSG00000170516
RNU6-325P,ENSG00000223064
KIAA0586,ENSG00000100578
RNU6-478P,ENSG00000200774
RN7SKP238,ENSG00000252292
RNA5SP322,ENSG00000200487
MIR346,ENSG00000199104
RNU6-129P,ENSG00000212324
MIR4678,ENSG00000283672
TMEM252,ENSG00000181778
RNA5SP324,ENSG00000202047
RNU2-43P,ENSG00000222238
MIR4482,ENSG00000266852
RN7SKP278,ENSG00000222436
RNA5SP326,ENSG00000200079
RNU5B-6P,ENSG00000252574
RNU6-463P,ENSG00000207068
RNU4-5P,ENSG00000272160
RNU6-1165P,ENSG00000222051
UGT2B11,ENSG00000213759
RNU2-59P,ENSG00000222414
GARNL3,ENSG00000136895
RNU6-839P,ENSG00000200217
MIR3158-1,ENSG00000263436
MIR3158-2,ENSG00000283558
MIR609,ENSG00000208033
RNU6-728P,ENSG00000202245
ENTREP3,ENSG00000262666
MIR378C,ENSG00000264803
MIR3941,ENSG00000265442
LINC01165,ENSG00000229081
MIR146B,ENSG00000202569
NAA16,ENSG00000172766
C10orf95,ENSG00000120055
NAA11,ENSG00000156269
RPL23AP58,ENSG00000228657
RNU6-43P,ENSG00000207029
EIF4BP2,ENSG00000228753
LUZP4P1,ENSG00000232853
RNU6-15P,ENSG00000207264
LINC03089,ENSG00000237590
RPL9P21,ENSG00000214089
RNU6-740P,ENSG00000201604
THAP9,ENSG00000168152
DDX18P6,ENSG00000220585
RPL35AP24,ENSG00000230166
SNORA74C-2,ENSG00000288603
RNA5SP317,ENSG00000222108
SLC9A3P3,ENSG00000226631
SLC9A3P1,ENSG00000233011
DYNC1I2P1,ENSG00000225137
LINC02621,ENSG00000234756
RN7SL591P,ENSG00000240940
LINC02929,ENSG00000285551
FAM246B,ENSG00000286175
FAM230H,ENSG00000206142
LARP1BP1,ENSG00000231442
GK2,ENSG00000196475
ALDH7A1P4,ENSG00000234489
MIR628,ENSG00000283891
MIR4297,ENSG00000266676
EBF3-AS1,ENSG00000287997
RPL21P16,ENSG00000220842
RNU6-1169P,ENSG00000200407
LINC01561,ENSG00000177234
ELOCP2,ENSG00000259838
PLPP4,ENSG00000203805
UBE2CP4,ENSG00000259179
PRDX4P1,ENSG00000248987
RPL21P116,ENSG00000243711
PPBPP1,ENSG00000250550
RNU6-415P,ENSG00000252061
RASGRF1,ENSG00000058335
PPP2R2C,ENSG00000074211
MIR4675,ENSG00000265372
MTND1P21,ENSG00000235940
MRM3P1,ENSG00000231553
MIR1915,ENSG00000222071
SKIDA1,ENSG00000180592
FAM246A,ENSG00000286102
RNU6-306P,ENSG00000207347
NPS,ENSG00000214285
PRKG1,ENSG00000185532
KRT8P32,ENSG00000250221
BOLA3P3,ENSG00000213630
RPS17P2,ENSG00000197575
MTND4LP5,ENSG00000270350
ZCCHC10P2,ENSG00000249744
ADORA2A-AS1,ENSG00000178803
MRPL49P1,ENSG00000224296
MTCO2P22,ENSG00000270225
PGAM1P1,ENSG00000248271
MEGF10,ENSG00000145794
CHAMP1,ENSG00000198824
INTS3,ENSG00000262826
PTPRC-AS1,ENSG00000262237
RFC3,ENSG00000133119
ATP6V1G3,ENSG00000263014
HMGA1P2,ENSG00000248641
RNU6-946P,ENSG00000206605
RNU6-490P,ENSG00000199855
LINC02619,ENSG00000249382
RNU2-24P,ENSG00000252639
RNU7-12P,ENSG00000251839
RPL7AP8,ENSG00000230507
RPAP2P1,ENSG00000270874
RNU6-1274P,ENSG00000207287
MIR607,ENSG00000207976
HMGN2P35,ENSG00000232875
SLIT1,ENSG00000187122
MTND5P4,ENSG00000251212
MTND5P13,ENSG00000250169
LINC01217,ENSG00000251219
PTPRC,ENSG00000262418
ATP5F1EP1,ENSG00000250922
ADAMTS1,ENSG00000154734
TACR3,ENSG00000169836
DENRP4,ENSG00000229369
LINC02908,ENSG00000180539
PABPC1P7,ENSG00000250651
MAN1B1-DT,ENSG00000268996
TMEM210,ENSG00000185863
BANK1,ENSG00000153064
TBC1D22A-DT,ENSG00000260708
TBC1D22A-AS1,ENSG00000280080
TMEM203,ENSG00000187713
SLC34A3,ENSG00000198569
KLHDC7B-DT,ENSG00000272666
KLHDC7B,ENSG00000130487
CHKB-DT,ENSG00000205559
HMGB1P46,ENSG00000254146
OR4F21,ENSG00000176269
NKX2-6,ENSG00000180053
TDRP,ENSG00000180190
LRP12,ENSG00000147650
MKRN3,ENSG00000179455
CIMIP2A,ENSG00000188163
TUBBP8,ENSG00000259300
MYCBP2,ENSG00000005810
HMGN2P5,ENSG00000234664
OR4F8P,ENSG00000266971
WBP1LP11,ENSG00000267792
NCAPGP2,ENSG00000259749
PYGO1,ENSG00000171016
NELFB,ENSG00000188986
ONECUT3,ENSG00000205922
RBM12B-AS1,ENSG00000279331
MAFA,ENSG00000182759
S1PR4,ENSG00000125910
RN7SKP175,ENSG00000275558
ELOCP28,ENSG00000105694
GNB5,ENSG00000069966
MROH6,ENSG00000204839
ZNRF4,ENSG00000105428
NRARP,ENSG00000198435
GNA15-DT,ENSG00000267551
SLC25A6P5,ENSG00000228948
GNA15,ENSG00000060558
MIR8081,ENSG00000277889
RN7SKP77,ENSG00000200131
RNA5SP292,ENSG00000212276
RPL7AP44,ENSG00000231562
RNU2-46P,ENSG00000252847
RNA5SP289,ENSG00000199202
PARK7P2,ENSG00000237631
F13B,ENSG00000291998
EIF4BP3,ENSG00000224546
KCNT2,ENSG00000291999
RPL36AP35,ENSG00000231810
ACTL7B,ENSG00000148156
ACTL7A,ENSG00000187003
MIR32,ENSG00000207698
MIR6856,ENSG00000277713
SH3BGR,ENSG00000185437
QRFP,ENSG00000188710
PRDM12,ENSG00000130711
FTLP5,ENSG00000266989
TIGD5,ENSG00000179886
MIR4735,ENSG00000292001
CFHR5,ENSG00000292002
GNA11,ENSG00000088256
PEBP1P3,ENSG00000262210
CSF2,ENSG00000164400
IER5L,ENSG00000188483
TMEM67,ENSG00000164953
CFHR2,ENSG00000292003
RN7SL159P,ENSG00000242281
EXOSC8,ENSG00000120699
IER5L-AS1,ENSG00000204055
KRT18P42,ENSG00000214794
VN2R3P,ENSG00000234680
RBM17P1,ENSG00000226625
MAST4-IT1,ENSG00000249057
RN7SL640P,ENSG00000278825
MRPS35P2,ENSG00000250830
SPATA31A1,ENSG00000204849
HMGN1P15,ENSG00000250197
ATP5MGL,ENSG00000249222
EGFLAM,ENSG00000164318
SKP1P3,ENSG00000229707
FKBP4P2,ENSG00000269692
SDR42E1P1,ENSG00000273994
ATP5F1AP8,ENSG00000234720
GEMIN2P1,ENSG00000262767
RBPJP5,ENSG00000232239
GATAD2B,ENSG00000261992
RN7SL763P,ENSG00000277774
RPL35P10,ENSG00000266944
RPS2P52,ENSG00000213726
MEP1AP1,ENSG00000283246
CYP4F10P,ENSG00000267241
FAM230B,ENSG00000215498
RNU6-1269P,ENSG00000212441
CNN2P2,ENSG00000227069
SLC46A2-AS1,ENSG00000271631
MUPP,ENSG00000237906
CALML5,ENSG00000178372
SLC31A2,ENSG00000136867
TEKTL1,ENSG00000160994
CALML3,ENSG00000178363
RN7SL445P,ENSG00000240577
VAV3-AS1,ENSG00000284338
NRBF2P5,ENSG00000270427
OR7C2,ENSG00000127529
LINGO1,ENSG00000169783
RPL12P28,ENSG00000240180
OR7A11P,ENSG00000198367
SLC27A3,ENSG00000263163
OR1K1,ENSG00000165204
ST13P21,ENSG00000284110
RNA5SP323,ENSG00000212396
KRT18P67,ENSG00000233425
SNORD90,ENSG00000212447
CYP4F8,ENSG00000186526
PDE6C,ENSG00000095464
RPL7L1P21,ENSG00000284199
RNY1P15,ENSG00000222351
HMGN1,ENSG00000205581
SLC25A24,ENSG00000284468
MIR600HG,ENSG00000236901
MIR600,ENSG00000283941
RNU6-820P,ENSG00000207000
LSM1P1,ENSG00000233551
GGT2P,ENSG00000133475
IGBP1P5,ENSG00000250858
SOX10,ENSG00000100146
DDX3P3,ENSG00000251571
MIR126,ENSG00000199161
SNORA17B,ENSG00000280496
HNRNPA1P56,ENSG00000248640
SNORA17A,ENSG00000274998
LGI1,ENSG00000108231
LINC01216,ENSG00000250223
MTND5P5,ENSG00000251149
MIR6722,ENSG00000278756
LCN15,ENSG00000177984
KRT18P47,ENSG00000259489
EEF1A1P9,ENSG00000249264
LINC01218,ENSG00000251636
ACAN,ENSG00000157766
CRYBB2,ENSG00000244752
MTND4LP31,ENSG00000248259
ATP6V1G1P3,ENSG00000224662
COL25A1-DT,ENSG00000246774
LINC02503,ENSG00000249614
DYNLL1P6,ENSG00000248820
OR7A3P,ENSG00000269787
PGAM4P2,ENSG00000248488
CCDC183,ENSG00000213213
NBPF6,ENSG00000292440
ZNF627,ENSG00000198551
ARHGEF38,ENSG00000236699
NBPF4,ENSG00000292447
C22orf39,ENSG00000242259
CEP170,ENSG00000276725
OR7A15P,ENSG00000176923
CASP14,ENSG00000105141
TACR3-AS1,ENSG00000251577
ACTN4P1,ENSG00000213493
OR10B1P,ENSG00000267961
MRPS33P3,ENSG00000251308
MTCYBP22,ENSG00000270232
CXCL6,ENSG00000124875
RANBP1,ENSG00000099901
HSPE1P10,ENSG00000249768
LYSETP1,ENSG00000249514
BCL9P1,ENSG00000249238
NCLP1,ENSG00000213212
MIR4292,ENSG00000265806
MIR4479,ENSG00000266507
C9orf163,ENSG00000196366
SLITRK5,ENSG00000165300
KATNBL1P4,ENSG00000249270
ATP5PFP4,ENSG00000184084
RPL31P12,ENSG00000284996
PIMREGP2,ENSG00000216425
RALGAPA1P1,ENSG00000229419
TRAM1L1,ENSG00000174599
TAL2,ENSG00000186051
ASS1P9,ENSG00000217791
LINC02214,ENSG00000251311
PRKACG,ENSG00000165059
UFM1,ENSG00000120686
SPATA31A5,ENSG00000276581
NDUFS5P5,ENSG00000230671
MTND3P19,ENSG00000271480
RPL6P14,ENSG00000244470
EPB41L4A,ENSG00000129595
ACTR3BP4,ENSG00000249283
SETP20,ENSG00000225094
FKBP4P1,ENSG00000251463
TUBB4BP5,ENSG00000224062
TTC39CP1,ENSG00000250627
STPG2,ENSG00000163116
LENG8-AS1,ENSG00000275470
BORCS8-MEF2B,ENSG00000064489
RAB1C,ENSG00000233111
FRMPD1,ENSG00000070601
LTV1P1,ENSG00000250219
KRT18P21,ENSG00000250363
PARM1-AS1,ENSG00000249717
OR2AS2P,ENSG00000280815
ARHGEF38-IT1,ENSG00000249885
OR2T6,ENSG00000278659
OR2T2,ENSG00000275754
RAB11AP1,ENSG00000227995
RPSAP7,ENSG00000237032
OR2T4,ENSG00000275617
HSPA14,ENSG00000187522
OR2T7,ENSG00000281489
OR2T1,ENSG00000273508
OR2T3,ENSG00000277113
SYNPO2,ENSG00000172403
OR2T5,ENSG00000275102
RN7SL484P,ENSG00000241588
JARID2-AS1,ENSG00000235488
RNA5SP402,ENSG00000252957
CERS3-AS1,ENSG00000259430
IMPDH1P9,ENSG00000218976
RAB36,ENSG00000100228
RNU6-322P,ENSG00000251819
HNRNPA1P58,ENSG00000219582
PRKXP1,ENSG00000259205
LSM2P2,ENSG00000250441
RPL29P17,ENSG00000229700
RNU6-181P,ENSG00000200095
TRIM36-IT1,ENSG00000250472
RN7SKP171,ENSG00000201287
MSNP1,ENSG00000251593
RPS24P16,ENSG00000242634
MAN2A1-DT,ENSG00000271849
PAICSP1,ENSG00000226055
PCBP2P3,ENSG00000248826
RNU7-124P,ENSG00000251745
RPSAP37,ENSG00000241888
RPEP1,ENSG00000250732
CAGE1,ENSG00000164304
RNU6-881P,ENSG00000252622
MTCO2P24,ENSG00000249990
NUP214-AS1,ENSG00000246851
CERS3,ENSG00000154227
POU5F1P2,ENSG00000253382
PARP4,ENSG00000102699
ARRDC3,ENSG00000113369
ADI1P2,ENSG00000250684
SNORD62A,ENSG00000235284
SNORD62B,ENSG00000231587
AZIN1-AS2,ENSG00000253385
VN1R80P,ENSG00000268598
MTDHP2,ENSG00000269615
FAM74A3,ENSG00000274355
RPL5P24,ENSG00000244052
MIR2278,ENSG00000252153
KCNU1,ENSG00000215262
VN1R79P,ENSG00000269885
MIR6081,ENSG00000274115
MIR23B,ENSG00000207563
MIR27B,ENSG00000207864
MIR3074,ENSG00000207617
MIR24-1,ENSG00000284459
VN1R82P,ENSG00000268995
RNA5SP288,ENSG00000251884
RAC1P5,ENSG00000213522
RNA5SP296,ENSG00000222455
BNIP3P27,ENSG00000268438
MUC7,ENSG00000171195
RPS15AP29,ENSG00000237827
VN1R78P,ENSG00000268272
MARCKSL1P1,ENSG00000213277
ST13P13,ENSG00000229256
RPEL1,ENSG00000235376
ZNF257,ENSG00000197134
RNU11-3P,ENSG00000212413
MIR1307,ENSG00000283867
HDAC1P1,ENSG00000234724
RNU6-657P,ENSG00000206631
CTBP2P2,ENSG00000235746
TUBB8,ENSG00000261456
MIR4672,ENSG00000263979
PIP5KL1,ENSG00000167103
AKT3,ENSG00000275199
NDST4,ENSG00000138653
SEPTIN7P10,ENSG00000248885
CPSF6P1,ENSG00000271182
DDX20P1,ENSG00000276662
RNA5SP297,ENSG00000212331
RNA5SP298,ENSG00000201861
TILRLS,ENSG00000251206
KLHL26,ENSG00000167487
RN7SL754P,ENSG00000239822
ATP5MC1P8,ENSG00000224948
KCNMA1-AS1,ENSG00000236467
CATSPER2P2,ENSG00000250928
IL9,ENSG00000145839
COX6CP15,ENSG00000228092
RNA5SP321,ENSG00000199592
KCNMA1-AS3,ENSG00000225652
RN7SL453P,ENSG00000276544
BNIP3P28,ENSG00000271095
PCMTD2,ENSG00000280663
ZNF209P,ENSG00000269138
IL2RB,ENSG00000100385
ACTR6P1,ENSG00000248915
SPOPLP3,ENSG00000248547
PTMAP11,ENSG00000269907
H3P15,ENSG00000251005
RPL7P34,ENSG00000237205
SPOPLP2,ENSG00000250277
BNIP3P32,ENSG00000268830
NUTM2G,ENSG00000188152
LIPF,ENSG00000182333
LINC02161,ENSG00000250437
RNF138P1,ENSG00000250853
TUBAP10,ENSG00000248506
MTND6P22,ENSG00000270230
GJA1P1,ENSG00000176857
PRR16,ENSG00000184838
GAPDHP56,ENSG00000249018
TERF1P3,ENSG00000249311
LINC02479,ENSG00000251326
BNIP3P36,ENSG00000271661
SMARCE1P4,ENSG00000253650
RPL5P12,ENSG00000242697
VN1R90P,ENSG00000268794
CDC42P4,ENSG00000249965
OPRL1,ENSG00000277044
TECRP2,ENSG00000248565
RBM48P1,ENSG00000223620
TPT1P5,ENSG00000214108
VPS13B,ENSG00000132549
PDHA2,ENSG00000163114
LECT2,ENSG00000145826
KIAA1191P1,ENSG00000213480
EIF3KP3,ENSG00000250442
MYT1,ENSG00000276876
CEP170P1,ENSG00000154608
YRDCP2,ENSG00000236745
PAPPA-AS2,ENSG00000226604
LINC02262,ENSG00000224932
PAPPA-AS1,ENSG00000256040
RPL10P3,ENSG00000230734
SNORA70C,ENSG00000207268
RN7SKP128,ENSG00000201140
NDNF-AS1,ENSG00000250344
RN7SKP125,ENSG00000222413
MIR4478,ENSG00000266583
DUTP8,ENSG00000214904
LINC01585,ENSG00000245479
SAR1AP3,ENSG00000225665
HSBP1P1,ENSG00000258650
TEX53,ENSG00000230054
HNRNPCP1,ENSG00000258900
TEX48,ENSG00000230601
ATG10-AS1,ENSG00000248192
SNORD18,ENSG00000200677
RPL9P5,ENSG00000239510
RBBP4P6,ENSG00000248674
SPOPLP1,ENSG00000251284
RN7SL363P,ENSG00000241869
SLC7A11,ENSG00000151012
MAP1B,ENSG00000131711
TNFSF15,ENSG00000181634
DAAM1,ENSG00000100592
UPB1,ENSG00000100024
CDCA4P1,ENSG00000229029
CER1,ENSG00000147869
LINC01347,ENSG00000280534
BNIP3P35,ENSG00000271655
BNIP3P8,ENSG00000269431
SDCCAG8,ENSG00000276111
RNU6-1260P,ENSG00000199814
LDHAP4,ENSG00000214110
CDC42EP3P1,ENSG00000268992
PSIP1P1,ENSG00000234297
UBE2V1P10,ENSG00000226590
AP3B2,ENSG00000103723
RPL7AP10,ENSG00000240522
EIF3JP3,ENSG00000237747
NAPGP1,ENSG00000271408
KRT8P38,ENSG00000226358
RCBTB2P1,ENSG00000235150
ANXA2P2,ENSG00000231991
LIPM,ENSG00000173239
TRBV21OR9-2,ENSG00000183938
TRBV22OR9-2,ENSG00000234122
TRBV23OR9-2,ENSG00000229063
TRBV24OR9-2,ENSG00000215206
TRBV25OR9-2,ENSG00000240215
PTENP1-AS,ENSG00000281128
MTCYBP44,ENSG00000248282
ERVK-28,ENSG00000267696
NDUFB4P12,ENSG00000124399
TRBV26OR9-2,ENSG00000231165
FOXC1,ENSG00000054598
BNIP3P33,ENSG00000268717
VN1R91P,ENSG00000268148
BNIP3P29,ENSG00000269742
LIPN,ENSG00000204020
TRBV29OR9-2,ENSG00000223394
NHLRC1,ENSG00000187566
ZNF98,ENSG00000197360
RNU4ATAC11P,ENSG00000251748
SNORD121B,ENSG00000238300
TMEM248P1,ENSG00000249555
SNORD121A,ENSG00000238886
OSTCP8,ENSG00000226801
RPL36AP25,ENSG00000225832
PGBD4P4,ENSG00000248877
RN7SKP114,ENSG00000222259
TPI1P4,ENSG00000225455
TUBB4BP2,ENSG00000224802
WBP1LP12,ENSG00000271530
KRT18P54,ENSG00000250834
RNU6-598P,ENSG00000200887
EEF1A1P39,ENSG00000230125
RN7SL187P,ENSG00000240299
FTH1P5,ENSG00000230204
DNM1P17,ENSG00000250833
GOLGA2P6,ENSG00000241621
RN7SL726P,ENSG00000272232
RN7SL241P,ENSG00000239625
MIR204,ENSG00000207935
PIGUP1,ENSG00000224437
MIR7162,ENSG00000284277
NIFKP1,ENSG00000214434
PGK2,ENSG00000170950
CCND3P1,ENSG00000224473
RPL35AP21,ENSG00000229814
LINC01355,ENSG00000283124
HNRNPA1P32,ENSG00000213778
OR13F1,ENSG00000186881
RN7SL63P,ENSG00000239744
ADH5P4,ENSG00000233859
RBBP4P3,ENSG00000276290
NANOGP3,ENSG00000271373
SNRPGP12,ENSG00000226734
EEF1A1P35,ENSG00000250144
RPL29P6,ENSG00000282934
RPL37P15,ENSG00000216365
PRR11P1,ENSG00000271162
BNIP3P40,ENSG00000268058
HMGB3P5,ENSG00000237642
TIAL1P1,ENSG00000270306
SLC10A6,ENSG00000145283
HNRNPR,ENSG00000282958
OR13C4,ENSG00000148136
OR2U1P,ENSG00000204697
RNU6-571P,ENSG00000206855
OR13C8,ENSG00000186943
MED28P1,ENSG00000214875
BNIP3P38,ENSG00000268469
MTMR9P1,ENSG00000218337
ACTBP14,ENSG00000229001
OR13D2P,ENSG00000237443
NUFIP1P1,ENSG00000218890
RBBP4P4,ENSG00000214561
OR13C5,ENSG00000277556
RPS12P17,ENSG00000233163
ZNF730,ENSG00000183850
OR13C2,ENSG00000276119
LAP3P1,ENSG00000220091
HSPA12A,ENSG00000165868
OR13C9,ENSG00000136839
OR13I1P,ENSG00000273423
PKHD1,ENSG00000170927
RPL34P34,ENSG00000236312
PFKL,ENSG00000141959
OR13D3P,ENSG00000188712
MTDHP3,ENSG00000268433
ZNF728,ENSG00000269067
CRYZP2,ENSG00000250293
ABCA1,ENSG00000165029
RPL17P19,ENSG00000241261
BNIP3P37,ENSG00000270479
RPL36AP51,ENSG00000242291
LAMTOR3P2,ENSG00000248979
COQ10BP2,ENSG00000251552
RNU6-747P,ENSG00000277580
PRELID3BP8,ENSG00000270741
RPS4XP20,ENSG00000249987
ACTBP4,ENSG00000286676
ARHGAP24,ENSG00000138639
ANKRD55,ENSG00000164512
GSC,ENSG00000133937
PDCD2L,ENSG00000126249
RBBP4P5,ENSG00000256737
OR10G1P,ENSG00000273586
UBE2NP1,ENSG00000256385
TRAV1-1,ENSG00000255569
OR10G2,ENSG00000255582
TRAV1-2,ENSG00000256553
ARL6IP1P1,ENSG00000255664
TRAV2,ENSG00000211776
TRAV3,ENSG00000211777
TRAV4,ENSG00000211778
TRAV5,ENSG00000211779
RPL4P1,ENSG00000240954
HMGN2P2,ENSG00000258452
PPIAP58,ENSG00000267258
VN1R92P,ENSG00000268908
ZNF723,ENSG00000268696
TAF9P3,ENSG00000267692
OR14I1,ENSG00000292014
TSHR,ENSG00000165409
RPS4XP23,ENSG00000239253
CTNNA1P1,ENSG00000249026
OR7H2P,ENSG00000251261
PAXBP1,ENSG00000263141
OR2G6,ENSG00000292302
RPS26P55,ENSG00000239210
CCT5P1,ENSG00000250444
RPL5P17,ENSG00000243859
RAB4B-EGLN2,ENSG00000171570
OR2AS1P,ENSG00000292010
OR2T29,ENSG00000292017
OR2T34,ENSG00000292011
OR2T10,ENSG00000292303
TRPC7-AS2,ENSG00000250947
TOMM40P3,ENSG00000249360
OR2T11,ENSG00000292019
OR2T35,ENSG00000292304
RNU6-883P,ENSG00000207327
PGGT1B,ENSG00000164219
OR2T27,ENSG00000292015
EPCIP,ENSG00000262938
RPS26P41,ENSG00000237139
SNX6P1,ENSG00000267920
SYNPO2L,ENSG00000166317
RPL29P33,ENSG00000257074
BMS1P4-AGAP5,ENSG00000242288
IRGC,ENSG00000124449
BMS1P4,ENSG00000271816
RNA5SP320,ENSG00000252072
FUT11,ENSG00000196968
RPS3AP19,ENSG00000244004
RPL21P52,ENSG00000242431
CYP2A7P2,ENSG00000198251
PCDH10,ENSG00000138650
CHCHD1,ENSG00000172586
MEIKIN,ENSG00000239642
CYP2G2P,ENSG00000268101
BNIP3P34,ENSG00000269509
RHOXF1P3,ENSG00000282933
THAP9-AS1,ENSG00000251022
FTH1P9,ENSG00000251395
ZSWIM8,ENSG00000214655
RHOXF2B,ENSG00000203989
LRRTM2,ENSG00000146006
UBA2,ENSG00000126261
MED18,ENSG00000284944
RHOXF2,ENSG00000131721
HMGB1P29,ENSG00000250862
RPL3P6,ENSG00000213891
SFR1P1,ENSG00000227541
TRPC6P9,ENSG00000249607
RNU6-1078P,ENSG00000201392
RPS26P11,ENSG00000196933
ATP5IF1,ENSG00000285390
ASS1P10,ENSG00000215325
TRPC6P2,ENSG00000249363
TPT1P15,ENSG00000225471
RN7SL388P,ENSG00000239577
ERCC6L,ENSG00000186871
MINAR2,ENSG00000186367
SLC7A1,ENSG00000139514
RPS14P8,ENSG00000239528
RPL7L1P4,ENSG00000249582
RNU6-383P,ENSG00000222796
RPL19P21,ENSG00000230508
SELENOTP2,ENSG00000271585
SEC14L3,ENSG00000100012
CXXC1P1,ENSG00000187893
STK32A,ENSG00000169302
SESN2,ENSG00000285069
TMLHEP1,ENSG00000230578
SSX8P,ENSG00000157965
SSX9P,ENSG00000204648
SSX6P,ENSG00000171483
MAPRE1P2,ENSG00000250076
RNF150,ENSG00000170153
FSIP2LP,ENSG00000274775
TCP11X3P,ENSG00000251525
CA5BP1,ENSG00000186312
E2F2,ENSG00000282899
NXF5,ENSG00000126952
RPS15AP20,ENSG00000214641
LGSN,ENSG00000146166
ID3,ENSG00000283060
ZNF436,ENSG00000283009
LSS,ENSG00000281289
AK3P4,ENSG00000248722
WTAPP2,ENSG00000232702
OR4F1P,ENSG00000220212
SDHAF4,ENSG00000154079
ZNF436-AS1,ENSG00000283106
GPRASP3P1,ENSG00000258915
RPL17P3,ENSG00000271705
RPS16P5,ENSG00000217527
NMNAT1P1,ENSG00000259167
SNORA79,ENSG00000221303
DYNLL1P1,ENSG00000205579
UNGP3,ENSG00000270343
LINC02429,ENSG00000251266
POU3F2,ENSG00000184486
DYNLL1P2,ENSG00000258605
TCEA3,ENSG00000282941
RTL1,ENSG00000254656
RPL7L1P14,ENSG00000250403
HNRNPA3P7,ENSG00000253119
GTF2F2P1,ENSG00000251254
MIR5694,ENSG00000265993
BATF,ENSG00000156127
RPS23P2,ENSG00000213448
PES1P1,ENSG00000248191
NDUFA5P9,ENSG00000220831
SERF1AP1,ENSG00000250813
R3HDM2P1,ENSG00000248735
NPM1P38,ENSG00000219257
MTCO1P24,ENSG00000249448
CDRT15P11,ENSG00000251345
RUNX2-AS1,ENSG00000261080
RBM46,ENSG00000151962
RN7SL395P,ENSG00000244307
MIR6850,ENSG00000283764
GLYATL3,ENSG00000203972
RNA5SP387,ENSG00000201096
TMED10P1,ENSG00000254618
LSM11,ENSG00000155858
SUMO2P16,ENSG00000253579
COX7A2P1,ENSG00000258626
RNA5SP386,ENSG00000272253
EXT1,ENSG00000182197
CD109,ENSG00000156535
RDH12,ENSG00000139988
EFCAB9,ENSG00000214360
KCNQ2,ENSG00000281151
GRAP2,ENSG00000100351
PGAM5P1,ENSG00000253224
SLCO6A1,ENSG00000205359
COX7A2P2,ENSG00000236764
RN7SL369P,ENSG00000241542
RPL21P9,ENSG00000258618
MTCYBP17,ENSG00000249247
GPR21,ENSG00000188394
LINC02511,ENSG00000248869
ASAP3,ENSG00000282854
FRRS1L,ENSG00000260230
RN7SL213P,ENSG00000239820
IGBP1P1,ENSG00000226677
RTN3P1,ENSG00000251333
RNU7-93P,ENSG00000238540
SFTA3,ENSG00000257520
SPATC1L,ENSG00000274679
EEF1GP8,ENSG00000234125
RPL35P3,ENSG00000219902
PHKBP2,ENSG00000258467
PRDX2P4,ENSG00000213177
YWHAEP4,ENSG00000250205
RPL29P3,ENSG00000243730
SUMO2P8,ENSG00000228976
NKX2-8,ENSG00000136327
PSME2P3,ENSG00000248988
HMGB1P20,ENSG00000219163
SPATA31G1,ENSG00000174038
BSPH1,ENSG00000188334
RN7SKP257,ENSG00000201395
STMN1P2,ENSG00000251440
PAX9,ENSG00000198807
BTF3P13,ENSG00000227118
GAPDHP63,ENSG00000218582
LAMA4-AS1,ENSG00000226440
MTATP6P9,ENSG00000248420
GLRA3,ENSG00000145451
CABP5,ENSG00000105507
NXF4,ENSG00000196970
ZSWIM8-AS1,ENSG00000272589
TXNP7,ENSG00000217268
CD24,ENSG00000272398
CSAG4,ENSG00000242599
RNA5SP253,ENSG00000252029
MAGEA5P,ENSG00000242520
ARMCX7P,ENSG00000204072
SF3B4P1,ENSG00000258988
STK24,ENSG00000102572
CAMK2G-AS1,ENSG00000224195
KRTDAP,ENSG00000188508
RPL35AP23,ENSG00000264217
RN7SL338P,ENSG00000241568
SNORA74C-1,ENSG00000265733
KBTBD11-OT1,ENSG00000283239
MSMB,ENSG00000263639
ATP6V1D,ENSG00000100554
MIR3152,ENSG00000264638
RN7SKP258,ENSG00000252960
RAP1BP1,ENSG00000236857
RHOXF1P1,ENSG00000234493
SAXO1,ENSG00000155875
EEF1GP6,ENSG00000216518
PNMA6E,ENSG00000214897
GAPDHP41,ENSG00000277172
MIR3674,ENSG00000283858
MIR596,ENSG00000207826
EIF4EBP2P3,ENSG00000220505
MIR7160,ENSG00000273593
RPSAP44,ENSG00000220773
SNORD3E,ENSG00000280704
WASHC3P1,ENSG00000213747
NEPNP,ENSG00000218233
RPL23AP61,ENSG00000280012
SLC30A8,ENSG00000164756
SMARCE1P2,ENSG00000226309
RPL31P32,ENSG00000216902
LINC00200,ENSG00000229205
BDH2P1,ENSG00000232699
PREP-AS1,ENSG00000231628
HNRNPA1P26,ENSG00000239345
DHFRP5,ENSG00000216859
HNRNPA1P27,ENSG00000233680
PSMC3P1,ENSG00000236680
TSPYL4,ENSG00000187189
RRAGA,ENSG00000155876
NSA2P3,ENSG00000179031
XKRX,ENSG00000182489
JADRR,ENSG00000280711
RPS15AP28,ENSG00000229197
ATP5MC1P7,ENSG00000232734
GFRAL,ENSG00000187871
TMEM256P1,ENSG00000233197
CCL27,ENSG00000213927
MTATP6P23,ENSG00000230755
MTCO2P23,ENSG00000235803
MTCO1P23,ENSG00000235524
MTND2P15,ENSG00000231152
TARS2P1,ENSG00000248104
MTND1P20,ENSG00000226794
RPL31P26,ENSG00000241281
RPL36P16,ENSG00000224476
RNU6-666P,ENSG00000200369
HORMAD2,ENSG00000176635
RNU6-452P,ENSG00000207135
LINC02431,ENSG00000248872
LINC02673,ENSG00000260151
MAGEA13P,ENSG00000183981
KRT8P6,ENSG00000214930
ZNF586,ENSG00000083828
H2AQ1P,ENSG00000285989
CCL19,ENSG00000172724
MIR504,ENSG00000207800
TPM2P1,ENSG00000235975
GLRA2,ENSG00000101958
SMDT1,ENSG00000272901
SOCS5P5,ENSG00000216904
RPL11P4,ENSG00000184111
RN7SL644P,ENSG00000264313
CALM2P2,ENSG00000229097
RPS25P9,ENSG00000232142
TFAP2B,ENSG00000008196
RNA5SP309,ENSG00000252479
SPTLC1P1,ENSG00000230397
LILRB1-AS1,ENSG00000275274
ARL2BPP5,ENSG00000254351
RPS15AP5,ENSG00000223540
SPATA31F1,ENSG00000205108
NDUFA6,ENSG00000272765
HPS6,ENSG00000166189
MIR6877,ENSG00000273932
MRPS5P3,ENSG00000214743
CEL,ENSG00000170835
RPS10P28,ENSG00000243167
LDB1,ENSG00000198728
CTBP2P4,ENSG00000251102
ZSWIM5P3,ENSG00000248958
RTL5,ENSG00000242732
RPL35AP15,ENSG00000243758
KLF3P1,ENSG00000253218
COL19A1,ENSG00000082293
GPM6B,ENSG00000046653
MARK2P11,ENSG00000253743
EEF1A1P50,ENSG00000235253
KLK2,ENSG00000167751
LSM1P2,ENSG00000271679
HMGB1P21,ENSG00000248909
ADAM20P2,ENSG00000248574
PTMAP2,ENSG00000197744
EEF1A1P21,ENSG00000249542
LINC02512,ENSG00000251061
ARGFXP1,ENSG00000240058
GAPDHP71,ENSG00000213376
TMED7-TICAM2,ENSG00000251201
TSEN2P1,ENSG00000251174
MTND6P17,ENSG00000249770
ING2,ENSG00000168556
LINC01179,ENSG00000249500
NAMPTP2,ENSG00000249229
PNPLA3,ENSG00000100344
TNFAIP8,ENSG00000145779
MTND2P33,ENSG00000248907
FABP5P12,ENSG00000249367
RWDD4,ENSG00000182552
ATP6V0E1P1,ENSG00000225364
POGLUT2P1,ENSG00000250329
DCSTAMP,ENSG00000164935
LINC02995,ENSG00000253955
ELOVL3,ENSG00000119915
MRPL57P6,ENSG00000249449
KCTD16,ENSG00000183775
RPL23AP44,ENSG00000244088
RPL21P59,ENSG00000253946
AK3P5,ENSG00000228816
MTND4LP11,ENSG00000234163
RPL7AP53,ENSG00000235962
PITRM1-AS1,ENSG00000237399
MIR548A3,ENSG00000208032
CKS1BP5,ENSG00000250972
RNU6-687P,ENSG00000252252
NEFMP1,ENSG00000224697
BTG4P1,ENSG00000248156
MIR548F1,ENSG00000221594
IL3,ENSG00000164399
RPL26P26,ENSG00000242595
GAPDHP21,ENSG00000236993
PRMT5P1,ENSG00000249004
RPL21P48,ENSG00000242318
RNY3P12,ENSG00000202297
MIA-RAB4B,ENSG00000268975
DEFB108E,ENSG00000254623
MTCO2P9,ENSG00000249386
RNU6-1044P,ENSG00000207486
NPAP1P2,ENSG00000214695
FBLP1,ENSG00000248376
MORF4L1P6,ENSG00000233162
RPL7P53,ENSG00000237475
PGGT1BP2,ENSG00000214584
BMS1P21,ENSG00000283101
RPL31P28,ENSG00000219863
RPL9P32,ENSG00000242100
SFTPD-AS1,ENSG00000273372
FAM90A25P,ENSG00000251402
LINC02857,ENSG00000230852
ZNRF2P3,ENSG00000235924
ASS1P8,ENSG00000251418
DPY19L2P5,ENSG00000225100
PSG7,ENSG00000221878
C1DP3,ENSG00000224760
ENPP7P6,ENSG00000255549
FTX,ENSG00000230590
RPL22P18,ENSG00000230171
IGHVII-43-1,ENSG00000283195
KRASP1,ENSG00000220635
IDO1,ENSG00000131203
LINC00221,ENSG00000270816
MYL12BP2,ENSG00000227765
MACROH2A2,ENSG00000099284
TST,ENSG00000128311
NDUFB2P1,ENSG00000249074
SPMIP2,ENSG00000164123
RPL5P19,ENSG00000220553
RPS4XP9,ENSG00000217404
WWC2-AS1,ENSG00000251128
ARHGAP26,ENSG00000145819
BTG3,ENSG00000281484
ELOVL4,ENSG00000118402
MTND1P22,ENSG00000251407
SUMO1P4,ENSG00000235555
EEF1A1P36,ENSG00000223912
BRD7P3,ENSG00000169075
AKAP11,ENSG00000023516
TLL1,ENSG00000038295
SLC25A5P7,ENSG00000218180
SLC6A16,ENSG00000063127
RPL35AP18,ENSG00000220311
RPL7AP35,ENSG00000216639
RPS17P5,ENSG00000060303
SIM1-AS1,ENSG00000228082
CYTH4,ENSG00000100055
PA2G4P5,ENSG00000225580
RAP1BP3,ENSG00000219703
RPL23AP48,ENSG00000219135
SLC25A6P6,ENSG00000218870
BTF3L4P3,ENSG00000213108
TCEA1P1,ENSG00000197214
VN1R51P,ENSG00000228038
FAM220CP,ENSG00000213612
RPS21P1,ENSG00000282862
VESTAR,ENSG00000258701
RNU6-798P,ENSG00000252721
B3GALNT2,ENSG00000282880
OR13C6P,ENSG00000179443
OR2AM1P,ENSG00000236110
RPS26P49,ENSG00000239365
HMGB3P24,ENSG00000215283
PRPS1P2,ENSG00000232630
RPS2P4,ENSG00000196183
RPSAP76,ENSG00000235332
FAM184A,ENSG00000111879
RNU6-1020P,ENSG00000200554
CMA1,ENSG00000092009
RNA5SP281,ENSG00000252313
SLC25A5P8,ENSG00000225347
DFFBP1,ENSG00000232303
TAF1L,ENSG00000122728
SNRPCP1,ENSG00000238001
MIR548AW,ENSG00000263816
RNU7-21P,ENSG00000238558
EEF1A1P5,ENSG00000196205
MIR1302-9,ENSG00000283921
FOXD4,ENSG00000170122
RNU7-171P,ENSG00000238406
NPFFR1,ENSG00000148734
VTI1BP4,ENSG00000227759
KCNV2,ENSG00000168263
FXNP1,ENSG00000258421
NRXN3,ENSG00000021645
EPC1,ENSG00000120616
RN7SL560P,ENSG00000264438
ZMYM2,ENSG00000121741
KYAT1,ENSG00000286112
OC90,ENSG00000253117
DOLK,ENSG00000175283
VN1R88P,ENSG00000268541
RNA5SP284,ENSG00000207277
DUX4L50,ENSG00000232815
MIR4477B,ENSG00000266017
LRRC26,ENSG00000184709
BRSK1,ENSG00000160469
GPSM1,ENSG00000160360
RAD21-AS1,ENSG00000253327
MIR3610,ENSG00000283956
AARD,ENSG00000205002
RN7SL303P,ENSG00000240116
CHILL1,ENSG00000253616
RNA5SP388,ENSG00000199454
RPS26P48,ENSG00000239438
MTCYBP14,ENSG00000282918
MTND6P14,ENSG00000283066
MTND5P19,ENSG00000283014
TNFRSF10A-AS1,ENSG00000253930
MTND4P10,ENSG00000282824
MTND4LP21,ENSG00000282857
MTND3P8,ENSG00000283116
RPL23AP55,ENSG00000243265
MTCO3P46,ENSG00000282999
HHLA1,ENSG00000132297
RNU6-921P,ENSG00000207089
MAGOH3P,ENSG00000270975
MIR6893,ENSG00000276598
LRRC24,ENSG00000254402
BLZF2P,ENSG00000258565
HMGN1P3,ENSG00000258967
BANF1P1,ENSG00000258531
RPS29P1,ENSG00000242293
SYF2P1,ENSG00000258350
UBE2CP1,ENSG00000258648
RPL12P5,ENSG00000243855
MTHFD2P4,ENSG00000251253
C14orf132,ENSG00000227051
C8orf82,ENSG00000213563
ADAM29,ENSG00000168594
APOBEC3C,ENSG00000244509
SALL2,ENSG00000165821
MSANTD7,ENSG00000284024
GLIS3-AS2,ENSG00000228322
CSMD1,ENSG00000183117
RNU6-694P,ENSG00000200941
RAC2,ENSG00000128340
PRSS3,ENSG00000010438
NUTM2D,ENSG00000214562
RPL12P22,ENSG00000253109
RN7SKP193,ENSG00000201358
HMGN2P27,ENSG00000232916
MIR4504,ENSG00000264712
RPL7AP33,ENSG00000254200
RPGRIP1,ENSG00000092200
FTMT,ENSG00000181867
RPS29P12,ENSG00000243664
NDUFB5P1,ENSG00000251025
MXI1,ENSG00000119950
C5orf47,ENSG00000185056
SPATA4,ENSG00000150628
GART,ENSG00000262473
CYP2D6,ENSG00000275211
DNAJB5,ENSG00000137094
LINC02504,ENSG00000248339
MTCO1P9,ENSG00000251223
LINC02477,ENSG00000249425
NKX2-5,ENSG00000183072
CLDN24,ENSG00000185758
MARK2P4,ENSG00000250372
SPCS3-AS1,ENSG00000248980
RPL35AP12,ENSG00000227283
SPCS3,ENSG00000129128
ZNF578,ENSG00000258405
DNAJC28,ENSG00000262911
RPL7P21,ENSG00000231579
RPL6P32,ENSG00000253646
TRIML1,ENSG00000184108
DKKL1,ENSG00000104901
ARL2BPP6,ENSG00000248355
IFNGR2,ENSG00000262795
TMEM69P2,ENSG00000248761
ARPP19P1,ENSG00000231228
EEF1GP2,ENSG00000250346
MTND5P9,ENSG00000248748
TOMM22P4,ENSG00000248396
AKIRIN2P1,ENSG00000251482
RPL36AP20,ENSG00000242080
LINC02514,ENSG00000250042
LINC02430,ENSG00000250252
PHB1P14,ENSG00000248913
RPL6P11,ENSG00000250475
RPL12P21,ENSG00000242683
C5orf52,ENSG00000187658
SUMO1P1,ENSG00000241721
ICE2P1,ENSG00000248880
KIF4B,ENSG00000226650
BCAS1-AS1,ENSG00000236352
CHSY3,ENSG00000198108
DCHS2,ENSG00000197410
VN1R81P,ENSG00000268357
BPIFB6,ENSG00000167104
LINC01782,ENSG00000267204
CHCHD2P3,ENSG00000270849
RPS4XP21,ENSG00000186008
MCTP1-AS1,ENSG00000249545
ZNF807P,ENSG00000248830
OR1J1,ENSG00000136834
OR1J2,ENSG00000197233
SOWAHA,ENSG00000198944
MIR1302-11,ENSG00000283801
OR1J4,ENSG00000239590
RN7SL121P,ENSG00000263974
MIR7850,ENSG00000277904
RNU6-782P,ENSG00000252661
RN7SL70P,ENSG00000241172
RNU6-1028P,ENSG00000252973
OR1Q1,ENSG00000165202
RNA5SP469,ENSG00000201035
RNA5-8SP4,ENSG00000201966
RNU6-967P,ENSG00000201894
RNA5SP471,ENSG00000252780
RNA5SP472,ENSG00000200738
OR1L1,ENSG00000173679
RN7SL154P,ENSG00000264317
MMP11,ENSG00000099953
TLK1P1,ENSG00000226783
RN7SL368P,ENSG00000239948
MIR4324,ENSG00000265407
PAK4-AS1,ENSG00000269172
GLIS3,ENSG00000107249
TMEM50B,ENSG00000263160
CPEB4,ENSG00000113742
GFRA4,ENSG00000125861
ATP5MKP1,ENSG00000231549
BMP2KL,ENSG00000204113
RAB11FIP1P1,ENSG00000228492
MIR421,ENSG00000202566
MIR374B,ENSG00000212027
MIR374C,ENSG00000283534
RN7SL648P,ENSG00000265727
MIR545,ENSG00000207820
MIR374A,ENSG00000199168
ZCCHC13,ENSG00000187969
PVALB,ENSG00000274665
RPS6P26,ENSG00000213269
TSIX,ENSG00000270641
RN7SL566P,ENSG00000241983
MIR4530,ENSG00000266559
LNX2BP,ENSG00000291306
EID2B,ENSG00000176401
H2BW2,ENSG00000101812
EID2,ENSG00000176396
TMEM30BP1,ENSG00000250995
ATP11C,ENSG00000101974
RPS29P24,ENSG00000244253
RPS29P25,ENSG00000243581
PNMA8B,ENSG00000204851
GAPDHP38,ENSG00000249210
NXT1-AS1,ENSG00000234832
ADAM20P3,ENSG00000249162
MTND4P8,ENSG00000248548
DACT3,ENSG00000197380
RPS23P4,ENSG00000240992
TNPO3P2,ENSG00000216913
MTND3P3,ENSG00000249127
FCF1P10,ENSG00000218490
RPL21P66,ENSG00000225343
RPS27AP11,ENSG00000218208
HPGD,ENSG00000164120
RPL31P33,ENSG00000218049
LIN28B,ENSG00000187772
RN7SL364P,ENSG00000243560
MIR320E,ENSG00000211513
CRB3,ENSG00000130545
SYNJ2BP-COX16,ENSG00000258644
LINC01431,ENSG00000232645
FABP7,ENSG00000164434
SF3A1,ENSG00000099995
YAP1P3,ENSG00000275953
KRT18P50,ENSG00000219941
EEF1A1P42,ENSG00000277043
NDUFAB1P1,ENSG00000217767
CST12P,ENSG00000226344
RNU2-51P,ENSG00000222640
RNU6-659P,ENSG00000252263
TINAG,ENSG00000137251
ADAM20,ENSG00000134007
CST8,ENSG00000125815
TNFSF9,ENSG00000125657
KRT18P7,ENSG00000258951
TTC9-DT,ENSG00000245466
RN7SL77P,ENSG00000240837
VDAC1P11,ENSG00000237679
PTMAP12,ENSG00000282886
EGLN3-AS1,ENSG00000258897
TGFBR1P1,ENSG00000268742
RN7SKP108,ENSG00000223299
YRDCP1,ENSG00000278486
RNU6-669P,ENSG00000202445
CLIC4P2,ENSG00000269546
FBP2,ENSG00000130957
CST13P,ENSG00000290388
RPL7P50,ENSG00000268785
MIR6791,ENSG00000283950
MIR4745,ENSG00000284361
MIR3187,ENSG00000263414
IRF2BP1,ENSG00000170604
NANOS2,ENSG00000188425
RPL7AP2,ENSG00000241984
YTHDF2P1,ENSG00000270503
MIR769,ENSG00000211580
PGLYRP1,ENSG00000008438
AHCYP2,ENSG00000238181
MT1P1,ENSG00000213761
RPL35AP2,ENSG00000227383
RNA5SP282,ENSG00000252164
FCF1,ENSG00000119616
RNU2-50P,ENSG00000222426
SERPINH1P1,ENSG00000229207
TBX18,ENSG00000112837
DNAJC25-GNG10,ENSG00000244115
IGFL3,ENSG00000188624
RNU6-1013P,ENSG00000206907
MIR4668,ENSG00000266315
TGIF1P1,ENSG00000259339
SHOC1,ENSG00000165181
CST9LP1,ENSG00000204662
CST9L,ENSG00000101435
CST9LP2,ENSG00000204658
CST9,ENSG00000173335
LINC02836,ENSG00000237567
NPM1P10,ENSG00000214428
GAPDHP73,ENSG00000226540
RSPH6A,ENSG00000104941
FAM136FP,ENSG00000217178
CST4,ENSG00000101441
FAM83B,ENSG00000168143
IL4,ENSG00000113520
TKTL2,ENSG00000151005
COL10A1,ENSG00000123500
YWHAQP4,ENSG00000177803
COPS3P1,ENSG00000251643
SDCBP2-AS1,ENSG00000234684
SCARNA15,ENSG00000277864
NWD2,ENSG00000174145
RPL21P115,ENSG00000243568
COX5AP1,ENSG00000271180
ATG14,ENSG00000126775
LINC02524,ENSG00000233534
MTCO3P9,ENSG00000249698
LINC02496,ENSG00000249066
TUBB4BP7,ENSG00000217372
RPL12P35,ENSG00000243007
ATP5MGP4,ENSG00000225176
RNU6-231P,ENSG00000252931
CHCHD10,ENSG00000250479
MIR548AP,ENSG00000264406
EYS,ENSG00000188107
RNA5SP400,ENSG00000252964
NPY2R,ENSG00000185149
HMGN1P1,ENSG00000259318
RPL7AP4,ENSG00000213641
ABI1P1,ENSG00000271484
HAT1,ENSG00000292096
SETP12,ENSG00000251609
AGBL1,ENSG00000273540
RPL7AP27,ENSG00000242169
C8orf89,ENSG00000274443
LINC02437,ENSG00000248517
METAP1D,ENSG00000292097
RPS4XP22,ENSG00000239830
ZFYVE26,ENSG00000072121
DPP3P1,ENSG00000250768
RN7SKP153,ENSG00000201896
HSPE1P23,ENSG00000250356
RPL13AP13,ENSG00000213940
DLX1,ENSG00000292098
LINC00851,ENSG00000237282
GPM6A-DT,ENSG00000249106
HSPA8P4,ENSG00000248610
UBE2L4,ENSG00000267741
SEMA5A-AS1,ENSG00000251370
DTD1-AS1,ENSG00000233993
SLC5A1,ENSG00000100170
RN7SKP113,ENSG00000200761
SLC25A12,ENSG00000292099
TAF2,ENSG00000064313
MIR548I2,ENSG00000221275
FBXL12,ENSG00000127452
FAM83C-AS1,ENSG00000235214
RNA5SP154,ENSG00000252002
RNA5SP156,ENSG00000222182
ARL2BPP4,ENSG00000249312
RNU6-578P,ENSG00000212282
RN7SKP170,ENSG00000199420
INTS6P1,ENSG00000250492
MIR572,ENSG00000207716
SNORA75B,ENSG00000206780
MTCYBP37,ENSG00000248765
MIR573,ENSG00000207697
RN7SL16P,ENSG00000243005
RNU6-420P,ENSG00000239001
RNA5SP157,ENSG00000251816
TMEM174,ENSG00000164325
RN7SL101P,ENSG00000243548
CEP250-AS1,ENSG00000230155
MIR4275,ENSG00000283275
RNU7-126P,ENSG00000238632
MIR1255B1,ENSG00000283207
RNU6-573P,ENSG00000206665
RPS15AP18,ENSG00000242979
MIR4801,ENSG00000264319
RNU6-931P,ENSG00000200720
RNU6-412P,ENSG00000252243
RN7SKP73,ENSG00000223007
RN7SL193P,ENSG00000239679
MIR4458,ENSG00000284000
RN7SKP199,ENSG00000222257
RNU1-76P,ENSG00000199773
RNU6-158P,ENSG00000252913
SNORD123,ENSG00000239112
RPL21P38,ENSG00000292100
MIR8053,ENSG00000277388
RNA5SP177,ENSG00000222054
RNU6-182P,ENSG00000292101
MIR4636,ENSG00000266415
MIR548AG1,ENSG00000265829
MIR887,ENSG00000216077
RNU6-679P,ENSG00000212305
RNU6-1325P,ENSG00000201775
DYNC1I2,ENSG00000292102
RNU6-699P,ENSG00000252890
RNA5SP178,ENSG00000222312
RNU6-191P,ENSG00000252104
RNU6-660P,ENSG00000201436
RNU1-63P,ENSG00000206629
RNA5SP527,ENSG00000274759
RN7SL58P,ENSG00000241552
GPRACR,ENSG00000196979
SNORD81,ENSG00000212278
RNU6ATAC5P,ENSG00000210839
RN7SL665P,ENSG00000264169
RNU4ATAC9P,ENSG00000252955
RNU6-774P,ENSG00000200108
ZNF189,ENSG00000136870
RN7SKP48,ENSG00000201901
RNU4-43P,ENSG00000222560
RNU6-615P,ENSG00000251874
RNU6-374P,ENSG00000201016
RNU6-1059P,ENSG00000200622
MIR4451,ENSG00000266421
RN7SKP207,ENSG00000223136
RN7SKP28,ENSG00000201640
RNU6-462P,ENSG00000199529
RNU6-1079P,ENSG00000199731
RNU6-551P,ENSG00000252470
RNU6-378P,ENSG00000207052
RNU6-34P,ENSG00000201744
MIR579,ENSG00000207956
SNORD29,ENSG00000223004
RNU6-635P,ENSG00000252460
RNU6-358P,ENSG00000252373
SNORA24,ENSG00000275994
RNU6-760P,ENSG00000251887
RN7SL55P,ENSG00000243227
RNU6-1108P,ENSG00000252117
MIR4279,ENSG00000266243
RNU6-909P,ENSG00000252867
MIR576,ENSG00000207988
RNU6-1332P,ENSG00000252475
MIR8066,ENSG00000273882
MIR1255A,ENSG00000221265
RNU6-966P,ENSG00000252288
MIR3650,ENSG00000265304
RN7SKP137,ENSG00000223006
RNU1-78P,ENSG00000212550
RNU7-130P,ENSG00000238441
RNU6-948P,ENSG00000252183
RNU6-119P,ENSG00000201752
RNU1-150P,ENSG00000199361
RNU6-550P,ENSG00000212359
BICRA-AS1,ENSG00000269806
RNU6-480P,ENSG00000207060
RNU1-89P,ENSG00000207322
RNU6-1296P,ENSG00000206606
RNU6-224P,ENSG00000206782
RNU6-272P,ENSG00000222960
MIR581,ENSG00000207627
SNORD23,ENSG00000221803
RN7SL808P,ENSG00000240637
RN7SL801P,ENSG00000241230
HECTD2,ENSG00000165338
ZNF552,ENSG00000178935
RNA5SP166,ENSG00000201846
RNA5SP185,ENSG00000212265
GNB1L,ENSG00000185838
RNU7-197P,ENSG00000239168
RNA5SP182,ENSG00000251873
RNU6-1230P,ENSG00000207121
RNU6ATAC2P,ENSG00000210678
RNA5SP167,ENSG00000202331
RNA5SP165,ENSG00000252951
RNU6-299P,ENSG00000253032
TERB2,ENSG00000167014
RN7SKP253,ENSG00000252233
RNA5SP184,ENSG00000223003
MIR4799,ENSG00000264274
MIR5687,ENSG00000265135
RN7SL254P,ENSG00000240014
MIR548G,ENSG00000221369
RN7SL169P,ENSG00000242547
RNU6-294P,ENSG00000201869
SNORD39,ENSG00000274535
RNU6-913P,ENSG00000212215
RNU4-79P,ENSG00000199634
MIR4803,ENSG00000264099
RNU7-196P,ENSG00000238913
RNU4-11P,ENSG00000202157
RN7SKP188,ENSG00000222721
RN7SL378P,ENSG00000265684
RNA5SP170,ENSG00000252959
OR2K2,ENSG00000171133
RN7SKP295,ENSG00000253073
RNU6ATAC13P,ENSG00000251961
RNU6-620P,ENSG00000206744
RN7SKP105,ENSG00000253001
MIR3660,ENSG00000264342
RN7SKP34,ENSG00000251951
TUSC1,ENSG00000198680
MIR6082,ENSG00000278502
IQSEC2,ENSG00000124313
RN7SL776P,ENSG00000240772
MIR4280,ENSG00000265919
RNU6-448P,ENSG00000252861
RNA5SP171,ENSG00000212373
RNU6-804P,ENSG00000207013
RNA5SP173,ENSG00000201727
MIR4454,ENSG00000283468
C9orf153,ENSG00000187753
SNORD138,ENSG00000284078
RNU6-335P,ENSG00000201433
RNU6-1053P,ENSG00000251739
RN7SL802P,ENSG00000277506
RNU6-479P,ENSG00000252157
MIR548P,ENSG00000221263
RNU6-1119P,ENSG00000207077
RN7SL28P,ENSG00000244512
RNU2-66P,ENSG00000222582
RN7SKP62,ENSG00000207269
RNU2-44P,ENSG00000252604
MIR4276,ENSG00000265846
RN7SKP68,ENSG00000222987
RNU6-173P,ENSG00000201085
RNU4-90P,ENSG00000199643
RNU1-51P,ENSG00000202215
ZNF587B,ENSG00000269343
RNU6-47P,ENSG00000206593
RN7SKP230,ENSG00000202512
RN7SKP57,ENSG00000253057
RNA5SP188,ENSG00000199786
RNU6-644P,ENSG00000212457
RNU6-838P,ENSG00000200269
MIR1244-2,ENSG00000283498
RN7SL711P,ENSG00000276047
RN7SL174P,ENSG00000243333
MIR548F3,ENSG00000221436
SNORA13,ENSG00000238363
MIR4449,ENSG00000264585
RNU6-752P,ENSG00000252185
SNORA26,ENSG00000212588
RNU6-373P,ENSG00000223179
RNU6-701P,ENSG00000206786
MIR5706,ENSG00000264536
EXD1,ENSG00000178997
RNU7-53P,ENSG00000252514
RASL11B,ENSG00000128045
RNU6-718P,ENSG00000251975
RNA5SP189,ENSG00000201790
KLF9,ENSG00000119138
MIR4460,ENSG00000265691
FKBP1AP1,ENSG00000269304
RNU2-25P,ENSG00000222973
RN7SL689P,ENSG00000263432
RNU6-290P,ENSG00000202082
RN7SL592P,ENSG00000264615
RNU4-69P,ENSG00000222609
GPS2P1,ENSG00000236496
RNU6ATAC10P,ENSG00000221562
ATP5PDP2,ENSG00000229184
RNA5SP191,ENSG00000199455
CDK2AP2P1,ENSG00000278647
RNU7-34P,ENSG00000238904
RN7SL87P,ENSG00000239390
MYO5BP1,ENSG00000274680
RN7SKP246,ENSG00000201423
ZNF417,ENSG00000173480
RNU7-156P,ENSG00000253023
RN7SKP275,ENSG00000201496
RNU6-588P,ENSG00000222213
RNU6-390P,ENSG00000252068
RN7SL655P,ENSG00000241963
RN7SL335P,ENSG00000241037
MIR378A,ENSG00000199047
RNA5SP194,ENSG00000201532
RNU6-164P,ENSG00000201474
RNU6-260P,ENSG00000206819
RN7SL868P,ENSG00000242928
RNU7-185P,ENSG00000239102
MIR1294,ENSG00000221430
ADAD1,ENSG00000164113
RN7SKP60,ENSG00000252794
RNU2-48P,ENSG00000222626
RPS26P3,ENSG00000212829
RNU6-500P,ENSG00000199219
RNA5SP200,ENSG00000252169
RNU6-209P,ENSG00000206845
MIR8056,ENSG00000274994
RN7SL5P,ENSG00000265735
RNU6-168P,ENSG00000251998
MIR5003,ENSG00000265160
RNU1-17P,ENSG00000199892
MIR8089,ENSG00000277912
RNU6-525P,ENSG00000200555
IMP3P1,ENSG00000230589
MIR340,ENSG00000198995
RNU6-1036P,ENSG00000206686
RN7SL722P,ENSG00000273940
PFN3,ENSG00000196570
ZNF256,ENSG00000152454
RPS20P4,ENSG00000241907
RPL7P1,ENSG00000214485
RN7SL787P,ENSG00000274098
LRRC14B,ENSG00000185028
RNU6-368P,ENSG00000278551
BCL2L10,ENSG00000137875
C19orf18,ENSG00000177025
IFNNP1,ENSG00000230208
IFNB1,ENSG00000171855
RPSAP42,ENSG00000219463
IFNWP4,ENSG00000225027
SLC9A3-OT1,ENSG00000188242
MIR4750,ENSG00000284394
ADI1,ENSG00000280830
IFNW1,ENSG00000177047
RPA3P2,ENSG00000218261
TAAR6,ENSG00000146383
TRAPPC12,ENSG00000274891
IFNA21,ENSG00000137080
MIR4751,ENSG00000283842
FTH1P26,ENSG00000218213
ZNF473-AS1,ENSG00000269091
DUOX2,ENSG00000140279
SLC9A3,ENSG00000066230
MLC1,ENSG00000100427
IFIT6P,ENSG00000224289
HMCN2,ENSG00000148357
IFIT1B,ENSG00000204010
NDUFS5P1,ENSG00000218424
IFIT1,ENSG00000185745
DERL3,ENSG00000274437
GPR32P1,ENSG00000269565
PPP1R14BP5,ENSG00000213133
GPR32,ENSG00000142511
TRAPPC3L,ENSG00000173626
SNORD88B,ENSG00000221381
SNORD88A,ENSG00000221241
SNORD88C,ENSG00000220988
CYP4F36P,ENSG00000273330
RPL15P14,ENSG00000226701
RNU6-805P,ENSG00000202513
ZNF861P,ENSG00000267235
SNX19P4,ENSG00000276531
RNA5SP305,ENSG00000199535
RPL7P29,ENSG00000214457
RN7SKP241,ENSG00000240294
MTCYBP36,ENSG00000216853
PRPF38AP2,ENSG00000236582
RPL32P16,ENSG00000219747
STAM-DT,ENSG00000260589
CTBP2P7,ENSG00000267091
TMEM236,ENSG00000148483
BTF3P10,ENSG00000231120
MEMO1P2,ENSG00000213117
RN7SL192P,ENSG00000276757
MIR6886,ENSG00000284553
MIR6796,ENSG00000275652
HIPK4,ENSG00000160396
MTCO3P31,ENSG00000217044
ATP5MGP2,ENSG00000232362
C11orf98P2,ENSG00000220745
RNA5SP310,ENSG00000239152
RPL13AP15,ENSG00000216316
TAAR2,ENSG00000146378
HNRNPA1P33,ENSG00000213412
RNU6-697P,ENSG00000200218
MIR7152,ENSG00000274824
RNU7-38P,ENSG00000238446
PSG6,ENSG00000170848
MTATP6P25,ENSG00000262095
RPL12P23,ENSG00000218716
TPRX1P1,ENSG00000259021
PHB1P1,ENSG00000213091
RPS12P18,ENSG00000232965
MBL3P,ENSG00000219430
SFTPA3P,ENSG00000225827
LINC02679,ENSG00000226676
ACTG1P9,ENSG00000229349
HYMAI,ENSG00000283122
MTHFD2P2,ENSG00000217169
BEND3P3,ENSG00000278616
PERP,ENSG00000112378
RNU6-668P,ENSG00000201050
TRIM60P14,ENSG00000250227
RNU6-780P,ENSG00000212332
WAPL-DT,ENSG00000227896
MTND4LP19,ENSG00000219087
CYP2C58P,ENSG00000235199
RPL7AP52,ENSG00000225354
MTND4P20,ENSG00000233377
TINAG-AS1,ENSG00000228231
FAM218BP,ENSG00000221891
CYP2C59P,ENSG00000228460
CYP2C60P,ENSG00000260863
ATF1P1,ENSG00000219387
SLC2A11,ENSG00000275744
RPL21P69,ENSG00000216480
NUDT19P3,ENSG00000216723
RAET1L,ENSG00000155918
NACA3P,ENSG00000121089
CRIM1,ENSG00000277354
PAWRP1,ENSG00000225533
RPS3AP36,ENSG00000214362
MIR1287,ENSG00000284415
MIR4685,ENSG00000264610
LINC02620,ENSG00000225768
RPL21P36,ENSG00000278476
CRIM1-DT,ENSG00000279215
SORCS3,ENSG00000156395
TUBB8P2,ENSG00000218896
SYCN,ENSG00000179751
RPL21P51,ENSG00000240674
HMGB3P19,ENSG00000217085
TRIM60,ENSG00000176979
CLEC17A,ENSG00000187912
HSPD1P10,ENSG00000216990
COX6CP4,ENSG00000270500
MTCO1P56,ENSG00000220340
OR1L3,ENSG00000171481
LINC02843,ENSG00000228189
LARP4P,ENSG00000261315
TPST2P1,ENSG00000260582
RN7SKP185,ENSG00000199683
RN7SL237P,ENSG00000264767
MIR8063,ENSG00000277202
MIR630,ENSG00000283798
MHENCR,ENSG00000232442
AMTN,ENSG00000187689
MIR4682,ENSG00000265370
NACAP2,ENSG00000180230
CH25H,ENSG00000138135
OPRM1,ENSG00000112038
OR13J1,ENSG00000168828
ELF2P3,ENSG00000232743
SPATA31E1,ENSG00000177992
IFIT3,ENSG00000119917
ZBTB46-AS2,ENSG00000229299
RN7SL853P,ENSG00000274350
SPMIP6,ENSG00000164972
ZBTB46-AS1,ENSG00000231208
NPM1P42,ENSG00000259259
FABP5P8,ENSG00000259308
MIR4515,ENSG00000263643
BNC1,ENSG00000169594
SLC9A3-AS1,ENSG00000225138
C20orf204,ENSG00000196421
MAPK6P6,ENSG00000226389
RPL21P89,ENSG00000229870
RNU7-107P,ENSG00000238523
MID1,ENSG00000101871
SHQ1P1,ENSG00000231588
RPS26P38,ENSG00000234192
NUTM2F,ENSG00000130950
SOX18,ENSG00000203883
ARID5B,ENSG00000150347
MIR626,ENSG00000207766
ONECUT1,ENSG00000169856
MIR4456,ENSG00000264233
BRD9P2,ENSG00000249908
SPICP4,ENSG00000250020
SPCS2P3,ENSG00000247872
RNU6-572P,ENSG00000252533
SNHG4,ENSG00000281398
ENAM,ENSG00000132464
RN7SL706P,ENSG00000244677
TMC3,ENSG00000188869
RN7SL108P,ENSG00000243546
RPL7AP5,ENSG00000240210
PPIAP6,ENSG00000258477
SVEP1,ENSG00000165124
RPLP0P3,ENSG00000240023
DNAJC8P1,ENSG00000259022
RPS3AP4,ENSG00000259105
KRT18P6,ENSG00000258783
INSM2,ENSG00000168348
RAX2,ENSG00000173976
RPL26P6,ENSG00000229659
QRSL1P3,ENSG00000257957
WFDC9,ENSG00000180205
MSS51,ENSG00000166343
NUTF2P2,ENSG00000258300
UTP3,ENSG00000132467
WFDC10A,ENSG00000180305
RNU6-520P,ENSG00000207448
RNU6-784P,ENSG00000207058
ILF2P2,ENSG00000257720
ABCB11,ENSG00000276582
RNU6-891P,ENSG00000207007
ALG1L14P,ENSG00000250268
RPS2P7,ENSG00000235508
ZNF724,ENSG00000196081
WFDC11,ENSG00000180083
USP17L10,ENSG00000231396
SNORA74D,ENSG00000252213
SNORA74A,ENSG00000200959
USP17L11,ENSG00000233136
RNA5SP195,ENSG00000199545
RN7SKP64,ENSG00000253015
USP17L12,ENSG00000227551
MZB1,ENSG00000170476
RPL21,ENSG00000122026
G6PC2,ENSG00000278373
ESR2,ENSG00000140009
MED26,ENSG00000105085
SPINT5P,ENSG00000168630
USP17L13,ENSG00000232399
USP17L17,ENSG00000249104
SLC12A5-AS1,ENSG00000204044
USP17L18,ENSG00000250844
USP17L23,ENSG00000250913
USP17L5,ENSG00000227140
USP17L27,ENSG00000235780
USP17L28,ENSG00000231051
USP17L29,ENSG00000231637
USP17L30,ENSG00000228856
DEFB108F,ENSG00000188438
PROB1,ENSG00000228672
RNA5SP153,ENSG00000252307
DEFB130D,ENSG00000232773
USP17L20,ENSG00000250745
USP17L21,ENSG00000249811
USP17L22,ENSG00000248933
RNU6-732P,ENSG00000251842
RPS12P26,ENSG00000225193
MIR608,ENSG00000207551
MIR584,ENSG00000207714
USP17L24,ENSG00000232264
RN7SKP145,ENSG00000200161
USP17L25,ENSG00000230430
HTR1A,ENSG00000178394
USP17L26,ENSG00000229579
USP17L14P,ENSG00000249482
TWNK,ENSG00000107815
SPC25,ENSG00000277909
USP17L16P,ENSG00000250231
USP17L19,ENSG00000248920
RNU7-144P,ENSG00000238452
USP17L9P,ENSG00000251694
TRPC7,ENSG00000069018
USP17L6P,ENSG00000205946
LINC02173,ENSG00000249613
GIMD1,ENSG00000250298
PERPP2,ENSG00000228998
MUSK,ENSG00000030304
DANCR,ENSG00000226950
IZUMO1,ENSG00000182264
DUT-AS1,ENSG00000259488
NOSTRIN,ENSG00000275326
CD24P2,ENSG00000261333
RNU6-1287P,ENSG00000199784
HMGB1P33,ENSG00000261174
NUDT6,ENSG00000170917
TMEM183AP3,ENSG00000260382
RN7SL760P,ENSG00000272469
LINC01522,ENSG00000237423
GYG1P1,ENSG00000251633
RNU6-466P,ENSG00000212526
TMEM70,ENSG00000175606
LINC01523,ENSG00000229522
MIR211,ENSG00000207702
TMEM202,ENSG00000187806
IFIT2,ENSG00000119922
FGF21,ENSG00000105550
PHB1P20,ENSG00000271072
MIR8086,ENSG00000275036
MPP7-DT,ENSG00000282996
MIR3174,ENSG00000265871
RNU6-317P,ENSG00000206758
ZNF101P1,ENSG00000237746
ZNF710-AS1,ENSG00000259291
RNU6-1196P,ENSG00000252030
RPSAP10,ENSG00000224439
DHDH,ENSG00000104808
RN7SKP39,ENSG00000222705
ANXA2P1,ENSG00000213406
RNU4ATAC6P,ENSG00000252401
TPRKBP1,ENSG00000231911
RN7SL419P,ENSG00000243883
RNU6-1067P,ENSG00000207483
RNU6-270P,ENSG00000201001
IL2,ENSG00000109471
GABARAPL3,ENSG00000279980
ZNF774,ENSG00000196391
RPL5P28,ENSG00000235264
UTF1,ENSG00000171794
LINC03079,ENSG00000276923
MIR202,ENSG00000284219
ZNF511-PRAP1,ENSG00000283496
BANF1P2,ENSG00000230306
MIR3944,ENSG00000265395
HMGB1P50,ENSG00000271237
RPS20P21,ENSG00000244295
DSTNP3,ENSG00000253833
RNU6-1300P,ENSG00000212348
RPS3AP32,ENSG00000240047
RNU6-1197P,ENSG00000212485
CHAT,ENSG00000070748
PPP1R42,ENSG00000178125
NDUFA3P4,ENSG00000259262
MOB1B,ENSG00000173542
HSPE1P3,ENSG00000259746
SH2D7,ENSG00000183476
LINC00494,ENSG00000235621
LINC00904,ENSG00000271171
ALG5,ENSG00000120697
SERINC4,ENSG00000184716
CD72,ENSG00000137101
ODAPH,ENSG00000174792
MIR6887,ENSG00000284065
PURG,ENSG00000172733
SLC9A8,ENSG00000197818
MIR548T,ENSG00000221296
MIR5695,ENSG00000266721
RPL34P17,ENSG00000240534
FARSA-AS1,ENSG00000266975
RPL5P11,ENSG00000242882
MIR6515,ENSG00000274417
ALKAL1,ENSG00000196711
RNU6-1096P,ENSG00000252898
BRSK1-AS1,ENSG00000268729
HAND2,ENSG00000164107
TMEM150B,ENSG00000180061
MIR4278,ENSG00000283420
RN7SKP79,ENSG00000200243
MORF4,ENSG00000234801
GNL3LP1,ENSG00000215032
HMGB1P19,ENSG00000253463
RANP6,ENSG00000213370
LINC02159,ENSG00000253417
NACAP5,ENSG00000249488
C1QTNF6,ENSG00000133466
FAM83A-AS2,ENSG00000253258
MED28,ENSG00000118579
GABRA6,ENSG00000145863
MIR4663,ENSG00000266324
ZHX1-C8orf76,ENSG00000259305
ANKRD63,ENSG00000230778
GOLGA2P8,ENSG00000214433
UBA52P5,ENSG00000243498
ZSWIM1,ENSG00000168612
RNU6-628P,ENSG00000222607
MIR548V,ENSG00000265520
RNA5SP256,ENSG00000212280
FABP9,ENSG00000205186
RNU6-449P,ENSG00000206641
APCDD1L,ENSG00000198768
KRT18P63,ENSG00000235413
FTH1P11,ENSG00000237264
RNU6-531P,ENSG00000252503
RN7SL382P,ENSG00000240723
NIPA2P4,ENSG00000254151
MIR6851,ENSG00000275651
PPP1R14BP3,ENSG00000179967
LINC01502,ENSG00000237339
RPS26P34,ENSG00000240427
RN7SL311P,ENSG00000265892
SLC10A5P1,ENSG00000205184
RNU6-506P,ENSG00000252362
RNU6-1074P,ENSG00000206722
RNU6-1214P,ENSG00000200520
PFDN1P2,ENSG00000248188
LCN9,ENSG00000148386
SLC10A5,ENSG00000253598
HPRT1P1,ENSG00000251644
MAPK11,ENSG00000185386
CHMP4C,ENSG00000164695
MIR2054,ENSG00000283550
NUP58P1,ENSG00000251436
HNRNPA1P74,ENSG00000259550
OR1L8,ENSG00000171496
UNC13C,ENSG00000137766
POLR3F,ENSG00000132664
GABRA6-AS1,ENSG00000253403
IGKV1D-8,ENSG00000281078
RPL17P20,ENSG00000241250
MIR601,ENSG00000207991
MIR7150,ENSG00000274932
GLRXP3,ENSG00000118990
DENND1A-AS1,ENSG00000237336
RN7SL492P,ENSG00000240545
RN7SL357P,ENSG00000265894
ZNF474-AS1,ENSG00000249610
IGKV3D-7,ENSG00000275777
SNCAIP-AS1,ENSG00000249916
PIGFP2,ENSG00000234881
COX6B2,ENSG00000160471
LHX2,ENSG00000106689
RNU4-14P,ENSG00000222790
IGKV1OR2-118,ENSG00000280572
ANKHD1-EIF4EBP3,ENSG00000254996
POLR2B,ENSG00000047315
BORA,ENSG00000136122
HNRNPA1P36,ENSG00000231942
GPAT4-AS1,ENSG00000253133
KRT18P37,ENSG00000253943
GINS4,ENSG00000147536
DOCK8,ENSG00000107099
GARIN5B,ENSG00000180043
KIF5C,ENSG00000276734
DNTTIP1,ENSG00000101457
IL11,ENSG00000095752
OR4M1,ENSG00000176299
OR6J1,ENSG00000255804
IMP3,ENSG00000177971
GOLGA7,ENSG00000147533
DNM1P5,ENSG00000278582
MIR1233-2,ENSG00000221065
LINC02252,ENSG00000261304
OR10G3,ENSG00000169208
BCAR1P1,ENSG00000258397
RN7SL584P,ENSG00000239471
GOLGA6L4,ENSG00000184206
EIF4EBP3,ENSG00000243056
SLIRP-OT1,ENSG00000197734
MIR6805,ENSG00000284029
MIF,ENSG00000276701
SSC5D,ENSG00000179954
NF1P4,ENSG00000258027
TKTL1,ENSG00000007350
SCARNA14,ENSG00000252712
RPL9P25,ENSG00000240821
NF1P11,ENSG00000278184
ATP5MFP6,ENSG00000261102
HAUS1P1,ENSG00000251453
RPL35AP32,ENSG00000243404
NDUFA2,ENSG00000131495
SLC18A3,ENSG00000187714
EIF5AL1,ENSG00000253626
SNAPC5,ENSG00000174446
SERTM1,ENSG00000180440
HMX2,ENSG00000188816
GSTT2B,ENSG00000278695
RB1,ENSG00000139687
DND1,ENSG00000256453
RALGAPA1,ENSG00000174373
FAM107B,ENSG00000065809
RPL26P20,ENSG00000219722
SSR1P1,ENSG00000220598
CYP51A1P3,ENSG00000215223
SNRPEP6,ENSG00000217824
MIR4512,ENSG00000266589
SNORD18C,ENSG00000199574
PTPRK-AS1,ENSG00000227945
SNORD18B,ENSG00000202529
SNORD16,ENSG00000199673
SNORD18A,ENSG00000200623
LDHAL6FP,ENSG00000217783
RAET1M,ENSG00000216444
ZNF784,ENSG00000179922
DDTL,ENSG00000275758
EEF1DP5,ENSG00000213130
MTND3P20,ENSG00000220733
HMGB1P13,ENSG00000220557
DDT,ENSG00000275003
GOLGA8H,ENSG00000261794
NLRP9,ENSG00000185792
RPSAP40,ENSG00000231368
COX6A1P3,ENSG00000216710
PARLP2,ENSG00000217648
H3P27,ENSG00000220730
IMPG1,ENSG00000112706
SLC24A5,ENSG00000188467
RN7SKP109,ENSG00000222524
RFPL4AL1,ENSG00000229292
RNU6-998P,ENSG00000251703
UBE2CP3,ENSG00000250384
RFPL4AP1,ENSG00000255238
BBS7-DT,ENSG00000261501
SULT1D1P,ENSG00000236959
GAL3ST2,ENSG00000276126
NEU4,ENSG00000277926
APOL4,ENSG00000100336
RN7SL477P,ENSG00000239367
APC2,ENSG00000115266
HTN1,ENSG00000126550
GSTTP2,ENSG00000281310
NHSL2,ENSG00000204131
TRIM64FP,ENSG00000292068
CABIN1,ENSG00000281670
OR7E102P,ENSG00000292072
TRIM51JP,ENSG00000292073
TRIM43,ENSG00000292076
UBTFL3,ENSG00000292079
PROM2,ENSG00000292084
RPS24P12,ENSG00000220237
SOWAHB,ENSG00000186212
NIP7P3,ENSG00000218428
COX5BP2,ENSG00000213111
MIR6134,ENSG00000277569
TXNP6,ENSG00000234036
TAAR4P,ENSG00000237449
IL1RAPL1,ENSG00000169306
RPL7P17,ENSG00000214062
RNU6-1187P,ENSG00000201641
RNU6-887P,ENSG00000222592
SLC12A1,ENSG00000074803
MIR5591,ENSG00000264621
FABP7P2,ENSG00000292085
GSTT1,ENSG00000277656
FAHD2A,ENSG00000292086
RN7SKP96,ENSG00000252757
MIR4452,ENSG00000266515
MTND4LP20,ENSG00000220514
CLDN22,ENSG00000177300
MTCO2P31,ENSG00000217160
PPDPF,ENSG00000125534
MTRES1P1,ENSG00000220181
FAT4,ENSG00000196159
RPL21P64,ENSG00000220110
H3P43,ENSG00000226436
RNA5SP500,ENSG00000201356
CLNS1AP1,ENSG00000213335
UBTFL5,ENSG00000292090
MIR4666B,ENSG00000264090
PIGFP3,ENSG00000227592
LINC03052,ENSG00000292094
ANKRD33BP1,ENSG00000292095
NXF3,ENSG00000147206
RPS4XP8,ENSG00000219146
RPL17P25,ENSG00000219547
MTND4P13,ENSG00000216713
FBXO5,ENSG00000112029
LPAR6,ENSG00000139679
ZC2HC1B,ENSG00000118491
ZBP1,ENSG00000124256
MRPL39,ENSG00000154719
VWA8,ENSG00000102763
C22orf15,ENSG00000273579
RNU6-746P,ENSG00000206839
LRRC34P2,ENSG00000250464
FCF1P8,ENSG00000251111
SERPIND1,ENSG00000099937
OR7E85BP,ENSG00000197468
UNC93B8,ENSG00000249272
VPS51P7,ENSG00000249347
SNRPCP16,ENSG00000250342
ENPP7P10,ENSG00000249767
EFL1P2,ENSG00000248998
RPL6P10,ENSG00000243199
RNU2-40P,ENSG00000222765
FAM192BP,ENSG00000231841
RPL6P13,ENSG00000243312
SAMD5,ENSG00000203727
OR7D1P,ENSG00000188314
OR7E18P,ENSG00000180926
MTND1P29,ENSG00000292105
OR7H1P,ENSG00000226480
MTND2P22,ENSG00000292106
MTCO1P7,ENSG00000292107
MTCO2P7,ENSG00000292108
MTATP6P7,ENSG00000292109
MTCO3P7,ENSG00000292110
C4orf36,ENSG00000285458
UBXN2AP1,ENSG00000270614
MED15P5,ENSG00000292111
RPL31P29,ENSG00000231316
MTND3P15,ENSG00000292112
RPL19P4,ENSG00000292113
TAAR7P,ENSG00000235998
TEKT4P3,ENSG00000292114
ZNF560,ENSG00000198028
MTND6P8,ENSG00000292115
MTCYBP8,ENSG00000292116
MTND5P29,ENSG00000292117
CCDC74B,ENSG00000292118
ARPC1AP4,ENSG00000251411
RPL10P10,ENSG00000216347
AK4P5,ENSG00000217377
LINC01237,ENSG00000280686
HMGB1P17,ENSG00000217482
MZT2B,ENSG00000292119
GAPDHP60,ENSG00000248180
MIR5705,ENSG00000263981
RN7SL681P,ENSG00000240966
PDE7B,ENSG00000171408
RNU1-44P,ENSG00000207182
POU4F2,ENSG00000151615
SULT4A1,ENSG00000130540
TUBA3E,ENSG00000292120
GAL3ST2-AS1,ENSG00000281082
ZSCAN5DP,ENSG00000267908
RHOQP3,ENSG00000292122
KLF2P1,ENSG00000292124
CYP4F27P,ENSG00000292125
FAM240C,ENSG00000281553
POTEF-AS1,ENSG00000292127
EDDM13,ENSG00000267710
IL1RAPL2,ENSG00000189108
USP17L15,ENSG00000223569
RNU6-1049P,ENSG00000292128
BTF3L4P4,ENSG00000229226
SMPD4,ENSG00000292130
PALLD-AS1,ENSG00000249623
RTP5,ENSG00000277949
HIGD1AP13,ENSG00000251019
RN7SL127P,ENSG00000242175
MIR3945,ENSG00000266698
TRPC6P7,ENSG00000251147
MIR4455,ENSG00000263458
RNU6-351P,ENSG00000251906
SCAND1,ENSG00000171222
PDCD1,ENSG00000276977
VN2R17P,ENSG00000213014
RN7SL89P,ENSG00000243383
RNU6-553P,ENSG00000200917
IL21,ENSG00000138684
PHB1P10,ENSG00000232665
RPL18AP14,ENSG00000223733
TEX13A,ENSG00000268629
IMPACT,ENSG00000154059
GNRH2,ENSG00000125787
SLC25A36P1,ENSG00000267781
SMARCB1,ENSG00000275837
KCTD9P2,ENSG00000181819
COL5A3,ENSG00000080573
RNU6-207P,ENSG00000206864
UBE2NL,ENSG00000276380
PIM2,ENSG00000102096
MED15P9,ENSG00000292131
PLAC9P1,ENSG00000292134
LINC01856,ENSG00000292135
RPL22P7,ENSG00000292137
RAB6C-AS1,ENSG00000292138
TULP4,ENSG00000130338
RAB6C,ENSG00000292140
SSBP3P6,ENSG00000292144
ARHGAP42P2,ENSG00000292145
NANOGNBP3,ENSG00000270813
FAR2P1,ENSG00000292146
RPL21P132,ENSG00000183911
NOC2LP1,ENSG00000292123
BPIFB2,ENSG00000078898
PPIAP90,ENSG00000234557
BBS12,ENSG00000181004
GLA,ENSG00000102393
SCARNA22,ENSG00000249784
MIR943,ENSG00000284587
NAT8L,ENSG00000185818
RPS15AP17,ENSG00000225405
RPL21P47,ENSG00000241344
RNU2-16P,ENSG00000222644
ADA2,ENSG00000093072
NKX1-1,ENSG00000235608
MIR95,ENSG00000207807
GMPSP1,ENSG00000250471
RNU6-112P,ENSG00000200469
NCOA4P2,ENSG00000249934
PYURF,ENSG00000145337
MMP24OS,ENSG00000126005
PIGY,ENSG00000255072
PIGY-DT,ENSG00000285122
LINC03100,ENSG00000280733
RN7SKP244,ENSG00000252322
LINC01880,ENSG00000280980
CPEB2,ENSG00000137449
RPL17P24,ENSG00000237593
RPL23AP46,ENSG00000213122
CTAGE13P,ENSG00000230711
SPEF1,ENSG00000101222
AIG1,ENSG00000146416
LSM3P3,ENSG00000292148
TCF7L1,ENSG00000292149
TCF7L1-IT1,ENSG00000292150
RNU6-674P,ENSG00000292151
SNRPEP11,ENSG00000292152
TGOLN2,ENSG00000292253
PEBP1P2,ENSG00000292154
RETSAT,ENSG00000292155
SPATA31C2,ENSG00000177910
TLDC2,ENSG00000101342
PHLPP1,ENSG00000081913
ARMC8P1,ENSG00000225254
TCEA1P3,ENSG00000215165
GAS2L1P1,ENSG00000229511
RDH8,ENSG00000080511
VN1R48P,ENSG00000237487
FAM220BP,ENSG00000176007
RNU6-765P,ENSG00000252725
FAM223A,ENSG00000279245
B3GALT9,ENSG00000214654
FAM223B,ENSG00000272681
CCDC120,ENSG00000147144
MIR5589,ENSG00000266204
NDUFA5P3,ENSG00000234853
ACER2,ENSG00000177076
PPAN-P2RY11,ENSG00000243207
TLX3,ENSG00000164438
SSXP10,ENSG00000217330
RPSAP45,ENSG00000219773
TOMM40P4,ENSG00000281848
DMTN,ENSG00000158856
CDRT15P3,ENSG00000274362
URB1,ENSG00000142207
RN7SL339P,ENSG00000265740
RPSAP71,ENSG00000254256
C11orf98P1,ENSG00000232158
NMBR-AS1,ENSG00000236822
RPL7P27,ENSG00000220069
DNAJA1P4,ENSG00000218089
MTATP6P31,ENSG00000218776
SNORA70J,ENSG00000206909
RPL10P8,ENSG00000254012
KRT18P65,ENSG00000215807
RPL36P10,ENSG00000226541
MIR3912,ENSG00000264249
FOXI1,ENSG00000168269
FEM1AP3,ENSG00000217770
OLIG3,ENSG00000177468
LINC03124,ENSG00000290517
AK4P4,ENSG00000223621
HNRNPDP2,ENSG00000217811
RAB1AP2,ENSG00000217272
MLANA,ENSG00000120215
RPSAP72,ENSG00000219361
KRT18P41,ENSG00000253219
RPL29P4,ENSG00000230202
LINC01187,ENSG00000249601
DACT2,ENSG00000164488
LINC01115,ENSG00000281362
PURA,ENSG00000185129
EDN3,ENSG00000124205
IGIP,ENSG00000182700
SFR1,ENSG00000156384
SNORD105,ENSG00000209645
SLC35F1,ENSG00000196376
XBP1P1,ENSG00000249947
SNORD105B,ENSG00000238531
ZRSR2P1,ENSG00000212643
P2RY11,ENSG00000244165
MBLAC2,ENSG00000176055
S1PR2,ENSG00000267534
MIR4322,ENSG00000264266
RPS4XP6,ENSG00000244073
RBISP2,ENSG00000271378
FGF8,ENSG00000107831
OFD1P17,ENSG00000228212
TAMM41,ENSG00000279643
RN7SL37P,ENSG00000242493
RNU7-75P,ENSG00000251880
RPL39P34,ENSG00000242255
KRT8P33,ENSG00000250539
RN7SL352P,ENSG00000243439
MIR6720,ENSG00000275859
RNU6ATAC21P,ENSG00000221583
PABPN1P2,ENSG00000255875
RN7SL554P,ENSG00000240936
RNU6-793P,ENSG00000206960
RNU6-522P,ENSG00000201367
RNU6-645P,ENSG00000201519
MIR548A1,ENSG00000207775
CEP120,ENSG00000168944
RN7SL332P,ENSG00000242989
RNA5SP204,ENSG00000201415
RNU6-263P,ENSG00000200681
ZNF773,ENSG00000152439
RNU6-1060P,ENSG00000207394
RN7SKP240,ENSG00000222515
RNA5SP205,ENSG00000201523
RNU6-801P,ENSG00000200957
RNU6-150P,ENSG00000252046
RNU6-930P,ENSG00000212240
RN7SL273P,ENSG00000239953
RNU6-754P,ENSG00000212468
MIR5685,ENSG00000264056
RNU7-65P,ENSG00000252457
RNU1-136P,ENSG00000206908
FAM240B,ENSG00000283329
RN7SL580P,ENSG00000240641
RNA5SP208,ENSG00000251965
HTR2A,ENSG00000102468
MIR199B,ENSG00000207581
RNU6-1023P,ENSG00000251946
MIR3154,ENSG00000264823
RNU7-66P,ENSG00000238949
RNU6-261P,ENSG00000238697
NR4A3,ENSG00000119508
MIR548U,ENSG00000212017
RNU6-84P,ENSG00000272445
RNU6-155P,ENSG00000252156
RNU6-1338P,ENSG00000252137
ZIK1,ENSG00000171649
RNA5SP209,ENSG00000223169
RN7SKP256,ENSG00000253010
RNA5SP210,ENSG00000212336
RNU6-248P,ENSG00000222652
RN7SL643P,ENSG00000243124
RN7SL415P,ENSG00000240961
PHF11,ENSG00000136147
MIR4643,ENSG00000263734
MIR548AI,ENSG00000265226
RN7SL509P,ENSG00000263479
RNU4-66P,ENSG00000202069
RN7SL797P,ENSG00000242560
RNU7-48P,ENSG00000238386
RNU6-1299P,ENSG00000252125
MIR2113,ENSG00000238367
RNU6-1106P,ENSG00000212147
MIR4464,ENSG00000266760
RNU6-957P,ENSG00000200522
RNU6-1163P,ENSG00000201386
RNU6-214P,ENSG00000206857
RNU6-1016P,ENSG00000252498
RN7SKP18,ENSG00000251814
RNU6-897P,ENSG00000252944
RN7SKP163,ENSG00000200091
MARK2P14,ENSG00000266576
RNA5SP215,ENSG00000200310
RNU6-1226P,ENSG00000207044
RN7SKP51,ENSG00000222713
NUP210P2,ENSG00000265773
RN7SKP56,ENSG00000222445
RNU6-253P,ENSG00000207461
MIR588,ENSG00000207632
RNU6-200P,ENSG00000201613
RNU4-76P,ENSG00000201379
MIR3144,ENSG00000265725
RNA5SP216,ENSG00000251920
RNU6-475P,ENSG00000251882
RNU1-18P,ENSG00000199932
SNORD101,ENSG00000206754
MIR3662,ENSG00000283409
RNU6-1222P,ENSG00000207345
SNORD100,ENSG00000221500
MIR548B,ENSG00000207982
RNU6-194P,ENSG00000200732
SNORA33,ENSG00000200534
RNU1-19P,ENSG00000200176
MIR363,ENSG00000284499
MIR92A2,ENSG00000284538
RNU7-152P,ENSG00000238789
MIR19B2,ENSG00000284107
MIR20B,ENSG00000284043
RNU6-896P,ENSG00000199246
BMS1P3,ENSG00000240089
MIR18B,ENSG00000283931
RNA5SP225,ENSG00000222806
MIR106A,ENSG00000284157
RNU2-8P,ENSG00000222659
AGAP11,ENSG00000261011
SLC6A14P3,ENSG00000284963
RNU4-7P,ENSG00000201628
CYP24A1,ENSG00000019186
RNU6-300P,ENSG00000238616
RNA5SP224,ENSG00000201939
RN7SKP106,ENSG00000222764
FAM25A,ENSG00000188100
SELENOKP1,ENSG00000267319
MIR1202,ENSG00000221456
RN7SL75P,ENSG00000239908
RN7SL564P,ENSG00000240606
RPS2P35,ENSG00000238172
MIR4644,ENSG00000266245
SNORD28B,ENSG00000212295
DPPA3P10,ENSG00000270995
IQCM,ENSG00000234828
RNA5SP221,ENSG00000223203
NANOGP5,ENSG00000231697
WDR87,ENSG00000171804
DNAJC19P6,ENSG00000220871
RNU6-529P,ENSG00000200253
LHX6,ENSG00000106852
RN7SL733P,ENSG00000273946
SNTG2,ENSG00000281486
TECTB,ENSG00000119913
PRPF31-AS1,ENSG00000274041
RN7SKP110,ENSG00000222078
XAGE5,ENSG00000171405
PCDH18,ENSG00000189184
SAGE1,ENSG00000181433
RN7SL718P,ENSG00000264423
RN7SL34P,ENSG00000239868
MIR6715B,ENSG00000283688
MIR6715A,ENSG00000276857
RPL12P50,ENSG00000270916
RNA5SP525,ENSG00000212595
RNU6-764P,ENSG00000252205
ERICH4,ENSG00000204978
MIR105-1,ENSG00000207957
MIR767,ENSG00000211583
MIR105-2,ENSG00000207818
KRT8P8,ENSG00000223940
ARL6IP1P2,ENSG00000225355
RNU6-811P,ENSG00000206796
NAP1L6P,ENSG00000204118
RN7SL314P,ENSG00000244402
INGX,ENSG00000243468
TMEM161BP1,ENSG00000237970
MRFAP1P1,ENSG00000260081
VN1R53P,ENSG00000236313
DENND10P1,ENSG00000221930
CEP57L1P1,ENSG00000224725
AADACL2,ENSG00000261846
NODAL,ENSG00000156574
SIGLEC6,ENSG00000105492
VENTXP1,ENSG00000259849
C4orf46P2,ENSG00000248503
ACAA2P1,ENSG00000233585
NKAPP1,ENSG00000233382
YY1P1,ENSG00000230661
MAP2K4P1,ENSG00000269904
JAM2,ENSG00000154721
PFN5P,ENSG00000283349
ECMXP,ENSG00000224963
RNU1-33P,ENSG00000201119
LINC02066,ENSG00000262411
GLRA4,ENSG00000188828
AADACL2-AS1,ENSG00000262466
CTAGE7P,ENSG00000233122
RPSAP34,ENSG00000239939
PPIAP32,ENSG00000233319
ZACNP1,ENSG00000278589
RPL6P24,ENSG00000227474
RNA5SP301,ENSG00000199407
EXOC7P1,ENSG00000250485
MIR107,ENSG00000198997
MIR5100,ENSG00000263795
RNU6ATAC11P,ENSG00000221468
ASIC5,ENSG00000256394
RPL5P26,ENSG00000230469
COX6CP17,ENSG00000235141
TBPL1,ENSG00000028839
RNU6-535P,ENSG00000207453
RN7SKP167,ENSG00000222979
CHMP1B2P,ENSG00000278530
MIR5699,ENSG00000263511
CTNNA3,ENSG00000183230
RNU6-434P,ENSG00000207104
CIR1P1,ENSG00000253146
MIR3141,ENSG00000264760
FTH1P21,ENSG00000249013
MIR1303,ENSG00000221552
RN7SL803P,ENSG00000272197
RNU6-35P,ENSG00000207260
RPL21P57,ENSG00000241187
RN7SL275P,ENSG00000263940
MIR378H,ENSG00000263361
PIK3IP1,ENSG00000100100
TENM1,ENSG00000009694
LINC02025,ENSG00000284804
HSBP1P2,ENSG00000166530
GEMIN5,ENSG00000082516
RNF14P2,ENSG00000250594
RNU6-205P,ENSG00000212160
ZBED1P1,ENSG00000250304
RPL7L1P13,ENSG00000251464
RAB22A,ENSG00000124209
ZNF969P,ENSG00000251046
MIR297,ENSG00000215961
RN7SK,ENSG00000283293
RN7SL244P,ENSG00000242865
RNU6-289P,ENSG00000200963
RPL36AP23,ENSG00000241722
GCM1,ENSG00000137270
CCDC34P1,ENSG00000250556
TUBB8P3,ENSG00000250307
RPL36AP19,ENSG00000243280
AP1AR-DT,ENSG00000260526
TOX4P1,ENSG00000248697
RNU6-204P,ENSG00000199335
RNU6-464P,ENSG00000253026
MSANTD1,ENSG00000188981
SOD1P1,ENSG00000219074
IQCB2P,ENSG00000217539
OR2W2P,ENSG00000217315
TNFRSF11A,ENSG00000141655
OR2B7P,ENSG00000187763
OR2B8,ENSG00000182477
OR2W6P,ENSG00000168126
OR2B6,ENSG00000124657
RPLP2P1,ENSG00000214374
OR2W4P,ENSG00000216629
TATDN2P2,ENSG00000218226
MIR7161,ENSG00000278571
MIR3939,ENSG00000265828
RPL7AP29,ENSG00000248843
TTLL2,ENSG00000120440
COQ2,ENSG00000173085
MEI1,ENSG00000167077
ENOX1,ENSG00000120658
DHX36,ENSG00000281763
CHMP4B,ENSG00000101421
RPL7AP51,ENSG00000226448
MIR7151,ENSG00000276866
AKR1B10P1,ENSG00000213606
RPL21P92,ENSG00000225922
RNU6-1250P,ENSG00000212520
WDR4,ENSG00000160193
TSPYL1,ENSG00000189241
RN7SL394P,ENSG00000239942
DNAJC19P1,ENSG00000237141
GPR31,ENSG00000120436
RNU6-523P,ENSG00000252113
RPL12P8,ENSG00000219932
SIGLEC29P,ENSG00000268267
TFAP2D,ENSG00000008197
RPS3AP38,ENSG00000226318
RPL9P33,ENSG00000244071
RN7SL220P,ENSG00000266467
POU5F1P5,ENSG00000236375
SPACA6-AS1,ENSG00000269959
AGAP5,ENSG00000172650
MIR99B,ENSG00000207550
MIRLET7E,ENSG00000198972
MIR125A,ENSG00000208008
FPR2,ENSG00000171049
OR7E55P,ENSG00000288306
PXDC1,ENSG00000168994
EVA1CP5,ENSG00000288418
LSP1P2,ENSG00000288439
ALG1L6P,ENSG00000288161
UPF3AP3,ENSG00000234709
NOVA2,ENSG00000104967
CST7,ENSG00000077984
RN7SL617P,ENSG00000241162
C14orf119P1,ENSG00000214669
MIR4645,ENSG00000266750
LINC02907,ENSG00000178243
LINC01011,ENSG00000244041
HTATSF1P2,ENSG00000271361
RNU6-661P,ENSG00000199279
CKS1BP3,ENSG00000268942
SOCS5P2,ENSG00000224682
FAM136BP,ENSG00000232654
RPL35AP14,ENSG00000240436
LCN1,ENSG00000160349
LRRC70,ENSG00000186105
SERPINB8P1,ENSG00000217707
FAM86DP,ENSG00000288323
C18orf21P1,ENSG00000251647
RNA5SP201,ENSG00000222248
TUBB2BP1,ENSG00000216819
SLC25A14P1,ENSG00000213608
RNA5SP468,ENSG00000252591
RPL30P5,ENSG00000239525
RPS18P13,ENSG00000243455
ANXA10,ENSG00000109511
RNU6-391P,ENSG00000202050
ARHGEF26,ENSG00000277101
KRT8P43,ENSG00000218186
RNU1-11P,ENSG00000206702
NFATC2,ENSG00000101096
LINC02530,ENSG00000234015
IL12RB1,ENSG00000096996
ZFP62,ENSG00000196670
FAM25G,ENSG00000189090
EPM2A,ENSG00000112425
ADAM12,ENSG00000148848
LINC02018,ENSG00000288312
MIR4673,ENSG00000263403
MIR4674,ENSG00000265181
CRIPTOP1,ENSG00000227988
BAG1P1,ENSG00000232370
FTLP16,ENSG00000229735
IGKV1OR9-1,ENSG00000204780
UBTFL11,ENSG00000233007
FOXD4L5,ENSG00000204779
RNU7-7P,ENSG00000238606
FRG1KP,ENSG00000280286
MECP2,ENSG00000169057
BRD8,ENSG00000112983
IGKV1OR-3,ENSG00000204776
FOXD4L4,ENSG00000184659
RPL38P3,ENSG00000244422
WASHC1,ENSG00000181404
RNU6-410P,ENSG00000252815
CHURC1-FNTB,ENSG00000125954
CHADL,ENSG00000100399
RN7SL424P,ENSG00000244034
RN7SL822P,ENSG00000239545
METTL5P3,ENSG00000250812
KPNA2P1,ENSG00000236530
RPSAP39,ENSG00000244002
LINC02469,ENSG00000248408
SNORA75,ENSG00000212620
PIMREGP4,ENSG00000248340
CCKAR,ENSG00000163394
ARHGEF26-AS1,ENSG00000281157
ENPP7P2,ENSG00000288471
SNRPCP10,ENSG00000288200
RPS3AP15,ENSG00000288476
RN7SKP24,ENSG00000251697
LINC02928,ENSG00000273257
SWI5,ENSG00000175854
UQCR10,ENSG00000184076
SEPSECS-AS1,ENSG00000281501
TXNL1,ENSG00000091164
MIR4706,ENSG00000266531
NDUFB4P9,ENSG00000249754
CCDC196,ENSG00000196553
RPL14P3,ENSG00000241923
MGAT4D,ENSG00000205301
CRKL,ENSG00000099942
GPR53P,ENSG00000229281
OR2H5P,ENSG00000232173
TMEM183AP1,ENSG00000227609
SNORD32B,ENSG00000201330
RPL13AP,ENSG00000231301
RPL23AP1,ENSG00000239257
MICE,ENSG00000273340
HCG9P5,ENSG00000227758
LGALS1,ENSG00000100097
HLA-P,ENSG00000261548
USP27X,ENSG00000273820
RN7SL719P,ENSG00000274632
RPL7AP7,ENSG00000213880
MAST3-AS1,ENSG00000269145
CPSF1P2,ENSG00000220132
RNU6-421P,ENSG00000201341
NCKAP1P1,ENSG00000237752
TLNRD1,ENSG00000140406
KPNB1P1,ENSG00000234889
HMGN1P35,ENSG00000172186
CASK-AS1,ENSG00000233033
MIR4311,ENSG00000263512
IFNA17,ENSG00000234829
INAFM2,ENSG00000259330
MAGEA3-DT,ENSG00000287394
RN7SL152P,ENSG00000242102
RN7SKP178,ENSG00000283135
IFNWP5,ENSG00000232138
PPIAP68,ENSG00000283134
RNA5SP203,ENSG00000222383
TNRC18P1,ENSG00000249661
RNA5SP392,ENSG00000252714
IFNA14,ENSG00000228083
CSAG2,ENSG00000268902
PDE4C,ENSG00000285188
IFNA22P,ENSG00000224416
IFNA5,ENSG00000147873
Vault,ENSG00000283129
MAK,ENSG00000111837
IFNA20P,ENSG00000226393
CHST14,ENSG00000169105
RPL27P8,ENSG00000283641
IFNA2,ENSG00000188379
HIGD1AP14,ENSG00000248785
INO80D-AS1,ENSG00000283192
FAM204DP,ENSG00000258552
MIR1260A,ENSG00000221754
RRH,ENSG00000180245
JUND,ENSG00000130522
GCSHP3,ENSG00000283168
IFNA11P,ENSG00000231195
IFNA12P,ENSG00000235108
RN7SKP92,ENSG00000253075
IFNA8,ENSG00000120242
KRT8P14,ENSG00000214282
snoZ196,ENSG00000283323
MYO5A,ENSG00000197535
IFNWP2,ENSG00000237691
SNORD51,ENSG00000283671
MED28P4,ENSG00000224701
SNORA41,ENSG00000283482
IFNA1,ENSG00000197919
KRT18P68,ENSG00000213100
CMKLR2-AS,ENSG00000283643
RPL39P38,ENSG00000241464
DDX53,ENSG00000184735
RPL26P3,ENSG00000240179
IFNWP19,ENSG00000238271
MIR31,ENSG00000199177
RNU6-864P,ENSG00000252065
LRRC25,ENSG00000175489
H3P30,ENSG00000227443
RNU11-5P,ENSG00000212518
IFNE,ENSG00000184995
RNU6-1234P,ENSG00000252686
PDCL2P1,ENSG00000228610
MPPED1,ENSG00000186732
RN7SKP200,ENSG00000283395
MIR1302-8,ENSG00000221269
RNU2-68P,ENSG00000222810
HMGN1P6,ENSG00000283357
SMIM10L2B-AS1,ENSG00000228372
RN7SKP260,ENSG00000281402
RNU6-538P,ENSG00000275030
ACER2P1,ENSG00000283169
HNRNPA1P51,ENSG00000283305
NUP50P1,ENSG00000259010
MIR6799,ENSG00000276270
MIR6800,ENSG00000284114
MIR7855,ENSG00000284269
INO80D,ENSG00000283510
MIR4749,ENSG00000265954
PTOV1-AS2,ENSG00000269352
ETS2P1,ENSG00000237833
OR4E2,ENSG00000221977
AMZ2P3,ENSG00000233807
MIR624,ENSG00000207952
PTP4A1P5,ENSG00000235642
ANKRD20A1,ENSG00000260691
PPP4R3C,ENSG00000224960
RDXP2,ENSG00000223391
KRT19P3,ENSG00000249681
RDXP3,ENSG00000238247
H3P44,ENSG00000226881
BMP15,ENSG00000130385
DMAC2,ENSG00000105341
C4orf17,ENSG00000138813
HIGD1AP17,ENSG00000258886
RPL21P5,ENSG00000258640
RNU6-541P,ENSG00000207440
SPIN3,ENSG00000204271
LINC02329,ENSG00000258814
MIR7843,ENSG00000273830
NDUFS1,ENSG00000283447
RPL36P3,ENSG00000176043
DPF3,ENSG00000205683
TNFRSF13C,ENSG00000159958
MIOX,ENSG00000100253
MTTP,ENSG00000138823
RNU6-1193P,ENSG00000238551
CYP4F25P,ENSG00000224106
NMNAT1P4,ENSG00000248745
SMAD1-AS1,ENSG00000250902
NCOA4P3,ENSG00000249245
RPL35AP22,ENSG00000235133
C4orf51,ENSG00000237136
RNU6-1082P,ENSG00000201444
TPT1P9,ENSG00000234782
LAMA1,ENSG00000101680
RPL32P13,ENSG00000241002
RPL7AP30,ENSG00000241741
KHSRPP1,ENSG00000229835
RN7SL151P,ENSG00000244230
TUBB8P1,ENSG00000229298
ERVFRD-3,ENSG00000264801
MIR1243,ENSG00000283193
MIR8082,ENSG00000275810
RN7SL184P,ENSG00000239279
RNU1-138P,ENSG00000206820
CDKN2A,ENSG00000147889
RNU6-128P,ENSG00000206703
HSP90AB3P,ENSG00000183199
LIPK,ENSG00000204021
RNU1-36P,ENSG00000202000
RPL31P24,ENSG00000241853
RNU6-818P,ENSG00000201707
GCM2,ENSG00000124827
RNU6ATAC31P,ENSG00000221440
ANGPT4,ENSG00000101280
RNU6-1298P,ENSG00000199326
MIR4274,ENSG00000266690
AFAP1-AS1,ENSG00000272620
SERBP1P5,ENSG00000249565
ZNF254,ENSG00000213096
MICOS10P4,ENSG00000248117
DSPP,ENSG00000152591
SFMBT2,ENSG00000198879
HNRNPH1P1,ENSG00000220305
RNU4ATAC18P,ENSG00000251988
SOD2-OT1,ENSG00000285427
RNU6-733P,ENSG00000222691
SNORA20,ENSG00000207392
RN7SL728P,ENSG00000241144
SNORA29,ENSG00000206910
PEX39,ENSG00000221821
NGB,ENSG00000165553
RPL21P49,ENSG00000241981
PTCRA,ENSG00000171611
RNA5SP261,ENSG00000222468
LRRC37A15P,ENSG00000230069
RNA5SP262,ENSG00000252261
KRT8P46,ENSG00000248971
RNA5SP263,ENSG00000200246
LKAAEAR1,ENSG00000171695
RNU6-663P,ENSG00000212407
MTND1P6,ENSG00000254346
RNASE3,ENSG00000169397
TGM5,ENSG00000104055
MTND2P32,ENSG00000254090
RNU7-151P,ENSG00000252739
RANP9,ENSG00000253393
TRAV6,ENSG00000211780
TRAV7,ENSG00000211781
MIR3139,ENSG00000265623
TRAV8-1,ENSG00000211782
TRAV9-1,ENSG00000211783
LINC02976,ENSG00000231113
TRAV10,ENSG00000211784
RPL24P4,ENSG00000181524
TRAV11,ENSG00000256474
FTH1P24,ENSG00000249302
TRAV12-1,ENSG00000211785
RN7SKP237,ENSG00000201533
H3P16,ENSG00000178458
MEA1,ENSG00000124733
TRAV8-2,ENSG00000211786
RNA5SP161,ENSG00000200741
RNU6-197P,ENSG00000252489
TRAV8-3,ENSG00000211787
MRPL22P1,ENSG00000250324
ZNF418,ENSG00000196724
RPL7AP31,ENSG00000242083
TRAV13-1,ENSG00000211788
CPNE1,ENSG00000214078
TRAV12-2,ENSG00000211789
EPGN,ENSG00000182585
TRAV8-4,ENSG00000211790
UBA52P6,ENSG00000215221
TRAV8-5,ENSG00000256379
TRAV13-2,ENSG00000211791
RPL36AP33,ENSG00000235619
TRAV14DV4,ENSG00000211792
CIMIP2B,ENSG00000215187
TRAV9-2,ENSG00000211793
TRAV15,ENSG00000258482
TRAV12-3,ENSG00000211794
TRAV8-6,ENSG00000211795
TRAV16,ENSG00000211796
RN7SL403P,ENSG00000240625
CUL9-AS1,ENSG00000245261
TRAV17,ENSG00000211797
TRAV18,ENSG00000211798
KCNQ5-DT,ENSG00000285844
TRAV19,ENSG00000211799
MIR4282,ENSG00000266180
KNOP1P4,ENSG00000232422
PGAM1P10,ENSG00000220515
RBPMS2P1,ENSG00000234025
RNU6-519P,ENSG00000222522
TRAV20,ENSG00000211800
ATP10A,ENSG00000206190
CARD10,ENSG00000100065
RNU6-869P,ENSG00000207138
TRAV21,ENSG00000211801
KHDC1P1,ENSG00000251360
PTTG1IP,ENSG00000183255
RPS29P17,ENSG00000227852
KHDC1L,ENSG00000256980
TRAV22,ENSG00000211802
RNU11-4P,ENSG00000212451
PRNCR1,ENSG00000282961
TRAV23DV6,ENSG00000211803
TRDV1,ENSG00000211804
SDCBP2P1,ENSG00000223389
PAICSP3,ENSG00000226840
U2AF1L4,ENSG00000161265
SNORD62,ENSG00000199411
TRAV24,ENSG00000211805
DPPA5,ENSG00000203909
MIR3621,ENSG00000263697
RLN2,ENSG00000107014
AGO2,ENSG00000123908
TRAV25,ENSG00000211806
TRAV26-1,ENSG00000211807
KHDC3L,ENSG00000203908
TRAV8-7,ENSG00000211808
TRAV27,ENSG00000211809
TRAV28,ENSG00000258835
TRAV29DV5,ENSG00000211810
RPL39P3,ENSG00000235174
HMGN2P31,ENSG00000214195
TRAV30,ENSG00000259092
RPS6P8,ENSG00000224221
RLN1,ENSG00000107018
TRAV31,ENSG00000249048
GUCA1B,ENSG00000112599
TRAV32,ENSG00000258905
TRAV33,ENSG00000258812
TRAV26-2,ENSG00000211812
TRAV34,ENSG00000211813
TRAV35,ENSG00000211814
TRAV36DV7,ENSG00000211815
RNF152P1,ENSG00000214190
TRAV37,ENSG00000259068
CD274,ENSG00000120217
TRAV38-1,ENSG00000211816
CRYBG1,ENSG00000112297
TRAV38-2DV8,ENSG00000211817
TRAV39,ENSG00000211818
TRAV40,ENSG00000211819
TRAV41,ENSG00000211820
MIR1277,ENSG00000221463
RBBP8P1,ENSG00000230399
UXT-AS1,ENSG00000267064
SDAD1-AS1,ENSG00000245928
CXCL9,ENSG00000138755
CBLL2,ENSG00000175809
ARL5AP5,ENSG00000232332
MMADHCP1,ENSG00000237252
RNU6-867P,ENSG00000201826
CXCL10,ENSG00000169245
CXCL11,ENSG00000169248
CRYZL1,ENSG00000205758
MIR4539,ENSG00000265612
MIR4507,ENSG00000264024
SNORD3J,ENSG00000221400
MIR4538,ENSG00000263413
RNU7-193P,ENSG00000252532
MIR4537,ENSG00000264781
CAP1P2,ENSG00000232004
RPL21P88,ENSG00000238263
IFNK,ENSG00000147896
MIR3157,ENSG00000266407
RNA5SP211,ENSG00000202386
RNU6-271P,ENSG00000200728
RNU6-527P,ENSG00000200295
EMICERI,ENSG00000285103
NPM1P25,ENSG00000229417
RPL21P65,ENSG00000216977
RPS26P40,ENSG00000231366
RNU6-117P,ENSG00000202285
MIR587,ENSG00000207577
SNORA40C,ENSG00000212587
CTAGE12P,ENSG00000215441
TBATA,ENSG00000166220
RNU6-1115P,ENSG00000199360
GSTM2P1,ENSG00000218803
RNU6-824P,ENSG00000200594
MIR1273C,ENSG00000264814
MIR4999,ENSG00000265390
DCUN1D2,ENSG00000150401
RPL36P8,ENSG00000225846
KCTD10P1,ENSG00000224955
MIR876,ENSG00000215966
MIR873,ENSG00000215939
ZNF414,ENSG00000133250
NOX3,ENSG00000074771
FAM47E-STBD1,ENSG00000272414
ME2P1,ENSG00000230097
LINGO2,ENSG00000174482
RN7SKP186,ENSG00000202241
DDR1-DT,ENSG00000237775
MIR4640,ENSG00000284370
TLX1,ENSG00000107807
PCNPP2,ENSG00000225856
LINC01203,ENSG00000226985
NAPGP2,ENSG00000275906
STBD1,ENSG00000118804
SHC3,ENSG00000148082
MUC21,ENSG00000204544
SNX5P1,ENSG00000249858
RNU6-1000P,ENSG00000212368
ERICD,ENSG00000280303
RPL36AP18,ENSG00000240426
MIR151A,ENSG00000254324
RNA5SP278,ENSG00000252864
RNU6-1133P,ENSG00000222895
CALHM1,ENSG00000185933
SYNGR4,ENSG00000105467
C6orf15,ENSG00000204542
MIR367,ENSG00000199169
MIR302D,ENSG00000199145
CALHM3,ENSG00000183128
MIR302A,ENSG00000207927
MIR302C,ENSG00000199102
KNSTRN,ENSG00000128944
MIR302B,ENSG00000284463
OSTCP4,ENSG00000220924
GET1P1,ENSG00000248633
PSORS1C1,ENSG00000204540
SGCG,ENSG00000102683
ARSJ,ENSG00000180801
SH3PXD2A-AS1,ENSG00000280693
FGF20,ENSG00000078579
RN7SL524P,ENSG00000266754
MED6P1,ENSG00000227905
MLDHR,ENSG00000289051
RNA5SP311,ENSG00000238405
KCNJ14,ENSG00000182324
OPN4,ENSG00000122375
IGHV7-4-1,ENSG00000282122
DMP1,ENSG00000152592
MIR3153,ENSG00000265112
RNA5SP290,ENSG00000252942
RN7SL794P,ENSG00000240235
RN7SKP225,ENSG00000222337
CDSN,ENSG00000204539
KRT8P11,ENSG00000255815
LINC02933,ENSG00000266289
RNU6-1011P,ENSG00000207399
OR6L2P,ENSG00000273327
OR13C3,ENSG00000204246
OR7M1P,ENSG00000273336
PSORS1C2,ENSG00000204538
OR13D1,ENSG00000179055
RNA5SP389,ENSG00000199480
OR6L1P,ENSG00000233685
PTMAP15,ENSG00000255105
POLR2LP1,ENSG00000238211
SULT2B1,ENSG00000088002
LRRC69,ENSG00000214954
RNU6-153P,ENSG00000201292
RN7SKP202,ENSG00000222371
GNG5P1,ENSG00000213536
ATOH7,ENSG00000179774
PRR18,ENSG00000176381
ATP6AP1-DT,ENSG00000197180
LINC02640,ENSG00000233590
KRT19P4,ENSG00000234102
HNRNPA1P49,ENSG00000233231
RN7SL544P,ENSG00000275230
ADH7,ENSG00000196344
MPC1-DT,ENSG00000261420
EIF3LP3,ENSG00000226086
FXYD6P2,ENSG00000235964
RPS6KA2-IT1,ENSG00000232082
MIR1913,ENSG00000222958
RBPJP7,ENSG00000234217
TACR2,ENSG00000075073
CILK1,ENSG00000112144
APBA1,ENSG00000107282
SPACA4,ENSG00000177202
CPP,ENSG00000253525
MIR4661,ENSG00000266194
COX6B1P6,ENSG00000253349
DBP,ENSG00000105516
RNU6-925P,ENSG00000207359
RNU6-1209P,ENSG00000200525
MIR3150B,ENSG00000284147
MIR3150A,ENSG00000283522
RNU6-665P,ENSG00000207369
CEBPD,ENSG00000221869
RNU6-144P,ENSG00000206678
ZYXP1,ENSG00000274572
CAMK1D,ENSG00000183049
MIR5195,ENSG00000265929
IGHVII-78-1,ENSG00000253674
IGHV3-79,ENSG00000275747
IGHV4-80,ENSG00000283906
IGHV7-81,ENSG00000211979
MUC20-OT1,ENSG00000281603
PPM1AP1,ENSG00000250483
IGHVIII-82,ENSG00000253303
PROX2,ENSG00000119608
RPL32P19,ENSG00000226836
RPL18AP13,ENSG00000213304
RPS12P32,ENSG00000213303
RNU6-607P,ENSG00000223215
ZNF703,ENSG00000183779
GAPDHP76,ENSG00000249840
COX4I1P1,ENSG00000258956
RN7SL709P,ENSG00000241032
GOT1L1,ENSG00000169154
KASH5,ENSG00000161609
SAT1-DT,ENSG00000233785
SLC16A8,ENSG00000100156
RN7SKP191,ENSG00000201583
HSPA2,ENSG00000126803
UBE2V1P4,ENSG00000233909
TOR1A,ENSG00000136827
NKX2-1,ENSG00000136352
JMJD1C,ENSG00000171988
EEF1B2,ENSG00000283391
ADRB3,ENSG00000188778
LNCDAT,ENSG00000288638
ALPK2,ENSG00000198796
RPL36AP1,ENSG00000242995
HTT,ENSG00000197386
RN7SL461P,ENSG00000243801
NOL12,ENSG00000273899
RN7SL221P,ENSG00000239472
RNU6-1204P,ENSG00000200818
PKMP5,ENSG00000215057
RPL12P48,ENSG00000270865
MIR7853,ENSG00000263572
WASF3,ENSG00000132970
MIR5683,ENSG00000283616
SNAPC5P1,ENSG00000241216
MIR6855,ENSG00000276124
MIR6765,ENSG00000273778
RNU6-988P,ENSG00000253437
RNU6-323P,ENSG00000253739
VTA1P1,ENSG00000224999
PPIAP84,ENSG00000254152
RNU5A-3P,ENSG00000254172
MIR6842,ENSG00000273836
PTPDC1,ENSG00000158079
RPS20P33,ENSG00000242085
SMIM15P2,ENSG00000270326
CHRNA2,ENSG00000120903
MTCH1P1,ENSG00000216802
ACKR4P1,ENSG00000225415
AMZ2P2,ENSG00000219249
MIR3918,ENSG00000265558
EZR-AS1,ENSG00000233893
RPSAP43,ENSG00000216471
RNA5SP213,ENSG00000212333
LINC03099,ENSG00000236393
PRELID3BP5,ENSG00000251656
RPL7P5,ENSG00000241562
PRELID3BP6,ENSG00000249516
LINC02536,ENSG00000281248
H3P40,ENSG00000258570
MRPS17P5,ENSG00000274493
GSTA11P,ENSG00000230375
NCR2,ENSG00000096264
TUBAP14,ENSG00000247763
SDHAP2,ENSG00000280909
ARHGAP11A-SCG5,ENSG00000288864
FOXO1B,ENSG00000214295
SNORD63B,ENSG00000222937
SNORD63,ENSG00000206989
FOXD1,ENSG00000251493
PPP4R2P6,ENSG00000281798
FOXD1-AS1,ENSG00000247993
LINC01386,ENSG00000251324
FUNDC2P1,ENSG00000255883
USP12P1,ENSG00000253213
RNU6-1311P,ENSG00000207459
RNU6-1164P,ENSG00000201298
RNU6-757P,ENSG00000222266
RN7SKP232,ENSG00000222102
GP1BB,ENSG00000203618
MIR4641,ENSG00000266494
H2AC3P,ENSG00000242387
GLRA1,ENSG00000145888
CMKLR2,ENSG00000283448
H2BP5,ENSG00000277410
H3P26,ENSG00000224447
H1-1,ENSG00000124610
SLC7A4,ENSG00000099960
H3C2,ENSG00000286522
H2AC4,ENSG00000278463
SNORD32A,ENSG00000201675
H3C3,ENSG00000287080
SNORD33,ENSG00000199631
SNORD34,ENSG00000202503
H1-6,ENSG00000187475
SNORD35A,ENSG00000200259
H1-4,ENSG00000168298
SNORD35B,ENSG00000200530
MIR150,ENSG00000207782
LARP1P1,ENSG00000217159
COX6CP7,ENSG00000268681
H2BC6,ENSG00000274290
MIR5088,ENSG00000274306
SHF,ENSG00000138606
H4C4,ENSG00000277157
MICB,ENSG00000204516
POLI,ENSG00000101751
TSKS,ENSG00000126467
ACE2-DT,ENSG00000225833
ZDBF2,ENSG00000283649
FGF13-AS1,ENSG00000226031
CYCSP24,ENSG00000227666
MIR8071-1,ENSG00000274172
MIRLET7A1,ENSG00000199165
MIRLET7F1,ENSG00000199072
MIRLET7D,ENSG00000199133
GALR3,ENSG00000128310
DAB2IP,ENSG00000136848
RNU6-841P,ENSG00000206599
KIAA1671,ENSG00000197077
GULOP,ENSG00000234770
TMEM145,ENSG00000167619
MIR6843,ENSG00000284280
RNU6-1086P,ENSG00000222862
MIR3622B,ENSG00000265075
MIR3622A,ENSG00000284351
FMR1-AS1,ENSG00000268066
YBEY,ENSG00000182362
ESCO2,ENSG00000171320
MIR8071-2,ENSG00000277030
H1-8P2,ENSG00000258566
VASH1-DT,ENSG00000258569
PPIAP9,ENSG00000219797
RPL15P4,ENSG00000225499
MCCD1,ENSG00000204511
RPL7P35,ENSG00000233518
VASH1,ENSG00000071246
MYPN,ENSG00000138347
ATP6V1G2-DDX39B,ENSG00000254870
IRS4-AS1,ENSG00000237863
RNA5SP198,ENSG00000222308
GOLGA6L7,ENSG00000261649
RNU6-923P,ENSG00000201623
RXFP3,ENSG00000182631
SLC45A2,ENSG00000164175
RPL17P39,ENSG00000212664
SNORD117,ENSG00000201785
SNORD84,ENSG00000265236
LTB,ENSG00000227507
NR2E3,ENSG00000278570
EIF1P6,ENSG00000267938
MUC20,ENSG00000277753
SPATA31A7,ENSG00000276040
CSF2RB,ENSG00000100368
RPL22P2,ENSG00000241081
RN7SKP17,ENSG00000223174
MIR4746,ENSG00000266437
RN7SL356P,ENSG00000266553
IRF2BPL,ENSG00000119669
SNORA38,ENSG00000200816
MIR6832,ENSG00000274494
APOM,ENSG00000204444
LRRC74A,ENSG00000100565
RNU6-360P,ENSG00000284897
RNA5SP116,ENSG00000285342
RPL9P14,ENSG00000285055
C1QTNF3-AMACR,ENSG00000273294
RPL12P17,ENSG00000285271
ARPC1AP2,ENSG00000268282
FHP2,ENSG00000250767
CRYGEP,ENSG00000285058
ERVV-2,ENSG00000268964
RN7SL684P,ENSG00000243959
CRYGD,ENSG00000285434
MIR4281,ENSG00000266329
MIR6798,ENSG00000273898
MUC4,ENSG00000278303
LHB,ENSG00000104826
MIR580,ENSG00000207756
RNU6-1305P,ENSG00000201223
NADK2-AS1,ENSG00000245711
CRYGC,ENSG00000285011
LSINCT5,ENSG00000281560
ADRB2,ENSG00000169252
SPINK1,ENSG00000164266
NTF6A,ENSG00000267019
NTF6G,ENSG00000267099
NTF6B,ENSG00000267685
CGB5,ENSG00000189052
JAKMIP3,ENSG00000188385
SPATA31A3,ENSG00000275969
MIR6830,ENSG00000283678
MIR3936,ENSG00000263597
RNU6-1276P,ENSG00000202242
RNU6-363P,ENSG00000199765
MORF4L2-AS1,ENSG00000231154
MIR4287,ENSG00000265847
RNA5SP399,ENSG00000200873
RNA5SP196,ENSG00000280646
RN7SL791P,ENSG00000241291
RNU6-456P,ENSG00000207222
C6orf47,ENSG00000204439
RN7SL541P,ENSG00000240250
RN7SL708P,ENSG00000265675
KRT8P48,ENSG00000248568
C19orf73,ENSG00000221916
PPP2R2B-IT1,ENSG00000249553
C6orf47-AS1,ENSG00000227198
ZDHHC20,ENSG00000180776
VN1R6P,ENSG00000174677
RPL5P22,ENSG00000239198
FNDC9,ENSG00000172568
IFNA13,ENSG00000233816
RPL39P36,ENSG00000239912
RNU6-178P,ENSG00000207361
PEG13,ENSG00000282164
TLR4,ENSG00000136869
RNU1-148P,ENSG00000207201
TPM3P6,ENSG00000250731
NIPAL4-DT,ENSG00000251405
MIR4646,ENSG00000266776
LY6G6F,ENSG00000204424
ADAM7,ENSG00000069206
OSTCP3,ENSG00000269608
NIPAL4,ENSG00000172548
RN7SL317P,ENSG00000242668
LINC01204,ENSG00000229563
RNU6-698P,ENSG00000200393
LY6G6F-LY6G6D,ENSG00000250641
PRKD1,ENSG00000184304
MIR512-1,ENSG00000207645
MIR512-2,ENSG00000207644
MIR1323,ENSG00000221017
MIR498,ENSG00000207869
MIR520E,ENSG00000207599
MIR515-1,ENSG00000207616
MIR519E,ENSG00000207810
DBH-AS1,ENSG00000225756
MIR520F,ENSG00000283540
MIR515-2,ENSG00000207615
MIR519C,ENSG00000207788
MIR1283-1,ENSG00000221421
MIR520A,ENSG00000207594
MIR526B,ENSG00000207580
MIR519B,ENSG00000207825
MIR525,ENSG00000207711
MYMK,ENSG00000187616
MIR523,ENSG00000283455
MIR518F,ENSG00000207706
MIR520B,ENSG00000207722
MIR518B,ENSG00000207862
MIR526A1,ENSG00000207629
MIR520C,ENSG00000207738
MIR518C,ENSG00000283490
MIR524,ENSG00000283289
MIR517A,ENSG00000207734
MIR519D,ENSG00000207981
MIR521-2,ENSG00000207549
RNU6-803P,ENSG00000251843
MIR520D,ENSG00000207735
UGGT2,ENSG00000102595
MIR517B,ENSG00000207837
MIR520G,ENSG00000207799
MIR516B2,ENSG00000207925
MIR526A2,ENSG00000211532
LY6G6C,ENSG00000204421
MIR518E,ENSG00000207987
MIR518A1,ENSG00000207803
RNU6-980P,ENSG00000252734
MIR518D,ENSG00000283330
MIR516B1,ENSG00000207946
MIR518A2,ENSG00000207699
CNN2P3,ENSG00000235832
MIR517C,ENSG00000207838
GXYLT1P6,ENSG00000235310
MIR520H,ENSG00000207861
RNU6-982P,ENSG00000252025
MIR521-1,ENSG00000207634
RNU6-751P,ENSG00000252191
MIR522,ENSG00000283685
MIR519A1,ENSG00000207992
MIR527,ENSG00000207979
MIR516A1,ENSG00000207767
MIR1283-2,ENSG00000221548
RNU6-1041P,ENSG00000252063
MIR516A2,ENSG00000207620
MIR519A2,ENSG00000284362
MIR1909,ENSG00000284216
KLF16,ENSG00000129911
CYP4F33P,ENSG00000273036
COL23A1,ENSG00000050767
ANKRD18B,ENSG00000230453
RPL23AP78,ENSG00000269244
MSH5,ENSG00000204410
MIR7108,ENSG00000283728
MIR639,ENSG00000283822
RN7SL337P,ENSG00000243488
DGCR6L,ENSG00000128185
RN7SL842P,ENSG00000243066
TCF4,ENSG00000196628
MEGF8,ENSG00000105429
LINC02243,ENSG00000236091
DIO2,ENSG00000211448
RPL15P12,ENSG00000243402
RN7SL646P,ENSG00000242341
RNU7-181P,ENSG00000253043
MIR5194,ENSG00000264653
RN7SKP70,ENSG00000252464
RNU6-1255P,ENSG00000200304
ASAP1-IT2,ENSG00000280543
SCAF4,ENSG00000156304
APOBEC3F,ENSG00000128394
NID2,ENSG00000087303
RRS1,ENSG00000179041
RNA5SP181,ENSG00000222178
GOLGA6L26,ENSG00000273756
RNU6-599P,ENSG00000238529
SNX18P5,ENSG00000275144
CNN2P4,ENSG00000213816
KRT18P31,ENSG00000249850
BICD2,ENSG00000185963
NENFP3,ENSG00000248462
TYRO3P,ENSG00000259581
RPL29P13,ENSG00000243744
DNAH5-AS1,ENSG00000251423
ISL2,ENSG00000159556
ARSI,ENSG00000183876
RPS27AP18,ENSG00000249851
EGR1,ENSG00000120738
C4orf54,ENSG00000248713
UGT2B29P,ENSG00000250566
VXN,ENSG00000169085
RNU6-714P,ENSG00000252772
EEF1DP2,ENSG00000226721
RPL7P19,ENSG00000241458
CXCL13,ENSG00000156234
LINC01861,ENSG00000251183
SNX18P2,ENSG00000232843
ALOX15P2,ENSG00000188101
THSD4,ENSG00000187720
RNA5SP199,ENSG00000200275
ADGRF5P2,ENSG00000204818
MEP1AP4,ENSG00000224537
DIRAS2,ENSG00000165023
RNU6-556P,ENSG00000199468
PPP1R2B,ENSG00000231989
RPL7P22,ENSG00000226544
H2BL1P,ENSG00000223497
MIR4804,ENSG00000263593
RPL35AP13,ENSG00000242602
RNU6-145P,ENSG00000207307
MIR4450,ENSG00000263445
CTDNEP1P2,ENSG00000251467
MIR548AH,ENSG00000283682
CHP1P1,ENSG00000248930
RNU6-918P,ENSG00000212521
EFNA5,ENSG00000184349
TBC1D2,ENSG00000095383
RN7SL782P,ENSG00000239708
RN7SKP122,ENSG00000251732
BLTP1,ENSG00000138688
HNRNPKP1,ENSG00000250859
CUL1P1,ENSG00000251032
GRXCR2,ENSG00000204928
PINCR,ENSG00000224294
CFL1P5,ENSG00000213830
CHCHD2P2,ENSG00000215006
NDUFB9P1,ENSG00000271045
AK6,ENSG00000085231
ZFHX2,ENSG00000136367
TAFA5,ENSG00000219438
RNU6-1324P,ENSG00000206949
RNU2-71P,ENSG00000223327
SLC25A51P3,ENSG00000254181
RN7SL107P,ENSG00000243424
ZNF704,ENSG00000164684
PEDS1,ENSG00000240849
CKS1BP7,ENSG00000254331
RNU11-6P,ENSG00000212429
RN7SL308P,ENSG00000243951
HMGB1P41,ENSG00000253516
CCDC88C,ENSG00000015133
LINC01281,ENSG00000235304
HSCB,ENSG00000100209
MIR6854,ENSG00000278412
RPS27P14,ENSG00000244717
MIR6085,ENSG00000275451
RN7SL616P,ENSG00000266477
RNU6-724P,ENSG00000212260
MIR190A,ENSG00000211137
MESP1,ENSG00000166823
MIR4633,ENSG00000264563
NACAP6,ENSG00000248403
PABIR1,ENSG00000187866
LINC02150,ENSG00000248150
AZIN1,ENSG00000155096
LCTL,ENSG00000188501
RNU6-1035P,ENSG00000207206
PDCD6-AHRR,ENSG00000288622
RNA5SP287,ENSG00000252167
SPATA31D4,ENSG00000189357
NUTM2E,ENSG00000228570
STC2,ENSG00000113739
MIR8077,ENSG00000277533
LRRTM3,ENSG00000198739
CNFN,ENSG00000105427
SPATA31D3,ENSG00000186788
SPATA31D2P,ENSG00000237770
SPATA31D1,ENSG00000214929
KCNA5,ENSG00000130037
TAF3,ENSG00000165632
RNU4-60P,ENSG00000253048
OR7E149P,ENSG00000177586
CEACAMP2,ENSG00000230558
OR7E140P,ENSG00000238152
A2ML1-AS1,ENSG00000256661
RNU6-156P,ENSG00000278331
CEACAMP1,ENSG00000233681
CLEC4E,ENSG00000166523
MIR1299,ENSG00000275377
RNU6-559P,ENSG00000251960
OR13C7,ENSG00000243641
OR2V2,ENSG00000182613
CSNK1G2P1,ENSG00000234534
PDSS1P1,ENSG00000182347
MIR6792,ENSG00000273657
MTND6P5,ENSG00000227730
PCP2,ENSG00000174788
MTND1P11,ENSG00000228166
ANXA2R,ENSG00000177721
MTCO1P11,ENSG00000224083
MTCO2P11,ENSG00000235917
RN7SKP288,ENSG00000252036
TAS2R1,ENSG00000169777
RNA5SP327,ENSG00000199364
MTATP6P11,ENSG00000228097
MTCO3P11,ENSG00000237711
MTND4P14,ENSG00000236254
MIR4680,ENSG00000284482
RPL13AP6,ENSG00000234118
MTND5P14,ENSG00000230225
MIR548E,ENSG00000221214
TCF3P1,ENSG00000236567
ADRA2A,ENSG00000150594
IGHEP2,ENSG00000254017
INSL6,ENSG00000120210
DCP2,ENSG00000172795
EGR2,ENSG00000122877
INSL4,ENSG00000120211
RPS27AP19,ENSG00000269228
RETN,ENSG00000104918
CDC42EP1,ENSG00000128283
CDH24,ENSG00000139880
GAPDHP31,ENSG00000235868
A2ML1-AS2,ENSG00000256904
RGS3,ENSG00000138835
RPL15P17,ENSG00000243830
RPRD1B,ENSG00000101413
OR7E148P,ENSG00000214487
SUPT16HP1,ENSG00000256238
RPL7P40,ENSG00000242991
SKP1P2,ENSG00000256211
FRMPD2,ENSG00000170324
OTUD4P1,ENSG00000118976
HNRNPABP1,ENSG00000255734
FCER2,ENSG00000104921
RN7SL536P,ENSG00000278222
A2ML1,ENSG00000166535
CIMAP1B,ENSG00000177989
PLA2G4D,ENSG00000159337
SLC7A8,ENSG00000092068
GAPDHP40,ENSG00000248626
MIR548AE2,ENSG00000265699
LINC02108,ENSG00000250127
TFAP2C,ENSG00000087510
LINC00492,ENSG00000250958
PHF5A,ENSG00000100410
EIF3KP1,ENSG00000175749
OR2V1,ENSG00000185372
RNU7-175P,ENSG00000251724
SUMO2P5,ENSG00000251663
PLA2G4E,ENSG00000188089
DNAH5,ENSG00000039139
CTNNBL1,ENSG00000132792
UFD1,ENSG00000070010
LINC01278,ENSG00000235437
LACTB,ENSG00000103642
RPL21P129,ENSG00000242636
EXOSC3P2,ENSG00000269763
PRR36,ENSG00000183248
MSH5-SAPCD1,ENSG00000255152
LYPLA2P2,ENSG00000269153
CTXN1,ENSG00000178531
ISCA1P7,ENSG00000268731
MEX3B,ENSG00000183496
ZNF493,ENSG00000196268
LINC01583,ENSG00000259518
RNU1-77P,ENSG00000212170
LINC00664,ENSG00000268658
BNIP3P26,ENSG00000268705
CD209,ENSG00000090659
LINC00928,ENSG00000259218
CHAC1,ENSG00000128965
RPS6P14,ENSG00000225482
COX7BP6,ENSG00000231906
RPL13AP19,ENSG00000228754
LINC02635,ENSG00000283000
MIR3611,ENSG00000266228
RNU7-77P,ENSG00000253054
ATP6V1G1P4,ENSG00000233343
PTCD2P2,ENSG00000234256
MIR4679-2,ENSG00000265375
MIR4679-1,ENSG00000283664
CELF2-AS2,ENSG00000237986
INO80-AS1,ENSG00000259521
LINC01284,ENSG00000230317
CYCSP2,ENSG00000259547
HMGN1P12,ENSG00000247911
CIBAR1P1,ENSG00000157021
CARTPT,ENSG00000164326
RN7SL497P,ENSG00000240847
RN7SL278P,ENSG00000243365
KRT8P23,ENSG00000259565
CELF2-AS3,ENSG00000230322
CLYBL,ENSG00000125246
SNORA11F,ENSG00000221164
EIF4A2P2,ENSG00000227382
TSPAN3,ENSG00000140391
RNU6-833P,ENSG00000200356
CFAP70,ENSG00000156042
RNU6-850P,ENSG00000252743
RNA5SP190,ENSG00000202092
RPL21P58,ENSG00000213663
FABP5P6,ENSG00000249919
VWA7,ENSG00000204396
TUBAP15,ENSG00000250895
RETREG1,ENSG00000154153
SLC15A5,ENSG00000188991
GPX2,ENSG00000176153
CLEC6A,ENSG00000205846
GPR135,ENSG00000181619
RNU6-975P,ENSG00000207023
RN7SL827P,ENSG00000271986
USP8P1,ENSG00000214892
RPL3P2,ENSG00000227939
FAM161B,ENSG00000156050
WASF5P,ENSG00000231402
LINC02571,ENSG00000256166
MIR6891,ENSG00000277402
RNU6-283P,ENSG00000201658
FGFR3P1,ENSG00000230994
ZDHHC20P2,ENSG00000223702
HLA-S,ENSG00000225851
RPL36AP5,ENSG00000237107
RNU6-890P,ENSG00000206848
PRPH2,ENSG00000112619
EEF1A1P16,ENSG00000213235
SUPT4H1P2,ENSG00000246115
ATP6V0CP3,ENSG00000213435
TBCC,ENSG00000124659
TIMM17BP1,ENSG00000256756
RN7SKP299,ENSG00000271765
MAP7-AS1,ENSG00000272189
RNA5SP219,ENSG00000212242
SLC35D3,ENSG00000182747
RNU1-65P,ENSG00000200789
HMGN2P8,ENSG00000212769
GPR15LG,ENSG00000188373
RPL35AP3,ENSG00000230350
NHEG1,ENSG00000225391
SYT10,ENSG00000110975
RN7SL530P,ENSG00000239910
LRIT2,ENSG00000204033
VSX2,ENSG00000119614
RPL29P16,ENSG00000183239
CAPN11,ENSG00000137225
SUB1P2,ENSG00000258737
RPS2P2,ENSG00000177776
RGR,ENSG00000148604
STK16P1,ENSG00000259155
PSMC1P8,ENSG00000256896
RNU6ATAC30P,ENSG00000221114
RNU6-539P,ENSG00000252474
RN7SL3,ENSG00000278771
RN7SL2,ENSG00000274012
RNU6-189P,ENSG00000251929
MIR6076,ENSG00000278038
BCAT1-AS1,ENSG00000256482
PDLIM1P1,ENSG00000270788
EGLN3P1,ENSG00000256134
RPL23AP8,ENSG00000241582
WDR55,ENSG00000120314
CFL2,ENSG00000165410
RPL7AP74,ENSG00000255991
FAM98B,ENSG00000171262
NECAB3,ENSG00000125967
WDFY2,ENSG00000139668
SPMIP11,ENSG00000257987
REDIC1,ENSG00000180116
OR2Y1,ENSG00000174339
RPS2P29,ENSG00000219470
GPR151,ENSG00000173250
NPM1P51,ENSG00000230913
PCDHGA1,ENSG00000204956
PCDHGA2,ENSG00000081853
SLC25A17,ENSG00000100372
LINC03070,ENSG00000236120
OR7E103P,ENSG00000198787
SNORD48,ENSG00000201823
SNORD52,ENSG00000201754
ZBTB12,ENSG00000204366
OTOP1,ENSG00000163982
PCDHGA3,ENSG00000254245
RPL12P6,ENSG00000243824
RNU7-41P,ENSG00000251726
ALG10B,ENSG00000175548
BAZ1A-AS1,ENSG00000258738
CSNK2B,ENSG00000204435
PCDHGB1,ENSG00000254221
STX18-IT1,ENSG00000248221
SAXO5,ENSG00000198723
RPS7P15,ENSG00000237170
FAM90A4P,ENSG00000249005
PCDHGA4,ENSG00000262576
RPL23AP70,ENSG00000241052
SEPTIN7P1,ENSG00000259090
LINC02260,ENSG00000250456
MRPL57P8,ENSG00000282625
DPRXP3,ENSG00000282308
RPL7AP3,ENSG00000256243
LRIT1,ENSG00000148602
RPL9P3,ENSG00000240392
S100P,ENSG00000163993
BLOC1S4,ENSG00000186222
RPL12P29,ENSG00000233189
KIAA0232,ENSG00000170871
TNPO1P1,ENSG00000225423
RN7SL587P,ENSG00000240233
CACYBPP1,ENSG00000225928
ADIPOR1P1,ENSG00000232497
PSME2P6,ENSG00000227462
ATP5MC1P2,ENSG00000283016
RPL31P45,ENSG00000233318
ACOT1,ENSG00000184227
PCDHGB2,ENSG00000253910
COMMD3-BMI1,ENSG00000269897
AK6P2,ENSG00000257173
PCDHGA5,ENSG00000253485
CLUHP8,ENSG00000258278
PCDHGB3,ENSG00000262209
STAG2-AS1,ENSG00000232412
RN7SL196P,ENSG00000274424
PCDHGA6,ENSG00000253731
RN7SL346P,ENSG00000240470
TTLL13,ENSG00000213471
PCDHGA7,ENSG00000253537
NT5CP2,ENSG00000258408
NT5CP1,ENSG00000258524
NTF3,ENSG00000185652
ACOT4,ENSG00000177465
ACOT6,ENSG00000205669
RPL6P12,ENSG00000214671
PNPLA6,ENSG00000032444
MRPS36P5,ENSG00000257927
PDZRN4-AS1,ENSG00000257228
NDUFB8P1,ENSG00000258972
UGT2A2,ENSG00000271271
RNU6-240P,ENSG00000251907
DUX4L27,ENSG00000258794
PCDHGB4,ENSG00000253953
PNMA1,ENSG00000176903
TUBB8P4,ENSG00000250788
MIR4505,ENSG00000264741
LINC02274,ENSG00000258586
RN7SL736P,ENSG00000275803
CCDC158,ENSG00000163749
ST20,ENSG00000180953
PCDHGA8,ENSG00000253767
RPL21P114,ENSG00000243780
KRT126P,ENSG00000257402
RPL21P117,ENSG00000240238
RNA5SP396,ENSG00000201704
ADRB1,ENSG00000043591
PIGHP1,ENSG00000259657
KRT76,ENSG00000185069
RNU6-709P,ENSG00000253066
FAM90A6P,ENSG00000248944
UBE2V1P5,ENSG00000226582
RPS3AP6,ENSG00000234797
OR7E157P,ENSG00000233176
MIR2110,ENSG00000284442
AURKAP2,ENSG00000230165
VPS51P15,ENSG00000254796
RNU6-794P,ENSG00000253070
VPS51P9,ENSG00000254889
RNU6-1167P,ENSG00000200097
RNU6-516P,ENSG00000223313
RN7SL248P,ENSG00000274186
OR7E154P,ENSG00000254715
SAMD15,ENSG00000100583
SH3PXD2A,ENSG00000107957
PCDHGA9,ENSG00000261934
KNL1,ENSG00000137812
PCDHGA10,ENSG00000253846
NOXRED1,ENSG00000165555
MAS1,ENSG00000130368
MTND2P17,ENSG00000258239
RPS3P6,ENSG00000213363
PCDHGB7,ENSG00000254122
IGF2R,ENSG00000197081
GAPDHP44,ENSG00000213352
NF1P12,ENSG00000258360
LINC02461,ENSG00000258331
TEX26,ENSG00000175664
CELA1,ENSG00000139610
RNU6-790P,ENSG00000207208
NPM1P20,ENSG00000259161
RN7SL472P,ENSG00000240457
SLC25A21-AS1,ENSG00000258708
RNU6-273P,ENSG00000252746
PCDHGA11,ENSG00000253873
RNU6-886P,ENSG00000207046
FOXA1,ENSG00000129514
LINC01545,ENSG00000204904
RPL14P1,ENSG00000139239
EPC1-AS2,ENSG00000233825
KRT125P,ENSG00000258036
EPC1-AS1,ENSG00000229327
RNU6-1244P,ENSG00000200484
KLF17P1,ENSG00000258316
C1DP1,ENSG00000231245
RPL21P6,ENSG00000239199
MIR4483,ENSG00000283656
MBNL2,ENSG00000139793
TBPL2,ENSG00000182521
TIGD2,ENSG00000180346
BTBD10P1,ENSG00000257675
RNU6-907P,ENSG00000212226
RSL24D1P5,ENSG00000257664
FABP2,ENSG00000145384
PLEKHS1,ENSG00000148735
KRT8P39,ENSG00000233560
PDZRN4,ENSG00000165966
RNU4-33P,ENSG00000201186
PCDHGA12,ENSG00000253159
COL25A1,ENSG00000188517
SYBU-AS1,ENSG00000248050
PCDHGB9P,ENSG00000276545
FAM90A22,ENSG00000285687
CHP1P2,ENSG00000213073
PCDHGC3,ENSG00000240184
C6orf118,ENSG00000112539
FAM90A8,ENSG00000285937
LINC02601,ENSG00000223714
THAP2,ENSG00000173451
SMARCA2-AS1,ENSG00000236199
FAM78A,ENSG00000126882
FAM90A18,ENSG00000285913
RNA5SP226,ENSG00000199523
RNU6-730P,ENSG00000206681
ACTG1P18,ENSG00000218475
RN7SL366P,ENSG00000266128
FAM90A14,ENSG00000285814
MICC,ENSG00000226577
KRT127P,ENSG00000257125
RN7SL328P,ENSG00000240853
TOMM22,ENSG00000100216
EIF4A1P3,ENSG00000231018
TMPOP1,ENSG00000229068
RN7SL376P,ENSG00000265814
SUCLA2P1,ENSG00000224936
ATP5PDP4,ENSG00000234925
RANP1,ENSG00000236603
BMS1P10,ENSG00000237238
MIR877,ENSG00000216101
PTMAP1,ENSG00000228415
MRPL40P1,ENSG00000256037
IGHV4OR15-8,ENSG00000259261
CRISP3,ENSG00000096006
IGHV1OR15-4,ENSG00000270356
MTND1P24,ENSG00000257858
ATP8B5P,ENSG00000179766
MIR1268A,ENSG00000221641
MIR325HG,ENSG00000280870
RN7SL545P,ENSG00000274568
KRT2,ENSG00000172867
MUC5B,ENSG00000117983
RN7SL495P,ENSG00000277515
EP300,ENSG00000100393
CIMAP1C,ENSG00000182950
IDI1,ENSG00000067064
LINC00475,ENSG00000225511
PRSS47P,ENSG00000276717
PPIAP47,ENSG00000260815
FAM120A2P,ENSG00000204352
MIR4313,ENSG00000284385
RN7SL319P,ENSG00000241807
ZNF658B,ENSG00000198416
DNM1P49,ENSG00000261820
LCA5L,ENSG00000157578
LINC02927,ENSG00000230153
FAM95B1,ENSG00000223839
RN7SL510P,ENSG00000266308
CTSL3P,ENSG00000188029
GOLGA8S,ENSG00000261739
SPANXA2-OT1,ENSG00000277215
OR13C1P,ENSG00000235248
SPATA31F2P,ENSG00000257198
HNRNPA1P69,ENSG00000257332
ARL2BPP2,ENSG00000258071
CELP,ENSG00000170827
RN7SL68P,ENSG00000242020
LINC02931,ENSG00000224765
BTG1,ENSG00000133639
PCDHGC4,ENSG00000242419
MFSD14CP,ENSG00000196312
RPS15AP30,ENSG00000227560
RNU7-165P,ENSG00000238380
LYZL2,ENSG00000151033
LRRC37A5P,ENSG00000204173
AMBN,ENSG00000178522
CDRT15P6,ENSG00000276832
FBP2P1,ENSG00000237743
NPAP1P9,ENSG00000214888
PAEPP1,ENSG00000224045
SNX18P3,ENSG00000225345
DDX10P1,ENSG00000237135
OTUD1,ENSG00000165312
ANKRD20A2P,ENSG00000183148
NUP35P1,ENSG00000223928
FBXO9,ENSG00000112146
MIR603,ENSG00000207930
LNCHR1,ENSG00000257400
RPL23P11,ENSG00000226407
IFITM3P8,ENSG00000271377
LINC02629,ENSG00000223470
LINC03077,ENSG00000281566
MRS2P2,ENSG00000257802
ELOBP4,ENSG00000234167
RPL37P18,ENSG00000229235
RPS12P16,ENSG00000215184
SS18L2P1,ENSG00000232525
RNU6-847P,ENSG00000223047
HIGD1AP1,ENSG00000258016
RNU6-193P,ENSG00000222909
VTA1P2,ENSG00000253401
PRDX2P2,ENSG00000213724
IARS2P1,ENSG00000251563
ANKRD30A,ENSG00000148513
SOX5P1,ENSG00000254376
PCDHGC5,ENSG00000240764
LRRIQ1,ENSG00000133640
CYP4F59P,ENSG00000274628
CNBD1,ENSG00000176571
ANKRD20A3P,ENSG00000276203
MUC5B-AS1,ENSG00000255177
H3P33,ENSG00000255492
C2CD4A,ENSG00000198535
NAV2-AS3,ENSG00000254542
ANKRD20A4P,ENSG00000172014
NPM1P47,ENSG00000259466
RPS27AP10,ENSG00000240974
PCDHGB5,ENSG00000276547
ANKRD20A7P,ENSG00000236816
EXOC3-AS1,ENSG00000221990
MIR8067,ENSG00000277919
MIR1272,ENSG00000221033
C5orf63,ENSG00000164241
ANKRD19P,ENSG00000187984
GOLGA8K,ENSG00000249931
SPATA31B2P,ENSG00000226668
LPIN3,ENSG00000132793
CNTNAP3P7,ENSG00000287276
SPATA31D5P,ENSG00000240632
IRX2-DT,ENSG00000186493
LINC03053,ENSG00000223486
CBX3P5,ENSG00000257666
RN7SL384P,ENSG00000242912
MIR4638,ENSG00000264732
SNORD96A,ENSG00000272296
RPL5P25,ENSG00000225251
SNRPGP5,ENSG00000235763
SNORD95,ENSG00000264549
RNU6-705P,ENSG00000222533
BTBD7P1,ENSG00000203414
DCANP1,ENSG00000251380
RPL36AP36,ENSG00000237540
RNU6-6P,ENSG00000272055
RBISP1,ENSG00000226209
FGF7P3,ENSG00000204837
TIFAB,ENSG00000255833
RNA5SP302,ENSG00000201766
OR7E110P,ENSG00000235623
CLCN3P1,ENSG00000232000
OR7E115P,ENSG00000182531
PTPRR,ENSG00000153233
RPL21P60,ENSG00000240729
PRMT1P1,ENSG00000270706
MIR4635,ENSG00000263834
RNA5SP192,ENSG00000201274
RPL36AP40,ENSG00000240298
RBMXL2,ENSG00000170748
CDX1,ENSG00000113722
REXO6P,ENSG00000283945
DLG3-AS1,ENSG00000231651
ATP6V1G2,ENSG00000213760
CYSRT1,ENSG00000197191
OR2S1P,ENSG00000228307
ANO3,ENSG00000134343
FTLP20,ENSG00000258562
FBXL17,ENSG00000145743
CLNK,ENSG00000109684
RNF38,ENSG00000137075
ASB9P1,ENSG00000258527
FAS,ENSG00000026103
MIR3175,ENSG00000284324
RGMA,ENSG00000182175
USP27X-DT,ENSG00000234390
TRIM13,ENSG00000204977
LINC00891,ENSG00000281852
MPIG6B,ENSG00000204420
CHRNA6,ENSG00000147434
LINC01839,ENSG00000281738
LINC02054,ENSG00000281250
ARL15,ENSG00000185305
RN7SL806P,ENSG00000242719
MIR4469,ENSG00000284062
RNU7-85P,ENSG00000238884
MIR223HG,ENSG00000274536
KHDRBS3,ENSG00000131773
SUCLA2,ENSG00000136143
IL13,ENSG00000169194
YBX2P2,ENSG00000258611
HDDC3,ENSG00000184508
CHAF1B,ENSG00000159259
BDP1,ENSG00000145734
LINC01546,ENSG00000228459
SLC25A21,ENSG00000183032
CFAP61,ENSG00000089101
RPS3AP16,ENSG00000243894
VPS51P13,ENSG00000248669
HELT,ENSG00000187821
LZTR1,ENSG00000099949
MEPE,ENSG00000152595
INAVAP1,ENSG00000285255
TBILA,ENSG00000285293
MIR4503,ENSG00000266327
GCSAM,ENSG00000284925
RNU6-1138P,ENSG00000202229
RNU6-1046P,ENSG00000252347
SLC22A17,ENSG00000092096
RPL5P13,ENSG00000242134
LSM3P4,ENSG00000250835
CYCSP25,ENSG00000255370
RN7SL238P,ENSG00000276891
MIR4509-2,ENSG00000266039
MIR4509-3,ENSG00000263964
PITX2,ENSG00000164093
SYT9,ENSG00000170743
HMGN1P38,ENSG00000253954
RPL31P6,ENSG00000240484
MIR106AHG,ENSG00000283638
FAM149B1P1,ENSG00000214424
MAPRE1P1,ENSG00000253915
RNU1-35P,ENSG00000199652
RN7SKP181,ENSG00000223120
RNU6-756P,ENSG00000206724
SEPHS1P2,ENSG00000258787
NKX6-3,ENSG00000165066
MIR4312,ENSG00000265195
CLIC5,ENSG00000112782
MIR486-1,ENSG00000274705
MIR486-2,ENSG00000283450
RN7SL209P,ENSG00000240927
RN7SL149P,ENSG00000241834
OR4F6,ENSG00000184140
ASNSP1,ENSG00000248498
LL0XNC01-250H12.3,ENSG00000281091
OR4F15,ENSG00000182854
OR4F14P,ENSG00000232459
OR4F28P,ENSG00000257109
WBP1LP5,ENSG00000259454
SNORD13D,ENSG00000239035
NDUFB10P1,ENSG00000260870
ZNF564,ENSG00000249709
LINC02745,ENSG00000255300
RNU6-844P,ENSG00000252984
POLR2M,ENSG00000255529
CSNK2A3,ENSG00000254598
COL5A1-AS1,ENSG00000204011
IMPA1P1,ENSG00000251521
MIR3689C,ENSG00000264744
MIR3689A,ENSG00000265872
MIR3689D1,ENSG00000265848
MIR3689B,ENSG00000264163
MIR3689D2,ENSG00000264136
MIR3689E,ENSG00000266827
MIR3689F,ENSG00000266514
FANCF,ENSG00000183161
ZNF252P,ENSG00000196922
MIR208A,ENSG00000199157
MIR208B,ENSG00000215991
CARM1P1,ENSG00000227835
CEBPE,ENSG00000092067
LINC02926,ENSG00000230310
PGK1P2,ENSG00000213290
RNU6-1277P,ENSG00000201431
SPON1-AS1,ENSG00000254418
LINC00517,ENSG00000259091
DNAAF11P1,ENSG00000254784
ZNF791,ENSG00000173875
WIZP1,ENSG00000255293
PAUPAR,ENSG00000281880
TTC6,ENSG00000139865
SLC9C1,ENSG00000285044
LVRN,ENSG00000172901
ANK1,ENSG00000029534
LHX3,ENSG00000107187
DBX1,ENSG00000109851
SNORD41,ENSG00000209702
TRIR,ENSG00000123144
LUZP2,ENSG00000187398
TNFAIP8L3,ENSG00000183578
MIR7849,ENSG00000278438
PF4V1,ENSG00000109272
MIR4713,ENSG00000266593
GOLGA8R,ENSG00000186399
MIR5684,ENSG00000263800
JUNB,ENSG00000171223
HNRNPA1P55,ENSG00000249920
MIR6794,ENSG00000276181
RPS6P25,ENSG00000240616
QSOX2,ENSG00000165661
CXCL1P1,ENSG00000250339
PF4,ENSG00000163737
MIR6795,ENSG00000275711
PORCN-DT,ENSG00000224292
RNU6-195P,ENSG00000223284
RPL21P130,ENSG00000243771
CXCL5,ENSG00000163735
TIMM29,ENSG00000142444
LEISA1,ENSG00000270607
FJX1,ENSG00000179431
RN7SL218P,ENSG00000244194
RN7SL402P,ENSG00000243968
CXCL3,ENSG00000163734
MYL12BP1,ENSG00000260490
RAP2C-AS1,ENSG00000232160
RN7SL619P,ENSG00000266770
OR4C13,ENSG00000258817
MIR24-2,ENSG00000284387
MIR27A,ENSG00000207808
STARD9,ENSG00000159433
MIR23A,ENSG00000207980
MIR181C,ENSG00000207613
MIR181D,ENSG00000207585
RLN3,ENSG00000171136
CCDC187,ENSG00000260220
GTF2IP11,ENSG00000255199
EEF1DP1,ENSG00000228887
REELD1,ENSG00000250673
ANKRD33BP5,ENSG00000255111
MIR1199,ENSG00000284081
C19orf67,ENSG00000188032
OR4C14P,ENSG00000233301
NAV2-AS5,ENSG00000255043
DOK7,ENSG00000175920
ANKRD33BP6,ENSG00000254547
THAP12P4,ENSG00000254465
OR4A49P,ENSG00000254472
OR2BH1P,ENSG00000272882
EIF4A2P5,ENSG00000255490
MTND5P21,ENSG00000255123
CBX3P8,ENSG00000254496
PABPC1L2B-AS1,ENSG00000226725
TRIM51DP,ENSG00000255190
OR5D15P,ENSG00000255019
RN7SL231P,ENSG00000240803
GDF1,ENSG00000130283
OR4A19P,ENSG00000254940
GFOD1-AS1,ENSG00000237786
PHKG1P3,ENSG00000236919
RPS4XP7,ENSG00000218265
RN7SKP204,ENSG00000202351
MIR3692,ENSG00000266617
MIR3688-1,ENSG00000264105
MIR3688-2,ENSG00000283379
EIF4EBP2P2,ENSG00000260282
HSPE1P26,ENSG00000220867
RNU6-786P,ENSG00000252658
SNORD58,ENSG00000212615
SNORD127,ENSG00000239043
CSN2,ENSG00000135222
OR5L2,ENSG00000205030
PRRC2B,ENSG00000288701
RNASE12,ENSG00000258436
KRT8P50,ENSG00000260799
RN7SL428P,ENSG00000277582
SVIP,ENSG00000198168
SYNJ2,ENSG00000078269
MIR7706,ENSG00000284160
RNU7-79P,ENSG00000251891
FABP5P9,ENSG00000259630
GARIN2,ENSG00000172717
GOLGA8VP,ENSG00000259236
TPGS1,ENSG00000141933
GZMM,ENSG00000197540
OR10AF1P,ENSG00000255416
PABPC5-AS1,ENSG00000234161
OR5D14,ENSG00000186113
GOLGA6C,ENSG00000167195
OR4A21P,ENSG00000181943
FDCSP,ENSG00000181617
OR4A1P,ENSG00000254408
MAGEA8-AS1,ENSG00000230899
OR4A7P,ENSG00000255349
OR4A6P,ENSG00000255078
OR4A18P,ENSG00000254637
RN7SL489P,ENSG00000277295
RN7SL327P,ENSG00000275992
NEIL1-AS1,ENSG00000275645
MIR631,ENSG00000284343
RPL13P4,ENSG00000241890
LINC01285,ENSG00000203650
LINC02707,ENSG00000255427
OR5D13,ENSG00000279761
RPSAP70,ENSG00000250327
OR9Q1,ENSG00000186509
IFT27,ENSG00000100360
ZNF556,ENSG00000172000
LTO1P1,ENSG00000251008
FLJ38576,ENSG00000279943
DEFB131A,ENSG00000186146
OR4C16,ENSG00000279514
FAM53A,ENSG00000174137
DIAPH1,ENSG00000131504
OR5B10P,ENSG00000255096
LYZ,ENSG00000090382
MIR627,ENSG00000207712
BNIP3P5,ENSG00000260571
OR4R3P,ENSG00000254624
CARS1P1,ENSG00000271232
OR5D17P,ENSG00000181837
SPESP1-NOX5,ENSG00000290203
KRT18P14,ENSG00000186082
RPL35AP38,ENSG00000267398
OR10W1,ENSG00000172772
OR10AK1P,ENSG00000254807
RNU7-140P,ENSG00000238364
OR5B17,ENSG00000197786
MIR1238,ENSG00000221410
CDKN2D,ENSG00000129355
OR4A5,ENSG00000221840
MARCHF1,ENSG00000145416
NAV2-AS1,ENSG00000254894
RPL12P31,ENSG00000241228
CSPG4P13,ENSG00000260139
OR4A8,ENSG00000225997
LSM2P1,ENSG00000271010
CIR1P3,ENSG00000216708
MIR638,ENSG00000207972
MIR4748,ENSG00000265879
MIR199A1,ENSG00000207752
MIR6793,ENSG00000275640
MAGEB17-AS1,ENSG00000238178
HIKESHIP2,ENSG00000267544
NAV3,ENSG00000067798
GOLGA6FP,ENSG00000260776
MMADHCP2,ENSG00000254708
EEF1A1P47,ENSG00000255450
TRIM48,ENSG00000150244
GSK3A,ENSG00000105723
SYP-AS1,ENSG00000237341
EPSTI1,ENSG00000133106
LINC00629,ENSG00000227060
CCDC179,ENSG00000255359
COMMD4P1,ENSG00000214646
SLC17A6-DT,ENSG00000254768
ADAMTS7P3,ENSG00000261143
OR5W1P,ENSG00000227806
MIR503HG,ENSG00000223749
OR10Q2P,ENSG00000272900
OR5I1,ENSG00000167825
OR5W2,ENSG00000187612
EIF4A2P3,ENSG00000254589
RNU1-47P,ENSG00000199836
VDAC3P1,ENSG00000271198
RPL7AP56,ENSG00000242834
RD3L,ENSG00000227729
AHNAK,ENSG00000124942
RN7SL634P,ENSG00000242894
MIR203A,ENSG00000207568
MIR203B,ENSG00000283165
NEUROG2,ENSG00000178403
AKAP5,ENSG00000179841
RPL23AP94,ENSG00000248439
STRCP1,ENSG00000166763
GRIN1,ENSG00000176884
ATP5MGP3,ENSG00000249256
SETP2,ENSG00000258893
RNU6-1291P,ENSG00000252400
HNRNPA1P65,ENSG00000248444
MTCYBP43,ENSG00000250624
TMEM271,ENSG00000273238
UBE2Q2P13,ENSG00000259658
DNM1P46,ENSG00000182397
PDE6B,ENSG00000133256
CCN5,ENSG00000064205
XACT,ENSG00000241743
CHEK2P2,ENSG00000259156
RCC2P6,ENSG00000254454
RN7SKP148,ENSG00000222111
RNU6-226P,ENSG00000200648
LINC03113,ENSG00000287171
BTF3,ENSG00000145741
TRIM51,ENSG00000124900
WHAMMP4,ENSG00000215302
SIRPG,ENSG00000089012
CYSLTR2,ENSG00000152207
LINC01201,ENSG00000228659
SYNJ2-IT1,ENSG00000233496
OR5BC1P,ENSG00000255218
HNRNPRP2,ENSG00000255047
NUDT5P1,ENSG00000237719
RPL7AP58,ENSG00000240554
ETV7,ENSG00000010030
MCM5,ENSG00000100297
THSD1,ENSG00000136114
OR5D16,ENSG00000205029
FIBIN,ENSG00000176971
TMEM183AP4,ENSG00000258431
MAST4,ENSG00000069020
LINC01186,ENSG00000236751
OR5B19P,ENSG00000255431
MIR1247,ENSG00000283857
MIR4323,ENSG00000266226
LINC01616,ENSG00000261340
RN7SL586P,ENSG00000241487
CRNKL1,ENSG00000101343
RN7SL836P,ENSG00000241226
MIR642A,ENSG00000207773
MIR642B,ENSG00000283212
RNU6-419P,ENSG00000252839
BDH1,ENSG00000275544
OR5L1,ENSG00000279395
RIOX1,ENSG00000170468
QPCTL,ENSG00000011478
MIR4707,ENSG00000284118
WEE2P1,ENSG00000254672
BCL11B,ENSG00000127152
MUC15,ENSG00000169550
LAMP1,ENSG00000185896
GOLGA6EP,ENSG00000187812
LINC03114,ENSG00000285896
ZNF121,ENSG00000197961
PRSS57,ENSG00000185198
RNU6-244P,ENSG00000212330
MIR4309,ENSG00000266015
RN7SL546P,ENSG00000239224
RPL23AP11,ENSG00000230988
MID1IP1-AS1,ENSG00000238123
RNU6-1316P,ENSG00000206969
NPAS3,ENSG00000151322
PLEKHB1,ENSG00000021300
ULK4P1,ENSG00000261279
NIBAN3,ENSG00000167483
PDE6B-AS1,ENSG00000242686
PCGF3-AS2,ENSG00000248416
MIR378D1,ENSG00000263631
RNA5SP158,ENSG00000222230
MIR574,ENSG00000207944
SNORD79,ENSG00000251878
RNU7-194P,ENSG00000238721
IL2RA,ENSG00000134460
LRBA-AS1,ENSG00000249690
MAB21L2,ENSG00000181541
ZBTB8OSP1,ENSG00000183432
RNA5SP168,ENSG00000252451
AK4P6,ENSG00000235606
CATSPER2P1,ENSG00000205771
RN7SKP248,ENSG00000252087
TMSB4XP8,ENSG00000187653
KRT19P6,ENSG00000249891
EREG,ENSG00000124882
RNU6-906P,ENSG00000207431
MIR578,ENSG00000207559
HADHAP1,ENSG00000251596
MIR4462,ENSG00000263926
SCGB1D5P,ENSG00000248287
NOL8P1,ENSG00000248327
PNPLA1,ENSG00000180316
RNU6-1252P,ENSG00000199924
RNU4-87P,ENSG00000200974
RNU6-1055P,ENSG00000212387
RPS7P6,ENSG00000215278
CLRN2,ENSG00000249581
RNF6,ENSG00000127870
POLN,ENSG00000130997
RPL32P23,ENSG00000214015
RN7SKP78,ENSG00000201581
MIR3155A,ENSG00000263628
MIR3155B,ENSG00000283634
SDCBPP1,ENSG00000226705
RNU6-1231P,ENSG00000252994
OR4F13P,ENSG00000214344
PTGES3P4,ENSG00000236937
BORCS7-ASMT,ENSG00000270316
RPL22P17,ENSG00000235266
SLC29A3,ENSG00000198246
LINC00269,ENSG00000215162
CSPG4P12,ENSG00000259295
ADAMTS7P4,ENSG00000218052
RNU6-823P,ENSG00000284805
EEFSEC,ENSG00000284869
DNM1P47,ENSG00000259660
GOLGA2P11,ENSG00000260062
YTHDF3P1,ENSG00000280982
RPS24P9,ENSG00000280813
DNM1P34,ENSG00000260357
KCNIP4,ENSG00000281758
MYLKP2,ENSG00000281246
SPIC,ENSG00000166211
RPL31P25,ENSG00000281559
SNRPGP20,ENSG00000271496
HLA-DQA2,ENSG00000237541
PPP1R12A-AS2,ENSG00000258048
MIR936,ENSG00000283788
ACSM6,ENSG00000173124
PPFIA2-AS2,ENSG00000258162
COX6B1P5,ENSG00000249047
MIR4800,ENSG00000284276
PPEF1-AS1,ENSG00000237221
DUX4L52,ENSG00000258336
ZFYVE28,ENSG00000159733
MIR3135B,ENSG00000263649
PTCHD1-AS,ENSG00000233067
NSA2P2,ENSG00000258357
ALX1,ENSG00000180318
PSMB8-AS1,ENSG00000204261
MIR4294,ENSG00000264800
FAM170B,ENSG00000172538
LRRC18,ENSG00000165383
MTND4P19,ENSG00000230338
CCER1,ENSG00000197651
TACC1P1,ENSG00000224920
MTND1P18,ENSG00000225276
HLA-Z,ENSG00000235301
RPL27AP7,ENSG00000216616
HNRNPA3P4,ENSG00000226068
RBMXP1,ENSG00000216835
MYB-AS1,ENSG00000236703
KRT1,ENSG00000167768
MIR548A2,ENSG00000207689
RN7SL183P,ENSG00000240997
SPACA1,ENSG00000118434
HCCS-DT,ENSG00000234129
CHST11,ENSG00000171310
CTSZ,ENSG00000101160
ACTBP8,ENSG00000220267
AP3S1P1,ENSG00000218806
RNU6-502P,ENSG00000199289
H2BC16P,ENSG00000217646
H2AC16,ENSG00000276903
TRD-AS1,ENSG00000251002
H1-5,ENSG00000184357
PCDHGB6,ENSG00000253305
H3C11,ENSG00000275379
H4C13,ENSG00000275126
C1GALT1P1,ENSG00000257818
H3C12,ENSG00000197153
H2AC17,ENSG00000278677
NTAN1P3,ENSG00000256355
H2BC17,ENSG00000274641
RPL21P104,ENSG00000242922
RNU7-26P,ENSG00000238610
OR2B2,ENSG00000168131
TPH2,ENSG00000139287
ETF1P1,ENSG00000232757
MCTP1,ENSG00000175471
PPP1R11,ENSG00000204619
RNA5SP384,ENSG00000252424
RPL32P29,ENSG00000244270
RN7SL1,ENSG00000276168
RHOQP1,ENSG00000258568
MGAT2,ENSG00000168282
DNAAF2,ENSG00000165506
MIR4714,ENSG00000264480
SYNM,ENSG00000182253
RPSAP12,ENSG00000240087
EIF4A1P4,ENSG00000257790
RPL7P42,ENSG00000241825
BCL2L2-PABPN1,ENSG00000258643
LINC02426,ENSG00000257747
SUCLG2P2,ENSG00000236349
RHOXF1-AS1,ENSG00000258545
AK6P1,ENSG00000256614
RN7SL589P,ENSG00000239247
PSPC1,ENSG00000121390
SPICP5,ENSG00000249077
KRT8P19,ENSG00000257528
SRMP2,ENSG00000258485
ADAM24P,ENSG00000214607
TRIM10,ENSG00000204613
KRT77,ENSG00000189182
RNU6-398P,ENSG00000206870
PMPCAP1,ENSG00000248817
TMEM30B,ENSG00000182107
SLC7A2-IT1,ENSG00000279903
OR7A5,ENSG00000188269
CGB2,ENSG00000104818
KRT8P3,ENSG00000254285
GRID2,ENSG00000152208
RN7SKP97,ENSG00000222898
MIR4470,ENSG00000264408
RNU6-835P,ENSG00000252783
UGT2A3,ENSG00000278216
NEK2P1,ENSG00000277367
B3GLCT,ENSG00000187676
NF1P7,ENSG00000278143
RIMS2,ENSG00000176406
SYNM-AS2,ENSG00000261054
TTC23-AS1,ENSG00000261616
CAPN12,ENSG00000182472
HSP90B2P,ENSG00000259706
HNRNPA1P62,ENSG00000259228
POTEM,ENSG00000222036
PPFIA2-AS1,ENSG00000257467
WHAMMP3,ENSG00000276141
UGT2B27P,ENSG00000281308
PDCD6IPP1,ENSG00000275325
UGT2B10,ENSG00000275190
PAIP1P1,ENSG00000233892
TMLHE-AS1,ENSG00000224533
SPRYD7,ENSG00000123178
UGT2B15,ENSG00000277132
PPT2-EGFL8,ENSG00000258388
MTND1P19,ENSG00000251449
RACK1P3,ENSG00000249239
CTSO,ENSG00000263238
THAP7,ENSG00000184436
RNA5SP164,ENSG00000252342
ATOH1,ENSG00000172238
SMARCAD1-DT,ENSG00000246541
RPL21P98,ENSG00000243071
HMGB3P15,ENSG00000250897
RNU6-1239P,ENSG00000212612
RPL23AP68,ENSG00000242850
MT2P1,ENSG00000278061
CHD2,ENSG00000173575
RPL35AP11,ENSG00000241103
PCNPP1,ENSG00000258359
TMPRSS11E,ENSG00000274058
OR5M14P,ENSG00000249081
NBEAP5,ENSG00000277710
GGTA2P,ENSG00000237766
MAP1LC3B2,ENSG00000258102
PHOX2B,ENSG00000109132
GPR50-AS1,ENSG00000234696
OR11H13P,ENSG00000196143
CDRT15P13,ENSG00000258781
MAGEA4-AS1,ENSG00000229967
NBEAP6,ENSG00000285990
SZRD1P1,ENSG00000256678
SNRPGP18,ENSG00000257979
RNU1-49P,ENSG00000200338
HMGB1P28,ENSG00000249745
TDO2,ENSG00000262635
TOMM40P1,ENSG00000277156
RPS15P9,ENSG00000240846
MIR151B,ENSG00000265154
MIR342,ENSG00000199082
MIR6764,ENSG00000283840
DCAF4L1,ENSG00000182308
SLC25A29,ENSG00000197119
ATP1B1P1,ENSG00000249212
MIR6721,ENSG00000284469
CCDC38,ENSG00000165972
MIR6833,ENSG00000277264
BRD4,ENSG00000141867
BEND4,ENSG00000188848
PBX2,ENSG00000204304
RASD2,ENSG00000100302
YTHDC1,ENSG00000275272
ITGBL1,ENSG00000198542
RPS7P7,ENSG00000240167
HAO1,ENSG00000101323
CCNL2P1,ENSG00000248283
RN7SKP82,ENSG00000252595
GRXCR1,ENSG00000215203
H2AZP5,ENSG00000234612
GNAI2P2,ENSG00000231957
UBTFL10,ENSG00000255385
FGF3,ENSG00000186895
NUTM2B,ENSG00000188199
LINC02383,ENSG00000248143
RN7SL691P,ENSG00000239464
RPS19BP1,ENSG00000187051
HNRNPA1P2,ENSG00000237285
RNU6-603P,ENSG00000223335
ANKRD33BP7,ENSG00000255162
RPL7P4,ENSG00000230449
CCSER1,ENSG00000184305
TRIM53BP,ENSG00000166013
RN7SL353P,ENSG00000263608
TUBB2B,ENSG00000137285
FRMPD3-AS1,ENSG00000227610
ATP9A,ENSG00000054793
PIGAP1,ENSG00000257803
RNU6-1090P,ENSG00000200935
PNLIP,ENSG00000175535
LINC00615,ENSG00000196243
DANT2,ENSG00000235244
RPL21P106,ENSG00000239201
SLC22A23,ENSG00000137266
LINC02758,ENSG00000248990
SNX5P2,ENSG00000258033
LINC02392,ENSG00000258183
MTND4LP18,ENSG00000254747
C4orf46P3,ENSG00000254352
THAP12P7,ENSG00000253919
LINC02605,ENSG00000261618
MIR345,ENSG00000198984
RN7SL523P,ENSG00000243976
HAUS8P1,ENSG00000257300
CDC42P3,ENSG00000253971
SLC25A47,ENSG00000140107
AK3P2,ENSG00000250115
H3P34,ENSG00000255295
TRIM77,ENSG00000214414
ALG10,ENSG00000139133
LY6H,ENSG00000176956
HSD17B3,ENSG00000130948
MICALL1,ENSG00000100139
PNLIPP1,ENSG00000232091
COX6A1P4,ENSG00000254437
CBX3P7,ENSG00000197692
MTMR12P1,ENSG00000255504
DANT1,ENSG00000229335
RSF1-IT2,ENSG00000254985
WARS1-AS1,ENSG00000258666
HPRT1P3,ENSG00000256752
DDI1,ENSG00000170967
SCART1,ENSG00000214279
YY1,ENSG00000100811
TRIM75,ENSG00000250374
TYR,ENSG00000077498
SPON2-AS1,ENSG00000273179
CTBP1-AS,ENSG00000280927
PLXNC1,ENSG00000136040
LINC02600,ENSG00000250986
ADRA2C,ENSG00000184160
LIPJ,ENSG00000204022
SMIM43,ENSG00000164112
SLC25A5-AS1,ENSG00000224281
DUSP4,ENSG00000120875
OSBPL9P2,ENSG00000254677
HNF4A,ENSG00000101076
ZNF674-AS1,ENSG00000230844
MMP8,ENSG00000118113
NKX2-3,ENSG00000119919
HOMEZ,ENSG00000290292
HEY1,ENSG00000164683
EBAG9P1,ENSG00000233690
NANOGP6,ENSG00000227351
ARL4AP1,ENSG00000122872
ANK3-DT,ENSG00000254271
RNU2-72P,ENSG00000223107
NKX6-2,ENSG00000148826
PELI2,ENSG00000139946
N4BP2L2,ENSG00000244754
CFAP46,ENSG00000171811
ATP6V1G1P6,ENSG00000249372
RPL7AP6,ENSG00000242071
RNU4-64P,ENSG00000222727
RNU6-183P,ENSG00000200331
GDF9,ENSG00000164404
ZFAND2AP2,ENSG00000275002
LDHAL6EP,ENSG00000270098
H3P37,ENSG00000270433
RNA5SP163,ENSG00000222236
SERPINA13P,ENSG00000187483
CXXC4,ENSG00000168772
MAD2L1-DT,ENSG00000281122
RPL12P42,ENSG00000213253
ZDHHC11,ENSG00000188818
DPPA3P2,ENSG00000188831
ADAM20P1,ENSG00000259158
BISPR,ENSG00000282851
ANKRD37,ENSG00000186352
RNU6-1160P,ENSG00000207276
ZNF367,ENSG00000165244
MED15P1,ENSG00000257853
RBX1,ENSG00000100387
BMS1P17,ENSG00000228294
CCDC110,ENSG00000168491
IL25,ENSG00000166090
NSA2P7,ENSG00000238251
SPATA31C1,ENSG00000230246
RNU4ATAC15P,ENSG00000252224
SPINK4,ENSG00000122711
BAG1,ENSG00000107262
NUP50P4,ENSG00000219736
HMGB1P39,ENSG00000203489
MIR4463,ENSG00000263533
UBE2V1P15,ENSG00000217680
RNU1-34P,ENSG00000201291
SCUBE3-AS1,ENSG00000272374
RPS3A,ENSG00000292158
MIR7111,ENSG00000276712
TEAD3,ENSG00000007866
UBE2L3,ENSG00000185651
TMEM221,ENSG00000188051
C12orf75-AS1,ENSG00000257642
SNORD73B,ENSG00000292162
SH3D19,ENSG00000292165
DYNLL1P4,ENSG00000257231
RPL7P43,ENSG00000241045
FRG1-DT,ENSG00000281543
NXNL1,ENSG00000171773
GLULP5,ENSG00000257915
TM7SF3-AS1,ENSG00000247903
FUT5,ENSG00000130383
RIC8B,ENSG00000111785
RNA5SP462,ENSG00000252539
SNORD73A,ENSG00000292164
RPL32P37,ENSG00000267589
RNU6-1282P,ENSG00000292163
PRSS48,ENSG00000292166
ACER1,ENSG00000167769
PRR13P7,ENSG00000271202
MRPS16P1,ENSG00000229182
OPRK1,ENSG00000082556
MGAT3,ENSG00000128268
TAF7,ENSG00000178913
MIR6885,ENSG00000274390
MIR6790,ENSG00000273758
MIR3940,ENSG00000284159
SLC25A41,ENSG00000181240
LRRC9,ENSG00000131951
SLC25A2,ENSG00000120329
RNA5SP308,ENSG00000199402
RPL21P93,ENSG00000229605
SORBS2-AS1,ENSG00000233110
PKD2L2,ENSG00000078795
FRMD4A,ENSG00000151474
FBXO7,ENSG00000100225
MIR1973,ENSG00000284253
TRMT112P1,ENSG00000250272
LINC01596,ENSG00000281015
CUL4AP1,ENSG00000248139
RPL21P45,ENSG00000239532
PSME2P4,ENSG00000251332
MRPS33P2,ENSG00000249649
MYC,ENSG00000136997
PTTG2,ENSG00000250254
TULP1,ENSG00000112041
ADGRD2,ENSG00000180264
ACSBG2,ENSG00000130377
STIM2,ENSG00000109689
DNAJC3,ENSG00000102580
MMP27,ENSG00000137675
LINC01060,ENSG00000281580
MIR1204,ENSG00000283710
SLC25A32,ENSG00000164933
ASS1P13,ENSG00000255353
ODF2,ENSG00000136811
ARHGAP42,ENSG00000165895
CYCSP30,ENSG00000257648
HSPE1P4,ENSG00000258153
RN7SKP21,ENSG00000252312
MON2-AS1,ENSG00000257568
DEGS2,ENSG00000168350
RPL13AP21,ENSG00000239397
SNRPCP2,ENSG00000251235
EOLA2-DT,ENSG00000235703
F2RL2,ENSG00000164220
EIF5,ENSG00000100664
CFAP54,ENSG00000188596
NUTF2P5,ENSG00000215227
FRMD4A-AS2,ENSG00000229751
MIR4293,ENSG00000266321
STATH,ENSG00000282891
MIR1265,ENSG00000221371
UBOX5,ENSG00000185019
TPT1P10,ENSG00000180221
F2R,ENSG00000181104
RNU105C,ENSG00000199212
PRPF38AP1,ENSG00000225053
MARK2P15,ENSG00000234931
RN7SL250P,ENSG00000244107
SOX17,ENSG00000164736
CCDC7,ENSG00000216937
F2RL1,ENSG00000164251
TRMT112P7,ENSG00000270275
RN7SL208P,ENSG00000264391
RP1,ENSG00000104237
LINC01262,ENSG00000280513
SNORA74B,ENSG00000212402
CDC42P5,ENSG00000253439
SHISAL2B,ENSG00000145642
CDH26,ENSG00000124215
HTN3,ENSG00000282967
HSP90AA4P,ENSG00000281610
TOMM20P1,ENSG00000224829
HMGN2P38,ENSG00000231726
TENM4-AS1,ENSG00000255345
CWC27,ENSG00000153015
CENPM,ENSG00000100162
HEPHL1,ENSG00000181333
DZIP1,ENSG00000134874
SEC11B,ENSG00000226098
RPL7L1P18,ENSG00000253114
RPS15AP19,ENSG00000219023
RPL36P9,ENSG00000218749
MIR5690,ENSG00000265527
FAXC,ENSG00000146267
KCNQ3,ENSG00000184156
RPS27P23,ENSG00000239413
SLC25A27,ENSG00000153291
TRIM49,ENSG00000168930
IFITM3P5,ENSG00000238168
ADGRD1-AS1,ENSG00000256151
MMP9,ENSG00000100985
LINC02154,ENSG00000235385
MYF5,ENSG00000111049
PRDM9,ENSG00000292167
PRR27,ENSG00000282868
TDRD6,ENSG00000180113
RPL23AP67,ENSG00000240991
ADAMTS6,ENSG00000049192
GABRB3,ENSG00000166206
CHD6,ENSG00000124177
ADGRF5-AS1,ENSG00000225730
MIR1236,ENSG00000284446
RNA5SP206,ENSG00000252512
H2AC6,ENSG00000180573
RPL10P12,ENSG00000234040
CARD18,ENSG00000255501
ADGRD1-AS2,ENSG00000256810
SETP7,ENSG00000257444
NENFP2,ENSG00000258288
NAV3-AS1,ENSG00000258225
RPL29P26,ENSG00000241556
SLC25A1,ENSG00000100075
RPA2P3,ENSG00000255547
PRXL2AP1,ENSG00000257220
H2AC7,ENSG00000196866
UBTFL2,ENSG00000234376
LSM3P2,ENSG00000257847
MTND6P25,ENSG00000255316
CSN1S2AP,ENSG00000283090
H3C5P,ENSG00000277720
H2AC9P,ENSG00000218281
H1-3,ENSG00000124575
UBA52P7,ENSG00000241656
HPYR1,ENSG00000253521
H4C6,ENSG00000274618
KRT18P60,ENSG00000215208
H4C7,ENSG00000275663
LINC01194,ENSG00000273954
OSBPL9P3,ENSG00000255070
INTS6L-AS1,ENSG00000225235
MIR6876,ENSG00000274988
H3C7,ENSG00000277775
H2BC10,ENSG00000278588
PRELID2P1,ENSG00000257336
KCTD9,ENSG00000104756
H3C9P,ENSG00000220875
COPS5P1,ENSG00000213187
RPS27P15,ENSG00000218459
RPL17P26,ENSG00000216854
RNU6-626P,ENSG00000200224
OSTCP6,ENSG00000219790
FTH1P15,ENSG00000218980
YPEL5P3,ENSG00000258251
RN7SL663P,ENSG00000275132
MRPL30P1,ENSG00000276576
DACT1,ENSG00000165617
ECT2L,ENSG00000203734
ASCL1,ENSG00000139352
DSCAML1,ENSG00000177103
RBMS2P1,ENSG00000213250
VPS51P3,ENSG00000256136
POLR2I,ENSG00000105258
LINC01456,ENSG00000225882
BACE2,ENSG00000182240
ABTB3,ENSG00000151136
DUTP7,ENSG00000250473
ARL4AP2,ENSG00000248780
RNA5SP160,ENSG00000201736
RNU6-836P,ENSG00000199790
RNU6-1195P,ENSG00000207198
UCHL1-DT,ENSG00000251173
DIO3,ENSG00000197406
RPL12P20,ENSG00000239627
GAPT,ENSG00000175857
OR4E1,ENSG00000276240
MIR3138,ENSG00000264931
RNA5SP155,ENSG00000223086
MDGA2,ENSG00000139915
RNF24,ENSG00000101236
RAF1P1,ENSG00000250040
WDR62,ENSG00000075702
MRFAP1L2,ENSG00000170846
RNU6-1148P,ENSG00000222924
RPS27P1,ENSG00000223876
GAPDHP28,ENSG00000213449
WNT8A,ENSG00000061492
SRP9P1,ENSG00000180581
SLC39A12-AS1,ENSG00000226083
CSN3,ENSG00000171209
PSD3,ENSG00000156011
HCRTR2,ENSG00000137252
FAM90A26,ENSG00000229924
GK3,ENSG00000229894
OR2J3,ENSG00000204701
FREM3,ENSG00000183090
OR2H2,ENSG00000204657
RPA2P1,ENSG00000258392
RNU6-460P,ENSG00000212460
OOEP,ENSG00000203907
RPL13AP2,ENSG00000244053
RNU6-888P,ENSG00000199880
RNU6-658P,ENSG00000207336
RPS15AP3,ENSG00000214903
RNU6-1330P,ENSG00000199645
FOXO4,ENSG00000184481
ARPC1AP3,ENSG00000250071
MIR548Y,ENSG00000263945
ARL14EPL,ENSG00000268223
OR11H2,ENSG00000258453
GLRX3P2,ENSG00000216657
CTXN3,ENSG00000205279
CACNB2,ENSG00000165995
FAM217A,ENSG00000145975
MIR4506,ENSG00000265768
RNU2-14P,ENSG00000222985
GYPE,ENSG00000197465
RPL21P7,ENSG00000258613
RPL36AP2,ENSG00000214759
TVP23BP1,ENSG00000259122
RPPH1-2P,ENSG00000252497
SPINK6,ENSG00000178172
RNA5SP391,ENSG00000200326
RAD51B,ENSG00000182185
ARHGAP40,ENSG00000124143
MTCO2P32,ENSG00000281511
C20orf96,ENSG00000196476
LPCAT1,ENSG00000275079
HMGN1P16,ENSG00000249503
NUDT10,ENSG00000122824
MARCOL,ENSG00000248109
POLG,ENSG00000140521
SPINK13,ENSG00000214510
RPS6KA2-AS1,ENSG00000231654
RNU6-1247P,ENSG00000252431
RNY4P20,ENSG00000252487
RN7SKP268,ENSG00000223039
GYPA,ENSG00000170180
HSPA8P15,ENSG00000219395
RNU6-813P,ENSG00000207422
H4C3,ENSG00000197061
NPEPL1,ENSG00000215440
RPS12P14,ENSG00000216813
EZHIP,ENSG00000187690
GPRC6A,ENSG00000173612
NUDT11,ENSG00000196368
SPINK14,ENSG00000196800
CDX2,ENSG00000165556
BCLAF1P1,ENSG00000248966
LINC01496,ENSG00000234766
TSLP,ENSG00000145777
CENPVL3,ENSG00000224109
CENPVL2,ENSG00000283093
CENPVL1,ENSG00000223591
IPO7P1,ENSG00000232951
UQCR10P1,ENSG00000237528
SMC1B,ENSG00000077935
LINC02463,ENSG00000257683
RPS6P20,ENSG00000226356
FTH1P14,ENSG00000185638
RPS3AP21,ENSG00000214784
GPX1P1,ENSG00000197582
CLPTM1L,ENSG00000274811
KRT18P20,ENSG00000257758
RN7SL153P,ENSG00000244748
OR1X1P,ENSG00000272494
RPS26P45,ENSG00000241765
FAM170A,ENSG00000164334
GOT2P6,ENSG00000214745
TMEM132D,ENSG00000151952
BACH1,ENSG00000156273
RPS29P13,ENSG00000217089
RNA5SP214,ENSG00000200248
RFX6,ENSG00000185002
MROH2B,ENSG00000171495
LINC02460,ENSG00000255714
ST13P3,ENSG00000257773
RNA5SP220,ENSG00000252107
MIR3668,ENSG00000263514
MIR4465,ENSG00000264390
RPL17P37,ENSG00000241590
LINC02393,ENSG00000256597
OR2A4,ENSG00000180658
TBX3,ENSG00000135111
CTAGE9,ENSG00000236761
RPL15P9,ENSG00000216917
MIR548H5,ENSG00000266807
SELENOKP2,ENSG00000219532
RN7SKP245,ENSG00000200895
RNA5SP217,ENSG00000251768
YWHAZP4,ENSG00000213131
PIERCE2,ENSG00000261652
RNASE9,ENSG00000188655
RPL5P18,ENSG00000220744
PRR14L,ENSG00000183530
RNU6-1307P,ENSG00000212314
MIR4752,ENSG00000264703
ARHGEF18,ENSG00000104880
CRISP1,ENSG00000124812
PSD3-AS1,ENSG00000187229
RPL35P6,ENSG00000244018
SVOP,ENSG00000166111
XKR4,ENSG00000206579
SMARCE1P1,ENSG00000225215
SBF1P1,ENSG00000248522
SNRPB2,ENSG00000125870
RNA5SP265,ENSG00000222955
FTH1P16,ENSG00000227376
SNORA1B,ENSG00000199405
SMIM47,ENSG00000261341
HNRNPA1P60,ENSG00000233497
ARL6IP1P3,ENSG00000255014
METTL5P4,ENSG00000255483
SNRPD2,ENSG00000125743
VPS13C,ENSG00000129003
RPS4XP12,ENSG00000244400
ZNF74,ENSG00000185252
PKNOX2-DT,ENSG00000254880
LINC02697,ENSG00000255327
TTC3P1,ENSG00000215105
RPL13AP3,ENSG00000177350
RPS27P20,ENSG00000240121
NDUFB4P11,ENSG00000259374
PHB1P16,ENSG00000227593
RAP2CP1,ENSG00000270938
MED15P6,ENSG00000257162
KCNJ15,ENSG00000157551
DEFB114,ENSG00000177684
RPL23AP62,ENSG00000213233
OR10H2,ENSG00000171942
GFY,ENSG00000261949
ANHX,ENSG00000227059
UQCRBP1,ENSG00000237748
DEFB113,ENSG00000214642
SLC17A6,ENSG00000091664
NLRP3P1,ENSG00000277883
OR10H3,ENSG00000171936
LINC01511,ENSG00000281736
BNIP3P1,ENSG00000197358
OR7E24,ENSG00000237521
DEFB110,ENSG00000203970
OR1I1,ENSG00000094661
DUXAP9,ENSG00000225210
ADAM21P1,ENSG00000235812
SLC6A3,ENSG00000276996
OR10H1,ENSG00000186723
SERTAD4BP,ENSG00000186369
DEFB112,ENSG00000180872
OR7A10,ENSG00000127515
PTCHD4,ENSG00000244694
CIMAP1D,ENSG00000181781
TEX21P,ENSG00000234911
CASC18,ENSG00000257859
OR2AF1P,ENSG00000235730
SRP54-AS1,ENSG00000258704
FOXG1,ENSG00000176165
ADGRB3,ENSG00000135298
SYCP3,ENSG00000139351
APOC4-APOC2,ENSG00000224916
OR4Q3,ENSG00000182652
GOLGA5P1,ENSG00000251215
DOCK11P1,ENSG00000259000
ASS1P5,ENSG00000227881
RPS2P53,ENSG00000234750
RRAGAP1,ENSG00000259046
CFAP53P1,ENSG00000251515
MCRIP2P1,ENSG00000241418
RPL7P20,ENSG00000254252
ZNF442,ENSG00000198342
RPLP0P9,ENSG00000229119
FIRRE,ENSG00000213468
LINC01947,ENSG00000254130
NOVA1,ENSG00000139910
SMN2,ENSG00000273772
TENM2-AS2,ENSG00000254297
TENM4,ENSG00000149256
RPS29P23,ENSG00000231361
TENM2-AS3,ENSG00000253660
ZNF799,ENSG00000196466
FAM90A21P,ENSG00000234749
TENM2,ENSG00000145934
RNU6-1213P,ENSG00000252884
LINC02986,ENSG00000260317
RPSAP47,ENSG00000188856
RNU7-174P,ENSG00000252057
MIR3151,ENSG00000265657
ST13P6,ENSG00000225259
RNA5SP223,ENSG00000202044
NANOGP11,ENSG00000233464
ZNF443,ENSG00000180855
HSPD1P16,ENSG00000218792
ZDHHC8,ENSG00000099904
OR12D2,ENSG00000280236
MTND2P7,ENSG00000253970
MTCO1P49,ENSG00000253916
UBDP1,ENSG00000225797
MAS1LP1,ENSG00000230164
MAS1L,ENSG00000204687
RPS17P1,ENSG00000213900
DDX6P1,ENSG00000230056
OR5V1,ENSG00000243729
MTND2P40,ENSG00000236483
OTX2P1,ENSG00000234644
RBM22P5,ENSG00000231137
OR12D3,ENSG00000112462
FAM135B,ENSG00000147724
RFK,ENSG00000135002
MTCO1P27,ENSG00000232579
RPL32P1,ENSG00000224796
MTCO2P27,ENSG00000230321
HLA-DPA2,ENSG00000231461
COL11A2P1,ENSG00000228688
MTATP6P27,ENSG00000234003
RNY4P10,ENSG00000202441
MIR219A1,ENSG00000199036
ZNF70P1,ENSG00000225463
HTATSF1P1,ENSG00000223457
TRPC6P5,ENSG00000254515
B3GALT4,ENSG00000235863
PPIAP20,ENSG00000235686
LINC01395,ENSG00000281097
RNU6-165P,ENSG00000252979
HMGN1P32,ENSG00000237589
WDR46,ENSG00000227057
UBASH3B,ENSG00000154127
SEPTIN7P8,ENSG00000229000
MIR371A,ENSG00000199031
MIR371B,ENSG00000284568
MIR372,ENSG00000199095
MIR373,ENSG00000199143
RNU6-275P,ENSG00000201780
RN7SKP161,ENSG00000223042
RNU6-837P,ENSG00000212358
PRKCG,ENSG00000126583
H3P32,ENSG00000233814
NOVA1-DT,ENSG00000257842
TRBV20OR9-2,ENSG00000205274
MIR3974,ENSG00000283665
RNU6-251P,ENSG00000200105
RN7SL38P,ENSG00000240481
NUS1P1,ENSG00000235636
PLPP6,ENSG00000205808
RNA5SP357,ENSG00000272435
RHOG2P,ENSG00000213706
RNA5SP360,ENSG00000252364
RNA5SP356,ENSG00000251781
RNA5SP358,ENSG00000199843
RNA5SP359,ENSG00000201708
RNU6-472P,ENSG00000207026
ECM1P1,ENSG00000270639
KLF4P1,ENSG00000233186
RNU6-333P,ENSG00000238669
RNU6-400P,ENSG00000212475
PES1P2,ENSG00000229268
RNU6-871P,ENSG00000251931
RPL3P11,ENSG00000223568
RNU6-279P,ENSG00000212599
RNU4-20P,ENSG00000202471
ATP5PDP3,ENSG00000213954
LINC02294,ENSG00000257845
RNU6-595P,ENSG00000200814
SEPTIN7P7,ENSG00000229897
RNU1-83P,ENSG00000200296
MIR6125,ENSG00000284360
TEX28P2,ENSG00000277008
MIR4307HG,ENSG00000257612
NME2P3,ENSG00000229338
RN7SL804P,ENSG00000266185
ADIPINT,ENSG00000292223
RNU6-769P,ENSG00000207136
MIR6757,ENSG00000278108
RNU6-238P,ENSG00000200183
RN7SKP172,ENSG00000223273
CENPP,ENSG00000188312
SNORA70G,ENSG00000206650
RNA5SP363,ENSG00000201942
RN7SL737P,ENSG00000243015
RNU7-4P,ENSG00000252770
MIR617,ENSG00000207763
MIR618,ENSG00000208022
MIR4699,ENSG00000265227
MIR331,ENSG00000199172
SUDS3P1,ENSG00000281351
FAM3B,ENSG00000183844
RNU6-808P,ENSG00000212535
MIR5700,ENSG00000266099
MIR4495,ENSG00000265861
RNU6-768P,ENSG00000207414
RN7SL88P,ENSG00000277062
RN7SL483P,ENSG00000244091
TMEM225,ENSG00000204300
RNA5SP367,ENSG00000252366
PROP1,ENSG00000274382
MIR3685,ENSG00000265917
RNU4-24P,ENSG00000201435
RNU6-1183P,ENSG00000252863
RNU5E-5P,ENSG00000202249
RNU4-41P,ENSG00000201296
OR1N1,ENSG00000171505
RNU6-477P,ENSG00000206614
RNA5SP369,ENSG00000223046
MIR7844,ENSG00000283818
OR1N2,ENSG00000171501
RN7SL330P,ENSG00000244391
SOCS5P4,ENSG00000227536
INSYN2B,ENSG00000204767
CDH12P2,ENSG00000280638
MIR1279,ENSG00000283476
RNU6-735P,ENSG00000222544
OR1L4,ENSG00000136939
MIR4303,ENSG00000263890
RANP4,ENSG00000225125
RNU6-101P,ENSG00000222255
RNY1P16,ENSG00000199933
CNEP1R1P1,ENSG00000180284
GTF2H2,ENSG00000276910
OR1L6,ENSG00000171459
RNA5SP368,ENSG00000201168
RNU6-172P,ENSG00000222932
MIR378E,ENSG00000263831
RN7SL630P,ENSG00000264978
RNU6-1068P,ENSG00000222890
SKA2P1,ENSG00000232387
RNU6-247P,ENSG00000199506
S100A11P6,ENSG00000232813
MIR4472-2,ENSG00000264037
PRKAA1,ENSG00000132356
OR5C1,ENSG00000148215
MIR1302-1,ENSG00000283507
SSX18P,ENSG00000241207
RNU6-1188P,ENSG00000200665
KIRREL3,ENSG00000149571
BCAS4,ENSG00000124243
RNA5SP371,ENSG00000222302
MIR620,ENSG00000207967
RN7SKP263,ENSG00000223126
PPIAP89,ENSG00000223819
RN7SKP11,ENSG00000252827
RNU6ATAC,ENSG00000221676
RNA5SP374,ENSG00000199809
RN7SL865P,ENSG00000240205
RNA5SP372,ENSG00000212138
RNA5SP376,ENSG00000212251
MIR4307,ENSG00000265165
MIR3171HG,ENSG00000258932
MIR3612,ENSG00000265635
LINC02326,ENSG00000257523
RNU6-717P,ENSG00000239190
RN7SL508P,ENSG00000244112
MIR3922,ENSG00000264295
MIR6873,ENSG00000284517
ZFAT-AS1,ENSG00000248492
MIR6834,ENSG00000284064
IKBKGP1,ENSG00000275882
SMIM40,ENSG00000286920
RNU5D-2P,ENSG00000252521
BARHL1,ENSG00000125492
MYL12BP3,ENSG00000229596
OR14J1,ENSG00000204695
RPL12P47,ENSG00000219222
MIR30B,ENSG00000207582
MIR30D,ENSG00000199153
RPL23AP56,ENSG00000244413
RPL34P14,ENSG00000220614
RPS2P28,ENSG00000179157
LINC01591,ENSG00000254083
LYPLA2P1,ENSG00000228285
RPL35AP4,ENSG00000225644
RPL12P1,ENSG00000204194
KRT18P51,ENSG00000250504
MTND2P11,ENSG00000237124
HSPD1P5,ENSG00000249193
ANKRD18A,ENSG00000180071
RN7SKP235,ENSG00000222594
GSDMC,ENSG00000147697
SYNGAP1,ENSG00000197283
RPSAP14,ENSG00000233984
AARSD1P1,ENSG00000234969
JPX,ENSG00000225470
JAKMIP1,ENSG00000152969
PHF21B,ENSG00000056487
MRPS26,ENSG00000125901
POU5F1B,ENSG00000212993
CACNG7,ENSG00000105605
FAM157A,ENSG00000276938
DTD2,ENSG00000129480
MTND4P7,ENSG00000253257
ZHX3,ENSG00000174306
RNA5SP255,ENSG00000252179
RNU6-821P,ENSG00000274706
SNORD72,ENSG00000212296
C8orf48,ENSG00000164743
GPR33,ENSG00000214943
RNU7-161P,ENSG00000253098
RPL26P19,ENSG00000226221
DNAJB6P1,ENSG00000254612
PPP1R10P1,ENSG00000255352
KRT18P16,ENSG00000235275
RNU6-602P,ENSG00000223087
CECR2,ENSG00000099954
MIR3661,ENSG00000266751
RNU6-455P,ENSG00000207412
NKX2-1-AS1,ENSG00000253563
CDKL3,ENSG00000006837
PANX3,ENSG00000154143
ANKRD18DP,ENSG00000290333
ELOCP22,ENSG00000255006
CACNG8,ENSG00000142408
TSPAN18-AS1,ENSG00000255032
RPL23AP96,ENSG00000250752
CLIC6,ENSG00000159212
PKNOX2-AS1,ENSG00000254932
MIR6744,ENSG00000275669
MIR4299,ENSG00000266645
MIR8070,ENSG00000278529
MIR935,ENSG00000284583
RNA5SP332,ENSG00000212365
RN7SKP117,ENSG00000276134
MIR302E,ENSG00000221703
MIR4486,ENSG00000265210
MIR4694,ENSG00000264309
RNU6-783P,ENSG00000252519
EIF4BP1,ENSG00000259019
RNA5SP338,ENSG00000222427
RN7SL240P,ENSG00000243505
MIR8054,ENSG00000275868
YWHAZP1,ENSG00000259148
PTCH1,ENSG00000185920
RNU6-99P,ENSG00000201591
MIR3973,ENSG00000263389
FSCB,ENSG00000189139
RN7SKP158,ENSG00000222385
MIR8068,ENSG00000273912
MIR6860,ENSG00000283326
RNU6-544P,ENSG00000200146
MIR708,ENSG00000211997
RNU7-59P,ENSG00000238880
MIR5579,ENSG00000266570
MIR4300,ENSG00000264110
RNU6-16P,ENSG00000207113
RN7SL222P,ENSG00000242165
RN7SKP53,ENSG00000223269
RN7SKP115,ENSG00000200047
MIR4693,ENSG00000264200
MIR4490,ENSG00000266703
MIR1261,ENSG00000221586
RNA5SP349,ENSG00000200613
RNU6-297P,ENSG00000207366
IFNAR2,ENSG00000159110
MIR4493,ENSG00000265357
RNU4-23P,ENSG00000199709
RNU6-321P,ENSG00000222844
RPL18P1,ENSG00000242417
MIR8052,ENSG00000274999
RN7SL167P,ENSG00000242673
RNU6-1156P,ENSG00000222297
RNA5SP352,ENSG00000200278
RN7SKP121,ENSG00000222774
RN7SKP279,ENSG00000223315
CINP,ENSG00000100865
MIR326,ENSG00000199090
SNORD15A,ENSG00000206941
SNORD15B,ENSG00000207445
RN7SL786P,ENSG00000263993
SREBF2,ENSG00000198911
MS4A14,ENSG00000166928
TOMM34,ENSG00000025772
CDKN2AIPNL,ENSG00000237190
LINC03059,ENSG00000258592
RNU4ATAC2P,ENSG00000221601
LINC01845,ENSG00000253298
RPL3P3,ENSG00000243388
IL12B,ENSG00000113302
RNU6-684P,ENSG00000222761
VWA8P1,ENSG00000250289
MS4A5,ENSG00000166930
RN7SKP251,ENSG00000276309
MFSD12-AS1,ENSG00000267436
SUMO2P4,ENSG00000249183
SNORA50D,ENSG00000280894
LINC02289,ENSG00000258819
TIMD4,ENSG00000145850
TEKTIP1,ENSG00000183397
DUX4L2,ENSG00000283834
VN1R110P,ENSG00000231725
RN7SL155P,ENSG00000263490
ZNF700,ENSG00000196757
FTHL18P,ENSG00000243048
CTCFL,ENSG00000124092
AKAP17BP,ENSG00000214992
KGD4,ENSG00000278461
RNU7-51P,ENSG00000252369
MEMO1P4,ENSG00000230376
LINC01148,ENSG00000258804
RHOXF1P2,ENSG00000282850
POU2F3,ENSG00000137709
CDK7,ENSG00000277273
APOOP1,ENSG00000270560
ZNF763,ENSG00000197054
GARIN3,ENSG00000170613
LINC02296,ENSG00000258859
EEF1A1P30,ENSG00000237757
LINC02330,ENSG00000258770
SHLD2P2,ENSG00000259096
SCARNA13,ENSG00000252481
TCL6,ENSG00000187621
ZNF433-AS1,ENSG00000219665
BRCC3P1,ENSG00000251667
FAM90A2P,ENSG00000205879
MIR1271,ENSG00000221464
HIGD2A,ENSG00000146066
RPL23AP53,ENSG00000223508
H2BW3P,ENSG00000235946
RPL37P6,ENSG00000241431
FAM3C2P,ENSG00000174028
ZNF346-IT1,ENSG00000251666
HMGB1P15,ENSG00000238190
RPS20P22,ENSG00000239218
OR1X5P,ENSG00000214351
TPT1P8,ENSG00000219491
RNA5SP464,ENSG00000252060
TUBBP1,ENSG00000127589
SDAD1P1,ENSG00000228451
RNA5SP465,ENSG00000212497
RNA5SP466,ENSG00000252546
ZNF20,ENSG00000132010
SDR16C6P,ENSG00000253542
FTH1P28,ENSG00000241607
GMCL2,ENSG00000244234
FTH1P19,ENSG00000219186
FTH1P27,ENSG00000234355
FAM47DP,ENSG00000174678
CCT6P2,ENSG00000250526
LANCL3,ENSG00000147036
EEF1A1P13,ENSG00000250182
RBBP4P1,ENSG00000249485
MIR4637,ENSG00000264792
RNU6-1232P,ENSG00000252108
EEF1B2P2,ENSG00000213864
YBX1P5,ENSG00000251108
POU2F3-AS1,ENSG00000259541
GPX3,ENSG00000211445
RSL24D1P8,ENSG00000237273
H2AL1MP,ENSG00000285944
RNA5SP467,ENSG00000212576
KCNK4-CATSPERZ,ENSG00000257069
ZNF625-ZNF20,ENSG00000213297
ABT1,ENSG00000292169
SMPD5,ENSG00000204791
BTN2A1,ENSG00000292170
LINC02109,ENSG00000274882
ARC,ENSG00000198576
CATSPERZ,ENSG00000219435
ZNF625,ENSG00000257591
MED14OS,ENSG00000234636
BTN1A1P1,ENSG00000292172
SERF1B,ENSG00000277429
HCG11,ENSG00000292174
HMGN4,ENSG00000292175
DPRXP6,ENSG00000270791
PDGFRL2P,ENSG00000285420
BTN1A1,ENSG00000292177
CLDN7P1,ENSG00000214031
SLC36A3,ENSG00000186334
TNIP2P1,ENSG00000237661
MIR7155,ENSG00000278359
MIR1237,ENSG00000221273
RPS16P9,ENSG00000242675
POLR1G,ENSG00000117877
SLC22A11,ENSG00000168065
MIR222HG,ENSG00000270069
EGILA,ENSG00000258451
LINC03058,ENSG00000258810
OR1M1,ENSG00000170929
ARHGAP42P5,ENSG00000258233
LINC02297,ENSG00000257504
OR7G1,ENSG00000161807
OR7G15P,ENSG00000275787
SSBP3P4,ENSG00000257731
OR7G3,ENSG00000170920
NAIP,ENSG00000276068
RPL22P20,ENSG00000239200
MED28P6,ENSG00000259183
MIR221,ENSG00000207870
ELOCP29,ENSG00000267418
MIR222,ENSG00000207725
RN7SL487P,ENSG00000243871
OR7E16P,ENSG00000267775
MAP1A,ENSG00000166963
OR7D4,ENSG00000174667
NF1P10,ENSG00000277529
LINC01097,ENSG00000281202
SLC36A2,ENSG00000186335
OR7A17,ENSG00000185385
NKX3-2,ENSG00000109705
MIR5004,ENSG00000284256
MTCYBP4,ENSG00000220113
SRSF6P1,ENSG00000215286
OR7A18P,ENSG00000269678
BRF2,ENSG00000104221
EYA4-AS2,ENSG00000234567
HSPE1P21,ENSG00000238059
SKP2P1,ENSG00000229693
BTBD10P2,ENSG00000219433
DIAPH2,ENSG00000147202
MIR5091,ENSG00000266240
F2RL3,ENSG00000127533
RPL32P12,ENSG00000242209
DUXAP10,ENSG00000244306
DPPA5P4,ENSG00000119660
COX5AP2,ENSG00000258981
CCT7P1,ENSG00000217733
MTNR1A,ENSG00000168412
RN7SL835P,ENSG00000264250
PTGDR,ENSG00000168229
RAET1E-AS1,ENSG00000223701
RN7SL823P,ENSG00000263595
SLC22A12,ENSG00000197891
RPP25,ENSG00000178718
SHISA7,ENSG00000187902
RNY1P14,ENSG00000207155
GOLGA6D,ENSG00000140478
RNU6-310P,ENSG00000207385
COMMD5P1,ENSG00000173966
GRIK2,ENSG00000164418
PTGER2,ENSG00000125384
PNMA8C,ENSG00000277531
C19orf85,ENSG00000283567
THSD8,ENSG00000284491
ACTBP7,ENSG00000185607
GAPDHP55,ENSG00000224055
RPL21P44,ENSG00000229585
GJD2,ENSG00000159248
MEX3D,ENSG00000181588
LINC02315,ENSG00000251363
CCDC125,ENSG00000277868
MORF4L2P1,ENSG00000250147
TUBAP11,ENSG00000259751
RN7SL446P,ENSG00000244544
CERS1,ENSG00000223802
FBXW7-AS1,ENSG00000270751
RPL36AP8,ENSG00000231409
MIR3140,ENSG00000264678
MIR4453,ENSG00000283792
RPS3AP18,ENSG00000243417
SLC10A4,ENSG00000145248
PRELID1P4,ENSG00000259592
ATP6V1G1P5,ENSG00000270904
THBS1-IT1,ENSG00000276107
RNA5SP197,ENSG00000200227
GPR176,ENSG00000166073
ZAR1,ENSG00000182223
MAX-AS1,ENSG00000259118
RPA4,ENSG00000204086
RPL21P54,ENSG00000241829
NDUFB5P2,ENSG00000214628
RN7SL74P,ENSG00000265260
DIAPH2-AS1,ENSG00000236256
RPL27AP5,ENSG00000182383
RNU5E-3P,ENSG00000251722
ANKRD31,ENSG00000145700
RN7SL253P,ENSG00000241652
RNU6-1054P,ENSG00000223225
CICP16,ENSG00000248213
RNU6-582P,ENSG00000199859
RNU6-1217P,ENSG00000223208
LINC00534,ENSG00000253394
HAUS3,ENSG00000214367
XIST,ENSG00000229807
H3P38,ENSG00000259389
PKMP3,ENSG00000220563
SNORD50B,ENSG00000275072
NANOGP8,ENSG00000255192
SMIM11P1,ENSG00000198738
RNU4-72P,ENSG00000222686
RNU4-12P,ENSG00000202103
GANC,ENSG00000214013
ATXN1,ENSG00000124788
RNU6-680P,ENSG00000207333
SLC25A5P9,ENSG00000251078
KCNA7,ENSG00000104848
LMTK3,ENSG00000142235
BIN2P2,ENSG00000248684
SAP18P1,ENSG00000249777
MCCC2,ENSG00000281742
HEATR5A-DT,ENSG00000250365
SV2C,ENSG00000122012
RNA5SP273,ENSG00000199354
ATP5PF,ENSG00000154723
BIN2P1,ENSG00000234568
AJUBA-DT,ENSG00000258457
IGBP1P4,ENSG00000250325
RN7SKP231,ENSG00000200151
NRXN2-AS1,ENSG00000237410
MIR192,ENSG00000283926
MIR194-2,ENSG00000284155
MIR6750,ENSG00000274986
MIR6749,ENSG00000274314
GPHA2,ENSG00000149735
ERMARD,ENSG00000276187
CGB3,ENSG00000104827
TCIM,ENSG00000176907
FAM90A15,ENSG00000230045
FAM90A13,ENSG00000223885
FAM90A5,ENSG00000215373
FAM90A11,ENSG00000233115
BATF2,ENSG00000168062
FAM90A24,ENSG00000215354
ZNF439,ENSG00000171291
TAF9,ENSG00000276463
SLC25A5P6,ENSG00000213332
MIR4472-1,ENSG00000265247
RN7SL260P,ENSG00000253602
SLC25A31,ENSG00000151475
MIR6879,ENSG00000278851
EEF1A1P18,ENSG00000270775
OR51C4P,ENSG00000272664
ADGRB1,ENSG00000181790
KRT8P49,ENSG00000271602
OR51F3P,ENSG00000272559
OR51F4P,ENSG00000273051
PRMT5-DT,ENSG00000257285
OR51N1P,ENSG00000176951
OR52Y1P,ENSG00000231070
CYCSP17,ENSG00000219627
ZNF551,ENSG00000204519
OR52R1,ENSG00000279270
HNRNPLP1,ENSG00000233503
OR51A6P,ENSG00000197023
RPS26P29,ENSG00000219993
OR51G1,ENSG00000278870
IDH1P1,ENSG00000234115
OR51A3P,ENSG00000227023
OR51A2,ENSG00000205496
RPL21P53,ENSG00000244021
OR51A5P,ENSG00000225003
RNA5SP186,ENSG00000252833
RNU6-583P,ENSG00000251821
RPL15P8,ENSG00000241651
RAP1BL,ENSG00000254893
FOSL1P1,ENSG00000248394
CCND3,ENSG00000112576
PDCD5P2,ENSG00000251107
PGRMC2,ENSG00000164040
ZNF154,ENSG00000179909
HBD,ENSG00000223609
IQGAP2,ENSG00000145703
ZNF776,ENSG00000152443
RAD17,ENSG00000276618
LINC02982,ENSG00000281019
NKD2,ENSG00000276920
RNU6-1336P,ENSG00000206613
RPL9P16,ENSG00000214676
RNU6-853P,ENSG00000201176
ZNF816-ZNF321P,ENSG00000221874
RNY4P17,ENSG00000201818
PDLIM3,ENSG00000154553
HBG2,ENSG00000196565
NDUFV2P1,ENSG00000267809
VN1R2,ENSG00000196131
RNU6-902P,ENSG00000253021
KLK9,ENSG00000213022
HBE1,ENSG00000213931
LINC02311,ENSG00000258718
KLK13,ENSG00000167759
AP1G2-AS1,ENSG00000258727
OR51AB1P,ENSG00000229093
OR51B4,ENSG00000183251
ARMCX5-GPRASP2,ENSG00000286237
MROH4P,ENSG00000232722
SLC12A7,ENSG00000276482
OR51B3P,ENSG00000223735
OR51B8P,ENSG00000236359
OR51B6,ENSG00000176239
LINC00630,ENSG00000223546
TMEM258P1,ENSG00000236248
OR51J1,ENSG00000184321
ZFHX2-AS1,ENSG00000157306
OR51Q1,ENSG00000167360
RPS27AP13,ENSG00000244159
RNU6-1331P,ENSG00000200528
OR51K1P,ENSG00000248424
OR51A10P,ENSG00000230484
OR52D1,ENSG00000181609
UBQLN3,ENSG00000175520
CRIPTOP5,ENSG00000254274
RNU6ATAC32P,ENSG00000251835
C1GALT1P3,ENSG00000253544
NARS1P2,ENSG00000253789
UBQLNL,ENSG00000175518
OLFM5P,ENSG00000224295
OR52V1P,ENSG00000249633
OR52H2P,ENSG00000248553
OR52T1P,ENSG00000233646
HNRNPA1P53,ENSG00000229534
OR52B6,ENSG00000187747
TRIM6-TRIM34,ENSG00000258588
ADAM3A,ENSG00000293380
LINC02304,ENSG00000259110
LINC02319,ENSG00000258694
LINC00524,ENSG00000259023
SMN1,ENSG00000275349
OR52U1P,ENSG00000232381
OR56B1,ENSG00000181023
OR52N3P,ENSG00000236965
OR52E6,ENSG00000205409
OR52E7P,ENSG00000233563
HBG1,ENSG00000213934
MRGPRG,ENSG00000182170
MRGPRE,ENSG00000184350
DIO3OS,ENSG00000258498
CEP72-DT,ENSG00000280978
NDUFA5P8,ENSG00000236987
CEP72,ENSG00000280688
NSA2P6,ENSG00000250980
NDUFA5P1,ENSG00000232390
ENPP7P15,ENSG00000284605
SNRPCP5,ENSG00000255522
RPS3AP39,ENSG00000237226
GLYATL1P1,ENSG00000255189
SIGLEC20P,ENSG00000268336
GLYATL1P4,ENSG00000254399
OR7E94P,ENSG00000249646
SIGLEC21P,ENSG00000269253
DTX4,ENSG00000110042
JAKMIP1-DT,ENSG00000249896
IGLON5,ENSG00000142549
KLRG1,ENSG00000139187
PPBPP2,ENSG00000248848
RPL23AP39,ENSG00000214074
RNU6-761P,ENSG00000206875
GTF2IP12,ENSG00000283050
H4C8,ENSG00000158406
CHL1-AS1,ENSG00000234661
RNF39,ENSG00000204618
SEPTIN7P14,ENSG00000245958
LINC02197,ENSG00000281321
LINC00242,ENSG00000280868
LINC00574,ENSG00000281305
CLDND2,ENSG00000160318
FAM241A,ENSG00000174749
SMN1-AS1,ENSG00000285240
DYNLT2,ENSG00000275368
NKX6-1,ENSG00000163623
OR2J1,ENSG00000204702
WNT7A,ENSG00000154764
SERF1A,ENSG00000275581
RPL3P13,ENSG00000258013
OR2H1,ENSG00000204688
WDFY3,ENSG00000163625
C19orf84,ENSG00000262874
HNRNPA1P34,ENSG00000213049
VDAC2P2,ENSG00000255776
NIFKP6,ENSG00000268144
TPT1P12,ENSG00000256817
MIR1244-3,ENSG00000283429
RN7SKP216,ENSG00000222982
RN7SL42P,ENSG00000263999
SLC25A47P1,ENSG00000254799
OSTF1P1,ENSG00000258244
RNU6-879P,ENSG00000201198
RN7SL435P,ENSG00000263944
SIGLECL1,ENSG00000179213
INHBC,ENSG00000175189
OR5AN2P,ENSG00000235678
OR5BR1P,ENSG00000255386
OR10D1P,ENSG00000196403
RAB40AL,ENSG00000102128
OR8F1P,ENSG00000239426
MIR6758,ENSG00000284152
MIR616,ENSG00000208028
OR8G7P,ENSG00000276316
OR2J2,ENSG00000204700
SLC5A4P1,ENSG00000255116
NUDT19P2,ENSG00000224632
OR10C1,ENSG00000206474
NKRF,ENSG00000186416
GATD1,ENSG00000177225
MIR6759,ENSG00000283621
MARCHF9,ENSG00000139266
KRT18P64,ENSG00000213211
DUTP5,ENSG00000216439
TPT1P6,ENSG00000214460
CHL1,ENSG00000134121
PMCHL2,ENSG00000280840
EEF1AKMT3,ENSG00000123427
NSUN6,ENSG00000241058
RPS15AP36,ENSG00000213013
LINC00632,ENSG00000203930
VN1R104P,ENSG00000249654
RNU6-1083P,ENSG00000206749
RNU6-713P,ENSG00000207492
AIFM1P1,ENSG00000225509
ZC3H7B,ENSG00000100403
MTCH2P2,ENSG00000258262
RPS4XP15,ENSG00000240721
C12orf50,ENSG00000165805
NMBR,ENSG00000135577
FAM74A6,ENSG00000274516
FAM74A4,ENSG00000274583
RPL12P25,ENSG00000235330
RPL7AP80,ENSG00000253332
LINC02959,ENSG00000267599
MKRN10P,ENSG00000233820
KCNC3,ENSG00000131398
ADAM5,ENSG00000196115
PTENP1,ENSG00000237984
LINC02331,ENSG00000235269
RN7SL552P,ENSG00000239466
WDFY3-AS1,ENSG00000251260
GAS2L1P2,ENSG00000228376
RTL8B,ENSG00000212747
MAP1LC3BP1,ENSG00000231909
RNU6-469P,ENSG00000252062
PTGES3P3,ENSG00000229204
VPS36,ENSG00000136100
RTL8C,ENSG00000134590
GXYLT1P4,ENSG00000275026
AK9,ENSG00000155085
MYBL2,ENSG00000101057
PCDH15,ENSG00000150275
RNA5SP364,ENSG00000252747
TOPORSLP,ENSG00000242111
RTL8A,ENSG00000203950
CUTALP,ENSG00000226752
IL31,ENSG00000204671
C9orf152,ENSG00000188959
SPIB,ENSG00000269404
TXNDC8,ENSG00000204193
GNG5B,ENSG00000133136
PPP1R11P2,ENSG00000231765
B3GNT4,ENSG00000176383
MTHFD1P1,ENSG00000231831
ZXDB,ENSG00000198455
NLRP2B,ENSG00000215174
CRMP1,ENSG00000072832
MDH1P1,ENSG00000227427
ZXDA,ENSG00000198205
MYCLP2,ENSG00000228004
KRT8P17,ENSG00000235124
MAGEC3,ENSG00000165509
SYNE3-AS1,ENSG00000258572
LINC02309,ENSG00000258994
RPL21P1,ENSG00000214760
LINC02291,ENSG00000197176
MAGEC1,ENSG00000155495
CLIP1-AS1,ENSG00000257097
PSMB1,ENSG00000281184
PPIAP8,ENSG00000225185
FAM120B,ENSG00000275333
SNORA53,ENSG00000212443
IKBIP,ENSG00000166130
ADAM18,ENSG00000168619
ETDC,ENSG00000283644
RNU6-1039P,ENSG00000206658
MIR4665,ENSG00000263575
SNORA52,ENSG00000199785
RANBP6,ENSG00000137040
RNU6-876P,ENSG00000212597
OR10D4P,ENSG00000186268
HSPB2-C11orf52,ENSG00000254445
SHROOM2,ENSG00000146950
OR1B1,ENSG00000280094
C11orf52,ENSG00000149300
EMC10,ENSG00000161671
GTF3AP1,ENSG00000237274
RPL23AP57,ENSG00000206147
RN7SL123P,ENSG00000266863
HNRNPA1P50,ENSG00000257195
RPS3AP54,ENSG00000229057
RNA5SP351,ENSG00000238965
RNF2P1,ENSG00000231381
PRELID3BP11,ENSG00000231108
SNRPEP2,ENSG00000256968
PPIHP1,ENSG00000230911
ACTG1P14,ENSG00000230581
RNU6-893P,ENSG00000238444
PRPF39-DT,ENSG00000249163
TIMM8B,ENSG00000150779
KCNMB4,ENSG00000135643
RPL4P5,ENSG00000230207
TAAR1,ENSG00000146399
PPIAP33,ENSG00000178654
GPR6,ENSG00000146360
LINC02327,ENSG00000258038
MIR602,ENSG00000207693
RPS7P8,ENSG00000213183
CAPN3,ENSG00000092529
RNU4-70P,ENSG00000207309
TYMSP1,ENSG00000219139
TUBBP5,ENSG00000159247
SRP72P2,ENSG00000188451
RN7SL173P,ENSG00000243373
FAM157B,ENSG00000233013
RNU4-65P,ENSG00000222405
KCNQ5,ENSG00000185760
AVPR1A,ENSG00000166148
KCTD9P4,ENSG00000214264
MRPS36P4,ENSG00000255231
ZFC3H1,ENSG00000133858
RPS12P21,ENSG00000243930
RNU6-785P,ENSG00000223256
CLDN34,ENSG00000234469
OR4F8BP,ENSG00000286255
WWC3-AS1,ENSG00000225076
RPS6P16,ENSG00000243250
RN7SL570P,ENSG00000241174
PLET1,ENSG00000188771
SNORA11,ENSG00000221716
RNU6ATAC36P,ENSG00000252684
UBE2DNL,ENSG00000293307
ST13P10,ENSG00000213234
SNORA47,ENSG00000238961
SATL1,ENSG00000184788
PDE8B,ENSG00000284762
MIS18A,ENSG00000159055
HMGB1P35,ENSG00000251566
MRPL40,ENSG00000185608
TRPM3,ENSG00000083067
C21orf58,ENSG00000160298
TREX2,ENSG00000183479
GTSE1,ENSG00000075218
ZSCAN1,ENSG00000152467
DLL1,ENSG00000275555
HNRNPDLP4,ENSG00000270837
RN7SL526P,ENSG00000243642
B3GNT8,ENSG00000177191
LINC01624,ENSG00000280592
CATSPERD,ENSG00000174898
PLXNB3-AS1,ENSG00000232725
PRR22,ENSG00000212123
RNU4ATAC16P,ENSG00000221439
LINC02549,ENSG00000280737
FAM222A-AS1,ENSG00000255650
JDP2-AS1,ENSG00000259319
L1CAM-AS1,ENSG00000273769
CIAO2AP1,ENSG00000234048
RPL31P20,ENSG00000229756
MESTP4,ENSG00000215004
MIR4497,ENSG00000263510
RBISP3,ENSG00000256351
RPSAP32,ENSG00000238075
RN7SL441P,ENSG00000241413
ADAM2,ENSG00000104755
RNU6-399P,ENSG00000202034
LINC02284,ENSG00000259719
LINC01465,ENSG00000221949
HCFC1-AS1,ENSG00000235802
MIRLET7IHG,ENSG00000257354
MARVELD2,ENSG00000274671
C3orf20,ENSG00000131379
TRIM26BP,ENSG00000236475
MIRLET7I,ENSG00000199179
RPL32P26,ENSG00000241941
TRIM39-RPP21,ENSG00000248167
NDFIP1P1,ENSG00000255892
ZKSCAN7P1,ENSG00000256138
RNU6-95P,ENSG00000207428
POLR2MP1,ENSG00000227725
HLA-N,ENSG00000224372
HCG19P,ENSG00000224486
MTND2P41,ENSG00000283131
RN7SL202P,ENSG00000266627
UBQLN1P1,ENSG00000236405
OR4C50P,ENSG00000237610
MIR637,ENSG00000283928
RPL8P1,ENSG00000216676
SNORD37,ENSG00000206775
CSGALNACT2P2,ENSG00000256709
OR4C46,ENSG00000185926
RSL24D1P1,ENSG00000218069
NAP1L4P2,ENSG00000224816
OR4C7P,ENSG00000255312
PLCZ1,ENSG00000139151
HMGB2P1,ENSG00000267736
H4C10P,ENSG00000217862
OR4R2P,ENSG00000255560
SERPINA7P1,ENSG00000227657
CIRBP-AS1,ENSG00000267493
H2AC14,ENSG00000276368
OR4A4P,ENSG00000254769
OR4A3P,ENSG00000254464
H4C11,ENSG00000197238
RADX,ENSG00000147231
OR4A2P,ENSG00000227547
TMPRSS11F,ENSG00000198092
CNN3P1,ENSG00000218868
OR52L1,ENSG00000183313
H3C10,ENSG00000278828
HCP5B,ENSG00000281831
KRT18P58,ENSG00000254831
HLA-T,ENSG00000231130
RNA5SP329,ENSG00000202147
OR56A7P,ENSG00000255481
MESTP1,ENSG00000220884
NFIX,ENSG00000008441
SLC25A51P1,ENSG00000281567
OR52X1P,ENSG00000234895
OR56B4,ENSG00000180919
LINC02295,ENSG00000258511
TMPRSS11BNL,ENSG00000250026
BMPR1AP1,ENSG00000219642
PTPRK,ENSG00000273993
OR56B3P,ENSG00000180913
OR52L2P,ENSG00000262980
OR52Z1P,ENSG00000176748
OR5AK1P,ENSG00000255083
TMPRSS11B,ENSG00000185873
OR5BQ1P,ENSG00000273228
RNU6ATAC12P,ENSG00000252351
RNU6-861P,ENSG00000252554
RPL5P21,ENSG00000218689
OR8B7P,ENSG00000254976
OR8B6P,ENSG00000255225
OR8B5P,ENSG00000255030
OR8C1P,ENSG00000229254
OR8X1P,ENSG00000255048
OR8A2P,ENSG00000255510
PDE10A,ENSG00000112541
OR8B10P,ENSG00000254646
OR8A3P,ENSG00000255315
OR8A1,ENSG00000196119
MIR1343,ENSG00000251862
LINC01550,ENSG00000246223
CD44-AS1,ENSG00000255443
OR52Q1P,ENSG00000277514
APOOP4,ENSG00000248122
GUCY1A2,ENSG00000152402
HLA-DRA,ENSG00000277263
OCLN,ENSG00000273814
BTNL2,ENSG00000275798
MIR548AN,ENSG00000263515
RNU6-320P,ENSG00000252320
LINC00892,ENSG00000233093
CD40LG,ENSG00000102245
WDR77P1,ENSG00000250609
RNU6-1285P,ENSG00000200350
FGF2,ENSG00000138685
LINC02691,ENSG00000258913
FECHP1,ENSG00000235534
MTRF1,ENSG00000120662
RPL21P17,ENSG00000214073
RNU7-11P,ENSG00000252796
RNU6-1306P,ENSG00000202089
RN7SL558P,ENSG00000243260
HIC2,ENSG00000169635
RNU6-45P,ENSG00000207200
MTND4LP9,ENSG00000227795
ZBTB12BP,ENSG00000180610
COX8A,ENSG00000176340
ARPP21-AS1,ENSG00000230830
ELOCP33,ENSG00000271278
RNU1-61P,ENSG00000251916
HLA-DQB1-AS1,ENSG00000223534
RNA5SP159,ENSG00000252970
RPS8P6,ENSG00000231660
MTCO3P1,ENSG00000235040
PNPT1P1,ENSG00000229241
RNU6-972P,ENSG00000212510
HLA-DQB3,ENSG00000226030
PABPC1P1,ENSG00000231707
LINC02960,ENSG00000275198
THRB-IT1,ENSG00000224822
KRT18P25,ENSG00000249064
SNORD61,ENSG00000206979
SDAD1P3,ENSG00000227707
RNU6-1112P,ENSG00000200455
RPL34P11,ENSG00000230480
SRGAP3-AS3,ENSG00000227929
RNU6-72P,ENSG00000207012
MIR3165,ENSG00000263742
RN7SKP292,ENSG00000202392
RPEP6,ENSG00000257075
CFAP184,ENSG00000173013
LINC02011,ENSG00000260902
PHOX2A,ENSG00000165462
TADA2B,ENSG00000173011
LAMA2,ENSG00000196569
EFHB,ENSG00000163576
POLR2F,ENSG00000100142
RN7SKP36,ENSG00000200867
MIR4798,ENSG00000264658
PSAPL1,ENSG00000178597
LINC02322,ENSG00000258556
GATA5,ENSG00000130700
PSMC1P9,ENSG00000255993
CAPZA3,ENSG00000177938
RPL23AP65,ENSG00000243964
EPYC,ENSG00000083782
RPL21P97,ENSG00000239470
RN7SKP50,ENSG00000201564
LINC02709,ENSG00000245522
GRIA2,ENSG00000120251
FRMD6-AS2,ENSG00000258537
RNU7-28P,ENSG00000252568
RNU6ATAC33P,ENSG00000221574
MIR4485,ENSG00000283813
MIR7154,ENSG00000276639
IMMP1LP2,ENSG00000258159
FREY1,ENSG00000234776
RPL31P52,ENSG00000219355
FOXG1-AS1,ENSG00000257126
FBLIM1P2,ENSG00000254871
RPL39P18,ENSG00000229468
RPL29P24,ENSG00000241030
ASXL1,ENSG00000171456
MIR4688,ENSG00000264102
RPL11P5,ENSG00000242137
KRT8P18,ENSG00000228767
RNU6-600P,ENSG00000199394
RPL32P27,ENSG00000239617
FAM76B,ENSG00000077458
RPL36AP17,ENSG00000226489
WNT10B,ENSG00000169884
SAP18P3,ENSG00000230697
PP2D1,ENSG00000183977
RBMS3-AS1,ENSG00000235593
HINT2P1,ENSG00000230398
FANCD2P2,ENSG00000230342
TM9SF5P,ENSG00000234062
KTN1-AS1,ENSG00000186615
RNU6-940P,ENSG00000200303
DDN,ENSG00000181418
RAC1P4,ENSG00000237584
SDF2L1,ENSG00000128228
DHH,ENSG00000139549
INTS8,ENSG00000164941
LINC01560,ENSG00000196741
EEF1A1P40,ENSG00000231144
CRIPTO3,ENSG00000225366
EFNB1,ENSG00000090776
RNU6-781P,ENSG00000252186
RN7SL380P,ENSG00000244532
SYN2,ENSG00000157152
RNU7-1,ENSG00000238923
MIR200C,ENSG00000207713
MIR141,ENSG00000207708
SCARNA12,ENSG00000238795
SCO2,ENSG00000284194
RN7SL734P,ENSG00000243420
PHLDA1-AS1,ENSG00000257453
DENRP2,ENSG00000257941
LRFN5-DT,ENSG00000258636
RNU6-1271P,ENSG00000252858
FGF23,ENSG00000118972
SLC9A7,ENSG00000065923
GDF11,ENSG00000135414
JOSD1,ENSG00000100221
RPS27P29,ENSG00000240231
LINC02285,ENSG00000259004
VN1R93P,ENSG00000269320
RNA5SP345,ENSG00000222578
RPL32P25,ENSG00000242993
CCDC85B,ENSG00000175602
C11orf68,ENSG00000175573
OLA1P3,ENSG00000257966
BNIP3P39,ENSG00000269662
GSTP1P1,ENSG00000257569
DRAP1,ENSG00000175550
TYMSP2,ENSG00000267190
ACRBP,ENSG00000111644
OR5AH1P,ENSG00000268067
PEG3,ENSG00000198300
DGCR6,ENSG00000183628
MBNL3,ENSG00000076770
ALDH7A1P1,ENSG00000251400
RPS2P24,ENSG00000244019
RPL7P23,ENSG00000244363
OTP,ENSG00000171540
RCAN2,ENSG00000172348
ACTBP2,ENSG00000213763
CST6,ENSG00000175315
SPINK5,ENSG00000133710
CYCSP12,ENSG00000224263
POLE4P1,ENSG00000226955
CDC42P7,ENSG00000237982
CATSPER1,ENSG00000175294
CCN6,ENSG00000112761
RFC3P1,ENSG00000236158
HSPA8P18,ENSG00000232953
COX6CP10,ENSG00000238008
HMGB3P12,ENSG00000237603
DICER1-AS1,ENSG00000235706
CDC45,ENSG00000093009
SDR9C7,ENSG00000170426
CNIH2,ENSG00000174871
CRB3P1,ENSG00000232563
MTARC2P1,ENSG00000232958
CNN2P6,ENSG00000213854
GZF1,ENSG00000125812
SLC22A13,ENSG00000172940
LINC02354,ENSG00000257488
RNU6-1203P,ENSG00000222635
ATP6V1FP2,ENSG00000226138
FOXN3-AS3,ENSG00000258752
MIR6505,ENSG00000275770
MIR3908,ENSG00000266655
SNORA9B,ENSG00000206897
RPS12P5,ENSG00000226216
RPL23AP38,ENSG00000184423
GTF2H3,ENSG00000111358
RHBDF1P1,ENSG00000234123
TMEM151A,ENSG00000179292
VENTXP4,ENSG00000230465
RPS24P8,ENSG00000224094
LINC02328,ENSG00000258733
CD248,ENSG00000174807
H3P11,ENSG00000230111
RPL31P18,ENSG00000213849
BRD9P1,ENSG00000254736
FKBP1A,ENSG00000088832
RBMS3-AS2,ENSG00000203506
RNU1-84P,ENSG00000202317
PACS1,ENSG00000175115
PRL,ENSG00000172179
APRG1,ENSG00000198590
HSPB1P1,ENSG00000236060
LINC02316,ENSG00000258912
C9orf57,ENSG00000204669
BTF3P4,ENSG00000224820
RNU2-5P,ENSG00000222465
RPL24P8,ENSG00000236801
PNN-AS1,ENSG00000259083
DPP3P2,ENSG00000221844
RNA5SP286,ENSG00000212454
ZNF652P1,ENSG00000235278
POU5F1,ENSG00000204531
LINC02320,ENSG00000258404
RORB,ENSG00000198963
PTPRG,ENSG00000144724
LINC00239,ENSG00000258512
LINC02300,ENSG00000258175
CST11,ENSG00000125831
GGT7,ENSG00000131067
LINC03042,ENSG00000196166
MIR4471,ENSG00000265599
RN7SKP249,ENSG00000202360
ZNNT1,ENSG00000261087
TRPM6,ENSG00000119121
DUXAP2,ENSG00000254063
NACA4P,ENSG00000228224
RN7SL563P,ENSG00000239211
ILF2P1,ENSG00000244226
GRHL2-DT,ENSG00000254024
DLEC1P1,ENSG00000230123
RPL7AP23,ENSG00000241367
LINC03144,ENSG00000255947
MIR611,ENSG00000284108
MIR1908,ENSG00000284416
MIR6746,ENSG00000277892
RNU6-1243P,ENSG00000200898
MYOD1,ENSG00000129152
RPS12P6,ENSG00000240752
CSNK2A2IP,ENSG00000283434
LY6K,ENSG00000160886
PROS2P,ENSG00000189002
KCNC1,ENSG00000129159
TCEAL8P1,ENSG00000271174
RPL10AP6,ENSG00000226360
RPL17P17,ENSG00000223409
MTCO2P6,ENSG00000240951
HNRNPA3P8,ENSG00000239699
HMGB1P38,ENSG00000243877
ICE2P2,ENSG00000242705
ID2B,ENSG00000237456
RPEP2,ENSG00000234158
SETP6,ENSG00000241319
CYP51A1P1,ENSG00000241095
RGS20,ENSG00000147509
KBTBD8,ENSG00000163376
NXPE2P1,ENSG00000255982
RN7SL828P,ENSG00000272075
HSPE1P18,ENSG00000255163
PPATP1,ENSG00000241293
MTMR2,ENSG00000087053
PDZRN3,ENSG00000121440
AZU1,ENSG00000278624
H3P25,ENSG00000275506
FAM81B,ENSG00000153347
PRTN3,ENSG00000277804
AR,ENSG00000169083
KMT2B,ENSG00000272333
GUSBP3,ENSG00000290471
RTRAFP2,ENSG00000225165
RNU6-308P,ENSG00000212259
GPR150,ENSG00000178015
RNU6-892P,ENSG00000222267
LZTS1,ENSG00000061337
DBIP2,ENSG00000251366
LINC01337,ENSG00000251221
PLPPR3,ENSG00000282283
CCDC88C-DT,ENSG00000258798
GTF2H2C_2,ENSG00000274675
MED16,ENSG00000282092
LINC02303,ENSG00000258616
LZTS1-AS1,ENSG00000253733
DDX4,ENSG00000152670
RNA5SP257,ENSG00000274467
SMILR,ENSG00000255364
RPL27P12,ENSG00000239215
CDK5P1,ENSG00000235165
HSPB8,ENSG00000152137
WASHC5-AS1,ENSG00000253167
RN7SL329P,ENSG00000242170
TRIB1,ENSG00000173334
TMEM183AP5,ENSG00000241776
RPL21P41,ENSG00000214560
FAM3D-AS1,ENSG00000244383
PSMC1P6,ENSG00000240255
OSBPL9P1,ENSG00000271389
SRRM1P2,ENSG00000242195
NDUFA5P5,ENSG00000242365
HYDINP1,ENSG00000242586
ADAMTS9-AS1,ENSG00000241158
LINC01111,ENSG00000254300
THEMIS,ENSG00000275122
ARHGAP5-AS1,ENSG00000258655
LINC03018,ENSG00000254139
MTFP1,ENSG00000242114
RARS1P1,ENSG00000257037
C12orf71BP,ENSG00000256056
REP15,ENSG00000174236
ELANE,ENSG00000277571
HMGB1P49,ENSG00000230519
IMPG2,ENSG00000081148
RN7SKP15,ENSG00000201612
LINC02323,ENSG00000259230
HMGA2-AS1,ENSG00000197301
PRR13P3,ENSG00000271412
OR5AK4P,ENSG00000283307
OR5AO1P,ENSG00000272676
OR5BP1P,ENSG00000273255
LRRC55,ENSG00000183908
MYOM1,ENSG00000101605
HMGA2-AS2,ENSG00000256083
MIR6074,ENSG00000276878
CFD,ENSG00000274619
RPL21P18,ENSG00000213343
RNA5SP362,ENSG00000251857
RN7SL69P,ENSG00000240533
ATP5MFP5,ENSG00000256103
RN7SL391P,ENSG00000265388
PRG3,ENSG00000156575
LNMICC,ENSG00000254027
MIR4496,ENSG00000284388
RNU7-169P,ENSG00000238457
LINC01559,ENSG00000180861
PKIA-AS1,ENSG00000254266
RNA5SP353,ENSG00000201476
RNU6-590P,ENSG00000201909
RN7SKP162,ENSG00000200475
DUSP15,ENSG00000149599
KERA,ENSG00000139330
TMPRSS3,ENSG00000160183
CLCN5,ENSG00000171365
LINC01603,ENSG00000253479
FKBP2,ENSG00000173486
MED13L,ENSG00000123066
MRPS17P3,ENSG00000239226
ATP6V1E1,ENSG00000131100
HSPE1P19,ENSG00000271024
LINC01588,ENSG00000214900
TUBBP11,ENSG00000243195
EZRP1,ENSG00000243635
LINC02070,ENSG00000241328
MTCO1P6,ENSG00000240309
ACTR3P3,ENSG00000242573
NDUFA4P2,ENSG00000236691
GUCA1C,ENSG00000138472
VPS13B-DT,ENSG00000253948
CDADC1,ENSG00000102543
RN7SKP30,ENSG00000223305
RNU6-276P,ENSG00000251923
EXOC1L,ENSG00000250821
ARMC10P1,ENSG00000178660
RNU6-652P,ENSG00000202358
KIF26B,ENSG00000281216
H3P12,ENSG00000230618
CCDC137P1,ENSG00000242609
FGF5,ENSG00000138675
BRD7P7,ENSG00000239288
RAP1BP2,ENSG00000214405
SSX2IPP1,ENSG00000240107
ZNF90P1,ENSG00000241738
OR7E126P,ENSG00000254593
LINC03024,ENSG00000289906
MIR6124,ENSG00000275373
COX6CP6,ENSG00000240156
RN7SKP47,ENSG00000202217
RPSAP75,ENSG00000270954
ST13P14,ENSG00000240959
RNU6-445P,ENSG00000252758
RNU1-91P,ENSG00000201616
TMEM158,ENSG00000249992
C9orf40,ENSG00000135045
OTUD6B-AS1,ENSG00000253738
SPMAP2L,ENSG00000249693
KRT8P35,ENSG00000242841
LINC02701,ENSG00000250508
MRGPRD,ENSG00000172938
UBE2Q2P9,ENSG00000244130
GAPDHP50,ENSG00000241861
RABGGTBP1,ENSG00000240751
ARFGEF1-DT,ENSG00000271966
ALG1L9P,ENSG00000254978
LCORLP1,ENSG00000240568
HMGB1P36,ENSG00000243873
DEFB108B,ENSG00000184276
GLDCP1,ENSG00000248590
RNA5SP342,ENSG00000252902
DEFB131B,ENSG00000225805
SPINK2,ENSG00000128040
NAIPP4,ENSG00000277219
NFYBP1,ENSG00000214380
CDH12P4,ENSG00000273935
GPR27,ENSG00000170837
DTD1,ENSG00000125821
LPXN,ENSG00000110031
DCAF12-AS1,ENSG00000228352
UBL5P3,ENSG00000240359
MTUS2,ENSG00000132938
CFAP44,ENSG00000206530
MIR4475,ENSG00000266255
MIR4540,ENSG00000264922
MIR4476,ENSG00000265368
CTBP1-DT,ENSG00000196810
LINC02975,ENSG00000224307
PPIAL4F,ENSG00000275974
LINC01503,ENSG00000233901
RNVU1-26,ENSG00000273990
RNVU1-2A,ENSG00000273757
SCN4B,ENSG00000177098
GALNTL6,ENSG00000174473
RNA5SP183,ENSG00000199322
HNRNPH1P3,ENSG00000248854
TMEM187,ENSG00000177854
ACTR5,ENSG00000101442
MTCYBP18,ENSG00000244921
MTND6P4,ENSG00000249119
ARHGAP33,ENSG00000004777
SLC46A3,ENSG00000139508
MTND5P11,ENSG00000248923
EGFL6,ENSG00000198759
MTND4P12,ENSG00000247627
MTND4LP30,ENSG00000198868
C9orf50,ENSG00000179058
MTND3P25,ENSG00000249192
CATSPER3,ENSG00000152705
MIR6755,ENSG00000283744
SETP17,ENSG00000255222
RN7SL225P,ENSG00000239856
CCDC81,ENSG00000149201
FRG1HP,ENSG00000276291
OR7E66P,ENSG00000243674
PPIAP15,ENSG00000244196
PGM5P2,ENSG00000277778
ZNF876P,ENSG00000198155
MORC1,ENSG00000114487
ZNF732,ENSG00000186777
FOXD4L6,ENSG00000273514
PTGIS,ENSG00000124212
ARF4P1,ENSG00000271525
PITX1,ENSG00000069011
LAGE3P1,ENSG00000225693
MIR571,ENSG00000207642
ZNF519P4,ENSG00000249025
STPG3-AS1,ENSG00000275549
LRCH2,ENSG00000130224
ZNF721,ENSG00000182903
PAICSP2,ENSG00000228595
MIR3910-1,ENSG00000266855
MIR3910-2,ENSG00000283351
IFNWP15,ENSG00000232281
IFNA4,ENSG00000236637
IFNWP9,ENSG00000226597
IFNA7,ENSG00000214042
IFNA10,ENSG00000186803
IFNWP18,ENSG00000223684
IFNA16,ENSG00000147885
KLHL9,ENSG00000198642
CYP1D1P,ENSG00000228024
FOXE1,ENSG00000178919
HEMGN,ENSG00000136929
NEUROG1,ENSG00000181965
LINC02866,ENSG00000253665
SLC25A48-AS1,ENSG00000251045
MIR5692C1,ENSG00000265924
NALCN,ENSG00000102452
GYPB,ENSG00000250361
XBP1,ENSG00000100219
SLC6A7,ENSG00000011083
RNU4-15P,ENSG00000199483
PRELID3B,ENSG00000101166
ARVCF,ENSG00000099889
LINC03062,ENSG00000237372
PTP4A1P6,ENSG00000254727
LINC02235,ENSG00000254689
PIGFP1,ENSG00000253869
GRM6,ENSG00000113262
ALG9-IT1,ENSG00000254450
ZFAND2AP1,ENSG00000243945
SRRM5,ENSG00000226763
GNG5P3,ENSG00000254949
MAGI1-IT1,ENSG00000272610
SPICE1-CFAP44,ENSG00000285943
CFAP68,ENSG00000137720
DOT1L-AS1,ENSG00000267122
MIR1227,ENSG00000221411
MIR6789,ENSG00000284129
AMH,ENSG00000104899
PDRG1,ENSG00000088356
RPL10P7,ENSG00000242052
KLHL4,ENSG00000102271
RPSAP29,ENSG00000244722
CCDC137P2,ENSG00000239350
COPS8P2,ENSG00000214552
HSPA8P9,ENSG00000241478
LINC02909,ENSG00000226397
MIR4321,ENSG00000284272
TRAT1,ENSG00000163519
UGT2B28,ENSG00000135226
RPL37AP8,ENSG00000176343
ZNF844,ENSG00000223547
LINC02065,ENSG00000248846
IMMP1LP1,ENSG00000270269
RN7SKP157,ENSG00000251983
RN7SL596P,ENSG00000264519
ATP5MGP1,ENSG00000256280
TTC23L,ENSG00000205838
SRP14P2,ENSG00000234106
CENPUP2,ENSG00000258546
PSTPIP2,ENSG00000152229
LINC02308,ENSG00000258675
HIGD1AP5,ENSG00000255254
MBD3L5,ENSG00000237247
RNU4-67P,ENSG00000201439
MRGPRX12P,ENSG00000254857
MRGPRX4,ENSG00000179817
FAM133GP,ENSG00000256079
MBD3L4,ENSG00000205718
TUBB4BP1,ENSG00000255988
GLTPP1,ENSG00000255138
MANSC4,ENSG00000205693
MBD3L2,ENSG00000230522
MRGPRX13P,ENSG00000254546
DNMT3B,ENSG00000088305
SAA2-SAA4,ENSG00000255071
FAHD2P1,ENSG00000257302
GZMH-AS1,ENSG00000258657
FOXN4,ENSG00000139445
TIMMDC1-DT,ENSG00000272662
ZNF208,ENSG00000160321
MAGI1-AS1,ENSG00000240175
RFKP2,ENSG00000239439
NPM1P17,ENSG00000242070
RPL27P9,ENSG00000236722
UGT2B25P,ENSG00000215110
BFSP2,ENSG00000170819
RNA5SP333,ENSG00000200336
OR7E5P,ENSG00000214880
OR5F1,ENSG00000149133
OR5F2P,ENSG00000182365
UGT2B24P,ENSG00000249956
S1PR5,ENSG00000180739
OR5J1P,ENSG00000181780
OR8I4P,ENSG00000254524
OR5BN2P,ENSG00000255140
OR8H3,ENSG00000181761
OR5BN1P,ENSG00000254848
RNU4-32P,ENSG00000200274
RN7SKP250,ENSG00000200794
KLK3,ENSG00000142515
OR8K4P,ENSG00000254947
RPLP0P8,ENSG00000244640
OR8K5,ENSG00000181752
UGT2A1,ENSG00000173610
RBFOX2,ENSG00000277564
RNF7,ENSG00000114125
OR5J7P,ENSG00000255217
KNTC1,ENSG00000184445
OR5J2,ENSG00000174957
OR8V1P,ENSG00000230213
OR4V1P,ENSG00000254841
LINC03093,ENSG00000254334
OR4P1P,ENSG00000188439
OR5D2P,ENSG00000254457
VN2R9P,ENSG00000236541
YY1-DT,ENSG00000258982
OR9L1P,ENSG00000255131
OR9I3P,ENSG00000272685
LINC00967,ENSG00000253138
MIR2277,ENSG00000284336
NPM1P27,ENSG00000249353
OR9I2P,ENSG00000186508
POU5F2,ENSG00000248483
OR5BL1P,ENSG00000272569
OR10Q1,ENSG00000180475
NR2F1,ENSG00000175745
MIR6128,ENSG00000274770
OR2A25,ENSG00000285496
TMEM108-AS1,ENSG00000251011
OR2A12,ENSG00000284949
OR2A2,ENSG00000285071
OR2A14,ENSG00000284891
CTAGE4,ENSG00000288370
DIMT1P1,ENSG00000271249
GM2AP1,ENSG00000241695
ARHGEF35,ENSG00000288422
HMGN2P25,ENSG00000228398
OR2A42,ENSG00000284836
PROK2,ENSG00000163421
MPST,ENSG00000128309
GREB1L,ENSG00000141449
OR2A7,ENSG00000284749
OR5BB1P,ENSG00000198261
CTAGE8,ENSG00000288181
DYNLT3,ENSG00000165169
OR4D8P,ENSG00000204989
CFAP299,ENSG00000197826
OR4D11,ENSG00000176200
OR4D7P,ENSG00000254770
OR2A1,ENSG00000285105
OR5B1P,ENSG00000233499
OR5B15P,ENSG00000273408
PALM2AKAP2-AS1,ENSG00000232939
TMEM230P2,ENSG00000238041
SOX14,ENSG00000168875
VPS13A-AS1,ENSG00000232998
ATP1B3-AS1,ENSG00000244124
SDHBP1,ENSG00000242222
ZNF354B,ENSG00000178338
RLIG1P2,ENSG00000244561
ARHGEF5,ENSG00000284933
PSMC1P1,ENSG00000241506
FKBP1AP4,ENSG00000282502
ZIC1,ENSG00000152977
FUT8-AS1,ENSG00000276116
NOBOX,ENSG00000285328
UNC5C,ENSG00000182168
LINC02290,ENSG00000258502
MIR210,ENSG00000199038
RNU1-39P,ENSG00000206624
PBX2P1,ENSG00000244171
RTL4,ENSG00000187823
HMGN1P10,ENSG00000244101
VN2R1P,ENSG00000174930
CASC19,ENSG00000254166
KCNAB1-AS1,ENSG00000242370
RAP2C,ENSG00000123728
PANO1,ENSG00000288675
RPL21P71,ENSG00000239412
LINC02547,ENSG00000254486
AFF4P1,ENSG00000249820
SLC9A9-AS1,ENSG00000240012
OR4A11P,ENSG00000254663
OR4A12P,ENSG00000254723
PPM1L,ENSG00000163590
OR4A9P,ENSG00000254891
OR4X7P,ENSG00000255077
OR2A5,ENSG00000284896
OR4A10P,ENSG00000255493
OR4A17P,ENSG00000255196
OR4A13P,ENSG00000181950
OR4A50P,ENSG00000255294
LHX2-AS1,ENSG00000236668
HIRA,ENSG00000100084
ELSPBP1,ENSG00000169393
OR10G6,ENSG00000198674
OR10G5P,ENSG00000226461
OR10G9,ENSG00000236981
FAM242E,ENSG00000229697
OR10D5P,ENSG00000213182
MIR130A,ENSG00000208009
MRE11P1,ENSG00000242537
MIR6748,ENSG00000284535
MIR6514,ENSG00000274066
LINC01500,ENSG00000258583
RNU6-118P,ENSG00000252361
RNU2-2,ENSG00000222328
SNORD22,ENSG00000277194
SNORD28,ENSG00000274544
SYNPR,ENSG00000163630
SNORD26,ENSG00000276788
SNORD25,ENSG00000275043
RCBTB1,ENSG00000136144
SLC6A19,ENSG00000174358
YPEL4,ENSG00000166793
PRR12,ENSG00000126464
RPL30P6,ENSG00000242936
TBCAP3,ENSG00000249055
FAM177A1P1,ENSG00000214886
RNU7-149P,ENSG00000252548
KANTR,ENSG00000232593
MIR3684,ENSG00000265213
ABT1P1,ENSG00000250496
CNTNAP2,ENSG00000278728
ADH4,ENSG00000198099
SLC6A18,ENSG00000164363
NAP1L2,ENSG00000186462
ZNF772,ENSG00000197128
NUP62CL,ENSG00000198088
UBE2R2-AS1,ENSG00000235481
RN7SKP243,ENSG00000199975
MIX23P5,ENSG00000256681
EMILIN2,ENSG00000132205
DPPA4P3,ENSG00000256189
LINC02010,ENSG00000242671
RNA5SP343,ENSG00000284736
MIR4457,ENSG00000263670
SSBL6P,ENSG00000244429
RN7SKP239,ENSG00000201684
LINC00639,ENSG00000259070
CLCF1,ENSG00000175505
MTCO3P38,ENSG00000242456
SLC9A9-AS2,ENSG00000244493
NPM1P28,ENSG00000240804
RPS6P4,ENSG00000244571
SIX5,ENSG00000177045
UBTD2P1,ENSG00000248374
RNF128,ENSG00000133135
MIR6075,ENSG00000273742
CDH12P1,ENSG00000254335
RNU6-1238P,ENSG00000253024
PTPRCAP,ENSG00000213402
ZNF814,ENSG00000204514
GPR152,ENSG00000175514
KLF7P1,ENSG00000240704
WDR70P1,ENSG00000241929
COX6CP5,ENSG00000254642
CASC23,ENSG00000255420
MIR218-1,ENSG00000207732
TUB-AS1,ENSG00000248332
TOMM22P6,ENSG00000241874
TRIM59-IFT80,ENSG00000248710
NRG1-IT3,ENSG00000254049
RN7SL351P,ENSG00000240098
RPL35AP26,ENSG00000243607
LINC02222,ENSG00000248717
HCAR2,ENSG00000182782
KIRREL3-AS1,ENSG00000257271
OR2AI1P,ENSG00000236791
HCAR3,ENSG00000255398
SNORD97,ENSG00000238622
LINC02752,ENSG00000254401
SLC25A5P3,ENSG00000292179
HCAR1,ENSG00000196917
LINC01445,ENSG00000292180
MTND3P7,ENSG00000240824
APLN,ENSG00000171388
CICP15,ENSG00000274553
MMACHCP1,ENSG00000237501
LARP7P4,ENSG00000244024
SPTBN4,ENSG00000160460
MTND6P3,ENSG00000254132
PRAF2,ENSG00000243279
HMGB1P42,ENSG00000254735
EEF1B2P8,ENSG00000230497
MTND5P12,ENSG00000251544
TBCEL-TECTA,ENSG00000285509
MTCYBP35,ENSG00000251340
NAMA,ENSG00000271086
MIR4304,ENSG00000265526
FSHB,ENSG00000131808
SI,ENSG00000090402
RPL7P18,ENSG00000243806
TAB3,ENSG00000157625
KIAA0825,ENSG00000185261
RHAG,ENSG00000112077
ANKRD33,ENSG00000167612
MIR3166,ENSG00000266581
GAPDHP70,ENSG00000249489
GRM5-AS1,ENSG00000255082
C1QTNF9,ENSG00000240654
SERPINB2,ENSG00000197632
LINC01608,ENSG00000253877
TRIO,ENSG00000038382
RNU6-574P,ENSG00000206992
TAMALIN,ENSG00000161835
LINC00588,ENSG00000282106
ABHD13,ENSG00000139826
LINC01606,ENSG00000282395
PRADX,ENSG00000235027
LINC00871,ENSG00000258700
IFT88,ENSG00000032742
NDP,ENSG00000124479
ACTN3-AS1,ENSG00000250105
MIR4487,ENSG00000264583
RN7SL652P,ENSG00000265559
RRAGAP1-AS1,ENSG00000258633
P4HA3-AS1,ENSG00000246211
HNRNPA1P40,ENSG00000212961
MIR548AL,ENSG00000264402
CYCSP27,ENSG00000255444
NR4A1AS,ENSG00000259884
LIPT2,ENSG00000175536
MTCP1,ENSG00000214827
CSTF1,ENSG00000101138
STAB2,ENSG00000136011
LINC00824,ENSG00000282114
RNA5SP341,ENSG00000252070
MIR7978,ENSG00000283281
RN7SKP259,ENSG00000222998
RN7SL605P,ENSG00000265566
RTN4RL2,ENSG00000186907
KCNIP4-IT1,ENSG00000280650
CHRNA9,ENSG00000174343
C6orf141,ENSG00000197261
MIR4789,ENSG00000285406
RNU6-1233P,ENSG00000285461
BAALC-AS1,ENSG00000247081
STEEP1,ENSG00000018610
UBE2L6,ENSG00000156587
H2AC13,ENSG00000196747
H2BC8,ENSG00000273802
PPP1R13B-DT,ENSG00000258735
H2BC13,ENSG00000185130
RNU7-74P,ENSG00000239010
RBM47-AS1,ENSG00000250893
H2BC7,ENSG00000277224
H2BC9,ENSG00000275713
H3C8,ENSG00000273983
MIR4802,ENSG00000263642
H4C5,ENSG00000276966
ADAMTS3,ENSG00000156140
TAAR5,ENSG00000135569
MAPRE2,ENSG00000166974
MYCT1,ENSG00000120279
LY6G6D,ENSG00000244355
ZKSCAN8P1,ENSG00000226314
BAALC-AS2,ENSG00000236939
RPS4XP13,ENSG00000240371
PPIAP42,ENSG00000213592
XKR4-AS1,ENSG00000254357
RN7SL846P,ENSG00000242818
SCN2B,ENSG00000149575
DRP2,ENSG00000102385
LINC01298,ENSG00000253351
ZNF603P,ENSG00000216901
HSD17B7P2,ENSG00000099251
ZKSCAN8P2,ENSG00000218016
ZNF251,ENSG00000278062
TOB2P1,ENSG00000176933
NKAPL,ENSG00000189134
VN1R11P,ENSG00000219770
RNU2-62P,ENSG00000222800
H2AC12,ENSG00000274997
MIR3143,ENSG00000265565
RPL10P2,ENSG00000174572
CDCA7P1,ENSG00000270935
POM121L2,ENSG00000158553
OR10AE3P,ENSG00000272837
PSMB3P1,ENSG00000258907
VN1R10P,ENSG00000220758
MCFD2P1,ENSG00000237154
NUBPL-DT,ENSG00000257155
HNRNPA1P1,ENSG00000218347
CD83P1,ENSG00000219738
LINC02306,ENSG00000257986
RNU6-471P,ENSG00000206671
OR8G3,ENSG00000255425
TAF8,ENSG00000137413
CCNYL2,ENSG00000182632
C11orf71,ENSG00000180425
SPRING1,ENSG00000111412
GALNT16-AS1,ENSG00000258957
AFP,ENSG00000081051
BMS1P2,ENSG00000251079
TECTA,ENSG00000109927
SPATA16,ENSG00000144962
RNU6-558P,ENSG00000201382
HRK,ENSG00000135116
ZNF726,ENSG00000213967
FAM21FP,ENSG00000237840
LINC01551,ENSG00000186960
MAMDC2-AS1,ENSG00000204706
OR6C70,ENSG00000184954
OR6C68,ENSG00000205327
OR6C64P,ENSG00000234670
FAM238C,ENSG00000283709
SAMSN1,ENSG00000155307
RPL31P10,ENSG00000213942
FAM25EP,ENSG00000231122
SRP14P1,ENSG00000224906
TBC1D8B,ENSG00000133138
ZNF626,ENSG00000188171
VAMP1-AS1,ENSG00000276718
FAM25BP,ENSG00000273225
RNU6-343P,ENSG00000201579
SNORD59A,ENSG00000207031
MECOM-AS1,ENSG00000241479
LINC00993,ENSG00000235687
RN7SL809P,ENSG00000241217
NAP1L5P1,ENSG00000231384
MCUR1P2,ENSG00000242326
MTND4P17,ENSG00000242178
LINC03133,ENSG00000253281
ZNF99,ENSG00000213973
MIR6131,ENSG00000277073
RPL30P7,ENSG00000244361
PPIAP74,ENSG00000220343
CTSLP3,ENSG00000280913
LINC02281,ENSG00000257748
GLUD1P2,ENSG00000265366
PMCHL1,ENSG00000168967
KRT18P35,ENSG00000215606
CCNYL4,ENSG00000224761
NBPF22P,ENSG00000205449
TMEM38BP1,ENSG00000238026
IGFL4,ENSG00000204869
SNX19,ENSG00000120451
PPEF2,ENSG00000156194
RPL19P6,ENSG00000233597
MIR3198-2,ENSG00000283803
RN7SL390P,ENSG00000241785
IGFL1P1,ENSG00000268879
RNU6-950P,ENSG00000207381
UBE2V1P2,ENSG00000214192
RPL12P41,ENSG00000269637
MIR148B,ENSG00000199122
RN7SL744P,ENSG00000264028
SCARNA10,ENSG00000239002
ATP5MC1P4,ENSG00000227440
LINC02282,ENSG00000257056
YWHAQP6,ENSG00000249986
MBD3L3,ENSG00000182315
TBPL1P1,ENSG00000224611
PTPN20CP,ENSG00000278561
CEP192P1,ENSG00000283559
NAALADL2,ENSG00000177694
SHLD2P1,ENSG00000165874
OR2Z1,ENSG00000181733
TOMM20L-DT,ENSG00000258658
SIMC1P1,ENSG00000246596
OR7G2,ENSG00000170923
PARGP1,ENSG00000239883
SVIL2P,ENSG00000234814
OR4F17,ENSG00000176695
PSMA3-AS1,ENSG00000257621
SCARNA11,ENSG00000251898
FAM21EP,ENSG00000235618
SERPINB3,ENSG00000057149
PFDN4,ENSG00000101132
SDHAP3,ENSG00000185986
MIR7851,ENSG00000278520
SNORA74,ENSG00000252917
GLUD1P3,ENSG00000250959
CACNA1B-AS2,ENSG00000203987
RNU6-249P,ENSG00000199886
IGFL2,ENSG00000204866
FAM242D,ENSG00000231248
BMS1P1,ENSG00000204177
RN7SKP197,ENSG00000252886
PRKAB1,ENSG00000111725
SVIL-AS1,ENSG00000224597
CFAP95-DT,ENSG00000225626
TIMM23B-AGAP6,ENSG00000178440
ZNF300P1,ENSG00000197083
SEPTIN14P5,ENSG00000250765
GTF2H2B,ENSG00000226259
ABLIM2,ENSG00000163995
RNY3P15,ENSG00000252106
C6orf163,ENSG00000203872
ERVV-1,ENSG00000269526
CLEC4G,ENSG00000182566
AGAP6,ENSG00000204149
SLC31A1P1,ENSG00000224426
TPT1P3,ENSG00000241899
MTND4LP10,ENSG00000240084
RTL3,ENSG00000179300
BZW1P1,ENSG00000236686
LINC02006,ENSG00000238755
GJB1,ENSG00000169562
RPS17P10,ENSG00000235110
HNRNPA1P20,ENSG00000205412
FLJ46284,ENSG00000248858
ST13P16,ENSG00000218698
NANOS3,ENSG00000187556
RNU6-444P,ENSG00000206715
NAALADL2-AS2,ENSG00000226779
TSHR-AS1,ENSG00000284959
RAET1E,ENSG00000164520
ZNF106,ENSG00000103994
MIR1178,ENSG00000283768
CABP4,ENSG00000175544
RPL35AP30,ENSG00000226729
RNA5SP370,ENSG00000199415
RPL18AP3,ENSG00000213442
EID3,ENSG00000255150
ATP8B3,ENSG00000130270
RNFT2,ENSG00000135119
FAM225B,ENSG00000225684
NAIPP1,ENSG00000250687
MECOM,ENSG00000085276
WSPAR,ENSG00000249073
MIR6503,ENSG00000275344
TSSK1B,ENSG00000212122
MS4A13,ENSG00000204979
ESDP1,ENSG00000219314
LINC02846,ENSG00000260193
RNU4ATAC13P,ENSG00000251741
RPL7P26,ENSG00000184612
FOS-AS1,ENSG00000258740
RNU6-190P,ENSG00000206881
MIR4295,ENSG00000264763
MCC,ENSG00000171444
PHACTR1,ENSG00000112137
POF1B,ENSG00000124429
LINC00640,ENSG00000258479
RNA5SP152,ENSG00000202054
VAMP1,ENSG00000139190
WDR5-DT,ENSG00000273249
RPPH1-3P,ENSG00000252350
DUX4L7,ENSG00000281652
DUX4L6,ENSG00000281058
MMP10,ENSG00000166670
COL13A1,ENSG00000197467
DUX4L5,ENSG00000280799
DUX4L4,ENSG00000258834
B4GALT1-AS1,ENSG00000233554
DUX4L1,ENSG00000280757
DUX4L3,ENSG00000281627
LINC01220,ENSG00000259687
LDLRAD4,ENSG00000168675
RNF212,ENSG00000178222
LRRC75B,ENSG00000178026
KRT8P26,ENSG00000214659
LINC00519,ENSG00000258955
OLIG2,ENSG00000205927
CFL1,ENSG00000172757
RIPPLY2,ENSG00000203877
RNU6-1009P,ENSG00000212298
RNU5A-7P,ENSG00000251788
ATP6V1E1P3,ENSG00000256293
FLRT2-AS1,ENSG00000205562
SNORD83,ENSG00000223294
MIR548Z,ENSG00000266016
DDX18P4,ENSG00000251553
MIR548C,ENSG00000207546
CSNK1A1P3,ENSG00000250162
RNU6-402P,ENSG00000222610
SLC37A1,ENSG00000160190
RERGL,ENSG00000111404
PEX26,ENSG00000215193
LINC00911,ENSG00000259107
HCN2,ENSG00000099822
CCHCR1,ENSG00000204536
CSNK1A1,ENSG00000113712
RNU6-188P,ENSG00000201077
MYEF2,ENSG00000104177
GPR174,ENSG00000147138
LINC02286,ENSG00000258098
VGLL1,ENSG00000102243
FGF22,ENSG00000070388
TSPAN16,ENSG00000130167
C4orf50,ENSG00000181215
RNU6-284P,ENSG00000223037
CHORDC1P3,ENSG00000248162
SMIM31,ENSG00000248771
TUBB4BP4,ENSG00000254961
VCF2,ENSG00000182518
BNIP3P41,ENSG00000248302
RPS3AP42,ENSG00000244244
LINC02746,ENSG00000282916
AIDAP2,ENSG00000251429
SNRPGP16,ENSG00000255287
ZEB2P1,ENSG00000249506
MTNR1B,ENSG00000134640
CIBAR1P2,ENSG00000230219
CCDC117,ENSG00000159873
RPL26P31,ENSG00000242807
PPFIA2,ENSG00000139220
HSP90AA6P,ENSG00000181359
WDR5CP,ENSG00000293167
MMP1,ENSG00000196611
SLED1,ENSG00000293200
RPL32P34,ENSG00000239524
RTEL1P1,ENSG00000251441
PSPN,ENSG00000125650
RENBP,ENSG00000102032
KHSRP,ENSG00000088247
MRPL42P1,ENSG00000178636
LINC01629,ENSG00000258602
IADEN,ENSG00000253507
GUSBP5,ENSG00000236296
SYT14P1,ENSG00000215127
FTLP10,ENSG00000250426
RPSAP36,ENSG00000243175
ABCA11P,ENSG00000251595
RPL12P30,ENSG00000242353
RPS3AP41,ENSG00000239481
SNRPCP14,ENSG00000254805
LINC00645,ENSG00000258548
PATE1,ENSG00000171053
PCNAP1,ENSG00000249065
CETN4P,ENSG00000224786
TMED11P,ENSG00000215367
PATE2,ENSG00000196844
TOB2,ENSG00000183864
SORCS2,ENSG00000184985
PRMT5-AS1,ENSG00000237054
RALBP1,ENSG00000017797
RN7SL525P,ENSG00000264910
MIR6807,ENSG00000275924
LRFN3,ENSG00000126243
PATE3,ENSG00000236027
SIPA1L1-AS1,ENSG00000259146
OR2W1,ENSG00000226463
COG6,ENSG00000133103
PATE4,ENSG00000237353
SDHAF1,ENSG00000205138
TRIM27,ENSG00000234495
ALDH1A2-AS1,ENSG00000259285
LINC03090,ENSG00000253355
NIPSNAP1,ENSG00000184117
MTCO3P23,ENSG00000259651
EVA1CP2,ENSG00000271977
RPL29P14,ENSG00000241112
MTND3P12,ENSG00000259626
PGRMC1,ENSG00000101856
UNC13A,ENSG00000130477
FAM86EP,ENSG00000251669
LINC03136,ENSG00000260209
RNU6-429P,ENSG00000207312
MIR6499,ENSG00000276622
UBQLN1-AS1,ENSG00000254473
RN7SL177P,ENSG00000242976
MTND5P32,ENSG00000259379
NAP1L1P1,ENSG00000254759
MTCYBP23,ENSG00000259671
MTND2P31,ENSG00000251252
RNU4-86P,ENSG00000222067
C9orf78P2,ENSG00000224569
EIF5A2P1,ENSG00000260576
GRIA1,ENSG00000155511
RNU2-65P,ENSG00000222094
LINC01085,ENSG00000248698
TMEM132A,ENSG00000006118
LINC02277,ENSG00000258487
LINC03044,ENSG00000253395
FGF13,ENSG00000129682
RPL22P13,ENSG00000242670
IFITM3P1,ENSG00000236562
MIR1269A,ENSG00000221563
RPS23P3,ENSG00000244099
RN7SL205P,ENSG00000241392
ELL2P2,ENSG00000251051
LINC01256,ENSG00000251398
HCG14,ENSG00000234411
AARS1P1,ENSG00000249038
PRRX2-AS1,ENSG00000236024
ZNF311,ENSG00000225351
RNU6-933P,ENSG00000207153
LINC02954,ENSG00000256733
OR7E117P,ENSG00000238161
UBR5-DT,ENSG00000246263
CHRNA10,ENSG00000129749
LINC01623,ENSG00000272857
LINC01015,ENSG00000235788
RN7SKP35,ENSG00000253019
LINC03047,ENSG00000253633
OR2B3,ENSG00000233054
HCG22,ENSG00000228147
VEGFC,ENSG00000150630
DDX5P1,ENSG00000236241
SLC35A2,ENSG00000102100
CHST2,ENSG00000175040
LNCOC1,ENSG00000253741
LST1,ENSG00000235915
RNU6-1143P,ENSG00000251934
RNU7-50P,ENSG00000238304
SH3BP1,ENSG00000100092
MIR4687,ENSG00000284525
PPIAP40,ENSG00000230593
RNASE2CP,ENSG00000136315
HNRNPA1P76,ENSG00000255141
RPL7AP25,ENSG00000235294
RPS29P20,ENSG00000240385
RN7SKP136,ENSG00000222859
RRM1-AS1,ENSG00000255276
RNA5SP172,ENSG00000201931
RNU1-45P,ENSG00000253000
LINC01014,ENSG00000223941
RNA5SP169,ENSG00000253077
TEAD1,ENSG00000187079
SCPPPQ1,ENSG00000272856
INSL3,ENSG00000248099
LINC02834,ENSG00000285686
LINC01618,ENSG00000250302
ACTG1P23,ENSG00000230362
RPL28P1,ENSG00000213174
MTCH2P1,ENSG00000243886
RASA2-IT1,ENSG00000250170
PCBP2P4,ENSG00000270981
GDF15,ENSG00000130513
EIF2AK1P1,ENSG00000242479
RPL32P8,ENSG00000240246
NGRNP1,ENSG00000214210
WWTR1-IT1,ENSG00000241985
PPBP,ENSG00000163736
LINC01269,ENSG00000258689
GHSR,ENSG00000121853
MRPS36P2,ENSG00000249539
SNRNP40P1,ENSG00000227709
RNU7-192P,ENSG00000252275
LYPD3,ENSG00000124466
NDUFB4P1,ENSG00000242510
RPSAP35,ENSG00000237684
GPR149,ENSG00000174948
NT5C3AP1,ENSG00000213492
CHIC2,ENSG00000109220
RPL21P42,ENSG00000240068
PAQR9-AS1,ENSG00000241570
GSDMD,ENSG00000278718
LINC00648,ENSG00000259129
ZNF541,ENSG00000118156
SHANK2-AS3,ENSG00000171671
VLDLR-AS1,ENSG00000236404
EI24P1,ENSG00000236357
GSX2,ENSG00000180613
MIR3664,ENSG00000263744
PPIAP75,ENSG00000271131
ADIPOQ-AS1,ENSG00000226482
RPS28P7,ENSG00000227097
SETP14,ENSG00000240489
FAM181B,ENSG00000182103
OPA1-AS1,ENSG00000224855
RBMXP3,ENSG00000255063
CLSTN2,ENSG00000158258
EIF2S2P6,ENSG00000254441
HERC3,ENSG00000287542
RPL7AP54,ENSG00000242279
ST3GAL1-DT,ENSG00000261220
RNU6-33P,ENSG00000207524
DIP2A,ENSG00000160305
NAP1L5,ENSG00000177432
SNORA70E,ENSG00000207221
LINC02951,ENSG00000255503
FAM13A-AS1,ENSG00000248019
COX5BP4,ENSG00000255010
WBP1LP10,ENSG00000253826
OR4F2P,ENSG00000224777
CICP23,ENSG00000270921
RNU6-447P,ENSG00000222225
SCGB1C1,ENSG00000188076
LINC02435,ENSG00000251526
NARS1,ENSG00000134440
LINC01091,ENSG00000249464
NMNAT1P3,ENSG00000238077
MIR6743,ENSG00000283920
RN7SL322P,ENSG00000276588
NLRP6,ENSG00000174885
NFILZ,ENSG00000268480
OR11A1,ENSG00000204694
OXA1L-DT,ENSG00000258458
EEF1A1P45,ENSG00000244503
NKPD1,ENSG00000179846
WWTR1-AS1,ENSG00000241313
HLA-H,ENSG00000231904
PPIAP59,ENSG00000228674
FRMD1,ENSG00000153303
SIGLEC14,ENSG00000254415
DNAJC13,ENSG00000138246
IFITM5,ENSG00000206013
LINC02844,ENSG00000253679
LINC02332,ENSG00000259054
RN7SL838P,ENSG00000243562
SPC24,ENSG00000161888
OR8R1P,ENSG00000256347
SF3A3P2,ENSG00000254449
RNU1-21P,ENSG00000200197
OR6M3P,ENSG00000254430
KPNA3,ENSG00000102753
DLG2-AS2,ENSG00000255311
NALT1,ENSG00000237886
SLCO5A1-AS1,ENSG00000246528
DIO2-AS1,ENSG00000258766
LDHAL6DP,ENSG00000250257
HNRNPA1P72,ENSG00000254713
LOXL2-AS1,ENSG00000253837
HNRNPCP6,ENSG00000213305
LINC02292,ENSG00000258630
KLK4,ENSG00000167749
RNU6-1292P,ENSG00000206583
TMEM126B,ENSG00000171204
ZC3H3,ENSG00000282684
PPIAP76,ENSG00000250484
DESI1,ENSG00000100418
PYCR3,ENSG00000276657
LINC01467,ENSG00000258977
PGBD4P3,ENSG00000249834
SPINK7,ENSG00000145879
UGDH-AS1,ENSG00000249348
SMIM14-DT,ENSG00000255458
MICG,ENSG00000235714
SPINK9,ENSG00000204909
RHOBTB2-AS1,ENSG00000245025
SNAP29,ENSG00000099940
HCG15,ENSG00000224642
ZHX2-AS1,ENSG00000272384
CCDC192,ENSG00000230561
TRIM31-AS1,ENSG00000235722
TNF,ENSG00000228978
TMEM47,ENSG00000147027
KCNN2,ENSG00000080709
LINC00587,ENSG00000204250
MOG,ENSG00000234096
ZNF674,ENSG00000251192
EEF1D,ENSG00000273594
CCDC89,ENSG00000179071
FAM242F,ENSG00000275239
LINC02498,ENSG00000283083
RNU6-126P,ENSG00000252494
MIR8061,ENSG00000277636
VN1R105P,ENSG00000242856
RPL21P95,ENSG00000241782
MAL2-AS1,ENSG00000253972
ALG1L15P,ENSG00000242017
TPRG1-AS2,ENSG00000230115
KCTD14-AS2,ENSG00000254829
GPR166P,ENSG00000220349
SLCO3A1,ENSG00000176463
KCTD14,ENSG00000151364
TRIM42,ENSG00000155890
RN7SKP89,ENSG00000222706
COX6A1P2,ENSG00000226976
LINC01957,ENSG00000251542
TMEM217,ENSG00000172738
SPATA9,ENSG00000145757
LACTB2-AS1,ENSG00000246366
MAP3K9-DT,ENSG00000259153
NDUFC2-KCTD14,ENSG00000259112
PAGE2B,ENSG00000238269
KLHL6,ENSG00000172578
LNCPRESS2,ENSG00000249152
ADA,ENSG00000196839
EI24P6,ENSG00000271413
LINC01209,ENSG00000228308
RPL21P94,ENSG00000241678
XPNPEP2,ENSG00000122121
DCHS1,ENSG00000166341
HSPD1P11,ENSG00000251348
PAPOLA-DT,ENSG00000260806
IFT74-AS1,ENSG00000234676
HLFP1,ENSG00000218194
MIR9-2,ENSG00000284447
CCNG1P1,ENSG00000218991
LINC02218,ENSG00000249662
PENK-AS1,ENSG00000254254
TM9SF2,ENSG00000125304
H3Y2,ENSG00000268799
ADAMTS9,ENSG00000163638
H3P17,ENSG00000248205
VNN2,ENSG00000112303
H3P19,ENSG00000271296
H3P20,ENSG00000250351
DUXAP6,ENSG00000258726
LINC01474,ENSG00000236849
H3Y1,ENSG00000269466
NPM1P5,ENSG00000258925
H3P22,ENSG00000250715
ENO1P2,ENSG00000258739
SPOCK1,ENSG00000152377
NOX5,ENSG00000255346
OMP,ENSG00000254550
GTF2A1-AS1,ENSG00000273783
MIR1260B,ENSG00000266192
RNA5SP346,ENSG00000200411
MIR874,ENSG00000216009
ELOBP2,ENSG00000255262
MIR3655,ENSG00000284325
RPL34P21,ENSG00000244451
RNA5SP330,ENSG00000252905
C11orf16,ENSG00000176029
SNHG10,ENSG00000247092
ANKRD33B,ENSG00000164236
ANKRD33B-AS1,ENSG00000250106
ZFP92,ENSG00000189420
LINC03020,ENSG00000253967
LINC01098,ENSG00000231171
GATA6,ENSG00000141448
SLIT3,ENSG00000184347
MIR5691,ENSG00000264984
KRT8P41,ENSG00000213538
HSD17B3-AS1,ENSG00000232283
NRK,ENSG00000123572
PRR13P2,ENSG00000254884
SNORA23,ENSG00000201998
TMEM246-AS1,ENSG00000225376
PGA3,ENSG00000229859
FAM87A,ENSG00000182366
RPL29P30,ENSG00000235420
WHAMMP1,ENSG00000223509
HMGN2P46,ENSG00000179362
UBE2D3-AS1,ENSG00000246560
ACTG1P17,ENSG00000259315
LINC00964,ENSG00000249816
CSNK1A1P1,ENSG00000223518
ZSCAN5B,ENSG00000197213
H2AZ2P1,ENSG00000258741
ANP32BP1,ENSG00000259790
ALAS2,ENSG00000158578
CEACAM18,ENSG00000213822
ZNF396,ENSG00000186496
TRCG1P,ENSG00000260660
LINC01396,ENSG00000273396
MIR5196,ENSG00000284034
ETV2,ENSG00000105672
GALNT7-DT,ENSG00000245213
MIA2-AS1,ENSG00000258940
MIR184,ENSG00000207695
HNRNPCP3,ENSG00000259419
ANKRD34C,ENSG00000235711
LINC02321,ENSG00000258884
RBM11P1,ENSG00000271488
PGA5,ENSG00000256713
C6orf132,ENSG00000188112
RYR3,ENSG00000198838
CEP76,ENSG00000101624
PDCL3P5,ENSG00000213089
ARL4AP5,ENSG00000218996
LINC03003,ENSG00000226799
RNU6-302P,ENSG00000202119
ZFP57,ENSG00000227858
DDX50P2,ENSG00000240048
RPL19P2,ENSG00000229863
KCNAB1-AS2,ENSG00000240596
MAB21L1,ENSG00000180660
ARMC12,ENSG00000157343
MTAPP2,ENSG00000230077
LINC02305,ENSG00000258532
GK5,ENSG00000175066
SAP30-DT,ENSG00000272870
RNASEH2B,ENSG00000136104
UPK1A,ENSG00000105668
SLIT3-AS2,ENSG00000254042
MIR218-2,ENSG00000207739
HLA-G,ENSG00000276051
MIR585,ENSG00000207619
SMIM23,ENSG00000185662
RNU6-9,ENSG00000207507
SELENOP,ENSG00000250722
LINC01147,ENSG00000258826
LINC02353,ENSG00000251329
CMPK1P1,ENSG00000220734
CLPSL1,ENSG00000204140
ARSF,ENSG00000062096
LHFPL5,ENSG00000197753
PPM1K-DT,ENSG00000246375
DDX39BP1,ENSG00000235697
HCG4P8,ENSG00000277480
DHX16,ENSG00000227222
DUSP22,ENSG00000112679
CGB1,ENSG00000267631
LRRC10B,ENSG00000204950
TMPRSS9,ENSG00000178297
MIR6747,ENSG00000276102
MTA2,ENSG00000149480
HLA-K,ENSG00000233964
OR2N1P,ENSG00000229040
HSPA1B,ENSG00000232804
GABBR1,ENSG00000232569
XAGE1B,ENSG00000204382
KLF3P2,ENSG00000241879
FBXO45,ENSG00000174013
ZNF101,ENSG00000181896
NPY2R-AS1,ENSG00000250538
IGF2BP2-AS1,ENSG00000163915
NAPG,ENSG00000134265
PPIAP77,ENSG00000249092
PRELID3BP4,ENSG00000251163
CBX3P3,ENSG00000250045
RNU6-482P,ENSG00000212370
MIR6831,ENSG00000283717
RPS29P3,ENSG00000225770
PYDC2,ENSG00000253548
KCNIP1,ENSG00000182132
RBM12B-DT,ENSG00000253848
RNF168,ENSG00000163961
PNPLA5,ENSG00000100341
CRADDP1,ENSG00000239706
ROM1,ENSG00000149489
CUL4B,ENSG00000158290
MB21D2,ENSG00000180611
ZNF14,ENSG00000105708
ATP13A5-AS1,ENSG00000236508
ENAHP1,ENSG00000214147
DTWD1P2,ENSG00000243518
OPA3,ENSG00000125741
PLCH1-AS1,ENSG00000239508
SLIT2-IT1,ENSG00000248228
RPS27AP8,ENSG00000237483
RPL6P7,ENSG00000239212
INTS5,ENSG00000185085
GMNC,ENSG00000205835
MIR330,ENSG00000284544
TMEM184C-DT,ENSG00000251298
ADORA2A,ENSG00000128271
JAK3,ENSG00000105639
C11orf98,ENSG00000278615
LINC02507,ENSG00000251688
RPL7AP24,ENSG00000241307
PRICKLE1P1,ENSG00000243584
NAA50P2,ENSG00000213358
KCNIP1-AS1,ENSG00000253591
SNORA57,ENSG00000206597
HNRNPUL2-BSCL2,ENSG00000234857
RN7SL623P,ENSG00000244501
SNHG8,ENSG00000269893
ETV5-AS1,ENSG00000234197
GAPDHP47,ENSG00000243033
PLCXD3,ENSG00000182836
ST13P15,ENSG00000243759
RBM43P1,ENSG00000239263
VEZF1P1,ENSG00000236229
MSC-AS1,ENSG00000235531
RPL6P15,ENSG00000240611
RNU6-1194P,ENSG00000252017
MIR1289-2,ENSG00000221287
RN7SKP144,ENSG00000223040
RNU4ATAC17P,ENSG00000253081
RNU6-905P,ENSG00000207163
RN7SL147P,ENSG00000263988
RN7SL120P,ENSG00000244169
PLAC8L1,ENSG00000173261
MIR4791,ENSG00000271898
MIR3135A,ENSG00000266745
RIMS1,ENSG00000079841
RN7SL259P,ENSG00000241082
RPL7P39,ENSG00000243020
RNU4-85P,ENSG00000201545
RNU6-822P,ENSG00000199577
RNU6ATAC42P,ENSG00000221564
MIR466,ENSG00000265376
TP53AIP1,ENSG00000120471
MIR548AY,ENSG00000276147
RNU6-166P,ENSG00000207099
RNU6-815P,ENSG00000206807
APOOP3,ENSG00000255700
RNU6-243P,ENSG00000212442
RNA5SP127,ENSG00000222983
MIR128-2,ENSG00000207625
RNU6-235P,ENSG00000199514
MIR4272,ENSG00000283298
RNA5SP134,ENSG00000252301
RN7SL647P,ENSG00000243957
RNU7-119P,ENSG00000239119
RNU2-10P,ENSG00000252184
RN7SKP284,ENSG00000222934
RPL35AP16,ENSG00000239602
RNU6-739P,ENSG00000212340
RN7SL271P,ENSG00000239250
RPL35AP17,ENSG00000239317
RNU6-281P,ENSG00000206939
RN7SL751P,ENSG00000240964
RNU6-873P,ENSG00000200703
MIR3923,ENSG00000265193
RNU6-927P,ENSG00000252008
RNU2-28P,ENSG00000222389
MIR5188,ENSG00000265345
RN7SKP61,ENSG00000222574
TAF4B,ENSG00000141384
RNU6-1129P,ENSG00000251773
MIR548AB,ENSG00000265328
RNU6-1236P,ENSG00000252889
RNU6ATAC15P,ENSG00000221206
RPL35AP29,ENSG00000244540
RNU6-712P,ENSG00000222490
MIR4445,ENSG00000265956
RNU6-461P,ENSG00000201065
RNU1-43P,ENSG00000201922
MIR567,ENSG00000207940
RNU7-180P,ENSG00000238374
RNA5SP377,ENSG00000212154
RPS6P21,ENSG00000243499
MIR7110,ENSG00000284421
SFSWAP-AS1,ENSG00000255933
RNU6-1284P,ENSG00000200571
DEUP1,ENSG00000165325
RNA5SP142,ENSG00000201325
RNA5SP378,ENSG00000200516
RNU6-1017P,ENSG00000200483
ABLIM3,ENSG00000173210
RNU6-509P,ENSG00000200389
RN7SL715P,ENSG00000272096
RNA5SP144,ENSG00000222778
RNU6-425P,ENSG00000206604
RN7SKP46,ENSG00000251751
RNU6-1294P,ENSG00000251804
RNU1-100P,ENSG00000202125
RN7SKP177,ENSG00000222499
RNU6-1098P,ENSG00000252581
RNU7-82P,ENSG00000238924
MIR569,ENSG00000207963
RNU6-547P,ENSG00000252082
MIR6763,ENSG00000277052
MIR1263,ENSG00000221251
MIR7977,ENSG00000283333
SNORA63D,ENSG00000201229
RN7SKP40,ENSG00000253020
RNU6-486P,ENSG00000199986
RNU6-505P,ENSG00000207156
RNU1-70P,ENSG00000199488
MIR944,ENSG00000216058
RNA5SP147,ENSG00000252302
EVA1C,ENSG00000166979
RNU4-4P,ENSG00000201458
P2RX2,ENSG00000187848
SNORA68,ENSG00000207166
RNU4-91P,ENSG00000201648
SNORA63E,ENSG00000199363
RNU6-1317P,ENSG00000201452
SLC5A5,ENSG00000105641
RNA5SP146,ENSG00000222675
RNA5SP148,ENSG00000252336
RNU6-1109P,ENSG00000212489
RN7SL141P,ENSG00000243398
GMFBP1,ENSG00000243495
LINC01613,ENSG00000261432
DENND3-AS1,ENSG00000253210
ABRAXAS1P1,ENSG00000213431
RNU6-865P,ENSG00000201642
ZRANB1,ENSG00000019995
UBQLN4P1,ENSG00000241627
B4GALT5,ENSG00000158470
MED28P2,ENSG00000240511
POU5F1P6,ENSG00000242551
BMPR1B-DT,ENSG00000249599
MIR4296,ENSG00000264572
MARK2P8,ENSG00000239503
CBX5P1,ENSG00000241535
MRPS21P6,ENSG00000214298
ABCF2P1,ENSG00000242159
PPP1R3C,ENSG00000119938
FAM136CP,ENSG00000232830
IFIT5,ENSG00000152778
BTF3P16,ENSG00000282978
MRGPRX3,ENSG00000179826
PCNP,ENSG00000081154
OR5AN1,ENSG00000176495
RN7SL847P,ENSG00000265319
TPST2,ENSG00000128294
NUDT9P1,ENSG00000234043
OR51L1,ENSG00000176798
C10orf90,ENSG00000154493
OR8D4,ENSG00000181518
OR4S2,ENSG00000174982
RPS18P5,ENSG00000242299
RPL32P7,ENSG00000243396
OR4C6,ENSG00000181903
RNU6-1256P,ENSG00000252348
RNY1P12,ENSG00000201121
RBM12,ENSG00000244462
HMGB3P14,ENSG00000231845
OR8H2,ENSG00000181767
MAPK15,ENSG00000274205
HMGN1P9,ENSG00000248377
HMGB3P13,ENSG00000214288
DPPA4P2,ENSG00000249691
OR4D9,ENSG00000172742
RNU6-1174P,ENSG00000253087
RNA5SP141,ENSG00000201413
CYCSP11,ENSG00000229217
OR52N5,ENSG00000181009
FANCD2OS,ENSG00000163705
LINC00293,ENSG00000253314
OR56A4,ENSG00000183389
OR52A5,ENSG00000171944
OR8D1,ENSG00000196341
OR5B3,ENSG00000172769
OR52A1,ENSG00000182070
RSPO4,ENSG00000101282
OR5A2,ENSG00000172324
LINC00852,ENSG00000231177
NPM1P24,ENSG00000215086
RPL17P50,ENSG00000213700
GHRLOS,ENSG00000240288
OR10G7,ENSG00000182634
HTR7,ENSG00000148680
OR52N1,ENSG00000181001
OR5B2,ENSG00000172365
MIR378B,ENSG00000264534
OR8B8,ENSG00000197125
FIBCD1-AS1,ENSG00000236658
SEMG1,ENSG00000124233
MIR425,ENSG00000199032
MIR191,ENSG00000207605
RPL36AP50,ENSG00000243494
SNTN,ENSG00000188817
FAM88C,ENSG00000204802
CASP4,ENSG00000196954
NUTM2HP,ENSG00000232706
FAM83H,ENSG00000273889
MATN4,ENSG00000124159
PGGT1BP1,ENSG00000213667
LINC03140,ENSG00000248187
THOC7,ENSG00000163634
MIX23P2,ENSG00000236944
YES1,ENSG00000176105
RNA5SP307,ENSG00000199733
LINC03028,ENSG00000236894
FAM238A,ENSG00000233261
FAM238B,ENSG00000231976
GFUS,ENSG00000278243
IL17B,ENSG00000127743
HSPA8P3,ENSG00000234788
PPIAP19,ENSG00000228169
TAF9BP2,ENSG00000215760
RPL15P13,ENSG00000226428
RNU6-1121P,ENSG00000252611
LINC02626,ENSG00000236799
PPIAP13,ENSG00000237882
RPS26P42,ENSG00000232437
HLA-DOB,ENSG00000243612
LNPPS,ENSG00000275871
MIR143,ENSG00000284182
MIR145,ENSG00000276365
BNC2-AS1,ENSG00000234779
RNF145,ENSG00000145860
KCNMA1,ENSG00000156113
LINC00616,ENSG00000248307
H2BP3,ENSG00000240912
ATOSBP1,ENSG00000240487
MIR568,ENSG00000284134
ZBTB20-AS5,ENSG00000242290
LINC00644,ENSG00000259142
ZBTB20-AS2,ENSG00000241295
MIR4796,ENSG00000264623
ZBTB20-AS3,ENSG00000239946
LINC02325,ENSG00000246084
YBX1P3,ENSG00000240002
ZBTB20-AS4,ENSG00000242767
EIF4E2P2,ENSG00000244157
STRIT1,ENSG00000240045
CASP1P1,ENSG00000255430
OR2AL1P,ENSG00000254767
MUC22,ENSG00000237108
PABPC1P10,ENSG00000239443
NCR3,ENSG00000236315
ZNF80,ENSG00000174255
IGFL1P2,ENSG00000268238
NUDT16,ENSG00000198585
HIF3A,ENSG00000124440
NHERF4,ENSG00000172367
DIPK2A,ENSG00000181744
FTH1P4,ENSG00000242992
RN7SL698P,ENSG00000244232
RPS15AP16,ENSG00000239483
MARK3P3,ENSG00000243022
MARK2P6,ENSG00000242062
CIDECP2,ENSG00000250796
LINC01327,ENSG00000241669
MIR5002,ENSG00000266383
RPL7P15,ENSG00000240622
MIR4442,ENSG00000283971
CRIP1P2,ENSG00000238225
NAPRT,ENSG00000278488
RPL32P11,ENSG00000213872
TSBP1-AS1,ENSG00000235135
TAF9BP1,ENSG00000213871
DDX39BP2,ENSG00000235809
MIR1224,ENSG00000221120
AGPAT1,ENSG00000236873
EEF1AKMT4-ECE2,ENSG00000284917
LINC01241,ENSG00000236306
CBS,ENSG00000160200
RTF2,ENSG00000022277
FLVCR2-AS1,ENSG00000224721
RNU6-262P,ENSG00000222249
MIR6756,ENSG00000284148
MIR6752,ENSG00000276769
LINC02299,ENSG00000258979
CABP2,ENSG00000167791
CAMK2N2,ENSG00000163888
MSANTD5,ENSG00000285891
SNORD66,ENSG00000212158
PPP2R2DP1,ENSG00000231668
AACSP1,ENSG00000291019
RNU6-1227P,ENSG00000206708
LINC02279,ENSG00000258933
FBLL1,ENSG00000188573
ZNF707,ENSG00000274352
SLC7A11-AS1,ENSG00000250033
TMIE,ENSG00000181585
SLC2A3P1,ENSG00000253861
MIR103A1,ENSG00000199035
MIR103B1,ENSG00000283612
RPL10P9,ENSG00000233913
RNU6-738P,ENSG00000207261
RNA5SP379,ENSG00000201469
RPL30P13,ENSG00000229014
AIG1P1,ENSG00000249089
MIR3652,ENSG00000284503
SMN2-AS1,ENSG00000285151
RPL37P2,ENSG00000239559
CDH12P3,ENSG00000253492
OR7E145P,ENSG00000235855
TDG,ENSG00000139372
OR7E11P,ENSG00000285537
PRSS50,ENSG00000283706
EVA1CP4,ENSG00000255147
PTTG1P2,ENSG00000256041
TUBAP7,ENSG00000253547
RPL29P22,ENSG00000239924
PDE4D,ENSG00000113448
BLVRBP1,ENSG00000273682
MRPL57P3,ENSG00000275940
DDTP1,ENSG00000230683
RPL18AP7,ENSG00000232439
OR10A4,ENSG00000170782
KIF26A-DT,ENSG00000258748
RNU6-924P,ENSG00000199796
CCDC8,ENSG00000169515
LRRFIP1P1,ENSG00000240429
OR4D10,ENSG00000254466
LMX1B-DT,ENSG00000224842
FAM90A27P,ENSG00000189348
NCR3LG1,ENSG00000188211
LINC02301,ENSG00000258743
RPL29P34,ENSG00000239255
MTHFD2P7,ENSG00000181260
ZSCAN4,ENSG00000180532
LRRC15,ENSG00000172061
FEM1A,ENSG00000141965
SDHCP4,ENSG00000255035
RNU6-1101P,ENSG00000252053
RPL23AP93,ENSG00000232873
RPL29P21,ENSG00000213779
CXXC1,ENSG00000154832
PCDH10-DT,ENSG00000250241
FAM43A,ENSG00000185112
RNF10P1,ENSG00000230182
MIR4747,ENSG00000263409
OTOG,ENSG00000188162
RNU6-1223P,ENSG00000252933
UBTFL8,ENSG00000224082
FBN1,ENSG00000166147
RNU7-106P,ENSG00000238842
CD24P5,ENSG00000237566
RN7SKP261,ENSG00000222880
EDEM1,ENSG00000134109
PTPRQ,ENSG00000139304
TNXB,ENSG00000229341
HSPA5-DT,ENSG00000239705
TRIM15,ENSG00000235259
RN7SL150P,ENSG00000240626
SUNO1,ENSG00000277013
WDR88,ENSG00000166359
LINC01506,ENSG00000234506
OTX2-AS1,ENSG00000248550
MIR4790,ENSG00000265180
RN7SL553P,ENSG00000241227
WNT5A-AS1,ENSG00000244586
RPP21,ENSG00000241779
LRP3,ENSG00000130881
MIDEAS-AS1,ENSG00000259065
ERC2-IT1,ENSG00000281708
MIR3938,ENSG00000264013
RN7SKP45,ENSG00000200379
RNA5SP133,ENSG00000200238
H1-8P1,ENSG00000240265
LINC02293,ENSG00000257185
OR5P4P,ENSG00000227892
RN7SL418P,ENSG00000241665
OR5P1P,ENSG00000166408
BUD13-DT,ENSG00000226645
APOA4,ENSG00000110244
SCN11A,ENSG00000168356
AKIRIN1P1,ENSG00000257786
LY6S-AS1,ENSG00000177335
LEF1-AS1,ENSG00000232021
RPS3AP50,ENSG00000243864
LSM14B,ENSG00000149657
OTOGL,ENSG00000165899
RNY4P6,ENSG00000200537
RPS27P19,ENSG00000234268
LINC02324,ENSG00000255002
AKR1B1P7,ENSG00000266899
OR56A3,ENSG00000184478
SLC25A43,ENSG00000077713
RPL21P131,ENSG00000232429
OR51M1,ENSG00000184698
ZNF623,ENSG00000276340
GGT5,ENSG00000099998
OR51I2,ENSG00000187918
OR52K2,ENSG00000181963
STXBP2,ENSG00000076944
OR52K1,ENSG00000196778
NCBP2L,ENSG00000170935
PGM5-AS1,ENSG00000224958
OR52M2P,ENSG00000226616
CCDC87,ENSG00000182791
HTR2C,ENSG00000147246
HSPA2-AS1,ENSG00000259116
RNU4-39P,ENSG00000199325
RBM14-RBM4,ENSG00000248643
TMEM252-DT,ENSG00000226337
LINC02318,ENSG00000258390
HSPA1L,ENSG00000226704
RN7SL12P,ENSG00000239553
PRRT1,ENSG00000238056
C1QBPP2,ENSG00000213409
FTLP6,ENSG00000254984
RNU6-874P,ENSG00000199260
ZNF123P,ENSG00000255259
OR52M1,ENSG00000197790
C11orf40,ENSG00000171987
PTPN1,ENSG00000196396
APOOL,ENSG00000155008
OR5M13P,ENSG00000166693
OR5M1,ENSG00000255012
OR5AM1P,ENSG00000255172
OR5M12P,ENSG00000197866
OR5AP1P,ENSG00000254795
G2E3-AS1,ENSG00000257636
OR51F2,ENSG00000176925
SCRIB,ENSG00000274287
OR8B3,ENSG00000284609
HAS2-AS1,ENSG00000248690
OR8B2,ENSG00000284680
FLOT1,ENSG00000223654
OR10A2,ENSG00000170790
OR5A1,ENSG00000172320
BUB1P1,ENSG00000270778
OAS1,ENSG00000089127
GAS6,ENSG00000183087
OR51G2,ENSG00000176893
OR2AD1P,ENSG00000236070
OR51A7,ENSG00000176895
UQCRHP1,ENSG00000238126
GPR173,ENSG00000184194
HPSE2,ENSG00000172987
OR52E4,ENSG00000180974
PPP1R18,ENSG00000230341
OR6A2,ENSG00000184933
PABIR2,ENSG00000156504
LINC03142,ENSG00000284418
USP38-DT,ENSG00000250326
OR51D1,ENSG00000197428
OR51E1,ENSG00000180785
TTC7B-AS1,ENSG00000259163
OR2AG2,ENSG00000188124
LINC02357,ENSG00000283314
NEU1,ENSG00000228691
OR10G8,ENSG00000234560
NOP14-AS1,ENSG00000249673
LINC01239,ENSG00000234840
LINC00642,ENSG00000233208
OR51A4,ENSG00000205497
MIR6754,ENSG00000278349
LINC02855,ENSG00000254209
KRTAP5-7,ENSG00000244411
MIR6507,ENSG00000274056
ARL5AP2,ENSG00000236818
KRTAP5-8,ENSG00000241233
RPL7P36,ENSG00000234109
PABPC1L,ENSG00000101104
KRTAP5-9,ENSG00000254997
ABCC2,ENSG00000023839
KRTAP5-10,ENSG00000204572
LINC00589,ENSG00000251191
KRTAP5-13P,ENSG00000248903
GCOM1,ENSG00000137878
KRTAP5-14P,ENSG00000249387
OR7E87P,ENSG00000184055
OR7E4P,ENSG00000255261
VPS51P11,ENSG00000255415
FAM187B,ENSG00000177558
MAGEF1,ENSG00000177383
OR8J3,ENSG00000167822
FAM187B2P,ENSG00000262497
C3orf70,ENSG00000187068
OR5AZ1P,ENSG00000180714
OR5BD1P,ENSG00000254749
EIF2S2P2,ENSG00000229704
CYCSP26,ENSG00000254601
MIR5588,ENSG00000264614
RNU6-899P,ENSG00000200817
RN7SKP212,ENSG00000222783
SAPCD1,ENSG00000227861
GSTO3P,ENSG00000232829
OR51A9P,ENSG00000180723
LINC02505,ENSG00000248215
OR51E2,ENSG00000167332
CEACAM3,ENSG00000170956
CSRP2P2,ENSG00000249098
TAP1,ENSG00000227816
RNU6-726P,ENSG00000201550
OR10G4,ENSG00000254737
CLDN1,ENSG00000163347
YWHABP2,ENSG00000256464
LINC02317,ENSG00000258678
SLC2A9-AS1,ENSG00000250413
SPTY2D1,ENSG00000179119
PAPLN-AS1,ENSG00000258376
GCNT1P3,ENSG00000231047
HEATR4,ENSG00000187105
ZIC4,ENSG00000174963
BARX1-DT,ENSG00000235601
LINC02481,ENSG00000246526
SRSF3P1,ENSG00000257043
SEC14L1P1,ENSG00000213693
FAM201A,ENSG00000204860
HNRNPA1P52,ENSG00000269119
ACCSL,ENSG00000205126
LYPD4,ENSG00000273111
TRIB1AL,ENSG00000253111
MIR124-2HG,ENSG00000254377
DMRTC2,ENSG00000142025
TLE1-DT,ENSG00000233926
ZC3H11C,ENSG00000214558
KILH,ENSG00000231683
MDC1-AS1,ENSG00000231860
UBD,ENSG00000226898
NBDY,ENSG00000204272
ALX4,ENSG00000052850
CYP2C23P,ENSG00000283232
LINC01297,ENSG00000274827
TPM4P1,ENSG00000232230
GPR82,ENSG00000171657
SPCS2P2,ENSG00000270623
SNORA3A,ENSG00000200983
SNORA3B,ENSG00000212607
KLHL31,ENSG00000124743
SNORA12,ENSG00000212464
PHB1P9,ENSG00000230224
RNU6-422P,ENSG00000207362
MMP3,ENSG00000149968
PKD2L1,ENSG00000107593
SHROOM4,ENSG00000158352
CALHM5,ENSG00000178033
MIR4290HG,ENSG00000227555
CALHM4,ENSG00000164451
MIR6797,ENSG00000276926
ERFL,ENSG00000268041
CD79A,ENSG00000105369
SLC4A11,ENSG00000088836
LINC03025,ENSG00000234394
RWDD1,ENSG00000111832
KCNK10-AS1,ENSG00000258538
VARS1,ENSG00000231116
OAS2,ENSG00000111335
NDUFB4P2,ENSG00000251306
HISLA,ENSG00000258867
MIR582,ENSG00000202601
ARPC4-TTLL3,ENSG00000250151
RNU6-806P,ENSG00000202017
RPL31P8,ENSG00000213896
MIR7974,ENSG00000274713
RN7SL833P,ENSG00000244080
CAB39P1,ENSG00000251303
CRX,ENSG00000105392
SMC2-DT,ENSG00000270332
KRT8P31,ENSG00000250148
VTRNA1-1,ENSG00000199990
VTRNA1-2,ENSG00000202111
MMP12,ENSG00000262406
VTRNA1-3,ENSG00000202515
RPL36AP21,ENSG00000240785
RPLP1P6,ENSG00000213433
VCX3A,ENSG00000169059
FBXL21P,ENSG00000164616
BOLA3P1,ENSG00000255469
RNU7-159P,ENSG00000238562
RPL21P96,ENSG00000239861
MTCO3P15,ENSG00000254895
MTATP6P15,ENSG00000254931
LINC03094,ENSG00000285483
TPRX1,ENSG00000178928
WWP1-AS1,ENSG00000254231
LINC03085,ENSG00000276030
MTCO2P15,ENSG00000255417
ZNF550,ENSG00000251369
MTCO1P15,ENSG00000255350
RORB-AS1,ENSG00000224825
RPL39P25,ENSG00000227271
HMGA1P5,ENSG00000233313
MTND2P26,ENSG00000254565
SPA17P1,ENSG00000236797
ZNF503,ENSG00000165655
MTND1P36,ENSG00000253245
PCDHGB8P,ENSG00000248449
PFKFB1,ENSG00000158571
ATP6AP1L,ENSG00000205464
LRMDA,ENSG00000148655
NPY6R,ENSG00000226306
SYT13,ENSG00000019505
ERICH1,ENSG00000282665
TGFBI,ENSG00000120708
TPRX2,ENSG00000259009
PIDD1,ENSG00000177595
ITPKC,ENSG00000086544
MIR606,ENSG00000207583
RSPH4A,ENSG00000111834
RN7SL518P,ENSG00000265486
OASL2P,ENSG00000283542
RNU6-673P,ENSG00000201954
PPDPFP2,ENSG00000256963
ADO,ENSG00000181915
AMT,ENSG00000145020
TRIM8-DT,ENSG00000272933
MESDP1,ENSG00000257368
RNU6-494P,ENSG00000253063
TNKS2,ENSG00000107854
RNU6-437P,ENSG00000238420
RPL23AP50,ENSG00000232778
SAPCD1-AS1,ENSG00000236912
MTHFD2P3,ENSG00000231112
HMGA1P3,ENSG00000258011
RNF5,ENSG00000223767
NFKBIL1,ENSG00000204498
RPL31P49,ENSG00000241680
VPS29,ENSG00000111237
MAST1,ENSG00000105613
LSM2,ENSG00000224979
RNF139-DT,ENSG00000245149
LY6L,ENSG00000282693
RAD9B,ENSG00000151164
HTT-AS,ENSG00000251075
LINC01609,ENSG00000253103
FGFBP3,ENSG00000174721
RPL12P2,ENSG00000216412
H2AZ1-DT,ENSG00000245322
PTPN11P3,ENSG00000220412
FHIP2A,ENSG00000151553
SF3B5,ENSG00000169976
MRPL42P3,ENSG00000219297
LINC-ADAIN,ENSG00000281769
RSF1,ENSG00000048649
DOP1A,ENSG00000083097
HSPA1A,ENSG00000235941
PLA2G4C-AS1,ENSG00000269420
EGFL8,ENSG00000240389
VTRNA2-1,ENSG00000270123
RPL31P60,ENSG00000239988
SMIM32,ENSG00000271824
LINC02492,ENSG00000250590
FAAP24,ENSG00000131944
RN7SL629P,ENSG00000241243
RNU6-606P,ENSG00000207452
RNU6-727P,ENSG00000200462
OR4F3,ENSG00000230178
LY6E,ENSG00000278032
TAF11L5,ENSG00000284234
TAF11L3,ENSG00000284439
TAF11L7,ENSG00000284465
TAF11L8,ENSG00000283967
TAF11L13,ENSG00000283776
TAF11L4,ENSG00000284283
TAF11L6,ENSG00000284042
OR7C1,ENSG00000127530
RPL23AP59,ENSG00000215002
TAF11L10,ENSG00000284356
SORCS1,ENSG00000108018
STK4,ENSG00000101109
TAF11L9,ENSG00000283988
TAF11L2,ENSG00000284373
TAF11L14,ENSG00000250782
LINC01504,ENSG00000225434
TMEM183AP6,ENSG00000251014
OVCH2,ENSG00000183378
SETP22,ENSG00000213701
RNU1-73P,ENSG00000206698
TUBB,ENSG00000224156
IL31RA,ENSG00000164509
FAM218A,ENSG00000250486
OR4D5,ENSG00000171014
OR5D18,ENSG00000186119
OR8I2,ENSG00000172154
OR5AR1,ENSG00000172459
OR4A16,ENSG00000181961
RNA5SP325,ENSG00000200626
USP6NL-AS1,ENSG00000271360
OR8G5,ENSG00000255298
PROSER2,ENSG00000148426
PGA4,ENSG00000229183
ARGLU1,ENSG00000134884
RN7SL387P,ENSG00000263537
TSBP1,ENSG00000236672
PPP1CC,ENSG00000186298
RNU6-1095P,ENSG00000251957
RNU6-88P,ENSG00000272507
MIR548AK,ENSG00000265653
RN7SL198P,ENSG00000264036
METTL14-DT,ENSG00000281731
CXCL12,ENSG00000107562
LNX2,ENSG00000139517
HLA-DMB,ENSG00000242092
LY6E-DT,ENSG00000282681
PATZ1,ENSG00000100105
C10orf53,ENSG00000178645
ING2-DT,ENSG00000232648
RPL26P29,ENSG00000234806
RNA5SP319,ENSG00000199638
RPL26P27,ENSG00000226493
EXTL3-AS1,ENSG00000246339
LINC02247,ENSG00000223729
TMEM14DP,ENSG00000214881
COX20P1,ENSG00000213025
RPS3AP37,ENSG00000227583
OR9Q2,ENSG00000186513
SNORD98,ENSG00000283551
TRIM40,ENSG00000224496
OR5AS1,ENSG00000181785
CT70,ENSG00000230013
OR2AG1,ENSG00000279486
PITX3,ENSG00000107859
OR52N4,ENSG00000181074
MIR4453HG,ENSG00000268471
LDHAP5,ENSG00000213574
OR8G1,ENSG00000197849
NANOS1,ENSG00000188613
OR4C15,ENSG00000181939
GNL1,ENSG00000206412
SNORA19,ENSG00000207468
GRK5-IT1,ENSG00000228485
OR51T1,ENSG00000176900
RN7SL749P,ENSG00000242853
MIR4681,ENSG00000265719
LRRC37A6P,ENSG00000230445
PIPSL,ENSG00000180764
RNY3P11,ENSG00000201023
RPL7P28,ENSG00000218632
ZNF37BP,ENSG00000234420
PHACTR2P1,ENSG00000270300
OR8D2,ENSG00000279116
BEND3P1,ENSG00000231345
MBL1P,ENSG00000242600
OR5M10,ENSG00000254834
OR7E106P,ENSG00000258550
OR6T1,ENSG00000181499
GUCY2GP,ENSG00000243316
OR6X1,ENSG00000221931
RPL7AP62,ENSG00000213862
OR8B12,ENSG00000170953
TXN2,ENSG00000100348
MCCD1P2,ENSG00000236203
FAM83A-AS1,ENSG00000204949
RPL29P25,ENSG00000241286
PSMB8,ENSG00000230669
OR8B4,ENSG00000280090
LINC02273,ENSG00000245954
C15orf40,ENSG00000169609
OR5M11,ENSG00000255223
ZSWIM3,ENSG00000132801
MIR6762,ENSG00000274822
LHX5,ENSG00000089116
OR6M1,ENSG00000196099
MMP24,ENSG00000125966
PCID2,ENSG00000126226
OR4C11,ENSG00000172188
FRMPD2B,ENSG00000150175
CXorf58,ENSG00000165182
OR9I1,ENSG00000172377
SPADH,ENSG00000286135
TBX10,ENSG00000167800
DUSP13B,ENSG00000079393
ANKRD52,ENSG00000139645
DDX18P1,ENSG00000259165
OR56A1,ENSG00000180934
PINLYP,ENSG00000234465
OR5B21,ENSG00000198283
MC2R,ENSG00000185231
OR10AG1,ENSG00000174970
CLDN2,ENSG00000165376
HCG18,ENSG00000235727
OR51I1,ENSG00000167359
OR51B2,ENSG00000279012
RBL1,ENSG00000080839
FAM153CP,ENSG00000204677
OR52H1,ENSG00000181616
PPIAP4,ENSG00000258591
SMAD3,ENSG00000166949
PSMG2,ENSG00000128789
SEC23A-AS1,ENSG00000258651
P2RY10,ENSG00000078589
RPL12P7,ENSG00000242941
CCDC73,ENSG00000186714
LINC01508,ENSG00000231107
DUSP13A,ENSG00000293543
SELENOV,ENSG00000186838
PJA1,ENSG00000181191
VN1R4,ENSG00000228567
TMEM160,ENSG00000130748
ZC3H4,ENSG00000130749
PTCHD1,ENSG00000165186
IL23A,ENSG00000110944
OR5AP2,ENSG00000172464
OR4D6,ENSG00000166884
MIR3167,ENSG00000266215
KIRREL3-AS3,ENSG00000218109
CYCSP29,ENSG00000255379
RPL3P4,ENSG00000232573
RNA5SP130,ENSG00000201301
BSN,ENSG00000164061
TRABD,ENSG00000170638
RNU6-654P,ENSG00000201243
ASB9,ENSG00000102048
LINC01501,ENSG00000229613
RNU7-40P,ENSG00000252206
ARHGAP20,ENSG00000137727
APONP,ENSG00000274823
C10orf120,ENSG00000183559
ELOCP31,ENSG00000256021
GOLT1B,ENSG00000111711
MIR3190,ENSG00000265134
MIR3191,ENSG00000284411
LINC02433,ENSG00000234111
PSMD8,ENSG00000099341
DMBT1L1,ENSG00000176584
AMIGO3,ENSG00000176020
COX6CP14,ENSG00000239576
RPL38P1,ENSG00000241993
HMGB1P30,ENSG00000244089
SNORD13P3,ENSG00000239128
SMAD3-AS1,ENSG00000259202
RNU6-1105P,ENSG00000207505
GPS2P2,ENSG00000230951
LINC02276,ENSG00000250141
SNORD2,ENSG00000238942
SNORA63B,ENSG00000200418
MIR1248,ENSG00000283958
SNORA81,ENSG00000221420
SNORA4,ENSG00000263776
MCF2L2P1,ENSG00000231982
ATP5MC1P3,ENSG00000242244
GRAMD4P4,ENSG00000274369
C10orf88B,ENSG00000255624
FOXL2,ENSG00000183770
EPB42,ENSG00000166947
FAM24A,ENSG00000203795
PRR23A,ENSG00000206260
PRR23B,ENSG00000184814
C10orf88,ENSG00000119965
PRR23C,ENSG00000233701
DIPK2B,ENSG00000147113
RPL7L1P7,ENSG00000251137
LINC02508,ENSG00000251619
DNAJB5-DT,ENSG00000281491
BPESC1,ENSG00000232416
PISRT1,ENSG00000281473
SPX,ENSG00000134548
PTOV1P1,ENSG00000240882
PPDPFP1,ENSG00000242613
MIR198,ENSG00000284121
PTBP1P,ENSG00000259078
PSTK,ENSG00000179988
RELB,ENSG00000104856
ACTG1P12,ENSG00000226642
MDC1,ENSG00000234012
FOXP3,ENSG00000049768
MTCO1P5,ENSG00000233026
GSTM5P1,ENSG00000236062
PFDN1P1,ENSG00000225026
RNA5SP123,ENSG00000200114
RNU6-377P,ENSG00000251774
RPL35AP27,ENSG00000244743
H3P24,ENSG00000251118
RNU2-49P,ENSG00000222598
HMGN1P8,ENSG00000241120
DDX43P1,ENSG00000248295
MIR4701,ENSG00000264201
OR11H12,ENSG00000257115
MEMO1P3,ENSG00000239238
PRRC1,ENSG00000164244
PLSCR4P1,ENSG00000243596
RND1,ENSG00000172602
RNU6-428P,ENSG00000199812
MIR15B,ENSG00000207779
MIR16-2,ENSG00000198987
B3GAT3P1,ENSG00000244009
RNU7-136P,ENSG00000238427
SCARNA7,ENSG00000238741
RPL6P8,ENSG00000242285
ARL14,ENSG00000179674
BANCR,ENSG00000278910
LINC02314,ENSG00000259082
MIR4795,ENSG00000264119
CHMP2B,ENSG00000083937
DDHD1-DT,ENSG00000258731
CDK2AP1,ENSG00000111328
RNU6-611P,ENSG00000207003
ZNF296,ENSG00000170684
ATRN,ENSG00000088812
PP12613,ENSG00000226757
EIF5AP3,ENSG00000267346
PRELID1P2,ENSG00000217408
RPS10P13,ENSG00000217130
MIR641,ENSG00000207631
RNU6-945P,ENSG00000206674
BLTP3A,ENSG00000065060
KRT8P25,ENSG00000239829
MIR7-3,ENSG00000207630
WNT5A,ENSG00000114251
HLA-W,ENSG00000235144
HLA-DPB1,ENSG00000236693
LINC02480,ENSG00000251040
DCDC1,ENSG00000170959
DOCK6,ENSG00000130158
LRRK1,ENSG00000154237
USP14,ENSG00000101557
MIR3150BHG,ENSG00000245080
RBPMS-AS1,ENSG00000254109
HSPE1P11,ENSG00000187762
LINC01231,ENSG00000236511
LINC02313,ENSG00000258474
PHB1P8,ENSG00000240471
PARLP1,ENSG00000239835
RFKP3,ENSG00000241546
RN7SL762P,ENSG00000244308
RN7SL397P,ENSG00000244139
CRIP1P1,ENSG00000233252
RNA5SP375,ENSG00000199845
LINC02377,ENSG00000250102
MIR8072,ENSG00000284425
BRI3BP,ENSG00000184992
GPR62,ENSG00000180929
LINC02288,ENSG00000246548
TCP11,ENSG00000124678
LINC01414,ENSG00000253554
WBP1LP4,ENSG00000251035
TAF11L11,ENSG00000283740
TAF11L12,ENSG00000249156
KIAA1191-AS1,ENSG00000250909
ABHD14A-ACY1,ENSG00000114786
THRIL,ENSG00000280634
SLC35A4,ENSG00000176087
LINC00609,ENSG00000257585
PPP3CA-DT,ENSG00000254531
LLPH-DT,ENSG00000239335
RBMS1P1,ENSG00000225422
IRX1,ENSG00000170549
MIR6502,ENSG00000284011
PDCL3P7,ENSG00000256777
RN7SKP166,ENSG00000222744
OSBPL9P5,ENSG00000256285
OSBPL9P4,ENSG00000256420
RAB11AP2,ENSG00000255976
NUAK1,ENSG00000074590
RN7SL814P,ENSG00000244326
YTHDF1P1,ENSG00000251389
LINC02947,ENSG00000253140
MTCYBP40,ENSG00000248931
HLA-DMA,ENSG00000242361
NTM,ENSG00000182667
VN1R54P,ENSG00000232109
CUBNP1,ENSG00000231009
RSU1P1,ENSG00000230425
TRIM23,ENSG00000113595
DUXAP3,ENSG00000270552
RNU6-885P,ENSG00000252416
RPS12P2,ENSG00000234319
EIF5AP4,ENSG00000234743
OR2AP1,ENSG00000179615
ZNF519P1,ENSG00000232950
OR6C2,ENSG00000179695
SH2D4B,ENSG00000178217
RAD51B-AS1,ENSG00000258623
C12orf71,ENSG00000214700
TBC1D30,ENSG00000111490
PCNX4-DT,ENSG00000258553
MRPS18B,ENSG00000233813
RPS7P9,ENSG00000233353
RPS27P18,ENSG00000233135
RNA5SP328,ENSG00000222740
KIF3B,ENSG00000101350
MCCD1P1,ENSG00000224538
POLR1H,ENSG00000235443
NPM1P31,ENSG00000214807
LINC02562,ENSG00000260265
RNLS,ENSG00000184719
LINC01581,ENSG00000259724
WBP4,ENSG00000120688
LINC01438,ENSG00000249519
LINC00051,ENSG00000254008
ACTA2-AS1,ENSG00000180139
HCG4B,ENSG00000231941
HCG27,ENSG00000234079
TRAPPC12-AS1,ENSG00000225234
NRM,ENSG00000236843
LINC01247,ENSG00000227007
BFSP1,ENSG00000125864
CLLU1,ENSG00000257127
LINC02973,ENSG00000272002
WAS,ENSG00000015285
MIR492,ENSG00000283998
SNRPD2P1,ENSG00000228938
RNU6-540P,ENSG00000207352
MSGN1,ENSG00000151379
RN7SKP143,ENSG00000222451
TRAPPC13,ENSG00000113597
EIPR1-IT1,ENSG00000224885
HS1BP3-IT1,ENSG00000231948
LINC02847,ENSG00000253702
RNF10,ENSG00000022840
TSPAN16-AS1,ENSG00000267174
CDK8P1,ENSG00000230044
LINC00605,ENSG00000251533
PIK3CDP1,ENSG00000231610
ZNF32-AS1,ENSG00000226245
SPRING1P1,ENSG00000271173
UQCRHP3,ENSG00000224162
ELOCP30,ENSG00000223746
HNRNPA3P1,ENSG00000226790
RPS25P3,ENSG00000233416
EFNA2,ENSG00000099617
SPIRE1,ENSG00000134278
LINC02850,ENSG00000236436
DUSP7,ENSG00000164086
PROK2-DT,ENSG00000260160
MIR3118-3,ENSG00000277243
GJD4,ENSG00000177291
TRIM31,ENSG00000224542
ATP11A,ENSG00000068650
GDPD4,ENSG00000178795
FZD8,ENSG00000177283
MIR4683,ENSG00000284265
MIR5701-2,ENSG00000277841
ALDOAP1,ENSG00000242849
LINC02656,ENSG00000212743
RPL37P23,ENSG00000243680
MIR6801,ENSG00000274380
MIR643,ENSG00000208002
RPS16P2,ENSG00000213729
LINC01505,ENSG00000234323
EHMT2,ENSG00000232045
DPPA5P1,ENSG00000269776
MIRLET7G,ENSG00000199150
LINC03054,ENSG00000253455
MIR135A1,ENSG00000207926
PPP2R5CP,ENSG00000239557
OR11K1BP,ENSG00000259324
OR1Q1BP,ENSG00000285491
ABHD16A,ENSG00000231488
OR4H6BP,ENSG00000285116
BAP1,ENSG00000163930
RPS13P4,ENSG00000238111
LINC01866,ENSG00000237670
OR4N3BP,ENSG00000279445
ZNF599,ENSG00000153896
LINC02599,ENSG00000233858
EIF5-DT,ENSG00000259775
LINC00677,ENSG00000259717
CASC9,ENSG00000249395
CRTC1P1,ENSG00000204993
PROCR,ENSG00000101000
DLGAP2-AS1,ENSG00000282020
SLC25A5P2,ENSG00000235064
RPL37P11,ENSG00000225024
LINC00842,ENSG00000285294
CISD1P1,ENSG00000213403
LINC02153,ENSG00000253199
OR2AT1P,ENSG00000254475
RPL36AP14,ENSG00000233335
ZDHHC20P3,ENSG00000255460
FAM245B,ENSG00000285662
GDF7,ENSG00000143869
TPBGL,ENSG00000261594
PWRN1,ENSG00000259905
RPL36AP37,ENSG00000244398
SNHG27,ENSG00000251676
CLN8,ENSG00000278220
ACTN1-DT,ENSG00000259062
FTH1P6,ENSG00000233083
CERNA3,ENSG00000253603
SNORD14A,ENSG00000272034
SNORD14B,ENSG00000201403
RNU6-593P,ENSG00000201586
ATP5F1E,ENSG00000124172
RPL34P24,ENSG00000240808
ZFP36L1,ENSG00000185650
BNIP3P9,ENSG00000270325
BNIP3P10,ENSG00000270270
LINC01318,ENSG00000237790
BNIP3P47,ENSG00000273791
ZFYVE9P2,ENSG00000214843
IFT46,ENSG00000118096
KCNG3,ENSG00000171126
FBXL12P1,ENSG00000235968
CLN8-AS1,ENSG00000282481
RBM25-AS1,ENSG00000258813
FSHR,ENSG00000170820
MAPK10-AS1,ENSG00000250062
DYNLRB1,ENSG00000125971
LINC02513,ENSG00000248227
MIR6806,ENSG00000277588
ELOCP3,ENSG00000229919
CUX2P1,ENSG00000272436
BCL2L13,ENSG00000099968
LINC02948,ENSG00000253182
EIF2AP4,ENSG00000227395
RNA5SP473,ENSG00000252211
MIR4754,ENSG00000266640
RNF225,ENSG00000269855
LINC02622,ENSG00000259267
LINC02560,ENSG00000268307
PLCG1,ENSG00000124181
ZNF584,ENSG00000171574
SERPINA7,ENSG00000123561
RPS20P14,ENSG00000223803
PCDH12,ENSG00000113555
RPL29P9,ENSG00000233565
SGPL1,ENSG00000166224
C3orf22,ENSG00000180697
RPS12P10,ENSG00000225147
RPS3AP22,ENSG00000240083
RNA5SP138,ENSG00000201968
TRMT61A-DT,ENSG00000260285
METTL5P2,ENSG00000248557
POSTN,ENSG00000133110
SF3A2P1,ENSG00000248850
H3P23,ENSG00000250705
PPEF1,ENSG00000086717
RCC2P4,ENSG00000249558
RNU6-646P,ENSG00000201441
RNU4-89P,ENSG00000272359
RNU6-42P,ENSG00000206892
RNA5SP176,ENSG00000212258
RPS13P3,ENSG00000236913
HNRNPA0,ENSG00000177733
ZNF132-DT,ENSG00000269473
RNU6-1337P,ENSG00000252334
CADM2,ENSG00000175161
RN7SL693P,ENSG00000265272
CYP4F9P,ENSG00000267392
EGFLAM-AS3,ENSG00000249071
RNU6-484P,ENSG00000206743
PGAM1P6,ENSG00000224464
RPL21P136,ENSG00000271215
PWRN2,ENSG00000260551
EGFLAM-AS4,ENSG00000248730
PRKCE-AS1,ENSG00000228481
MIR613,ENSG00000207983
STX8P1,ENSG00000270296
TMEM72,ENSG00000187783
KCTD9P5,ENSG00000248216
RNU6-1190P,ENSG00000222743
CLIC1P1,ENSG00000231313
RPL21P70,ENSG00000213620
RNA5SP179,ENSG00000253093
RPL12P33,ENSG00000244585
RPS26P28,ENSG00000243538
RN7SL769P,ENSG00000276956
VDAC1P13,ENSG00000232526
HSPD1P1,ENSG00000213430
SNX33P1,ENSG00000267609
CDK2,ENSG00000123374
DNAJB12P1,ENSG00000237979
PMIS2,ENSG00000283758
NPAP1,ENSG00000185823
RPL5P1,ENSG00000241061
RPL37P13,ENSG00000233702
DUXAP4,ENSG00000270258
RPL19P11,ENSG00000241668
RPS27P2,ENSG00000242088
CEP164P1,ENSG00000226937
SIGLEC16,ENSG00000161643
PSMC1P10,ENSG00000236348
DUX4L51,ENSG00000250482
SNURF,ENSG00000273173
SUPT4H1P1,ENSG00000226247
RPS19P7,ENSG00000228462
CEACAMP7,ENSG00000227349
RSU1P2,ENSG00000232554
ANKRD54P1,ENSG00000236442
MIR3156-1,ENSG00000263476
PSG11,ENSG00000243130
RPSAP38,ENSG00000239694
MTHFD2P6,ENSG00000249266
PRKCH,ENSG00000027075
USP34,ENSG00000115464
RNU6-441P,ENSG00000207275
ATE1OSP,ENSG00000226864
C8orf34-AS1,ENSG00000248801
RNA5SP180,ENSG00000251990
DCAF13P2,ENSG00000250816
RNU6-1003P,ENSG00000252908
SELENOOLP,ENSG00000227932
RN7SKP133,ENSG00000201715
RPL5P30,ENSG00000243431
FTH1P10,ENSG00000223361
CEACAMP8,ENSG00000236932
RNU6-1157P,ENSG00000207185
WNT8B,ENSG00000075290
PDCD6P1,ENSG00000188002
SNORD107,ENSG00000276314
PSG2,ENSG00000242221
MIR6716,ENSG00000284246
PWAR5,ENSG00000279192
SMTNL1,ENSG00000214872
SNORD64,ENSG00000276610
SNORD108,ENSG00000239014
SNORD109A,ENSG00000274640
SIRLNT,ENSG00000253802
SNORD116-1,ENSG00000207063
MIR4277,ENSG00000263746
SNORD116-2,ENSG00000207001
SNORD116-3,ENSG00000207014
SNORD116-4,ENSG00000275529
SNORD116-5,ENSG00000207191
HMGCS1,ENSG00000112972
SNORD116-6,ENSG00000207442
SNORD116-7,ENSG00000207133
CEACAMP9,ENSG00000230529
SNORD116-8,ENSG00000207093
MMP26,ENSG00000167346
SNORD116-9,ENSG00000206727
SNORD116-10,ENSG00000200661
SNORD116-11,ENSG00000206609
SNORD116-12,ENSG00000207197
PSG3,ENSG00000221826
SNORD116-13,ENSG00000207137
SNORD116-14,ENSG00000206621
SNORD116-15,ENSG00000207174
SNORD116-16,ENSG00000207263
GAD2,ENSG00000136750
SNORD116-17,ENSG00000206656
SNORD116-18,ENSG00000206688
SNORD116-19,ENSG00000207460
OR2H4P,ENSG00000229441
SNORD116-20,ENSG00000278715
SNORD116-21,ENSG00000277785
C2,ENSG00000231543
SNORD116-22,ENSG00000275127
SNORD116-23,ENSG00000207375
SNORD116-24,ENSG00000207279
SNORD116-25,ENSG00000252326
SNORD116-26,ENSG00000251815
SNORD116-27,ENSG00000251896
TOX-DT,ENSG00000167912
SNORD116-28,ENSG00000278123
ANP32AP1,ENSG00000259516
OR51S1,ENSG00000176922
TMA16P1,ENSG00000255265
MIR5688,ENSG00000264084
NUTF2P6,ENSG00000259710
CADM2-AS2,ENSG00000241648
GLYATL2,ENSG00000156689
RBM17P4,ENSG00000259585
CADM2-AS1,ENSG00000239519
PSG8,ENSG00000124467
THAP12P2,ENSG00000243915
AKAP13-AS1,ENSG00000259367
RNU6-1280P,ENSG00000202081
RN7SL182P,ENSG00000241461
LINC02883,ENSG00000259416
MIR6890,ENSG00000284488
LAMB2P1,ENSG00000270441
CIMIP7,ENSG00000236980
MIR1276,ENSG00000221634
LINC02484,ENSG00000248685
MIR9-3HG,ENSG00000255571
MIR612,ENSG00000283791
CLRN1,ENSG00000163646
SNRPGP19,ENSG00000270526
LINC02501,ENSG00000249882
KCNK7,ENSG00000173338
CEACAMP6,ENSG00000238092
LNX1-AS2,ENSG00000248494
PSG1,ENSG00000231924
GLIPR1L1,ENSG00000173401
SREK1IP1P2,ENSG00000271227
HLA-DPA3,ENSG00000231895
OR1F12P,ENSG00000220721
SLC44A4,ENSG00000235336
CCL28,ENSG00000151882
OTC,ENSG00000036473
NPHP3-ACAD11,ENSG00000274810
MYOM2,ENSG00000274137
RPL3P7,ENSG00000225093
LINC02434,ENSG00000248370
OSTM1-AS1,ENSG00000225174
EEF1A1P19,ENSG00000249855
MIR4690,ENSG00000266041
MIR4489,ENSG00000265874
RN7SL309P,ENSG00000239356
MS4A4E,ENSG00000214787
AMD1P3,ENSG00000249286
RNA5SP212,ENSG00000212525
GLIPR1,ENSG00000139278
RNU6-1144P,ENSG00000206974
RPL29P12,ENSG00000224993
RPL36AP24,ENSG00000238055
RNU6-770P,ENSG00000200799
HSPA8P19,ENSG00000251614
HMMR-AS1,ENSG00000251018
OSTM1,ENSG00000081087
PRKCH-AS1,ENSG00000247287
RPL5P16,ENSG00000240411
MIR3977,ENSG00000283359
ST13P12,ENSG00000248400
KIF3AP1,ENSG00000235836
MIR6829,ENSG00000276489
RNU2-11P,ENSG00000239122
PPP4R2P2,ENSG00000231443
TMEM167A,ENSG00000174695
PRKCH-AS2,ENSG00000258926
PPP4R2P3,ENSG00000231464
ARL8BP1,ENSG00000228413
LINC02267,ENSG00000248510
LINC01303,ENSG00000250548
RNU7-18P,ENSG00000252174
TMEM40,ENSG00000088726
LINC03033,ENSG00000232774
LINC02753,ENSG00000248844
RNU6-1175P,ENSG00000202070
GLIPR1-AS1,ENSG00000257497
OR6C4,ENSG00000179626
VSIG10L2,ENSG00000283703
RNU6-1075P,ENSG00000201260
RNU2-18P,ENSG00000223156
C1QL3,ENSG00000165985
SCARNA18,ENSG00000238835
LDHBP3,ENSG00000248950
CCT7P2,ENSG00000249958
SEPTIN5,ENSG00000184702
CYTH2,ENSG00000105443
H3P35,ENSG00000257287
CHCHD3P2,ENSG00000257723
SRGN,ENSG00000122862
TRHDE,ENSG00000072657
PCDH19,ENSG00000165194
RN7SL255P,ENSG00000239808
LINC01602,ENSG00000205293
CKS1BP1,ENSG00000258788
RNU6-334P,ENSG00000252881
RAB9BP1,ENSG00000232159
HMGB1P22,ENSG00000250721
RN7SKP209,ENSG00000252697
CGA,ENSG00000135346
HCG4,ENSG00000236225
LINC02374,ENSG00000249747
HEXB,ENSG00000049860
AGER,ENSG00000231268
FRMD3-AS1,ENSG00000229109
FBXO34-AS1,ENSG00000258413
CHMP4BP1,ENSG00000258469
LINC00523,ENSG00000196273
OR1AB1P,ENSG00000267450
RCN1P1,ENSG00000215477
MIR206,ENSG00000207604
LINCMD1,ENSG00000225613
JMJD1C-AS1,ENSG00000272767
OR4G1P,ENSG00000267310
MIR133B,ENSG00000199080
IL17A,ENSG00000112115
OR7A1P,ENSG00000268834
JMJD1C-AS2,ENSG00000293932
MAGIX,ENSG00000269313
CYP2G1P,ENSG00000130612
RPL26P15,ENSG00000233829
SLC25A20P1,ENSG00000218363
RPS20P9,ENSG00000237162
MTND4P25,ENSG00000226700
IL17F,ENSG00000112116
RPS15AP15,ENSG00000223739
RPL27P5,ENSG00000232403
OR7A2P,ENSG00000172148
OR6C7P,ENSG00000257757
LBH,ENSG00000213626
OR7E19P,ENSG00000225980
ZNF542P,ENSG00000240225
OR6C75,ENSG00000187857
OR6C73P,ENSG00000257414
PHC1P1,ENSG00000179899
OR6C76,ENSG00000185821
LINC02365,ENSG00000254233
GLIS3-AS1,ENSG00000237009
GJE1,ENSG00000203733
ASS1P14,ENSG00000257316
OR6C69P,ENSG00000213451
OR6C72P,ENSG00000205331
PGR,ENSG00000082175
OR6C6,ENSG00000188324
OR6C5P,ENSG00000230307
LY6G5B,ENSG00000240053
SNHG32,ENSG00000229300
ANP32D,ENSG00000139223
C12orf54,ENSG00000177627
KBTBD11-AS1,ENSG00000282053
SQLE-DT,ENSG00000253513
TAAR8,ENSG00000146385
KBTBD11,ENSG00000273645
TAAR9,ENSG00000237110
CDX4,ENSG00000131264
TMEM217B,ENSG00000286105
RPL21P37,ENSG00000229503
MIR493HG,ENSG00000258399
ST6GALNAC2P1,ENSG00000228902
MTND5P27,ENSG00000225045
LINC00701,ENSG00000234556
RPS6KA6,ENSG00000072133
LY6G5C,ENSG00000204428
PPIAP64,ENSG00000236259
MEG8,ENSG00000225746
LRRTM4-AS1,ENSG00000234653
LINC00613,ENSG00000248330
ELOBP3,ENSG00000232285
JAKMIP3-AS1,ENSG00000235010
RPS10P20,ENSG00000240443
LALBA,ENSG00000167531
TPT1P11,ENSG00000239995
ARHGEF10,ENSG00000274726
PRKCE-AS2,ENSG00000232696
OR2I1,ENSG00000237988
LINC03050,ENSG00000235725
IRAK1BP1,ENSG00000146243
NEUROD4,ENSG00000123307
LINC01515,ENSG00000228065
FAM169A-AS1,ENSG00000271714
LINC01809,ENSG00000232548
HSPD1P18,ENSG00000248351
SMIM7P1,ENSG00000196085
HNRNPA1P13,ENSG00000213568
MTND6P7,ENSG00000224695
ANKRD49P3,ENSG00000248616
OR9R1P,ENSG00000224622
WDR87BP,ENSG00000225868
RNA5SP193,ENSG00000222285
RNU6-236P,ENSG00000200756
MIR614,ENSG00000283759
CTD-2194D22.4,ENSG00000249326
RNA5SP366,ENSG00000202324
ZNF788P,ENSG00000214189
BCL11A,ENSG00000119866
KRT18P17,ENSG00000213943
OR7E25P,ENSG00000187847
SIGLEC22P,ENSG00000268849
SNORA7A,ENSG00000207496
IFT122P1,ENSG00000250939
PRKAG1,ENSG00000181929
LRFN2,ENSG00000156564
MOCOS,ENSG00000075643
KLKP1,ENSG00000197588
MCM8,ENSG00000125885
ACSL3P1,ENSG00000244062
GCSHP6,ENSG00000270538
RNU6-250P,ENSG00000252767
RCCD1-AS1,ENSG00000258384
C3orf62,ENSG00000188315
RN7SL677P,ENSG00000242863
RNA5SP401,ENSG00000251729
DENND6B,ENSG00000205593
CANT1P1,ENSG00000262400
UBE2D3P5,ENSG00000217805
KLF3-AS1,ENSG00000231160
KATNBL1P5,ENSG00000271108
FAM90A28P,ENSG00000269118
LINC02603,ENSG00000230262
RPL21P68,ENSG00000216718
ZNF781,ENSG00000196381
HNRNPA3P17,ENSG00000213972
LINC01582,ENSG00000259611
CLEC4OP,ENSG00000267453
MIR4271,ENSG00000264633
CYP2B7P,ENSG00000256612
RHOA-IT1,ENSG00000235908
RNU6-987P,ENSG00000207490
MDN1,ENSG00000112159
CAMSAP1-DT,ENSG00000238058
U2SURPP1,ENSG00000241537
RNU6ATAC6P,ENSG00000221059
PEARL1,ENSG00000288892
DIAPH1-AS1,ENSG00000246422
RNU6-1186P,ENSG00000222361
MIRLET7A1HG,ENSG00000269929
FAT2,ENSG00000086570
KRTAP5-11,ENSG00000204571
FAM169BP,ENSG00000283597
TCEAL5,ENSG00000204065
CIMAP1A,ENSG00000177947
TP63,ENSG00000073282
RPL18P11,ENSG00000213307
GOLGA6GP,ENSG00000261303
SIGLEC17P,ENSG00000171101
LURAP1L-AS1,ENSG00000235448
APOC1P1,ENSG00000214855
ZNF818P,ENSG00000269001
C3P1,ENSG00000167798
RPL21P15,ENSG00000239465
RNU6-549P,ENSG00000207162
OAZ2,ENSG00000180304
LDHAL6A,ENSG00000166800
SUMO2P6,ENSG00000249031
ZNF56P,ENSG00000267419
HIGD1AP3,ENSG00000248929
MSX2,ENSG00000120149
NAPSB,ENSG00000131401
MEG9,ENSG00000223403
MAGEA2,ENSG00000268606
OXR1-AS1,ENSG00000253582
MIR4634,ENSG00000266890
YTHDF3-DT,ENSG00000270673
ZNF812P,ENSG00000224689
CCT5-AS1,ENSG00000271980
ROPN1L,ENSG00000145491
PSG10P,ENSG00000248257
ZNF25-DT,ENSG00000226447
SIGLEC5,ENSG00000105501
RPS29P27,ENSG00000240320
TRIM3,ENSG00000110171
LGALS14,ENSG00000006659
SLIT1-AS1,ENSG00000234855
MIR181A2HG,ENSG00000224020
RNU1-88P,ENSG00000238554
PANDAR,ENSG00000281450
LAP3P2,ENSG00000213500
CPNE5,ENSG00000124772
LINC00837,ENSG00000235824
KMT5AP2,ENSG00000232531
CCDC102B,ENSG00000150636
DRD5P1,ENSG00000184303
RPL37P10,ENSG00000224627
CLC,ENSG00000105205
RPL12P18,ENSG00000213400
LYARP1,ENSG00000229560
RPL12P19,ENSG00000226972
ZNF300,ENSG00000145908
SUCLA2P2,ENSG00000233107
LINC01288,ENSG00000254344
MIR548BAHG,ENSG00000282890
RPL26P13,ENSG00000213495
EVA1A-AS,ENSG00000231172
ANKRD11P1,ENSG00000234429
CEBPA,ENSG00000245848
ZNF863P,ENSG00000236538
NAIPP3,ENSG00000248477
ZNF536,ENSG00000198597
AGBL1-AS1,ENSG00000260125
MTCYBP7,ENSG00000227789
GABRG3-AS1,ENSG00000228740
MRPL50P1,ENSG00000234587
ANAPC1P3,ENSG00000230395
CRLF3P3,ENSG00000228225
RPS2P17,ENSG00000213399
TRMT6,ENSG00000089195
CDKN2B-AS1,ENSG00000240498
CHMP4AP1,ENSG00000231722
NDUFB4P7,ENSG00000225428
MEG3,ENSG00000214548
DHFRP3,ENSG00000168129
TNFRSF10B-AS1,ENSG00000246130
CCDC12P1,ENSG00000226366
RBX1P1,ENSG00000226860
IDI2-AS1,ENSG00000232656
TACR1,ENSG00000115353
IFITM4P,ENSG00000229942
PPARA,ENSG00000186951
RN7SL234P,ENSG00000241391
FABP12P1,ENSG00000216265
SUMO4,ENSG00000177688
MIR3657,ENSG00000266370
MIR6861,ENSG00000283793
ZC3H12D,ENSG00000178199
ABCD1P5,ENSG00000214330
RN7SKP71,ENSG00000201428
RPL7AP60,ENSG00000213152
GUSBP18,ENSG00000215158
CIB4,ENSG00000157884
SPINT1-AS1,ENSG00000261183
RPL31P61,ENSG00000243297
NOTCH4,ENSG00000238196
GUSBP1,ENSG00000183666
HECTD4,ENSG00000173064
ZNF559-ZNF177,ENSG00000270011
MINDY2-DT,ENSG00000245975
RING1,ENSG00000228520
FAM174A,ENSG00000174132
ERG,ENSG00000157554
LINC02660,ENSG00000226005
RNU7-3P,ENSG00000252244
GUCA1ANB-GUCA1A,ENSG00000290147
TAP2,ENSG00000225967
CTBP2P5,ENSG00000214602
ATP1B3P1,ENSG00000271707
LDHAP3,ENSG00000236090
GUCA1A,ENSG00000048545
MYBPC3,ENSG00000134571
GGT8P,ENSG00000236969
SALL4P1,ENSG00000250308
MTFR2P1,ENSG00000233716
ACTBL2,ENSG00000169067
LINC01867,ENSG00000225444
PAGE4P1,ENSG00000271245
LNCBRM,ENSG00000249436
SLX4IP,ENSG00000149346
PNPP1,ENSG00000228209
H2AC1,ENSG00000164508
PSAT1P2,ENSG00000232144
H2BC1,ENSG00000146047
GLP1R,ENSG00000112164
MAGEA4,ENSG00000147381
WBP1P2,ENSG00000233205
SPATA8-AS1,ENSG00000259282
CAPZBP1,ENSG00000231723
FAM88E,ENSG00000237357
RAB31,ENSG00000168461
DCTN6-DT,ENSG00000271869
CRLS1,ENSG00000088766
LINC02209,ENSG00000253279
DNAH6,ENSG00000115423
ZNF503-AS2,ENSG00000237149
SAYSD1,ENSG00000112167
PCDH1,ENSG00000156453
SPATA8,ENSG00000185594
ANKRD18EP,ENSG00000217165
LINC02364,ENSG00000250190
ANKRD36P2,ENSG00000271362
MIR7159,ENSG00000276824
MIR1275,ENSG00000221697
E2F5-DT,ENSG00000260493
SBSN,ENSG00000189001
RPL17P23,ENSG00000220694
ADIRF-AS1,ENSG00000272734
LINC01492,ENSG00000225564
SUMO2P1,ENSG00000235666
POLR1HASP,ENSG00000196299
HLA-DPA1,ENSG00000235844
PWRN4,ENSG00000260232
ZFHX4-AS1,ENSG00000253661
RNU6-381P,ENSG00000212561
FGF10-AS1,ENSG00000248464
RN7SL383P,ENSG00000263556
GAPDHS,ENSG00000105679
C6orf58,ENSG00000184530
KRT18P9,ENSG00000271231
MIR6835,ENSG00000276404
RPL35P2,ENSG00000220583
LRRK1-AS1,ENSG00000259755
SLIT3-AS1,ENSG00000248222
IQSEC3P1,ENSG00000256902
MTCL3,ENSG00000214338
FGF6,ENSG00000111241
LINC02264,ENSG00000229565
DDIT3,ENSG00000175197
NCOA6,ENSG00000198646
LINC03034,ENSG00000259772
LINC02681,ENSG00000229649
HLA-A,ENSG00000229215
LINC02636,ENSG00000224222
LINC02171,ENSG00000250632
LINC02266,ENSG00000272727
TTBK1,ENSG00000146216
ATP4A,ENSG00000105675
CNTN5,ENSG00000149972
PARAIL,ENSG00000251136
ACAA2,ENSG00000167315
RPL37P12,ENSG00000237916
GGCTP3,ENSG00000225842
FAM110C,ENSG00000184731
TMEM132C,ENSG00000181234
RPL22P11,ENSG00000233707
YIPF6,ENSG00000181704
LINC02509,ENSG00000250263
H3P28,ENSG00000220347
NKAIN1P2,ENSG00000271627
DBF4P3,ENSG00000271097
CLEC12B,ENSG00000256660
MIR4466,ENSG00000271899
ARID1B-AS1,ENSG00000233044
ALK,ENSG00000171094
PLCE1-AS2,ENSG00000232913
HIVEP2-DT,ENSG00000232618
LINC02352,ENSG00000259448
MRAP,ENSG00000170262
BECN1P2,ENSG00000219669
KAAG1,ENSG00000146049
RNU6-678P,ENSG00000252641
RNA5SP140,ENSG00000201394
H3P13,ENSG00000243977
RPS10-NUDT3,ENSG00000270800
PEX5L-AS1,ENSG00000243799
UQCRHP4,ENSG00000242728
MDFIC2,ENSG00000242120
NDUFA3P1,ENSG00000267590
RPP14,ENSG00000163684
RPL17P38,ENSG00000240441
ITGB2,ENSG00000160255
PRDM4-AS1,ENSG00000258136
ZNF285BP,ENSG00000176761
CEACAM20,ENSG00000273777
LINC02275,ENSG00000248319
ASCL4,ENSG00000187855
TMEM132B,ENSG00000139364
TFIP11,ENSG00000100109
IFITM3P3,ENSG00000196114
RPL7P25,ENSG00000216636
RN7SL200P,ENSG00000265123
ATP6V1FP1,ENSG00000186328
OR2B4P,ENSG00000197171
TAAR3P,ENSG00000179073
PRIM2BP,ENSG00000283453
WDR53P1,ENSG00000275607
LINGO1-AS2,ENSG00000259281
HLA-V,ENSG00000181126
PCBP2-OT1,ENSG00000282977
TCP10L3,ENSG00000203690
ATF7-NPFF,ENSG00000267281
USP3-AS1,ENSG00000259248
CYP21A1P,ENSG00000204338
LINC01365,ENSG00000250772
RPL31P51,ENSG00000213470
H2AC10P,ENSG00000218690
PEX5L,ENSG00000114757
DEFB133,ENSG00000214643
RASSF9,ENSG00000198774
ZNF449,ENSG00000173275
HLA-DRB6,ENSG00000229391
CEACAM22P,ENSG00000230666
MIR4531,ENSG00000283673
CEACAM16,ENSG00000213892
ZNF602P,ENSG00000219392
RAET1K,ENSG00000218358
MIR8085,ENSG00000284258
ZSCAN12P1,ENSG00000219891
GSTA9P,ENSG00000243236
FGD4,ENSG00000139132
FDX2,ENSG00000267673
HLA-L,ENSG00000243753
LINC02499,ENSG00000250436
TFE3,ENSG00000068323
LINGO1-AS1,ENSG00000259666
F11-AS1,ENSG00000251165
BTN2A3P,ENSG00000124549
MALINC1,ENSG00000245146
HLA-DPB2,ENSG00000224557
ZNF204P,ENSG00000204789
H2AC2P,ENSG00000216436
GTF2H4,ENSG00000226384
NAV2,ENSG00000166833
TRIM26,ENSG00000228881
C15orf32,ENSG00000183643
LINC02172,ENSG00000251632
GPX4,ENSG00000167468
DNAJA4-DT,ENSG00000259708
GJA3,ENSG00000121743
UTRN,ENSG00000152818
XPO4,ENSG00000132953
FAM88D,ENSG00000305205
LINC02427,ENSG00000271538
L1CAM,ENSG00000198910
TGDS,ENSG00000088451
ILRUNP1,ENSG00000227513
DUXAP1,ENSG00000259056
TULP2,ENSG00000104804
LDHAP7,ENSG00000235847
LINC02502,ENSG00000250392
FAM151B-DT,ENSG00000249042
CIMIP2C,ENSG00000173557
MTCYBP39,ENSG00000226341
ANAPC1P5,ENSG00000275597
RSL24D1P2,ENSG00000230595
CENPNP1,ENSG00000233671
LINC02895,ENSG00000259380
NPAS2-AS1,ENSG00000230140
ST6GAL2-IT1,ENSG00000238250
LINC02345,ENSG00000259225
IL1B,ENSG00000125538
PBX3-DT,ENSG00000229582
LINC02232,ENSG00000250125
PTOV1,ENSG00000104960
LINC01852,ENSG00000236914
LINC01149,ENSG00000226768
ADAM9,ENSG00000282230
ZNF407,ENSG00000215421
PSMB9,ENSG00000243958
LINC00251,ENSG00000280725
COL4A1,ENSG00000187498
SAMD12-AS1,ENSG00000281641
ADAM32,ENSG00000275594
SPATA41,ENSG00000189419
RPS12P4,ENSG00000236533
PPIAP63,ENSG00000231570
LINC01593,ENSG00000231221
DOCK8-AS2,ENSG00000227155
MTND4P26,ENSG00000234065
MTND2P21,ENSG00000230950
PFKFB3-AS1,ENSG00000213994
RPL22P8,ENSG00000237745
LINC02244,ENSG00000259590
SMC3P1,ENSG00000231822
SH3RF3,ENSG00000172985
DST,ENSG00000151914
KNOP1P3,ENSG00000224344
ATAT1,ENSG00000234549
GASAL1,ENSG00000253669
TMEM182,ENSG00000170417
NPC1,ENSG00000141458
LINC01258,ENSG00000249534
HMGA1P4,ENSG00000234705
PSMA7,ENSG00000101182
SMASR,ENSG00000259289
LINC01301,ENSG00000251396
ADPGK-AS1,ENSG00000260898
LINC02360,ENSG00000248300
ZBED4,ENSG00000100426
IL21-AS1,ENSG00000227145
SRRD,ENSG00000100104
RPS18,ENSG00000223367
BBIP1P1,ENSG00000271532
AMANZI,ENSG00000280228
LINC02569,ENSG00000225382
ACTR3BP2,ENSG00000226481
PCAT4,ENSG00000251321
MTND5P28,ENSG00000223549
DPP10-AS2,ENSG00000235717
IGKV1OR2-1,ENSG00000235235
NAA20,ENSG00000173418
TACR1-AS1,ENSG00000270571
LINC02654,ENSG00000226140
NT5C1B-RDH14,ENSG00000250741
BRI3P2,ENSG00000213736
RPS15AP32,ENSG00000242461
FKTN-AS1,ENSG00000228317
MIR7106,ENSG00000276908
IFT57P1,ENSG00000255951
RASL10A,ENSG00000100276
SUV39H2-DT,ENSG00000272853
RNU4-54P,ENSG00000252237
RNA5SP355,ENSG00000202187
RPL29P27,ENSG00000244712
OR6C3,ENSG00000205329
TRIM39,ENSG00000232839
KRT3,ENSG00000186442
WBP2NL,ENSG00000183066
E2F1,ENSG00000101412
NXPH2,ENSG00000144227
EBLN3P,ENSG00000281649
EIF2S2P7,ENSG00000271115
BTF3P5,ENSG00000233594
LINC00703,ENSG00000224382
KRT4,ENSG00000170477
LINC02898,ENSG00000205086
MTCO1P43,ENSG00000228898
NCKAP5-IT1,ENSG00000232474
LINC02253,ENSG00000259485
LINC02201,ENSG00000251538
SRSF3P5,ENSG00000235325
CRYGGP,ENSG00000223710
RNA5SP149,ENSG00000201822
RALBP1P1,ENSG00000239880
KRT18P33,ENSG00000214533
LINC00709,ENSG00000230014
GACAT1,ENSG00000232991
KRT79,ENSG00000185640
PABPC1P6,ENSG00000227497
NDUFAF2P1,ENSG00000279307
ITPA,ENSG00000125877
HTD2,ENSG00000255154
HMGXB4,ENSG00000100281
TMEM185B,ENSG00000226479
IL6ST-DT,ENSG00000227908
XIAPP3,ENSG00000180152
ZNF503-AS1,ENSG00000226051
MTND1P28,ENSG00000230158
YY1P2,ENSG00000229104
RPS14P4,ENSG00000226928
LINC02829,ENSG00000224753
HLA-U,ENSG00000227366
DDX39B,ENSG00000237889
LINC02102,ENSG00000248677
CARNMT1-AS1,ENSG00000203321
KRT78,ENSG00000170423
STON1-GTF2A1L,ENSG00000068781
LINC02051,ENSG00000226859
CRYGS,ENSG00000213139
LINC01950,ENSG00000251027
RPL7P41,ENSG00000241146
OR6C74,ENSG00000197706
LINC00923,ENSG00000251209
RPS4XP1,ENSG00000214203
CLMAT3,ENSG00000249035
LINC03130,ENSG00000258125
PET100P1,ENSG00000283390
HRGP1,ENSG00000225175
DNAJC19P4,ENSG00000225310
CNTN4-AS1,ENSG00000237990
H2AJ,ENSG00000246705
ERP27,ENSG00000139055
IL5RA,ENSG00000091181
PTCSC3,ENSG00000259104
OR10P1,ENSG00000175398
RN7SKP134,ENSG00000200830
MIR4700,ENSG00000284143
ARF1P2,ENSG00000213137
ESRRB,ENSG00000119715
LTA,ENSG00000230279
MGC32805,ENSG00000250328
KMT2D,ENSG00000167548
LINC02642,ENSG00000232591
MIR4458HG,ENSG00000247516
CYCSP1,ENSG00000271423
RPSAP3,ENSG00000242952
LINC02651,ENSG00000235645
SNCAIP-AS2,ENSG00000249621
SAMD4A-AS1,ENSG00000285774
LINC02666,ENSG00000283141
LINC02639,ENSG00000230573
SNX30-DT,ENSG00000226609
LNCAROD,ENSG00000231131
SOWAHC,ENSG00000198142
LINC03067,ENSG00000271119
DDAH2,ENSG00000227317
SAMM50,ENSG00000100347
AHCYP4,ENSG00000232992
MTND6P9,ENSG00000233248
SDHCP3,ENSG00000234946
ISCA1P6,ENSG00000227653
MAP3K20-AS1,ENSG00000238133
ADAMTS19-AS1,ENSG00000249421
FOCAD-AS1,ENSG00000227071
PPP1R2P5,ENSG00000229360
SNRPGP9,ENSG00000228551
LINC03026,ENSG00000287750
GAPDHP57,ENSG00000236167
MRPS18BP2,ENSG00000235232
MTCYBP9,ENSG00000229935
LINC02348,ENSG00000286733
DSTNP5,ENSG00000236681
ATP5MC2P3,ENSG00000230482
ARPC3P3,ENSG00000256745
DBF4P2,ENSG00000271635
LINCADL,ENSG00000287148
GPR83,ENSG00000123901
RPL9P13,ENSG00000228374
LRP1B,ENSG00000168702
SYNE2,ENSG00000054654
C11orf91,ENSG00000205177
DDR1,ENSG00000229767
SPICP1,ENSG00000255161
OR5B12,ENSG00000172362
LINC01518,ENSG00000233515
OR51V1,ENSG00000176742
LINC02236,ENSG00000251365
RMC1,ENSG00000141452
RPSAP2,ENSG00000248563
HLA-DQB2,ENSG00000226165
H2AX,ENSG00000188486
ZGLP1,ENSG00000220201
APMAP,ENSG00000101474
APLNR,ENSG00000134817
LINC02643,ENSG00000230109
GPSM3,ENSG00000237052
HTR3B,ENSG00000149305
RPSAP23,ENSG00000230391
LINC00838,ENSG00000261683
PPP5D1P,ENSG00000230510
ACTP1,ENSG00000229890
KCNJ3,ENSG00000162989
STRN4,ENSG00000090372
MAMDC2,ENSG00000278608
NEBL-AS1,ENSG00000231920
LINC03041,ENSG00000205549
COX7B,ENSG00000131174
MANCR,ENSG00000231298
ZFPM2-AS1,ENSG00000251003
LINC00533,ENSG00000249032
NCK2-AS1,ENSG00000235522
LINC01556,ENSG00000237634
JMJD4P1,ENSG00000249505
ISY1-RAB43,ENSG00000261796
LINC02228,ENSG00000251273
IFITM2,ENSG00000185201
HSPH1,ENSG00000120694
CHM,ENSG00000188419
PTCSC2,ENSG00000236130
DDIT4-AS1,ENSG00000289506
PPP1R10,ENSG00000230995
SDHDP4,ENSG00000236930
NRBF2P2,ENSG00000226933
HRH3,ENSG00000101180
RNU6-488P,ENSG00000251727
RNU6-511P,ENSG00000200366
HMGN1P7,ENSG00000239614
NSUN3,ENSG00000178694
C12orf76,ENSG00000174456
LINC02211,ENSG00000245662
CUTA,ENSG00000226492
DIDO1,ENSG00000101191
RBBP4P2,ENSG00000242457
COPRSP1,ENSG00000236440
BHLHE22-AS1,ENSG00000254102
DELEC1,ENSG00000173077
CCNG2P1,ENSG00000258112
IGKV1OR2-2,ENSG00000223816
WNT1,ENSG00000125084
RPS21P2,ENSG00000230353
BAAT,ENSG00000276559
LRRC57P1,ENSG00000238065
ARL13B,ENSG00000169379
CELF2-DT,ENSG00000270111
JPT1P1,ENSG00000213148
MTCO1P44,ENSG00000227149
RPL27P7,ENSG00000233741
RPS15AP13,ENSG00000228568
RPS16P3,ENSG00000233329
SLC39A7,ENSG00000229802
TMT1B,ENSG00000170439
CBY1P1,ENSG00000236832
PLPPR1,ENSG00000276539
TBR1,ENSG00000136535
TET2-AS1,ENSG00000251586
NOS1,ENSG00000089250
SLC25A18,ENSG00000182902
LINC00705,ENSG00000225269
PPT2,ENSG00000236649
MIR4491,ENSG00000264032
PKD2L2-DT,ENSG00000250159
PIN4,ENSG00000102309
POU2AF1,ENSG00000110777
RIT2,ENSG00000152214
LINC02670,ENSG00000224788
MTND2P19,ENSG00000231567
EDDM3CP,ENSG00000234060
LINC01832,ENSG00000224231
ALDH7A1P2,ENSG00000232292
BMS1P19,ENSG00000231099
RAD51-AS1,ENSG00000245849
PPIAP66,ENSG00000226131
LINC03046,ENSG00000224817
RNU2-60P,ENSG00000253099
RPL27AP4,ENSG00000233939
EXTL2P1,ENSG00000223976
MIR34B,ENSG00000207811
MIR34C,ENSG00000207562
MTCO1P45,ENSG00000232982
RN7SKP273,ENSG00000223324
MTND1P27,ENSG00000223921
BTG4,ENSG00000137707
LINC01854,ENSG00000204460
TMSB15C,ENSG00000269226
RPL17P15,ENSG00000229326
PRR3,ENSG00000223887
C18orf32,ENSG00000177576
RPS20P12,ENSG00000237784
LINC02845,ENSG00000253644
KRT18P46,ENSG00000235716
TMEM86A,ENSG00000151117
LINC01790,ENSG00000230173
SFTA1P,ENSG00000225383
HUWE1,ENSG00000086758
LY75-CD302,ENSG00000248672
IGSF22,ENSG00000179057
OR2P1P,ENSG00000225838
HLA-F-AS1,ENSG00000206446
LINC02881,ENSG00000277288
HNRNPMP2,ENSG00000269576
LINC02623,ENSG00000234944
SNRPEP4,ENSG00000233270
ARHGAP26-AS1,ENSG00000226272
MBD1,ENSG00000141644
MAGEA3,ENSG00000292186
NWD1,ENSG00000188039
MRGPRX8P,ENSG00000276789
MRGPRX6P,ENSG00000254541
TMBIM4,ENSG00000155957
MRGPRX5P,ENSG00000255536
MAGEA2B,ENSG00000292187
MRGPRX11P,ENSG00000254738
MRGPRX10P,ENSG00000254720
MRGPRX9P,ENSG00000255424
MRGPRX2,ENSG00000183695
ACOT8,ENSG00000101473
MRGPRX1,ENSG00000170255
SCDAL,ENSG00000275322
PDE7A-DT,ENSG00000272192
PTP4A2P2,ENSG00000254481
CSAG1,ENSG00000292188
SNTB1-AS2,ENSG00000248318
LUCAT1,ENSG00000248323
MAGEA12,ENSG00000292189
OR52E5,ENSG00000277932
IZUMO1R,ENSG00000183560
CETN2,ENSG00000292191
NSDHL,ENSG00000292192
LINC02842,ENSG00000254119
LINC02633,ENSG00000224265
TAF10,ENSG00000166337
MAGEA6,ENSG00000292195
SCAND3,ENSG00000248496
SNCA-AS1,ENSG00000247775
ZNF185,ENSG00000292196
LINC02482,ENSG00000251580
VIM-AS1,ENSG00000229124
LINC03131,ENSG00000270372
KRT18P1,ENSG00000233505
ASCL3,ENSG00000176009
OR51F1,ENSG00000280021
RNA5SP350,ENSG00000200168
RPS17P15,ENSG00000239354
POU2AF2,ENSG00000150750
LINC00863,ENSG00000224914
MTND2P20,ENSG00000229701
RPL15P5,ENSG00000233045
POU2AF3,ENSG00000214290
GABPA,ENSG00000154727
HSPE1P9,ENSG00000232690
RPL35AP8,ENSG00000235787
LY6G6E,ENSG00000224708
RN7SL567P,ENSG00000240203
MYO3B-AS1,ENSG00000231898
HCG21,ENSG00000223454
CYP8B1,ENSG00000180432
HLA-DOA,ENSG00000235744
RPS2P39,ENSG00000240698
HNRNPA1P22,ENSG00000236459
RNF26,ENSG00000173456
IQCF1,ENSG00000173389
C1QTNF5,ENSG00000223953
ODF2-AS1,ENSG00000225951
COL15A1-AS1,ENSG00000270412
IQCF2,ENSG00000184345
OR6C1,ENSG00000205330
LINC02382,ENSG00000250968
MFRP,ENSG00000235718
RN7SL504P,ENSG00000241789
IQCF5-AS1,ENSG00000235455
TPX2,ENSG00000088325
ACSM4,ENSG00000215009
IQCF5,ENSG00000214681
MIR885,ENSG00000216135
LINC02473,ENSG00000261121
ZNF22-AS1,ENSG00000165511
LINC00290,ENSG00000248197
ZNF461,ENSG00000197808
SCN10A,ENSG00000185313
PAQR5-DT,ENSG00000261634
BRD2,ENSG00000235307
ACACB,ENSG00000076555
THY1-AS1,ENSG00000263873
DUXAP5,ENSG00000255377
ACTL9,ENSG00000181786
UNC5C-AS1,ENSG00000271474
ZNF628,ENSG00000197483
IFITM9P,ENSG00000213275
IRAIN,ENSG00000259424
LINC02956,ENSG00000259854
ZNF93,ENSG00000184635
DNAJB6P5,ENSG00000256441
FGF4,ENSG00000075388
CXCR5,ENSG00000160683
BMP2K-DT,ENSG00000260278
TBX22,ENSG00000277800
INHBB,ENSG00000163083
HLA-J,ENSG00000228524
YWHAEP5,ENSG00000234645
MIR4492,ENSG00000264211
UPK2,ENSG00000110375
ZNF682,ENSG00000197124
ZNF385B,ENSG00000144331
HCP5,ENSG00000237105
RNU6-454P,ENSG00000201162
LINC00474,ENSG00000204148
PPP1R2P1,ENSG00000234642
HMGN2P7,ENSG00000226427
HLA-DRB9,ENSG00000227384
EAF1,ENSG00000144597
HLA-DRB3,ENSG00000230463
RN7SL688P,ENSG00000239726
FOXR1,ENSG00000176302
RNU6-1024P,ENSG00000206926
MIR4270,ENSG00000263573
RN7SL110P,ENSG00000241064
MIR3134,ENSG00000264354
RN7SL4P,ENSG00000263740
MIR6872,ENSG00000283848
PERPP1,ENSG00000237653
SLC22A25,ENSG00000196600
RN7SKP222,ENSG00000222583
FGF12-AS1,ENSG00000231383
FGF12-AS2,ENSG00000230126
FGF12-AS3,ENSG00000226709
RNU1-20P,ENSG00000200184
LINC02916,ENSG00000230555
BNIP3P13,ENSG00000269154
LINC02475,ENSG00000251350
TREX1,ENSG00000213689
ZNF90,ENSG00000213988
LINC02349,ENSG00000259284
PRR7-AS1,ENSG00000246334
THSD4-AS1,ENSG00000259964
MIR6823,ENSG00000278799
UCN2,ENSG00000145040
IRF2-DT,ENSG00000271646
ELOAP1,ENSG00000235640
RPS8P11,ENSG00000240673
MIR711,ENSG00000284251
TMEM89,ENSG00000183396
ARL4C,ENSG00000188042
BNIP3P14,ENSG00000274612
MIR6824,ENSG00000284364
GLYATL1,ENSG00000166840
CPLANE1-AS1,ENSG00000286193
KREMEN1,ENSG00000183762
TLX1NB,ENSG00000236311
CELSR3,ENSG00000008300
SRSF3P6,ENSG00000233307
BNIP3P15,ENSG00000270716
ZNF486,ENSG00000256229
IDI1P1,ENSG00000237939
VPS26CP1,ENSG00000213083
RNF103-CHMP3,ENSG00000249884
LINC02269,ENSG00000250708
PLCE1-AS1,ENSG00000268894
NIHCOLE,ENSG00000251026
TPM3P8,ENSG00000183022
BNIP3P17,ENSG00000271524
GNG14,ENSG00000283980
MDH1B,ENSG00000138400
C10orf71-AS1,ENSG00000236208
FAM74A1,ENSG00000215112
ZDHHC20P1,ENSG00000229898
IER3,ENSG00000235030
EMX2OS,ENSG00000229847
ZBED3-AS1,ENSG00000250802
CARM1,ENSG00000142453
LNCARSR,ENSG00000233086
SLC25A30,ENSG00000174032
SKOR1-AS1,ENSG00000245719
AIF1,ENSG00000235588
MIR4793,ENSG00000284575
OSBP2,ENSG00000184792
ASTN2-AS1,ENSG00000229105
FBN1-DT,ENSG00000259705
COL7A1,ENSG00000114270
CDC37L1-DT,ENSG00000273061
LINC00865,ENSG00000232229
SMIM35,ENSG00000255274
PPIAP65,ENSG00000233428
TXNL4AP1,ENSG00000213126
ANKRD49P1,ENSG00000228446
USP46-DT,ENSG00000248866
PSMD14P1,ENSG00000227738
MTND4P28,ENSG00000233709
RNF14P1,ENSG00000232915
SMC4P1,ENSG00000229568
PCF11-AS1,ENSG00000269939
RPS6P2,ENSG00000231541
CKS1BP4,ENSG00000255541
RPL32P24,ENSG00000241020
ZBED9-AS1,ENSG00000275478
MISFA,ENSG00000247595
LINC02362,ENSG00000249096
MTND5P30,ENSG00000233039
LINC01375,ENSG00000226159
ITPRID2-DT,ENSG00000260742
OR7E28P,ENSG00000251491
LBHD1,ENSG00000162194
GTF2A1L,ENSG00000242441
LINC02872,ENSG00000204446
MIR3188,ENSG00000267959
RN7SL513P,ENSG00000239821
MIR3189,ENSG00000264175
SPACA6,ENSG00000182310
ERCC8-AS1,ENSG00000233847
DHFRP2,ENSG00000233161
LINC01942,ENSG00000253428
PQBP1,ENSG00000292208
POU6F1,ENSG00000184271
PSORS1C3,ENSG00000224056
HLA-DRB7,ENSG00000227099
LINC01164,ENSG00000189275
HLA-DRB1,ENSG00000228080
DPRX,ENSG00000204595
ANGPTL8,ENSG00000130173
LINC01484,ENSG00000253686
TIMM17B,ENSG00000292215
MRPL34,ENSG00000130312
CHUK-DT,ENSG00000227492
H4C16,ENSG00000197837
AOPEP-AS1,ENSG00000224764
C12orf42,ENSG00000179088
GLIDR,ENSG00000278175
LINC01485,ENSG00000254211
ANO8,ENSG00000074855
PAX6,ENSG00000007372
KIF23-AS1,ENSG00000259426
GPR180,ENSG00000152749
ZSWIM2,ENSG00000163012
LINC01826,ENSG00000232740
RPL5P8,ENSG00000213917
ZMYM5,ENSG00000132950
LINC03137,ENSG00000259457
OTUD5,ENSG00000292211
LINC03097,ENSG00000231653
NCKAP5-AS1,ENSG00000233729
P4HA2-AS1,ENSG00000237714
CCDC194,ENSG00000269720
LINC00536,ENSG00000249917
DAP-DT,ENSG00000272324
KCND1,ENSG00000292214
ITPRID2,ENSG00000138434
GRIPAP1,ENSG00000292219
LINC02121,ENSG00000250529
CATSPERG,ENSG00000099338
ADAM7-AS2,ENSG00000253643
ABCF1,ENSG00000225989
LINC02174,ENSG00000249297
LINC02208,ENSG00000250891
TBC1D4,ENSG00000136111
LINC01264,ENSG00000229630
LINC02233,ENSG00000250488
SLC28A2-AS1,ENSG00000259520
C10orf95-AS1,ENSG00000269609
PIGX,ENSG00000163964
LINC02298,ENSG00000257556
CRAT37,ENSG00000258551
LINC02380,ENSG00000248505
TCP10L2,ENSG00000166984
SKIC2,ENSG00000223493
COL9A1,ENSG00000112280
LINC02870,ENSG00000180066
RIMBP2-AS1,ENSG00000256343
LINC02101,ENSG00000248132
RNU6-1077P,ENSG00000222438
DDIT4L-AS1,ENSG00000249710
RPS27P24,ENSG00000240027
PABPC1P4,ENSG00000255642
TMEM120B,ENSG00000188735
LINC01235,ENSG00000270547
ST20-AS1,ENSG00000259642
LINC02055,ENSG00000254101
LINC02506,ENSG00000251129
TXNRD3,ENSG00000197763
ADAMTS16-DT,ENSG00000250579
LUNAR1,ENSG00000278090
FOSB,ENSG00000125740
MICU2,ENSG00000165487
MTA1-DT,ENSG00000251602
RHOF,ENSG00000139725
LINC02220,ENSG00000248457
AKAP6,ENSG00000151320
WHR1B,ENSG00000249480
LINC02379,ENSG00000251649
RGL2,ENSG00000237825
GDPD2,ENSG00000130055
TLR9,ENSG00000239732
SYNPO2L-AS1,ENSG00000271848
GAR1-DT,ENSG00000272795
C3orf80,ENSG00000180044
KDELR3,ENSG00000100196
PIGO-AS1,ENSG00000234181
LINC01920,ENSG00000236049
OR5K1,ENSG00000232382
PPIAP67,ENSG00000237260
TMEM207,ENSG00000198398
FAM193B-DT,ENSG00000272459
CRTC3-AS1,ENSG00000259736
LINC01089,ENSG00000212694
ATP8A1-DT,ENSG00000260519
DNAH7,ENSG00000118997
LINC00963,ENSG00000204054
MICD,ENSG00000235380
PLSCR5,ENSG00000231213
LINC00710,ENSG00000229240
LINC02059,ENSG00000250544
GPALPP1,ENSG00000133114
BRD1,ENSG00000100425
CBR4-DT,ENSG00000251445
LINC02205,ENSG00000259473
FAM13B-AS1,ENSG00000246323
PRRG3,ENSG00000130032
LINC02207,ENSG00000258476
MIR3936HG,ENSG00000233006
BAG6,ENSG00000229524
NR1I2,ENSG00000144852
LINC01259,ENSG00000249667
THOC3-AS1,ENSG00000250801
EIF1AX,ENSG00000173674
RPL7AP69,ENSG00000268483
MIR26A2,ENSG00000207789
MIR6088,ENSG00000275726
MIR4498,ENSG00000266704
RPS20P31,ENSG00000240925
NME2P1,ENSG00000123009
HTR1DP1,ENSG00000275811
MUC19,ENSG00000205592
SNW1,ENSG00000100603
TMCO3,ENSG00000150403
MRPS10P2,ENSG00000234325
EGOT,ENSG00000235947
TNNC1,ENSG00000114854
LINC02515,ENSG00000250620
MIR548AJ1,ENSG00000265669
SMLR1,ENSG00000256162
HLA-DQA1,ENSG00000236418
MID1IP1,ENSG00000165175
PRRC2A,ENSG00000204469
LINC02655,ENSG00000231082
DPP10,ENSG00000175497
PDE4D-AS1,ENSG00000247345
LINC02438,ENSG00000248238
DNAH1,ENSG00000114841
AVIL,ENSG00000135407
LINC02894,ENSG00000261437
ASB6-AS1,ENSG00000234789
LINC02112,ENSG00000249781
CYP4F26P,ENSG00000226562
NLGN4X,ENSG00000146938
RORA-AS2,ENSG00000259482
WASH5P,ENSG00000282458
IPO5P1,ENSG00000269837
CYP2F2P,ENSG00000237118
LINC02221,ENSG00000250814
WDR45,ENSG00000292221
UBE2CP5,ENSG00000270804
LINC02945,ENSG00000249815
TPM3P9,ENSG00000241015
LINC01340,ENSG00000250331
NRG1-IT1,ENSG00000253974
RPL17P47,ENSG00000242615
ZNF321P,ENSG00000213801
BIRC8,ENSG00000163098
LINC02893,ENSG00000269994
ZNF702P,ENSG00000242779
CYP2T1P,ENSG00000233622
SFTA2,ENSG00000225454
TNFRSF10A-DT,ENSG00000246582
TMEM277P,ENSG00000180279
RNU6-700P,ENSG00000212345
GOT2P3,ENSG00000233719
EIF3J-DT,ENSG00000179523
FAM225A,ENSG00000231528
TEX14BP,ENSG00000225872
CLEC2D,ENSG00000069493
NELFE,ENSG00000206268
C19orf48P,ENSG00000167747
LINC01093,ENSG00000249173
LINC01846,ENSG00000248901
CSGALNACT1-AS1,ENSG00000253270
GPKOW,ENSG00000292204
TAB1,ENSG00000100324
LINC02106,ENSG00000251573
LINC01413,ENSG00000260172
ADSS1,ENSG00000185100
CASC8,ENSG00000246228
CLK3-AS1,ENSG00000275527
ANKRD34C-AS1,ENSG00000259234
LINC02103,ENSG00000249785
PCAT1,ENSG00000253438
KIFC1,ENSG00000233450
MIR4280HG,ENSG00000233828
DBIP1,ENSG00000218748
SPMIP3P1,ENSG00000276925
RN7SL870P,ENSG00000244732
GRM1,ENSG00000152822
CSPG5,ENSG00000114646
SNX12,ENSG00000147164
VWC2L,ENSG00000174453
CCNO-DT,ENSG00000251307
XIRP2-AS1,ENSG00000254552
NPM1P7,ENSG00000213443
LINC02390,ENSG00000256582
HLA-F,ENSG00000235220
TANK-AS1,ENSG00000224467
CD69,ENSG00000110848
LINC01170,ENSG00000253807
CCDC157,ENSG00000187860
GLULP6,ENSG00000215043
HIGD2AP2,ENSG00000235695
FTH1P20,ENSG00000226564
RPL15P6,ENSG00000241723
SLC44A3P1,ENSG00000232658
LILRA2P1,ENSG00000277143
RPS12P7,ENSG00000243314
VWC2L-IT1,ENSG00000224257
MTAPP1,ENSG00000243025
RFKP6,ENSG00000243165
HNRNPA1P47,ENSG00000236695
MIR1226,ENSG00000221585
IMPDH1P7,ENSG00000226553
VPS26BP1,ENSG00000224895
MTCO3P43,ENSG00000227788
RPS27P30,ENSG00000270285
RN7SL664P,ENSG00000265078
RPL17P16,ENSG00000236768
SNRPFP4,ENSG00000235627
DNAJC17P1,ENSG00000235218
SMOC1,ENSG00000198732
RNU7-128P,ENSG00000253056
NDUFB1P1,ENSG00000231884
MIR4443,ENSG00000265483
CAMP,ENSG00000164047
NANOGP2,ENSG00000228670
ZC3H12B,ENSG00000102053
GCNAP1,ENSG00000256912
EFNB2,ENSG00000125266
SEC61GP1,ENSG00000224219
KLRF1,ENSG00000150045
LINC02964,ENSG00000286122
GAPDHP49,ENSG00000234285
MRPS18AP1,ENSG00000229759
RPL27AP3,ENSG00000236667
FCF1P2,ENSG00000228638
MIR2115,ENSG00000252466
KIAA0930,ENSG00000100364
UBE2C,ENSG00000175063
KRT18P29,ENSG00000213958
FBXW12,ENSG00000164049
BANF1P3,ENSG00000237758
ELF1,ENSG00000120690
DKFZP434A062,ENSG00000262075
LINC00861,ENSG00000245164
TBC1D8-AS1,ENSG00000272902
LINC01789,ENSG00000229457
NDUFB11,ENSG00000147123
ADGRL3-AS1,ENSG00000248692
SAMD1,ENSG00000141858
TARS1-DT,ENSG00000249572
ABCA12,ENSG00000144452
SLC1A3-AS1,ENSG00000250155
LINC02490,ENSG00000259237
GCNA,ENSG00000147174
LINC01519,ENSG00000237267
VN2R19P,ENSG00000235974
FKBPL,ENSG00000224200
SELENOTP1,ENSG00000233846
TPD52L3,ENSG00000170777
LINC02283,ENSG00000248184
CSNK1G2-AS1,ENSG00000180846
TCF19,ENSG00000233890
KCNMA1-AS2,ENSG00000225497
RN7SL25P,ENSG00000264530
FUNDC2P3,ENSG00000187103
RNA5SP222,ENSG00000222971
LINC00867,ENSG00000232139
LUADT1,ENSG00000196634
TSPAN5-DT,ENSG00000260641
YAP1P1,ENSG00000220494
RASGRP4,ENSG00000171777
KLRF2,ENSG00000256797
CLEC2A,ENSG00000188393
B3GAT2,ENSG00000112309
HMGB3,ENSG00000029993
HEIH,ENSG00000278970
LINC02428,ENSG00000248740
RN7SL321P,ENSG00000277483
PLXNA1,ENSG00000114554
CLEC12A-AS1,ENSG00000231560
LINC02570,ENSG00000231733
CLEC12A,ENSG00000172322
CFAP58-DT,ENSG00000231233
RPSAP49,ENSG00000226327
VEGFA,ENSG00000112715
RNA5SP283,ENSG00000202474
PTGER4P2,ENSG00000184523
MYO5BP2,ENSG00000238245
LINC00847,ENSG00000245060
ADGRF5P1,ENSG00000227582
HCG9,ENSG00000234313
SAR1AP1,ENSG00000229179
LINC02957,ENSG00000260454
PES1,ENSG00000100029
NTRK3-AS1,ENSG00000260305
FER1L6-AS2,ENSG00000253868
RPL6P9,ENSG00000242390
LINC02937,ENSG00000230537
RNA5SP143,ENSG00000252745
RN7SKP25,ENSG00000199319
RNU7-47P,ENSG00000251787
RPL8P3,ENSG00000240950
RAD23BP1,ENSG00000236570
CFB,ENSG00000241534
RNU6-138P,ENSG00000251761
OR5H8,ENSG00000232535
MITA1,ENSG00000285744
COL9A3,ENSG00000092758
POU5F1P7,ENSG00000248365
OR5H1,ENSG00000231192
OR5H14,ENSG00000236032
MED14,ENSG00000180182
OR5H4P,ENSG00000248507
OR5H6,ENSG00000230301
LINC02667,ENSG00000224190
LINC02852,ENSG00000285866
FLT1P1,ENSG00000229515
SERPINA9,ENSG00000170054
UQCRC2P1,ENSG00000236736
LINC01018,ENSG00000250056
LINC02009,ENSG00000283646
GASK1B-AS1,ENSG00000248429
DNMBP-AS1,ENSG00000227695
FAM240A,ENSG00000283473
RTP3,ENSG00000163825
RPS11P5,ENSG00000232888
RNU6-327P,ENSG00000252079
SNORD38C,ENSG00000207109
RPS25P4,ENSG00000227224
NANOGNBP2,ENSG00000256563
RNU4ATAC12P,ENSG00000252269
PTP4A1P2,ENSG00000255807
MIR6083,ENSG00000276656
RNU6-143P,ENSG00000252751
CLIC1,ENSG00000230685
LINC01607,ENSG00000272138
MIR544B,ENSG00000265981
PPIAP44,ENSG00000258118
RPS26P22,ENSG00000242199
ITGB5-AS1,ENSG00000244286
RNU6-618P,ENSG00000200388
ENO1P3,ENSG00000243986
PDHA1P1,ENSG00000270772
ANKRD49P2,ENSG00000225349
PPIAP16,ENSG00000213509
RNU5F-4P,ENSG00000252390
RPL31P50,ENSG00000231788
SLC16A12-AS1,ENSG00000234452
ANKRD10,ENSG00000088448
LINC01189,ENSG00000232827
KALRN,ENSG00000160145
LINC02672,ENSG00000227121
GPRC5D,ENSG00000111291
DYRK4,ENSG00000010219
FGL1-AS1,ENSG00000254054
LINC02447,ENSG00000245468
LINC00700,ENSG00000234962
MTND3P10,ENSG00000233286
FGF7P6,ENSG00000227449
MTND4LP14,ENSG00000243104
CRLF3P1,ENSG00000236596
ITM2C,ENSG00000135916
TEDC1,ENSG00000185347
CTNNA1-AS1,ENSG00000253404
LINC02647,ENSG00000223993
LINC00052,ENSG00000259527
GPANK1,ENSG00000233210
LINC00601,ENSG00000235180
MTMR6,ENSG00000139505
LINC00930,ENSG00000258647
LINC02839,ENSG00000254123
GAU1,ENSG00000255474
KCNA6-AS1,ENSG00000256988
KCNA6,ENSG00000151079
MAILR,ENSG00000253320
ADD3-AS1,ENSG00000203876
RBM17P2,ENSG00000273999
KCNA1,ENSG00000111262
PTGER4P3,ENSG00000239684
RPL36AP41,ENSG00000242087
CARINH,ENSG00000197536
RNU6-87P,ENSG00000272028
RNU6-1273P,ENSG00000199903
RNU6-199P,ENSG00000199824
RN7SL519P,ENSG00000243075
TMPRSS12,ENSG00000186452
CEP19P1,ENSG00000231032
OR7E89P,ENSG00000243792
TERF1P6,ENSG00000223824
KIAA2012,ENSG00000182329
LINC01491,ENSG00000259572
HIGD1C,ENSG00000214511
OLMALINC,ENSG00000235823
COL11A2,ENSG00000232541
LINC02863,ENSG00000238160
POU5F1P3,ENSG00000235602
CNTNAP3P2,ENSG00000276386
GCSHP4,ENSG00000256171
RPL7P61,ENSG00000230282
LINC01419,ENSG00000253898
CFAP97D2,ENSG00000283361
CDK8P2,ENSG00000227368
HADHAP2,ENSG00000255967
RPS17P8,ENSG00000226242
APOOP2,ENSG00000240902
POU1F1,ENSG00000064835
AICDA,ENSG00000111732
FABP5P10,ENSG00000213201
AHCTF1P1,ENSG00000226121
MXRA7P1,ENSG00000232320
AHCYP5,ENSG00000213107
PCCA,ENSG00000175198
LINC02278,ENSG00000251635
IRX4-AS1,ENSG00000249116
RN7SL396P,ENSG00000244642
RALGAPA2,ENSG00000188559
DEPTOR-AS1,ENSG00000245330
ATP5PBP4,ENSG00000214025
CTB-1I21.1,ENSG00000249803
LIN28AP1,ENSG00000213120
RNA5SP277,ENSG00000202356
HNRNPCP2,ENSG00000204253
RAB28P3,ENSG00000227353
MTNAP1P1,ENSG00000226946
LINC02991,ENSG00000196758
NUDT18,ENSG00000275074
STIM2-AS1,ENSG00000240005
PPP3R1,ENSG00000221823
MIR548I1,ENSG00000221737
RPS3AP14,ENSG00000242229
SNRPCP11,ENSG00000241346
AQP7P4,ENSG00000176115
ENPP7P4,ENSG00000241278
MIR320A,ENSG00000208037
FGF7P5,ENSG00000204816
FBRSL1P1,ENSG00000241439
PIWIL2-DT,ENSG00000254064
ARPC1AP1,ENSG00000242103
RPL7AP11,ENSG00000242445
ARGFX,ENSG00000186103
CALML3-AS1,ENSG00000205488
RBM17P3,ENSG00000237207
CACYBPP2,ENSG00000177855
AQP7P1,ENSG00000186466
PGAM1P4,ENSG00000214041
DUSP5P2,ENSG00000235338
RBM43,ENSG00000184898
TNKS2-DT,ENSG00000228701
MCF2L2,ENSG00000053524
CXXC5-AS1,ENSG00000250635
LINC01592,ENSG00000253658
LINC01941,ENSG00000226813
SPHKAP,ENSG00000153820
CCDC83,ENSG00000150676
CBX7,ENSG00000100307
DUSP5-DT,ENSG00000273143
RYR1,ENSG00000196218
RNU7-102P,ENSG00000238808
TPM4P3,ENSG00000254332
LINC01411,ENSG00000249306
RN7SKP135,ENSG00000252358
PTPRJ-AS1,ENSG00000254879
HMGB1P3,ENSG00000250011
SCOC-AS1,ENSG00000196951
GAB2,ENSG00000033327
IQCA1-AS1,ENSG00000232893
SNF8P1,ENSG00000203387
HSPD1P12,ENSG00000255964
RPL3P5,ENSG00000231546
MTND5P22,ENSG00000238046
RNF11P1,ENSG00000213110
FAM217B,ENSG00000196227
SCML1,ENSG00000047634
AK7,ENSG00000140057
GRPEL2-AS1,ENSG00000253618
NECAP1,ENSG00000089818
MTATP6P26,ENSG00000236878
SETD4,ENSG00000185917
MARCHF11-AS1,ENSG00000250981
ATP10A-DT,ENSG00000259011
GSTCD-AS1,ENSG00000251175
MARCHF11-DT,ENSG00000250448
LINC01289,ENSG00000253734
NARS2-AS1,ENSG00000255084
RNU6-311P,ENSG00000252033
SGSM1,ENSG00000167037
PTPN11P2,ENSG00000250031
INS-IGF2,ENSG00000129965
LINC02351,ENSG00000277987
CYP7A1,ENSG00000167910
PREX1,ENSG00000124126
HLA-C,ENSG00000206435
RETNLB,ENSG00000163515
MIR483,ENSG00000207805
PPIAP85,ENSG00000254103
IGF2-AS,ENSG00000099869
LINC00926,ENSG00000247982
SLC22A14,ENSG00000144671
RNU4-50P,ENSG00000201231
RPL26L1-AS1,ENSG00000204758
INS,ENSG00000254647
PRDM8-AS1,ENSG00000248719
SEPTIN14P8,ENSG00000255464
ARNT2-DT,ENSG00000259495
ITPRIP-AS1,ENSG00000228261
LINC02662,ENSG00000231326
LINC00499,ENSG00000251372
EGFLAM-AS5,ENSG00000251257
MIR4686,ENSG00000265258
ASCL2,ENSG00000183734
ZPLD1,ENSG00000170044
RNU6-878P,ENSG00000207308
LINC00927,ENSG00000259361
NXPE2,ENSG00000204361
SAP30L-AS1,ENSG00000245275
ALKBH1,ENSG00000100601
ARL2-SNX15,ENSG00000273003
FANCB,ENSG00000181544
SAC3D1,ENSG00000168061
NAALADL1,ENSG00000168060
ISCA2,ENSG00000165898
LINC02944,ENSG00000238276
LINC02645,ENSG00000234170
LNX1-AS1,ENSG00000250930
TUBB4A,ENSG00000104833
PLEK2,ENSG00000100558
LINC02100,ENSG00000248693
LINC01935,ENSG00000224095
KDM3AP1,ENSG00000233996
UBE2V1,ENSG00000244687
LINC03116,ENSG00000234207
ST13P2,ENSG00000235616
KRT18P19,ENSG00000213601
YWHAZP2,ENSG00000213236
KCTD5P1,ENSG00000224232
MIR7515,ENSG00000283394
ITPR1,ENSG00000150995
RN7SKP168,ENSG00000222842
MIR548S,ENSG00000265056
MIR7158,ENSG00000276733
RN7SL140P,ENSG00000266059
CCDC160,ENSG00000203952
RNU6-1288P,ENSG00000251859
RNU6-961P,ENSG00000200763
RN7SKP112,ENSG00000223145
RPL29P19,ENSG00000224594
RN7SKP27,ENSG00000222616
RNU6-1215P,ENSG00000207170
MIR4262,ENSG00000265172
MIR3681,ENSG00000264089
MIR4757,ENSG00000266738
SMIM45,ENSG00000205704
RNU6-843P,ENSG00000207183
RNA5SP88,ENSG00000202430
MIR3125,ENSG00000264370
RNA5SP87,ENSG00000206882
RN7SL610P,ENSG00000243847
RNA5SP90,ENSG00000201671
RNU6-1117P,ENSG00000207255
TCEAL8,ENSG00000180964
MIR548AD,ENSG00000265301
RN7SL602P,ENSG00000264352
RNU4-63P,ENSG00000223245
RN7SL414P,ENSG00000239396
GZMB,ENSG00000100453
ALDH1A3-AS1,ENSG00000259583
RNU4-49P,ENSG00000251889
EGFLAM-AS2,ENSG00000248572
RN7SL361P,ENSG00000242158
MACORIS,ENSG00000237797
MIR4432,ENSG00000266078
RNU1-32P,ENSG00000200807
RNU6-634P,ENSG00000239189
CLEC4A,ENSG00000111729
RNU6-221P,ENSG00000238493
RN7SL18P,ENSG00000241625
GCAT,ENSG00000100116
RNU6-282P,ENSG00000202227
LINC02658,ENSG00000234973
RNU6-612P,ENSG00000252718
RN7SL51P,ENSG00000239958
MIR4431,ENSG00000264975
MIR548BA,ENSG00000212036
RNU6-439P,ENSG00000206915
ASNSP4,ENSG00000251470
RN7SL531P,ENSG00000264071
RPS29P30,ENSG00000268243
RNA5SP98,ENSG00000200028
RN7SKP203,ENSG00000200488
RNU6-827P,ENSG00000202423
RN7SL201P,ENSG00000242118
LINC01584,ENSG00000260477
RNU6-685P,ENSG00000252897
RNU6-812P,ENSG00000200048
KLF2,ENSG00000127528
RN7SKP224,ENSG00000201010
RN7SKP164,ENSG00000251947
RNA5SP99,ENSG00000200890
RNU6-1312P,ENSG00000199295
MIR4780,ENSG00000265003
MIR4771-1,ENSG00000264793
RNA5SP100,ENSG00000222835
RNU6-775P,ENSG00000238619
MIR5696,ENSG00000264857
LINC03036,ENSG00000229272
RNU4-84P,ENSG00000201070
RNU2-63P,ENSG00000222724
LINC02462,ENSG00000251291
SNORD89,ENSG00000212283
RNU2-41P,ENSG00000222923
MIR4265,ENSG00000264934
MIR4266,ENSG00000265965
RNU7-46P,ENSG00000238830
RNU6-259P,ENSG00000206726
RN7SL635P,ENSG00000243029
RNU7-190P,ENSG00000239185
RNU6-675P,ENSG00000206963
RN7SL146P,ENSG00000240106
RN7SL111P,ENSG00000243510
MIR4435-2,ENSG00000266139
VTRNA2-2P,ENSG00000251900
RN7SKP102,ENSG00000223118
NRG3-AS1,ENSG00000225738
RNA5SP102,ENSG00000252674
MIR3679,ENSG00000263813
RN7SKP141,ENSG00000251976
TRPA2P,ENSG00000250979
RNA5SP103,ENSG00000238379
RNA5SP104,ENSG00000222921
RN7SKP286,ENSG00000222826
LINC02358,ENSG00000251256
STK32A-AS1,ENSG00000250343
MIR7157,ENSG00000283506
RNU6-904P,ENSG00000252015
TINCR,ENSG00000223573
RNU6-579P,ENSG00000252688
RN7SKP154,ENSG00000222068
RNU6-546P,ENSG00000206718
RNU6-1001P,ENSG00000223197
RNA5SP107,ENSG00000223290
RN7SL423P,ENSG00000244372
CBLN3,ENSG00000139899
RN7SKP93,ENSG00000200708
RNA5SP108,ENSG00000271924
LINC02615,ENSG00000251432
RNU6-627P,ENSG00000200902
SMIM46,ENSG00000289762
RN7SL283P,ENSG00000240977
RNA5SP105,ENSG00000212425
SYMPK-AS1,ENSG00000269148
RN7SL813P,ENSG00000241074
MIR4437,ENSG00000266705
MIR548AE1,ENSG00000266808
LINC00836,ENSG00000280809
RNU6-915P,ENSG00000201813
CDCA5,ENSG00000146670
RN7SKP42,ENSG00000222845
RNU6-989P,ENSG00000199626
ZIM2,ENSG00000269699
RNU6-1045P,ENSG00000252130
ADGB,ENSG00000118492
RNY4P34,ENSG00000201649
MIR4774,ENSG00000265694
RNU6-766P,ENSG00000199348
MIR4438,ENSG00000265734
MIR1258,ENSG00000221240
RN7SL807P,ENSG00000243125
RNU6-624P,ENSG00000200281
MIR5702,ENSG00000263363
RNU6-451P,ENSG00000199791
UBE2A,ENSG00000077721
MIR3130-1,ENSG00000283469
ZNF705A,ENSG00000196946
MIR3130-2,ENSG00000263468
HSPE1P14,ENSG00000271612
SDR39U1,ENSG00000100445
RN7SL834P,ENSG00000243650
HCG24,ENSG00000230134
RNU6-268P,ENSG00000201044
ZNF317P1,ENSG00000253781
RNU6-1051P,ENSG00000202341
MIR3133,ENSG00000263752
RNU6-619P,ENSG00000202016
RNU6-169P,ENSG00000202206
RPL6P4,ENSG00000226080
RPS6P12,ENSG00000233309
SLC66A3,ENSG00000162976
DRAIC,ENSG00000245750
FERMT1,ENSG00000101311
ZNF75BP,ENSG00000258212
TMEM262,ENSG00000187066
SMIM41-AS1,ENSG00000257989
BMS1P11,ENSG00000225883
KRT80,ENSG00000167767
LARP4B-DT,ENSG00000229869
BMS1P9,ENSG00000198312
SCFD2-AS1,ENSG00000248115
ZNHIT2,ENSG00000174276
MIR6751,ENSG00000284489
HIGD1AP10,ENSG00000254455
RNU2-23P,ENSG00000222477
PDCL2P2,ENSG00000255058
CAPN1-AS1,ENSG00000254614
ANKRD33BP8,ENSG00000254558
TRIM64B,ENSG00000189253
LINC01182,ENSG00000250634
TRPM5,ENSG00000070985
RNU6-1081P,ENSG00000207267
AIDAP1,ENSG00000230154
PPIAP60,ENSG00000226961
LINC03037,ENSG00000230952
HEBP2P1,ENSG00000235548
TMT1AP1,ENSG00000257649
KRT88P,ENSG00000284883
RPLP0P7,ENSG00000238069
SERPINA15P,ENSG00000255033
ADARB1,ENSG00000197381
LINC02237,ENSG00000253434
RN7SKP179,ENSG00000251935
RAB1AP1,ENSG00000229023
KRT81,ENSG00000205426
STAT4-AS1,ENSG00000231858
FAM53B-AS1,ENSG00000233334
RNU6-959P,ENSG00000207402
MIR640,ENSG00000207821
TSSK6,ENSG00000178093
HMGB1P27,ENSG00000230611
SEPTIN10P1,ENSG00000253541
NME2P2,ENSG00000224443
RN7SL408P,ENSG00000266875
RPS29P32,ENSG00000276703
RNA5SP218,ENSG00000200058
RNU6-1286P,ENSG00000206598
HLA-B,ENSG00000228964
RBISP5,ENSG00000224058
RPL36AP15,ENSG00000235369
RNU4-35P,ENSG00000199458
RPS27AP7,ENSG00000236549
PHF5AP1,ENSG00000267178
PPIAP62,ENSG00000226473
PPIAP88,ENSG00000227350
KRT86-AS1,ENSG00000287051
GUSBP2,ENSG00000241549
NFKBID,ENSG00000167604
RN7SL817P,ENSG00000241791
KRT83,ENSG00000170523
PPFIA1P1,ENSG00000271639
UGT1A11P,ENSG00000227846
RPS20P23,ENSG00000242399
UGT1A13P,ENSG00000234143
POM121L6P,ENSG00000243307
UGT1A9,ENSG00000241119
VN1R12P,ENSG00000220581
IL22RA2,ENSG00000164485
MB,ENSG00000198125
CASC2,ENSG00000177640
CDK2AP2P3,ENSG00000226020
RAB28P4,ENSG00000276894
LINC02497,ENSG00000251182
LINC01587,ENSG00000082929
RPL31P43,ENSG00000213557
YBX1P6,ENSG00000213539
KRT85,ENSG00000135443
APEX2,ENSG00000169188
AQP7P2,ENSG00000181997
HSH2D-AS1,ENSG00000269243
LINC02835,ENSG00000285711
LINC01801,ENSG00000267767
ATXN3,ENSG00000066427
GDAP1L1,ENSG00000124194
KRT84,ENSG00000161849
UGT1A6,ENSG00000167165
SEPTIN14P19,ENSG00000281379
HHIP-AS1,ENSG00000248890
CICP19,ENSG00000282059
KRT84-AS1,ENSG00000258253
KRT82,ENSG00000161850
RNU6-1076P,ENSG00000222329
WNK3,ENSG00000196632
SPMAP2,ENSG00000105549
VIRMA-DT,ENSG00000253704
KRT90P,ENSG00000257844
KRT75,ENSG00000170454
SRD5A3-AS1,ENSG00000249700
KRT6B,ENSG00000185479
DPP9-AS1,ENSG00000205790
NUP50,ENSG00000093000
MAP2K7-AS1,ENSG00000268149
NEURL1-AS1,ENSG00000235470
KRT6C,ENSG00000170465
ZNF887P,ENSG00000267500
ZNF833P,ENSG00000267343
WFDC10B,ENSG00000182931
ZNF441,ENSG00000197044
LINC02669,ENSG00000233321
KRT6A,ENSG00000205420
MTND1P35,ENSG00000255055
ZNF440,ENSG00000171295
TRIM49D1,ENSG00000223417
CEP250,ENSG00000126001
DNM1P35,ENSG00000246877
LINC02432,ENSG00000248810
DEFB109A,ENSG00000242296
TRIM49D2,ENSG00000233802
LINC00663,ENSG00000266904
KRT5,ENSG00000186081
LINC02241,ENSG00000251629
ANKRD33BP9,ENSG00000255305
TRIM53AP,ENSG00000225581
RPL17P11,ENSG00000233445
TRIM49C,ENSG00000204449
UGT1A2P,ENSG00000228445
CDC20P1,ENSG00000231007
UGT1A1,ENSG00000241635
GAS1RR,ENSG00000226237
ZNF506,ENSG00000081665
SYCP2L,ENSG00000153157
HJURP,ENSG00000123485
LINC02649,ENSG00000215244
ANKRD33BP10,ENSG00000254916
BNIP3P18,ENSG00000269055
TRIM64,ENSG00000204450
BNIP3P19,ENSG00000271638
RPL30P9,ENSG00000242709
BNIP3P20,ENSG00000271704
FXYD6-FXYD2,ENSG00000255245
CPEB1-AS1,ENSG00000259462
KRT71,ENSG00000139648
ADARB2-AS1,ENSG00000205696
ZNF826P,ENSG00000231205
MIR1270,ENSG00000238517
BNIP3P22,ENSG00000268174
BNIP3P23,ENSG00000268335
FIGLAP1,ENSG00000270317
RNU6-1179P,ENSG00000207397
LOXL1-AS1,ENSG00000261801
GOLGA2P9,ENSG00000269332
KRT74,ENSG00000170484
RN7SL860P,ENSG00000240713
ACNATP,ENSG00000227411
RAD54L2P1,ENSG00000269316
ZNF492,ENSG00000229676
RAB28P1,ENSG00000226108
DNHD1,ENSG00000179532
DNAH8,ENSG00000124721
AKAP14,ENSG00000186471
RPL7AP49,ENSG00000184961
ZNF849P,ENSG00000198153
RPL34P33,ENSG00000241282
KRT72,ENSG00000170486
VN1R87P,ENSG00000268789
SLC25A1P5,ENSG00000267323
RNU6-127P,ENSG00000212199
ARL14EPP1,ENSG00000224891
RPL31P16,ENSG00000233159
LINC02935,ENSG00000225292
RNU6-939P,ENSG00000207364
RNU6-1116P,ENSG00000253078
RN7SL670P,ENSG00000264041
MRPL50P2,ENSG00000238285
TTBK2-AS1,ENSG00000246283
NECAP1P2,ENSG00000234632
TAF13P2,ENSG00000225658
HMGA1P8,ENSG00000233155
ERVE-5,ENSG00000266976
INO80B,ENSG00000115274
TMEM26-AS1,ENSG00000237233
MAN1A2P1,ENSG00000267799
RRS1-DT,ENSG00000246145
KRT73,ENSG00000186049
APOL2,ENSG00000128335
CDRT15P14,ENSG00000230804
LINC00906,ENSG00000267339
LPAR4,ENSG00000147145
SNX18P8,ENSG00000231390
GXYLT1P3,ENSG00000232433
AQP7P5,ENSG00000278122
TMX2P1,ENSG00000213839
PRDX1P1,ENSG00000214121
KRT128P,ENSG00000258120
INO80B-WBP1,ENSG00000274049
TRPC4,ENSG00000133107
GJD2-DT,ENSG00000250007
TXNRD1,ENSG00000198431
LINC01030,ENSG00000253799
TLX2,ENSG00000115297
NRIP3,ENSG00000175352
RBMX2,ENSG00000134597
RNA5SP470,ENSG00000252272
RN7SL340P,ENSG00000241604
CT62,ENSG00000225362
TSHZ3,ENSG00000121297
EGFLAM-AS1,ENSG00000249491
CRYBB1,ENSG00000100122
WFDC2,ENSG00000101443
C10orf67-AS1,ENSG00000224215
GPR42,ENSG00000126251
MOCS2-DT,ENSG00000247796
EEF1A1P7,ENSG00000268222
RN7SL491P,ENSG00000264400
FFAR2,ENSG00000126262
AKR1B1P3,ENSG00000213785
PKNOX1,ENSG00000160199
UBE2V1P6,ENSG00000235995
RN7SL188P,ENSG00000241943
RN7SKP90,ENSG00000199883
PIWIL4,ENSG00000134627
ZNF850,ENSG00000267041
ITGA2-AS1,ENSG00000249899
FAM66A,ENSG00000227888
ZIC3,ENSG00000156925
SUGT1P1,ENSG00000226823
ARHGAP26-IT1,ENSG00000230789
LRP2,ENSG00000081479
LINC01586,ENSG00000249487
ZNF790-AS1,ENSG00000267254
LINC02058,ENSG00000248528
MAST4-AS1,ENSG00000229666
CACNB2-AS2,ENSG00000235020
CPEB2-DT,ENSG00000247624
YWHAH,ENSG00000128245
MTCL2,ENSG00000149639
HPS1-AS1,ENSG00000287261
RXRB,ENSG00000228333
LGALS16,ENSG00000249861
PRSS3P4,ENSG00000204982
FOXRED2,ENSG00000100350
HMGB1P37,ENSG00000213467
ZNF322P1,ENSG00000188801
SUGT1P4,ENSG00000254483
MIR8074,ENSG00000278617
FUT4,ENSG00000196371
VSIG10L-AS1,ENSG00000267905
LINC02436,ENSG00000250754
SPDYC,ENSG00000204710
SUGT1P4-STRA6LP-CCDC180,ENSG00000255036
SIGLEC10-AS2,ENSG00000254760
SIGLEC10-AS1,ENSG00000255441
RN7SL285P,ENSG00000243313
RNVU1-33,ENSG00000200597
ITGAEP1,ENSG00000218521
TFGP1,ENSG00000217227
RN7SL465P,ENSG00000244297
CTXN2-AS1,ENSG00000259235
DNAJC2P1,ENSG00000219273
LINC02143,ENSG00000253236
SLC22A2,ENSG00000112499
VPS51P5,ENSG00000230851
SIGLEC31P,ENSG00000268847
XNDC1N-ZNF705EP-ALG1L9P,ENSG00000289716
ZIM2-AS1,ENSG00000269793
SMIM17,ENSG00000268182
LINC02229,ENSG00000250313
LINC03080,ENSG00000259341
MTRF1LP1,ENSG00000256091
ROMO1,ENSG00000125995
RPS29P19,ENSG00000243353
LPAL2,ENSG00000213071
CLDN25,ENSG00000228607
LRRC37A13P,ENSG00000257101
PRKN,ENSG00000185345
ISG20L2P2,ENSG00000255710
RNU6-1107P,ENSG00000201687
KRT8P7,ENSG00000230716
NECTIN1,ENSG00000110400
LINC00491,ENSG00000250682
RNU6-1123P,ENSG00000199217
NECTIN1-AS1,ENSG00000255247
ST8SIA6-AS1,ENSG00000204832
OR5AK3P,ENSG00000181282
OR5AK2,ENSG00000181273
KRT8P44,ENSG00000227913
PACRG,ENSG00000112530
COL20A1,ENSG00000101203
PBDC1,ENSG00000102390
OVCH1,ENSG00000187950
A1BG-AS1,ENSG00000268895
SNHG14,ENSG00000224078
LINC02650,ENSG00000233945
ST13P11,ENSG00000213368
KDM4D,ENSG00000186280
LINC02675,ENSG00000264404
ZNF497-AS2,ENSG00000268049
KDM4E,ENSG00000235268
ZNF497-AS1,ENSG00000269054
PACRG-AS3,ENSG00000225683
SRSF8,ENSG00000263465
BUD13P1,ENSG00000270689
SIGLEC24P,ENSG00000269021
SESN3,ENSG00000149212
SLC7A3,ENSG00000165349
DNAJB1,ENSG00000132002
LINC02646,ENSG00000236303
MIR4698,ENSG00000263838
MIR4494,ENSG00000264906
LINC00955,ENSG00000216560
DIP2C-AS2,ENSG00000225140
MIR6880,ENSG00000275967
ITGB1P1,ENSG00000269378
YPEL5P4,ENSG00000275432
FAM186B,ENSG00000135436
NUDT19P4,ENSG00000270900
RBM22P4,ENSG00000277769
PLIN3-AS1,ENSG00000267484
MIR586,ENSG00000207769
B3GNTL1P2,ENSG00000271328
ARRDC5,ENSG00000205784
RN7SKP116,ENSG00000252711
OPN5,ENSG00000124818
BGLT3,ENSG00000260629
LINC02674,ENSG00000234952
RPS29P26,ENSG00000239320
RAG1,ENSG00000166349
LGALS13,ENSG00000105198
ZNF804A,ENSG00000170396
RAG2,ENSG00000175097
C6orf136,ENSG00000233641
RPL23AP33,ENSG00000237824
RNU6-834P,ENSG00000199237
POLR2KP1,ENSG00000258284
EEF1A1P12,ENSG00000214199
PARK7P1,ENSG00000257243
CD8B2,ENSG00000254126
HIGD1AP9,ENSG00000258104
NAPA,ENSG00000105402
HOXC13,ENSG00000123364
NAXD,ENSG00000213995
RCE1,ENSG00000173653
HOXC12,ENSG00000123407
RNU1-105P,ENSG00000200340
RNU6-960P,ENSG00000200926
LINC02355,ENSG00000248210
MFSD4B,ENSG00000173214
SNORD94,ENSG00000208772
HOXC11,ENSG00000123388
MIR4779,ENSG00000265420
MRPL35,ENSG00000132313
LINC02994,ENSG00000250546
HOXC10,ENSG00000180818
HOXC6,ENSG00000197757
PHF1,ENSG00000225553
LINC02510,ENSG00000250341
LINC01475,ENSG00000257582
UBE2F-SCLY,ENSG00000258984
MIR196A2,ENSG00000207924
HOXC9,ENSG00000180806
REV3L,ENSG00000009413
HOXC8,ENSG00000037965
RNU6-1333P,ENSG00000251971
ERFE,ENSG00000178752
HCG20,ENSG00000224923
MIR615,ENSG00000207571
MYO1H,ENSG00000174527
DDX11L5,ENSG00000236875
RNU7-23P,ENSG00000239099
MIR3163,ENSG00000266423
C11orf86,ENSG00000173237
FRG1JP,ENSG00000215548
LINC01378,ENSG00000236922
CSGALNACT2-DT,ENSG00000273008
SORCS3-AS1,ENSG00000226387
SYNJ1,ENSG00000159082
MIR1244-1,ENSG00000284378
RPL28P2,ENSG00000237641
LINC00839,ENSG00000185904
RNU7-103P,ENSG00000238370
MIR1471,ENSG00000222246
RPL23AP14,ENSG00000224438
MIR562,ENSG00000207626
NRBF2P6,ENSG00000251485
FOXA2,ENSG00000125798
ECEL1P3,ENSG00000230122
NRIP2,ENSG00000053702
ALPP,ENSG00000163283
POGLUT2,ENSG00000134901
SDC4,ENSG00000124145
CENPBD2P,ENSG00000213753
TEX52,ENSG00000283297
LIPE,ENSG00000079435
RNU6-1315P,ENSG00000252996
TEAD4,ENSG00000197905
FNDC11,ENSG00000125531
CIB3,ENSG00000141977
ALPG,ENSG00000163286
CDC25B,ENSG00000101224
CSAG3,ENSG00000268916
LINC03029,ENSG00000304109
OR1H1P,ENSG00000228914
MID2,ENSG00000080561
ALPI,ENSG00000163295
RNU6-993P,ENSG00000252962
COX16P1,ENSG00000268747
ZNF708,ENSG00000182141
SYT15-AS1,ENSG00000231187
VN1R83P,ENSG00000268521
BNIP3P25,ENSG00000268322
ZNF222-DT,ENSG00000267144
SCGB2B2,ENSG00000205209
RDH10-AS1,ENSG00000250295
SLC25A28-DT,ENSG00000260475
RPL7AP45,ENSG00000275160
ZNF30-AS1,ENSG00000270876
LCP1,ENSG00000136167
PRSS56,ENSG00000237412
GRK5-AS1,ENSG00000236426
SEC1P,ENSG00000232871
SMIM24,ENSG00000095932
TCERG1L-AS1,ENSG00000230098
RPL13AP24,ENSG00000234589
CHRNG,ENSG00000196811
TSPAN9-IT1,ENSG00000256197
RPS27P3,ENSG00000227081
HAND2-AS1,ENSG00000237125
SMIM44,ENSG00000284638
RNU6-174P,ENSG00000222338
FAM27B,ENSG00000278763
SMCO2,ENSG00000165935
FAM27E3,ENSG00000274026
LINC00968,ENSG00000246430
OR10H5,ENSG00000172519
PTPRS-AS1,ENSG00000267550
MIR1181,ENSG00000284268
CEBPA-DT,ENSG00000267296
FCF1P5,ENSG00000220392
OR8S1,ENSG00000284723
REV3L-IT1,ENSG00000229276
BRD7P4,ENSG00000218676
NACAP7,ENSG00000218965
BNIP3P46,ENSG00000271179
RN7SL11P,ENSG00000239316
ANOS1,ENSG00000011201
OR5BS1,ENSG00000198678
LINC03068,ENSG00000234311
MAP3K4-AS1,ENSG00000272841
RNU6-1132P,ENSG00000239108
ARMH2,ENSG00000260286
RNA5-8SP5,ENSG00000202174
MIR663B,ENSG00000221288
CDC27P1,ENSG00000233786
RN7SL246P,ENSG00000265093
FAM201B,ENSG00000230992
KNOP1P2,ENSG00000270429
NPAP1P7,ENSG00000277357
RNU6-175P,ENSG00000252705
YBX1P7,ENSG00000232349
CTSLP8,ENSG00000234575
RPL7P6,ENSG00000227525
BORCS8P1,ENSG00000256844
ANKRD33BP2,ENSG00000254728
LINC00309,ENSG00000230923
RN7SL459P,ENSG00000240993
RN7SL67P,ENSG00000243854
PDCD5P1,ENSG00000255909
MIR4433B,ENSG00000264297
MIR4433A,ENSG00000283222
RPL23AP37,ENSG00000236148
RNU6-254P,ENSG00000200247
EEF1A1P4,ENSG00000245205
RN7SKP43,ENSG00000251982
TRIM51CP,ENSG00000249910
SYNCRIP,ENSG00000135316
RPL7L1P9,ENSG00000231035
MIR6809,ENSG00000275458
RNU6-848P,ENSG00000251757
KLF2P3,ENSG00000223349
TRIM49B,ENSG00000182053
GPR148,ENSG00000173302
CYCSP8,ENSG00000232503
ARHGAP42P1,ENSG00000227817
YWHABP1,ENSG00000237557
ANKRD33BP3,ENSG00000288434
SSBP3P2,ENSG00000224425
BMS1P12,ENSG00000224599
LINC01836,ENSG00000267530
TRIM64C,ENSG00000214891
MTCYBP10,ENSG00000233285
MTND6P10,ENSG00000227275
MTND5P23,ENSG00000235080
UBTFL7,ENSG00000229361
MTND4P21,ENSG00000231777
MTND3P18,ENSG00000283865
MTCO3P18,ENSG00000227661
S100B,ENSG00000160307
SNORA49,ENSG00000208892
RNU6-46P,ENSG00000206587
RPS3AP40,ENSG00000243672
MTATP6P4,ENSG00000236590
MTCO2P18,ENSG00000234480
VPS51P17,ENSG00000255230
OR7E1P,ENSG00000255554
MTCO1P18,ENSG00000237910
MIR7113,ENSG00000284293
BSG-AS1,ENSG00000267751
MIR4691,ENSG00000284435
MIR6753,ENSG00000275022
HSD17B8,ENSG00000225312
NDUFA3P2,ENSG00000254856
MTND2P18,ENSG00000234939
RPL39P28,ENSG00000244432
NDUFAF2P2,ENSG00000255358
HNRNPA1P70,ENSG00000236946
MTND1P26,ENSG00000234576
DDX18P5,ENSG00000255220
RN7SL778P,ENSG00000272412
IFNG,ENSG00000111537
MIR548L,ENSG00000221230
MED15P3,ENSG00000226831
DM1-AS,ENSG00000267395
ZNF32-AS2,ENSG00000228426
NOC2LP2,ENSG00000217950
ZNG1DP,ENSG00000204778
TCIRG1,ENSG00000110719
PCMTD1-DT,ENSG00000228801
RHOQP2,ENSG00000232742
TUBA3D,ENSG00000075886
BMS1P13,ENSG00000231701
AQP7P3,ENSG00000279688
BICRA-AS2,ENSG00000277383
ZNF561-AS1,ENSG00000267106
GJB2,ENSG00000165474
AIFM1,ENSG00000156709
ZEB1-AS1,ENSG00000237036
IL26,ENSG00000111536
MIR4784,ENSG00000284149
DAPL1,ENSG00000163331
ARL11,ENSG00000152213
IL22,ENSG00000127318
LIG4,ENSG00000174405
LIMASI,ENSG00000266978
LINC02930,ENSG00000274461
CYP21A2,ENSG00000232414
RGPD3,ENSG00000153165
ICAM4-AS1,ENSG00000267607
WDR11-DT,ENSG00000227165
PSG8-AS1,ENSG00000225877
CFAP418-AS1,ENSG00000253773
RFLNA,ENSG00000178882
UPK1A-AS1,ENSG00000226510
KCNJ4,ENSG00000168135
PIBF1,ENSG00000083535
TCN2,ENSG00000185339
HOXC4,ENSG00000198353
HOXC5,ENSG00000172789
UGT1A4,ENSG00000244474
ZNF529-AS1,ENSG00000233527
APP,ENSG00000142192
LINC01605,ENSG00000253161
NUTM2B-AS1,ENSG00000225484
THCAT155,ENSG00000287243
HNRNPA3P10,ENSG00000257851
LINC02965,ENSG00000269086
ZNF705EP,ENSG00000214534
CYCSP28,ENSG00000255003
SCN8A,ENSG00000196876
PTPRJ,ENSG00000149177
LINC01838,ENSG00000269037
CFC1,ENSG00000136698
ANKRD18CP,ENSG00000159712
ERCC5,ENSG00000134899
SNX18P4,ENSG00000229146
CDRT15P12,ENSG00000233765
PIN1-DT,ENSG00000267289
SNX18P9,ENSG00000224185
ZFAND6P1,ENSG00000244213
HLA-DQB1,ENSG00000206237
GRK7,ENSG00000114124
RGPD4,ENSG00000196862
OSTN,ENSG00000188729
MIR3161,ENSG00000263693
OR4B1,ENSG00000175619
OR4B2P,ENSG00000255514
RNU1-93P,ENSG00000201574
OR4X2,ENSG00000172208
RPS28P4,ENSG00000237039
MIR6826,ENSG00000278658
OR4X1,ENSG00000176567
NUP210P3,ENSG00000248916
MIR4777,ENSG00000263641
ZBTB8OSP2,ENSG00000172799
SNORD20,ENSG00000207280
MARK2P3,ENSG00000270492
SNORD82,ENSG00000202400
MUCL3,ENSG00000232308
RNU2-22P,ENSG00000223198
MARK2P19,ENSG00000270773
OR52E8,ENSG00000183269
SNORA7B,ENSG00000207088
RHO,ENSG00000163914
NMUR1,ENSG00000171596
RSF1-IT1,ENSG00000255409
C4A-AS1,ENSG00000232565
VARS2,ENSG00000236178
RIC3,ENSG00000166405
AQP12B,ENSG00000185176
H1-8,ENSG00000178804
RN7SL752P,ENSG00000239437
CARMIL2P1,ENSG00000248659
RNA5SP145,ENSG00000199994
GPR171,ENSG00000174946
LINC01516,ENSG00000231422
SETP11,ENSG00000239570
TANAR,ENSG00000223991
GPR158-AS1,ENSG00000233642
GPR87,ENSG00000138271
RN7SKP152,ENSG00000222376
RNU6-642P,ENSG00000200029
CDK5R2,ENSG00000171450
RPL7AP76,ENSG00000231995
FEV,ENSG00000163497
RN7SL26P,ENSG00000242014
P2RY13,ENSG00000181631
MIR3934,ENSG00000266509
MIR4642,ENSG00000266619
NPM1P36,ENSG00000214604
FGF7P7,ENSG00000204801
MIR375,ENSG00000198973
IHH,ENSG00000163501
COL21A1,ENSG00000124749
CNTNAP3P5,ENSG00000278213
MRPL42P6,ENSG00000242810
MIR5186,ENSG00000264330
TCEA2,ENSG00000171703
TOPAZ1,ENSG00000173769
MIR3131,ENSG00000264755
RN7SL764P,ENSG00000240317
FAM88F,ENSG00000226007
ALDH3B2,ENSG00000132746
MIR153-1,ENSG00000207647
ECRG4,ENSG00000119147
HTRA1-AS1,ENSG00000285955
DIS3,ENSG00000083520
MIR548AQ,ENSG00000265470
MIR1284,ENSG00000221264
FOXP1-IT1,ENSG00000242094
LINC02644,ENSG00000230720
FAM138F,ENSG00000282591
RPL35AP9,ENSG00000243675
PCBP3,ENSG00000183570
GPR79,ENSG00000232374
MIR3919,ENSG00000263634
RPS2P19,ENSG00000244249
C9orf78P1,ENSG00000243116
RNU2-31P,ENSG00000252763
CACTIN-AS1,ENSG00000226800
MIR26A1,ENSG00000199075
SNORA58,ENSG00000249020
MIR5704,ENSG00000265859
GRK3,ENSG00000100077
PSMC2P1,ENSG00000240854
HNRNPA1P17,ENSG00000243188
RPL22P10,ENSG00000213295
RPL13P8,ENSG00000241634
RAB28P2,ENSG00000236825
SRSF3P4,ENSG00000224061
MYH15,ENSG00000144821
FLJ43315,ENSG00000291012
LINC01151,ENSG00000253819
HLA-E,ENSG00000230254
OR51C1,ENSG00000197674
OR10D3,ENSG00000197309
DUSP28,ENSG00000188542
OR4A15,ENSG00000181958
MTUS1-DT,ENSG00000253944
TSGA10IP,ENSG00000175513
VPS13C-DT,ENSG00000259251
KRT18P52,ENSG00000237007
AK2P2,ENSG00000242272
DDX50P1,ENSG00000229816
RNU6-647P,ENSG00000201113
RPL7P13,ENSG00000234253
MTCO1P42,ENSG00000230327
CIBAR1-DT,ENSG00000246662
MIR8485,ENSG00000216191
OR5D3P,ENSG00000186886
OR51B5,ENSG00000167355
LINC02346,ENSG00000206187
RNA5SP111,ENSG00000223318
MAPRE1P3,ENSG00000233204
SNX18P7,ENSG00000234373
RNU7-9P,ENSG00000238782
NPAP1P6,ENSG00000238002
RNU6-613P,ENSG00000222344
CYP4F60P,ENSG00000230635
RNU6-964P,ENSG00000252333
FBXO36-IT1,ENSG00000231534
RNU6-1027P,ENSG00000206725
RNY4P19,ENSG00000199400
RNA5SP121,ENSG00000252346
SNRPGP8,ENSG00000226718
OR10S1,ENSG00000196248
CCL20,ENSG00000115009
RASSF10,ENSG00000189431
LINC02637,ENSG00000272430
MIR6745,ENSG00000275208
CBL,ENSG00000110395
CRIPTOP2,ENSG00000183514
LINC02653,ENSG00000236373
DYTN,ENSG00000232125
ADGRA1-AS1,ENSG00000256925
DPH6-DT,ENSG00000248079
LINC00905,ENSG00000167459
RNA5SP139,ENSG00000201210
PDCD4-AS1,ENSG00000203497
RNU2-37P,ENSG00000222627
RN7SL172P,ENSG00000243544
RNU4-62P,ENSG00000222057
GP5,ENSG00000178732
MAF1P1,ENSG00000214301
FAM76AP1,ENSG00000250983
LINC00595,ENSG00000230417
SHOX2,ENSG00000168779
LMF2,ENSG00000100258
UBQLN4P2,ENSG00000226213
CDPF1P1,ENSG00000227799
PRDM16,ENSG00000142611
PRELID1P6,ENSG00000228305
RPL27P6,ENSG00000234488
CSP1,ENSG00000228872
LINC02853,ENSG00000259245
RNU6-111P,ENSG00000252988
FTH1P3,ENSG00000213453
RNU6-986P,ENSG00000200003
RPS17P7,ENSG00000232723
RPL12P15,ENSG00000230993
KMT5B,ENSG00000110066
ATP13A5,ENSG00000187527
LINC02568,ENSG00000259459
NPM1P32,ENSG00000213239
KDM5A,ENSG00000073614
RNU6-1275P,ENSG00000212389
LINC00929,ENSG00000259150
CNGB3-AS1,ENSG00000253778
TMEM72-AS1,ENSG00000224812
MBD5,ENSG00000204406
ROBO1,ENSG00000169855
ZNF470-DT,ENSG00000269696
DHFRP6,ENSG00000219095
GABRR2,ENSG00000111886
UQCRFS1-DT,ENSG00000267498
LHFPL1,ENSG00000182508
CERNA1,ENSG00000259577
OIP5-AS1,ENSG00000247556
TPP2,ENSG00000134900
TUBB3P1,ENSG00000220418
NKAIN2,ENSG00000188580
FGF7P4,ENSG00000216829
DDRGK1,ENSG00000198171
GPRASP3,ENSG00000198908
OR7E109P,ENSG00000236316
OR7E108P,ENSG00000270432
RNF217,ENSG00000146373
LINC01166,ENSG00000232903
GEMIN7-AS1,ENSG00000267348
EEF1DP6,ENSG00000229280
LINC01646,ENSG00000232596
ZNF582-DT,ENSG00000267454
LINC02782,ENSG00000231510
SLC10A3,ENSG00000126903
LGALS17A,ENSG00000291086
RPSAP9,ENSG00000234618
RPL7AP47,ENSG00000234982
RPL35AP20,ENSG00000232946
IL9RP1,ENSG00000229926
MIR920,ENSG00000216192
KNOP1P1,ENSG00000256852
PMCH,ENSG00000183395
CDK2AP2P2,ENSG00000237451
TPD52L1,ENSG00000111907
FGF7P8,ENSG00000219693
LINC01410,ENSG00000238113
USP12P2,ENSG00000224007
HELLPAR,ENSG00000281344
RPS29P8,ENSG00000232238
RN7SL793P,ENSG00000264554
MIR129-2,ENSG00000199077
MIR1252,ENSG00000221788
RPL23AP63,ENSG00000243721
PHB1P2,ENSG00000254512
MICA,ENSG00000231225
NOP56P3,ENSG00000257956
C11orf96,ENSG00000187479
LINC01168,ENSG00000240707
ANKLE2,ENSG00000176915
GPAA1P1,ENSG00000240069
ZBTB45P1,ENSG00000225108
MIR4267,ENSG00000265682
MIR4436B1,ENSG00000264979
ACTR1AP1,ENSG00000233370
MIR4436B2,ENSG00000263881
C3orf49,ENSG00000163632
ZBTB45P2,ENSG00000226065
MIR4440,ENSG00000266109
MIR4441,ENSG00000264810
HDAC4-AS2,ENSG00000287405
CT45A10,ENSG00000269586
LINC01366,ENSG00000235172
MIR4269,ENSG00000265215
MIR2467,ENSG00000264292
OR5H15,ENSG00000233412
MX2,ENSG00000183486
LINC01435,ENSG00000229981
FAM88B,ENSG00000170161
RCBTB2,ENSG00000136161
WHR1,ENSG00000226257
SRGAP3,ENSG00000196220
MMGT1,ENSG00000169446
MYO3B,ENSG00000071909
DSTNP2,ENSG00000248593
STX18-AS1,ENSG00000247708
COMMD7,ENSG00000149600
OR6U2P,ENSG00000272937
OR6C71P,ENSG00000203408
LINC02781,ENSG00000284674
OR6C66P,ENSG00000233606
MTCYBP45,ENSG00000224338
RN7SKP151,ENSG00000222162
FAM8A5P,ENSG00000238101
C4B-AS1,ENSG00000227884
MFFP1,ENSG00000215720
PTH,ENSG00000152266
ATF6B,ENSG00000234539
DEFB109F,ENSG00000244050
FAM86FP,ENSG00000164845
LINC01944,ENSG00000254299
LINC02984,ENSG00000237807
OR7E47P,ENSG00000257542
MAPK12,ENSG00000188130
KRT89P,ENSG00000274928
HMGN2P36,ENSG00000228901
SLC7A10-AS1,ENSG00000267714
FAR1-IT1,ENSG00000254791
RPL39P26,ENSG00000240454
CENPUP1,ENSG00000255075
DGKK,ENSG00000274588
RNA5SP331,ENSG00000201856
RN7SL239P,ENSG00000242999
RNU6-216P,ENSG00000200152
OR2AT2P,ENSG00000234611
HEY2,ENSG00000135547
NPM1P50,ENSG00000213333
HSPD1P13,ENSG00000255403
RNU4-55P,ENSG00000222663
RNU6-277P,ENSG00000252081
AASDHPPT-AS1,ENSG00000254433
A2MP1,ENSG00000256069
NAPA-AS1,ENSG00000268061
FAM170B-AS1,ENSG00000234736
MSANTD2,ENSG00000120458
RMEL3,ENSG00000250961
NCOA7-AS1,ENSG00000232131
ATP5PBP6,ENSG00000219806
CNTNAP3P1,ENSG00000273509
RERG-IT1,ENSG00000256650
ERHP2,ENSG00000218143
RERG-AS1,ENSG00000255660
METTL8P1,ENSG00000256283
SEPTIN14P6,ENSG00000217929
PRELID1P1,ENSG00000217325
BMS1P14,ENSG00000289843
ZPR1P1,ENSG00000219565
CENPCP1,ENSG00000226982
POC1B-GALNT4,ENSG00000259075
MAP1LC3A,ENSG00000101460
RPS18P9,ENSG00000220848
AIRE,ENSG00000160224
DMP1-AS1,ENSG00000249001
RPS3AP23,ENSG00000218351
LINC02256,ENSG00000261064
GALNT4,ENSG00000257594
VDAC1P8,ENSG00000229036
RNA5SP365,ENSG00000252207
MRPL2P1,ENSG00000257480
ROBO3,ENSG00000154134
RNU6-148P,ENSG00000252823
IDH2-DT,ENSG00000259685
TMSB15A,ENSG00000158164
TAFA1,ENSG00000183662
GAPDHP72,ENSG00000216624
RASGRF2-AS1,ENSG00000251450
RPL7AP37,ENSG00000213109
KATNBL1P6,ENSG00000228283
SELENOK,ENSG00000113811
SELENOKP3,ENSG00000225549
KIF4A,ENSG00000090889
DPRXP2,ENSG00000271304
OFCC1,ENSG00000181355
EEF1A1P17,ENSG00000257907
CCDC26,ENSG00000229140
CCDC174,ENSG00000154781
LINC00858,ENSG00000229404
TMPRSS2,ENSG00000184012
TPD52L2,ENSG00000101150
GCAWKR,ENSG00000272808
LINC02999,ENSG00000250564
LINC02200,ENSG00000250358
LINC01233,ENSG00000269364
VPS13D,ENSG00000048707
AGA-DT,ENSG00000250131
KLRB1,ENSG00000111796
LINC01843,ENSG00000251169
CHST13,ENSG00000180767
LINC00662,ENSG00000261824
PRPH,ENSG00000135406
PRDX5P1,ENSG00000242364
LINC02047,ENSG00000239454
LINC02261,ENSG00000249699
HSP90AB5P,ENSG00000223738
AKR1B1P2,ENSG00000213452
NIPA2P2,ENSG00000241022
LINC02250,ENSG00000235731
RN7SL294P,ENSG00000242638
MIR4444-2,ENSG00000266780
HNRNPA3P6,ENSG00000213300
MYLKP1,ENSG00000228868
LINC02517,ENSG00000249145
ATP5MC2P5,ENSG00000249253
LEKR1,ENSG00000197980
LINC02248,ENSG00000235160
ARHGAP22-IT1,ENSG00000248682
RNU6-1088P,ENSG00000252659
PLA2G1B,ENSG00000170890
DNAH12,ENSG00000174844
NRAV,ENSG00000248008
LINC01863,ENSG00000253959
CEP152-AS1,ENSG00000259670
FZD10,ENSG00000111432
MALRD1-AS1,ENSG00000233968
TEX56P,ENSG00000185689
LINC01418,ENSG00000259692
LINC02466,ENSG00000246876
AEBP2,ENSG00000139154
ADGRF2P,ENSG00000164393
CMAHP,ENSG00000168405
RN7SKP287,ENSG00000252355
PPIAP41,ENSG00000254463
CTBP2P6,ENSG00000213697
MIR670,ENSG00000211568
ERBIN-DT,ENSG00000269961
OR52P1,ENSG00000181109
DDX39B-AS1,ENSG00000236019
PIGCP1,ENSG00000213713
LINC00294,ENSG00000280798
RPL29P23,ENSG00000241950
LINC02239,ENSG00000248908
VNN3P,ENSG00000093134
OR8G2P,ENSG00000181214
LINC00844,ENSG00000237949
RNU6-256P,ENSG00000252556
MIR125B1,ENSG00000207971
BLID,ENSG00000259571
GGNBP1,ENSG00000204188
MIRLET7A2,ENSG00000198975
MIR100,ENSG00000207994
RNU4ATAC10P,ENSG00000252776
RNU4ATAC5P,ENSG00000253035
GSTA5,ENSG00000182793
RNU6-653P,ENSG00000199944
NRXN2,ENSG00000110076
TIGD1,ENSG00000221944
CCDC162P,ENSG00000203799
LINC01933,ENSG00000254226
UBBP3,ENSG00000223962
RPS20P13,ENSG00000228848
LINC02465,ENSG00000249618
USP8P2,ENSG00000226340
TXNP5,ENSG00000228236
MST1,ENSG00000173531
CCDC150,ENSG00000144395
PFKP-DT,ENSG00000273001
TMEM147-AS1,ENSG00000236144
FBLN1,ENSG00000077942
SYNE1,ENSG00000131018
ASAH1-AS1,ENSG00000245281
RNU1-146P,ENSG00000200885
PHLDA1,ENSG00000139289
DHRS12,ENSG00000102796
PHB1P18,ENSG00000257885
CCDC184,ENSG00000177875
ITGB1-DT,ENSG00000229656
OR5BK1P,ENSG00000257763
OR5BT1P,ENSG00000258024
OR5BJ1P,ENSG00000257792
OR8S21P,ENSG00000273434
OR8T1P,ENSG00000226413
OR10AD1,ENSG00000172640
H1-7,ENSG00000187166
RPL21P99,ENSG00000242986
NANOGP1,ENSG00000176654
DXO,ENSG00000225682
ZNF793-AS1,ENSG00000266916
MAP9-AS1,ENSG00000250910
TFDP1,ENSG00000198176
LINC03065,ENSG00000276524
ANKS1B,ENSG00000185046
RTBDN-AS1,ENSG00000267424
SNORA6,ENSG00000206760
NFU1P1,ENSG00000230757
HTR3C,ENSG00000178084
DACT3-AS1,ENSG00000245598
TNXA,ENSG00000248352
SNHG21,ENSG00000250988
IATPR,ENSG00000233387
C4A,ENSG00000244207
HTR3C2P,ENSG00000233576
HTR3E,ENSG00000186038
MSRA-DT,ENSG00000260093
ZNF225-AS1,ENSG00000186019
C2orf66,ENSG00000187944
HNRNPA3P15,ENSG00000225636
RPL4P7,ENSG00000224442
ATOX1-AS1,ENSG00000253921
CFAP144P2,ENSG00000205716
ADAM7-AS1,ENSG00000253535
SDR42E1P5,ENSG00000236785
MIR4772,ENSG00000264764
LINC01791,ENSG00000267777
LINC02899,ENSG00000248874
SLC9A4,ENSG00000180251
LINC02485,ENSG00000248456
VPS39-DT,ENSG00000261002
LINC01088,ENSG00000249307
SDCBP2,ENSG00000125775
PELO-AS1,ENSG00000248898
UCA1-AS1,ENSG00000267308
IGKV1OR9-2,ENSG00000225380
CASC11,ENSG00000249375
MITD1,ENSG00000158411
LINC02039,ENSG00000248107
LBX1-AS1,ENSG00000227128
FHIP1A-DT,ENSG00000251611
PVT1,ENSG00000249859
UCA1,ENSG00000214049
SEPHS1P6,ENSG00000213938
RN7SL717P,ENSG00000240302
RPS3P3,ENSG00000228205
C2orf69,ENSG00000178074
ENHO-AS1,ENSG00000230729
MIR4448,ENSG00000263932
EEF1A1P8,ENSG00000223529
CNTFR-AS1,ENSG00000237159
HTR3D,ENSG00000186090
LINC02900,ENSG00000249647
MIR1301,ENSG00000221445
LINC02472,ENSG00000248338
KRT18P43,ENSG00000240128
SAMD7,ENSG00000187033
JAKMIP2-AS1,ENSG00000280780
NPM1P46,ENSG00000213104
RNU6-1029P,ENSG00000206836
HSPE1-MOB4,ENSG00000270757
CFAP210,ENSG00000154479
CERNA2,ENSG00000285972
SV2C-AS2,ENSG00000250348
LINC02105,ENSG00000250447
RPL10P17,ENSG00000225196
DIP2C-AS1,ENSG00000180525
NOX4P1,ENSG00000255532
FAM20BP1,ENSG00000244039
ZNF566-AS1,ENSG00000267309
RNU4-38P,ENSG00000201342
KMT5AP3,ENSG00000242583
OR4C1P,ENSG00000254576
LRRIQ4,ENSG00000188306
PPIAP34,ENSG00000234397
IFITM3P7,ENSG00000233419
OR9M1P,ENSG00000186124
MARCHF6-DT,ENSG00000259802
LINC00841,ENSG00000233395
PTCHD3P2,ENSG00000231550
LINC01756,ENSG00000230523
TRIM51HP,ENSG00000166007
CYB5AP2,ENSG00000214369
RNA5SP132,ENSG00000201595
NSA2P5,ENSG00000227176
IQCF6,ENSG00000214686
KAZN,ENSG00000189337
TRIM64DP,ENSG00000254751
RNU6-1006P,ENSG00000252807
RPEP5,ENSG00000234732
EIF3EP2,ENSG00000224674
LINC02212,ENSG00000249396
ANKRD17-DT,ENSG00000250220
BCL2L1,ENSG00000171552
FOLH1B,ENSG00000134612
GCG,ENSG00000115263
NCBP2,ENSG00000114503
LNROP,ENSG00000254887
OR51F5P,ENSG00000272634
OR51A8P,ENSG00000197984
OR51H2P,ENSG00000198217
FAM27C,ENSG00000231527
HBBP1,ENSG00000229988
OR52B5P,ENSG00000231049
OR10N1P,ENSG00000213181
LINC00840,ENSG00000226808
OR8B1P,ENSG00000227737
OR8B9P,ENSG00000229386
DEFB130C,ENSG00000255157
RNA5SP112,ENSG00000251746
SLC25A51P4,ENSG00000189332
STUB1P1,ENSG00000226273
OR5AQ1P,ENSG00000184741
KRT8P40,ENSG00000213069
MIR4444-1,ENSG00000284252
ZBTB33,ENSG00000177485
DNAJC19P5,ENSG00000225808
MIR3128,ENSG00000265396
MIR6512,ENSG00000278418
H3P7,ENSG00000237178
OR5BE1P,ENSG00000225538
ROPN1L-AS1,ENSG00000250600
IFT70B,ENSG00000196659
IFT70A-AS1,ENSG00000237655
OR2AH1P,ENSG00000232511
LINC02213,ENSG00000249160
IFT70A,ENSG00000197557
DONSON,ENSG00000159147
RPS26P18,ENSG00000229087
RPL21P35,ENSG00000231494
SYNM-AS1,ENSG00000259475
RPL23AP26,ENSG00000228884
TMEM51-AS1,ENSG00000175147
TEX44,ENSG00000177673
GPC3,ENSG00000147257
SAMD3,ENSG00000164483
LINC01169,ENSG00000259471
RN7SL499P,ENSG00000239202
MIR4786,ENSG00000264279
OR9S24P,ENSG00000231278
NCBP2-AS1,ENSG00000225578
OR5S1P,ENSG00000213048
NCBP2AS2,ENSG00000270170
EEF1A1P49,ENSG00000255127
RPSAP69,ENSG00000233487
NUDCP2,ENSG00000238082
ENPP7P8,ENSG00000255319
OR6M2P,ENSG00000254613
BRD7P6,ENSG00000235289
GUCY2EP,ENSG00000204529
FTLP18,ENSG00000230214
LINC02363,ENSG00000180712
TGFA-IT1,ENSG00000224606
LINC02810,ENSG00000236648
COL6A6,ENSG00000206384
FTH1P1,ENSG00000232273
CARD17P,ENSG00000255221
CASZ1,ENSG00000130940
SPRY2,ENSG00000136158
OR10AB1P,ENSG00000176716
MEF2C-AS1,ENSG00000248309
OR5BA1P,ENSG00000255303
GLYATL1P2,ENSG00000254717
LINC02659,ENSG00000236769
RALY,ENSG00000125970
OR7E14P,ENSG00000184669
GRHL1,ENSG00000134317
TSSC2,ENSG00000223756
BAIAP2L2,ENSG00000128298
TAPBP,ENSG00000236490
FAM86C2P,ENSG00000160172
LINC00924,ENSG00000259134
SEPTIN7P11,ENSG00000255042
CDC16,ENSG00000130177
LINC01612,ENSG00000250266
FAUP4,ENSG00000173727
FAM86C1P,ENSG00000158483
OR52B1P,ENSG00000180909
OR52B2,ENSG00000255307
C11orf42,ENSG00000180878
MIR7-3HG,ENSG00000176840
ZBTB9,ENSG00000236515
RANP3,ENSG00000254500
RN7SKP297,ENSG00000223202
CHRDL2,ENSG00000054938
TTLL1,ENSG00000100271
GRIK3,ENSG00000163873
BEND7-DT,ENSG00000227175
KRBOX1-AS1,ENSG00000206552
RN7SL517P,ENSG00000241939
SNRK-AS1,ENSG00000234617
LINP1,ENSG00000223784
RPL18AP9,ENSG00000223916
CHCHD4P4,ENSG00000213964
CSTBP1,ENSG00000270531
VGLL4,ENSG00000144560
PLA2G2D,ENSG00000117215
LETR1,ENSG00000248441
MIR4261,ENSG00000265418
RN7SL66P,ENSG00000264030
SNORA80B,ENSG00000206633
HSPA5P1,ENSG00000215895
SPEG,ENSG00000072195
LMNTD1,ENSG00000152936
OGT,ENSG00000147162
DSP,ENSG00000096696
RPS29P6,ENSG00000230451
LINC02265,ENSG00000249241
RPS27P9,ENSG00000237749
LINC00706,ENSG00000281186
LASTR,ENSG00000242147
MIR4696,ENSG00000265902
RPL36AP38,ENSG00000241097
LCIIAR,ENSG00000256802
XRRA1,ENSG00000166435
LINC01654,ENSG00000261781
SHMT1P1,ENSG00000224751
PHB1P12,ENSG00000230585
RLF,ENSG00000117000
SLC19A1,ENSG00000173638
GSG1,ENSG00000111305
HCG25,ENSG00000224096
MIR1915HG,ENSG00000204682
MIR3945HG,ENSG00000251230
FCF1P6,ENSG00000225671
RPL6P1,ENSG00000236111
LINC02625,ENSG00000233643
DLGAP3,ENSG00000116544
TMA16P2,ENSG00000232467
MRPS6P2,ENSG00000237130
CLSPN-AS1,ENSG00000232335
LINC02251,ENSG00000258483
CHST7,ENSG00000147119
CZIB-DT,ENSG00000259818
LINC02665,ENSG00000223581
LAMTOR5P1,ENSG00000236646
KLF17,ENSG00000171872
PABIR3,ENSG00000156500
MIR3132,ENSG00000265252
ZFP28-DT,ENSG00000267421
INHA,ENSG00000123999
HAFML,ENSG00000248388
GATA3-AS1,ENSG00000197308
SNIP1,ENSG00000163877
RN7SKP213,ENSG00000222678
DNAJB6P3,ENSG00000231802
RPL23P4,ENSG00000223903
SNORA70B,ENSG00000206937
RPS29P10,ENSG00000226884
RNU6-1145P,ENSG00000206973
DRG1P1,ENSG00000235411
RNU7-113P,ENSG00000238735
SLC7A15P,ENSG00000232800
RPS13P2,ENSG00000228929
RPL23AP85,ENSG00000224980
RNA5SP86,ENSG00000212171
RHOB,ENSG00000143878
GTF2F2P2,ENSG00000233910
KLF18,ENSG00000283039
RPL5P7,ENSG00000234415
DNAJC6-AS1,ENSG00000229294
GAPDHP51,ENSG00000236973
EIF3KP2,ENSG00000233544
LINC01960,ENSG00000260868
RN7SL216P,ENSG00000244404
RNA5SP125,ENSG00000201713
RPSAP24,ENSG00000235414
CFL1P7,ENSG00000213877
RN7SL65P,ENSG00000243770
RNA5SP126,ENSG00000201962
H3P10,ENSG00000229421
LRRC2P1,ENSG00000227180
LINC02516,ENSG00000261083
HNRNPA1P39,ENSG00000237804
VPS52,ENSG00000236014
LINC02851,ENSG00000236924
GDI2P2,ENSG00000233994
SP9,ENSG00000217236
TRMT10C,ENSG00000174173
RPA3P1,ENSG00000179997
RNFT1P2,ENSG00000233333
PHF5AP3,ENSG00000244730
RNU6-5P,ENSG00000206965
WIPF1-AS1,ENSG00000237798
AK5,ENSG00000154027
CDHR4,ENSG00000187492
EEF1B2P7,ENSG00000213055
NFKB1-AS1,ENSG00000248161
KCNJ13,ENSG00000115474
PTMS,ENSG00000159335
C4B,ENSG00000236625
HOMER3-AS1,ENSG00000269019
H3P6,ENSG00000235655
INSYN1-AS1,ENSG00000260469
CHRNA1,ENSG00000138435
TARBP2,ENSG00000139546
MIR5193,ENSG00000283726
RN7SL217P,ENSG00000264706
RBM5-AS1,ENSG00000281691
CD86,ENSG00000114013
KCNIP2-AS1,ENSG00000226009
PARD3-DT,ENSG00000226386
ZCCHC18,ENSG00000166707
COX6A1P1,ENSG00000234108
ADH5P2,ENSG00000232676
RPL29P5,ENSG00000213579
KRT8P21,ENSG00000229636
ZNF567-DT,ENSG00000225975
CPT1B,ENSG00000205560
DNAJC6,ENSG00000116675
LINC02272,ENSG00000251283
LINC00484,ENSG00000235641
SCML2,ENSG00000102098
CARS2,ENSG00000134905
LINC01532,ENSG00000267014
RPL23P6,ENSG00000180211
TUBBP9,ENSG00000220586
SMARCA5-AS1,ENSG00000245112
ADCY10P1,ENSG00000161912
HNRNPA1P23,ENSG00000240236
TRIM66,ENSG00000166436
CSTA,ENSG00000121552
CCEPR,ENSG00000308499
LINC01400,ENSG00000232920
SERPINA12,ENSG00000165953
HFE,ENSG00000010704
NPLP1,ENSG00000232114
LINC01507,ENSG00000230945
FAM162A,ENSG00000114023
ASS1P2,ENSG00000223922
LEPROT,ENSG00000213625
RNU6-851P,ENSG00000207295
RN7SL96P,ENSG00000265905
LINC02259,ENSG00000259783
SOS1-IT1,ENSG00000229692
RNU6-198P,ENSG00000206985
MX1,ENSG00000157601
HSPE1P13,ENSG00000225900
MTHFD2,ENSG00000065911
CALCP,ENSG00000253179
CCDC198,ENSG00000100557
CALCA,ENSG00000110680
NDUFS5P3,ENSG00000233664
RPL13AP9,ENSG00000213703
COX6CP13,ENSG00000234144
RFX3-DT,ENSG00000232104
PDE4B-AS1,ENSG00000227466
STK26,ENSG00000134602
GJA9,ENSG00000131233
DTX3L,ENSG00000163840
NEGR1-IT1,ENSG00000228853
CARMAL,ENSG00000260123
ZNF473CR,ENSG00000204666
RPL17P6,ENSG00000226084
PGBD4P8,ENSG00000229332
MTND2P30,ENSG00000227937
RPL7P10,ENSG00000229752
EIF4BP8,ENSG00000243918
LINC02627,ENSG00000229466
WWP1P1,ENSG00000244153
PDLIM1P4,ENSG00000249274
OR7E41P,ENSG00000250640
SLC25A6P3,ENSG00000232846
RNU6-26P,ENSG00000206712
PSAT1P3,ENSG00000230787
RNU6-1263P,ENSG00000207331
MICOS10P3,ENSG00000224237
NEGR1,ENSG00000172260
RNU6-342P,ENSG00000207251
RPS20P15,ENSG00000227523
RNU1-96P,ENSG00000201033
EIF4G2,ENSG00000110321
POLG-DT,ENSG00000261441
MAGI1,ENSG00000151276
PCAT19,ENSG00000267107
SHISAL2A,ENSG00000182183
PRKG1-AS1,ENSG00000236671
HMGB1P18,ENSG00000236407
IGHV1OR15-9,ENSG00000188403
SLC20A1P3,ENSG00000258706
IGHV1OR15-2,ENSG00000259337
DNTTIP2,ENSG00000067334
IGHV3OR15-7,ENSG00000259490
IGHD5OR15-5A,ENSG00000270961
IGHD4OR15-4A,ENSG00000271317
IGHD3OR15-3A,ENSG00000282520
IGHD2OR15-2A,ENSG00000282599
IGHD1OR15-1A,ENSG00000271336
FAM30B,ENSG00000277988
MIR9-2HG,ENSG00000245526
ZNF384,ENSG00000126746
HNRNPA1P64,ENSG00000213559
PHKA1P1,ENSG00000232882
TSPAN14-AS1,ENSG00000226659
COL24A1,ENSG00000171502
PLD4,ENSG00000166428
STPG2-AS1,ENSG00000251620
NFIB-AS1,ENSG00000225472
LERFS,ENSG00000234665
RN7SKP38,ENSG00000222714
TNFRSF19,ENSG00000127863
RNU6-136P,ENSG00000207393
MIR9500,ENSG00000283639
RPL23AP31,ENSG00000232625
CYKILR,ENSG00000267053
MIR4439,ENSG00000263828
DIRC1,ENSG00000174325
RN7SL604P,ENSG00000244236
SNORA36C,ENSG00000207016
RPL36AP16,ENSG00000232228
B3GALNT1P1,ENSG00000229948
POTEJ,ENSG00000222038
HECTD2-AS1,ENSG00000289228
HERC2P3,ENSG00000290376
CHAER1,ENSG00000288944
LINC01775,ENSG00000267201
RPL22P12,ENSG00000216867
LINC00665,ENSG00000232677
RPL5P9,ENSG00000236330
ACOXL-AS1,ENSG00000204581
RIN3,ENSG00000100599
MIR1208,ENSG00000221261
RN7SKP226,ENSG00000201782
ZMIZ1-AS1,ENSG00000224596
WWC2-AS2,ENSG00000251359
OTOF,ENSG00000115155
IKBKB-DT,ENSG00000253408
ZDHHC12-DT,ENSG00000223478
MIR577,ENSG00000207931
CIR1P2,ENSG00000250215
EPHA5-AS1,ENSG00000250846
HRURF,ENSG00000288677
LINC03071,ENSG00000254080
LINC01451,ENSG00000279141
EML2-AS1,ENSG00000267757
SUMO2P12,ENSG00000218893
RN7SKP293,ENSG00000223321
RPL15P3,ENSG00000212802
RAMACL,ENSG00000235272
RPL34-DT,ENSG00000234492
ERVFRD-1,ENSG00000244476
OR12D1,ENSG00000251608
MINCR,ENSG00000253716
OSTCP1,ENSG00000293101
BDKRB1,ENSG00000100739
FNDC1-IT1,ENSG00000235086
GPX7,ENSG00000116157
FKBP1C,ENSG00000198225
LNCEGFL7OS,ENSG00000228401
SPTLC1P3,ENSG00000219940
MTCO1P21,ENSG00000226960
MROH7-TTC4,ENSG00000271723
H2AC11,ENSG00000196787
STON2,ENSG00000140022
OR4C9P,ENSG00000254925
H4C9,ENSG00000276180
OR4R1P,ENSG00000255215
RNU6-431P,ENSG00000206601
OR4A47,ENSG00000237388
ZBTB22,ENSG00000229253
MRPL35P1,ENSG00000220868
OR4A48P,ENSG00000255113
RNU7-133P,ENSG00000238987
LINC01531,ENSG00000205786
OR4A46P,ENSG00000255304
ROPN1,ENSG00000065371
RCC2P8,ENSG00000250185
OR4A40P,ENSG00000254832
LINC01108,ENSG00000226673
OR4A43P,ENSG00000255534
ESD,ENSG00000139684
OR4A45P,ENSG00000213607
OR4A41P,ENSG00000255297
OR4A42P,ENSG00000254674
KRT8P42,ENSG00000220378
OR4A44P,ENSG00000255053
MIR6090,ENSG00000276176
ETS1-AS1,ENSG00000254588
LINC00682,ENSG00000245870
HUS1B,ENSG00000188996
HNRNPCP9,ENSG00000232048
KATNBL1P2,ENSG00000232857
MARK2P18,ENSG00000219712
SNHG7,ENSG00000233016
HMGN2P28,ENSG00000236086
RNU6-220P,ENSG00000212221
RPS25P7,ENSG00000218472
RHPN1-AS1,ENSG00000254389
TSHZ3-AS1,ENSG00000267662
MAFA-AS1,ENSG00000254338
CRIPTOP4,ENSG00000217566
TENT5D,ENSG00000174016
ZFYVE1,ENSG00000165861
DLG2,ENSG00000150672
LINC01163,ENSG00000280953
RNA5SP202,ENSG00000201185
ALG13,ENSG00000101901
KU-MEL-3,ENSG00000205444
MTCO2P33,ENSG00000217083
RN7SL334P,ENSG00000244618
CFAP92,ENSG00000114656
RN7SL471P,ENSG00000263426
ZEBTR,ENSG00000289412
RNU6-498P,ENSG00000238478
DAXX,ENSG00000229396
LNCOB1,ENSG00000267282
LONRF2P3,ENSG00000258420
PDCD2,ENSG00000071994
SH3TC2-DT,ENSG00000250072
HMGB1P45,ENSG00000229316
GRAMD4P5,ENSG00000259089
MTND4P11,ENSG00000234099
MIR3118-2,ENSG00000265322
MTCO3P21,ENSG00000232752
TBCAP2,ENSG00000235829
BARHL2,ENSG00000143032
LINC02663,ENSG00000228636
CCDC183-AS1,ENSG00000228544
LINC02906,ENSG00000279847
SNX7-DT,ENSG00000280040
OOSP1P1,ENSG00000238037
GKN1,ENSG00000169605
EEF1A1P11,ENSG00000228502
RPS20P5,ENSG00000236888
LINC02692,ENSG00000198454
MATR3P3,ENSG00000237897
CCR5,ENSG00000160791
LINC00702,ENSG00000233117
MIR2052HG,ENSG00000254349
RPL21P23,ENSG00000236776
DNAJB8,ENSG00000179407
MTND3P21,ENSG00000235794
RPL21P26,ENSG00000232918
RPSAP19,ENSG00000183298
DNAJA1P5,ENSG00000162699
HSP90B3P,ENSG00000203914
RNU6-749P,ENSG00000238489
KCNMB3,ENSG00000171121
MIR3126,ENSG00000266649
RNA5SP96,ENSG00000251850
RNU6-1216P,ENSG00000199460
LINC01787,ENSG00000231987
MTATP6P13,ENSG00000229842
ZNF519P2,ENSG00000258799
REG3A,ENSG00000172016
MIR5701-1,ENSG00000266545
ZNF79,ENSG00000196152
MAN1A2,ENSG00000198162
LINC01193,ENSG00000258710
GOLPH3-DT,ENSG00000272086
TMEM161B-DT,ENSG00000247828
GRID1-AS1,ENSG00000234942
MIR23AHG,ENSG00000267519
CCAT2,ENSG00000280997
RNU6-710P,ENSG00000222356
LINC02977,ENSG00000259953
EEF1GP4,ENSG00000240138
CTNNA2-AS1,ENSG00000229385
LINC02067,ENSG00000240567
RPL23AP42,ENSG00000234851
OTOL1,ENSG00000182447
LINC02868,ENSG00000203864
RNU6-855P,ENSG00000222327
GNA13P1,ENSG00000230237
RPL29P20,ENSG00000225513
RPS3AP53,ENSG00000227578
RNU6-561P,ENSG00000252031
RN7SL57P,ENSG00000242256
MIR4264,ENSG00000266436
MIR8080,ENSG00000276917
RNA5SP295,ENSG00000199525
TMEM229BP1,ENSG00000237645
RN7SL430P,ENSG00000243911
HSPE1P28,ENSG00000230081
RBM7P1,ENSG00000223427
CIMAP3,ENSG00000173947
RNU6-336P,ENSG00000201761
RPL32P22,ENSG00000213529
NLGN1-AS1,ENSG00000228213
HSDL2-AS1,ENSG00000230185
RN7SKP234,ENSG00000252982
ANAPC15P2,ENSG00000232601
AP5S1,ENSG00000125843
RPL8P4,ENSG00000213169
BTF3P3,ENSG00000254272
OR4F7P,ENSG00000217874
WBP1LP8,ENSG00000273640
GABRR3,ENSG00000183185
UNC5CL,ENSG00000124602
GAPDHP64,ENSG00000231072
OR5BM1P,ENSG00000250750
RPL39P17,ENSG00000231362
TRIM45,ENSG00000134253
CTNNA2,ENSG00000066032
PRR3P1,ENSG00000223398
ETS2,ENSG00000157557
SERPINI2,ENSG00000114204
MZF1-AS1,ENSG00000267858
EGR3,ENSG00000179388
TSPO2,ENSG00000112212
EIF2S2,ENSG00000125977
SPART,ENSG00000133104
AK3P6,ENSG00000255838
NLRP9P1,ENSG00000256581
TMEM132D-AS2,ENSG00000256699
GTF2A1,ENSG00000165417
LSM6P2,ENSG00000257730
LINC02630,ENSG00000227313
BCDIN3D,ENSG00000186666
EGR3-AS1,ENSG00000253125
HTR1B,ENSG00000135312
RPS6P7,ENSG00000219253
RPL35AP28,ENSG00000242041
GOT1-DT,ENSG00000224934
MEI4,ENSG00000269964
RPS26P15,ENSG00000223416
AQP2,ENSG00000167580
NBPF17P,ENSG00000179571
SUMO2P2,ENSG00000227607
NOP56P2,ENSG00000226626
SMIM13,ENSG00000224531
FBXO16-AS1,ENSG00000253567
OR11J2P,ENSG00000258855
IGFBP7-AS1,ENSG00000245067
OR11J5P,ENSG00000258494
RPL17P18,ENSG00000234742
IGHD5OR15-5B,ENSG00000270824
RNU6-858P,ENSG00000199306
IGHD4OR15-4B,ENSG00000270451
RNU6-621P,ENSG00000201622
TUBB8P8,ENSG00000213113
IGHD3OR15-3B,ENSG00000282089
ELOCP32,ENSG00000257465
RNU1-64P,ENSG00000202313
IGHD2OR15-2B,ENSG00000282268
THAP12P5,ENSG00000218020
IGHD1OR15-1B,ENSG00000270185
RNU6-860P,ENSG00000222792
RN7SL128P,ENSG00000240869
CICP6,ENSG00000230304
E2F3-IT1,ENSG00000224707
KSR2,ENSG00000171435
SEPTIN14P3,ENSG00000226008
RNU6-141P,ENSG00000222431
FAM30C,ENSG00000259698
SEPTIN2P1,ENSG00000227850
MIR4797,ENSG00000265850
LINC02788,ENSG00000285532
BCAR1P2,ENSG00000258771
RN7SL400P,ENSG00000243059
RBISP6,ENSG00000231780
VPS25P1,ENSG00000226755
RPL31P19,ENSG00000227309
RNU7-10P,ENSG00000271841
NPEPPSP2,ENSG00000233133
PP1P,ENSG00000213383
PDCL3P3,ENSG00000214286
MTND5P20,ENSG00000238256
RNU6-670P,ENSG00000201182
CAP1P1,ENSG00000240809
SYCP1,ENSG00000198765
RNU6-386P,ENSG00000199520
VDAC1P7,ENSG00000213450
IZUMO3,ENSG00000205442
RNU6-217P,ENSG00000206891
RNU6-882P,ENSG00000212327
RNU6-1235P,ENSG00000207289
SETD1B,ENSG00000139718
LINC00708,ENSG00000232170
EHMT2-AS1,ENSG00000237080
GPR137C,ENSG00000180998
RMRPP5,ENSG00000223088
RN7SKP120,ENSG00000222693
TAPT1-AS1,ENSG00000263327
OR7E83P,ENSG00000249866
RNPS1P1,ENSG00000250896
ENPP7P11,ENSG00000250942
RNU7-170P,ENSG00000239082
PKMYT1AR,ENSG00000268266
DORIP1,ENSG00000179476
ILF3-DT,ENSG00000267100
LDHAL6CP,ENSG00000250517
MKRN9P,ENSG00000258128
SLC9A7P1,ENSG00000227825
RPL13P5,ENSG00000240370
SLC6A1-AS1,ENSG00000232287
LINC01837,ENSG00000267489
C8orf44,ENSG00000288596
RNA5SP109,ENSG00000212312
COL6A5,ENSG00000172752
RPL31P15,ENSG00000232430
RNU6-1122P,ENSG00000207178
NRIR,ENSG00000225964
TMED8,ENSG00000100580
RPSAP52,ENSG00000241749
RPL22P19,ENSG00000241129
CELF2-AS1,ENSG00000181800
SNHG6,ENSG00000245910
KRT19P2,ENSG00000216306
RSAD2,ENSG00000134321
RPL15P7,ENSG00000242262
LINC02915,ENSG00000175746
HTR7P1,ENSG00000183935
PHB1P19,ENSG00000257246
RPL30P11,ENSG00000244573
NEFHP1,ENSG00000223489
PCAT5,ENSG00000280719
EVA1CP1,ENSG00000249563
PGAM1P5,ENSG00000257150
VDAC2P3,ENSG00000213262
GOLGA5,ENSG00000066455
CBX3P4,ENSG00000256030
LINC00502,ENSG00000224851
FTLP17,ENSG00000228347
HIGD1AP12,ENSG00000236012
TSHB,ENSG00000134200
UNC93B7,ENSG00000251624
RPS27P25,ENSG00000239881
OR7E35P,ENSG00000250425
SLC26A10P,ENSG00000135502
PSMC1P12,ENSG00000226126
LINC02632,ENSG00000234864
RPS15AP9,ENSG00000228453
MTIF2P1,ENSG00000233432
MEF2C-AS2,ENSG00000245864
BNIP3P45,ENSG00000271146
TNFAIP6,ENSG00000123610
SPAG17,ENSG00000155761
OR9K1P,ENSG00000196534
CLECL1P,ENSG00000184293
EPB41L1,ENSG00000088367
NDUFA1,ENSG00000125356
TMEM198B,ENSG00000182796
MRPS18CP4,ENSG00000255763
RNU6-491P,ENSG00000251908
AK4P3,ENSG00000233381
MIR4773-2,ENSG00000283569
MIR4773-1,ENSG00000264684
RN7SL124P,ENSG00000242113
LINC01574,ENSG00000248859
UNC5B-AS1,ENSG00000237512
TCEAL9,ENSG00000185222
FER1L5,ENSG00000249715
STARD4-AS1,ENSG00000246859
KRT87P,ENSG00000290966
THBS1-AS1,ENSG00000278621
FAM86MP,ENSG00000186234
SERBP1P3,ENSG00000242142
CENPPP1,ENSG00000238267
EEF1A1P24,ENSG00000223668
HSPA8P5,ENSG00000256356
MIR6822,ENSG00000284158
DSTNP4,ENSG00000215034
GSCAR,ENSG00000250377
ADAD1P1,ENSG00000270367
GPR176-DT,ENSG00000246863
GPR143,ENSG00000101850
THAP5P2,ENSG00000270739
ALG1L3P,ENSG00000251087
CYP26C1-DT,ENSG00000226425
RPL30P12,ENSG00000240631
GAPDHP30,ENSG00000183663
RPL23AP41,ENSG00000224085
ANO2,ENSG00000047617
GDF6,ENSG00000156466
PPP3CB-AS1,ENSG00000221817
RPL31P21,ENSG00000241400
PHF5AP7,ENSG00000249540
RNU4-56P,ENSG00000201570
RN7SL411P,ENSG00000265327
UQCRB-AS1,ENSG00000254224
PGAM1P3,ENSG00000230274
PPP2R1A-AS1,ENSG00000268015
BMF-AS1,ENSG00000259409
RPL14,ENSG00000188846
LINC01533,ENSG00000267779
MIR3127,ENSG00000264157
H2BC6-AS1,ENSG00000283064
UBE2WP1,ENSG00000234422
H4C2,ENSG00000278705
SLC6A17-AS1,ENSG00000227091
COL6A2,ENSG00000142173
TREML2,ENSG00000112195
MOGAT1,ENSG00000124003
RNU6-1172P,ENSG00000202095
CDK4P1,ENSG00000225036
TREML3P,ENSG00000184106
TREML4,ENSG00000188056
RRAS2P2,ENSG00000233751
TXNP3,ENSG00000234388
RNU6-875P,ENSG00000252297
MIR548D1,ENSG00000283172
RPS29P29,ENSG00000233717
MIR548AA1,ENSG00000207704
DUTP2,ENSG00000254388
LIFR-AS1,ENSG00000244968
LYSMD1,ENSG00000163155
ATG12P2,ENSG00000224121
IMPDH1P6,ENSG00000254294
ACSL3-AS1,ENSG00000234193
RN7SKP155,ENSG00000251840
KRT18P26,ENSG00000229798
TOR1BP1,ENSG00000233872
TVP23BP2,ENSG00000108442
ELOCP19,ENSG00000241975
COX20P2,ENSG00000235013
PNRC2P1,ENSG00000228217
LINC02799,ENSG00000235887
HYPK,ENSG00000242028
PPIAP7,ENSG00000173810
SNORA70F,ENSG00000206869
OR10AE1P,ENSG00000271890
RNA5SP110,ENSG00000199508
NR1H5P,ENSG00000227970
FLACC1,ENSG00000155749
RNA5SP207,ENSG00000212176
MTCO2P21,ENSG00000236689
TREML5P,ENSG00000225690
KLHL38,ENSG00000175946
TTC23L-AS1,ENSG00000272323
PFN1P12,ENSG00000226028
TREM1,ENSG00000124731
MTATP6P14,ENSG00000233449
NKAIN1P1,ENSG00000242943
RAI14-DT,ENSG00000271874
MAGEB1,ENSG00000214107
CA3-AS1,ENSG00000253549
RNU5B-2P,ENSG00000199906
RPL5P10,ENSG00000234067
EEF1GP3,ENSG00000226845
PKP2,ENSG00000057294
HMGN2P24,ENSG00000229072
RPS27P4,ENSG00000234287
RNU6-643P,ENSG00000206745
RPL32P15,ENSG00000213461
H3C4,ENSG00000197409
SPRY3,ENSG00000168939
MRPS31P1,ENSG00000275256
RN7SKP58,ENSG00000222942
ATP6V0E1P2,ENSG00000223513
H1-2,ENSG00000187837
RPL36P20,ENSG00000234270
GEMIN2P2,ENSG00000235339
RPL7AP83,ENSG00000229339
TPMTP2,ENSG00000234562
PRC1-AS1,ENSG00000258725
RNU4-78P,ENSG00000222872
SALL4P6,ENSG00000231280
LINC02543,ENSG00000232947
LINC02230,ENSG00000251543
EIF4BP4,ENSG00000229572
FMO8P,ENSG00000238087
MDH1P2,ENSG00000217585
LYZL4,ENSG00000157093
TLCD4-RWDD3,ENSG00000271092
MYLIP,ENSG00000007944
ZNF280C,ENSG00000056277
VPS33B-DT,ENSG00000214432
ZNF454-DT,ENSG00000272431
REXO1L8P,ENSG00000270971
REXO1L3P,ENSG00000273567
FMO11P,ENSG00000232148
REXO1L1P,ENSG00000205176
REXO1L12P,ENSG00000276006
REXO1L11P,ENSG00000275928
REXO1L10P,ENSG00000276540
REXO1L9P,ENSG00000271381
FDPSP1,ENSG00000225462
REXO1L2P,ENSG00000276998
HNRNPKP4,ENSG00000243547
SCYL2P1,ENSG00000213090
MIR8060,ENSG00000278103
RBBP4P7,ENSG00000241815
REXO1L4P,ENSG00000270416
SLC30A4-AS1,ENSG00000259354
MTCO2P16,ENSG00000234842
RNU6-1094P,ENSG00000199286
LINC01720,ENSG00000231175
REXO1L5P,ENSG00000277436
RPL18AP8,ENSG00000218754
MTATP6P16,ENSG00000224299
MIR4639,ENSG00000263712
RCC2P5,ENSG00000241018
PERPP3,ENSG00000218073
MTCO3P16,ENSG00000227736
XCL2,ENSG00000143185
MTND3P16,ENSG00000224590
REXO1L6P,ENSG00000277422
MRPL42P2,ENSG00000216364
MTND4LP16,ENSG00000234731
MIR6760,ENSG00000273700
CDV3P1,ENSG00000176243
LINC02849,ENSG00000285768
RNU6-1114P,ENSG00000251831
RNA5SP373,ENSG00000253080
MTND4P29,ENSG00000249177
HSPA8P14,ENSG00000257539
MTND5P31,ENSG00000227841
ENO1P4,ENSG00000241790
H2AC15,ENSG00000275221
LRRC8D-DT,ENSG00000272931
MIA2,ENSG00000150527
EPHA6,ENSG00000080224
CHCHD2P4,ENSG00000213118
LINC02223,ENSG00000249937
RNU6-651P,ENSG00000222972
CNN2P10,ENSG00000232223
RPS2P16,ENSG00000230799
LAMC1-AS1,ENSG00000224468
CCDC63,ENSG00000173093
MTCO1P14,ENSG00000232551
CT69,ENSG00000231971
CDK15,ENSG00000138395
TONSL-AS1,ENSG00000232600
PDK3,ENSG00000067992
LINC02680,ENSG00000285737
TPR,ENSG00000047410
LINC02652,ENSG00000237128
ARHGEF18-AS1,ENSG00000267852
LINC02694,ENSG00000175779
LINC03002,ENSG00000232310
WAC-AS1,ENSG00000254635
PRKCQ-AS1,ENSG00000237943
FAM8A6P,ENSG00000218772
NAA10,ENSG00000102030
H4C12,ENSG00000273542
RBMXP4,ENSG00000249465
SEC24B-AS1,ENSG00000247950
GRIN2B,ENSG00000273079
TPTE2P7,ENSG00000251172
CRYBG3,ENSG00000080200
RPL7AP75,ENSG00000259674
TXLNB,ENSG00000164440
ZNF350-AS1,ENSG00000269235
SUGT1P4-STRA6LP,ENSG00000254876
DNM1P33,ENSG00000260096
LINC02648,ENSG00000225948
FRAT1,ENSG00000165879
FRAT2,ENSG00000181274
ZSCAN5A-AS1,ENSG00000267549
OR5AC1,ENSG00000213439
OR5AC2,ENSG00000196578
OR5H2,ENSG00000197938
OR5K4,ENSG00000196098
OR5K3,ENSG00000206536
UBFD1P1,ENSG00000244653
PGLS-DT,ENSG00000269439
LINC02111,ENSG00000250822
RRP12,ENSG00000052749
UBE2V1P11,ENSG00000231124
LINC02996,ENSG00000302989
RNU6-440P,ENSG00000212184
RNU6-936P,ENSG00000206732
DNAJC27,ENSG00000115137
SLC6A1,ENSG00000157103
RNU6-1329P,ENSG00000202534
DPPA3P5,ENSG00000270506
OXCT1-AS1,ENSG00000248668
RPL41P5,ENSG00000256393
DNM1P32,ENSG00000261708
ARRDC1-AS1,ENSG00000203993
TTC41P,ENSG00000214198
RPS13P5,ENSG00000237953
RPF2P2,ENSG00000250693
SNORD14,ENSG00000202479
UGT2B26P,ENSG00000250919
RN7SL856P,ENSG00000276653
SUCLA2P3,ENSG00000229593
CHIA,ENSG00000134216
SFT2D3,ENSG00000173349
RNY4P7,ENSG00000201470
PPIAP87,ENSG00000219149
ZFP91P1,ENSG00000274010
ANKRD20A17P,ENSG00000251056
PCA3,ENSG00000225937
RNU6-395P,ENSG00000202532
RPS26P19,ENSG00000244563
LINC01394,ENSG00000281809
HOXC-AS2,ENSG00000250133
RPL6P16,ENSG00000240159
IGKV1OR2-108,ENSG00000231292
APOBEC3AP1,ENSG00000248822
LINC01594,ENSG00000225328
GLYCAM1,ENSG00000293392
ZNF252P-AS1,ENSG00000255559
SETD6P1,ENSG00000236877
RPS14P7,ENSG00000242635
WASF1P1,ENSG00000227597
SULT1C2P2,ENSG00000261209
NUDT19P5,ENSG00000251073
LINC03135,ENSG00000228559
LINC02402,ENSG00000257510
GMCL1P2,ENSG00000271070
TMEM276-ZFTRAF1,ENSG00000291316
VTI1BP2,ENSG00000213434
POTEF,ENSG00000196604
FAM86KP,ENSG00000163612
RPS27P21,ENSG00000240759
MYOZ3-AS1,ENSG00000250309
MYADM-AS1,ENSG00000228323
CKMT2-AS1,ENSG00000247572
LRRC34P1,ENSG00000256371
RBM44,ENSG00000177483
RPS27P22,ENSG00000241451
LINC02566,ENSG00000115934
EXPH5,ENSG00000110723
LACRT,ENSG00000135413
OR7E111FP,ENSG00000250804
VSTM2B-DT,ENSG00000264515
MIR1302-9HG,ENSG00000227518
PHF8,ENSG00000172943
FAM138C,ENSG00000218839
DNAJB1P1,ENSG00000213946
DCD,ENSG00000161634
NNT-AS1,ENSG00000248092
RNA5SP97,ENSG00000201876
RNU2-9P,ENSG00000222126
DEFB131D,ENSG00000237215
DEFB130A,ENSG00000232948
ZNF705CP,ENSG00000215339
PGM5P3-AS1,ENSG00000277631
UBE2V2,ENSG00000169139
POGLUT3,ENSG00000178202
CD2AP-DT,ENSG00000270761
VDAC1P5,ENSG00000270858
MUCL1,ENSG00000172551
TENM2-AS1,ENSG00000253978
MYADM-AS2,ENSG00000232220
LINC01388,ENSG00000231808
OR10U1P,ENSG00000227423
OR10A7,ENSG00000179919
OR6C65,ENSG00000205328
TICAM2-AS1,ENSG00000249249
MYL6B-AS1,ENSG00000257809
GOLGA8UP,ENSG00000103832
DOCK8-AS1,ENSG00000183784
UBAC2,ENSG00000134882
CTDSP2,ENSG00000175215
MPZL3,ENSG00000160588
GPIHBP1,ENSG00000277494
CDKN2A-AS1,ENSG00000224854
SPRY4-AS1,ENSG00000231185
ZNF426-DT,ENSG00000278611
HERC2P10,ENSG00000259845
LINC01595,ENSG00000259108
TECRP1,ENSG00000235043
ILVBL-AS1,ENSG00000268564
RDH10,ENSG00000121039
LINC01094,ENSG00000251442
PFDN6,ENSG00000237335
HMGN2P47,ENSG00000259246
MS4A10,ENSG00000172689
SMAD3-DT,ENSG00000259347
PPP5C-AS1,ENSG00000269151
HEPN1,ENSG00000221932
PRELID1P7,ENSG00000230748
TEX54,ENSG00000283268
NTM-IT,ENSG00000238262
WDR82P2,ENSG00000241318
LINC02444,ENSG00000258123
OPCML,ENSG00000183715
NIPAL2,ENSG00000104361
RPL5P6,ENSG00000232393
OR10J5,ENSG00000184155
ZNF649-AS1,ENSG00000268095
HSPE1P6,ENSG00000232917
EEF1A1P14,ENSG00000233057
XCL1,ENSG00000143184
ZNF667-AS1,ENSG00000166770
TMTC2,ENSG00000179104
HNRNPK-AS1,ENSG00000235298
HMGN2P40,ENSG00000260602
HNRNPLP2,ENSG00000259917
ISCUP1,ENSG00000238051
FSCN1P1,ENSG00000261559
HNRNPA1P46,ENSG00000228020
BMS1P15,ENSG00000258780
RPS29P5,ENSG00000230777
RHPN2P1,ENSG00000258628
CATSPERE,ENSG00000179397
LINC01785,ENSG00000268038
SUGT1,ENSG00000165416
LYPLA1P2,ENSG00000251483
KLF2-DT,ENSG00000267275
CHCHD2P7,ENSG00000249973
RMRP,ENSG00000277027
PTPRD-AS1,ENSG00000225706
RPL34P20,ENSG00000231508
MPHOSPH10P3,ENSG00000283345
RNU6-977P,ENSG00000252220
RPL6P25,ENSG00000213270
MIR202HG,ENSG00000166917
TRIM35,ENSG00000104228
OPCML-IT2,ENSG00000255371
RNU1-117P,ENSG00000252850
KCNJ8-AS1,ENSG00000256615
PTPRD-DT,ENSG00000226717
OPCML-IT1,ENSG00000254896
MIR3160-1,ENSG00000265014
MIR3160-2,ENSG00000283497
TCP1P3,ENSG00000256849
MIR5582,ENSG00000263540
UBE2L2,ENSG00000131982
SNORD67,ENSG00000212135
SLC25A1P1,ENSG00000254479
SLCO1B3-SLCO1B7,ENSG00000257046
RNU6-560P,ENSG00000200877
FNTAP1,ENSG00000254502
MOB4P2,ENSG00000271318
OR7E2P,ENSG00000255203
FZD4,ENSG00000174804
HNRNPCP8,ENSG00000254748
SLURP2,ENSG00000283992
LINC02199,ENSG00000250198
XIAPP2,ENSG00000254843
LINC00240,ENSG00000224843
UNC93B4,ENSG00000250381
OR7E99P,ENSG00000250710
QSER1,ENSG00000060749
OR7E43P,ENSG00000249844
PREX2,ENSG00000046889
UGT2A3P7,ENSG00000248886
KLHL2P1,ENSG00000250412
SLCO1B7,ENSG00000205754
RPL7P33,ENSG00000215236
H3P14,ENSG00000250966
RNU6-319P,ENSG00000251834
LINC02149,ENSG00000249332
OR4S1,ENSG00000176555
OR7E163P,ENSG00000251166
OR4C3,ENSG00000176547
OR7E162P,ENSG00000234386
OR4C4P,ENSG00000197161
TFDP1P1,ENSG00000224540
OR4C5,ENSG00000176540
EDARADD,ENSG00000186197
OR4C2P,ENSG00000182565
OR4C10P,ENSG00000184789
FAM8A3P,ENSG00000224337
RPL17P13,ENSG00000223604
RNU6-601P,ENSG00000207270
TRIM77BP,ENSG00000254993
LINC01818,ENSG00000230645
MPHOSPH10P6,ENSG00000260399
UBTFL9,ENSG00000254567
MS4A18,ENSG00000214782
MTLN,ENSG00000175701
LINC03122,ENSG00000178722
ANTXRL,ENSG00000274209
HERC2P6,ENSG00000261418
OR51H1,ENSG00000176904
KATNAL1,ENSG00000102781
ART4,ENSG00000111339
RPL15P15,ENSG00000244259
LRRTM4,ENSG00000176204
OR52K3P,ENSG00000225101
OR52I1,ENSG00000232268
PCAT7,ENSG00000231806
ZNF528-AS1,ENSG00000269834
LINC03121,ENSG00000261182
ATP5MC2P1,ENSG00000225712
HMGN1P26,ENSG00000259557
NPAS4,ENSG00000174576
LMX1A,ENSG00000162761
RPL21P103,ENSG00000241423
ISCA1P4,ENSG00000259405
MADCAM1-AS1,ENSG00000266933
FZD7,ENSG00000155760
RPS2P5,ENSG00000240342
LINC01509,ENSG00000226825
ANKRD30BL,ENSG00000163046
RN7SKP262,ENSG00000222950
TDGP1,ENSG00000255725
MIR4302,ENSG00000283603
OR56A5,ENSG00000188691
LINC02941,ENSG00000236013
SSPN-AS1,ENSG00000256234
HMGN2P32,ENSG00000213558
ZNF571-AS1,ENSG00000267470
RNU6-492P,ENSG00000199905
KLF4,ENSG00000136826
ITPR2-AS2,ENSG00000255968
RNU6-592P,ENSG00000223265
GLULP3,ENSG00000254572
ITPR2,ENSG00000123104
CYP26B1,ENSG00000003137
SSU72L5,ENSG00000284018
ABLIM1,ENSG00000099204
ADCY10,ENSG00000143199
SSU72L2,ENSG00000284306
MRPS28,ENSG00000147586
SSU72P6,ENSG00000236175
SSU72L4,ENSG00000283873
SSU72L3,ENSG00000284546
SSU72L1,ENSG00000284438
OR52B4,ENSG00000221996
SEPTIN14P4,ENSG00000251155
OR52B3P,ENSG00000175800
OR51R1P,ENSG00000237272
OR52P2P,ENSG00000171999
MIR3164,ENSG00000265539
RNA5SP535,ENSG00000274097
YAP1-DT,ENSG00000277459
DNAJB5P1,ENSG00000230335
LYPLA2P3,ENSG00000236604
FOXB2,ENSG00000204612
RNU6-952P,ENSG00000212466
MMP20,ENSG00000137674
CMPK2,ENSG00000134326
ATP5MFP3,ENSG00000232851
RFC5P1,ENSG00000233526
IFNA6,ENSG00000120235
LATS2,ENSG00000150457
UST-AS2,ENSG00000236591
MIR31HG,ENSG00000171889
SPECC1L,ENSG00000100014
NCAM1,ENSG00000149294
RNU6-31P,ENSG00000207116
BICD1P1,ENSG00000224346
NIFKP8,ENSG00000259449
RNA5SP115,ENSG00000223092
RNU6-312P,ENSG00000201499
RNU6-762P,ENSG00000252916
HNRNPA1P35,ENSG00000225695
RPL23AP30,ENSG00000226658
RNU6-1206P,ENSG00000252148
RPL17P10,ENSG00000224672
IMPDH1P10,ENSG00000232133
CFLAR-AS1,ENSG00000226312
RNA5SP354,ENSG00000212549
SELE,ENSG00000007908
DBX2,ENSG00000185610
BIVM,ENSG00000134897
ZNF587P1,ENSG00000223965
LINC00938,ENSG00000273015
RPL21P40,ENSG00000235670
NDUFS5P4,ENSG00000251437
NIFKP7,ENSG00000251590
ALG1L7P,ENSG00000251271
RPL21P137,ENSG00000236732
RPSAP11,ENSG00000237433
SMIM11P2,ENSG00000270377
KRT18P15,ENSG00000234737
CD200R1P1,ENSG00000289742
CD200R1,ENSG00000163606
FOXP4-AS1,ENSG00000234753
OR7A19P,ENSG00000272963
MARK3P1,ENSG00000271642
GRINA,ENSG00000178719
SPIN2A,ENSG00000147059
ENDOU,ENSG00000111405
RNU7-45P,ENSG00000238829
RPL38P5,ENSG00000235579
MTND5P25,ENSG00000227348
LINC03123,ENSG00000251575
MTND4P23,ENSG00000225796
MTND4LP13,ENSG00000235318
GOLGA6L3P,ENSG00000188388
RN7SKP66,ENSG00000252490
RNU6-1048P,ENSG00000200924
RN7SL455P,ENSG00000264047
RNU6-566P,ENSG00000252599
C1GALT1C1L,ENSG00000223658
ERCC6L2-AS1,ENSG00000175611
KRT8P15,ENSG00000233579
PRDX4,ENSG00000123131
KRT8P52,ENSG00000232479
LINC01951,ENSG00000204754
RPL7P14,ENSG00000232994
RPL23AP36,ENSG00000225124
LINC01224,ENSG00000269416
RPL12P16,ENSG00000204196
RPL36AP45,ENSG00000240366
RN7SKP83,ENSG00000252321
NIFKP4,ENSG00000261205
ITGA4,ENSG00000115232
COMMD4P2,ENSG00000214702
VPS26AP1,ENSG00000240375
ATP5PBP8,ENSG00000270880
LINC01276,ENSG00000226917
PRRX1,ENSG00000116132
DRD3,ENSG00000151577
DNM1P41,ENSG00000280038
LINC00092,ENSG00000225194
NF1P1,ENSG00000270831
OR11M1P,ENSG00000224709
SNORA2C,ENSG00000221491
MIR1291,ENSG00000281842
SNORA2A,ENSG00000206612
SNORA2B,ENSG00000207313
ATF7-AS1,ENSG00000257550
TMSB4X,ENSG00000205542
LINC02668,ENSG00000226762
SLC25A25-AS1,ENSG00000234771
BMS1P16,ENSG00000258684
EEF1A1P33,ENSG00000258846
RNU7-187P,ENSG00000238998
NCAM1-AS1,ENSG00000227487
PTGES2-AS1,ENSG00000232850
MSR1,ENSG00000038945
IFNG-AS1,ENSG00000255733
SNX9-AS1,ENSG00000236324
TTC12-DT,ENSG00000255129
FRMD4A-AS1,ENSG00000234091
STRA6LP,ENSG00000254633
MFSD4B-DT,ENSG00000231046
FMO10P,ENSG00000234984
ANKK1,ENSG00000170209
RIMKLBP2,ENSG00000225920
GABARAPL1-AS1,ENSG00000255958
SCGB1B2P,ENSG00000268751
LINC02598,ENSG00000256155
RNY3P13,ENSG00000202412
MIPEPP2,ENSG00000224783
KLRK1,ENSG00000213809
KRT18P13,ENSG00000214417
SRP14P4,ENSG00000268062
TRH,ENSG00000170893
RPL7AP21,ENSG00000229757
PPP1R26-AS1,ENSG00000225361
RPL21P28,ENSG00000220749
ZNF678,ENSG00000181450
SNRPA1-DT,ENSG00000259172
MIR4301,ENSG00000265140
RNU2-35P,ENSG00000252255
ACRV1,ENSG00000134940
PNPLA4,ENSG00000006757
RPS17P9,ENSG00000248459
VPS51P10,ENSG00000249869
PCSK6-AS1,ENSG00000259764
OR7E129P,ENSG00000180770
OR7E21P,ENSG00000251178
EVA1CP6,ENSG00000251610
SELENOS,ENSG00000131871
LHX9,ENSG00000143355
SNRPCP8,ENSG00000250580
TRPC1,ENSG00000144935
PHACTR2-AS1,ENSG00000235740
GLT6D1,ENSG00000204007
SAP18P2,ENSG00000223873
RNU6ATAC19P,ENSG00000221023
MRPL45P1,ENSG00000232508
RNU6-1168P,ENSG00000212133
RNU6-1007P,ENSG00000252395
RPL38P6,ENSG00000224291
KLRC4-KLRK1,ENSG00000255819
FOXI3,ENSG00000214336
CNIH1,ENSG00000100528
WTAPP1,ENSG00000255282
SPMIP9,ENSG00000172073
KRT18P59,ENSG00000187686
UNC93B6,ENSG00000255562
GARIN3P1,ENSG00000270683
LINC03106,ENSG00000276759
MTCH1P2,ENSG00000256282
ZNF75CP,ENSG00000288393
RPL26P30,ENSG00000236264
MIR4436A,ENSG00000265510
PGAM1P8,ENSG00000255200
IGKC,ENSG00000211592
LINC01535,ENSG00000226686
ATF4P4,ENSG00000256167
IGKJ5,ENSG00000211593
CDKN2B,ENSG00000147883
SRSF8BP,ENSG00000256779
KRT8P37,ENSG00000213771
RPL31P46,ENSG00000241170
IGKJ4,ENSG00000211594
ENPP7P9,ENSG00000250476
CHCHD2P5,ENSG00000223490
IGKJ3,ENSG00000211595
IGKJ2,ENSG00000211596
RPLP0P2,ENSG00000243742
IGKJ1,ENSG00000211597
THEM7P,ENSG00000227160
OR55B1P,ENSG00000231548
ENDOG,ENSG00000167136
IGKV4-1,ENSG00000211598
ACTE1P,ENSG00000172900
GAGE12F,ENSG00000236362
RPL23AP92,ENSG00000270723
RN7SL470P,ENSG00000263669
ARHGAP11A-DT,ENSG00000262728
PCBP1,ENSG00000169564
MIR1285-2,ENSG00000221238
RPL39P15,ENSG00000231414
RPS26P20,ENSG00000224553
SLC22A20P,ENSG00000197847
DAP3P2,ENSG00000228507
PCSK5,ENSG00000099139
THOC2,ENSG00000125676
MLF1,ENSG00000178053
RPS15P4,ENSG00000233762
PRDM6-AS1,ENSG00000223652
C2orf74,ENSG00000237651
LINC02487,ENSG00000203688
PLA2G3,ENSG00000100078
PRR13P1,ENSG00000232824
RPL7AP28,ENSG00000184139
LMX1A-AS2,ENSG00000224702
SLC10A1,ENSG00000100652
DOC2GP,ENSG00000231793
LINC01035,ENSG00000226486
COX8BP,ENSG00000289568
LINC00210,ENSG00000231814
RPL21P50,ENSG00000228489
TRPA1,ENSG00000104321
PTPN14,ENSG00000152104
FOXO1,ENSG00000150907
ZNF888-AS1,ENSG00000269646
LINC02616,ENSG00000261761
RNU6-436P,ENSG00000251980
HOXD13,ENSG00000128714
AGAP10P,ENSG00000230869
HOXD12,ENSG00000170178
CCDC122,ENSG00000151773
OR1S2,ENSG00000197887
HOXD11,ENSG00000128713
OR1S1,ENSG00000280204
LINC02160,ENSG00000251443
OR52I2,ENSG00000226288
HOXD10,ENSG00000128710
OR4P4,ENSG00000181927
CTSG,ENSG00000100448
OR2AT4,ENSG00000171561
IGFL2-AS1,ENSG00000268621
HOXD9,ENSG00000128709
SMAD9,ENSG00000120693
HOXD8,ENSG00000175879
PCGF3-AS1,ENSG00000249592
KLRC4,ENSG00000183542
SERPINA4,ENSG00000100665
HAUS5-DT,ENSG00000267626
LINC01653,ENSG00000232100
HMGB1P11,ENSG00000230547
MIR10B,ENSG00000207744
OR2L6P,ENSG00000232215
KLRC3,ENSG00000205810
HOXD4,ENSG00000170166
RN7SL23P,ENSG00000240823
MIR4488,ENSG00000266006
RNU6-376P,ENSG00000207462
CXXC4-AS1,ENSG00000245384
HNRNPA3P9,ENSG00000270903
RPL4P2,ENSG00000232341
LRTOMT,ENSG00000284922
MIR7704,ENSG00000283880
RPSAP25,ENSG00000230384
NRBP2,ENSG00000185189
OR2L9P,ENSG00000237492
TNPO1-DT,ENSG00000249085
DPY19L3-DT,ENSG00000267213
LINC02538,ENSG00000272549
RGS18,ENSG00000150681
SMIM29-AS1,ENSG00000225339
AFF3,ENSG00000144218
ZNF484,ENSG00000127081
TGFB2,ENSG00000092969
OASL,ENSG00000135114
NUTM2A-AS1,ENSG00000223482
LINC01848,ENSG00000254106
MIR3920,ENSG00000263885
LINC02268,ENSG00000248174
KIAA1191P2,ENSG00000254506
PLS1P1,ENSG00000254534
VMA21,ENSG00000160131
TFAMP2,ENSG00000254798
RPSAP50,ENSG00000224776
ZC3H12C,ENSG00000149289
HFM1,ENSG00000162669
PTPRD,ENSG00000153707
GAGE13,ENSG00000274274
GABRA3,ENSG00000011677
RPL7,ENSG00000147604
OR6Q1,ENSG00000279051
KLC2-AS1,ENSG00000254855
KLC2-AS2,ENSG00000254762
TSPAN11-AS1,ENSG00000290531
CAPSL-DT,ENSG00000249748
YIF1A,ENSG00000174851
LINC03074,ENSG00000251249
DDX11-AS1,ENSG00000245614
LINC01834,ENSG00000261316
IFITM3P6,ENSG00000258352
LINC02416,ENSG00000257924
LINC02156,ENSG00000257906
ZSCAN16-AS1,ENSG00000269293
NR2F2-AS1,ENSG00000247809
CAPN6,ENSG00000077274
LINC02122,ENSG00000248474
ADI1P3,ENSG00000258369
LXN,ENSG00000079257
TDRD3,ENSG00000083544
STBD1P1,ENSG00000257807
LINC01479,ENSG00000255772
MORF4L1P7,ENSG00000225904
TMEM31,ENSG00000179363
THEM6,ENSG00000130193
FMO1,ENSG00000010932
PSMG3P1,ENSG00000241946
PDZD4,ENSG00000067840
NIPBL-DT,ENSG00000285967
AMN,ENSG00000166126
JPH1,ENSG00000104369
PSG11-AS1,ENSG00000282943
RN7SL229P,ENSG00000242811
RNF13P1,ENSG00000242068
ACTBP16,ENSG00000241473
FLYWCH1P1,ENSG00000239516
RPL32P10,ENSG00000213157
SHROOM3-AS1,ENSG00000233860
MATR3P2,ENSG00000242140
OS9-AS1,ENSG00000257342
RNU6-4P,ENSG00000206932
AGAP2-AS1,ENSG00000255737
FAUP2,ENSG00000237806
KRT8P36,ENSG00000240668
CYP27B1,ENSG00000111012
DBR1,ENSG00000138231
LONRF2,ENSG00000170500
PITX1-AS1,ENSG00000224186
CLIC3,ENSG00000169583
TIMP3,ENSG00000100234
LINC00498,ENSG00000248397
ZNF606-AS1,ENSG00000176593
RPL36A,ENSG00000241343
LACC1,ENSG00000179630
TDRD6-AS1,ENSG00000242973
EVL,ENSG00000196405
TGFB2-OT1,ENSG00000281453
ABCC8,ENSG00000006071
TUBB8P10,ENSG00000237469
QRSL1P2,ENSG00000227613
PAPPA2,ENSG00000116183
MCHR2-AS1,ENSG00000229315
CYCSP7,ENSG00000269383
RALBP1P2,ENSG00000238029
SSUH2,ENSG00000125046
B4GALT1,ENSG00000086062
ASNSD1,ENSG00000138381
EPIST,ENSG00000249082
KLRC2,ENSG00000205809
HDAC10,ENSG00000100429
RELCH,ENSG00000134444
IDO2,ENSG00000188676
DBH,ENSG00000123454
EMD,ENSG00000102119
OSGIN2,ENSG00000164823
ASDURF,ENSG00000286053
LINC00989,ENSG00000250334
CLPTM1LP1,ENSG00000271036
RAB11B-AS1,ENSG00000269386
KLRC1,ENSG00000134545
MRPS30-DT,ENSG00000251141
SPMIP3,ENSG00000173728
ANKAR,ENSG00000151687
TNFRSF10D,ENSG00000173530
AJM1,ENSG00000232434
SPATA45,ENSG00000185523
TOP1P1,ENSG00000285665
PTGS1,ENSG00000095303
RPS3AP9,ENSG00000231022
SHCBP1L,ENSG00000157060
TDRG1,ENSG00000204091
CENPI,ENSG00000102384
PTOV1-AS1,ENSG00000268006
CYP2U1-AS1,ENSG00000245293
ST18,ENSG00000147488
LINC01938,ENSG00000254066
RNU6-512P,ENSG00000201308
MIR128-1,ENSG00000207654
LCT,ENSG00000115850
CAV3,ENSG00000182533
EIF2S3B,ENSG00000180574
NEK3,ENSG00000136098
RANBP3-DT,ENSG00000266983
SLC25A39P2,ENSG00000257016
KLRA1P,ENSG00000256667
RN7SL145P,ENSG00000244357
RPL23AP22,ENSG00000237213
TATDN2,ENSG00000157014
PANCR,ENSG00000250103
RPL10AP5,ENSG00000235467
SEMA6A-AS1,ENSG00000248445
RPL23AP18,ENSG00000225338
DUTP6,ENSG00000225171
LINC00951,ENSG00000226070
TM4SF20,ENSG00000168955
MIR6761,ENSG00000274697
MAPKAPK5,ENSG00000089022
PTP4A1P7,ENSG00000237514
LINC01859,ENSG00000261558
MIR5703,ENSG00000284092
TPM3P7,ENSG00000187536
NDUFB4P4,ENSG00000217718
HMGN1P4,ENSG00000224040
TRMT112P6,ENSG00000268412
LINC02227,ENSG00000276778
RNU6-942P,ENSG00000199872
SLC4A1APP2,ENSG00000236401
RPS2P15,ENSG00000235440
RSL24D1P4,ENSG00000215800
EMP2P1,ENSG00000231655
SMARCE1P6,ENSG00000214465
LINC01735,ENSG00000261453
PPIL1P1,ENSG00000237951
LINC01710,ENSG00000225561
GAREM2,ENSG00000157833
BRD7P2,ENSG00000184100
TMPRSS7,ENSG00000176040
SRP14-DT,ENSG00000248508
RPS26P13,ENSG00000227887
SAV1,ENSG00000151748
EXOC8,ENSG00000116903
FGD1,ENSG00000102302
GAPDHP75,ENSG00000226196
CCNQP1,ENSG00000233827
LINC01858,ENSG00000261615
COL4A4,ENSG00000081052
MAPRE1,ENSG00000101367
LINC02494,ENSG00000250340
TRNT1P1,ENSG00000225755
ZNF695,ENSG00000197472
SMAD5-AS1,ENSG00000164621
SMAD1-AS2,ENSG00000250582
RPS2P41,ENSG00000244060
ADAM1A,ENSG00000229186
TRPC7-AS1,ENSG00000248211
ADAM1B,ENSG00000226469
SLC25A3P2,ENSG00000258373
DOCK6-AS1,ENSG00000267082
UBE2D3P2,ENSG00000225558
RNU6-1301P,ENSG00000199594
SMYD3-IT1,ENSG00000230184
UBE2FP1,ENSG00000224080
LINC00336,ENSG00000197251
MIR619,ENSG00000207622
RNU6-361P,ENSG00000201324
KRT18P28,ENSG00000176855
RNU7-94P,ENSG00000238609
RPL31P48,ENSG00000243164
EPB41L4A-AS1,ENSG00000224032
TCEA1P2,ENSG00000230409
TGIF2P1,ENSG00000225401
RNU6-1012P,ENSG00000252415
RNA5SP129,ENSG00000222208
RNU6-230P,ENSG00000199327
RPL23AP16,ENSG00000228190
MIR5092,ENSG00000264986
DUTP1,ENSG00000229048
LINC02394,ENSG00000258332
DNAJB6P7,ENSG00000243508
ZNF670-ZNF695,ENSG00000135747
MDN1-AS1,ENSG00000228124
RNU6-232P,ENSG00000252953
IL12A,ENSG00000168811
VENTXP3,ENSG00000257364
ATXN7L3B,ENSG00000253719
PHOX2B-AS1,ENSG00000250467
LINC01579,ENSG00000258754
RGS21,ENSG00000253148
AFF4-DT,ENSG00000272023
GOLGA2P5,ENSG00000238105
EEF1A1P44,ENSG00000236468
RAC1P7,ENSG00000236101
LINC01766,ENSG00000224910
DLST,ENSG00000119689
RN7SL176P,ENSG00000266610
USH2A,ENSG00000042781
MIR1827,ENSG00000221476
C1QTNF7-AS1,ENSG00000249252
CICP10,ENSG00000224160
RPL23AP88,ENSG00000271153
MIR6811,ENSG00000277842
GDNF-AS1,ENSG00000248587
MBTPS2,ENSG00000012174
XXYLT1,ENSG00000173950
LINC01099,ENSG00000251504
LINC02841,ENSG00000267407
LINC03103,ENSG00000267465
SCN2A,ENSG00000136531
WDFY3-AS2,ENSG00000180769
XXYLT1-AS1,ENSG00000233303
MIR3137,ENSG00000265333
RN7SL36P,ENSG00000244314
RNU6-25P,ENSG00000206600
ACAP2-IT1,ENSG00000229325
LINC02448,ENSG00000257230
SEMA6A-AS2,ENSG00000249167
RPL31P22,ENSG00000227433
RNU6ATAC24P,ENSG00000252620
RN7SL73P,ENSG00000265882
RPL24P6,ENSG00000236844
IL17D,ENSG00000172458
RPL31P64,ENSG00000236425
CABYRP1,ENSG00000242983
RPS15P5,ENSG00000229806
LRTM1,ENSG00000144771
GAGE12C,ENSG00000237671
IL12B-AS1,ENSG00000249738
LINC02017,ENSG00000243572
MEGF9,ENSG00000106780
COG3,ENSG00000136152
MOSPD2,ENSG00000130150
NR1H2-AS1,ENSG00000269392
PHF20,ENSG00000025293
LINC01002,ENSG00000282508
TRMO,ENSG00000136932
MIR4713HG,ENSG00000259240
MED28-DT,ENSG00000249502
NDUFS6P1,ENSG00000241905
DONSONP1,ENSG00000227267
EWSAT1,ENSG00000212766
CRIPTOP6,ENSG00000241438
LINC02452,ENSG00000283422
RPL31P23,ENSG00000244740
HLA-DRB4,ENSG00000227357
MSL2,ENSG00000174579
LINC01095,ENSG00000248809
HLA-DRB8,ENSG00000233697
LINC02117,ENSG00000248539
TMC3-AS1,ENSG00000259343
RPL31P13,ENSG00000228646
PAEP,ENSG00000122133
CTSLP1,ENSG00000236417
RPS27P11,ENSG00000223968
KIAA1143P2,ENSG00000232766
ADSS2,ENSG00000035687
EOMES,ENSG00000163508
FAM245A,ENSG00000228055
LINC01202,ENSG00000280776
RGMB-AS1,ENSG00000246763
RN7SKP265,ENSG00000252257
LNCSRLR,ENSG00000240032
HEG1,ENSG00000173706
DUSP8P1,ENSG00000215065
TMEM242-DT,ENSG00000271040
FABP12,ENSG00000197416
PLD5,ENSG00000180287
PLP2,ENSG00000102007
PPIAP39,ENSG00000230018
SCAMP1-AS1,ENSG00000245556
RPL23AP60,ENSG00000213147
TRAF6P1,ENSG00000226557
CA1,ENSG00000133742
RNA5SP137,ENSG00000252642
SNORD19,ENSG00000212493
SNORD19B,ENSG00000238862
XRCC6P1,ENSG00000237417
SNORD19C,ENSG00000222345
LINC01470,ENSG00000249484
SNORD69,ENSG00000212452
KDM5C,ENSG00000126012
ST8SIA5,ENSG00000101638
AK3P7,ENSG00000270941
AKTIPP1,ENSG00000271137
NPM1P30,ENSG00000228219
RPL13AP5,ENSG00000236552
LINC02423,ENSG00000256750
IL9RP2,ENSG00000232420
RAB33B-AS1,ENSG00000273247
SHLD2P3,ENSG00000189014
ITIH4-AS1,ENSG00000239799
STIMATE-MUSTN1,ENSG00000248592
LINC02356,ENSG00000257595
MICA-AS1,ENSG00000272221
NXNP1,ENSG00000226693
BANF1P4,ENSG00000223828
PTPN3,ENSG00000070159
CHCHD4P5,ENSG00000225222
QKILA,ENSG00000261268
STYXL2,ENSG00000198842
MIR8064,ENSG00000275789
RORA-AS1,ENSG00000245534
RN7SL767P,ENSG00000241529
PM20D1-AS1,ENSG00000286619
USF3,ENSG00000176542
RHEBP2,ENSG00000226964
KCNIP1-OT1,ENSG00000253647
DUSP8P5,ENSG00000235316
TXNRD1-AS1,ENSG00000257732
LINC01339,ENSG00000248555
LINC00661,ENSG00000205396
LINC02822,ENSG00000286021
TMEM30A-DT,ENSG00000225793
CD226,ENSG00000150637
MED4,ENSG00000136146
DBTP1,ENSG00000239280
RPS10P4,ENSG00000240776
CTDNEP1P1,ENSG00000241889
AGAP7P,ENSG00000264204
MIMT1,ENSG00000268654
KRBOX1,ENSG00000240747
COLGALT2,ENSG00000198756
KCNK12,ENSG00000184261
FILIP1-AS1,ENSG00000237174
VN1R18P,ENSG00000275423
RNU4-48P,ENSG00000202429
PART1,ENSG00000152931
MARK2P9,ENSG00000232709
RNU6-32P,ENSG00000206675
CTSLP6,ENSG00000204437
EIF2AK3,ENSG00000172071
INKILN,ENSG00000289530
UMLILO,ENSG00000228277
GPX1,ENSG00000233276
C1DP2,ENSG00000236217
PTPRB-AS1,ENSG00000258168
CXCL8,ENSG00000169429
C1DP4,ENSG00000227515
TMEM254-AS1,ENSG00000230091
RAD23B,ENSG00000119318
GAPDHP29,ENSG00000178596
SLC35F3,ENSG00000183780
CARD8-AS1,ENSG00000268001
ZNF114-AS1,ENSG00000268186
ESF1,ENSG00000089048
UCHL3,ENSG00000118939
DPY19L4P1,ENSG00000229663
CHST9,ENSG00000154080
MTND5P15,ENSG00000231888
NACC1-AS1,ENSG00000267512
MAEL,ENSG00000143194
RNU6-681P,ENSG00000200882
IER2-AS1,ENSG00000267598
ASS1P7,ENSG00000236893
RN7SKP52,ENSG00000252028
TH2LCRR,ENSG00000223442
ANTXRLP1,ENSG00000263482
MIR570,ENSG00000207650
PSG5,ENSG00000204941
TWSG1,ENSG00000128791
PHF19,ENSG00000119403
LINC01385,ENSG00000251604
AGAP14P,ENSG00000279058
LINC02147,ENSG00000249797
BTF3-DT,ENSG00000272525
LMNB1-DT,ENSG00000251072
PSG4,ENSG00000243137
KDSR,ENSG00000119537
CDH18-AS1,ENSG00000249854
BASP1-AS1,ENSG00000215196
LINC01486,ENSG00000256560
USP12,ENSG00000152484
FAM149A,ENSG00000109794
MROCKI,ENSG00000227502
FARP1,ENSG00000152767
PLD5P1,ENSG00000283930
LINC02617,ENSG00000256288
SNHG18,ENSG00000250786
ORMDL1P1,ENSG00000228997
FAM135A-AS1,ENSG00000224349
ATXN2-AS,ENSG00000258099
RHEBP1,ENSG00000229927
AKR1C6P,ENSG00000151631
TUBGCP6,ENSG00000128159
BNIP3L,ENSG00000104765
HM13,ENSG00000101294
TOGARAM1,ENSG00000198718
AGAP13P,ENSG00000243289
LINC02488,ENSG00000249362
OR7E26P,ENSG00000228547
DCLRE1CP1,ENSG00000237470
PSG9,ENSG00000183668
NDUFAF4P4,ENSG00000231378
LINC01691,ENSG00000224857
PFN1P11,ENSG00000213061
LINC01363,ENSG00000231605
R3HDM2-DT,ENSG00000258001
FAF2P1,ENSG00000228759
LINC01622,ENSG00000286785
CTSLP4,ENSG00000230011
CHASERR,ENSG00000272888
GPR52,ENSG00000203737
FEN1P1,ENSG00000215873
LINC02144,ENSG00000248708
LINC00857,ENSG00000237523
SMYD3,ENSG00000185420
CUBNP3,ENSG00000235690
CERKL,ENSG00000188452
LINC03056,ENSG00000258117
AMBP,ENSG00000106927
RPL12P27,ENSG00000237169
BCAT1-DT,ENSG00000255921
LINC02400,ENSG00000257784
CEACAMP10,ENSG00000241104
BRMS1L,ENSG00000100916
CEACAMP11,ENSG00000236123
LINC02865,ENSG00000229922
CEACAMP4,ENSG00000230681
LINC03078,ENSG00000231412
SIMALR,ENSG00000226004
PEAK3,ENSG00000188305
TNFRSF10C,ENSG00000173535
ZNF8-DT,ENSG00000268516
CD63-AS1,ENSG00000258056
LINC01847,ENSG00000253311
TNS2-AS1,ENSG00000257337
LY86-AS1,ENSG00000216863
ZNF584-DT,ENSG00000232098
LINC01517,ENSG00000232624
LINC02217,ENSG00000248455
HMGB3P6,ENSG00000213070
TTPA,ENSG00000137561
NMNAT1P2,ENSG00000225719
ZNF8-ERVK3-1,ENSG00000267216
VDAC1P10,ENSG00000232809
USP18,ENSG00000184979
LINC01677,ENSG00000233047
COA8,ENSG00000256053
HMCN1,ENSG00000143341
LINC03000,ENSG00000241956
ZNF749,ENSG00000186230
VN1R1,ENSG00000178201
VN1R107P,ENSG00000268545
NEUROD1,ENSG00000162992
LACTB2,ENSG00000147592
ANK2-AS1,ENSG00000248152
ARK2N,ENSG00000152242
ZBTB24-DT,ENSG00000223537
PPM1N,ENSG00000213889
SP3,ENSG00000172845
LINC02529,ENSG00000234777
RETREG1-AS1,ENSG00000246214
C4B_2,ENSG00000233312
GZMH,ENSG00000100450
RNU5A-1,ENSG00000199568
FCHO2-DT,ENSG00000272081
RNU5B-1,ENSG00000200156
DCTN6,ENSG00000104671
LINC02446,ENSG00000256039
RNU6-19P,ENSG00000207449
LINC02116,ENSG00000250417
PDC,ENSG00000116703
ISL1-DT,ENSG00000259663
UGT1A3,ENSG00000288702
AGGF1P1,ENSG00000214273
SMAD7,ENSG00000101665
CLUHP4,ENSG00000249003
TRIB2,ENSG00000071575
DBET,ENSG00000281591
LINC01530,ENSG00000289037
ANP32CP,ENSG00000248546
DNAH8-DT,ENSG00000236355
MIR4689,ENSG00000264101
ERVH-1,ENSG00000251292
RN7SL614P,ENSG00000243267
LINC01498,ENSG00000247213
RNU6-1265P,ENSG00000252151
PPARGC1A-AS1,ENSG00000249453
SLC38A6,ENSG00000139974
RNA5SP40,ENSG00000252956
PRKG2-AS1,ENSG00000251059
MIR34A,ENSG00000284357
MIR552,ENSG00000207941
RNU6-605P,ENSG00000199963
MIR4255,ENSG00000264698
RNU6-636P,ENSG00000207328
ADAMTS5,ENSG00000154736
RNA5SP43,ENSG00000252368
RNU6-753P,ENSG00000200796
MIR6732,ENSG00000283724
MIR6733,ENSG00000284410
RNU2-30P,ENSG00000252018
RNU6-969P,ENSG00000206627
RNU6-1237P,ENSG00000207508
RNU6-1026P,ENSG00000207194
MIR6079,ENSG00000283477
UGT1A8,ENSG00000242366
MIR5581,ENSG00000263675
OR4G3P,ENSG00000282137
RNU7-62P,ENSG00000238653
RNU5A-2P,ENSG00000207065
RNU6-414P,ENSG00000200575
RNU6-1177P,ENSG00000212360
RN7SKP19,ENSG00000251825
RNU2-15P,ENSG00000222624
CASP6,ENSG00000138794
RNU4-88P,ENSG00000223152
RNA5SP23,ENSG00000212308
MIR7156,ENSG00000276081
RPL23AP2,ENSG00000225067
RN7SL62P,ENSG00000239640
RNU6-503P,ENSG00000252338
RN7SL854P,ENSG00000239319
RNU7-8P,ENSG00000251767
RNA5SP22,ENSG00000202263
RNA5SP52,ENSG00000199318
SNORD3G,ENSG00000199666
CYP4F24P,ENSG00000267594
TMEM241,ENSG00000134490
RNA5SP50,ENSG00000200601
RN7SL392P,ENSG00000242482
RNA5SP51,ENSG00000201620
RN7SL440P,ENSG00000264963
LINC02057,ENSG00000249279
MIR30E,ENSG00000198974
RNU6-750P,ENSG00000212248
MIR30C1,ENSG00000207962
RNU6-125P,ENSG00000207234
MFSD3,ENSG00000167700
RNU6-1318P,ENSG00000202259
IFNAR1,ENSG00000142166
RNU6-695P,ENSG00000212459
CACNB2-AS1,ENSG00000240291
MIR378G,ENSG00000263526
MIR760,ENSG00000211575
RNF215,ENSG00000099999
RNU4-75P,ENSG00000201491
MIR7852,ENSG00000275455
BEX3,ENSG00000166681
RNU1-130P,ENSG00000200800
RNU6-965P,ENSG00000252530
MIR320B1,ENSG00000211543
RN7SKP272,ENSG00000252797
RNA5SP56,ENSG00000222209
MIR942,ENSG00000215930
TMPO-AS1,ENSG00000257167
RN7SKP285,ENSG00000222069
RNU4ATAC8P,ENSG00000252005
RNA5SP55,ENSG00000252510
RNA5SP533,ENSG00000252830
MIR4256,ENSG00000283296
MICB-DT,ENSG00000286940
RNU6-352P,ENSG00000252717
RNU6-41P,ENSG00000207472
RNU5F-6P,ENSG00000199849
LINC00485,ENSG00000258169
RNU6-983P,ENSG00000251813
RNU6-716P,ENSG00000202491
UGT1A5,ENSG00000288705
RNU1-141P,ENSG00000201493
LINC02439,ENSG00000255814
RNU6-778P,ENSG00000200139
AK3,ENSG00000147853
ZNF725P,ENSG00000268100
RNU2-12P,ENSG00000253025
SNORA16B,ENSG00000201544
MIR1255B2,ENSG00000221545
SCARNA3,ENSG00000252906
RNU6-609P,ENSG00000202329
RN7SL299P,ENSG00000242794
MIR3119-1,ENSG00000283340
SMIM15-AS1,ENSG00000251279
RNU6-570P,ENSG00000252860
MIR3119-2,ENSG00000263390
SNORA14B,ENSG00000207181
MIR4671,ENSG00000264377
RNU6-465P,ENSG00000207149
MIR205,ENSG00000284485
RN7SL333P,ENSG00000239494
CYP2A7P1,ENSG00000213908
NEUROG2-AS1,ENSG00000249509
RN7SL668P,ENSG00000239690
LINC02641,ENSG00000230131
ZFP41,ENSG00000181638
RNU6-1283P,ENSG00000202184
RN7SL344P,ENSG00000241395
RNA5SP80,ENSG00000222407
RNU6-1205P,ENSG00000200495
RNA5SP73,ENSG00000252553
RN7SKP156,ENSG00000222240
RNA5SP65,ENSG00000200036
RNA5SP62,ENSG00000200327
MIR3122,ENSG00000264358
RNA5SP63,ENSG00000212527
RN7SKP98,ENSG00000252879
RNA5SP77,ENSG00000202264
RN7SKP12,ENSG00000252084
MIR3124,ENSG00000264500
RNU6-1240P,ENSG00000202025
LINC02441,ENSG00000256643
RPL21P27,ENSG00000225272
RIDA,ENSG00000132541
CYP2T3P,ENSG00000268529
RPS4XP4,ENSG00000215520
LINC02388,ENSG00000257259
FAM43B,ENSG00000183114
KCTD17,ENSG00000100379
UGT1A7,ENSG00000244122
MIR6084,ENSG00000284005
MCTS2,ENSG00000101898
ZNF101P2,ENSG00000234473
CEACAMP5,ENSG00000231561
SCARNA18B,ENSG00000238754
MIR1278,ENSG00000221680
SGO1P1,ENSG00000270615
LIPE-AS1,ENSG00000213904
RN7SL538P,ENSG00000240692
RN7SL242P,ENSG00000244389
UXT,ENSG00000126756
SLC52A3,ENSG00000101276
FAM66C,ENSG00000226711
CASP3P1,ENSG00000237033
EEF1A1P48,ENSG00000229239
SEPTIN14P12,ENSG00000235748
KLC4-AS1,ENSG00000272170
MRPS21P3,ENSG00000221879
MIR302CHG,ENSG00000249532
THAP12P8,ENSG00000223963
RFKP1,ENSG00000215802
HNRNPA1P42,ENSG00000233615
MIR3123,ENSG00000265831
RPL36P6,ENSG00000224348
APCS,ENSG00000132703
PROSER2-AS1,ENSG00000225778
LINC02104,ENSG00000271334
RAB6D,ENSG00000233087
C5,ENSG00000106804
CTR9,ENSG00000198730
CRPP1,ENSG00000223603
CRP,ENSG00000132693
C5orf34-AS1,ENSG00000248554
LINC02676,ENSG00000234752
WDR45P1,ENSG00000248208
FAM133A,ENSG00000179083
VSIG8,ENSG00000243284
TMEM64,ENSG00000180694
TNRC6B,ENSG00000100354
CFAP45,ENSG00000213085
HMGN3-AS1,ENSG00000270362
MAL2,ENSG00000147676
CASC6,ENSG00000224944
ANO1-AS1,ENSG00000254902
ATP5PBP5,ENSG00000254944
SPATA7,ENSG00000042317
BSX,ENSG00000188909
LRRN4,ENSG00000125872
CABS1,ENSG00000145309
SAE1P1,ENSG00000213184
RPL34P23,ENSG00000243669
RPS26P43,ENSG00000244641
SMR3A,ENSG00000109208
RPL31P47,ENSG00000233541
PBK,ENSG00000168078
LINC02664,ENSG00000272381
SNORD14E,ENSG00000200879
SNORD14D,ENSG00000207118
SNORD14C,ENSG00000202252
IGKV1D-39,ENSG00000251546
SMR3B,ENSG00000171201
PHB1P17,ENSG00000254407
IGKV2D-38,ENSG00000254009
IGKV1D-37,ENSG00000250036
LGR4-AS1,ENSG00000254862
IGKV2D-36,ENSG00000253127
IGKV1D-35,ENSG00000232747
HSF2BP,ENSG00000160207
LIN7C,ENSG00000148943
OPRPN,ENSG00000171199
IGKV3D-34,ENSG00000253501
NCOA3,ENSG00000124151
IGKV1D-33,ENSG00000239975
TRDN-AS1,ENSG00000235535
MIR4259,ENSG00000266458
IGKV1D-32,ENSG00000253191
IGKV3D-31,ENSG00000253999
SLAMF9,ENSG00000162723
IGKV2D-30,ENSG00000239571
IGKV2D-29,ENSG00000243264
IGKV2D-28,ENSG00000242534
NLGN1,ENSG00000169760
IGKV1D-27,ENSG00000224607
IGKV2D-26,ENSG00000211623
IGKV3D-25,ENSG00000254097
IGKV2D-24,ENSG00000241566
BDNF-AS,ENSG00000245573
IGKV2D-23,ENSG00000254345
IGKV1D-22,ENSG00000253365
IGKV6D-21,ENSG00000225523
CRIPTOP7,ENSG00000269584
COX5BP1,ENSG00000248448
IGKV3D-20,ENSG00000211625
NPM1P41,ENSG00000248543
IGKV2D-19,ENSG00000253765
IGKV2D-18,ENSG00000254220
IGKV6D-41,ENSG00000211626
LINC02240,ENSG00000260192
HNRNPA3P13,ENSG00000250826
IGKV1D-17,ENSG00000242766
RNU6-499P,ENSG00000202485
IL2RA-AS1,ENSG00000229664
RPL10P15,ENSG00000267119
IGKV1D-16,ENSG00000241244
ZMYM3,ENSG00000147130
IGKV3D-15,ENSG00000224041
SNHG28,ENSG00000188004
IGKV2D-14,ENSG00000254292
IGKV1D-13,ENSG00000276566
TMEM167AP2,ENSG00000256210
DTWD1P1,ENSG00000214280
IGKV1D-12,ENSG00000278857
RN7SKP124,ENSG00000201600
RN7SL724P,ENSG00000244692
IGKV3D-11,ENSG00000211632
TRMT112P5,ENSG00000250161
PSMG1,ENSG00000183527
OR7A8P,ENSG00000269552
RPS27P12,ENSG00000241673
CREM,ENSG00000095794
H1-10,ENSG00000184897
IGKV2D-10,ENSG00000253906
RPL23AP80,ENSG00000213035
IGKV1D-42,ENSG00000211633
IGKV1D-43,ENSG00000242580
VN1R96P,ENSG00000230086
VAMP9P,ENSG00000284516
HNRNPD-DT,ENSG00000272677
TPRG1LP1,ENSG00000269097
RCAN2-DT,ENSG00000236466
SIGLEC27P,ENSG00000269580
TMEM150C,ENSG00000249242
RPL7P51,ENSG00000243469
USP19,ENSG00000172046
CNTNAP5,ENSG00000155052
SAXO3,ENSG00000268655
CLEC4GP1,ENSG00000268297
MIR4254,ENSG00000266580
RNU6-817P,ENSG00000212385
RPL10P16,ENSG00000178464
LINC02064,ENSG00000248391
EFNA4,ENSG00000243364
RPL28P5,ENSG00000213293
OVCH1-AS1,ENSG00000257599
ELOVL2-AS1,ENSG00000230314
RPL7AP26,ENSG00000214988
PTPN11P5,ENSG00000248113
LINC00575,ENSG00000231782
EFNA4-EFNA3,ENSG00000251246
SIGLEC18P,ENSG00000268581
PDLIM2,ENSG00000120913
HMGN2P18,ENSG00000223452
SCD5,ENSG00000145284
BICD1-AS1,ENSG00000257530
MAPKAPK5-AS1,ENSG00000234608
MIR92B,ENSG00000284586
CABLES1,ENSG00000134508
LETM1P2,ENSG00000268660
NBEAL1,ENSG00000144426
MIR575,ENSG00000207746
PLXNB2,ENSG00000196576
UBA6-DT,ENSG00000248049
SCGB2B3P,ENSG00000269811
WAKMAR2,ENSG00000237499
SLC6A21P,ENSG00000269009
BNIP3P16,ENSG00000267641
LINC02202,ENSG00000245812
EDNRB,ENSG00000136160
SV2C-AS1,ENSG00000248127
LINC02457,ENSG00000258018
ST3GAL1P1,ENSG00000250656
GNRHR,ENSG00000109163
SLC12A2-DT,ENSG00000245937
RNU6-586P,ENSG00000253074
RNU4ATAC4P,ENSG00000252116
DNAJB6P4,ENSG00000228523
RNU6-387P,ENSG00000223263
RNU6-1031P,ENSG00000207504
TMPRSS11CP,ENSG00000232398
CR1L,ENSG00000197721
TMPRSS11D,ENSG00000153802
HNRNPA1P10,ENSG00000214223
SLC46A2,ENSG00000119457
MRPS35-DT,ENSG00000256377
C8G,ENSG00000176919
CD46P1,ENSG00000244703
ACTR2P2,ENSG00000213985
ASPRV1,ENSG00000244617
CDCA4P3,ENSG00000226289
C2orf81,ENSG00000284308
CDCA4P4,ENSG00000234219
OR10J6P,ENSG00000158731
RNU6-828P,ENSG00000201746
BCL2L2,ENSG00000129473
RNU6-37P,ENSG00000199562
RN7SL731P,ENSG00000264501
GAREM1,ENSG00000141441
TMPRSS11A,ENSG00000187054
MIR4783,ENSG00000264075
SCEL,ENSG00000136155
CENPS-CORT,ENSG00000251503
VN1R95P,ENSG00000267264
ALMS1,ENSG00000116127
LINC02987,ENSG00000267575
RXYLT1-AS1,ENSG00000255850
TMPRSS11GP,ENSG00000229009
LRR1,ENSG00000165501
LINC00508,ENSG00000256971
DYM,ENSG00000141627
CENPS,ENSG00000175279
HNRNPA1P5,ENSG00000259512
IQCH,ENSG00000103599
LINC00507,ENSG00000256193
ITPR3-AS1,ENSG00000299591
NSA2P1,ENSG00000236035
SNORA77,ENSG00000221643
RPL35AP5,ENSG00000223505
KRT8P29,ENSG00000236430
RN7SL559P,ENSG00000240750
XKR8,ENSG00000158156
SNX30,ENSG00000148158
MLIP-AS1,ENSG00000235050
PPP1R3E,ENSG00000235194
MIR1182,ENSG00000283799
LINC02500,ENSG00000249460
LINC01144,ENSG00000281912
TMEM14B-DT,ENSG00000272097
NOL6,ENSG00000165271
PPIAP36,ENSG00000236872
FGFR3P6,ENSG00000226164
TENM3-AS1,ENSG00000177822
MIR3916,ENSG00000283881
RNA5SP82,ENSG00000252516
GCSAML,ENSG00000169224
SNRPEP5,ENSG00000225642
HMGB1P25,ENSG00000230886
ILRUN-AS1,ENSG00000272288
KCNE4,ENSG00000152049
LINC02370,ENSG00000230294
LINC00992,ENSG00000248663
MIR558,ENSG00000207653
MIR4765,ENSG00000265057
LHX5-AS1,ENSG00000257935
CABYR,ENSG00000154040
MIR8087,ENSG00000278483
RNA5SP339,ENSG00000212289
IQCH-AS1,ENSG00000259673
ACP3,ENSG00000014257
CBX3P1,ENSG00000177447
HSP90AA2P,ENSG00000224411
MIR610,ENSG00000207874
ATP5MGP8,ENSG00000271332
RPL12P46,ENSG00000255903
STXBP5-AS1,ENSG00000233452
LCNL1,ENSG00000214402
PSMA2P1,ENSG00000254582
SPAG8,ENSG00000137098
LINC02757,ENSG00000255363
C15orf61,ENSG00000189227
MAP2K5-DT,ENSG00000270964
POLGARF,ENSG00000291307
LRRC32-AS1,ENSG00000236304
G2E3P1,ENSG00000240890
NIP7P2,ENSG00000213264
RNU6ATAC29P,ENSG00000221015
LINC00958,ENSG00000251381
SAXO2,ENSG00000188659
RN7SKP13,ENSG00000251742
DENND3,ENSG00000105339
CCNHP1,ENSG00000251433
IQCF3,ENSG00000229972
TENM3,ENSG00000218336
PDE3A-AS1,ENSG00000256879
RASSF10-DT,ENSG00000254670
RNA5SP336,ENSG00000201059
RNA5SP337,ENSG00000252816
MAML2,ENSG00000184384
CCNY-AS1,ENSG00000271335
NFKBIZ,ENSG00000144802
AKTIPP3,ENSG00000255376
MED28P5,ENSG00000255205
OR2G2,ENSG00000177489
LINC02553,ENSG00000255039
OR2G3,ENSG00000177476
RNA5SP347,ENSG00000199315
OR3D1P,ENSG00000230411
PLBD1-AS1,ENSG00000256751
RNU6-991P,ENSG00000251977
LINC01331,ENSG00000248673
LIPT2-AS1,ENSG00000254837
ADH5P3,ENSG00000223694
TNFSF8,ENSG00000106952
SLC6A12-AS1,ENSG00000256577
MIR6073,ENSG00000284094
CD177P1,ENSG00000204933
BACE1-AS,ENSG00000278768
RPL17P7,ENSG00000244716
SNORA68B,ENSG00000201388
RPS27P6,ENSG00000228665
RPS12P31,ENSG00000242325
RANP5,ENSG00000228054
RN7SL789P,ENSG00000242436
SCARNA2,ENSG00000278249
SNORA80E,ENSG00000207475
RGS9BP,ENSG00000186326
SCARNA4,ENSG00000280466
CD3D,ENSG00000167286
MIR6738,ENSG00000277817
ARHGEF2-AS1,ENSG00000224276
ADAMTSL1,ENSG00000178031
NUDT19-DT,ENSG00000267475
PMF1-BGLAP,ENSG00000260238
NUDT19,ENSG00000213965
NEB,ENSG00000183091
TDRD12,ENSG00000173809
RPL7AP79,ENSG00000255106
CD82-AS1,ENSG00000254693
RPL34P22,ENSG00000244267
FGD5P1,ENSG00000275340
PANK1-AS1,ENSG00000232936
LINC01333,ENSG00000249343
MIR1305,ENSG00000221227
RNU2-34P,ENSG00000252343
SDHAP1,ENSG00000185485
RN7SKP67,ENSG00000251714
BGLAP,ENSG00000242252
CD81-AS1,ENSG00000238184
MTND5P42,ENSG00000283578
MARK2P16,ENSG00000270670
OR5AC4P,ENSG00000251090
MIR9-1,ENSG00000207933
NMRAL2P,ENSG00000171658
BEST1,ENSG00000167995
MEX3A,ENSG00000254726
LINC01096,ENSG00000246095
CYP4Z1,ENSG00000186160
COL6A4P1,ENSG00000230524
FRG2FP,ENSG00000232783
TUBAP9,ENSG00000225154
MTND1P34,ENSG00000225514
RPL32P3,ENSG00000251474
FOXE3,ENSG00000186790
OR7E122P,ENSG00000215160
INHCAP,ENSG00000242337
FOXD2-AS1,ENSG00000237424
VHLL,ENSG00000189030
FAM86JP,ENSG00000171084
LRRC52,ENSG00000162763
ATP6V0D2,ENSG00000147614
COA6,ENSG00000168275
LINC02216,ENSG00000249551
CIDECP1,ENSG00000186162
HSP90AB2P,ENSG00000205940
FAM86HP,ENSG00000253540
DAPP1,ENSG00000070190
GCM1P1,ENSG00000267245
ZNF169,ENSG00000175787
RN7SKP22,ENSG00000201967
ALG1L1P,ENSG00000189366
SNHG33,ENSG00000240024
OR7E22P,ENSG00000179799
ASAH2,ENSG00000188611
CORT,ENSG00000241563
LYRM4-AS1,ENSG00000272142
EEF1DP8,ENSG00000236607
LEPR,ENSG00000116678
SCGB1D1,ENSG00000168515
SCGB2A1,ENSG00000124939
LINC02411,ENSG00000256022
ZNF532,ENSG00000074657
NAF1,ENSG00000145414
SCGB1D2,ENSG00000124935
FUT7,ENSG00000180549
MAP3K5-AS2,ENSG00000286646
ENHO,ENSG00000168913
SCGB2A2,ENSG00000110484
FARS2-AS1,ENSG00000269985
ARID3C,ENSG00000205143
TMEM132D-AS1,ENSG00000249196
BCOR,ENSG00000183337
MAMSTR,ENSG00000176909
SCGB1D4,ENSG00000197745
DCAF10,ENSG00000122741
PPIC-AS1,ENSG00000249996
LINC02219,ENSG00000253787
NPM1P35,ENSG00000255213
NUMA1-AS1,ENSG00000251143
LINC02417,ENSG00000257048
PDLIM7-AS1,ENSG00000248996
LINC02823,ENSG00000258100
RNU6-1135P,ENSG00000223015
MTCYBP41,ENSG00000254650
LIX1-AS1,ENSG00000251513
SGMS1-AS1,ENSG00000226200
PCNAP4,ENSG00000254544
NAV2-IT1,ENSG00000255270
RNA5SP335,ENSG00000200687
HMGB1P40,ENSG00000255291
USE1,ENSG00000053501
OGN,ENSG00000291350
SLC6A5,ENSG00000165970
LINC02196,ENSG00000250974
OMD,ENSG00000291355
IARS1,ENSG00000291356
NDST3,ENSG00000164100
EMC3-AS1,ENSG00000180385
MIR5787,ENSG00000275334
RNU6-1181P,ENSG00000206918
RNF7P1,ENSG00000239831
RPS8P5,ENSG00000237186
NUP153-AS1,ENSG00000272269
RNU6-108P,ENSG00000202428
RNU6-483P,ENSG00000206815
RNU6ATAC26P,ENSG00000210841
RPL12P44,ENSG00000227123
RNU5B-3P,ENSG00000252410
DNAI1,ENSG00000122735
LINC02406,ENSG00000258144
LINC01553,ENSG00000235931
AQP5-AS1,ENSG00000257588
CDH23,ENSG00000107736
PLK4,ENSG00000142731
CAPS2-AS1,ENSG00000254451
UBE2R2,ENSG00000107341
ANG,ENSG00000214274
FOXD2,ENSG00000186564
CCND2-AS1,ENSG00000255920
MIR670HG,ENSG00000235661
DDOST,ENSG00000244038
PALM2AKAP2,ENSG00000157654
ACSS3-AS1,ENSG00000258026
PLA2G2F,ENSG00000158786
SSTR1,ENSG00000139874
ATP2B2,ENSG00000157087
LINC00941,ENSG00000285517
RXFP4,ENSG00000173080
L3HYPDH,ENSG00000126790
SBF1P2,ENSG00000224904
NOL8,ENSG00000291347
RNU5E-4P,ENSG00000201801
MIR6729,ENSG00000276869
RN7SL649P,ENSG00000243539
LINC01872,ENSG00000268318
TNFRSF8,ENSG00000120949
EHD4-AS1,ENSG00000259883
SOCS2-AS1,ENSG00000246985
PLA2G4E-AS1,ENSG00000246740
TTC36-AS1,ENSG00000255435
FBXO38-DT,ENSG00000247199
LINC02526,ENSG00000229654
L2HGDH,ENSG00000087299
LIM2-AS1,ENSG00000268889
RNU6-94P,ENSG00000271819
GABPB1-IT1,ENSG00000285410
ALKBH3-AS1,ENSG00000244926
GABPB1-AS1,ENSG00000244879
PROSER3,ENSG00000167595
MIR194-2HG,ENSG00000229719
FBXO32,ENSG00000156804
AFM,ENSG00000079557
MIR4712,ENSG00000284284
LINC02412,ENSG00000258171
RNU6-777P,ENSG00000201135
RPL23AP89,ENSG00000227875
MIR7846,ENSG00000283789
MIR4632,ENSG00000263676
LINC01023,ENSG00000272523
ZSWIM4,ENSG00000288360
LZTS3,ENSG00000088899
RBBP4,ENSG00000162521
KCTD21-AS1,ENSG00000246174
ECM2,ENSG00000291357
EMC2,ENSG00000104412
GALNT16,ENSG00000100626
MGC15885,ENSG00000259458
BMAL2-AS1,ENSG00000245311
LINC02413,ENSG00000257345
TTLL11,ENSG00000175764
BBOX1-AS1,ENSG00000254560
LINC01013,ENSG00000228495
ASPN,ENSG00000292224
BRME1,ENSG00000288152
LINC02142,ENSG00000223597
LINC02378,ENSG00000256994
TPM1-AS,ENSG00000259498
LINC02882,ENSG00000251138
CELF6-AS1,ENSG00000261460
LINC02873,ENSG00000175728
HEXA-AS1,ENSG00000260339
TMEM202-AS1,ENSG00000261423
CTHRC1,ENSG00000164932
PSD2-AS1,ENSG00000249131
CDH23-AS1,ENSG00000223817
ASTN2,ENSG00000148219
CC2D1A,ENSG00000288293
ISM2,ENSG00000100593
LINC02148,ENSG00000250427
LINC02997,ENSG00000249364
COLEC10,ENSG00000184374
DNAJC9-AS1,ENSG00000236756
LINC02749,ENSG00000254480
LDB2,ENSG00000169744
MPHOSPH10P4,ENSG00000258797
GOLGA8CP,ENSG00000181984
LINC02748,ENSG00000255187
RN7SL759P,ENSG00000278497
SPATA31E2P,ENSG00000258916
C10orf55,ENSG00000222047
IGHV1OR15-6,ENSG00000270685
NBEAP1,ENSG00000258590
USP29,ENSG00000131864
LINC02713,ENSG00000255502
HSPB8-AS1,ENSG00000256609
LINC02249,ENSG00000225930
SLC39A9,ENSG00000029364
NECAB1,ENSG00000123119
MIR5187,ENSG00000284035
RRM2P2,ENSG00000236484
RNU6-481P,ENSG00000206921
TIMM9P1,ENSG00000236900
RPSAP6,ENSG00000214629
RAB5CP1,ENSG00000213731
RN7SL261P,ENSG00000277762
PODNL1,ENSG00000288195
TRMT2A,ENSG00000099899
LINC02123,ENSG00000250668
ZIM3,ENSG00000141946
MRPL35P3,ENSG00000226253
MOGS,ENSG00000115275
ATP2B2-IT1,ENSG00000236999
NDUFA8P1,ENSG00000271710
GJA8,ENSG00000121634
POLR3DP1,ENSG00000214626
ATP2B2-IT2,ENSG00000224771
MED12,ENSG00000184634
FAM32CP,ENSG00000213525
RNU1-129P,ENSG00000206791
RNVU1-7,ENSG00000206585
ABHD17AP1,ENSG00000198658
VENTXP7,ENSG00000236380
ZNF385D-AS1,ENSG00000225542
RNU6-1211P,ENSG00000238382
ME2,ENSG00000082212
RNU6-809P,ENSG00000207190
DPPA3P8,ENSG00000270293
ENTPD1-AS1,ENSG00000226688
TMCO2,ENSG00000188800
ZNF385D-AS2,ENSG00000223351
DUXA,ENSG00000258873
LINC02242,ENSG00000249736
ITCH,ENSG00000078747
RPL21P20,ENSG00000227311
ZFP69B-DT,ENSG00000284677
CEP97,ENSG00000182504
ADAMDEC1,ENSG00000134028
ZNF264,ENSG00000083844
PURPL,ENSG00000250337
AUNIP,ENSG00000127423
MIR34BHG,ENSG00000286028
SNRPFP2,ENSG00000229786
RNU2-53P,ENSG00000252066
MIR3917,ENSG00000283938
RNU6-369P,ENSG00000199385
MIR5584,ENSG00000263381
FMN1,ENSG00000248905
TMEM53,ENSG00000126106
ZNF805,ENSG00000204524
ZNF460-AS1,ENSG00000267871
DCAF15,ENSG00000288453
DDN-AS1,ENSG00000257913
GMDS-DT,ENSG00000250903
HNF1A-AS1,ENSG00000241388
PSMA2P3,ENSG00000227890
RPL39P14,ENSG00000224463
LNC-WAL,ENSG00000268205
SNORD70,ENSG00000212534
SNORD70B,ENSG00000212309
SNORD55,ENSG00000264294
SNORD11B,ENSG00000271852
CDKN2AIP,ENSG00000168564
SNORD46,ENSG00000200913
SNORD11,ENSG00000238317
SNORD38A,ENSG00000202031
RN7SL753P,ENSG00000264275
SNORD38B,ENSG00000207421
PIMREGP1,ENSG00000226261
ZNF304,ENSG00000131845
RPS15AP11,ENSG00000234093
RNU5E-6P,ENSG00000202444
RN7SL40P,ENSG00000242696
RNA5SP47,ENSG00000253039
CCNB1IP1P1,ENSG00000229815
PPIAP35,ENSG00000232369
MRPS17P1,ENSG00000268949
BMPR2,ENSG00000204217
RPL21P39,ENSG00000239797
OSTCP5,ENSG00000234315
RFX1,ENSG00000288283
TAS1R1,ENSG00000173662
LINC00882,ENSG00000242759
TRAPPC2B,ENSG00000256060
GALNT7,ENSG00000109586
ARL14EP-DT,ENSG00000254532
NTRK2,ENSG00000148053
NAT2,ENSG00000156006
LINC02450,ENSG00000257114
KIRREL3-AS4,ENSG00000254607
ZNF548,ENSG00000188785
LINC02711,ENSG00000255183
PTDSS1,ENSG00000156471
ZBTB40-IT1,ENSG00000237200
EPHA8,ENSG00000070886
HNRNPA1P71,ENSG00000259686
TMCO5B,ENSG00000215296
LINC02751,ENSG00000254946
RYR3-DT,ENSG00000259446
IL27RA,ENSG00000288185
CEP83-DT,ENSG00000278916
H3P8,ENSG00000270915
CD27-AS1,ENSG00000215039
RPL13AP12,ENSG00000236047
MTCO1P17,ENSG00000223619
MTCO2P17,ENSG00000233888
HSD17B13,ENSG00000170509
MTATP6P17,ENSG00000235433
MIR6127,ENSG00000276835
MIR4684,ENSG00000265422
LGALS8-AS1,ENSG00000223776
MTCO3P17,ENSG00000237542
RPSAP21,ENSG00000226498
CC2D2B,ENSG00000188649
RPL35P1,ENSG00000237991
MTND3P17,ENSG00000233134
MT1HL1,ENSG00000244020
PALM3,ENSG00000288318
MTND4LP17,ENSG00000241221
APOL1,ENSG00000100342
SERTAD3-AS1,ENSG00000268366
MTND4P30,ENSG00000227454
MTCO1P54,ENSG00000233311
RNU6-949P,ENSG00000206767
CHMP1AP1,ENSG00000226662
FAM117B,ENSG00000138439
RNU6-424P,ENSG00000207095
RPEP3,ENSG00000230833
RNU6-1245P,ENSG00000223062
SCARNA1,ENSG00000252947
MISP3,ENSG00000288191
PDE4DIPP9,ENSG00000230239
MIR3675,ENSG00000263811
RN7SL106P,ENSG00000273981
MIR4509-1,ENSG00000276941
LINC01019,ENSG00000248118
SPTBN1-AS2,ENSG00000238018
ATP13A2,ENSG00000159363
ARF6,ENSG00000165527
RNU7-81P,ENSG00000252507
LINC02162,ENSG00000249830
MCTS1,ENSG00000232119
RN7SL210P,ENSG00000275961
ADRA2B,ENSG00000274286
FCF1P3,ENSG00000239997
JRK,ENSG00000234616
PRKACA,ENSG00000288516
MTND4P16,ENSG00000241787
AQP12A,ENSG00000184945
MTND4LP3,ENSG00000239632
RPL21P90,ENSG00000227805
ACSL6-AS1,ENSG00000223548
MTND3P6,ENSG00000242214
MTCO3P35,ENSG00000242836
ACP4,ENSG00000142513
MTATP6P22,ENSG00000249580
MTND5P16,ENSG00000243658
STK32B,ENSG00000152953
LINC01377,ENSG00000249808
MTND6P6,ENSG00000240034
MTCO1P35,ENSG00000250630
C10orf62,ENSG00000203942
MTND1P16,ENSG00000239586
INF2,ENSG00000203485
MTND2P14,ENSG00000240796
MARVELD1,ENSG00000155254
RNU6-1308P,ENSG00000252626
CHD1-DT,ENSG00000248489
PTPN11P1,ENSG00000239455
CSP2,ENSG00000241218
CCDC54,ENSG00000138483
XIRP2,ENSG00000163092
SFRP5,ENSG00000120057
LINC02425,ENSG00000256259
FGF12,ENSG00000114279
NYX,ENSG00000188937
GOLGA7B-DT,ENSG00000227356
PMM1,ENSG00000100417
LINC00477,ENSG00000197503
ZNF24,ENSG00000172466
LINC01949,ENSG00000288569
HAUS7,ENSG00000213397
VAX1,ENSG00000148704
ASF1B,ENSG00000288210
MIR3663HG,ENSG00000234474
MIR3663,ENSG00000266782
LINC02367,ENSG00000260423
ADGRL1-AS1,ENSG00000288348
RPL12P26,ENSG00000236171
KCNK18,ENSG00000186795
GOLGA4-AS1,ENSG00000270194
XCR1,ENSG00000173578
ADGRL1,ENSG00000288324
PLA2G12A,ENSG00000123739
LINC02702,ENSG00000237937
SLC18A2-AS1,ENSG00000225936
SLCO4A1,ENSG00000101187
YWHAQP10,ENSG00000223719
DEPTOR,ENSG00000155792
GRM7,ENSG00000196277
LINC02727,ENSG00000254823
CCL21,ENSG00000137077
TEX36-AS1,ENSG00000237675
SLC66A2,ENSG00000122490
LINC02919,ENSG00000237494
BMP2K,ENSG00000138756
GLIPR2,ENSG00000122694
TEX36,ENSG00000175018
DMXL1-DT,ENSG00000249494
LINC02470,ENSG00000225231
NDST1-AS1,ENSG00000254333
SYNE1-AS1,ENSG00000234577
LINC01625,ENSG00000238099
ALDOAP2,ENSG00000214297
LINC02198,ENSG00000249352
GAGE2A,ENSG00000189064
SBF2-AS1,ENSG00000246273
NCKAP5,ENSG00000176771
LCN2,ENSG00000148346
DUSP9,ENSG00000130829
CHKB,ENSG00000100288
KLB,ENSG00000134962
LINC01490,ENSG00000257741
OAZ1,ENSG00000104904
ANGPT2,ENSG00000091879
EDRF1-DT,ENSG00000224023
CFAP99,ENSG00000206113
ZCCHC12,ENSG00000174460
LINC02548,ENSG00000255411
LINC01962,ENSG00000248473
EDRF1-AS1,ENSG00000236991
FATE1,ENSG00000147378
KLKB1,ENSG00000164344
POTEE,ENSG00000188219
CICP13,ENSG00000234419
TIMM8A,ENSG00000126953
GPX5,ENSG00000257770
MRPS36P1,ENSG00000236152
GRM7-AS2,ENSG00000237665
MMP21,ENSG00000154485
RN7SKP296,ENSG00000223117
LINC02013,ENSG00000228730
RNU6-791P,ENSG00000222399
RASSF8-AS1,ENSG00000246695
GPX6,ENSG00000281185
NTM-AS2,ENSG00000237654
CCT6P4,ENSG00000232610
HHIPL2,ENSG00000143512
EIF1B,ENSG00000114784
CITED1,ENSG00000125931
GP6-AS1,ENSG00000267265
MIR4484,ENSG00000265092
CNDP1,ENSG00000150656
RNU2-42P,ENSG00000222629
LRP4-AS1,ENSG00000247675
LYNX1,ENSG00000180155
GNG10P1,ENSG00000234016
FANK1-AS1,ENSG00000233409
MTCO1P29,ENSG00000240452
MTCO2P29,ENSG00000243257
AKR1C5P,ENSG00000225418
NAP1L1P3,ENSG00000213371
AKR1C8,ENSG00000264006
MIR5682,ENSG00000264477
RNU6-315P,ENSG00000199536
LINC00604,ENSG00000250585
NDUFB1P2,ENSG00000234523
ATP6V1E1P1,ENSG00000225099
ATP6V0CP4,ENSG00000284138
MIR6828,ENSG00000283474
SLC7A14,ENSG00000013293
RNU6-880P,ENSG00000207256
HAUS4P1,ENSG00000226967
ARL4AP3,ENSG00000228291
GAPDHP58,ENSG00000229570
HSD3B1,ENSG00000203857
EDIL3-DT,ENSG00000250320
LINC02561,ENSG00000224034
AKR1C7P,ENSG00000215267
RPL26P28,ENSG00000223987
KRT8P13,ENSG00000241416
UCN3,ENSG00000178473
RNU6-856P,ENSG00000252768
RNU6ATAC16P,ENSG00000221518
GAPDHP32,ENSG00000226443
TUBAL3,ENSG00000178462
HSD3BP3,ENSG00000249798
GAPDHP27,ENSG00000239873
OGG1,ENSG00000114026
GAPDHP33,ENSG00000240244
LINC00622,ENSG00000260941
HSD3BP5,ENSG00000198857
RNF224,ENSG00000233198
PFN1P9,ENSG00000227205
NOTCH2P1,ENSG00000226446
ADAM30,ENSG00000134249
INSRR,ENSG00000027644
LINC01841,ENSG00000266913
LINC02551,ENSG00000254842
THSD7B,ENSG00000144229
HAUS6,ENSG00000147874
INPP4B,ENSG00000109452
SLC25A5,ENSG00000005022
LINC01842,ENSG00000267147
MRPL50P4,ENSG00000235469
SNRPGP15,ENSG00000224543
MRLN,ENSG00000227877
RN7SL831P,ENSG00000241992
RPL7P9,ENSG00000137970
RN7SKP270,ENSG00000223229
NOP53-AS1,ENSG00000269656
RN7SL574P,ENSG00000266075
SELENOW,ENSG00000178980
LINC02720,ENSG00000255178
SPAG16,ENSG00000144451
LINC02755,ENSG00000254530
SMPX,ENSG00000091482
MIR6737,ENSG00000276584
CDH19,ENSG00000071991
RNU6-179P,ENSG00000200220
RPS7P2,ENSG00000231837
MIR5698,ENSG00000263987
OR13Z1P,ENSG00000226653
LINC00845,ENSG00000227244
OR13Z2P,ENSG00000272443
OR13Z3P,ENSG00000272480
RN7SL654P,ENSG00000244568
SYT1-AS1,ENSG00000257894
DCLRE1A,ENSG00000198924
RPL13AP10,ENSG00000270780
TBC1D25,ENSG00000068354
LINC02408,ENSG00000203585
MRPL57P1,ENSG00000273698
KLF16-AS1,ENSG00000267125
HSPA6,ENSG00000173110
RIN2,ENSG00000132669
RPS23P10,ENSG00000224203
RPS23P9,ENSG00000231586
PROK1,ENSG00000143125
OSMR-DT,ENSG00000249740
KXD1-AS1,ENSG00000268983
KCNA10,ENSG00000143105
NRBF2P3,ENSG00000237415
OR11I1P,ENSG00000232791
OR10H4,ENSG00000176231
RN7SL148P,ENSG00000244066
LINC02546,ENSG00000255117
MIR555,ENSG00000283701
CBARP-DT,ENSG00000267778
RNU6-106P,ENSG00000207134
ASH1L-IT1,ENSG00000227773
SPAG6,ENSG00000077327
RNU6-1297P,ENSG00000207144
POU5F1P4,ENSG00000237872
CSDC2,ENSG00000172346
DAP3P1,ENSG00000225082
KCNK3,ENSG00000171303
SORBS3,ENSG00000120896
RN7SKP247,ENSG00000223026
RNU1-114P,ENSG00000202167
ORM2,ENSG00000228278
RNVU1-17,ENSG00000207349
RNVU1-23,ENSG00000252826
RNVU1-18,ENSG00000206737
FAM91A3P,ENSG00000242352
RNU1-143P,ENSG00000252105
IGKV1OR1-1,ENSG00000276674
SDHAP4,ENSG00000214135
GLRX2,ENSG00000023572
LINC02534,ENSG00000228777
MIR922,ENSG00000284146
MTMR1,ENSG00000063601
EIF4EP3,ENSG00000244199
DHRS2,ENSG00000100867
RPL7L1P8,ENSG00000228766
SOCS6,ENSG00000170677
NRXN1,ENSG00000179915
PLA2G10P1,ENSG00000243378
EIF3EP4,ENSG00000270554
C2CD5-AS1,ENSG00000250166
SEC14L4,ENSG00000133488
LINC03096,ENSG00000255227
C9orf85P2,ENSG00000244346
IQSEC1,ENSG00000144711
KCNC4,ENSG00000116396
GRIN3B,ENSG00000116032
CST3,ENSG00000101439
ETNK1-DT,ENSG00000257023
ANO3-AS1,ENSG00000254819
RNU6-2,ENSG00000207357
SS18,ENSG00000141380
DNLZ,ENSG00000213221
RIC3-DT,ENSG00000246820
TLR1,ENSG00000174125
ABCA7,ENSG00000064687
ENO1P1,ENSG00000244457
MIR6735,ENSG00000274975
HYI-AS1,ENSG00000229348
RGS19,ENSG00000171700
RN7SL657P,ENSG00000264293
LINC02385,ENSG00000257193
MRPL20-DT,ENSG00000272455
FREM1,ENSG00000164946
ATAD3C,ENSG00000215915
LINC01619,ENSG00000257242
LINC02114,ENSG00000249521
DISC1FP1,ENSG00000261645
ACTG1P4,ENSG00000236085
AMYP1,ENSG00000227408
RNU4-21P,ENSG00000199672
RNA5SP78,ENSG00000201492
KIAA1191P3,ENSG00000213028
HMGB1P26,ENSG00000225984
CYP2C8,ENSG00000138115
RNF186,ENSG00000178828
PLA2G2E,ENSG00000188784
ZSCAN2-AS1,ENSG00000275120
RGS12,ENSG00000159788
RN7SL304P,ENSG00000242688
LINC01489,ENSG00000255727
CHSY3-AS1,ENSG00000251680
OR2M7,ENSG00000177186
OR14C36,ENSG00000177174
KNCN,ENSG00000162456
LINC02373,ENSG00000257507
MOK,ENSG00000080823
KRT8P47,ENSG00000271647
TGILR,ENSG00000260604
RN7SL479P,ENSG00000239560
LCE3B,ENSG00000187238
LCE3A,ENSG00000185962
PRSS45P,ENSG00000188086
LCE2D,ENSG00000187223
ALG1L2,ENSG00000251287
LCE2B,ENSG00000159455
PYGB,ENSG00000100994
LCE2A,ENSG00000187173
CRB2,ENSG00000148204
LINC01564,ENSG00000235899
PRAMEF15,ENSG00000204501
SNRPB2P1,ENSG00000241804
LINC02699,ENSG00000254456
FHIT,ENSG00000189283
TMCO5A,ENSG00000166069
LINC02734,ENSG00000255382
PRAMEF14,ENSG00000204481
XPNPEP3,ENSG00000196236
LINC01020,ENSG00000215231
PRAMEF17,ENSG00000204479
MIR1470,ENSG00000269782
MTERF1P1,ENSG00000240097
MIR548BB,ENSG00000281426
PPIAP70,ENSG00000232407
TMED2P1,ENSG00000225673
CYP4F23P,ENSG00000269516
PPIAP71,ENSG00000244183
FCRL4P1,ENSG00000234723
GAPDHP46,ENSG00000224678
RRBP1P2,ENSG00000271235
RANP7,ENSG00000226183
PRKAR1AP1,ENSG00000233401
SALL4P5,ENSG00000231915
RPL24P7,ENSG00000215016
C11orf98P3,ENSG00000228171
RNU6-922P,ENSG00000252562
RNU6-788P,ENSG00000212269
FNDC10,ENSG00000228594
ARL4AP4,ENSG00000231395
LINC00691,ENSG00000224074
AIF1L,ENSG00000126878
LINC02455,ENSG00000256672
NPM1P23,ENSG00000242109
RNA5SP135,ENSG00000252828
MIR3136,ENSG00000265355
CD200R1L,ENSG00000206531
HMGN1P5,ENSG00000230942
GRAMD1A-AS1,ENSG00000269303
CD1C,ENSG00000158481
HPN-AS1,ENSG00000227392
VHRT,ENSG00000185847
PPP4R2,ENSG00000163605
LINC02712,ENSG00000273409
OR10T2,ENSG00000186306
OR10T1P,ENSG00000203758
EI24P2,ENSG00000236257
OR10R3P,ENSG00000198703
OR10R1P,ENSG00000227445
HSP90AA3P,ENSG00000231434
RNA5SP53,ENSG00000212601
IL24,ENSG00000162892
NINJ2-AS1,ENSG00000177406
CALML4,ENSG00000129007
TRAPPC2,ENSG00000196459
LINC01404,ENSG00000258240
EBLN2,ENSG00000255423
RNU6-557P,ENSG00000252651
RNU2-64P,ENSG00000223247
GPATCH11P1,ENSG00000182921
RNU6-1270P,ENSG00000252937
SUSD5,ENSG00000173705
A1CF,ENSG00000148584
GDA,ENSG00000119125
IZUMO4,ENSG00000099840
MYG1-AS1,ENSG00000257605
GGT1,ENSG00000100031
TMEM263-DT,ENSG00000260329
RNU7-110P,ENSG00000252700
LINC02471,ENSG00000223914
RNA5SP128,ENSG00000202175
CARMN,ENSG00000249669
LINC03066,ENSG00000263667
MANF,ENSG00000145050
LINC02685,ENSG00000254654
LRRK2-DT,ENSG00000225342
MTSS1,ENSG00000170873
RBM15B,ENSG00000259956
LINC02555,ENSG00000260943
EFCAB12,ENSG00000172771
LIRIL2R,ENSG00000285578
RPL13AP8,ENSG00000226945
FSTL5,ENSG00000168843
FCAMR,ENSG00000162897
LINC01621,ENSG00000235357
DENND5B-AS1,ENSG00000255867
PLCXD2,ENSG00000240891
SLC30A4,ENSG00000104154
PNCRNA-D,ENSG00000298300
FLJ42393,ENSG00000279891
MIR28,ENSG00000207651
HCCS,ENSG00000004961
ENOPH1P1,ENSG00000236182
RPL35AP10,ENSG00000243687
CDK2AP1P1,ENSG00000240774
RPL34P9,ENSG00000244441
NELL1-AS1,ENSG00000255167
LINC02414,ENSG00000256424
SST,ENSG00000157005
PRMT6,ENSG00000198890
NDUFA4P1,ENSG00000224550
CD52,ENSG00000169442
BCL6,ENSG00000113916
RHOJ,ENSG00000126785
MAN2A2,ENSG00000196547
RN7SL788P,ENSG00000241745
PDCL3P6,ENSG00000224255
MYT1L-AS1,ENSG00000225619
DNAJC19P7,ENSG00000237663
ANAPC10P1,ENSG00000213735
NT5DC4,ENSG00000144130
DHCR7-DT,ENSG00000254682
GUCY2C-AS1,ENSG00000214772
MIXL1,ENSG00000185155
GTF3C4,ENSG00000125484
MIR320B2,ENSG00000221406
PRSS12,ENSG00000164099
MIR7975,ENSG00000275863
RNU6-1008P,ENSG00000206887
MIR4742,ENSG00000266618
AKR1B1P1,ENSG00000229991
DNAJB6P6,ENSG00000234247
OXCT2P1,ENSG00000237624
SNORA55,ENSG00000201457
DNAAF3-AS1,ENSG00000267577
BBOF1,ENSG00000119636
RNU7-121P,ENSG00000252413
YBX1P9,ENSG00000236994
CRADD-AS1,ENSG00000258274
TXLNG,ENSG00000086712
NIPSNAP3B,ENSG00000165028
SERPINB9P1,ENSG00000230438
RPS3AP7,ENSG00000229965
LINC02682,ENSG00000254661
RN7SKP165,ENSG00000223282
CDKN2AIPNLP1,ENSG00000177770
RNU7-104P,ENSG00000238542
EVX2,ENSG00000174279
MIR6878,ENSG00000283933
MIR4257,ENSG00000264553
RN7SL473P,ENSG00000277452
MIR6804,ENSG00000275519
RN7SL600P,ENSG00000274963
MIR6802,ENSG00000278328
MIR6803,ENSG00000278264
GPRC5D-AS1,ENSG00000247498
UGT1A10,ENSG00000242515
FAM174C,ENSG00000310576
HORMAD1,ENSG00000143452
ADH1C,ENSG00000248144
CAST,ENSG00000153113
ZNF462,ENSG00000148143
A1BG,ENSG00000121410
GCH1,ENSG00000131979
ESAM-AS1,ENSG00000250073
LINC02744,ENSG00000254863
TMEM183AP2,ENSG00000249142
LINC02061,ENSG00000250885
HMGN1P17,ENSG00000250787
LINC01948,ENSG00000248727
LINC02410,ENSG00000258292
ZNF75D,ENSG00000186376
LINC00326,ENSG00000231023
SNRPF-DT,ENSG00000258343
ASIC4,ENSG00000072182
MYREM,ENSG00000268518
C19orf81,ENSG00000235034
LINC01493,ENSG00000254562
C5orf67,ENSG00000225940
AKNA,ENSG00000106948
SHANK1,ENSG00000161681
SULT6B1,ENSG00000138068
LINC02468,ENSG00000256499
KRBOX4,ENSG00000147121
RNU6-1042P,ENSG00000206931
UBE2D3P3,ENSG00000224690
ADAMTSL4-AS1,ENSG00000203804
MCL1,ENSG00000143384
RNU6-1140P,ENSG00000222449
GLRX5,ENSG00000182512
AGBL5-AS1,ENSG00000231636
OTULIN-DT,ENSG00000261360
AGBL5-IT1,ENSG00000229122
PRR30,ENSG00000186143
NOCT,ENSG00000151014
LINC02743,ENSG00000255258
GPR68,ENSG00000119714
LINC02541,ENSG00000230943
LINC01455,ENSG00000250888
DNAJC5G,ENSG00000163793
NRG4,ENSG00000169752
MTX3,ENSG00000177034
EEF1A1P23,ENSG00000236297
RPL39P5,ENSG00000214289
MCUB,ENSG00000005059
PSMD10P2,ENSG00000226652
KRT8P12,ENSG00000229320
NUP210P1,ENSG00000198284
LINC02809,ENSG00000276255
MIR3620,ENSG00000284163
CIAO2AP2,ENSG00000224566
BOLA2P2,ENSG00000271161
RPSAP31,ENSG00000234371
GPR65,ENSG00000140030
PDCL3P4,ENSG00000244119
MTHFD2P1,ENSG00000244681
OBSCN-AS1,ENSG00000162913
TPM4P2,ENSG00000271943
HMGB1P5,ENSG00000132967
LRRC78P,ENSG00000242104
UCN,ENSG00000163794
CDHR18P,ENSG00000224479
RBX1P2,ENSG00000251050
EFCAB11,ENSG00000140025
TRMT112P2,ENSG00000249778
THBS4-AS1,ENSG00000249825
PRSS46P,ENSG00000261603
UGT2B7,ENSG00000171234
PRSS43P,ENSG00000286651
PRSS44P,ENSG00000226074
PRSS42P,ENSG00000178055
SCN9A,ENSG00000169432
KRT18P45,ENSG00000249438
NRADDP,ENSG00000236409
MIR6742,ENSG00000284311
IQCF4P,ENSG00000224792
SPZ1,ENSG00000164299
RNA5SP19,ENSG00000202056
RNA5SP162,ENSG00000251823
LINC02453,ENSG00000245017
CLDN19,ENSG00000164007
MIB1,ENSG00000101752
PHACTR3,ENSG00000087495
C3orf86P,ENSG00000225873
RBMX2P5,ENSG00000227087
CYP2AB1P,ENSG00000233441
HNRNPA1P12,ENSG00000220157
RNU6-211P,ENSG00000206774
SLC66A1LP,ENSG00000174899
ZNF628-DT,ENSG00000269859
NUDT16L2P,ENSG00000246082
LRRC77P,ENSG00000244227
BTNL12P,ENSG00000240661
LINC00900,ENSG00000246100
CPHL1P,ENSG00000240216
GCLC-AS1,ENSG00000249379
ASH1L,ENSG00000116539
LINC01864,ENSG00000267522
SH2D3C,ENSG00000095370
ASB14,ENSG00000239388
LINC00934,ENSG00000281196
CD38,ENSG00000004468
REPS2,ENSG00000169891
ZSCAN5C,ENSG00000204532
NLRP11,ENSG00000179873
LINC02443,ENSG00000256115
ANXA2R-AS1,ENSG00000215068
KCNAB1,ENSG00000169282
LOXL1,ENSG00000129038
RCOR1,ENSG00000089902
SLC18A1,ENSG00000036565
L3MBTL4,ENSG00000154655
GLDN,ENSG00000186417
ANXA2R-OT1,ENSG00000177738
LINC01611,ENSG00000231776
SULT1B1,ENSG00000173597
REM2,ENSG00000139890
CPNE8-AS1,ENSG00000257718
TMX1,ENSG00000139921
LYPD5,ENSG00000159871
LINC02764,ENSG00000255484
APOA1-AS,ENSG00000235910
SLC38A2-AS1,ENSG00000258096
PNN,ENSG00000100941
LINC02552,ENSG00000256422
TNIP3,ENSG00000050730
ZNF283,ENSG00000167637
CDYL-AS1,ENSG00000236336
LNCR-SMAL,ENSG00000303181
TMEM237,ENSG00000155755
LINC02880,ENSG00000175967
PCIF1,ENSG00000100982
RAB5CP2,ENSG00000251356
ARRDC3-AS1,ENSG00000281357
PIWIL4-AS1,ENSG00000255929
ZNF45-AS1,ENSG00000267191
TOX4,ENSG00000092203
LINC02700,ENSG00000255666
PGM5,ENSG00000154330
NQO2-AS1,ENSG00000224846
ZNF230-DT,ENSG00000266921
PTP4A1P4,ENSG00000250359
GUSBP7,ENSG00000274455
ZNF137P,ENSG00000123870
NLRP4,ENSG00000160505
GUSBP9,ENSG00000215630
ZNF143-AS1,ENSG00000268403
TMEM123-DT,ENSG00000255337
TMEM154,ENSG00000170006
IQCC-AS1,ENSG00000224066
SEPHS2P1,ENSG00000250247
TSSK3,ENSG00000162526
EAF1-AS1,ENSG00000249786
AFDN-DT,ENSG00000198221
PPP4R2P1,ENSG00000250848
NR3C2,ENSG00000151623
HNRNPKP3,ENSG00000293312
PDCD6-DT,ENSG00000248925
RPL36P11,ENSG00000240518
PRELID3BP7,ENSG00000250711
ARL6IP6,ENSG00000177917
ANKRD28,ENSG00000206560
RNU6ATAC35P,ENSG00000221571
ENTPD2,ENSG00000054179
UVRAG-DT,ENSG00000293621
LINC01352,ENSG00000238078
GUSBP17,ENSG00000235558
RPL7AP81,ENSG00000235163
NLRP13,ENSG00000173572
MFFP2,ENSG00000251583
SLC28A1,ENSG00000156222
PRELID3BP1,ENSG00000226226
RN7SL464P,ENSG00000243872
C1orf115,ENSG00000162817
RC3H1-IT1,ENSG00000236535
DGAT2-DT,ENSG00000247867
RPL30P1,ENSG00000225713
KRT18P57,ENSG00000215867
RNU6-151P,ENSG00000201028
INKA2,ENSG00000197852
ERH,ENSG00000100632
HMGN2P4,ENSG00000249014
OCLNP1,ENSG00000230847
NLRP8,ENSG00000179709
KCND3-IT1,ENSG00000232558
KCND3-AS1,ENSG00000237556
ITPKB-AS1,ENSG00000228548
RPS27P5,ENSG00000238183
NLRP5,ENSG00000171487
NTM-AS1,ENSG00000224795
RNASE11,ENSG00000173464
IFT74,ENSG00000096872
ARK2C,ENSG00000141622
GLRX5P2,ENSG00000232879
SYTL4,ENSG00000102362
ARHGAP30,ENSG00000186517
ZFAND1,ENSG00000104231
LINC02418,ENSG00000214039
IGSF22-AS1,ENSG00000254966
B3GAT1-DT,ENSG00000255545
ANKRD50,ENSG00000151458
EAPP,ENSG00000129518
ZNF335,ENSG00000198026
NDUFV2,ENSG00000178127
TTC29,ENSG00000137473
LINC02584,ENSG00000254417
TARID,ENSG00000227954
KLHDC2,ENSG00000165516
MIR563,ENSG00000207815
EIF1P2,ENSG00000235549
COX7A1,ENSG00000161281
RNU6-608P,ENSG00000206654
RNA5SP44,ENSG00000222378
CABP1-DT,ENSG00000256008
KLHL25P1,ENSG00000224618
HSPE1P8,ENSG00000217897
DAZL,ENSG00000092345
ZBTB44-DT,ENSG00000175773
LINC02820,ENSG00000258815
CCNT2P1,ENSG00000225672
RNA5SP54,ENSG00000252760
RNU7-57P,ENSG00000238365
RPSAP17,ENSG00000226855
PSMD8P1,ENSG00000228264
PLA2G2C,ENSG00000187980
ANGPTL2,ENSG00000136859
CEACAM16-AS1,ENSG00000266903
TLR10,ENSG00000174123
ZNF621,ENSG00000172888
RNU6-1309P,ENSG00000200175
CYCSP51,ENSG00000229357
SEM1P1,ENSG00000214857
GUSBP15,ENSG00000196302
H3P18,ENSG00000249620
PPP1R3F,ENSG00000049769
H3P21,ENSG00000250386
RNU1-79P,ENSG00000265223
HMGB1P48,ENSG00000234379
CA9,ENSG00000107159
GUSBP14,ENSG00000253816
RPS15AP10,ENSG00000225447
RPL7AP16,ENSG00000234329
NUCB1-AS1,ENSG00000235191
NAIPP2,ENSG00000179978
TRHDE-AS1,ENSG00000236333
CNOT6L,ENSG00000138767
PXMP4,ENSG00000101417
BCL3,ENSG00000069399
OR5K2,ENSG00000231861
RAB40A,ENSG00000172476
MIER1,ENSG00000198160
RPL38P4,ENSG00000250562
GPR15,ENSG00000154165
LINC01312,ENSG00000223586
RPL19P7,ENSG00000240827
ACTG1P13,ENSG00000241305
ARHGEF28P1,ENSG00000240572
RNU1-116P,ENSG00000264259
ZMYND10-AS1,ENSG00000235058
FUNDC2,ENSG00000165775
MIR5590,ENSG00000263783
SRSF6,ENSG00000124193
ALDOB,ENSG00000136872
RNA5SP131,ENSG00000202322
LINC02019,ENSG00000273356
SH3TC1,ENSG00000125089
MIR4787,ENSG00000272543
PPIAP69,ENSG00000228337
RFX2-AS1,ENSG00000267262
MAP3K19,ENSG00000176601
RFX2-AS2,ENSG00000267299
AIRN,ENSG00000268257
SNRPD1,ENSG00000167088
MIR6825,ENSG00000275067
MIR7976,ENSG00000276083
TTLL3,ENSG00000214021
ADGRE1,ENSG00000174837
PCNX4,ENSG00000126773
NOP56,ENSG00000101361
GPRASP1,ENSG00000198932
LINC02440,ENSG00000255618
ZNF397,ENSG00000186812
CD109-AS1,ENSG00000231652
LINC02726,ENSG00000255193
GGH,ENSG00000137563
LINC02717,ENSG00000285735
PPP1R12A-AS1,ENSG00000257557
MSRB3-AS1,ENSG00000250748
LINC02687,ENSG00000255267
LINC02454,ENSG00000256268
CAB39L,ENSG00000102547
TNFRSF10A,ENSG00000104689
LINC02366,ENSG00000256888
TMEM200C,ENSG00000206432
FANCM,ENSG00000187790
ANKRD42-DT,ENSG00000247137
BMX,ENSG00000102010
MPPE1,ENSG00000154889
HR,ENSG00000168453
LINC01016,ENSG00000249346
CHRM1-AS1,ENSG00000257002
MMP20-AS1,ENSG00000256916
NRIP3-DT,ENSG00000253973
SNORA40B,ENSG00000208308
PCARE,ENSG00000179270
NDUFB4P6,ENSG00000235258
TMEM9B-AS1,ENSG00000254860
ZC3H11A,ENSG00000058673
CLRN3,ENSG00000180745
LINC02404,ENSG00000257893
LRIT3,ENSG00000183423
DNAJC12,ENSG00000108176
MBD3L2B,ENSG00000196589
ADCY6-DT,ENSG00000257660
TMEM156,ENSG00000121895
INAFM1,ENSG00000257704
HNRNPH2,ENSG00000126945
ATP5POP1,ENSG00000159186
C5AR1,ENSG00000197405
LINC02098,ENSG00000272575
RNU1-133P,ENSG00000201737
CXCR1,ENSG00000163464
IQCJ-SCHIP1,ENSG00000283154
ADGRE4P,ENSG00000268758
HMGB1P9,ENSG00000224159
SETDB2,ENSG00000136169
CDK5RAP1,ENSG00000101391
LINC02725,ENSG00000273415
MCU,ENSG00000156026
MIR6513,ENSG00000284173
MIR6810,ENSG00000278524
RPL19P5,ENSG00000230580
MARK2P21,ENSG00000269761
MIR26B,ENSG00000199121
SLC10A7,ENSG00000120519
RNU7-148P,ENSG00000238357
FBXO16,ENSG00000214050
CTAGE14P,ENSG00000214211
LINC02550,ENSG00000271584
HNRNPUL1,ENSG00000105323
FMR1,ENSG00000102081
LHFPL6,ENSG00000183722
HDC,ENSG00000140287
GPR160P1,ENSG00000203363
IQCJ,ENSG00000214216
SLC38A11,ENSG00000169507
IDNK,ENSG00000148057
SLC39A13-AS1,ENSG00000255197
MTIF3,ENSG00000122033
WDFY4,ENSG00000128815
DNAJC25,ENSG00000059769
SCHIP1,ENSG00000151967
SETP21,ENSG00000214244
PPP4R2P5,ENSG00000232615
PLEKHA2,ENSG00000169499
HMGB3P17,ENSG00000249400
LINC02489,ENSG00000255007
DMRT3,ENSG00000064218
ERVH-3,ENSG00000227706
NIFKP2,ENSG00000251122
RNF208,ENSG00000212864
GUSBP13,ENSG00000198237
XPA,ENSG00000136936
RN7SL359P,ENSG00000244384
RNU6-997P,ENSG00000207456
MIR3682,ENSG00000265452
GPR75,ENSG00000119737
HNRNPA1P61,ENSG00000187999
FKBP7,ENSG00000079150
DDX25-AS1,ENSG00000255027
ADGRA3,ENSG00000152990
KIF12,ENSG00000136883
LINC02703,ENSG00000257067
CRTC3,ENSG00000140577
RBPMS,ENSG00000157110
EPHB2,ENSG00000133216
OIT3,ENSG00000138315
CROCC2,ENSG00000226321
DUBR,ENSG00000243701
LINC02742,ENSG00000249867
IGFBPL1,ENSG00000137142
CYS1,ENSG00000205795
CDC37L1,ENSG00000106993
RAD51AP2,ENSG00000214842
UPF3A,ENSG00000169062
MROH2A,ENSG00000185038
CSRP3-AS1,ENSG00000255308
PRANCR,ENSG00000257815
ZEB1,ENSG00000148516
LINC01990,ENSG00000273125
ACOT2,ENSG00000119673
PDE12,ENSG00000174840
TMEM184C,ENSG00000164168
ALG2,ENSG00000119523
DNAL1,ENSG00000119661
LIMS3,ENSG00000256977
FLNB-AS1,ENSG00000244161
PA2G4P4,ENSG00000230457
PRR23E,ENSG00000214324
PRR23E2P,ENSG00000243016
RNU6-1047P,ENSG00000201288
GADD45G,ENSG00000130222
PRR20G,ENSG00000239620
NAV2-AS2,ENSG00000254453
LINC02034,ENSG00000282975
LINC02014,ENSG00000248243
LINC02719,ENSG00000254580
HSPD1P14,ENSG00000227000
LINC02760,ENSG00000254516
UST-AS1,ENSG00000227660
HMGB4,ENSG00000176256
SEPTIN11,ENSG00000138758
MAIP1,ENSG00000162972
RANBP3,ENSG00000031823
TRIM62,ENSG00000116525
API5P2,ENSG00000213962
SDHDP5,ENSG00000229744
CCDC15-DT,ENSG00000285825
RAB8B,ENSG00000166128
RNU6-629P,ENSG00000206788
CYCTP,ENSG00000249909
RNU5E-9P,ENSG00000223096
NEK5,ENSG00000197168
FAM133FP,ENSG00000225934
LINC02704,ENSG00000255079
GUSBP19,ENSG00000275374
ZNF847P,ENSG00000215812
SNAP47-AS1,ENSG00000230005
LINC02445,ENSG00000257750
FAM174A-DT,ENSG00000247877
COL6A4P2,ENSG00000228252
PDE11A,ENSG00000128655
RPAP3-DT,ENSG00000257433
RNASE6,ENSG00000169413
RBMXL1,ENSG00000213516
ANKUB1,ENSG00000206199
RNF217-AS1,ENSG00000236548
TCL1B,ENSG00000213231
MAPK8,ENSG00000107643
PTGES3P1,ENSG00000234518
RNU6-507P,ENSG00000251854
EIF3JP2,ENSG00000240477
IFI6,ENSG00000126709
RPL32P9,ENSG00000241143
SELENOT,ENSG00000198843
GNPNAT1,ENSG00000100522
EIF3J,ENSG00000104131
LINC02683,ENSG00000254438
GUSBP8,ENSG00000227762
ADH1B,ENSG00000196616
RASL11A,ENSG00000122035
LINC02113,ENSG00000249515
FNTA,ENSG00000168522
SOX5-AS1,ENSG00000256120
GJB6,ENSG00000121742
SHANK2-AS1,ENSG00000226627
LINC02756,ENSG00000255332
LINC01338,ENSG00000281327
NTM-AS3,ENSG00000238117
FZD4-DT,ENSG00000246523
EPM2A-DT,ENSG00000235652
RNU6V,ENSG00000206832
SAP30P1,ENSG00000271711
MIR197,ENSG00000284443
ERICH6,ENSG00000163645
RPL7P8,ENSG00000235045
RHOV,ENSG00000104140
PTGS2,ENSG00000073756
DNAAF4,ENSG00000256061
ZNF517,ENSG00000197363
ABCC4,ENSG00000125257
TUNAR,ENSG00000250366
SNRPCP3,ENSG00000244668
SIAH2-AS1,ENSG00000244265
C14orf39,ENSG00000179008
MINDY4B,ENSG00000214237
COL22A1,ENSG00000169436
ADH6,ENSG00000172955
CDIN1,ENSG00000186073
SYPL1P1,ENSG00000243154
DYNLL1P5,ENSG00000242151
RPL9P15,ENSG00000240601
SSBP3-AS1,ENSG00000198711
MME-AS1,ENSG00000240666
HNRNPA1P63,ENSG00000227453
LINC01737,ENSG00000232964
FGFR3P4,ENSG00000277241
RNU6-1120P,ENSG00000199858
RNA5SP79,ENSG00000202063
SOX2,ENSG00000181449
RN7SL837P,ENSG00000240502
LNCRNA-IUR,ENSG00000245552
NENFP1,ENSG00000233647
TEX38,ENSG00000186118
RN7SL703P,ENSG00000266317
RNA5SP150,ENSG00000199839
PSMG3P2,ENSG00000239805
ZCCHC10P1,ENSG00000213155
VAX2,ENSG00000116035
TUBA1B-AS1,ENSG00000258017
AADACP1,ENSG00000240602
EFCAB14,ENSG00000159658
TMEM14EP,ENSG00000293032
ACYP1,ENSG00000119640
ATP5MGP5,ENSG00000242561
P2RY1,ENSG00000169860
ZNF84-DT,ENSG00000246394
SRP14P5,ENSG00000271052
C1QTNF7,ENSG00000163145
ATP6V1B1-AS1,ENSG00000239322
YEATS2-AS1,ENSG00000233885
CDNF,ENSG00000185267
ELOCP21,ENSG00000226186
RN7SL160P,ENSG00000241159
LINC02459,ENSG00000257476
ABCC5-AS1,ENSG00000223882
RNU6-137P,ENSG00000200550
HTR3E-AS1,ENSG00000238020
FTOP1,ENSG00000226491
CHORDC1P1,ENSG00000232202
OXER1,ENSG00000162881
PRAP1,ENSG00000165828
TGIF2,ENSG00000118707
THAP6,ENSG00000174796
DYNC1H1,ENSG00000197102
RN7SL575P,ENSG00000277591
SLC2AXP1,ENSG00000275768
RN7SL832P,ENSG00000243819
RNU7-138P,ENSG00000239053
RNU7-176P,ENSG00000238962
LIMS1-AS1,ENSG00000228763
RPL10P5,ENSG00000235644
RN7SL447P,ENSG00000243991
RPL39P16,ENSG00000227470
RNA5SP113,ENSG00000222418
RN7SL215P,ENSG00000242201
LINC02527,ENSG00000227012
RN7SL267P,ENSG00000242121
RNU6-107P,ENSG00000252452
LINC02012,ENSG00000272989
LINC02963,ENSG00000255652
SNORC,ENSG00000182600
LINC01326,ENSG00000244321
RN7SKP298,ENSG00000251759
PSAT1P4,ENSG00000224962
CBX1P5,ENSG00000231516
AHI1-DT,ENSG00000231028
RPL4P4,ENSG00000229638
TRIM52-AS1,ENSG00000248275
RPL34P10,ENSG00000236489
CCDC54-AS1,ENSG00000239828
RN7SL466P,ENSG00000241347
SNX25P1,ENSG00000236809
ARPC3P2,ENSG00000238137
SYCE1,ENSG00000171772
SLC30A1,ENSG00000170385
DMRT2,ENSG00000173253
FDPSP8,ENSG00000224763
DLSTP1,ENSG00000181227
SNORD45C,ENSG00000206620
SNORD45A,ENSG00000207241
SNORD45B,ENSG00000201487
MSH4,ENSG00000057468
LINC01805,ENSG00000223863
MIR4434,ENSG00000283204
RNU6-100P,ENSG00000252414
RPS10P9,ENSG00000227791
RNF19A,ENSG00000034677
RPS2P18,ENSG00000231735
TRAK1,ENSG00000182606
PML,ENSG00000140464
TRIM7-AS1,ENSG00000250900
NRAL,ENSG00000229434
TTPAL,ENSG00000124120
MIR1246,ENSG00000283203
RNU6ATAC14P,ENSG00000252027
ADGRL3,ENSG00000150471
TRIM7-AS2,ENSG00000250222
PSMB3P2,ENSG00000235444
RPL31P14,ENSG00000237930
RNA5SP120,ENSG00000222832
FABP5P14,ENSG00000234588
TNP1,ENSG00000118245
LINC02759,ENSG00000255175
EEF1A1P32,ENSG00000213046
FAM204BP,ENSG00000233040
MIR6734,ENSG00000283836
FCF1P7,ENSG00000224727
NYAP2,ENSG00000144460
MIR4677,ENSG00000265201
FABP7P1,ENSG00000226766
OR2W1-AS1,ENSG00000277661
PRRX2,ENSG00000167157
AKT3-IT1,ENSG00000228939
GSEC,ENSG00000280832
TIRAP-AS1,ENSG00000255062
PDE7B-AS1,ENSG00000237596
TRIM43B,ENSG00000144010
WBP1L,ENSG00000166272
KIF24,ENSG00000186638
KRT18P39,ENSG00000224791
NPM1P33,ENSG00000213925
RNU6-474P,ENSG00000206970
CNN2P11,ENSG00000237383
GXYLT1P7,ENSG00000227265
CNN2P8,ENSG00000213355
MARS2,ENSG00000247626
CHKA-DT,ENSG00000255236
HNRNPKP2,ENSG00000227347
CXCR4,ENSG00000121966
FXYD4,ENSG00000150201
GRHL2,ENSG00000083307
IRAG1-AS1,ENSG00000177112
UBBP1,ENSG00000230037
EIF3FP3,ENSG00000233426
SGCEP1,ENSG00000235352
LINC01966,ENSG00000268580
METAP2P1,ENSG00000234119
PARP11-AS1,ENSG00000256862
RNU7-2P,ENSG00000251905
RPL17P12,ENSG00000230559
OTX2P2,ENSG00000227134
DPY19L3,ENSG00000178904
PABPC1P2,ENSG00000198526
ADGRA1,ENSG00000197177
LINC01911,ENSG00000231040
PHLDA1-DT,ENSG00000257839
ADGB-DT,ENSG00000237468
RNU6-692P,ENSG00000207225
RNU6-715P,ENSG00000202074
RNA5SP106,ENSG00000253083
DPYS,ENSG00000147647
LINC02424,ENSG00000258220
ACER3-AS1,ENSG00000254988
LINC02387,ENSG00000256232
LIMS4,ENSG00000256671
SLC24A2,ENSG00000155886
PRKAB1-AS1,ENSG00000248636
DMBT1,ENSG00000187908
PRPS1P1,ENSG00000226847
CYP2C56P,ENSG00000229641
FZD10-AS1,ENSG00000250208
CTLA4,ENSG00000163599
ADRM1,ENSG00000130706
ZFAND3-DT,ENSG00000225945
LINC00173,ENSG00000196668
LSAMP,ENSG00000185565
DENND2B-AS1,ENSG00000255159
ABCB7,ENSG00000131269
RNU6-542P,ENSG00000252214
TBX18-AS1,ENSG00000228290
RPS24P7,ENSG00000227361
RN7SL815P,ENSG00000243359
RNU5E-8P,ENSG00000200372
PTMAP8,ENSG00000243014
IL36G,ENSG00000136688
RNU6-1200P,ENSG00000206889
LINC03051,ENSG00000239268
TMEM205,ENSG00000105518
DRG1P2,ENSG00000240393
KLRK1-AS1,ENSG00000245648
LINC02540,ENSG00000236635
TTC39B,ENSG00000155158
HMGN2P23,ENSG00000236124
POLR2DP1,ENSG00000232090
RNPC3P1,ENSG00000271034
IL36A,ENSG00000136694
VHL,ENSG00000134086
IL1F10,ENSG00000136697
LINC00602,ENSG00000281832
RNU6-1180P,ENSG00000201805
IL1RN,ENSG00000136689
C1orf174,ENSG00000198912
PACRG-AS1,ENSG00000281692
LINC03141,ENSG00000256969
ATP6V0CP2,ENSG00000244142
NECTIN2P1,ENSG00000240787
MEDAG,ENSG00000102802
NT5C3AP2,ENSG00000244720
PLCXD2-AS1,ENSG00000240766
ACVR2B-AS1,ENSG00000229589
TPBGL-AS1,ENSG00000255136
KRT73-AS1,ENSG00000257495
THOC7-AS1,ENSG00000240549
PSMD6-AS2,ENSG00000239653
PSMD6-AS1,ENSG00000243410
LIM2,ENSG00000105370
SCAANT1,ENSG00000280620
THRAP3P1,ENSG00000227339
HMGN2P13,ENSG00000241810
LINC02714,ENSG00000251226
KIAA1328P1,ENSG00000241671
FHOD3,ENSG00000134775
RAP2B,ENSG00000181467
COMMD6,ENSG00000188243
RRP7A,ENSG00000189306
MIR4421,ENSG00000265538
MIR6500,ENSG00000275816
RN7SL300P,ENSG00000265813
LINC03109,ENSG00000241220
CFL1P2,ENSG00000213478
RNU6-877P,ENSG00000206595
RNU6-1281P,ENSG00000252032
TUBB8P11,ENSG00000234711
LINC02877,ENSG00000237787
RNF223,ENSG00000237330
RNU6-901P,ENSG00000207323
CCR4,ENSG00000183813
BCDIN3D-AS1,ENSG00000258057
LINC01342,ENSG00000223823
GIPC3,ENSG00000179855
LINC02718,ENSG00000255418
RN7SL653P,ENSG00000239794
MFSD14A-AS1,ENSG00000241073
SASS6,ENSG00000156876
IL36RN,ENSG00000136695
GLB1,ENSG00000170266
TMEM65,ENSG00000164983
LINC02690,ENSG00000255226
LINC02384,ENSG00000251301
ZNF44,ENSG00000197857
TLN1,ENSG00000137076
RPL23AP90,ENSG00000271415
SCYGR9,ENSG00000285843
BRI3P1,ENSG00000225169
ARNT2,ENSG00000172379
MIR553,ENSG00000207750
LINC02716,ENSG00000205106
SUPT20H,ENSG00000102710
RTKN,ENSG00000114993
LINC02525,ENSG00000230269
CCDC90B-AS1,ENSG00000255234
PMP2,ENSG00000147588
LINC02710,ENSG00000255269
ETNPPL,ENSG00000164089
BRDT,ENSG00000137948
ZFP82,ENSG00000181007
ABRA,ENSG00000174429
FAM83A,ENSG00000147689
MAP3K5-AS1,ENSG00000234263
PDGFDDN,ENSG00000254987
ZNF428,ENSG00000131116
VAPB,ENSG00000124164
ABHD4,ENSG00000100439
LINC01495,ENSG00000255323
ESS2,ENSG00000100056
SEC13P1,ENSG00000223899
SUMO2P10,ENSG00000235424
TMPPE,ENSG00000188167
RN7SL296P,ENSG00000275090
ZDHHC19,ENSG00000163958
CAHM,ENSG00000270419
KLF10,ENSG00000155090
PHF5AP5,ENSG00000238259
IFIH1,ENSG00000115267
NCCRP1,ENSG00000188505
NECTIN1-DT,ENSG00000254854
CDH22,ENSG00000149654
ATF5,ENSG00000169136
RUFY4,ENSG00000188282
TM4SF19-DYNLT2B,ENSG00000273331
TM4SF19,ENSG00000145107
RAD54B,ENSG00000197275
ATP2B1-AS1,ENSG00000271614
DDHD1,ENSG00000100523
TMEM250,ENSG00000238227
RNU6-910P,ENSG00000212146
RNU6-1279P,ENSG00000206644
MYL9,ENSG00000101335
RN7SL434P,ENSG00000241868
RN7SL738P,ENSG00000243339
ZDHHC1P1,ENSG00000226345
HMGB1P4,ENSG00000214821
UBXN7-AS1,ENSG00000225822
LINC01124,ENSG00000222033
SP5,ENSG00000204335
ZNF587,ENSG00000198466
EIF2S2P4,ENSG00000128692
ERICH2,ENSG00000204334
RHPN2,ENSG00000131941
PICK1,ENSG00000100151
PTAR1,ENSG00000188647
LINC02000,ENSG00000243832
AQP9,ENSG00000103569
LNC-RHL1,ENSG00000236267
GAB1,ENSG00000109458
SF1-DT,ENSG00000269038
CADM1-AS1,ENSG00000256315
LINC01471,ENSG00000239921
LINC02840,ENSG00000224893
SLC2A4RG,ENSG00000125520
RNA5SP84,ENSG00000201610
MIR4429,ENSG00000264010
RNU2-13P,ENSG00000251718
RNF20,ENSG00000155827
LINC02151,ENSG00000236437
RN7SL674P,ENSG00000239899
PROKR1,ENSG00000169618
LINC01932,ENSG00000253315
ARHGAP25,ENSG00000163219
LINC02741,ENSG00000255388
BST2,ENSG00000130303
C12orf42-AS1,ENSG00000257860
CYP1A2,ENSG00000140505
MIR5585,ENSG00000266203
MIR4300HG,ENSG00000245832
KPNA6,ENSG00000025800
NCOA2,ENSG00000140396
SLC38A4-AS1,ENSG00000257261
KLK5,ENSG00000167754
LINC01472,ENSG00000240562
IBSP,ENSG00000029559
LINC01811,ENSG00000226320
STOX2,ENSG00000173320
GTDC1-AS1,ENSG00000232377
LINC01160,ENSG00000231346
MANEALP1,ENSG00000214070
RPS28P5,ENSG00000224646
TMEM256P2,ENSG00000226726
SNORD21,ENSG00000206680
SNORA66,ENSG00000207523
RPL23P5,ENSG00000230406
CD40,ENSG00000101017
RNU6-970P,ENSG00000252121
RN7SL692P,ENSG00000239710
MSTN,ENSG00000138379
RLBP1,ENSG00000140522
LCORL,ENSG00000178177
RNU6-210P,ENSG00000252752
RN7SKP123,ENSG00000222664
LINC02686,ENSG00000254594
RNU7-200P,ENSG00000251914
MIR1256,ENSG00000221808
RPS15AP6,ENSG00000233072
HSPE1P27,ENSG00000235112
SLC4A8-AS1,ENSG00000271065
WNK2,ENSG00000165238
POLR1B,ENSG00000125630
ECE1,ENSG00000117298
LYSMD2,ENSG00000140280
CLEC4M,ENSG00000104938
HSPA4L,ENSG00000164070
LINC00942,ENSG00000249628
LINC02386,ENSG00000257756
COMTD1,ENSG00000165644
PRKDC,ENSG00000253729
ZNF592,ENSG00000166716
PRKAR2A-AS1,ENSG00000224424
LINC02542,ENSG00000226453
LINC02684,ENSG00000255512
JAG1,ENSG00000101384
LINC02226,ENSG00000245729
LINC02442,ENSG00000256077
LINC02539,ENSG00000234956
MTHFS,ENSG00000136371
GUCD1,ENSG00000138867
TACC2,ENSG00000138162
LINC03004,ENSG00000230533
LINC02395,ENSG00000257771
NKG7,ENSG00000105374
LINC01324,ENSG00000241767
DLL4,ENSG00000128917
RNA5SP187,ENSG00000207129
ATCAY,ENSG00000167654
SLIT2,ENSG00000145147
LINC03005,ENSG00000306913
RNY3P1,ENSG00000201955
KIF9-AS1,ENSG00000227398
RPS3AP20,ENSG00000213757
RPL29P15,ENSG00000213755
RPL7AP32,ENSG00000243160
ZNF516,ENSG00000101493
ECE1-AS1,ENSG00000231105
RNU4-57P,ENSG00000251789
AP4E1,ENSG00000081014
CCDC185,ENSG00000178395
RNU1-74P,ENSG00000206835
FILNC1,ENSG00000231426
LINC02052,ENSG00000224406
LRRIQ3,ENSG00000162620
MIR5197,ENSG00000266478
HMHB1,ENSG00000158497
PUS1-AS1,ENSG00000255992
BID,ENSG00000015475
ODAD3,ENSG00000198003
LINC02396,ENSG00000258135
PTRH1,ENSG00000187024
CHCHD5,ENSG00000125611
LINC01499,ENSG00000255171
LINC02369,ENSG00000256551
LRRC53,ENSG00000162621
ERICH3,ENSG00000178965
MBD2,ENSG00000134046
SPATA31J1,ENSG00000204661
HDAC11-AS1,ENSG00000244502
UBE2V1P14,ENSG00000228134
RRN3P4,ENSG00000229781
SFXN4P1,ENSG00000270390
MTCYBP11,ENSG00000224288
MTND6P11,ENSG00000226839
MTND5P24,ENSG00000224852
LINC02368,ENSG00000256659
MTND4P22,ENSG00000232772
MTND4LP12,ENSG00000236300
MTND3P9,ENSG00000227557
MTCO3P5,ENSG00000225476
MTATP6P5,ENSG00000284167
MTCO2P5,ENSG00000231766
FPGT-TNNI3K,ENSG00000259030
TMEM44-AS2,ENSG00000229334
DTNBP1-AS1,ENSG00000287626
RPSAP26,ENSG00000242735
MIR5192,ENSG00000266097
RN7SL297P,ENSG00000240183
TRMT10B,ENSG00000165275
RTRAFP1,ENSG00000225496
SLC30A6P1,ENSG00000232277
LINC01213,ENSG00000244541
RNU1-38P,ENSG00000199687
MIR6071,ENSG00000278783
MYG1P1,ENSG00000270846
MIR4263,ENSG00000265321
FAM133EP,ENSG00000270528
ELP4-AS1,ENSG00000228061
KCNG2,ENSG00000178342
PLCB4,ENSG00000101333
RPL23AP34,ENSG00000225991
AJUBA,ENSG00000129474
SMCHD1,ENSG00000101596
LINC02828,ENSG00000224164
LINC02420,ENSG00000256172
LINC02008,ENSG00000239440
PACRG-AS2,ENSG00000225437
PLB1,ENSG00000163803
USP30-AS1,ENSG00000256262
AP5M1,ENSG00000053770
LINC02456,ENSG00000283052
PLA2G4B,ENSG00000243708
HDAC2-AS2,ENSG00000228624
GLTC1,ENSG00000255306
LINC01998,ENSG00000243321
LINC02421,ENSG00000255970
LINC02698,ENSG00000256717
MAP6-AS1,ENSG00000255326
THBS1,ENSG00000137801
SOCS4,ENSG00000180008
BRWD1P1,ENSG00000215909
RNA5SP41,ENSG00000222952
RNA5S4,ENSG00000200381
RNA5S5,ENSG00000199396
RNA5S6,ENSG00000200624
RNA5S7,ENSG00000202521
TBX5-AS1,ENSG00000255399
RNA5S8,ENSG00000200343
RNA5S9,ENSG00000201321
RNA5S10,ENSG00000199910
RNA5S11,ENSG00000199334
RNA5S12,ENSG00000199270
RNA5S13,ENSG00000202526
RNA5S14,ENSG00000201355
RNA5S15,ENSG00000201925
STMN2,ENSG00000104435
RABL6,ENSG00000196642
THOC1,ENSG00000079134
HSP90AA1,ENSG00000080824
OBSCN,ENSG00000154358
PSTPIP1,ENSG00000140368
LINC02464,ENSG00000257677
MSC,ENSG00000178860
CHFR-DT,ENSG00000236617
MYRF-AS1,ENSG00000124915
CERK,ENSG00000100422
ADCY8,ENSG00000155897
LINC00987,ENSG00000237248
LINC02533,ENSG00000260239
RASSF1-AS1,ENSG00000281358
MSN,ENSG00000147065
SCRG1,ENSG00000164106
KCNMB2-AS1,ENSG00000237978
ZNF827,ENSG00000151612
SNRPGP7,ENSG00000242915
RNA5SP89,ENSG00000222232
LNCOG,ENSG00000257219
LINC02737,ENSG00000256684
SPDYA,ENSG00000163806
HACD4,ENSG00000188921
JRKL-AS1,ENSG00000255679
LINC00612,ENSG00000214851
TBX3-AS1,ENSG00000257817
MSANTD2-AS1,ENSG00000245498
SUSD3,ENSG00000157303
TM2D2,ENSG00000169490
LINC02045,ENSG00000243347
ARHGEF9,ENSG00000131089
SNORD92,ENSG00000264994
SNORD53,ENSG00000265145
SNORD53B,ENSG00000265706
ARHGAP42-AS1,ENSG00000248027
ACTMAP,ENSG00000188493
STPG4,ENSG00000239605
ZNF451-AS1,ENSG00000226803
FAM118A,ENSG00000100376
CLVS1,ENSG00000177182
CACNA1B,ENSG00000148408
GUSBP16,ENSG00000253366
ACAD9-DT,ENSG00000287110
RN7SKP119,ENSG00000222685
MIR559,ENSG00000207923
NAV2-AS4,ENSG00000254622
TPRG1-AS1,ENSG00000234076
ZBED5-AS1,ENSG00000247271
DOCK10,ENSG00000135905
DAGARR,ENSG00000288022
LINC02371,ENSG00000274659
ARHGAP35,ENSG00000160007
PRDM14,ENSG00000147596
RAB11A,ENSG00000103769
A2M-AS1,ENSG00000245105
DNAH8-AS1,ENSG00000231150
ZNF71,ENSG00000197951
VCPKMT,ENSG00000100483
ZNF141,ENSG00000131127
POLD2P1,ENSG00000213730
PLS1-AS1,ENSG00000239641
WDR83,ENSG00000123154
POPDC1-AS1,ENSG00000203808
NR2F1-AS1,ENSG00000237187
TERF1,ENSG00000147601
SOX2-OT,ENSG00000242808
LINC01234,ENSG00000249550
SLIRP,ENSG00000119705
LINC00678,ENSG00000254934
GATM,ENSG00000171766
F11,ENSG00000088926
FAM91A1,ENSG00000176853
MPPED2-AS1,ENSG00000254489
PLEKHD1,ENSG00000175985
LINC02258,ENSG00000257912
CD44-DT,ENSG00000255521
MRPL52,ENSG00000172590
LINC02728,ENSG00000251323
LINC02955,ENSG00000256995
LINC02740,ENSG00000255109
APOBEC3D,ENSG00000243811
MRGPRF-AS1,ENSG00000256508
WDR83OS,ENSG00000105583
SMTN,ENSG00000183963
FUCA1P1,ENSG00000237053
RPL29P8,ENSG00000223777
RNU6-187P,ENSG00000206866
BLTP3B-DT,ENSG00000257696
CILP2,ENSG00000160161
MFSD2B,ENSG00000205639
MAMDC4,ENSG00000177943
PGR-AS1,ENSG00000282728
LINC01615,ENSG00000223485
SNAPC1,ENSG00000023608
RPL8,ENSG00000161016
ACSBG1,ENSG00000103740
PLBD1-AS2,ENSG00000255649
WDCP,ENSG00000163026
CYP2B6,ENSG00000197408
BTBD9-AS1,ENSG00000226533
RNU6-370P,ENSG00000222940
FKBP1B,ENSG00000119782
DRAM1-AS1,ENSG00000258308
LINC01257,ENSG00000204603
SLC1A2-AS2,ENSG00000255542
USP2-AS1,ENSG00000245248
LINC02458,ENSG00000246363
FABP6-AS1,ENSG00000247699
HMGN2P20,ENSG00000232963
RPL36AP13,ENSG00000233747
MIR3142HG,ENSG00000253522
CIMIP6,ENSG00000177994
TRAF3IP2-AS1,ENSG00000231889
PPP1R13L,ENSG00000104881
MIR3142,ENSG00000265237
MIR146A,ENSG00000283733
SUPT16H,ENSG00000092201
CHRNA3,ENSG00000080644
CRACD,ENSG00000109265
LINC02391,ENSG00000277851
RPL23AP32,ENSG00000237887
EML6,ENSG00000214595
HEY2-AS1,ENSG00000237742
FXN,ENSG00000165060
PLXNB3,ENSG00000198753
LIPG,ENSG00000101670
PAFAH1B2P2,ENSG00000293309
SLC1A2-AS1,ENSG00000255004
PIK3AP1,ENSG00000155629
SEMA3B-AS1,ENSG00000232352
RNVU1-30,ENSG00000206828
FAM91A2P,ENSG00000284842
FAM174B,ENSG00000185442
RNU1-68P,ENSG00000275229
H3C13,ENSG00000183598
H2AC20,ENSG00000184260
LINC02523,ENSG00000224506
NRGN-AS1,ENSG00000255045
H2AC21,ENSG00000184270
RPL34P6,ENSG00000231333
SSNA1,ENSG00000176101
GPR25,ENSG00000170128
KIRREL3-AS2,ENSG00000254960
RNU6-704P,ENSG00000201032
NUP107-DT,ENSG00000247363
TMEM192,ENSG00000170088
NTAQ1,ENSG00000156795
TMEM44-AS1,ENSG00000231770
FAM163B,ENSG00000196990
NCAM1-AS2,ENSG00000247416
KIF21B,ENSG00000116852
BTG1-DT,ENSG00000245904
DPH6,ENSG00000134146
RNU6-433P,ENSG00000200086
RNU6-640P,ENSG00000200563
AMMECR1L,ENSG00000144233
TNIP2,ENSG00000168884
MIR548A1HG,ENSG00000283408
ADM-DT,ENSG00000254554
PIK3C3,ENSG00000078142
ZBTB6,ENSG00000186130
LIN28B-AS1,ENSG00000203809
LINC01487,ENSG00000241336
GLCE,ENSG00000138604
CYP2C18,ENSG00000108242
GNAQ,ENSG00000156052
EPHA5,ENSG00000145242
CBX6,ENSG00000183741
TM6SF2,ENSG00000213996
ZDHHC22,ENSG00000177108
MIR149,ENSG00000207611
RN7SL632P,ENSG00000241524
RPL21P33,ENSG00000237024
DST-AS1,ENSG00000231441
RNU4-51P,ENSG00000201076
LINC02729,ENSG00000255335
SNX22,ENSG00000157734
NONOP2,ENSG00000237522
RPS12P3,ENSG00000232713
RNA5SP95,ENSG00000222251
EIF1P7,ENSG00000213772
ARL5B,ENSG00000165997
IAH1,ENSG00000134330
MIPEP,ENSG00000027001
MAPK8IP2,ENSG00000008735
DICER1,ENSG00000100697
PDZD8,ENSG00000165650
EPB41L4A-DT,ENSG00000278921
IGBP1,ENSG00000089289
HMGB3P16,ENSG00000248430
DAAM2-AS1,ENSG00000235033
KIF27,ENSG00000165115
C15orf39,ENSG00000167173
LRRC66,ENSG00000188993
LINC02419,ENSG00000256906
LINC01001,ENSG00000230724
IGFL1,ENSG00000188293
CCDC3,ENSG00000151468
IL12A-AS1,ENSG00000244040
RPS6KB2-AS1,ENSG00000255949
STAP1,ENSG00000035720
NDUFV1-DT,ENSG00000184224
SLC27A5,ENSG00000083807
KATNAL2,ENSG00000167216
PDZPH1P,ENSG00000226926
LINC02115,ENSG00000248757
DSP-AS1,ENSG00000261189
RNU1-140P,ENSG00000201910
FGFBP2,ENSG00000137441
LIPC,ENSG00000166035
ANK3,ENSG00000151150
MAML3,ENSG00000196782
MAGED1,ENSG00000179222
ZNF608,ENSG00000168916
LINC01100,ENSG00000242107
IGFN1,ENSG00000163395
LINC02401,ENSG00000257762
GABRA4,ENSG00000109158
KCNQ5-AS1,ENSG00000229154
LINC00606,ENSG00000226567
UFL1-AS1,ENSG00000233797
RNU4-73P,ENSG00000200034
LINC00636,ENSG00000240423
TMSB10P1,ENSG00000228499
APOE,ENSG00000130203
RNU7-127P,ENSG00000238812
RN7SL204P,ENSG00000264676
GBX2,ENSG00000168505
LINC00939,ENSG00000249267
THUMPD3-AS1,ENSG00000206573
RNU1-31P,ENSG00000200745
POLR1E,ENSG00000137054
DTHD1,ENSG00000197057
LINC02695,ENSG00000254699
AGAP1,ENSG00000157985
NEDD8P1,ENSG00000226970
SAMD13,ENSG00000203943
TMX3,ENSG00000166479
LINC02826,ENSG00000275212
EED,ENSG00000074266
USP46,ENSG00000109189
GAS2L1,ENSG00000185340
RBM26,ENSG00000139746
RNA5SP75,ENSG00000252650
RPL13AP11,ENSG00000229657
TMEM81,ENSG00000174529
LINC02359,ENSG00000284848
RNU6-1304P,ENSG00000223306
LEFTY3P,ENSG00000234112
TERLR1,ENSG00000249201
MIR6741,ENSG00000284519
LEFTY2,ENSG00000143768
IQCN,ENSG00000130518
TM4SF19-AS1,ENSG00000235897
NDUFA3P3,ENSG00000213032
RNU6-537P,ENSG00000253086
GTF3C5,ENSG00000148308
ANKHD1-DT,ENSG00000249637
LINC02535,ENSG00000234155
LINC00635,ENSG00000241469
MPV17L2,ENSG00000254858
NIPAL1,ENSG00000163293
ADCYAP1,ENSG00000141433
MED29,ENSG00000063322
LINC01600,ENSG00000164385
RHD,ENSG00000187010
SULT1E1,ENSG00000109193
FOXCUT,ENSG00000280916
ZNF737,ENSG00000237440
LINC02521,ENSG00000228718
ELAC1,ENSG00000141642
LINC02347,ENSG00000214043
SCG2,ENSG00000171951
OR7D2,ENSG00000188000
RPL37P25,ENSG00000251597
HSPB3,ENSG00000169271
MLXP1,ENSG00000226539
LINC02762,ENSG00000250303
CSPG4BP,ENSG00000232517
WBP1P1,ENSG00000231351
NDUFB4P5,ENSG00000226114
ESM1,ENSG00000164283
CD8A,ENSG00000153563
HEATR5A,ENSG00000129493
DRG1,ENSG00000185721
GZMK,ENSG00000113088
ANKRD12,ENSG00000101745
RNU6-44P,ENSG00000206772
GZMAP1,ENSG00000249454
CREBZF,ENSG00000137504
GZMA,ENSG00000145649
CDC20B,ENSG00000164287
PPFIA3,ENSG00000177380
FAM32EP,ENSG00000256125
NDUFA5P6,ENSG00000256310
WT1,ENSG00000184937
LINC02824,ENSG00000255998
LINC00943,ENSG00000189238
LINC02532,ENSG00000235142
MIR449A,ENSG00000198983
MIR449B,ENSG00000207728
MIR449C,ENSG00000251856
MCIDAS,ENSG00000234602
ITGA11,ENSG00000137809
GGCTP1,ENSG00000251000
FGB,ENSG00000171564
LINC01554,ENSG00000236882
NT5C1B,ENSG00000185013
HMGB1,ENSG00000189403
SEH1L,ENSG00000085415
FABP5P5,ENSG00000213716
OTP-AS1,ENSG00000310591
ZNF892,ENSG00000233757
ZMAT5,ENSG00000100319
PPP2CA-DT,ENSG00000270177
SPATA3,ENSG00000173699
PSAT1,ENSG00000135069
VRTN,ENSG00000133980
TCF7,ENSG00000081059
LINC02372,ENSG00000249873
PABPN1,ENSG00000100836
HSPE1P20,ENSG00000257021
RNF228,ENSG00000288658
RNA5SP114,ENSG00000200650
MIR561,ENSG00000207951
ZNF540,ENSG00000171817
RNU7-147P,ENSG00000238698
LINC02376,ENSG00000256292
H2ACP2,ENSG00000223951
WT1-AS,ENSG00000183242
TMEM266,ENSG00000169758
RNU1-104P,ENSG00000253089
SBNO1-AS1,ENSG00000256092
HPF1,ENSG00000056050
BIRC6,ENSG00000115760
KMT5A,ENSG00000183955
CEP170B,ENSG00000099814
CYP4V2,ENSG00000145476
ZNF28,ENSG00000198538
AP1B1,ENSG00000100280
COPS5P2,ENSG00000270445
RPL17,ENSG00000265681
TMED2-DT,ENSG00000247373
MTAP,ENSG00000099810
TICAM1,ENSG00000127666
NPHS1,ENSG00000161270
RAB39A,ENSG00000179331
CLLU1-AS1,ENSG00000205057
LINC02397,ENSG00000205056
TRMT44,ENSG00000155275
TYRL,ENSG00000123447
DDIT4,ENSG00000168209
TRIM51BP,ENSG00000204455
TESC-AS1,ENSG00000258285
PPIAP43,ENSG00000255059
PSMB5,ENSG00000100804
MAT1A,ENSG00000151224
BAK1P2,ENSG00000236616
OR51A1P,ENSG00000176752
N4BP2L1,ENSG00000139597
OR7E12P,ENSG00000189398
FAM86GP,ENSG00000166492
RPS24P14,ENSG00000223688
WARS1P1,ENSG00000225802
RPL36AP39,ENSG00000230980
OR8Q1P,ENSG00000255341
FOLR1P1,ENSG00000256518
RPS3AP43,ENSG00000242661
MIR583,ENSG00000207578
OR7E128P,ENSG00000228915
RNU6-524P,ENSG00000206997
GPX8,ENSG00000164294
ARPC3P4,ENSG00000256898
RPL7AP57,ENSG00000242248
RDXP1,ENSG00000255387
ATP8A1,ENSG00000124406
C1DP5,ENSG00000254965
KIF26A,ENSG00000066735
SNX18,ENSG00000178996
CASP1P2,ENSG00000254750
PHAX,ENSG00000164902
UNC93B5,ENSG00000184795
CCND2P1,ENSG00000256847
MRGPRX7P,ENSG00000254529
COX7CP3,ENSG00000254478
LINC00488,ENSG00000214381
SETP16,ENSG00000254621
BCAS2P1,ENSG00000255051
RAB30-DT,ENSG00000246067
PRLR,ENSG00000113494
LINC00885,ENSG00000224652
APBB1IP,ENSG00000077420
ITM2B,ENSG00000136156
CHURC1,ENSG00000258289
COPS8P3,ENSG00000254697
PYDC2-AS1,ENSG00000223812
PSMB7,ENSG00000136930
CYP4F32P,ENSG00000223564
RNU6-1320P,ENSG00000212140
SOWAHCP5,ENSG00000278631
TRIM51EP,ENSG00000237706
MTCO1P48,ENSG00000237055
MTCO3P45,ENSG00000232128
RPS24P6,ENSG00000233158
CXCL17,ENSG00000189377
LINC01914,ENSG00000234362
FAM177A1,ENSG00000151327
TRIM64EP,ENSG00000223709
RNU5E-7P,ENSG00000202160
RPLP1P5,ENSG00000214657
TRIM53CP,ENSG00000254764
RN7SL104P,ENSG00000243541
HAMP,ENSG00000105697
ALG1L8P,ENSG00000227620
FSIP2,ENSG00000188738
PANK1,ENSG00000152782
FNDC3A,ENSG00000102531
ENPP7P7,ENSG00000273819
TGFBR3L,ENSG00000260001
ZNF543,ENSG00000178229
TTBK2,ENSG00000128881
ZNF865,ENSG00000261221
PPP1R36,ENSG00000165807
RPL21P32,ENSG00000224019
RPL23AP35,ENSG00000232568
MED28P3,ENSG00000227692
GALP,ENSG00000197487
DPRXP1,ENSG00000224323
NUDCP1,ENSG00000213197
CPO,ENSG00000144410
CABP7,ENSG00000100314
PLCE1,ENSG00000138193
LINC02754,ENSG00000251637
RTCB,ENSG00000100220
C19orf33,ENSG00000167644
MIR2355,ENSG00000253008
KLF7-IT1,ENSG00000237892
DNAJB8-AS1,ENSG00000242049
MIR7845,ENSG00000277590
CSTF3-DT,ENSG00000247151
MIR1302-4,ENSG00000221628
FIGLA,ENSG00000183733
HMGN2P21,ENSG00000228034
CARD19,ENSG00000165233
ARG2,ENSG00000081181
CLEC4F,ENSG00000152672
LINC01967,ENSG00000235493
ZNF433,ENSG00000197647
LINC01980,ENSG00000225548
OR7E13P,ENSG00000197882
PRSS23-AS1,ENSG00000255471
MOB4P1,ENSG00000231386
CD207,ENSG00000116031
LRRC49,ENSG00000137821
NAA30,ENSG00000139977
ZNF782,ENSG00000196597
TEX261,ENSG00000144043
TREHP1,ENSG00000255239
DENND1C,ENSG00000205744
LINC02750,ENSG00000254518
VTI1B,ENSG00000100568
LINC02545,ENSG00000254930
KRT8P10,ENSG00000231203
ZNF883,ENSG00000228623
DUSP19,ENSG00000162999
LINC03031,ENSG00000254584
P3H2-AS1,ENSG00000225764
CNTLN,ENSG00000044459
CXCL2,ENSG00000081041
RN7SL341P,ENSG00000275588
RN7SL211P,ENSG00000244534
RPL11P1,ENSG00000227394
RNU6-548P,ENSG00000252892
VDAC2P5,ENSG00000172974
AQP7B,ENSG00000259916
FGG,ENSG00000171557
TAB2-AS1,ENSG00000225924
LINC02763,ENSG00000254968
PDCD6IP-DT,ENSG00000271643
MMP14,ENSG00000157227
PLEC,ENSG00000178209
SCYGR10,ENSG00000284622
LINC02022,ENSG00000232746
CPS1-IT1,ENSG00000280837
HSPA8P6,ENSG00000235864
MEAF6P1,ENSG00000240286
PKP4P1,ENSG00000229670
RNA5SP118,ENSG00000222317
SNAI1P1,ENSG00000237194
RNU6-242P,ENSG00000207087
TOMM5,ENSG00000175768
RPL21P30,ENSG00000235937
PPM1L-DT,ENSG00000260572
HMGB1P31,ENSG00000233266
RNU7-172P,ENSG00000252934
TSPYL6,ENSG00000178021
IFT43,ENSG00000119650
MIR100HG,ENSG00000255248
ENTR1,ENSG00000165689
TOM1,ENSG00000100284
MPHOSPH8,ENSG00000196199
RAB27B,ENSG00000041353
TNS1,ENSG00000079308
MISP,ENSG00000099812
HAVCR2,ENSG00000135077
PPARGC1A,ENSG00000109819
LINC01214,ENSG00000243550
KLF6,ENSG00000067082
SIVA1,ENSG00000184990
PPP4R1,ENSG00000154845
ERAP1,ENSG00000164307
NUP58,ENSG00000139496
MIR765,ENSG00000211581
RN7SL612P,ENSG00000266160
VTI1A,ENSG00000151532
FMN2,ENSG00000155816
MORN5,ENSG00000185681
LNC-LBCS,ENSG00000228412
TRMT5,ENSG00000126814
FGF7,ENSG00000140285
TTC9,ENSG00000133985
PTPA,ENSG00000119383
MLF1-DT,ENSG00000243150
SUV39H2,ENSG00000152455
CMTM5,ENSG00000166091
UBAP1L,ENSG00000246922
ARFGAP1,ENSG00000101199
TRAM2-AS1,ENSG00000225791
GOLGA6B,ENSG00000215186
TUBB8P5,ENSG00000254381
CPN1,ENSG00000120054
ADH1A,ENSG00000187758
ZNF970P,ENSG00000258368
VTI1BP3,ENSG00000258074
RPL7AP9,ENSG00000213272
RPL10P13,ENSG00000258245
YWHAQP7,ENSG00000271142
RNU5F-8P,ENSG00000251750
IL16,ENSG00000172349
PTP4A2,ENSG00000184007
KRT17P8,ENSG00000256937
MBL2,ENSG00000165471
BTG1P1,ENSG00000256720
PTMAP4,ENSG00000231503
CBY1,ENSG00000100211
RPL13AP23,ENSG00000242990
RPL36P15,ENSG00000240100
CDKN3,ENSG00000100526
BORCS7,ENSG00000166275
YJU2,ENSG00000105248
OOEPP2,ENSG00000256192
BMP3,ENSG00000152785
REEP3,ENSG00000165476
HPSE,ENSG00000173083
RPL7P38,ENSG00000239473
RPL13AP20,ENSG00000234498
C19orf38,ENSG00000214212
LINC02732,ENSG00000254416
AKR1C3,ENSG00000196139
ADGRB2,ENSG00000121753
LINC02733,ENSG00000255553
GDNF,ENSG00000168621
ZNF563,ENSG00000188868
LINC02715,ENSG00000254659
ALG1L10P,ENSG00000254016
ENPP7P5,ENSG00000256589
PPIAP45,ENSG00000258116
SRD5A1,ENSG00000145545
ZNF606,ENSG00000166704
DDX12B,ENSG00000111788
LINC02706,ENSG00000255344
PIGN,ENSG00000197563
SKP2,ENSG00000145604
DAND5,ENSG00000179284
ENEMAL,ENSG00000289883
COX15,ENSG00000014919
LINC02736,ENSG00000279243
CYP2A6,ENSG00000255974
TALAM1,ENSG00000289740
BRWD1P2,ENSG00000258290
ZNRD2-DT,ENSG00000260233
GNAI2P1,ENSG00000255749
EEF1B2P4,ENSG00000257119
NACAP8,ENSG00000257210
EHMT1,ENSG00000181090
RELA-DT,ENSG00000285533
ANXA8,ENSG00000265190
YDJC,ENSG00000161179
LINC01526,ENSG00000224995
C5AR2,ENSG00000134830
PCNPP3,ENSG00000213344
OVOL1-AS1,ENSG00000255120
LINC02375,ENSG00000256362
CYP2A13,ENSG00000197838
MIR130AHG,ENSG00000254602
CYP2C9,ENSG00000138109
SHISA3,ENSG00000178343
KDM2B-DT,ENSG00000256742
SCFD2,ENSG00000184178
LINC01610,ENSG00000237643
LGI4,ENSG00000153902
TMA16,ENSG00000198498
KDM2B,ENSG00000089094
STX5-DT,ENSG00000256690
TRMT2B,ENSG00000188917
SECISBP2L,ENSG00000138593
LINC02046,ENSG00000242440
LRAT,ENSG00000121207
DMAC2L,ENSG00000125375
OLFML2B,ENSG00000162745
LINC01565,ENSG00000198685
LINC02028,ENSG00000230102
CAMK2A,ENSG00000070808
KLK10,ENSG00000129451
IL20,ENSG00000162891
HHEX,ENSG00000152804
LRBA,ENSG00000198589
CREG2,ENSG00000175874
EGLN3,ENSG00000129521
SNHG1,ENSG00000255717
RPS6P3,ENSG00000237549
PRCPP1,ENSG00000232556
CYP2C19,ENSG00000165841
RGPD1,ENSG00000187627
DNASE2B,ENSG00000137976
SNHG5,ENSG00000203875
OR2L2,ENSG00000203663
OR2L3,ENSG00000198128
CDC34,ENSG00000099804
OR2M4,ENSG00000171180
OR10K2,ENSG00000180708
RBM15,ENSG00000162775
G2E3,ENSG00000092140
OIP5,ENSG00000104147
KLHDC7A,ENSG00000179023
MTX1,ENSG00000173171
H3-5,ENSG00000188375
RNU7-182P,ENSG00000238788
NIFKP9,ENSG00000237630
HABP2,ENSG00000148702
WBP11P2,ENSG00000226789
RNU6-1069P,ENSG00000252421
RNU6-1147P,ENSG00000200250
KMT2CP5,ENSG00000230572
LINC02422,ENSG00000255760
SLC9B1P2,ENSG00000214329
RPL12P32,ENSG00000242314
RPLP1,ENSG00000137818
HTR5BP,ENSG00000125631
CDRT15P4,ENSG00000287071
NBEAP2,ENSG00000197927
LINC03088,ENSG00000257883
FAR2P4,ENSG00000231431
LINC00937,ENSG00000226091
GAB3,ENSG00000160219
GPR37L1,ENSG00000170075
ECEL1P2,ENSG00000244280
CYP4F30P,ENSG00000214081
FXYD1,ENSG00000266964
FAR2P3,ENSG00000240253
CELF3,ENSG00000159409
MBNL1-AS1,ENSG00000229619
ARMC10,ENSG00000282813
CYP2E1,ENSG00000130649
REG1CP,ENSG00000204787
SULT1C5P,ENSG00000237223
SLC19A4P,ENSG00000042304
RPL23AP95,ENSG00000282063
NAPEPLD,ENSG00000275723
LINC00501,ENSG00000203645
MALLP2,ENSG00000283270
BIRC6-AS2,ENSG00000279897
GPAT2P1,ENSG00000237510
ZNF285CP,ENSG00000018607
AOX3P,ENSG00000244301
BALR6,ENSG00000274840
LINC00973,ENSG00000240476
AOX2P,ENSG00000243478
HIGD2B,ENSG00000175202
LINC02449,ENSG00000215241
OR7E91P,ENSG00000205847
ZWILCH,ENSG00000174442
FANCC,ENSG00000158169
ATP2B3,ENSG00000067842
ANAPC1P1,ENSG00000233673
CRYZP1,ENSG00000282789
DPY19L2P2,ENSG00000282026
RIIAD1,ENSG00000178796
ANKRD20A8P,ENSG00000229089
PLGLA,ENSG00000240935
YLPM1,ENSG00000119596
ANKRD36BP2,ENSG00000230006
SUCLG2-DT,ENSG00000241316
MRPL9,ENSG00000143436
BMS1P23,ENSG00000286156
LINC01881,ENSG00000220804
LSP1P4,ENSG00000143429
CT75,ENSG00000237732
FAHD2CP,ENSG00000231584
CXCR2P1,ENSG00000229754
RPL7L1P10,ENSG00000237322
RPL17P14,ENSG00000226297
PAX2,ENSG00000075891
RN7SKP283,ENSG00000253006
PLEK,ENSG00000115956
C2-AS1,ENSG00000281756
LINC01512,ENSG00000289313
SCIRT,ENSG00000237686
OAZ3,ENSG00000143450
OSTN-AS1,ENSG00000233308
LINC02005,ENSG00000242741
CHL1-AS2,ENSG00000224318
WDR4P2,ENSG00000229462
ASPHD2,ENSG00000128203
LRRC3B-AS1,ENSG00000225386
FKBP3,ENSG00000100442
LINC02827,ENSG00000236908
ACO2,ENSG00000100412
LINGO4,ENSG00000213171
ST3GAL6-AS1,ENSG00000239445
TIALD,ENSG00000256811
THEM5,ENSG00000196407
LINC03040,ENSG00000181577
SLC35C2,ENSG00000080189
KRT8P28,ENSG00000223810
LCEP2,ENSG00000229713
LCEP1,ENSG00000233819
LCE1F,ENSG00000240386
LCE1E,ENSG00000186226
LCE1D,ENSG00000172155
LINC02980,ENSG00000272462
DENND11,ENSG00000262599
TFAP2E,ENSG00000116819
PLEKHH1,ENSG00000054690
CACNB4,ENSG00000182389
WEE2-AS1,ENSG00000261994
HPDL,ENSG00000186603
SPOCK2,ENSG00000107742
H4C1,ENSG00000278637
OR2L5,ENSG00000197454
H2BC3,ENSG00000276410
MFAP3,ENSG00000037749
CCSAP,ENSG00000154429
SSBP1,ENSG00000262771
LINC02405,ENSG00000249345
RNU6-180P,ENSG00000252506
RN7SKP276,ENSG00000252051
IRAK1,ENSG00000184216
DNAJC8P4,ENSG00000229820
RNU6ATAC27P,ENSG00000221216
SNHG3,ENSG00000242125
DDX31,ENSG00000125485
SNORA73A,ENSG00000274266
SNORA73B,ENSG00000200087
PRDX3P2,ENSG00000231468
LINC02040,ENSG00000243149
SNORD99,ENSG00000221539
SNORA61,ENSG00000278274
SNORA44,ENSG00000273544
SNORA16A,ENSG00000280498
RAB42,ENSG00000188060
RICTOR,ENSG00000164327
AMY2A,ENSG00000243480
RPL21P19,ENSG00000219133
LINC00628,ENSG00000280924
LINC00698,ENSG00000244342
RNA5SP74,ENSG00000200408
ZNF365,ENSG00000138311
H2AC8,ENSG00000277075
UBA5P1,ENSG00000236636
RPL12P45,ENSG00000233940
EFCAB14P1,ENSG00000228348
RN7SL503P,ENSG00000240374
C1orf146,ENSG00000203910
IPMK,ENSG00000151151
AGK,ENSG00000262327
ACTBP12,ENSG00000233125
RN7SL824P,ENSG00000242764
HMGB3P9,ENSG00000229992
RNU2-61P,ENSG00000223001
RNU4-59P,ENSG00000201317
PNRC1-DT,ENSG00000271931
H3P3,ENSG00000234202
PNRC1,ENSG00000146278
CCNJP2,ENSG00000223896
OR10X1,ENSG00000279111
PRICKLE2-DT,ENSG00000244564
OR6K1P,ENSG00000231237
SRGAP3-AS4,ENSG00000235830
OR6K3,ENSG00000203757
RN7SL336P,ENSG00000264017
ANKRD22,ENSG00000152766
SRSF12,ENSG00000154548
WEE2,ENSG00000263042
OR2AQ1P,ENSG00000229724
OR10AA1P,ENSG00000180409
PCED1B-AS1,ENSG00000247774
LMLN-AS1,ENSG00000232832
OR14A16,ENSG00000196772
EIF4EBP2,ENSG00000148730
HSD17B7P1,ENSG00000232908
OR11L1,ENSG00000197591
TRIM58,ENSG00000162722
RAB11FIP2,ENSG00000107560
OR2W3,ENSG00000238243
OR2AJ1,ENSG00000177275
CLK3P2,ENSG00000226191
OR2X1P,ENSG00000224830
OR2L8,ENSG00000279263
OR6Y1,ENSG00000197532
RNU2-45P,ENSG00000251877
COX11P1,ENSG00000231162
SCAMP5,ENSG00000198794
TLR12P,ENSG00000234512
GDF10,ENSG00000266524
OR2M1P,ENSG00000177233
OR2E1P,ENSG00000219262
OR2M5,ENSG00000162727
PPP6C,ENSG00000119414
OR2M2,ENSG00000198601
ZNF808,ENSG00000198482
GM2AP2,ENSG00000239428
CYCSP53,ENSG00000234333
MMRN2,ENSG00000173269
TBC1D3P6,ENSG00000224966
SRARP,ENSG00000183888
PTPRN2,ENSG00000282185
OR2T8,ENSG00000177462
ZBTB2P1,ENSG00000278480
CTRC,ENSG00000162438
RBM18,ENSG00000119446
KLF1,ENSG00000105610
FOXA3,ENSG00000170608
TMEM254,ENSG00000133678
LINC01206,ENSG00000242512
OR6F1,ENSG00000169214
GPR4,ENSG00000177464
COX8CP1,ENSG00000271440
OR14K1,ENSG00000153230
OR9H1,ENSG00000228336
OR10K1,ENSG00000173285
OR2T12,ENSG00000177201
OR2T33,ENSG00000177212
FAM157D,ENSG00000281951
DINOL,ENSG00000285244
RN7SL432P,ENSG00000242769
RNY1P13,ENSG00000201900
FAM120A,ENSG00000048828
MIR6859-1,ENSG00000278267
MIR1302-2,ENSG00000284332
OR4F5,ENSG00000186092
CICP27,ENSG00000233750
RNU6-1100P,ENSG00000222623
RPL7L1P20,ENSG00000216781
OR13G1,ENSG00000197437
OR1C1,ENSG00000221888
OR2M3,ENSG00000228198
TFAP2A,ENSG00000137203
OR6N1,ENSG00000197403
OR10Z1,ENSG00000198967
SPTA1,ENSG00000163554
ZNF846,ENSG00000196605
BLNK,ENSG00000095585
POMZP3,ENSG00000276464
CISD2,ENSG00000145354
LINC01788,ENSG00000229051
UPK3B,ENSG00000276184
KLK1,ENSG00000167748
MIR186,ENSG00000207721
CERS2-AS1,ENSG00000259357
RNU6-884P,ENSG00000200759
C1orf56,ENSG00000143443
GRSF1,ENSG00000132463
IER5,ENSG00000162783
OPN3,ENSG00000054277
SPDYE16,ENSG00000281950
SLC7A9,ENSG00000021488
DTX2,ENSG00000282379
LINC00944,ENSG00000256128
TFAP2A-AS2,ENSG00000285278
EDA2R,ENSG00000131080
TFAP2A-AS1,ENSG00000229950
CHML,ENSG00000203668
BCL9,ENSG00000116128
LINC00518,ENSG00000183674
LINC03009,ENSG00000290511
C8orf76,ENSG00000189376
CHRNA5,ENSG00000169684
MIR5689,ENSG00000263705
LINC02522,ENSG00000231056
MRPL48P1,ENSG00000238076
RPL6P3,ENSG00000229022
RPL23AP20,ENSG00000235990
BECN2,ENSG00000196289
GUSBP4,ENSG00000239650
CFL1P4,ENSG00000213026
POM121L14P,ENSG00000218189
LINC00680,ENSG00000215190
TUBB8P6,ENSG00000224625
GAPDHP15,ENSG00000214563
DHRS7,ENSG00000100612
WDR64,ENSG00000162843
SLC25A53,ENSG00000269743
TXN,ENSG00000136810
MESD,ENSG00000117899
CHRDL1,ENSG00000101938
MTMR7,ENSG00000003987
STARD5,ENSG00000172345
DAP,ENSG00000112977
MIR3117,ENSG00000264720
ZNF483,ENSG00000173258
CNIH3-AS1,ENSG00000229400
LINC02415,ENSG00000248703
DNAH14,ENSG00000185842
IQCJ-SCHIP1-AS1,ENSG00000241211
NEURL1B,ENSG00000214357
SGCB,ENSG00000163069
EIF2B2,ENSG00000119718
UBR1,ENSG00000159459
RNF130,ENSG00000113269
SHROOM3,ENSG00000138771
LINC02004,ENSG00000240006
SHB,ENSG00000107338
POP1,ENSG00000104356
LINC01994,ENSG00000241098
ZNF547,ENSG00000152433
ZBTB34,ENSG00000177125
PPP1R13B,ENSG00000088808
IPPK,ENSG00000127080
ALKBH7,ENSG00000125652
RASSF3-DT,ENSG00000256670
N4BP2,ENSG00000078177
LINC02389,ENSG00000255693
TRBV11-1,ENSG00000282711
TRBV7-6,ENSG00000282704
TRBV10-1,ENSG00000282618
BAX,ENSG00000087088
TRBV5-2,ENSG00000282236
TRBV7-4,ENSG00000282756
TRBV5-5,ENSG00000282577
TRBV11-3,ENSG00000282242
LINC02231,ENSG00000248995
TRBV1,ENSG00000282423
TRBV19,ENSG00000282621
TRBV12-4,ENSG00000282354
TRBV7-1,ENSG00000282225
TRBV25-1,ENSG00000281963
CACNA2D3-AS1,ENSG00000243715
TRBV17,ENSG00000282483
UGT8,ENSG00000174607
TRBV5-3,ENSG00000282148
TRBV7-9,ENSG00000281943
TRBV5-7,ENSG00000282748
SATB1-AS1,ENSG00000228956
NIFKP3,ENSG00000256331
TRBV27,ENSG00000282234
TRBV7-2,ENSG00000282506
TRBV21-1,ENSG00000282462
TRPV5,ENSG00000274348
APOBEC1,ENSG00000111701
BRD3OS,ENSG00000235106
MAGT1,ENSG00000102158
TRIML2,ENSG00000179046
GDF3,ENSG00000184344
ITGA2,ENSG00000164171
CLEC4C,ENSG00000198178
NUP214,ENSG00000126883
PRAM1,ENSG00000133246
TRBV12-5,ENSG00000282605
TRBJ2-2P,ENSG00000282589
TRBJ1-6,ENSG00000281957
TRBJ1-5,ENSG00000282215
TRBV11-2,ENSG00000282436
TRBV20-1,ENSG00000282064
TRBV10-2,ENSG00000282007
ZNF677,ENSG00000197928
LLCFC1,ENSG00000275821
TRBV9,ENSG00000282204
NEFL,ENSG00000277586
HLMR1,ENSG00000243818
PRSS3P1,ENSG00000282295
TRBC1,ENSG00000281981
TRBJ2-1,ENSG00000282488
TRPV6,ENSG00000276971
TRPS1,ENSG00000104447
NPC2,ENSG00000119655
NANOGNB,ENSG00000205857
UFSP2,ENSG00000109775
PRODH2,ENSG00000250799
CD200R1L-AS1,ENSG00000242770
POLR3H,ENSG00000100413
ITM2A,ENSG00000078596
SERF2,ENSG00000140264
ITPR1-DT,ENSG00000231249
DYRK3,ENSG00000143479
ADAMTS9-AS2,ENSG00000241684
TRBV6-7,ENSG00000282470
PRSS2,ENSG00000282049
CHUK,ENSG00000213341
TRBV7-3,ENSG00000282203
TRBV18,ENSG00000282771
PRSS1,ENSG00000274247
TNFSF18,ENSG00000120337
MAP10,ENSG00000212916
TRIM67,ENSG00000119283
MAP3K9,ENSG00000006432
TRBV23-1,ENSG00000282449
EXOSC4,ENSG00000178896
TRBV5-4,ENSG00000282466
PBOV1,ENSG00000254440
PRSS3P2,ENSG00000282667
RN7SL811P,ENSG00000265439
SLC35B2,ENSG00000157593
TBXA2R,ENSG00000006638
OR6V1,ENSG00000277378
OR9P1P,ENSG00000282335
PGBD4P1,ENSG00000282270
TRBJ1-4,ENSG00000282273
RMST,ENSG00000255794
MGAM2,ENSG00000278563
C8orf88,ENSG00000253250
ERICH6-AS1,ENSG00000240137
AP1S2,ENSG00000182287
INSL5,ENSG00000172410
OR6P1,ENSG00000186440
SLC2A7,ENSG00000197241
LSM1,ENSG00000175324
CLEC11A,ENSG00000105472
TIGD4,ENSG00000169989
OR6K2,ENSG00000196171
LINC01322,ENSG00000244128
LCE4A,ENSG00000187170
APELA,ENSG00000248329
ACTRT2,ENSG00000169717
MIR4647,ENSG00000284427
TMEM151B,ENSG00000178233
MIR4251,ENSG00000283572
TBC1D22A,ENSG00000054611
LDLRAD2,ENSG00000187942
ANAPC10,ENSG00000164162
HSPG2,ENSG00000142798
OR9A2,ENSG00000273914
TRBV13,ENSG00000282407
TRBV28,ENSG00000282812
ESRP1,ENSG00000104413
TRBJ2-2,ENSG00000282272
EPHB6,ENSG00000275482
PCSK4,ENSG00000115257
MIR6780B,ENSG00000276770
RNU6-1113P,ENSG00000207076
POLH-AS1,ENSG00000203362
LINC00581,ENSG00000280989
RAE1,ENSG00000101146
PRLHR,ENSG00000119973
ELF2P2,ENSG00000218027
SEMA4G,ENSG00000095539
TPI1P3,ENSG00000186743
MED6,ENSG00000133997
CYP2AC1P,ENSG00000216998
HMGB3P18,ENSG00000220184
RPS4X,ENSG00000198034
MIER3,ENSG00000155545
RPL21P29,ENSG00000232037
CELA3B,ENSG00000219073
R3HDM2P2,ENSG00000216817
NGRNP4,ENSG00000219404
NBAT1,ENSG00000260455
ATP5MFP2,ENSG00000228834
ARMC2-AS1,ENSG00000230290
BLOC1S3,ENSG00000189114
RN7SL386P,ENSG00000273610
RNU6-1022P,ENSG00000201919
CELA3A,ENSG00000142789
PRSS3P5,ENSG00000282565
TRBV6-5,ENSG00000277110
TPRXL,ENSG00000292995
TRBV14,ENSG00000282252
RPSAP41,ENSG00000239626
TRBV12-1,ENSG00000282760
EIF3EP1,ENSG00000234882
CNN2P9,ENSG00000213149
TRBV4-2,ENSG00000282285
RBISP4,ENSG00000271607
ASPDH,ENSG00000204653
TRBV5-1,ENSG00000282803
GSTA6P,ENSG00000223622
TRBJ2-6,ENSG00000282154
H2AC5P,ENSG00000234816
TRBV7-7,ENSG00000282179
TRBV2,ENSG00000282568
MGAM,ENSG00000282607
RN7SL186P,ENSG00000278124
EXOSC8P1,ENSG00000218107
RNU6-776P,ENSG00000201273
ICE2,ENSG00000128915
LINC00339,ENSG00000218510
MIR1251,ENSG00000221479
RPL30P2,ENSG00000234272
MKRN6P,ENSG00000227154
RPS27P10,ENSG00000231017
MIR135A2,ENSG00000207586
RNU6-36P,ENSG00000206899
RNA5SP119,ENSG00000199585
MTND2P23,ENSG00000232631
MTCO1P46,ENSG00000236007
TMDD1,ENSG00000284730
CDC42-AS1,ENSG00000285752
CDC42-IT1,ENSG00000230068
MIR548F2,ENSG00000221782
PCED1CP,ENSG00000231254
MPHOSPH6P1,ENSG00000271428
MELTF-AS1,ENSG00000228109
H1-12P,ENSG00000216331
MIR4418,ENSG00000266564
FIGNL2-DT,ENSG00000259887
AVPR1B,ENSG00000198049
RCC2P7,ENSG00000220666
NAA40P1,ENSG00000216307
ECI2-DT,ENSG00000234817
RPL22P4,ENSG00000225483
ZSWIM9,ENSG00000185453
MIR6769B,ENSG00000278465
SLC26A2,ENSG00000155850
IKBKE-AS1,ENSG00000162888
TRBV16,ENSG00000282415
PRRT3-AS1,ENSG00000230082
TRBVB,ENSG00000282047
RPL7AP20,ENSG00000234981
TRBV6-1,ENSG00000281970
SCN3A,ENSG00000153253
PRSS58,ENSG00000276785
RPS3AP24,ENSG00000217684
HSPE1P12,ENSG00000235930
NAALADL2-AS1,ENSG00000225552
RABGAP1L,ENSG00000152061
GABRP,ENSG00000094755
SWSAP1,ENSG00000173928
TRBV24-1,ENSG00000282730
CFAP44-AS1,ENSG00000243849
LRG1,ENSG00000171236
TRBJ2-7,ENSG00000282392
TRBJ1-3,ENSG00000282500
ERCC6,ENSG00000225830
TRBVA,ENSG00000281972
RPL29P1,ENSG00000236512
TRBV26,ENSG00000281968
TRBV4-1,ENSG00000282014
GPR89P,ENSG00000216915
TRBC2,ENSG00000276849
BTF3P7,ENSG00000219986
LINC01210,ENSG00000239513
PBX4,ENSG00000105717
TRBV8-1,ENSG00000281952
TRBV22-1,ENSG00000282036
MAGED2,ENSG00000102316
TRBV10-3,ENSG00000282340
TRBJ1-1,ENSG00000282078
TRBJ2-3,ENSG00000282371
TRBV7-5,ENSG00000282709
BAZ1A,ENSG00000198604
TRBJ2-5,ENSG00000282820
TRBV5-6,ENSG00000282098
TRBV12-2,ENSG00000282326
TRBV6-4,ENSG00000282240
TRBJ1-2,ENSG00000281989
PRB2,ENSG00000121335
TRBD1,ENSG00000282253
ZBTB46,ENSG00000130584
TRBJ2-4,ENSG00000282380
TRBV6-2,ENSG00000282719
TRBV30,ENSG00000282297
TRBV12-3,ENSG00000282208
TRBV3-1,ENSG00000282624
TRBV8-2,ENSG00000282529
WBP1LP1,ENSG00000282492
TRBV6-8,ENSG00000282134
TRBV29-1,ENSG00000282628
TRBV6-6,ENSG00000282459
HIGD1AP8,ENSG00000237303
TRBV15,ENSG00000282497
LINC01252,ENSG00000247157
KEL,ENSG00000276615
GID8,ENSG00000101193
DDX55P1,ENSG00000270863
ITIH2,ENSG00000151655
RNU7-60P,ENSG00000251747
LINC00592,ENSG00000258279
SUMO2P13,ENSG00000218359
ANKRD18FP,ENSG00000218577
EIF4E1B,ENSG00000175766
TPT1P4,ENSG00000217027
LINC02874,ENSG00000257137
PTCHD3P3,ENSG00000219700
GSTA8P,ENSG00000220377
GSTA7P,ENSG00000237674
GSTA12P,ENSG00000217228
GSTA10P,ENSG00000230845
KRT7-AS,ENSG00000257671
H2BC2P,ENSG00000178762
PRSS3P3,ENSG00000282303
ZNF792,ENSG00000180884
CYCSP55,ENSG00000214810
LCAL1,ENSG00000286042
KRT86-AS2,ENSG00000257830
KRT83-AS1,ENSG00000296556
PRSS59P,ENSG00000290477
ESCO1,ENSG00000141446
RAB35-AS1,ENSG00000277283
MOXD2P,ENSG00000282809
PXN-AS1,ENSG00000255857
USF2,ENSG00000105698
OR6W1P,ENSG00000274360
ITK,ENSG00000113263
SIT1,ENSG00000137078
ANKRD17,ENSG00000132466
RPP25L,ENSG00000164967
DOLPP1,ENSG00000167130
RNU4-1,ENSG00000200795
TROAP-AS1,ENSG00000258334
C1QL4,ENSG00000186897
GAPDH-DT,ENSG00000255966
ADRA1B,ENSG00000170214
LINC00506,ENSG00000281392
CHD4-AS1,ENSG00000247853
TMEM74,ENSG00000164841
NLN,ENSG00000123213
TUBA8,ENSG00000183785
PIP4P2,ENSG00000155099
AMN1,ENSG00000151743
TMSB15B,ENSG00000158427
ZIC4-AS1,ENSG00000241202
HMGA1P7,ENSG00000216753
VN1R13P,ENSG00000216762
LARRPM,ENSG00000287966
AMD1P4,ENSG00000215124
AMPD1,ENSG00000116748
PSMC1P11,ENSG00000217385
PPIAP29,ENSG00000214975
FAM50A,ENSG00000071859
PLCH1-AS2,ENSG00000242925
MED15,ENSG00000099917
CALB1,ENSG00000104327
ASS1P1,ENSG00000220517
RPL23AP47,ENSG00000219814
LARS2-AS1,ENSG00000232455
CCDC97,ENSG00000142039
ARPC3P5,ENSG00000214027
KIF25-AS1,ENSG00000229921
ZNF475,ENSG00000250803
CHD8,ENSG00000100888
TM4SF18-AS1,ENSG00000244468
ZNF221,ENSG00000159905
NR6A1,ENSG00000148200
EDIL3,ENSG00000164176
UBE2U,ENSG00000177414
CASC15,ENSG00000272168
VDAC2P4,ENSG00000234682
STMN1P1,ENSG00000276058
AMN1-AS1,ENSG00000276900
RNU6-763P,ENSG00000212167
RNU6-1290P,ENSG00000199827
RPL21P31,ENSG00000227187
RNU4-2,ENSG00000202538
RPL22P16,ENSG00000213935
CNPY2-AS1,ENSG00000257303
OR7E59P,ENSG00000250561
PER3P1,ENSG00000271077
HSPA8P8,ENSG00000229091
LBX2,ENSG00000179528
LCE1C,ENSG00000197084
ZNF681,ENSG00000196172
CYP3A54P,ENSG00000261809
H3-7,ENSG00000273213
CCNB2P1,ENSG00000214998
WNT6,ENSG00000115596
NXPH1,ENSG00000122584
HMGN3P1,ENSG00000183586
CRNN,ENSG00000143536
PTPRH,ENSG00000080031
LCE5A,ENSG00000186207
CRCT1,ENSG00000169509
PAPOLB,ENSG00000218823
OR6B2,ENSG00000182083
LCE3E,ENSG00000185966
RPL23AP52,ENSG00000230370
YWHAQP5,ENSG00000236564
RPL36AP26,ENSG00000235828
LRP1,ENSG00000123384
LCE3D,ENSG00000163202
TEX51,ENSG00000237524
COL8A2,ENSG00000171812
LRATD2,ENSG00000168672
CPAMD8P1,ENSG00000197320
RN7SL131P,ENSG00000264592
UBE2V2P4,ENSG00000231849
ELOVL7,ENSG00000164181
A3GALT2,ENSG00000184389
EVA1CP3,ENSG00000243531
RBMX2P4,ENSG00000230879
NPM1P11,ENSG00000226827
GAPDHP68,ENSG00000233876
MIR3605,ENSG00000284154
RN7SKP16,ENSG00000222112
RN7SL44P,ENSG00000263841
RNU4-27P,ENSG00000222821
SNORA63C,ENSG00000201448
ASCL5,ENSG00000232237
DENND6A-DT,ENSG00000241933
LINC02816,ENSG00000225857
GTF3AP5,ENSG00000225816
TMSB4XP2,ENSG00000188765
ALLC,ENSG00000151360
KIAA1614-AS1,ENSG00000232586
RPL21P75,ENSG00000213860
STX6,ENSG00000135823
TM4SF1-AS1,ENSG00000240541
TWIST1,ENSG00000122691
EIF4HP1,ENSG00000233830
LINC00880,ENSG00000243629
GAPDHP48,ENSG00000232718
LINC02888,ENSG00000236318
AMER3,ENSG00000178171
RPS26P30,ENSG00000234839
MTA3P1,ENSG00000228937
RNU6-932P,ENSG00000212410
PTP4A1P1,ENSG00000231158
CCDC148-AS1,ENSG00000227480
HNRNPDLP2,ENSG00000234890
SORD,ENSG00000140263
RN7SL393P,ENSG00000243723
RPL7AP22,ENSG00000227331
PSMC1P2,ENSG00000213781
RPL36AP11,ENSG00000237003
PER2,ENSG00000132326
CXCL14,ENSG00000145824
TMEM269,ENSG00000274386
ABCA13,ENSG00000179869
LINC02029,ENSG00000241544
GORAB,ENSG00000120370
BTK,ENSG00000010671
SERINC5,ENSG00000164300
C9orf85,ENSG00000155621
MIR3115,ENSG00000263793
RNU6-514P,ENSG00000206935
RNU6-135P,ENSG00000252578
LCE1B,ENSG00000196734
ENTPD3-AS1,ENSG00000280739
LCE1A,ENSG00000186844
LCE6A,ENSG00000235942
SMCP,ENSG00000163206
PAXX,ENSG00000310560
IVL,ENSG00000163207
SPRR4,ENSG00000184148
SPRR3,ENSG00000163209
SPRR1B,ENSG00000169469
SPRR2D,ENSG00000163216
SLC7A14-AS1,ENSG00000285051
SPRR2A,ENSG00000241794
SPRR2B,ENSG00000196805
SPRR2E,ENSG00000203785
SPRR2F,ENSG00000244094
CAAP1,ENSG00000120159
CLDND1-AS1,ENSG00000248839
SPRR2G,ENSG00000159516
CFAP20DC-AS1,ENSG00000242428
RNA5SP60,ENSG00000222552
NEPRO-AS1,ENSG00000240057
RNU6-234P,ENSG00000202099
DCDC2C,ENSG00000214866
DUSP1,ENSG00000120129
NPM1P48,ENSG00000231821
RNU6-649P,ENSG00000207192
SOX11,ENSG00000176887
SMIM27,ENSG00000235453
LINC02044,ENSG00000243795
MYOM3-AS1,ENSG00000230703
G3BP1P1,ENSG00000235651
LRP1-AS,ENSG00000259125
MIR1228,ENSG00000221365
NXPH4,ENSG00000182379
AKAP13,ENSG00000170776
FAM151B,ENSG00000152380
TMEM215,ENSG00000188133
LPP-AS1,ENSG00000224563
ELF3,ENSG00000163435
NRP2,ENSG00000118257
TRUB2,ENSG00000167112
HOXC13-AS,ENSG00000249641
HOXC-AS3,ENSG00000251151
HOXC-AS1,ENSG00000250451
C5orf15,ENSG00000113583
PEX5L-AS2,ENSG00000244302
FLJ12825,ENSG00000249388
MRPS30,ENSG00000112996
LINC02021,ENSG00000249846
LEAP2,ENSG00000164406
EIF3E,ENSG00000104408
FAM242C,ENSG00000250432
SLC34A1,ENSG00000131183
LINC02381,ENSG00000250742
CISTR,ENSG00000260492
ABRAXAS2,ENSG00000165660
CRIP1P3,ENSG00000227109
MIR1295A,ENSG00000221390
MIR1295B,ENSG00000283598
SMU1P1,ENSG00000237842
KRT8P45,ENSG00000224520
ETV3,ENSG00000117036
ATP11B-DT,ENSG00000240063
ZBTB32,ENSG00000011590
CYCSP52,ENSG00000235700
NUCKS1P1,ENSG00000232864
BTF3P9,ENSG00000224834
RNA5SP42,ENSG00000201148
MSRB2,ENSG00000148450
C1orf94,ENSG00000142698
PDCD6,ENSG00000249915
RN7SKP289,ENSG00000253053
OSBPL10-AS1,ENSG00000232490
HOTAIR,ENSG00000228630
GRPEL1,ENSG00000109519
EEF1A1P27,ENSG00000179460
ZNF823,ENSG00000197933
RRBP1P1,ENSG00000223970
MRPL1,ENSG00000169288
SEC16A,ENSG00000148396
NPSR1,ENSG00000187258
CSMD2,ENSG00000121904
AKR1C4,ENSG00000198610
ZNF835,ENSG00000127903
PNMA8A,ENSG00000182013
LINC02409,ENSG00000257920
MEF2B,ENSG00000213999
XXYLT1-AS2,ENSG00000230266
GARIN6,ENSG00000180219
LINC02989,ENSG00000255400
PTPN23-DT,ENSG00000260236
PLEKHA8P1,ENSG00000293316
RNU7-49P,ENSG00000251991
MORF4L1P3,ENSG00000255040
LINC01997,ENSG00000241383
MIR1293,ENSG00000221604
RNU6-1093P,ENSG00000212496
FAM186A,ENSG00000185958
KDM4F,ENSG00000255855
RNF180,ENSG00000164197
MRGPRG-AS1,ENSG00000236301
RCHY1,ENSG00000163743
SMIM41,ENSG00000284791
MIP,ENSG00000135517
LINC02537,ENSG00000283215
SPRYD4,ENSG00000176422
HSPD1P4,ENSG00000257576
LINC00222,ENSG00000203801
LYL1,ENSG00000104903
PCSK2,ENSG00000125851
PYGO2,ENSG00000163348
INMT,ENSG00000241644
FBXO33,ENSG00000165355
CCDC39-AS1,ENSG00000243187
BCL6-AS1,ENSG00000285938
SCAF1,ENSG00000126461
UGT3A1,ENSG00000145626
LINC01176,ENSG00000281404
PYGO2-AS1,ENSG00000271380
RPS29,ENSG00000213741
MIR4258,ENSG00000264349
ROBO2P1,ENSG00000229478
DCST2,ENSG00000163354
LINC03129,ENSG00000236529
VN1R33P,ENSG00000227426
CELF2,ENSG00000048740
RPL31P35,ENSG00000232612
HAUS6P1,ENSG00000227344
ELMO1-AS1,ENSG00000224101
POM121L12,ENSG00000221900
GNL2P1,ENSG00000223893
HMGN1P19,ENSG00000224519
LINC02821,ENSG00000257139
MIR3913-1,ENSG00000264405
MIR3913-2,ENSG00000283677
LRRC10,ENSG00000198812
LINC01266,ENSG00000224957
ARAFP2,ENSG00000224368
TRIL,ENSG00000255690
NACAD,ENSG00000136274
SEC61B,ENSG00000106803
MYRFL,ENSG00000166268
DCST1,ENSG00000163357
GTF2IP9,ENSG00000251451
ZNF713,ENSG00000178665
GRHPR,ENSG00000137106
NRP2-AS1,ENSG00000225216
ZNF136,ENSG00000196646
CDC42BPB,ENSG00000198752
RAD21L1,ENSG00000244588
ZCCHC2,ENSG00000141664
IL7R,ENSG00000168685
RPS17P13,ENSG00000224706
ELK1P1,ENSG00000234359
SLC25A5P5,ENSG00000226421
LINC01208,ENSG00000223715
RNF138P2,ENSG00000271194
ZNF473,ENSG00000142528
SLC25A1P2,ENSG00000234467
POC1B-AS1,ENSG00000270344
PARD3B,ENSG00000116117
RPL7P31,ENSG00000235379
ZNF804B,ENSG00000182348
FURIN,ENSG00000140564
MTATP6P21,ENSG00000226392
MTCO1P57,ENSG00000232975
LINC00887,ENSG00000214145
RPL6P31,ENSG00000223945
RNU7-120P,ENSG00000238302
MRPS6P4,ENSG00000257820
CTPS2,ENSG00000047230
KPNA2P2,ENSG00000228928
SEPTIN14P1,ENSG00000231523
SEPTIN14P24,ENSG00000231299
ZNF90P3,ENSG00000233782
RNVU1-6,ENSG00000201558
RNU6-1071P,ENSG00000201789
NUDT4P2,ENSG00000271121
MIR7107,ENSG00000284402
COX6A1P7,ENSG00000227979
TEX46,ENSG00000227868
CCDC62,ENSG00000130783
ADISSP,ENSG00000101220
BSNDP4,ENSG00000229627
ARF1P1,ENSG00000219807
RNU6-723P,ENSG00000206700
RNU4-61P,ENSG00000223175
RPL21P25,ENSG00000232514
IL5,ENSG00000113525
AGBL4,ENSG00000186094
IL4I1,ENSG00000104951
HPAT5,ENSG00000280707
NCAPD2P1,ENSG00000230356
EIF4A1P13,ENSG00000225701
DDX43P2,ENSG00000270763
AGBL4-AS1,ENSG00000230114
FAM210A,ENSG00000177150
SLC66A2P1,ENSG00000231763
AGBL4-IT1,ENSG00000225623
SDHAF3,ENSG00000196636
ZNF859P,ENSG00000215887
LINC02048,ENSG00000228271
MTND2P29,ENSG00000233595
C1orf185,ENSG00000204006
SAPCD2P4,ENSG00000234312
LINC01988,ENSG00000283036
RPL7P30,ENSG00000227982
ROR1,ENSG00000185483
CICP8,ENSG00000225371
LINC02037,ENSG00000238097
RAC1P9,ENSG00000271306
TEX22,ENSG00000226174
SOCS5P1,ENSG00000236610
HMGB3P21,ENSG00000224551
DDX43P3,ENSG00000230196
EEF1A1P28,ENSG00000237709
CFL1P3,ENSG00000228056
PFN1P1,ENSG00000233328
XNDC1CP,ENSG00000289718
TEX47,ENSG00000164645
RPL4P3,ENSG00000230364
TRPC2,ENSG00000182048
RNA5SP529,ENSG00000276442
RNVU1-15,ENSG00000207205
PFN1P6,ENSG00000227212
RPL7AP40,ENSG00000224475
RDH11,ENSG00000072042
PITPNM2-AS1,ENSG00000251497
RNVU1-28,ENSG00000277918
LINC00997,ENSG00000281332
SNRPCP9,ENSG00000231812
CFAP74,ENSG00000142609
CRK,ENSG00000167193
ARAFP3,ENSG00000227298
HAUS6P3,ENSG00000235454
VPS51P2,ENSG00000232097
AP1S2P1,ENSG00000226046
HAND1,ENSG00000113196
LMAN1,ENSG00000074695
NOTCH1,ENSG00000148400
RPL21P74,ENSG00000237551
VSTM2A-OT1,ENSG00000224223
ERBB4,ENSG00000178568
RYKP1,ENSG00000263219
HINT1P2,ENSG00000271159
TRIM52,ENSG00000183718
RPL34P31,ENSG00000239223
HGF,ENSG00000019991
STIM1-AS1,ENSG00000228661
MFSD1P1,ENSG00000261868
RPS16P8,ENSG00000213664
LINC02024,ENSG00000241213
SYPL1P2,ENSG00000265683
ARL10,ENSG00000175414
NOTCH2NLC,ENSG00000286219
MIR4424,ENSG00000266417
SLC23A1,ENSG00000170482
RALGPS2-AS1,ENSG00000273062
RASEF,ENSG00000165105
PTPN2P1,ENSG00000228196
MANEA-DT,ENSG00000261366
LINC01010,ENSG00000236700
LRRC2-AS1,ENSG00000268324
MAST3,ENSG00000099308
RBMS3-AS3,ENSG00000235904
KCNH7,ENSG00000184611
EIF4G3,ENSG00000075151
OTUD6B,ENSG00000155100
LINC02020,ENSG00000234548
FRAS1,ENSG00000138759
CAMKMT,ENSG00000143919
hsa-mir-423,ENSG00000266919
COX4I2,ENSG00000131055
TLK2P1,ENSG00000226049
SLC14A1,ENSG00000141469
SYNJ2BP,ENSG00000213463
LINC02531,ENSG00000220908
SARDH,ENSG00000123453
MTG2,ENSG00000101181
SIX3,ENSG00000138083
LINC01277,ENSG00000229017
GSTZ1,ENSG00000100577
PLCL1,ENSG00000115896
RPS20,ENSG00000008988
SCAT2,ENSG00000257596
LNCPOIR,ENSG00000232395
LINC02520,ENSG00000204110
LINC02924,ENSG00000232874
GPR39,ENSG00000183840
GPR84-AS1,ENSG00000258086
BPI,ENSG00000101425
LINC02518,ENSG00000232316
RN7SKP103,ENSG00000200718
CDKN2AIPNLP2,ENSG00000145835
CGREF1,ENSG00000138028
LINC02031,ENSG00000238837
CNTN4-AS2,ENSG00000227588
MORC1-AS1,ENSG00000239314
ZBTB20-AS1,ENSG00000241560
SFRP1,ENSG00000104332
ATXN1-AS1,ENSG00000229931
PNOC,ENSG00000168081
PTBP1,ENSG00000011304
RPSAP51,ENSG00000244131
LINC02972,ENSG00000249790
CACYBPP3,ENSG00000219188
TMEM181,ENSG00000146433
POLR2K,ENSG00000147669
OR9K2,ENSG00000170605
DYNLL1P7,ENSG00000230614
LMAN2,ENSG00000169223
PEG10,ENSG00000242265
PARD6B,ENSG00000124171
SULT6B2P,ENSG00000283582
SLA2,ENSG00000101082
RNU1-149P,ENSG00000212172
IGF2,ENSG00000167244
SEC61A2,ENSG00000065665
CEP135,ENSG00000174799
RPS3AP29,ENSG00000237818
MIR200CHG,ENSG00000257084
RARB-AS1,ENSG00000304500
C9,ENSG00000113600
SYNPR-AS1,ENSG00000241359
DBX2-AS1,ENSG00000257319
LUARIS,ENSG00000231638
LINC01393,ENSG00000225535
RACGAP1P1,ENSG00000257331
SSBL3P,ENSG00000257572
RNA5SP361,ENSG00000199556
FUT10,ENSG00000172728
XRN2,ENSG00000088930
RPS3AP25,ENSG00000232385
MGA,ENSG00000174197
DDX12P,ENSG00000214826
SCUBE1,ENSG00000159307
GTF3AP6,ENSG00000229982
LINC01205,ENSG00000228980
CBX3P9,ENSG00000217241
KRT18P22,ENSG00000218153
CALHM6-AS1,ENSG00000244158
LINC03012,ENSG00000226770
RN7SL748P,ENSG00000239964
C8orf34,ENSG00000165084
ATP5PBP2,ENSG00000214342
MIR3925,ENSG00000263894
SGO1P2,ENSG00000234304
ZNF716,ENSG00000182111
EIF3IP1,ENSG00000237064
AGBL3,ENSG00000146856
LINC02043,ENSG00000232233
PPP1R1AP1,ENSG00000255255
RNA5SP344,ENSG00000223013
DNAJC22,ENSG00000178401
THRB-AS2,ENSG00000289130
LINC02761,ENSG00000255362
GVQW3,ENSG00000179240
SLC9B1,ENSG00000164037
THRB-AS1,ENSG00000228791
TSPAN11,ENSG00000110900
TRAPPC6B,ENSG00000182400
H3C1,ENSG00000275714
RMDN2-AS1,ENSG00000235848
BRPF3-AS1,ENSG00000246982
EMSY-DT,ENSG00000255135
HDHD2,ENSG00000167220
SNX2P2,ENSG00000236460
RPS10P14,ENSG00000213744
RSL24D1P3,ENSG00000231556
MTND1P3,ENSG00000239648
RNU6-951P,ENSG00000199603
RPL13AP16,ENSG00000226624
GAPDHP25,ENSG00000213594
RACK1P2,ENSG00000270677
GRPEL2P3,ENSG00000230682
NUDT5,ENSG00000165609
RNU6-577P,ENSG00000252756
DOCK4-AS1,ENSG00000225572
ASS1P11,ENSG00000225308
VWA3B,ENSG00000168658
LINS1,ENSG00000140471
LINC02903,ENSG00000205174
MIPEPP1,ENSG00000225358
TSKU-AS1,ENSG00000255100
ANKRD7,ENSG00000106013
NCAPH2,ENSG00000025770
ETV7-AS1,ENSG00000224666
LNCROPM,ENSG00000256789
MAX,ENSG00000125952
PXT1,ENSG00000179165
ELP3,ENSG00000134014
NAALADL2-AS3,ENSG00000230292
HTR4,ENSG00000164270
MYL6P4,ENSG00000240677
TNS2,ENSG00000111077
LINC02035,ENSG00000273033
RPL3P8,ENSG00000232199
RN7SL502P,ENSG00000240733
NAT16,ENSG00000167011
CBLIF,ENSG00000134812
ADGRB3-DT,ENSG00000230910
LINC02030,ENSG00000240708
KCND2,ENSG00000184408
TCN1,ENSG00000134827
IMMP2L,ENSG00000184903
NPM1P37,ENSG00000219085
GAPDHP42,ENSG00000219881
OOSP3,ENSG00000285231
SRD5A3P1,ENSG00000270929
RFX7,ENSG00000181827
DLX5,ENSG00000105880
LINC01986,ENSG00000223587
SYT15,ENSG00000204176
LINC02050,ENSG00000242781
RAC1P6,ENSG00000226962
COX6A1P6,ENSG00000225583
LINC00870,ENSG00000243083
FMC1-LUC7L2,ENSG00000269955
EEF1B2P5,ENSG00000225121
PTP4A1,ENSG00000112245
DCAF16,ENSG00000163257
PRSS37,ENSG00000165076
RPL7AP34,ENSG00000213312
CYTL1,ENSG00000170891
RPUSD2,ENSG00000166133
RPL9P18,ENSG00000213309
NPY4R,ENSG00000204174
SCAT8,ENSG00000236345
GCNT1P4,ENSG00000219653
PNISR-AS1,ENSG00000228506
ACADSB,ENSG00000196177
RPL7AP42,ENSG00000234358
MRPS18C,ENSG00000163319
LINC02705,ENSG00000254952
PRELID3BP10,ENSG00000236105
ARID3B,ENSG00000179361
GHR,ENSG00000112964
FADS2B,ENSG00000274150
MTCO3P41,ENSG00000237466
DLX6,ENSG00000006377
ATP5F1BP1,ENSG00000231635
RPL34P8,ENSG00000237583
CENPNP2,ENSG00000228615
MIR4771-2,ENSG00000266063
SELENOH,ENSG00000211450
ASXL2,ENSG00000143970
ERHP1,ENSG00000254270
OXA1L,ENSG00000155463
HULC,ENSG00000285219
RPL31P36,ENSG00000224545
PPP1R2P6,ENSG00000241661
ZNF619P1,ENSG00000224547
RPL21P76,ENSG00000228030
GRM7-AS3,ENSG00000226258
CCZ1P1,ENSG00000243554
SKP1P1,ENSG00000231234
PAICSP6,ENSG00000241136
RCC2P3,ENSG00000233951
BUB1B,ENSG00000156970
EEF1B2P6,ENSG00000213261
RPL17P27,ENSG00000243099
MTND4P3,ENSG00000225959
CLEC2L,ENSG00000236279
NEAT1,ENSG00000245532
MYL12A,ENSG00000101608
CPXM2,ENSG00000121898
LINC02015,ENSG00000231574
CYP2U1,ENSG00000155016
MALAT1,ENSG00000251562
UQCRFS1P2,ENSG00000223721
TAS2R3,ENSG00000127362
SMIM39,ENSG00000284479
EFCAB10-AS1,ENSG00000272604
EEF1A1P10,ENSG00000243746
PSMC1P3,ENSG00000231244
LINC00879,ENSG00000239589
RABGEF1P2,ENSG00000230189
DBIL5P2,ENSG00000242412
FUNDC2P2,ENSG00000182814
BRI3,ENSG00000164713
HNRNPA1P57,ENSG00000237442
RPL38P2,ENSG00000237077
FAT1,ENSG00000083857
PAFAH1B1P2,ENSG00000223973
ATP5F1AP2,ENSG00000227682
RPS4XP5,ENSG00000229920
GPAA1P2,ENSG00000230596
CSNK2A1,ENSG00000101266
MYADML,ENSG00000239649
YBX1P2,ENSG00000231167
PRORSD1P,ENSG00000162997
AKR1B15,ENSG00000227471
AHSA2P,ENSG00000173209
TUBA4B,ENSG00000243910
KCNQ1OT1,ENSG00000269821
FAM95A,ENSG00000289811
BUB3P1,ENSG00000227968
UBE2D1,ENSG00000072401
TRPC6P8,ENSG00000236503
TAS2R6P,ENSG00000270923
NDUFB9P2,ENSG00000236281
PTMAP10,ENSG00000213237
RNU2-39P,ENSG00000222536
ZP3P2,ENSG00000226066
NOTO,ENSG00000214513
TAS2R5,ENSG00000127366
BMPR1AP2,ENSG00000232460
SORL1-AS1,ENSG00000246790
FBXO41,ENSG00000163013
TMEM229A,ENSG00000234224
HMGN1P18,ENSG00000234927
GRM7-AS1,ENSG00000236202
LINC02953,ENSG00000255980
NYNRIN,ENSG00000205978
LINC02952,ENSG00000255606
MTCO1P55,ENSG00000241926
IMPDH1P3,ENSG00000214815
RPL7P59,ENSG00000225918
POLR2DP2,ENSG00000244565
LINC01488,ENSG00000285094
MTND2P5,ENSG00000224354
EI24P4,ENSG00000236343
LINC02747,ENSG00000255774
STAG2,ENSG00000101972
DAD1,ENSG00000129562
STOX1,ENSG00000165730
SFRP2,ENSG00000145423
RPL21P73,ENSG00000234658
FXYD6-AS1,ENSG00000254528
EIF4EP4,ENSG00000232968
DPY19L4P2,ENSG00000231839
FMC1,ENSG00000164898
SRD5A3,ENSG00000128039
MIR3129,ENSG00000264725
B3GNT7,ENSG00000156966
ZFP91-CNTF,ENSG00000255073
NDUFB10P2,ENSG00000261624
ATG2B,ENSG00000066739
RPS3AP28,ENSG00000234995
COPG2,ENSG00000158623
CNTF,ENSG00000242689
NAA15,ENSG00000164134
E2F3P2,ENSG00000203435
LINC01985,ENSG00000227260
TUFMP1,ENSG00000265646
SRSF6P2,ENSG00000235554
GLYAT,ENSG00000149124
AOC3,ENSG00000131471
ARHGAP19,ENSG00000213390
RN7SL820P,ENSG00000276200
CBX3P6,ENSG00000228837
BHLHE40-AS1,ENSG00000235831
BCL2L11,ENSG00000153094
PRDM13,ENSG00000112238
TPD52,ENSG00000076554
THBS2-AS1,ENSG00000226445
CNTD1,ENSG00000176563
LINC02519,ENSG00000226194
GLYATL1-AS1,ENSG00000255240
VN1R71P,ENSG00000264837
LINC00971,ENSG00000242641
C6orf120,ENSG00000185127
SMCR2,ENSG00000223979
CIMIP3,ENSG00000287363
LUC7L3,ENSG00000108848
KHDC1-AS1,ENSG00000229852
OOEP-AS1,ENSG00000231332
EEF1A1-AS1,ENSG00000229862
IGKV3OR2-268,ENSG00000233999
CYTOR,ENSG00000222041
SMIM28,ENSG00000262543
MARCKSL1P2,ENSG00000215878
TCHHL1,ENSG00000182898
NHSL1,ENSG00000135540
RPTN,ENSG00000215853
HRNR,ENSG00000197915
CTB-30L5.1,ENSG00000267052
RNVU1-14,ENSG00000207501
RN7SL165P,ENSG00000241188
SFN,ENSG00000175793
COL28A1,ENSG00000215018
NR0B2,ENSG00000131910
OTX2,ENSG00000165588
RPL12P13,ENSG00000172746
OSTCP2,ENSG00000225294
TENT5B,ENSG00000158246
NPHP3-AS1,ENSG00000248724
AFG3L2,ENSG00000141385
CATSPER4,ENSG00000188782
MIR3145,ENSG00000266555
NCAL1,ENSG00000284879
NHSL1-AS1,ENSG00000225177
PAFAH1B1P1,ENSG00000214354
CCDC28A-AS1,ENSG00000279968
MIR4435-1,ENSG00000265507
RPS14P5,ENSG00000225933
ANAPC1P4,ENSG00000234231
ATP6V1G1,ENSG00000136888
MTATP8P2,ENSG00000229604
LINC02478,ENSG00000285373
OLFML2A,ENSG00000185585
MIR4785,ENSG00000283734
CLSTN2-AS1,ENSG00000250433
TSTD3,ENSG00000279170
EMC4,ENSG00000128463
SCD,ENSG00000099194
GLYATL1B,ENSG00000255151
LIN28A,ENSG00000131914
PTPRG-AS1,ENSG00000241472
FAM111A-DT,ENSG00000245571
RPL17P9,ENSG00000223583
PPP1R15B,ENSG00000158615
PIP5K1P2,ENSG00000229435
MIR4656,ENSG00000264474
MIR3683,ENSG00000266287
RNU6-534P,ENSG00000201747
RN7SKP228,ENSG00000222974
RNU1-15P,ENSG00000195024
MIR5001,ENSG00000284407
MIR1183,ENSG00000221783
RN7SL542P,ENSG00000243633
DMRTB1,ENSG00000143006
SNORD65C,ENSG00000212264
MIR550A1,ENSG00000207771
MIR550B1,ENSG00000283237
RNU6-438P,ENSG00000202431
RPL30P3,ENSG00000223640
MIR550A2,ENSG00000207573
MIR550B2,ENSG00000283461
RN7SL132P,ENSG00000242653
MIR1200,ENSG00000221325
DCTN1-AS1,ENSG00000237737
RNU6-565P,ENSG00000222869
MIR3943,ENSG00000264069
RNU7-35P,ENSG00000252983
RNU6-575P,ENSG00000223258
SNORA5A,ENSG00000206838
SNORA5C,ENSG00000201772
SNORA5B,ENSG00000200656
SNORA9,ENSG00000277184
RN7SKP218,ENSG00000222154
RN7SL292P,ENSG00000242650
RNU2-29P,ENSG00000222355
RNU1-14P,ENSG00000199629
SAA3P,ENSG00000290741
SLC4A9,ENSG00000113073
SNORA22B,ENSG00000206603
RNU6-1125P,ENSG00000200471
LCN10,ENSG00000187922
RNU6-1052P,ENSG00000223330
RNU7-95P,ENSG00000239007
RNU6-1335P,ENSG00000202296
RNU6-417P,ENSG00000207443
SNORA22,ENSG00000206634
SNORA15B-2,ENSG00000206785
RNU6-912P,ENSG00000200670
RNA5SP231,ENSG00000222428
RNU6-973P,ENSG00000201560
RNU6-313P,ENSG00000252126
RNA5SP234,ENSG00000200786
RNU6-849P,ENSG00000206818
RGS7,ENSG00000182901
BIRC6-AS1,ENSG00000230046
SYNGAP1-AS1,ENSG00000274259
RNU6-10P,ENSG00000206763
RN7SKP129,ENSG00000222220
RNU4-16P,ENSG00000201607
RNU6-956P,ENSG00000239030
RN7SKP104,ENSG00000199475
LINC01946,ENSG00000223647
MIR5692A1,ENSG00000266318
MIR5692C2,ENSG00000266668
RNU6-532P,ENSG00000207045
RNU6-364P,ENSG00000207115
RN7SL478P,ENSG00000277946
COLCA1,ENSG00000196167
IER3-AS1,ENSG00000272273
RNU7-188P,ENSG00000252872
MIR591,ENSG00000208025
GSTO2,ENSG00000065621
RN7SL252P,ENSG00000244318
RNA5SP236,ENSG00000251978
SNORA25B,ENSG00000202377
RNU6-581P,ENSG00000252023
RN7SKP277,ENSG00000252704
RNA5SP241,ENSG00000212628
MTA1,ENSG00000182979
MIR4653,ENSG00000264425
UNC80,ENSG00000144406
RNA5SP237,ENSG00000222346
RNU1-29P,ENSG00000271739
RNA5SP240,ENSG00000202225
MIR3654,ENSG00000284135
RNU6-797P,ENSG00000199971
RN7SKP223,ENSG00000222514
PRDM10-DT,ENSG00000233220
MIR4468,ENSG00000284028
RNU6-911P,ENSG00000252332
LINC00243,ENSG00000214894
RNU1-58P,ENSG00000199283
RNU4-74P,ENSG00000223212
RNA5SP247,ENSG00000223113
RNA5SP248,ENSG00000202472
RN7SKP174,ENSG00000200673
ART2BP,ENSG00000237408
MPLKIP,ENSG00000168303
PPIB,ENSG00000166794
ART2P,ENSG00000238048
THUMPD3P1,ENSG00000248711
SUGCT-AS1,ENSG00000203446
URM1,ENSG00000167118
B4GALNT2P1,ENSG00000248883
LINC01537,ENSG00000227467
AOC2,ENSG00000131480
PPP1R3A,ENSG00000154415
INA,ENSG00000148798
B3GALNT2P1,ENSG00000218725
TMEM244,ENSG00000203756
RPS2P48,ENSG00000233380
RPL5P33,ENSG00000243521
COA3,ENSG00000183978
PDZD7,ENSG00000186862
MINAR1,ENSG00000169330
RPL36P13,ENSG00000236580
PDE2A,ENSG00000186642
RNA5SP238,ENSG00000202334
MIR3666,ENSG00000272230
KIF2B,ENSG00000141200
BLACE,ENSG00000204960
KCNK16,ENSG00000095981
EN2,ENSG00000164778
NME1-NME2,ENSG00000011052
SENP8,ENSG00000166192
RWDD4P2,ENSG00000175741
RN7SL496P,ENSG00000242855
LINC01450,ENSG00000232458
TAS2R38,ENSG00000257138
EFR3A,ENSG00000132294
RNU6-102P,ENSG00000207214
GPR37,ENSG00000170775
RIC1,ENSG00000107036
LINC03043,ENSG00000275356
ATP13A4-AS1,ENSG00000225473
FDPSP7,ENSG00000231087
CNR2,ENSG00000188822
DTX2P1,ENSG00000186704
PIGBOS1,ENSG00000225973
UPK3BP1,ENSG00000242435
ZCCHC8,ENSG00000033030
BTBD6P1,ENSG00000229106
PMS2P11,ENSG00000241350
MIR378F,ENSG00000264926
CYP4F22,ENSG00000171954
RPL36P5,ENSG00000215905
PMS2P9,ENSG00000233448
RBAK-RBAKDN,ENSG00000272968
LINC01192,ENSG00000241369
SCG3,ENSG00000104112
GRHL3,ENSG00000158055
HMGB2,ENSG00000164104
CCDC186,ENSG00000165813
MIR25,ENSG00000207547
MIR93,ENSG00000207757
MIR106B,ENSG00000208036
RPL7P60,ENSG00000214142
PRELID3BP3,ENSG00000264907
KIF6,ENSG00000164627
MIR4658,ENSG00000284518
PVRIG2P,ENSG00000235333
LINC02071,ENSG00000249383
MIR6840,ENSG00000284012
SPACDR,ENSG00000185955
RNU6-393P,ENSG00000207204
MIR3609,ENSG00000266019
RNF14P3,ENSG00000238109
ARL2BPP8,ENSG00000263125
MIR1285-1,ENSG00000221520
TUBB3P2,ENSG00000230101
RPL7P48,ENSG00000187504
SPMIP7,ENSG00000164500
KCTD2,ENSG00000180901
TAS2R4,ENSG00000127364
ZNF92,ENSG00000146757
LIN37,ENSG00000267796
GAS2L3,ENSG00000139354
WDR86,ENSG00000187260
POLR3A,ENSG00000148606
PDLIM1P3,ENSG00000264172
ISCA1P3,ENSG00000261965
CBX8,ENSG00000141570
ANKRD39P1,ENSG00000218986
E2F4P1,ENSG00000231276
RNU1-54P,ENSG00000252990
CD70,ENSG00000125726
RN7SKP211,ENSG00000200198
RN7SL47P,ENSG00000244710
RNU6-344P,ENSG00000252444
RPL21P67,ENSG00000219776
RNU4-18P,ENSG00000252560
RN7SKP187,ENSG00000202406
MTND5P8,ENSG00000230999
MTND6P24,ENSG00000232922
TNFSF14,ENSG00000125735
IFRD1,ENSG00000006652
LINC02901,ENSG00000203711
LINC02594,ENSG00000267440
PCTP,ENSG00000141179
PSMA4,ENSG00000041357
VPS37B,ENSG00000139722
ZNF416,ENSG00000083817
SCARB2,ENSG00000138760
TMPO,ENSG00000120802
APOC4,ENSG00000267467
IGKV2D-40,ENSG00000251039
IL36B,ENSG00000136696
RFPL4A,ENSG00000223638
ELAVL3,ENSG00000196361
SPTBN1-AS1,ENSG00000228108
ACYP2,ENSG00000170634
DNM3,ENSG00000197959
RNU6-293P,ENSG00000223191
CASC17,ENSG00000260785
TAGAP-AS1,ENSG00000271913
SRGAP3-AS1,ENSG00000224808
RNU6-468P,ENSG00000206730
RNU6-990P,ENSG00000201255
MIR4522,ENSG00000263583
RNU6-1267P,ENSG00000222679
MIR423,ENSG00000283935
RNU6-287P,ENSG00000252039
MIR6781,ENSG00000278447
MIR3184,ENSG00000284399
MIR8059,ENSG00000278672
MIR6129,ENSG00000273500
DLX2,ENSG00000115844
RNU6-928P,ENSG00000252685
RNA5SP445,ENSG00000251698
MIR634,ENSG00000207943
RN7SKP14,ENSG00000251809
RNU7-155P,ENSG00000238759
PTGES3L-AARSD1,ENSG00000108825
DLX2-DT,ENSG00000236651
ELF2P4,ENSG00000225406
MARCHF4-AS1,ENSG00000233581
TMEM86B,ENSG00000180089
MREG,ENSG00000118242
HAPLN4,ENSG00000187664
LIMD1-AS1,ENSG00000230530
CEP55,ENSG00000138180
FNDC1-AS1,ENSG00000233682
POLHP1,ENSG00000232970
MARCHF4,ENSG00000144583
LYPLA1P3,ENSG00000218350
RNU6-411P,ENSG00000207180
ZNF829,ENSG00000185869
LINC00472,ENSG00000233237
DNAJC9,ENSG00000213551
NPM1P14,ENSG00000182965
IQCA1L,ENSG00000278685
ZNF580,ENSG00000213015
LINC00620,ENSG00000224514
BNC2,ENSG00000173068
ZNF22,ENSG00000165512
PIK3C2G,ENSG00000139144
DDX3ILA1,ENSG00000232756
SCN1A,ENSG00000144285
UFC1P1,ENSG00000226230
MAGI2-AS1,ENSG00000251276
MAGI2-AS2,ENSG00000226978
CEACAM8,ENSG00000124469
RNU6-337P,ENSG00000212545
RPP30,ENSG00000148688
RNU6-530P,ENSG00000212482
NUP35P2,ENSG00000226285
PIK3CA-DT,ENSG00000229102
TRPC6P10,ENSG00000226874
ARHGEF3-AS1,ENSG00000240198
TMX1P1,ENSG00000236015
RNU6-719P,ENSG00000252480
CICP22,ENSG00000226220
SSBP3P1,ENSG00000233225
MIR653,ENSG00000208014
KLK7,ENSG00000169035
MIR489,ENSG00000207656
POU6F2,ENSG00000106536
OGFRL1,ENSG00000119900
MIR30C2,ENSG00000199094
MIR30A,ENSG00000207827
LINC01626,ENSG00000223765
NGRNP2,ENSG00000219575
KRT19P1,ENSG00000218014
TFB2MP1,ENSG00000220685
PPP1R3G,ENSG00000219607
MIR3691,ENSG00000265083
LINC01012,ENSG00000281706
SAPCD2P3,ENSG00000232491
RPL35P5,ENSG00000225573
SNORA38B,ENSG00000200394
RPSAP67,ENSG00000266858
RNU6-1254P,ENSG00000212568
RPL31P38,ENSG00000179131
DLG1-AS1,ENSG00000227375
DMAC1,ENSG00000137038
RPL17P41,ENSG00000213179
GIMAP2,ENSG00000106560
RN7SL622P,ENSG00000265052
FBXO36P1,ENSG00000266117
ABL1,ENSG00000097007
SH3GL1P3,ENSG00000267352
GIMAP1-GIMAP5,ENSG00000281887
GIMAP3P,ENSG00000177590
ARHGAP27P2,ENSG00000267472
BET1P1,ENSG00000241134
MIR635,ENSG00000207561
NSD2,ENSG00000109685
NDUFB4P3,ENSG00000231096
RN7SL449P,ENSG00000242889
RNU7-134P,ENSG00000238447
CCDC182,ENSG00000166329
RN7SKP94,ENSG00000222976
RNA5SP239,ENSG00000222150
ST7-AS1,ENSG00000227199
ST7-OT4,ENSG00000214188
SRP68P2,ENSG00000227689
DNM3-IT1,ENSG00000233540
MIR214,ENSG00000283844
MIR3120,ENSG00000283152
MIR199A2,ENSG00000208024
RNU6-157P,ENSG00000206684
C1orf105,ENSG00000180999
PAIP1P2,ENSG00000174977
UBE2SP2,ENSG00000224126
TPM3P1,ENSG00000213050
FBXW10,ENSG00000171931
MIR6132,ENSG00000283923
ST7-AS2,ENSG00000226367
CA11,ENSG00000063180
RN7SKP55,ENSG00000201758
RNU6-947P,ENSG00000252073
MTND4P6,ENSG00000224042
RNU6-1089P,ENSG00000252282
RNU6-999P,ENSG00000251754
MTCYBP6,ENSG00000230605
RNU1-132P,ENSG00000201170
RN7SL771P,ENSG00000240173
KIF26B-AS1,ENSG00000232192
RNU6-85P,ENSG00000271932
DNAJC19P8,ENSG00000232793
CPA2,ENSG00000158516
WSCD2,ENSG00000075035
ABCA4,ENSG00000198691
TIMM23B,ENSG00000204152
LINC01063,ENSG00000232065
H2BC14,ENSG00000273703
CNNM1,ENSG00000119946
RN7SL627P,ENSG00000274747
SENP3-EIF4A1,ENSG00000277957
CGRRF1,ENSG00000100532
LINC02016,ENSG00000244215
ARHGAP8,ENSG00000241484
SNORA48,ENSG00000209582
LINC01215,ENSG00000271856
SNORD10,ENSG00000238917
SNORA67,ENSG00000277985
SOX15,ENSG00000129194
ARMT1,ENSG00000146476
CPA4,ENSG00000128510
WHRN,ENSG00000095397
LINC03143,ENSG00000230454
LINC02068,ENSG00000223387
MYL12B,ENSG00000118680
EFNB3,ENSG00000108947
NR2E1,ENSG00000112333
LINC02922,ENSG00000235629
PDE2A-AS2,ENSG00000256633
TTC14-DT,ENSG00000239774
KIAA1549L,ENSG00000110427
OR1D5,ENSG00000262628
OR1P1,ENSG00000262085
OR1E3,ENSG00000142163
RPS29P22,ENSG00000240873
ANGEL1,ENSG00000013523
TMEM97,ENSG00000109084
SULT2A1,ENSG00000105398
LINC02053,ENSG00000241696
KIAA1217,ENSG00000120549
WDR5B-DT,ENSG00000272758
FBXO3-DT,ENSG00000254508
MESTIT1,ENSG00000272701
MIR4723,ENSG00000284532
SP1,ENSG00000185591
CEP192,ENSG00000101639
RAB3D,ENSG00000105514
LINC02077,ENSG00000244461
BLOC1S5,ENSG00000188428
MIR22,ENSG00000283824
SDHCP5,ENSG00000108958
RNFT1P3,ENSG00000187870
LINC02721,ENSG00000255133
MEST,ENSG00000106484
COX16,ENSG00000133983
BFSP2-AS1,ENSG00000249993
HNRNPA1P19,ENSG00000218454
RNU6-365P,ENSG00000252922
OLA1P2,ENSG00000213671
SCDP1,ENSG00000226549
LINC02739,ENSG00000255008
PDE6A,ENSG00000132915
RNU6-1178P,ENSG00000252483
RNASEH1P1,ENSG00000265790
PRX,ENSG00000105227
SPECC1P2,ENSG00000244456
PRRC2C,ENSG00000117523
LINC02097,ENSG00000226101
MIR6165,ENSG00000277478
RBMS2,ENSG00000076067
MIR3162,ENSG00000264559
PATL1-DT,ENSG00000255355
FAM117A,ENSG00000121104
RN7SKP192,ENSG00000223223
OR10V1,ENSG00000172289
OR10Y1P,ENSG00000254403
DLGAP5,ENSG00000126787
OR10V3P,ENSG00000254743
OR10V2P,ENSG00000255538
FABP5P7,ENSG00000234964
PPP1R14B-AS1,ENSG00000256940
CYP2F1,ENSG00000197446
LPP-AS2,ENSG00000270959
LINC02723,ENSG00000231680
TRIM32,ENSG00000119401
UBE2E2-DT,ENSG00000233153
LINC02724,ENSG00000181908
PRDM6,ENSG00000061455
IGDCC3,ENSG00000174498
SLC22A3,ENSG00000146477
PHPT1,ENSG00000054148
TBL1XR1-AS1,ENSG00000231310
HINT3,ENSG00000111911
GSK3B-DT,ENSG00000242622
ACTG1P22,ENSG00000271615
CDK7P1,ENSG00000213194
GCLC,ENSG00000001084
TRIP13,ENSG00000071539
RN7SKP281,ENSG00000222404
SENCR,ENSG00000254703
FAM133DP,ENSG00000230562
CYTIP,ENSG00000115165
KCNJ5-AS1,ENSG00000174370
SRP14P3,ENSG00000235183
RNU6-1313P,ENSG00000199492
DLX3,ENSG00000064195
CYP4F11,ENSG00000171903
B4GAT1-DT,ENSG00000255468
NDUFAF8,ENSG00000224877
PATJ,ENSG00000132849
TMEM141,ENSG00000244187
CCDC13-AS2,ENSG00000225611
TNFRSF13B,ENSG00000240505
SGO1-AS1,ENSG00000231304
INTS10,ENSG00000104613
DPP3-DT,ENSG00000255517
NACC2,ENSG00000148411
CDC42SE2,ENSG00000158985
IUR1,ENSG00000289625
RPL23AP29,ENSG00000214024
TUBAP13,ENSG00000242575
RPRM,ENSG00000177519
LINC02038,ENSG00000229155
DNAJA1P2,ENSG00000236917
PHB1P4,ENSG00000230251
MPRIP-AS1,ENSG00000225442
HSPA5,ENSG00000044574
KLHL6-AS1,ENSG00000242522
RNU6-767P,ENSG00000206859
RN7SL775P,ENSG00000243370
TMEM41A-DT,ENSG00000286086
PLD6,ENSG00000179598
ARHGEF17-AS1,ENSG00000257038
IGSF11-AS1,ENSG00000239877
NSG2,ENSG00000170091
ACTG1P24,ENSG00000226359
MIR139,ENSG00000272036
RPL13P12,ENSG00000215030
RNU7-105P,ENSG00000251919
PDE2A-AS1,ENSG00000255808
TSEN15P1,ENSG00000230865
ARAP1-AS1,ENSG00000256007
HRG-AS1,ENSG00000197099
MED9,ENSG00000141026
ARAP1-AS2,ENSG00000245148
PXMP2,ENSG00000176894
RPS12P20,ENSG00000244134
MIR4692,ENSG00000265064
PCBP1-AS1,ENSG00000179818
RNU6-672P,ENSG00000206638
RPL15P16,ENSG00000234751
IFI35,ENSG00000068079
LINC01816,ENSG00000231327
CCNK,ENSG00000090061
FAT3,ENSG00000165323
PDZRN3-AS1,ENSG00000239677
SEPHS1P7,ENSG00000231926
ZNF474,ENSG00000164185
TMCC1-DT,ENSG00000271270
LGR5,ENSG00000139292
PLEKHG1,ENSG00000120278
NXPH3,ENSG00000182575
MALLP1,ENSG00000282785
CYB5D2,ENSG00000167740
RN7SL251P,ENSG00000244399
CTSV,ENSG00000136943
RN7SL126P,ENSG00000276281
SLCO4C1,ENSG00000173930
LINC00901,ENSG00000242385
TMEM247,ENSG00000284701
LINC01972,ENSG00000230401
LINC01819,ENSG00000231826
CRISP2,ENSG00000124490
NUDT16-DT,ENSG00000250608
RN7SL223P,ENSG00000240202
SPG11,ENSG00000104133
CEP295,ENSG00000166004
CARD6,ENSG00000132357
LINC02580,ENSG00000230587
NEK11-AS1,ENSG00000250129
AHCYP3,ENSG00000233955
PTPN21,ENSG00000070778
BHMT2,ENSG00000132840
LINC01831,ENSG00000225765
FZD3,ENSG00000104290
SAMMSON,ENSG00000240405
LINC01103,ENSG00000234781
CADM4,ENSG00000105767
RPL23AP27,ENSG00000225669
HMGB3P11,ENSG00000213301
POU3F3,ENSG00000198914
ASB18,ENSG00000182177
NUTF2P8,ENSG00000270654
RN7SL117P,ENSG00000264192
RN7SL516P,ENSG00000242699
RNU6-958P,ENSG00000252804
LINC00486,ENSG00000230876
ZSCAN22,ENSG00000182318
SCARNA9,ENSG00000254911
SNORA25,ENSG00000207112
SNORA32,ENSG00000206799
LSAMP-AS1,ENSG00000240922
SNORD6,ENSG00000202314
SNORA1,ENSG00000206834
SNORA8,ENSG00000207304
SNORD5,ENSG00000239195
SNORA18,ENSG00000207145
MIR1304,ENSG00000284458
SNORA40,ENSG00000210825
GADD45B,ENSG00000099860
CFAP100-DT,ENSG00000249833
CIROP,ENSG00000283654
DCHS1-AS1,ENSG00000255390
NDUFB9,ENSG00000147684
RN7SKP208,ENSG00000202344
C14orf119,ENSG00000179933
MIR217,ENSG00000207548
MIR216A,ENSG00000207798
MIR216B,ENSG00000211520
OR10A5,ENSG00000166363
OR2D2,ENSG00000166368
OR2D3,ENSG00000178358
RNA5SP93,ENSG00000199395
GVINP1,ENSG00000254838
GVINP2,ENSG00000254781
UBTFL1,ENSG00000255009
RNU6-508P,ENSG00000200101
RNA5SP94,ENSG00000252726
OR56B2,ENSG00000181017
INSR,ENSG00000171105
HSD17B4,ENSG00000133835
EML1,ENSG00000066629
PRSS40B,ENSG00000290610
OR52W1,ENSG00000175485
SYT9-AS1,ENSG00000251364
PRSS40A,ENSG00000290614
LINC02027,ENSG00000243694
GNMT,ENSG00000124713
CYB5D1,ENSG00000182224
LINC02631,ENSG00000237772
XPO7,ENSG00000130227
SCARNA21,ENSG00000252835
ESRG,ENSG00000265992
GUCY2D,ENSG00000132518
MIR5000,ENSG00000263909
SPATA31H1,ENSG00000221843
MADD-AS1,ENSG00000256746
MS4A2,ENSG00000149534
RNU6-105P,ENSG00000200779
ATP13A3-DT,ENSG00000233058
SMPD4BP,ENSG00000152117
HEBP2,ENSG00000051620
SRGAP3-AS2,ENSG00000228723
ALOXE3P1,ENSG00000275011
ALOX12B,ENSG00000179477
RNU6-617P,ENSG00000251956
LINC01087,ENSG00000224559
MS4A19P,ENSG00000283601
GRAMD4P8,ENSG00000270930
RSPO3,ENSG00000146374
LINC00301,ENSG00000293513
AQP5,ENSG00000161798
SPATS1,ENSG00000249481
LINC02023,ENSG00000239205
TRIM46,ENSG00000163462
MIR4314,ENSG00000264005
KDR,ENSG00000128052
HES7,ENSG00000179111
PDE1B,ENSG00000123360
MIR335,ENSG00000199043
YBX1P4,ENSG00000213188
SEPTIN7P6,ENSG00000241007
CCT8L1P,ENSG00000020219
LINC00578,ENSG00000228221
MYPOP,ENSG00000176182
RPL36AP28,ENSG00000225416
MIR6883,ENSG00000284117
MIR4521,ENSG00000283160
BORCS6,ENSG00000196544
CYP3A51P,ENSG00000282277
ODF4,ENSG00000184650
CYP3A7,ENSG00000160870
RPP40,ENSG00000124787
RNU7-43P,ENSG00000252363
PPIAP52,ENSG00000270606
FOXP1-AS1,ENSG00000244203
MFSD6L,ENSG00000185156
FOXP1-DT,ENSG00000270562
CFAP52,ENSG00000166596
CYP3A137P,ENSG00000261511
CYP3A52P,ENSG00000260524
GJC3,ENSG00000176402
VN1R21P,ENSG00000224752
CCDC86-AS1,ENSG00000256813
XPC-AS1,ENSG00000228242
CCDC86,ENSG00000110104
LINC01267,ENSG00000251576
PTGDR2,ENSG00000183134
RNA5SP124,ENSG00000199609
MIR8076,ENSG00000275670
SIDT1-AS1,ENSG00000239453
MIR4446,ENSG00000265253
TASOR2,ENSG00000108021
ZP1,ENSG00000149506
CD200LP,ENSG00000283669
FHIP1A,ENSG00000164142
UBE2E1-AS1,ENSG00000223791
ADAMTS10,ENSG00000142303
LINC02084,ENSG00000272282
RAB5IF,ENSG00000101084
PRPF19-DT,ENSG00000257052
TMEM109-DT,ENSG00000256944
LINC01981,ENSG00000229243
FGD5-AS1,ENSG00000225733
TTN,ENSG00000155657
RPL19P18,ENSG00000241654
ALDH5A1,ENSG00000112294
SPATA19,ENSG00000166118
UCMA,ENSG00000165623
NPM1P45,ENSG00000265593
RCVRN,ENSG00000109047
SH3BP5-AS1,ENSG00000224660
MUC1,ENSG00000185499
CREB3,ENSG00000107175
PRICKLE2-AS1,ENSG00000241111
IGSF9B,ENSG00000080854
MGME1,ENSG00000125871
RPS27AP1,ENSG00000242692
ADAM8,ENSG00000151651
LINC00994,ENSG00000189196
PRICKLE2-AS2,ENSG00000241101
MYH13,ENSG00000006788
PRDX3P4,ENSG00000239926
PRICKLE2-AS3,ENSG00000226017
RNU6-789P,ENSG00000252914
DNAJC8P2,ENSG00000240695
STAG1-DT,ENSG00000261758
SH3RF1,ENSG00000154447
RAN,ENSG00000132341
RAD51AP1P1,ENSG00000214283
IL20RB-AS1,ENSG00000249407
IGBP1P3,ENSG00000231552
VN1R20P,ENSG00000233121
RPS18P6,ENSG00000244048
CNTNAP2-AS1,ENSG00000236795
DUTP3,ENSG00000226857
RANP2,ENSG00000232391
KRT18P34,ENSG00000244515
MIR548F4,ENSG00000221442
MIR4697,ENSG00000284020
RPL22P1,ENSG00000213178
RNU6-1184P,ENSG00000207318
TVP23CP3,ENSG00000271682
RNA5SP249,ENSG00000251936
RN7SL456P,ENSG00000242266
RN7SL72P,ENSG00000243374
LINC02730,ENSG00000255406
TMED10P2,ENSG00000239405
GATA2-AS1,ENSG00000244300
CALM1P2,ENSG00000230564
LINC02731,ENSG00000204241
RNU6-863P,ENSG00000251798
RABGEF1P3,ENSG00000224273
PIERCE1,ENSG00000160345
SRRM3,ENSG00000177679
ARB2BP,ENSG00000175841
OTUD4,ENSG00000164164
CYCSP10,ENSG00000232901
BET1L,ENSG00000177951
MYH8,ENSG00000133020
MARK2P17,ENSG00000244065
ACTG1P1,ENSG00000178631
COPB2-DT,ENSG00000248932
TOR1B,ENSG00000136816
HSPB6,ENSG00000004776
YWHAG,ENSG00000170027
CPXM1,ENSG00000088882
GADD45GIP1,ENSG00000179271
PPIAP81,ENSG00000213548
ZP3,ENSG00000188372
HINT2,ENSG00000137133
ANKRD29,ENSG00000154065
GAPDHP36,ENSG00000213158
HRGP2,ENSG00000226724
CHEK2,ENSG00000183765
OR5H5P,ENSG00000249321
OR5H3P,ENSG00000249975
IFITM3-AS1,ENSG00000251661
OR5H7P,ENSG00000187900
IFT122P2,ENSG00000244932
H1-10-AS1,ENSG00000206417
GATD1-DT,ENSG00000255284
FDPSP2,ENSG00000233980
RPL36AP29,ENSG00000224683
SOSTDC1,ENSG00000171243
LRRC72,ENSG00000205858
MYH4,ENSG00000264424
TRIM51G,ENSG00000220948
BRD3,ENSG00000169925
ARHGAP32,ENSG00000134909
LINC02983,ENSG00000234432
MIR589,ENSG00000207973
RNF216-IT1,ENSG00000237738
BCL2L12P1,ENSG00000248530
LAMP5,ENSG00000125869
MIR6874,ENSG00000283419
SMARCD3,ENSG00000082014
RPL7P16,ENSG00000242899
RPL13AP27,ENSG00000226621
CALHM6,ENSG00000188820
UBA52P4,ENSG00000230807
PSMC1P7,ENSG00000243838
RPS24P10,ENSG00000228874
UNC93A,ENSG00000112494
DNAJB1P2,ENSG00000243483
LOLI1,ENSG00000241219
RNU6-1065P,ENSG00000207242
RPL15P21,ENSG00000244753
RN7SL601P,ENSG00000243346
SHISA6,ENSG00000188803
ENPP7P3,ENSG00000248618
RPS16P4,ENSG00000231449
POLB,ENSG00000070501
MYDGF,ENSG00000074842
STAU1,ENSG00000124214
MUC20P1,ENSG00000224769
ELP2,ENSG00000134759
FANK1,ENSG00000203780
DNAH9,ENSG00000007174
KISS1R,ENSG00000116014
SLC17A3,ENSG00000124564
RNF216,ENSG00000011275
ZNF91,ENSG00000167232
NINJ2,ENSG00000171840
FUOM,ENSG00000148803
HIF1A,ENSG00000100644
FAM98C,ENSG00000130244
NDUFB6,ENSG00000165264
SSPN,ENSG00000123096
PIGCP2,ENSG00000229626
LRRC61,ENSG00000127399
SMCO3,ENSG00000179256
SDHDP2,ENSG00000227073
ELP1,ENSG00000070061
RPL15P11,ENSG00000223718
FKBP14,ENSG00000106080
FICD,ENSG00000198855
MYO3A,ENSG00000095777
BARX2,ENSG00000043039
MIR4649,ENSG00000284412
RNA5SP230,ENSG00000252848
DNAJC30,ENSG00000176410
MIR4284,ENSG00000265724
RN7SL265P,ENSG00000241709
CLDN3,ENSG00000165215
NCKAP1L,ENSG00000123338
TMEM270,ENSG00000175877
SEC24D,ENSG00000150961
ZDHHC24,ENSG00000174165
RNU7-27P,ENSG00000238750
RNU7-54P,ENSG00000238590
EFCAB3P1,ENSG00000272601
MIR548O,ENSG00000221510
MIR5090,ENSG00000284176
ANKRD49,ENSG00000168876
MIR4467,ENSG00000284596
POLR2J2-UPK3BL1,ENSG00000267645
RASAL3,ENSG00000105122
RPL7AP39,ENSG00000213385
MIR4283-1,ENSG00000264426
TNRC18P3,ENSG00000189166
TIMM10B,ENSG00000132286
RPL36P7,ENSG00000213519
RIPK2,ENSG00000104312
SLC29A4P1,ENSG00000214668
RGS14,ENSG00000169220
PHKG1P4,ENSG00000229508
SEPTIN7P15,ENSG00000275061
GPCPD1P1,ENSG00000235095
MTATP6P8,ENSG00000283547
MTCO3P10,ENSG00000231537
MTND4LP32,ENSG00000283481
MTND4P4,ENSG00000225295
MTND5P6,ENSG00000228440
MTND6P29,ENSG00000283311
MTCYBP29,ENSG00000224880
GUSBP10,ENSG00000224723
CD3E,ENSG00000198851
MTND1P4,ENSG00000230764
GK,ENSG00000198814
MTND2P6,ENSG00000237309
MTCO1P10,ENSG00000236692
MTCO2P10,ENSG00000284291
MTATP6P10,ENSG00000283626
MTCO3P4,ENSG00000228851
MTND4P5,ENSG00000227584
MTND5P7,ENSG00000230531
MTCYBP5,ENSG00000234671
RELL2,ENSG00000164620
RNU7-157P,ENSG00000238431
MIR3147,ENSG00000266168
VN1R28P,ENSG00000227182
SAPCD2P2,ENSG00000235368
TVP23CP1,ENSG00000223584
PTP4A1P3,ENSG00000226254
FZD1,ENSG00000157240
NIPA2P1,ENSG00000225843
PTTG1IP2,ENSG00000251154
PLXNA4-AS1,ENSG00000223436
CDO1,ENSG00000129596
TRIM29,ENSG00000137699
LAPTM4B,ENSG00000104341
IGFBP6,ENSG00000167779
ZNF229,ENSG00000278318
PPP4R2P4,ENSG00000249626
LINC01448,ENSG00000238284
RPS25P5,ENSG00000243822
TCP1P1,ENSG00000229161
IMPDH1P8,ENSG00000224728
METTL15P1,ENSG00000174912
TIPARP-AS1,ENSG00000243926
FSTL4,ENSG00000053108
RNU11-2P,ENSG00000252707
ATP6V0A2,ENSG00000185344
MIR744,ENSG00000266297
ZNF112,ENSG00000062370
S100A11P1,ENSG00000237632
RPS29P16,ENSG00000235354
ARHGAP44-AS1,ENSG00000265489
RN7SKP86,ENSG00000222386
MIR590,ENSG00000207741
MIR1269B,ENSG00000265503
HNRNPA1P9,ENSG00000231956
HS3ST3A1,ENSG00000153976
PURB,ENSG00000146676
MIR548H3,ENSG00000221698
MIR4657,ENSG00000284261
MIR6837,ENSG00000284067
CDRT15,ENSG00000223510
MIR6838,ENSG00000283969
MIR1302-6,ENSG00000221393
RN7SKP266,ENSG00000222164
HDAC9-AS1,ENSG00000226522
NPM1P13,ENSG00000232492
NHLRC2,ENSG00000196865
FGL2,ENSG00000127951
HS3ST3B1,ENSG00000125430
ZC2HC1A,ENSG00000104427
RPS18P12,ENSG00000230897
CEACAM19,ENSG00000186567
RN7SKP130,ENSG00000201794
RNA5SP233,ENSG00000238391
RPL23AP76,ENSG00000226156
INHBA-AS1,ENSG00000224116
CDRT7,ENSG00000259944
RNU6-24P,ENSG00000207169
RPL7P49,ENSG00000242931
HMGN2P30,ENSG00000213721
CYGB,ENSG00000161544
F12,ENSG00000131187
COX6A1P5,ENSG00000223986
DPPA2P3,ENSG00000224403
LINC02026,ENSG00000214146
CNOT7,ENSG00000198791
PRCD,ENSG00000214140
EXOSC1,ENSG00000171311
IGSF23,ENSG00000216588
FAM151AP1,ENSG00000234805
LINC01968,ENSG00000237222
PARP8,ENSG00000151883
TIGAR,ENSG00000078237
GRIN2D,ENSG00000105464
SNORD1C,ENSG00000274091
SNORD1B,ENSG00000199961
SNORD1A,ENSG00000278261
RNU6-227P,ENSG00000199735
RNY4P36,ENSG00000212418
PRIM1,ENSG00000198056
MIR636,ENSG00000283805
RNU6-97P,ENSG00000200257
SNHG20,ENSG00000234912
NCK1-DT,ENSG00000239213
PABPC4L,ENSG00000254535
SLC23A2,ENSG00000089057
SRP72,ENSG00000174780
TREH,ENSG00000118094
RAVER1,ENSG00000161847
SULT1D1P2,ENSG00000242968
SCARNA16,ENSG00000275143
MIR6516,ENSG00000284250
RNU4-47P,ENSG00000222808
CYCSP40,ENSG00000262870
MIR4316,ENSG00000264060
SMCO4P1,ENSG00000267384
DBF4B,ENSG00000161692
PIP,ENSG00000159763
CFAP20DC-DT,ENSG00000243295
ZNF223,ENSG00000178386
LYPLA1P1,ENSG00000223595
RNU6-296P,ENSG00000207338
LMOD2,ENSG00000170807
ST8SIA1,ENSG00000111728
RNU6-11P,ENSG00000201104
HYAL6P,ENSG00000228211
RN7SL819P,ENSG00000264251
RPL6P26,ENSG00000240305
EPO,ENSG00000130427
SIPA1L3,ENSG00000105738
KIF18B-DT,ENSG00000267334
RNU6-367P,ENSG00000252980
MIR138-1,ENSG00000207954
LINC01970,ENSG00000265692
TEX19,ENSG00000182459
RRM1,ENSG00000167325
HEXD-IT1,ENSG00000279066
MRPS16,ENSG00000182180
NARF-IT1,ENSG00000266236
MIR4731,ENSG00000265110
TEKT3,ENSG00000125409
ZAN,ENSG00000146839
PYM1,ENSG00000170473
CCNJ,ENSG00000107443
NHLRC4,ENSG00000257108
LINC02049,ENSG00000243593
FGD6,ENSG00000180263
RNU6-799P,ENSG00000200437
RN7SL792P,ENSG00000239888
GPRASP2,ENSG00000158301
LINC02152,ENSG00000261319
PYGL,ENSG00000100504
DPPA3P6,ENSG00000262516
HS3ST4,ENSG00000182601
RN7SL656P,ENSG00000265411
RN7SL199P,ENSG00000265315
FAM215B,ENSG00000232300
CREBBP,ENSG00000005339
SNORD3A,ENSG00000263934
SNORD3C,ENSG00000264940
KYNUP3,ENSG00000263206
MIR1180,ENSG00000221540
LINC02094,ENSG00000227078
RPS2P46,ENSG00000189343
RPL17P43,ENSG00000228331
CCDC137,ENSG00000185298
ATP6AP1,ENSG00000071553
GSTO1,ENSG00000148834
LINC02032,ENSG00000241131
MIR6786,ENSG00000277784
LINC01991,ENSG00000224187
FSCN2,ENSG00000186765
SF3A2,ENSG00000104897
RDUR,ENSG00000214407
LINC00881,ENSG00000241135
SAP30BP-AS1,ENSG00000264270
PDE5A,ENSG00000138735
MIR4738,ENSG00000283853
WBP2,ENSG00000132471
TAF1,ENSG00000147133
MBD6,ENSG00000166987
BCCIP,ENSG00000107949
B3GNT6,ENSG00000198488
CHRM4,ENSG00000180720
LINC02917,ENSG00000239941
APOA1,ENSG00000118137
LINC00690,ENSG00000233570
RN7SL750P,ENSG00000263672
MIR6875,ENSG00000283821
RN7SL549P,ENSG00000239825
RPS29P15,ENSG00000235926
RPL31P34,ENSG00000231359
RNU6-177P,ENSG00000223189
CICP14,ENSG00000281490
OPRD1,ENSG00000116329
IMP3P2,ENSG00000239722
RNA5SP242,ENSG00000201041
NECTIN3-AS1,ENSG00000242242
RNA5SP243,ENSG00000252866
RN7SL81P,ENSG00000244218
MAP7D3,ENSG00000129680
CACNB3,ENSG00000167535
FLNC-AS1,ENSG00000242902
RPL7P47,ENSG00000228071
ATP6V1F,ENSG00000128524
ARL5AP3,ENSG00000228431
CTBP2P8,ENSG00000234383
LINC01195,ENSG00000261075
MIR1262,ENSG00000221203
RPS7P4,ENSG00000229133
CYCSP39,ENSG00000260690
CCDC25,ENSG00000147419
HS3ST2,ENSG00000122254
MYOCOS,ENSG00000283683
SPMIP1,ENSG00000272899
ZNF488,ENSG00000265763
RN7SL306P,ENSG00000242241
ODCP,ENSG00000244556
SAFB2,ENSG00000130254
OR2B11,ENSG00000177535
LINC01177,ENSG00000261397
FIBCD1,ENSG00000130720
OR6N2,ENSG00000188340
CYCSP20,ENSG00000240416
SCGB3A1,ENSG00000161055
H3C15,ENSG00000203852
PCMTD1P2,ENSG00000260087
RNY1P11,ENSG00000200629
H2BC18,ENSG00000203814
VSTM2A,ENSG00000170419
ITPRIPL2-AS1,ENSG00000261759
H4C15,ENSG00000270276
DUX4L46,ENSG00000259987
MAP2K1,ENSG00000169032
KIF20B,ENSG00000138182
DUX4L47,ENSG00000260207
H2AC18,ENSG00000288825
H2BC21,ENSG00000184678
CDH6,ENSG00000113361
H4C14,ENSG00000270882
PPP1R1AP2,ENSG00000261084
DUX4L45,ENSG00000261440
H3C14,ENSG00000203811
IL19,ENSG00000142224
GLB1L2,ENSG00000149328
TEN1-CDK3,ENSG00000261408
LINC00877,ENSG00000241163
SGSM2-AS1,ENSG00000263345
UHRF2,ENSG00000147854
EEF1A1P38,ENSG00000261557
METTL16,ENSG00000127804
LCE2C,ENSG00000187180
OR2C3,ENSG00000196242
CPA5,ENSG00000158525
HNRNPA3P14,ENSG00000224494
ARID3BP1,ENSG00000227288
ST13P20,ENSG00000215875
TMF1P1,ENSG00000262235
LINC00273,ENSG00000256642
RPL23AP72,ENSG00000239840
LCE3C,ENSG00000244057
CITED4,ENSG00000179862
PELO,ENSG00000152684
UBE2V1P8,ENSG00000233118
SLFNL1-AS1,ENSG00000281207
RPL23AP17,ENSG00000215893
PKP1,ENSG00000081277
NUP54,ENSG00000138750
CAPSL,ENSG00000152611
ZC3H7A,ENSG00000122299
RN7SL33P,ENSG00000243049
EIF4A1P9,ENSG00000262953
SAMD11P1,ENSG00000262480
RN7SL608P,ENSG00000239884
MIR6776,ENSG00000273606
MIR1253,ENSG00000221200
hsa-mir-1253,ENSG00000272920
RNU6-1158P,ENSG00000212469
MS4A8,ENSG00000166959
MIR3614,ENSG00000284542
DGCR8,ENSG00000128191
NDUFAF5,ENSG00000101247
SRSF1,ENSG00000136450
ZGRF1,ENSG00000138658
C1QTNF3,ENSG00000082196
RPS16,ENSG00000105193
LMCD1-AS1,ENSG00000227110
MSX2P1,ENSG00000229590
EPX,ENSG00000121053
HNRNPUL2,ENSG00000214753
ACOT12,ENSG00000172497
LINC02585,ENSG00000228350
ACOT9,ENSG00000123130
MARCHF5,ENSG00000198060
AQP6,ENSG00000086159
KCTD7,ENSG00000243335
NPM3,ENSG00000107833
SLC22A6,ENSG00000197901
MMP2,ENSG00000087245
BAG4,ENSG00000156735
PHLDA3,ENSG00000174307
CPNE8,ENSG00000139117
MIR5191,ENSG00000264802
RNU6-501P,ENSG00000200942
MIR1231,ENSG00000221028
MIR6739,ENSG00000277681
MIR6736,ENSG00000278549
CCDC28A,ENSG00000024862
NBPF21P,ENSG00000231382
TCFL5,ENSG00000101190
RNA5SP227,ENSG00000251993
EEF1A1P6,ENSG00000233476
RN7SKP227,ENSG00000201315
MRPL53P1,ENSG00000235299
HSPD1P6,ENSG00000230067
RNU7-70P,ENSG00000252750
CD14,ENSG00000170458
IL6-AS1,ENSG00000179428
MTCYBP42,ENSG00000228803
LINC02033,ENSG00000279727
SNORD93,ENSG00000221740
DCAF13P1,ENSG00000242562
TRANK1,ENSG00000168016
RNU6-392P,ENSG00000201796
LARP1BP2,ENSG00000243438
MIR490,ENSG00000207597
KRT8P51,ENSG00000223657
RNU6-1272P,ENSG00000199646
ZC3HAV1L,ENSG00000146858
TRIM41,ENSG00000146063
RPL17P28,ENSG00000229677
MSL3P2,ENSG00000239254
MZT1P2,ENSG00000271404
RNU6-206P,ENSG00000206843
TAFA3,ENSG00000184599
DGCR2,ENSG00000070413
RNU7-154P,ENSG00000252003
RALGAPB,ENSG00000170471
CCDC106,ENSG00000173581
RPL31P37,ENSG00000213302
IQGAP1,ENSG00000140575
MIR4285,ENSG00000264675
PHOSPHO1,ENSG00000173868
ARL3,ENSG00000138175
FAM162B,ENSG00000183807
NUTF2P4,ENSG00000234790
RELN,ENSG00000189056
NOL7,ENSG00000225921
TAF13,ENSG00000197780
MIR215,ENSG00000207590
MIR194-1,ENSG00000207624
RPS15AP12,ENSG00000232134
CBX3P10,ENSG00000234073
MIR664A,ENSG00000281696
SNORA36B,ENSG00000222370
SNX2P1,ENSG00000270585
RNU6ATAC4P,ENSG00000210181
MORF4L1P1,ENSG00000218283
PRADC1P1,ENSG00000236165
AURKAP1,ENSG00000213033
EPM2AIP1,ENSG00000178567
XRCC6P3,ENSG00000230318
RPLP0P5,ENSG00000232883
MRPL13,ENSG00000172172
RN7SL861P,ENSG00000243173
RPL29P11,ENSG00000224858
FAM200B,ENSG00000237765
TAGAP,ENSG00000164691
MRPL22,ENSG00000082515
ZNF33A,ENSG00000189180
H3P41,ENSG00000265541
RPS7P1,ENSG00000263266
ALDOC-AS1,ENSG00000265168
CHRM1,ENSG00000168539
RPS12P28,ENSG00000240494
SNORD42B,ENSG00000238423
BTN3A1,ENSG00000026950
SNORD4A,ENSG00000238578
CCR8,ENSG00000179934
SNORD42A,ENSG00000238649
SNORD4B,ENSG00000238597
TLCD1,ENSG00000160606
SDC2,ENSG00000169439
HNRNPA1P21,ENSG00000228168
NUP188,ENSG00000095319
KLRD1,ENSG00000134539
MACF1,ENSG00000127603
PSMD12P1,ENSG00000240135
ICAM3,ENSG00000076662
SBF2,ENSG00000133812
LAPTM4BP2,ENSG00000271266
GXYLT2,ENSG00000172986
NDUFAF2,ENSG00000164182
MTHFD1,ENSG00000100714
FTH1P23,ENSG00000242960
RPL31P58,ENSG00000243053
RNU7-19P,ENSG00000238959
CALM2P1,ENSG00000267170
COMMD10,ENSG00000145781
ZACN,ENSG00000186919
ADCY5,ENSG00000173175
HSPE1P16,ENSG00000237140
RAB28,ENSG00000157869
CCL17,ENSG00000102970
PDCD5,ENSG00000105185
PANK3,ENSG00000120137
GALR2,ENSG00000182687
CAPNS2,ENSG00000256812
NPAP1L,ENSG00000278499
MIR6868,ENSG00000275360
OR1D3P,ENSG00000262106
RPS27P27,ENSG00000244043
RNU2-58P,ENSG00000252212
MIR454,ENSG00000211514
MIR301A,ENSG00000207996
LINC02141,ENSG00000261807
PRR11,ENSG00000068489
MCM10,ENSG00000065328
FYB1,ENSG00000082074
PLA2G10GP,ENSG00000277770
GYS2,ENSG00000111713
VAT1L,ENSG00000171724
EBAG9,ENSG00000147654
MAF,ENSG00000178573
ZNF69,ENSG00000198429
RTN4RL1,ENSG00000185924
DPH1,ENSG00000108963
HSH2D,ENSG00000196684
IRF4,ENSG00000137265
AGA,ENSG00000038002
FAM156B,ENSG00000179304
DPPA3P11,ENSG00000260332
FOXC2,ENSG00000176692
SYCE1L,ENSG00000205078
MON1B,ENSG00000103111
FRYL,ENSG00000075539
ECI2,ENSG00000198721
POP4,ENSG00000105171
CLEC1B,ENSG00000165682
OPN1SW,ENSG00000128617
BEX2,ENSG00000133134
TFAMP1,ENSG00000230444
LNCRI,ENSG00000205971
MIR4655,ENSG00000265089
MIR6836,ENSG00000284047
IMMP1LP3,ENSG00000271098
NGRNP3,ENSG00000271163
RN7SL556P,ENSG00000277265
OCM,ENSG00000122543
OVCA2,ENSG00000262664
BBS10,ENSG00000179941
ZFP90,ENSG00000184939
MIR132,ENSG00000267200
MIR212,ENSG00000267195
MCUR1P1,ENSG00000262402
RN7SL624P,ENSG00000265777
SMG6-IT1,ENSG00000278941
HNRNPA1P16,ENSG00000262333
INMT-MINDY4,ENSG00000254959
VPS51P4,ENSG00000239383
SNORD91B,ENSG00000275084
OR7E121P,ENSG00000244222
SNORD91A,ENSG00000212163
DENRP3,ENSG00000271919
UNC93B3,ENSG00000172971
RPL23AP49,ENSG00000243422
CLUHP10,ENSG00000282511
PPIAP55,ENSG00000228979
CRHBP,ENSG00000145708
MIR1324,ENSG00000283894
AGGF1P3,ENSG00000241532
RARRES2P1,ENSG00000241622
FRG2C,ENSG00000172969
TAS2R39,ENSG00000236398
PTPRO,ENSG00000151490
TAS2R40,ENSG00000221937
PAK3,ENSG00000077264
FAM136DP,ENSG00000270587
EEF1DP7,ENSG00000263883
RN7SL535P,ENSG00000239419
DUX4L26,ENSG00000236138
RN7SL481P,ENSG00000240322
HINT1P1,ENSG00000231531
LINC00960,ENSG00000242516
RPL31P57,ENSG00000256358
ATP5MFP4,ENSG00000256826
MIR3064,ENSG00000284564
MIR5047,ENSG00000284368
MICOS10P2,ENSG00000270714
KPNA2P3,ENSG00000266820
RPS11,ENSG00000142534
CHD7,ENSG00000171316
HEXIM1,ENSG00000186834
MIR4273,ENSG00000266396
ARL5C,ENSG00000141748
RNU6-162P,ENSG00000252037
TCAF2C,ENSG00000283528
SDHDP3,ENSG00000244381
RNU6-637P,ENSG00000206777
TERC,ENSG00000270141
RPL6P19,ENSG00000230383
CREB3L2-AS1,ENSG00000237243
LINC02069,ENSG00000229433
TRIM80P,ENSG00000232724
AK3P3,ENSG00000230042
EIF4H,ENSG00000106682
EHHADH-AS1,ENSG00000223358
MIF4GD-DT,ENSG00000263843
RPL36AP7,ENSG00000228007
MIR3678,ENSG00000264511
RNU6-938P,ENSG00000223217
ZNF114,ENSG00000178150
CCR5AS,ENSG00000223552
MMP13,ENSG00000137745
BHMT,ENSG00000145692
OOSP1P2,ENSG00000263749
MIR632,ENSG00000283774
EIF4EP2,ENSG00000229944
LINC00903,ENSG00000241397
LINC02075,ENSG00000249497
RN7SL582P,ENSG00000241156
BZW1P2,ENSG00000198406
TUSC7,ENSG00000243197
ODAD2,ENSG00000169126
ZNF675,ENSG00000197372
GGT6,ENSG00000167741
MIR4447,ENSG00000265433
MYLK-AS1,ENSG00000239523
FLJ30679,ENSG00000280278
CLDN4,ENSG00000189143
ZCCHC14,ENSG00000140948
OR9A4,ENSG00000258083
TXNP4,ENSG00000262519
NACC1,ENSG00000160877
RNU6-955P,ENSG00000222429
ALOX15,ENSG00000161905
LRRD1,ENSG00000240720
ATXN7L1,ENSG00000146776
TPH1,ENSG00000129167
MAT2B,ENSG00000038274
REEP4,ENSG00000168476
RPL36,ENSG00000130255
JPH3,ENSG00000154118
VMO1,ENSG00000182853
HSPE1P7,ENSG00000270945
LRP4,ENSG00000134569
RPL7AP63,ENSG00000243697
PPP1R14D,ENSG00000166143
GLTPD2,ENSG00000182327
ATP6V0CP1,ENSG00000230201
RN7SL784P,ENSG00000264113
CHRNE,ENSG00000108556
JMJD7,ENSG00000243789
HCCAT5,ENSG00000260880
KMT2C,ENSG00000055609
LINC02135,ENSG00000268532
RPSAP56,ENSG00000284670
DUXAP11,ENSG00000270222
MIR5010,ENSG00000283929
SPATA2,ENSG00000158480
CX3CL1,ENSG00000006210
HSD17B1,ENSG00000108786
LINC00692,ENSG00000230891
CDKL1,ENSG00000100490
PIGU,ENSG00000101464
VIPR1-AS1,ENSG00000232354
ZFHX3,ENSG00000140836
SEMA6B,ENSG00000167680
COASY,ENSG00000068120
ARLN,ENSG00000164096
TM2D3,ENSG00000184277
RNF4,ENSG00000063978
ZBTB47-AS1,ENSG00000230084
RPS23,ENSG00000186468
CRYAB,ENSG00000109846
HHATL-AS1,ENSG00000230970
CCDC13-AS1,ENSG00000173811
VN2R10P,ENSG00000226348
TMPOP2,ENSG00000262904
SEMA3F-AS1,ENSG00000235016
ADAMTS18,ENSG00000140873
AP1G2,ENSG00000213983
TWF2-DT,ENSG00000243224
FGF10,ENSG00000070193
GLYCTK-AS1,ENSG00000242797
PSMC3IP,ENSG00000131470
EOGT-DT,ENSG00000244513
ID4,ENSG00000172201
RFESD,ENSG00000175449
TEX55,ENSG00000163424
WAC,ENSG00000095787
AKT1S1,ENSG00000204673
SLC17A1,ENSG00000124568
SRP14,ENSG00000140319
SEC23B,ENSG00000101310
FOXF1,ENSG00000103241
B4GALT4-AS1,ENSG00000240254
CASTOR1,ENSG00000239282
RPS26P21,ENSG00000242829
ARHGAP31-AS1,ENSG00000241155
RNU6-1127P,ENSG00000207310
LINC02614,ENSG00000241288
GCNT4,ENSG00000176928
LYVE1,ENSG00000133800
GNPATP,ENSG00000259844
ADAMTS19,ENSG00000145808
CRABP1,ENSG00000166426
RNU6-1340P,ENSG00000207167
MIR548W,ENSG00000265005
RNA5SP405,ENSG00000199929
RNA5-8SP2,ENSG00000200434
RNU4-58P,ENSG00000200062
RNU6-21P,ENSG00000207441
RN7SKP76,ENSG00000201289
RNA5SP430,ENSG00000199299
RNU6-758P,ENSG00000252101
RN7SKP233,ENSG00000252814
MIR4719,ENSG00000266426
CLDN9,ENSG00000213937
RNU1-125P,ENSG00000252561
RNU1-22P,ENSG00000200204
SLC22A10,ENSG00000184999
ZSCAN10,ENSG00000130182
PIR,ENSG00000087842
PIF1,ENSG00000140451
NFXL1,ENSG00000170448
F2,ENSG00000180210
OR1F2P,ENSG00000203581
GSTA1,ENSG00000243955
RPL7L1P19,ENSG00000262316
OR2C1,ENSG00000168158
ATP5MGP7,ENSG00000267189
HMGB3P27,ENSG00000267132
RNU1-80P,ENSG00000238898
UBE2V2P2,ENSG00000267463
RNU6-625P,ENSG00000238658
MTCO1P28,ENSG00000262118
EIF5AP2,ENSG00000267679
APOL3,ENSG00000128284
MTND1P8,ENSG00000263177
ZNF597,ENSG00000167981
RNU7-97P,ENSG00000238704
MIR548AT,ENSG00000264314
KCNH4,ENSG00000089558
MIR6126,ENSG00000273776
C16orf90,ENSG00000215131
HCRT,ENSG00000161610
KCTD9P1,ENSG00000225014
RNU6-258P,ENSG00000212186
RNU6-1057P,ENSG00000252971
RNU6-467P,ENSG00000276577
DHRS7C,ENSG00000184544
GRPEL2,ENSG00000164284
ASIC2,ENSG00000108684
ZNF432,ENSG00000256087
SNORA30,ENSG00000206755
TMEM265,ENSG00000281991
MIR4519,ENSG00000265991
ERGIC1,ENSG00000113719
MIR762,ENSG00000211591
CTF2P,ENSG00000230447
ORAI3,ENSG00000175938
TMEM161A,ENSG00000064545
PRSS35,ENSG00000146250
KAT8,ENSG00000103510
LPA,ENSG00000198670
ARHGEF39,ENSG00000137135
SPATA32,ENSG00000184361
RNA5SP443,ENSG00000199953
KRT224P,ENSG00000224244
KRT24,ENSG00000167916
MYH9,ENSG00000100345
KRT25,ENSG00000204897
KRT27,ENSG00000171446
RNU6-241P,ENSG00000212450
CICP20,ENSG00000235955
TMEM30A,ENSG00000112697
RNU6-326P,ENSG00000202350
IGFBP1,ENSG00000146678
KRT28,ENSG00000173908
PKN3,ENSG00000160447
RUVBL1-AS1,ENSG00000239608
PPIAP72,ENSG00000174715
GAPDHP39,ENSG00000239207
NDUFA3P6,ENSG00000262366
RPL23AP40,ENSG00000242321
KRT10,ENSG00000186395
EEF1A1P25,ENSG00000241429
PYCARD,ENSG00000103490
LINC01391,ENSG00000244578
LYSMD3,ENSG00000176018
PLSCR5-AS1,ENSG00000241457
HLTF-AS1,ENSG00000239718
FHL1P1,ENSG00000239219
FTLP15,ENSG00000233952
RPL7AP78,ENSG00000224573
RNU6-388P,ENSG00000252821
RPS29P14,ENSG00000229054
RN7SL505P,ENSG00000241420
SEC62-AS1,ENSG00000240373
RNA5SP229,ENSG00000222741
RP9,ENSG00000164610
RNU6-348P,ENSG00000207114
MTCO1P58,ENSG00000234594
TMEM212-AS1,ENSG00000234717
SEPHS1P1,ENSG00000182722
EEF1DP4,ENSG00000213640
TMEM212-IT1,ENSG00000235943
GARIN1A,ENSG00000205085
ARIH2OS,ENSG00000221883
POU4F3,ENSG00000091010
MCCC1-AS1,ENSG00000243368
RNA5SP151,ENSG00000202502
EIF2B5-DT,ENSG00000272721
ATOX1,ENSG00000177556
CYCSP56,ENSG00000242036
HMGN2P26,ENSG00000241203
EGFEM1P,ENSG00000206120
RNU2-20P,ENSG00000222357
MIR551B,ENSG00000207717
RPSAP33,ENSG00000226765
RPL21P43,ENSG00000231688
LINC02082,ENSG00000242268
LHFPL3,ENSG00000187416
GH1,ENSG00000259384
ENPP7P14,ENSG00000273963
LINC02164,ENSG00000261811
EIF4BP6,ENSG00000197258
RPS3AP48,ENSG00000242278
RN7SL8P,ENSG00000243352
SNRPCP20,ENSG00000267182
NPM1P3,ENSG00000261007
LINC01570,ENSG00000260338
ATG12,ENSG00000145782
GCNT1P5,ENSG00000237620
GSTA2,ENSG00000244067
XNDC1N,ENSG00000254469
MIR8065,ENSG00000273648
RDH5,ENSG00000135437
TMEM33,ENSG00000109133
FERD3L,ENSG00000146618
RNF14P4,ENSG00000223500
RNU7-99P,ENSG00000252080
RNU6-457P,ENSG00000200869
RNU6-328P,ENSG00000212189
MIR6509,ENSG00000277138
SSBL5P,ENSG00000236048
TAS2R2,ENSG00000203523
MT4,ENSG00000102891
OR2AO1P,ENSG00000240621
LINC01983,ENSG00000223783
MT1E,ENSG00000169715
PPIAP83,ENSG00000242978
RNU6ATAC40P,ENSG00000221507
TNK2-AS1,ENSG00000224614
CREB3L1,ENSG00000157613
OR2A41P,ENSG00000239967
RNF122,ENSG00000133874
OR2A15P,ENSG00000239981
RSRC2,ENSG00000111011
SCN4A,ENSG00000007314
MT1CP,ENSG00000205360
OR2A13P,ENSG00000273234
MT1B,ENSG00000169688
RBM33-DT,ENSG00000216895
SLC22A7,ENSG00000137204
RBM33,ENSG00000184863
DLL3,ENSG00000090932
RNU6-1005P,ENSG00000207248
RNU6-196P,ENSG00000207042
ADCY2,ENSG00000078295
ATP5F1A,ENSG00000152234
TPRKBP2,ENSG00000260452
RNY1P10,ENSG00000200138
SBK1,ENSG00000188322
MIR6862-1,ENSG00000275429
CDC37P2,ENSG00000261089
SLC22A9,ENSG00000149742
TSC1,ENSG00000165699
PRR29,ENSG00000224383
YTHDF3,ENSG00000185728
U2AF2,ENSG00000063244
IL27,ENSG00000197272
DYDC1,ENSG00000170788
CDC37P1,ENSG00000259982
ERN1,ENSG00000178607
MIR6862-2,ENSG00000278340
SHH,ENSG00000164690
MIR4721,ENSG00000283845
CD19,ENSG00000177455
LYSMD4,ENSG00000183060
LINC00244,ENSG00000279418
RNF32-AS1,ENSG00000224903
BOD1L1,ENSG00000038219
RNU4-31P,ENSG00000206938
MNX1,ENSG00000130675
RPP38,ENSG00000152464
SNORD104,ENSG00000199753
SNORA50C,ENSG00000277887
WDR81-AS1,ENSG00000262791
RNU6-131P,ENSG00000212446
ASB16,ENSG00000161664
MNX1-AS2,ENSG00000235029
RPS27AP12,ENSG00000225224
GCK,ENSG00000106633
TEX12,ENSG00000150783
MIR6782,ENSG00000275107
CUZD1,ENSG00000138161
MIR2909,ENSG00000276326
THAP1,ENSG00000131931
CA12,ENSG00000074410
APOC3,ENSG00000110245
NPB,ENSG00000183979
CCR10,ENSG00000184451
FOXH1,ENSG00000160973
TESPA1,ENSG00000135426
CNTNAP1,ENSG00000108797
BNIP3,ENSG00000176171
CLVS2,ENSG00000146352
NFATC2IP-AS1,ENSG00000260853
NSD3,ENSG00000147548
MIR4517,ENSG00000284541
SPNS1,ENSG00000169682
CEP85L,ENSG00000111860
ZNF32,ENSG00000169740
MIR6780A,ENSG00000275273
HMGN2P15,ENSG00000214578
KLK8,ENSG00000129455
TLCD3A,ENSG00000167695
DUSP5,ENSG00000138166
LAMTOR3,ENSG00000109270
GEMIN4,ENSG00000179409
RPL32P17,ENSG00000213210
C7orf33,ENSG00000170279
P3R3URF-PIK3R3,ENSG00000278139
COX7BP4,ENSG00000233114
PLA2G6,ENSG00000184381
RNU7-20P,ENSG00000251712
RN7SL569P,ENSG00000239468
P3R3URF,ENSG00000250719
RNY4,ENSG00000252316
LURAP1,ENSG00000171357
RNY3,ENSG00000202354
MRM3-AS1,ENSG00000262434
RNY1,ENSG00000201098
GHET1,ENSG00000281189
GTPBP4,ENSG00000107937
RNU6-650P,ENSG00000202528
COX6B1P1,ENSG00000234565
HMGB3P10,ENSG00000223656
STUM,ENSG00000203685
TOMT,ENSG00000284844
MIR4650-2,ENSG00000264494
RN7SL377P,ENSG00000266569
DEPDC7,ENSG00000121690
RN7SL625P,ENSG00000274656
PHB1P5,ENSG00000233523
PHB1P6,ENSG00000276592
PMS2P13,ENSG00000276840
FCGR2C,ENSG00000244682
TRIM2,ENSG00000109654
PMS2P10,ENSG00000273598
RNU6-840P,ENSG00000253084
FNDC8,ENSG00000073598
ZNF12,ENSG00000164631
SMAD2,ENSG00000175387
SPICP2,ENSG00000267744
ARG1,ENSG00000118520
SPDYE20P,ENSG00000277327
RN7SKP195,ENSG00000252396
MIR4428,ENSG00000266262
RTF1,ENSG00000137815
RNVU1-4,ENSG00000277610
RPS3AP11,ENSG00000230116
TMSB4XP1,ENSG00000236876
RNU6-536P,ENSG00000200254
PPIAL4C,ENSG00000288867
PPIAL4D,ENSG00000289549
PPIAL4E,ENSG00000271567
PPIAL4G,ENSG00000236334
MUC17,ENSG00000169876
PPIAL4H,ENSG00000270339
KLHL21,ENSG00000162413
B4GAT1,ENSG00000174684
HPD,ENSG00000158104
FDXACB1,ENSG00000255561
HNRNPA1P59,ENSG00000230280
TMEM190,ENSG00000160472
RN7SKP54,ENSG00000222636
SPI1,ENSG00000066336
NHP2P2,ENSG00000213786
SMBD1P,ENSG00000283426
HOXA1,ENSG00000105991
UBR4,ENSG00000127481
ZNF609,ENSG00000180357
ZNF8,ENSG00000278129
HOXA2,ENSG00000105996
TEDDM3P,ENSG00000283625
LINC01840,ENSG00000230215
HOXA5,ENSG00000106004
ERVK3-1,ENSG00000142396
RNU6-720P,ENSG00000252172
NPM1P29,ENSG00000239351
PFN2-AS1,ENSG00000242791
HOXA6,ENSG00000106006
TMEM183BP,ENSG00000224831
MAJIN,ENSG00000168070
PPIAP73,ENSG00000182000
HNRNPA1P24,ENSG00000241947
RPL14P2,ENSG00000225662
HOXA7,ENSG00000122592
RN7SL863P,ENSG00000244632
RNU6-139P,ENSG00000252449
DIRAS1,ENSG00000176490
RPS10P10,ENSG00000226082
HOXA9,ENSG00000078399
ETFA,ENSG00000140374
ROBO2,ENSG00000185008
MIR196B,ENSG00000283745
OAF,ENSG00000184232
HOXA11,ENSG00000005073
HOXA13,ENSG00000106031
NXPE1,ENSG00000095110
EVX1,ENSG00000106038
POM121B,ENSG00000205578
SLX1B-SULT1A4,ENSG00000260280
RPL7AP77,ENSG00000225005
FKBP6,ENSG00000077800
TIGD6,ENSG00000164296
MIR3680-2,ENSG00000266758
SMG1P2,ENSG00000205534
TMEM171,ENSG00000157111
OCIAD2,ENSG00000145247
SLC7A5P1,ENSG00000260727
GDPD3,ENSG00000102886
ABTB2,ENSG00000166016
PPIL4,ENSG00000131013
STK10,ENSG00000072786
SLX1A-SULT1A3,ENSG00000213599
ALDH8A1,ENSG00000118514
RNU6-1080P,ENSG00000206709
HMGN2P11,ENSG00000232605
HSPA8P16,ENSG00000224059
GPR139,ENSG00000180269
PHB1P15,ENSG00000262648
HPX,ENSG00000110169
CASTOR2,ENSG00000274070
ZNF469,ENSG00000225614
PDE7A,ENSG00000205268
OTOA,ENSG00000155719
FZD9,ENSG00000188763
SPDYE19P,ENSG00000275328
ABCB5,ENSG00000004846
H3C6,ENSG00000274750
ECD,ENSG00000122882
PDCL2,ENSG00000163440
RPL37,ENSG00000145592
ASF1A,ENSG00000111875
ADH5,ENSG00000197894
ZNF354A,ENSG00000169131
AKR7L,ENSG00000211454
ZNF77,ENSG00000175691
RNU6-1099P,ENSG00000200403
RN7SL277P,ENSG00000240490
COX7CP2,ENSG00000235449
ZNF738,ENSG00000172687
SLC25A39P1,ENSG00000226148
NPM1P40,ENSG00000236523
C22orf23,ENSG00000128346
RNA5SP66,ENSG00000252987
RNU6-731P,ENSG00000253022
PRDM2,ENSG00000116731
EPHX3,ENSG00000105131
HNRNPAB,ENSG00000197451
CMSS1,ENSG00000184220
JPH2,ENSG00000149596
HNRNPCP4,ENSG00000263179
H2BK1,ENSG00000285480
RMI2,ENSG00000175643
ARID4A,ENSG00000032219
TNRC18,ENSG00000182095
MAFF,ENSG00000185022
TNP2,ENSG00000178279
FILIP1L,ENSG00000168386
PRM3,ENSG00000178257
PLPP5,ENSG00000147535
PRM2,ENSG00000122304
MEP1A,ENSG00000112818
PRM1,ENSG00000175646
VSIG10L,ENSG00000186806
MIR3921,ENSG00000264897
TMEM30CP,ENSG00000293379
MIR548H2,ENSG00000221801
STX16,ENSG00000124222
DUSP12P1,ENSG00000277000
VTI1BP1,ENSG00000243974
OR7E100P,ENSG00000242525
MAT2AP1,ENSG00000242308
RHCE,ENSG00000188672
LINC02042,ENSG00000240893
RAB33B,ENSG00000172007
AXL,ENSG00000167601
MIR4720,ENSG00000284473
PPIAP51,ENSG00000260229
CDHR1,ENSG00000148600
MIR7854,ENSG00000277255
MIR6504,ENSG00000275109
MIR1972-2,ENSG00000239118
EXOSC6,ENSG00000223496
RN7SL279P,ENSG00000265648
RAB6B,ENSG00000154917
KIT,ENSG00000157404
RPS27P26,ENSG00000240043
RNU6-23P,ENSG00000200153
SNORD111B,ENSG00000221514
SNORD111,ENSG00000221066
TMEM184B,ENSG00000198792
ZNF479,ENSG00000185177
SPAM1,ENSG00000106304
GABARAPL2,ENSG00000034713
PM20D2,ENSG00000146281
CDCA2,ENSG00000184661
C3orf36,ENSG00000288547
DUXB,ENSG00000282757
BSN-DT,ENSG00000226913
RN7SL520P,ENSG00000240199
RARS2,ENSG00000146282
ATP5PBP7,ENSG00000261424
CPHXL,ENSG00000283755
RNA5SP403,ENSG00000200468
BSN-AS1,ENSG00000235120
RNA5SP404,ENSG00000252927
IMPDH1P11,ENSG00000261647
ACTL11P,ENSG00000234667
RN7SL493P,ENSG00000266439
GNAT1,ENSG00000114349
RNU6-633P,ENSG00000199482
SLC5A12,ENSG00000148942
MIR3935,ENSG00000265281
ZNF679,ENSG00000197123
SNX24,ENSG00000064652
HBZ,ENSG00000130656
ZNF736,ENSG00000234444
HBM,ENSG00000206177
TRIM60P18,ENSG00000227986
VN1R40P,ENSG00000223845
ZNF680P1,ENSG00000228014
ASB6,ENSG00000148331
HNRNPCP7,ENSG00000228653
BNIP3P42,ENSG00000223974
HBZP1,ENSG00000206178
HBAP1,ENSG00000225323
BNIP3P44,ENSG00000276475
BNIP3P11,ENSG00000271550
HBQ1,ENSG00000086506
MIR6839,ENSG00000275667
VN1R42P,ENSG00000223476
SOAT2,ENSG00000167780
RNU6-359P,ENSG00000202336
DDX28,ENSG00000182810
NEUROD6,ENSG00000164600
OR7E130P,ENSG00000234458
OR7E29P,ENSG00000243429
OR7E93P,ENSG00000228963
OR7E53P,ENSG00000239978
OR7E97P,ENSG00000179170
VPS51P6,ENSG00000239432
GNG10,ENSG00000242616
MTDHP1,ENSG00000270948
RNU6-1229P,ENSG00000201165
SNORA22C,ENSG00000207344
SNORA15B-1,ENSG00000207062
RNU6-1085P,ENSG00000200446
PPP1R14BP4,ENSG00000270889
NFATC3,ENSG00000072736
RNU7-143P,ENSG00000252590
RPS2P32,ENSG00000232818
SPIDR,ENSG00000164808
CLK2P1,ENSG00000232553
B3GAT1,ENSG00000109956
FCF1P1,ENSG00000227436
WDR89,ENSG00000140006
ATP5F1C,ENSG00000165629
ROPN1B,ENSG00000114547
CFAP95,ENSG00000204711
NMUR2,ENSG00000132911
TPM3P4,ENSG00000214869
ABCF2P2,ENSG00000228769
ZCCHC4,ENSG00000168228
BAZ1B,ENSG00000009954
MYO7B-AS1,ENSG00000272789
ZCCHC9,ENSG00000131732
NMS,ENSG00000204640
ARPP19P2,ENSG00000204637
HMGN2P22,ENSG00000227259
NANOGNBP1,ENSG00000226034
PLEKHO2,ENSG00000241839
SRMP3,ENSG00000229173
ALDH1L1-AS1,ENSG00000250218
ZFP91,ENSG00000186660
DYNLT3P2,ENSG00000229758
RPL14P6,ENSG00000185631
RNU1-30P,ENSG00000272020
ALDH1L1-AS2,ENSG00000246022
SGSM3,ENSG00000100359
RPL21P34,ENSG00000238180
HS6ST1,ENSG00000136720
MCHR2,ENSG00000152034
EDF1,ENSG00000107223
ZBTB11-AS1,ENSG00000256628
HSP90AA5P,ENSG00000205955
TET3,ENSG00000187605
RIOK3,ENSG00000101782
CASR,ENSG00000036828
TREM2,ENSG00000095970
OSER1,ENSG00000132823
RNU6-1198P,ENSG00000252713
OTUD7A,ENSG00000169918
CCL26,ENSG00000006606
DPF1,ENSG00000011332
ZNF184,ENSG00000096654
ATP5ME,ENSG00000169020
SMPD2,ENSG00000135587
MIR4651,ENSG00000284334
RPL7L1P3,ENSG00000235090
CIAO2A,ENSG00000166797
SNORA14A,ENSG00000201643
TTI1,ENSG00000101407
URGCP-MRPS24,ENSG00000270617
UCK1,ENSG00000130717
CAPZA1P2,ENSG00000225369
TUBG1P,ENSG00000237972
RASA4EP,ENSG00000241057
RPS3AP13,ENSG00000230783
TIMM9,ENSG00000100575
UPK3BL3P,ENSG00000239556
RPS29P9,ENSG00000223433
RNU6-664P,ENSG00000199251
OLFML1,ENSG00000183801
PPP1R14BP2,ENSG00000213082
SLC17A2,ENSG00000112337
MIR4775,ENSG00000284079
GPR45,ENSG00000135973
SAP30,ENSG00000164105
TGFBRAP1-AS1,ENSG00000235319
PKD1L1,ENSG00000158683
CD28,ENSG00000178562
UBE2K,ENSG00000078140
CARD16,ENSG00000204397
CCDC14,ENSG00000175455
ASIC4-AS1,ENSG00000227432
MS4A15,ENSG00000166961
CHP1,ENSG00000187446
REEP2,ENSG00000132563
RDH16,ENSG00000139547
LINC01796,ENSG00000277527
AMDHD1,ENSG00000139344
MRFAP1L1,ENSG00000178988
NOA1,ENSG00000084092
SLCO1B1,ENSG00000134538
DMXL2,ENSG00000104093
DPCD,ENSG00000166171
CDC14B,ENSG00000081377
MAP9,ENSG00000164114
LINC02946,ENSG00000287036
HEPACAM,ENSG00000165478
ASPG,ENSG00000166183
ABCF2-H2BK1,ENSG00000285292
CCNJL,ENSG00000135083
CNGA4,ENSG00000132259
DYNLT1,ENSG00000146425
LINC01853,ENSG00000224028
VGLL3,ENSG00000206538
SIDT2,ENSG00000149577
DCDC2,ENSG00000146038
RPRD1A,ENSG00000141425
LINC01813,ENSG00000229805
MIR4648,ENSG00000264357
SP8,ENSG00000164651
GCC2-AS1,ENSG00000214184
CD80,ENSG00000121594
SEMA6A,ENSG00000092421
DOCK4,ENSG00000128512
MRGBP,ENSG00000101189
CHROMR,ENSG00000223960
XYLB,ENSG00000093217
TBC1D20,ENSG00000125875
PIP4K2A,ENSG00000150867
POMK,ENSG00000185900
ATP8B1,ENSG00000081923
C4orf46,ENSG00000205208
AFAP1,ENSG00000196526
BICD1,ENSG00000151746
MTBP,ENSG00000172167
BTAF1,ENSG00000095564
AFF1,ENSG00000172493
MED23,ENSG00000112282
APOA5,ENSG00000110243
DNAJC5B,ENSG00000147570
BIN2,ENSG00000110934
SLC31A1,ENSG00000136868
GMEB2,ENSG00000101216
TMEM80,ENSG00000177042
YWHAZ,ENSG00000164924
DENND1A,ENSG00000119522
RRP8,ENSG00000132275
SIGLEC1,ENSG00000088827
FN1-DT,ENSG00000230695
CHMP3-AS1,ENSG00000228363
SYMPK,ENSG00000125755
C11orf65,ENSG00000166323
PPM1B-DT,ENSG00000273106
ELF2,ENSG00000109381
CDH2,ENSG00000170558
ATP5MGP6,ENSG00000267376
ATF4P3,ENSG00000228218
MIR4435-2HG,ENSG00000172965
RBCK1,ENSG00000125826
SREK1IP1,ENSG00000153006
OGA,ENSG00000198408
PSMD10,ENSG00000101843
SCGB1A1,ENSG00000149021
CCDC127,ENSG00000164366
POLA2,ENSG00000014138
ADAMTS16,ENSG00000145536
TUBB4B,ENSG00000188229
RNU7-13P,ENSG00000252222
LENEP,ENSG00000163352
CD4,ENSG00000010610
ARSG,ENSG00000141337
RPS3AP8,ENSG00000233562
ARPC5,ENSG00000162704
AADAC,ENSG00000114771
MYO1E,ENSG00000157483
APOBEC4,ENSG00000173627
NDOR1,ENSG00000188566
INTS6L,ENSG00000165359
AKNAD1,ENSG00000162641
RPS12P27,ENSG00000240435
USP49,ENSG00000164663
MIR6773,ENSG00000284259
RNU6-1262P,ENSG00000252026
RNU4-30P,ENSG00000222177
RPL35AP33,ENSG00000241334
RNU4-36P,ENSG00000201164
CCR6,ENSG00000112486
RNA5SP432,ENSG00000199350
MIR6785,ENSG00000284595
FAM131A,ENSG00000175182
RNF227,ENSG00000179859
ITGAD,ENSG00000156886
OR4D2,ENSG00000255713
RSPH3,ENSG00000130363
RPL12P37,ENSG00000240270
CHMP6,ENSG00000176108
SESN1,ENSG00000080546
ABCE1,ENSG00000164163
TRAF6,ENSG00000175104
LINC00626,ENSG00000225826
SUMO1P2,ENSG00000229612
MIR657,ENSG00000207736
MIR3065,ENSG00000211563
MIR338,ENSG00000283604
MIR1250,ENSG00000221025
MIR3183,ENSG00000264429
VN1R64P,ENSG00000213547
BHLHA9,ENSG00000205899
VN1R65P,ENSG00000260883
PDE4B,ENSG00000184588
USP2,ENSG00000036672
KRBOX5P1,ENSG00000260010
VN1R66P,ENSG00000237185
SOCAR,ENSG00000240350
CRK-AS1,ENSG00000262777
CLCN4,ENSG00000073464
TRIM25,ENSG00000121060
ALDOA,ENSG00000149925
TNS1-AS1,ENSG00000223923
BCHE,ENSG00000114200
LINC01304,ENSG00000237401
RAB32,ENSG00000118508
ARL1,ENSG00000120805
VNN1,ENSG00000112299
RGPD4-AS1,ENSG00000230651
MCUR1,ENSG00000050393
RPL12,ENSG00000197958
MIR4525,ENSG00000266107
ZNF750,ENSG00000141579
OXSR1,ENSG00000172939
TMEM121,ENSG00000184986
GALNT13-AS1,ENSG00000224675
RNF138,ENSG00000134758
C2orf49-DT,ENSG00000272994
LINC01106,ENSG00000175772
SLC7A7,ENSG00000155465
COMMD9,ENSG00000110442
LINC01815,ENSG00000235519
BTBD9,ENSG00000183826
SDK1,ENSG00000146555
SUMO2P7,ENSG00000249838
LINC01381,ENSG00000230452
MAL-AS1,ENSG00000233850
USP32P4,ENSG00000263887
RPL36AP47,ENSG00000242123
EFCAB3,ENSG00000172421
MCM4,ENSG00000104738
MPEG1,ENSG00000197629
ZNF408,ENSG00000175213
MIR4432HG,ENSG00000228590
CALML6,ENSG00000169885
SYT4,ENSG00000132872
ENDOD1,ENSG00000149218
SMPD1,ENSG00000166311
UBE2FP3,ENSG00000233337
WDR77,ENSG00000116455
SLC16A10,ENSG00000112394
RNU7-52P,ENSG00000251981
RPS23P7,ENSG00000239527
OSBPL1A,ENSG00000141447
GLS2,ENSG00000135423
AKAP7,ENSG00000118507
MRC2,ENSG00000011028
LINC00487,ENSG00000205837
TMIGD3,ENSG00000121933
MTMR3,ENSG00000100330
SATB2-AS1,ENSG00000225953
LFNG,ENSG00000106003
INIP,ENSG00000148153
RNU6-792P,ENSG00000200360
ADORA3,ENSG00000282608
TTC32-DT,ENSG00000271991
RFTN1,ENSG00000131378
RNA5SP45,ENSG00000252563
SUPT3H,ENSG00000196284
ZNF343,ENSG00000088876
THRSP,ENSG00000151365
HS2ST1,ENSG00000153936
HBB,ENSG00000244734
LINC01849,ENSG00000234988
CHRNB4,ENSG00000117971
CFAP77,ENSG00000188523
GTF3C2-AS1,ENSG00000234945
IDS,ENSG00000010404
SUN3,ENSG00000164744
RAB1B,ENSG00000174903
SNAPC4,ENSG00000165684
LINC01140,ENSG00000267272
RNU6-446P,ENSG00000199697
SHC1P2,ENSG00000267691
SLC4A1,ENSG00000004939
KIAA2012-AS1,ENSG00000222035
FBXO22,ENSG00000167196
PANTR1,ENSG00000233639
MIR4711,ENSG00000266150
RN7SL475P,ENSG00000265535
VAC14-AS1,ENSG00000214353
UTP15,ENSG00000164338
RNU6ATAC25P,ENSG00000221725
TEKT5,ENSG00000153060
DNMBP,ENSG00000107554
SLC44A5,ENSG00000137968
MTCYBP33,ENSG00000263241
MTND6P33,ENSG00000262107
MTND5P33,ENSG00000261904
MTND4P34,ENSG00000262322
MTND4LP24,ENSG00000262259
MTND3P13,ENSG00000263196
NFX1,ENSG00000086102
MTCO3P24,ENSG00000262158
RUNX2,ENSG00000124813
MTATP6P24,ENSG00000262381
ARHGEF12,ENSG00000196914
DEXI,ENSG00000182108
RN7SKP23,ENSG00000280039
CCDC71L,ENSG00000253276
CCNYL7,ENSG00000261528
TOMM7,ENSG00000196683
EARS2,ENSG00000103356
RIPOR3,ENSG00000042062
HOXA10,ENSG00000253293
SLC24A1,ENSG00000074621
TMEM178B,ENSG00000261115
DNAH11,ENSG00000105877
FAM229A,ENSG00000225828
TCHH,ENSG00000159450
LINC03108,ENSG00000258082
LNCATV,ENSG00000238005
LINC01159,ENSG00000229743
CYP46A1,ENSG00000036530
CCM2L,ENSG00000101331
TMEM41A,ENSG00000163900
TLL2,ENSG00000095587
CTXND2,ENSG00000283324
ACO2P2,ENSG00000235371
RNU2-70P,ENSG00000222650
SUB1P4,ENSG00000260247
ERO1B,ENSG00000086619
MIR3177,ENSG00000265820
MIR6767,ENSG00000283180
MIR6768,ENSG00000274805
NTN3,ENSG00000162068
RN7SL507P,ENSG00000239702
COMMD2,ENSG00000114744
RNU6-453P,ENSG00000252628
RPL7L1P5,ENSG00000267634
RN7SL258P,ENSG00000240589
MIR378J,ENSG00000274620
RNU6-489P,ENSG00000277341
MIR451A,ENSG00000284565
MIR451B,ENSG00000283364
MIR144,ENSG00000283819
MIR4732,ENSG00000284085
LBX2-AS1,ENSG00000257702
CEMP1,ENSG00000205923
KCNG1,ENSG00000026559
MIR3178,ENSG00000266232
USH1G,ENSG00000182040
ARNILA,ENSG00000235072
MIR6506,ENSG00000284184
MIR484,ENSG00000283736
RNU6-362P,ENSG00000252545
RN7SL573P,ENSG00000239607
OR1D2,ENSG00000184166
MIR662,ENSG00000207579
SNORD68,ENSG00000200084
CYP39A1,ENSG00000146233
CTF1,ENSG00000150281
NACA2,ENSG00000253506
SETP3,ENSG00000266648
OR1AC1P,ENSG00000267129
OR1E1,ENSG00000180016
OR1E2,ENSG00000127780
SPATA22,ENSG00000141255
NKD1,ENSG00000140807
KPRP,ENSG00000203786
RNA5SP59,ENSG00000222854
LINC01686,ENSG00000261504
RGS8,ENSG00000135824
MALT1,ENSG00000172175
BTLA,ENSG00000186265
MAP3K15,ENSG00000180815
PIGG,ENSG00000174227
TICRR,ENSG00000140534
ASAH2B,ENSG00000204147
PILRB,ENSG00000121716
A4GNT,ENSG00000118017
MIR3181,ENSG00000264947
RNA5SP426,ENSG00000199771
HMGB3P32,ENSG00000260828
EAF2,ENSG00000145088
MTCH2P3,ENSG00000260438
ADGRF1,ENSG00000153292
MIR6772,ENSG00000274816
RNU6-20P,ENSG00000206833
RNU6-1153P,ENSG00000252569
CAMLG,ENSG00000164615
RNF114,ENSG00000124226
HTR1F,ENSG00000179097
CELSR2,ENSG00000143126
GAS8-AS1,ENSG00000221819
SLCO2A1,ENSG00000174640
BOD1,ENSG00000145919
CICP25,ENSG00000277349
ZNF33B,ENSG00000196693
ACIN1,ENSG00000100813
ACTG1P16,ENSG00000260298
RNY4P3,ENSG00000202124
RPL10P14,ENSG00000260031
WDR35-DT,ENSG00000227210
MIR138-2,ENSG00000207649
MIR6863,ENSG00000283471
RPS24P17,ENSG00000243988
HERPUD1-IT1,ENSG00000261270
CFAP69P1,ENSG00000259922
CPNE2-DT,ENSG00000260148
ARL2BP,ENSG00000102931
NIPSNAP3A,ENSG00000136783
LINC01473,ENSG00000237877
RAD50,ENSG00000113522
SUFU,ENSG00000107882
RPL36P12,ENSG00000213361
RWDD4P1,ENSG00000244490
RNU6-1322P,ENSG00000201179
SPDYE2B,ENSG00000173678
RPL23AP91,ENSG00000260965
PHAF1,ENSG00000125149
WDR44,ENSG00000131725
SAPCD2,ENSG00000186193
RNASEK,ENSG00000219200
SPDYE5,ENSG00000170092
PRC1,ENSG00000198901
SPDYE9,ENSG00000262461
SPDYE11,ENSG00000275976
MIR4253,ENSG00000264014
LACTBL1,ENSG00000215906
SPDYE13,ENSG00000286038
SNTA1,ENSG00000101400
PYHIN5P,ENSG00000229849
SPDYE15,ENSG00000286014
PYHIN1,ENSG00000163564
RNASEK-C17orf49,ENSG00000161939
SPDYE17,ENSG00000186645
MIR195,ENSG00000284112
STOML2,ENSG00000165283
SPDYE1,ENSG00000136206
MIR497,ENSG00000284027
SLC16A13,ENSG00000174327
MIR324,ENSG00000199053
PHF23,ENSG00000040633
TREML1,ENSG00000161911
GTF3C6P3,ENSG00000270196
TMSB4XP3,ENSG00000223437
MIR550A3,ENSG00000212024
S100A11P2,ENSG00000236592
TBX20,ENSG00000164532
ATG9B,ENSG00000181652
NFKBIE,ENSG00000146232
PPP1R2,ENSG00000184203
DLGAP4,ENSG00000080845
RAD1P2,ENSG00000233473
FRK,ENSG00000111816
GBX1,ENSG00000164900
MIR328,ENSG00000207948
FOXL3,ENSG00000248767
RN7SL326P,ENSG00000264582
TMEM208,ENSG00000168701
MIR4260,ENSG00000283876
ADORA2BP1,ENSG00000236136
MARK2P10,ENSG00000227284
ANKRD44-DT,ENSG00000225979
MIR548N,ENSG00000221669
ASZ1,ENSG00000154438
EIF2AK3-AS1,ENSG00000225420
QRICH2,ENSG00000129646
RPSAP18,ENSG00000224261
GPLD1,ENSG00000112293
NHLH1,ENSG00000171786
RNU4-42P,ENSG00000201608
SPRR1A,ENSG00000169474
MIR7856,ENSG00000278281
RPL7L1P22,ENSG00000231349
PRR19,ENSG00000188368
CLCA2,ENSG00000137975
SLC6A11,ENSG00000132164
TET1,ENSG00000138336
EIF4EBP1,ENSG00000187840
IZUMO2,ENSG00000161652
KCTD19,ENSG00000168676
DSCC1,ENSG00000136982
CDCA4P2,ENSG00000224466
MIR4753,ENSG00000263439
PFN1P8,ENSG00000244371
C17orf50,ENSG00000270806
RNU1-151P,ENSG00000201142
SSBL4P,ENSG00000230832
RNVU1-8,ENSG00000286172
RNVU1-27,ENSG00000274210
RNU6-1171P,ENSG00000252515
NUDT4B,ENSG00000177144
RN7SKP88,ENSG00000252656
RNU2-38P,ENSG00000222788
RNVU1-24,ENSG00000201699
RPL12P14,ENSG00000224321
ABHD15,ENSG00000168792
PPP1R11P1,ENSG00000236216
PDE4DIPP10,ENSG00000228823
PAFAH1B3,ENSG00000079462
NBPF2P,ENSG00000227001
ABHD15-AS1,ENSG00000264031
NEUROG3,ENSG00000122859
HS6ST1P1,ENSG00000187952
PFN1P10,ENSG00000176378
RNU6-920P,ENSG00000222858
KIN,ENSG00000151657
ANKRD49P4,ENSG00000214684
ZBTB14,ENSG00000198081
RPL21P123,ENSG00000240531
CFTR-AS1,ENSG00000232661
ARHGAP31,ENSG00000031081
CCDC30,ENSG00000186409
CTTNBP2,ENSG00000077063
ASB7,ENSG00000183475
SARAF,ENSG00000133872
LINC01143,ENSG00000237751
SEPTIN4,ENSG00000108387
RN7SKP118,ENSG00000201201
FBXW7,ENSG00000109670
LRRC36,ENSG00000159708
ATP5F1D,ENSG00000099624
LINC01850,ENSG00000227708
CD96,ENSG00000153283
STMN3,ENSG00000197457
THORLNC,ENSG00000226856
RNF152,ENSG00000176641
RBPMS2,ENSG00000166831
BMP2,ENSG00000125845
PDCD11,ENSG00000148843
DNAAF9,ENSG00000088854
TMPRSS5,ENSG00000166682
SLC25A48,ENSG00000145832
GDAP1,ENSG00000104381
CBLC,ENSG00000142273
LINC01964,ENSG00000260840
LSP1P5,ENSG00000291150
ENOSF1,ENSG00000132199
SLC27A2,ENSG00000140284
RNU1-123P,ENSG00000239194
CHPF2,ENSG00000033100
PDHA1,ENSG00000131828
MIR3179-2,ENSG00000257381
MIR3670-2,ENSG00000264722
MIR3180-2,ENSG00000265373
MIR6511A2,ENSG00000278221
MIR6770-2,ENSG00000277698
MIR6511A3,ENSG00000276311
YARS2,ENSG00000139131
C9orf43,ENSG00000157653
COG8,ENSG00000213380
KLHL42,ENSG00000087448
GARIN1B,ENSG00000135248
SLC45A4,ENSG00000022567
MAN2B2,ENSG00000013288
PDF,ENSG00000258429
IYD,ENSG00000009765
SLC17A8,ENSG00000179520
MIR1538,ENSG00000223109
LINC00304,ENSG00000180422
LNCPTCTS,ENSG00000259910
RPS20P2,ENSG00000219274
RNU6-213P,ENSG00000206778
LINC01824,ENSG00000226488
SNORA80C,ENSG00000199787
SEPHS2,ENSG00000179918
ZBED2,ENSG00000177494
RNU7-61P,ENSG00000251706
MIR4518,ENSG00000266305
ZNF768,ENSG00000169957
LZTFL1,ENSG00000163818
POLE3,ENSG00000148229
SPDYE6,ENSG00000260097
MATN1,ENSG00000162510
RPL7L1P16,ENSG00000260494
SRGAP1,ENSG00000196935
SILC1,ENSG00000232044
LMNB1,ENSG00000113368
CCNB2,ENSG00000157456
FBRS,ENSG00000156860
SFPQ,ENSG00000116560
LAMTOR4,ENSG00000188186
CKS2,ENSG00000123975
EXOSC5,ENSG00000077348
TGS1,ENSG00000137574
UGCG,ENSG00000148154
RNU6-416P,ENSG00000252074
RNU6-1043P,ENSG00000222287
RN7SL645P,ENSG00000240863
PRSS54,ENSG00000103023
RPL18A,ENSG00000105640
KCP,ENSG00000135253
NAT1,ENSG00000171428
DCTPP1,ENSG00000179958
PSMF1,ENSG00000125818
C5orf58,ENSG00000234511
GNAZ,ENSG00000128266
PLA2G10FP,ENSG00000261181
SMC1A,ENSG00000072501
C16orf78,ENSG00000166152
SH3GLB2,ENSG00000148341
CCNT2-AS1,ENSG00000224043
BIK,ENSG00000100290
LIN7A,ENSG00000111052
CETN3,ENSG00000153140
PRG2,ENSG00000186652
MRPL15,ENSG00000137547
STRA8,ENSG00000146857
LINC02179,ENSG00000261623
ZNF423,ENSG00000102935
ARMCX5,ENSG00000125962
LINC00276,ENSG00000230448
GRIFIN,ENSG00000275572
HECW2-AS1,ENSG00000229056
ARHGEF3,ENSG00000163947
GDI2P1,ENSG00000229165
LINC01107,ENSG00000225493
CDC14C,ENSG00000218305
RNU6-1136P,ENSG00000252643
RN7SKP198,ENSG00000238324
REL-DT,ENSG00000228414
BMP8B,ENSG00000116985
RN7SL416P,ENSG00000242101
SAP25,ENSG00000205307
RIBC1,ENSG00000158423
OAS3,ENSG00000111331
UBE2S,ENSG00000108106
OXCT2,ENSG00000198754
BMP8B-AS1,ENSG00000285905
FAM237B,ENSG00000283267
PPP4R3B-DT,ENSG00000272606
RBM39,ENSG00000131051
SUN2,ENSG00000100242
MXRA7,ENSG00000182534
PCLAF,ENSG00000166803
TRIT1,ENSG00000043514
FBXO27,ENSG00000161243
SPDYE21,ENSG00000230358
HDAC4-AS1,ENSG00000222020
ADAM3B,ENSG00000260089
MRPS21P7,ENSG00000260024
MRPS21P8,ENSG00000259978
RPL34P29,ENSG00000244551
GRID2IP,ENSG00000215045
LINC01907,ENSG00000226125
ZNF165,ENSG00000197279
ADCY7,ENSG00000121281
NREP,ENSG00000134986
MIR7515HG,ENSG00000236172
ARFGEF1,ENSG00000066777
OR1A2,ENSG00000172150
ZFAND3,ENSG00000156639
LMNB2,ENSG00000176619
RN7SL716P,ENSG00000263558
GDPD1,ENSG00000153982
RNASEH2C,ENSG00000172922
SPIN2B,ENSG00000186787
NEK1,ENSG00000137601
RSL24D1,ENSG00000137876
RPL6P20,ENSG00000236976
VN1R37P,ENSG00000213643
ADTRP,ENSG00000111863
CSTF2,ENSG00000101811
VN1R38P,ENSG00000235227
SAPCD2P1,ENSG00000213644
ZNF735,ENSG00000223614
OR9A1P,ENSG00000237621
BMPER,ENSG00000164619
SNRPGP17,ENSG00000271063
YPEL2,ENSG00000175155
CDC42EP3-AS1,ENSG00000236213
SOX6,ENSG00000110693
SMPDL3A,ENSG00000172594
MIR4729,ENSG00000263857
RNU4-13P,ENSG00000200889
NCAPG,ENSG00000109805
TNFSF13,ENSG00000161955
SSH1,ENSG00000084112
ZNF507,ENSG00000168813
CLMN,ENSG00000165959
ARFGEF3,ENSG00000112379
ABHD17C,ENSG00000136379
EDC3,ENSG00000179151
PIRAT1,ENSG00000237803
RNU6-1328P,ENSG00000222870
RN7SL43P,ENSG00000275878
MIR4650-1,ENSG00000266525
RNU6-979P,ENSG00000206623
MIR6771,ENSG00000274969
PPIAP80,ENSG00000174495
TENT4B,ENSG00000121274
SPDYE2,ENSG00000205238
NUMBL,ENSG00000105245
SPDYE12,ENSG00000184616
HSD17B10,ENSG00000072506
TRGC2,ENSG00000227191
TRGJ2,ENSG00000211687
IAPP,ENSG00000121351
TRGJP2,ENSG00000211688
TRGJ1,ENSG00000211690
TRGJP,ENSG00000211691
TRGJP1,ENSG00000211692
TRGV9,ENSG00000211695
PPRC1,ENSG00000148840
TRGVA,ENSG00000225992
LINC01937,ENSG00000234279
TRGV8,ENSG00000211696
TRGV7,ENSG00000249978
TRGV6,ENSG00000226212
BIN3,ENSG00000147439
TRGV5P,ENSG00000228668
FOSL2-AS1,ENSG00000229951
TRGV5,ENSG00000211697
ABHD12B,ENSG00000131969
MMAB,ENSG00000139428
TRGV4,ENSG00000211698
TRGV3,ENSG00000211699
TRGV2,ENSG00000233306
TRGV1,ENSG00000211701
CKLF,ENSG00000217555
TRGC1,ENSG00000211689
TARP,ENSG00000289746
TCTE1,ENSG00000146221
XRCC2,ENSG00000196584
CA5B,ENSG00000169239
KDM1B,ENSG00000165097
RN7SL845P,ENSG00000244328
FRMD4B,ENSG00000114541
RNU6-1091P,ENSG00000200815
DDC-AS1,ENSG00000226122
LHX8-AS1,ENSG00000224149
RNU6-622P,ENSG00000206999
MIR4423,ENSG00000266110
RNU6-239P,ENSG00000212292
RNU6-121P,ENSG00000222457
CDC25C,ENSG00000158402
FCRL4,ENSG00000163518
SEPTIN6,ENSG00000125354
OR1A1,ENSG00000172146
CKLF-CMTM1,ENSG00000254788
MIR217HG,ENSG00000226702
WBP1LP2,ENSG00000250474
BANF1P5,ENSG00000225935
CEBPG,ENSG00000153879
CBLL1,ENSG00000105879
CMTM2,ENSG00000140932
OR4D1,ENSG00000141194
RTRAF,ENSG00000087302
ZNF29P,ENSG00000108452
UBE2SP1,ENSG00000233966
MICOS13,ENSG00000174917
ZNF286A-TBC1D26,ENSG00000255104
EML4-AS1,ENSG00000224875
VDAC1P9,ENSG00000232366
CMTM4,ENSG00000183723
MIR4654,ENSG00000266144
RNA5SP61,ENSG00000252262
MIR556,ENSG00000207729
C1orf226,ENSG00000239887
TEX35,ENSG00000240021
LINC01794,ENSG00000233128
BEAN1-AS1,ENSG00000261656
LRGUK,ENSG00000155530
TBC1D26,ENSG00000214946
DNMT1,ENSG00000130816
VIP,ENSG00000146469
SQLE,ENSG00000104549
TK2,ENSG00000166548
UPK1B,ENSG00000114638
NEIL3,ENSG00000109674
C1orf220,ENSG00000213057
MIR148A,ENSG00000199085
RNA5SP69,ENSG00000201347
RN7SL521P,ENSG00000240877
DGKA,ENSG00000065357
RNA5SP76,ENSG00000252086
UQCRHL,ENSG00000233954
SNORA80D,ENSG00000207217
ANKRD61,ENSG00000157999
RN7SL7P,ENSG00000266794
SAMD9,ENSG00000205413
IL10,ENSG00000136634
E2F3P1,ENSG00000267046
TAF5LP1,ENSG00000267369
TOMM20P2,ENSG00000255987
SLFN14,ENSG00000236320
H4P1,ENSG00000240680
H2BC15,ENSG00000233822
ELOVL6,ENSG00000170522
SLC22A1,ENSG00000175003
SNORD7,ENSG00000207297
MIR29A,ENSG00000284032
MIR29B1,ENSG00000283797
RNU6-1010P,ENSG00000199627
RAD23BP2,ENSG00000230244
OCM2,ENSG00000135175
ABCA9,ENSG00000154258
AGT,ENSG00000135744
CCDC201,ENSG00000283247
AUTS2,ENSG00000158321
ANKS6,ENSG00000165138
RN7SL431P,ENSG00000264384
MIR190B,ENSG00000215938
ZFP42,ENSG00000179059
CFAP141,ENSG00000163263
SNORA58B,ENSG00000201129
GAPDHP20,ENSG00000224333
LRRC37A12P,ENSG00000229259
RN7SL122P,ENSG00000263529
RPL5P4,ENSG00000229994
MIR551A,ENSG00000207776
TP73-AS3,ENSG00000227589
TP73-AS2,ENSG00000235131
BCL2L15,ENSG00000188761
ADAM21,ENSG00000139985
DIP2C,ENSG00000151240
ZNF619,ENSG00000177873
NPFFR2,ENSG00000056291
CHCHD7,ENSG00000170791
C1orf141,ENSG00000203963
PPP1CB-DT,ENSG00000226833
CTSL,ENSG00000135047
CCNA2,ENSG00000145386
SEC24AP1,ENSG00000267361
MIR4524B,ENSG00000265331
MIR4524A,ENSG00000283385
PRO1804,ENSG00000278873
SNRPGP4,ENSG00000267203
AHSG,ENSG00000145192
ABCA10,ENSG00000154263
SLF2,ENSG00000119906
LDHAP2,ENSG00000235674
MIR1537,ENSG00000222831
RNU6-968P,ENSG00000206803
RNU6ATAC18P,ENSG00000221340
MIR6730,ENSG00000276830
AADACL3,ENSG00000188984
PRDM5,ENSG00000138738
CFAP107,ENSG00000157330
TMEM109,ENSG00000110108
PRAMEF12,ENSG00000116726
PRAMEF1,ENSG00000116721
COL12A1,ENSG00000111799
LINC01923,ENSG00000236653
ZNF214,ENSG00000149050
LINC01939,ENSG00000228799
SNTG2-AS1,ENSG00000235688
TMEM68,ENSG00000167904
SAA4,ENSG00000148965
ANP32B,ENSG00000136938
GRIP2,ENSG00000144596
PTS,ENSG00000150787
CNDP2,ENSG00000133313
AADACL4,ENSG00000204518
RPL32P18,ENSG00000146677
TRIM60P16,ENSG00000229909
FGD3,ENSG00000127084
CICP28,ENSG00000277253
SEPTIN7P5,ENSG00000164740
PHKG1P2,ENSG00000228645
SLC29A4P2,ENSG00000214660
MIR4283-2,ENSG00000265214
CICP24,ENSG00000271466
IL23R,ENSG00000162594
VEGFD,ENSG00000165197
GABPAP,ENSG00000235720
NMD3P1,ENSG00000226342
SLC25A1P3,ENSG00000213645
VN1R34P,ENSG00000233173
ARAFP1,ENSG00000231264
VN1R35P,ENSG00000228660
VN1R36P,ENSG00000230639
RPL10,ENSG00000147403
KMT2E,ENSG00000005483
ZFPL1,ENSG00000162300
CISH,ENSG00000114737
KY,ENSG00000174611
PRAMEF20,ENSG00000204478
LRRC38,ENSG00000162494
LCOR,ENSG00000196233
LYST,ENSG00000143669
CLK4,ENSG00000113240
MND1,ENSG00000121211
NLRP14,ENSG00000158077
NDUFAF6,ENSG00000156170
LINC01802,ENSG00000225064
TM4SF4,ENSG00000169903
AP5B1,ENSG00000254470
UFM1P2,ENSG00000267315
LINC01102,ENSG00000235597
FOLR1,ENSG00000110195
KRT38,ENSG00000171360
CDC123,ENSG00000151465
KRT43P,ENSG00000236473
HACD2,ENSG00000206527
KRT32,ENSG00000108759
RNU2-32P,ENSG00000223125
KRT36,ENSG00000126337
IL17RE,ENSG00000163701
KRT15,ENSG00000171346
DERL1,ENSG00000136986
SNORA3C,ENSG00000221719
FBXL19,ENSG00000099364
CALCRL-AS1,ENSG00000224063
SMIM20,ENSG00000250317
GPR84,ENSG00000139572
CLIC2,ENSG00000155962
SMARCA5,ENSG00000153147
ZNF140,ENSG00000196387
MIR6510,ENSG00000283796
LINC00974,ENSG00000226629
KRT9,ENSG00000171403
ALPK3,ENSG00000136383
COL4A5,ENSG00000188153
ALDH3B1,ENSG00000006534
KRT14,ENSG00000186847
LINC00954,ENSG00000228784
CMTM1,ENSG00000089505
KRT16,ENSG00000186832
RPS27L,ENSG00000185088
LINC01851,ENSG00000233605
MCFD2-AS1,ENSG00000228925
YAF2,ENSG00000015153
KRT35,ENSG00000197079
CCDC92B,ENSG00000277200
BTBD17,ENSG00000204347
RNA5SP448,ENSG00000200021
NCKAP5-AS2,ENSG00000226953
VOPP1-DT,ENSG00000223475
ZNF280D,ENSG00000137871
MIR4739,ENSG00000266665
CBX2,ENSG00000173894
CDC42P2,ENSG00000234844
NSA2,ENSG00000164346
TUBBP6,ENSG00000235207
RNU6-389P,ENSG00000252857
SUMO2P3,ENSG00000224971
CICP11,ENSG00000237799
RNU6-1126P,ENSG00000206729
SEPTIN14,ENSG00000154997
LINC01833,ENSG00000259439
CICP12,ENSG00000225270
CKAP4,ENSG00000136026
LINC01825,ENSG00000223466
RPL7L1P2,ENSG00000231490
CICP17,ENSG00000227233
CYP3A7-CYP3A51P,ENSG00000282301
SIX3-AS1,ENSG00000236502
UBAC1,ENSG00000130560
RN7SL79P,ENSG00000239595
LRCOL1,ENSG00000204583
RN7SL45P,ENSG00000264862
MIR4724,ENSG00000284424
MIR193A,ENSG00000207614
PTTG1,ENSG00000164611
RNU6ATAC7P,ENSG00000221038
MIR4725,ENSG00000265976
MIR365B,ENSG00000283978
LINC02080,ENSG00000267065
RNU6-1264P,ENSG00000206618
BTF3P14,ENSG00000262609
UTP23,ENSG00000147679
MIR4315-1,ENSG00000284055
RDM1P1,ENSG00000266504
CHCT1,ENSG00000141371
SETD5,ENSG00000168137
SDS,ENSG00000135094
LINC01877,ENSG00000238217
CDH3-AS1,ENSG00000260577
RPSAP66,ENSG00000266943
HSPE1P5,ENSG00000261395
DNAAF11,ENSG00000129295
RNU6-623P,ENSG00000200013
RNA5SP429,ENSG00000200558
RN7SL606P,ENSG00000239932
RPL36AP46,ENSG00000224011
DUS4L-BCAP29,ENSG00000288558
FTLP14,ENSG00000260459
KRT18P61,ENSG00000267083
HMGN1P28,ENSG00000254114
RN7SL448P,ENSG00000264322
SNRPEP3,ENSG00000227624
RPLP1P11,ENSG00000243686
RPL22P21,ENSG00000233979
PDILT,ENSG00000169340
RNU6-314P,ENSG00000252383
RNU6-862P,ENSG00000199674
RN7SL442P,ENSG00000239221
RN7SL713P,ENSG00000264128
TACSTD2,ENSG00000184292
PIGL,ENSG00000108474
LINC01647,ENSG00000235643
LINC01555,ENSG00000180869
NECAP1P1,ENSG00000178503
EPDR1,ENSG00000086289
PRAMEF19,ENSG00000204480
RPL22P6,ENSG00000268993
C16orf92,ENSG00000167194
ZBED6,ENSG00000257315
PSD,ENSG00000059915
KCNA3,ENSG00000177272
RNU6-269P,ENSG00000212379
RNU6-1110P,ENSG00000252271
RNU6-103P,ENSG00000200556
SNORA46,ENSG00000207493
GPR141BP,ENSG00000283444
SNORA50A,ENSG00000206952
ZC3H11B,ENSG00000215817
CDCA3P1,ENSG00000225314
FOXD3,ENSG00000187140
RABGAP1,ENSG00000011454
RNU6-1155P,ENSG00000200424
NME8,ENSG00000086288
MIR6068,ENSG00000275836
RN7SL143P,ENSG00000244003
GEMIN8P2,ENSG00000260451
RPL12P36,ENSG00000242423
RNA5SP49,ENSG00000252259
RPSAP65,ENSG00000223683
TUBB3,ENSG00000258947
MIR181B1,ENSG00000207975
MIR181A1,ENSG00000207759
RNU6-1062P,ENSG00000206635
RNU6-662P,ENSG00000206980
SNRPEP10,ENSG00000227002
SMIM38,ENSG00000284713
RNU6-1248P,ENSG00000212398
PHB1P11,ENSG00000227621
ACTBP11,ENSG00000188460
MIR1288,ENSG00000221355
CICP5,ENSG00000233771
RNU6-1319P,ENSG00000212157
TRPV2,ENSG00000187688
MIR4426,ENSG00000283795
RGS2,ENSG00000116741
IRAG1,ENSG00000072952
SNTG1,ENSG00000147481
APOBEC2,ENSG00000124701
RN7SKP126,ENSG00000223075
CRYBG2,ENSG00000176092
LRRC73,ENSG00000204052
MIR6133,ENSG00000276137
COX5BP3,ENSG00000235967
RPS3AP27,ENSG00000226205
PILRA,ENSG00000085514
TEX41,ENSG00000226674
SIM1,ENSG00000112246
SNORD49B,ENSG00000277108
SNORD49A,ENSG00000277370
SNORD65,ENSG00000277512
TRIM67-AS1,ENSG00000235710
CD27,ENSG00000139193
TMEM234,ENSG00000160055
LY86,ENSG00000112799
KLHL11,ENSG00000178502
CNGB1,ENSG00000070729
CNP,ENSG00000173786
TIMM23,ENSG00000265354
TMPRSS6,ENSG00000187045
PZP,ENSG00000126838
ATP5MF-PTCD1,ENSG00000248919
BMP5,ENSG00000112175
GC,ENSG00000145321
HSPB9,ENSG00000260325
GP1BA,ENSG00000185245
BPHL,ENSG00000137274
TRAF4,ENSG00000076604
NMD3P2,ENSG00000231504
GADD45A,ENSG00000116717
TERT,ENSG00000164362
LINC02604,ENSG00000273142
RNU7-80P,ENSG00000238778
COX6B1P7,ENSG00000225242
CACTIN,ENSG00000105298
MRPS18BP1,ENSG00000226013
CNPY1,ENSG00000146910
IKZF5,ENSG00000095574
ESRRG,ENSG00000196482
RNA5SP244,ENSG00000212238
MIR182,ENSG00000207990
MIR96,ENSG00000199158
MIR183,ENSG00000207691
RNA5SP245,ENSG00000201109
ZFX,ENSG00000005889
TRRAP,ENSG00000196367
GMFB,ENSG00000197045
CSHL1,ENSG00000204414
LHPP,ENSG00000107902
BLM,ENSG00000197299
OARD1,ENSG00000124596
RABAC1,ENSG00000105404
RPL7P46,ENSG00000229917
LINC01290,ENSG00000260468
C16orf82,ENSG00000234186
PKP3,ENSG00000184363
ITPRIPL2,ENSG00000205730
PITPNA,ENSG00000174238
PRDM7,ENSG00000126856
SMNDC1,ENSG00000119953
ACSM5P1,ENSG00000260762
FAM89B,ENSG00000176973
ZFP36,ENSG00000128016
NDUFC2,ENSG00000151366
RNU6-944P,ENSG00000200893
CRIP2,ENSG00000182809
TRIM36,ENSG00000152503
RN7SL743P,ENSG00000243954
RNU7-63P,ENSG00000238417
MKNK2,ENSG00000099875
RNU6-430P,ENSG00000252887
CMPK1P2,ENSG00000270832
GBX2-AS1,ENSG00000233611
RAD9A,ENSG00000172613
RNU6-1061P,ENSG00000252339
MARVELD3,ENSG00000140832
GNB3,ENSG00000111664
RNU6-208P,ENSG00000199301
SNORA70D,ENSG00000263666
SNORD71,ENSG00000223224
DPP10-AS3,ENSG00000231538
PHB1P21,ENSG00000260326
MTCH2P4,ENSG00000260939
NET1,ENSG00000173848
RNA5SP427,ENSG00000202193
DARS1-AS1,ENSG00000231890
CNTNAP3,ENSG00000106714
PPIAP50,ENSG00000261330
CLEC3A,ENSG00000166509
KRT8P22,ENSG00000260731
SEZ6,ENSG00000063015
SLC25A46,ENSG00000164209
WWOX-AS1,ENSG00000260969
ST3GAL1,ENSG00000008513
LSM3P5,ENSG00000260014
WWOX-AS2,ENSG00000260733
RPS3P7,ENSG00000243101
RNA5SP431,ENSG00000222244
ERCC4,ENSG00000175595
SPATA12,ENSG00000186451
VSIG2,ENSG00000019102
CMTM8,ENSG00000170293
AP1M2,ENSG00000129354
CHRNB2,ENSG00000160716
MMP7,ENSG00000137673
TMEM170B,ENSG00000205269
RPS26P52,ENSG00000242307
LINC02186,ENSG00000261856
AKAP12,ENSG00000131016
TVP23CP2,ENSG00000262470
UBLCP1,ENSG00000164332
LELP1,ENSG00000203784
UBE2D3,ENSG00000109332
MIR1273H,ENSG00000274466
PRR9,ENSG00000203783
RNU7-24P,ENSG00000239081
RPLP0P4,ENSG00000230779
LORICRIN,ENSG00000203782
FTH1,ENSG00000167996
RPL21P119,ENSG00000220793
PGLYRP3,ENSG00000159527
RET,ENSG00000165731
TCF21,ENSG00000118526
RILPL2,ENSG00000150977
ENPP5,ENSG00000112796
NIT2,ENSG00000114021
RPL39P31,ENSG00000242176
CIAO2B,ENSG00000166595
PGLYRP4,ENSG00000163218
COQ5,ENSG00000110871
GPR155-DT,ENSG00000226853
B9D1,ENSG00000108641
RNU6-160P,ENSG00000207321
FNDC1,ENSG00000164694
S100A12,ENSG00000163221
LAPTM4BP1,ENSG00000237008
S100A15A,ENSG00000224784
S100A7A,ENSG00000184330
RN7SL543P,ENSG00000265918
S100A7P1,ENSG00000203781
S100A7L2,ENSG00000197364
RPS27AP5,ENSG00000231767
RACK1,ENSG00000204628
TNFRSF18,ENSG00000186891
TM4SF1,ENSG00000169908
EHBP1-AS1,ENSG00000231609
ACY3,ENSG00000132744
B3GALT6,ENSG00000176022
ADGRG7,ENSG00000144820
ARHGEF25,ENSG00000240771
C1QTNF12,ENSG00000184163
SPMIP8,ENSG00000159648
MIR6726,ENSG00000278073
PLEKHO1,ENSG00000023902
MTM1,ENSG00000171100
EME2,ENSG00000197774
CCDC71,ENSG00000177352
LINC01123,ENSG00000204588
SPATA33,ENSG00000167523
STMND1,ENSG00000230873
GRAMD1C,ENSG00000178075
RN7SL480P,ENSG00000266187
RNU2-17P,ENSG00000222222
LINC01885,ENSG00000237880
CIART,ENSG00000159208
DLK1,ENSG00000185559
SCML4,ENSG00000146285
SAXO4,ENSG00000162148
KCNG4,ENSG00000168418
LINC01886,ENSG00000224568
REXO1,ENSG00000079313
POLR3KP2,ENSG00000265469
PKD1L3,ENSG00000277481
SSTR2,ENSG00000180616
LINC01614,ENSG00000230838
CPSF4L,ENSG00000187959
NDUFA8,ENSG00000119421
TTN-AS1,ENSG00000237298
RNU6-638P,ENSG00000252391
RPL9P29,ENSG00000267355
RNF222,ENSG00000189051
C17orf99,ENSG00000187997
HSDL2,ENSG00000119471
RBM22P13,ENSG00000261284
TFAM,ENSG00000108064
GSG1L2,ENSG00000214978
MIR6727,ENSG00000283712
HNF1A,ENSG00000135100
TAS1R3,ENSG00000169962
IGHV1OR16-1,ENSG00000261704
DNAH2,ENSG00000183914
MIR6808,ENSG00000284372
NDUFB4P8,ENSG00000223663
IGHV1OR16-3,ENSG00000260048
RNU6-48P,ENSG00000206888
ACTG1P20,ENSG00000241547
IGHV3OR16-9,ENSG00000270472
MTCO1P38,ENSG00000283174
CLDN20,ENSG00000171217
IMPA1,ENSG00000133731
ABHD17AP8,ENSG00000260540
ZNF292,ENSG00000188994
DCAF4,ENSG00000119599
MTCYBP15,ENSG00000232154
MTND6P15,ENSG00000225723
MTND5P18,ENSG00000227860
PIK3CD-AS1,ENSG00000179840
CHD9,ENSG00000177200
MZT1P1,ENSG00000271264
RN7SKP269,ENSG00000202415
MIR5697,ENSG00000265521
RNU6-693P,ENSG00000251943
SLC25A38P1,ENSG00000229785
RNU1-153P,ENSG00000277678
RNU1-154P,ENSG00000270384
CD5,ENSG00000110448
RNVU1-31,ENSG00000270722
GJA1,ENSG00000152661
NBPF20,ENSG00000162825
PTPRS,ENSG00000105426
ELOVL2,ENSG00000197977
MKI67,ENSG00000148773
DNAJB13,ENSG00000187726
UST,ENSG00000111962
CUL9,ENSG00000112659
LINC01173,ENSG00000280744
FSIP2-AS1,ENSG00000231646
SPDYE4,ENSG00000183318
MIR4734,ENSG00000275238
CD6,ENSG00000013725
MIR4726,ENSG00000273627
RNA5SP440,ENSG00000276036
RNU6-866P,ENSG00000274607
MIR4727,ENSG00000274054
DCAF7,ENSG00000136485
LCT-AS1,ENSG00000226806
MVB12A,ENSG00000141971
UNC5B,ENSG00000107731
DIPK1B,ENSG00000165716
CP,ENSG00000047457
GCSIR,ENSG00000232520
ZMYND19,ENSG00000165724
SLC30A6-DT,ENSG00000272716
MIR633,ENSG00000207552
TRMT112P3,ENSG00000265262
DNAJB6P8,ENSG00000264529
GPR142,ENSG00000257008
TCERG1L,ENSG00000176769
POLR2J3,ENSG00000168255
SLC35G3,ENSG00000164729
EFCAB5,ENSG00000176927
LRSAM1,ENSG00000148356
VAMP3,ENSG00000049245
LINC02245,ENSG00000237638
CCDC6,ENSG00000108091
UTS2,ENSG00000049247
C12orf75,ENSG00000235162
ZNF534,ENSG00000198633
RPL7AP18,ENSG00000232848
RPL21P24,ENSG00000229554
ATP6V0E1P4,ENSG00000227883
HSPE1P24,ENSG00000225158
CFL1P6,ENSG00000215785
CIROZ,ENSG00000175262
UPK3BL2,ENSG00000284981
NUDT14,ENSG00000183828
POLR2J2,ENSG00000228049
ZNF230,ENSG00000159882
TRIM8,ENSG00000171206
SEPTIN7,ENSG00000122545
SLC2A3P2,ENSG00000185031
RNU6-1176P,ENSG00000212257
MIR3671,ENSG00000265996
MIR101-1,ENSG00000199135
LINC02576,ENSG00000232613
MRPS21P1,ENSG00000234496
C12orf43,ENSG00000157895
RPS29P7,ENSG00000231622
SETSIP,ENSG00000230667
RPL17P5,ENSG00000230721
NEMP2-DT,ENSG00000233654
NUAK2,ENSG00000163545
TANC2,ENSG00000170921
BBC3,ENSG00000105327
TMED10,ENSG00000170348
SNRPGP10,ENSG00000235363
LEMD1,ENSG00000186007
TMED7,ENSG00000134970
CHST5,ENSG00000135702
CLPS,ENSG00000137392
SLC22A31,ENSG00000259803
LYRM4,ENSG00000214113
NPIPB8,ENSG00000255524
UBE2B,ENSG00000119048
PI4KA,ENSG00000241973
TTC21B-AS1,ENSG00000224490
VSTM2L,ENSG00000132821
RN7SKP127,ENSG00000222375
MIR135B,ENSG00000199059
LEMD1-DT,ENSG00000224717
FLVCR2,ENSG00000119686
LINC02942,ENSG00000237074
BICRA,ENSG00000063169
RAPGEF4-AS1,ENSG00000228016
CR1-AS1,ENSG00000236911
PAGR1,ENSG00000280789
RNA5SP534,ENSG00000274059
UBE2E3-DT,ENSG00000236153
SYT14,ENSG00000143469
ENTPD6,ENSG00000197586
MIR6864,ENSG00000274300
MIR6865,ENSG00000278517
MAPK8IP3,ENSG00000138834
USP6,ENSG00000129204
FGFR2,ENSG00000066468
PLEKHG4B,ENSG00000153404
CCDC60,ENSG00000183273
CLEC3B,ENSG00000163815
OCRL,ENSG00000122126
INTS4P2,ENSG00000273024
LINC01936,ENSG00000235997
CTDSPL2,ENSG00000137770
AMOTL2,ENSG00000114019
ZNF733P,ENSG00000185037
LINC01865,ENSG00000233684
OR9A3P,ENSG00000240031
LSR,ENSG00000105699
OR9N1P,ENSG00000244292
OR10AH1P,ENSG00000272595
APOF,ENSG00000175336
STAG3L5P,ENSG00000242294
GTF2IP7,ENSG00000227038
LAG3,ENSG00000089692
RASA4CP,ENSG00000228903
RIOK2,ENSG00000058729
CFAP97P1,ENSG00000271164
RNU6-171P,ENSG00000207082
MYB,ENSG00000118513
SLC23A4P,ENSG00000276067
PBX1-AS1,ENSG00000233693
DTNA,ENSG00000134769
RPL35AP7,ENSG00000225487
SLC1A2,ENSG00000110436
RNU6-755P,ENSG00000201270
WNT9A,ENSG00000143816
OR2A3P,ENSG00000183122
OR2A20P,ENSG00000170356
OR2A9P,ENSG00000228960
MIR5008,ENSG00000264483
CICP26,ENSG00000233003
NSUN5P2,ENSG00000106133
PBX1,ENSG00000185630
STAG3L2,ENSG00000277072
MDM1,ENSG00000111554
FKBP6P2,ENSG00000146722
PMS2CL,ENSG00000187953
SLC36A1,ENSG00000123643
GTF2IRD2P1,ENSG00000214544
LINC01376,ENSG00000236204
CCT6P3,ENSG00000234585
ATG3,ENSG00000144848
GTF2IP1,ENSG00000277053
RPL39,ENSG00000198918
RNF213-AS1,ENSG00000263069
MIR4730,ENSG00000264961
TSPAN7,ENSG00000156298
NPTX1,ENSG00000171246
POLR2J4,ENSG00000272655
NUPR2P1,ENSG00000272693
STAG3L1,ENSG00000205583
CHCHD3P3,ENSG00000214973
NPM1P39,ENSG00000225159
RPL32P31,ENSG00000213128
SNRPEP7,ENSG00000225990
SPDYE7P,ENSG00000179994
OR2AK2,ENSG00000187080
RPL31P7,ENSG00000232083
FKBP9P1,ENSG00000176826
OR6K6,ENSG00000180433
FCRLB,ENSG00000162746
RNA5SP438,ENSG00000252370
CCL7,ENSG00000108688
ZNF890P,ENSG00000159904
PMS2P3,ENSG00000127957
COX6CP16,ENSG00000270313
LINC00311,ENSG00000179219
MIR5093,ENSG00000266307
ZNF815P,ENSG00000235944
LINC02890,ENSG00000260905
CCL11,ENSG00000172156
LMF1-AS1,ENSG00000260439
ZNF767P,ENSG00000133624
LINC01965,ENSG00000256637
FAM219B,ENSG00000178761
CCL8,ENSG00000108700
ABCC11,ENSG00000121270
DPY19L2P4,ENSG00000235436
FAM185BP,ENSG00000214439
CCT6P1,ENSG00000228409
CCL13,ENSG00000181374
PRSS38,ENSG00000185888
CCL1,ENSG00000108702
FKBP11,ENSG00000134285
DPY19L2P1,ENSG00000189212
OR10R2,ENSG00000198965
OR2L13,ENSG00000196071
PSMC1,ENSG00000100764
RABGEF1P1,ENSG00000229180
CCL2,ENSG00000108691
GACAT3,ENSG00000236289
OR14L1,ENSG00000198452
CLEC20A,ENSG00000188585
TBC1D28,ENSG00000189375
SLC39A14,ENSG00000104635
RP9P,ENSG00000205763
PLA1A,ENSG00000144837
NBPF14,ENSG00000270629
NSUN5P1,ENSG00000223705
TMEM255A,ENSG00000125355
SBDSP1,ENSG00000225648
STAG3L4,ENSG00000106610
PMS2P4,ENSG00000067601
PMS2P1,ENSG00000078319
SCIMP,ENSG00000161929
GTF2IRD1P1,ENSG00000230583
SEPTIN7P2,ENSG00000214765
MAPKBP1,ENSG00000137802
GTF2IP13,ENSG00000272556
DPY19L2P3,ENSG00000227855
PAX8-AS1,ENSG00000189223
ALDH1L2,ENSG00000136010
CACNA2D1-AS1,ENSG00000223770
MTHFD2P5,ENSG00000213530
RNU1-108P,ENSG00000199426
RNU1-52P,ENSG00000206917
RNVU1-34,ENSG00000200997
DPP6-AS1,ENSG00000236408
RNU6-518P,ENSG00000251865
TWF1P1,ENSG00000178082
CRYBA1,ENSG00000108255
PAXBP1P1,ENSG00000233489
HTR5A,ENSG00000157219
BNIP1,ENSG00000113734
MTSS2,ENSG00000132613
RPL35AP35,ENSG00000239256
DPP6,ENSG00000130226
ITGB3,ENSG00000259207
TCAIM,ENSG00000179152
TAS1R2,ENSG00000179002
TNFRSF4,ENSG00000186827
SOD1P2,ENSG00000261282
GNL3L,ENSG00000130119
SEPTIN1,ENSG00000180096
VDR,ENSG00000111424
NEMF,ENSG00000165525
RAB3A,ENSG00000105649
AKR1D1P1,ENSG00000227776
LINC01699,ENSG00000179452
RNU7-186P,ENSG00000238419
RNA5SP70,ENSG00000252977
RN7SKP229,ENSG00000222397
CAMTA1-AS3,ENSG00000237365
ZMAT2,ENSG00000146007
RTN2,ENSG00000125744
RNU1-8P,ENSG00000207056
EFCAB13,ENSG00000178852
MIR1290,ENSG00000221662
LINC01821,ENSG00000225539
AXDND1,ENSG00000162779
PPIAP49,ENSG00000260471
IRX2,ENSG00000170561
RPL21P118,ENSG00000239763
PCHILR,ENSG00000260884
RNU6-237P,ENSG00000251794
NPIPB15,ENSG00000196436
GPRIN1,ENSG00000169258
ABCC12,ENSG00000140798
UGT3A2,ENSG00000168671
FAM234B,ENSG00000084444
MAP3K2-DT,ENSG00000236682
SEBOX,ENSG00000274529
CHD1,ENSG00000153922
HCFC2,ENSG00000111727
RNU6-898P,ENSG00000202497
ITM2BP1,ENSG00000266853
CHTF8,ENSG00000168802
CPDP1,ENSG00000264240
LINC01934,ENSG00000234663
CPSF2,ENSG00000165934
LGALS9DP,ENSG00000266786
RNU6-22P,ENSG00000207083
LYRM9-AS1,ENSG00000266527
DERPC,ENSG00000286140
RNA5SP437,ENSG00000253058
WDR45BP1,ENSG00000265574
ARGFXP2,ENSG00000265293
MEF2AP1,ENSG00000224620
HNRNPA1P54,ENSG00000236539
RNU5F-2P,ENSG00000251875
C2CD4C,ENSG00000183186
PTCD2,ENSG00000049883
ZNF177,ENSG00000188629
ANGPTL7,ENSG00000171819
MIR1225,ENSG00000221656
UQCC4,ENSG00000174109
OR1G1,ENSG00000183024
PERCC1,ENSG00000284395
SHPK,ENSG00000197417
APOLD1,ENSG00000178878
CCDC154,ENSG00000197599
ZNF607,ENSG00000198182
CTNS-AS1,ENSG00000262903
P2RX5-TAX1BP3,ENSG00000257950
RNU6-291P,ENSG00000207451
RPL39P6,ENSG00000238173
RPL21P125,ENSG00000240898
UBIAD1,ENSG00000120942
HASPIN,ENSG00000177602
VWF,ENSG00000110799
LINC00299,ENSG00000236790
RN7SL236P,ENSG00000243870
LINC01567,ENSG00000224310
NEK4P2,ENSG00000264359
RNASEH1P2,ENSG00000231458
MPG,ENSG00000103152
WDR13,ENSG00000101940
UBE2V2P3,ENSG00000238199
RN7SL444P,ENSG00000265753
RNY4P25,ENSG00000238711
MIR554,ENSG00000207606
TF,ENSG00000091513
RNU6-405P,ENSG00000252446
ZNF530,ENSG00000183647
RN7SL620P,ENSG00000276088
UPF3AP1,ENSG00000226478
SRP68P1,ENSG00000266129
FAM106C,ENSG00000288235
WBP1LP7,ENSG00000269732
COTL1P1,ENSG00000229749
OR4F29,ENSG00000284733
NSRP1P1,ENSG00000235613
HSPE1P25,ENSG00000232015
TMEM114,ENSG00000232258
NEXN-AS1,ENSG00000235927
RNU6-1102P,ENSG00000251958
FAM32A,ENSG00000105058
MIR8083,ENSG00000274940
RN7SL372P,ENSG00000242565
RNU6ATAC3P,ENSG00000210709
CHN2-AS1,ENSG00000235669
NANOGP4,ENSG00000237065
CDH13,ENSG00000140945
IPO8P1,ENSG00000224668
RPL6P21,ENSG00000223445
EEF1A1P26,ENSG00000233167
SPDYE14,ENSG00000286137
GOSR2,ENSG00000108433
PRELID1P5,ENSG00000226986
GRM8,ENSG00000179603
MTND1P23,ENSG00000225972
UPK3A,ENSG00000100373
MTND2P28,ENSG00000225630
MTCO1P12,ENSG00000237973
MTCO2P12,ENSG00000229344
MTATP8P1,ENSG00000240409
MTATP6P1,ENSG00000248527
HDGFL3,ENSG00000166503
MTCO3P12,ENSG00000198744
WBP1LP6,ENSG00000268663
OR4F16,ENSG00000284662
CICP3,ENSG00000229376
RNU6-1199P,ENSG00000223181
SLC1A6,ENSG00000105143
CICP21,ENSG00000278455
GPR132,ENSG00000183484
GYG1P3,ENSG00000231095
MIR4422,ENSG00000265822
KIRREL1-IT1,ENSG00000226520
ELL2P1,ENSG00000227295
RNU1-7P,ENSG00000200975
RERE-AS1,ENSG00000232912
POLDIP3,ENSG00000100227
RPL7P11,ENSG00000234619
RPL7P7,ENSG00000224315
RPL23AP19,ENSG00000229716
MIR6728,ENSG00000274258
RNU6-304P,ENSG00000201725
HMGN2P17,ENSG00000238249
DENND4A,ENSG00000174485
CA6,ENSG00000131686
RPL36AL,ENSG00000165502
MIR8058,ENSG00000277387
RN7SL134P,ENSG00000263360
MIR3182,ENSG00000263785
LARP7P2,ENSG00000261939
C16orf86,ENSG00000159761
KHNYN,ENSG00000100441
NPIPB6,ENSG00000198156
GRASLND,ENSG00000228203
TMCC3,ENSG00000057704
SLC2A2,ENSG00000163581
MIR592,ENSG00000207692
GRM8-AS1,ENSG00000236340
THAP11,ENSG00000168286
DGKI,ENSG00000157680
RP2,ENSG00000102218
RN7SL451P,ENSG00000265141
NRN1L,ENSG00000188038
SPEN,ENSG00000065526
OLR1,ENSG00000173391
PSKH1,ENSG00000159792
DLG3,ENSG00000082458
CTRL,ENSG00000141086
GIN1,ENSG00000145723
PRKCZ-AS1,ENSG00000182873
WDR26,ENSG00000162923
DTNB-AS1,ENSG00000224220
KCNH7-AS1,ENSG00000237750
CCNT1,ENSG00000129315
LCAT,ENSG00000213398
NEK9,ENSG00000119638
MYL10,ENSG00000106436
EPCAM-DT,ENSG00000234690
MIR3146,ENSG00000265932
CDC25A,ENSG00000164045
CPA1,ENSG00000091704
KARS1P3,ENSG00000262962
ARSK,ENSG00000164291
DPEP2NB,ENSG00000263201
PLA2G10EP,ENSG00000255037
MIR3179-1,ENSG00000284305
ZFPM1,ENSG00000179588
PLEKHG7,ENSG00000187510
KLHL22,ENSG00000099910
RNU6-1097P,ENSG00000200456
RPL36AP27,ENSG00000225443
MIR5189,ENSG00000263456
ZFPM1-AS1,ENSG00000261744
SCHLAP1,ENSG00000281131
IL17C,ENSG00000124391
RNU6-215P,ENSG00000202039
C5orf22,ENSG00000082213
MAPRE3-AS1,ENSG00000205500
GCC1,ENSG00000179562
SNAI3,ENSG00000185669
INHBE,ENSG00000139269
FSCN3,ENSG00000106328
MIR4722,ENSG00000284585
HSALR1,ENSG00000224888
LRIG3,ENSG00000139263
PIEZO1-AS1,ENSG00000182376
RNU7-125P,ENSG00000238964
GALNT17,ENSG00000185274
TMEM18-DT,ENSG00000233296
MIR5087,ENSG00000283676
RNVU1-21,ENSG00000202408
RNVU1-1,ENSG00000207340
RNU1-155P,ENSG00000252135
MIR6077,ENSG00000278596
RNVU1-2,ENSG00000238825
RNVU1-3,ENSG00000201183
LINC01795,ENSG00000225226
CYCSP4,ENSG00000229120
COPS2,ENSG00000166200
RNU6-89P,ENSG00000272262
RPS27P8,ENSG00000236439
MIR3914-1,ENSG00000265878
MIR3914-2,ENSG00000283278
OPHN1,ENSG00000079482
ABL2,ENSG00000143322
CAPN1,ENSG00000014216
CARMIL2,ENSG00000159753
EMC3,ENSG00000125037
LINC01792,ENSG00000237166
ANKRD54,ENSG00000100124
MIR153-2,ENSG00000207960
AMACR,ENSG00000242110
MIR595,ENSG00000207637
MIR5707,ENSG00000265598
THAP5P1,ENSG00000224324
SLC8B1,ENSG00000089060
LRPAP1,ENSG00000163956
MAGI2,ENSG00000187391
LINC01812,ENSG00000237013
LINC01913,ENSG00000214691
NAA50,ENSG00000121579
MIR5089,ENSG00000264999
RPRML,ENSG00000179673
RN7SL270P,ENSG00000277198
ZFYVE21,ENSG00000100711
KRTAP4-3,ENSG00000196156
KRTAP4-1,ENSG00000198443
CBFA2T3,ENSG00000129993
DEPDC1B,ENSG00000035499
PPM1E,ENSG00000175175
LINC01807,ENSG00000232023
RNU6-288P,ENSG00000200560
HLA-DRB2,ENSG00000227442
CSH2,ENSG00000213218
NICN1,ENSG00000145029
AWAT2,ENSG00000147160
LINC01963,ENSG00000260804
LINC02579,ENSG00000233694
FUNDC1,ENSG00000069509
AFTPH-DT,ENSG00000260101
SPRED3,ENSG00000188766
GGA1,ENSG00000100083
ZFPM2,ENSG00000169946
MAGEA9B,ENSG00000267978
EIF2AK3-DT,ENSG00000234028
CHCHD4,ENSG00000163528
GH2,ENSG00000136487
PHF2,ENSG00000197724
SMARCA1,ENSG00000102038
IL21R-AS1,ENSG00000259954
RNU6-159P,ENSG00000212382
RNU6-1241P,ENSG00000207266
SLCO1B3,ENSG00000111700
CCNP,ENSG00000105219
WDR20,ENSG00000140153
NDUFAF3,ENSG00000178057
MMADHC-DT,ENSG00000231969
RNA5SP425,ENSG00000222268
EIF4BP5,ENSG00000261336
CYP2S1,ENSG00000167600
NDUFA5P11,ENSG00000259918
MIR1910,ENSG00000283416
RNU1-103P,ENSG00000252311
RPL10AP12,ENSG00000214259
COX7C,ENSG00000127184
MIR6774,ENSG00000274134
SETP10,ENSG00000231905
EIF4A1P11,ENSG00000231564
NPIPB3,ENSG00000169246
COX5BP8,ENSG00000223794
MIR4252,ENSG00000265392
CTBP1,ENSG00000159692
RN7SL230P,ENSG00000264916
RPSAP16,ENSG00000235145
MRPS9-AS2,ENSG00000224509
QSOX1,ENSG00000116260
FOS,ENSG00000170345
MIR3680-1,ENSG00000265462
HRG,ENSG00000113905
SLC7A5P2,ENSG00000258186
KIF20A,ENSG00000112984
BCLAF1P2,ENSG00000279800
MIR193B,ENSG00000207639
LINC01931,ENSG00000162947
MIR365A,ENSG00000199130
LINC03107,ENSG00000263257
SCAMP4,ENSG00000227500
RN7SKP176,ENSG00000260682
MTCYBP28,ENSG00000260161
RN7SKP190,ENSG00000251888
ACTR3BP3,ENSG00000260327
PABPC1P13,ENSG00000260307
ABCD1P3,ENSG00000261233
RNU6-1192P,ENSG00000277029
FAM153DP,ENSG00000259966
RNA5SP439,ENSG00000274164
SRRM4,ENSG00000139767
LTBP2,ENSG00000119681
MTND6P35,ENSG00000283879
MTCYBP13,ENSG00000266529
MTND1P15,ENSG00000264168
MTND2P13,ENSG00000263914
NMTRS-TGA3-1,ENSG00000241225
MTATP6P3,ENSG00000263483
ABHD17AP7,ENSG00000260864
MTCO3P13,ENSG00000264316
PDIA3,ENSG00000167004
CSH1,ENSG00000136488
CASP1,ENSG00000137752
YWHAQP9,ENSG00000230019
IGHV2OR16-5,ENSG00000259303
HNRNPA1P6,ENSG00000229887
PGBP,ENSG00000227179
BCAP31P2,ENSG00000260047
FMO9P,ENSG00000215834
OR2T32P,ENSG00000197067
OR2L1P,ENSG00000224227
ZNF731P,ENSG00000227671
IGHV3OR16-15,ENSG00000261834
OR2W5P,ENSG00000203664
IGHV3OR16-6,ENSG00000270864
CLEC1A,ENSG00000150048
PDZK1P1,ENSG00000215859
SLC17A9,ENSG00000101194
H2BP2,ENSG00000234571
MIGA2,ENSG00000148343
CHIAP2,ENSG00000203878
IGHV1OR16-2,ENSG00000259852
IGHV3OR16-10,ENSG00000233732
FOXN1,ENSG00000109101
IGHV1OR16-4,ENSG00000259997
IGHV3OR16-8,ENSG00000271130
TASOR,ENSG00000163946
RN7SKP142,ENSG00000223168
PDE4DIPP7,ENSG00000234232
COX6CP1,ENSG00000260318
H2BC19P,ENSG00000220323
H2BC20P,ENSG00000261716
TNFRSF17,ENSG00000048462
DDX11L1,ENSG00000223972
OR4G11P,ENSG00000240361
MST1L,ENSG00000186715
GALNT8,ENSG00000130035
UBL5P4,ENSG00000260224
PMS2P2,ENSG00000278416
RPS23P6,ENSG00000241641
MRPS9-AS1,ENSG00000231851
SLC35E2A,ENSG00000215790
RAPGEF5,ENSG00000136237
DNAH3,ENSG00000158486
LINC01145,ENSG00000272419
KMT2CP2,ENSG00000276756
RPTOR,ENSG00000141564
PDE4DIPP4,ENSG00000275585
CAPN10-DT,ENSG00000260942
SEPTIN7P13,ENSG00000185495
NBPF25P,ENSG00000272150
PRKD3-DT,ENSG00000232028
FXYD5,ENSG00000089327
CLCA3P,ENSG00000153923
P2RX7,ENSG00000089041
CAVIN2-AS1,ENSG00000233766
SORL1,ENSG00000137642
HOXA4,ENSG00000197576
GTF2IP20,ENSG00000272645
LINC01280,ENSG00000224391
MARK2P13,ENSG00000228815
CROCCP2,ENSG00000215908
H2BP1,ENSG00000223345
PPIEL,ENSG00000243970
MTMR9LP,ENSG00000220785
REM1,ENSG00000088320
CELF4,ENSG00000101489
SLC26A5,ENSG00000170615
FCGR1BP,ENSG00000198019
GBA1LP,ENSG00000160766
FAAHP1,ENSG00000232022
EMBP1,ENSG00000231752
SPATA3-AS1,ENSG00000238062
KLHL28,ENSG00000179454
PTPN11BP,ENSG00000217801
LINC00869,ENSG00000277147
ZBTB47,ENSG00000114853
SEPTIN14P21,ENSG00000231512
MXD3,ENSG00000213347
PDE4DIPP6,ENSG00000231551
TIPINP2,ENSG00000261151
DHX35,ENSG00000101452
TUBA5P,ENSG00000214796
RNU6-1208P,ENSG00000238482
MIR6731,ENSG00000278034
RPS3AP2,ENSG00000219027
PTX4,ENSG00000251692
EHHADH,ENSG00000113790
FAHD1,ENSG00000180185
PRSS41,ENSG00000215148
TP53TG3D,ENSG00000205456
TIGIT,ENSG00000181847
PRSS53,ENSG00000151006
UQCRQ,ENSG00000164405
RNU4-28P,ENSG00000201609
ENG,ENSG00000106991
MICOS10-NBL1,ENSG00000270136
PABPN1L,ENSG00000205022
TIAL1,ENSG00000151923
MUC13,ENSG00000173702
SERTAD2-AS1,ENSG00000226756
HTR6,ENSG00000158748
TP53TG3,ENSG00000183632
RUNX3,ENSG00000020633
CCDC152,ENSG00000198865
APH1B,ENSG00000138613
RUNX3-AS1,ENSG00000229162
MIR4425,ENSG00000264371
LINC02793,ENSG00000285823
CPHXL2,ENSG00000284484
RNU6-487P,ENSG00000202300
LARP7P1,ENSG00000271588
MPO,ENSG00000005381
SEC22B4P,ENSG00000277406
NQO1,ENSG00000181019
RNVU1-29,ENSG00000273768
RNVU1-25,ENSG00000274428
RNA5SP536,ENSG00000274408
HYDIN2,ENSG00000276975
LINC02862,ENSG00000237571
DPP10-AS1,ENSG00000235026
CCT8P1,ENSG00000226015
RPL7AP15,ENSG00000236806
CFAP100,ENSG00000163885
LINC02794,ENSG00000226133
CYP46A4P,ENSG00000237180
SKINT1L,ENSG00000242267
TSPOAP1,ENSG00000005379
PPP1R8P1,ENSG00000224986
SOD2P1,ENSG00000234257
BTG2,ENSG00000159388
CHD5,ENSG00000116254
RHCG,ENSG00000140519
KIF2A,ENSG00000068796
RNASEH1-DT,ENSG00000234171
MAP4K5,ENSG00000012983
LINC02612,ENSG00000224048
PLXND1,ENSG00000004399
RNA5SP428,ENSG00000201999
BEAN1,ENSG00000166546
PPP3R1-AS1,ENSG00000289156
BOLA2-SMG1P6,ENSG00000261740
LINC01940,ENSG00000227744
KIF11,ENSG00000138160
TGM2,ENSG00000198959
GRAMD2A,ENSG00000175318
HDAC7,ENSG00000061273
RN7SL557P,ENSG00000266166
IL1R1-AS1,ENSG00000226925
HNRNPA1L3,ENSG00000224578
PKD1,ENSG00000008710
HES3,ENSG00000173673
MIR200B,ENSG00000207730
MIR200A,ENSG00000207607
MIR429,ENSG00000198976
TMEM88B,ENSG00000205116
VPS33B,ENSG00000184056
KLHL35,ENSG00000149243
PDE4DIP,ENSG00000178104
MIR142,ENSG00000284353
MIR4736,ENSG00000264399
SUPT4H1,ENSG00000213246
PFKFB3,ENSG00000170525
PLAAT5,ENSG00000168004
ZNF337,ENSG00000130684
KLF15,ENSG00000163884
NIFK-AS1,ENSG00000236859
NOX1,ENSG00000007952
INKA1,ENSG00000185614
KCNMB2,ENSG00000197584
DMC1,ENSG00000100206
NEU3,ENSG00000162139
BOLA3-DT,ENSG00000225439
NLRP1,ENSG00000091592
DSTN,ENSG00000125868
OXTR,ENSG00000180914
OVOL1,ENSG00000172818
DRD2,ENSG00000149295
LINC01823,ENSG00000224655
C3orf38,ENSG00000179021
LIME1,ENSG00000203896
RAB8A,ENSG00000167461
SLC8A1-AS1,ENSG00000227028
PLAC1,ENSG00000170965
RAPGEF2,ENSG00000109756
CDS2,ENSG00000101290
SYN1,ENSG00000008056
VAPA,ENSG00000101558
ALDH7A1P3,ENSG00000243853
PSMD14-DT,ENSG00000235724
TRPC6P3,ENSG00000232361
RN7SKP280,ENSG00000201066
RPL36AP30,ENSG00000224629
SSU72L6,ENSG00000230268
COPG2IT1,ENSG00000286214
APPAT,ENSG00000230606
RNA5SP246,ENSG00000239021
TSGA13,ENSG00000213265
AURKC,ENSG00000105146
LINC02966,ENSG00000234997
KLF14,ENSG00000266265
SOX30,ENSG00000039600
RN7SKP75,ENSG00000199940
CALN1,ENSG00000183166
TSC22D3,ENSG00000157514
MCMDC2,ENSG00000178460
RNA5SP232,ENSG00000201014
EIF6,ENSG00000242372
SND1-IT1,ENSG00000279078
KIF3A,ENSG00000131437
MIR593,ENSG00000207588
MIR129-1,ENSG00000207705
RPL21P72,ENSG00000224593
LINC01806,ENSG00000227403
DLEC1,ENSG00000008226
ZNRF2P1,ENSG00000237004
EPS15P1,ENSG00000242948
PTH2,ENSG00000142538
RPL13AP17,ENSG00000231322
PKD1-AS1,ENSG00000259933
LINC01817,ENSG00000231420
FABP5P3,ENSG00000241735
MIR6511B1,ENSG00000284008
MIR4516,ENSG00000265867
MIR3180-5,ENSG00000264397
SNORD60,ENSG00000206630
TPI1P2,ENSG00000230359
CASKIN1,ENSG00000167971
GTF2IP4,ENSG00000233369
RGS4,ENSG00000117152
MATK,ENSG00000007264
SEZ6L,ENSG00000100095
COPS8-DT,ENSG00000227252
SMAD4,ENSG00000141646
ZNRF2P2,ENSG00000225264
CDHR17P,ENSG00000233491
KIF19BP,ENSG00000230914
ZBED10P,ENSG00000188707
BICDL3P,ENSG00000225969
C11orf87,ENSG00000185742
RAD17P1,ENSG00000232400
SMARCAL1-AS1,ENSG00000235042
SLC22A24,ENSG00000197658
BRWD1P3,ENSG00000232841
TECRL,ENSG00000205678
BRICD5,ENSG00000182685
TTC36,ENSG00000172425
RASGRP1,ENSG00000172575
PGP,ENSG00000184207
KRT18P12,ENSG00000215819
UBE2V1P13,ENSG00000224584
GAPDHP24,ENSG00000185221
CDCP2,ENSG00000157211
HDX,ENSG00000165259
DNASE1L2,ENSG00000167968
FLRT1,ENSG00000126500
NUP210L,ENSG00000143552
SSPOP,ENSG00000197558
TMEM216,ENSG00000187049
EHD1,ENSG00000110047
ZNF862,ENSG00000106479
USP34-DT,ENSG00000270820
GALNT1,ENSG00000141429
DPY19L4,ENSG00000156162
ECI1-AS1,ENSG00000261663
CRYGN,ENSG00000127377
RNPS1,ENSG00000205937
USP6NL,ENSG00000148429
BPIFA1,ENSG00000198183
MIR3907,ENSG00000265810
RN7SL76P,ENSG00000241959
ETF1P2,ENSG00000240132
PRKAG2-AS2,ENSG00000242048
RNU6-1154P,ENSG00000212303
SLC13A4,ENSG00000164707
TRIM6,ENSG00000121236
MKRN2OS,ENSG00000225526
KNG1,ENSG00000113889
ESPN,ENSG00000187017
ZNF630,ENSG00000221994
LINC01956,ENSG00000258910
IGBP1C,ENSG00000266826
DNAJC18,ENSG00000170464
OR1R1P,ENSG00000180042
TMEM238L,ENSG00000263429
KIFBP,ENSG00000198954
KRT26,ENSG00000186393
DAO,ENSG00000110887
SS18L2,ENSG00000008324
HNRNPD,ENSG00000138668
TNFSF12-TNFSF13,ENSG00000248871
FETUB,ENSG00000090512
LINC01875,ENSG00000225942
CACNA1E,ENSG00000198216
AK8,ENSG00000165695
RPL21P4,ENSG00000240828
BRCA1P1,ENSG00000267595
CCDC200,ENSG00000236383
RPS21,ENSG00000171858
CRTAM,ENSG00000109943
ARAF,ENSG00000078061
FAM180A,ENSG00000189320
PRDX3,ENSG00000165672
RNU6-223P,ENSG00000199700
ENC1,ENSG00000171617
SSMEM1,ENSG00000165120
MRPS21P9,ENSG00000262759
ANKFN1,ENSG00000153930
DNAJC24,ENSG00000170946
GPR107,ENSG00000148358
RRM2B,ENSG00000048392
STK31,ENSG00000196335
PAIP1,ENSG00000172239
RPL39P33,ENSG00000243058
ERGIC3,ENSG00000125991
NOG,ENSG00000183691
PDLIM1P2,ENSG00000265881
RPL21P120,ENSG00000244582
KCNJ18,ENSG00000260458
GSK3B,ENSG00000082701
FTSJ1,ENSG00000068438
RNF169,ENSG00000166439
UBE4A,ENSG00000110344
ABHD3,ENSG00000158201
ZNF648,ENSG00000179930
YPEL5P1,ENSG00000232096
RNU6-152P,ENSG00000206764
EIF1P3,ENSG00000231684
MIR4794,ENSG00000264470
SPATA1,ENSG00000122432
CCDC172,ENSG00000182645
ALX3,ENSG00000156150
UBL4B,ENSG00000186150
TTLL7-IT1,ENSG00000233061
ATL1,ENSG00000198513
TXN2P1,ENSG00000213540
ASB17,ENSG00000154007
LINC01827,ENSG00000234919
THOC5,ENSG00000100296
ST6GALNAC3,ENSG00000184005
TPI1P1,ENSG00000226415
RNU6-161P,ENSG00000199921
CYP4Z2P,ENSG00000290456
HELLS,ENSG00000119969
CBLN2,ENSG00000141668
CAPNS1P1,ENSG00000215874
GBP1P1,ENSG00000225492
PDCL,ENSG00000136940
CCDC68,ENSG00000166510
GXYLT1,ENSG00000151233
RBM25,ENSG00000119707
MED7,ENSG00000155868
MALL,ENSG00000293619
BZW1-AS1,ENSG00000230408
TRAF2,ENSG00000127191
CENPK,ENSG00000123219
MGP,ENSG00000111341
LINC02572,ENSG00000229536
TSNARE1,ENSG00000171045
KCNAB2,ENSG00000069424
TIMP1,ENSG00000102265
PCMTD1P3,ENSG00000234800
TPT1P7,ENSG00000231328
ERV3-1,ENSG00000213462
CPA3,ENSG00000163751
INTS4P1,ENSG00000164669
HEBP1,ENSG00000013583
DAZAP2,ENSG00000183283
MEPCE,ENSG00000146834
ZNF837,ENSG00000152475
PLAAT3,ENSG00000176485
ENTPD3,ENSG00000168032
MIR3677,ENSG00000266643
MIR940,ENSG00000284346
MIR4717,ENSG00000264004
MIR5587,ENSG00000266124
LHFPL3-AS1,ENSG00000226869
MIR3176,ENSG00000266235
ODC1-DT,ENSG00000257135
PGK1,ENSG00000102144
CLIP3,ENSG00000105270
RBFOX1,ENSG00000078328
CILP,ENSG00000138615
ANKRD44-IT1,ENSG00000236977
STX5,ENSG00000162236
ZBTB7C,ENSG00000184828
CLEC9A,ENSG00000197992
CACNA1G,ENSG00000006283
UPF3B,ENSG00000125351
IGF1,ENSG00000017427
MYO1B-AS1,ENSG00000227542
ICA1-AS1,ENSG00000244239
PAQR9,ENSG00000188582
HOXA-AS2,ENSG00000253552
MYZAP,ENSG00000263155
LINC01121,ENSG00000205054
PDP1,ENSG00000164951
PARP15,ENSG00000173200
RPL7AP38,ENSG00000213787
HMGB3P20,ENSG00000226059
HOTAIRM1,ENSG00000233429
ACP7,ENSG00000183760
HOXA10-AS,ENSG00000253187
HOXA11-AS,ENSG00000240990
UBXN8,ENSG00000104691
LGALSL-DT,ENSG00000223935
TRGV11,ENSG00000211693
TRGVB,ENSG00000231202
TRGV10,ENSG00000211694
RN7SL83P,ENSG00000241756
SNORA15,ENSG00000207168
NUPR2,ENSG00000185290
IFITM3P4,ENSG00000230191
CCNJP1,ENSG00000227491
PAH,ENSG00000171759
RNU6-832P,ENSG00000200189
MTCO2P25,ENSG00000230654
MTCO1P25,ENSG00000229031
PPP1R21-DT,ENSG00000272663
RNU6-229P,ENSG00000252423
RPL10P11,ENSG00000230853
RN7SL869P,ENSG00000244392
RN7SL35P,ENSG00000240347
SNRPBP1,ENSG00000223550
GNAT3,ENSG00000214415
POFUT1,ENSG00000101346
AGAP1-IT1,ENSG00000235529
RNU6-274P,ENSG00000239075
STEAP2-AS1,ENSG00000227646
RPS27P17,ENSG00000237729
MIR4652,ENSG00000265423
NDUFAF4P2,ENSG00000213483
GNG11,ENSG00000127920
SLC51A,ENSG00000163959
BET1,ENSG00000105829
MOCS2,ENSG00000164172
CASS4,ENSG00000087589
FGF19,ENSG00000162344
EPB41L3,ENSG00000082397
SLC9A9,ENSG00000181804
FAM110A,ENSG00000125898
RNA5SP228,ENSG00000252041
SPMIP4,ENSG00000153790
MARK2,ENSG00000072518
SEC23A,ENSG00000100934
TOX2,ENSG00000124191
RPL7AP41,ENSG00000213798
NPVF,ENSG00000105954
TSEN15P3,ENSG00000234922
NCF1B,ENSG00000182487
ATP13A4,ENSG00000127249
AOAH-IT1,ENSG00000230539
XIAP,ENSG00000101966
NPM1P18,ENSG00000225739
HSPB1,ENSG00000106211
GLIPR1L2,ENSG00000180481
PLP1,ENSG00000123560
FAM220A,ENSG00000178397
SPDYE3,ENSG00000214300
LINC00525,ENSG00000146666
PKD1L1-AS1,ENSG00000136275
PIGT,ENSG00000124155
DTX2P1-UPK3BP1-PMS2P11,ENSG00000265479
ING4,ENSG00000111653
LINC02830,ENSG00000224899
RPL31P39,ENSG00000213291
MTX2P1,ENSG00000234071
PPIAP93,ENSG00000227847
CLDN15,ENSG00000106404
ZNF395,ENSG00000186918
C3orf85,ENSG00000241224
TMEM212,ENSG00000186329
RNU6-1104P,ENSG00000207454
TANGO2,ENSG00000183597
IFT22,ENSG00000128581
TUSC2,ENSG00000114383
SH3RF2,ENSG00000156463
LSM3,ENSG00000170860
DNASE1L3,ENSG00000163687
PNPT1P2,ENSG00000233272
FEZF1-AS1,ENSG00000230316
LNX1,ENSG00000072201
RPS26P31,ENSG00000235459
RNF133,ENSG00000188050
RNF148,ENSG00000235631
ERMP1,ENSG00000099219
TAS2R16,ENSG00000128519
CASTOR3P,ENSG00000239521
CRIP1,ENSG00000213145
ATG4A,ENSG00000101844
HYAL1,ENSG00000114378
STAG3L5P-PVRIG2P-PILRB,ENSG00000272752
TCOF1,ENSG00000070814
EBLN1,ENSG00000223601
EDNRA,ENSG00000151617
PGAM1,ENSG00000171314
TP53INP1,ENSG00000164938
ZC2HC1C,ENSG00000119703
TAF5,ENSG00000148835
WWP1,ENSG00000123124
ARAP2,ENSG00000047365
BUB3,ENSG00000154473
IL20RB,ENSG00000174564
GLI1,ENSG00000111087
ATP5MJ,ENSG00000156411
LINC02860,ENSG00000222004
LINC03011,ENSG00000237310
KLK14,ENSG00000129437
NRROS,ENSG00000174004
MT1JP,ENSG00000255986
MT1IP,ENSG00000275691
SMG1P4,ENSG00000185710
TIPARP,ENSG00000163659
DTWD1,ENSG00000104047
ABCA3P1,ENSG00000257408
PLA2G10CP,ENSG00000260908
FBN3,ENSG00000142449
SNX29P2,ENSG00000271699
SNHG15,ENSG00000232956
PDXDC2P,ENSG00000255185
LRRC43,ENSG00000158113
FRG2KP,ENSG00000261741
PDPK2P,ENSG00000205918
URAHP,ENSG00000222019
TUBB8P7,ENSG00000261812
HERC2P4,ENSG00000230267
CCRL2,ENSG00000121797
RRN3P3,ENSG00000257122
KICS2,ENSG00000174206
OTOAP1,ENSG00000257838
CAV2-DT,ENSG00000237813
TDRD7,ENSG00000196116
PARG,ENSG00000227345
CDKN1B,ENSG00000111276
ZNF839,ENSG00000022976
PDPR2P,ENSG00000214331
GHRL,ENSG00000157017
FLJ40288,ENSG00000183470
ENOX2,ENSG00000165675
FERRY3,ENSG00000047621
LINC02854,ENSG00000238131
HERC2P5,ENSG00000260644
SLC6A10P,ENSG00000214617
HERC2P8,ENSG00000261599
HELQ,ENSG00000163312
SMG1P5,ENSG00000183604
CSPG4,ENSG00000173546
TMEFF1,ENSG00000241697
TMEM231P1,ENSG00000262583
SMG1P1,ENSG00000237296
NF2,ENSG00000186575
RRN3P1,ENSG00000248124
SMG1P3,ENSG00000180747
RPL4,ENSG00000174444
TRPV4,ENSG00000111199
JAZF1-AS1,ENSG00000234336
MT1DP,ENSG00000205361
MPHOSPH10P1,ENSG00000260078
MT1L,ENSG00000260549
SMG1P7,ENSG00000261556
NECTIN3,ENSG00000177707
PLAC9,ENSG00000189129
MAZ,ENSG00000103495
SPP1,ENSG00000118785
NDUFB8,ENSG00000166136
RECK,ENSG00000122707
MIOS-DT,ENSG00000272894
HLTF,ENSG00000071794
POT1-AS1,ENSG00000224897
CDC42EP2,ENSG00000149798
PPP2R2D,ENSG00000175470
LINC00921,ENSG00000281005
ABCG4,ENSG00000172350
MIR140,ENSG00000208017
NPIPB14P,ENSG00000226232
RPS6KA5,ENSG00000100784
TP53TG3F,ENSG00000278848
ZNF572,ENSG00000180938
CHEK2P6,ENSG00000261405
BMS1P8,ENSG00000260518
ENPP7P13,ENSG00000261580
IGHV3OR16-12,ENSG00000270467
IGHV3OR16-13,ENSG00000271178
BOP1,ENSG00000261236
IGHV3OR16-11,ENSG00000270318
WASL-DT,ENSG00000272686
ARHGAP23P1,ENSG00000260781
IGHV3OR16-7,ENSG00000271620
IGHV3OR16-16,ENSG00000259842
SNED1-AS1,ENSG00000225521
LINC01007,ENSG00000233123
PPP1R9A-AS1,ENSG00000236197
ABHD17AP9,ENSG00000261536
TP53TG3C,ENSG00000205457
ITPRIP,ENSG00000148841
PLA2G10IP,ENSG00000276484
NPIPA8,ENSG00000214940
FHDC1,ENSG00000137460
FPGS,ENSG00000136877
CCKBR,ENSG00000110148
LINC01460,ENSG00000205334
CABCOCO1,ENSG00000183346
PKD1P4,ENSG00000205746
POGZ,ENSG00000143442
MIR6511A4,ENSG00000273613
PKD1P5,ENSG00000254681
CUEDC2,ENSG00000107874
MIR6770-3,ENSG00000275391
SMIM14,ENSG00000163683
PPP1R14B,ENSG00000173457
LINC01117,ENSG00000224577
MIR3180-3,ENSG00000266291
MIR3670-3,ENSG00000265776
MIR3179-3,ENSG00000266454
MIR3670-4,ENSG00000274025
RBM3,ENSG00000102317
MIR3179-4,ENSG00000277014
ABCC6P1,ENSG00000256340
MIR3670-1,ENSG00000263918
MIR3180-1,ENSG00000265537
ADAMTS8,ENSG00000134917
MIR6511A1,ENSG00000275259
MIR6770-1,ENSG00000278265
CDK13-DT,ENSG00000259826
MIR1972-1,ENSG00000238728
PRRT3,ENSG00000163704
LINC03013,ENSG00000227544
ZNF860,ENSG00000197385
HERPUD2-AS1,ENSG00000271122
UBE2E1,ENSG00000170142
LINC01116,ENSG00000163364
CSKMT,ENSG00000214756
SIN3B,ENSG00000127511
RAI2,ENSG00000131831
OR52N2,ENSG00000180988
NPIPP1,ENSG00000188599
AFAP1L2,ENSG00000169129
MIR6511B2,ENSG00000283346
MIR3180-4,ENSG00000264115
PCNX3,ENSG00000197136
GTF2A2,ENSG00000140307
ZBTB11,ENSG00000066422
NPIPB9,ENSG00000196993
RNU6-355P,ENSG00000222359
MIR4718,ENSG00000264733
RPL35AP34,ENSG00000241932
SHISA9,ENSG00000237515
HDAC6,ENSG00000094631
WWOX,ENSG00000186153
HES1,ENSG00000114315
NPSR1-AS1,ENSG00000197085
PDE11A-AS1,ENSG00000229941
SPRY1,ENSG00000164056
CERS6-AS1,ENSG00000227617
RPL15,ENSG00000174748
LINC00689,ENSG00000231419
ANKRD26P1,ENSG00000261239
LINC01810,ENSG00000237266
RNU6-845P,ENSG00000199448
LINC00957,ENSG00000235314
RAB43P1,ENSG00000259856
LINC02611,ENSG00000226791
CLCN3,ENSG00000109572
C16orf87,ENSG00000155330
CKBP1,ENSG00000260889
MACC1-OT1,ENSG00000243004
RBM22P12,ENSG00000260631
LALTOP,ENSG00000228613
CLUHP3,ENSG00000131797
MYCNUT,ENSG00000223850
VN1R67P,ENSG00000260722
RPL23AP86,ENSG00000262959
CCND1,ENSG00000110092
SETD1A,ENSG00000099381
CTXN2,ENSG00000233932
NR1H4,ENSG00000012504
JUN,ENSG00000177606
MYCNOS,ENSG00000233718
CAMTA1,ENSG00000171735
EML6-AS1,ENSG00000231334
TMEM223,ENSG00000168569
ZNRD2,ENSG00000173465
BRD7,ENSG00000166164
STARD7-AS1,ENSG00000204685
BSND,ENSG00000162399
LDLRAD3,ENSG00000179241
GIRGL,ENSG00000233834
FNTB,ENSG00000257365
TMEM240,ENSG00000205090
IL17RD,ENSG00000144730
SYDE1,ENSG00000105137
LINC01343,ENSG00000237290
SCX,ENSG00000260428
ERI3-IT1,ENSG00000233602
ZYG11A,ENSG00000203995
BCL9L,ENSG00000186174
MXD4,ENSG00000123933
AP3M2,ENSG00000070718
PI4K2A,ENSG00000155252
LINC01122,ENSG00000233723
H3P2,ENSG00000237279
RRAS2P1,ENSG00000236360
TUBBP10,ENSG00000226147
HIGD1AP11,ENSG00000227644
DCUN1D5,ENSG00000137692
SLC1A7,ENSG00000162383
SNRNP25,ENSG00000161981
FTL,ENSG00000087086
RELL1,ENSG00000181826
MACC1-AS1,ENSG00000228598
WFIKKN1,ENSG00000127578
ZBTB49,ENSG00000168826
MSLNL,ENSG00000162006
SRRM2,ENSG00000167978
GSTP1,ENSG00000084207
NFKB2,ENSG00000077150
FABP5,ENSG00000164687
HOXD-AS2,ENSG00000237380
ACTN1,ENSG00000072110
GTF2E2,ENSG00000197265
WDR86-AS1,ENSG00000243836
PATJ-DT,ENSG00000271200
FBXO46,ENSG00000177051
AMY2B,ENSG00000240038
FIP1L1,ENSG00000145216
MARK4,ENSG00000007047
NISCH,ENSG00000010322
ISX,ENSG00000175329
LINC01891,ENSG00000231682
ARHGEF17,ENSG00000110237
BCR,ENSG00000186716
EIF2S2P5,ENSG00000225650
PKMP1,ENSG00000236480
HDGF,ENSG00000143321
ZNF213,ENSG00000085644
LINC01808,ENSG00000237992
RPS3AP10,ENSG00000226292
RNA5SP64,ENSG00000207341
FAM78B,ENSG00000188859
LINC01305,ENSG00000231453
TRIM72,ENSG00000177238
LINC01162,ENSG00000232790
MTND4LP25,ENSG00000260067
FAM78B-AS1,ENSG00000203307
LINC01249,ENSG00000231532
MIR921,ENSG00000215952
CBLN1,ENSG00000102924
TPCN2,ENSG00000162341
FMO7P,ENSG00000230231
DYNC1LI2-DT,ENSG00000246777
TERB1,ENSG00000249961
GPC1-AS1,ENSG00000218416
SUCO,ENSG00000094975
INSIG1-DT,ENSG00000273117
CA8,ENSG00000178538
SNRPA,ENSG00000077312
CRAT,ENSG00000095321
TACC1,ENSG00000147526
CA7,ENSG00000168748
CAND1,ENSG00000111530
MYMX,ENSG00000262179
SERP1,ENSG00000120742
CIBAR2,ENSG00000153789
FECH,ENSG00000066926
HYDIN,ENSG00000157423
EBI3,ENSG00000105246
SMANTIS,ENSG00000288869
MBD4,ENSG00000129071
PRKAR1B-AS1,ENSG00000237181
P2RX6,ENSG00000099957
ERF,ENSG00000105722
NDUFA4L2,ENSG00000185633
PRKAR1B-AS2,ENSG00000229380
CPVL-AS1,ENSG00000229452
RABGAP1L-IT1,ENSG00000223525
RNU6-307P,ENSG00000252552
ENTR1P2,ENSG00000181101
RPS29P4,ENSG00000233946
LINC01657,ENSG00000224718
TNNI1,ENSG00000159173
ZNF671,ENSG00000083814
TCP11L2,ENSG00000166046
APTR,ENSG00000214293
KCNN1,ENSG00000105642
STXBP1,ENSG00000136854
CNTNAP5-DT,ENSG00000228400
SNORA70H,ENSG00000206637
RPL10P4,ENSG00000238003
MIR6740,ENSG00000275207
SCAF8,ENSG00000213079
GARIN4,ENSG00000162771
RFKP5,ENSG00000226036
BATF3,ENSG00000123685
PCGEM1,ENSG00000227418
RN7SKP49,ENSG00000252484
FBXO28,ENSG00000143756
MAP4K3-DT,ENSG00000231312
SNRPD2P2,ENSG00000223982
TSNAX-DT,ENSG00000233461
SLC48A1,ENSG00000211584
ZNF487,ENSG00000243660
FANCD2,ENSG00000144554
TSNAX-DISC1,ENSG00000270106
CDK6-AS1,ENSG00000237819
PTPN6,ENSG00000111679
XAB2,ENSG00000076924
CCDC90B,ENSG00000137500
NAGA,ENSG00000198951
ZNF334,ENSG00000198185
C10orf105,ENSG00000214688
LINC01392,ENSG00000233607
AFDN,ENSG00000130396
KLHL7-DT,ENSG00000230658
DNA2,ENSG00000138346
CATIP-AS1,ENSG00000225062
CACNA1H,ENSG00000196557
TYRO3,ENSG00000092445
DISC1,ENSG00000162946
LINC03016,ENSG00000230825
POC5,ENSG00000152359
NDRG3,ENSG00000101079
B3GALT1-AS1,ENSG00000235335
LINC01126,ENSG00000279873
TEF,ENSG00000167074
ITGA6-AS1,ENSG00000232788
FUT9,ENSG00000172461
EIF3D,ENSG00000100353
RPS12,ENSG00000112306
GPN3,ENSG00000111231
PAXIP1-DT,ENSG00000273344
LINC01874,ENSG00000223985
LNPEP,ENSG00000113441
DLAT,ENSG00000150768
NUDT3,ENSG00000272325
LINC01870,ENSG00000223826
OVOL3,ENSG00000105261
GPR19,ENSG00000183150
COMETT,ENSG00000231210
CCNQ,ENSG00000262919
RNASEH2A,ENSG00000104889
RGS17,ENSG00000091844
CTXND1,ENSG00000259417
SHLD3,ENSG00000253251
TM9SF3,ENSG00000077147
LYRM7,ENSG00000186687
EEF1E1,ENSG00000124802
CKMT1B,ENSG00000237289
MFSD5,ENSG00000182544
DIRC3,ENSG00000231672
SUDS3,ENSG00000111707
URI1,ENSG00000105176
UBTD2,ENSG00000168246
SHPRH,ENSG00000146414
COX18,ENSG00000163626
HMMR,ENSG00000072571
LINC02981,ENSG00000214870
LINC01830,ENSG00000228999
LAMP2,ENSG00000005893
LINC01884,ENSG00000233587
SLAIN2,ENSG00000109171
HMGA2,ENSG00000149948
TPM1,ENSG00000140416
SMIM18,ENSG00000253457
CLPP,ENSG00000125656
LINC02831,ENSG00000224173
NRG1,ENSG00000157168
SNX10-AS1,ENSG00000225792
PTK6,ENSG00000101213
COPS4,ENSG00000138663
ZNF579,ENSG00000218891
UBE2H-DT,ENSG00000244036
MEIOSIN,ENSG00000237452
CATIP-AS2,ENSG00000237281
YWHAB,ENSG00000166913
PEX11G,ENSG00000104883
SCN1A-AS1,ENSG00000236107
RFC5,ENSG00000111445
MAPK8IP1,ENSG00000121653
SSR1,ENSG00000124783
CHAF1A,ENSG00000167670
BCLAF3,ENSG00000173681
SPACA9,ENSG00000165698
LRP2BP,ENSG00000109771
RPL24,ENSG00000114391
SHANK2,ENSG00000162105
LINC01320,ENSG00000228262
LINC03010,ENSG00000218672
WDR31,ENSG00000148225
LINC00996,ENSG00000242258
TPSG1,ENSG00000116176
AAR2,ENSG00000131043
UTS2B,ENSG00000188958
TPSD1,ENSG00000095917
ANXA3,ENSG00000138772
MYOF,ENSG00000138119
CCDC167,ENSG00000198937
LINC01446,ENSG00000205628
PRSS29P,ENSG00000196364
TPSP2,ENSG00000260284
LATS1,ENSG00000131023
CEROX1,ENSG00000260807
UICLM,ENSG00000233392
SLC1A5,ENSG00000105281
JAGN1,ENSG00000171135
NUP37,ENSG00000075188
DPPA2,ENSG00000163530
SOX8,ENSG00000005513
APOOP5,ENSG00000260240
PPIAP48,ENSG00000260187
RPS27AP16,ENSG00000224631
CFP,ENSG00000126759
LINC03073,ENSG00000273084
SMARCD1,ENSG00000066117
SMOX,ENSG00000088826
RPS2P45,ENSG00000244378
CASP16P,ENSG00000228146
CNN2,ENSG00000064666
TNRC18-AS1,ENSG00000188365
ABCA17P,ENSG00000238098
TP53TG1,ENSG00000182165
PRSS16,ENSG00000112812
MFSD13B,ENSG00000230872
CENPBD1P,ENSG00000177946
CDIPTOSP,ENSG00000214725
FBXL9P,ENSG00000125122
AFG3L1P,ENSG00000223959
KLHL13,ENSG00000003096
GOLM1,ENSG00000135052
RAB43,ENSG00000172780
TESHL,ENSG00000223874
CEP128,ENSG00000100629
TBCA,ENSG00000171530
FNDC5,ENSG00000160097
APOL6,ENSG00000221963
SUSD2,ENSG00000099994
LINC01003,ENSG00000261455
UQCC5,ENSG00000168273
RAB38,ENSG00000123892
RPL34P1,ENSG00000237049
MIR29C,ENSG00000284214
MIR29B2,ENSG00000284203
RNA5SP20,ENSG00000251785
ABHD10,ENSG00000144827
ATP5MG,ENSG00000167283
UBE2FP2,ENSG00000261199
RPS15AP34,ENSG00000241808
GREP1,ENSG00000262152
NDST2,ENSG00000166507
NDUFS4,ENSG00000164258
BRK1,ENSG00000254999
RPS6KA3,ENSG00000177189
MORC2,ENSG00000133422
TMX2,ENSG00000213593
DPP4-DT,ENSG00000230918
NUP210,ENSG00000132182
ATPSCKMT,ENSG00000150756
MYCL,ENSG00000116990
MLEC,ENSG00000110917
GPR63,ENSG00000112218
RPL23AP23,ENSG00000236863
USP45,ENSG00000123552
NQO1-AS1,ENSG00000261602
PDXDC2P-NPIPB14P,ENSG00000196696
BLOC1S1,ENSG00000135441
CCL25,ENSG00000131142
LINC01291,ENSG00000204792
SPAG4,ENSG00000061656
GCN1,ENSG00000089154
BLVRB,ENSG00000090013
NPIPA9,ENSG00000233024
MELK,ENSG00000165304
CDKL2,ENSG00000138769
THAP3P1,ENSG00000215869
PIN1P1,ENSG00000229359
RPL31P11,ENSG00000213075
POMT2,ENSG00000009830
HDAC1P2,ENSG00000233012
VWCE,ENSG00000167992
XPNPEP1,ENSG00000108039
MND1P1,ENSG00000229052
LINC02923,ENSG00000235497
HECW1-IT1,ENSG00000181211
PUDPP2,ENSG00000233792
SLC25A3P1,ENSG00000236253
RPS10P7,ENSG00000223396
LINC01868,ENSG00000234169
ACTG1P25,ENSG00000234996
SLC44A3-AS1,ENSG00000224081
PDIA3P1,ENSG00000180867
PFN1P2,ENSG00000270392
ACSS2,ENSG00000131069
CYMP,ENSG00000240194
CEACAM1,ENSG00000079385
MROH3P,ENSG00000233217
DNAJC27-AS1,ENSG00000224165
UOX,ENSG00000240520
HGFAC,ENSG00000109758
PTPRVP,ENSG00000243323
GFOD3P,ENSG00000227372
GNRHR2,ENSG00000211451
DIO1,ENSG00000211452
NIPA2,ENSG00000140157
LINC01287,ENSG00000234722
A4GALT,ENSG00000128274
LINC01104,ENSG00000232084
ZNF622,ENSG00000173545
MIR3681HG,ENSG00000224184
HNRNPA3P12,ENSG00000219102
MIR4781,ENSG00000283749
COX7BP3,ENSG00000225183
LINC01648,ENSG00000233399
MIR3147HG,ENSG00000260653
MIR4420,ENSG00000264773
RN7SKP91,ENSG00000222784
RN7SL371P,ENSG00000266210
CCDC27,ENSG00000162592
PTK2,ENSG00000169398
FAF2,ENSG00000113194
OR14A2,ENSG00000241128
BET1-AS1,ENSG00000236861
GPR61,ENSG00000156097
RNF146,ENSG00000118518
TRIM59,ENSG00000213186
FHL1,ENSG00000022267
USP21,ENSG00000143258
UBE3D,ENSG00000118420
LINC03017,ENSG00000235139
SSTR3,ENSG00000278195
SPOPL-DT,ENSG00000228043
ZBTB45,ENSG00000119574
EWSR1,ENSG00000182944
UBE2E2,ENSG00000182247
HTATIP2,ENSG00000109854
NDUFS6,ENSG00000145494
FUT1,ENSG00000174951
HAGLR,ENSG00000224189
SPOCK3,ENSG00000196104
ESPNP,ENSG00000268869
ZNF610,ENSG00000167554
KIFAP3,ENSG00000075945
LINC03076,ENSG00000223646
MRPL36,ENSG00000171421
YIF1B,ENSG00000167645
ACOT13,ENSG00000112304
RASGRF2,ENSG00000113319
ETS1,ENSG00000134954
CRIP3,ENSG00000146215
TEDC2-AS1,ENSG00000259895
ITGAL-AS1,ENSG00000261332
TP53TG3E,ENSG00000275034
TP53TG3B,ENSG00000261509
LINC03006,ENSG00000290926
HAGLROS,ENSG00000226363
VN1R68P,ENSG00000259979
LINC02583,ENSG00000187600
VN1R69P,ENSG00000260724
UBE2MP1,ENSG00000261461
SLC25A1P4,ENSG00000261608
RARRES2P5,ENSG00000260967
FGFR3P5,ENSG00000260984
AGGF1P8,ENSG00000261752
RARRES2P9,ENSG00000261486
AGGF1P9,ENSG00000260427
C2orf69P4,ENSG00000260480
FRG2GP,ENSG00000260291
AGGF1P4,ENSG00000261689
DGLUCY,ENSG00000133943
RARRES2P7,ENSG00000260812
C2orf69P3,ENSG00000261299
ZNF971P,ENSG00000214581
RN7SL269P,ENSG00000243051
MRPS10P1,ENSG00000235378
KIFAP3-AS1,ENSG00000232959
PGBD1,ENSG00000137338
SIGLEC30P,ENSG00000224896
CT66,ENSG00000234215
RN7SKP160,ENSG00000200674
RNA5SP67,ENSG00000252231
RNA5SP68,ENSG00000200755
KIAA1614,ENSG00000135835
FRG2DP,ENSG00000261711
RARRES2P10,ENSG00000260153
AGGF1P6,ENSG00000259836
C2orf69P2,ENSG00000260341
NRXN1-DT,ENSG00000231918
DYNLL1P3,ENSG00000235282
TP53TG3HP,ENSG00000269622
RARRES2P8,ENSG00000259996
AGGF1P7,ENSG00000260994
LINC01820,ENSG00000228100
C2orf69P1,ENSG00000261046
C1QL1P1,ENSG00000260134
KIF18BP1,ENSG00000260746
CACNA1S,ENSG00000081248
CGAS,ENSG00000164430
RNA5SP406,ENSG00000251915
RNA5SP407,ENSG00000222207
RNA5SP408,ENSG00000251924
RNA5SP409,ENSG00000252624
LINC02167,ENSG00000261122
RNA5SP410,ENSG00000252094
RNA5SP411,ENSG00000276599
RNA5SP412,ENSG00000277004
RNA5SP413,ENSG00000252182
RNA5SP414,ENSG00000274228
RNA5SP415,ENSG00000253055
RNA5SP416,ENSG00000252647
RNA5SP417,ENSG00000252268
RNA5SP418,ENSG00000251760
RNA5SP419,ENSG00000251717
TMCO6,ENSG00000113119
RNA5SP420,ENSG00000252806
RNA5SP421,ENSG00000252673
RNA5SP422,ENSG00000252587
RNA5SP423,ENSG00000252936
ACVR1B,ENSG00000135503
HMGN2P41,ENSG00000261620
VN1R70P,ENSG00000261515
UBA52P8,ENSG00000240793
CCN2,ENSG00000118523
MED19,ENSG00000156603
MOCS1P1,ENSG00000260347
RPS2P44,ENSG00000243609
MIR4422HG,ENSG00000231090
KLF8P1,ENSG00000260726
RNU6-257P,ENSG00000222170
NKD1-AS1,ENSG00000205414
TOR1AIP1,ENSG00000143337
ID2-AS1,ENSG00000235092
UNGP1,ENSG00000260818
MSANTD4,ENSG00000170903
CASC22,ENSG00000260887
TAB2,ENSG00000055208
RHOQ-AS1,ENSG00000250116
IRX3,ENSG00000177508
PLEKHA7,ENSG00000166689
LINC01120,ENSG00000223631
ZBTB24,ENSG00000112365
MTND5P34,ENSG00000260147
RN7SL841P,ENSG00000239555
RPL31P56,ENSG00000240760
RPS15,ENSG00000115268
ERVK13-1,ENSG00000260565
PFDN1,ENSG00000113068
GPC4,ENSG00000076716
RPS10,ENSG00000124614
USP44,ENSG00000136014
TMEM161B,ENSG00000164180
LINC01090,ENSG00000231689
ELOCP18,ENSG00000237622
RPE65,ENSG00000116745
ZNF549,ENSG00000121406
CLEC19A,ENSG00000261210
GTF3C2-AS2,ENSG00000234072
DEPDC1-AS2,ENSG00000233589
TXNP2,ENSG00000225167
APOC1,ENSG00000130208
TNR,ENSG00000116147
RNU4-46P,ENSG00000222750
ARL14EP,ENSG00000152219
PRKX,ENSG00000183943
TNR-IT1,ENSG00000235628
CALCB,ENSG00000175868
LINC03095,ENSG00000233760
CEDORA,ENSG00000260788
OCEL1,ENSG00000099330
KIAA0087,ENSG00000122548
EN2-DT,ENSG00000236544
RYR2,ENSG00000198626
RN7SL381P,ENSG00000263968
C16orf74,ENSG00000154102
PRPF19,ENSG00000110107
ELDR,ENSG00000280890
ACSL4,ENSG00000068366
ZNF778-DT,ENSG00000259877
VPS9D1-AS1,ENSG00000261373
AS3MT,ENSG00000214435
SH3RF3-AS1,ENSG00000259863
ANKRD11,ENSG00000167522
LAPTM4A-DT,ENSG00000223734
QDPR,ENSG00000151552
NDUFB7,ENSG00000099795
VWA2,ENSG00000165816
GRWD1,ENSG00000105447
LSG1,ENSG00000041802
ARSB,ENSG00000113273
RPUSD4,ENSG00000165526
BCAT1,ENSG00000060982
MLLT10,ENSG00000078403
LINC01955,ENSG00000281477
LINC01918,ENSG00000226508
BAZ2B-AS1,ENSG00000224152
DDX60L,ENSG00000181381
PWWP2A,ENSG00000170234
TMEM147,ENSG00000105677
MRPL21,ENSG00000197345
RBM22,ENSG00000086589
TAFA4,ENSG00000163377
MIR4430,ENSG00000283591
FAM98A,ENSG00000119812
GNAI2,ENSG00000114353
FSIP1,ENSG00000150667
MYRF,ENSG00000124920
FNIP1,ENSG00000217128
ATP6V0E1P3,ENSG00000238038
RNA5SP91,ENSG00000212204
RNA5SP92,ENSG00000252246
KIF5C-AS1,ENSG00000231079
SNORA10B,ENSG00000207187
H3P5,ENSG00000231712
BYSL,ENSG00000112578
RAB27A,ENSG00000069974
RNU6ATAC37P,ENSG00000221255
LINC01871,ENSG00000235576
ICAM4,ENSG00000105371
ZNF878,ENSG00000257446
HK2-DT,ENSG00000272711
MIR4778,ENSG00000264525
ZNF284,ENSG00000186026
GINM1,ENSG00000055211
LINC01873,ENSG00000232164
MEIS1-AS3,ENSG00000226819
MEIS1-AS2,ENSG00000230749
LINC01798,ENSG00000232046
DHFR,ENSG00000228716
SLC39A8,ENSG00000138821
PIN1,ENSG00000127445
GLO1,ENSG00000124767
LINC01797,ENSG00000237179
PALB2-AS1,ENSG00000261723
GRIN2A,ENSG00000183454
DNMT3AP1,ENSG00000224071
LINC01628,ENSG00000232688
KIRREL2,ENSG00000126259
NOP16,ENSG00000048162
DYRK2,ENSG00000127334
NFE4,ENSG00000230257
LINC01828,ENSG00000235885
MVB12B,ENSG00000196814
GOT2P2,ENSG00000230849
HESX1,ENSG00000163666
SLC9C2,ENSG00000162753
LINC01829,ENSG00000236780
FOXM1,ENSG00000111206
SPCS1,ENSG00000114902
SNORA59A,ENSG00000239149
RNA5SP46,ENSG00000199240
LINC01633,ENSG00000260976
RNA5SP72,ENSG00000201312
FTH1P25,ENSG00000232792
OPTC,ENSG00000188770
EYA2,ENSG00000064655
ALG3,ENSG00000214160
OPTN,ENSG00000123240
TEK,ENSG00000120156
HILPDA-AS1,ENSG00000240758
MIR761,ENSG00000283899
SFT2D1,ENSG00000198818
TSEN15P2,ENSG00000230604
GRM3-AS1,ENSG00000233073
RNA5SP48,ENSG00000200839
RN7SL290P,ENSG00000264613
KTI12,ENSG00000198841
ANKHD1,ENSG00000131503
OSGEPL1-AS1,ENSG00000253559
DYNLRB2-AS1,ENSG00000259867
TXNDC12-AS1,ENSG00000228369
PM20D1,ENSG00000162877
GARS1-DT,ENSG00000196295
FOXD4L1,ENSG00000184492
LINC01961,ENSG00000234148
PGM5P4-AS1,ENSG00000231943
DKC1,ENSG00000130826
TTLL10-AS1,ENSG00000205231
MTOR-AS1,ENSG00000225602
LINC02191,ENSG00000261636
FGFRL1,ENSG00000127418
MIR1302-3,ENSG00000221055
ZSCAN29,ENSG00000140265
PTPN23,ENSG00000076201
HEATR3-AS1,ENSG00000259843
HSD17B2-AS1,ENSG00000261235
TBXT,ENSG00000164458
UBE2Q2,ENSG00000140367
CHEK1,ENSG00000149554
SNHG19,ENSG00000260260
RPL17P8,ENSG00000213041
INTU,ENSG00000164066
TMCC2-AS1,ENSG00000225063
ARMCX6,ENSG00000198960
CGB7,ENSG00000196337
RNU2-19P,ENSG00000253097
RNU6-418P,ENSG00000206762
LINC02140,ENSG00000261803
ZNF222,ENSG00000159885
WRNIP1,ENSG00000124535
PDE4DIPP2,ENSG00000275131
STUB1-DT,ENSG00000260394
MAGED4,ENSG00000154545
C19orf53,ENSG00000104979
ITFG1-AS2,ENSG00000261369
LYPD9P,ENSG00000229703
ENPP1,ENSG00000197594
AHCYP8,ENSG00000242529
LINC00970,ENSG00000203601
PSMD7-DT,ENSG00000261404
CRTC1,ENSG00000105662
PIGM,ENSG00000143315
ATP1A4,ENSG00000132681
BEX1,ENSG00000133169
ITFG1-AS1,ENSG00000260281
DDX27,ENSG00000124228
POU6F2-AS2,ENSG00000233854
PRDM4,ENSG00000110851
HYAL3,ENSG00000186792
KMT2E-AS1,ENSG00000239569
CLTRN,ENSG00000147003
LINC02137,ENSG00000260186
ELOCP20,ENSG00000229101
CNOT7P2,ENSG00000232185
RN7SL420P,ENSG00000239984
EOLA2,ENSG00000197021
NAA80,ENSG00000243477
ZNF669,ENSG00000188295
LINC01566,ENSG00000259841
NSD1,ENSG00000165671
RNU6-1246P,ENSG00000212366
ZNF717,ENSG00000227124
RLIMP2,ENSG00000237278
ALB,ENSG00000163631
RNU6-403P,ENSG00000200033
SRF,ENSG00000112658
LINC02474,ENSG00000228437
AVPR1B-DT,ENSG00000226780
WARS2-AS1,ENSG00000231365
LINC02195,ENSG00000236481
FIG4,ENSG00000112367
ZCWPW2,ENSG00000206559
RPL6P2,ENSG00000227056
LINC01780,ENSG00000232650
RNU1-75P,ENSG00000194297
NDUFA12,ENSG00000184752
HAO2-IT1,ENSG00000230921
GAPDHP74,ENSG00000232780
HSD3BP2,ENSG00000203858
GAPDHP23,ENSG00000235595
ZNF775-AS1,ENSG00000239377
HAPLN1,ENSG00000145681
ITGB8-AS1,ENSG00000271133
LINC02132,ENSG00000268804
DDX19A-DT,ENSG00000261777
LINC02577,ENSG00000228742
PUS1,ENSG00000177192
GAP43,ENSG00000172020
SCGB3A2,ENSG00000164265
RNA5SP57,ENSG00000238765
MIX23,ENSG00000160124
RNVU1-22,ENSG00000199879
LINC01449,ENSG00000224017
SYVN1,ENSG00000162298
MED25,ENSG00000104973
SYNAGE,ENSG00000279249
WDR5B,ENSG00000196981
WBP11,ENSG00000084463
TMED9,ENSG00000184840
EXOSC7,ENSG00000075914
TMEM62,ENSG00000137842
LINC01362,ENSG00000230817
RN7SL583P,ENSG00000239504
RPL36AP10,ENSG00000237959
RNU6-725P,ENSG00000252371
KRT18P32,ENSG00000215149
ATP6V0E1,ENSG00000113732
PROX1-AS1,ENSG00000230461
LINC00972,ENSG00000225128
SRP19,ENSG00000153037
SEC61G-DT,ENSG00000234707
MPC1,ENSG00000060762
WASH2P,ENSG00000146556
WDR38,ENSG00000136918
RPL23AP7,ENSG00000240356
SNRPA1P1,ENSG00000144158
LINC02131,ENSG00000261154
RNU6-744P,ENSG00000202427
MIR4782,ENSG00000265429
EPHA7,ENSG00000135333
LINC00538,ENSG00000281664
LINC01118,ENSG00000222005
PHB1P3,ENSG00000228121
BCL7A,ENSG00000110987
LINC01760,ENSG00000228504
RPL35,ENSG00000136942
LINC01761,ENSG00000233907
TTC33,ENSG00000113638
DPYD-AS1,ENSG00000232878
DPYD-IT1,ENSG00000232542
ZNF747-DT,ENSG00000235560
SEC63P1,ENSG00000228057
RPL26P9,ENSG00000226128
KIF16B,ENSG00000089177
DPYD-AS2,ENSG00000235777
CDK4,ENSG00000135446
MIR2682,ENSG00000284247
MIR137,ENSG00000284202
NFU1P2,ENSG00000233557
ECT2,ENSG00000114346
GOT2P1,ENSG00000231900
MTCO2P34,ENSG00000232198
PDGFA-DT,ENSG00000223855
RN7SKP291,ENSG00000199831
GSE1-AS1,ENSG00000270124
RNU6-830P,ENSG00000252162
PIGQP1,ENSG00000227104
RPSAP20,ENSG00000229871
GM2A,ENSG00000196743
TBX15,ENSG00000092607
PGAP4,ENSG00000165152
FANCI,ENSG00000140525
REEP5,ENSG00000129625
WARS2-IT1,ENSG00000224238
RBMX2P3,ENSG00000223575
RPS3AP12,ENSG00000236804
FBP1,ENSG00000165140
ANKRD36BP1,ENSG00000293109
RNU6-1310P,ENSG00000206880
TBX19,ENSG00000143178
MIR557,ENSG00000207974
QRSL1P1,ENSG00000215833
C1orf167-AS1,ENSG00000177553
C1orf167,ENSG00000215910
LINC01101,ENSG00000280409
RREB1,ENSG00000124782
PCBD2,ENSG00000132570
MIR4695,ENSG00000265606
RN7SL180P,ENSG00000242860
MIR3116-1,ENSG00000263908
MIR3116-2,ENSG00000283690
PIGPP2,ENSG00000234204
RPS15AP7,ENSG00000234088
LINC00570,ENSG00000224177
RNU6-371P,ENSG00000201153
MAPK8IP3-AS1,ENSG00000261399
RN7SL488P,ENSG00000264271
RHEBL1,ENSG00000167550
RNU7-123P,ENSG00000251720
DPYSL3,ENSG00000113657
RN7SL130P,ENSG00000244256
RNU5A-5P,ENSG00000222986
DISC1-IT1,ENSG00000226758
BCAS2P2,ENSG00000234332
PLTP,ENSG00000100979
FPASL,ENSG00000289059
GPR88,ENSG00000181656
NAMPT-AS1,ENSG00000273320
RPL7AP17,ENSG00000213421
MYOSLID,ENSG00000229647
RPL36AP12,ENSG00000224685
YOD1,ENSG00000180667
LINC02476,ENSG00000225546
PRPF4,ENSG00000136875
SARNP,ENSG00000205323
LINC00466,ENSG00000224209
MGC4859,ENSG00000283117
LINC01943,ENSG00000280721
UQCRB,ENSG00000156467
MRPL49,ENSG00000149792
USP21P2,ENSG00000271356
IFITM3P9,ENSG00000271134
CDH13-AS1,ENSG00000261410
MAP4K1,ENSG00000104814
HRAT17,ENSG00000234520
LOX,ENSG00000113083
FOXD3-AS1,ENSG00000230798
SPA17,ENSG00000064199
CYCSP6,ENSG00000214429
PLAT,ENSG00000104368
CRADD,ENSG00000169372
IGSF3P2,ENSG00000223703
ANAPC1P6,ENSG00000235486
LINC02189,ENSG00000260026
TUB,ENSG00000166402
ADAMTSL4-AS2,ENSG00000237781
TMEM269-DT,ENSG00000293683
LINC02814,ENSG00000236975
LINC02858,ENSG00000285869
RNF44,ENSG00000146083
ISCA1P2,ENSG00000229840
FAM216A,ENSG00000204856
TMEM78,ENSG00000177800
RAB4A-AS1,ENSG00000177788
NDUFB2-AS1,ENSG00000240889
CHEK2P3,ENSG00000234898
TAX1BP1-AS1,ENSG00000229893
WDR27,ENSG00000184465
HIGD1AP4,ENSG00000233299
LINC01022,ENSG00000232715
ZCCHC14-DT,ENSG00000288568
BTBD19,ENSG00000222009
LINC02194,ENSG00000260264
RAD52P1,ENSG00000237964
LCMT1-AS2,ENSG00000260034
ASH1L-AS1,ENSG00000235919
LINC02129,ENSG00000261045
SETP9,ENSG00000235101
PPIAP37,ENSG00000226003
FENDRR,ENSG00000268388
TMCO1-AS1,ENSG00000224358
RAB6A,ENSG00000175582
ABHD17B,ENSG00000107362
MIR3658,ENSG00000283936
GAS5-AS1,ENSG00000270084
TEX50,ENSG00000232113
USP21P1,ENSG00000224826
RPS27P7,ENSG00000225591
LINC02961,ENSG00000279261
RNY4P16,ENSG00000201638
FBN2,ENSG00000138829
KIF21A,ENSG00000139116
SNHG31,ENSG00000229267
SRI-AS1,ENSG00000254003
OSBPL2,ENSG00000130703
LINC02192,ENSG00000261325
GAPDHP59,ENSG00000231739
PAXIP1-AS2,ENSG00000214106
LINC01945,ENSG00000236485
CD5L,ENSG00000073754
RPF2,ENSG00000197498
PRUNE2,ENSG00000106772
MRPS21P2,ENSG00000227425
ATP1A1-AS1,ENSG00000203865
OR7E90P,ENSG00000188668
UGT1A12P,ENSG00000228949
NEK2P4,ENSG00000230450
NF1P8,ENSG00000236956
LINC01762,ENSG00000233154
STEAP1B-AS1,ENSG00000232759
NAP1L4P1,ENSG00000177173
MIR548AC,ENSG00000264419
RPL22P24,ENSG00000231084
RPL5P5,ENSG00000213051
MRPL4,ENSG00000105364
ARFGAP3,ENSG00000242247
RNU7-183P,ENSG00000252407
MCRIP2P2,ENSG00000270920
ZMYM4-AS1,ENSG00000227409
LINC01398,ENSG00000224863
LINC02138,ENSG00000205015
MED15P8,ENSG00000248796
LAX1,ENSG00000122188
KLF2P4,ENSG00000236516
CYLD-AS2,ENSG00000260616
CYLD-AS1,ENSG00000261644
EIF3F,ENSG00000175390
ECEL1P1,ENSG00000204121
FNBP1,ENSG00000187239
CIMAP2,ENSG00000162398
LINC02587,ENSG00000229108
DIS3L2P1,ENSG00000223788
PCGF5,ENSG00000180628
NUS1,ENSG00000153989
TMEM61,ENSG00000143001
GNAQP1,ENSG00000214077
HIGD2AP1,ENSG00000230047
LINC01307,ENSG00000231671
LINC00471,ENSG00000181798
DNM3OS,ENSG00000230630
NUP93-DT,ENSG00000261302
CLPSL2,ENSG00000196748
KDM7A-DT,ENSG00000260231
WEE1,ENSG00000166483
MRPS18A,ENSG00000096080
IGSF21-AS1,ENSG00000230035
COA6-AS1,ENSG00000231663
MIR3677HG,ENSG00000260778
SEC24A,ENSG00000113615
TENT5C-DT,ENSG00000236866
SNRPC,ENSG00000124562
LOHAN2,ENSG00000258779
KRT8P30,ENSG00000224928
ELF3-AS1,ENSG00000234678
UBXN1,ENSG00000162191
HPS4,ENSG00000100099
HSF2,ENSG00000025156
HNRNPA1P66,ENSG00000229221
POLL,ENSG00000166169
NDUFS7,ENSG00000115286
LINC02838,ENSG00000285536
CARD11-AS1,ENSG00000237286
LINC00922,ENSG00000261742
SNX16,ENSG00000104497
ELN-AS1,ENSG00000232415
MICALL2-DT,ENSG00000225981
TIMM8AP1,ENSG00000231445
FNBP1P1,ENSG00000257800
RPL31P17,ENSG00000235225
MAD2L1BP,ENSG00000124688
SMIM12P1,ENSG00000271284
LINC01767,ENSG00000223956
H2AZ2-DT,ENSG00000234183
CD83,ENSG00000112149
RUSF1-DT,ENSG00000260625
CHCHD6,ENSG00000159685
PABPC4-AS1,ENSG00000228060
SPATA24,ENSG00000170469
PDSS1P2,ENSG00000224637
MRPL36P1,ENSG00000225392
RWDD2A,ENSG00000013392
LINC01572,ENSG00000261008
PTGES3P2,ENSG00000217643
MNX1-AS1,ENSG00000243479
ULBP3,ENSG00000131019
UQCRHP2,ENSG00000237629
SEPTIN14P2,ENSG00000244528
KMT2CP4,ENSG00000283132
DMXL1,ENSG00000172869
WDTC1-DT,ENSG00000224311
CCNE2,ENSG00000175305
LINC01778,ENSG00000223382
CRPPA-AS1,ENSG00000229688
DAZAP2P1,ENSG00000223825
COL15A1,ENSG00000204291
RPSAP22,ENSG00000229648
OR7E46P,ENSG00000234485
OR7E62P,ENSG00000234896
HIPK1-AS1,ENSG00000235527
TFPI2-DT,ENSG00000234695
SNX18P14,ENSG00000235571
RPL6P5,ENSG00000214064
ACVR2B,ENSG00000114739
RNF207-AS1,ENSG00000226944
ANKRD13D,ENSG00000172932
NTRAS,ENSG00000227764
RPL31P30,ENSG00000230702
MKLN1-AS,ENSG00000236753
NELFCD,ENSG00000101158
EEF1E1P1,ENSG00000236307
NDUFA7,ENSG00000267855
ANAPC1P2,ENSG00000231259
LINC01717,ENSG00000232812
PLXNA4-AS2,ENSG00000225144
RPS20P10,ENSG00000233971
KRTCAP2P1,ENSG00000231848
HCST,ENSG00000126264
PRKAR2B-AS1,ENSG00000243193
MAFTRR,ENSG00000261390
CIP2A,ENSG00000163507
DMTF1-AS1,ENSG00000224046
RPL7P12,ENSG00000227770
HIVEP1,ENSG00000095951
LINC00607,ENSG00000235770
ZNF215,ENSG00000149054
CAMSAP3,ENSG00000076826
BEND6,ENSG00000151917
DDX46,ENSG00000145833
MATN2,ENSG00000132561
NDUFAF4,ENSG00000123545
ELP6,ENSG00000163832
ZSCAN23,ENSG00000187987
LINC01229,ENSG00000260876
LRP5,ENSG00000162337
MED15P4,ENSG00000224679
POTEKP,ENSG00000204434
E2F7,ENSG00000165891
PGM5P4,ENSG00000225398
FAM138B,ENSG00000226516
LINC02574,ENSG00000233975
ANGPTL6,ENSG00000130812
LINC01228,ENSG00000261082
ZNF845,ENSG00000213799
ZNF445,ENSG00000185219
HINT1,ENSG00000169567
DDX11L2,ENSG00000236397
ACRP1,ENSG00000175509
LINC02936,ENSG00000227359
ARMC6,ENSG00000105676
NFIA-AS1,ENSG00000237853
LINC02182,ENSG00000260420
MRPL42,ENSG00000198015
ERCC8,ENSG00000049167
SGO1,ENSG00000129810
RC3H1-DT,ENSG00000224977
LINC02795,ENSG00000285210
SPTAN1,ENSG00000197694
LINC02181,ENSG00000232190
CYP2R1,ENSG00000186104
LINC02772,ENSG00000271736
LANCL1-AS1,ENSG00000234281
KCNK5,ENSG00000164626
ZNF451,ENSG00000112200
EFCAB14-AS1,ENSG00000228237
GTPBP1,ENSG00000100226
RPL27A,ENSG00000166441
MBD3,ENSG00000071655
CD101-AS1,ENSG00000236137
LINC02175,ENSG00000262155
CTSA,ENSG00000064601
FAM204A,ENSG00000165669
CCDC15,ENSG00000149548
LINC02134,ENSG00000260450
LCMT1-AS1,ENSG00000260448
RAB3IP,ENSG00000127328
ATF4,ENSG00000128272
MRPL17,ENSG00000158042
MIER2,ENSG00000105556
COQ7-DT,ENSG00000261465
PNPLA2,ENSG00000177666
DEPDC5,ENSG00000100150
LINC02818,ENSG00000231966
APBA3,ENSG00000011132
LIMCH1,ENSG00000064042
MRPL3,ENSG00000114686
LINC01360,ENSG00000233973
ST3GAL5-AS1,ENSG00000232504
CFAP418,ENSG00000156172
MRPL2,ENSG00000112651
LINC01127,ENSG00000281162
NHP2,ENSG00000145912
POLR3D,ENSG00000168495
LINC02775,ENSG00000283518
ITPKB-IT1,ENSG00000228382
CMYA5,ENSG00000164309
THBS3-AS1,ENSG00000231064
CSGALNACT2,ENSG00000169826
ERICH2-DT,ENSG00000234350
KIAA1586,ENSG00000168116
PLCB3,ENSG00000149782
NSUN2,ENSG00000037474
BMPR1A,ENSG00000107779
CD164,ENSG00000135535
SSTR5-AS1,ENSG00000261713
NOTCH3,ENSG00000074181
LINC02178,ENSG00000261092
SLITRK3,ENSG00000121871
CLXN,ENSG00000034239
LINC02613,ENSG00000231367
WDR48,ENSG00000114742
INKA2-AS1,ENSG00000227811
LINC01883,ENSG00000235009
RNF32-DT,ENSG00000182648
LINC01250,ENSG00000234423
TUBA1B,ENSG00000123416
LINC01359,ENSG00000226891
RAB2A,ENSG00000104388
LINC01954,ENSG00000271952
PSENEN,ENSG00000205155
MDFI,ENSG00000112559
DCUN1D1,ENSG00000043093
LINC02168,ENSG00000261703
ASB15-AS1,ENSG00000230442
SPHK2,ENSG00000063176
MYOSLID-AS1,ENSG00000223725
DIABLO,ENSG00000184047
LINC01447,ENSG00000236078
PRORP,ENSG00000100890
RSPH9,ENSG00000172426
NDUFB4,ENSG00000065518
TRG-AS1,ENSG00000281103
CYP11B2,ENSG00000179142
BCKDHB,ENSG00000083123
MMP2-AS1,ENSG00000260135
MFSD4A-AS1,ENSG00000295836
PLEKHF2,ENSG00000175895
TXNDC11-AS1,ENSG00000262420
RPL39L,ENSG00000163923
TNFRSF10B,ENSG00000120889
LINC02176,ENSG00000260340
KCNC4-DT,ENSG00000224965
HSD17B14,ENSG00000087076
GPR55-AS1,ENSG00000230385
THNSL1,ENSG00000185875
LINC01800,ENSG00000234572
TMA7,ENSG00000232112
LINC01757,ENSG00000228105
LINC02130,ENSG00000260009
MMS22L,ENSG00000146263
LRRC8C-DT,ENSG00000231999
CHST3,ENSG00000122863
DEPDC4,ENSG00000166153
HDAC3,ENSG00000171720
UQCC1,ENSG00000101019
C3orf52,ENSG00000114529
PHYH,ENSG00000107537
LGALS3,ENSG00000131981
EGFR-AS1,ENSG00000224057
ARHGEF35-AS1,ENSG00000244198
ZFP14,ENSG00000142065
CNN3-DT,ENSG00000235501
TMTC3,ENSG00000139324
MCM2,ENSG00000073111
LINC01248,ENSG00000224128
B9D2,ENSG00000123810
CALR3,ENSG00000269058
CENPW,ENSG00000203760
INCENP,ENSG00000149503
NFIA-AS2,ENSG00000237928
LSM7,ENSG00000130332
IQCK-AS1,ENSG00000261195
PDK4-AS1,ENSG00000231170
RUNX1T1,ENSG00000079102
TBCB,ENSG00000105254
LINC01680,ENSG00000233882
FBXL19-AS1,ENSG00000260852
ZNF239,ENSG00000196793
SDK1-AS1,ENSG00000236708
GOLGA3,ENSG00000090615
GLCCI1-DT,ENSG00000233108
FMO1-AS1,ENSG00000231424
RFC4,ENSG00000163918
POU2F2,ENSG00000028277
ACER3,ENSG00000078124
CDH8-AS1,ENSG00000260115
DNAJA2-DT,ENSG00000261173
LINC02169,ENSG00000259517
UNKL-AS1,ENSG00000260132
WDR70,ENSG00000082068
LINC02188,ENSG00000261175
GRK5,ENSG00000198873
SNX6,ENSG00000129515
LINC02780,ENSG00000284668
SKIL,ENSG00000136603
FLYWCH1-AS1,ENSG00000262482
LINC01081,ENSG00000268754
AOX3P-AOX2P,ENSG00000284084
RPL35A,ENSG00000182899
RABGAP1L-AS1,ENSG00000229531
LINC01082,ENSG00000269186
LITATS1,ENSG00000233621
KCNJ1,ENSG00000151704
JARID2,ENSG00000008083
ADAM33,ENSG00000149451
ATRNL1,ENSG00000107518
ARLNC1,ENSG00000260896
RBM27,ENSG00000091009
C2CD3,ENSG00000168014
RPL37A-DT,ENSG00000232485
ARHGAP15-AS1,ENSG00000231758
ASCC3,ENSG00000112249
GPRIN2,ENSG00000204175
HNRNPC,ENSG00000092199
LINC01753,ENSG00000230250
LINC02934,ENSG00000204929
DNAJC19,ENSG00000205981
LINC02869,ENSG00000228208
RHOBTB2,ENSG00000008853
LINC02133,ENSG00000261231
PCYT1A,ENSG00000161217
FOXC2-AS1,ENSG00000260944
SETD9,ENSG00000155542
LINC01876,ENSG00000226383
RUSC1-AS1,ENSG00000225855
SHLD2,ENSG00000122376
PTPRN2-AS1,ENSG00000233038
SMG1-DT,ENSG00000260352
ZNF582,ENSG00000018869
MRPL16,ENSG00000166902
ACTR3-AS1,ENSG00000228857
LINC02932,ENSG00000243144
SLC12A2,ENSG00000064651
HIPK3,ENSG00000110422
ANKRD46,ENSG00000186106
PYCARD-AS1,ENSG00000261359
LINC02127,ENSG00000261637
C16orf95-DT,ENSG00000270006
LINC01191,ENSG00000234199
LINC02165,ENSG00000261014
HTR5A-AS1,ENSG00000220575
RAB5A,ENSG00000144566
BCAR3-AS1,ENSG00000224093
FAM131B-AS2,ENSG00000232533
TMIGD2,ENSG00000167664
ORMDL2,ENSG00000123353
SLC26A5-AS1,ENSG00000234715
DLX6-AS1,ENSG00000231764
LINC02185,ENSG00000262097
CGB8,ENSG00000213030
USH2A-AS1,ENSG00000236292
MIR762HG,ENSG00000260083
LINC02884,ENSG00000231246
ZNF529,ENSG00000186020
GATC,ENSG00000257218
LINC02128,ENSG00000261241
ACE2,ENSG00000130234
UQCC6,ENSG00000204954
FAM131B-AS1,ENSG00000272619
CCDC12,ENSG00000160799
GTF2F1,ENSG00000125651
GSR,ENSG00000104687
PRKAG3,ENSG00000115592
PSMG3-AS1,ENSG00000230487
C12orf57,ENSG00000111678
LINC00919,ENSG00000260268
LINC01739,ENSG00000229537
ZNF318,ENSG00000171467
UBA1,ENSG00000130985
LINC01750,ENSG00000231437
LINC02902,ENSG00000221845
DCLK3,ENSG00000163673
HELB,ENSG00000127311
MSH2-OT1,ENSG00000235760
BCYRN1,ENSG00000236824
ARL2,ENSG00000213465
CYB561D2,ENSG00000114395
LINC02812,ENSG00000230138
PARTICL,ENSG00000286532
LINC03060,ENSG00000273297
LINC02180,ENSG00000261749
RBM15-AS1,ENSG00000227963
SRSF3,ENSG00000112081
KLHL3,ENSG00000146021
STAC,ENSG00000144681
ZKSCAN2-DT,ENSG00000274925
EIF3M,ENSG00000149100
LINC00920,ENSG00000246898
TBC1D15,ENSG00000121749
ATP2A1-AS1,ENSG00000260442
LINC02238,ENSG00000223479
SYNDIG1,ENSG00000101463
LINC00917,ENSG00000168367
CAMTA1-AS2,ENSG00000237728
LINC01702,ENSG00000235200
LINC02889,ENSG00000236039
DMKN,ENSG00000161249
TOMM6,ENSG00000214736
CMBL,ENSG00000164237
PAK5,ENSG00000101349
STAU2,ENSG00000040341
DTNBP1,ENSG00000047579
LINC03008,ENSG00000229196
KCNH1-IT1,ENSG00000234233
PPM1J-DT,ENSG00000261595
ZNF589,ENSG00000164048
MUC12-AS1,ENSG00000227053
LINC01397,ENSG00000258673
SGK2,ENSG00000101049
TMEM126A,ENSG00000171202
C1QBP,ENSG00000108561
ELFN1-AS1,ENSG00000236081
GRHL3-AS1,ENSG00000232298
CMTM7,ENSG00000153551
LINC02183,ENSG00000283304
GNAO1-DT,ENSG00000246379
DHX33,ENSG00000005100
LINC-PINT,ENSG00000231721
TPPP,ENSG00000171368
ZCCHC24,ENSG00000165424
VWA5A,ENSG00000110002
PDSS1,ENSG00000148459
SLC2A1-DT,ENSG00000227533
SLC38A3,ENSG00000188338
ITPR3,ENSG00000096433
CASC16,ENSG00000249231
WHSC1L2P,ENSG00000267253
SOST,ENSG00000167941
LRRC52-AS1,ENSG00000237463
CFAP97D1,ENSG00000231256
ANXA6,ENSG00000197043
TVP23C-CDRT4,ENSG00000259024
GLUD1,ENSG00000148672
MFF-DT,ENSG00000236432
DOK5,ENSG00000101134
TVP23C,ENSG00000175106
LINC03064,ENSG00000260963
MPHOSPH6-DT,ENSG00000261029
SCYGR1,ENSG00000284629
GPCPD1,ENSG00000125772
LINC01571,ENSG00000260057
PRKACB-DT,ENSG00000271576
SCYGR2,ENSG00000284643
SCYGR3,ENSG00000284704
LINC02139,ENSG00000278214
SCYGR4,ENSG00000284631
PPCDC,ENSG00000138621
SCYGR5,ENSG00000284667
SCYGR6,ENSG00000284725
SCYGR7,ENSG00000284718
RPL9P2,ENSG00000234324
PPIAP53,ENSG00000223878
SCYGR8,ENSG00000284635
CLASP1-AS1,ENSG00000265451
APOBEC3G,ENSG00000239713
RNU4ATAC,ENSG00000264229
DCAF8-DT,ENSG00000228606
ARHGEF33,ENSG00000214694
DHX37,ENSG00000150990
ARHGEF2-AS2,ENSG00000273002
LINC01344,ENSG00000228918
MIR193BHG,ENSG00000262454
IDH3A,ENSG00000166411
ADGRF3,ENSG00000173567
ASCC2,ENSG00000100325
NSMCE1-DT,ENSG00000245888
PEA15-AS1,ENSG00000227741
H2BC12,ENSG00000197903
EDEM2,ENSG00000088298
FAM157C,ENSG00000260528
LINC02798,ENSG00000227082
SELENOI,ENSG00000138018
LINC01134,ENSG00000236423
LLPH,ENSG00000139233
DNPEP-AS1,ENSG00000229525
ANO9,ENSG00000185101
TMEM14B,ENSG00000137210
SRGAP2-AS1,ENSG00000230806
BHLHE40,ENSG00000134107
LINC02832,ENSG00000227308
LINC02796,ENSG00000227016
LINC01803,ENSG00000228909
TAC3,ENSG00000166863
MIR4268,ENSG00000266518
EN1,ENSG00000163064
C1QL2,ENSG00000144119
RN7SL468P,ENSG00000264833
LYPLA1,ENSG00000120992
STEAP3-AS1,ENSG00000229867
SLC12A8,ENSG00000221955
SCTR-AS1,ENSG00000231013
SPEGNB,ENSG00000286095
LINC01701,ENSG00000232212
LINC01804,ENSG00000231031
ZNF277-AS1,ENSG00000226851
CYP1B1-AS1,ENSG00000232973
NQO1-DT,ENSG00000262136
H3-3A-DT,ENSG00000272562
VPS18,ENSG00000104142
SNAI3-AS1,ENSG00000260630
LINC02609,ENSG00000233593
KIF18A,ENSG00000121621
ZFP64,ENSG00000020256
BBS4,ENSG00000140463
CHD3,ENSG00000170004
SLC4A8,ENSG00000050438
BLOC1S2,ENSG00000196072
PKN2-AS1,ENSG00000237505
SRRM2-AS1,ENSG00000205913
ATP6V0E2-AS1,ENSG00000204934
POPDC1,ENSG00000112276
YTHDF1,ENSG00000149658
RESP18,ENSG00000182698
BCAS1,ENSG00000064787
LINC01703,ENSG00000225518
CCNY,ENSG00000108100
RPS13,ENSG00000110700
NEU2,ENSG00000115488
LINC01763,ENSG00000225446
DAPK2,ENSG00000035664
C2orf74-AS1,ENSG00000271889
LINC00174,ENSG00000179406
LINC00862,ENSG00000203721
IGHMBP2,ENSG00000132740
CMIP,ENSG00000153815
SPINT1,ENSG00000166145
GOLGB1,ENSG00000173230
PPARGC1B,ENSG00000155846
MAGI2-AS3,ENSG00000234456
KCNJ2-AS1,ENSG00000267365
RNU4-34P,ENSG00000222363
MIR4523,ENSG00000284162
RNU6-711P,ENSG00000253064
RNU6-1034P,ENSG00000202205
LINC01361,ENSG00000236268
DGUOK-AS1,ENSG00000237883
LINC02786,ENSG00000284623
SRP68P3,ENSG00000237911
FAM106B,ENSG00000287751
TNPO1P3,ENSG00000229586
TBC1D3P3,ENSG00000235203
FBXL14,ENSG00000171823
YEATS4,ENSG00000127337
LINC02166,ENSG00000260259
RN7SL113P,ENSG00000278590
CDR2-DT,ENSG00000260790
PLAU,ENSG00000122861
LINC00342,ENSG00000232931
UTP20,ENSG00000120800
ANKRD36C,ENSG00000174501
LNCPRESS1,ENSG00000232301
BPIFB1,ENSG00000125999
EMSLR,ENSG00000232445
CYP51A1-AS1,ENSG00000188693
LINC00265,ENSG00000188185
DCAF13,ENSG00000164934
SPACA3,ENSG00000141316
CYP3A4-AS1,ENSG00000273407
OR2AE1,ENSG00000244623
FFAR4,ENSG00000186188
AZGP1P1,ENSG00000214313
ATAD1,ENSG00000138138
MARCKS,ENSG00000277443
MYO15B,ENSG00000266714
PIP4K2C,ENSG00000166908
FKBP14-AS1,ENSG00000227014
MTURN,ENSG00000180354
PPP2R1B,ENSG00000137713
RPS27P16,ENSG00000225907
TUSC3,ENSG00000104723
LINC02805,ENSG00000232265
MMP25-AS1,ENSG00000261971
RNU6-92P,ENSG00000272393
ST13P7,ENSG00000237821
SQOR,ENSG00000137767
ATF7,ENSG00000170653
COX19,ENSG00000240230
LINC01132,ENSG00000227630
PRMT5,ENSG00000100462
NINL,ENSG00000101004
TTC38,ENSG00000075234
ZNF213-AS1,ENSG00000263072
CYP2W1,ENSG00000073067
ZMAT3,ENSG00000172667
ARHGEF37,ENSG00000183111
MIR339,ENSG00000199023
CDK1,ENSG00000170312
CHLSN-AS1,ENSG00000224079
DHCR24-DT,ENSG00000233203
ZFAND2A-DT,ENSG00000229043
SSU72-AS1,ENSG00000215014
UNCX,ENSG00000164853
HOXB1,ENSG00000120094
HOXB2,ENSG00000173917
SETMAR,ENSG00000170364
HOXB4,ENSG00000182742
LINC03072,ENSG00000273270
MIR10A,ENSG00000284038
HOXB5,ENSG00000120075
LINC03007,ENSG00000223561
HOXB7,ENSG00000260027
HOXB9,ENSG00000170689
WDR82,ENSG00000164091
FAM169A,ENSG00000198780
MIR196A1,ENSG00000210741
ADORA2B,ENSG00000170425
FXR2,ENSG00000129245
EIF5A2,ENSG00000163577
ADGRA2,ENSG00000020181
MIR3615,ENSG00000284186
EEF1A2,ENSG00000101210
ZNF562,ENSG00000171466
MSI1,ENSG00000135097
PARL,ENSG00000175193
ST13,ENSG00000100380
PSMG4,ENSG00000180822
PALD1,ENSG00000107719
PKD1P6-NPIPP1,ENSG00000290394
MTRR,ENSG00000124275
DYNC2H1,ENSG00000187240
NPM1P12,ENSG00000215311
ZNF282,ENSG00000170265
SERTAD1,ENSG00000197019
YPEL3-DT,ENSG00000250616
CORO1A-AS1,ENSG00000261416
LRRC37A16P,ENSG00000267023
ZNF783,ENSG00000204946
CNNM3-DT,ENSG00000273265
HNRNPK,ENSG00000165119
FAM178B,ENSG00000168754
USP32P2,ENSG00000233327
GSS,ENSG00000100983
PYY2,ENSG00000237575
PPY2P,ENSG00000265060
ZNF286B,ENSG00000249459
TBC1D27P,ENSG00000128438
TBC1D3P2,ENSG00000188755
OR3A4P,ENSG00000180068
GNL3,ENSG00000163938
KRT42P,ENSG00000214514
UBBP4,ENSG00000263563
CD2BP2-DT,ENSG00000260219
LRRC37A11P,ENSG00000214553
NOS2P1,ENSG00000265788
RNA5SP101,ENSG00000252845
C12orf56,ENSG00000185306
USP32P1,ENSG00000188933
FAR2P2,ENSG00000290596
KRT16P6,ENSG00000226145
KRT16P2,ENSG00000227300
RNF216P1,ENSG00000196204
KRT17P1,ENSG00000131885
KRT17P4,ENSG00000205312
AOC4P,ENSG00000260105
CCDC144NL,ENSG00000205212
CCDC144BP,ENSG00000154874
RRN3P2,ENSG00000103472
TRIM16L,ENSG00000108448
RBAKDN,ENSG00000273313
KRT223P,ENSG00000229028
PRR15-DT,ENSG00000223813
USP32P3,ENSG00000189423
RUVBL1,ENSG00000175792
NOS2P3,ENSG00000230528
KRT16P3,ENSG00000214822
KRT17P6,ENSG00000231645
ABCD4,ENSG00000119688
KRT17P7,ENSG00000205215
LRRC37A17P,ENSG00000263142
LINC00674,ENSG00000237854
NPLOC4,ENSG00000182446
ADAT2,ENSG00000189007
SLC16A1-AS1,ENSG00000226419
MANEA,ENSG00000172469
MTERF2,ENSG00000120832
DUSP6,ENSG00000139318
PRLH,ENSG00000071677
LRIG2-DT,ENSG00000238198
RAB17-DT,ENSG00000234949
LINC01356,ENSG00000215866
PHB2,ENSG00000215021
SPEF2,ENSG00000152582
LINC01958,ENSG00000283436
RN7SL454P,ENSG00000243426
SCAT1,ENSG00000267123
PKP4-AS1,ENSG00000204380
RNU1-82P,ENSG00000212153
LINC02790,ENSG00000237435
MIR933,ENSG00000215973
RPS15AP14,ENSG00000233131
REPIN1-AS1,ENSG00000240449
ANKRD44-AS1,ENSG00000231621
UNC93B2,ENSG00000155070
ALG1L5P,ENSG00000226943
RN7SL756P,ENSG00000244610
BOLL,ENSG00000152430
MIR548D2,ENSG00000263690
MIR548AA2,ENSG00000207688
VTA1,ENSG00000009844
NEURL1,ENSG00000107954
OR7E39P,ENSG00000273252
PTGER3-AS1,ENSG00000235782
LINC01364,ENSG00000227290
EEF1AKMT4,ENSG00000284753
OR7E136P,ENSG00000205897
RPL23P8,ENSG00000219451
C4orf46P1,ENSG00000206168
BCAP31P1,ENSG00000261217
MIR6787,ENSG00000284574
DPY19L1P1,ENSG00000229358
NCAPD2,ENSG00000010292
RNF213,ENSG00000173821
HMGN2P3,ENSG00000230330
GHITM,ENSG00000165678
RABL2B,ENSG00000079974
SEC13,ENSG00000157020
RPL18P13,ENSG00000244485
FADS2,ENSG00000134824
LMBRD1,ENSG00000168216
LINC01031,ENSG00000232077
FAM81A,ENSG00000157470
SNX29P1,ENSG00000158482
VPS51P1,ENSG00000260431
HOOK3,ENSG00000168172
PRPF6,ENSG00000101161
DPPA2P4,ENSG00000261429
GAPDHP35,ENSG00000250982
LINC02784,ENSG00000235741
GRIK5,ENSG00000105737
VINAC1P,ENSG00000283698
GORAB-AS1,ENSG00000231407
FAM193B,ENSG00000146067
SLC20A1-DT,ENSG00000237753
PLA2G10DP,ENSG00000261419
PLA2G10KP,ENSG00000278528
SMG1P6,ENSG00000254634
PLA2G10HP,ENSG00000257506
ZNF248,ENSG00000198105
LINC01878,ENSG00000234308
LINC02801,ENSG00000284240
MIR4776-2,ENSG00000283637
MIR4776-1,ENSG00000266354
CA5AP1,ENSG00000260133
LINC01953,ENSG00000236193
PLA2G10JP,ENSG00000261203
TASP1,ENSG00000089123
SPAG16-DT,ENSG00000196096
ENSAP3,ENSG00000177261
SNORA70I,ENSG00000207274
RPL10P6,ENSG00000230076
CDK5R2-AS1,ENSG00000235024
RNU2-4P,ENSG00000277084
RNU6-1137P,ENSG00000252882
RNU6-470P,ENSG00000251763
YBX3P1,ENSG00000261614
MIR2117HG,ENSG00000267151
MIR2117,ENSG00000284344
RNU6-406P,ENSG00000252279
RNU6-971P,ENSG00000252729
ARL17A,ENSG00000185829
EXOC3,ENSG00000180104
LINC02769,ENSG00000259815
SLC35F3-AS1,ENSG00000236244
FAM86LP,ENSG00000242731
ZNF574,ENSG00000105732
LINC00608,ENSG00000236445
PKD1P2,ENSG00000227827
NCOA5LP,ENSG00000283365
UQCRFS1,ENSG00000169021
CFAP65,ENSG00000181378
UQCC3,ENSG00000204922
CES1P2,ENSG00000260765
PSMA6,ENSG00000100902
ALCAM,ENSG00000170017
RPS19,ENSG00000105372
RRAGC-DT,ENSG00000228436
ZNF512B,ENSG00000196700
AQP11,ENSG00000178301
ATP5F1AP3,ENSG00000263232
VN1R31P,ENSG00000236284
STAM,ENSG00000136738
PLA2G10BP,ENSG00000254609
AEN,ENSG00000181026
LINC01709,ENSG00000226715
TBC1D31,ENSG00000156787
TM9SF4,ENSG00000101337
SCML2P2,ENSG00000271105
NPIPB10P,ENSG00000196796
VN1R32P,ENSG00000230361
SEPTIN7P4,ENSG00000240651
RPS26,ENSG00000197728
LINC02608,ENSG00000226251
GTPBP3,ENSG00000130299
BPTF,ENSG00000171634
PTPN9,ENSG00000169410
LINC03075,ENSG00000229301
MRPL51,ENSG00000111639
LINC01698,ENSG00000231648
CDCP1,ENSG00000163814
TRPM8,ENSG00000144481
TCP1,ENSG00000120438
CHEK2P7,ENSG00000260516
DLEU2L,ENSG00000116652
PHKG1P1,ENSG00000226075
TP53TG3GP,ENSG00000261274
IFITM3,ENSG00000142089
FRG2JP,ENSG00000259897
DGAT2L7P,ENSG00000205267
RARRES2P6,ENSG00000261010
NCOR1P3,ENSG00000233601
FRG2HP,ENSG00000260846
GTF2IP5,ENSG00000224316
RAD51AP1,ENSG00000111247
RPSAP46,ENSG00000213394
FRG2IP,ENSG00000260598
LARGE2,ENSG00000165905
GPR156,ENSG00000175697
AGGF1P5,ENSG00000260680
SMIM3,ENSG00000256235
LINC02125,ENSG00000250514
OR7E7P,ENSG00000238228
PRELID2,ENSG00000186314
SEC62,ENSG00000008952
LINC01755,ENSG00000233079
OR7E38P,ENSG00000183444
NRAP,ENSG00000197893
HHIPL1,ENSG00000182218
SMG7-AS1,ENSG00000232860
CLTB,ENSG00000175416
BTBD1,ENSG00000064726
MRPL42P4,ENSG00000242552
SRSF8CP,ENSG00000214754
SGTB,ENSG00000197860
CAPZA1P4,ENSG00000233263
TAC4,ENSG00000176358
RPL7AP43,ENSG00000213542
ESPNL,ENSG00000144488
LINC01349,ENSG00000230402
NDRG2,ENSG00000165795
FHAD1-AS1,ENSG00000233485
KMT2A,ENSG00000118058
MRPS10,ENSG00000048544
ZFHX3-AS1,ENSG00000259768
MTCYBP24,ENSG00000236232
KLHL30-AS1,ENSG00000279484
SEPTIN7-DT,ENSG00000228878
EFHD2-AS1,ENSG00000228140
RABL3,ENSG00000144840
LINC02610,ENSG00000186235
MIR6784,ENSG00000277249
PRIM2,ENSG00000146143
WWC1,ENSG00000113645
BOK-AS1,ENSG00000234235
TGFB2-AS1,ENSG00000232480
ZNF576,ENSG00000124444
TMEM230,ENSG00000089063
GAST,ENSG00000184502
WDR53,ENSG00000185798
SHMT2,ENSG00000182199
RNA5SP122,ENSG00000207186
RNA5SP442,ENSG00000201920
RN7SL399P,ENSG00000239542
WHAMM,ENSG00000156232
LETM2,ENSG00000165046
CARD14,ENSG00000141527
DNAJB3,ENSG00000293135
LINC01635,ENSG00000228397
ZEB2-AS1,ENSG00000238057
NEO1,ENSG00000067141
ZKSCAN3,ENSG00000189298
HSD11B1-AS1,ENSG00000227591
DDA1,ENSG00000130311
LINC01412,ENSG00000232606
CYMP-AS1,ENSG00000235407
TCEAL3,ENSG00000196507
RNU7-90P,ENSG00000238731
KRT18P18,ENSG00000261764
RNU7-71P,ENSG00000251868
LINC02126,ENSG00000259847
ABRACL,ENSG00000146386
LINC02993,ENSG00000287115
LINC01675,ENSG00000234142
RPLP0P6,ENSG00000213553
LINC02770,ENSG00000228215
POLQ,ENSG00000051341
CARHSP1-DT,ENSG00000261481
USP7-AS1,ENSG00000260979
AASDHPPT,ENSG00000149313
ANKLE1,ENSG00000160117
HNRNPLL,ENSG00000143889
CD99L2,ENSG00000102181
ATP6V0D1-DT,ENSG00000270049
LINC02606,ENSG00000284693
CTCF-DT,ENSG00000259804
CLP1,ENSG00000172409
CITED2,ENSG00000164442
UBE2I-AS1,ENSG00000260710
PDZD2,ENSG00000133401
LY6S,ENSG00000291309
MAP6D1,ENSG00000180834
TRMT11,ENSG00000066651
MDK,ENSG00000110492
FHIP2B,ENSG00000158863
PDIA5,ENSG00000065485
GTF2IP23,ENSG00000230295
PEX12,ENSG00000108733
PDC-AS1,ENSG00000229739
LINC02563,ENSG00000263520
PSMD7P1,ENSG00000266707
RNA5SP444,ENSG00000252653
RN7SL735P,ENSG00000244044
LINC01776,ENSG00000226053
PRKCA-AS1,ENSG00000264630
HLF,ENSG00000108924
PRKCZ-DT,ENSG00000226969
CCT4P1,ENSG00000242703
LINGO3,ENSG00000220008
GET3,ENSG00000198356
GALM-AS1,ENSG00000232518
TTC39DP,ENSG00000227238
MORN2,ENSG00000188010
RASA4DP,ENSG00000233297
LINC01139,ENSG00000215808
GARS1P1,ENSG00000262135
RNU6-1249P,ENSG00000200107
GUSBP12,ENSG00000169325
SMIM36,ENSG00000261873
CYSTM1,ENSG00000120306
PRDX6-AS1,ENSG00000203739
CEP295NL,ENSG00000178404
LINC01857,ENSG00000224137
RPSAP73,ENSG00000274319
RN7SL405P,ENSG00000264540
MIR6783,ENSG00000278223
PHF3,ENSG00000118482
SUZ12P1,ENSG00000264538
XPC,ENSG00000154767
NECTIN4-AS1,ENSG00000228917
PRXL2C,ENSG00000158122
RPL12P10,ENSG00000226279
CELF5,ENSG00000161082
SNHG26,ENSG00000228649
RNU6-298P,ENSG00000212190
RNU6-1134P,ENSG00000202026
GPR160P2,ENSG00000265863
NGFR,ENSG00000064300
HARS1,ENSG00000170445
LINC01685,ENSG00000238063
ZNF18,ENSG00000154957
PHKA2,ENSG00000044446
CRYGB,ENSG00000182187
PNPLA7,ENSG00000130653
DNAJC5,ENSG00000101152
CRH,ENSG00000147571
CRYGA,ENSG00000168582
LINC02787,ENSG00000229201
SNX15,ENSG00000110025
RPSAP27,ENSG00000233869
TPT1P2,ENSG00000228111
IDH1-AS1,ENSG00000231908
LINC02817,ENSG00000234754
MYL6BP1,ENSG00000228380
GTF3C6,ENSG00000155115
PTH2R,ENSG00000144407
PROCA1,ENSG00000167525
TCTA,ENSG00000145022
ICAM1,ENSG00000090339
CRNDE,ENSG00000245694
FCRL3-AS1,ENSG00000227217
SNAP25,ENSG00000132639
PMS2P12,ENSG00000228546
EPHA3,ENSG00000044524
TCAF1P1,ENSG00000223459
PITPNC1,ENSG00000154217
GJB7,ENSG00000164411
ARPC1BP1,ENSG00000213081
H3P9,ENSG00000227430
TTC4P1,ENSG00000221971
DPY19L1P2,ENSG00000231952
RNA5SP117,ENSG00000202164
CRYGFP,ENSG00000232799
GRM4,ENSG00000124493
CYP7B1,ENSG00000172817
KANSL1L-AS1,ENSG00000229127
RPL6P6,ENSG00000231063
CCDC140,ENSG00000163081
HAUS8,ENSG00000131351
ERBB3,ENSG00000065361
OR3A1,ENSG00000180090
SCARNA20,ENSG00000252577
RPL32P32,ENSG00000241157
SEPTIN7P12,ENSG00000275562
ARHGAP39,ENSG00000147799
H3P42,ENSG00000271626
TIMM10,ENSG00000134809
NCS1,ENSG00000107130
ARHGEF34P,ENSG00000204959
LLPHP3,ENSG00000233868
BCAS3,ENSG00000141376
HSPA9P1,ENSG00000226666
RPL23AP28,ENSG00000226331
FKBP6P1,ENSG00000205584
PMS2P7,ENSG00000229018
PMS2P8,ENSG00000273897
PMS2P14,ENSG00000277125
PMS2P6,ENSG00000174384
PMS2P5,ENSG00000123965
PAX3,ENSG00000135903
GLB1L3,ENSG00000166105
C6,ENSG00000039537
DYNC2I2,ENSG00000119333
MIR34AHG,ENSG00000228526
LINC01221,ENSG00000235492
LNCTAM34A,ENSG00000234546
HNRNPA1P8,ENSG00000229251
YWHAEP1,ENSG00000232727
PEX2,ENSG00000164751
DOT1L,ENSG00000104885
RBMX,ENSG00000147274
TBC1D13,ENSG00000107021
CAMTA1-DT,ENSG00000237436
LHFPL4,ENSG00000156959
DHX9-AS1,ENSG00000287808
CHERP,ENSG00000085872
NXT1,ENSG00000132661
RMDN1,ENSG00000176623
LRRN1,ENSG00000175928
KIAA1755,ENSG00000149633
BACE1,ENSG00000186318
LINC02177,ENSG00000261617
LINC01890,ENSG00000228329
LINC01888,ENSG00000237576
GKN3P,ENSG00000283586
CCDC195,ENSG00000283428
MED12L,ENSG00000144893
GTF2IP14,ENSG00000226002
MTND4P27,ENSG00000230548
SEPTIN7P3,ENSG00000226102
KLF2P2,ENSG00000230646
SLC2A3,ENSG00000059804
CYP4F62P,ENSG00000239402
ARSD,ENSG00000006756
POTEI,ENSG00000196834
NCF1C,ENSG00000165178
TLE1,ENSG00000196781
STRADBP1,ENSG00000213205
ATP5PBP3,ENSG00000214003
RRAGD,ENSG00000025039
LINC02813,ENSG00000225334
RNU6-473P,ENSG00000251973
BRINP3-DT,ENSG00000237457
RNA5SP433,ENSG00000201361
CFC1B,ENSG00000152093
CYSLTR1,ENSG00000173198
ZBTB2,ENSG00000181472
KRTAP9-1,ENSG00000240542
SRXN1,ENSG00000271303
FZD2,ENSG00000180340
ATP2C2-AS1,ENSG00000261286
TBC1D3P5,ENSG00000290422
COTL1,ENSG00000103187
COMMD4,ENSG00000140365
ZMYND8,ENSG00000101040
RAB9A,ENSG00000123595
TTK,ENSG00000112742
ARHGEF4-AS1,ENSG00000233221
ATP1B4,ENSG00000101892
CNIH3-AS2,ENSG00000233384
DYNLRB2,ENSG00000168589
KAT7,ENSG00000136504
DDX23,ENSG00000174243
ZNF734P,ENSG00000197990
LINC01227,ENSG00000260737
TNRC18P2,ENSG00000223566
RNU2-21P,ENSG00000222300
BTF3L4P2,ENSG00000213189
RNU6-580P,ENSG00000202029
GSTM3P2,ENSG00000226878
MIR6888,ENSG00000275141
LINC02779,ENSG00000231529
IGSF10,ENSG00000152580
ZNF596,ENSG00000172748
PLXNA3,ENSG00000130827
PLPPR5-AS1,ENSG00000232825
SLC7A5-AS1,ENSG00000260466
TIMMDC1,ENSG00000113845
SLC7A5,ENSG00000103257
PSPHP1,ENSG00000226278
LINC01738,ENSG00000227947
LINC01350,ENSG00000228309
VN1R25P,ENSG00000224947
RBM22P3,ENSG00000226485
MIR6775,ENSG00000278598
CATIP,ENSG00000158428
GS1-204I12.4,ENSG00000261729
LINC01781,ENSG00000234184
CCNYL1B,ENSG00000284209
NEMP1,ENSG00000166881
RUBCN,ENSG00000145016
CLSPN-DT,ENSG00000302368
LINC02768,ENSG00000229291
KIF3C,ENSG00000084731
LINC02567,ENSG00000237552
PNCK,ENSG00000130822
IGHV3OR16-17,ENSG00000259680
AZGP1P2,ENSG00000214252
ACTR6,ENSG00000075089
LINC01569,ENSG00000262468
DRC12,ENSG00000248712
UBL5,ENSG00000198258
ACBD3-AS1,ENSG00000234478
PARP14,ENSG00000173193
ZRANB2-AS1,ENSG00000235079
REXO2,ENSG00000076043
RPS3AP26,ENSG00000214389
PPIAP82,ENSG00000213455
ANGPT1,ENSG00000154188
LINC02848,ENSG00000226581
MCPH1,ENSG00000147316
CNGA3,ENSG00000144191
SLC2A12,ENSG00000146411
ARL6,ENSG00000113966
SLC7A10,ENSG00000130876
DDX11L10,ENSG00000233614
WASH4P,ENSG00000234769
EMID1,ENSG00000186998
MIR6859-4,ENSG00000278739
WASIR2,ENSG00000231439
RNU6-233P,ENSG00000222777
FAM187A,ENSG00000214447
HTRA2,ENSG00000115317
IL9RP3,ENSG00000226942
RNFT1-DT,ENSG00000267302
ADAM10,ENSG00000137845
DHX40P1,ENSG00000266992
BTBD2,ENSG00000133243
LINC01005,ENSG00000228564
DNASE1,ENSG00000213918
NTS,ENSG00000133636
TBC1D3P1,ENSG00000238283
CMTM6,ENSG00000091317
MIR4737,ENSG00000264049
RN7SL800P,ENSG00000242398
POLRMTP1,ENSG00000266066
CDCA3,ENSG00000111665
CCDC39,ENSG00000284862
MTRF1L,ENSG00000112031
ZNF722,ENSG00000241149
PRKAR1A,ENSG00000108946
TRIM60P17,ENSG00000223558
GUSBP6,ENSG00000224458
MTND4P2,ENSG00000248704
MTND4LP2,ENSG00000248315
MTND3P2,ENSG00000230052
PDE4A,ENSG00000065989
MTCO3P8,ENSG00000233385
MTATP6P18,ENSG00000227035
PRICKLE4,ENSG00000278224
MTCO2P8,ENSG00000234234
MTCO1P8,ENSG00000234700
MTND2P4,ENSG00000230252
MTND1P2,ENSG00000235646
ARHGAP18,ENSG00000146376
LRRC3B,ENSG00000179796
CIBAR1,ENSG00000188343
PAAF1,ENSG00000175575
SLX4,ENSG00000188827
RAPH1,ENSG00000173166
GASK1A,ENSG00000144649
CIT,ENSG00000122966
SDR42E2,ENSG00000183921
LINC02861,ENSG00000262185
SHQ1,ENSG00000144736
RIPOR2,ENSG00000111913
CKMT1A,ENSG00000223572
ATP1B3,ENSG00000069849
ZNF653,ENSG00000161914
MVP-DT,ENSG00000238045
AGK-DT,ENSG00000261570
ADHFE1,ENSG00000147576
ALKBH5,ENSG00000091542
CPVL-AS2,ENSG00000272568
CACNA1A,ENSG00000141837
LIX1,ENSG00000145721
AIFM3,ENSG00000183773
RPL29P2,ENSG00000240480
MAGOH2P,ENSG00000264176
RPL21P122,ENSG00000241185
PPWD1,ENSG00000113593
RNF126P1,ENSG00000261192
RDM1P5,ENSG00000263818
UPF3AP2,ENSG00000214832
RPL12P38,ENSG00000213228
PFN2,ENSG00000070087
SH3GL1P1,ENSG00000266777
KRT18P55,ENSG00000265480
DBIL5P,ENSG00000231784
KCTD13-DT,ENSG00000247735
TCAM1P,ENSG00000240280
WFDC21P,ENSG00000261040
MPP1,ENSG00000130830
LINC02136,ENSG00000261348
FOXO3B,ENSG00000240445
TAT-AS1,ENSG00000260886
AIPL1,ENSG00000129221
PMFBP1,ENSG00000118557
ATR,ENSG00000175054
NTNG2,ENSG00000196358
DYRK3-AS1,ENSG00000237605
LINC01681,ENSG00000233985
ARID1B,ENSG00000049618
ATP10B,ENSG00000118322
GNG13,ENSG00000127588
MATN3,ENSG00000132031
TMEM138,ENSG00000149483
C16orf96,ENSG00000205832
BCL10-AS1,ENSG00000223653
SMYD3-AS1,ENSG00000226876
SUB1P3,ENSG00000261612
RN7SL850P,ENSG00000263955
MIR6769A,ENSG00000276641
SEPTIN12,ENSG00000140623
MGAT5,ENSG00000152127
OR2A1-AS1,ENSG00000244479
NINJ1,ENSG00000131669
CWC15,ENSG00000150316
RGN,ENSG00000130988
RABGAP1L-DT,ENSG00000227373
LGI3,ENSG00000168481
PXDN,ENSG00000130508
PITPNM3,ENSG00000091622
MAN1B1,ENSG00000177239
MIDN,ENSG00000167470
KCNE3,ENSG00000175538
ABCA15P,ENSG00000189149
CCNE1,ENSG00000105173
TIGD3,ENSG00000173825
DDIAS,ENSG00000165490
ATF6-DT,ENSG00000226889
LRP8-DT,ENSG00000225675
SFTPC,ENSG00000168484
LINC00513,ENSG00000233559
KIAA0753,ENSG00000198920
GABRG2,ENSG00000113327
EFR3B,ENSG00000084710
LINC02184,ENSG00000260854
CCNYL3,ENSG00000216671
DPPA4,ENSG00000121570
ARHGEF6,ENSG00000129675
CLUHP11,ENSG00000278138
MIR9-1HG,ENSG00000125462
CCDC159,ENSG00000183401
NAMPTP3,ENSG00000261053
VPS35P1,ENSG00000260809
RNA5SP435,ENSG00000200914
MED31,ENSG00000108590
CADM1,ENSG00000182985
LITAFD,ENSG00000283516
OSTF1,ENSG00000134996
CDH13-AS2,ENSG00000260228
C17orf100,ENSG00000256806
ADAM28,ENSG00000042980
MIR4520-1,ENSG00000264468
MIR4520-2,ENSG00000283301
ALOX15P1,ENSG00000274114
RPL23AP73,ENSG00000244283
HDDC2,ENSG00000111906
MBTPS1,ENSG00000140943
KSR1,ENSG00000141068
COL2A1,ENSG00000139219
SIAH2,ENSG00000181788
ZNF253,ENSG00000256771
E2F3,ENSG00000112242
SLC6A8,ENSG00000130821
OR3A3,ENSG00000159961
ZNF415,ENSG00000170954
C17orf114,ENSG00000262165
SSH2,ENSG00000141298
PEX7,ENSG00000112357
MBTPS1-DT,ENSG00000260018
TOPORS,ENSG00000197579
BCAR4,ENSG00000262117
FKBP15,ENSG00000119321
CYBRD1,ENSG00000071967
CCDC34,ENSG00000109881
RSL1D1-DT,ENSG00000263307
H2BC5,ENSG00000158373
ARID3A,ENSG00000116017
SEC61A1,ENSG00000058262
EGR4,ENSG00000135625
NPIPB2,ENSG00000234719
TASL,ENSG00000120280
ANO1,ENSG00000131620
SLC38A5,ENSG00000017483
COL5A2,ENSG00000204262
RPL9P30,ENSG00000240074
RNY4P13,ENSG00000207011
CSGALNACT1,ENSG00000147408
H2BN1,ENSG00000290320
ALOXE3,ENSG00000179148
ZNF263,ENSG00000006194
LINC02190,ENSG00000261475
ZNF135,ENSG00000176293
RNU6-517P,ENSG00000207090
WNT16,ENSG00000002745
CYCSP19,ENSG00000213310
PRKAG2-AS1,ENSG00000239911
RNU6-604P,ENSG00000212219
SLFN12L,ENSG00000205045
GALNTL5,ENSG00000106648
RN7SL774P,ENSG00000263882
SPNS3,ENSG00000182557
AQR,ENSG00000021776
SIMC1,ENSG00000170085
POC1B,ENSG00000139323
H2BC11,ENSG00000124635
TUBB2A,ENSG00000137267
ZFR2,ENSG00000105278
AMD1,ENSG00000123505
DLG4,ENSG00000132535
CD200,ENSG00000091972
VLDLR,ENSG00000147852
MIR671,ENSG00000284191
SLC4A2,ENSG00000164889
COX6B1,ENSG00000126267
PPP1CA,ENSG00000172531
SMC4,ENSG00000113810
SMS,ENSG00000102172
LIMK2,ENSG00000182541
VN1R3,ENSG00000180663
YJU2B,ENSG00000104957
HARS2,ENSG00000112855
SUV39H1,ENSG00000101945
SLC23A3,ENSG00000213901
GABBR2,ENSG00000136928
RHOXF1,ENSG00000101883
MLYCD,ENSG00000103150
WNK1,ENSG00000060237
CASK,ENSG00000147044
ANTKMT,ENSG00000103254
ZNF836,ENSG00000196267
TIMM13,ENSG00000099800
LINC02778,ENSG00000238242
NGF-AS1,ENSG00000228035
ZNF267,ENSG00000185947
FAM168A,ENSG00000054965
ZNF57,ENSG00000171970
LINC01712,ENSG00000231364
HSD11B2,ENSG00000176387
ALDH1A2,ENSG00000128918
GPATCH1,ENSG00000076650
CDPF1,ENSG00000205643
ENKD1,ENSG00000124074
MDS2,ENSG00000197880
ASPH,ENSG00000198363
SETX,ENSG00000107290
ICMT-DT,ENSG00000225077
RBKS,ENSG00000171174
MRPL48,ENSG00000175581
SOCS1,ENSG00000185338
ZNF319,ENSG00000166188
OSGIN1,ENSG00000140961
LINC02792,ENSG00000285462
IL17RA,ENSG00000177663
USH2A-AS2,ENSG00000233620
YAE1-DT,ENSG00000227172
LINC00184,ENSG00000224939
EPAS1,ENSG00000116016
MRPL54,ENSG00000183617
SNORA20B,ENSG00000206947
POU6F2-AS1,ENSG00000224122
ZNF526,ENSG00000167625
CDC26P1,ENSG00000238072
SNRPGP3,ENSG00000239919
CIST1,ENSG00000284797
RNU1-72P,ENSG00000199846
SMKR1,ENSG00000240204
NTF4,ENSG00000225950
MT1M,ENSG00000205364
SYCE2,ENSG00000161860
SLC26A4-AS1,ENSG00000233705
GDE1,ENSG00000006007
ZNF528,ENSG00000167555
CBLL1-AS1,ENSG00000241764
LAMB4,ENSG00000091128
GGTLC3,ENSG00000274252
CAPN5,ENSG00000149260
DNAJC17,ENSG00000104129
TBC1D10A,ENSG00000099992
ZNF500,ENSG00000103199
LINC01732,ENSG00000237292
NDFIP1,ENSG00000131507
SEMA4D,ENSG00000187764
PRKD2,ENSG00000105287
STRADB,ENSG00000082146
CLEC18C,ENSG00000157335
GNB1-DT,ENSG00000231050
CCDC112,ENSG00000164221
MRPL47,ENSG00000136522
POU2F1-DT,ENSG00000272205
RPL7P32,ENSG00000231006
THAP5,ENSG00000177683
KCNH8,ENSG00000183960
RN7SL851P,ENSG00000240718
RNU6-218P,ENSG00000252929
LPGAT1-AS1,ENSG00000229258
DPP8,ENSG00000074603
SMIM10L3,ENSG00000286075
THSD7A,ENSG00000005108
COX7A2,ENSG00000112695
DTWD2,ENSG00000169570
RBM17,ENSG00000134453
UBXN7,ENSG00000163960
THRAP3P3,ENSG00000235920
BRD9,ENSG00000028310
ARFIP2,ENSG00000132254
C7orf78,ENSG00000226690
CSMD2-AS1,ENSG00000231163
CDKL4,ENSG00000205111
MOXD1,ENSG00000079931
STXBP5L,ENSG00000145087
ZNRF3,ENSG00000183579
THAP4,ENSG00000176946
RNF186-AS1,ENSG00000235434
PRRT2,ENSG00000167371
TUBA1A,ENSG00000167552
LINC00624,ENSG00000278811
LRRC4B,ENSG00000131409
TMEM139-AS1,ENSG00000231840
SNORD3B-1,ENSG00000265185
SNORD3B-2,ENSG00000262074
KYNUP2,ENSG00000265746
SNORD3D,ENSG00000277947
SLC12A9-AS1,ENSG00000236305
GRAPL,ENSG00000189152
DTX1,ENSG00000135144
UFSP1,ENSG00000176125
EPOR,ENSG00000187266
SCUBE3,ENSG00000146197
LINC01354,ENSG00000231768
RANGAP1,ENSG00000100401
GTF2I-AS1,ENSG00000232729
ITIH5,ENSG00000123243
IL18RAP,ENSG00000115607
LINC00511,ENSG00000227036
GABARAPL1,ENSG00000139112
EXOSC10-AS1,ENSG00000230337
NUP153,ENSG00000124789
SND1-DT,ENSG00000240790
ZNF555,ENSG00000186300
LINC02800,ENSG00000230023
FAM237A,ENSG00000235118
EFHD1,ENSG00000115468
SNRPF,ENSG00000139343
CIC,ENSG00000079432
PANX1,ENSG00000110218
CFAP20DC,ENSG00000163689
BRAP,ENSG00000089234
MEF2C,ENSG00000081189
LINC02774,ENSG00000226828
KATNIP,ENSG00000047578
FBLN7,ENSG00000144152
ZBED5,ENSG00000236287
PTGR1,ENSG00000106853
ROCR,ENSG00000228639
MIR181A1HG,ENSG00000229989
CIMIP5,ENSG00000150873
TMEM9B,ENSG00000175348
LDB3,ENSG00000122367
SOX9-AS1,ENSG00000234899
GCKR,ENSG00000084734
LINC01682,ENSG00000227043
UMOD,ENSG00000169344
JRKL,ENSG00000183340
ATXN7,ENSG00000163635
POP5,ENSG00000167272
SF1,ENSG00000168066
LINC01696,ENSG00000227940
JTB-DT,ENSG00000272654
TRAPPC6A,ENSG00000007255
PRAL,ENSG00000279296
FBXO39,ENSG00000177294
TEKT1,ENSG00000167858
GS1-279B7.1,ENSG00000293113
CBX5,ENSG00000094916
CRACDL,ENSG00000196872
ALOX12P2,ENSG00000262943
TFAP2E-AS1,ENSG00000239636
UBE2M,ENSG00000130725
EFCAB2-AS1,ENSG00000272195
LINC02803,ENSG00000227740
GTPBP8,ENSG00000163607
MTCO1P40,ENSG00000262902
CCSER2,ENSG00000107771
MRPL45P2,ENSG00000228782
ASTL,ENSG00000188886
RUVBL2,ENSG00000183207
LINC02897,ENSG00000221953
C1orf21-DT,ENSG00000271387
ASB1,ENSG00000065802
LINC02766,ENSG00000229484
DNAH17-AS1,ENSG00000267432
RBP1,ENSG00000114115
DNAH17,ENSG00000187775
PNO1,ENSG00000115946
AK5-AS1,ENSG00000233099
TFCP2,ENSG00000135457
POC1A,ENSG00000164087
LBX1,ENSG00000138136
FBXW4,ENSG00000107829
TFEB,ENSG00000112561
STEAP3,ENSG00000115107
LYPLAL1-DT,ENSG00000228063
IL33,ENSG00000137033
ANKRD1,ENSG00000148677
TGFA,ENSG00000163235
SNORA21B,ENSG00000252699
SNORA21,ENSG00000199293
SLC6A2,ENSG00000103546
MIR6779,ENSG00000277057
ZNF180,ENSG00000167384
LASP1NB,ENSG00000263874
FBXO47,ENSG00000204952
HSF5,ENSG00000176160
PRR11-AS1,ENSG00000265415
RPL23AP74,ENSG00000227694
TRA2B,ENSG00000136527
LINC02875,ENSG00000187013
LYPLAL1-AS1,ENSG00000228536
ZNF438,ENSG00000183621
TAC4-AS1,ENSG00000204584
PDK2-AS1,ENSG00000250282
CFAP97D1-AS1,ENSG00000267604
CHKA,ENSG00000110721
RFTN2,ENSG00000162944
TEPSIN-AS1,ENSG00000260005
CCDC59,ENSG00000133773
MRRF,ENSG00000148187
BAIAP2-DT,ENSG00000226137
P4HB-AS1,ENSG00000262831
ANKRD39,ENSG00000213337
LINC02811,ENSG00000284678
PYCR1-AS1,ENSG00000263585
MAFG-AS1,ENSG00000264769
MILIP,ENSG00000265688
LINC01645,ENSG00000224968
GMIP,ENSG00000089639
SCNN1A,ENSG00000111319
MRPS25,ENSG00000131368
POLE4,ENSG00000115350
MIR6080,ENSG00000278581
PLEKHM1P1,ENSG00000214176
MIR4315-2,ENSG00000284172
RNU7-115P,ENSG00000252242
SPR,ENSG00000116096
ZDHHC13,ENSG00000177054
PRF1,ENSG00000180644
COL4A3,ENSG00000169031
KCNIP2,ENSG00000120049
RN7SL404P,ENSG00000264840
LINC01661,ENSG00000237460
RDM1P4,ENSG00000271974
SLC5A2,ENSG00000140675
SLC16A6P1,ENSG00000232457
AMZ2P1,ENSG00000214174
CACNG5,ENSG00000075429
PLGRKT,ENSG00000107020
DOCK7-DT,ENSG00000235545
DCAF1,ENSG00000145041
RNA5SP446,ENSG00000251764
RNA5SP447,ENSG00000200619
EPN2-AS1,ENSG00000235397
SNORA59B,ENSG00000266079
SLC47A1P1,ENSG00000228983
MTND1P14,ENSG00000227225
NMTRQ-TTG12-1,ENSG00000242752
MTND2P12,ENSG00000228725
MTCO1P39,ENSG00000224254
SLC47A1P2,ENSG00000231625
HOXB-AS2,ENSG00000239552
HOXB-AS4,ENSG00000242207
HOXB-AS1,ENSG00000230148
ANKRD44,ENSG00000065413
HBA2,ENSG00000188536
ZFP37,ENSG00000136866
ASPHD1,ENSG00000174939
HOXB-AS3,ENSG00000233101
TMEM41B,ENSG00000166471
CHMP5,ENSG00000086065
BCAM,ENSG00000187244
RN7SL426P,ENSG00000263815
NATD1,ENSG00000274180
PRKAR2A,ENSG00000114302
LEMD1-AS1,ENSG00000226235
MT1H,ENSG00000205358
EIF1P5,ENSG00000266563
LINC02693,ENSG00000212719
CTU2,ENSG00000174177
SPCS2,ENSG00000118363
CSRNP3,ENSG00000178662
TUBA1C,ENSG00000167553
RNF183,ENSG00000165188
ARMC2,ENSG00000118690
PPP1R35-AS1,ENSG00000240211
TSC22D4,ENSG00000166925
PHF24,ENSG00000122733
UNG,ENSG00000076248
ART5,ENSG00000167311
ZFP3-DT,ENSG00000262693
TCF12,ENSG00000140262
ATP6V1B1,ENSG00000116039
CORO2A,ENSG00000106789
HNRNPM,ENSG00000099783
PCOLCE-AS1,ENSG00000224729
SMG6-AS1,ENSG00000262810
CEP126,ENSG00000110318
RPL9P28,ENSG00000242067
COX6B1P2,ENSG00000241788
MIR3185,ENSG00000263602
HOXB13,ENSG00000159184
ZNF687-AS1,ENSG00000232671
TTLL6,ENSG00000170703
XRN1,ENSG00000114127
LINC01222,ENSG00000233410
KDM4C,ENSG00000107077
LINC01632,ENSG00000277199
TPP1,ENSG00000166340
DCST1-AS1,ENSG00000232093
RN7SL125P,ENSG00000244514
SUMO2P17,ENSG00000248278
LINC01676,ENSG00000230768
RNU1-42P,ENSG00000200903
GIP,ENSG00000159224
PITPNM2,ENSG00000090975
LINC00853,ENSG00000224805
RNU6-826P,ENSG00000252636
PHF6,ENSG00000156531
PRKCE,ENSG00000171132
MILR1,ENSG00000271605
CDH11,ENSG00000140937
PACERR,ENSG00000273129
ZNF692-DT,ENSG00000227237
IRS3P,ENSG00000184414
LINC01141,ENSG00000236963
MYH16,ENSG00000293560
HOXA-AS3,ENSG00000254369
HOTTIP,ENSG00000243766
C1QL1,ENSG00000131094
EVX1-AS,ENSG00000253405
HOXA10-HOXA9,ENSG00000257184
MIR152,ENSG00000207947
RPL35P4,ENSG00000213783
RNU6-1201P,ENSG00000206954
MIR1203,ENSG00000221739
SKAP1-AS1,ENSG00000263787
HNRNPA1P73,ENSG00000236569
RNU6-1152P,ENSG00000207306
SKAP1-AS2,ENSG00000235300
RNU6-1103P,ENSG00000206877
SUMO2P14,ENSG00000271096
CDRT8,ENSG00000265163
KCNIP3,ENSG00000115041
SNRPCP19,ENSG00000234999
KRT10-AS1,ENSG00000167920
GHRHR,ENSG00000106128
CHPT1,ENSG00000111666
LINC01346,ENSG00000233304
CHP2,ENSG00000166869
LINC01345,ENSG00000226374
MICOS10-DT,ENSG00000235185
ZNF48,ENSG00000180035
GPR34,ENSG00000171659
TMEM11-DT,ENSG00000235530
LINC00670,ENSG00000179136
RPS6,ENSG00000137154
NLRC3,ENSG00000167984
TMED1,ENSG00000099203
HEPH,ENSG00000089472
PRDM16-DT,ENSG00000177133
FAM171A1,ENSG00000148468
EEF1GP1,ENSG00000186676
ZNF567,ENSG00000189042
TBX2-AS1,ENSG00000267280
GTSF1,ENSG00000170627
KNDC1,ENSG00000171798
TMEM186,ENSG00000184857
RGS2-AS1,ENSG00000285280
GNAO1,ENSG00000087258
ZC3H10,ENSG00000135482
FARSA,ENSG00000179115
COX6A1,ENSG00000111775
LINC00467,ENSG00000153363
VPS33A,ENSG00000139719
ABHD14B,ENSG00000114779
UBQLN1,ENSG00000135018
SLK,ENSG00000065613
ROR1-AS1,ENSG00000223949
PCF11,ENSG00000165494
SLC22A16,ENSG00000004809
CACNA2D2,ENSG00000007402
GNG7,ENSG00000176533
PCMT1,ENSG00000120265
PCLO,ENSG00000186472
SHLD1,ENSG00000171984
LINC01765,ENSG00000233730
S1PR1-DT,ENSG00000225938
MAP3K10,ENSG00000130758
TP53INP2,ENSG00000078804
ANKRD13C-DT,ENSG00000197568
HIKESHI,ENSG00000149196
PIK3R5-DT,ENSG00000266389
RNA5SP235,ENSG00000202281
TMBIM7P,ENSG00000293397
RNF144B,ENSG00000137393
GATAD1,ENSG00000157259
LINC03102,ENSG00000226088
AA06,ENSG00000265544
ASIP,ENSG00000101440
ATN1,ENSG00000111676
CPT1C,ENSG00000169169
ERVW-1,ENSG00000242950
RTEL1,ENSG00000258366
LINC02074,ENSG00000266357
RBM48,ENSG00000127993
BTBD18,ENSG00000233436
ZNF138,ENSG00000197008
ZPR1,ENSG00000109917
LINC01774,ENSG00000236950
LINC03146,ENSG00000266313
LINC02765,ENSG00000234476
KRT8P20,ENSG00000227404
CFAP144P1,ENSG00000164556
CLCA4-AS1,ENSG00000236915
ZMPSTE24-DT,ENSG00000259943
MARCHF10-AS1,ENSG00000265702
UBALD1,ENSG00000153443
DYSF,ENSG00000135636
LINC01180,ENSG00000266979
TRIAP1,ENSG00000170855
HBA1,ENSG00000206172
PIGO,ENSG00000165282
PMEL,ENSG00000185664
APOBR,ENSG00000184730
SCNN1G,ENSG00000166828
LINC02607,ENSG00000228971
HERC4,ENSG00000148634
LINC00469,ENSG00000177338
LINC01497,ENSG00000237560
MGC27382,ENSG00000237413
UNKL,ENSG00000059145
FALEC,ENSG00000228126
LINC02079,ENSG00000266013
LINC02773,ENSG00000237980
LINC01977,ENSG00000262772
LINC01992,ENSG00000260019
FLVCR1-DT,ENSG00000198468
SEPTIN4-AS1,ENSG00000264672
LINC02591,ENSG00000263590
LINC01976,ENSG00000261514
DPEP3,ENSG00000141096
KANK1,ENSG00000107104
CUX2,ENSG00000111249
CACNG3,ENSG00000006116
FADD,ENSG00000168040
VWA3A,ENSG00000175267
PPFIBP2,ENSG00000166387
LINC00582,ENSG00000229228
LINC02791,ENSG00000235446
AHI1,ENSG00000135541
LINC01705,ENSG00000232679
LINC01707,ENSG00000223883
WASHC3,ENSG00000120860
LINC02802,ENSG00000232527
VKORC1,ENSG00000167397
LINC01672,ENSG00000228750
MAGOH-DT,ENSG00000226754
LINC01708,ENSG00000224445
TMEM259,ENSG00000182087
NANOG,ENSG00000111704
ARL6IP5,ENSG00000144746
MAPK1,ENSG00000100030
B4GALNT3,ENSG00000139044
MYNN,ENSG00000085274
ACSM2B,ENSG00000066813
LINC01748,ENSG00000226476
GOSR2-DT,ENSG00000261886
NT5DC3,ENSG00000111696
KIF7,ENSG00000166813
ZCRB1,ENSG00000139168
RWDD3-DT,ENSG00000226026
MIEF1,ENSG00000100335
RUNDC3A-AS1,ENSG00000267750
ZNF600,ENSG00000189190
LINC02089,ENSG00000226364
TAGLN3,ENSG00000144834
SLC38A4,ENSG00000139209
ISOC2,ENSG00000063241
TRMU,ENSG00000100416
LINC02096,ENSG00000238212
SPDYE8,ENSG00000273520
GRM2,ENSG00000164082
ABCA9-AS1,ENSG00000231749
ASB16-AS1,ENSG00000267080
DROSHA,ENSG00000113360
GANAB,ENSG00000089597
RPL29,ENSG00000162244
SPDYE10,ENSG00000274570
NPAS1,ENSG00000130751
CAMTA2-AS1,ENSG00000262678
MRM3P2,ENSG00000236195
PRPS1L1,ENSG00000229937
STAG3L3,ENSG00000174353
LINC02073,ENSG00000267452
POLR2C,ENSG00000102978
PRRT4,ENSG00000224940
KIF1C-AS1,ENSG00000227495
LINC01987,ENSG00000267790
NOM1,ENSG00000146909
YEATS2,ENSG00000163872
GAS5,ENSG00000234741
MGC16275,ENSG00000246731
TFAP4,ENSG00000090447
ZNF561,ENSG00000171469
KLHDC10,ENSG00000128607
LINC02086,ENSG00000244649
SLC24A3,ENSG00000185052
ARRDC4,ENSG00000140450
LINC03057,ENSG00000272763
KIZ,ENSG00000088970
ARSA,ENSG00000100299
SLC26A3,ENSG00000091138
UBE2N,ENSG00000177889
GAN,ENSG00000261609
GABPB1,ENSG00000104064
GRAPL-AS1,ENSG00000197665
DPPA3,ENSG00000187569
GINS3,ENSG00000181938
C12orf60,ENSG00000182993
ZNF329,ENSG00000181894
ARPC3,ENSG00000111229
NDUFAB1,ENSG00000004779
ZSCAN18,ENSG00000121413
RAMP2-AS1,ENSG00000197291
TSNAXIP1,ENSG00000102904
PKIG,ENSG00000168734
LINC00868,ENSG00000267535
LINC01978,ENSG00000262188
LINC01979,ENSG00000262585
UTP14A,ENSG00000156697
LINC01476,ENSG00000265313
WASHC4,ENSG00000136051
PHETA2,ENSG00000177096
NUCB1,ENSG00000104805
NKIRAS1,ENSG00000197885
FAM156A,ENSG00000268350
PGM3,ENSG00000013375
B3GNT9,ENSG00000237172
CDH17,ENSG00000079112
ERN2,ENSG00000134398
SNHG25,ENSG00000266402
NGFR-AS1,ENSG00000249906
TMEM164,ENSG00000157600
LINC01483,ENSG00000227517
MINDY4,ENSG00000106125
PSMD2,ENSG00000175166
NXT2,ENSG00000101888
CHLSN,ENSG00000146540
NLGN3,ENSG00000196338
ADAMTS20,ENSG00000173157
GAL,ENSG00000069482
NTMT1,ENSG00000148335
SNHG29,ENSG00000175061
MATCAP2,ENSG00000164542
TALDO1,ENSG00000177156
NAPB,ENSG00000125814
CCPG1,ENSG00000260916
FAM199X,ENSG00000123575
MKRN1,ENSG00000133606
CES3,ENSG00000172828
USP20,ENSG00000136878
AIP,ENSG00000110711
ZNF70,ENSG00000187792
ARFGEF2,ENSG00000124198
RNF185,ENSG00000138942
MYLK4,ENSG00000145949
NUDT22,ENSG00000149761
C1QTNF8,ENSG00000184471
RPL30,ENSG00000156482
METTL25,ENSG00000127720
CPEB3,ENSG00000107864
ATOSA,ENSG00000047346
UBE2J1,ENSG00000198833
MLXIPL,ENSG00000009950
TNPO1,ENSG00000083312
ATG2A,ENSG00000110046
SERAC1,ENSG00000122335
NOPCHAP1,ENSG00000151131
OSR2,ENSG00000164920
DNAL4,ENSG00000100246
KRR1,ENSG00000111615
IDH3B,ENSG00000101365
CCDC134,ENSG00000100147
PABPC1,ENSG00000070756
USP54,ENSG00000166348
PARVG,ENSG00000138964
ACSM1,ENSG00000166743
ANKRD42,ENSG00000137494
SH2B3,ENSG00000111252
FLRT3,ENSG00000125848
PIGB,ENSG00000069943
LINC02002,ENSG00000263609
DSN1,ENSG00000149636
FA2H,ENSG00000103089
ZNF594-DT,ENSG00000261879
CTSC,ENSG00000109861
GP2,ENSG00000169347
TULP3,ENSG00000078246
IL13RA2,ENSG00000123496
DPH1-AS1,ENSG00000263050
FAM27E5,ENSG00000178130
LRRTM1,ENSG00000162951
SPAG5-AS1,ENSG00000227543
MEF2A,ENSG00000068305
SATB1,ENSG00000182568
MAL,ENSG00000172005
LINC01982,ENSG00000263317
GYG2,ENSG00000056998
RBM14,ENSG00000239306
NDUFA13,ENSG00000186010
POLR2L,ENSG00000177700
SPP2,ENSG00000072080
EP400,ENSG00000183495
CDK2AP2,ENSG00000167797
EFCAB13-DT,ENSG00000263293
SVIL,ENSG00000197321
NARS2,ENSG00000137513
LDLR,ENSG00000130164
FLJ40194,ENSG00000177369
P4HA2,ENSG00000072682
TMEM204,ENSG00000131634
CLEC18B,ENSG00000140839
CDYL,ENSG00000153046
AKAP1-DT,ENSG00000263004
IKZF4,ENSG00000123411
PIP5K1B,ENSG00000107242
MAB21L4,ENSG00000172478
LINC01989,ENSG00000261156
VWC2,ENSG00000188730
SNX20,ENSG00000167208
COMT,ENSG00000093010
PRR29-AS1,ENSG00000264954
LINC02003,ENSG00000264026
HECW1,ENSG00000002746
HSD17B2,ENSG00000086696
IPO8,ENSG00000133704
TUBA4A,ENSG00000127824
MYHAS,ENSG00000272975
TBC1D22B,ENSG00000065491
STX7,ENSG00000079950
BCO1,ENSG00000135697
NBR2,ENSG00000198496
ERMN,ENSG00000136541
TSPOAP1-AS1,ENSG00000265148
SNX29,ENSG00000048471
MIR142HG,ENSG00000265206
MXD1,ENSG00000059728
PLIN5,ENSG00000214456
AIMP2,ENSG00000106305
RAF1,ENSG00000132155
ZNF133,ENSG00000125846
ZSCAN16,ENSG00000196812
ERVE-1,ENSG00000267259
FADS1,ENSG00000149485
HPR,ENSG00000261701
ACAT2,ENSG00000120437
LINC01482,ENSG00000267659
CYP3A4,ENSG00000160868
MT1X,ENSG00000187193
COX10-DT,ENSG00000236088
CLTCL1,ENSG00000070371
LINC01777,ENSG00000235054
CDH5,ENSG00000179776
HOXD1,ENSG00000128645
BAZ2A,ENSG00000076108
ZNF2,ENSG00000275111
LINC01389,ENSG00000225762
ZRANB2-DT,ENSG00000229956
SIGLEC12,ENSG00000254521
PLEKHM3,ENSG00000178385
ADAT3,ENSG00000213638
RAB11FIP5,ENSG00000135631
LINC00671,ENSG00000213373
IRF3,ENSG00000126456
NFATC2IP,ENSG00000176953
CNTFR,ENSG00000122756
PHC2-AS1,ENSG00000233246
TMEM87B,ENSG00000153214
LRP11,ENSG00000120256
TAT,ENSG00000198650
FBXO30,ENSG00000118496
DAB1-AS1,ENSG00000226759
NUP160,ENSG00000030066
ELF4,ENSG00000102034
IBA57-DT,ENSG00000203684
MIR29B2CHG,ENSG00000203709
FAM200C,ENSG00000221886
AFF4,ENSG00000072364
USB1,ENSG00000103005
CCAR2,ENSG00000158941
XDH,ENSG00000158125
HSD17B1-AS1,ENSG00000266962
DEPDC1-AS1,ENSG00000234264
TOB1-AS1,ENSG00000229980
MATN1-AS1,ENSG00000186056
MIR205HG,ENSG00000230937
IDH3G,ENSG00000067829
AGMO,ENSG00000187546
ZNF629,ENSG00000102870
NFE2L1-DT,ENSG00000263412
PAQR4,ENSG00000162073
RANBP3L,ENSG00000164188
ADGRG5,ENSG00000159618
DNAJB9,ENSG00000128590
TRIM73,ENSG00000178809
LINC01028,ENSG00000267603
LINC01142,ENSG00000224286
IGFALS,ENSG00000099769
NPC1L1,ENSG00000015520
TMEM51-AS2,ENSG00000204464
BLCAP,ENSG00000166619
NEK2-DT,ENSG00000231057
ASS1,ENSG00000130707
ZNF688,ENSG00000229809
TAF1A-AS1,ENSG00000225265
ELL2,ENSG00000118985
CYB5R4,ENSG00000065615
CCDC18-AS1,ENSG00000223745
PHC1,ENSG00000111752
FIGN,ENSG00000182263
SLC12A3,ENSG00000070915
SNRPB,ENSG00000125835
IPO11,ENSG00000086200
TFCP2L1,ENSG00000115112
SPNS2-AS1,ENSG00000229782
HDAC8,ENSG00000147099
HEATR6-DT,ENSG00000267416
ANO7,ENSG00000146205
PRKAG2,ENSG00000106617
PELP1-DT,ENSG00000244184
DDX43,ENSG00000080007
SNPH,ENSG00000101298
PLEKHG2,ENSG00000090924
SEMA4B,ENSG00000185033
MYOCD-AS1,ENSG00000227274
FTCDNL1,ENSG00000226124
TMEM74B,ENSG00000125895
ELOA-AS1,ENSG00000236810
ZGPAT,ENSG00000197114
DPP4,ENSG00000197635
RTCA-AS1,ENSG00000224616
POLD3,ENSG00000077514
CHRM3-AS2,ENSG00000233355
ZNF544,ENSG00000198131
EXO5-DT,ENSG00000238287
SOD2,ENSG00000291237
PRODH,ENSG00000100033
HPGDS,ENSG00000163106
LINC02789,ENSG00000231718
RGS5-AS1,ENSG00000232892
GNG12-AS1,ENSG00000232284
CFAP96,ENSG00000205129
DIMT1,ENSG00000086189
LAYN,ENSG00000204381
ENO1-AS1,ENSG00000230679
TRAM1,ENSG00000067167
ATOH8,ENSG00000168874
ARHGAP29-AS1,ENSG00000226835
LINC02078,ENSG00000267719
SVOPL,ENSG00000157703
LMAN1L,ENSG00000140506
USO1,ENSG00000138768
MAT2A,ENSG00000168906
MKNK1-AS1,ENSG00000269956
SIRPA,ENSG00000198053
NPAT,ENSG00000149308
ZNF571,ENSG00000180479
LINC01996,ENSG00000261863
BCAS3-AS1,ENSG00000267207
ELAVL4-AS1,ENSG00000237337
AZGP1,ENSG00000160862
LINC01348,ENSG00000280587
STK11,ENSG00000118046
PSIP1,ENSG00000164985
LINC02093,ENSG00000234634
SPOPL,ENSG00000144228
C1QTNF1-AS1,ENSG00000265096
NUGGC,ENSG00000189233
NADSYN1,ENSG00000172890
DHX33-DT,ENSG00000262099
DUSP18,ENSG00000167065
MUC3A,ENSG00000169894
DYNLL2-DT,ENSG00000266290
SFTPD,ENSG00000133661
CPAMD8,ENSG00000160111
CPPED1,ENSG00000103381
SGK3,ENSG00000104205
PAX4,ENSG00000106331
LINC00910,ENSG00000188825
TIA1,ENSG00000116001
JCHAIN,ENSG00000132465
CSNK1G1,ENSG00000169118
SLC38A9,ENSG00000177058
LINC01525,ENSG00000235202
LARGE1,ENSG00000133424
SRPK3,ENSG00000184343
ERVMER34-1,ENSG00000226887
MAP3K7,ENSG00000135341
ELMO2,ENSG00000062598
TMEM213,ENSG00000214128
AP4B1-AS1,ENSG00000226167
GRAMD1A,ENSG00000089351
WIPF3,ENSG00000122574
G3BP2,ENSG00000138757
RNPC3-DT,ENSG00000224613
AQP1,ENSG00000240583
HHLA2,ENSG00000114455
VIM,ENSG00000026025
MARCHF10-DT,ENSG00000265000
STMP1,ENSG00000243317
RHBDD2,ENSG00000005486
LAMTOR5-AS1,ENSG00000224699
FAM111B,ENSG00000189057
ZNF740,ENSG00000139651
GRIA4,ENSG00000152578
SNHG30,ENSG00000267321
SUGCT,ENSG00000175600
PUS7L,ENSG00000129317
PHKA1,ENSG00000067177
C9orf78,ENSG00000136819
ABCG8,ENSG00000143921
CAMTA1-AS1,ENSG00000225126
TBC1D3P1-DHX40P1,ENSG00000267104
MYCL-AS1,ENSG00000236546
LINC01152,ENSG00000256124
CYP3A43,ENSG00000021461
HEXIM2-AS1,ENSG00000224505
COL5A1,ENSG00000130635
PIM3,ENSG00000198355
PITPNA-AS1,ENSG00000236618
ERICH3-AS1,ENSG00000234497
ZNF268,ENSG00000090612
ACTA2,ENSG00000107796
KPNB1-DT,ENSG00000263766
LINC01461,ENSG00000289881
RHBDD3,ENSG00000100263
TRIM11-AS1,ENSG00000270094
FAM215A,ENSG00000267496
LMX1A-AS1,ENSG00000238022
TESMIN,ENSG00000132749
ABCG5,ENSG00000138075
RAB5C-AS1,ENSG00000267658
LINC02090,ENSG00000230969
CBARP,ENSG00000099625
MPDU1-AS1,ENSG00000233223
HTR3A,ENSG00000166736
ERC2,ENSG00000187672
ZNF232-AS1,ENSG00000234327
CDKN1A,ENSG00000124762
CYB5R3,ENSG00000100243
MAP3K2,ENSG00000169967
RBM42,ENSG00000126254
GGA2,ENSG00000103365
ELK3,ENSG00000111145
JUN-DT,ENSG00000234807
POLE,ENSG00000177084
BST1,ENSG00000109743
LNP1,ENSG00000206535
DCXR-DT,ENSG00000264569
NIM1K,ENSG00000177453
ATXN7L3-AS1,ENSG00000267394
SPDEF,ENSG00000124664
TEX264,ENSG00000164081
TAF1D,ENSG00000166012
PJA2,ENSG00000198961
RLIM,ENSG00000131263
LYRM2,ENSG00000083099
YPEL3,ENSG00000090238
ANAPC2,ENSG00000176248
MTPN,ENSG00000105887
FGGY-DT,ENSG00000224609
PCBD1,ENSG00000166228
FAM3A,ENSG00000071889
SNCB,ENSG00000074317
PKIB,ENSG00000135549
CPLX1,ENSG00000168993
ING3,ENSG00000071243
LINC02777,ENSG00000232453
ZFAND4,ENSG00000172671
SRD5A2,ENSG00000277893
MRPL33,ENSG00000243147
NARF-AS2,ENSG00000265458
MIR21,ENSG00000284190
RNU6-450P,ENSG00000201524
NDUFB8P2,ENSG00000270264
TMED6,ENSG00000157315
RPS29P21,ENSG00000241913
SGMS2,ENSG00000164023
LINC02596,ENSG00000233431
CA5A,ENSG00000174990
HYLS1,ENSG00000198331
LINC01768,ENSG00000228420
GAD1,ENSG00000128683
ZNF569,ENSG00000196437
PUS3,ENSG00000110060
LINC01725,ENSG00000233008
YKT6,ENSG00000106636
TXNDC11,ENSG00000153066
HADH,ENSG00000138796
ZNF446,ENSG00000083838
PPP6R2,ENSG00000100239
RAI1-AS1,ENSG00000237328
SLC25A51,ENSG00000122696
SMCR5,ENSG00000226746
MIR6777,ENSG00000274111
MIR33B,ENSG00000207839
ATPAF2,ENSG00000171953
LGR4,ENSG00000205213
NR5A1,ENSG00000136931
CEACAM6,ENSG00000086548
LINC01736,ENSG00000228058
ZNF212,ENSG00000170260
RAB24,ENSG00000169228
BEND3,ENSG00000178409
KDELR1,ENSG00000105438
TMEM19,ENSG00000139291
MKRN2,ENSG00000075975
BRI3P3,ENSG00000230273
LINC01036,ENSG00000230426
ACSM5,ENSG00000183549
AGR3,ENSG00000173467
PRTFDC1,ENSG00000099256
MYO15A,ENSG00000091536
PCMTD1,ENSG00000168300
XPO5,ENSG00000124571
ZNF570,ENSG00000171827
ATG101,ENSG00000123395
SPTSSB,ENSG00000196542
TGFBR2,ENSG00000163513
NCBP1,ENSG00000136937
CACUL1,ENSG00000151893
MAU2,ENSG00000129933
PROC,ENSG00000115718
HTATSF1,ENSG00000102241
ABCB8,ENSG00000197150
CUL5,ENSG00000166266
BTNL3,ENSG00000168903
PRKG2,ENSG00000138669
MICU3,ENSG00000155970
ARFRP1,ENSG00000101246
PPM1H,ENSG00000111110
SHOC2,ENSG00000108061
ACTL6A,ENSG00000136518
MGAT1,ENSG00000131446
SLCO1A2,ENSG00000084453
SPATA17-AS1,ENSG00000234070
RAD23A,ENSG00000179262
KAZN-AS1,ENSG00000234593
ABAT,ENSG00000183044
NUP133-DT,ENSG00000223635
THAP12,ENSG00000137492
DDX3X,ENSG00000215301
TUT1,ENSG00000149016
AGXT2,ENSG00000113492
LINC01779,ENSG00000235933
CAMTA1-IT1,ENSG00000237402
LINC02808,ENSG00000284696
DPF2,ENSG00000133884
FBXL5,ENSG00000118564
LINC02988,ENSG00000285554
LRRC14,ENSG00000160959
MIR6884,ENSG00000283721
SNORD124,ENSG00000238793
NR1D1,ENSG00000126368
LINC02771,ENSG00000224535
DEK,ENSG00000124795
PAPSS2,ENSG00000198682
MIR6866,ENSG00000284144
RAPGEFL1,ENSG00000108352
LINC02971,ENSG00000237520
SOHLH1,ENSG00000165643
PIH1D1,ENSG00000104872
PEX16,ENSG00000121680
ELOC,ENSG00000154582
KYAT3,ENSG00000137944
NCOR2,ENSG00000196498
TMOD1,ENSG00000136842
TMEM130,ENSG00000166448
MIR6867,ENSG00000274621
RARA-AS1,ENSG00000265666
GJD3,ENSG00000183153
GJD3-AS1,ENSG00000266208
PPIAP54,ENSG00000264655
VANGL2,ENSG00000162738
RNA5SP441,ENSG00000252618
RPL23AP75,ENSG00000240125
EIF3A,ENSG00000107581
NYAP1,ENSG00000166924
SDHD,ENSG00000204370
TNFRSF6B,ENSG00000243509
PHC3,ENSG00000173889
RAMP3,ENSG00000122679
ACSM2A,ENSG00000183747
SLC2A10,ENSG00000197496
C7orf57,ENSG00000164746
TRIM7,ENSG00000146054
RNU6-510P,ENSG00000212541
MIR3659HG,ENSG00000224592
ACSS1,ENSG00000154930
ILRUN,ENSG00000196821
CDC42BPG,ENSG00000171219
POU3F1,ENSG00000185668
PLEKHF1,ENSG00000166289
MIR3659,ENSG00000265596
DDX59-AS1,ENSG00000260088
ALKBH4,ENSG00000160993
RFXANK,ENSG00000064490
TMEM196,ENSG00000173452
EYA4,ENSG00000112319
JADE2,ENSG00000043143
NIBAN2,ENSG00000136830
CYP3A5,ENSG00000106258
MIR1302-2HG,ENSG00000243485
FAM138A,ENSG00000237613
MIR6859-2,ENSG00000273874
GPN2-AS1,ENSG00000226698
TRNP1,ENSG00000253368
CCS,ENSG00000173992
EMC1-AS1,ENSG00000230424
HNRNPA1P43,ENSG00000214204
LINC01649,ENSG00000228127
GATB,ENSG00000059691
TARS3,ENSG00000185418
SLC16A9,ENSG00000165449
SLA,ENSG00000155926
FAM106A,ENSG00000273018
TDRKH-AS1,ENSG00000203288
STIP1,ENSG00000168439
C2CD4D-AS1,ENSG00000234614
SALL1,ENSG00000103449
ZNF518A,ENSG00000177853
DCTN5,ENSG00000166847
FBXO24,ENSG00000106336
CADM3-AS1,ENSG00000225670
BTNL8,ENSG00000113303
DPH5-DT,ENSG00000233184
ERI2,ENSG00000196678
SFSWAP,ENSG00000061936
PCK1,ENSG00000124253
PLSCR2,ENSG00000163746
TSTD2,ENSG00000136925
HNRNPA1P68,ENSG00000230946
AKR1D1,ENSG00000122787
LINC01409,ENSG00000237491
RAP1GDS1,ENSG00000138698
SEPHS1,ENSG00000086475
DBNDD2,ENSG00000244274
FAM87B,ENSG00000177757
FAM41C,ENSG00000230368
AGTPBP1,ENSG00000135049
AAGAB,ENSG00000103591
ARMC8,ENSG00000114098
PPP2R2B,ENSG00000156475
CTDSP1,ENSG00000144579
INSIG1,ENSG00000186480
MTDH,ENSG00000147649
LINC00115,ENSG00000225880
TILAM,ENSG00000249406
KIF5A,ENSG00000155980
IL37,ENSG00000125571
CALCR,ENSG00000004948
TMEM92-AS1,ENSG00000251179
HAS3,ENSG00000103044
EEF1AKMT2,ENSG00000203791
GTF2IP6,ENSG00000266736
GPR55,ENSG00000135898
PARP11,ENSG00000111224
KMT5C,ENSG00000133247
TOX3,ENSG00000103460
RDM1P3,ENSG00000267708
SLC35F6,ENSG00000213699
OLAH,ENSG00000152463
SULF2,ENSG00000196562
ABHD17AP6,ENSG00000226981
LRFN4,ENSG00000173621
EEF1GP7,ENSG00000236290
CCDC144NL-AS1,ENSG00000233098
OAZ1P1,ENSG00000226745
FTH1P22,ENSG00000225079
CHIAP3,ENSG00000234020
SSRP1,ENSG00000149136
KMT2CP3,ENSG00000274927
UPP2,ENSG00000007001
TAOK2,ENSG00000149930
MAGOHB,ENSG00000111196
PNLDC1,ENSG00000146453
POLR2D,ENSG00000144231
MEIG1,ENSG00000197889
RHOBTB1,ENSG00000072422
EPHA4,ENSG00000116106
ULK1,ENSG00000177169
CDRT15P1,ENSG00000141028
RPL7AP19,ENSG00000227777
ITPRID1,ENSG00000180347
PIM1,ENSG00000137193
PTP4A2P1,ENSG00000267185
HSD17B1P1,ENSG00000108785
NR2F6,ENSG00000160113
THA1P,ENSG00000267676
TUBB8P9,ENSG00000235827
CBX1P3,ENSG00000237379
HLA-DRB5,ENSG00000198502
SHKBP1,ENSG00000160410
RPL7AP64,ENSG00000213876
SPDYE22P,ENSG00000266537
FAM114A2,ENSG00000055147
NSFL1C,ENSG00000088833
NCOR1P2,ENSG00000265019
UBBP2,ENSG00000228247
SLC26A4,ENSG00000091137
FTLP13,ENSG00000263725
RPL23AP25,ENSG00000233084
COP1-DT,ENSG00000236021
GSE1,ENSG00000131149
FTLP12,ENSG00000265095
FGD2,ENSG00000146192
NOS2P4,ENSG00000264892
GEMIN8P4,ENSG00000228175
CHORDC1P5,ENSG00000233020
YWHAEP3,ENSG00000263976
KRT16P5,ENSG00000230088
RPS7P5,ENSG00000217327
COTL1P2,ENSG00000235323
RPL29P31,ENSG00000237888
MSTO2P,ENSG00000203761
PDE4DIPP1,ENSG00000229828
FBXL15,ENSG00000107872
SIK2,ENSG00000170145
PFN1P4,ENSG00000225080
MKRN8P,ENSG00000237090
ZNF691-DT,ENSG00000228192
MSANTD3P1,ENSG00000263368
HSD3BP4,ENSG00000203855
NDUFS5P2,ENSG00000234226
HSPA7,ENSG00000225217
GLRX3,ENSG00000108010
KYNUP1,ENSG00000261987
PATL1,ENSG00000166889
SLC26A7,ENSG00000147606
SPICP3,ENSG00000262503
PDE4DIPP3,ENSG00000233430
TBP,ENSG00000112592
MIR497HG,ENSG00000267532
MYT1L,ENSG00000186487
FCGR1CP,ENSG00000265531
USP51,ENSG00000247746
CLTA,ENSG00000122705
RRAGB,ENSG00000083750
SIRPB2,ENSG00000196209
RPL22P5,ENSG00000268074
SRGAP2D,ENSG00000270872
ZNF727,ENSG00000214652
CCDC146,ENSG00000135205
SAAL1,ENSG00000166788
HMGN2P19,ENSG00000229367
LCEP4,ENSG00000226947
LCEP3,ENSG00000285753
MMP23A,ENSG00000215914
MYLK2,ENSG00000101306
ARHGAP27P1-BPTFP1-KPNA2P3,ENSG00000215769
BPTFP1,ENSG00000263647
DCLRE1C,ENSG00000152457
APRT,ENSG00000198931
NONO,ENSG00000147140
RPL36AP48,ENSG00000213180
PLA2G12AP1,ENSG00000224680
FHL5,ENSG00000112214
CHIAP1,ENSG00000236040
MED27,ENSG00000160563
HELZ-AS1,ENSG00000266473
CAPN9-AS1,ENSG00000244137
RPS27AP6,ENSG00000224800
PLOD3,ENSG00000106397
SGK1,ENSG00000118515
NPFF,ENSG00000139574
SPTLC3,ENSG00000172296
AIMP1P2,ENSG00000227177
KRAS,ENSG00000133703
SDHDP6,ENSG00000224183
NBPF18P,ENSG00000240667
APPBP2-DT,ENSG00000259349
OR6K5P,ENSG00000226949
OR6R1P,ENSG00000230576
LINC01999,ENSG00000267772
FAM131C2P,ENSG00000232456
OR4G4P,ENSG00000268020
ANKEF1,ENSG00000132623
MST1P2,ENSG00000186301
SPRR2C,ENSG00000229035
LINC01641,ENSG00000234277
MEIS3,ENSG00000105419
KMT2CP1,ENSG00000278273
CEP290,ENSG00000198707
KIAA1958,ENSG00000165185
DRD5P2,ENSG00000175658
DZANK1,ENSG00000089091
SPTLC1P4,ENSG00000232678
PFN1P3,ENSG00000234367
RPL32P6,ENSG00000224064
AGPAT2,ENSG00000169692
H3P1,ENSG00000230228
MED28P8,ENSG00000242598
SEC22B2P,ENSG00000274423
ARL16,ENSG00000214087
HEPACAM2,ENSG00000188175
RPL29P7,ENSG00000213063
UQCRBP2,ENSG00000227941
UAP1-DT,ENSG00000259788
SUMO1P3,ENSG00000235082
LINC01975,ENSG00000263312
RNA5SP434,ENSG00000252456
LINC02092,ENSG00000234721
NBPF13P,ENSG00000283342
TMEM220-AS1,ENSG00000263400
TOR2A,ENSG00000160404
SEC22B3P,ENSG00000275140
MRM2,ENSG00000122687
CROCCP5,ENSG00000186543
SLAMF6P1,ENSG00000227243
LDHC,ENSG00000166796
H3P4,ENSG00000213244
PDE4DIPP5,ENSG00000275064
C4BPAP2,ENSG00000232621
SEPTIN14P17,ENSG00000274886
SEMA3E,ENSG00000170381
MAPK9,ENSG00000050748
RPL23AP24,ENSG00000236679
CICP7,ENSG00000233653
ZNF652-AS1,ENSG00000248714
NDUFA5P10,ENSG00000224927
TPM2,ENSG00000198467
ETV5,ENSG00000244405
MMAA,ENSG00000151611
SP2-AS1,ENSG00000234494
UBE2W,ENSG00000104343
LINC01138,ENSG00000274020
CAV2,ENSG00000105971
SLC2A14,ENSG00000173262
NRSN1,ENSG00000152954
ASB5,ENSG00000164122
SNRNP48,ENSG00000168566
LSMEM1,ENSG00000181016
COA4,ENSG00000181924
PON1,ENSG00000005421
BNIP5,ENSG00000189325
LYAR,ENSG00000145220
CHGB,ENSG00000089199
MLLT1,ENSG00000130382
LINC01973,ENSG00000204283
DDX10,ENSG00000178105
TM6SF1,ENSG00000136404
SYS1,ENSG00000204070
ALAS1,ENSG00000023330
LINC01993,ENSG00000204277
NR2C2AP,ENSG00000184162
ZNF76,ENSG00000065029
SOCS3-DT,ENSG00000266970
MFSD8,ENSG00000164073
POLR2J,ENSG00000005075
LRRC19,ENSG00000184434
TERF2IP,ENSG00000166848
CSE1L,ENSG00000124207
SYPL1,ENSG00000008282
HSPA9,ENSG00000113013
CERCAM,ENSG00000167123
VPS51,ENSG00000149823
RAD51,ENSG00000051180
POLR3K,ENSG00000161980
MYH14,ENSG00000105357
PRR35,ENSG00000161992
NARF-AS1,ENSG00000266445
RPL32P33,ENSG00000243514
KIF5B,ENSG00000170759
RN7SKP180,ENSG00000200783
ATG12P1,ENSG00000266501
SDK2,ENSG00000069188
ZNF646,ENSG00000167395
TESC,ENSG00000088992
MUC12,ENSG00000205277
MCRIP2,ENSG00000172366
ABHD17AP3,ENSG00000250536
SLC35E3,ENSG00000175782
GCSHP5,ENSG00000224837
UBN2,ENSG00000157741
SLC25A24P2,ENSG00000238118
CSTPP1,ENSG00000149179
CDH3,ENSG00000062038
WASH7P,ENSG00000227232
LINC01133,ENSG00000224259
STXBP6,ENSG00000168952
IRAG2,ENSG00000118308
ITGB8,ENSG00000105855
HSD3BP1,ENSG00000187481
PICART1,ENSG00000246640
PVALEF,ENSG00000225180
LINC00482,ENSG00000185168
LYPD1,ENSG00000150551
TMEM105,ENSG00000185332
DDX11L17,ENSG00000279928
WASH9P,ENSG00000279457
HHATL,ENSG00000010282
RENO1,ENSG00000287431
AAK1,ENSG00000115977
THOC6,ENSG00000131652
POM121,ENSG00000196313
IDH2,ENSG00000182054
RELT,ENSG00000054967
TBC1D3C,ENSG00000278299
SBF1,ENSG00000100241
EGFR,ENSG00000146648
INVS,ENSG00000119509
GPD2,ENSG00000115159
SIX1,ENSG00000126778
TBC1D3E,ENSG00000278599
RNA5SP526,ENSG00000274663
SAR1A,ENSG00000079332
CDRT15L2,ENSG00000214819
CPSF7,ENSG00000149532
ZSWIM5P2,ENSG00000231258
MEIS3P2,ENSG00000188013
LINC02088,ENSG00000227685
NFS1,ENSG00000244005
C2CD4B,ENSG00000205502
DISP2,ENSG00000140323
CFDP1,ENSG00000153774
AOPEP,ENSG00000148120
DUT,ENSG00000128951
ALOX12P1,ENSG00000264958
TBC1D29P,ENSG00000266733
ARL6IP1,ENSG00000170540
M6PR,ENSG00000003056
TRIP10,ENSG00000125733
KRT17P3,ENSG00000231870
EPHX2,ENSG00000120915
SUSD6,ENSG00000100647
CISD1,ENSG00000122873
SNRPA1,ENSG00000131876
SORBS2,ENSG00000154556
MT1F,ENSG00000198417
TRUB1,ENSG00000165832
CHAC2,ENSG00000143942
WDR36,ENSG00000134987
TMEM245,ENSG00000106771
AMDHD2,ENSG00000162066
ANTXR1,ENSG00000169604
PAPOLA,ENSG00000090060
MTG1,ENSG00000148824
AURKA,ENSG00000087586
BCAN-AS2,ENSG00000229953
SMURF2P1,ENSG00000248121
RHOD,ENSG00000173156
SH3GL1P2,ENSG00000264943
CREB3L2,ENSG00000182158
LRRC37BP1,ENSG00000250462
RN7SL316P,ENSG00000241631
TMBIM6,ENSG00000139644
PLCB2,ENSG00000137841
U2SURP,ENSG00000163714
PRRG1,ENSG00000130962
COPRS,ENSG00000172301
CSRP1-AS1,ENSG00000224536
IPO9-AS1,ENSG00000231871
SPRN,ENSG00000203772
AKR7A2,ENSG00000053371
FOXK2-AS1,ENSG00000262147
ZNF346,ENSG00000113761
TRDMT1,ENSG00000107614
TMEM132E-DT,ENSG00000197322
TMEM132E,ENSG00000181291
TFPI2,ENSG00000105825
FXYD6,ENSG00000137726
MOSPD1,ENSG00000101928
CD7,ENSG00000173762
TYW1B,ENSG00000277149
ERRFI1-DT,ENSG00000238290
ZUP1,ENSG00000153975
KLF8,ENSG00000102349
TUFM,ENSG00000178952
LINC01714,ENSG00000227634
FBXL4,ENSG00000112234
PON3,ENSG00000105852
AVPR2,ENSG00000126895
CSNK1E,ENSG00000213923
CCDC22,ENSG00000101997
LINC00623,ENSG00000226067
PCSK1,ENSG00000175426
HNMT,ENSG00000150540
EPB41L4B,ENSG00000095203
NLRC4,ENSG00000091106
BCLAF1,ENSG00000029363
TCF7L2,ENSG00000148737
MYO7B,ENSG00000169994
NPTX2,ENSG00000106236
ZFP30,ENSG00000120784
MIR365BHG,ENSG00000228768
ZPBP,ENSG00000042813
TSC22D2,ENSG00000196428
NDUFAF1,ENSG00000137806
PRSS27,ENSG00000172382
ADGRE2,ENSG00000127507
MEOX2,ENSG00000106511
STX1B,ENSG00000099365
CYCSP5,ENSG00000227735
RADIL,ENSG00000157927
HCFC1,ENSG00000172534
C1orf202,ENSG00000284188
CSPP1,ENSG00000104218
FMO6P,ENSG00000293458
ISG20,ENSG00000172183
SCAI,ENSG00000173611
PPARG,ENSG00000132170
GPR199P,ENSG00000293382
FSCN1,ENSG00000075618
TRIP4,ENSG00000103671
IST1,ENSG00000182149
HS1BP3,ENSG00000118960
MYO1D-DT,ENSG00000236377
MYO1D-AS1,ENSG00000264458
HYCC1,ENSG00000122591
ZNF830,ENSG00000198783
UBL5P2,ENSG00000266282
NDUFB1,ENSG00000183648
MBLAC1,ENSG00000214309
HIPK2,ENSG00000064393
ICOS,ENSG00000163600
SNORD118,ENSG00000200463
LINC00324,ENSG00000178977
PAX8,ENSG00000125618
RNU2-1,ENSG00000274585
TMEM8B,ENSG00000137103
FLJ36000,ENSG00000276399
SLC51B,ENSG00000186198
IGFBP3,ENSG00000146674
ALG12,ENSG00000182858
BNIP2,ENSG00000140299
MBIP,ENSG00000151332
PRICKLE3,ENSG00000012211
WEE1P2,ENSG00000264970
SPECC1-DT,ENSG00000261033
BSPRY,ENSG00000119411
LINC01563,ENSG00000236819
LINC02767,ENSG00000284237
ZBTB26,ENSG00000171448
NF1,ENSG00000196712
LINC00303,ENSG00000176754
LIMK1,ENSG00000106683
EXTL3,ENSG00000012232
CDK20,ENSG00000156345
LINC01128,ENSG00000228794
PFN4,ENSG00000176732
ARMCX3,ENSG00000102401
PLGLB1,ENSG00000183281
SCARF2,ENSG00000244486
KLC1,ENSG00000126214
CARD11,ENSG00000198286
GLI3,ENSG00000106571
MEIS2,ENSG00000134138
ARL5A,ENSG00000162980
MIR137HG,ENSG00000225206
FAF1-AS1,ENSG00000225767
MAK16,ENSG00000198042
TCEAL4,ENSG00000133142
NPDC1,ENSG00000107281
COMP,ENSG00000105664
LINC02806,ENSG00000238107
SULT1C3,ENSG00000196228
CRELD2,ENSG00000184164
CYP27A1,ENSG00000135929
ATP6V1C1,ENSG00000155097
GGCT,ENSG00000006625
TRAF3IP2,ENSG00000056972
NFYC-AS1,ENSG00000272145
HLX-AS1,ENSG00000257551
ZNF182,ENSG00000147118
MICALL2,ENSG00000164877
LINC02918,ENSG00000237950
TSR2,ENSG00000158526
SLC9A3R1-AS1,ENSG00000266036
TCEAL7,ENSG00000182916
RNF157-AS1,ENSG00000267128
EPC2,ENSG00000135999
ADAMTSL2,ENSG00000197859
SNHG16,ENSG00000163597
ZNF557,ENSG00000130544
TMLHE,ENSG00000185973
AP1S3,ENSG00000152056
CYRIB,ENSG00000153310
PTPRZ1,ENSG00000106278
NFE2,ENSG00000123405
ACMSD,ENSG00000153086
POLR1C,ENSG00000171453
ZNF341,ENSG00000131061
SLC6A14,ENSG00000268104
MGAT4C,ENSG00000182050
TEAD2,ENSG00000074219
CCNF,ENSG00000162063
GNLY,ENSG00000115523
GLDC,ENSG00000178445
TCEANC,ENSG00000176896
CPSF6,ENSG00000111605
SLC3A1,ENSG00000138079
ACE3P,ENSG00000224353
SLC16A2,ENSG00000147100
ZNF710,ENSG00000140548
TNFRSF12A,ENSG00000006327
IK,ENSG00000113141
RBBP9,ENSG00000089050
H1-9P,ENSG00000188662
LRRC59-AS1,ENSG00000253102
HAPSTR1,ENSG00000182831
CACNA1G-AS1,ENSG00000250107
HMG20A,ENSG00000140382
LONRF3,ENSG00000175556
OR1D4,ENSG00000255095
FBXW10B,ENSG00000241322
OGFR,ENSG00000060491
DEF6,ENSG00000023892
TBC1D26-AS1,ENSG00000233002
CST5,ENSG00000170367
COL4A6,ENSG00000197565
FTO,ENSG00000140718
VPS16,ENSG00000215305
CNPY3,ENSG00000137161
CDRT15P2,ENSG00000227255
ZSWIM5P1,ENSG00000235430
RNA5SP436,ENSG00000251829
IL6STP1,ENSG00000227018
MEIS3P1,ENSG00000179277
LINC02087,ENSG00000237057
SPECC1P1,ENSG00000227790
DLX4,ENSG00000108813
SYTL3,ENSG00000164674
HEXIM2-AS2,ENSG00000267288
NEURL3,ENSG00000163121
FMNL1-DT,ENSG00000267121
MRPL53,ENSG00000204822
FMNL1-AS1,ENSG00000233175
TSPAN13,ENSG00000106537
MAP3K14-AS1,ENSG00000267278
ACVR1C,ENSG00000123612
SPARCL1,ENSG00000152583
RMDN3,ENSG00000137824
TENT2,ENSG00000164329
CNOT4,ENSG00000080802
EFCAB15P,ENSG00000233483
NPIPB7,ENSG00000233232
EZR,ENSG00000092820
GINS2,ENSG00000131153
ZBTB5,ENSG00000168795
CDYL2,ENSG00000166446
EEIG1,ENSG00000167106
HID1-AS1,ENSG00000263586
ZNF142,ENSG00000115568
TOP3B,ENSG00000100038
TCAP,ENSG00000173991
ELOB,ENSG00000103363
GBGT1,ENSG00000148288
PNMT,ENSG00000141744
AKAP3,ENSG00000111254
SLC9A2,ENSG00000115616
PGAP3,ENSG00000161395
COL26A1,ENSG00000160963
HSP90AB1,ENSG00000096384
EPHA2-AS1,ENSG00000227959
NOB1,ENSG00000141101
RFX5-AS1,ENSG00000237976
CYP4A22-AS1,ENSG00000225506
ABHD2,ENSG00000140526
CHRM3-AS1,ENSG00000234601
RIMKLB,ENSG00000166532
LINC01650,ENSG00000230434
MIR4728,ENSG00000265178
AGXT,ENSG00000172482
IKZF3,ENSG00000161405
NME4,ENSG00000103202
KLHL40,ENSG00000157119
LRRC34,ENSG00000171757
TH,ENSG00000180176
SMARCC2,ENSG00000139613
POM121C,ENSG00000272391
LINC01740,ENSG00000228067
FAM219A,ENSG00000164970
PCED1A,ENSG00000132635
TMEM170A,ENSG00000166822
SEMA3B,ENSG00000012171
SMARCA2,ENSG00000080503
TMEM231,ENSG00000205084
ARHGEF40,ENSG00000165801
PDLIM4,ENSG00000131435
TBL2,ENSG00000106638
ADAD2,ENSG00000140955
ZNF205,ENSG00000122386
BEX4,ENSG00000102409
KRT8P34,ENSG00000264663
ZPBP2,ENSG00000186075
HCN1,ENSG00000164588
FAM47E,ENSG00000189157
KCTD21,ENSG00000188997
DCX,ENSG00000077279
PRNP,ENSG00000171867
IL1RL1,ENSG00000115602
LRRC3C,ENSG00000204913
RGMB,ENSG00000174136
SYNGR1,ENSG00000100321
GSDMA,ENSG00000167914
SPPL2A,ENSG00000138600
MAP3K11,ENSG00000173327
SMIM30,ENSG00000214194
SERINC3,ENSG00000132824
PSMD3-AS1,ENSG00000265799
TVP23A,ENSG00000166676
FEZF1,ENSG00000128610
LIAS,ENSG00000121897
CCDC144CP,ENSG00000154898
PIPOX,ENSG00000179761
SLC22A4,ENSG00000197208
PPIA,ENSG00000196262
SERHL2,ENSG00000183569
CPNE9,ENSG00000144550
OTOS,ENSG00000178602
HSPB2,ENSG00000170276
KDM8,ENSG00000155666
BANF1,ENSG00000175334
IL1RL2,ENSG00000115598
XAGE2,ENSG00000155622
SYTL5,ENSG00000147041
SIL1,ENSG00000120725
DNAJC2,ENSG00000105821
PINK1-AS,ENSG00000117242
IL6R-AS1,ENSG00000228013
UBE2Q1-AS1,ENSG00000229780
PCNA,ENSG00000132646
ZNF594,ENSG00000180626
FAM171B,ENSG00000144369
GAS2L2,ENSG00000270765
NGLY1,ENSG00000151092
FAM136A,ENSG00000035141
ARHGEF15,ENSG00000198844
PLK1,ENSG00000166851
GABRA5,ENSG00000186297
ACP2,ENSG00000134575
CDCA7,ENSG00000144354
GDF5,ENSG00000125965
LBP,ENSG00000129988
EFHC2,ENSG00000183690
H2AC19,ENSG00000288859
TBX4,ENSG00000121075
LSM8,ENSG00000128534
LSM6,ENSG00000164167
SMIM42,ENSG00000288460
LINC01704,ENSG00000231666
MAOB,ENSG00000069535
PSMC2,ENSG00000161057
CCDST,ENSG00000236427
XYLT2,ENSG00000015532
SPRED1,ENSG00000166068
PARM1,ENSG00000169116
TRAP1,ENSG00000126602
FLG,ENSG00000143631
FLG2,ENSG00000143520
HILPDA,ENSG00000135245
UVSSA,ENSG00000163945
STK35,ENSG00000125834
LINC00302,ENSG00000304384
SEMA3D,ENSG00000153993
KPLCE,ENSG00000198854
LCE7A,ENSG00000285946
LINC01527,ENSG00000224308
GOLM2,ENSG00000166734
SIRPB1,ENSG00000101307
CYP27C1,ENSG00000186684
KCNJ2,ENSG00000123700
SLC25A34-AS1,ENSG00000224459
MFNG,ENSG00000100060
SPEN-AS1,ENSG00000179743
SLFN13,ENSG00000154760
BUD23,ENSG00000071462
NIFK,ENSG00000155438
EMB,ENSG00000170571
PPP1R16B,ENSG00000101445
NFAM1,ENSG00000235568
BAZ2B,ENSG00000123636
ADSL,ENSG00000239900
PRPS2,ENSG00000101911
LLGL1,ENSG00000131899
LINC02593,ENSG00000223764
YTHDC2,ENSG00000047188
PCDH7,ENSG00000169851
REST,ENSG00000084093
GGTLC1,ENSG00000149435
CSK,ENSG00000103653
STS,ENSG00000101846
TMEM218,ENSG00000150433
TRIB3,ENSG00000101255
LINC01786,ENSG00000230415
PUDP,ENSG00000130021
SCNN1D,ENSG00000162572
UCKL1,ENSG00000198276
IQUB,ENSG00000164675
SH3BGRL,ENSG00000131171
MAD2L1,ENSG00000164109
RAB9B,ENSG00000123570
MRPL20-AS1,ENSG00000224870
MAGED4B,ENSG00000187243
CAMK2D,ENSG00000145349
ANKRD65-AS1,ENSG00000225905
LINC01770,ENSG00000225285
ANLN,ENSG00000011426
GBE1,ENSG00000114480
ZP4,ENSG00000116996
FOXN3,ENSG00000053254
EPB41L5,ENSG00000115109
ARHGEF28,ENSG00000214944
SPATA42,ENSG00000203897
TMEM167B-DT,ENSG00000273382
SYT2-AS1,ENSG00000226862
RPH3A,ENSG00000089169
HSPA12B,ENSG00000132622
P4HTM,ENSG00000178467
PCAT6,ENSG00000228288
MAPDA,ENSG00000168803
SPCS2P4,ENSG00000228589
ARL8BP2,ENSG00000214812
RNU6-176P,ENSG00000253005
XRCC3,ENSG00000126215
CLEC16A,ENSG00000038532
TMEM88,ENSG00000167874
GDI1,ENSG00000203879
L3MBTL2,ENSG00000100395
MEIOC,ENSG00000180336
LINC01719,ENSG00000233396
MAP2K5,ENSG00000137764
GRB10,ENSG00000106070
SH3D21,ENSG00000214193
OXSM,ENSG00000151093
SHBG,ENSG00000129214
DIXDC1,ENSG00000150764
GYG1,ENSG00000163754
PYDC5,ENSG00000289721
PPP1R15B-AS1,ENSG00000226330
TTI2,ENSG00000129696
KREMEN2,ENSG00000131650
VENTX,ENSG00000151650
VPS26A,ENSG00000122958
ABHD12,ENSG00000100997
ARID1A,ENSG00000117713
GPAT4,ENSG00000158669
GEN1,ENSG00000178295
RSU1,ENSG00000148484
SIRT3,ENSG00000142082
ZNF778,ENSG00000170100
ZRSR2,ENSG00000169249
MAP3K1,ENSG00000095015
ZNF689,ENSG00000156853
GRAMD4,ENSG00000075240
NUDT16L1,ENSG00000168101
CENPO,ENSG00000138092
UBA7,ENSG00000182179
RGS10,ENSG00000148908
PFKM,ENSG00000152556
B3GNT3,ENSG00000179913
TXNL4B,ENSG00000140830
HDHD5,ENSG00000069998
MYOZ3,ENSG00000164591
ARMCX1,ENSG00000126947
MACROD1,ENSG00000133315
LIPA,ENSG00000107798
RASSF2,ENSG00000101265
CD37,ENSG00000104894
GLYR1,ENSG00000140632
ZFAND2B,ENSG00000158552
NADK2,ENSG00000152620
DNPH1,ENSG00000112667
GAS2,ENSG00000148935
TMEM242,ENSG00000215712
DPM1,ENSG00000000419
KLC4,ENSG00000137171
MPZ,ENSG00000158887
ACP5,ENSG00000102575
MCM7,ENSG00000166508
SFXN1,ENSG00000164466
CCDC42,ENSG00000161973
TCEAL1,ENSG00000172465
XRCC6,ENSG00000196419
CELA2B,ENSG00000215704
TMEM220,ENSG00000187824
PWWP3B,ENSG00000157502
PTPRA,ENSG00000132670
SCARNA21B,ENSG00000251866
CHCHD2P6,ENSG00000235084
RNU7-179P,ENSG00000252417
CD24P1,ENSG00000236500
DDI2,ENSG00000197312
PHYHIP,ENSG00000168490
FLNA,ENSG00000196924
ASPA,ENSG00000108381
ADD2,ENSG00000075340
LTO1,ENSG00000149716
RSC1A1,ENSG00000215695
CCR7,ENSG00000126353
LUZP1,ENSG00000169641
FZD6,ENSG00000164930
SELENON,ENSG00000162430
ENDOV,ENSG00000173818
FBXO38,ENSG00000145868
JAZF1,ENSG00000153814
PET100,ENSG00000229833
ZNF219,ENSG00000165804
RIC8A,ENSG00000177963
SELENOF,ENSG00000183291
CHMP2A,ENSG00000130724
GPC2,ENSG00000213420
SLX1B,ENSG00000181625
SCMH1-DT,ENSG00000235358
SPTLC1,ENSG00000090054
NOLC1,ENSG00000166197
BOLA2,ENSG00000183336
CCP110,ENSG00000103540
CDC20-DT,ENSG00000234694
MED8-AS1,ENSG00000229431
ZNF195,ENSG00000005801
PAXIP1,ENSG00000157212
SZT2,ENSG00000198198
PSEN1,ENSG00000080815
KCNJ16,ENSG00000153822
THAP8,ENSG00000161277
TLE3,ENSG00000140332
ZNF480,ENSG00000198464
MYADML2,ENSG00000185105
C17orf113,ENSG00000267221
ADCY1,ENSG00000164742
ZNF490,ENSG00000188033
CCDC124,ENSG00000007080
DPYSL4,ENSG00000151640
ARHGAP44,ENSG00000006740
USP42,ENSG00000106346
FBXL16,ENSG00000127585
SZT2-AS1,ENSG00000229372
KDM4A-AS1,ENSG00000236200
CDC26,ENSG00000176386
TRAPPC5,ENSG00000181029
ST3GAL3-AS1,ENSG00000229444
PKN1,ENSG00000123143
TSG101,ENSG00000074319
LIX1L-AS1,ENSG00000234222
NBPF10,ENSG00000271425
CAD,ENSG00000084774
RAB26,ENSG00000167964
ESYT3,ENSG00000158220
ZC3HAV1,ENSG00000105939
VAV2,ENSG00000160293
NRP1,ENSG00000099250
OR6K4P,ENSG00000180437
MOSPD3,ENSG00000106330
AGRN,ENSG00000188157
CHST4,ENSG00000140835
MT1A,ENSG00000205362
TLE7,ENSG00000260734
CPNE4,ENSG00000196353
SPATA2L,ENSG00000158792
PYDC1,ENSG00000169900
MMP25,ENSG00000008516
PRR5L,ENSG00000135362
NUP205,ENSG00000155561
MC1R,ENSG00000258839
MNT,ENSG00000070444
C8orf58,ENSG00000241852
SLC9A5,ENSG00000135740
TNIP1,ENSG00000145901
TMEM101,ENSG00000091947
DDX49,ENSG00000105671
MIR488,ENSG00000202609
VDAC1P4,ENSG00000235060
MIR3121,ENSG00000265435
OVAAL,ENSG00000236719
VMA22,ENSG00000136710
C17orf107,ENSG00000205710
RNU5E-1,ENSG00000199347
RNU5F-1,ENSG00000199377
RNU5D-1,ENSG00000200169
GAS7,ENSG00000007237
SNHG12,ENSG00000197989
GALC,ENSG00000054983
PECR,ENSG00000115425
NPIPB13,ENSG00000198064
SLC7A6OS,ENSG00000103061
IGFBP2,ENSG00000115457
MT1G,ENSG00000125144
ZDHHC2,ENSG00000104219
TAF12-DT,ENSG00000229388
GFOD2,ENSG00000141098
TEX101,ENSG00000131126
RNU11,ENSG00000274978
SELENOWP1,ENSG00000215900
RPL21P22,ENSG00000225142
DBI,ENSG00000155368
EEF1A1P46,ENSG00000215899
RNU6-40P,ENSG00000206981
LDC1P,ENSG00000293391
TEDC2,ENSG00000162062
SHC2,ENSG00000129946
LINC01226,ENSG00000284543
STMN4,ENSG00000015592
AK1,ENSG00000106992
C6orf89,ENSG00000198663
PEF1-AS1,ENSG00000235790
TM4SF5,ENSG00000142484
FOXJ1,ENSG00000129654
LIMD1,ENSG00000144791
IGFBP7,ENSG00000163453
NBPF7P,ENSG00000215864
TMEM253,ENSG00000232070
LHCGR,ENSG00000138039
LINC01562,ENSG00000203356
TTC39A-AS1,ENSG00000261664
PWWP3A,ENSG00000160953
KRT17,ENSG00000128422
EPS15-AS1,ENSG00000227070
NME6,ENSG00000172113
INTS12,ENSG00000138785
CDT1,ENSG00000167513
KRT222,ENSG00000213424
EIF2S1,ENSG00000134001
STK16,ENSG00000115661
CALR4P,ENSG00000227742
KLC2,ENSG00000174996
ASGR1,ENSG00000141505
ESRP2,ENSG00000103067
MRPL32,ENSG00000106591
PDIA4,ENSG00000155660
ZNF7,ENSG00000147789
SPTLC2,ENSG00000100596
TYMP,ENSG00000025708
ASB11,ENSG00000165192
VRK3,ENSG00000105053
SLC1A1,ENSG00000106688
LPCAT2BP,ENSG00000233228
HIVEP3,ENSG00000127124
SLITRK4,ENSG00000179542
RNF212B,ENSG00000215277
SOS1,ENSG00000115904
ATP6V0C,ENSG00000185883
HNRNPFP1,ENSG00000227538
SLC9A6,ENSG00000198689
GUCA2B,ENSG00000044012
BMP6,ENSG00000153162
SEMA3A,ENSG00000075213
LINC01688,ENSG00000227181
TMEM44,ENSG00000145014
DBNDD1,ENSG00000003249
DCAF12,ENSG00000198876
GLUL,ENSG00000135821
MAP3K4,ENSG00000085511
VIPAS39,ENSG00000151445
PLEKHA1,ENSG00000107679
RC3H2,ENSG00000056586
SGF29,ENSG00000176476
SULF1,ENSG00000137573
TEDDM1,ENSG00000203730
LINC00272,ENSG00000203729
MRFAP1,ENSG00000179010
RGSL1,ENSG00000121446
NUDT7,ENSG00000140876
ZNF746,ENSG00000181220
FAM24B,ENSG00000213185
AASDH,ENSG00000157426
VOPP1,ENSG00000154978
ENPP7,ENSG00000182156
CWF19L2,ENSG00000152404
CWF19L1,ENSG00000095485
CDH1,ENSG00000039068
UBALD2,ENSG00000185262
RND3,ENSG00000115963
SUCNR1,ENSG00000198829
ALYREF,ENSG00000183684
CFAP91,ENSG00000183833
IL13RA1,ENSG00000131724
CSNK1D,ENSG00000141551
PARP6,ENSG00000137817
AVPI1,ENSG00000119986
SNX5,ENSG00000089006
TEDDM2P,ENSG00000233537
IGF2BP3,ENSG00000136231
ZNF37A,ENSG00000075407
C4BPAP1,ENSG00000224462
RNU6-110P,ENSG00000207237
TRIM63,ENSG00000158022
GFI1B,ENSG00000165702
GAL3ST1,ENSG00000128242
C1orf232,ENSG00000282872
SEMA4C,ENSG00000168758
ZNF593,ENSG00000142684
ZPLD2P,ENSG00000236155
ACOX2,ENSG00000168306
DHDDS-AS1,ENSG00000225891
YAE1,ENSG00000241127
RCAN3AS,ENSG00000286061
NSMCE4A,ENSG00000107672
PUM3,ENSG00000080608
SPRR5,ENSG00000283227
NDUFA4,ENSG00000189043
EPHA10,ENSG00000183317
ZFP1,ENSG00000184517
TAFAZZIN,ENSG00000102125
LPO,ENSG00000167419
TRA2A,ENSG00000164548
TBX6,ENSG00000149922
IFT52,ENSG00000101052
ACTN4P2,ENSG00000214141
C1orf122,ENSG00000197982
CD33,ENSG00000105383
INPP5B-AS1,ENSG00000230955
RNU6-584P,ENSG00000222282
LINC01758,ENSG00000229639
C16orf95,ENSG00000260456
BMP4,ENSG00000125378
LRRC7,ENSG00000033122
C10orf71,ENSG00000177354
SRCAP,ENSG00000080603
ANXA8L1,ENSG00000264230
SAMHD1,ENSG00000101347
AATK,ENSG00000181409
SERGEF,ENSG00000129158
UBN1,ENSG00000118900
PODXL,ENSG00000128567
FRMD6,ENSG00000139926
EPS15L1,ENSG00000127527
LRRC7-AS1,ENSG00000237919
EFCAB6,ENSG00000186976
LINC01724,ENSG00000227421
BTBD8,ENSG00000189195
GFAP,ENSG00000131095
CPZ,ENSG00000109625
CHTOP,ENSG00000160679
MT2A,ENSG00000125148
FAM13C,ENSG00000148541
TMC7,ENSG00000170537
P3H2,ENSG00000090530
TXNDC5,ENSG00000239264
SYT6,ENSG00000134207
PACSIN2,ENSG00000100266
RAB19,ENSG00000146955
JADE1,ENSG00000077684
HERPUD2,ENSG00000122557
NBPF19,ENSG00000271383
PPIL1,ENSG00000137168
GEMIN8,ENSG00000046647
SASH1,ENSG00000111961
CRAMP1,ENSG00000007545
RPS6KB2,ENSG00000175634
DNASE1L1,ENSG00000013563
DYNLT2B,ENSG00000213123
ITIH1,ENSG00000055957
ARMH3,ENSG00000120029
WASL,ENSG00000106299
UFL1,ENSG00000014123
NRSN2,ENSG00000125841
MED1,ENSG00000125686
NAA60,ENSG00000122390
SNX3,ENSG00000112335
EHD4,ENSG00000103966
DBF4,ENSG00000006634
PRRT1B,ENSG00000283526
E2F5,ENSG00000133740
ALAD,ENSG00000148218
TRPC4AP,ENSG00000100991
CYP19A1,ENSG00000137869
AREL1,ENSG00000119682
TSPAN10,ENSG00000182612
RGS22,ENSG00000132554
WFIKKN2,ENSG00000173714
PPM1D,ENSG00000170836
RBM41,ENSG00000089682
KLHL24,ENSG00000114796
CASP2,ENSG00000106144
EVPL,ENSG00000167880
PORCN,ENSG00000102312
KRTCAP3,ENSG00000157992
ZFYVE27,ENSG00000155256
LINC01743,ENSG00000242042
RPL7AP82,ENSG00000228955
TMUB1,ENSG00000164897
RPL35AP6,ENSG00000228879
KIF28P,ENSG00000223519
JPT2,ENSG00000206053
LINC01341,ENSG00000227953
RUFY3,ENSG00000018189
IREB2,ENSG00000136381
MGAT4EP,ENSG00000184774
ADORA1-AS2,ENSG00000234775
ADORA1-AS1,ENSG00000224671
MGAT4FP,ENSG00000234761
LINC01353,ENSG00000231507
RHEB,ENSG00000106615
VAMP2,ENSG00000220205
DUSP2,ENSG00000158050
INTS4,ENSG00000149262
ADCK1,ENSG00000063761
RBIS,ENSG00000176731
RPIA,ENSG00000153574
WNK4,ENSG00000126562
BTG2-DT,ENSG00000233791
NUDT1,ENSG00000106268
MRTFB,ENSG00000186260
HSPE1,ENSG00000115541
PIK3CD-AS2,ENSG00000231789
CTNNBIP1-AS1,ENSG00000223989
TMEM274P,ENSG00000283611
RPL21P21,ENSG00000224340
PGAM1P11,ENSG00000233623
DGUOK,ENSG00000114956
TUBAP8,ENSG00000238145
CYP4A26P,ENSG00000259832
CYP4A43P,ENSG00000261196
CYP4A27P,ENSG00000261593
CYP4A44P,ENSG00000261290
RN7SL370P,ENSG00000243437
ACTG1P21,ENSG00000232672
RNA5SP21,ENSG00000222849
SCLT1,ENSG00000151466
RSKR,ENSG00000167524
WDR72,ENSG00000166415
LINC01741,ENSG00000236720
CRYZL2P-SEC16B,ENSG00000254154
SMO,ENSG00000128602
RAB37,ENSG00000172794
STK17B,ENSG00000081320
TRAF3,ENSG00000131323
CRYZL2P,ENSG00000293477
TSPAN6,ENSG00000000003
FAM161A,ENSG00000170264
UBR5,ENSG00000104517
CCR1,ENSG00000163823
SNCG,ENSG00000173267
NPY,ENSG00000122585
FCN1,ENSG00000085265
MME,ENSG00000196549
CFAP20,ENSG00000070761
AKAP9,ENSG00000127914
GPRIN3,ENSG00000185477
BARD1,ENSG00000138376
ZDHHC16,ENSG00000171307
LEF1,ENSG00000138795
AHSP,ENSG00000169877
ZNF510,ENSG00000081386
ALDH1A3,ENSG00000184254
RASAL2-AS1,ENSG00000224687
MRPL28,ENSG00000086504
EXOSC2,ENSG00000130713
COIL,ENSG00000121058
LINC01745,ENSG00000225919
LINC01744,ENSG00000236497
ZMAT1,ENSG00000166432
RPS7P3,ENSG00000231940
RNU4-77P,ENSG00000252501
MIR4427,ENSG00000265744
LGMN,ENSG00000100600
MYH7B,ENSG00000078814
HSD17B6,ENSG00000025423
MORC4,ENSG00000133131
GCNT3,ENSG00000140297
CWH43,ENSG00000109182
SLC25A24P1,ENSG00000241361
ENPP3,ENSG00000154269
AP1S1,ENSG00000106367
TMX4,ENSG00000125827
NBPF5P,ENSG00000243967
CD276,ENSG00000103855
WDR24,ENSG00000127580
HMGN5,ENSG00000198157
ETNK2,ENSG00000143845
RRBP1,ENSG00000125844
PPP1R37,ENSG00000104866
PTRHD1,ENSG00000184924
GNGT1,ENSG00000127928
DPH7,ENSG00000148399
CDKAL1,ENSG00000145996
NOX4,ENSG00000086991
NME3,ENSG00000103024
VAMP8,ENSG00000118640
RPL3,ENSG00000100316
ERLNC1,ENSG00000230550
PDAP1,ENSG00000106244
SKI,ENSG00000157933
CENPA,ENSG00000115163
ZNF880,ENSG00000221923
REN,ENSG00000143839
SNX8,ENSG00000106266
ASB8,ENSG00000177981
NECTIN2,ENSG00000130202
MCEE,ENSG00000124370
SLC2A8,ENSG00000136856
MCM3,ENSG00000112118
NMNAT3,ENSG00000163864
CD2,ENSG00000116824
AGGF1,ENSG00000164252
ARL9,ENSG00000196503
ZNF81,ENSG00000197779
ADD1,ENSG00000087274
KCNA2,ENSG00000177301
NECAB2,ENSG00000103154
DOCK11,ENSG00000147251
FANCL,ENSG00000115392
CDIPT,ENSG00000103502
RFC2,ENSG00000049541
HEYL,ENSG00000163909
SH2D1B,ENSG00000198574
MAP2K2,ENSG00000126934
FRRS1,ENSG00000156869
ZNF891,ENSG00000214029
TCERG1,ENSG00000113649
NR2C1,ENSG00000120798
TMEM82,ENSG00000162460
NTRK3,ENSG00000140538
RALGPS2,ENSG00000116191
SH3GL1,ENSG00000141985
PI3,ENSG00000124102
ADNP,ENSG00000101126
CNTN2,ENSG00000184144
PKMYT1,ENSG00000127564
MIS18BP1,ENSG00000129534
SGSH,ENSG00000181523
ZDHHC9,ENSG00000188706
CABLES2,ENSG00000149679
ZNF613,ENSG00000176024
QKI,ENSG00000112531
MAVS,ENSG00000088888
ANXA1,ENSG00000135046
MTERF3,ENSG00000156469
TNS4,ENSG00000131746
BEST2,ENSG00000039987
RIOX2,ENSG00000170854
ID1,ENSG00000125968
SEL1L,ENSG00000071537
RNF43,ENSG00000108375
NCOA5,ENSG00000124160
PDGFB,ENSG00000100311
TMEM59L,ENSG00000105696
TEFM,ENSG00000172171
TLCD3B,ENSG00000149926
SNRPD3,ENSG00000100028
TMEM87A,ENSG00000103978
ITGA3,ENSG00000005884
DDX25,ENSG00000109832
INO80E,ENSG00000169592
TTC32,ENSG00000183891
TSPO,ENSG00000100300
DNAAF10,ENSG00000243667
GPD1,ENSG00000167588
SLITRK2,ENSG00000185985
ANKIB1,ENSG00000001629
C8A,ENSG00000157131
SPINK8,ENSG00000229453
IGSF1,ENSG00000147255
FAIM,ENSG00000158234
ANAPC1,ENSG00000153107
TDP1,ENSG00000042088
SLC9A1,ENSG00000090020
NUP43,ENSG00000120253
PPP1R17,ENSG00000106341
MCAT,ENSG00000100294
RILPL1,ENSG00000188026
NFE2L3,ENSG00000050344
AGTR1,ENSG00000144891
ESAM,ENSG00000149564
SFI1,ENSG00000198089
SEM1,ENSG00000127922
ARHGDIA,ENSG00000141522
CRYM,ENSG00000103316
ACTC1,ENSG00000159251
TFDP2,ENSG00000114126
PEBP1,ENSG00000089220
OSBP,ENSG00000110048
PTGDS,ENSG00000107317
HS3ST5,ENSG00000249853
PALS2,ENSG00000105926
ACVRL1,ENSG00000139567
PTPN7,ENSG00000143851
RTN4IP1,ENSG00000130347
CHTF18,ENSG00000127586
SLC25A4,ENSG00000151729
GGTA1,ENSG00000204136
FAM118B,ENSG00000197798
ZSCAN12,ENSG00000158691
LTK,ENSG00000062524
SELPLG,ENSG00000110876
MRPS35,ENSG00000061794
PLAC8,ENSG00000145287
SMC5,ENSG00000198887
P4HA1,ENSG00000122884
EIF3G,ENSG00000130811
NEK4,ENSG00000114904
SOX9,ENSG00000125398
EOLA1,ENSG00000197620
P3H3,ENSG00000110811
ZFAND2A,ENSG00000178381
H2AZ1,ENSG00000164032
LIX1L,ENSG00000271601
APOH,ENSG00000091583
ZHX1,ENSG00000165156
HES4,ENSG00000188290
COA5,ENSG00000183513
CDKN2C,ENSG00000123080
ZNF513,ENSG00000163795
TIFA,ENSG00000145365
C2orf15,ENSG00000273045
NT5M,ENSG00000205309
POLR3GL,ENSG00000121851
FBXO8,ENSG00000164117
ABI3,ENSG00000108798
ARHGEF4,ENSG00000136002
DZIP3,ENSG00000198919
ZNF107,ENSG00000196247
ANKRD34A,ENSG00000272031
CREG1,ENSG00000143162
CEMIP,ENSG00000103888
VEZT,ENSG00000028203
FAM221A,ENSG00000188732
KIF22,ENSG00000079616
YTHDF2,ENSG00000198492
SUPT5H,ENSG00000196235
EXOC3L4,ENSG00000205436
ATP1B1,ENSG00000143153
JPT1,ENSG00000189159
CDCA4,ENSG00000170779
SOS2,ENSG00000100485
TSPYL2,ENSG00000184205
CTSF,ENSG00000174080
CSN1S1,ENSG00000126545
ABI1,ENSG00000136754
CYP4A22,ENSG00000162365
RGPD6,ENSG00000183054
SMG6,ENSG00000070366
FBXO25,ENSG00000147364
NT5C3A,ENSG00000122643
LAMC3,ENSG00000050555
TARS1,ENSG00000113407
ARIH1,ENSG00000166233
LRRC8C,ENSG00000171488
VTCN1,ENSG00000134258
NKAP,ENSG00000101882
WDR90,ENSG00000161996
ST6GALNAC5,ENSG00000117069
METTL2B,ENSG00000165055
SLFN5,ENSG00000166750
DCTD,ENSG00000129187
MROH7,ENSG00000184313
ZZEF1,ENSG00000074755
SLC35D2,ENSG00000130958
EFCAB10,ENSG00000185055
UPRT,ENSG00000094841
IRS1,ENSG00000169047
MSL3B,ENSG00000293137
BHLHA15,ENSG00000180535
ZNF638,ENSG00000075292
LMTK2,ENSG00000164715
PPM1A,ENSG00000100614
NEDD4,ENSG00000069869
TMEM243,ENSG00000135185
AHRR,ENSG00000063438
TSFM,ENSG00000123297
SLC44A2,ENSG00000129353
PHF14,ENSG00000106443
SP2,ENSG00000167182
SRPRA,ENSG00000182934
RBM10,ENSG00000182872
MST1R,ENSG00000164078
ZNF250,ENSG00000196150
CD74,ENSG00000019582
FAM167B,ENSG00000183615
SH3GL2,ENSG00000107295
FBXO2,ENSG00000116661
HOXB8,ENSG00000120068
KLHL2,ENSG00000109466
CCT6B,ENSG00000132141
POMT1,ENSG00000130714
ARL4A,ENSG00000122644
GABRD,ENSG00000187730
SMURF1,ENSG00000198742
PPFIBP1,ENSG00000110841
RIMOC1,ENSG00000205765
NOP58,ENSG00000055044
KIAA0408,ENSG00000189367
METRN,ENSG00000103260
ALKBH3,ENSG00000166199
RMND5B,ENSG00000145916
TAL1,ENSG00000162367
MFAP4,ENSG00000166482
SMIM22,ENSG00000267795
ESR1,ENSG00000091831
UBA52,ENSG00000221983
RORC,ENSG00000143365
ZNF747,ENSG00000169955
COQ7,ENSG00000167186
ABRAXAS1,ENSG00000163322
RNF13,ENSG00000082996
HAP1,ENSG00000173805
SDR16C5,ENSG00000170786
PTK2B,ENSG00000120899
RPS3,ENSG00000149273
PSMD7,ENSG00000103035
CXCL16,ENSG00000161921
GPATCH2L,ENSG00000089916
REPIN1,ENSG00000214022
MED11,ENSG00000161920
DKK2,ENSG00000155011
DNAAF19,ENSG00000167131
NUDT21,ENSG00000167005
IQCA1,ENSG00000132321
BAIAP2L1,ENSG00000006453
TMEM175,ENSG00000127419
PRKAA2,ENSG00000162409
COX10,ENSG00000006695
MYO6,ENSG00000196586
NIP7,ENSG00000132603
KCNK13,ENSG00000152315
PALS1,ENSG00000072415
MASP2,ENSG00000009724
RBBP6,ENSG00000122257
SAMD4A,ENSG00000020577
NOS2,ENSG00000007171
NBPF8,ENSG00000270231
PMS2,ENSG00000122512
PRG4,ENSG00000116690
TMEM198,ENSG00000188760
CHPF,ENSG00000123989
SERPINA3,ENSG00000196136
C19orf12,ENSG00000131943
TSN,ENSG00000211460
SHROOM1,ENSG00000164403
GNG2,ENSG00000186469
NEMP2,ENSG00000189362
NPIPB12,ENSG00000169203
TRPC3,ENSG00000138741
COQ8B,ENSG00000123815
FBXW2,ENSG00000119402
C2orf68,ENSG00000168887
OR1F1,ENSG00000168124
ALG9,ENSG00000086848
BAG3,ENSG00000151929
CNOT1,ENSG00000125107
DET1,ENSG00000140543
RPS7,ENSG00000171863
PTPN20,ENSG00000204179
ZMYND12,ENSG00000066185
DCAF5,ENSG00000139990
OBP2A,ENSG00000122136
FCRL1,ENSG00000163534
ABCA6,ENSG00000154262
NEIL1,ENSG00000140398
KDM6A,ENSG00000147050
METTL14,ENSG00000145388
CNTNAP3B,ENSG00000154529
PDLIM7,ENSG00000196923
TP53BP2,ENSG00000143514
SETD3,ENSG00000183576
TLR3,ENSG00000164342
ZNF615,ENSG00000197619
CCNI,ENSG00000118816
TAGLN,ENSG00000149591
SLC16A14,ENSG00000163053
TBC1D3D,ENSG00000274419
WDFY1,ENSG00000085449
CARD8,ENSG00000105483
RHBDL2,ENSG00000158315
G6PC1,ENSG00000131482
RERE,ENSG00000142599
LRRC57,ENSG00000180979
KLF11,ENSG00000172059
MYO1D,ENSG00000176658
STX19,ENSG00000178750
TET2,ENSG00000168769
KATNBL1,ENSG00000134152
ELAVL2,ENSG00000107105
ATP6V1C2,ENSG00000143882
PAGE4,ENSG00000101951
PXK,ENSG00000168297
ABHD11,ENSG00000106077
MAOA,ENSG00000189221
MAPK10,ENSG00000109339
DCAF8L2,ENSG00000189186
PDZD11,ENSG00000120509
SGO2,ENSG00000163535
KCNJ9,ENSG00000162728
ARHGAP5,ENSG00000100852
CAV1,ENSG00000105974
HAO2,ENSG00000116882
DDX18,ENSG00000088205
STAMBPL1,ENSG00000138134
MRPS24,ENSG00000062582
AAMDC,ENSG00000087884
ARF5,ENSG00000004059
NUBPL,ENSG00000151413
FSD1L,ENSG00000106701
OFD1,ENSG00000046651
MAPK6,ENSG00000069956
TMUB2,ENSG00000168591
TRMT61A,ENSG00000166166
TTC16,ENSG00000167094
SLC16A12,ENSG00000152779
CEP41,ENSG00000106477
SNX1,ENSG00000028528
ANKRD9,ENSG00000156381
TMEM177,ENSG00000144120
UBAP2,ENSG00000137073
EMC6,ENSG00000127774
SLC16A11,ENSG00000174326
LCLAT1,ENSG00000172954
DHTKD1,ENSG00000181192
FOLR2,ENSG00000165457
LRFN5,ENSG00000165379
EIF4ENIF1,ENSG00000184708
BAIAP2,ENSG00000175866
BOLA1,ENSG00000178096
CKB,ENSG00000166165
PCSK1N,ENSG00000102109
MROH9,ENSG00000117501
MAMLD1,ENSG00000013619
MAB21L3,ENSG00000173212
RBBP7,ENSG00000102054
KCNH1,ENSG00000143473
NGDN,ENSG00000129460
ARB2A,ENSG00000113391
MGRN1,ENSG00000102858
CCNT2,ENSG00000082258
TIPIN,ENSG00000075131
INTS15,ENSG00000146576
ZKSCAN8,ENSG00000198315
NUP98,ENSG00000110713
PPP2R3C,ENSG00000092020
RSBN1L,ENSG00000187257
CARNMT1,ENSG00000156017
MAG,ENSG00000105695
COLEC11,ENSG00000118004
LSM5,ENSG00000106355
CGNL1,ENSG00000128849
HBEGF,ENSG00000113070
ZNG1C,ENSG00000196873
ATP5MK,ENSG00000173915
PRELID1,ENSG00000169230
SLC26A9,ENSG00000174502
IKBKG,ENSG00000269335
HDAC9,ENSG00000048052
SAR1B,ENSG00000152700
ERG28,ENSG00000133935
PTGER3,ENSG00000050628
JDP2,ENSG00000140044
PISD,ENSG00000241878
FBH1,ENSG00000134452
THEM4,ENSG00000159445
TXNDC16,ENSG00000087301
SNAP91,ENSG00000065609
CCDC17,ENSG00000159588
SERTAD3,ENSG00000167565
FLT3LG,ENSG00000090554
GADL1,ENSG00000144644
SLAMF7,ENSG00000026751
DRD1,ENSG00000184845
IRX4,ENSG00000113430
DVL3,ENSG00000161202
SDF2,ENSG00000132581
ZNF624,ENSG00000197566
HACD3,ENSG00000074696
C1QTNF2,ENSG00000145861
GNPDA1,ENSG00000113552
EVI2A,ENSG00000126860
TBC1D3,ENSG00000274611
G6PD,ENSG00000160211
SOX5,ENSG00000134532
RFWD3,ENSG00000168411
MTARC1,ENSG00000186205
GLP2R,ENSG00000065325
BUB1,ENSG00000169679
TTLL7,ENSG00000137941
FLRT2,ENSG00000185070
BCL6B,ENSG00000161940
SETD6,ENSG00000103037
REEP6,ENSG00000115255
LGALS9B,ENSG00000170298
ZNF770,ENSG00000198146
TRIM55,ENSG00000147573
TRAPPC2L,ENSG00000167515
PLXNA2,ENSG00000076356
PEPD,ENSG00000124299
APC,ENSG00000134982
STT3B,ENSG00000163527
PIEZO1,ENSG00000103335
CA10,ENSG00000154975
RPA3,ENSG00000106399
SPARC,ENSG00000113140
AEBP1,ENSG00000106624
CPA6,ENSG00000165078
CYBB,ENSG00000165168
ZDHHC15,ENSG00000102383
FABP4,ENSG00000170323
GBP5,ENSG00000154451
KLHL25,ENSG00000183655
IKBKB,ENSG00000104365
ZNF41,ENSG00000147124
EFL1,ENSG00000140598
PLLP,ENSG00000102934
TRPV3,ENSG00000167723
RBSN,ENSG00000131381
SYP,ENSG00000102003
PLA2G4F,ENSG00000168907
DDAH1,ENSG00000153904
SMC2,ENSG00000136824
PPP2R5C,ENSG00000078304
CFAP276,ENSG00000179902
BCAP31,ENSG00000185825
ZNF273,ENSG00000198039
ATE1,ENSG00000107669
SRPK2,ENSG00000135250
SIAH1,ENSG00000196470
CCND2,ENSG00000118971
MRPS34,ENSG00000074071
SHTN1,ENSG00000187164
CLDN6,ENSG00000184697
CAMKK2,ENSG00000110931
SHCBP1,ENSG00000171241
CCDC141,ENSG00000163492
ELFN1,ENSG00000225968
MFSD1,ENSG00000118855
SRI,ENSG00000075142
ADORA1,ENSG00000163485
WDR75,ENSG00000115368
CYP1A1,ENSG00000140465
NES,ENSG00000132688
C1orf162,ENSG00000143110
CLN3,ENSG00000188603
FAM53B,ENSG00000189319
VSIG4,ENSG00000155659
SHISA4,ENSG00000198892
MRPL43,ENSG00000055950
PEMT,ENSG00000133027
ZNF616,ENSG00000204611
NCDN,ENSG00000020129
ZBTB1,ENSG00000126804
DMPK,ENSG00000104936
USP8,ENSG00000138592
CRCP,ENSG00000241258
TMEM273,ENSG00000204161
ZBTB25,ENSG00000089775
ERP44,ENSG00000023318
SNX4,ENSG00000114520
SYAP1,ENSG00000169895
FOXK1,ENSG00000164916
TMCO1,ENSG00000143183
SMIM15,ENSG00000188725
TDRD1,ENSG00000095627
BRF1,ENSG00000185024
RFNG,ENSG00000169733
PDGFRB,ENSG00000113721
PLAUR,ENSG00000011422
ARSL,ENSG00000157399
EXOSC3,ENSG00000107371
GFRA1,ENSG00000151892
SRBD1,ENSG00000068784
ZMPSTE24,ENSG00000084073
ENTREP1,ENSG00000135063
SCO1,ENSG00000133028
ARHGAP4,ENSG00000089820
NEK10,ENSG00000163491
TMEM38B,ENSG00000095209
DPY30,ENSG00000162961
LMOD1,ENSG00000163431
ATP6V1H,ENSG00000047249
KCNJ10,ENSG00000177807
TRIM14,ENSG00000106785
ZFP3,ENSG00000180787
COL9A2,ENSG00000049089
RAMP2,ENSG00000131477
KAZALD1,ENSG00000107821
PIGF,ENSG00000151665
ELOF1,ENSG00000130165
CCDC144A,ENSG00000170160
P2RY14,ENSG00000174944
RASSF4,ENSG00000107551
NANS,ENSG00000095380
DOCK3,ENSG00000088538
NUDT8,ENSG00000167799
CRIPT,ENSG00000119878
ORM1,ENSG00000229314
TOMM40,ENSG00000130204
ZSCAN21,ENSG00000166529
NFU1,ENSG00000169599
CAVIN4,ENSG00000170681
IL11RA,ENSG00000137070
TP53I3,ENSG00000115129
STAG3,ENSG00000066923
PARP9,ENSG00000138496
GBP6,ENSG00000183347
ENTPD1,ENSG00000138185
RNF181,ENSG00000168894
RAP1GAP2,ENSG00000132359
ZNF233,ENSG00000159915
NMRK1,ENSG00000106733
SEC16B,ENSG00000120341
BTBD6,ENSG00000184887
PTGER1,ENSG00000160951
MTERF4,ENSG00000122085
ATG4D,ENSG00000130734
NUMB,ENSG00000133961
IRGM,ENSG00000237693
S100Z,ENSG00000171643
ABCD1,ENSG00000101986
C5orf34,ENSG00000172244
DEPP1,ENSG00000165507
AKR1E2,ENSG00000165568
COPS9,ENSG00000172428
AFAP1L1,ENSG00000157510
GRAMD1B,ENSG00000023171
TRO,ENSG00000067445
RPE,ENSG00000197713
FBXL20,ENSG00000108306
ZNF235,ENSG00000159917
ZNG1E,ENSG00000147996
TEX9,ENSG00000151575
SYT5,ENSG00000129990
SSC4D,ENSG00000146700
MINDY3,ENSG00000148481
CENPH,ENSG00000153044
MNS1,ENSG00000138587
CYREN,ENSG00000122783
CALCOCO1,ENSG00000012822
TMEM200B,ENSG00000253304
PLIN1,ENSG00000166819
SYNPO,ENSG00000171992
TRNAU1AP,ENSG00000180098
BTRC,ENSG00000166167
ZBED3,ENSG00000132846
DEDD2,ENSG00000160570
FAM131B,ENSG00000159784
LIFR,ENSG00000113594
TBX21,ENSG00000073861
NOS1AP,ENSG00000198929
NAGS,ENSG00000161653
NMD3,ENSG00000169251
INTS14,ENSG00000138614
SLC25A23,ENSG00000125648
MACC1,ENSG00000183742
PIK3R6,ENSG00000276231
REG4,ENSG00000134193
SNRPG,ENSG00000143977
PPDPFL,ENSG00000168333
MTERF1,ENSG00000127989
MOB4,ENSG00000115540
GNAT2,ENSG00000134183
ULBP2,ENSG00000131015
APPBP2,ENSG00000062725
KANK3,ENSG00000186994
PPP2R2A,ENSG00000221914
SH3BGRL2,ENSG00000198478
LAMTOR5,ENSG00000134248
HBS1L,ENSG00000112339
ADIRF,ENSG00000148671
ATF3,ENSG00000162772
TYSND1,ENSG00000156521
GPBP1,ENSG00000062194
HKDC1,ENSG00000156510
ZNF287,ENSG00000141040
PVRIG,ENSG00000213413
SV2B,ENSG00000185518
IL22RA1,ENSG00000142677
C10orf67,ENSG00000179133
PITHD1,ENSG00000057757
TSPAN33,ENSG00000158457
MRC1,ENSG00000260314
SF3B6,ENSG00000115128
SLC6A17,ENSG00000197106
MPP3,ENSG00000161647
MED17,ENSG00000042429
SFT2D2,ENSG00000213064
LYG2,ENSG00000185674
BLVRA,ENSG00000106605
ZNF16,ENSG00000170631
M1AP,ENSG00000159374
LY9,ENSG00000122224
RAMAC,ENSG00000169612
NSMAF,ENSG00000035681
ADPGK,ENSG00000159322
RNF112,ENSG00000128482
UBE2H,ENSG00000186591
ATP1A3,ENSG00000105409
MORF4L1,ENSG00000185787
ITGAV,ENSG00000138448
SLC47A2,ENSG00000180638
KCNN3,ENSG00000143603
SF3B2,ENSG00000087365
EBP,ENSG00000147155
TSPAN15,ENSG00000099282
B3GALNT1,ENSG00000169255
CASQ2,ENSG00000118729
SERPINC1,ENSG00000117601
MEOX1,ENSG00000005102
APOO,ENSG00000184831
CDR2L,ENSG00000109089
FN3KRP,ENSG00000141560
PCP4L1,ENSG00000248485
PEX10,ENSG00000157911
ZMAT4,ENSG00000165061
ZNF485,ENSG00000198298
FN3K,ENSG00000167363
GPRC5A,ENSG00000013588
FASLG,ENSG00000117560
EXOC4,ENSG00000131558
SSR4,ENSG00000180879
NMT2,ENSG00000152465
HIVEP2,ENSG00000010818
C8B,ENSG00000021852
SCAF11,ENSG00000139218
KDM6B,ENSG00000132510
TNFRSF9,ENSG00000049249
RPS28,ENSG00000233927
SLCO5A1,ENSG00000137571
RMND1,ENSG00000155906
CCDC190,ENSG00000185860
FPR1,ENSG00000171051
GSTM1,ENSG00000134184
UPF1,ENSG00000005007
SIRT5,ENSG00000124523
NDUFA9,ENSG00000139180
ERLN,ENSG00000259120
RASGEF1A,ENSG00000198915
RAD21,ENSG00000164754
MYCBPAP,ENSG00000136449
ATP6V0A4,ENSG00000105929
ICAM5,ENSG00000105376
HABP4,ENSG00000130956
SLC45A1,ENSG00000162426
SORBS1,ENSG00000095637
ELK1,ENSG00000126767
CEACAM5,ENSG00000105388
PLPBP,ENSG00000147471
EDN2,ENSG00000127129
RPL27,ENSG00000131469
DPM2,ENSG00000136908
TMEM14A,ENSG00000096092
APH1A,ENSG00000117362
DUOX1,ENSG00000137857
MRPL11,ENSG00000174547
CCDC65,ENSG00000139537
PPP2R5D,ENSG00000112640
SRPX,ENSG00000101955
WDR5,ENSG00000196363
NME1,ENSG00000239672
ATP2A2,ENSG00000174437
MPPED2,ENSG00000066382
ATAD2B,ENSG00000119778
GPR141,ENSG00000187037
PLS3,ENSG00000102024
FAM151A,ENSG00000162391
TCF3,ENSG00000071564
SELL,ENSG00000188404
NCAPG2,ENSG00000146918
RMI1,ENSG00000178966
ATP6V1B2,ENSG00000147416
NRGN,ENSG00000154146
RPL19,ENSG00000108298
SCCPDH,ENSG00000143653
ALKBH8,ENSG00000137760
PTGES2,ENSG00000148334
MRPL44,ENSG00000135900
LGALSL,ENSG00000119862
LGI2,ENSG00000153012
AGAP2,ENSG00000135439
MRPS9,ENSG00000135972
WDR17,ENSG00000150627
SMG1,ENSG00000157106
SYBU,ENSG00000147642
RHOG,ENSG00000177105
CNKSR1,ENSG00000142675
SOCS3,ENSG00000184557
PGGHG,ENSG00000142102
C17orf58,ENSG00000186665
CSAD,ENSG00000139631
ERCC6L2,ENSG00000182150
DBN1,ENSG00000113758
PAPLN,ENSG00000100767
RIF1,ENSG00000080345
ST8SIA2,ENSG00000140557
SEC24B,ENSG00000138802
PAK6,ENSG00000137843
HYAL2,ENSG00000068001
PLIN2,ENSG00000147872
LRRC31,ENSG00000114248
BTN3A3,ENSG00000111801
SDHA,ENSG00000073578
VPS35,ENSG00000069329
SEC22A,ENSG00000121542
SLAMF1,ENSG00000117090
TRABD2B,ENSG00000269113
TCEA1,ENSG00000187735
IFI44,ENSG00000137965
TMEM63C,ENSG00000165548
CLASP2,ENSG00000163539
ZNHIT6,ENSG00000117174
ZNG1F,ENSG00000215126
ZSCAN5A,ENSG00000131848
DUOXA1,ENSG00000140254
ALPL,ENSG00000162551
GID4,ENSG00000141034
RAPGEF1,ENSG00000107263
CMTR1,ENSG00000137200
CRISPLD1,ENSG00000121005
HPRT1,ENSG00000165704
ZNF266,ENSG00000174652
POLG2,ENSG00000256525
CPNE2,ENSG00000140848
FAM163A,ENSG00000143340
DIPK1A,ENSG00000154511
MOB1A,ENSG00000114978
MAP7D2,ENSG00000184368
ILDR2,ENSG00000143195
BACC1,ENSG00000258315
RDH14,ENSG00000240857
MED21,ENSG00000152944
SNX14,ENSG00000135317
ETAA1,ENSG00000143971
RAPGEF6,ENSG00000158987
GDAP2,ENSG00000196505
ZNF26,ENSG00000198393
ZNF134,ENSG00000213762
CASKIN2,ENSG00000177303
WDHD1,ENSG00000198554
GPN1,ENSG00000198522
SLC25A3,ENSG00000075415
ZFTRAF1,ENSG00000187954
MKLN1,ENSG00000128585
RB1CC1,ENSG00000023287
TENT5C,ENSG00000183508
MTF1,ENSG00000188786
CD22,ENSG00000012124
SDR42E1,ENSG00000184860
AJAP1,ENSG00000196581
SPAAR,ENSG00000235387
LITAF,ENSG00000189067
SPATA6L,ENSG00000106686
FCGR2B,ENSG00000072694
PKIA,ENSG00000171033
USP11,ENSG00000102226
AOC1,ENSG00000002726
COG7,ENSG00000168434
PDGFRL,ENSG00000104213
STX17,ENSG00000136874
CA2,ENSG00000104267
HELZ,ENSG00000198265
CLIP2,ENSG00000106665
COPS5,ENSG00000121022
TBL1X,ENSG00000101849
PTGFRN,ENSG00000134247
OSTC,ENSG00000198856
C1orf52,ENSG00000162642
SLC25A20,ENSG00000178537
GFI1,ENSG00000162676
WBP1,ENSG00000239779
HAUS4,ENSG00000092036
GSTCD,ENSG00000138780
IL7,ENSG00000104432
MRPS2,ENSG00000122140
DNAAF6,ENSG00000080572
LRRC58,ENSG00000163428
MYL6B,ENSG00000196465
PTCH2,ENSG00000117425
CPOX,ENSG00000080819
ZDHHC12,ENSG00000160446
MTUS1,ENSG00000129422
ITGB1BP2,ENSG00000147166
CCL22,ENSG00000102962
PHC2,ENSG00000134686
RPS15A,ENSG00000134419
ITSN2,ENSG00000198399
BRINP1,ENSG00000078725
ARPP21,ENSG00000172995
SNRNP70,ENSG00000104852
SH3KBP1,ENSG00000147010
EIF4E,ENSG00000151247
TLCD5,ENSG00000181264
SLC22A5,ENSG00000197375
CHST12,ENSG00000136213
BEST4,ENSG00000142959
KLRG2,ENSG00000188883
UGT2B17,ENSG00000197888
BTBD10,ENSG00000148925
MRPL12,ENSG00000262814
AOAH,ENSG00000136250
CENPU,ENSG00000151725
TMTC1,ENSG00000133687
SMG8,ENSG00000167447
KCNH6,ENSG00000173826
GLG1,ENSG00000090863
TMEM143,ENSG00000161558
SMAD5,ENSG00000113658
WDR1,ENSG00000071127
SH2D3A,ENSG00000125731
DHRS13,ENSG00000167536
VWDE,ENSG00000146530
EXOC2,ENSG00000112685
CPQ,ENSG00000104324
UNC119,ENSG00000109103
TMEM119,ENSG00000183160
KIF18B,ENSG00000186185
SRSF7,ENSG00000115875
MORN3,ENSG00000139714
C19orf44,ENSG00000105072
FUT8,ENSG00000033170
MAP4K2,ENSG00000168067
TRIM17,ENSG00000162931
KITLG,ENSG00000049130
ACSL1,ENSG00000151726
NIPSNAP2,ENSG00000146729
ST6GALNAC4,ENSG00000136840
CDK10,ENSG00000185324
LSM12,ENSG00000161654
KISS1,ENSG00000170498
LDLRAD1,ENSG00000203985
ZNF45,ENSG00000124459
FTSJ3,ENSG00000108592
KANSL2,ENSG00000139620
FCRL6,ENSG00000181036
DNAJA1,ENSG00000086061
FKBP10,ENSG00000141756
OLFM3,ENSG00000118733
CRHR2,ENSG00000106113
CRACR2A,ENSG00000130038
AGPS,ENSG00000018510
EXTL1,ENSG00000158008
AQP8,ENSG00000103375
DENND4C,ENSG00000137145
CCN3,ENSG00000136999
DUOXA2,ENSG00000140274
CYP4F3,ENSG00000186529
FCER1G,ENSG00000158869
PDP2,ENSG00000172840
SNX31,ENSG00000174226
CCNDBP1,ENSG00000166946
LRRC8B,ENSG00000197147
LDHB,ENSG00000111716
ZNF75A,ENSG00000162086
YRDC,ENSG00000196449
CFHR4,ENSG00000134365
GRIA3,ENSG00000125675
CPED1,ENSG00000106034
ASAH1,ENSG00000104763
S100A1,ENSG00000160678
RBM4B,ENSG00000173914
LRRC71,ENSG00000160838
CD244,ENSG00000122223
GOLGA1,ENSG00000136935
CEP57,ENSG00000166037
RAB33A,ENSG00000134594
ZNF347,ENSG00000197937
MORF4L2,ENSG00000123562
PDCL3,ENSG00000115539
NARF,ENSG00000141562
PTN,ENSG00000105894
KTN1,ENSG00000126777
ZNF211,ENSG00000121417
PGC,ENSG00000096088
NCAPH,ENSG00000121152
HIP1R,ENSG00000130787
PSME3IP1,ENSG00000172775
ARPP19,ENSG00000128989
PPARD,ENSG00000112033
TMEM168,ENSG00000146802
CCNG1,ENSG00000113328
PHGR1,ENSG00000233041
EIF2AK4,ENSG00000128829
EOGT,ENSG00000163378
KDM7A,ENSG00000006459
MPDZ,ENSG00000107186
FST,ENSG00000134363
SPRTN,ENSG00000010072
CAPRIN1,ENSG00000135387
MCOLN1,ENSG00000090674
GABARAP,ENSG00000170296
AP3S1,ENSG00000177879
ADAMTSL4,ENSG00000143382
BBS9,ENSG00000122507
CDK16,ENSG00000102225
APPL1,ENSG00000157500
SPAG5,ENSG00000076382
PPIC,ENSG00000168938
MACIR,ENSG00000181751
ATP5F1B,ENSG00000110955
RARS1,ENSG00000113643
TIAM2,ENSG00000146426
AKT2,ENSG00000105221
SLC30A7,ENSG00000162695
STOML1,ENSG00000067221
GALNT14,ENSG00000158089
HMGCS2,ENSG00000134240
BEST3,ENSG00000127325
SLC29A2,ENSG00000174669
RYK,ENSG00000163785
TMEM104,ENSG00000109066
SLC30A10,ENSG00000196660
CIB2,ENSG00000136425
DENND1B,ENSG00000213047
CD63,ENSG00000135404
DCBLD2,ENSG00000057019
MPDU1,ENSG00000129255
MRPS11,ENSG00000181991
TMSB10,ENSG00000034510
TMEM45B,ENSG00000151715
BAHD1,ENSG00000140320
AGBL5,ENSG00000084693
HAVCR1,ENSG00000113249
RPL32,ENSG00000144713
ZNF697,ENSG00000143067
ENTPD4,ENSG00000197217
CFHR1,ENSG00000244414
HACE1,ENSG00000085382
SPRY4,ENSG00000187678
AP3S2,ENSG00000157823
MRE11,ENSG00000020922
MACROH2A1,ENSG00000113648
OST4,ENSG00000228474
CRISPLD2,ENSG00000103196
ID2,ENSG00000115738
CRTAP,ENSG00000170275
ARRB2,ENSG00000141480
PARS2,ENSG00000162396
AMIGO1,ENSG00000181754
SIKE1,ENSG00000052723
SKIC8,ENSG00000140395
SLX1A,ENSG00000132207
RGPD8,ENSG00000169629
AIDA,ENSG00000186063
GPT,ENSG00000167701
AGTR2,ENSG00000180772
ARMCX2,ENSG00000184867
ZBTB37,ENSG00000185278
TSC2,ENSG00000103197
TPRG1L,ENSG00000158109
CD247,ENSG00000198821
TIMP4,ENSG00000157150
MRPL19,ENSG00000115364
CDV3,ENSG00000091527
DNAJA4,ENSG00000140403
MYCN,ENSG00000134323
CDC40,ENSG00000168438
ST3GAL6,ENSG00000064225
APOA2,ENSG00000158874
PASK,ENSG00000115687
ADAP1,ENSG00000105963
PENK,ENSG00000181195
COMMD5,ENSG00000170619
TAF11,ENSG00000064995
TDRD10,ENSG00000163239
VIRMA,ENSG00000164944
ZSCAN9,ENSG00000137185
ZNF281,ENSG00000162702
RNF115,ENSG00000265491
NFIB,ENSG00000147862
CDAN1,ENSG00000140326
AGPAT4,ENSG00000026652
POLD4,ENSG00000175482
PUSL1,ENSG00000169972
NR5A2,ENSG00000116833
TTC12,ENSG00000149292
ALOX12,ENSG00000108839
SLC26A8,ENSG00000112053
TCF24,ENSG00000261787
GFPT2,ENSG00000131459
ZBTB10,ENSG00000205189
G6PC3,ENSG00000141349
ITFG2,ENSG00000111203
ADGRG2,ENSG00000173698
NPM2,ENSG00000158806
UBB,ENSG00000170315
PRKACB,ENSG00000142875
PNISR,ENSG00000132424
SLC28A2,ENSG00000137860
GLI4,ENSG00000250571
SERPINB6,ENSG00000124570
ABCC9,ENSG00000069431
EZH2,ENSG00000106462
CCNYL1,ENSG00000163249
MRPS27,ENSG00000113048
CHMP7,ENSG00000147457
NMI,ENSG00000123609
MROH1,ENSG00000179832
SKA2,ENSG00000182628
RBM47,ENSG00000163694
COPS8,ENSG00000198612
ATP2A3,ENSG00000074370
GAL3ST3,ENSG00000175229
ZNF317,ENSG00000130803
UNC13B,ENSG00000198722
TOP6BL,ENSG00000173715
PAQR5,ENSG00000137819
TMEM184A,ENSG00000164855
SDHC,ENSG00000143252
DQX1,ENSG00000144045
FAH,ENSG00000103876
ZNF331,ENSG00000130844
CKMT2,ENSG00000131730
EIF4E2,ENSG00000135930
LRIF1,ENSG00000121931
AKR7A3,ENSG00000162482
GSAP,ENSG00000186088
CD1A,ENSG00000158477
MSRB3,ENSG00000174099
ANGPTL3,ENSG00000132855
FLNB,ENSG00000136068
NOS3,ENSG00000164867
CXCL1,ENSG00000163739
VWA1,ENSG00000179403
ALPK1,ENSG00000073331
KCND3,ENSG00000171385
SPRED2,ENSG00000198369
NUDT4,ENSG00000173598
POLR1A,ENSG00000068654
PSMD3,ENSG00000108344
FMO3,ENSG00000007933
CC2D2A,ENSG00000048342
R3HDM2,ENSG00000179912
CR1,ENSG00000203710
SNUPN,ENSG00000169371
GIMAP4,ENSG00000133574
MADD,ENSG00000110514
RRM2,ENSG00000171848
PRKRIP1,ENSG00000128563
SNCAIP,ENSG00000064692
LAMB1,ENSG00000091136
RND2,ENSG00000108830
PLAG1,ENSG00000181690
MRPS23,ENSG00000181610
LRRCC1,ENSG00000133739
PDE6G,ENSG00000185527
TAOK1,ENSG00000160551
GBP7,ENSG00000213512
IGSF3,ENSG00000143061
MFSD14B,ENSG00000148110
RGPD5,ENSG00000015568
TMEM276,ENSG00000291317
TBC1D19,ENSG00000109680
ZNF232,ENSG00000167840
ASAP1,ENSG00000153317
AFG2B,ENSG00000171763
ZNF683,ENSG00000176083
NAA38,ENSG00000183011
C15orf48,ENSG00000166920
DAPK1,ENSG00000196730
TEX14,ENSG00000121101
SCAMP2,ENSG00000140497
PLBD1,ENSG00000121316
MPHOSPH10,ENSG00000124383
TTC39A,ENSG00000085831
RMND5A,ENSG00000153561
COPZ1,ENSG00000111481
SPAST,ENSG00000021574
IP6K2,ENSG00000068745
SNAP23,ENSG00000092531
ANXA13,ENSG00000104537
VBP1,ENSG00000155959
PLRG1,ENSG00000171566
SIX2,ENSG00000170577
TMEM37,ENSG00000171227
BIRC5,ENSG00000089685
PRKD3,ENSG00000115825
LY96,ENSG00000154589
STARD4,ENSG00000164211
ENPP2,ENSG00000136960
CSNK1G2,ENSG00000133275
CXorf38,ENSG00000185753
DHRS7B,ENSG00000109016
NSUN7,ENSG00000179299
BGN,ENSG00000182492
PYY,ENSG00000131096
NCOR1,ENSG00000141027
SENP5,ENSG00000119231
TTC31,ENSG00000115282
CDH12,ENSG00000154162
FGA,ENSG00000171560
ERP29,ENSG00000089248
MACO1,ENSG00000204178
GRK6,ENSG00000198055
SEC31A,ENSG00000138674
SH3BP5,ENSG00000131370
ITGA5,ENSG00000161638
CAMK2B,ENSG00000058404
USP9X,ENSG00000124486
ALG14,ENSG00000172339
TOP2A,ENSG00000131747
ELAPOR1,ENSG00000116299
FCHO1,ENSG00000130475
PGPEP1L,ENSG00000183571
TYW5,ENSG00000162971
HOMER2,ENSG00000103942
CDC27,ENSG00000004897
TMEM18,ENSG00000151353
TBX5,ENSG00000089225
DNAJB2,ENSG00000135924
ISLR2,ENSG00000167178
ATAD2,ENSG00000156802
EIF2S3,ENSG00000130741
PAIP2,ENSG00000120727
ADAMTS17,ENSG00000140470
EIF4G1,ENSG00000114867
TEPSIN,ENSG00000167302
SUMO1,ENSG00000116030
TAF9B,ENSG00000187325
NR2F2,ENSG00000185551
LAS1L,ENSG00000001497
FSD2,ENSG00000186628
RGS1,ENSG00000090104
PWP1,ENSG00000136045
ODAD4,ENSG00000204815
ISOC1,ENSG00000066583
EFNA1,ENSG00000169242
TMEM92,ENSG00000167105
FGF1,ENSG00000113578
SH2D4A,ENSG00000104611
DENND2D,ENSG00000162777
UGP2,ENSG00000169764
PPY,ENSG00000108849
SECISBP2,ENSG00000187742
IFT20,ENSG00000109083
UBFD1,ENSG00000103353
TNFAIP8L2,ENSG00000163154
SLC35D1,ENSG00000116704
PPP1R16A,ENSG00000160972
ITGA7,ENSG00000135424
KLHL15,ENSG00000174010
NPHS2,ENSG00000116218
POLA1,ENSG00000101868
CD48,ENSG00000117091
VPS39,ENSG00000166887
TMEM11,ENSG00000178307
GJB3,ENSG00000188910
ANKFY1,ENSG00000185722
CD1B,ENSG00000158485
CAP2,ENSG00000112186
RASAL2,ENSG00000075391
CYFIP2,ENSG00000055163
RANBP10,ENSG00000141084
GPA33,ENSG00000143167
INPP5E,ENSG00000148384
SREBF1,ENSG00000072310
CCDC180,ENSG00000197816
ZNF711,ENSG00000147180
LCN6,ENSG00000267206
TTC22,ENSG00000006555
CNOT9,ENSG00000144580
SUSD1,ENSG00000106868
DIRAS3,ENSG00000162595
C1orf198,ENSG00000119280
F5,ENSG00000198734
ORC6,ENSG00000091651
FAAH2,ENSG00000165591
CHN1,ENSG00000128656
BCAR1,ENSG00000050820
ATP6AP2,ENSG00000182220
NR1I3,ENSG00000143257
TTC23,ENSG00000103852
ATP5PD,ENSG00000167863
FANCG,ENSG00000221829
RETREG2,ENSG00000144567
SH2B1,ENSG00000178188
ERLIN2,ENSG00000147475
ZNF322,ENSG00000181315
TMEM214,ENSG00000119777
CNKSR3,ENSG00000153721
ANKS3,ENSG00000168096
ZNF841,ENSG00000197608
ZNF382,ENSG00000161298
ZFAND6,ENSG00000086666
MAPK14,ENSG00000112062
DHPS,ENSG00000095059
ZER1,ENSG00000160445
PUF60,ENSG00000179950
ATRAID,ENSG00000138085
NUBP2,ENSG00000095906
FAM222B,ENSG00000173065
RAB11B,ENSG00000185236
GLI2,ENSG00000074047
HNRNPA1,ENSG00000135486
MADCAM1,ENSG00000099866
EPCAM,ENSG00000119888
SLC25A10,ENSG00000183048
PRSS21,ENSG00000007038
RPSA2,ENSG00000288920
GTPBP2,ENSG00000172432
MAP1S,ENSG00000130479
ITFG1,ENSG00000129636
F13A1,ENSG00000124491
ZNF385C,ENSG00000187595
GCNT1,ENSG00000187210
TAX1BP3,ENSG00000213977
CD79B,ENSG00000007312
DHX57,ENSG00000163214
GMDS,ENSG00000112699
SPIN1,ENSG00000106723
LRRC45,ENSG00000169683
ZNF611,ENSG00000213020
DSE,ENSG00000111817
TMEM9,ENSG00000116857
FLYWCH2,ENSG00000162076
COX7A2L,ENSG00000115944
ZNF431,ENSG00000196705
ZSCAN26,ENSG00000197062
TVP23B,ENSG00000171928
CD2BP2,ENSG00000169217
PPP5C,ENSG00000011485
RBM12B,ENSG00000183808
ITGAM,ENSG00000169896
CRLF3,ENSG00000176390
TMEM71,ENSG00000165071
FPGT,ENSG00000254685
DPP7,ENSG00000176978
CCDC88A,ENSG00000115355
TACO1,ENSG00000136463
NT5C1A,ENSG00000116981
ERICH5,ENSG00000177459
PDE6H,ENSG00000139053
CACNG4,ENSG00000075461
C1orf53,ENSG00000203724
FAM83G,ENSG00000188522
DUSP26,ENSG00000133878
CYP2J2,ENSG00000134716
METTL2A,ENSG00000087995
DNM1L,ENSG00000087470
SHARPIN,ENSG00000179526
ZNF525,ENSG00000203326
CTNND2,ENSG00000169862
CBX1,ENSG00000108468
SMIM7,ENSG00000214046
MAPKAP1,ENSG00000119487
SLC5A9,ENSG00000117834
CDK12,ENSG00000167258
RHBDL1,ENSG00000103269
BAALC,ENSG00000164929
MAF1,ENSG00000179632
ETV4,ENSG00000175832
PHLPP2,ENSG00000040199
JKAMP,ENSG00000050130
REX1BD,ENSG00000006015
CLCNKB,ENSG00000184908
FFAR1,ENSG00000126266
ZNF358,ENSG00000198816
ZNF404,ENSG00000176222
MCEMP1,ENSG00000183019
UBXN6,ENSG00000167671
PYCR1,ENSG00000183010
SPAG1,ENSG00000104450
COX6A2,ENSG00000156885
GLE1,ENSG00000119392
WFDC1,ENSG00000103175
ZNF132,ENSG00000131849
ZNF766,ENSG00000196214
ZNF224,ENSG00000267680
MCCC1,ENSG00000078070
RHPN1,ENSG00000158106
QPRT,ENSG00000103485
LSM4,ENSG00000130520
KIAA1191,ENSG00000122203
AKT1,ENSG00000142208
TCF25,ENSG00000141002
PGPEP1,ENSG00000130517
TRIM28,ENSG00000130726
SAMD12,ENSG00000177570
COL14A1,ENSG00000187955
PMPCB,ENSG00000105819
CFAP126,ENSG00000188931
MRS2,ENSG00000124532
DCDC2B,ENSG00000222046
UTS2R,ENSG00000181408
CAPZA2,ENSG00000198898
ZNF286A,ENSG00000187607
AMPD2,ENSG00000116337
PEX3,ENSG00000034693
SUB1,ENSG00000113387
USP32,ENSG00000170832
DNAJC16,ENSG00000116138
NSMF,ENSG00000165802
MAN1A1,ENSG00000111885
MATCAP1,ENSG00000196123
SBSPON,ENSG00000164764
NUP62,ENSG00000213024
BRIP1,ENSG00000136492
CYB5B,ENSG00000103018
LTF,ENSG00000012223
CD58,ENSG00000116815
NOL3,ENSG00000140939
TMOD3,ENSG00000138594
CDCA7L,ENSG00000164649
CFHR3,ENSG00000116785
NGRN,ENSG00000182768
EMC7,ENSG00000134153
APBB3,ENSG00000113108
CYP11B1,ENSG00000160882
COX5A,ENSG00000178741
ELOA,ENSG00000011007
CNR1,ENSG00000118432
RHBDF1,ENSG00000007384
OTUD7B,ENSG00000264522
IGDCC4,ENSG00000103742
LCA5,ENSG00000135338
DDX39A,ENSG00000123136
SERINC1,ENSG00000111897
MGAT5B,ENSG00000167889
AQP10,ENSG00000143595
MCTP2,ENSG00000140563
KLHL32,ENSG00000186231
FCGR3B,ENSG00000162747
NEK2,ENSG00000117650
CLUH,ENSG00000132361
ZNF460,ENSG00000197714
QTRT1,ENSG00000213339
LAMA4,ENSG00000112769
CHN2,ENSG00000106069
ZNF670,ENSG00000277462
PRICKLE1,ENSG00000139174
IFT57,ENSG00000114446
FCRL5,ENSG00000143297
DIS3L,ENSG00000166938
EYA1,ENSG00000104313
LCN12,ENSG00000184925
OTULINL,ENSG00000145569
RPL18,ENSG00000063177
HACL1,ENSG00000131373
IL21R,ENSG00000103522
RALGDS,ENSG00000160271
SRA1,ENSG00000213523
TENT4A,ENSG00000112941
MRPS17,ENSG00000239789
CYP4A11,ENSG00000187048
ADPRM,ENSG00000170222
PIMREG,ENSG00000129195
FLYWCH1,ENSG00000059122
THOP1,ENSG00000172009
PDK4,ENSG00000004799
NDUFS8,ENSG00000110717
PDE8A,ENSG00000073417
MSH6,ENSG00000116062
RAC3,ENSG00000169750
PCYOX1L,ENSG00000145882
ASB15,ENSG00000146809
WDR41,ENSG00000164253
ZBTB39,ENSG00000166860
C2CD2L,ENSG00000172375
RPL41,ENSG00000229117
UNK,ENSG00000132478
DCTN2,ENSG00000175203
IL4R,ENSG00000077238
IGF2BP1,ENSG00000159217
CDHR3,ENSG00000128536
MAPK7,ENSG00000166484
JOSD2,ENSG00000161677
BRAF,ENSG00000157764
DOK2,ENSG00000147443
PDZK1IP1,ENSG00000162366
DNASE2,ENSG00000105612
DDX55,ENSG00000111364
DYNLT5,ENSG00000152760
ARAP3,ENSG00000120318
MED30,ENSG00000164758
ZNF181,ENSG00000197841
CELF6,ENSG00000140488
WDR45B,ENSG00000141580
AK2,ENSG00000004455
NSMCE2,ENSG00000156831
RNASET2,ENSG00000026297
MYO1F,ENSG00000142347
TMEFF2,ENSG00000144339
CABP1,ENSG00000157782
ZBTB43,ENSG00000169155
SIN3A,ENSG00000169375
SYT12,ENSG00000173227
EXD3,ENSG00000187609
RIMKLA,ENSG00000177181
ACADS,ENSG00000122971
RGS13,ENSG00000127074
CKAP2L,ENSG00000169607
CYC1,ENSG00000179091
SPATA46,ENSG00000171722
DEGS1,ENSG00000143753
FZD5,ENSG00000163251
CNTN6,ENSG00000134115
DRAXIN,ENSG00000162490
UXS1,ENSG00000115652
LRRC59,ENSG00000108829
PSMB2,ENSG00000126067
DPAGT1,ENSG00000172269
ESYT2,ENSG00000117868
SCNM1,ENSG00000163156
INTS13,ENSG00000064102
TMEM107,ENSG00000179029
ADCY9,ENSG00000162104
NMT1,ENSG00000136448
TMEM35B,ENSG00000243749
GPATCH2,ENSG00000092978
CPLANE1,ENSG00000197603
EBF2,ENSG00000221818
PLEKHJ1,ENSG00000104886
FAM72B,ENSG00000188610
CENPV,ENSG00000166582
PRKAB2,ENSG00000131791
TPRN,ENSG00000176058
MAP2K6,ENSG00000108984
GAPVD1,ENSG00000165219
PRPF38B,ENSG00000134186
GTF3C1,ENSG00000077235
NDUFA5,ENSG00000128609
CYB561A3,ENSG00000162144
SPTBN1,ENSG00000115306
NUF2,ENSG00000143228
CAMK4,ENSG00000152495
RPL38,ENSG00000172809
WASHC5,ENSG00000164961
DDX47,ENSG00000213782
RARB,ENSG00000077092
ACTR3C,ENSG00000106526
MRPL27,ENSG00000108826
OTULIN,ENSG00000154124
GPATCH8,ENSG00000186566
MATR3,ENSG00000015479
DYNC1I1,ENSG00000158560
DTX3,ENSG00000178498
SCRN2,ENSG00000141295
SEMA6D,ENSG00000137872
ABHD8,ENSG00000127220
CZIB,ENSG00000162384
IL18,ENSG00000150782
DUSP23,ENSG00000158716
ZNF790,ENSG00000197863
GNA13,ENSG00000120063
KDF1,ENSG00000175707
PER1,ENSG00000179094
C11orf24,ENSG00000171067
SLC6A9,ENSG00000196517
MNAT1,ENSG00000020426
PRKCSH,ENSG00000130175
PCBP2,ENSG00000197111
NR1D2,ENSG00000174738
RNF121,ENSG00000137522
ZNF34,ENSG00000196378
DDO,ENSG00000203797
ACTR10,ENSG00000131966
STX11,ENSG00000135604
ABCC10,ENSG00000124574
ACKR2,ENSG00000144648
SFXN5,ENSG00000144040
SLC41A3,ENSG00000114544
TBC1D10C,ENSG00000175463
ZDHHC21,ENSG00000175893
DLK2,ENSG00000171462
GPHN,ENSG00000171723
DECR1,ENSG00000104325
PHB1,ENSG00000167085
IRX6,ENSG00000159387
PPP1R14C,ENSG00000198729
FRMD3,ENSG00000172159
BNIPL,ENSG00000163141
YIPF3,ENSG00000137207
NAT10,ENSG00000135372
RPGRIP1L,ENSG00000103494
VIL1,ENSG00000127831
CEP78,ENSG00000148019
PNRC2,ENSG00000189266
NSUN4,ENSG00000117481
TAF5L,ENSG00000135801
PCNX2,ENSG00000135749
PLPP2,ENSG00000141934
SLC7A2,ENSG00000003989
SERPINB1,ENSG00000021355
CUL7,ENSG00000044090
RPS5,ENSG00000083845
TTC14,ENSG00000163728
RNF167,ENSG00000108523
RPRD2,ENSG00000163125
DCTN3,ENSG00000137100
TBC1D7,ENSG00000145979
ZCCHC7,ENSG00000147905
PLA2G4C,ENSG00000105499
DENND4B,ENSG00000198837
CCDC82,ENSG00000149231
PDE6D,ENSG00000156973
PFN1,ENSG00000108518
POR,ENSG00000127948
ALDH6A1,ENSG00000119711
RPL31,ENSG00000071082
RGS9,ENSG00000108370
FNDC3B,ENSG00000075420
ADGRG3,ENSG00000182885
CEBPZ,ENSG00000115816
FLAD1,ENSG00000160688
MLST8,ENSG00000167965
RNASE1,ENSG00000129538
GKAP1,ENSG00000165113
CDHR2,ENSG00000074276
RPL23,ENSG00000125691
POLE2,ENSG00000100479
E2F6,ENSG00000169016
MPZL2,ENSG00000149573
MRPL46,ENSG00000259494
RIT1,ENSG00000143622
DOHH,ENSG00000129932
FAR2,ENSG00000064763
NUSAP1,ENSG00000137804
P2RX3,ENSG00000109991
NSRP1,ENSG00000126653
CTU1,ENSG00000142544
FGFR1,ENSG00000077782
BABAM1,ENSG00000105393
KRT8,ENSG00000170421
CDC7,ENSG00000097046
NFKBIA,ENSG00000100906
ZFAND5,ENSG00000107372
LRP10,ENSG00000197324
CD151,ENSG00000177697
ASAP2,ENSG00000151693
CDK5RAP3,ENSG00000108465
SRSF5,ENSG00000100650
ACO1,ENSG00000122729
NOTCH2NLB,ENSG00000286019
CKS1B,ENSG00000173207
ANKRD34B,ENSG00000189127
METTL5,ENSG00000138382
TMEM79,ENSG00000163472
SMAP2,ENSG00000084070
CCDC149,ENSG00000181982
AIMP1,ENSG00000164022
ORC2,ENSG00000115942
NCSTN,ENSG00000162736
PHF12,ENSG00000109118
KIF23,ENSG00000137807
HRH2,ENSG00000113749
LARP1,ENSG00000155506
WARS1,ENSG00000140105
KRT18,ENSG00000111057
APBB1,ENSG00000166313
EGF,ENSG00000138798
FLT4,ENSG00000037280
HEATR6,ENSG00000068097
METAP2,ENSG00000111142
POLR1F,ENSG00000105849
ICA1,ENSG00000003147
MFSD12,ENSG00000161091
RIMS3,ENSG00000117016
ITPRIPL1,ENSG00000198885
CLHC1,ENSG00000162994
SLC25A36,ENSG00000114120
UFC1,ENSG00000143222
FZR1,ENSG00000105325
RSL1D1,ENSG00000171490
ATP10D,ENSG00000145246
BCL10,ENSG00000142867
DTYMK,ENSG00000168393
AIM2,ENSG00000163568
CCDC77,ENSG00000120647
WDTC1,ENSG00000142784
NLE1,ENSG00000073536
RBM6,ENSG00000004534
LMBRD2,ENSG00000164187
FMNL2,ENSG00000157827
HAGH,ENSG00000063854
ARFGAP2,ENSG00000149182
VSIR,ENSG00000107738
TSPAN5,ENSG00000168785
C5orf46,ENSG00000178776
DAB2,ENSG00000153071
MYBBP1A,ENSG00000132382
SFXN2,ENSG00000156398
ASPM,ENSG00000066279
SLC27A4,ENSG00000167114
SLCO1C1,ENSG00000139155
PPM1K,ENSG00000163644
FES,ENSG00000182511
RFX8,ENSG00000196460
CD8B,ENSG00000172116
BTC,ENSG00000174808
CS,ENSG00000062485
SOD3,ENSG00000109610
GSPT1,ENSG00000103342
HS3ST1,ENSG00000002587
RBM23,ENSG00000100461
RXFP1,ENSG00000171509
ACSL5,ENSG00000197142
BOLA3,ENSG00000163170
RABIF,ENSG00000183155
ZBTB18,ENSG00000179456
SYDE2,ENSG00000097096
TMEM163,ENSG00000152128
MRPL20,ENSG00000242485
SCLY,ENSG00000132330
PRDX1,ENSG00000117450
NQO2,ENSG00000124588
PSMD5,ENSG00000095261
ZNF274,ENSG00000171606
MBTD1,ENSG00000011258
CDK5RAP2,ENSG00000136861
IMMP1L,ENSG00000148950
GJB5,ENSG00000189280
MRPS14,ENSG00000120333
UTP25,ENSG00000117597
YIPF5,ENSG00000145817
HAAO,ENSG00000162882
SNX32,ENSG00000172803
AURKB,ENSG00000178999
PRKCI,ENSG00000163558
CFAP90,ENSG00000215217
SEC14L5,ENSG00000103184
ASTN1,ENSG00000152092
MTMR12,ENSG00000150712
JAML,ENSG00000160593
PLD3,ENSG00000105223
ST3GAL2,ENSG00000157350
FAIM2,ENSG00000135472
ENPP6,ENSG00000164303
PRDM8,ENSG00000152784
HDAC2,ENSG00000196591
PPP1CB,ENSG00000213639
SPTB,ENSG00000070182
ABCB9,ENSG00000150967
COMMD8,ENSG00000169019
ZNF620,ENSG00000177842
CIAO3,ENSG00000103245
SLBP,ENSG00000163950
PPIE,ENSG00000084072
VWA5B2,ENSG00000145198
RAD1,ENSG00000113456
THRA,ENSG00000126351
RPS6KL1,ENSG00000198208
LARP1B,ENSG00000138709
FAM13B,ENSG00000031003
USP10,ENSG00000103194
ZW10,ENSG00000086827
SRSF11,ENSG00000116754
JMJD6,ENSG00000070495
INPP4A,ENSG00000040933
TMEM200A,ENSG00000164484
TNFRSF21,ENSG00000146072
MRPL58,ENSG00000167862
SLC22A8,ENSG00000149452
RNF8,ENSG00000112130
SFXN3,ENSG00000107819
PRPF39,ENSG00000185246
ATAD5,ENSG00000176208
IRAK3,ENSG00000090376
NDUFB5,ENSG00000136521
SFXN4,ENSG00000183605
DGKZ,ENSG00000149091
VPS25,ENSG00000131475
FCHO2,ENSG00000157107
SRPK1,ENSG00000096063
CD9,ENSG00000010278
TMEM229B,ENSG00000198133
OXLD1,ENSG00000204237
SND1,ENSG00000197157
EIF4A1,ENSG00000161960
LIN52,ENSG00000205659
ASB13,ENSG00000196372
UMPS,ENSG00000114491
ARMH4,ENSG00000139971
ZWINT,ENSG00000122952
TXNDC12,ENSG00000117862
ANKRA2,ENSG00000164331
AHSA1,ENSG00000100591
ZNF124,ENSG00000196418
NRG2,ENSG00000158458
SEPSECS,ENSG00000109618
PPP4R3A,ENSG00000100796
TMEM222,ENSG00000186501
IGSF11,ENSG00000144847
SLC20A2,ENSG00000168575
CMAS,ENSG00000111726
ACOX3,ENSG00000087008
PTER,ENSG00000165983
MAP3K21,ENSG00000143674
TSPAN17,ENSG00000048140
ADPRH,ENSG00000144843
SUZ12,ENSG00000178691
CRY1,ENSG00000008405
EFCC1,ENSG00000114654
RAB13,ENSG00000143545
MTFR2,ENSG00000146410
GOT1,ENSG00000120053
TNIK,ENSG00000154310
MORN4,ENSG00000171160
RXYLT1,ENSG00000118600
MINDY2,ENSG00000128923
TUBD1,ENSG00000108423
MARCHF6,ENSG00000145495
IDI2,ENSG00000148377
VPS72,ENSG00000163159
MRPL18,ENSG00000112110
SEC31B,ENSG00000075826
FAM229B,ENSG00000203778
HAL,ENSG00000084110
TMEM120A,ENSG00000189077
ZBTB42,ENSG00000179627
SERPINA11,ENSG00000186910
ZNF699,ENSG00000196110
SYT11,ENSG00000132718
BAG5,ENSG00000166170
SYNE4,ENSG00000181392
WDR25,ENSG00000176473
CTH,ENSG00000116761
LPL,ENSG00000175445
LRRC75A,ENSG00000181350
ORMDL3,ENSG00000172057
CCDC32,ENSG00000128891
ATP5MC3,ENSG00000154518
SIPA1L1,ENSG00000197555
KHDC4,ENSG00000132680
ZNF383,ENSG00000188283
KIFC2,ENSG00000167702
MED20,ENSG00000124641
CHD9NB,ENSG00000277639
PTMA,ENSG00000187514
NUFIP2,ENSG00000108256
KBTBD2,ENSG00000170852
TMED3,ENSG00000166557
CEP43,ENSG00000213066
EXOC3L2,ENSG00000283632
PGAP6,ENSG00000129925
MED13,ENSG00000108510
AVEN,ENSG00000169857
SMIM19,ENSG00000176209
ZNF260,ENSG00000254004
MAN2C1,ENSG00000140400
CDA,ENSG00000158825
DDX50,ENSG00000107625
ADGRE5,ENSG00000123146
ZMIZ2,ENSG00000122515
BCAN,ENSG00000132692
ZFR,ENSG00000056097
HROB,ENSG00000125319
WRN,ENSG00000165392
EFHC1,ENSG00000096093
SLC38A8,ENSG00000166558
ZNF200,ENSG00000010539
FOLR3,ENSG00000110203
TNFRSF1A,ENSG00000067182
TRAF1,ENSG00000056558
INPPL1,ENSG00000165458
BLMH,ENSG00000108578
OTUD3,ENSG00000169914
C1D,ENSG00000197223
BPNT1,ENSG00000162813
BSG,ENSG00000172270
CNTRL,ENSG00000119397
ADAMTS14,ENSG00000138316
DRC1,ENSG00000157856
RNF40,ENSG00000103549
SMURF2,ENSG00000108854
EIF3H,ENSG00000147677
DIS3L2,ENSG00000144535
PRUNE1,ENSG00000143363
ST8SIA4,ENSG00000113532
JAK2,ENSG00000096968
RPL7L1,ENSG00000146223
PRKCQ,ENSG00000065675
ATP5MC2,ENSG00000135390
ERBIN,ENSG00000112851
POLH,ENSG00000170734
TNFRSF11B,ENSG00000164761
GIPC1,ENSG00000123159
SNRPE,ENSG00000182004
AARSD1,ENSG00000266967
EPHA2,ENSG00000142627
TOX,ENSG00000198846
MMUT,ENSG00000146085
ISY1,ENSG00000240682
HMBOX1,ENSG00000147421
DPY19L1,ENSG00000173852
METTL25B,ENSG00000143303
TEKT4,ENSG00000163060
DRD5,ENSG00000169676
NFRKB,ENSG00000170322
DHX15,ENSG00000109606
NHEJ1,ENSG00000187736
ZNF320,ENSG00000182986
NR4A1,ENSG00000123358
LRRC4,ENSG00000128594
PLN,ENSG00000198523
TMF1,ENSG00000144747
PIK3R5,ENSG00000141506
VASH2,ENSG00000143494
CLDN12,ENSG00000157224
HPN,ENSG00000105707
SOBP,ENSG00000112320
C2orf72,ENSG00000204128
FAM13A,ENSG00000138640
HES6,ENSG00000144485
FAM135A,ENSG00000082269
DPEP1,ENSG00000015413
LYPLAL1,ENSG00000143353
TNRC6C,ENSG00000078687
MRPL30,ENSG00000185414
FUBP3,ENSG00000107164
RBAK,ENSG00000146587
EIF4E3,ENSG00000163412
PPIF,ENSG00000108179
CRYBA2,ENSG00000163499
DENND2A,ENSG00000146966
RTKN2,ENSG00000182010
TP73,ENSG00000078900
CDK3,ENSG00000250506
LAPTM4A,ENSG00000068697
CLTC,ENSG00000141367
CEP63,ENSG00000182923
ARHGAP12,ENSG00000165322
C16orf89,ENSG00000153446
FRS2,ENSG00000166225
LIPT1,ENSG00000144182
ARPC5L,ENSG00000136950
CCDC78,ENSG00000162004
TOR4A,ENSG00000198113
MYORG,ENSG00000164976
TTF1,ENSG00000125482
BCL7B,ENSG00000106635
LAMTOR1,ENSG00000149357
GGCX,ENSG00000115486
ETFDH,ENSG00000171503
VSTM2B,ENSG00000187135
RSRC1,ENSG00000174891
KLK15,ENSG00000174562
CTNNAL1,ENSG00000119326
TTC9C,ENSG00000162222
FGL1,ENSG00000104760
KCNH2,ENSG00000055118
GNPTG,ENSG00000090581
TMEM25,ENSG00000149582
NCAN,ENSG00000130287
ABITRAM,ENSG00000119328
VASP,ENSG00000125753
MIEN1,ENSG00000141741
ARL4D,ENSG00000175906
MMD,ENSG00000108960
RSRP1,ENSG00000117616
PROS1,ENSG00000184500
KRBA1,ENSG00000133619
SRP68,ENSG00000167881
ACAD10,ENSG00000111271
ANGEL2,ENSG00000174606
DNAAF3,ENSG00000167646
PPID,ENSG00000171497
BCL7C,ENSG00000099385
PRP4K,ENSG00000112739
AXIN2,ENSG00000168646
PLPPR4,ENSG00000117600
DDX60,ENSG00000137628
GNRH1,ENSG00000147437
MICOS10,ENSG00000173436
VDAC3,ENSG00000078668
PLCG2,ENSG00000197943
MAP2K7,ENSG00000076984
PPT1,ENSG00000131238
NCBP3,ENSG00000074356
ULBP1,ENSG00000111981
WWP2,ENSG00000198373
CENPQ,ENSG00000031691
DCLK2,ENSG00000170390
USP43,ENSG00000154914
TDP2,ENSG00000111802
MICAL2,ENSG00000133816
CIRBP,ENSG00000099622
HADHA,ENSG00000084754
ELOVL5,ENSG00000012660
SMPDL3B,ENSG00000130768
LAMP3,ENSG00000078081
TAX1BP1,ENSG00000106052
CDC6,ENSG00000094804
COX6C,ENSG00000164919
SPOCD1,ENSG00000134668
COQ6,ENSG00000119723
YIPF7,ENSG00000177752
DLG1,ENSG00000075711
TBC1D14,ENSG00000132405
MAP3K5,ENSG00000197442
GATA3,ENSG00000107485
PRAC2,ENSG00000229637
PARP10,ENSG00000178685
PRAC1,ENSG00000159182
NFE2L1,ENSG00000082641
LPCAT2,ENSG00000087253
SAMD8,ENSG00000156671
KLHDC9,ENSG00000162755
GOLGA2,ENSG00000167110
MRPS15,ENSG00000116898
PSMB10,ENSG00000205220
SUPV3L1,ENSG00000156502
MAP2K4,ENSG00000065559
TRERF1,ENSG00000124496
C5orf24,ENSG00000181904
FOCAD,ENSG00000188352
TTC7B,ENSG00000165914
DCUN1D3,ENSG00000188215
SEMA5A,ENSG00000112902
GUF1,ENSG00000151806
RPUSD1,ENSG00000007376
COL11A1,ENSG00000060718
ATP1B2,ENSG00000129244
SP6,ENSG00000189120
SENP3,ENSG00000161956
KCTD10,ENSG00000110906
AREG,ENSG00000109321
PTPN13,ENSG00000163629
ARMC5,ENSG00000140691
MRM3,ENSG00000171861
CALY,ENSG00000130643
DENND5B,ENSG00000170456
PSCA,ENSG00000167653
EFS,ENSG00000100842
RAB11FIP1,ENSG00000156675
IL32,ENSG00000008517
DCXR,ENSG00000169738
ICA1L,ENSG00000163596
TRIP11,ENSG00000100815
XRCC4,ENSG00000152422
CFAP43,ENSG00000197748
TLN2,ENSG00000171914
DCTN4,ENSG00000132912
ORC3,ENSG00000135336
STK32C,ENSG00000165752
SLC18A2,ENSG00000165646
PPP2CB,ENSG00000104695
ISCU,ENSG00000136003
CNOT8,ENSG00000155508
CLU,ENSG00000120885
STRN3,ENSG00000196792
CD163L1,ENSG00000177675
EFEMP2,ENSG00000172638
PDLIM1,ENSG00000107438
UBE3C,ENSG00000009335
CHST15,ENSG00000182022
FBXO21,ENSG00000135108
PIAS1,ENSG00000033800
STYX,ENSG00000198252
SGTA,ENSG00000104969
ERO1A,ENSG00000197930
CLCN6,ENSG00000011021
VSTM4,ENSG00000165633
FAM222A,ENSG00000139438
ATP5MC1,ENSG00000159199
RLIG1,ENSG00000133641
TCTN3,ENSG00000119977
AP4S1,ENSG00000100478
MFAP1,ENSG00000140259
POMC,ENSG00000115138
TMOD2,ENSG00000128872
MARS1,ENSG00000166986
SEC61G,ENSG00000132432
NMNAT2,ENSG00000157064
LRRC8A,ENSG00000136802
AFTPH,ENSG00000119844
TNFAIP2,ENSG00000185215
TBKBP1,ENSG00000198933
PFDN2,ENSG00000143256
ANKDD1A,ENSG00000166839
SLC18B1,ENSG00000146409
KCNK1,ENSG00000135750
GIMAP1,ENSG00000213203
NNMT,ENSG00000166741
COCH,ENSG00000100473
HTR1D,ENSG00000179546
MYO1G,ENSG00000136286
ROR2,ENSG00000169071
FARS2,ENSG00000145982
TDRD5,ENSG00000162782
ENTPD7,ENSG00000198018
SERPINH1,ENSG00000149257
ZMIZ1,ENSG00000108175
NPR2,ENSG00000159899
CCT4,ENSG00000115484
WDR76,ENSG00000092470
CALM3,ENSG00000160014
LIN9,ENSG00000183814
GBA2,ENSG00000070610
TMEM139,ENSG00000178826
MAPK13,ENSG00000156711
TGFB3,ENSG00000119699
MPP7,ENSG00000150054
SLC25A35,ENSG00000125434
ST7,ENSG00000004866
NCLN,ENSG00000125912
SMCO4,ENSG00000166002
RANGRF,ENSG00000108961
PSMA3,ENSG00000100567
PSMB6,ENSG00000142507
GALT,ENSG00000213930
TMEM258,ENSG00000134825
TXNDC17,ENSG00000129235
NT5E,ENSG00000135318
PLAAT2,ENSG00000133328
UTP6,ENSG00000108651
SIAE,ENSG00000110013
ASCC1,ENSG00000138303
MLLT11,ENSG00000213190
DFFB,ENSG00000169598
FIGNL2,ENSG00000261308
TMED2,ENSG00000086598
LBHD2,ENSG00000283071
TXNDC15,ENSG00000113621
VWA5B1,ENSG00000158816
TPI1,ENSG00000111669
WIPF1,ENSG00000115935
NUDCD1,ENSG00000120526
RAI14,ENSG00000039560
NIN,ENSG00000100503
STPG3,ENSG00000197768
MAGOH,ENSG00000162385
GJB4,ENSG00000189433
ANAPC16,ENSG00000166295
POU2F1,ENSG00000143190
SLC25A11,ENSG00000108528
C3,ENSG00000125730
RGP1,ENSG00000107185
MTFMT,ENSG00000103707
HVCN1,ENSG00000122986
DNAJB14,ENSG00000164031
HGSNAT,ENSG00000165102
SNAPC3,ENSG00000164975
WASHC2A,ENSG00000099290
FAM184B,ENSG00000047662
MFGE8,ENSG00000140545
ELMOD2,ENSG00000179387
FASN,ENSG00000169710
DNM1,ENSG00000106976
TACC3,ENSG00000013810
BICRAL,ENSG00000112624
ARHGAP9,ENSG00000123329
VPS37A,ENSG00000155975
NFYA,ENSG00000001167
DNAJC8,ENSG00000126698
HADHB,ENSG00000138029
S100A10,ENSG00000197747
CDC20,ENSG00000117399
RNF111,ENSG00000157450
POP7,ENSG00000172336
CROT,ENSG00000005469
TM4SF18,ENSG00000163762
KAT6A,ENSG00000083168
KLHDC8B,ENSG00000185909
ATP6V1A,ENSG00000114573
USP28,ENSG00000048028
IL20RA,ENSG00000016402
TMEM129,ENSG00000168936
UTP11,ENSG00000183520
KCTD8,ENSG00000183783
TNS3,ENSG00000136205
MANBA,ENSG00000109323
SNX27,ENSG00000143376
TMEM106C,ENSG00000134291
EHD2,ENSG00000024422
SEC63,ENSG00000025796
NRTN,ENSG00000171119
SHD,ENSG00000105251
PAM,ENSG00000145730
LSMEM2,ENSG00000179564
IP6K1,ENSG00000176095
RPL23A,ENSG00000198242
GPAA1,ENSG00000197858
ZNF577,ENSG00000161551
SPESP1,ENSG00000258484
PPIP5K1,ENSG00000168781
ARF4,ENSG00000168374
EIF1,ENSG00000173812
XRCC1,ENSG00000073050
MSI2,ENSG00000153944
IFRD2,ENSG00000214706
HEATR3,ENSG00000155393
MAP3K12,ENSG00000139625
MAFK,ENSG00000198517
PEX19,ENSG00000162735
SYNE3,ENSG00000176438
MYO5C,ENSG00000128833
PUS7,ENSG00000091127
MDGA1,ENSG00000112139
ETV6,ENSG00000139083
UBE2I,ENSG00000103275
STOM,ENSG00000148175
SMUG1,ENSG00000123415
CDK19,ENSG00000155111
PDGFC,ENSG00000145431
GRIN2C,ENSG00000161509
SMG7,ENSG00000116698
PDCD1LG2,ENSG00000197646
SBK3,ENSG00000231274
PCGF3,ENSG00000185619
TMEM260,ENSG00000070269
ARHGEF1,ENSG00000076928
MLH1,ENSG00000076242
C9orf72,ENSG00000147894
NEDD9,ENSG00000111859
TMED4,ENSG00000158604
ADAMTS2,ENSG00000087116
STRIP2,ENSG00000128578
UACA,ENSG00000137831
ACBD4,ENSG00000181513
LYN,ENSG00000254087
ADAM19,ENSG00000135074
POT1,ENSG00000128513
KIF25,ENSG00000125337
SYT16,ENSG00000139973
PGF,ENSG00000119630
ECHDC1,ENSG00000093144
PMPCA,ENSG00000165688
RAB30,ENSG00000137502
TMEM165,ENSG00000134851
SLC34A2,ENSG00000157765
SMAD6,ENSG00000137834
ARF3,ENSG00000134287
PARP16,ENSG00000138617
HEXA,ENSG00000213614
ZFTA,ENSG00000188070
AKAP10,ENSG00000108599
ELP4,ENSG00000109911
NCKAP5L,ENSG00000167566
SETD7,ENSG00000145391
AFG1L,ENSG00000135537
STX2,ENSG00000111450
TRAPPC9,ENSG00000167632
FGFBP1,ENSG00000137440
BEGAIN,ENSG00000183092
TEC,ENSG00000135605
HIRIP3,ENSG00000149929
INHBA,ENSG00000122641
MYH7,ENSG00000092054
SLC35A1,ENSG00000164414
LUC7L2,ENSG00000146963
SPOUT1,ENSG00000198917
PRPSAP1,ENSG00000161542
TPPP3,ENSG00000159713
MMRN1,ENSG00000138722
TCTN1,ENSG00000204852
TUBE1,ENSG00000074935
ARFIP1,ENSG00000164144
NAGPA,ENSG00000103174
BIRC2,ENSG00000110330
RECQL5,ENSG00000108469
DAGLB,ENSG00000164535
KAT5,ENSG00000172977
CIZ1,ENSG00000148337
GNAI3,ENSG00000065135
RNF144A,ENSG00000151692
CA3,ENSG00000164879
PXDNL,ENSG00000147485
ZNF19,ENSG00000157429
GSTA4,ENSG00000170899
GIPR,ENSG00000010310
PIK3C2B,ENSG00000133056
STK25,ENSG00000115694
ME1,ENSG00000065833
INTS9,ENSG00000104299
CES4A,ENSG00000172824
CRACR2B,ENSG00000177685
MON1A,ENSG00000164077
TUBGCP4,ENSG00000137822
KLK11,ENSG00000167757
ZNF777,ENSG00000196453
SLC25A13,ENSG00000004864
ZDHHC18,ENSG00000204160
FKBP5,ENSG00000096060
ADAMTS15,ENSG00000166106
NME2,ENSG00000243678
PLXNB1,ENSG00000164050
AKR1B10,ENSG00000198074
SDE2,ENSG00000143751
USP47,ENSG00000170242
RAB25,ENSG00000132698
HCFC1R1,ENSG00000103145
SRGAP2B,ENSG00000196369
GARIN5A,ENSG00000142530
PEBP4,ENSG00000134020
NDUFB2,ENSG00000090266
RGS16,ENSG00000143333
ILVBL,ENSG00000105135
PNMA2,ENSG00000240694
FUS,ENSG00000089280
ATP8B4,ENSG00000104043
PPP3CC,ENSG00000120910
KIAA1549,ENSG00000122778
ABCC3,ENSG00000108846
FGFR3,ENSG00000068078
TICAM2,ENSG00000243414
CERT1,ENSG00000113163
IVD,ENSG00000128928
ZC3HC1,ENSG00000091732
EPB41,ENSG00000159023
PGM2,ENSG00000169299
C2orf49,ENSG00000135974
ATF1,ENSG00000123268
SGCE,ENSG00000127990
SLC8A2,ENSG00000118160
TP53BP1,ENSG00000067369
PPP1R21,ENSG00000162869
NOP53,ENSG00000105373
SDCBP,ENSG00000137575
RNF175,ENSG00000145428
PAFAH1B2,ENSG00000168092
MMP17,ENSG00000198598
SYT1,ENSG00000067715
LAP3,ENSG00000002549
ODAM,ENSG00000109205
GNG8,ENSG00000167414
MRI1,ENSG00000037757
SLC25A22,ENSG00000177542
EPN1,ENSG00000063245
HERC6,ENSG00000138642
SEZ6L2,ENSG00000174938
PELI1,ENSG00000197329
SLC8A3,ENSG00000100678
SEC11A,ENSG00000140612
ZNF330,ENSG00000109445
RHOBTB3,ENSG00000164292
SUMF1,ENSG00000144455
GLRX,ENSG00000173221
SLC27A6,ENSG00000113396
RNF170,ENSG00000120925
GOLGA8B,ENSG00000215252
ZNF410,ENSG00000119725
PKD2,ENSG00000118762
SBNO1,ENSG00000139697
G3BP1,ENSG00000145907
KIF1A,ENSG00000130294
CTDSPL,ENSG00000144677
UCP1,ENSG00000109424
BOLA2B,ENSG00000169627
LPAR1,ENSG00000198121
IRF2,ENSG00000168310
MVP,ENSG00000013364
BLTP3B,ENSG00000111647
ULK3,ENSG00000140474
PHLDB2,ENSG00000144824
CORO1A,ENSG00000102879
KEAP1,ENSG00000079999
GFM2,ENSG00000164347
C4orf33,ENSG00000151470
TM7SF3,ENSG00000064115
EGFL7,ENSG00000172889
SUGP2,ENSG00000064607
JAG2,ENSG00000184916
SLC35G1,ENSG00000176273
EMCN,ENSG00000164035
HACD1,ENSG00000165996
ECHDC3,ENSG00000134463
CEP83,ENSG00000173588
LARP4B,ENSG00000107929
ZNF23,ENSG00000167377
UHRF1,ENSG00000276043
KCNJ11,ENSG00000187486
ADD3,ENSG00000148700
TMC5,ENSG00000103534
RBM4,ENSG00000173933
ANKRD13A,ENSG00000076513
WFS1,ENSG00000109501
LOXL2,ENSG00000134013
SNX2,ENSG00000205302
TMEM38A,ENSG00000072954
BBOX1,ENSG00000129151
RTN1,ENSG00000139970
PCM1,ENSG00000078674
EML2,ENSG00000125746
SMIM5,ENSG00000204323
ITPKA,ENSG00000137825
PAQR3,ENSG00000163291
MPI,ENSG00000178802
FNIP2,ENSG00000052795
THYN1,ENSG00000151500
MTRFR,ENSG00000130921
FBF1,ENSG00000188878
EVC2,ENSG00000173040
DDX54,ENSG00000123064
ZNF354C,ENSG00000177932
FER,ENSG00000151422
SERPING1,ENSG00000149131
GABRA1,ENSG00000022355
MRPS7,ENSG00000125445
PPP2R5E,ENSG00000154001
CTNS,ENSG00000040531
ANP32A,ENSG00000140350
SEMA3G,ENSG00000010319
TBC1D17,ENSG00000104946
CHMP1A,ENSG00000131165
PARP3,ENSG00000041880
BMPR1B,ENSG00000138696
MIF4GD,ENSG00000125457
VPS4A,ENSG00000132612
MYL11,ENSG00000180209
AVL9,ENSG00000105778
TMEM43,ENSG00000170876
CFAP73,ENSG00000186710
TLE5,ENSG00000104964
SMAGP,ENSG00000170545
TJP2,ENSG00000119139
ACLY,ENSG00000131473
SRFBP1,ENSG00000151304
TNRC6A,ENSG00000090905
CPE,ENSG00000109472
RHNO1,ENSG00000171792
ZNF879,ENSG00000234284
SPATA18,ENSG00000163071
TMT1A,ENSG00000185432
HSP90B1,ENSG00000166598
POLR3G,ENSG00000113356
FBXL18,ENSG00000155034
SMAD1,ENSG00000170365
BZW2,ENSG00000136261
ECE2,ENSG00000145194
PDPN,ENSG00000162493
ATP13A1,ENSG00000105726
VRK1,ENSG00000100749
LCMT1,ENSG00000205629
ACSL6,ENSG00000164398
MYCBP,ENSG00000214114
ABHD18,ENSG00000164074
ART1,ENSG00000129744
DISP3,ENSG00000204624
IL18BP,ENSG00000137496
PLXNA4,ENSG00000221866
DRC7,ENSG00000159625
PARP12,ENSG00000059378
NRDE2,ENSG00000119720
TEKT2,ENSG00000092850
LETM1,ENSG00000168924
SLC25A38,ENSG00000144659
GEM,ENSG00000164949
CCDC9B,ENSG00000188549
UBAP1,ENSG00000165006
ZNF385A,ENSG00000161642
SHISA5,ENSG00000164054
PIGH,ENSG00000100564
PEAK1,ENSG00000173517
TMEM179B,ENSG00000185475
WTIP,ENSG00000142279
EFNA3,ENSG00000143590
TCP11L1,ENSG00000176148
ANKMY2,ENSG00000106524
TOP1MT,ENSG00000184428
CBR4,ENSG00000145439
NTN5,ENSG00000142233
CHSY1,ENSG00000131873
TSACC,ENSG00000163467
FAM227B,ENSG00000166262
GCDH,ENSG00000105607
CCNG2,ENSG00000138764
LUC7L,ENSG00000007392
PRDX6,ENSG00000117592
LMOD3,ENSG00000163380
SAA2,ENSG00000134339
EXOG,ENSG00000157036
LETMD1,ENSG00000050426
CASP9,ENSG00000132906
SPG21,ENSG00000090487
USP38,ENSG00000170185
RAPSN,ENSG00000165917
GTF2I,ENSG00000263001
KRTCAP2,ENSG00000163463
GAR1,ENSG00000109534
CELF1,ENSG00000149187
TYW3,ENSG00000162623
FAM110B,ENSG00000169122
PRKCD,ENSG00000163932
PACS2,ENSG00000179364
ZFAT,ENSG00000066827
CD53,ENSG00000143119
RBL2,ENSG00000103479
SCOC,ENSG00000153130
DAPK3,ENSG00000167657
TLE4,ENSG00000106829
LRRK2,ENSG00000188906
PPP1R12C,ENSG00000125503
KLF3,ENSG00000109787
SDAD1,ENSG00000198301
MAST2,ENSG00000086015
DES,ENSG00000175084
ERAP2,ENSG00000164308
DDX11,ENSG00000013573
PRCP,ENSG00000137509
NBN,ENSG00000104320
AKTIP,ENSG00000166971
CDH18,ENSG00000145526
MYOZ2,ENSG00000172399
ANKRD16,ENSG00000134461
PDGFRA,ENSG00000134853
DELE1,ENSG00000081791
SEC24C,ENSG00000176986
SIGMAR1,ENSG00000147955
C1orf210,ENSG00000253313
GALK2,ENSG00000156958
SETDB1,ENSG00000143379
JAKMIP2,ENSG00000176049
ZNF470,ENSG00000197016
AKAP8,ENSG00000105127
SMU1,ENSG00000122692
KLHL36,ENSG00000135686
ALS2,ENSG00000003393
AP1G1,ENSG00000166747
RNFT1,ENSG00000189050
HNRNPDL,ENSG00000152795
IGFBP4,ENSG00000141753
ZMYND15,ENSG00000141497
OSMR,ENSG00000145623
EIF1AD,ENSG00000175376
METTL3,ENSG00000165819
ZHX2,ENSG00000178764
IFNLR1,ENSG00000185436
CLPX,ENSG00000166855
PPP1R26,ENSG00000196422
LRRC37B,ENSG00000185158
XKR9,ENSG00000221947
CR2,ENSG00000117322
LCN8,ENSG00000204001
ALDH1A1,ENSG00000165092
DDHD2,ENSG00000085788
PSAP,ENSG00000197746
GAK,ENSG00000178950
CAND2,ENSG00000144712
TRIM44,ENSG00000166326
SGCD,ENSG00000170624
METTL17,ENSG00000165792
GGN,ENSG00000179168
SCAPER,ENSG00000140386
ATG16L2,ENSG00000168010
PRDX2,ENSG00000167815
ATPAF1,ENSG00000123472
ELL,ENSG00000105656
DDX41,ENSG00000183258
XAF1,ENSG00000132530
NEPRO,ENSG00000163608
LOXL4,ENSG00000138131
PAG1,ENSG00000076641
TNNI3,ENSG00000129991
C2CD4D,ENSG00000225556
ZNF816,ENSG00000180257
SRM,ENSG00000116649
PEX14,ENSG00000142655
SCARA3,ENSG00000168077
LRRC20,ENSG00000172731
PLEKHG3,ENSG00000126822
ZNG1A,ENSG00000172785
GPR160,ENSG00000173890
OSBPL7,ENSG00000006025
PARK7,ENSG00000116288
UBTD1,ENSG00000165886
TRAM2,ENSG00000065308
ARHGAP21,ENSG00000107863
CHRAC1,ENSG00000104472
UBXN2B,ENSG00000215114
KDM3B,ENSG00000120733
PPP1R15A,ENSG00000087074
EMSY,ENSG00000158636
FAM50B,ENSG00000145945
CACNG6,ENSG00000130433
GEMIN2,ENSG00000092208
ROS1,ENSG00000047936
HAPLN3,ENSG00000140511
ZFP28,ENSG00000196867
PIWIL2,ENSG00000197181
WDR93,ENSG00000140527
DPP9,ENSG00000142002
POPDC2,ENSG00000121577
HSD3B7,ENSG00000099377
LPP,ENSG00000145012
RPL26,ENSG00000161970
SLC17A4,ENSG00000146039
ARPIN,ENSG00000242498
SNRPN,ENSG00000128739
GNG5,ENSG00000174021
ATXN7L2,ENSG00000162650
PCSK9,ENSG00000169174
CCAR1,ENSG00000060339
ALDH9A1,ENSG00000143149
AP3B1,ENSG00000132842
PTGR2,ENSG00000140043
H2BC4,ENSG00000180596
AP1M1,ENSG00000072958
SLC17A5,ENSG00000119899
SCARA5,ENSG00000168079
SF3B3,ENSG00000189091
SNRNP40,ENSG00000060688
HMGN3,ENSG00000118418
SLC46A1,ENSG00000076351
CPNE3,ENSG00000085719
TRAPPC3,ENSG00000054116
UBE2O,ENSG00000175931
MRAS,ENSG00000158186
VAV3,ENSG00000134215
PKM,ENSG00000067225
ACSF2,ENSG00000167107
NOXA1,ENSG00000188747
ERC1,ENSG00000082805
PLG,ENSG00000122194
CIDEC,ENSG00000187288
HAUS5,ENSG00000249115
ZNF687,ENSG00000143373
RAB44,ENSG00000255587
TPRG1,ENSG00000188001
AKIRIN2,ENSG00000135334
IFNGR1,ENSG00000027697
TDRD9,ENSG00000156414
ALDH7A1,ENSG00000164904
NOTCH2,ENSG00000134250
CARF,ENSG00000138380
FBXO10,ENSG00000147912
MYBL1,ENSG00000185697
AP2A1,ENSG00000196961
HMGCLL1,ENSG00000146151
ATRIP,ENSG00000164053
GSKIP,ENSG00000100744
ENTPD8,ENSG00000188833
API5,ENSG00000166181
COQ10A,ENSG00000135469
ANKRD45,ENSG00000183831
CACYBP,ENSG00000116161
ANGPTL4,ENSG00000167772
SMIM29,ENSG00000186577
ALKBH2,ENSG00000189046
ANTXR2,ENSG00000163297
SRP54,ENSG00000100883
TYK2,ENSG00000105397
CARD9,ENSG00000187796
CAMSAP2,ENSG00000118200
GFRA2,ENSG00000168546
RACGAP1,ENSG00000161800
BTN3A2,ENSG00000186470
MTHFSD,ENSG00000103248
HMCES,ENSG00000183624
SRP9,ENSG00000143742
AQP7,ENSG00000165269
ANO5,ENSG00000171714
RSPO2,ENSG00000147655
GPR3,ENSG00000181773
RRP15,ENSG00000067533
FSAF1,ENSG00000143633
MTFR1,ENSG00000066855
PRMT7,ENSG00000132600
GPC1,ENSG00000063660
CHAD,ENSG00000136457
MUL1,ENSG00000090432
STXBP4,ENSG00000166263
COX20,ENSG00000203667
PSMC6,ENSG00000100519
SCN1B,ENSG00000105711
NOL9,ENSG00000162408
OR6B3,ENSG00000178586
LDAH,ENSG00000118961
FCN2,ENSG00000160339
FUZ,ENSG00000010361
FKTN,ENSG00000106692
QTRT2,ENSG00000151576
FAAP20,ENSG00000162585
THG1L,ENSG00000113272
DDX5,ENSG00000108654
SCUBE2,ENSG00000175356
MIDEAS,ENSG00000156030
TONSL,ENSG00000160949
FBXO36,ENSG00000153832
ANKDD1B,ENSG00000189045
GRB14,ENSG00000115290
KIFC3,ENSG00000140859
MTPAP,ENSG00000107951
BDKRB2,ENSG00000168398
RASA2,ENSG00000155903
TNFRSF25,ENSG00000215788
CLINT1,ENSG00000113282
MYH6,ENSG00000197616
STK3,ENSG00000104375
BDH2,ENSG00000164039
ACBD5,ENSG00000107897
MCM6,ENSG00000076003
ZNF658,ENSG00000274349
PPP1R14A,ENSG00000167641
ST6GALNAC6,ENSG00000160408
EIF2B5,ENSG00000145191
FRS3,ENSG00000137218
TRIQK,ENSG00000205133
ATG5,ENSG00000057663
PLEKHA4,ENSG00000105559
MAP6,ENSG00000171533
ACVR2A,ENSG00000121989
BBS7,ENSG00000138686
NUCB2,ENSG00000070081
ECPAS,ENSG00000136813
THOC3,ENSG00000051596
WDR37,ENSG00000047056
GLT8D2,ENSG00000120820
SDHB,ENSG00000117118
CNGA1,ENSG00000198515
ALKBH6,ENSG00000239382
PPIP5K2,ENSG00000145725
CTSH,ENSG00000103811
ANKRD66,ENSG00000230062
SCYL2,ENSG00000136021
REEP1,ENSG00000068615
HECA,ENSG00000112406
SIDT1,ENSG00000072858
FOXP4,ENSG00000137166
WDR19,ENSG00000157796
UTP18,ENSG00000011260
IFT25,ENSG00000081870
HNRNPF,ENSG00000169813
RNF220,ENSG00000187147
SLC38A2,ENSG00000134294
ARPC2,ENSG00000163466
LRRC8E,ENSG00000171017
RARRES1,ENSG00000118849
TNPO2,ENSG00000105576
RBP2,ENSG00000114113
ST6GALNAC2,ENSG00000070731
MAP3K13,ENSG00000073803
NDUFC1,ENSG00000109390
VDAC2,ENSG00000165637
PARVA,ENSG00000197702
BCKDK,ENSG00000103507
ZNF706,ENSG00000120963
IPO9,ENSG00000198700
RSAD1,ENSG00000136444
TMEM268,ENSG00000157693
CLK3,ENSG00000179335
VAT1,ENSG00000108828
MOB3B,ENSG00000120162
RTP2,ENSG00000198471
TRIM9,ENSG00000100505
NAP1L1,ENSG00000187109
PKNOX2,ENSG00000165495
TMEM45A,ENSG00000181458
RNF182,ENSG00000180537
MSANTD3,ENSG00000066697
ANKRD40,ENSG00000154945
ARMC1,ENSG00000104442
ZNF391,ENSG00000124613
RALGPS1,ENSG00000136828
CENPX,ENSG00000169689
NT5DC1,ENSG00000178425
ALS2CL,ENSG00000178038
GASK1B,ENSG00000164125
NRN1,ENSG00000124785
SLC20A1,ENSG00000144136
UGDH,ENSG00000109814
PITPNM1,ENSG00000110697
ASH2L,ENSG00000129691
CAMTA2,ENSG00000108509
ANXA9,ENSG00000143412
HDHD3,ENSG00000119431
ZNF514,ENSG00000144026
PLPP7,ENSG00000160539
FANCA,ENSG00000187741
USP3,ENSG00000140455
ZNF618,ENSG00000157657
SFTPA2,ENSG00000185303
TTLL5,ENSG00000119685
PLCD4,ENSG00000115556
GATAD2A,ENSG00000167491
NDNF,ENSG00000173376
TMEM51,ENSG00000171729
SLU7,ENSG00000164609
CDS1,ENSG00000163624
LAMTOR2,ENSG00000116586
NLRP12,ENSG00000142405
ITPKB,ENSG00000143772
SCN3B,ENSG00000166257
ATXN2L,ENSG00000168488
TNC,ENSG00000041982
EXO1,ENSG00000174371
ZNF696,ENSG00000185730
REG3G,ENSG00000143954
CSF1R,ENSG00000182578
ARHGAP10,ENSG00000071205
OPLAH,ENSG00000178814
PACSIN3,ENSG00000165912
TYROBP,ENSG00000011600
ADAM23,ENSG00000114948
TJP3,ENSG00000105289
FBLN5,ENSG00000140092
AIFM2,ENSG00000042286
CDC42EP4,ENSG00000179604
ATP2C1,ENSG00000017260
ADGRF4,ENSG00000153294
NTPCR,ENSG00000135778
NPTN,ENSG00000156642
IP6K3,ENSG00000161896
ZNF362,ENSG00000160094
CCNB1,ENSG00000134057
CRABP2,ENSG00000143320
FRA10AC1,ENSG00000148690
MAPK1IP1L,ENSG00000168175
NDUFS5,ENSG00000168653
KCTD20,ENSG00000112078
FBXO34,ENSG00000178974
BMF,ENSG00000104081
MARK3,ENSG00000075413
FOSL1,ENSG00000175592
KIF2C,ENSG00000142945
NACA,ENSG00000196531
CLMP,ENSG00000166250
STX4,ENSG00000103496
ANPEP,ENSG00000166825
ZFP2,ENSG00000198939
PCSK7,ENSG00000160613
FAM53C,ENSG00000120709
CCDC74A,ENSG00000163040
ZKSCAN4,ENSG00000187626
CASP7,ENSG00000165806
GLRB,ENSG00000109738
DMGDH,ENSG00000132837
FXYD3,ENSG00000089356
ZNF276,ENSG00000158805
GABRA2,ENSG00000151834
SLTM,ENSG00000137776
GNE,ENSG00000159921
SIRT1,ENSG00000096717
SERPINA5,ENSG00000188488
SAP30L,ENSG00000164576
MTRES1,ENSG00000130349
RECQL4,ENSG00000160957
CLEC10A,ENSG00000132514
CIAPIN1,ENSG00000005194
TENT5A,ENSG00000112773
PAQR8,ENSG00000170915
SET,ENSG00000119335
NR4A2,ENSG00000153234
CEP57L1,ENSG00000183137
FAM149B1,ENSG00000138286
RAB15,ENSG00000139998
KCNT1,ENSG00000107147
ALDH2,ENSG00000111275
DCUN1D4,ENSG00000109184
CYTH1,ENSG00000108669
EXD2,ENSG00000081177
ME3,ENSG00000151376
PRXL2A,ENSG00000122378
STAR,ENSG00000147465
PHF20L1,ENSG00000129292
EHF,ENSG00000135373
ANKRD40CL,ENSG00000167117
FERMT2,ENSG00000073712
DOCK2,ENSG00000134516
HSDL1,ENSG00000103160
STAT3,ENSG00000168610
HEATR1,ENSG00000119285
PPL,ENSG00000118898
TXK,ENSG00000074966
C10orf143,ENSG00000237489
RPAP1,ENSG00000103932
CYP17A1,ENSG00000148795
HYCC2,ENSG00000155744
ART3,ENSG00000156219
PHACTR2,ENSG00000112419
DDX19A,ENSG00000168872
BPNT2,ENSG00000104331
INAVA,ENSG00000163362
RCN3,ENSG00000142552
RBP4,ENSG00000138207
VDAC1,ENSG00000213585
GEMIN7,ENSG00000142252
ADK,ENSG00000156110
ZNF468,ENSG00000204604
JPH4,ENSG00000092051
PIP5K1A,ENSG00000143398
CALR,ENSG00000179218
RASSF3,ENSG00000153179
ATF7IP2,ENSG00000166669
GDPGP1,ENSG00000183208
CSRP3,ENSG00000129170
EXOC5,ENSG00000070367
HAUS2,ENSG00000137814
KCNJ8,ENSG00000121361
PITRM1,ENSG00000107959
FPR3,ENSG00000187474
PDE3A,ENSG00000172572
LPAR2,ENSG00000064547
CIB1,ENSG00000185043
S1PR3,ENSG00000213694
ATG9A,ENSG00000198925
PTBP3,ENSG00000119314
OSBPL8,ENSG00000091039
INSYN1,ENSG00000205363
LRRC1,ENSG00000137269
ZNF30,ENSG00000168661
TMPRSS4,ENSG00000137648
UBE3A,ENSG00000114062
GOLPH3,ENSG00000113384
KCNK10,ENSG00000100433
SPDL1,ENSG00000040275
EXOC3L1,ENSG00000179044
MLH3,ENSG00000119684
GNPDA2,ENSG00000163281
SMOC2,ENSG00000112562
SPON2,ENSG00000159674
PPP3CB,ENSG00000107758
PPA2,ENSG00000138777
PLA2G7,ENSG00000146070
RFX3,ENSG00000080298
PIK3R1,ENSG00000145675
GMNN,ENSG00000112312
PRR14,ENSG00000156858
MIPOL1,ENSG00000151338
VANGL1,ENSG00000173218
ZNF793,ENSG00000188227
GSG1L,ENSG00000169181
NFIL3,ENSG00000165030
AUH,ENSG00000148090
MTF2,ENSG00000143033
SPPL2B,ENSG00000005206
HERPUD1,ENSG00000051108
DCBLD1,ENSG00000164465
SCFD1,ENSG00000092108
PC,ENSG00000173599
MDM2,ENSG00000135679
WAPL,ENSG00000062650
ARRDC1,ENSG00000197070
ANKRD6,ENSG00000135299
HOPX,ENSG00000171476
ALDH1B1,ENSG00000137124
INO80,ENSG00000128908
VCP,ENSG00000165280
EVC,ENSG00000072840
DDX19B,ENSG00000157349
ARHGEF2,ENSG00000116584
FGFR4,ENSG00000160867
CCDC9,ENSG00000105321
ARHGAP15,ENSG00000075884
MFAP3L,ENSG00000198948
PRMT9,ENSG00000164169
DNM2,ENSG00000079805
BTD,ENSG00000169814
CENPC,ENSG00000145241
BEND7,ENSG00000165626
TAF1B,ENSG00000115750
RNASE4,ENSG00000258818
CIPC,ENSG00000198894
CAVIN2,ENSG00000168497
FAM241B,ENSG00000171224
UBXN4,ENSG00000144224
TECPR2,ENSG00000196663
ANKRD2,ENSG00000165887
SEL1L3,ENSG00000091490
LRRC28,ENSG00000168904
UROS,ENSG00000188690
USP24,ENSG00000162402
ABI3BP,ENSG00000154175
KLHDC1,ENSG00000197776
RCCD1,ENSG00000166965
EML5,ENSG00000165521
SVBP,ENSG00000177868
HDLBP,ENSG00000115677
CDH16,ENSG00000166589
MFAP5,ENSG00000197614
TMEM201,ENSG00000188807
CENPE,ENSG00000138778
TIMM44,ENSG00000104980
RIGI,ENSG00000107201
RRAGC,ENSG00000116954
C14orf93,ENSG00000100802
DMBX1,ENSG00000197587
WARS2,ENSG00000116874
YAP1,ENSG00000137693
METTL13,ENSG00000010165
CLN6,ENSG00000128973
SLC25A42,ENSG00000181035
SLC47A1,ENSG00000142494
PLK5,ENSG00000185988
RESF1,ENSG00000174718
NUDT2,ENSG00000164978
KIF14,ENSG00000118193
USP35,ENSG00000118369
ZNF581,ENSG00000171425
RCN2,ENSG00000117906
ZC3H12A,ENSG00000163874
TEX10,ENSG00000136891
HSPBP1,ENSG00000133265
SARM1,ENSG00000004139
L1TD1,ENSG00000240563
IFFO1,ENSG00000010295
DCK,ENSG00000156136
GRK2,ENSG00000173020
UNC45A,ENSG00000140553
LHX8,ENSG00000162624
TK1,ENSG00000167900
TTC8,ENSG00000165533
MLN,ENSG00000096395
SSU72,ENSG00000160075
CEP44,ENSG00000164118
SMAP1,ENSG00000112305
KRI1,ENSG00000129347
RPL22,ENSG00000116251
ALOX15B,ENSG00000179593
SPATS2,ENSG00000123352
AGTRAP,ENSG00000177674
APTX,ENSG00000137074
TBC1D1,ENSG00000065882
PLIN3,ENSG00000105355
GRN,ENSG00000030582
AURKAIP1,ENSG00000175756
NOD2,ENSG00000167207
ENTPD5,ENSG00000187097
PPP1R8,ENSG00000117751
PDPR,ENSG00000090857
COA1,ENSG00000106603
FAM83E,ENSG00000105523
ZRANB2,ENSG00000132485
ZNF175,ENSG00000105497
RNF126,ENSG00000070423
BSCL2,ENSG00000168000
TBC1D2B,ENSG00000167202
ANXA7,ENSG00000138279
PTPRB,ENSG00000127329
GALNS,ENSG00000141012
LHX4,ENSG00000121454
CAVIN1,ENSG00000177469
LONP1,ENSG00000196365
PGS1,ENSG00000087157
SPATA6,ENSG00000132122
MYO9A,ENSG00000066933
GALNT12,ENSG00000119514
RAB40C,ENSG00000197562
ENGASE,ENSG00000167280
IQCE,ENSG00000106012
RWDD3,ENSG00000122481
AQP3,ENSG00000165272
PLAA,ENSG00000137055
JTB,ENSG00000143543
AARS1,ENSG00000090861
RPL9,ENSG00000163682
PTGES3L,ENSG00000267060
PRR7,ENSG00000131188
ZNF302,ENSG00000089335
RBM8A,ENSG00000265241
FEM1C,ENSG00000145780
RANBP17,ENSG00000204764
GNG3,ENSG00000162188
ULK2,ENSG00000083290
LEO1,ENSG00000166477
AGMAT,ENSG00000116771
ERI3,ENSG00000117419
C11orf54,ENSG00000182919
ANXA2,ENSG00000182718
ABCA2,ENSG00000107331
UCHL1,ENSG00000154277
ZC3H14,ENSG00000100722
MYSM1,ENSG00000162601
CALCOCO2,ENSG00000136436
SYT2,ENSG00000143858
HIP1,ENSG00000127946
ZBTB8B,ENSG00000273274
S100A2,ENSG00000196754
NAA35,ENSG00000135040
TMEM267,ENSG00000151881
NRAS,ENSG00000213281
CCK,ENSG00000187094
RPS24,ENSG00000138326
CAMKV,ENSG00000164076
KLHL8,ENSG00000145332
ENAH,ENSG00000154380
ABHD17A,ENSG00000129968
DHX29,ENSG00000067248
RAD52,ENSG00000002016
CYTH3,ENSG00000008256
RBM20,ENSG00000203867
FBXW5,ENSG00000159069
POLRMT,ENSG00000099821
COL17A1,ENSG00000065618
GSDME,ENSG00000105928
PHYHD1,ENSG00000175287
UQCRC1,ENSG00000010256
FAM72A,ENSG00000196550
CFAP69,ENSG00000105792
RASA1,ENSG00000145715
RASSF6,ENSG00000169435
TTF2,ENSG00000116830
VAC14,ENSG00000103043
BRCA1,ENSG00000012048
STAT6,ENSG00000166888
NCK1,ENSG00000158092
TMEM128,ENSG00000132406
HIPK1,ENSG00000163349
RASGEF1B,ENSG00000138670
UQCRC2,ENSG00000140740
PLSCR4,ENSG00000114698
DOCK1,ENSG00000150760
ZNF316,ENSG00000205903
UMAD1,ENSG00000219545
ZNF131,ENSG00000172262
SERPINE1,ENSG00000106366
CORIN,ENSG00000145244
CALM1,ENSG00000198668
STRBP,ENSG00000165209
FAM185A,ENSG00000222011
ILK,ENSG00000166333
SYNDIG1L,ENSG00000183379
STK17A,ENSG00000164543
HECTD1,ENSG00000092148
CCNH,ENSG00000134480
FLNC,ENSG00000128591
WWTR1,ENSG00000018408
DHFR2,ENSG00000178700
ZNF665,ENSG00000197497
DYNLL2,ENSG00000264364
SLC6A6,ENSG00000131389
DUS3L,ENSG00000141994
CSNK1G3,ENSG00000151292
ACADVL,ENSG00000072778
IGSF21,ENSG00000117154
NAE1,ENSG00000159593
RASSF5,ENSG00000266094
MRPL37,ENSG00000116221
MZF1,ENSG00000099326
TBXAS1,ENSG00000059377
EEIG2,ENSG00000162636
SLC44A1,ENSG00000070214
INSYN2A,ENSG00000188916
IL10RA,ENSG00000110324
LRRC2,ENSG00000163827
LRRC27,ENSG00000148814
ZNF83,ENSG00000167766
TLE2,ENSG00000065717
CAMK1G,ENSG00000008118
SLC15A3,ENSG00000110446
AKR1C2,ENSG00000151632
CNBP,ENSG00000169714
STIM1,ENSG00000167323
EXOSC9,ENSG00000123737
FAM72C,ENSG00000263513
PWWP2B,ENSG00000171813
AGO1,ENSG00000092847
EBF3,ENSG00000108001
MYL7,ENSG00000106631
NCOA4,ENSG00000266412
CD81,ENSG00000110651
SYK,ENSG00000165025
TRAPPC14,ENSG00000146826
TLE6,ENSG00000104953
CDK11B,ENSG00000248333
BPGM,ENSG00000172331
THUMPD3,ENSG00000134077
MET,ENSG00000105976
ACAD8,ENSG00000151498
ELAVL1,ENSG00000066044
ABCG2,ENSG00000118777
GFRA3,ENSG00000146013
FBXW11,ENSG00000072803
RHBDD1,ENSG00000144468
MOGAT3,ENSG00000106384
FKBP8,ENSG00000105701
IQCK,ENSG00000174628
ACTB,ENSG00000075624
TMEM232,ENSG00000186952
TIRAP,ENSG00000150455
TMEM17,ENSG00000186889
ZNF764,ENSG00000169951
N4BP3,ENSG00000145911
COQ4,ENSG00000167113
CAPN14,ENSG00000214711
CSNK2A2,ENSG00000070770
HTRA1,ENSG00000166033
EHD3,ENSG00000013016
KCNMB1,ENSG00000145936
FAM3D,ENSG00000198643
PHYKPL,ENSG00000175309
SLC4A4,ENSG00000080493
BUD13,ENSG00000137656
ROCK2,ENSG00000134318
TESK1,ENSG00000107140
GPT2,ENSG00000166123
PDHX,ENSG00000110435
ZDHHC6,ENSG00000023041
STAC2,ENSG00000141750
WNT2,ENSG00000105989
CNOT2,ENSG00000111596
SKAP2,ENSG00000005020
CRIPTO,ENSG00000241186
ZDHHC11B,ENSG00000206077
GTF2H2C,ENSG00000183474
RUSC2,ENSG00000198853
PLCD3,ENSG00000161714
CADPS,ENSG00000163618
PBX3,ENSG00000167081
MPHOSPH6,ENSG00000135698
SLC26A11,ENSG00000181045
CRTAC1,ENSG00000095713
THADA,ENSG00000115970
TANGO6,ENSG00000103047
OLFM1,ENSG00000130558
CFTR,ENSG00000001626
TMEM134,ENSG00000172663
TGFBR1,ENSG00000106799
IL15RA,ENSG00000134470
ZNF573,ENSG00000189144
IL34,ENSG00000157368
KDM4B,ENSG00000127663
ARAP1,ENSG00000186635
PLEKHG4,ENSG00000196155
CCDC171,ENSG00000164989
CORO2B,ENSG00000103647
NAB2,ENSG00000166886
RHOH,ENSG00000168421
TOMM20,ENSG00000173726
ADAMTS7,ENSG00000136378
CADPS2,ENSG00000081803
DEPDC1,ENSG00000024526
CEMIP2,ENSG00000135048
UNC119B,ENSG00000175970
SNRNP35,ENSG00000184209
CD2AP,ENSG00000198087
SCAMP1,ENSG00000085365
MON2,ENSG00000061987
NICOL1,ENSG00000243449
GPD1L,ENSG00000152642
RBPJ,ENSG00000168214
GOLGA7B,ENSG00000155265
LZTS2,ENSG00000107816
CCDC50,ENSG00000152492
FNDC7,ENSG00000143107
MTREX,ENSG00000039123
USP31,ENSG00000103404
S100A11,ENSG00000163191
UBQLN4,ENSG00000160803
KNOP1,ENSG00000103550
DAZAP1,ENSG00000071626
ATOSB,ENSG00000005238
ULK4,ENSG00000168038
NRBF2,ENSG00000148572
MLIP,ENSG00000146147
RAD54L,ENSG00000085999
LDHD,ENSG00000166816
PARD3,ENSG00000148498
IDUA,ENSG00000127415
ZG16,ENSG00000174992
CSF3,ENSG00000108342
FOXL1,ENSG00000176678
CETP,ENSG00000087237
BTN2A2,ENSG00000124508
EXOC7,ENSG00000182473
SLC25A25,ENSG00000148339
MARCKSL1,ENSG00000175130
MGARP,ENSG00000137463
MEAF6,ENSG00000163875
HERC5,ENSG00000138646
SUCLG2,ENSG00000172340
MYADM,ENSG00000179820
TCEANC2,ENSG00000116205
FEZF2,ENSG00000153266
TUT7,ENSG00000083223
GPN2,ENSG00000142751
FAXDC2,ENSG00000170271
UQCR11,ENSG00000127540
SETD2,ENSG00000181555
RPS8,ENSG00000142937
CHST8,ENSG00000124302
TMEM59,ENSG00000116209
SLC26A1,ENSG00000145217
TTC9B,ENSG00000174521
ZNF568,ENSG00000198453
WWC2,ENSG00000151718
CDC23,ENSG00000094880
COQ3,ENSG00000132423
CFAP263,ENSG00000103021
PPIL6,ENSG00000185250
EPS8L1,ENSG00000131037
CPNE7,ENSG00000178773
RABEPK,ENSG00000136933
PLPP1,ENSG00000067113
PCBP4,ENSG00000090097
NSUN5,ENSG00000130305
RNF14,ENSG00000013561
ETV3L,ENSG00000253831
ARRB1,ENSG00000137486
PARD6A,ENSG00000102981
TFB1M,ENSG00000029639
CNIH3,ENSG00000143786
UAP1L1,ENSG00000197355
GOT2,ENSG00000125166
RNGTT,ENSG00000111880
TMEM209,ENSG00000146842
TRIM61,ENSG00000183439
ZBTB8OS,ENSG00000176261
CLOCK,ENSG00000134852
NEK6,ENSG00000119408
CEP89,ENSG00000121289
RNF25,ENSG00000163481
PON2,ENSG00000105854
ZMYM4,ENSG00000146463
RRP36,ENSG00000124541
CARHSP1,ENSG00000153048
RPL10A,ENSG00000198755
PHLDB3,ENSG00000176531
DAAM2,ENSG00000146122
PTGER4,ENSG00000171522
NFIC,ENSG00000141905
APAF1,ENSG00000120868
RHOQ,ENSG00000119729
SLC1A3,ENSG00000079215
FBXO11,ENSG00000138081
FAM3C,ENSG00000196937
GSN,ENSG00000148180
UCP2,ENSG00000175567
KPNB1,ENSG00000108424
OLFML3,ENSG00000116774
FNBP1L,ENSG00000137942
ZNF425,ENSG00000204947
VPS41,ENSG00000006715
SLC39A3,ENSG00000141873
CNIH4,ENSG00000143771
SLC30A9,ENSG00000014824
CCDC61,ENSG00000104983
DENND2B,ENSG00000166444
EIF2B4,ENSG00000115211
GSTA3,ENSG00000174156
PSMB4,ENSG00000159377
TTC1,ENSG00000113312
ZDHHC7,ENSG00000153786
PPCS,ENSG00000127125
MMACHC,ENSG00000132763
SIGLEC11,ENSG00000161640
NUDT12,ENSG00000112874
PPP4C,ENSG00000149923
NVL,ENSG00000143748
TRIM65,ENSG00000141569
NME5,ENSG00000112981
CAPNS1,ENSG00000126247
CCDC43,ENSG00000180329
KLHL5,ENSG00000109790
NT5C3B,ENSG00000141698
PAICS,ENSG00000128050
CCDC69,ENSG00000198624
MOCS1,ENSG00000124615
RPS14,ENSG00000164587
LIN7B,ENSG00000104863
HNRNPA2B1,ENSG00000122566
ZNF333,ENSG00000160961
SMPD3,ENSG00000103056
STAT5A,ENSG00000126561
PSMA5,ENSG00000143106
SH3TC2,ENSG00000169247
KHDC1,ENSG00000135314
GYS1,ENSG00000104812
PI4K2B,ENSG00000038210
FABP1,ENSG00000163586
RPL5,ENSG00000122406
NPNT,ENSG00000168743
TRIM38,ENSG00000112343
HTR1E,ENSG00000168830
PRSS36,ENSG00000178226
CXXC5,ENSG00000171604
GNPTAB,ENSG00000111670
BCL2L12,ENSG00000126453
MRTO4,ENSG00000053372
SEPTIN2,ENSG00000168385
ANKH,ENSG00000154122
RASSF8,ENSG00000123094
COL16A1,ENSG00000084636
CCT5,ENSG00000150753
IRF8,ENSG00000140968
CFI,ENSG00000205403
DERA,ENSG00000023697
MSMO1,ENSG00000052802
APLP1,ENSG00000105290
ZSWIM7,ENSG00000214941
HP,ENSG00000257017
MTHFD2L,ENSG00000163738
PAN2,ENSG00000135473
CRELD1,ENSG00000163703
STX18,ENSG00000168818
FDXR,ENSG00000161513
BLACAT1,ENSG00000281406
CLGN,ENSG00000153132
CDCA8,ENSG00000134690
NSG1,ENSG00000168824
EBF1,ENSG00000164330
MTOR,ENSG00000198793
RAET1G,ENSG00000203722
RFPL4B,ENSG00000251258
RANBP9,ENSG00000010017
NPM1,ENSG00000181163
TRMT10A,ENSG00000145331
CCNC,ENSG00000112237
GPAT3,ENSG00000138678
TRMT1,ENSG00000104907
TAPT1,ENSG00000169762
ITGAL,ENSG00000005844
SH3BP2,ENSG00000087266
GLCCI1,ENSG00000106415
ABHD14A,ENSG00000248487
R3HCC1L,ENSG00000166024
AP2S1,ENSG00000042753
EIF2A,ENSG00000144895
ZNF467,ENSG00000181444
SLC35E1,ENSG00000127526
TPSB2,ENSG00000197253
MIA,ENSG00000261857
B4GALNT1,ENSG00000135454
FLOT2,ENSG00000132589
ZNF420,ENSG00000197050
WIPI2,ENSG00000157954
PRSS33,ENSG00000103355
NHLH2,ENSG00000177551
UBE2T,ENSG00000077152
SIGLEC8,ENSG00000105366
KATNB1,ENSG00000140854
DHX32,ENSG00000089876
SRGAP2,ENSG00000266028
ZNF614,ENSG00000142556
PODXL2,ENSG00000114631
CAPRIN2,ENSG00000110888
ZNF324,ENSG00000083812
FBLN2,ENSG00000163520
FUT2,ENSG00000176920
ANXA11,ENSG00000122359
PPP3CA,ENSG00000138814
KANK2,ENSG00000197256
PEX1,ENSG00000127980
FOLH1,ENSG00000086205
DRC3,ENSG00000171962
RSBN1,ENSG00000081019
TRDN,ENSG00000186439
ITLN2,ENSG00000158764
GABRG1,ENSG00000163285
SH3BGRL3,ENSG00000142669
GUCY1A1,ENSG00000164116
CENPF,ENSG00000117724
SYF2,ENSG00000117614
MRPS21,ENSG00000266472
KLC3,ENSG00000104892
B4GALT4,ENSG00000121578
C1orf50,ENSG00000164008
TBC1D10B,ENSG00000169221
TMED5,ENSG00000117500
NSL1,ENSG00000117697
ATXN1L,ENSG00000224470
KCTD5,ENSG00000167977
ZSCAN31,ENSG00000235109
PGBD2,ENSG00000185220
RPA2,ENSG00000117748
REXO5,ENSG00000005189
KCNA4,ENSG00000182255
DDX6,ENSG00000110367
FAM171A2,ENSG00000161682
DTL,ENSG00000143476
TNFSF12,ENSG00000239697
PDSS2,ENSG00000164494
NNT,ENSG00000112992
MCM9,ENSG00000111877
LASP1,ENSG00000002834
PPP2R1A,ENSG00000105568
ZNF789,ENSG00000198556
CEP162,ENSG00000135315
NAV1,ENSG00000134369
MEFV,ENSG00000103313
ZNF3,ENSG00000166526
ENPP4,ENSG00000001561
PAMR1,ENSG00000149090
NBEAL2,ENSG00000160796
PGLS,ENSG00000130313
CREB3L3,ENSG00000060566
ATP6V0D1,ENSG00000159720
TFB2M,ENSG00000162851
SNCA,ENSG00000145335
FAM72D,ENSG00000215784
B3GAT3,ENSG00000149541
ATAD3A,ENSG00000197785
ALDH18A1,ENSG00000059573
LRRFIP2,ENSG00000093167
INTS1,ENSG00000164880
CAPS,ENSG00000105519
PPP6R3,ENSG00000110075
NPRL3,ENSG00000103148
ALDH3A1,ENSG00000108602
PHGDH,ENSG00000092621
PDCD4,ENSG00000150593
ADAM17,ENSG00000151694
KRT19,ENSG00000171345
TRAPPC11,ENSG00000168538
TSEN54,ENSG00000182173
ADGRE3,ENSG00000131355
RSPH10B,ENSG00000155026
BASP1,ENSG00000176788
ZNF366,ENSG00000178175
POLK,ENSG00000122008
FMNL1,ENSG00000184922
MPC2,ENSG00000143158
C1GALT1,ENSG00000106392
SAMD4B,ENSG00000179134
BMI1,ENSG00000168283
WIF1,ENSG00000156076
UNC50,ENSG00000115446
GOLT1A,ENSG00000174567
RPL13A,ENSG00000142541
ENOPH1,ENSG00000145293
SSBP3,ENSG00000157216
PPAT,ENSG00000128059
TOB1,ENSG00000141232
RASA4B,ENSG00000170667
RAP1B,ENSG00000127314
MSL1,ENSG00000188895
MYL5,ENSG00000215375
IFT172,ENSG00000138002
SPNS2,ENSG00000183018
MARCHF2,ENSG00000099785
GABRB2,ENSG00000145864
TFEC,ENSG00000105967
MMP23B,ENSG00000189409
NUDT9,ENSG00000170502
MGMT,ENSG00000170430
TES,ENSG00000135269
HOOK2,ENSG00000095066
CREBRF,ENSG00000164463
RPS27,ENSG00000177954
WDR59,ENSG00000103091
FANCE,ENSG00000112039
PPA1,ENSG00000180817
GIPC2,ENSG00000137960
BEND5,ENSG00000162373
DPM3,ENSG00000179085
NUCKS1,ENSG00000069275
SLC49A3,ENSG00000169026
WASF1,ENSG00000112290
CREB5,ENSG00000146592
PPP6R1,ENSG00000105063
IRF1,ENSG00000125347
SDC3,ENSG00000162512
BBIP1,ENSG00000214413
CROCC,ENSG00000058453
LANCL2,ENSG00000132434
OCIAD1,ENSG00000109180
NPIPA2,ENSG00000254852
PFKP,ENSG00000067057
RABEP1,ENSG00000029725
TRAF7,ENSG00000131653
ZNF680,ENSG00000173041
ORAI2,ENSG00000160991
NDST1,ENSG00000070614
GUSB,ENSG00000169919
DR1,ENSG00000117505
DDX20,ENSG00000064703
VGLL2,ENSG00000170162
SSBP2,ENSG00000145687
FIRRM,ENSG00000000460
BAMBI,ENSG00000095739
ACVR1,ENSG00000115170
ZNF25,ENSG00000175395
OPALIN,ENSG00000197430
VCF1,ENSG00000133193
PDE1C,ENSG00000154678
SRR,ENSG00000167720
NEBL,ENSG00000078114
COG1,ENSG00000166685
TNFAIP8L1,ENSG00000185361
SIGLEC10,ENSG00000142512
RNF166,ENSG00000158717
EVA1B,ENSG00000142694
TSR1,ENSG00000167721
E4F1,ENSG00000167967
CDK11A,ENSG00000008128
SLC37A3,ENSG00000157800
TAPBPL,ENSG00000139192
DENND10,ENSG00000119979
TP53I13,ENSG00000167543
SUOX,ENSG00000139531
PAOX,ENSG00000148832
FCGRT,ENSG00000104870
USP36,ENSG00000055483
BCS1L,ENSG00000074582
EEF2KMT,ENSG00000118894
SGMS1,ENSG00000198964
METTL18,ENSG00000171806
SPATA17,ENSG00000162814
BAIAP3,ENSG00000007516
TUT4,ENSG00000134744
LMO3,ENSG00000048540
BAK1,ENSG00000030110
ASL,ENSG00000126522
SLC38A10,ENSG00000157637
CD177,ENSG00000204936
HMGA1,ENSG00000137309
DNAJC1,ENSG00000136770
C19orf25,ENSG00000119559
LPCAT3,ENSG00000111684
RCAN3,ENSG00000117602
FKRP,ENSG00000181027
HPS1,ENSG00000107521
UBE2D2,ENSG00000131508
TOE1,ENSG00000132773
TLR6,ENSG00000174130
ZNF518B,ENSG00000178163
CLSPN,ENSG00000092853
DDIT4L,ENSG00000145358
CTNNA1,ENSG00000044115
GPM6A,ENSG00000150625
PLVAP,ENSG00000130300
NOSIP,ENSG00000142546
PLEKHA5,ENSG00000052126
RAD51C,ENSG00000108384
XPO1,ENSG00000082898
SFTPA1,ENSG00000122852
NFKB1,ENSG00000109320
SLC16A3,ENSG00000141526
CFAP206,ENSG00000272514
SOX13,ENSG00000143842
LGALS9,ENSG00000168961
VAV1,ENSG00000141968
TSTD1,ENSG00000215845
KIF17,ENSG00000117245
STYK1,ENSG00000060140
PRIMPOL,ENSG00000164306
EHBP1,ENSG00000115504
CEP350,ENSG00000135837
FBRSL1,ENSG00000112787
CLASRP,ENSG00000104859
TBC1D32,ENSG00000146350
STPG1,ENSG00000001460
NOP14,ENSG00000087269
MED8,ENSG00000159479
SPAG9,ENSG00000008294
PGAM5,ENSG00000247077
COA7,ENSG00000162377
KLHL7,ENSG00000122550
CNN3,ENSG00000117519
YBX3,ENSG00000060138
NBPF12,ENSG00000268043
RRAS,ENSG00000126458
TLR2,ENSG00000137462
ZNF419,ENSG00000105136
MT3,ENSG00000087250
MAEA,ENSG00000090316
OSBPL6,ENSG00000079156
METTL26,ENSG00000130731
GRM3,ENSG00000198822
CNN1,ENSG00000130176
ORC5,ENSG00000164815
EXTL2,ENSG00000162694
MOB3A,ENSG00000172081
PTPRU,ENSG00000060656
ANGPTL5,ENSG00000187151
FUT6,ENSG00000156413
TSR3,ENSG00000007520
PGAP2,ENSG00000148985
SLC39A5,ENSG00000139540
RRAD,ENSG00000166592
NRCAM,ENSG00000091129
CDH10,ENSG00000040731
SULT1A4,ENSG00000213648
FOXO3,ENSG00000118689
DOK3,ENSG00000146094
TPMT,ENSG00000137364
TPM4,ENSG00000167460
B4GALT7,ENSG00000027847
NT5C2,ENSG00000076685
SLF1,ENSG00000133302
GOPC,ENSG00000047932
E2F4,ENSG00000205250
ATP6V0B,ENSG00000117410
MICU1,ENSG00000107745
NELFA,ENSG00000185049
FAU,ENSG00000149806
FGF18,ENSG00000156427
NPR3,ENSG00000113389
EVI5L,ENSG00000142459
ACD,ENSG00000102977
MAP7,ENSG00000135525
MYEOV,ENSG00000172927
TIPRL,ENSG00000143155
TCHP,ENSG00000139437
GDPD5,ENSG00000158555
FAM114A1,ENSG00000197712
FASTKD3,ENSG00000124279
PMVK,ENSG00000163344
UCK2,ENSG00000143179
NAAA,ENSG00000138744
RASAL1,ENSG00000111344
SULT1A1,ENSG00000196502
ATAD3B,ENSG00000160072
SLC38A7,ENSG00000103042
ANK2,ENSG00000145362
EGLN2,ENSG00000269858
ACOT7,ENSG00000097021
CALHM2,ENSG00000138172
ZNF471,ENSG00000196263
INPP5F,ENSG00000198825
ABCA8,ENSG00000141338
ECI1,ENSG00000167969
DNAJC21,ENSG00000168724
DMWD,ENSG00000185800
SF3B4,ENSG00000143368
STXBP5,ENSG00000164506
NAT14,ENSG00000090971
ZNF761,ENSG00000160336
CFAP144,ENSG00000186973
TRPM4,ENSG00000130529
CAPN9,ENSG00000135773
ZNF771,ENSG00000179965
RAB18,ENSG00000099246
NFAT5,ENSG00000102908
NIT1,ENSG00000158793
JMY,ENSG00000152409
CFAP300,ENSG00000137691
ZNRF2,ENSG00000180233
BIRC3,ENSG00000023445
RASGEF1C,ENSG00000146090
CRPPA,ENSG00000214960
GPAM,ENSG00000119927
ADCK2,ENSG00000133597
SENP1,ENSG00000079387
AMBRA1,ENSG00000110497
CYP4B1,ENSG00000142973
GABRR1,ENSG00000146276
ZFYVE16,ENSG00000039319
GTF2H5,ENSG00000272047
RAB23,ENSG00000112210
PIK3CG,ENSG00000105851
CD320,ENSG00000167775
SLC38A1,ENSG00000111371
TRIM4,ENSG00000146833
ZNF324B,ENSG00000249471
DMTF1,ENSG00000135164
P4HA3,ENSG00000149380
AMFR,ENSG00000159461
UBR2,ENSG00000024048
AP3M1,ENSG00000185009
TLCD4,ENSG00000152078
ACKR3,ENSG00000144476
MARCHF10,ENSG00000173838
KIAA0319,ENSG00000137261
COBLL1,ENSG00000082438
SLC35C1,ENSG00000181830
ISL1,ENSG00000016082
ANAPC15,ENSG00000110200
ZNF554,ENSG00000172006
METTL22,ENSG00000067365
ECSIT,ENSG00000130159
CAMK2G,ENSG00000148660
MPRIP,ENSG00000133030
SENP6,ENSG00000112701
CCNL2,ENSG00000221978
CNOT6,ENSG00000113300
CFAP119,ENSG00000196118
FABP6,ENSG00000170231
ATP2C2,ENSG00000064270
PPP2CA,ENSG00000113575
HSPA4,ENSG00000170606
FBXW9,ENSG00000132004
TMEM100,ENSG00000166292
P4HB,ENSG00000185624
ADGRL2,ENSG00000117114
STARD10,ENSG00000214530
HMG20B,ENSG00000064961
OTX1,ENSG00000115507
USP39,ENSG00000168883
RAB14,ENSG00000119396
BICDL2,ENSG00000162069
MAN2A1,ENSG00000112893
EME1,ENSG00000154920
BORCS8,ENSG00000254901
H3-3B,ENSG00000132475
SEMA3C,ENSG00000075223
CDC5L,ENSG00000096401
RASIP1,ENSG00000105538
PACSIN1,ENSG00000124507
PHIP,ENSG00000146247
B3GNT2,ENSG00000170340
SIK3,ENSG00000160584
PPM1B,ENSG00000138032
SMG9,ENSG00000105771
KRT7,ENSG00000135480
MYOT,ENSG00000120729
BAG2,ENSG00000112208
PHF10,ENSG00000130024
ELN,ENSG00000049540
SLC30A5,ENSG00000145740
CDC37,ENSG00000105401
RFFL,ENSG00000092871
IRAK4,ENSG00000198001
AARS2,ENSG00000124608
LOXL3,ENSG00000115318
PIAS4,ENSG00000105229
SKP1,ENSG00000113558
KLHDC3,ENSG00000124702
ZBTB7A,ENSG00000178951
MLX,ENSG00000108788
KCNK6,ENSG00000099337
R3HDM4,ENSG00000198858
DNAJC14,ENSG00000135392
LCP2,ENSG00000043462
KCNJ12,ENSG00000184185
RPL6,ENSG00000089009
ITGB4,ENSG00000132470
PAK4,ENSG00000130669
MARCHF3,ENSG00000173926
MSH3,ENSG00000113318
CAPN13,ENSG00000162949
DDB1,ENSG00000167986
PDPK1,ENSG00000140992
POPDC3,ENSG00000132429
DOK1,ENSG00000115325
KLHL41,ENSG00000239474
BZW1,ENSG00000082153
SKIC3,ENSG00000198677
AXIN1,ENSG00000103126
COMMD3,ENSG00000148444
C1S,ENSG00000182326
TSPAN14,ENSG00000108219
LYRM1,ENSG00000102897
ZNF765,ENSG00000196417
ZNF345,ENSG00000251247
MAN2B1,ENSG00000104774
LYG1,ENSG00000144214
UBE2F,ENSG00000184182
CDH8,ENSG00000150394
FCHSD1,ENSG00000197948
FUCA2,ENSG00000001036
DOCK7,ENSG00000116641
GIT2,ENSG00000139436
L3MBTL3,ENSG00000198945
TMEM219,ENSG00000149932
FAM153A,ENSG00000170074
PLA2G12B,ENSG00000138308
GALNT10,ENSG00000164574
GBF1,ENSG00000107862
SSBP4,ENSG00000130511
ZNF821,ENSG00000102984
ATG10,ENSG00000152348
UQCC2,ENSG00000137288
ANKRD27,ENSG00000105186
PSD2,ENSG00000146005
ZNF843,ENSG00000176723
HMGCR,ENSG00000113161
RHOT2,ENSG00000140983
OSR1,ENSG00000143867
LYPD6,ENSG00000187123
RBM5,ENSG00000003756
TSSC4,ENSG00000184281
MSH2,ENSG00000095002
NUP88,ENSG00000108559
FYN,ENSG00000010810
TKFC,ENSG00000149476
ITGAX,ENSG00000140678
CSTF3,ENSG00000176102
CNTNAP4,ENSG00000152910
SBK2,ENSG00000187550
ARHGAP45,ENSG00000180448
ARCN1,ENSG00000095139
KIF1C,ENSG00000129250
DHODH,ENSG00000102967
FRMD8,ENSG00000126391
POMGNT2,ENSG00000144647
CBFB,ENSG00000067955
NME9,ENSG00000181322
FGGY,ENSG00000172456
ZDHHC5,ENSG00000156599
PHKG2,ENSG00000156873
A2M,ENSG00000175899
ITIH4,ENSG00000055955
SYT3,ENSG00000213023
BAD,ENSG00000002330
WDPCP,ENSG00000143951
FSTL3,ENSG00000070404
CYB5R2,ENSG00000166394
KARS1,ENSG00000065427
VCL,ENSG00000035403
STX10,ENSG00000104915
ALDH3A2,ENSG00000072210
AKAP8L,ENSG00000011243
CALM2,ENSG00000143933
CAVIN3,ENSG00000170955
GPR137,ENSG00000173264
PYROXD2,ENSG00000119943
C6orf62,ENSG00000112308
ZC3H15,ENSG00000065548
ROBO4,ENSG00000154133
CAMK2N1,ENSG00000162545
VSNL1,ENSG00000163032
EXO5,ENSG00000164002
ADAMTSL5,ENSG00000185761
IPCEF1,ENSG00000074706
ENPEP,ENSG00000138792
ASPSCR1,ENSG00000169696
TNNT1,ENSG00000105048
PALMD,ENSG00000099260
XPO6,ENSG00000169180
GMEB1,ENSG00000162419
CERS6,ENSG00000172292
NAA40,ENSG00000110583
THNSL2,ENSG00000144115
GPR162,ENSG00000250510
GMCL1,ENSG00000087338
RAB3B,ENSG00000169213
PRDM1,ENSG00000057657
MFSD10,ENSG00000109736
PLEKHH3,ENSG00000068137
WNT2B,ENSG00000134245
ARID2,ENSG00000189079
CNNM3,ENSG00000168763
RPS6KA2,ENSG00000071242
INTS11,ENSG00000127054
INCA1,ENSG00000196388
ZNF174,ENSG00000103343
TRADD,ENSG00000102871
SLC4A10,ENSG00000144290
CSRNP2,ENSG00000110925
COG4,ENSG00000103051
MMP19,ENSG00000123342
TP53,ENSG00000141510
SLC2A9,ENSG00000109667
STRAP,ENSG00000023734
ODAD1,ENSG00000105479
RFC1,ENSG00000035928
XRCC5,ENSG00000079246
PAF1,ENSG00000006712
GPR182,ENSG00000166856
PA2G4,ENSG00000170515
GMPR,ENSG00000137198
TMEM135,ENSG00000166575
EDRF1,ENSG00000107938
HSBP1,ENSG00000230989
EEF1A1,ENSG00000156508
NLRC5,ENSG00000140853
POLR2E,ENSG00000099817
OSBPL11,ENSG00000144909
NPY1R,ENSG00000164128
GRK4,ENSG00000125388
BTNL9,ENSG00000165810
LIMA1,ENSG00000050405
DPH3,ENSG00000154813
WDR43,ENSG00000163811
OXNAD1,ENSG00000154814
NOC3L,ENSG00000173145
METTL15,ENSG00000169519
LHFPL2,ENSG00000145685
CCDC121,ENSG00000176714
CERS4,ENSG00000090661
STX3,ENSG00000166900
SULT1C2,ENSG00000198203
MYOZ1,ENSG00000177791
NUDCD2,ENSG00000170584
NUP155,ENSG00000113569
SMC3,ENSG00000108055
TBCK,ENSG00000145348
COPS7A,ENSG00000111652
ZFYVE9,ENSG00000157077
FHIP1B,ENSG00000051009
SENP2,ENSG00000163904
FBXL8,ENSG00000135722
ZNRF1,ENSG00000186187
HNRNPA3,ENSG00000170144
POLR2G,ENSG00000168002
VPS35L,ENSG00000103544
SGIP1,ENSG00000118473
CAT,ENSG00000121691
MCMBP,ENSG00000197771
LEMD2,ENSG00000161904
SLC25A28,ENSG00000155287
RIOK1,ENSG00000124784
LIPH,ENSG00000163898
ITGB1,ENSG00000150093
NPY5R,ENSG00000164129
CTNND1,ENSG00000198561
NMU,ENSG00000109255
BRIX1,ENSG00000113460
APOD,ENSG00000189058
RIPK1,ENSG00000137275
TOPBP1,ENSG00000163781
TMEM63B,ENSG00000137216
UIMC1,ENSG00000087206
UBA6,ENSG00000033178
DUSP3,ENSG00000108861
ITGAE,ENSG00000083457
SLC25A16,ENSG00000122912
PBLD,ENSG00000108187
THBS4,ENSG00000113296
LARS2,ENSG00000011376
BHLHE41,ENSG00000123095
CHD4,ENSG00000111642
FBXO4,ENSG00000151876
RAB5C,ENSG00000108774
BMS1,ENSG00000165733
TNFRSF1B,ENSG00000028137
IL15,ENSG00000164136
UNC5A,ENSG00000113763
KPNA5,ENSG00000196911
HAS1,ENSG00000105509
HOMER1,ENSG00000152413
EMP3,ENSG00000142227
SLC29A1,ENSG00000112759
KLHL12,ENSG00000117153
LARS1,ENSG00000133706
ZNF565,ENSG00000196357
FOXK2,ENSG00000141568
PRPF18,ENSG00000165630
C19orf47,ENSG00000160392
MSTO1,ENSG00000125459
CPSF3,ENSG00000119203
ST6GALNAC1,ENSG00000070526
AP3D1,ENSG00000065000
ACOX1,ENSG00000161533
SPSB4,ENSG00000175093
SNX25,ENSG00000109762
ACY1,ENSG00000243989
PTPN22,ENSG00000134242
ZNG1B,ENSG00000136682
SLC13A5,ENSG00000141485
CTBP2,ENSG00000175029
MAP2K3,ENSG00000034152
CCDC102A,ENSG00000135736
CFAP97,ENSG00000164323
RPL34,ENSG00000109475
PALLD,ENSG00000129116
CCDC57,ENSG00000176155
SLC2A5,ENSG00000142583
OGFOD3,ENSG00000181396
HHIP,ENSG00000164161
CC2D1B,ENSG00000154222
SPINT2,ENSG00000167642
PDLIM5,ENSG00000163110
ITGA2B,ENSG00000005961
HK3,ENSG00000160883
ZNF652,ENSG00000198740
ZNF146,ENSG00000167635
SPAG7,ENSG00000091640
ZNF17,ENSG00000186272
KLHDC8A,ENSG00000162873
PALM,ENSG00000099864
HMGXB3,ENSG00000113716
MPND,ENSG00000008382
RASL10B,ENSG00000270885
DAW1,ENSG00000123977
HEXD,ENSG00000169660
RPL26L1,ENSG00000037241
GOLGA4,ENSG00000144674
UCHL5,ENSG00000116750
SIGLEC7,ENSG00000168995
IL6ST,ENSG00000134352
ALDOC,ENSG00000109107
RTBDN,ENSG00000132026
DNAI7,ENSG00000118307
BIN1,ENSG00000136717
ZNF585B,ENSG00000245680
NHERF2,ENSG00000065054
DHX34,ENSG00000134815
LTBR,ENSG00000111321
FAM8A1,ENSG00000137414
PNKP,ENSG00000039650
CARMIL1,ENSG00000079691
UGT2B4,ENSG00000156096
CBLB,ENSG00000114423
MVD,ENSG00000167508
HTRA3,ENSG00000170801
SH3PXD2B,ENSG00000174705
RAB40B,ENSG00000141542
PDIK1L,ENSG00000175087
LRRN2,ENSG00000170382
SLC2A13,ENSG00000151229
CYBC1,ENSG00000178927
DRGX,ENSG00000165606
CPLX2,ENSG00000145920
CLCC1,ENSG00000121940
DNAJB12,ENSG00000148719
LARP7,ENSG00000174720
USP15,ENSG00000135655
PLA2G15,ENSG00000103066
ITGA8,ENSG00000077943
NR3C1,ENSG00000113580
MRPL14,ENSG00000180992
HNRNPH3,ENSG00000096746
NUBP1,ENSG00000103274
LIN54,ENSG00000189308
C17orf75,ENSG00000108666
IGSF8,ENSG00000162729
TOM1L2,ENSG00000175662
VIPR1,ENSG00000114812
OGDHL,ENSG00000197444
TPSAB1,ENSG00000172236
AMY1B,ENSG00000174876
MAP1LC3B,ENSG00000140941
DYNLL1,ENSG00000088986
ERCC2,ENSG00000104884
AADAT,ENSG00000109576
TAFA2,ENSG00000198673
INPP5A,ENSG00000068383
COP1,ENSG00000143207
SPSB2,ENSG00000111671
C7,ENSG00000112936
SRSF9,ENSG00000111786
MYF6,ENSG00000111046
ZCCHC10,ENSG00000155329
METAP1,ENSG00000164024
ZNF605,ENSG00000196458
CACNA1D,ENSG00000157388
GRAMD2B,ENSG00000155324
KRT86,ENSG00000170442
SLC16A7,ENSG00000118596
PACRGL,ENSG00000163138
MFSD13A,ENSG00000138111
CYP4F2,ENSG00000186115
COQ9,ENSG00000088682
TSPAN31,ENSG00000135452
SEPTIN8,ENSG00000164402
DUS1L,ENSG00000169718
ANKRD26,ENSG00000107890
EMP1,ENSG00000134531
SNN,ENSG00000184602
FFAR3,ENSG00000185897
CCDC91,ENSG00000123106
ZNF559,ENSG00000188321
CUTC,ENSG00000119929
WASHC2C,ENSG00000172661
NUP133,ENSG00000069248
CCNI2,ENSG00000205089
RUNDC3A,ENSG00000108309
PLK2,ENSG00000145632
RGS11,ENSG00000076344
ALDH16A1,ENSG00000161618
MYL6,ENSG00000092841
TUBG1,ENSG00000131462
SAMD14,ENSG00000167100
ETF1,ENSG00000120705
PCCB,ENSG00000114054
PIGR,ENSG00000162896
SULT1A3,ENSG00000261052
C1QTNF1,ENSG00000173918
ZNF888,ENSG00000213793
KCTD15,ENSG00000153885
ZNF454,ENSG00000178187
EIF2B1,ENSG00000111361
OXCT1,ENSG00000083720
WIPF2,ENSG00000171475
FKBP4,ENSG00000004478
ZNF285,ENSG00000267508
DNAAF8,ENSG00000166246
LPAR3,ENSG00000171517
SAE1,ENSG00000142230
CTCF,ENSG00000102974
GPSM2,ENSG00000121957
DVL2,ENSG00000004975
GLT1D1,ENSG00000151948
PIK3R2,ENSG00000105647
SREK1,ENSG00000153914
ANXA5,ENSG00000164111
REPS1,ENSG00000135597
NUP93,ENSG00000102900
FSD1,ENSG00000105255
CEPT1,ENSG00000134255
PECAM1,ENSG00000261371
USHBP1,ENSG00000130307
MOBP,ENSG00000168314
PRELP,ENSG00000188783
TIMM50,ENSG00000105197
CEP85,ENSG00000130695
SMARCE1,ENSG00000073584
PPP2R3A,ENSG00000073711
WDR18,ENSG00000065268
DMAP1,ENSG00000178028
CNEP1R1,ENSG00000205423
HSD17B11,ENSG00000198189
DYNC1LI1,ENSG00000144635
DGKQ,ENSG00000145214
NSMCE1,ENSG00000169189
TOR1AIP2,ENSG00000169905
ZNF226,ENSG00000167380
SNRK,ENSG00000163788
EXOC1,ENSG00000090989
CDR2,ENSG00000140743
ZDHHC23,ENSG00000184307
S100A4,ENSG00000196154
NOMO2,ENSG00000185164
CCR3,ENSG00000183625
LMLN,ENSG00000185621
GREM2,ENSG00000180875
FMO5,ENSG00000131781
COPE,ENSG00000105669
STAT5B,ENSG00000173757
PIK3R4,ENSG00000196455
PTPRE,ENSG00000132334
RARA,ENSG00000131759
NDRG4,ENSG00000103034
KATNA1,ENSG00000186625
RPUSD3,ENSG00000156990
SSX2IP,ENSG00000117155
ATP11B,ENSG00000058063
MTHFD1L,ENSG00000120254
SLC39A12,ENSG00000148482
TBC1D9,ENSG00000109436
HIF1AN,ENSG00000166135
PAPSS1,ENSG00000138801
DGKE,ENSG00000153933
TUBGCP2,ENSG00000130640
PI16,ENSG00000164530
STX8,ENSG00000170310
ANKS1A,ENSG00000064999
CCDC13,ENSG00000244607
SLFN11,ENSG00000172716
RASSF1,ENSG00000068028
FAM193A,ENSG00000125386
ARHGAP22,ENSG00000128805
GP9,ENSG00000169704
DHX30,ENSG00000132153
CAP1,ENSG00000131236
ATL3,ENSG00000184743
RDX,ENSG00000137710
RUFY2,ENSG00000204130
CORO1C,ENSG00000110880
CYP4F12,ENSG00000186204
ZNF511,ENSG00000198546
SLC35B3,ENSG00000124786
MKX,ENSG00000150051
SLC43A3,ENSG00000134802
IER2,ENSG00000160888
PIK3CB,ENSG00000051382
YME1L1,ENSG00000136758
TMEM91,ENSG00000142046
QRFPR,ENSG00000186867
AP1AR,ENSG00000138660
MYBPC2,ENSG00000086967
PDS5A,ENSG00000121892
ALG1,ENSG00000033011
LARP4,ENSG00000161813
SMIM8,ENSG00000111850
C16orf54,ENSG00000185905
ADGRG6,ENSG00000112414
MASTL,ENSG00000120539
PRMT1,ENSG00000126457
RUSF1,ENSG00000140688
TMCC1,ENSG00000172765
ENO4,ENSG00000188316
DYDC2,ENSG00000133665
UPF2,ENSG00000151461
SCNN1B,ENSG00000168447
PIK3CA,ENSG00000121879
CD3G,ENSG00000160654
CLPB,ENSG00000162129
HOGA1,ENSG00000241935
SCGN,ENSG00000079689
SEC23IP,ENSG00000107651
TGFB1,ENSG00000105329
CCDC51,ENSG00000164051
KHDRBS2,ENSG00000112232
HRC,ENSG00000130528
RPAIN,ENSG00000129197
ZNF649,ENSG00000198093
EIF3CL,ENSG00000205609
HGD,ENSG00000113924
RCC1L,ENSG00000274523
RNF41,ENSG00000181852
ANKRD24,ENSG00000089847
IFT140,ENSG00000187535
SCPEP1,ENSG00000121064
HK1,ENSG00000156515
CORO1B,ENSG00000172725
USP53,ENSG00000145390
GNA12,ENSG00000146535
HDGFL2,ENSG00000167674
PTGES3,ENSG00000110958
SLC29A4,ENSG00000164638
MELTF,ENSG00000163975
PAFAH2,ENSG00000158006
PGCKA1,ENSG00000154274
AMZ2,ENSG00000196704
SLC9B2,ENSG00000164038
SLC13A1,ENSG00000081800
RNF123,ENSG00000164068
TSPAN18,ENSG00000157570
TELO2,ENSG00000100726
GET4,ENSG00000239857
ZNF641,ENSG00000167528
MRAP2,ENSG00000135324
CDK18,ENSG00000117266
BACH2,ENSG00000112182
SMARCD2,ENSG00000108604
NABP2,ENSG00000139579
AMZ1,ENSG00000174945
SIGLEC9,ENSG00000129450
SMARCAD1,ENSG00000163104
BRPF3,ENSG00000096070
ASRGL1,ENSG00000162174
PLIN4,ENSG00000167676
GIMAP8,ENSG00000171115
ZNF709,ENSG00000242852
ZNF497,ENSG00000174586
GARS1,ENSG00000106105
CNTN1,ENSG00000018236
IGFLR1,ENSG00000126246
JHY,ENSG00000109944
ZNF227,ENSG00000131115
CUL2,ENSG00000108094
PDGFD,ENSG00000170962
HYAL4,ENSG00000106302
RBM7,ENSG00000076053
FIS1,ENSG00000214253
ANAPC4,ENSG00000053900
ADGRF5,ENSG00000069122
TP53I11,ENSG00000175274
NUP42,ENSG00000136243
PPM1G,ENSG00000115241
ATXN2,ENSG00000204842
PIP5K1C,ENSG00000186111
SGCA,ENSG00000108823
SEPTIN10,ENSG00000186522
SCIN,ENSG00000006747
NETO2,ENSG00000171208
DHCR7,ENSG00000172893
GIMAP7,ENSG00000179144
F11R,ENSG00000158769
STEAP1,ENSG00000164647
N4BP1,ENSG00000102921
CALU,ENSG00000128595
VPS9D1,ENSG00000075399
SP110,ENSG00000135899
TRMT1L,ENSG00000121486
ADAM11,ENSG00000073670
MBOAT1,ENSG00000172197
NUPR1,ENSG00000176046
BCKDHA,ENSG00000248098
HSF4,ENSG00000102878
EPB41L2,ENSG00000079819
TRAF5,ENSG00000082512
ECHS1,ENSG00000127884
KRBA2,ENSG00000184619
PROM1,ENSG00000007062
CEP112,ENSG00000154240
RASGRP2,ENSG00000068831
ING5,ENSG00000168395
AGAP4,ENSG00000188234
KLK12,ENSG00000186474
PCGF6,ENSG00000156374
IMPDH1,ENSG00000106348
PLK3,ENSG00000173846
SLC7A6,ENSG00000103064
C2orf88,ENSG00000187699
EEF2,ENSG00000167658
VPS8,ENSG00000156931
PLXDC2,ENSG00000120594
CFLAR,ENSG00000003402
GSTM2,ENSG00000213366
AKR1C1,ENSG00000187134
SPN,ENSG00000197471
TIGD7,ENSG00000140993
MLKL,ENSG00000168404
DFFA,ENSG00000160049
HOXB6,ENSG00000108511
STN1,ENSG00000107960
DNAAF1,ENSG00000154099
USP22,ENSG00000124422
LAD1,ENSG00000159166
JSRP1,ENSG00000167476
ZNF655,ENSG00000197343
ZNF667,ENSG00000198046
CNNM2,ENSG00000148842
TBC1D12,ENSG00000108239
RCOR3,ENSG00000117625
SPATA20,ENSG00000006282
ACAA1,ENSG00000060971
PRRG2,ENSG00000126460
MMS19,ENSG00000155229
FAM200A,ENSG00000221909
COPS6,ENSG00000168090
THY1,ENSG00000154096
CLK1,ENSG00000013441
NR1H2,ENSG00000131408
KDM2A,ENSG00000173120
SLC45A3,ENSG00000158715
RARG,ENSG00000172819
KLF7,ENSG00000118263
SCRN1,ENSG00000136193
TSEN15,ENSG00000198860
CXCR2,ENSG00000180871
NOD1,ENSG00000106100
DYNLT4,ENSG00000188396
KANSL3,ENSG00000114982
CLNS1A,ENSG00000074201
RNF2,ENSG00000121481
FSTL1,ENSG00000163430
ADIPOR1,ENSG00000159346
MTNAP1,ENSG00000141219
RPN1,ENSG00000163902
CLEC4D,ENSG00000166527
HIBADH,ENSG00000106049
RFX4,ENSG00000111783
TMEM144,ENSG00000164124
GMPPB,ENSG00000173540
PAK1,ENSG00000149269
MAFG,ENSG00000197063
MFSD2A,ENSG00000168389
NKIRAS2,ENSG00000168256
PDGFA,ENSG00000197461
OS9,ENSG00000135506
ZNF117,ENSG00000152926
RSPH10B2,ENSG00000169402
ZNF429,ENSG00000197013
RPL28,ENSG00000108107
TMEM235,ENSG00000204278
CIAO1,ENSG00000144021
IGF2BP2,ENSG00000073792
ACE,ENSG00000159640
LNPK,ENSG00000144320
MINDY1,ENSG00000143409
CCM2,ENSG00000136280
PTGIR,ENSG00000160013
ZNF491,ENSG00000177599
NAPSA,ENSG00000131400
MGST2,ENSG00000085871
ZNF512,ENSG00000243943
APBB2,ENSG00000163697
CYP2A7,ENSG00000198077
FAM131C,ENSG00000185519
TMEM238,ENSG00000233493
ADM5,ENSG00000224420
TUFT1,ENSG00000143367
MYO9B,ENSG00000099331
ADCY3,ENSG00000138031
ST6GAL1,ENSG00000073849
MAP3K8,ENSG00000107968
HOXA3,ENSG00000105997
IDE,ENSG00000119912
MALSU1,ENSG00000156928
ACHE,ENSG00000087085
SLC35F2,ENSG00000110660
GSTM4,ENSG00000168765
TPK1,ENSG00000196511
TSKU,ENSG00000182704
ZNF714,ENSG00000160352
FCSK,ENSG00000157353
PTPN5,ENSG00000110786
DEDD,ENSG00000158796
APOC2,ENSG00000234906
ERLIN1,ENSG00000107566
DDX21,ENSG00000165732
LIG1,ENSG00000105486
ZNHIT1,ENSG00000106400
AFG2A,ENSG00000145375
P2RY12,ENSG00000169313
CCDC191,ENSG00000163617
TMEM176B,ENSG00000106565
GUCY1B1,ENSG00000061918
FAM111A,ENSG00000166801
MUSTN1,ENSG00000272573
NDEL1,ENSG00000166579
TMEM39A,ENSG00000176142
PIH1D2,ENSG00000150773
MAP1LC3C,ENSG00000197769
ZNF672,ENSG00000171161
MITF,ENSG00000187098
TRIM5,ENSG00000132256
TAF1C,ENSG00000103168
BMAL2,ENSG00000029153
PMP22,ENSG00000109099
OAT,ENSG00000065154
TMEM131L,ENSG00000121210
PLEKHA6,ENSG00000143850
BMAL1,ENSG00000133794
ACTR1A,ENSG00000138107
BICDL1,ENSG00000135127
NUDT13,ENSG00000166321
LMBR1,ENSG00000105983
LGALS3BP,ENSG00000108679
EPS8,ENSG00000151491
GDI2,ENSG00000057608
NCOA7,ENSG00000111912
ZNF155,ENSG00000204920
ZDHHC1,ENSG00000159714
PLCD1,ENSG00000187091
TJAP1,ENSG00000137221
FXYD7,ENSG00000221946
CASP3,ENSG00000164305
GPS1,ENSG00000169727
KPTN,ENSG00000118162
ZMYND11,ENSG00000015171
MSLN,ENSG00000102854
NMRK2,ENSG00000077009
IRF5,ENSG00000128604
ZNF566,ENSG00000186017
RPL37A,ENSG00000197756
KAT2B,ENSG00000114166
CYP1B1,ENSG00000138061
RFX5,ENSG00000143390
ACTRT3,ENSG00000184378
ITIH3,ENSG00000162267
ZFP36L2,ENSG00000152518
PCGF1,ENSG00000115289
USH1C,ENSG00000006611
ERCC1,ENSG00000012061
MTO1,ENSG00000135297
DNAJB6,ENSG00000105993
TRMT61B,ENSG00000171103
RAB35,ENSG00000111737
PFKFB4,ENSG00000114268
REV1,ENSG00000135945
LPAR5,ENSG00000184574
TRIM22,ENSG00000132274
ZNF84,ENSG00000198040
STK38L,ENSG00000211455
OTUB1,ENSG00000167770
PI4KB,ENSG00000143393
KCNJ5,ENSG00000120457
AMOTL1,ENSG00000166025
CD163,ENSG00000177575
SLC35B1,ENSG00000121073
MCAM,ENSG00000076706
RPSA,ENSG00000168028
LIMD2,ENSG00000136490
TMEM176A,ENSG00000002933
CEP164,ENSG00000110274
ARMC7,ENSG00000125449
CLDN18,ENSG00000066405
RUNDC1,ENSG00000198863
METTL24,ENSG00000053328
VPS54,ENSG00000143952
B4GALNT2,ENSG00000167080
THBS2,ENSG00000186340
PRPF40B,ENSG00000110844
PLOD2,ENSG00000152952
LTBP4,ENSG00000090006
ANAPC11,ENSG00000141552
NCAPD3,ENSG00000151503
UBR3,ENSG00000144357
PREP,ENSG00000085377
ATP5MF,ENSG00000241468
LMF1,ENSG00000103227
DCAF6,ENSG00000143164
PDCD10,ENSG00000114209
WDR91,ENSG00000105875
GAS8,ENSG00000141013
MGST1,ENSG00000008394
CLIP4,ENSG00000115295
KCNK17,ENSG00000124780
PRSS8,ENSG00000052344
FILIP1,ENSG00000118407
PEX6,ENSG00000124587
SSTR5,ENSG00000162009
TRIM50,ENSG00000146755
SLC12A4,ENSG00000124067
LRRC32,ENSG00000137507
C2CD5,ENSG00000111731
CD36,ENSG00000135218
WDR74,ENSG00000133316
NT5C,ENSG00000125458
PPAN,ENSG00000130810
SERPINB9,ENSG00000170542
MYO18A,ENSG00000196535
ZNF527,ENSG00000189164
VPS26B,ENSG00000151502
ZNF787,ENSG00000142409
GPR108,ENSG00000125734
RCOR2,ENSG00000167771
B4GALNT4,ENSG00000182272
STK38,ENSG00000112079
CASP5,ENSG00000137757
MICAL1,ENSG00000135596
EXT2,ENSG00000151348
DNAJB11,ENSG00000090520
RAD18,ENSG00000070950
ZNF583,ENSG00000198440
SP140,ENSG00000079263
KCNN4,ENSG00000104783
ADIPOQ,ENSG00000181092
TTC21A,ENSG00000168026
CLPTM1,ENSG00000104853
VTN,ENSG00000109072
GALNT18,ENSG00000110328
NCEH1,ENSG00000144959
PIGS,ENSG00000087111
ABCC5,ENSG00000114770
DKK3,ENSG00000050165
ZNF444,ENSG00000167685
DHX58,ENSG00000108771
CKM,ENSG00000104879
MMADHC,ENSG00000168288
PGLYRP2,ENSG00000161031
PDIA2,ENSG00000185615
ZKSCAN2,ENSG00000155592
ARRDC2,ENSG00000105643
TBC1D24,ENSG00000162065
RMDN2,ENSG00000115841
TGFB1I1,ENSG00000140682
POLD1,ENSG00000062822
PAQR7,ENSG00000182749
DCP1A,ENSG00000272886
MAPKAPK2,ENSG00000162889
CLEC7A,ENSG00000172243
TAF6L,ENSG00000162227
SLC35G2,ENSG00000168917
ARHGEF16,ENSG00000130762
EIF4A2,ENSG00000156976
RNF103,ENSG00000239305
STAT2,ENSG00000170581
FARP2,ENSG00000006607
FBXO3,ENSG00000110429
HDAC1,ENSG00000116478
SPSB3,ENSG00000162032
COPS3,ENSG00000141030
BCO2,ENSG00000197580
ZDHHC14,ENSG00000175048
UAP1,ENSG00000117143
LTV1,ENSG00000135521
GORASP1,ENSG00000114745
JMJD8,ENSG00000161999
MTCH1,ENSG00000137409
EMG1,ENSG00000126749
SSB,ENSG00000138385
ADCY6,ENSG00000174233
PTK7,ENSG00000112655
STARD7,ENSG00000084090
PICALM,ENSG00000073921
ARMH1,ENSG00000198520
ESPL1,ENSG00000135476
STUB1,ENSG00000103266
B3GNT5,ENSG00000176597
ATP2B4,ENSG00000058668
REL,ENSG00000162924
MYL4,ENSG00000198336
ACAP2,ENSG00000114331
ETNK1,ENSG00000139163
RITA1,ENSG00000139405
EIF2AK2,ENSG00000055332
POLDIP2,ENSG00000004142
ATP2B1,ENSG00000070961
RFX2,ENSG00000087903
SMYD4,ENSG00000186532
GOLPH3L,ENSG00000143457
SLFNL1,ENSG00000171790
RBFOX3,ENSG00000167281
IFT122,ENSG00000163913
CAPZB,ENSG00000077549
SLC17A7,ENSG00000104888
DPY19L2,ENSG00000177990
KCNAB3,ENSG00000170049
LGALS12,ENSG00000133317
SARS1,ENSG00000031698
TNFAIP1,ENSG00000109079
CCDC170,ENSG00000120262
SUCLG1,ENSG00000163541
ZBTB16,ENSG00000109906
QRSL1,ENSG00000130348
TOMM70,ENSG00000154174
SPG7,ENSG00000197912
ANAPC7,ENSG00000196510
SUGP1,ENSG00000105705
SUPT6H,ENSG00000109111
LMCD1,ENSG00000071282
SESTD1,ENSG00000187231
PLAAT4,ENSG00000133321
ACAT1,ENSG00000075239
TOP2B,ENSG00000077097
TOR3A,ENSG00000186283
CEP68,ENSG00000011523
CACNA2D1,ENSG00000153956
TARBP1,ENSG00000059588
UNC93B1,ENSG00000110057
GPR155,ENSG00000163328
CPM,ENSG00000135678
STAP2,ENSG00000178078
SSH3,ENSG00000172830
SNX9,ENSG00000130340
OVGP1,ENSG00000085465
SEC22B,ENSG00000265808
LTA4H,ENSG00000111144
BRINP2,ENSG00000198797
ZNF398,ENSG00000197024
DLD,ENSG00000091140
TTC13,ENSG00000143643
ARPC4,ENSG00000241553
HIGD1B,ENSG00000131097
PRDM11,ENSG00000019485
RAB17,ENSG00000124839
CTSW,ENSG00000172543
PRPSAP2,ENSG00000141127
TADA3,ENSG00000171148
YJEFN3,ENSG00000250067
WTAP,ENSG00000146457
ELMOD1,ENSG00000110675
PNPT1,ENSG00000138035
HMBS,ENSG00000256269
EIF4B,ENSG00000063046
EDN1,ENSG00000078401
STEAP1B,ENSG00000105889
EPHB3,ENSG00000182580
PRKCB,ENSG00000166501
TNFAIP3,ENSG00000118503
UPP1,ENSG00000183696
PSMD6,ENSG00000163636
PLAGL1,ENSG00000118495
SIRT6,ENSG00000077463
NBPF3,ENSG00000142794
MYL3,ENSG00000160808
EMC8,ENSG00000131148
URB2,ENSG00000135763
ITGB7,ENSG00000139626
GPRC5B,ENSG00000167191
ISG15,ENSG00000187608
GGPS1,ENSG00000152904
GAMT,ENSG00000130005
SV2A,ENSG00000159164
RIPOR1,ENSG00000039523
SLMAP,ENSG00000163681
ISYNA1,ENSG00000105655
PLA2G4A,ENSG00000116711
ETFBKMT,ENSG00000139160
ATG13,ENSG00000175224
SPPL3,ENSG00000157837
RALA,ENSG00000006451
TGFBR3,ENSG00000069702
ABCD2,ENSG00000173208
MPV17,ENSG00000115204
TMEM263,ENSG00000151135
SAFB,ENSG00000160633
ATP6V0E2,ENSG00000171130
VIPR2,ENSG00000106018
EEA1,ENSG00000102189
TFR2,ENSG00000106327
USP30,ENSG00000135093
LRRC46,ENSG00000141294
MYH10,ENSG00000133026
ITGB1BP1,ENSG00000119185
IKBKE,ENSG00000263528
ARHGDIG,ENSG00000242173
UBE3B,ENSG00000151148
ACSF3,ENSG00000176715
SMCO1,ENSG00000214097
PIGZ,ENSG00000119227
XIRP1,ENSG00000168334
CSRNP1,ENSG00000144655
CLEC18A,ENSG00000157322
TSEN2,ENSG00000154743
GSTM3,ENSG00000134202
PMM2,ENSG00000140650
FBXL2,ENSG00000153558
NFASC,ENSG00000163531
ADAT1,ENSG00000065457
AZI2,ENSG00000163512
SLC5A7,ENSG00000115665
BBS2,ENSG00000125124
KDELR2,ENSG00000136240
ECEL1,ENSG00000171551
KCNC2,ENSG00000166006
FBLIM1,ENSG00000162458
COX17,ENSG00000138495
SLC27A1,ENSG00000130304
SFMBT1,ENSG00000163935
STRN,ENSG00000115808
COX14,ENSG00000178449
ARL6IP4,ENSG00000182196
MTMR14,ENSG00000163719
ETFB,ENSG00000105379
GLS,ENSG00000115419
FAM133B,ENSG00000234545
HLX,ENSG00000136630
ZNF684,ENSG00000117010
NCOA1,ENSG00000084676
GTF2IRD2B,ENSG00000174428
RELA,ENSG00000173039
ILF3,ENSG00000129351
AHCTF1,ENSG00000153207
LDAF1,ENSG00000011638
ZCWPW1,ENSG00000078487
OGFOD1,ENSG00000087263
SERPINI1,ENSG00000163536
RETREG3,ENSG00000141699
FXYD2,ENSG00000137731
MYOG,ENSG00000122180
DRAM2,ENSG00000156171
GOSR1,ENSG00000108587
TERF2,ENSG00000132604
CACNA2D3,ENSG00000157445
CLCN1,ENSG00000188037
ZNF10,ENSG00000256223
ACSM3,ENSG00000005187
BBS5,ENSG00000163093
EEF1G,ENSG00000254772
SENP7,ENSG00000138468
SP4,ENSG00000105866
SEC14L1,ENSG00000129657
SIRT4,ENSG00000089163
GTPBP10,ENSG00000105793
IFFO2,ENSG00000169991
GREB1,ENSG00000196208
WSB2,ENSG00000176871
FAM76A,ENSG00000009780
MPHOSPH9,ENSG00000051825
HARBI1,ENSG00000180423
COL1A2,ENSG00000164692
FCHSD2,ENSG00000137478
HEATR5B,ENSG00000008869
CRYZ,ENSG00000116791
GNB4,ENSG00000114450
ETHE1,ENSG00000105755
PPP1R12A,ENSG00000058272
RRP9,ENSG00000114767
COLGALT1,ENSG00000130309
TBRG1,ENSG00000154144
KXD1,ENSG00000105700
HRH1,ENSG00000196639
ZNF662,ENSG00000182983
PLEKHB2,ENSG00000115762
ELMO3,ENSG00000102890
PTH1R,ENSG00000160801
NLK,ENSG00000087095
CHST1,ENSG00000175264
FASTK,ENSG00000164896
STT3A,ENSG00000134910
PCED1B,ENSG00000179715
RAI1,ENSG00000108557
ZNF350,ENSG00000256683
GALNT6,ENSG00000139629
SLC25A39,ENSG00000013306
ZNF875,ENSG00000181666
LAT,ENSG00000213658
NUB1,ENSG00000013374
PLPPR2,ENSG00000105520
ICMT,ENSG00000116237
C3AR1,ENSG00000171860
THUMPD1,ENSG00000066654
MECR,ENSG00000116353
NOP2,ENSG00000111641
SMARCA4,ENSG00000127616
NFE2L2,ENSG00000116044
MMP15,ENSG00000102996
PHF7,ENSG00000010318
PRDM10,ENSG00000170325
CSF3R,ENSG00000119535
COLQ,ENSG00000206561
EIF3C,ENSG00000184110
NDC1,ENSG00000058804
DCAKD,ENSG00000172992
STAT1,ENSG00000115415
GTF2E1,ENSG00000153767
P2RY6,ENSG00000171631
METTL27,ENSG00000165171
SNX13,ENSG00000071189
ZXDC,ENSG00000070476
PFAS,ENSG00000178921
RPLP2,ENSG00000177600
ODF2L,ENSG00000122417
PHF21A,ENSG00000135365
ZBTB20,ENSG00000181722
ASGR2,ENSG00000161944
GNAI1,ENSG00000127955
AMIGO2,ENSG00000139211
FAM90A1,ENSG00000171847
TWF1,ENSG00000151239
HNRNPU,ENSG00000153187
CPVL,ENSG00000106066
VSTM5,ENSG00000214376
NXPE4,ENSG00000137634
SLC41A2,ENSG00000136052
SULT1A2,ENSG00000197165
SLN,ENSG00000170290
DGAT2,ENSG00000062282
ZNF664,ENSG00000179195
WNT11,ENSG00000085741
TSPAN32,ENSG00000064201
FHOD1,ENSG00000135723
TSPAN8,ENSG00000127324
GGA3,ENSG00000125447
ZNF786,ENSG00000197362
ELF5,ENSG00000135374
DDX56,ENSG00000136271
SLC35F5,ENSG00000115084
C11orf21,ENSG00000110665
BRMS1,ENSG00000174744
GOLIM4,ENSG00000173905
ZC3H18,ENSG00000158545
RAPGEF3,ENSG00000079337
NDUFS3,ENSG00000213619
PTGFR,ENSG00000122420
ENSA,ENSG00000143420
TRIM54,ENSG00000138100
AHCYL2,ENSG00000158467
RTN3,ENSG00000133318
NBR1,ENSG00000188554
ATP1A1,ENSG00000163399
CMTM3,ENSG00000140931
GMPPA,ENSG00000144591
SLC26A6,ENSG00000225697
SPTBN2,ENSG00000173898
FOXP2,ENSG00000128573
CDH15,ENSG00000129910
LBR,ENSG00000143815
KIAA0513,ENSG00000135709
CDON,ENSG00000064309
AMHR2,ENSG00000135409
SPIRE2,ENSG00000204991
GPATCH3,ENSG00000198746
FMO2,ENSG00000094963
ANAPC5,ENSG00000089053
LONP2,ENSG00000102910
SEMA4F,ENSG00000135622
MTMR4,ENSG00000108389
TANC1,ENSG00000115183
LRP8,ENSG00000157193
CEP19,ENSG00000174007
ABCA3,ENSG00000167972
NOL11,ENSG00000130935
PLD1,ENSG00000075651
EPS8L2,ENSG00000177106
NTSR2,ENSG00000169006
NIF3L1,ENSG00000196290
LUM,ENSG00000139329
MLF2,ENSG00000089693
OSBPL10,ENSG00000144645
JUP,ENSG00000173801
CLEC5A,ENSG00000258227
ARPC1A,ENSG00000241685
CHDH,ENSG00000016391
SRL,ENSG00000185739
CYBA,ENSG00000051523
CCR9,ENSG00000173585
INSC,ENSG00000188487
ACAD9,ENSG00000177646
IRX5,ENSG00000176842
EEPD1,ENSG00000122547
CYLD,ENSG00000083799
SART3,ENSG00000075856
SFRP4,ENSG00000106483
CCT6A,ENSG00000146731
MLPH,ENSG00000115648
LRRN4CL,ENSG00000177363
ZNF575,ENSG00000176472
SLC36A4,ENSG00000180773
RAB4B,ENSG00000167578
SLC35A5,ENSG00000138459
BLTP2,ENSG00000007202
MS4A6A,ENSG00000110077
BCAT2,ENSG00000105552
RASA4,ENSG00000105808
FOXL2NB,ENSG00000206262
TMEM94,ENSG00000177728
GRM5,ENSG00000168959
APEH,ENSG00000164062
PTHLH,ENSG00000087494
DRAM1,ENSG00000136048
MEN1,ENSG00000133895
DENR,ENSG00000139726
FOXJ2,ENSG00000065970
TYW1,ENSG00000198874
TMEM116,ENSG00000198270
KLHL20,ENSG00000076321
CTSD,ENSG00000117984
ABCB1,ENSG00000085563
ZNF585A,ENSG00000196967
ATG4C,ENSG00000125703
IFI30,ENSG00000216490
CDK17,ENSG00000059758
ZNF701,ENSG00000167562
SNAPC2,ENSG00000104976
TECR,ENSG00000099797
PRMT3,ENSG00000185238
BOC,ENSG00000144857
TRAFD1,ENSG00000135148
ST14,ENSG00000149418
CD55,ENSG00000196352
LYPD6B,ENSG00000150556
BSDC1,ENSG00000160058
RUNDC3B,ENSG00000105784
SLC15A4,ENSG00000139370
TRIM21,ENSG00000132109
WIZ,ENSG00000011451
METTL21A,ENSG00000144401
PAK2,ENSG00000180370
FERMT3,ENSG00000149781
NAT9,ENSG00000109065
COBL,ENSG00000106078
ADGRD1,ENSG00000111452
MGLL,ENSG00000074416
IL18R1,ENSG00000115604
YIPF2,ENSG00000130733
IMP4,ENSG00000136718
CEP15,ENSG00000114405
MYO7A,ENSG00000137474
HJV,ENSG00000168509
ZNF148,ENSG00000163848
S1PR1,ENSG00000170989
MCOLN2,ENSG00000153898
SLC13A2,ENSG00000007216
FNDC4,ENSG00000115226
MEMO1,ENSG00000162959
PINK1,ENSG00000158828
CERS5,ENSG00000139624
CCDC136,ENSG00000128596
ZNF225,ENSG00000256294
CDK5R1,ENSG00000176749
DEF8,ENSG00000140995
TMOD4,ENSG00000163157
GTF3C3,ENSG00000119041
STRADA,ENSG00000266173
PVR,ENSG00000073008
SHFL,ENSG00000130813
SDSL,ENSG00000139410
DPP3,ENSG00000254986
EPHX1,ENSG00000143819
ZNF234,ENSG00000263002
DYNC2I1,ENSG00000126870
OLFM2,ENSG00000105088
CAPG,ENSG00000042493
SSR3,ENSG00000114850
ASIC1,ENSG00000110881
RABGEF1,ENSG00000154710
LAMB2,ENSG00000172037
KLK6,ENSG00000167755
UBC,ENSG00000150991
RGL3,ENSG00000205517
RNF34,ENSG00000170633
SCARB1,ENSG00000073060
MAPK3,ENSG00000102882
TMEM248,ENSG00000106609
HSD11B1L,ENSG00000167733
HPS3,ENSG00000163755
CDK6,ENSG00000105810
COX4I1,ENSG00000131143
SBDS,ENSG00000126524
LLGL2,ENSG00000073350
GFM1,ENSG00000168827
AGAP3,ENSG00000133612
ROGDI,ENSG00000067836
UBXN11,ENSG00000158062
RIMBP2,ENSG00000060709
SCAP,ENSG00000114650
TNNI3K,ENSG00000116783
YIPF4,ENSG00000119820
TMEM225B,ENSG00000244219
RAMP1,ENSG00000132329
PRADC1,ENSG00000135617
TRPT1,ENSG00000149743
ZNF160,ENSG00000170949
PYROXD1,ENSG00000121350
UBE2D4,ENSG00000078967
AGRP,ENSG00000159723
INSIG2,ENSG00000125629
DNAJA2,ENSG00000069345
ATG4B,ENSG00000168397
CLEC2B,ENSG00000110852
CRLF1,ENSG00000006016
GIGYF1,ENSG00000146830
PIGQ,ENSG00000007541
ECM1,ENSG00000143369
PRR13,ENSG00000205352
ZNF426,ENSG00000130818
HOMER3,ENSG00000051128
PTPMT1,ENSG00000110536
TRPC6,ENSG00000137672
GAPDH,ENSG00000111640
B4GALT3,ENSG00000158850
CD47,ENSG00000196776
TNPO3,ENSG00000064419
HEMK1,ENSG00000114735
KLHDC4,ENSG00000104731
IRGQ,ENSG00000167378
FIZ1,ENSG00000179943
ZNF813,ENSG00000198346
ZNF524,ENSG00000171443
EFEMP1,ENSG00000115380
ZDHHC3,ENSG00000163812
CACHD1,ENSG00000158966
TMIGD1,ENSG00000182271
RHBDF2,ENSG00000129667
C3orf18,ENSG00000088543
ZBTB44,ENSG00000196323
HPCAL4,ENSG00000116983
NPPB,ENSG00000120937
SLC49A4,ENSG00000138463
SRSF10,ENSG00000188529
SIGIRR,ENSG00000185187
RHOA,ENSG00000067560
LRRN3,ENSG00000173114
RECQL,ENSG00000004700
C1orf116,ENSG00000182795
SLC39A1,ENSG00000143570
USP13,ENSG00000058056
D2HGDH,ENSG00000180902
UCP3,ENSG00000175564
SLC25A19,ENSG00000125454
CLUAP1,ENSG00000103351
SLC6A13,ENSG00000010379
NTNG1,ENSG00000162631
HINFP,ENSG00000172273
C1orf35,ENSG00000143793
MVK,ENSG00000110921
MFSD4A,ENSG00000174514
EDC4,ENSG00000038358
KPNA4,ENSG00000186432
MEIS1,ENSG00000143995
TNKS1BP1,ENSG00000149115
DHRS3,ENSG00000162496
VSIG10,ENSG00000176834
CDK14,ENSG00000058091
CSRP2,ENSG00000175183
PSMD13,ENSG00000185627
CREB3L4,ENSG00000143578
IQCG,ENSG00000114473
GALK1,ENSG00000108479
UBXN2A,ENSG00000173960
LRRC23,ENSG00000010626
PCYT2,ENSG00000185813
GLT8D1,ENSG00000016864
CCDC93,ENSG00000125633
KCNH3,ENSG00000135519
KBTBD3,ENSG00000182359
CHCHD2,ENSG00000106153
NELL1,ENSG00000165973
IQCD,ENSG00000166578
NUTF2,ENSG00000102898
UPK3BL1,ENSG00000267368
DDC,ENSG00000132437
TSPAN19,ENSG00000231738
GLTP,ENSG00000139433
NAGK,ENSG00000124357
TCTN2,ENSG00000168778
ABCB10,ENSG00000135776
RERG,ENSG00000134533
IFITM1,ENSG00000185885
SLC6A12,ENSG00000111181
PPIG,ENSG00000138398
JAM3,ENSG00000166086
CPN2,ENSG00000178772
ALDH1L1,ENSG00000144908
MUTYH,ENSG00000132781
PIK3C2A,ENSG00000011405
FAM124B,ENSG00000124019
RTN4,ENSG00000115310
FDX1,ENSG00000137714
ADM,ENSG00000148926
PPHLN1,ENSG00000134283
CARNS1,ENSG00000172508
PSMD12,ENSG00000197170
VKORC1L1,ENSG00000196715
LMO1,ENSG00000166407
CYCS,ENSG00000172115
SLC37A2,ENSG00000134955
AMPH,ENSG00000078053
OTOP3,ENSG00000182938
GNGT2,ENSG00000167083
DNAJC4,ENSG00000110011
ASB3,ENSG00000115239
SNF8,ENSG00000159210
ACCS,ENSG00000110455
IHO1,ENSG00000173421
GLOD4,ENSG00000167699
NUDCD3,ENSG00000015676
RAD54L2,ENSG00000164080
MRGPRF,ENSG00000172935
NDUFV1,ENSG00000167792
OGDH,ENSG00000105953
CENPT,ENSG00000102901
ILKAP,ENSG00000132323
MRPL38,ENSG00000204316
ZBTB38,ENSG00000177311
CA4,ENSG00000167434
PLEKHG6,ENSG00000008323
SLC16A6,ENSG00000108932
ABCA5,ENSG00000154265
RAB3IL1,ENSG00000167994
CCNL1,ENSG00000163660
USP7,ENSG00000187555
AAMP,ENSG00000127837
GRAP,ENSG00000154016
SLC11A2,ENSG00000110911
CCDC66,ENSG00000180376
ZNF668,ENSG00000167394
QPCT,ENSG00000115828
BANP,ENSG00000172530
SOCS5,ENSG00000171150
ANAPC13,ENSG00000129055
SLC8A1,ENSG00000183023
WDR49,ENSG00000174776
DARS1,ENSG00000115866
SLC33A1,ENSG00000169359
SEMA3F,ENSG00000001617
UBE2G1,ENSG00000132388
TEN1,ENSG00000257949
ERLEC1,ENSG00000068912
NAA25,ENSG00000111300
GIT1,ENSG00000108262
COL6A3,ENSG00000163359
GPR85,ENSG00000164604
TMEM52B,ENSG00000165685
COPG1,ENSG00000181789
C7orf25,ENSG00000136197
CYP51A1,ENSG00000001630
PPTC7,ENSG00000196850
ACSS3,ENSG00000111058
LAT2,ENSG00000086730
CREBL2,ENSG00000111269
EML3,ENSG00000149499
KCTD6,ENSG00000168301
METTL1,ENSG00000037897
GALNT15,ENSG00000131386
MYO1A,ENSG00000166866
FADS6,ENSG00000172782
DHX8,ENSG00000067596
POGLUT1,ENSG00000163389
STK39,ENSG00000198648
NRF1,ENSG00000106459
SRPRB,ENSG00000144867
CIITA,ENSG00000179583
CHRD,ENSG00000090539
P2RX4,ENSG00000135124
UNC45B,ENSG00000141161
GALNT13,ENSG00000144278
NCF2,ENSG00000116701
STXBP3,ENSG00000116266
AASS,ENSG00000008311
SDHAF2,ENSG00000167985
CAMK1,ENSG00000134072
NUP107,ENSG00000111581
NLRX1,ENSG00000160703
PPIL3,ENSG00000240344
KCTD13,ENSG00000174943
CNTN3,ENSG00000113805
KRBOX5,ENSG00000197302
CRB1,ENSG00000134376
THPO,ENSG00000090534
DUS2,ENSG00000167264
CLDN16,ENSG00000113946
SECTM1,ENSG00000141574
PRDX5,ENSG00000126432
CLCN2,ENSG00000114859
IL12RB2,ENSG00000081985
TECPR1,ENSG00000205356
FAM20A,ENSG00000108950
PDE3B,ENSG00000152270
USP37,ENSG00000135913
PNPO,ENSG00000108439
IFI16,ENSG00000163565
MYL2,ENSG00000111245
TAC1,ENSG00000006128
METTL6,ENSG00000206562
SPON1,ENSG00000262655
ADCYAP1R1,ENSG00000078549
SLC6A20,ENSG00000163817
FEZ1,ENSG00000149557
CACNG1,ENSG00000108878
MYH1,ENSG00000109061
FAM107A,ENSG00000168309
ERGIC2,ENSG00000087502
PTPN12,ENSG00000127947
POLR2H,ENSG00000163882
PPP1R1C,ENSG00000150722
IWS1,ENSG00000163166
TNN,ENSG00000120332
FMNL3,ENSG00000161791
KPNA1,ENSG00000114030
VMP1,ENSG00000062716
APIP,ENSG00000149089
MERTK,ENSG00000153208
RNASEL,ENSG00000135828
ASIC3,ENSG00000213199
TMEM167B,ENSG00000215717
DPEP2,ENSG00000167261
GLMN,ENSG00000174842
ITGA6,ENSG00000091409
FLI1,ENSG00000151702
SAMD9L,ENSG00000177409
EI24,ENSG00000149547
OGFOD2,ENSG00000111325
PDHB,ENSG00000168291
SUN1,ENSG00000164828
EPN3,ENSG00000049283
FAM234A,ENSG00000167930
CCDC80,ENSG00000091986
PLBD2,ENSG00000151176
CHI3L1,ENSG00000133048
SLC6A4,ENSG00000108576
GALNT5,ENSG00000136542
RAB21,ENSG00000080371
HCLS1,ENSG00000180353
GCC2,ENSG00000135968
PXN,ENSG00000089159
S100A14,ENSG00000189334
GALM,ENSG00000143891
LEFTY1,ENSG00000243709
GATA2,ENSG00000179348
SPSB1,ENSG00000171621
CAPN10,ENSG00000142330
TRIM11,ENSG00000154370
FCGR3A,ENSG00000203747
STIMATE,ENSG00000213533
RAB34,ENSG00000109113
FXR1,ENSG00000114416
CAPN2,ENSG00000162909
FOXRED1,ENSG00000110074
NR1H3,ENSG00000025434
CHMP3,ENSG00000115561
NDUFAF7,ENSG00000003509
ARHGAP29,ENSG00000137962
AP2M1,ENSG00000161203
GRIP1,ENSG00000155974
ODC1,ENSG00000115758
MARK1,ENSG00000116141
CX3CR1,ENSG00000168329
SMARCC1,ENSG00000173473
STAC3,ENSG00000185482
PPP4R3B,ENSG00000275052
NELL2,ENSG00000184613
SLC30A2,ENSG00000158014
CAMKK1,ENSG00000004660
NMNAT1,ENSG00000173614
CCDC181,ENSG00000117477
TAOK3,ENSG00000135090
HPCA,ENSG00000121905
NOTUM,ENSG00000185269
ACTA1,ENSG00000143632
ESRRA,ENSG00000173153
RHBG,ENSG00000132677
PPIH,ENSG00000171960
DENND5A,ENSG00000184014
GNS,ENSG00000135677
CCR2,ENSG00000121807
ZNF654,ENSG00000175105
IL17RB,ENSG00000056736
THUMPD2,ENSG00000138050
OBSL1,ENSG00000124006
HIGD1A,ENSG00000181061
PALB2,ENSG00000083093
NTN4,ENSG00000074527
ZSCAN32,ENSG00000140987
TBC1D23,ENSG00000036054
MOGAT2,ENSG00000166391
ZNF202,ENSG00000166261
PKDCC,ENSG00000162878
DOC2A,ENSG00000149927
ENO2,ENSG00000111674
DTNB,ENSG00000138101
GABPB2,ENSG00000143458
ALG8,ENSG00000159063
RNPC3,ENSG00000185946
APPL2,ENSG00000136044
ACTR8,ENSG00000113812
ZNF385D,ENSG00000151789
TRMT112,ENSG00000173113
ATP13A3,ENSG00000133657
OSBPL5,ENSG00000021762
RBMS3,ENSG00000144642
NFYC,ENSG00000066136
RSPRY1,ENSG00000159579
PARPBP,ENSG00000185480
PRSS23,ENSG00000150687
DYNC1LI2,ENSG00000135720
ZNF143,ENSG00000166478
NEDD1,ENSG00000139350
SLC4A7,ENSG00000033867
PHKB,ENSG00000102893
RHOT1,ENSG00000126858
SLC4A1AP,ENSG00000163798
DIP2B,ENSG00000066084
KRCC1,ENSG00000172086
RBM45,ENSG00000155636
CHST6,ENSG00000183196
ZNF785,ENSG00000197162
WDR12,ENSG00000138442
TMEM117,ENSG00000139173
RPL13,ENSG00000167526
PPP1R1A,ENSG00000135447
RPAP3,ENSG00000005175
PSMA1,ENSG00000129084
NDUFB3,ENSG00000119013
NTHL1,ENSG00000065057
MTX2,ENSG00000128654
CAPS2,ENSG00000180881
DHX38,ENSG00000140829
CBX3,ENSG00000122565
TNK2,ENSG00000061938
PGM2L1,ENSG00000165434
CNRIP1,ENSG00000119865
KCNS3,ENSG00000170745
ST3GAL4,ENSG00000110080
MEAK7,ENSG00000140950
GPR35,ENSG00000178623
ELMO1,ENSG00000155849
FAM168B,ENSG00000152102
FBXO31,ENSG00000103264
NFYB,ENSG00000120837
ATP2A1,ENSG00000196296
ANO6,ENSG00000177119
MCFD2,ENSG00000180398
KLHL18,ENSG00000114648
TCAF1,ENSG00000198420
KIF9,ENSG00000088727
AP5Z1,ENSG00000242802
PTPN18,ENSG00000072135
GSDMB,ENSG00000073605
SOCS2,ENSG00000120833
MYLK3,ENSG00000140795
ZDHHC17,ENSG00000186908
RABEP2,ENSG00000177548
VPS50,ENSG00000004766
TMEM106A,ENSG00000184988
CGGBP1,ENSG00000163320
SLC30A6,ENSG00000152683
ACAD11,ENSG00000240303
ERBB2,ENSG00000141736
SYT17,ENSG00000103528
AUP1,ENSG00000115307
HAGHL,ENSG00000103253
ATF7IP,ENSG00000171681
UBP1,ENSG00000153560
CLCN7,ENSG00000103249
HSPD1,ENSG00000144381
VILL,ENSG00000136059
WNT5B,ENSG00000111186
WIPI1,ENSG00000070540
RAB5B,ENSG00000111540
FAAP100,ENSG00000185504
MMD2,ENSG00000136297
MDFIC,ENSG00000135272
CEP95,ENSG00000258890
GPNMB,ENSG00000136235
USP5,ENSG00000111667
KLHL10,ENSG00000161594
PCOLCE2,ENSG00000163710
MRPL10,ENSG00000159111
CES2,ENSG00000172831
COPB2,ENSG00000184432
GEMIN6,ENSG00000152147
VEZF1,ENSG00000136451
ZNF853,ENSG00000236609
LTBP1,ENSG00000049323
MIOS,ENSG00000164654
ACKR4,ENSG00000129048
EMP2,ENSG00000213853
MRPS22,ENSG00000175110
IL6,ENSG00000136244
DOK4,ENSG00000125170
POLD2,ENSG00000106628
CFAP251,ENSG00000158023
DGKG,ENSG00000058866
PRMT8,ENSG00000111218
TMPRSS13,ENSG00000137747
ESYT1,ENSG00000139641
ADGRG1,ENSG00000205336
HSD17B12,ENSG00000149084
BLZF1,ENSG00000117475
TMEM54,ENSG00000121900
IRF2BP2,ENSG00000168264
LRRC8D,ENSG00000171492
C3orf33,ENSG00000174928
AHR,ENSG00000106546
DZIP1L,ENSG00000158163
ZSCAN25,ENSG00000197037
FDPS,ENSG00000160752
STAB1,ENSG00000010327
SFTPB,ENSG00000168878
RARRES2,ENSG00000106538
IFT81,ENSG00000122970
E2F8,ENSG00000129173
IFT56,ENSG00000105948
SYNC,ENSG00000162520
SC5D,ENSG00000109929
TMEM98,ENSG00000006042
GNB1,ENSG00000078369
UEVLD,ENSG00000151116
KBTBD12,ENSG00000187715
GPER1,ENSG00000164850
ARHGDIB,ENSG00000111348
FYCO1,ENSG00000163820
CASD1,ENSG00000127995
LEMD3,ENSG00000174106
SNX11,ENSG00000002919
THRB,ENSG00000151090
MS4A1,ENSG00000156738
TBK1,ENSG00000183735
H2AZ2,ENSG00000105968
RNF214,ENSG00000167257
SPHK1,ENSG00000176170
CUX1,ENSG00000257923
PRKCA,ENSG00000154229
CHRND,ENSG00000135902
SYTL2,ENSG00000137501
STK36,ENSG00000163482
PELP1,ENSG00000141456
SPRYD3,ENSG00000167778
POLR3B,ENSG00000013503
DDX42,ENSG00000198231
CHRM2,ENSG00000181072
ABCB4,ENSG00000005471
NT5DC2,ENSG00000168268
ACSL3,ENSG00000123983
CCDC47,ENSG00000108588
SLC6A15,ENSG00000072041
USP4,ENSG00000114316
RAD51D,ENSG00000185379
PSMD9,ENSG00000110801
PNKD,ENSG00000127838
RBM19,ENSG00000122965
SWAP70,ENSG00000133789
ANXA4,ENSG00000196975
POLM,ENSG00000122678
SLCO2B1,ENSG00000137491
MIS12,ENSG00000167842
RAP1A,ENSG00000116473
LMBR1L,ENSG00000139636
C11orf97,ENSG00000257057
CPT1A,ENSG00000110090
EPHX4,ENSG00000172031
WDR3,ENSG00000065183
CEND1,ENSG00000184524
SPDYE18,ENSG00000205482
LRCH4,ENSG00000077454
LRRC4C,ENSG00000148948
SLC25A45,ENSG00000162241
CCT2,ENSG00000166226
MTMR11,ENSG00000014914
PRRG4,ENSG00000135378
PPP2R5B,ENSG00000068971
SRRT,ENSG00000087087
RAB3GAP2,ENSG00000118873
NEUROD2,ENSG00000171532
PAWR,ENSG00000177425
CD300E,ENSG00000186407
MYH3,ENSG00000109063
STK33,ENSG00000130413
ALKAL2,ENSG00000189292
DCN,ENSG00000011465
CXCR6,ENSG00000172215
ITGB5,ENSG00000082781
SLC4A3,ENSG00000114923
PTRH2,ENSG00000141378
HGS,ENSG00000185359
GUCY2C,ENSG00000070019
TSNAX,ENSG00000116918
CUEDC1,ENSG00000180891
TBC1D5,ENSG00000131374
TARS2,ENSG00000143374
CHFR,ENSG00000072609
ELAC2,ENSG00000006744
RNF141,ENSG00000110315
KCNK4,ENSG00000182450
HIBCH,ENSG00000198130
BBS1,ENSG00000174483
LRWD1,ENSG00000161036
AGR2,ENSG00000106541
RAB7B,ENSG00000276600
PCOLCE,ENSG00000106333
INPP5B,ENSG00000204084
ACTR3B,ENSG00000133627
TMBIM1,ENSG00000135926
PFKFB2,ENSG00000123836
COPB1,ENSG00000129083
LEP,ENSG00000174697
ASB4,ENSG00000005981
PRKAR2B,ENSG00000005249
CBX4,ENSG00000141582
PLXDC1,ENSG00000161381
FBXL13,ENSG00000161040
TMEM106B,ENSG00000106460
IQCB1,ENSG00000173226
LIG3,ENSG00000005156
AACS,ENSG00000081760
ZNF277,ENSG00000198839
WNT3A,ENSG00000154342
IARS2,ENSG00000067704
GAL3ST4,ENSG00000197093
PDCD6IP,ENSG00000170248
ZDHHC4,ENSG00000136247
NRBP1,ENSG00000115216
NUMA1,ENSG00000137497
TMEM233,ENSG00000224982
FBXW8,ENSG00000174989
CAPN7,ENSG00000131375
MOV10,ENSG00000155363
SLC5A10,ENSG00000154025
TIMELESS,ENSG00000111602
OR3A2,ENSG00000221882
SLC52A1,ENSG00000132517
PSMC5,ENSG00000087191
QARS1,ENSG00000172053
VPS37D,ENSG00000176428
EIPR1,ENSG00000032389
LRRC17,ENSG00000128606
PPP1R35,ENSG00000160813
SUMF2,ENSG00000129103
DDX1,ENSG00000079785
RPS6KB1,ENSG00000108443
PHETA1,ENSG00000198324
TSPAN9,ENSG00000011105
RAC1,ENSG00000136238
ALG6,ENSG00000088035
MINK1,ENSG00000141503
CLIP1,ENSG00000130779
PTCD1,ENSG00000106246
DMRTA2,ENSG00000142700
ANKRD35,ENSG00000198483
ZNF691,ENSG00000164011
DBT,ENSG00000137992
CPT2,ENSG00000157184
PUM2,ENSG00000055917
GNG12,ENSG00000172380
GNB2,ENSG00000172354
EFCAB2,ENSG00000203666
SUSD4,ENSG00000143502
SLC41A1,ENSG00000133065
PHKG1,ENSG00000164776
XPOT,ENSG00000184575
TPRA1,ENSG00000163870
TBCEL,ENSG00000154114
BUD31,ENSG00000106245
SLFN12,ENSG00000172123
CPD,ENSG00000108582
NOTCH2NLA,ENSG00000264343
TRIP6,ENSG00000087077
PLEKHG5,ENSG00000171680
DDB2,ENSG00000134574
CNTROB,ENSG00000170037
PTPN11,ENSG00000179295
FIBP,ENSG00000172500
ADAM22,ENSG00000008277
DHX40,ENSG00000108406
TPCN1,ENSG00000186815
FEN1,ENSG00000168496
LRRC51,ENSG00000184154
PYGM,ENSG00000068976
IFTAP,ENSG00000166352
MYRIP,ENSG00000170011
CFAP221,ENSG00000163075
STIL,ENSG00000123473
SLC43A1,ENSG00000149150
ATXN7L3,ENSG00000087152
SP140L,ENSG00000185404
ZMYND10,ENSG00000004838
RASD1,ENSG00000108551
NPRL2,ENSG00000114388
PCYOX1,ENSG00000116005
UBTF,ENSG00000108312
GFPT1,ENSG00000198380
AKIP1,ENSG00000166452
DAG1,ENSG00000173402
TROAP,ENSG00000135451
CD82,ENSG00000085117
FYTTD1,ENSG00000122068
STEAP2,ENSG00000157214
POMGNT1,ENSG00000085998
PBRM1,ENSG00000163939
CMKLR1,ENSG00000174600
MYO1B,ENSG00000128641
CNPY2,ENSG00000257727
GTF2IRD2,ENSG00000196275
RPLP0,ENSG00000089157
SLC35B4,ENSG00000205060
CDK13,ENSG00000065883
MRPS33,ENSG00000090263
AMPD3,ENSG00000133805
ZKSCAN1,ENSG00000106261
GALNT11,ENSG00000178234
EHBP1L1,ENSG00000173442
MYBPC1,ENSG00000196091
LRIG1,ENSG00000144749
ACTN3,ENSG00000248746
HSD3B2,ENSG00000203859
CCZ1B,ENSG00000146574
S100A7,ENSG00000143556
CRY2,ENSG00000121671
RO60,ENSG00000116747
PRR15,ENSG00000176532
CDK5,ENSG00000164885
P2RY2,ENSG00000175591
PPP1R9B,ENSG00000108819
NKAPD1,ENSG00000150776
AGFG2,ENSG00000106351
KIF19,ENSG00000196169
SYT7,ENSG00000011347
TFRC,ENSG00000072274
MAD1L1,ENSG00000002822
SLC39A13,ENSG00000165915
UROC1,ENSG00000159650
XPR1,ENSG00000143324
SLC15A2,ENSG00000163406
RPA1,ENSG00000132383
CKAP5,ENSG00000175216
EVI5,ENSG00000067208
KRIT1,ENSG00000001631
NPHP1,ENSG00000144061
RAB7A,ENSG00000075785
DNAI2,ENSG00000171595
ZSCAN20,ENSG00000121903
HDAC11,ENSG00000163517
ARNT,ENSG00000143437
FLCN,ENSG00000154803
ABI2,ENSG00000138443
NTN1,ENSG00000065320
OTOP2,ENSG00000183034
RPL22L1,ENSG00000163584
HEXIM2,ENSG00000168517
CLDND1,ENSG00000080822
CYB561,ENSG00000008283
CCL24,ENSG00000106178
SAP30BP,ENSG00000161526
SPINDOC,ENSG00000168005
TRIM74,ENSG00000155428
FIGNL1,ENSG00000132436
SLC25A40,ENSG00000075303
TRAIP,ENSG00000183763
VPS37C,ENSG00000167987
SIPA1,ENSG00000213445
HUS1,ENSG00000136273
INTS2,ENSG00000108506
UBA5,ENSG00000081307
KDM3A,ENSG00000115548
RINT1,ENSG00000135249
PLSCR1,ENSG00000188313
DBNL,ENSG00000136279
KAT2A,ENSG00000108773
FAR1,ENSG00000197601
PIAS3,ENSG00000131788
LMO2,ENSG00000135363
FGFR1OP2,ENSG00000111790
CD44,ENSG00000026508
ETFRF1,ENSG00000205707
ARL8B,ENSG00000134108
H6PD,ENSG00000049239
NAGLU,ENSG00000108784
IFT80,ENSG00000068885
PIANP,ENSG00000139200
CD300LF,ENSG00000186074
TTC27,ENSG00000018699
MCRS1,ENSG00000187778
TLK2,ENSG00000146872
HECW2,ENSG00000138411
TNFSF10,ENSG00000121858
ABHD5,ENSG00000011198
CHRM3,ENSG00000133019
NCKIPSD,ENSG00000213672
TPST1,ENSG00000169902
NENF,ENSG00000117691
SMARCAL1,ENSG00000138375
NUDT17,ENSG00000186364
NPL,ENSG00000135838
SNX10,ENSG00000086300
CCDC148,ENSG00000153237
GMPS,ENSG00000163655
CYP20A1,ENSG00000119004
DGKB,ENSG00000136267
IBA57,ENSG00000181873
DHX9,ENSG00000135829
ZBBX,ENSG00000169064
CPSF4,ENSG00000160917
SLC39A10,ENSG00000196950
CEP70,ENSG00000114107
GUCA2A,ENSG00000197273
PRR15L,ENSG00000167183
PSMA2,ENSG00000106588
EIF2B3,ENSG00000070785
CDRT4,ENSG00000239704
CACNB1,ENSG00000067191
LRRC41,ENSG00000132128
SAMTOR,ENSG00000164603
PNPLA8,ENSG00000135241
CHD1L,ENSG00000131778
INPP1,ENSG00000151689
COL1A1,ENSG00000108821
PLS1,ENSG00000120756
TBRG4,ENSG00000136270
COPS7B,ENSG00000144524
AOX1,ENSG00000138356
MAP3K3,ENSG00000198909
PSMG3,ENSG00000157778
PLEKHA3,ENSG00000116095
PHTF2,ENSG00000006576
YPEL5,ENSG00000119801
VCAM1,ENSG00000162692
UVRAG,ENSG00000198382
NR2C2,ENSG00000177463
UHMK1,ENSG00000152332
TOGARAM2,ENSG00000189350
GJC1,ENSG00000182963
UQCRH,ENSG00000173660
WSB1,ENSG00000109046
MTA3,ENSG00000057935
CD59,ENSG00000085063
SLAMF8,ENSG00000158714
F3,ENSG00000117525
KDM5B,ENSG00000117139
ZBTB3,ENSG00000185670
BDNF,ENSG00000176697
RFT1,ENSG00000163933
TMEM123,ENSG00000152558
TRIM68,ENSG00000167333
CANT1,ENSG00000171302
FADS3,ENSG00000221968
FOXP1,ENSG00000114861
TTC7A,ENSG00000068724
GIMAP5,ENSG00000196329
ASNS,ENSG00000070669
PIRT,ENSG00000233670
PLD2,ENSG00000129219
TTC17,ENSG00000052841
TMEM60,ENSG00000135211
RBM28,ENSG00000106344
RAB11FIP4,ENSG00000131242
APLP2,ENSG00000084234
EVA1A,ENSG00000115363
C4BPB,ENSG00000123843
ZNF800,ENSG00000048405
TOM1L1,ENSG00000141198
TMEM140,ENSG00000146859
GSTK1,ENSG00000197448
KCMF1,ENSG00000176407
FOSL2,ENSG00000075426
ELMOD3,ENSG00000115459
HECTD3,ENSG00000126107
ASB10,ENSG00000146926
TSPAN12,ENSG00000106025
SCMH1,ENSG00000010803
PSPH,ENSG00000146733
AKAP1,ENSG00000121057
SLC25A34,ENSG00000162461
CHI3L2,ENSG00000064886
MS4A6E,ENSG00000166926
PHLDB1,ENSG00000019144
WRAP53,ENSG00000141499
RAP1GAP,ENSG00000076864
NAMPT,ENSG00000105835
MTIF2,ENSG00000085760
COX11,ENSG00000166260
ZNF775,ENSG00000196456
TRIM47,ENSG00000132481
CTDNEP1,ENSG00000175826
OSBPL3,ENSG00000070882
KPNA2,ENSG00000182481
TRIM37,ENSG00000108395
REG1B,ENSG00000172023
CDC42EP3,ENSG00000163171
LIMS2,ENSG00000072163
ATG7,ENSG00000197548
TTYH3,ENSG00000136295
FBXO40,ENSG00000163833
SPICE1,ENSG00000163611
URGCP,ENSG00000106608
RPS6KA4,ENSG00000162302
PPP1R9A,ENSG00000158528
CTNNB1,ENSG00000168036
PDK1,ENSG00000152256
GRIK4,ENSG00000149403
TBX2,ENSG00000121068
C2CD6,ENSG00000155754
STARD3,ENSG00000131748
ACOXL,ENSG00000153093
CHCHD3,ENSG00000106554
MS4A4A,ENSG00000110079
NCF1,ENSG00000158517
SP100,ENSG00000067066
VEGFB,ENSG00000173511
STEAP4,ENSG00000127954
TRIM34,ENSG00000258659
SH2B2,ENSG00000160999
PPME1,ENSG00000214517
GPR146,ENSG00000164849
TRIM24,ENSG00000122779
RIN1,ENSG00000174791
ARHGAP1,ENSG00000175220
ICAM2,ENSG00000108622
FKBP9,ENSG00000122642
GTF3C2,ENSG00000115207
MYH2,ENSG00000125414
IPO7,ENSG00000205339
VGF,ENSG00000128564
TAF6,ENSG00000106290
PSMC3,ENSG00000165916
PLCH1,ENSG00000114805
GPR17,ENSG00000144230
IGFBP5,ENSG00000115461
FEZ2,ENSG00000171055
COPZ2,ENSG00000005243
CHID1,ENSG00000177830
NBAS,ENSG00000151779
SMTNL2,ENSG00000188176
STAG1,ENSG00000118007
TDRKH,ENSG00000182134
ARPC1B,ENSG00000130429
CD68,ENSG00000129226
SPECC1,ENSG00000128487
ATIC,ENSG00000138363
GHDC,ENSG00000167925
CNTN4,ENSG00000144619
AFMID,ENSG00000183077
ZKSCAN5,ENSG00000196652
OPA1,ENSG00000198836
ETV1,ENSG00000006468
NXF1,ENSG00000162231
UNC13D,ENSG00000092929
EMILIN1,ENSG00000138080
GUK1,ENSG00000143774
MYL1,ENSG00000168530
TM7SF2,ENSG00000149809
SNED1,ENSG00000162804
ZNF394,ENSG00000160908
MKS1,ENSG00000011143
AP4M1,ENSG00000221838
HIC1,ENSG00000177374
EZH1,ENSG00000108799
SULT1C4,ENSG00000198075
ZC3H8,ENSG00000144161
DAGLA,ENSG00000134780
CNOT11,ENSG00000158435
ZRANB3,ENSG00000121988
DPH5,ENSG00000117543
MS4A7,ENSG00000166927
HOATZ,ENSG00000183644
ATM,ENSG00000149311
SAT2,ENSG00000141504
SERPINE2,ENSG00000135919
PSMD11,ENSG00000108671
SYPL2,ENSG00000143028
ABCF2,ENSG00000033050
RHOC,ENSG00000155366
PSD4,ENSG00000125637
DCPS,ENSG00000110063
FRZB,ENSG00000162998
RRAS2,ENSG00000133818
CCDC126,ENSG00000169193
MUS81,ENSG00000172732
BRAT1,ENSG00000106009
INPP5K,ENSG00000132376
CCDC88B,ENSG00000168071
CPB1,ENSG00000153002
IRF6,ENSG00000117595
IMPDH2,ENSG00000178035
CNPY4,ENSG00000166997
TRPV1,ENSG00000196689
ACTL6B,ENSG00000077080
C1orf21,ENSG00000116667
RGS5,ENSG00000143248
TRIM56,ENSG00000169871
GIMAP6,ENSG00000133561
EIF2AK1,ENSG00000086232
IGSF9,ENSG00000085552
CASP8,ENSG00000064012
LTBP3,ENSG00000168056
COQ8A,ENSG00000163050
SIRT7,ENSG00000187531
CCZ1,ENSG00000122674
UBA3,ENSG00000144744
STAMBP,ENSG00000124356
PPP1R1B,ENSG00000131771
C11orf58,ENSG00000110696
HSPA8,ENSG00000109971
SLC12A9,ENSG00000146828
EPN2,ENSG00000072134
TMEM108,ENSG00000144868
COL8A1,ENSG00000144810
MS4A12,ENSG00000071203
SCYL1,ENSG00000142186
LRCH3,ENSG00000186001
HID1,ENSG00000167861
IKZF1,ENSG00000185811
LRPPRC,ENSG00000138095
MAPKAPK3,ENSG00000114738
DERL2,ENSG00000072849
SEMA4A,ENSG00000196189
NHERF1,ENSG00000109062
STYXL1,ENSG00000127952
ANKRD13B,ENSG00000198720
MYD88,ENSG00000172936
MPP2,ENSG00000108852
NKAIN1,ENSG00000084628
NXPE3,ENSG00000144815
EPHB4,ENSG00000196411
HAX1,ENSG00000143575
SERTAD2,ENSG00000179833
ERCC3,ENSG00000163161
IPO13,ENSG00000117408
FGD5,ENSG00000154783
SMYD2,ENSG00000143499
STX1A,ENSG00000106089
TSPAN4,ENSG00000214063
RBMS1,ENSG00000153250
BECN1,ENSG00000126581
PGAM2,ENSG00000164708
TATDN3,ENSG00000203705
ELAPOR2,ENSG00000164659
MDH2,ENSG00000146701
CORO6,ENSG00000167549
PTPRN,ENSG00000054356
GTF2IRD1,ENSG00000006704
PRCC,ENSG00000143294
TRIM16,ENSG00000221926
PSMD4,ENSG00000159352
ILDR1,ENSG00000145103
MFN1,ENSG00000171109
ARMC9,ENSG00000135931
SLC3A2,ENSG00000168003
STRIP1,ENSG00000143093
PELI3,ENSG00000174516
GALNT2,ENSG00000143641
TMEM50A,ENSG00000183726
AP2B1,ENSG00000006125
RCN1,ENSG00000049449
SART1,ENSG00000175467
WDR6,ENSG00000178252
EDEM3,ENSG00000116406
DALRD3,ENSG00000178149
AKR1B1,ENSG00000085662
PLPPR5,ENSG00000117598
GLYCTK,ENSG00000168237
TTLL4,ENSG00000135912
WNT4,ENSG00000162552
MBNL1,ENSG00000152601
NEXN,ENSG00000162614
ABCB6,ENSG00000115657
KDM4A,ENSG00000066135
TRAPPC1,ENSG00000170043
CUL1,ENSG00000055130
NUP85,ENSG00000125450
RNF207,ENSG00000158286
TBC1D8,ENSG00000204634
CLDN11,ENSG00000013297
CD1E,ENSG00000158488
EPHB1,ENSG00000154928
PSME3,ENSG00000131467
SNRNP27,ENSG00000124380
GCA,ENSG00000115271
PRICKLE2,ENSG00000163637
SCN5A,ENSG00000183873
MANEAL,ENSG00000185090
MAP2,ENSG00000078018
MYOCD,ENSG00000141052
TESK2,ENSG00000070759
PLEKHA8,ENSG00000106086
TUBG2,ENSG00000037042
FAM89A,ENSG00000182118
TAF12,ENSG00000120656
PPFIA4,ENSG00000143847
DNAJC7,ENSG00000168259
RNF32,ENSG00000105982
KIAA0040,ENSG00000235750
EGLN1,ENSG00000135766
ATF6,ENSG00000118217
VEPH1,ENSG00000197415
PRKAR1B,ENSG00000188191
PTPN4,ENSG00000088179
IL1RAP,ENSG00000196083
SRGAP2C,ENSG00000171943
CLIC4,ENSG00000169504
TOMM40L,ENSG00000158882
HDAC5,ENSG00000108840
DNAAF5,ENSG00000164818
AZIN2,ENSG00000142920
SEMA5B,ENSG00000082684
NCK2,ENSG00000071051
EIF3B,ENSG00000106263
ACTG2,ENSG00000163017
FAF1,ENSG00000185104
PTX3,ENSG00000163661
ABTB1,ENSG00000114626
CCDC138,ENSG00000163006
STARD3NL,ENSG00000010270
CRBN,ENSG00000113851
ZNF593OS,ENSG00000236782
C1QB,ENSG00000173369
EPS8L3,ENSG00000198758
SEC22C,ENSG00000093183
SPATS2L,ENSG00000196141
TRNT1,ENSG00000072756
CALD1,ENSG00000122786
SSR2,ENSG00000163479
ANO10,ENSG00000160746
PIGC,ENSG00000135845
FAAH,ENSG00000117480
CTC1,ENSG00000178971
SWT1,ENSG00000116668
NKTR,ENSG00000114857
P2RX1,ENSG00000108405
NCMAP,ENSG00000184454
GPR161,ENSG00000143147
SYNGR2,ENSG00000108639
TWF2,ENSG00000247596
GRB7,ENSG00000141738
PPM1M,ENSG00000164088
EPRS1,ENSG00000136628
TKT,ENSG00000163931
HSPBAP1,ENSG00000169087
CMC1,ENSG00000187118
TBCCD1,ENSG00000113838
TBC1D16,ENSG00000167291
IRAK2,ENSG00000134070
PROX1,ENSG00000117707
NPHP3,ENSG00000113971
ABCF3,ENSG00000161204
RHBDL3,ENSG00000141314
NBPF9,ENSG00000269713
DRG2,ENSG00000108591
MYLK,ENSG00000065534
TBL1XR1,ENSG00000177565
ADAP2,ENSG00000184060
PIGK,ENSG00000142892
SMIM12,ENSG00000163866
OSGEPL1,ENSG00000128694
ZBTB8A,ENSG00000160062
SGSM2,ENSG00000141258
ITGB6,ENSG00000115221
SLC35A3,ENSG00000117620
TEX2,ENSG00000136478
MAP4K3,ENSG00000011566
RCC1,ENSG00000180198
ZNF639,ENSG00000121864
PLAAT1,ENSG00000127252
BRPF1,ENSG00000156983
ERAL1,ENSG00000132591
BBX,ENSG00000114439
MYO1C,ENSG00000197879
FARSB,ENSG00000116120
PLEKHH2,ENSG00000152527
ZFP69,ENSG00000187815
METTL23,ENSG00000181038
CD160,ENSG00000117281
THEMIS2,ENSG00000130775
PDK2,ENSG00000005882
ACTR2,ENSG00000138071
GBP4,ENSG00000162654
H3-3A,ENSG00000163041
MARCO,ENSG00000019169
QRICH1,ENSG00000198218
SLC16A5,ENSG00000170190
ACTR3,ENSG00000115091
RPF1,ENSG00000117133
ZNF644,ENSG00000122482
SLC19A3,ENSG00000135917
PXYLP1,ENSG00000155893
THAP3,ENSG00000041988
HOXB3,ENSG00000120093
CFAP36,ENSG00000163001
NPPA,ENSG00000175206
LAPTM5,ENSG00000162511
ENO3,ENSG00000108515
ZBTB48,ENSG00000204859
ABHD6,ENSG00000163686
PREPL,ENSG00000138078
NEK11,ENSG00000114670
ARF1,ENSG00000143761
MCOLN3,ENSG00000055732
NEK8,ENSG00000160602
DPT,ENSG00000143196
PKN2,ENSG00000065243
SACM1L,ENSG00000211456
HPCAL1,ENSG00000115756
DISP1,ENSG00000154309
ANP32E,ENSG00000143401
DENND6A,ENSG00000174839
TMEM115,ENSG00000126062
EFTUD2,ENSG00000108883
MXRA8,ENSG00000162576
ARIH2,ENSG00000177479
CD1D,ENSG00000158473
YBX1,ENSG00000065978
IL1A,ENSG00000115008
MPP4,ENSG00000082126
C1orf54,ENSG00000118292
NADK,ENSG00000008130
TXNDC9,ENSG00000115514
RNF157,ENSG00000141576
MAD2L2,ENSG00000116670
WSCD1,ENSG00000179314
SKAP1,ENSG00000141293
GRB2,ENSG00000177885
ZNF207,ENSG00000010244
ASTE1,ENSG00000034533
AANAT,ENSG00000129673
MAP4,ENSG00000047849
ADGRL4,ENSG00000162618
P3H4,ENSG00000141696
CYB561D1,ENSG00000174151
THRAP3,ENSG00000054118
MFSD11,ENSG00000092931
TMEM150A,ENSG00000168890
PTPRF,ENSG00000142949
TIMP2,ENSG00000035862
ANKMY1,ENSG00000144504
SRSF2,ENSG00000161547
TTYH2,ENSG00000141540
KRT13,ENSG00000171401
SPOP,ENSG00000121067
ACADL,ENSG00000115361
TFG,ENSG00000114354
IL1R1,ENSG00000115594
ZBTB17,ENSG00000116809
IL17RC,ENSG00000163702
B4GALT2,ENSG00000117411
TTC21B,ENSG00000123607
DNAJC11,ENSG00000007923
SUMO2,ENSG00000188612
ATP6V0A1,ENSG00000033627
AHDC1,ENSG00000126705
UBE2E3,ENSG00000170035
TMEM63A,ENSG00000196187
KIDINS220,ENSG00000134313
CCT3,ENSG00000163468
CNPPD1,ENSG00000115649
DVL1,ENSG00000107404
ATL2,ENSG00000119787
IL6R,ENSG00000160712
DNMT3A,ENSG00000119772
UBE2Z,ENSG00000159202
CD300LG,ENSG00000161649
PSRC1,ENSG00000134222
LYRM9,ENSG00000232859
C17orf67,ENSG00000214226
FCRLA,ENSG00000132185
CASC3,ENSG00000108349
PYCR2,ENSG00000143811
RANBP2,ENSG00000153201
CFAP57,ENSG00000243710
P2RX5,ENSG00000083454
WDR54,ENSG00000005448
ACP6,ENSG00000162836
PIKFYVE,ENSG00000115020
CASQ1,ENSG00000143318
EBNA1BP2,ENSG00000117395
PAFAH1B1,ENSG00000007168
EYA3,ENSG00000158161
TTC19,ENSG00000011295
CEP131,ENSG00000141577
STAT4,ENSG00000138378
TBCE,ENSG00000284770
SNRNP200,ENSG00000144028
BMP10,ENSG00000163217
VMA12,ENSG00000244045
TRIP12,ENSG00000153827
RER1,ENSG00000157916
S100A6,ENSG00000197956
TMEM275,ENSG00000282881
KDM1A,ENSG00000004487
MAP3K6,ENSG00000142733
NPEPPS,ENSG00000141279
CMPK1,ENSG00000162368
DUSP12,ENSG00000081721
MEGF6,ENSG00000162591
TMC6,ENSG00000141524
SLC19A2,ENSG00000117479
UBE2J2,ENSG00000160087
MFAP2,ENSG00000117122
GLIS1,ENSG00000174332
CTNNBIP1,ENSG00000178585
RBBP5,ENSG00000117222
PAQR6,ENSG00000160781
CERS2,ENSG00000143418
GPBP1L1,ENSG00000159592
VIT,ENSG00000205221
SHC1,ENSG00000160691
COQ10B,ENSG00000115520
PDIA6,ENSG00000143870
NAB1,ENSG00000138386
EIF2D,ENSG00000143486
MED24,ENSG00000008838
MAGI3,ENSG00000081026
DNAJC10,ENSG00000077232
TXNIP,ENSG00000265972
NPHP4,ENSG00000131697
SMC6,ENSG00000163029
NPAS2,ENSG00000170485
PID1,ENSG00000153823
PAIP2B,ENSG00000124374
COMMD1,ENSG00000173163
PMS1,ENSG00000064933
CEP104,ENSG00000116198
TMC8,ENSG00000167895
RUSC1,ENSG00000160753
CFH,ENSG00000000971
KCNF1,ENSG00000162975
ACBD6,ENSG00000230124
PHOSPHO2,ENSG00000144362
FCRL3,ENSG00000160856
YWHAQ,ENSG00000134308
NBPF11,ENSG00000263956
PGAP1,ENSG00000197121
GIGYF2,ENSG00000204120
S100A8,ENSG00000143546
OSBPL9,ENSG00000117859
KLHL17,ENSG00000187961
SRRM1,ENSG00000133226
TIMM17A,ENSG00000134375
ITGB3BP,ENSG00000142856
GBP3,ENSG00000117226
OSCP1,ENSG00000116885
SH3BP4,ENSG00000130147
USP33,ENSG00000077254
ORMDL1,ENSG00000128699
SLC30A3,ENSG00000115194
PSMD14,ENSG00000115233
TTL,ENSG00000114999
MBOAT2,ENSG00000143797
SCN7A,ENSG00000136546
LRATD1,ENSG00000162981
PIK3R3,ENSG00000117461
OLA1,ENSG00000138430
NID1,ENSG00000116962
PDE1A,ENSG00000115252
CDC14A,ENSG00000079335
TPO,ENSG00000115705
DPH2,ENSG00000132768
NPR1,ENSG00000169418
LPIN1,ENSG00000134324
GJA5,ENSG00000265107
EPS15,ENSG00000085832
FHL3,ENSG00000183386
NDUFA10,ENSG00000130414
EIF3I,ENSG00000084623
ARL8A,ENSG00000143862
DHCR24,ENSG00000116133
LGR6,ENSG00000133067
IDH1,ENSG00000138413
CHIT1,ENSG00000133063
BRINP3,ENSG00000162670
C1orf74,ENSG00000162757
ACADM,ENSG00000117054
CREB1,ENSG00000118260
LANCL1,ENSG00000115365
CPTP,ENSG00000224051
HES2,ENSG00000069812
CRTC2,ENSG00000160741
CLASP1,ENSG00000074054
YARS1,ENSG00000134684
MTARC2,ENSG00000117791
FMOD,ENSG00000122176
MTFR1L,ENSG00000117640
SMG5,ENSG00000198952
KLHL23,ENSG00000213160
CWC22,ENSG00000163510
CAB39,ENSG00000135932
STK40,ENSG00000196182
PRPF38A,ENSG00000134748
PHACTR4,ENSG00000204138
TAGLN2,ENSG00000158710
ANKRD23,ENSG00000163126
NTRK1,ENSG00000198400
MFSD6,ENSG00000151690
SANBR,ENSG00000162929
SLC66A1,ENSG00000040487
SLC5A6,ENSG00000138074
USP1,ENSG00000162607
ARHGEF11,ENSG00000132694
ISG20L2,ENSG00000143319
PKP4,ENSG00000144283
FAM110D,ENSG00000197245
MFSD9,ENSG00000135953
CLCNKA,ENSG00000186510
CCT7,ENSG00000135624
C2orf80,ENSG00000188674
CCDC18,ENSG00000122483
IMMT,ENSG00000132305
DSTYK,ENSG00000133059
SLC35E2B,ENSG00000189339
HSPB7,ENSG00000173641
UBXN10,ENSG00000162543
GPR153,ENSG00000158292
PGD,ENSG00000142657
MIA3,ENSG00000154305
CA14,ENSG00000118298
C1orf87,ENSG00000162598
HMGN2,ENSG00000198830
MRPL55,ENSG00000162910
SATB2,ENSG00000119042
FBXO48,ENSG00000204923
GLB1L,ENSG00000163521
SF3B1,ENSG00000115524
ANKZF1,ENSG00000163516
LZIC,ENSG00000162441
DNAJB4,ENSG00000162616
FAP,ENSG00000078098
LYPLA2,ENSG00000011009
MAN1C1,ENSG00000117643
ANKRD53,ENSG00000144031
APLF,ENSG00000169621
FCRL2,ENSG00000132704
EML4,ENSG00000143924
PLEKHM2,ENSG00000116786
FUBP1,ENSG00000162613
GULP1,ENSG00000144366
AK4,ENSG00000162433
IVNS1ABP,ENSG00000116679
TRAF3IP3,ENSG00000009790
SH2D2A,ENSG00000027869
PRPF3,ENSG00000117360
HOXD3,ENSG00000128652
DGKD,ENSG00000077044
FAM20B,ENSG00000116199
RPAP2,ENSG00000122484
CTBS,ENSG00000117151
SLC50A1,ENSG00000169241
CEBPZOS,ENSG00000218739
CLCA1,ENSG00000016490
TMEM127,ENSG00000135956
SORT1,ENSG00000134243
RNF149,ENSG00000163162
CCDC85A,ENSG00000055813
METTL8,ENSG00000123600
GPAT2,ENSG00000186281
RC3H1,ENSG00000135870
C1orf216,ENSG00000142686
GALE,ENSG00000117308
SELP,ENSG00000174175
STK11IP,ENSG00000144589
SLC25A33,ENSG00000171612
SLC4A5,ENSG00000188687
GBP1,ENSG00000117228
RTCA,ENSG00000137996
CDC73,ENSG00000134371
DNPEP,ENSG00000123992
GNPAT,ENSG00000116906
GPATCH11,ENSG00000152133
ST6GAL2,ENSG00000144057
WNT10A,ENSG00000135925
FH,ENSG00000091483
SGPP2,ENSG00000163082
STON1,ENSG00000243244
B3GALT2,ENSG00000162630
ECHDC2,ENSG00000121310
CASP10,ENSG00000003400
KLHL30,ENSG00000168427
R3HDM1,ENSG00000048991
MIB2,ENSG00000197530
FASTKD1,ENSG00000138399
DYNC2LI1,ENSG00000138036
SH2D6,ENSG00000152292
RABL2A,ENSG00000144134
NGEF,ENSG00000066248
DNER,ENSG00000187957
SLC11A1,ENSG00000018280
FAM228A,ENSG00000186453
WDR33,ENSG00000136709
CPS1,ENSG00000021826
TARDBP,ENSG00000120948
DDX59,ENSG00000118197
C1orf43,ENSG00000143612
ZBTB41,ENSG00000177888
SLC2A1,ENSG00000117394
SLC44A3,ENSG00000143036
CSF1,ENSG00000184371
RCSD1,ENSG00000198771
SMYD1,ENSG00000115593
MYOM3,ENSG00000142661
ATP6V1E2,ENSG00000250565
KIF1B,ENSG00000054523
MAP3K20,ENSG00000091436
ZEB2,ENSG00000169554
RPS27A,ENSG00000143947
CD84,ENSG00000066294
NCKAP1,ENSG00000061676
PPM1J,ENSG00000155367
ZYG11B,ENSG00000162378
DAB1,ENSG00000173406
FMO4,ENSG00000076258
G0S2,ENSG00000123689
FOXJ3,ENSG00000198815
GLMP,ENSG00000198715
RBP7,ENSG00000162444
NLRP3,ENSG00000162711
TANK,ENSG00000136560
PLPP3,ENSG00000162407
MDM4,ENSG00000198625
ADPRS,ENSG00000116863
PLEKHN1,ENSG00000187583
IL1R2,ENSG00000115590
KANK4,ENSG00000132854
DUSP10,ENSG00000143507
CYRIA,ENSG00000197872
BCAR3,ENSG00000137936
ACBD3,ENSG00000182827
ORC1,ENSG00000085840
AGFG1,ENSG00000173744
PERM1,ENSG00000187642
RNF19B,ENSG00000116514
DNAI4,ENSG00000152763
TRABD2A,ENSG00000186854
PLA2R1,ENSG00000153246
RHEX,ENSG00000263961
NDUFS2,ENSG00000158864
NUP35,ENSG00000163002
DCAF17,ENSG00000115827
ADAMTS4,ENSG00000158859
TMEM69,ENSG00000159596
EMC1,ENSG00000127463
MARCHF7,ENSG00000136536
ADAM15,ENSG00000143537
CNNM4,ENSG00000158158
MFF,ENSG00000168958
VAMP5,ENSG00000168899
FASTKD2,ENSG00000118246
CD302,ENSG00000241399
TMEM178A,ENSG00000152154
PRKRA,ENSG00000180228
TLK1,ENSG00000198586
FN1,ENSG00000115414
SLC25A44,ENSG00000160785
LDLRAP1,ENSG00000157978
HP1BP3,ENSG00000127483
SHE,ENSG00000169291
ARV1,ENSG00000173409
ARID4B,ENSG00000054267
PIK3CD,ENSG00000171608
WRAP73,ENSG00000116213
PMF1,ENSG00000160783
PDZK1,ENSG00000174827
PLOD1,ENSG00000083444
ITLN1,ENSG00000179914
SLAMF6,ENSG00000162739
THBS3,ENSG00000169231
CLSTN1,ENSG00000171603
ACKR1,ENSG00000213088
PACC1,ENSG00000065600
CTPS1,ENSG00000171793
KIRREL1,ENSG00000183853
GPR89A,ENSG00000117262
BTF3L4,ENSG00000134717
SCP2,ENSG00000116171
TPM3,ENSG00000143549
SMYD5,ENSG00000135632
RASGRP3,ENSG00000152689
CAPN8,ENSG00000203697
STX12,ENSG00000117758
PODN,ENSG00000174348
CUL3,ENSG00000036257
DHDDS,ENSG00000117682
TMEM169,ENSG00000163449
DPYSL5,ENSG00000157851
MDH1,ENSG00000014641
C2orf76,ENSG00000186132
GPR157,ENSG00000180758
DCAF8,ENSG00000132716
GKN2,ENSG00000183607
C2orf42,ENSG00000115998
MZT2A,ENSG00000173272
EMX1,ENSG00000135638
PSME4,ENSG00000068878
HK2,ENSG00000159399
KANSL1L,ENSG00000144445
ZZZ3,ENSG00000036549
EIF5B,ENSG00000158417
ANKRD65,ENSG00000235098
NME7,ENSG00000143156
LCK,ENSG00000182866
NPPC,ENSG00000163273
SCRN3,ENSG00000144306
SH3GLB1,ENSG00000097033
RD3,ENSG00000198570
BABAM2,ENSG00000158019
ZFP69B,ENSG00000187801
LYPD8,ENSG00000259823
PER3,ENSG00000049246
USF1,ENSG00000158773
REG1A,ENSG00000115386
ZC3H6,ENSG00000188177
ATF2,ENSG00000115966
NEK7,ENSG00000151414
KHK,ENSG00000138030
FBXO6,ENSG00000116663
ST3GAL3,ENSG00000126091
RNASEH1,ENSG00000171865
LIMS1,ENSG00000169756
TCF23,ENSG00000163792
NCL,ENSG00000115053
MGAT4A,ENSG00000071073
KCTD18,ENSG00000155729
PRPF40A,ENSG00000196504
STAM2,ENSG00000115145
TRAF3IP1,ENSG00000204104
USP40,ENSG00000085982
WDR35,ENSG00000118965
RAB10,ENSG00000084733
MRPS5,ENSG00000144029
DHRS9,ENSG00000073737
CCDC142,ENSG00000135637
BOK,ENSG00000176720
PPP1R7,ENSG00000115685
TGFBRAP1,ENSG00000135966
IKZF2,ENSG00000030419
NASP,ENSG00000132780
MAPRE3,ENSG00000084764
UGGT1,ENSG00000136731
FOXN2,ENSG00000170802
ELAVL4,ENSG00000162374
WDSUB1,ENSG00000196151
SOAT1,ENSG00000057252
CALCRL,ENSG00000064989
PHF13,ENSG00000116273
MTR,ENSG00000116984
GNG4,ENSG00000168243
MOB3C,ENSG00000142961
KIAA0319L,ENSG00000142687
SLC1A4,ENSG00000115902
ORC4,ENSG00000115947
ARID5A,ENSG00000196843
TNNT2,ENSG00000118194
KYNU,ENSG00000115919
TMCO4,ENSG00000162542
EDAR,ENSG00000135960
LMAN2L,ENSG00000114988
NABP1,ENSG00000173559
GALNT3,ENSG00000115339
VRK2,ENSG00000028116
LAMB3,ENSG00000196878
ILF2,ENSG00000143621
SLC16A4,ENSG00000168679
RAB1A,ENSG00000138069
PEA15,ENSG00000162734
PJVK,ENSG00000204311
RAPGEF4,ENSG00000091428
PLA2G5,ENSG00000127472
AIRIM,ENSG00000116922
CTSK,ENSG00000143387
ATP5PB,ENSG00000116459
TMCC2,ENSG00000133069
RAB4A,ENSG00000168118
GCFC2,ENSG00000005436
AKIRIN1,ENSG00000174574
AKR1A1,ENSG00000117448
GTDC1,ENSG00000121964
BROX,ENSG00000162819
STMN1,ENSG00000117632
PLA2G2A,ENSG00000188257
AMY1A,ENSG00000237763
UROD,ENSG00000126088
B3GALT1,ENSG00000172318
RAB3GAP1,ENSG00000115839
TXLNA,ENSG00000084652
SDC1,ENSG00000115884
LRRFIP1,ENSG00000124831
IQCC,ENSG00000160051
LRRC39,ENSG00000122477
NTMT2,ENSG00000203740
C1orf159,ENSG00000131591
RPS6KC1,ENSG00000136643
CGN,ENSG00000143375
TRMT13,ENSG00000122435
CTSS,ENSG00000163131
CDC42SE1,ENSG00000197622
TNFSF4,ENSG00000117586
CYB5RL,ENSG00000215883
NUDC,ENSG00000090273
CDC42BPA,ENSG00000143776
NHSL3,ENSG00000162522
CYP4X1,ENSG00000186377
LAMC1,ENSG00000135862
OMA1,ENSG00000162600
TSGA10,ENSG00000135951
UBAP2L,ENSG00000143569
KLHL29,ENSG00000119771
GPBAR1,ENSG00000179921
SUPT7L,ENSG00000119760
SCTR,ENSG00000080293
MAP4K4,ENSG00000071054
DCTN1,ENSG00000204843
ANGPTL1,ENSG00000116194
VPS45,ENSG00000136631
ARTN,ENSG00000117407
UBE4B,ENSG00000130939
RALB,ENSG00000144118
SF3A3,ENSG00000183431
EXOC6B,ENSG00000144036
MNDA,ENSG00000163563
PUM1,ENSG00000134644
PUS10,ENSG00000162927
NOL10,ENSG00000115761
PTCD3,ENSG00000132300
RGPD2,ENSG00000185304
PEX13,ENSG00000162928
RNPEPL1,ENSG00000142327
PAPOLG,ENSG00000115421
PLGLB2,ENSG00000125551
TFPI,ENSG00000003436
CIR1,ENSG00000138433
FHL2,ENSG00000115641
PSMD1,ENSG00000173692
HDAC4,ENSG00000068024
SNX17,ENSG00000115234
HTR2B,ENSG00000135914
ST3GAL5,ENSG00000115525
ABHD1,ENSG00000143994
FAM228B,ENSG00000219626
PREB,ENSG00000138073
GYPC,ENSG00000136732
LY75,ENSG00000054219
SH3YL1,ENSG00000035115
WLS,ENSG00000116729
CNST,ENSG00000162852
TRAK2,ENSG00000115993
RNF11,ENSG00000123091
C4BPA,ENSG00000123838
ACP1,ENSG00000143727
CHST10,ENSG00000115526
NRDC,ENSG00000078618
SLC40A1,ENSG00000138449
GORASP2,ENSG00000115806
SAP130,ENSG00000136715
MORN1,ENSG00000116151
S100A5,ENSG00000196420
PARP1,ENSG00000143799
LRRC40,ENSG00000066557
USP48,ENSG00000090686
SERBP1,ENSG00000142864
HSD17B7,ENSG00000132196
CDC42,ENSG00000070831
GJC2,ENSG00000198835
CD34,ENSG00000174059
ZBTB7B,ENSG00000160685
GON4L,ENSG00000116580
ERRFI1,ENSG00000116285
TMEM125,ENSG00000179178
LMO4,ENSG00000143013
RABGGTB,ENSG00000137955
TM2D1,ENSG00000162604
FAM177B,ENSG00000197520
TRIM33,ENSG00000197323
CD101,ENSG00000134256
PBXIP1,ENSG00000163346
SIPA1L2,ENSG00000116991
FCGR1A,ENSG00000150337
KCTD3,ENSG00000136636
PTAFR,ENSG00000169403
IPP,ENSG00000197429
CYB5R1,ENSG00000159348
TINAGL1,ENSG00000142910
COG2,ENSG00000135775
DNAI3,ENSG00000162643
FCMR,ENSG00000162894
TLR5,ENSG00000187554
KCNK2,ENSG00000082482
ZMYM1,ENSG00000197056
TIE1,ENSG00000066056
ZNF692,ENSG00000171163
P3H1,ENSG00000117385
WDR47,ENSG00000085433
GTF2B,ENSG00000137947
PRKCZ,ENSG00000067606
TMEM183A,ENSG00000163444
GNL2,ENSG00000134697
AGO4,ENSG00000134698
MFSD14A,ENSG00000156875
ZMYM6,ENSG00000163867
C1QA,ENSG00000173372
AGL,ENSG00000162688
ITGA10,ENSG00000143127
FUCA1,ENSG00000179163
LRRC42,ENSG00000116212
HYI,ENSG00000178922
WASF2,ENSG00000158195
FCN3,ENSG00000142748
SH3BP5L,ENSG00000175137
CTSE,ENSG00000196188
RGL1,ENSG00000143344
PAX7,ENSG00000009709
SCYL3,ENSG00000000457
HSD11B1,ENSG00000117594
DARS2,ENSG00000117593
CD164L2,ENSG00000174950
TTLL10,ENSG00000162571
MPZL1,ENSG00000197965
CENPL,ENSG00000120334
AGO3,ENSG00000126070
MYBPH,ENSG00000133055
MRPL24,ENSG00000143314
SELENBP1,ENSG00000143416
SMIM1,ENSG00000235169
PEF1,ENSG00000162517
ZBTB40,ENSG00000184677
HOOK1,ENSG00000134709
DDR2,ENSG00000162733
MIGA1,ENSG00000180488
PABPC4,ENSG00000090621
KIAA2013,ENSG00000116685
YIPF1,ENSG00000058799
PGBD5,ENSG00000177614
PGM1,ENSG00000079739
RBM34,ENSG00000188739
TMEM52,ENSG00000178821
ABCD3,ENSG00000117528
TSPAN2,ENSG00000134198
GSTM5,ENSG00000134201
CCDC28B,ENSG00000160050
GCLM,ENSG00000023909
NFIA,ENSG00000162599
MKNK1,ENSG00000079277
CELA2A,ENSG00000142615
S100PBP,ENSG00000116497
CSDE1,ENSG00000009307
CSRP1,ENSG00000159176
MPL,ENSG00000117400
KHDRBS1,ENSG00000121774
SEMA6C,ENSG00000143434
CLCA4,ENSG00000016602
RNPEP,ENSG00000176393
CTTNBP2NL,ENSG00000143079
KCNQ4,ENSG00000117013
ACTN2,ENSG00000077522
MFN2,ENSG00000116688
INTS7,ENSG00000143493
DESI2,ENSG00000121644
CAPZA1,ENSG00000116489
FCGR2A,ENSG00000143226
LSM10,ENSG00000181817
RSPO1,ENSG00000169218
MAP7D1,ENSG00000116871
LPGAT1,ENSG00000123684
HMGCL,ENSG00000117305
ACTL8,ENSG00000117148
LGALS8,ENSG00000116977
CADM3,ENSG00000162706
ZSWIM5,ENSG00000162415
RXRG,ENSG00000143171
FGR,ENSG00000000938
PEX11B,ENSG00000131779
BCAS2,ENSG00000116752
FHAD1,ENSG00000142621
FBXO44,ENSG00000132879
NIBAN1,ENSG00000135842
CCN1,ENSG00000142871
PTBP2,ENSG00000117569
NBL1,ENSG00000158747
SAMD11,ENSG00000187634
EFHD2,ENSG00000142634
HENMT1,ENSG00000162639
CCDC24,ENSG00000159214
PSEN2,ENSG00000143801
LMNA,ENSG00000160789
NOC2L,ENSG00000188976
ELOVL1,ENSG00000066322
C1QC,ENSG00000159189
ERMAP,ENSG00000164010
MYBPHL,ENSG00000221986
NECTIN4,ENSG00000143217
PHTF1,ENSG00000116793
MGST3,ENSG00000143198
ACAP3,ENSG00000131584
TMEM39B,ENSG00000121775
SERINC2,ENSG00000168528
PPP1R12B,ENSG00000077157
SDF4,ENSG00000078808
S100A3,ENSG00000188015
ST7L,ENSG00000007341
ODR4,ENSG00000157181
SRSF4,ENSG00000116350
SH2D5,ENSG00000189410
MR1,ENSG00000153029
NIPAL3,ENSG00000001461
SLC22A15,ENSG00000163393
FYB2,ENSG00000187889
AMY1C,ENSG00000187733
NAXE,ENSG00000163382
ATP1A2,ENSG00000018625
LRIG2,ENSG00000198799
ZCCHC17,ENSG00000121766
DPYD,ENSG00000188641
VAMP4,ENSG00000117533
NBPF15,ENSG00000266338
GPR89B,ENSG00000188092
RPL11,ENSG00000142676
FABP3,ENSG00000121769
KMO,ENSG00000117009
GBP2,ENSG00000162645
S100A16,ENSG00000188643
NGF,ENSG00000134259
S100A9,ENSG00000163220
POLR3C,ENSG00000186141
MTHFR,ENSG00000177000
CD46,ENSG00000117335
AP4B1,ENSG00000134262
ANKRD13C,ENSG00000118454
SYTL1,ENSG00000142765
ADAR,ENSG00000160710
ELK4,ENSG00000158711
DCLRE1B,ENSG00000118655
PPP2R5A,ENSG00000066027
PIGV,ENSG00000060642
TTC4,ENSG00000243725
DNALI1,ENSG00000163879
ARHGEF10L,ENSG00000074964
BMP8A,ENSG00000183682
JAK1,ENSG00000162434
DENND2C,ENSG00000175984
GJA4,ENSG00000187513
EXOSC10,ENSG00000171824
RAVER2,ENSG00000162437
UBE2Q1,ENSG00000160714
ACOT11,ENSG00000162390
PPOX,ENSG00000143224
RAB29,ENSG00000117280
FLVCR1,ENSG00000162769
EFCAB7,ENSG00000203965
PEAR1,ENSG00000187800
COPA,ENSG00000122218
ALDH4A1,ENSG00000159423
IFI44L,ENSG00000137959
MYOC,ENSG00000034971
LRRC47,ENSG00000130764
HCRTR1,ENSG00000121764
MIIP,ENSG00000116691
SNX7,ENSG00000162627
LAMC2,ENSG00000058085
ENO1,ENSG00000074800
ZNF326,ENSG00000162664
CCDC163,ENSG00000280670
SNAPIN,ENSG00000143553
TAF1A,ENSG00000143498
GPR137B,ENSG00000077585
POGK,ENSG00000143157
ATP8B2,ENSG00000143515
S100A13,ENSG00000189171
TADA1,ENSG00000152382
SNAP47,ENSG00000143740
TSPAN1,ENSG00000117472
AHCYL1,ENSG00000168710
JMJD4,ENSG00000081692
DAP3,ENSG00000132676
YY1AP1,ENSG00000163374
